year,case,par,repjur,crash_dt,crash_tm,accday,accmon,holiday,county,co_char,city,weather,weather2,lightcond,surfcond,surftype,numfatal,nmforms,pforms,vforms,not_tm,arr_tm,hosp_tm,fhevent,hitrun,manncol,milepnt,reljunc,reljuncinter,intersectiontype,funcsystem,landuse,ownership,route,schlbus,spejur,contdev,devfunc,trafid1,trafid2,x,y,wk_zone,vnumber,crashtype,criticalevent,criticaleventcat,spdlim,body,trailer,emerg,hazcargo,leave,mhevent,roadalgn,roadprof,traflane,trafflow,vehmanvr,numoccs,regowner,regstate,spuse,make,model,modelyr,vrf1,vrf2,seqevent1,seqevent2,seqevent3,seqevent4,seqevent5,seqevent6,pnumber,ptype,age,sex,hispanic,race,injury,diedscene,restraint,restraintmisuse,seatpos,takehosp,death_dt,death_tm,cert,cernum_wa,commlic,licendor,licrestrict,liccomp,drivpres,drf1,drf2,drf3,drf4,distract1,distract2,distract3,distract4,distract5,distract6,dricond1,dricond2,dricond3,dricond4,dricond5,dricond6,dzip,licstate,drhgt_in,weight,noncdl,noncdltype,prevdwi,prevoth,prevacc,prevspd,prevsus,driviol1,driviol2,driviol3,driviol4,driviol5,driviol6,spdrel,first_dt,last_dt,airbag,ejection,ejectpath,extricat,injurwrk,methalc,methdrug,nmlocat,strikveh,prf1,prf2,prf3,druginv,alcinvol,drugsts,drugres1,drugres2,drugres3,drugtst1,drugtst2,drugtst3,alcsts,alctst,alcres,nmact1,nmact2,nmact3,nmact4,nmact5,nmact6,nmprior1,nmprior2,nmprior3,nmprior4,nmprior5,nmprior6,nmcond1,nmcond2,nmcond3,nmcond4,nmcond5,nmcond6,nmsafe_helmet,nmsafe_pads,nmsafe_oth,nmprev_ref,nmprev_lgt,nmprev_oth,crashlocation,nmcrashtype,crosswalk,schoolzone,sidewalk,train_inv,wildlife_inv,rotr_fars,intersect_fars,dd_inv,aid_inv,dpd_inv,id_inv,mj_inv,impnm_inv,ainm_inv,dpnm_inv,speed_inv,unlic_inv,unendmc_inv,drowsy_inv,drdist_inv,nmdist_inv,fty_inv,unrestfat_inv,dr1617_inv,dr1820_inv,dr1620_inv,dr2125_inv,dr1625_inv,dr65_inv,dr70_inv,dr75_inv,mc_inv,pv_inv,ht_inv,ped_inv,bike_inv,unrest_fat,mc_fat,unhelmet_mc,pv_fat,ht_fat,ped_fat,bike_fat,dr_alc7,dr_alc8,dr_drug,dr_imp,dr_dist,dr_spd,dr_fty,dr_unlic,dr_alc7only,dr_alc8only,dr_drugonly,dr_drink,nm_imp,nm_alc7,nm_alc8,nm_drug,nm_dist,agegrp1,agegrp2,roadclass,urbrur,dayweek,restuse,vehtype,race_me,intersect,lanedep,oppdir,wrongway,rep_typ,investag,repag_long,rotr,st_rd,cty_rd,city_rd,oth_rd,drug_thc,thc_res,drug_cthc,cthc_res,drug_cann,prevpersemin,prevperse,prevsusoth,drugtst4,drugtst5,drugtst6,drugtst7,drugtst8,drugres4,drugres5,drugres6,drugres7,drugres8,adspresent,adsengaged,adslevel,race1,race2,race3,race4,race5,helmet,helmetmisuse,nmdistract1,nmdistract2,nmdistract3,nmdistract4,nmdistract5,nmdistract6,lab,isedtcase,crf1,crf2,crf3,CoRoadName,CoMP,IntCoRoadName,IntCoMP
2020,222,EA45808,2,07/03/2020,12:43,3,7,,73,Whatcom,0,2,,1,2,2,1,0,3,2,12:44,13:02,13:32,12,0,2,2.5,2,0,3,3,2,1,3,0,0,0,0,SR-546,VINUP RD,-122.4298056,48.96424167,0,1,50,8,1,45,66,0,0,1,2,12,1,1,2,1,1,1,3,95,0,85,881,2012,0,,68,12,,,,,1,1,47,1,0,,0,0,3,0,11,0,,,,,99,9,9,9,1,28,38,,,96,,,,,,98,,,,,,0,95,,999,9,9,99,99,99,99,,97,,,,,,0,,,20,0,0,0,8,9,8,,,0,,,8,8,2,402,407,,1,1,,2,1,0,,,,,,,,,,,,,,,,,,,,,,,,,,,,,,0,0,0,1,0,0,1,1,0,0,0,0,0,0,0,0,0,0,1,0,0,0,0,0,0,1,0,0,0,1,1,0,0,0,0,,0,0,0,0,0,0,1,1,0,0,1,0,0,0,1,0,,,,,,46-50,46-55,State route,U,Friday,,MHTRUCK,Not Fatal,1,0,0,0,State Route,State Patrol,Washington State Patrol,0,1,0,0,0,,,,,,99,99,99,,,,,,,,,,,98,98,98,0,,,,,20,7,,,,,,,,1,0,,,,,,
2020,288,EA56611,5,08/05/2020,6:57,5,8,,11,Clark,2370,1,,1,1,2,1,0,3,3,,,,12,0,1,2,1,0,1,1,2,1,1,0,0,0,0,I-5,,-122.66195,45.64409444,1,1,28,52,3,60,66,0,0,1,5,12,1,1,5,3,1,1,3,95,0,85,881,2010,0,,12,,,,,,1,1,55,1,0,,0,0,3,0,11,0,,,,,99,9,9,9,1,0,,,,12,,,,,,98,,,,,,0,95,,999,9,9,99,99,99,99,,97,,,,,,0,,,20,0,0,0,8,3,8,,,0,,,8,8,2,1,,,1,,,2,1,0,,,,,,,,,,,,,,,,,,,,,,,,,,,,,,0,0,0,0,0,0,0,0,0,0,0,0,0,0,0,0,1,0,0,0,0,0,0,1,1,0,0,0,0,1,1,0,0,0,0,,0,0,0,0,0,0,0,0,1,0,0,0,0,0,0,0,,,,,,51-55,46-55,Interstate,U,Wednesday,,MHTRUCK,Not Fatal,0,0,0,0,State Route,State Patrol,Washington State Patrol,0,1,0,0,0,,,,,,99,99,99,,,,,,,,,,,98,98,98,0,,,,,20,7,,,,,,,,1,0,,,,,,
2020,382,EA68589,2,09/14/2020,5:07,14,9,,61,Snohomish,690,5,,2,1,2,1,0,2,2,,,,24,0,0,195.3,1,0,1,1,2,1,1,0,0,0,0,I-5,,-122.17485,47.99746667,0,2,98,98,7,60,66,1,0,1,2,12,2,2,3,3,14,1,3,95,0,84,881,2011,0,,12,,,,,,1,1,36,1,0,,0,0,3,0,11,0,,,,,99,9,9,9,1,0,,,,96,,,,,,0,,,,,,0,95,,999,9,9,99,99,99,99,,0,,,,,,0,,,20,0,0,0,8,9,8,,,0,,,8,8,2,1,,,1,,,2,1,0,,,,,,,,,,,,,,,,,,,,,,,,,,,,,,0,0,0,0,0,0,1,1,0,0,0,0,1,1,0,0,0,0,0,1,0,0,0,0,0,0,0,0,0,1,1,0,0,0,0,,0,0,0,0,0,0,0,0,0,0,0,0,0,0,0,0,,,,,,36-40,36-45,Interstate,U,Monday,,MHTRUCK,Not Fatal,0,1,0,0,State Route,State Patrol,Washington State Patrol,1,1,0,0,0,,,,,,99,99,99,,,,,,,,,,,98,98,98,0,,,,,20,7,,,,,,,,1,0,,,,,,
2020,436,EA79152,3,10/30/2020,10:24,30,10,,67,Thurston,0,2,,1,2,2,1,0,2,2,,,,1,0,0,95.2,5,1,1,1,1,1,1,0,0,0,0,I-5,,-122.9608667,46.89611111,0,1,98,61,4,60,66,1,0,1,5,12,1,2,3,3,1,1,3,95,0,82,881,2013,0,,12,,,,,,1,1,37,1,0,,0,0,3,0,11,0,,,,,99,9,9,9,1,0,,,,96,,,,,,0,,,,,,0,95,,999,9,9,99,99,99,99,,0,,,,,,0,,,20,0,0,0,8,3,8,,,0,,,8,8,2,997,,,96,,,2,95,997,,,,,,,,,,,,,,,,,,,,,,,,,,,,,,0,0,0,0,0,0,0,0,0,0,0,0,1,0,0,0,0,0,0,0,0,0,0,0,0,0,0,0,1,0,1,0,0,0,0,,0,0,0,0,0,0,0,0,0,0,0,0,0,0,0,0,,,,,,36-40,36-45,Interstate,R,Friday,,MHTRUCK,Not Fatal,1,0,0,0,State Route,State Patrol,Washington State Patrol,0,1,0,0,0,,,,,,99,99,99,,,,,,,,,,,98,98,98,0,,,,,20,7,,,,,,,,1,0,,,,,,
2021,214,EB46040,2,06/23/2021,11:21,23,6,,73,Whatcom,0,1,,1,1,2,1,0,3,2,,,,12,0,6,86.4,8,0,1,5,1,1,3,0,0,0,0,SR-9,,-122.3095472,48.876775,0,2,83,67,4,50,66,1,0,1,5,12,1,1,2,1,1,1,3,95,0,84,881,2019,0,,12,,,,,,1,1,43,1,0,,0,0,3,0,11,0,,,,,99,9,9,9,1,0,,,,96,,,,,,98,,,,,,0,95,,999,9,9,99,99,99,99,,0,,,,,,0,,,20,0,0,0,8,9,8,,,0,,,8,8,2,1,,,1,,,2,1,0,,,,,,,,,,,,,,,,,,,,,,,,,,,,,,0,0,0,0,0,0,0,0,0,0,0,0,0,1,0,0,0,0,1,0,0,0,0,0,0,0,0,0,0,1,1,0,0,0,0,,0,0,0,0,0,0,0,0,0,0,0,0,0,0,0,0,,,,,,41-45,36-45,State route,R,Wednesday,,MHTRUCK,Not Fatal,0,0,0,0,State Route,State Patrol,Washington State Patrol,0,1,0,0,0,,,,,,99,99,99,,,,,,,,,,,98,98,98,0,,,,,20,,,,,,,,,1,0,,,,,,
2018,283,E829010,7,08/16/2018,13:25,16,8,0,33,King,2310,1,0,1,1,2,1,0,1,1,,,,24,0,0,0.2,5,1,1,1,2,1,1,0,0,0,0,I-5 RAMP,,-122.2725444,47.48220833,0,1,1,13,2,98,3,0,0,1,7,1,2,4,2,6,14,1,2,53,0,12,37,2003,0,0,63,24,1,,,,1,1,25,1,2,1,4,7,20,0,11,0,08/16/2018,13:25,2.31053E+11,36349,0,0,3,3,1,0,0,0,0,96,,,,,,9,,,,,,1060,25,64,999,6,1,0,6,3,1,,0,,,,,,0,05/15/2015,05/15/2016,20,1,9,0,0,1,8,,,0,0,0,8,1,2,1,,,1,,,2,1,0.25,,,,,,,,,,,,,,,,,,,,,,,,,,,,,,0,0,1,0,1,1,0,1,0,0,0,0,0,0,0,0,0,0,0,1,0,0,0,1,1,0,0,0,0,1,0,0,0,1,0,,1,0,0,0,0,1,0,1,0,0,0,0,0,1,0,1,,,,,,21-25,16-25,Interstate,U,Thursday,Not Used,PV,Hispanic,0,1,0,0,State Route,State Patrol,Washington State Patrol,1,1,0,0,0,,,,,,0,0,4,,,,,,,,,,,,,,,,,,,,,,,,,,,,,,,,,,,
2021,575,0PM0709,199,07/09/2021,12:40,9,7,,53,Pierce,1350,98,,8,98,2,1,0,2,2,,,,12,0,6,2.1,8,0,1,3,1,32,3,0,0,0,0,SR-99,,-122.3362833,47.25754722,0,1,83,72,4,45,4,0,0,1,2,12,1,1,5,5,6,1,2,53,0,51,47,2001,0,,12,,,,,,1,1,22,1,0,,3,0,98,7,11,5,,,,,0,0,3,3,1,33,,,,96,,,,,,9,,,,,,2863,44,66,140,6,1,0,1,1,0,,1,,,,,,3,09/15/2019,09/15/2019,9,0,0,0,8,5,3,,,0,,,1,1,2,189,695,605,1,1,1,2,1,0,,,,,,,,,,,,,,,,,,,,,,,,,,,,,,0,0,0,0,1,0,1,1,1,0,0,0,1,0,0,0,0,0,0,0,0,0,0,1,1,1,0,0,0,1,0,0,0,0,0,,0,0,0,0,0,0,1,1,0,1,0,0,0,0,1,1,,,,,,21-25,16-25,State route,R,Friday,Unknown,PV,Not Fatal,0,0,0,0,State Route,,,0,1,0,0,0,thc,2.8,carboxy-thc,62,,0,0,0,,,,,,,,,,,98,98,98,0,,,,,20,,,,,,,,,0,0,,,,,,
2019,480,3736820,263,12/06/2019,14:22,6,12,,33,King,1960,10,0,1,1,1,1,0,1,1,,,,33,0,0,0,1,0,1,7,2,4,6,0,0,0,0,SEAVIEW AVE NW,,-122.4063111,47.67263889,0,1,1,13,2,30,80,0,0,1,2,30,3,1,2,1,14,1,2,53,0,72,706,2014,0,0,63,33,30,31,,,1,1,29,1,7,,4,7,20,7,11,0,12/06/2019,14:22,1.96053E+11,54014,0,0,0,2,1,0,0,0,0,96,,,,,,99,,,,,,3869,33,67,210,6,1,0,0,0,0,,0,,,,,,3,,,20,8,0,0,0,9,8,,,0,0,0,8,9,2,1,,,1,,,2,1,0.24,,,,,,,,,,,,,,,,,,,,,,,,,,,,,,0,0,1,0,1,1,0,1,0,0,0,0,1,0,1,0,0,0,0,0,0,0,0,0,0,0,0,0,1,0,0,0,0,0,1,1,0,0,0,0,0,1,0,1,0,1,0,0,0,1,0,1,,,,,,26-30,26-35,City street,U,Friday,,MC,White,0,1,0,0,City Street,Municipal/City Police,Seattle Police Department,1,0,0,1,0,,,,,,0,0,0,,,,,,,,,,,0,0,0,1,,,,,17,7,,,,,,,,,,,,,,,
2020,195,EA42741,278,06/25/2020,13:26,25,6,,63,Spokane,2110,1,,1,1,2,2,0,7,5,13:49,13:58,14:17,12,0,6,273.1,2,0,2,3,2,1,2,0,0,0,0,US-2,SPOTTED,-117.5183417,47.64310556,0,5,98,98,7,55,34,0,0,1,2,12,1,1,5,1,1,1,1,53,0,12,481,1994,0,,12,,,,,,1,1,29,1,0,,2,0,3,0,11,5,,,,,0,0,0,3,1,0,,,,96,,,,,,0,,,,,,7021,34,73,999,6,1,0,0,0,0,,0,,,,,,0,,,20,0,0,0,8,9,8,,,0,,,8,8,0,0,,,0,,,0,0,996,,,,,,,,,,,,,,,,,,,,,,,,,,,,,,0,0,0,1,0,0,0,0,0,0,0,0,0,0,0,0,0,0,0,0,0,0,0,1,1,1,1,1,0,1,0,0,0,0,0,,0,0,0,0,0,0,0,0,0,0,0,0,0,0,0,0,,,,,,26-30,26-35,US highway,U,Thursday,Belt Used,PV,Not Fatal,1,0,0,0,State Route,Municipal/City Police,Spokane Police Department,0,1,0,0,0,,,,,,0,0,0,,,,,,,,,,,0,0,0,0,,,,,20,7,,,,,,,,1,0,,,,,,
2021,397,EB75190,7,09/29/2021,2:02,29,9,,33,King,100,1,,3,1,2,1,0,6,5,,,,12,0,2,3.9,1,0,1,2,2,1,3,0,0,0,0,SR-18,,-122.2434222,47.30276944,0,3,98,54,3,60,66,1,0,1,2,12,1,1,2,3,1,1,3,17,0,82,881,2020,0,,12,,,,,,1,1,36,1,0,,0,0,3,0,11,0,,,,,6,3,0,3,1,0,,,,96,,,,,,98,,,,,,11368,36,72,999,6,1,0,0,0,0,,0,,,,,,0,,,20,0,0,0,8,9,8,,,0,,,8,8,0,0,,,0,,,0,0,996,,,,,,,,,,,,,,,,,,,,,,,,,,,,,,0,0,0,0,1,1,1,1,0,0,0,0,0,0,0,0,0,0,0,1,0,0,0,0,0,0,0,0,0,1,1,0,0,0,0,,0,0,0,0,0,0,0,0,0,0,0,0,0,0,0,0,,,,,,36-40,36-45,State route,U,Wednesday,,MHTRUCK,Not Fatal,0,0,0,1,State Route,State Patrol,Washington State Patrol,0,1,0,0,0,,,,,,0,0,0,,,,,,,,,,,98,98,98,0,,,,,20,,,,,,,,,1,0,,,,,,
2019,320,E957866,2,09/07/2019,15:10,7,9,,29,Island,0,10,0,1,1,2,1,0,4,2,,,,1,0,0,9.8,8,0,1,5,2,2,4,0,0,0,0,CR-AULT FIELD RD,,-122.6671361,48.32586944,0,1,98,98,7,35,80,0,0,1,7,12,1,1,3,5,6,1,1,53,0,98,709,2019,0,0,1,12,,,,,1,1,24,1,7,,4,7,20,7,11,0,09/07/2019,15:10,53041032,41032,0,0,3,3,1,33,38,0,0,93,,,,,,99,,,,,,11575,36,71,999,6,1,0,0,1,0,,46,,,,,,0,06/15/2016,06/15/2016,20,8,0,0,0,9,8,,,0,0,0,8,9,2,1,,,1,,,2,1,0,,,,,,,,,,,,,,,,,,,,,,,,,,,,,,0,0,0,0,0,0,0,0,0,0,0,0,0,0,0,0,1,0,1,0,0,0,0,1,1,0,0,0,1,0,0,0,0,0,1,0,0,0,0,0,0,0,0,0,1,0,1,0,0,0,0,0,,,,,,21-25,16-25,County road,U,Saturday,,MC,Black,0,0,0,0,County Road,State Patrol,Washington State Patrol,0,0,1,0,0,,,,,,0,0,0,,,,,,,,,,,0,0,0,2,,,,,5,0,,,,,,,,,,,,,,,
2021,305,EB58842,248,08/16/2021,17:01,16,8,,33,King,1830,1,,1,1,1,1,0,6,4,,,,12,0,6,0,2,0,2,4,2,4,6,0,0,3,3,LIND AVE SW,SW 16th St,-122.2233417,47.46608056,0,4,98,62,4,35,14,0,0,1,5,12,1,1,5,1,5,1,2,53,0,37,402,2012,0,,12,,,,,,1,1,29,1,0,,0,0,3,0,11,0,,,,,0,0,0,3,1,0,,,,0,,,,,,0,,,,,,14424,36,71,999,6,1,0,0,0,0,,0,,,,,,0,,,20,0,0,0,8,9,8,,,0,,,8,8,8,95,,,96,,,8,95,995,,,,,,,,,,,,,,,,,,,,,,,,,,,,,,0,0,0,1,0,0,0,0,0,0,0,0,0,0,0,0,0,0,0,0,0,0,0,0,0,1,0,0,0,1,1,0,0,0,0,,0,0,0,0,0,0,0,0,0,0,0,0,0,0,0,0,,,,,,26-30,26-35,City street,U,Monday,Belt Used,PV,Not Fatal,1,0,0,0,City Street,Municipal/City Police,Renton Police Department,0,0,0,1,0,,,,,,0,0,0,,,,,,,,,,,98,98,98,0,,,,,20,,,,,,,,,1,10,,,,,,
2019,217,E938426,160,06/30/2019,22:09,30,6,,33,King,1030,10,0,3,1,2,1,0,10,4,,,,12,0,7,6.6,1,0,1,3,2,1,3,0,0,0,0,SR-516,,-122.2188556,47.38076111,0,4,98,98,7,40,4,0,0,1,5,12,1,2,2,2,1,2,2,53,0,49,32,2005,0,0,12,,,,,,1,1,25,1,0,,0,0,3,0,11,0,,,,,0,0,0,3,1,0,0,0,0,96,,,,,,0,,,,,,17112,42,71,999,6,1,0,0,0,0,,0,,,,,,0,,,20,0,0,0,8,9,8,,,0,0,0,8,0,8,95,,,96,,,8,95,995,,,,,,,,,,,,,,,,,,,,,,,,,,,,,,0,0,0,0,0,0,0,0,0,0,0,0,0,1,0,0,0,0,0,0,1,0,1,1,1,0,0,0,0,1,0,0,0,0,0,,0,0,0,0,0,0,0,0,0,0,0,0,0,0,0,0,,,,,,21-25,16-25,State route,U,Sunday,Belt Used,PV,Not Fatal,0,0,0,0,State Route,Municipal/City Police,Kent Police Department,0,1,0,0,0,,,,,,0,0,0,,,,,,,,,,,98,98,98,0,,,,,20,7,,,,,,,,,,,,,,,
2018,371,E849902,4,10/16/2018,17:43,16,10,0,63,Spokane,2113,1,0,5,1,2,1,0,2,2,17:43,18:03,18:57,12,0,2,11.2,1,0,1,3,2,1,3,0,0,0,0,SR-290,,-117.1817778,47.69643333,0,1,50,10,2,98,34,0,0,1,2,12,1,1,2,1,1,1,2,53,0,49,472,2012,0,0,68,12,,,,,1,1,26,1,7,1,4,7,20,0,11,0,10/16/2018,17:43,2.11353E+11,45340,0,0,3,3,1,28,0,0,0,96,,,,,,99,,,,,,17603,42,72,999,6,1,0,0,0,0,,0,,,,,,0,,,1,0,0,0,0,9,8,,,0,0,0,8,9,2,337,605,695,1,1,1,2,1,0,,,,,,,,,,,,,,,,,,,,,,,,,,,,,,0,0,0,0,0,0,1,1,1,0,0,0,0,0,0,0,0,0,0,1,0,0,0,0,0,0,0,0,0,1,0,0,0,1,0,,1,0,0,0,0,0,1,1,0,0,0,0,0,0,1,0,,,,,,26-30,26-35,State route,U,Tuesday,Not Used,PV,White,0,1,1,0,State Route,State Patrol,Washington State Patrol,0,1,0,0,0,thc,48,carboxy-thc,888,,0,0,0,,,,,,,,,,,,,,,,,,,,,,,,,,,,,,,,,,,
2020,337,EA61519,173,09/06/2020,21:19,6,9,,53,Pierce,1124,1,,3,1,2,1,0,1,1,,,,30,0,0,0,1,0,1,3,2,4,6,0,0,0,0,WASHINGTON BLVD SW,,-122.5639917,47.14854167,0,1,1,13,2,35,3,0,0,1,2,30,3,1,3,1,14,1,1,53,0,35,48,2006,0,,63,30,30,,,,1,1,29,1,7,,4,0,3,0,11,5,09/07/2020,1:03,76353042788,42788,0,0,3,3,1,0,,,,96,,,,,,98,,,,,,18052,42,69,999,6,1,0,0,0,0,,0,,,,,,2,,,8,0,0,0,0,9,8,,,0,,,8,8,8,95,,,96,,,8,95,995,,,,,,,,,,,,,,,,,,,,,,,,,,,,,,0,0,1,0,0,0,0,0,0,0,0,0,1,0,0,0,0,0,0,0,0,0,0,0,0,0,0,0,0,1,0,0,0,0,0,,1,0,0,0,0,0,0,0,0,1,0,0,0,0,0,0,,,,,,26-30,26-35,City street,U,Sunday,Belt Used,PV,Black,0,1,0,0,City Street,Municipal/City Police,Lakewood Police Department,1,0,0,1,0,,,,,,0,0,0,,,,,,,,,,,98,98,98,2,,,,,20,7,,,,,,,,1,0,,,,,,
2017,475,E733876,26,11/09/2017,11:34,9,11,0,35,Kitsap,0,2,0,1,2,2,1,0,2,2,,,,24,0,0,0.3,1,0,1,4,2,2,4,0,0,0,0,CR-BROWNSVILLE HWY NE,,-122.6310028,47.64835556,0,1,7,12,2,35,2,0,0,1,2,12,2,1,2,1,14,1,2,51,0,34,39,1997,0,0,68,64,24,69,12,,1,1,18,1,7,1,4,7,20,0,11,0,11/09/2017,11:34,53048568,48568,0,0,3,3,1,28,0,0,0,6,,,,,,99,,,,,,22031,51,66,130,6,1,0,0,0,0,0,0,,,,,,0,,,1,0,0,0,0,9,8,,,0,0,0,8,9,2,387,0,0,1,0,0,2,1,0,,,,,,,,,,,,,,,,,,,,,,,,,,,,,,0,0,0,0,0,0,1,1,0,0,0,0,0,0,0,0,1,0,0,1,0,1,1,1,1,0,0,0,0,1,0,0,0,1,0,,1,0,0,0,0,0,1,1,1,0,0,0,0,0,1,0,,,,,,18-20,16-25,County road,U,Thursday,Not Used,PV,White,0,1,0,0,County Road,County Sheriff,Kitsap County Sheriff's Office,1,0,1,0,0,,,,,,,,,,,,,,,,,,,,,,,,,,,,,,,,,,,,,,,,,,,
2021,351,EB67261,7,09/12/2021,18:50,12,9,,33,King,2310,10,,1,1,2,1,0,2,2,,,,12,0,7,155.2,1,0,1,1,2,1,1,0,0,0,0,I-5,,-122.268775,47.47233889,0,2,45,61,4,60,66,1,0,1,2,12,3,1,5,3,14,1,3,18,0,82,881,2020,0,,12,,,,,,1,1,39,1,0,,0,0,3,0,11,0,,,,,6,3,0,3,1,0,,,,96,,,,,,98,,,,,,22153,51,68,250,6,1,0,0,0,0,,0,,,,,,0,,,20,0,0,0,8,9,8,,,0,,,8,8,2,1,,,1,,,2,1,0,,,,,,,,,,,,,,,,,,,,,,,,,,,,,,0,0,0,0,1,1,1,1,1,0,0,0,1,1,0,0,0,0,0,1,0,0,0,0,0,0,0,0,0,1,1,0,0,0,0,,0,0,0,0,0,0,0,0,0,0,0,0,0,0,0,0,,,,,,36-40,36-45,Interstate,U,Sunday,,MHTRUCK,Not Fatal,0,0,0,0,State Route,State Patrol,Washington State Patrol,0,1,0,0,0,,,,,,0,0,0,,,,,,,,,,,98,98,98,0,,,,,20,,,,,,,,,1,0,,,,,,
2020,474,EA86958,3,12/04/2020,5:04,4,12,,67,Thurston,0,10,,2,2,2,1,0,2,2,,,,12,0,2,358.9,1,0,1,3,2,1,2,0,0,0,0,US-101,,-123.0187972,47.06656667,0,2,52,54,3,60,4,0,0,1,2,12,3,2,2,3,14,1,2,53,0,24,1,1999,0,,12,,,,,,1,1,47,1,7,,4,7,20,7,11,0,12/04/2020,5:04,53062435,62435,0,0,0,3,1,0,,,,96,,,,,,0,,,,,,23803,51,70,280,6,1,0,1,2,1,,0,,,,,,0,03/15/2018,02/15/2019,8,0,0,0,0,9,8,,,0,,,8,8,2,1,,,1,,,2,1,0,,,,,,,,,,,,,,,,,,,,,,,,,,,,,,0,0,0,0,0,0,1,1,1,0,0,0,0,0,0,0,0,0,0,1,0,0,0,0,0,0,0,0,0,1,0,0,0,1,0,,1,0,0,0,0,0,0,0,0,0,0,0,0,0,0,0,,,,,,46-50,46-55,US highway,U,Friday,Not Used,PV,White,0,0,0,1,State Route,State Patrol,Washington State Patrol,0,1,0,0,0,,,,,,0,0,0,,,,,,,,,,,0,0,0,1,,,,,20,7,,,,,,,,1,0,,,,,,
2017,228,E686545,290,06/26/2017,3:17,26,6,0,53,Pierce,2230,1,0,3,1,2,1,0,4,1,3:18,3:33,4:19,59,0,0,0,3,0,3,5,2,4,6,0,0,0,0,TACOMA AVE N,N 9TH ST,-122.4594944,47.26821389,0,1,2,6,1,30,6,0,0,1,5,30,1,2,2,1,1,4,1,53,0,48,34,2002,0,0,63,59,30,,,,1,1,25,1,7,1,4,0,3,0,11,5,06/30/2017,18:15,2.23053E+11,29085,0,0,3,3,1,0,0,0,0,92,,,,,,99,,,,,,28411,37,71,999,6,1,0,2,1,0,2,97,,,,,,4,10/15/2012,12/15/2014,1,0,0,9,0,9,8,,,0,0,0,8,9,2,522,605,0,1,1,0,2,1,0.053,,,,,,,,,,,,,,,,,,,,,,,,,,,,,,0,0,0,1,1,0,1,1,1,0,0,0,1,0,0,0,1,0,0,0,0,0,0,1,1,0,0,0,0,1,0,0,0,0,0,,1,0,0,0,1,0,1,1,1,1,0,0,0,0,0,1,,,,,,21-25,16-25,City street,U,Monday,Belt Used,PV,White,0,1,0,0,City Street,Municipal/City Police,Tacoma Police Department,1,0,0,1,0,thc,3.9,carboxy-thc,18,,,,,,,,,,,,,,,,,,,,,,,,,,,,,,,,,,,,,,,
2018,159,E804570,59,06/02/2018,2:05,2,6,0,33,King,109,1,0,3,1,2,1,0,1,1,,,,33,0,0,0,3,0,2,4,2,4,6,0,0,3,3,156TH AVE NE,NE 20TH ST,-122.1324111,47.62786944,0,1,6,12,2,30,1,0,0,1,7,30,1,1,4,1,1,1,9,99,0,34,47,2015,0,0,64,33,69,63,30,,1,1,23,1,7,2,4,7,3,0,11,0,06/02/2018,2:05,10953025270,25270,0,0,0,3,1,0,0,0,0,96,,,,,,99,,,,,,30087,13,71,165,6,1,0,0,98,1,,0,,,,,,4,01/15/2015,05/15/2015,2,0,0,0,0,1,8,,,0,0,0,8,1,2,605,,,1,,,2,1,0.18,,,,,,,,,,,,,,,,,,,,,,,,,,,,,,0,0,1,1,1,1,1,1,1,0,0,0,1,0,0,0,0,0,0,0,0,0,0,1,1,0,0,0,0,1,0,0,0,0,0,,1,0,0,0,0,1,1,1,0,1,0,0,0,0,0,1,,,,,,21-25,16-25,City street,U,Saturday,Belt Used,PV,Black,0,1,0,0,City Street,Municipal/City Police,Bellevue Police Department,1,0,0,1,0,thc,1,,,,0,0,1,,,,,,,,,,,,,,,,,,,,,,,,,,,,,,,,,,,
2017,325,E704729,6,08/24/2017,10:40,24,8,0,37,Kittitas,0,5,0,1,1,2,1,0,7,4,,,,12,0,1,123.3,1,0,1,1,1,1,1,0,0,0,0,I-90,,-120.2225722,46.94285556,0,2,28,52,3,70,66,1,0,1,5,12,1,2,2,3,2,2,3,13,0,82,881,2016,0,0,12,12,,,,,1,1,59,1,0,0,0,0,3,0,11,0,,,,,6,3,0,3,1,0,0,0,0,0,,,,,,0,,,,,,30605,13,66,218,6,1,0,0,98,0,0,0,,,,,,0,,,20,0,0,0,8,9,2,,,0,0,0,0,0,0,0,0,0,0,0,0,0,0,996,,,,,,,,,,,,,,,,,,,,,,,,,,,,,,0,0,0,0,0,0,0,0,0,0,0,0,0,0,0,0,0,0,0,0,0,0,0,1,1,0,0,0,0,1,1,0,0,0,0,,0,0,0,0,0,0,0,0,0,0,0,0,0,0,0,0,,,,,,56-60,56-65,Interstate,R,Thursday,,MHTRUCK,Not Fatal,0,0,0,0,State Route,State Patrol,Washington State Patrol Headquarter,0,1,0,0,0,,,,,,,,,,,,,,,,,,,,,,,,,,,,,,,,,,,,,,,,,,,