year,case,par,repjur,crash_dt,crash_tm,accday,accmon,holiday,county,co_char,city,weather,weather2,lightcond,surfcond,surftype,numfatal,nmforms,pforms,vforms,not_tm,arr_tm,hosp_tm,fhevent,hitrun,manncol,milepnt,reljunc,reljuncinter,intersectiontype,funcsystem,landuse,ownership,route,schlbus,spejur,contdev,devfunc,trafid1,trafid2,x,y,wk_zone,vnumber,crashtype,criticalevent,criticaleventcat,spdlim,body,trailer,emerg,hazcargo,leave,mhevent,roadalgn,roadprof,traflane,trafflow,vehmanvr,numoccs,regowner,regstate,spuse,make,model,modelyr,vrf1,vrf2,seqevent1,seqevent2,seqevent3,seqevent4,seqevent5,seqevent6,pnumber,ptype,age,sex,hispanic,race,injury,diedscene,restraint,restraintmisuse,seatpos,takehosp,death_dt,death_tm,cert,cernum_wa,commlic,licendor,licrestrict,liccomp,drivpres,drf1,drf2,drf3,drf4,distract1,distract2,distract3,distract4,distract5,distract6,dricond1,dricond2,dricond3,dricond4,dricond5,dricond6,dzip,licstate,drhgt_in,weight,noncdl,noncdltype,prevdwi,prevoth,prevacc,prevspd,prevsus,driviol1,driviol2,driviol3,driviol4,driviol5,driviol6,spdrel,first_dt,last_dt,airbag,ejection,ejectpath,extricat,injurwrk,methalc,methdrug,nmlocat,strikveh,prf1,prf2,prf3,druginv,alcinvol,drugsts,drugres1,drugres2,drugres3,drugtst1,drugtst2,drugtst3,alcsts,alctst,alcres,nmact1,nmact2,nmact3,nmact4,nmact5,nmact6,nmprior1,nmprior2,nmprior3,nmprior4,nmprior5,nmprior6,nmcond1,nmcond2,nmcond3,nmcond4,nmcond5,nmcond6,nmsafe_helmet,nmsafe_pads,nmsafe_oth,nmprev_ref,nmprev_lgt,nmprev_oth,crashlocation,nmcrashtype,crosswalk,schoolzone,sidewalk,train_inv,wildlife_inv,rotr_fars,intersect_fars,dd_inv,aid_inv,dpd_inv,id_inv,mj_inv,impnm_inv,ainm_inv,dpnm_inv,speed_inv,unlic_inv,unendmc_inv,drowsy_inv,drdist_inv,nmdist_inv,fty_inv,unrestfat_inv,dr1617_inv,dr1820_inv,dr1620_inv,dr2125_inv,dr1625_inv,dr65_inv,dr70_inv,dr75_inv,mc_inv,pv_inv,ht_inv,ped_inv,bike_inv,unrest_fat,mc_fat,unhelmet_mc,pv_fat,ht_fat,ped_fat,bike_fat,dr_alc7,dr_alc8,dr_drug,dr_imp,dr_dist,dr_spd,dr_fty,dr_unlic,dr_alc7only,dr_alc8only,dr_drugonly,dr_drink,nm_imp,nm_alc7,nm_alc8,nm_drug,nm_dist,agegrp1,agegrp2,roadclass,urbrur,dayweek,restuse,vehtype,race_me,intersect,lanedep,oppdir,wrongway,rep_typ,investag,repag_long,rotr,st_rd,cty_rd,city_rd,oth_rd,drug_thc,thc_res,drug_cthc,cthc_res,drug_cann,prevpersemin,prevperse,prevsusoth,drugtst4,drugtst5,drugtst6,drugtst7,drugtst8,drugres4,drugres5,drugres6,drugres7,drugres8,adspresent,adsengaged,adslevel,race1,race2,race3,race4,race5,helmet,helmetmisuse,nmdistract1,nmdistract2,nmdistract3,nmdistract4,nmdistract5,nmdistract6,lab,isedtcase,crf1,crf2,crf3,CoRoadName,CoMP,IntCoRoadName,IntCoMP
2019,353,E968196,1,10/04/2019,10:52,4,10,,21,Franklin,0,1,0,1,1,1,1,0,1,1,,,,1,0,0,41.8,1,0,1,3,1,1,2,0,0,0,0,US-395,,-119.0401611,46.41979722,0,1,1,12,2,70,34,0,0,1,2,1,1,2,2,2,1,1,3,16,0,12,481,2001,0,0,64,69,63,1,,,1,1,21,1,7,,4,7,20,7,11,0,10/04/2019,10:52,53043686,43686,0,0,0,3,1,58,0,0,0,92,,,,,,9,,,,,,31210,13,72,180,6,1,0,2,98,2,,0,,,,,,0,05/15/2017,09/15/2019,20,1,9,0,0,9,8,,,0,0,0,1,9,2,605,695,,1,1,,2,1,0,,,,,,,,,,,,,,,,,,,,,,,,,,,,,,0,0,1,0,0,0,1,1,1,0,0,0,0,0,0,0,1,0,0,1,0,0,0,1,1,0,0,0,0,1,0,0,0,1,0,,1,0,0,0,0,0,1,1,1,0,0,0,0,0,1,0,,,,,,21-25,16-25,US highway,R,Friday,Not Used,PV,White,0,0,0,0,State Route,State Patrol,Washington State Patrol,0,1,0,0,0,thc,2.9,carboxy-thc,7.2,,0,0,0,,,,,,,,,,,98,98,98,1,,,,,20,7,,,,,,,,,,,,,,,
2021,353,EB68431,349,06/05/2021,15:01,5,6,,53,Pierce,0,1,,1,1,2,1,0,7,3,,,,1,0,0,,1,0,1,4,1,2,8,0,0,0,0,CR-NORTH GATE RD,,-122.5950611,47.13862222,0,3,98,62,4,45,34,0,0,1,5,12,3,1,2,1,14,4,1,53,0,12,481,2016,0,,12,,,,,,1,1,37,1,0,,0,0,3,0,11,0,,,,,0,0,0,3,1,0,,,,96,,,,,,98,,,,,,31905,13,,999,6,1,0,0,0,0,,0,,,,,,0,,,20,0,0,0,8,9,8,,,0,,,8,8,0,0,,,0,,,0,0,996,,,,,,,,,,,,,,,,,,,,,,,,,,,,,,0,0,0,0,0,0,0,0,0,0,0,0,0,0,1,0,0,0,0,0,0,0,0,0,0,1,0,0,1,1,0,0,0,0,0,,0,0,0,0,0,0,0,0,0,0,0,0,0,0,0,0,,,,,,36-40,36-45,Other,R,Saturday,Belt Used,PV,Not Fatal,0,0,0,0,Other,Municipal/City Police,"Hdqtrs, 1st Military Police Brigade",0,0,0,0,1,,,,,,0,0,0,,,,,,,,,,,98,98,98,0,,,,,20,,,,,,,,,1,0,,,,,,
2019,303,E955436,4,08/29/2019,19:50,29,8,,43,Lincoln,0,1,0,5,1,2,1,0,1,1,,,,1,0,0,225.3,1,0,1,3,1,1,2,0,0,0,0,US-2,,-118.473525,47.73735833,0,1,2,6,1,60,3,0,0,1,7,1,2,1,2,1,14,1,1,48,0,35,48,2006,0,0,63,1,,,,,1,1,27,1,7,,4,7,3,0,11,0,08/29/2019,19:50,53039044,39044,0,0,0,3,1,0,0,0,0,96,,,,,,9,,,,,,32084,12,75,999,6,1,0,0,0,0,,0,,,,,,3,,,20,2,9,0,0,1,8,,,0,0,0,8,1,2,1,,,1,,,2,1,0.21,,,,,,,,,,,,,,,,,,,,,,,,,,,,,,0,0,0,0,1,1,0,1,0,0,0,0,1,0,0,0,0,0,0,0,0,0,0,0,0,0,0,0,0,1,0,0,0,0,0,,1,0,0,0,0,1,0,1,0,1,0,0,0,1,0,1,,,,,,26-30,26-35,US highway,R,Thursday,Belt Used,PV,White,0,1,0,0,State Route,State Patrol,Washington State Patrol,1,1,0,0,0,,,,,,0,0,0,,,,,,,,,,,98,98,98,1,,,,,20,7,,,,,,,,,,,,,,,
2019,111,E913433,39,04/20/2019,3:34,20,4,,61,Snohomish,0,10,0,2,0,0,1,0,1,1,,,,42,0,0,0.5,1,0,1,7,1,2,4,0,0,0,0,CR-200TH ST SE,,-122.1647056,47.81601111,0,1,6,12,2,0,4,0,0,1,7,2,0,0,0,0,1,1,3,53,0,35,47,2018,0,0,68,64,42,2,,,1,1,37,1,2,,4,7,20,7,11,0,04/20/2019,3:34,53018765,18765,0,0,0,3,1,0,0,0,0,92,,,,,,99,,,,,,32542,12,73,999,6,1,0,0,0,1,,0,,,,,,0,11/15/2015,02/15/2018,99,2,9,0,0,9,8,,,0,0,0,8,9,2,401,,,1,,,2,1,0.19,,,,,,,,,,,,,,,,,,,,,,,,,,,,,,0,0,1,0,1,1,1,1,0,0,0,0,0,0,0,0,1,0,0,1,0,0,0,0,0,0,0,0,0,1,0,0,0,1,0,,1,0,0,0,0,1,1,1,1,0,0,0,0,0,0,1,,,,,,36-40,36-45,County road,R,Saturday,Not Used,PV,Hispanic,0,1,0,0,County Road,County Sheriff,Snohomish County Sheriff's Office,1,0,1,0,0,,,,,,0,0,1,,,,,,,,,,,98,98,98,298,,,,,20,7,,,,,,,,,,,,,,,
2019,339,E963336,8,09/13/2019,13:27,13,9,,49,Pacific,0,2,0,1,2,1,1,0,2,2,,,,12,0,6,28.9,2,0,3,3,1,1,2,0,0,20,3,US-101,SR-4,-123.8576444,46.42936389,0,1,82,15,2,55,34,0,0,1,2,12,1,2,2,1,11,1,1,12,0,35,472,2000,0,0,12,,,,,,1,1,22,1,7,,4,7,3,0,11,0,09/13/2019,13:27,53040602,40602,0,0,3,3,1,38,48,0,0,96,,,,,,99,,,,,,32570,12,75,999,6,1,0,1,0,0,,0,,,,,,0,06/15/2019,07/15/2019,8,0,0,0,0,9,8,,,0,0,0,8,9,8,95,,,96,,,8,95,995,,,,,,,,,,,,,,,,,,,,,,,,,,,,,,0,0,0,1,0,0,0,0,0,0,0,0,0,0,0,0,0,0,1,0,0,0,0,1,1,1,0,0,0,1,1,0,0,0,0,,1,0,0,0,0,0,0,0,0,0,1,0,0,0,0,0,,,,,,21-25,16-25,US highway,R,Friday,Belt Used,PV,White,1,0,0,0,State Route,State Patrol,WASHINGTON STATE PATROL,0,1,0,0,0,,,,,,0,0,1,,,,,,,,,,,98,98,98,1,,,,,20,7,,,,,,,,,,,,,,,
2019,187,E916731,26,04/30/2019,19:04,30,4,,35,Kitsap,0,1,0,1,1,2,1,0,1,1,,,,24,0,0,1.3,1,0,1,4,1,2,4,0,0,0,0,CR-SEABECK HWY NW,,-122.7148056,47.59020556,0,1,2,6,1,35,80,0,0,1,7,24,3,2,2,1,14,1,2,53,0,76,706,2006,0,0,63,24,,,,,1,1,21,1,7,,4,0,20,7,11,1,05/18/2019,12:47,1.96053E+11,23804,0,0,0,3,1,0,0,0,0,96,,,,,,99,,,,,,32583,12,68,999,6,1,0,0,0,2,,0,,,,,,4,05/15/2017,06/15/2018,20,8,0,0,0,9,8,,,0,0,0,8,9,8,95,,,96,,,8,95,995,,,,,,,,,,,,,,,,,,,,,,,,,,,,,,0,0,0,0,0,0,0,0,0,0,0,0,1,0,0,0,0,0,0,0,0,0,0,1,1,0,0,0,1,0,0,0,0,0,1,0,0,0,0,0,0,0,0,0,0,1,0,0,0,0,0,0,,,,,,21-25,16-25,County road,R,Tuesday,,MC,White,0,1,0,0,County Road,County Sheriff,Kitsap County Sheriff's Office,1,0,1,0,0,,,,,,0,0,1,,,,,,,,,,,0,0,0,1,,,,,19,0,,,,,,,,,,,,,,,
2018,468,E873114,4,12/12/2018,4:26,12,12,0,43,Lincoln,0,1,0,2,4,2,1,0,4,2,4:40,5:16,5:54,12,0,6,244.8,1,0,1,1,1,1,1,0,0,0,0,I-90,,-117.9407417,47.32318611,0,2,98,50,3,60,66,1,0,1,2,12,1,2,2,3,1,2,3,17,0,51,881,2018,0,0,12,,,,,,1,1,26,1,0,0,3,0,3,0,11,4,,,,,6,3,0,3,1,0,0,0,0,93,,,,,,0,,,,,,33478,12,74,999,6,1,0,3,0,1,,0,,,,,,4,09/15/2015,10/15/2017,1,0,0,0,8,9,8,,,0,0,0,8,0,8,95,,,96,,,8,95,995,,,,,,,,,,,,,,,,,,,,,,,,,,,,,,0,0,0,0,0,0,0,0,0,0,0,0,1,0,0,0,1,0,0,0,0,0,0,1,1,0,0,0,0,0,1,0,0,0,0,,0,0,0,0,0,0,0,0,1,1,0,0,0,0,0,0,,,,,,26-30,26-35,Interstate,R,Wednesday,,MHTRUCK,Not Fatal,0,0,0,0,State Route,State Patrol,Washington State Patrol,0,1,0,0,0,,,,,,0,0,0,,,,,,,,,,,,,,,,,,,,,,,,,,,,,,,,,,,
2021,554,EC07968,4,12/31/2021,8:27,31,12,,63,Spokane,0,4,,1,8,2,1,0,2,2,,,,12,0,6,271.7,1,0,1,1,2,1,1,0,0,0,0,I-90,,-117.5439694,47.60145278,0,2,48,59,3,60,66,1,0,1,2,12,1,1,2,2,1,1,3,17,0,82,881,2021,0,,12,,,,,,1,1,47,1,0,,0,0,3,0,11,0,,,,,6,3,0,3,1,0,,,,96,,,,,,98,,,,,,34287,12,66,999,6,1,0,0,0,0,,0,,,,,,0,10/15/2019,10/15/2019,20,0,0,0,8,9,2,,,0,,,8,8,0,0,,,0,,,0,0,996,,,,,,,,,,,,,,,,,,,,,,,,,,,,,,0,0,0,0,0,0,0,0,0,0,0,0,1,0,0,0,0,0,0,0,0,0,0,0,0,0,0,0,0,1,1,0,0,0,0,,0,0,0,0,0,0,0,0,0,0,0,0,0,0,0,0,,,,,,46-50,46-55,Interstate,U,Friday,,MHTRUCK,Not Fatal,0,0,0,0,State Route,State Patrol,Washington State Patrol,0,1,0,0,0,,,,,,0,0,1,,,,,,,,,,,98,98,98,0,,,,,20,,,,,,,,,1,0,,,,,,
2021,91,EB20373,31,04/06/2021,20:20,6,4,,45,Mason,0,1,,2,1,2,1,0,2,1,,,,53,0,0,3,1,0,1,5,2,2,4,0,0,0,0,CR-E JOHNS PRAIRIE RD,,-123.0657194,47.24765278,0,1,1,6,1,40,20,0,0,1,2,1,3,1,2,1,14,2,1,53,0,6,441,1999,0,,63,53,1,,,,1,1,24,1,2,,4,7,20,7,11,0,04/06/2021,20:20,53016911,16911,0,0,0,2,1,0,,,,92,,,,,,98,,,,,,34689,12,73,999,2,1,1,0,0,1,,0,,,,,,0,09/15/2018,12/15/2020,20,2,9,0,0,9,8,,,0,,,8,8,2,300,996,695,1,1,1,2,1,0,,,,,,,,,,,,,,,,,,,,,,,,,,,,,,0,0,1,0,0,0,1,1,1,0,0,0,0,1,0,0,1,0,0,1,0,0,0,1,1,0,0,0,0,1,0,0,0,1,0,,1,0,0,0,0,0,1,1,1,0,0,1,0,0,1,0,,,,,,21-25,16-25,County road,U,Tuesday,Not Used,PV,Hispanic,0,1,0,0,County Road,County Sheriff,Mason County Sheriff's Office,1,0,1,0,0,thc,28,carboxy-thc,110,,0,0,1,1,1,1,,,605,405,229,996,,0,0,0,2,,,,,20,,,,,,,,nms,1,0,,,JOHNS PRAIRIE RD,2.964,NULL,
2018,15,E761241,1,01/17/2018,17:20,17,1,0,5,Benton,0,10,0,2,1,2,1,0,4,4,17:23,17:37,,12,0,2,41.4,1,0,1,4,1,1,3,0,0,0,0,SR-24,,-119.7265444,46.61528611,0,2,51,62,4,60,66,1,0,1,2,12,2,2,2,1,14,1,3,27,0,85,881,2017,0,0,12,68,12,,,,1,1,56,1,0,0,0,0,3,0,11,0,,,,,6,3,3,3,1,0,0,0,0,96,,,,,,0,,,,,,34748,12,69,999,6,1,0,0,0,0,,0,,,,,,0,,,20,0,0,0,8,9,2,,,0,0,0,0,0,8,95,,,96,,,8,95,995,,,,,,,,,,,,,,,,,,,,,,,,,,,,,,0,0,0,0,1,1,0,1,0,0,0,0,0,0,0,0,0,0,0,0,0,0,0,0,0,1,0,0,0,1,1,0,0,0,0,,0,0,0,0,0,0,0,0,0,0,0,0,0,0,0,0,,,,,,56-60,56-65,State route,R,Wednesday,,MHTRUCK,Not Fatal,0,1,1,0,State Route,State Patrol,Washington State Patrol Headquarter,0,1,0,0,0,,,,,,0,0,0,,,,,,,,,,,,,,,,,,,,,,,,,,,,,,,,,,,
2020,391,3876403,263,08/29/2020,12:18,29,8,,33,King,1960,10,,1,1,1,1,0,4,5,,,,12,0,7,0,1,0,1,3,2,4,6,0,0,0,0,AIRPORT WAY S,,-122.3179639,47.55030556,0,2,45,61,4,98,15,0,0,1,5,12,1,1,2,1,1,2,3,39,0,42,422,2020,0,,12,,,,,,1,1,44,1,0,,0,0,3,0,11,0,,,,,0,0,0,3,1,0,,,,96,,,,,,98,,,,,,37811,47,70,175,6,1,0,1,0,0,,0,,,,,,0,03/15/2019,03/15/2019,20,0,0,0,8,9,8,,,0,,,8,8,8,95,,,96,,,8,95,995,,,,,,,,,,,,,,,,,,,,,,,,,,,,,,0,0,0,0,0,0,0,0,0,0,0,0,0,0,0,0,0,0,0,0,0,0,0,0,0,0,0,0,0,1,0,0,0,0,0,,0,0,0,0,0,0,0,0,0,0,0,0,0,0,0,0,,,,,,41-45,36-45,City street,U,Saturday,Belt Used,PV,Not Fatal,0,0,0,0,City Street,Municipal/City Police,Seattle Police Department,0,0,0,1,0,,,,,,0,0,0,,,,,,,,,,,98,98,98,0,,,,,20,7,,,,,,,,1,0,,,,,,
2021,329,EB63186,3,08/10/2021,20:54,10,8,,53,Pierce,0,1,,3,1,2,1,0,2,2,,,,12,0,1,44.7,1,0,1,3,2,1,3,0,0,0,0,SR-7,,-122.3981333,47.05349722,0,1,24,51,3,50,4,0,0,1,2,12,1,1,5,5,1,1,1,53,0,20,2,2017,0,,12,63,38,30,1,,1,1,48,1,7,,4,0,3,0,11,0,08/10/2021,21:53,2.23053E+11,39691,0,0,0,3,1,0,,,,96,,,,,,98,,,,,,39367,28,74,315,6,1,0,0,98,0,,0,,,,,,4,,,8,0,0,0,0,9,8,,,0,,,8,8,2,1,,,1,,,2,1,0.185,,,,,,,,,,,,,,,,,,,,,,,,,,,,,,0,0,0,0,1,1,0,1,0,0,0,0,1,1,0,0,0,0,0,0,0,0,0,0,0,0,0,0,0,1,0,0,0,0,0,,1,0,0,0,0,1,0,1,0,1,0,0,0,1,0,1,,,,,,46-50,46-55,State route,U,Tuesday,Belt Used,PV,Multiracial,0,0,0,0,State Route,State Patrol,Washington State Patrol,0,1,0,0,0,,,,,,0,0,0,,,,,,,,,,,98,98,98,201,202,,,,20,,,,,,,,,1,0,,,,,,
2020,213,EA44550,4,06/29/2020,19:42,29,6,,63,Spokane,2113,1,,1,1,2,1,0,2,2,19:43,19:53,20:20,12,0,6,7.3,2,0,3,3,2,1,3,0,0,0,0,SR-290,BUTLER RD,-117.2623306,47.68517778,0,1,83,67,4,50,4,0,0,1,2,12,1,1,5,5,1,1,2,53,0,30,40,1998,0,,12,,,,,,1,1,22,1,0,,3,0,3,0,11,5,,,,,0,0,3,3,1,8,91,,,96,,,,,,9,,,,,,43004,39,74,200,6,1,1,2,2,2,,1,,,,,,3,02/15/2016,02/15/2020,1,0,0,0,8,1,8,,,0,,,8,1,8,95,,,96,,,2,1,0.17,,,,,,,,,,,,,,,,,,,,,,,,,,,,,,0,0,0,1,1,1,1,1,1,0,0,0,1,0,0,0,0,0,0,1,0,0,0,1,1,0,0,0,0,1,0,0,0,0,0,,0,0,0,0,0,1,0,1,0,1,0,0,0,1,0,1,,,,,,21-25,16-25,State route,U,Monday,Belt Used,PV,Not Fatal,1,0,0,0,State Route,State Patrol,Washington State Patrol,0,1,0,0,0,,,,,,1,0,1,,,,,,,,,,,0,0,0,0,,,,,20,7,,,,,,,,1,0,,,,,,
2021,209,EB45224,5,07/04/2021,3:11,4,7,,15,Cowlitz,0,10,,2,1,2,1,0,5,3,,,,12,0,2,33.7,1,0,1,1,1,1,1,0,0,0,0,I-5,,-122.8666611,46.06105556,0,3,98,90,6,70,34,0,0,1,2,18,4,1,3,2,14,2,3,41,0,12,481,2015,0,,18,,,,,,1,1,27,8,0,,1,0,2,0,11,0,,,,,0,0,0,2,1,0,,,,96,,,,,,98,,,,,,45219,39,73,230,3,1,0,0,0,0,,0,,,,,,0,,,20,0,0,0,8,9,8,,,0,,,8,8,0,0,,,0,,,0,0,996,,,,,,,,,,,,,,,,,,,,,,,,,,,,,,0,0,0,0,1,1,1,1,1,0,0,0,0,1,0,0,0,0,0,1,0,0,0,1,1,0,0,0,0,1,0,0,0,0,0,,0,0,0,0,0,0,0,0,0,0,0,1,0,0,0,0,,,,,,26-30,26-35,Interstate,R,Sunday,Belt Used,PV,Not Fatal,0,0,0,1,State Route,State Patrol,Washington State Patrol,0,1,0,0,0,,,,,,0,0,0,,,,,,,,,,,98,98,98,0,,,,,20,,,,,,,,,1,0,,,,,,
2018,242,E817299,7,07/11/2018,18:54,11,7,0,33,King,0,1,0,1,1,2,2,0,4,4,,,,12,0,2,28.6,2,0,3,3,2,1,3,0,0,0,0,SR-104,1ST AVE,-122.3299806,47.77763889,0,3,68,15,2,40,14,0,0,1,2,12,1,1,5,1,11,1,1,18,0,18,404,2018,0,0,12,12,68,64,39,,1,1,55,1,0,0,1,0,3,0,11,0,,,,,0,0,3,3,1,0,0,0,0,96,,,,,,0,,,,,,46227,18,62,200,6,1,0,0,0,0,,0,,,,,,0,,,8,0,0,0,8,9,8,,,0,0,0,8,0,8,95,,,96,,,8,95,995,,,,,,,,,,,,,,,,,,,,,,,,,,,,,,0,0,0,1,1,0,1,1,1,0,0,0,1,0,1,0,0,0,0,0,0,0,0,0,0,0,0,0,1,1,1,0,0,0,0,,0,0,0,0,0,0,0,0,0,0,0,0,0,0,0,0,,,,,,51-55,46-55,State route,U,Wednesday,Belt Used,PV,Not Fatal,1,0,0,0,State Route,State Patrol,Washington State Patrol,0,1,0,0,0,,,,,,0,0,0,,,,,,,,,,,,,,,,,,,,,,,,,,,,,,,,,,,
2019,14,E883042,5,01/01/2019,1:09,1,1,,41,Lewis,0,1,0,2,1,2,1,1,2,1,,,,8,0,0,84.3,1,0,1,3,1,1,3,0,0,0,0,SR-12,,-122.5331028,46.53222222,0,1,13,80,5,55,4,0,0,1,5,8,1,1,2,1,1,2,1,18,0,12,37,2005,0,0,8,,,,,,1,1,31,1,0,,0,0,3,0,11,0,,,,,0,0,0,3,1,0,0,0,0,96,,,,,,0,,,,,,46613,18,70,220,6,1,0,0,0,0,,0,,,,,,0,,,20,0,0,0,8,9,8,,,0,0,0,8,0,8,95,,,96,,,8,95,995,,,,,,,,,,,,,,,,,,,,,,,,,,,,,,0,0,0,0,0,0,0,0,0,1,1,0,0,0,0,0,0,0,0,0,0,0,0,0,0,0,0,0,0,1,0,1,0,0,0,,0,0,0,0,0,0,0,0,0,0,0,0,0,0,0,0,,,,,,31-35,26-35,State route,R,Tuesday,Belt Used,PV,Not Fatal,0,0,0,0,State Route,State Patrol,Washington State Patrol,0,1,0,0,0,,,,,,0,0,0,,,,,,,,,,,98,98,98,0,,,,,20,7,,,,,,,,,,,,,,,
2018,40,E769591,7,02/08/2018,16:34,8,2,0,33,King,0,2,0,1,2,2,1,0,2,2,,,,12,0,2,22.6,1,0,1,3,1,1,3,0,0,0,0,SR-18,,-121.9817417,47.43333333,0,2,51,62,4,55,66,1,0,1,7,12,1,2,4,1,1,1,2,17,0,82,881,2010,0,0,12,,,,,,1,1,41,1,0,0,1,0,3,0,11,8,,,,,6,3,0,3,1,0,0,0,0,96,,,,,,0,,,,,,47240,18,69,212,6,1,0,0,0,0,,0,,,,,,0,,,20,0,0,0,8,9,8,,,0,0,0,8,0,8,95,,,96,,,8,95,995,,,,,,,,,,,,,,,,,,,,,,,,,,,,,,0,0,0,0,1,1,1,1,0,0,0,0,0,0,0,0,1,0,0,1,0,0,0,0,0,0,0,0,0,1,1,0,0,0,0,,0,0,0,0,0,0,0,0,0,0,0,0,0,0,0,0,,,,,,41-45,36-45,State route,R,Thursday,,MHTRUCK,Not Fatal,0,1,1,0,State Route,State Patrol,Washington State Patrol Headquarter,0,1,0,0,0,,,,,,0,0,0,,,,,,,,,,,,,,,,,,,,,,,,,,,,,,,,,,,
2019,193,E934410,6,06/26/2019,9:35,26,6,,37,Kittitas,0,1,0,1,1,2,1,0,3,3,,,,12,0,2,147.1,1,0,1,3,1,1,2,0,0,28,3,US-97,,-120.6110389,47.33145278,1,2,51,62,4,60,6,0,0,1,7,12,2,2,3,1,14,1,4,13,0,35,49,2018,0,0,12,12,,,,,1,1,61,1,0,,3,0,3,0,11,8,,,,,0,0,0,3,1,0,0,0,0,96,,,,,,0,,,,,,48383,26,73,165,6,1,0,0,0,0,,0,,,,,,0,,,8,0,0,0,8,9,2,,,0,0,0,0,0,8,95,,,96,,,8,95,995,,,,,,,,,,,,,,,,,,,,,,,,,,,,,,0,0,0,0,0,0,0,0,0,0,0,0,0,0,0,0,0,0,0,0,0,0,0,0,0,1,1,1,0,1,1,0,0,0,0,,0,0,0,0,0,0,0,0,0,0,0,0,0,0,0,0,,,,,,61-65,56-65,US highway,R,Wednesday,Belt Used,PV,Not Fatal,0,1,1,0,State Route,State Patrol,Washington State Patrol,0,1,0,0,0,,,,,,0,0,0,,,,,,,,,,,98,98,98,0,,,,,20,7,,,,,,,,,,,,,,,
2020,4,EA01383,2,01/03/2020,2:40,3,1,,57,Skagit,0,10,,2,2,2,1,0,3,2,2:40,2:55,,12,0,6,41.9,1,0,1,3,1,1,3,0,0,0,0,SR-20,,-122.6488639,48.41132778,0,2,66,62,4,30,15,0,0,1,7,12,1,2,2,1,1,2,1,26,0,2,422,2017,0,,12,,,,,,1,1,24,1,0,,0,0,3,0,11,0,,,,,0,0,0,3,1,0,,,,96,,,,,,0,,,,,,49006,26,68,160,6,1,0,1,0,1,,0,,,,,,0,12/15/2016,10/15/2019,8,0,0,0,8,9,8,,,0,,,8,8,0,0,,,0,,,0,0,996,,,,,,,,,,,,,,,,,,,,,,,,,,,,,,0,0,0,0,1,1,1,1,1,0,0,0,0,0,0,0,0,0,0,0,0,1,1,1,1,0,0,0,0,1,0,0,0,0,0,,0,0,0,0,0,0,0,0,0,0,0,0,0,0,0,0,,,,,,21-25,16-25,State route,R,Friday,Belt Used,PV,Not Fatal,0,1,1,0,State Route,State Patrol,Washington State Patrol,0,1,0,0,0,,,,,,0,0,0,,,,,,,,,,,98,98,98,0,,,,,20,7,,,,,,,,1,0,,,,,,
2020,307,EA59208,1,08/24/2020,17:41,24,8,,5,Benton,0,1,,1,1,2,1,0,1,1,,,,31,0,0,5.5,1,0,1,5,1,1,3,0,0,0,0,SR-225,,-119.4934194,46.32340278,0,1,1,13,2,50,80,0,0,1,2,31,1,1,2,1,1,1,1,26,0,98,706,2016,0,,63,31,,,,,1,1,40,1,7,,4,7,20,7,11,0,08/24/2020,17:41,53039803,39803,0,0,0,3,1,0,,,,96,,,,,,98,,,,,,49408,26,71,180,6,1,0,0,0,0,,0,,,,,,3,,,20,8,0,0,0,9,8,,,0,,,8,8,2,996,,,1,,,2,1,0.187,,,,,,,,,,,,,,,,,,,,,,,,,,,,,,0,0,1,0,1,1,1,1,0,0,0,0,1,0,0,0,0,0,0,0,0,0,0,0,0,0,0,0,1,0,0,0,0,0,1,0,0,0,0,0,0,1,1,1,0,1,0,0,0,0,0,1,,,,,,36-40,36-45,State route,R,Monday,,MC,White,0,1,0,0,State Route,State Patrol,Washington State Patrol,1,1,0,0,0,,,,,,0,0,0,,,,,,,,,,,0,0,0,1,,,,,5,0,,,,,,,,1,0,,,,,,
2021,279,EB55639,4,08/06/2021,15:48,6,8,,43,Lincoln,0,1,,1,1,2,1,0,2,2,,,,12,0,6,240.8,1,0,1,1,1,1,1,0,0,0,0,I-90,,-118.015975,47.30069722,0,2,66,62,4,60,66,1,0,1,5,12,2,2,2,2,14,1,3,19,0,87,881,2020,0,,12,,,,,,1,1,57,1,0,,2,0,3,0,11,5,,,,,6,0,0,3,1,0,,,,96,,,,,,98,,,,,,51239,19,72,200,6,1,0,0,0,0,,0,,,,,,0,,,20,0,0,0,8,9,2,,,0,,,8,8,0,0,,,0,,,0,0,996,,,,,,,,,,,,,,,,,,,,,,,,,,,,,,0,0,0,0,1,0,0,0,0,0,0,0,0,0,0,1,0,0,0,0,0,0,0,0,0,1,0,0,0,1,1,0,0,0,0,,0,0,0,0,0,0,0,0,0,0,0,0,0,0,0,0,,,,,,56-60,56-65,Interstate,R,Friday,,MHTRUCK,Not Fatal,0,1,1,0,State Route,State Patrol,Washington State Patrol,0,1,0,0,0,,,,,,0,0,0,,,,,,,,,,,98,98,98,0,,,,,20,,,,,,,,,1,0,,,,,,
2020,7,EA03070,349,01/12/2020,1:45,12,1,,53,Pierce,0,2,,3,2,2,1,0,1,1,,,,30,0,0,0,3,0,6,7,1,80,8,0,2,0,0,COLORADO AVE,GARCIA BLVD,-122.5828861,47.09680278,0,1,2,6,1,35,4,0,0,1,7,30,1,1,2,1,1,1,1,53,0,55,36,2016,0,,63,30,,,,,1,1,25,2,7,,4,7,20,7,11,0,01/12/2020,1:45,53001668,1668,0,0,3,3,1,8,,,,96,,,,,,98,,,,,,53717,55,66,160,6,1,0,0,0,0,,0,,,,,,4,,,8,2,9,0,0,9,8,,,0,,,8,8,8,95,,,96,,,2,95,997,,,,,,,,,,,,,,,,,,,,,,,,,,,,,,0,0,0,1,0,0,0,0,0,0,0,0,1,0,0,0,0,0,0,1,0,0,0,1,1,0,0,0,0,1,0,0,0,1,0,,1,0,0,0,0,0,0,0,0,1,0,0,0,0,0,0,,,,,,21-25,16-25,Other,R,Sunday,Not Used,PV,Black,0,1,0,0,Other,Municipal/City Police,"Hdqtrs, 1st Military Police Brigade",1,0,0,0,1,,,,,,0,0,0,,,,,,,,,,,98,98,98,2,,,,,20,7,,,,,,,,1,0,,,,,,