year,case,par,repjur,crash_dt,crash_tm,accday,accmon,holiday,county,co_char,city,weather,weather2,lightcond,surfcond,surftype,numfatal,nmforms,pforms,vforms,not_tm,arr_tm,hosp_tm,fhevent,hitrun,manncol,milepnt,reljunc,reljuncinter,intersectiontype,funcsystem,landuse,ownership,route,schlbus,spejur,contdev,devfunc,trafid1,trafid2,x,y,wk_zone,vnumber,crashtype,criticalevent,criticaleventcat,spdlim,body,trailer,emerg,hazcargo,leave,mhevent,roadalgn,roadprof,traflane,trafflow,vehmanvr,numoccs,regowner,regstate,spuse,make,model,modelyr,vrf1,vrf2,seqevent1,seqevent2,seqevent3,seqevent4,seqevent5,seqevent6,pnumber,ptype,age,sex,hispanic,race,injury,diedscene,restraint,restraintmisuse,seatpos,takehosp,death_dt,death_tm,cert,cernum_wa,commlic,licendor,licrestrict,liccomp,drivpres,drf1,drf2,drf3,drf4,distract1,distract2,distract3,distract4,distract5,distract6,dricond1,dricond2,dricond3,dricond4,dricond5,dricond6,dzip,licstate,drhgt_in,weight,noncdl,noncdltype,prevdwi,prevoth,prevacc,prevspd,prevsus,driviol1,driviol2,driviol3,driviol4,driviol5,driviol6,spdrel,first_dt,last_dt,airbag,ejection,ejectpath,extricat,injurwrk,methalc,methdrug,nmlocat,strikveh,prf1,prf2,prf3,druginv,alcinvol,drugsts,drugres1,drugres2,drugres3,drugtst1,drugtst2,drugtst3,alcsts,alctst,alcres,nmact1,nmact2,nmact3,nmact4,nmact5,nmact6,nmprior1,nmprior2,nmprior3,nmprior4,nmprior5,nmprior6,nmcond1,nmcond2,nmcond3,nmcond4,nmcond5,nmcond6,nmsafe_helmet,nmsafe_pads,nmsafe_oth,nmprev_ref,nmprev_lgt,nmprev_oth,crashlocation,nmcrashtype,crosswalk,schoolzone,sidewalk,train_inv,wildlife_inv,rotr_fars,intersect_fars,dd_inv,aid_inv,dpd_inv,id_inv,mj_inv,impnm_inv,ainm_inv,dpnm_inv,speed_inv,unlic_inv,unendmc_inv,drowsy_inv,drdist_inv,nmdist_inv,fty_inv,unrestfat_inv,dr1617_inv,dr1820_inv,dr1620_inv,dr2125_inv,dr1625_inv,dr65_inv,dr70_inv,dr75_inv,mc_inv,pv_inv,ht_inv,ped_inv,bike_inv,unrest_fat,mc_fat,unhelmet_mc,pv_fat,ht_fat,ped_fat,bike_fat,dr_alc7,dr_alc8,dr_drug,dr_imp,dr_dist,dr_spd,dr_fty,dr_unlic,dr_alc7only,dr_alc8only,dr_drugonly,dr_drink,nm_imp,nm_alc7,nm_alc8,nm_drug,nm_dist,agegrp1,agegrp2,roadclass,urbrur,dayweek,restuse,vehtype,race_me,intersect,lanedep,oppdir,wrongway,rep_typ,investag,repag_long,rotr,st_rd,cty_rd,city_rd,oth_rd,drug_thc,thc_res,drug_cthc,cthc_res,drug_cann,prevpersemin,prevperse,prevsusoth,drugtst4,drugtst5,drugtst6,drugtst7,drugtst8,drugres4,drugres5,drugres6,drugres7,drugres8,adspresent,adsengaged,adslevel,race1,race2,race3,race4,race5,helmet,helmetmisuse,nmdistract1,nmdistract2,nmdistract3,nmdistract4,nmdistract5,nmdistract6,lab,isedtcase,crf1,crf2,crf3,CoRoadName,CoMP,IntCoRoadName,IntCoMP
2019,87,E906407,7,03/22/2019,5:42,22,3,,33,King,0,10,0,2,1,2,1,0,3,2,,,,12,0,1,24.2,1,0,1,1,1,1,1,0,0,0,0,I-90,,-121.8735889,47.510325,0,1,20,50,3,70,52,0,0,1,5,12,8,8,4,3,15,1,3,94,3,98,988,2019,0,0,12,,,,,,1,1,57,2,0,,0,0,3,0,11,0,,,,,6,3,0,3,1,0,0,0,0,96,,,,,,0,,,,,,55433,27,,999,6,1,0,0,0,0,,97,,,,,,0,,,20,0,0,0,8,9,8,,,0,0,0,8,0,8,95,,,96,,,8,95,995,,,,,,,,,,,,,,,,,,,,,,,,,,,,,,0,0,0,0,0,0,1,1,1,0,0,0,0,1,0,0,0,0,0,0,0,0,0,0,0,0,0,0,0,1,0,0,0,0,0,,0,0,0,0,0,0,0,0,0,0,0,0,0,0,0,0,,,,,,56-60,56-65,Interstate,R,Friday,,BUS,Not Fatal,0,0,0,0,State Route,State Patrol,Washington State Patrol,0,1,0,0,0,,,,,,0,0,0,,,,,,,,,,,98,98,98,0,,,,,20,7,,,,,,,,,,,,,,,
2019,227,E939908,1,07/14/2019,10:25,14,7,,21,Franklin,0,1,0,1,1,1,1,0,2,2,,,,1,0,0,41.6,1,0,1,3,1,1,2,0,0,0,0,US-395,,-119.0432361,46.41786944,0,1,6,10,2,70,80,0,0,1,2,1,2,2,2,3,14,1,1,30,0,72,706,2010,0,0,64,1,54,,,,1,1,61,1,7,,4,7,20,7,11,0,07/14/2019,10:30,53031240,31240,0,0,0,3,1,0,0,0,0,96,,,,,,0,,,,,,59102,30,,999,6,1,0,1,98,1,,0,,,,,,4,09/15/2014,05/15/2015,20,8,0,0,0,9,8,,,0,0,0,8,0,2,1,,,1,,,2,1,0,,,,,,,,,,,,,,,,,,,,,,,,,,,,,,0,0,1,0,0,0,0,0,0,0,0,0,1,0,0,0,0,0,0,0,0,0,0,0,0,0,0,0,1,0,0,0,0,0,1,0,0,0,0,0,0,0,0,0,0,1,0,0,0,0,0,0,,,,,,61-65,56-65,US highway,R,Sunday,,MC,White,0,1,0,0,State Route,State Patrol,Washington State Patrol,1,1,0,0,0,,,,,,0,0,0,,,,,,,,,,,0,0,0,1,,,,,19,0,,,,,,,,,,,,,,,
2021,161,EB35140,278,05/29/2021,23:41,29,5,,63,Spokane,2110,1,,3,1,2,2,0,5,3,,,,12,0,6,273.3,1,0,1,3,2,1,2,0,0,0,0,US-2,,-117.5159528,47.64308889,0,1,66,10,2,55,14,0,0,1,5,12,1,1,4,1,1,2,1,30,0,48,401,2008,0,,68,12,1,12,,,1,1,41,2,7,,4,7,20,7,11,0,05/29/2021,23:41,2.11053E+11,26822,99,9,9,9,1,28,,,,92,,,,,,98,,,,,,59829,30,,999,9,9,99,99,99,99,,0,,,,,,0,,,20,2,9,0,0,9,8,,,0,,,8,8,0,0,,,0,,,0,0,996,,,,,,,,,,,,,,,,,,,,,,,,,,,,,,0,0,0,0,0,0,0,0,0,0,0,0,0,0,0,0,1,0,0,1,0,0,0,0,0,1,0,0,0,1,0,0,0,1,0,,1,0,0,0,0,0,0,0,1,0,0,0,0,0,0,0,,,,,,41-45,36-45,US highway,U,Saturday,Not Used,PV,White,0,1,1,0,State Route,Municipal/City Police,Spokane Police Department,0,1,0,0,0,,,,,,99,99,99,,,,,,,,,,,98,98,98,1,,,,,20,,,,,,,,,1,0,,,,,,
2019,319,E957569,3,08/20/2019,18:24,20,8,,67,Thurston,0,1,0,1,1,2,1,0,2,2,,,,12,0,1,16.6,8,0,1,4,1,1,3,0,0,0,0,SR-507,,-122.8149722,46.85812778,0,1,24,52,3,50,4,0,0,1,2,12,1,1,2,1,1,1,1,41,0,12,23,2013,0,0,12,,,,,,1,1,21,1,7,,4,0,3,0,11,4,08/21/2019,2:25,1.96053E+11,37270,0,0,0,0,1,0,0,0,0,93,,,,,,9,,,,,,59901,30,,999,3,1,0,0,98,0,,0,,,,,,4,,,1,0,0,0,0,9,8,,,0,0,0,8,1,2,605,695,,1,1,,2,1,0.11,,,,,,,,,,,,,,,,,,,,,,,,,,,,,,0,0,0,0,1,1,1,1,1,0,0,0,1,1,0,0,1,0,0,0,0,0,0,1,1,1,1,0,0,1,1,0,0,0,0,,1,0,0,0,0,1,1,1,1,1,0,1,0,0,0,1,,,,,,21-25,16-25,State route,R,Tuesday,Belt Used,PV,White,0,0,0,0,State Route,State Patrol,Washington State Patrol,0,1,0,0,0,thc,6.7,carboxy-thc,32,,0,0,0,,,,,,,,,,,98,98,98,1,,,,,20,7,,,,,,,,,,,,,,,
2017,353,E708415,4,09/02/2017,0:06,2,9,6,1,Adams,0,1,0,2,1,2,1,0,1,1,0:13,0:27,,1,0,0,226.3,1,0,1,1,1,1,1,0,0,0,0,I-90,,-118.2966028,47.16491111,0,1,98,1,1,70,34,0,0,1,2,1,1,1,2,3,1,1,1,30,0,20,481,2001,0,0,61,64,69,1,,,1,1,57,1,7,1,4,7,3,0,11,0,09/02/2017,0:06,53068719,68719,0,0,0,3,1,80,0,0,0,96,,,,,,99,,,,,,59923,30,,999,6,1,0,0,98,0,0,0,,,,,,0,,,20,0,0,0,0,9,8,,,0,0,0,8,9,0,0,0,0,0,0,0,0,0,996,,,,,,,,,,,,,,,,,,,,,,,,,,,,,,0,0,0,0,0,0,0,0,0,0,0,0,0,0,0,0,0,0,0,0,0,0,0,0,0,0,0,0,0,0,0,0,0,0,0,,0,0,0,0,0,0,0,0,0,0,0,0,0,0,0,0,,,,,,56-60,56-65,Interstate,R,Saturday,Belt Used,PV,White,0,0,0,0,State Route,State Patrol,Washington State Patrol Headquarter,0,1,0,0,0,,,,,,,,,,,,,,,,,,,,,,,,,,,,,,,,,,,,,,,,,,,
2021,279,EB55639,4,08/06/2021,15:48,6,8,,43,Lincoln,0,1,,1,1,2,1,0,2,2,,,,12,0,6,240.8,1,0,1,1,1,1,1,0,0,0,0,I-90,,-118.015975,47.30069722,0,1,66,12,2,70,34,0,0,1,2,12,3,2,2,2,14,1,1,30,0,12,481,2001,0,,64,65,12,,,,1,1,69,1,7,,4,0,3,0,11,5,08/06/2021,16:00,2.12053E+11,39078,99,9,9,9,1,28,,,,0,,,,,,2,,,,,,59923,30,,999,9,9,99,99,99,99,,0,,,,,,0,,,1,0,0,0,0,1,8,,,0,,,8,1,2,1,,,1,,,2,1,0.036,,,,,,,,,,,,,,,,,,,,,,,,,,,,,,0,0,0,0,1,0,0,0,0,0,0,0,0,0,0,1,0,0,0,0,0,0,0,0,0,1,0,0,0,1,1,0,0,0,0,,1,0,0,0,1,0,0,0,0,0,0,0,1,0,0,1,,,,,,66-70,66-75,Interstate,R,Friday,Belt Used,PV,White,0,1,1,0,State Route,State Patrol,Washington State Patrol,0,1,0,0,0,,,,,,99,99,99,,,,,,,,,,,98,98,98,1,,,,,20,,,,,,,,,1,0,,,,,,
2017,304,E702879,2,08/07/2017,12:36,7,8,0,57,Skagit,0,1,0,1,1,2,1,0,3,2,,,,12,0,6,145.5,1,0,1,4,1,1,3,0,0,0,0,SR-20,,-120.8589944,48.65395278,0,2,98,63,4,50,4,0,0,1,2,12,3,2,2,1,14,2,1,30,0,49,43,2013,0,0,12,,,,,,1,1,81,1,0,0,1,0,3,0,11,0,,,,,0,0,0,3,1,0,0,0,0,0,,,,,,0,,,,,,59930,30,,999,6,1,0,0,98,0,0,0,,,,,,0,,,8,0,0,0,8,9,8,,,0,0,0,8,0,0,0,0,0,0,0,0,0,0,996,,,,,,,,,,,,,,,,,,,,,,,,,,,,,,0,0,0,0,0,0,0,0,0,0,0,0,1,0,0,0,0,0,0,0,0,0,0,0,0,1,1,1,1,1,0,0,0,0,0,,0,0,0,0,0,0,0,0,0,0,0,0,0,0,0,0,,,,,,81+,76+,State route,R,Monday,Belt Used,PV,Not Fatal,0,1,1,0,State Route,State Patrol,Washington State Patrol Headquarter,0,1,0,0,0,,,,,,,,,,,,,,,,,,,,,,,,,,,,,,,,,,,,,,,,,,,
2020,67,EA24052,5,03/12/2020,14:17,12,3,,59,Skamania,0,1,,1,1,2,1,0,4,3,14:18,14:28,15:13,12,0,8,36,1,0,1,3,1,1,3,0,0,0,0,SR-14,,-121.9999917,45.63593611,0,3,98,62,4,55,61,1,0,1,2,12,2,1,2,1,14,1,3,30,0,12,881,2019,0,,12,,,,,,1,1,40,1,0,,0,0,3,0,11,0,,,,,0,0,0,3,1,0,,,,96,,,,,,0,,,,,,59932,30,,999,6,1,0,0,98,0,,0,,,,,,0,,,20,0,0,0,8,9,8,,,0,,,8,8,0,0,,,0,,,0,0,996,,,,,,,,,,,,,,,,,,,,,,,,,,,,,,0,0,0,0,0,0,0,0,0,0,0,0,0,0,0,0,1,0,0,0,0,0,0,0,0,0,0,0,0,1,1,0,0,0,0,,0,0,0,0,0,0,0,0,0,0,0,0,0,0,0,0,,,,,,36-40,36-45,State route,R,Thursday,,MHTRUCK,Not Fatal,0,1,1,0,State Route,State Patrol,Washington State Patrol,0,1,0,0,0,,,,,,0,0,0,,,,,,,,,,,98,98,98,0,,,,,20,7,,,,,,,,1,0,,,,,,
2020,213,EA44550,4,06/29/2020,19:42,29,6,,63,Spokane,2113,1,,1,1,2,1,0,2,2,19:43,19:53,20:20,12,0,6,7.3,2,0,3,3,2,1,3,0,0,20,3,SR-290,BUTLER RD,-117.2623306,47.68517778,0,2,82,66,4,98,34,0,0,1,2,12,1,1,8,1,11,1,1,30,0,20,481,2001,0,,12,,,,,,1,1,36,1,7,,4,7,20,7,11,0,06/29/2020,19:42,2.11353E+11,29869,0,0,0,3,1,0,,,,96,,,,,,9,,,,,,59935,30,,999,6,1,0,0,98,0,,0,,,,,,0,,,1,1,9,0,0,1,8,,,0,,,1,1,2,695,605,,1,1,,2,1,0.064,,,,,,,,,,,,,,,,,,,,,,,,,,,,,,0,0,0,1,1,1,1,1,1,0,0,0,1,0,0,0,0,0,0,1,0,0,0,1,1,0,0,0,0,1,0,0,0,1,0,,1,0,0,0,1,0,1,1,0,0,0,0,0,0,0,1,,,,,,36-40,36-45,State route,U,Monday,Not Used,PV,White,1,0,0,0,State Route,State Patrol,Washington State Patrol,0,1,0,0,0,thc,888,carboxy-thc,42,,0,0,0,,,,,,,,,,,98,98,98,1,,,,,20,7,,,,,,,nms,1,0,,,,,,
2017,379,E716020,4,09/18/2017,21:24,18,9,0,63,Spokane,2110,1,0,3,1,2,1,0,2,2,,,,12,0,1,281.9,1,0,1,1,2,1,1,0,0,0,0,I-90,,-117.370875,47.65403056,1,2,21,53,3,60,66,1,0,1,5,12,1,1,8,3,5,1,3,17,0,51,881,2018,0,0,12,,,,,,1,1,48,1,0,0,0,0,3,0,11,0,,,,,6,1,0,3,1,0,0,0,0,0,,,,,,0,,,,,,60089,17,73,185,6,1,0,2,0,0,0,0,,,,,,0,07/15/2014,03/15/2016,20,0,0,0,8,9,8,,,0,0,0,8,0,0,0,0,0,0,0,0,0,0,996,,,,,,,,,,,,,,,,,,,,,,,,,,,,,,0,0,0,0,0,0,0,0,0,0,0,0,0,0,0,0,1,0,0,0,0,0,0,1,1,0,0,0,0,1,1,0,0,0,0,,0,0,0,0,0,0,0,0,0,0,0,0,0,0,0,0,,,,,,46-50,46-55,Interstate,U,Monday,,MHTRUCK,Not Fatal,0,0,0,0,State Route,State Patrol,Washington State Patrol Headquarter,0,1,0,0,0,,,,,,,,,,,,,,,,,,,,,,,,,,,,,,,,,,,,,,,,,,,
2021,421,EB79210,7,10/10/2021,6:36,10,10,,33,King,0,2,,3,2,1,1,1,1,1,,,,8,0,0,41.2,1,0,1,1,1,1,1,0,0,0,0,I-90,,-121.5784694,47.41039722,0,1,13,80,5,60,66,1,0,1,5,8,1,1,3,3,1,1,3,17,0,82,881,2017,0,,8,,,,,,1,1,22,1,0,,0,0,3,0,11,0,,,,,6,0,3,3,1,10,,,,0,,,,,,98,,,,,,60503,17,75,220,6,1,0,1,0,0,,0,,,,,,0,03/15/2020,03/15/2020,20,0,0,0,8,9,8,,,0,,,8,8,0,0,,,0,,,0,0,996,,,,,,,,,,,,,,,,,,,,,,,,,,,,,,0,0,0,0,0,0,0,0,0,1,0,1,0,0,0,0,0,0,0,0,0,0,0,1,1,0,0,0,0,0,1,1,0,0,0,,0,0,0,0,0,0,0,0,0,0,0,0,0,0,0,0,,,,,,21-25,16-25,Interstate,R,Sunday,,MHTRUCK,Not Fatal,0,0,0,0,State Route,State Patrol,Washington State Patrol,0,1,0,0,0,,,,,,0,0,0,,,,,,,,,,,98,98,98,0,,,,,20,,,,,,,,,1,0,,,,,,
2018,414,E860914,25,11/09/2018,16:17,9,11,0,33,King,0,10,0,5,2,1,1,0,2,2,,,,12,0,6,4.7,2,0,4,5,1,2,4,0,0,0,0,CR-196TH AVE SE,195TH PL SE,-122.0795472,47.4434,0,1,98,51,3,40,14,0,0,1,7,12,3,3,2,1,14,1,1,17,0,12,401,2015,0,0,12,,,,,,1,1,38,2,0,0,0,0,3,0,11,0,,,,,0,0,3,3,1,0,0,0,0,93,,,,,,0,,,,,,62002,17,67,186,6,1,0,2,0,0,,97,,,,,,0,06/15/2018,08/15/2018,20,0,0,0,8,9,8,,,0,0,0,8,0,8,95,,,96,,,8,95,995,,,,,,,,,,,,,,,,,,,,,,,,,,,,,,0,0,0,1,0,0,0,0,0,0,0,0,0,0,0,0,1,0,0,0,0,0,0,0,0,1,0,0,1,1,0,0,0,0,0,,0,0,0,0,0,0,0,0,1,0,0,0,0,0,0,0,,,,,,36-40,36-45,County road,R,Friday,Belt Used,PV,Not Fatal,1,0,0,0,County Road,County Sheriff,King County Police,0,0,1,0,0,,,,,,0,0,0,,,,,,,,,,,,,,,,,,,,,,,,,,,,,,,,,,,
2018,177,E808702,1,06/14/2018,9:15,14,6,0,13,Columbia,0,1,0,1,1,2,2,0,5,3,9:16,9:26,9:55,12,0,2,357.3,1,0,1,3,1,1,2,0,0,0,0,US-12,,-118.1018583,46.28805278,0,3,98,98,7,60,80,0,0,1,7,54,3,1,2,1,14,2,1,53,0,72,706,2010,0,0,54,,,,,,1,1,53,1,0,0,1,0,5,0,11,0,,,,,6,0,0,3,1,0,0,0,0,96,,,,,,0,,,,,,64759,29,74,235,6,1,0,0,0,0,,0,,,,,,0,,,20,8,0,0,8,9,8,,,0,0,0,8,0,8,95,,,96,,,8,95,995,,,,,,,,,,,,,,,,,,,,,,,,,,,,,,0,0,0,0,1,0,1,1,1,0,0,0,0,0,0,0,0,0,0,0,0,0,0,0,0,1,0,0,1,1,0,0,0,0,0,0,0,0,0,0,0,0,0,0,0,0,0,0,0,0,0,0,,,,,,51-55,46-55,US highway,R,Thursday,,MC,Not Fatal,0,1,1,0,State Route,State Patrol,Washington State Patrol,0,1,0,0,0,,,,,,0,0,0,,,,,,,,,,,,,,,,,,,,,,,,,,,,,,,,,,,
2021,33,EB04026,2,02/02/2021,16:12,2,2,,57,Skagit,0,10,,1,1,2,1,0,4,4,,,,12,0,1,46.1,3,0,3,3,1,1,3,0,0,0,0,SR-20,TIBBLES LN,-122.5956611,48.44827778,0,3,98,98,7,50,3,0,0,1,2,12,1,2,2,1,5,1,1,53,0,67,32,2012,0,,12,,,,,,1,1,24,1,0,,0,0,3,0,11,0,,,,,0,0,9,3,1,0,,,,96,,,,,,98,,,,,,66109,20,68,120,6,1,0,0,0,0,,0,,,,,,0,,,8,0,0,0,8,9,8,,,0,,,8,8,0,0,,,0,,,0,0,996,,,,,,,,,,,,,,,,,,,,,,,,,,,,,,0,0,0,1,0,0,1,1,1,0,0,0,0,0,0,0,0,0,0,0,0,0,0,1,1,1,0,0,0,1,1,0,0,0,0,,0,0,0,0,0,0,0,0,0,0,0,0,0,0,0,0,,,,,,21-25,16-25,State route,R,Tuesday,Belt Used,PV,Not Fatal,1,0,0,0,State Route,State Patrol,Washington State Patrol,0,1,0,0,0,,,,,,0,0,0,,,,,,,,,,,98,98,98,0,,,,,20,,,,,,,,,1,0,,,,,,
2017,308,E703191,4,08/11/2017,21:30,11,8,0,43,Lincoln,0,1,0,2,1,2,1,0,2,2,21:55,22:28,,12,0,8,217,1,0,1,3,1,1,2,0,0,0,0,US-2,,-118.63475,47.75784722,0,2,65,62,4,60,66,1,0,1,2,12,3,1,2,1,14,1,3,19,0,82,881,2006,0,0,12,,,,,,1,1,67,1,0,0,0,0,3,0,11,0,,,,,6,3,3,3,1,0,0,0,0,0,,,,,,0,,,,,,68128,31,72,250,6,1,0,0,0,0,0,0,,,,,,0,,,20,0,0,0,8,9,8,,,0,0,0,8,0,2,1,0,0,1,0,0,2,1,0,,,,,,,,,,,,,,,,,,,,,,,,,,,,,,0,0,0,0,0,0,0,0,0,0,0,0,0,0,0,0,0,0,0,0,0,0,0,1,1,1,0,0,0,0,1,0,0,0,0,,0,0,0,0,0,0,0,0,0,0,0,0,0,0,0,0,,,,,,66-70,66-75,US highway,R,Friday,,MHTRUCK,Not Fatal,0,1,1,0,State Route,State Patrol,Washington State Patrol Headquarter,0,1,0,0,0,,,,,,,,,,,,,,,,,,,,,,,,,,,,,,,,,,,,,,,,,,,
2018,181,E809308,3,06/17/2018,4:41,17,6,0,67,Thurston,1102,10,0,4,1,1,1,0,2,2,,,,12,0,2,110.5,1,0,1,1,2,1,1,0,0,0,0,I-5,,-122.7972111,47.05850833,0,1,50,54,3,98,4,0,0,1,7,12,1,2,3,3,1,1,1,53,0,20,37,2018,0,0,12,,,,,,1,1,28,1,7,2,4,7,3,0,11,0,06/17/2018,4:52,1.10253E+11,27831,0,0,0,3,1,51,0,0,0,96,,,,,,99,,,,,,70125,22,69,240,6,1,0,0,0,4,,0,,,,,,0,06/15/2014,12/15/2016,8,0,0,0,0,9,8,,,0,0,0,8,9,2,1,,,1,,,2,1,0.13,,,,,,,,,,,,,,,,,,,,,,,,,,,,,,0,0,0,0,1,1,0,1,0,0,0,0,0,0,0,0,0,0,0,0,1,0,1,0,1,0,0,0,0,1,0,0,0,0,0,,1,0,0,0,0,1,0,1,0,0,0,0,0,1,0,1,,,,,,26-30,26-35,Interstate,U,Sunday,Belt Used,PV,Black,0,0,0,1,State Route,State Patrol,Washington State Patrol,0,1,0,0,0,,,,,,0,0,0,,,,,,,,,,,,,,,,,,,,,,,,,,,,,,,,,,,
2018,440,E867791,7,11/24/2018,14:29,24,11,8,33,King,735,1,0,1,1,1,1,0,2,1,14:38,14:50,15:40,52,0,0,141.7,1,0,1,1,2,1,1,0,0,0,0,I-5,,-122.3084556,47.28485556,0,1,6,12,2,60,14,0,0,1,7,52,1,1,5,3,1,2,1,41,0,59,403,2010,0,0,64,52,,,,,1,1,68,1,0,0,1,0,3,0,11,5,,,,,0,0,3,3,1,0,0,0,0,92,,,,,,0,,,,,,70714,22,65,140,6,1,0,0,0,0,,0,,,,,,0,,,20,0,0,0,8,9,8,,,0,0,0,8,0,8,95,,,96,,,8,95,995,,,,,,,,,,,,,,,,,,,,,,,,,,,,,,0,0,1,0,0,0,0,0,0,0,0,0,0,0,0,0,1,0,0,0,0,0,0,0,0,1,0,0,0,1,0,0,0,0,0,,0,0,0,0,0,0,0,0,1,0,0,0,0,0,0,0,,,,,,66-70,66-75,Interstate,U,Saturday,Belt Used,PV,Not Fatal,0,1,0,0,State Route,State Patrol,Washington State Patrol,1,1,0,0,0,,,,,,0,0,0,,,,,,,,,,,,,,,,,,,,,,,,,,,,,,,,,,,
2018,165,E811099,3,06/09/2018,4:23,9,6,0,53,Pierce,800,1,0,2,1,2,1,0,2,2,,,,12,0,7,12.9,1,0,1,3,2,1,3,0,0,0,0,SR-16,,-122.6146528,47.35910556,0,2,44,11,2,60,2,0,0,1,7,42,1,1,2,3,1,1,1,22,0,12,3,2017,0,0,12,63,42,,,,1,1,20,1,7,1,4,7,3,0,11,0,06/09/2018,4:23,80053026624,26624,0,0,0,3,1,0,0,0,0,93,,,,,,99,,,,,,70748,22,72,140,6,1,0,0,98,0,,0,,,,,,4,,,8,0,0,0,0,9,8,,,0,0,0,8,0,2,1,,,1,,,2,1,0,,,,,,,,,,,,,,,,,,,,,,,,,,,,,,0,0,0,0,1,0,0,0,0,0,0,0,1,0,0,0,1,0,0,0,0,1,1,0,1,0,0,0,0,1,0,0,0,0,0,,1,0,0,0,0,0,0,0,1,1,0,0,0,0,0,0,,,,,,18-20,16-25,State route,U,Saturday,Belt Used,PV,White,0,0,0,0,State Route,State Patrol,Washington State Patrol,0,1,0,0,0,,,,,,0,0,0,,,,,,,,,,,,,,,,,,,,,,,,,,,,,,,,,,,
2018,463,E872857,4,12/11/2018,15:15,11,12,0,63,Spokane,0,4,0,1,10,2,1,0,3,2,,,,12,0,6,304.1,1,0,1,3,1,1,2,0,0,0,0,US-2,,-117.3496389,47.99909722,0,1,66,9,1,98,2,0,0,1,2,12,1,2,2,1,1,1,2,53,0,37,31,1995,0,0,68,12,,,,,1,1,49,2,7,1,4,7,99,0,11,0,12/11/2018,15:30,53054611,54611,0,0,0,2,1,28,0,0,0,96,,,,,,9,,,,,,72712,5,60,130,1,1,0,0,0,0,,0,,,,,,0,,,20,0,0,0,0,9,1,,,0,0,0,1,9,2,605,695,401,1,1,1,2,1,0,,,,,,,,,,,,,,,,,,,,,,,,,,,,,,0,0,0,0,0,0,1,1,1,0,0,0,0,1,0,0,0,0,0,0,0,0,0,0,0,0,0,0,0,1,0,0,0,0,0,,1,0,0,0,0,0,1,1,0,0,0,1,0,0,1,0,,,,,,46-50,46-55,US highway,R,Tuesday,Unknown,PV,White,0,1,1,0,State Route,State Patrol,Washington State Patrol,0,1,0,0,0,thc,39,carboxy-thc,29,,0,0,0,1,,,,,417,,,,,,,,,,,,,,,,,,,,,,,,,,,,,
2020,376,3834802,263,09/13/2020,18:40,13,9,,33,King,1960,5,,5,1,1,1,0,3,3,,,,12,0,2,20.9,2,0,4,3,2,1,3,0,0,3,3,SR-99,SR-509,-122.3337167,47.54733056,0,1,84,17,2,45,2,0,0,1,2,12,1,1,2,2,1,1,2,40,0,37,32,2012,0,,12,,,,,,1,1,33,1,7,,4,7,20,7,11,0,09/13/2020,18:40,1.96053E+11,43461,0,0,0,3,1,39,,,,96,,,,,,98,,,,,,73114,40,72,190,6,1,0,0,0,1,,0,,,,,,3,07/15/2016,07/15/2016,8,0,0,0,0,9,8,,,0,,,8,8,2,695,605,,1,1,,2,1,0.244,,,,,,,,,,,,,,,,,,,,,,,,,,,,,,0,0,0,1,1,1,1,1,1,0,0,0,1,0,0,0,0,0,0,1,0,0,0,0,0,0,0,0,0,1,0,0,0,1,0,,1,0,0,0,0,1,1,1,0,1,0,0,0,0,0,1,,,,,,31-35,26-35,State route,U,Sunday,Not Used,PV,White,1,0,0,0,State Route,Municipal/City Police,Seattle Police Department,0,1,0,0,0,thc,4.2,carboxy-thc,16,,0,0,0,,,,,,,,,,,98,98,98,1,,,,,20,7,,,,,,,nms,1,0,,,,,,
2019,28,E887454,4,01/25/2019,10:51,25,1,,75,Whitman,0,10,0,1,1,2,1,0,1,1,,,,1,0,0,4.4,1,0,1,5,1,1,3,0,0,0,0,SR-271,,-117.2943889,47.18212222,0,1,6,13,2,55,34,0,0,1,7,1,3,8,2,1,14,1,1,40,0,12,471,1998,0,0,63,69,68,64,1,,1,1,57,2,7,,4,0,20,7,11,8,01/25/2019,12:15,2.11053E+11,4423,0,0,0,2,1,58,0,0,0,6,,,,,,0,,,,,,73128,40,64,150,1,1,0,2,1,0,,0,,,,,,0,04/15/2014,02/15/2015,20,1,9,0,0,9,8,,,0,0,0,8,0,8,95,,,96,,,8,95,995,,,,,,,,,,,,,,,,,,,,,,,,,,,,,,0,0,1,0,0,0,0,0,0,0,0,0,0,1,0,0,1,0,0,1,0,0,0,0,0,0,0,0,0,1,0,0,0,1,0,,1,0,0,0,0,0,0,0,1,0,0,1,0,0,0,0,,,,,,56-60,56-65,State route,R,Friday,Not Used,PV,White,0,1,0,0,State Route,State Patrol,Washington State Patrol,1,1,0,0,0,,,,,,0,0,0,,,,,,,,,,,0,0,0,1,,,,,20,7,,,,,,,,,,,,,,,
2017,141,E674098,35,05/11/2017,11:15,11,5,0,53,Pierce,2230,2,0,1,6,2,1,0,4,4,11:12,11:22,11:34,12,0,1,129.6,1,0,1,1,2,1,1,0,0,0,0,I-5,,-122.4644944,47.18220278,0,3,98,98,7,60,5,0,0,1,2,12,1,1,4,3,5,1,1,40,0,41,51,2012,0,0,12,12,,,,,1,1,33,1,0,0,1,0,3,0,11,8,,,,,0,0,0,3,1,0,0,0,0,0,,,,,,0,,,,,,73505,40,70,220,6,1,0,0,0,0,0,0,,,,,,0,,,20,0,0,0,8,9,8,,,0,0,0,8,0,0,0,0,0,0,0,0,0,0,996,,,,,,,,,,,,,,,,,,,,,,,,,,,,,,0,0,0,0,0,0,0,0,0,0,0,0,1,0,0,0,0,0,0,0,0,0,0,1,1,1,0,0,0,1,1,0,0,0,0,,0,0,0,0,0,0,0,0,0,0,0,0,0,0,0,0,,,,,,31-35,26-35,Interstate,U,Thursday,Belt Used,PV,Not Fatal,0,0,0,0,State Route,State Patrol,Washington State Patrol Headquarter,0,1,0,0,0,,,,,,,,,,,,,,,,,,,,,,,,,,,,,,,,,,,,,,,,,,,