year,case,par,repjur,crash_dt,crash_tm,accday,accmon,holiday,county,co_char,city,weather,weather2,lightcond,surfcond,surftype,numfatal,nmforms,pforms,vforms,not_tm,arr_tm,hosp_tm,fhevent,hitrun,manncol,milepnt,reljunc,reljuncinter,intersectiontype,funcsystem,landuse,ownership,route,schlbus,spejur,contdev,devfunc,trafid1,trafid2,x,y,wk_zone,vnumber,crashtype,criticalevent,criticaleventcat,spdlim,body,trailer,emerg,hazcargo,leave,mhevent,roadalgn,roadprof,traflane,trafflow,vehmanvr,numoccs,regowner,regstate,spuse,make,model,modelyr,vrf1,vrf2,seqevent1,seqevent2,seqevent3,seqevent4,seqevent5,seqevent6,pnumber,ptype,age,sex,hispanic,race,injury,diedscene,restraint,restraintmisuse,seatpos,takehosp,death_dt,death_tm,cert,cernum_wa,commlic,licendor,licrestrict,liccomp,drivpres,drf1,drf2,drf3,drf4,distract1,distract2,distract3,distract4,distract5,distract6,dricond1,dricond2,dricond3,dricond4,dricond5,dricond6,dzip,licstate,drhgt_in,weight,noncdl,noncdltype,prevdwi,prevoth,prevacc,prevspd,prevsus,driviol1,driviol2,driviol3,driviol4,driviol5,driviol6,spdrel,first_dt,last_dt,airbag,ejection,ejectpath,extricat,injurwrk,methalc,methdrug,nmlocat,strikveh,prf1,prf2,prf3,druginv,alcinvol,drugsts,drugres1,drugres2,drugres3,drugtst1,drugtst2,drugtst3,alcsts,alctst,alcres,nmact1,nmact2,nmact3,nmact4,nmact5,nmact6,nmprior1,nmprior2,nmprior3,nmprior4,nmprior5,nmprior6,nmcond1,nmcond2,nmcond3,nmcond4,nmcond5,nmcond6,nmsafe_helmet,nmsafe_pads,nmsafe_oth,nmprev_ref,nmprev_lgt,nmprev_oth,crashlocation,nmcrashtype,crosswalk,schoolzone,sidewalk,train_inv,wildlife_inv,rotr_fars,intersect_fars,dd_inv,aid_inv,dpd_inv,id_inv,mj_inv,impnm_inv,ainm_inv,dpnm_inv,speed_inv,unlic_inv,unendmc_inv,drowsy_inv,drdist_inv,nmdist_inv,fty_inv,unrestfat_inv,dr1617_inv,dr1820_inv,dr1620_inv,dr2125_inv,dr1625_inv,dr65_inv,dr70_inv,dr75_inv,mc_inv,pv_inv,ht_inv,ped_inv,bike_inv,unrest_fat,mc_fat,unhelmet_mc,pv_fat,ht_fat,ped_fat,bike_fat,dr_alc7,dr_alc8,dr_drug,dr_imp,dr_dist,dr_spd,dr_fty,dr_unlic,dr_alc7only,dr_alc8only,dr_drugonly,dr_drink,nm_imp,nm_alc7,nm_alc8,nm_drug,nm_dist,agegrp1,agegrp2,roadclass,urbrur,dayweek,restuse,vehtype,race_me,intersect,lanedep,oppdir,wrongway,rep_typ,investag,repag_long,rotr,st_rd,cty_rd,city_rd,oth_rd,drug_thc,thc_res,drug_cthc,cthc_res,drug_cann,prevpersemin,prevperse,prevsusoth,drugtst4,drugtst5,drugtst6,drugtst7,drugtst8,drugres4,drugres5,drugres6,drugres7,drugres8,adspresent,adsengaged,adslevel,race1,race2,race3,race4,race5,helmet,helmetmisuse,nmdistract1,nmdistract2,nmdistract3,nmdistract4,nmdistract5,nmdistract6,lab,isedtcase,crf1,crf2,crf3,CoRoadName,CoMP,IntCoRoadName,IntCoMP
2019,446,E994935,269,12/15/2019,17:10,15,12,,33,King,2005,10,0,3,2,2,1,0,4,3,,,,12,0,6,0,1,0,1,3,2,4,6,0,0,0,0,NE 175TH ST,,-122.3293917,47.75595,0,2,66,62,4,35,21,0,0,1,7,12,1,1,6,1,1,1,1,6,0,7,461,1991,0,0,12,12,,,,,1,1,49,1,0,,3,0,3,0,11,8,,,,,0,0,0,3,1,0,0,0,0,96,,,,,,0,,,,,,74601,40,72,250,6,1,0,0,0,0,,0,,,,,,0,,,20,0,0,0,8,9,8,,,0,0,0,8,0,8,95,,,96,,,8,95,995,,,,,,,,,,,,,,,,,,,,,,,,,,,,,,0,0,0,0,1,1,0,1,0,0,0,0,0,0,0,0,0,0,0,0,0,0,0,0,0,0,0,0,0,1,0,0,0,0,0,,0,0,0,0,0,0,0,0,0,0,0,0,0,0,0,0,,,,,,46-50,46-55,City street,U,Sunday,Belt Used,PV,Not Fatal,0,1,1,0,State Route,Municipal/City Police,Shoreline Police Department,0,1,0,0,0,,,,,,0,0,0,,,,,,,,,,,0,0,0,0,,,,,20,7,,,,,,,,,,,,,,,
2021,402,EB76153,7,10/03/2021,20:50,3,10,,33,King,2310,1,,3,1,2,1,1,1,1,,,,8,0,0,158.1,1,0,1,1,2,1,1,0,0,0,0,I-5,,-122.2823944,47.50863889,0,1,13,80,5,60,4,0,0,1,2,8,1,1,5,3,1,1,1,48,0,12,37,2018,0,,8,,,,,,1,1,22,1,0,,2,0,3,0,11,0,,,,,0,0,0,3,1,0,,,,96,,,,,,98,,,,,,75028,48,,999,6,1,0,0,0,0,,0,,,,,,0,,,9,0,0,0,8,9,8,,,0,,,8,8,0,0,,,0,,,0,0,996,,,,,,,,,,,,,,,,,,,,,,,,,,,,,,0,0,0,0,0,0,0,0,0,1,1,1,0,0,0,0,0,0,0,0,0,0,0,1,1,0,0,0,0,1,0,1,0,0,0,,0,0,0,0,0,0,0,0,0,0,0,0,0,0,0,0,,,,,,21-25,16-25,Interstate,U,Sunday,Belt Used,PV,Not Fatal,0,0,0,0,State Route,State Patrol,Washington State Patrol,0,1,0,0,0,,,,,,0,0,0,,,,,,,,,,,98,98,98,0,,,,,20,,,,,,,,,1,23,,,,,,
2019,210,E918172,4,05/05/2019,14:52,5,5,,1,Adams,0,1,0,1,1,2,1,0,1,1,,,,1,0,0,207.8,1,0,1,1,1,1,1,0,0,0,0,I-90,,-118.6122,47.09911667,1,1,98,5,1,60,80,0,0,1,7,1,1,2,2,3,15,1,1,48,0,72,706,2012,0,0,1,,,,,,1,1,65,1,1,,4,0,20,7,11,8,05/21/2019,20:22,2.11053E+11,23321,0,0,0,3,1,0,0,0,0,96,,,,,,0,,,,,,76131,48,,999,6,1,0,0,0,0,,0,,,,,,0,,,20,8,0,0,0,9,8,,,0,0,0,8,0,8,95,,,96,,,8,95,995,,,,,,,,,,,,,,,,,,,,,,,,,,,,,,0,0,0,0,0,0,0,0,0,0,0,0,0,0,0,0,0,0,0,0,0,0,0,0,0,1,0,0,1,0,0,0,0,0,1,0,0,0,0,0,0,0,0,0,0,0,0,0,0,0,0,0,,,,,,61-65,56-65,Interstate,R,Sunday,,MC,Hispanic,0,0,0,0,State Route,State Patrol,Washington State Patrol,0,1,0,0,0,,,,,,0,0,0,,,,,,,,,,,0,0,0,1,,,,,19,0,,,,,,,,,,,,,,,
2021,373,EB72174,290,09/27/2021,19:54,27,9,,53,Pierce,2230,2,,3,2,2,1,0,1,1,,,,30,0,0,0,3,0,2,3,2,4,6,0,0,3,3,S 72ND ST,S SHERIDAN AVE,-122.4528417,47.19206667,0,1,2,9,1,35,34,0,0,1,2,30,1,2,5,1,1,1,1,53,0,7,482,2005,0,,63,30,,,,,1,1,57,2,7,,4,7,20,7,11,0,09/27/2021,19:54,2.23053E+11,58896,0,0,0,3,1,39,,,,96,,,,,,98,,,,,,76401,48,,999,6,1,0,0,0,0,,0,,,,,,0,,,1,0,0,0,0,9,8,,,0,,,8,8,2,401,417,,1,1,,2,1,0,,,,,,,,,,,,,,,,,,,,,,,,,,,,,,0,0,0,1,0,0,1,1,0,0,0,0,0,0,0,0,0,0,0,1,0,0,0,0,0,0,0,0,0,1,0,0,0,1,0,,1,0,0,0,0,0,1,1,0,0,0,0,0,0,1,0,,,,,,56-60,56-65,City street,U,Monday,Not Used,PV,White,0,1,0,0,City Street,Municipal/City Police,Tacoma Police Department,1,0,0,1,0,,,,,,0,0,0,,,,,,,,,,,98,98,98,1,,,,,20,,,,,,,,,1,0,,,,,,
2021,53,EB11738,7,02/19/2021,16:45,19,2,,33,King,1960,10,,1,2,1,1,0,1,1,,,,25,0,0,0.3,5,1,1,1,2,1,1,0,0,0,0,I-5,,-122.3209139,47.68081111,0,1,6,12,2,98,4,0,0,1,2,20,2,2,1,6,14,1,2,53,0,7,26,2008,0,,64,25,69,63,25,69,1,1,23,1,7,,4,7,20,7,11,0,02/19/2021,16:45,1.96053E+11,9859,0,0,0,3,1,0,,,,96,,,,,,99,,,,,,76712,48,,999,6,1,1,1,1,0,,0,,,,,,3,11/15/2017,03/15/2019,8,2,9,0,0,9,8,,,0,,,1,9,2,996,401,417,1,1,1,2,1,0,,,,,,,,,,,,,,,,,,,,,,,,,,,,,,0,0,1,0,0,0,1,1,0,0,0,0,1,0,0,0,0,0,0,1,0,0,0,1,1,0,0,0,0,1,0,0,0,1,0,,1,0,0,0,0,0,1,1,0,1,0,0,0,0,1,0,,,,,,21-25,16-25,Interstate,U,Friday,Not Used,PV,Multiracial,0,1,0,0,State Route,State Patrol,Washington State Patrol,1,1,0,0,0,,,,,,2,0,0,,,,,,,,,,,98,98,98,202,201,,,,20,,,,,,,,,1,0,,,,,,
2018,147,E801942,8,05/17/2018,17:02,17,5,0,31,Jefferson,0,1,0,1,1,1,1,0,7,6,16:47,17:08,17:48,12,0,8,14.3,1,0,1,3,1,1,3,0,0,0,0,SR-104,,-122.6197722,47.85721944,0,5,98,98,7,40,4,0,0,1,5,12,1,1,2,1,1,1,3,6,0,55,35,2018,0,0,12,12,,,,,1,1,64,2,0,0,0,0,3,0,11,0,,,,,0,0,3,3,1,0,0,0,0,96,,,,,,0,,,,,,77025,48,,999,6,1,0,0,0,0,,0,,,,,,0,,,8,0,0,0,8,9,8,,,0,0,0,8,0,8,95,,,96,,,8,95,995,,,,,,,,,,,,,,,,,,,,,,,,,,,,,,0,0,0,0,0,0,1,1,0,0,0,0,0,0,0,0,1,0,0,0,0,0,0,0,0,1,0,0,0,1,1,0,0,0,0,,0,0,0,0,0,0,0,0,0,0,0,0,0,0,0,0,,,,,,61-65,56-65,State route,R,Thursday,Belt Used,PV,Not Fatal,0,0,0,1,State Route,State Patrol,Washington State Patrol Headquarter,0,1,0,0,0,,,,,,0,0,0,,,,,,,,,,,,,,,,,,,,,,,,,,,,,,,,,,,
2017,285,E718658,7,07/16/2017,3:38,16,7,0,33,King,1030,1,0,3,1,1,1,0,1,1,,,,42,0,0,147,1,0,1,1,2,1,1,0,0,0,0,I-5,,-122.2964583,47.35935556,0,1,1,13,2,60,4,0,0,1,5,42,1,3,5,3,1,1,1,53,0,55,33,2010,0,0,63,42,,,,,1,1,23,1,7,2,4,7,99,0,11,0,07/16/2017,3:53,1.03053E+11,31902,0,0,0,3,1,0,0,0,0,96,,,,,,99,,,,,,77433,48,,999,6,1,0,0,0,0,0,0,,,,,,0,,,99,0,0,0,0,9,8,,,0,0,0,8,9,2,605,0,0,1,0,0,2,1,0.16,,,,,,,,,,,,,,,,,,,,,,,,,,,,,,0,0,1,0,1,1,1,1,1,0,0,0,0,0,0,0,0,0,0,0,0,0,0,1,1,0,0,0,0,1,0,0,0,0,0,,1,0,0,0,0,1,1,1,0,0,0,0,0,0,0,1,,,,,,21-25,16-25,Interstate,U,Sunday,Unknown,PV,Black,0,1,0,0,State Route,State Patrol,Washington State Patrol Headquarter,1,1,0,0,0,thc,4,,,,,,,,,,,,,,,,,,,,,,,,,,,,,,,,,,,,,,,,,
2019,21,E886569,2,01/14/2019,19:37,14,1,,29,Island,0,1,0,3,1,2,1,1,2,1,,,,8,0,0,16.1,3,0,3,3,1,1,3,0,0,0,0,SR-525,USELESS BAY RD,-122.4853944,48.0066,0,1,13,80,5,55,14,0,0,1,5,8,3,2,2,2,14,2,1,53,0,2,403,2002,0,0,8,,,,,,1,1,21,1,0,,0,0,3,0,11,0,,,,,0,0,0,3,1,0,0,0,0,96,,,,,,0,,,,,,77532,48,,999,6,1,0,1,0,0,,0,,,,,,0,10/15/2016,10/15/2016,20,0,0,0,8,9,8,,,0,0,0,8,0,8,95,,,96,,,8,95,995,,,,,,,,,,,,,,,,,,,,,,,,,,,,,,0,0,0,1,0,0,0,0,0,0,0,0,0,0,0,0,0,0,0,0,0,0,0,1,1,0,0,0,0,1,0,1,0,0,0,,0,0,0,0,0,0,0,0,0,0,0,0,0,0,0,0,,,,,,21-25,16-25,State route,R,Monday,Belt Used,PV,Not Fatal,1,0,0,0,State Route,State Patrol,Washington State Patrol,0,1,0,0,0,,,,,,0,0,0,,,,,,,,,,,98,98,98,0,,,,,20,7,,,,,,,,,,,,,,,
2021,28,EB02003,7,01/13/2021,21:34,13,1,,33,King,0,1,,2,1,1,1,0,3,3,,,,12,0,8,37.7,1,0,1,1,1,1,1,0,0,0,0,I-90,,-121.6391722,47.43245833,0,1,66,54,3,70,34,0,0,1,2,12,1,1,3,3,1,1,9,48,0,7,482,2005,0,,12,12,,,,,1,1,26,1,7,,4,7,20,7,11,0,01/13/2021,21:34,1.50053E+11,3931,0,0,0,2,1,51,,,,96,,,,,,98,,,,,,78130,48,,999,3,1,0,0,1,0,,0,,,,,,0,11/15/2018,11/15/2018,1,0,0,0,0,1,8,,,0,,,8,1,2,1,,,1,,,2,1,0.242,,,,,,,,,,,,,,,,,,,,,,,,,,,,,,0,0,0,0,1,1,0,1,0,0,0,0,0,1,0,0,0,0,0,1,0,0,0,0,0,0,0,0,0,1,1,0,0,1,0,,1,0,0,0,0,1,0,1,0,0,0,1,0,1,0,1,,,,,,26-30,26-35,Interstate,R,Wednesday,Not Used,PV,White,0,0,0,1,State Route,State Patrol,Washington State Patrol,0,1,0,0,0,,,,,,0,0,0,,,,,,,,,,,98,98,98,1,,,,,20,,,,,,,,,1,0,,,,,,
2017,537,E752997,2,12/29/2017,6:08,29,12,0,29,Island,0,2,0,2,2,2,1,0,2,2,,,,12,0,2,2.3,1,0,1,6,1,2,4,0,0,0,0,CR-SILVER LAKE RD,,-122.5621528,48.31818611,0,2,51,62,4,50,34,0,0,1,2,12,3,2,2,1,14,1,1,53,0,7,482,2012,0,0,12,,,,,,1,1,29,1,0,0,0,0,3,0,11,0,,,,,0,0,0,3,1,0,0,0,0,0,,,,,,0,,,,,,78727,48,,999,6,1,0,0,0,1,0,0,,,,,,0,07/15/2017,07/15/2017,1,0,0,0,8,9,8,,,0,0,0,8,0,0,0,0,0,0,0,0,0,0,996,,,,,,,,,,,,,,,,,,,,,,,,,,,,,,0,0,0,0,0,0,1,1,0,0,0,0,0,0,0,0,0,0,0,0,0,0,0,0,0,0,0,0,0,0,0,0,0,0,0,,0,0,0,0,0,0,0,0,0,0,0,0,0,0,0,0,,,,,,26-30,26-35,County road,R,Friday,Belt Used,PV,Not Fatal,0,1,1,0,County Road,State Patrol,Washington State Patrol Headquarter,0,0,1,0,0,,,,,,,,,,,,,,,,,,,,,,,,,,,,,,,,,,,,,,,,,,,
2020,346,EA62623,66,07/23/2020,23:56,23,7,,61,Snohomish,170,1,,3,1,2,1,0,2,2,,,,12,1,8,0,2,0,2,4,2,4,6,0,0,4,3,228TH ST SE,15th Ave SE,-122.2130861,47.79130833,0,1,68,15,2,30,3,0,0,1,2,12,1,1,5,1,11,1,2,91,0,36,38,2013,0,,12,,,,,,1,1,17,2,0,,2,0,2,0,11,0,,,,,0,0,0,3,1,38,,,,96,,,,,,0,,,,,,80015,8,67,120,6,2,0,0,0,0,,46,,,,,,0,,,20,0,0,0,8,9,8,,,0,,,8,8,0,0,,,0,,,0,0,996,,,,,,,,,,,,,,,,,,,,,,,,,,,,,,0,0,0,1,0,0,1,1,1,0,0,0,1,0,0,0,0,0,1,0,1,0,1,0,1,0,0,0,1,1,0,0,0,0,0,,0,0,0,0,0,0,0,0,0,0,1,0,0,0,0,0,,,,,,16-17,16-25,City street,U,Thursday,Belt Used,PV,Not Fatal,1,0,0,0,City Street,Municipal/City Police,Bothell Police Department,0,0,0,1,0,,,,,,0,0,0,,,,,,,,,,,98,98,98,0,,,,,20,7,,,,,,,,1,0,,,,,,
2018,40,E769591,7,02/08/2018,16:34,8,2,0,33,King,0,2,0,1,2,2,1,0,2,2,,,,12,0,2,22.6,1,0,1,3,1,1,3,0,0,0,0,SR-18,,-121.9817417,47.43333333,0,1,50,10,2,55,6,0,0,1,7,12,1,2,4,1,1,1,1,8,0,7,21,2005,0,0,68,12,,,,,1,1,30,1,7,1,4,7,20,0,11,0,02/08/2018,16:38,98053006117,6117,0,0,0,3,1,28,0,0,0,92,,,,,,99,,,,,,80215,8,75,200,6,1,0,0,0,0,,0,,,,,,0,,,1,0,0,0,0,9,8,,,0,0,0,8,9,2,996,,,1,,,2,1,0.28,,,,,,,,,,,,,,,,,,,,,,,,,,,,,,0,0,0,0,1,1,1,1,0,0,0,0,0,0,0,0,1,0,0,1,0,0,0,0,0,0,0,0,0,1,1,0,0,1,0,,1,0,0,0,0,1,1,1,1,0,0,0,0,0,0,1,,,,,,26-30,26-35,State route,R,Thursday,Not Used,PV,White,0,1,1,0,State Route,State Patrol,Washington State Patrol Headquarter,0,1,0,0,0,,,,,,0,0,0,,,,,,,,,,,,,,,,,,,,,,,,,,,,,,,,,,,
2017,17,E634438,3,01/15/2017,14:21,15,1,2,53,Pierce,1124,1,0,1,1,2,1,1,3,1,,,,8,0,0,123.2,1,0,1,1,2,1,1,0,0,0,0,I-5,,-122.5424556,47.127125,0,1,13,80,5,60,14,0,0,1,2,8,1,1,4,3,1,3,2,53,0,2,405,2010,0,0,8,,,,,,1,1,25,1,0,0,0,0,3,0,11,0,,,,,0,0,0,3,1,0,0,0,0,0,,,,,,0,,,,,,80902,8,70,190,6,1,0,0,0,0,0,0,,,,,,0,,,20,0,0,0,8,9,8,,,0,0,0,8,0,0,0,0,0,0,0,0,0,0,996,,,,,,,,,,,,,,,,,,,,,,,,,,,,,,0,0,0,0,0,0,0,0,0,1,0,1,0,0,0,0,0,0,0,0,0,0,0,1,1,0,0,0,0,1,0,1,0,0,0,,0,0,0,0,0,0,0,0,0,0,0,0,0,0,0,0,,,,,,21-25,16-25,Interstate,U,Sunday,Belt Used,PV,Not Fatal,0,0,0,0,State Route,State Patrol,Washington State Patrol,0,1,0,0,0,,,,,,,,,,,,,,,,,,,,,,,,,,,,,,,,,,,,,,,,,,,
2019,412,E983677,2,11/14/2019,6:50,14,11,,73,Whatcom,150,1,0,3,1,2,1,0,1,1,,,,59,0,0,276.4,1,0,1,1,2,1,1,0,0,0,0,I-5,,-122.75365,48.99938056,0,1,2,6,1,98,4,0,0,1,7,25,2,1,3,3,14,1,2,8,0,37,32,2003,0,0,63,59,25,,,,1,1,38,2,7,,4,7,20,7,11,0,11/14/2019,6:50,15053054063,54063,0,0,3,3,1,0,0,0,0,96,,,,,,9,,,,,,81416,8,69,190,6,1,0,0,0,0,,0,,,,,,4,,,8,0,0,0,0,9,8,,,0,0,0,1,9,2,996,996,996,1,1,1,2,1,0,,,,,,,,,,,,,,,,,,,,,,,,,,,,,,0,0,0,0,0,0,1,1,0,0,0,0,1,0,0,0,0,0,0,1,0,0,0,0,0,0,0,0,0,1,0,0,0,1,0,,1,0,0,0,0,0,1,1,0,1,0,0,0,0,1,0,,,,,,36-40,36-45,Interstate,U,Thursday,Not Used,PV,White,0,1,0,0,State Route,State Patrol,Washington State Patrol,1,1,0,0,0,,,,,,0,0,0,1,1,1,,,334,401,417,,,98,98,98,1,,,,,20,7,,,,,,,,,,,,,,,
2021,390,EB74510,1,09/11/2021,1:14,11,9,,71,Walla Walla,0,1,,2,1,2,1,0,1,1,,,,35,0,0,349,1,0,1,3,1,1,2,0,0,0,0,US-12,,-118.1377639,46.19419444,0,1,1,13,2,60,34,0,0,1,2,1,3,1,2,1,14,1,2,16,0,12,481,1993,0,,63,35,1,,,,1,1,25,1,7,,4,7,20,7,11,0,09/11/2021,1:14,53045075,45075,6,0,0,3,1,0,,,,92,,,,,,98,,,,,,83318,16,67,130,6,1,0,0,0,0,,0,,,,,,0,,,20,1,9,0,1,9,8,,,0,,,8,8,0,0,,,0,,,0,0,996,,,,,,,,,,,,,,,,,,,,,,,,,,,,,,0,0,1,0,0,0,0,0,0,0,0,0,0,0,0,0,1,0,0,1,0,0,0,1,1,0,0,0,0,1,0,0,0,1,0,,1,0,0,0,0,0,0,0,1,0,0,0,0,0,0,0,,,,,,21-25,16-25,US highway,R,Saturday,Not Used,PV,White,0,1,0,0,State Route,State Patrol,Washington State Patrol,1,1,0,0,0,,,,,,0,0,0,,,,,,,,,,,0,0,0,1,,,,,20,,,,,,,,,1,0,,,,,,
2017,115,E663918,53,04/14/2017,15:02,14,4,0,61,Snohomish,80,1,0,1,1,2,1,0,3,3,15:01,15:06,15:31,12,0,6,0,2,0,2,4,2,4,6,0,0,20,3,204TH ST NE,77TH AVE NE,-122.1263389,48.18082222,0,3,98,66,4,25,66,1,0,1,2,12,1,1,2,1,5,1,3,53,0,85,881,1997,0,0,12,,,,,,1,1,50,1,0,0,0,0,3,0,11,0,,,,,6,1,0,3,1,0,0,0,0,0,,,,,,0,,,,,,83401,16,71,185,6,1,0,0,0,0,0,0,,,,,,0,,,20,0,0,0,8,9,8,,,0,0,0,8,0,0,0,0,0,0,0,0,0,0,996,,,,,,,,,,,,,,,,,,,,,,,,,,,,,,0,0,0,1,0,0,0,0,0,0,0,0,0,0,0,0,0,0,1,1,0,0,0,0,0,1,1,1,0,1,1,0,0,0,0,,0,0,0,0,0,0,0,0,0,0,0,0,0,0,0,0,,,,,,46-50,46-55,City street,U,Friday,,MHTRUCK,Not Fatal,1,0,0,0,City Street,Municipal/City Police,Arlington Police Department,0,0,0,1,0,,,,,,,,,,,,,,,,,,,,,,,,,,,,,,,,,,,,,,,,,,,
2017,148,E676815,4,05/29/2017,4:50,29,5,4,1,Adams,0,1,0,4,1,2,1,0,2,1,,,,1,0,0,78.6,1,0,1,3,1,1,2,0,0,0,0,US-395,,-118.3661167,47.11668333,0,1,7,9,1,70,14,0,0,1,2,1,1,1,2,2,1,2,2,16,0,20,403,2005,0,0,64,69,68,64,1,,1,1,18,1,0,0,0,0,3,0,11,0,,,,,0,0,3,3,1,58,0,0,0,0,,,,,,2,,,,,,83455,16,68,999,6,1,0,0,0,0,0,1,,,,,,3,,,20,0,0,0,8,9,2,,,0,0,0,0,0,0,0,0,0,0,0,0,0,0,996,,,,,,,,,,,,,,,,,,,,,,,,,,,,,,0,0,0,0,0,0,0,0,0,0,0,0,1,0,0,1,0,0,0,1,0,1,1,0,1,0,0,0,0,1,0,0,0,0,0,,0,0,0,0,0,0,0,0,0,1,0,0,0,0,0,0,,,,,,18-20,16-25,US highway,R,Monday,Belt Used,PV,Not Fatal,0,1,0,0,State Route,State Patrol,Washington State Patrol Headquarter,1,1,0,0,0,,,,,,,,,,,,,,,,,,,,,,,,,,,,,,,,,,,,,,,,,,,
2017,534,E751154,4,12/22/2017,14:45,22,12,0,75,Whitman,0,4,0,1,4,2,1,0,2,2,14:48,15:02,,12,0,98,19,1,0,1,3,1,1,2,0,0,0,0,US-195,,-117.2038583,46.69016389,1,1,98,6,1,60,4,0,0,1,2,12,1,1,2,1,1,1,2,16,0,48,34,2003,0,0,68,12,64,38,,,1,1,20,1,7,1,4,7,3,0,11,0,12/22/2017,14:45,1.76053E+11,56220,0,0,3,3,1,28,87,0,0,96,,,,,,0,,,,,,83501,16,69,140,6,1,0,0,0,0,0,0,,,,,,0,,,1,0,0,0,0,9,8,,,0,0,0,8,0,2,401,0,0,1,0,0,2,1,0,,,,,,,,,,,,,,,,,,,,,,,,,,,,,,0,0,0,0,0,0,1,1,0,0,0,0,0,0,0,0,0,0,0,0,0,1,1,0,1,0,0,0,0,1,0,0,0,0,0,,1,0,0,0,0,0,1,1,0,0,0,0,0,0,1,0,,,,,,18-20,16-25,US highway,R,Friday,Belt Used,PV,White,0,1,1,0,State Route,State Patrol,Washington State Patrol Headquarter,0,1,0,0,0,,,,,,,,,,,,,,,,,,,,,,,,,,,,,,,,,,,,,,,,,,,
2019,77,E904788,46,03/14/2019,7:40,14,3,,75,Whitman,0,1,0,1,1,2,1,1,1,1,,,,8,0,0,0.6,1,0,1,7,2,2,4,0,0,0,0,CR-WILMA DR,,-117.0862056,46.422275,0,1,13,80,5,25,66,1,0,1,5,8,1,1,2,1,1,1,3,53,0,87,884,2000,0,0,8,,,,,,1,1,44,1,0,,0,0,99,7,11,0,,,,,6,1,0,3,1,0,0,0,0,0,,,,,,0,,,,,,83501,16,67,160,6,1,0,0,0,1,,0,,,,,,0,10/15/2016,10/15/2016,20,0,0,0,8,9,8,,,0,0,0,8,0,8,95,,,96,,,8,95,995,,,,,,,,,,,,,,,,,,,,,,,,,,,,,,0,0,0,0,0,0,0,0,0,0,0,0,0,0,0,0,0,0,0,0,0,0,0,0,0,0,0,0,0,0,1,1,0,0,0,,0,0,0,0,0,0,0,0,0,0,0,0,0,0,0,0,,,,,,41-45,36-45,County road,U,Thursday,,MHTRUCK,Not Fatal,0,0,0,0,County Road,County Sheriff,Whitman County Sheriff's Office,0,0,1,0,0,,,,,,0,0,0,,,,,,,,,,,98,98,98,0,,,,,20,7,,,,,,,,,,,,,,,
2020,144,EA34402,241,04/13/2020,6:54,13,4,,75,Whitman,1760,1,,1,1,2,1,0,2,2,6:57,7:03,7:25,12,0,6,4.5,2,0,3,3,2,1,3,0,0,3,3,SR-270,AIRPORT RD,-117.1443611,46.72170278,0,1,83,17,2,55,6,0,0,1,2,12,1,1,6,1,1,1,2,16,0,35,51,2018,0,,12,,,,,,1,1,32,1,0,,1,0,20,7,11,5,,,,,0,0,1,3,1,39,,,,92,,,,,,98,,,,,,83501,16,76,260,6,1,0,1,0,0,,97,,,,,,0,03/15/2020,03/15/2020,1,0,0,0,8,9,8,,,0,,,8,8,0,0,,,0,,,0,0,996,,,,,,,,,,,,,,,,,,,,,,,,,,,,,,0,0,0,1,0,0,0,0,0,0,0,0,0,0,0,0,1,0,0,0,0,0,0,0,0,0,0,0,0,1,0,0,0,0,0,,0,0,0,0,0,0,0,0,1,0,0,0,0,0,0,0,,,,,,31-35,26-35,State route,U,Monday,Not Used,PV,Not Fatal,1,0,0,0,State Route,Municipal/City Police,Pullman Police Department,0,1,0,0,0,,,,,,0,0,0,,,,,,,,,,,98,98,98,0,,,,,20,7,,,,,,,,1,0,,,,,,
2021,459,EB87829,4,11/02/2021,11:56,2,11,,63,Spokane,0,1,,1,1,2,1,0,1,1,,,,1,0,0,86.5,1,0,1,2,1,1,2,0,0,0,0,US-195,,-117.3955778,47.55781111,0,1,6,12,2,60,34,0,0,1,2,1,2,2,2,3,14,1,1,16,0,20,471,1998,0,,64,1,,,,,1,1,33,1,7,,4,0,20,7,11,5,11/02/2021,19:42,2.11053E+11,56047,0,0,0,3,1,0,,,,96,,,,,,2,9,,,,,83501,16,71,200,6,1,0,0,0,0,,0,,,,,,0,,,20,1,9,0,0,9,1,,,0,,,1,8,2,316,605,695,1,1,1,2,1,0,,,,,,,,,,,,,,,,,,,,,,,,,,,,,,0,0,1,0,0,0,1,1,1,0,0,0,0,0,0,1,0,0,0,1,0,0,0,0,0,0,0,0,0,1,0,0,0,1,0,,1,0,0,0,0,0,1,1,0,0,0,0,0,0,1,0,,,,,,31-35,26-35,US highway,R,Tuesday,Not Used,PV,White,0,1,0,0,State Route,State Patrol,Washington State Patrol,1,1,0,0,0,thc,1.4,carboxy-thc,21,,0,0,0,1,1,1,,,124,401,417,996,996,0,0,0,1,,,,,20,,,,,,,,nms,1,0,,,,,,