year,case,par,repjur,crash_dt,crash_tm,accday,accmon,holiday,county,co_char,city,weather,weather2,lightcond,surfcond,surftype,numfatal,nmforms,pforms,vforms,not_tm,arr_tm,hosp_tm,fhevent,hitrun,manncol,milepnt,reljunc,reljuncinter,intersectiontype,funcsystem,landuse,ownership,route,schlbus,spejur,contdev,devfunc,trafid1,trafid2,x,y,wk_zone,vnumber,crashtype,criticalevent,criticaleventcat,spdlim,body,trailer,emerg,hazcargo,leave,mhevent,roadalgn,roadprof,traflane,trafflow,vehmanvr,numoccs,regowner,regstate,spuse,make,model,modelyr,vrf1,vrf2,seqevent1,seqevent2,seqevent3,seqevent4,seqevent5,seqevent6,pnumber,ptype,age,sex,hispanic,race,injury,diedscene,restraint,restraintmisuse,seatpos,takehosp,death_dt,death_tm,cert,cernum_wa,commlic,licendor,licrestrict,liccomp,drivpres,drf1,drf2,drf3,drf4,distract1,distract2,distract3,distract4,distract5,distract6,dricond1,dricond2,dricond3,dricond4,dricond5,dricond6,dzip,licstate,drhgt_in,weight,noncdl,noncdltype,prevdwi,prevoth,prevacc,prevspd,prevsus,driviol1,driviol2,driviol3,driviol4,driviol5,driviol6,spdrel,first_dt,last_dt,airbag,ejection,ejectpath,extricat,injurwrk,methalc,methdrug,nmlocat,strikveh,prf1,prf2,prf3,druginv,alcinvol,drugsts,drugres1,drugres2,drugres3,drugtst1,drugtst2,drugtst3,alcsts,alctst,alcres,nmact1,nmact2,nmact3,nmact4,nmact5,nmact6,nmprior1,nmprior2,nmprior3,nmprior4,nmprior5,nmprior6,nmcond1,nmcond2,nmcond3,nmcond4,nmcond5,nmcond6,nmsafe_helmet,nmsafe_pads,nmsafe_oth,nmprev_ref,nmprev_lgt,nmprev_oth,crashlocation,nmcrashtype,crosswalk,schoolzone,sidewalk,train_inv,wildlife_inv,rotr_fars,intersect_fars,dd_inv,aid_inv,dpd_inv,id_inv,mj_inv,impnm_inv,ainm_inv,dpnm_inv,speed_inv,unlic_inv,unendmc_inv,drowsy_inv,drdist_inv,nmdist_inv,fty_inv,unrestfat_inv,dr1617_inv,dr1820_inv,dr1620_inv,dr2125_inv,dr1625_inv,dr65_inv,dr70_inv,dr75_inv,mc_inv,pv_inv,ht_inv,ped_inv,bike_inv,unrest_fat,mc_fat,unhelmet_mc,pv_fat,ht_fat,ped_fat,bike_fat,dr_alc7,dr_alc8,dr_drug,dr_imp,dr_dist,dr_spd,dr_fty,dr_unlic,dr_alc7only,dr_alc8only,dr_drugonly,dr_drink,nm_imp,nm_alc7,nm_alc8,nm_drug,nm_dist,agegrp1,agegrp2,roadclass,urbrur,dayweek,restuse,vehtype,race_me,intersect,lanedep,oppdir,wrongway,rep_typ,investag,repag_long,rotr,st_rd,cty_rd,city_rd,oth_rd,drug_thc,thc_res,drug_cthc,cthc_res,drug_cann,prevpersemin,prevperse,prevsusoth,drugtst4,drugtst5,drugtst6,drugtst7,drugtst8,drugres4,drugres5,drugres6,drugres7,drugres8,adspresent,adsengaged,adslevel,race1,race2,race3,race4,race5,helmet,helmetmisuse,nmdistract1,nmdistract2,nmdistract3,nmdistract4,nmdistract5,nmdistract6,lab,isedtcase,crf1,crf2,crf3,CoRoadName,CoMP,IntCoRoadName,IntCoMP
2019,354,E968352,1,09/30/2019,1:29,30,9,,13,Columbia,0,1,0,2,2,2,1,0,1,1,,,,1,0,0,367.6,1,0,1,3,1,1,2,0,0,0,0,US-12,,-117.9517528,46.35675833,0,1,6,12,2,60,66,2,0,1,7,1,2,2,2,1,14,1,3,16,0,82,881,1998,0,0,68,64,1,,,,1,1,80,1,7,,4,7,3,0,11,0,09/30/2019,1:29,53044078,44078,6,3,0,3,1,0,0,0,0,96,,,,,,99,,,,,,83536,16,72,180,6,1,0,0,0,1,,0,,,,,,4,11/15/2016,11/15/2016,20,2,9,0,1,9,8,,,0,0,0,8,0,2,1,,,1,,,2,1,0,,,,,,,,,,,,,,,,,,,,,,,,,,,,,,0,0,1,0,0,0,0,0,0,0,0,0,1,0,0,0,0,0,0,0,0,0,0,0,0,1,1,1,0,0,1,0,0,0,0,,0,1,0,0,0,0,0,0,0,1,0,0,0,0,0,0,,,,,,76-80,76+,US highway,R,Monday,,MHTRUCK,White,0,1,0,0,State Route,State Patrol,Washington State Patrol,1,1,0,0,0,,,,,,0,0,0,,,,,,,,,,,0,0,0,1,,,,,20,7,,,,,,,,,,,,,,,
2021,5,EA96301,4,01/05/2021,14:25,5,1,,75,Whitman,0,1,,1,1,2,1,0,4,2,,,,12,0,2,17.8,1,0,1,3,1,1,2,0,0,0,0,US-195,,-117.1956611,46.67389167,0,2,51,62,4,60,16,0,0,1,2,12,1,1,2,1,1,3,2,16,0,12,423,2001,0,,12,,,,,,1,1,18,2,0,,1,0,3,0,11,0,,,,,0,0,0,3,1,0,,,,96,,,,,,98,,,,,,83536,16,68,160,6,1,0,0,0,0,,0,,,,,,0,,,20,0,0,0,8,3,2,,,0,,,0,0,0,0,,,0,,,0,0,996,,,,,,,,,,,,,,,,,,,,,,,,,,,,,,0,0,0,0,0,0,1,1,0,0,0,0,0,0,0,0,0,0,0,0,0,1,1,0,1,1,1,1,0,1,0,0,0,0,0,,0,0,0,0,0,0,0,0,0,0,0,0,0,0,0,0,,,,,,18-20,16-25,US highway,R,Tuesday,Belt Used,PV,Not Fatal,0,1,1,0,State Route,State Patrol,Washington State Patrol,0,1,0,0,0,,,,,,0,0,0,,,,,,,,,,,98,98,98,0,,,,,20,,,,,,,,,1,0,,,,,,
2017,227,3660781,344,06/11/2017,2:35,11,6,0,77,Yakima,0,10,0,2,1,2,2,0,5,2,2:34,3:00,3:43,12,0,2,9,1,0,1,5,1,2,4,0,3,0,0,CR-FT ROAD,,-120.5174389,46.37534167,0,2,51,62,4,55,4,0,0,1,2,12,1,1,2,1,1,4,1,53,0,37,31,1999,0,0,12,,,,,,1,1,34,1,7,3,4,0,3,0,11,4,06/11/2017,3:52,2.59053E+11,26286,0,0,0,3,1,0,0,0,0,0,,,,,,0,,,,,,83540,16,66,196,6,1,0,2,0,1,3,0,,,,,,0,02/15/2014,01/15/2016,1,0,0,0,0,9,8,,,0,0,0,8,0,2,401,417,0,1,1,0,2,1,0,,,,,,,,,,,,,,,,,,,,,,,,,,,,,,0,0,0,0,1,0,1,1,0,0,0,0,0,1,0,0,0,0,0,1,0,0,0,0,0,0,0,0,0,1,0,0,0,0,0,,1,0,0,0,0,0,1,1,0,0,0,0,0,0,1,0,,,,,,31-35,26-35,County road,R,Sunday,Belt Used,PV,AIAN,0,1,1,0,County Road,Other Law Enforcement,Yakama Tribal Police Department,0,0,1,0,0,,,,,,,,,,,,,,,,,,,,,,,,,,,,,,,,,,,,,,,,,,,
2017,45,E638895,4,02/03/2017,9:50,3,2,0,75,Whitman,0,4,0,1,4,1,1,0,2,2,,,,12,0,6,57.8,1,0,1,3,1,1,2,0,0,0,0,US-195,,-117.3797389,47.16836944,0,2,66,62,4,60,63,1,0,1,2,12,3,1,2,1,14,1,9,99,0,98,804,2014,0,0,12,,,,,,1,1,57,1,0,0,0,0,3,0,11,0,,,,,6,1,3,3,1,0,0,0,0,0,,,,,,0,,,,,,83544,16,72,210,6,1,0,0,0,0,0,0,,,,,,0,,,20,0,0,0,8,9,8,,,0,0,0,8,0,0,0,0,0,0,0,0,0,0,996,,,,,,,,,,,,,,,,,,,,,,,,,,,,,,0,0,0,0,0,0,0,0,0,0,0,0,1,0,0,0,0,0,0,0,0,1,1,0,1,0,0,0,0,0,1,0,0,0,0,,0,0,0,0,0,0,0,0,0,0,0,0,0,0,0,0,,,,,,56-60,56-65,US highway,R,Friday,,MHTRUCK,Not Fatal,0,1,1,0,State Route,State Patrol,Washington State Patrol,0,1,0,0,0,,,,,,,,,,,,,,,,,,,,,,,,,,,,,,,,,,,,,,,,,,,
2020,393,EA70514,7,10/02/2020,19:34,2,10,,33,King,0,1,,2,1,2,1,0,1,1,19:38,19:55,,1,0,0,23.5,1,0,1,3,1,1,3,0,0,0,0,SR-18,,-121.9418917,47.46331944,0,1,98,8,1,55,80,0,0,1,2,1,1,2,2,3,1,1,1,53,0,72,706,2020,0,,1,,,,,,1,1,45,1,7,,4,0,20,7,11,5,10/02/2020,21:03,1.96053E+11,46419,0,0,0,3,1,0,,,,12,,,,,,98,,,,,,83607,16,66,185,6,1,0,0,0,2,,0,,,,,,0,08/15/2018,07/15/2018,20,8,0,0,0,9,8,,,0,,,8,8,2,1,,,1,,,2,1,0.111,,,,,,,,,,,,,,,,,,,,,,,,,,,,,,0,0,0,0,1,1,0,1,0,0,0,0,0,0,0,0,1,0,0,0,0,0,0,0,0,0,0,0,1,0,0,0,0,0,1,0,0,0,0,0,0,1,0,1,1,0,0,0,0,1,0,1,,,,,,41-45,36-45,State route,R,Friday,,MC,White,0,0,0,0,State Route,State Patrol,Washington State Patrol,0,1,0,0,0,,,,,,0,0,0,,,,,,,,,,,0,0,0,1,,,,,5,0,,,,,,,,1,0,,,,,,
2019,38,E891885,1,02/04/2019,16:48,4,2,,21,Franklin,0,4,0,2,10,1,1,0,5,1,,,,1,0,0,40.8,1,0,1,3,1,1,2,0,0,0,0,US-395,,-119.0508028,46.40802778,0,1,2,6,1,70,34,0,0,1,2,1,1,2,2,3,1,5,2,53,0,49,482,2004,0,0,63,1,,,,,1,1,31,2,0,,0,0,3,0,11,0,,,,,0,0,3,3,1,87,0,0,0,96,,,,,,0,,,,,,83627,16,63,150,6,1,0,0,0,1,,0,,,,,,4,08/15/2015,08/15/2015,20,0,0,0,8,9,8,,,0,0,0,8,0,2,1,,,1,,,2,1,0,,,,,,,,,,,,,,,,,,,,,,,,,,,,,,0,0,0,0,0,0,0,0,0,0,0,0,1,0,0,0,0,0,0,1,0,0,0,0,0,0,0,0,0,1,0,0,0,0,0,,0,0,0,0,0,0,0,0,0,1,0,0,0,0,0,0,,,,,,31-35,26-35,US highway,R,Monday,Belt Used,PV,Not Fatal,0,1,0,0,State Route,State Patrol,Washington State Patrol,1,1,0,0,0,,,,,,0,0,0,,,,,,,,,,,98,98,98,0,,,,,20,7,,,,,,,,,,,,,,,
2020,80,EA26001,1,03/20/2020,17:38,20,3,,5,Benton,0,1,,1,1,2,1,0,2,2,18:43,18:46,,12,0,2,24,1,0,1,4,1,1,3,0,0,0,0,SR-221,,-119.7153389,46.199375,0,2,51,62,4,55,4,0,0,1,2,12,1,2,2,1,1,1,3,16,0,48,34,2018,0,,12,,,,,,1,1,43,1,0,,2,0,3,0,11,0,,,,,0,0,0,3,1,0,,,,96,,,,,,9,,,,,,83629,16,70,192,6,1,0,0,0,0,,0,,,,,,0,,,8,0,0,0,8,9,8,,,0,,,8,1,2,695,605,,1,1,,2,1,0.13,,,,,,,,,,,,,,,,,,,,,,,,,,,,,,0,0,0,0,1,1,1,1,1,0,0,0,0,0,0,0,0,0,0,0,0,0,0,0,0,0,0,0,0,1,0,0,0,0,0,,0,0,0,0,0,1,1,1,0,0,0,0,0,0,0,1,,,,,,41-45,36-45,State route,R,Friday,Belt Used,PV,Not Fatal,0,1,1,0,State Route,State Patrol,Washington State Patrol,0,1,0,0,0,thc,2.8,carboxy-thc,16,,0,0,0,,,,,,,,,,,98,98,98,0,,,,,20,7,,,,,,,,1,0,,,,,,
2018,27,E764614,4,01/25/2018,4:34,25,1,0,1,Adams,0,1,0,2,4,2,1,0,1,1,4:34,4:48,,1,0,0,216.4,1,0,1,1,1,1,1,0,0,0,0,I-90,,-118.4210194,47.1109,0,1,2,6,1,70,34,0,0,1,2,1,1,1,2,3,1,1,2,53,0,12,481,2014,0,0,63,1,,,,,1,1,32,1,7,58,4,7,20,0,11,0,01/25/2018,4:34,53003745,3745,0,0,0,3,1,87,0,0,0,96,,,,,,99,,,,,,83704,16,65,185,6,1,0,0,0,1,,0,,,,,,4,09/15/2015,09/15/2015,8,1,9,0,9,9,8,,,0,0,0,8,9,2,423,,,2,,,2,1,0,,,,,,,,,,,,,,,,,,,,,,,,,,,,,,0,0,0,0,0,0,1,1,0,0,0,0,1,0,0,0,0,0,0,1,0,0,0,0,0,0,0,0,0,1,0,0,0,1,0,,1,0,0,0,0,0,1,1,0,1,0,0,0,0,1,0,,,,,,31-35,26-35,Interstate,R,Thursday,Not Used,PV,API,0,1,0,0,State Route,State Patrol,Washington State Patrol Headquarter,1,1,0,0,0,,,,,,0,0,0,,,,,,,,,,,,,,,,,,,,,,,,,,,,,,,,,,,
2017,194,E678581,1,06/05/2017,16:03,5,6,0,21,Franklin,0,1,0,1,1,2,2,0,3,2,,,,12,0,2,11.2,1,0,1,3,1,1,3,0,0,0,0,SR-17,,-119.0203028,46.71949167,0,2,51,62,4,60,67,0,0,1,2,12,1,1,2,1,1,1,2,16,0,7,880,2017,0,0,12,,,,,,1,1,50,1,0,0,1,0,3,0,11,8,,,,,0,0,0,3,1,0,0,0,0,0,,,,,,0,,,,,,83714,16,71,210,6,1,0,0,0,0,0,0,,,,,,0,,,1,0,0,0,8,9,8,,,0,0,0,8,0,0,0,0,0,0,0,0,0,0,996,,,,,,,,,,,,,,,,,,,,,,,,,,,,,,0,0,0,0,0,0,0,0,0,0,0,0,0,0,0,0,0,0,0,1,1,0,1,0,1,0,0,0,0,1,1,0,0,0,0,,0,0,0,0,0,0,0,0,0,0,0,0,0,0,0,0,,,,,,46-50,46-55,State route,R,Monday,Belt Used,MHTRUCK,Not Fatal,0,1,1,0,State Route,State Patrol,Washington State Patrol Headquarter,0,1,0,0,0,,,,,,,,,,,,,,,,,,,,,,,,,,,,,,,,,,,,,,,,,,,
2020,210,EA43322,4,06/26/2020,6:55,26,6,,63,Spokane,0,1,,1,1,2,1,1,1,1,7:11,7:26,7:40,9,0,0,5,1,0,1,5,1,1,3,0,0,0,0,SR-206,,-117.2485944,47.79328333,0,1,13,83,5,50,62,0,0,1,2,9,1,1,2,1,1,1,3,16,0,82,881,2015,0,,9,,,,,,1,1,46,1,0,,0,0,3,0,11,0,,,,,0,0,1,3,1,91,,,,96,,,,,,9,,,,,,83814,16,70,180,6,1,0,2,0,0,,1,12,,,,,0,09/15/2019,02/15/2019,20,0,0,0,8,9,1,,,0,,,1,8,2,695,401,417,1,1,1,2,1,0,,,,,,,,,,,,,,,,,,,,,,,,,,,,,,0,0,0,0,0,0,1,1,1,1,0,1,0,0,0,0,0,0,0,0,0,0,0,0,0,0,0,0,0,0,1,0,1,0,0,,0,0,0,0,0,0,1,1,0,0,0,0,0,0,1,0,,,,,,46-50,46-55,State route,R,Friday,,MHTRUCK,Not Fatal,0,0,0,0,State Route,State Patrol,Washington State Patrol,0,1,0,0,0,,,carboxy-thc,6.5,,0,0,0,,,,,,,,,,,98,98,98,0,,,,,20,7,,,,,,,,1,0,,,,,,
2017,63,E643918,40,02/15/2017,13:21,15,2,0,63,Spokane,2113,2,0,1,2,2,1,0,2,2,13:24,13:29,14:00,12,0,2,0,1,0,1,3,2,4,6,0,0,0,0,E 32ND,,-117.2292806,47.62786667,0,1,50,10,2,35,2,0,0,1,2,12,1,1,2,1,1,1,2,16,0,37,33,1987,0,0,68,12,,,,,1,1,27,1,7,1,4,0,99,0,11,4,02/21/2017,23:00,2.11053E+11,9114,0,0,0,2,1,28,0,0,0,96,,,,,,99,,,,,,83815,16,67,140,1,1,3,3,98,0,2,0,,,,,,0,02/15/2013,02/15/2017,20,0,0,0,0,9,8,,,0,0,0,8,9,2,996,0,0,1,0,0,2,1,0,,,,,,,,,,,,,,,,,,,,,,,,,,,,,,0,0,0,0,0,0,1,1,0,0,0,0,0,1,0,0,0,0,0,0,0,0,0,0,0,1,0,0,0,1,0,0,0,0,0,,1,0,0,0,0,0,1,1,0,0,0,1,0,0,1,0,,,,,,26-30,26-35,City street,U,Wednesday,Unknown,PV,White,0,1,1,0,City Street,County Sheriff,Spokane County Sheriff's Office,0,0,0,1,0,,,,,,,,,,,,,,,,,,,,,,,,,,,,,,,,,,,,,,,,,,,
2018,222,E816925,4,07/11/2018,7:00,11,7,0,63,Spokane,0,1,0,1,1,2,1,0,3,2,7:00,7:18,,12,0,6,15.2,2,0,2,4,1,1,3,0,0,0,0,SR-290,MCKENZIE RD,-117.0986556,47.71208056,0,2,83,67,4,55,66,1,0,1,5,12,8,8,4,1,1,1,3,53,0,85,881,1998,0,0,12,,,,,,1,1,27,1,0,0,0,0,3,0,11,0,,,,,6,3,0,3,1,0,0,0,0,96,,,,,,0,,,,,,83815,16,75,200,6,1,0,0,0,0,,0,,,,,,0,,,20,0,0,0,8,9,8,,,0,0,0,8,0,2,1,,,1,,,2,1,0,,,,,,,,,,,,,,,,,,,,,,,,,,,,,,0,0,0,1,0,0,0,0,0,0,0,0,0,0,0,0,1,0,1,0,1,0,1,0,1,0,0,0,0,1,1,0,0,0,0,,0,0,0,0,0,0,0,0,0,0,0,0,0,0,0,0,,,,,,26-30,26-35,State route,R,Wednesday,,MHTRUCK,Not Fatal,1,0,0,0,State Route,State Patrol,Washington State Patrol Headquarter,0,1,0,0,0,,,,,,0,0,0,,,,,,,,,,,,,,,,,,,,,,,,,,,,,,,,,,,
2018,384,E853812,4,10/27/2018,3:56,27,10,0,63,Spokane,0,1,0,3,1,2,1,0,3,2,3:55,4:02,4:50,12,0,2,289,1,0,1,3,2,1,2,0,0,0,0,US-2,,-117.3537889,47.785075,0,2,51,62,4,45,4,0,0,1,2,12,1,1,5,5,1,2,1,16,0,63,34,2008,0,0,12,,,,,,1,1,21,2,7,1,4,7,3,0,11,0,10/27/2018,4:05,53047276,47276,0,0,0,3,1,0,0,0,0,96,,,,,,0,,,,,,83815,16,64,112,6,1,0,0,0,1,,0,,,,,,0,02/15/2017,02/15/2017,1,0,0,0,0,9,8,,,0,0,0,8,0,2,605,695,,1,1,,2,1,0,,,,,,,,,,,,,,,,,,,,,,,,,,,,,,0,0,0,0,1,0,1,1,1,0,0,0,0,0,0,0,0,0,0,0,0,0,0,1,1,0,0,0,0,1,1,0,0,0,0,,1,0,0,0,0,0,1,1,0,0,0,0,0,0,1,0,,,,,,21-25,16-25,US highway,U,Saturday,Belt Used,PV,White,0,1,1,0,State Route,State Patrol,Washington State Patrol,0,1,0,0,0,thc,23,carboxy-thc,888,,0,0,0,,,,,,,,,,,,,,,,,,,,,,,,,,,,,,,,,,,
2021,8,EA98325,4,01/14/2021,18:10,14,1,,63,Spokane,2113,1,,3,1,2,1,1,2,1,,,,8,0,0,87.9,1,0,1,3,2,1,3,0,0,0,0,SR-27,,-117.2397861,47.65989722,0,1,13,80,5,35,4,0,0,1,5,8,1,1,5,5,1,2,1,16,0,20,37,2014,0,,8,,,,,,1,1,22,1,0,,0,0,3,0,11,0,,,,,0,0,1,3,1,10,,,,0,,,,,,98,,,,,,83815,16,72,150,6,1,0,1,0,0,,0,,,,,,0,12/15/2016,12/15/2016,20,0,0,0,8,9,8,,,0,,,8,8,0,0,,,0,,,0,0,996,,,,,,,,,,,,,,,,,,,,,,,,,,,,,,0,0,0,0,0,0,0,0,0,1,0,1,0,0,0,0,0,0,0,0,0,0,0,1,1,0,0,0,0,1,0,1,0,0,0,,0,0,0,0,0,0,0,0,0,0,0,0,0,0,0,0,,,,,,21-25,16-25,State route,U,Thursday,Belt Used,PV,Not Fatal,0,0,0,0,State Route,State Patrol,Washington State Patrol,0,1,0,0,0,,,,,,0,0,0,,,,,,,,,,,98,98,98,0,,,,,20,,,,,,,,,1,0,,,,,,
2021,5,EA96301,4,01/05/2021,14:25,5,1,,75,Whitman,0,1,,1,1,2,1,0,4,2,,,,12,0,2,17.8,1,0,1,3,1,1,2,0,0,0,0,US-195,,-117.1956611,46.67389167,0,1,50,10,2,60,34,0,0,1,2,12,1,1,2,1,1,1,9,16,0,20,481,2018,0,,68,12,,,,,1,1,88,1,7,,4,7,3,0,11,0,01/05/2021,14:25,53000476,476,0,0,1,3,1,28,,,,96,,,,,,98,,,,,,83832,16,69,170,6,1,0,0,0,0,,0,,,,,,0,,,8,0,0,0,0,9,8,,,0,,,8,8,2,996,,,1,,,2,1,0,,,,,,,,,,,,,,,,,,,,,,,,,,,,,,0,0,0,0,0,0,1,1,0,0,0,0,0,0,0,0,0,0,0,0,0,1,1,0,1,1,1,1,0,1,0,0,0,0,0,,1,0,0,0,0,0,1,1,0,0,0,0,0,0,1,0,,,,,,81+,76+,US highway,R,Tuesday,Belt Used,PV,White,0,1,1,0,State Route,State Patrol,Washington State Patrol,0,1,0,0,0,,,,,,0,0,0,,,,,,,,,,,98,98,98,1,,,,,20,,,,,,,,,1,0,,,,,,
2017,255,E700188,1,07/18/2017,5:55,18,7,0,77,Yakima,2590,1,0,4,1,2,1,0,2,2,5:55,6:04,6:28,12,0,2,201.5,1,0,1,3,2,1,2,0,0,0,0,US-12,,-120.5257444,46.62561667,0,2,51,62,4,60,4,0,0,1,2,12,1,1,2,2,1,1,1,16,0,48,34,2015,0,0,12,,,,,,1,1,72,1,0,0,3,0,3,0,11,5,,,,,0,0,0,3,1,0,0,0,0,0,,,,,,0,,,,,,83836,16,72,210,6,1,0,0,0,0,0,0,,,,,,0,,,8,0,0,0,8,9,8,,,0,0,0,0,0,0,0,0,0,0,0,0,2,1,0,,,,,,,,,,,,,,,,,,,,,,,,,,,,,,0,0,0,0,0,0,1,1,0,0,0,0,0,0,0,0,0,0,0,1,0,0,0,0,0,1,1,0,0,1,0,0,0,0,0,,0,0,0,0,0,0,0,0,0,0,0,0,0,0,0,0,,,,,,71-75,66-75,US highway,U,Tuesday,Belt Used,PV,Not Fatal,0,1,1,0,State Route,State Patrol,Washington State Patrol Headquarter,0,1,0,0,0,,,,,,,,,,,,,,,,,,,,,,,,,,,,,,,,,,,,,,,,,,,
2017,200,E685421,4,06/14/2017,17:53,14,6,0,75,Whitman,0,10,0,1,1,2,1,0,3,2,18:01,18:35,19:34,12,0,2,118.9,1,0,1,3,1,1,3,0,0,0,0,SR-26,,-117.673025,46.81265278,0,1,50,10,2,65,4,0,0,1,2,12,1,1,2,1,17,1,9,99,0,49,40,1995,0,0,63,69,68,12,,,1,1,64,1,7,2,4,7,3,0,11,0,06/14/2017,18:10,53026753,26753,0,0,3,3,1,28,58,0,0,96,,,,,,9,,,,,,83843,16,67,120,6,1,0,0,0,0,0,0,,,,,,0,,,8,0,0,0,0,9,1,,,0,0,0,1,0,2,605,998,0,1,1,0,2,1,0,,,,,,,,,,,,,,,,,,,,,,,,,,,,,,0,0,0,0,0,0,1,1,1,0,0,0,0,0,0,0,0,0,0,0,0,0,0,0,0,0,0,0,0,1,0,0,0,0,0,,1,0,0,0,0,0,1,1,0,0,0,0,0,0,1,0,,,,,,61-65,56-65,State route,R,Wednesday,Belt Used,PV,Black,0,1,1,0,State Route,State Patrol,Washington State Patrol Headquarter,0,1,0,0,0,thc,48,carboxy-thc,29,,,,,,,,,,,,,,,,,,,,,,,,,,,,,,,,,,,,,,,
2017,534,E751154,4,12/22/2017,14:45,22,12,0,75,Whitman,0,4,0,1,4,2,1,0,2,2,14:48,15:02,,12,0,98,19,1,0,1,3,1,1,2,0,0,0,0,US-195,,-117.2038583,46.69016389,1,2,98,62,4,60,15,0,0,1,2,12,1,1,2,1,1,1,2,53,0,12,422,2015,0,0,12,,,,,,1,1,50,1,0,0,1,0,3,0,11,4,,,,,0,0,3,3,1,0,0,0,0,0,,,,,,0,,,,,,83843,16,68,160,6,1,0,0,0,0,0,0,,,,,,0,,,1,0,0,0,8,9,8,,,0,0,0,8,0,0,0,0,0,0,0,0,0,0,996,,,,,,,,,,,,,,,,,,,,,,,,,,,,,,0,0,0,0,0,0,1,1,0,0,0,0,0,0,0,0,0,0,0,0,0,1,1,0,1,0,0,0,0,1,0,0,0,0,0,,0,0,0,0,0,0,0,0,0,0,0,0,0,0,0,0,,,,,,46-50,46-55,US highway,R,Friday,Belt Used,PV,Not Fatal,0,1,1,0,State Route,State Patrol,Washington State Patrol Headquarter,0,1,0,0,0,,,,,,,,,,,,,,,,,,,,,,,,,,,,,,,,,,,,,,,,,,,
2021,37,EB06299,40,01/04/2021,1:22,4,1,,63,Spokane,0,10,,6,4,2,1,0,1,1,,,,35,0,0,2.2,1,0,1,5,1,2,4,0,0,0,0,CR-S DISHMAN MICA RD,,-117.2523083,47.59050556,0,1,1,13,2,45,4,0,0,1,5,35,3,8,2,1,14,1,1,16,0,7,29,2015,0,,63,35,43,2,,,1,1,19,2,7,,4,0,99,7,11,4,01/05/2021,12:41,2.11053E+11,334,0,0,0,3,1,0,,,,96,,,,,,99,,,,,,83851,16,64,130,6,1,0,1,0,1,,0,,,,,,4,09/15/2020,09/15/2020,99,0,0,0,0,9,8,,,0,,,9,9,2,1,,,1,,,2,1,0.108,,,,,,,,,,,,,,,,,,,,,,,,,,,,,,0,0,1,0,1,1,0,1,0,0,0,0,1,0,0,0,0,0,0,0,0,1,1,0,1,0,0,0,0,1,0,0,0,0,0,,1,0,0,0,0,1,0,1,0,1,0,0,0,1,0,1,,,,,,18-20,16-25,County road,R,Monday,Unknown,PV,AIAN,0,1,0,0,County Road,County Sheriff,Spokane County Sheriff's Office,1,0,1,0,0,,,,,,0,0,0,,,,,,,,,,,98,98,98,3,,,,,20,,,,,,,,,1,0,,,DISHMAN-MICA RD,2.18,NULL,
2020,191,3841215,278,05/11/2020,6:39,11,5,,63,Spokane,0,1,,1,1,2,1,0,3,3,6:42,6:51,7:28,12,0,2,2.7,1,0,1,5,1,2,4,0,0,0,0,CR-N ARGONNE RD,,-117.2865806,47.72478333,0,3,98,62,4,45,34,0,0,1,2,12,1,1,2,1,1,1,1,16,0,23,481,1988,0,,12,,,,,,1,1,33,1,0,,0,0,3,0,11,0,,,,,0,0,0,0,1,0,,,,96,,,,,,0,,,,,,83854,16,69,210,0,0,0,0,0,0,,0,,,,,,0,,,20,0,0,0,8,9,8,,,0,,,8,8,8,95,,,96,,,8,95,995,,,,,,,,,,,,,,,,,,,,,,,,,,,,,,0,0,0,0,0,0,1,1,0,0,0,0,0,1,0,0,0,0,0,0,0,0,0,0,0,0,0,0,0,1,0,0,0,0,0,,0,0,0,0,0,0,0,0,0,0,0,1,0,0,0,0,,,,,,31-35,26-35,County road,R,Monday,Belt Used,PV,Not Fatal,0,1,1,0,County Road,County Sheriff,Spokane County Sheriff's Office,0,0,1,0,0,,,,,,0,0,0,,,,,,,,,,,0,0,0,0,,,,,20,7,,,,,,,,1,0,,,ARGONNE RD,2.7,,
2017,359,E710133,40,09/07/2017,22:52,7,9,0,63,Spokane,0,5,0,2,1,2,1,0,2,2,22:37,22:49,,12,0,2,0.2,1,0,1,3,2,2,4,0,0,0,0,CR-APPLEWAY AVE,,-117.0454056,47.69778056,0,2,51,62,4,35,4,0,0,1,2,12,3,2,2,1,14,1,1,16,0,30,40,2015,0,0,12,,,,,,1,1,20,2,0,0,0,0,3,0,11,0,,,,,0,0,0,3,1,0,0,0,0,0,,,,,,0,,,,,,83854,16,63,120,6,1,0,0,0,0,0,0,,,,,,0,,,8,0,0,0,8,9,2,,,0,0,0,0,0,2,1,0,0,1,0,0,2,1,0,,,,,,,,,,,,,,,,,,,,,,,,,,,,,,0,0,0,0,1,1,1,1,1,0,0,0,1,0,0,0,0,0,0,0,0,1,1,0,1,0,0,0,1,1,0,0,0,0,0,,0,0,0,0,0,0,0,0,0,0,0,0,0,0,0,0,,,,,,18-20,16-25,County road,U,Thursday,Belt Used,PV,Not Fatal,0,1,1,0,County Road,County Sheriff,Spokane County Sheriff's Office,0,0,1,0,0,,,,,,,,,,,,,,,,,,,,,,,,,,,,,,,,,,,,,,,,,,,