year,case,par,repjur,crash_dt,crash_tm,accday,accmon,holiday,county,co_char,city,weather,weather2,lightcond,surfcond,surftype,numfatal,nmforms,pforms,vforms,not_tm,arr_tm,hosp_tm,fhevent,hitrun,manncol,milepnt,reljunc,reljuncinter,intersectiontype,funcsystem,landuse,ownership,route,schlbus,spejur,contdev,devfunc,trafid1,trafid2,x,y,wk_zone,vnumber,crashtype,criticalevent,criticaleventcat,spdlim,body,trailer,emerg,hazcargo,leave,mhevent,roadalgn,roadprof,traflane,trafflow,vehmanvr,numoccs,regowner,regstate,spuse,make,model,modelyr,vrf1,vrf2,seqevent1,seqevent2,seqevent3,seqevent4,seqevent5,seqevent6,pnumber,ptype,age,sex,hispanic,race,injury,diedscene,restraint,restraintmisuse,seatpos,takehosp,death_dt,death_tm,cert,cernum_wa,commlic,licendor,licrestrict,liccomp,drivpres,drf1,drf2,drf3,drf4,distract1,distract2,distract3,distract4,distract5,distract6,dricond1,dricond2,dricond3,dricond4,dricond5,dricond6,dzip,licstate,drhgt_in,weight,noncdl,noncdltype,prevdwi,prevoth,prevacc,prevspd,prevsus,driviol1,driviol2,driviol3,driviol4,driviol5,driviol6,spdrel,first_dt,last_dt,airbag,ejection,ejectpath,extricat,injurwrk,methalc,methdrug,nmlocat,strikveh,prf1,prf2,prf3,druginv,alcinvol,drugsts,drugres1,drugres2,drugres3,drugtst1,drugtst2,drugtst3,alcsts,alctst,alcres,nmact1,nmact2,nmact3,nmact4,nmact5,nmact6,nmprior1,nmprior2,nmprior3,nmprior4,nmprior5,nmprior6,nmcond1,nmcond2,nmcond3,nmcond4,nmcond5,nmcond6,nmsafe_helmet,nmsafe_pads,nmsafe_oth,nmprev_ref,nmprev_lgt,nmprev_oth,crashlocation,nmcrashtype,crosswalk,schoolzone,sidewalk,train_inv,wildlife_inv,rotr_fars,intersect_fars,dd_inv,aid_inv,dpd_inv,id_inv,mj_inv,impnm_inv,ainm_inv,dpnm_inv,speed_inv,unlic_inv,unendmc_inv,drowsy_inv,drdist_inv,nmdist_inv,fty_inv,unrestfat_inv,dr1617_inv,dr1820_inv,dr1620_inv,dr2125_inv,dr1625_inv,dr65_inv,dr70_inv,dr75_inv,mc_inv,pv_inv,ht_inv,ped_inv,bike_inv,unrest_fat,mc_fat,unhelmet_mc,pv_fat,ht_fat,ped_fat,bike_fat,dr_alc7,dr_alc8,dr_drug,dr_imp,dr_dist,dr_spd,dr_fty,dr_unlic,dr_alc7only,dr_alc8only,dr_drugonly,dr_drink,nm_imp,nm_alc7,nm_alc8,nm_drug,nm_dist,agegrp1,agegrp2,roadclass,urbrur,dayweek,restuse,vehtype,race_me,intersect,lanedep,oppdir,wrongway,rep_typ,investag,repag_long,rotr,st_rd,cty_rd,city_rd,oth_rd,drug_thc,thc_res,drug_cthc,cthc_res,drug_cann,prevpersemin,prevperse,prevsusoth,drugtst4,drugtst5,drugtst6,drugtst7,drugtst8,drugres4,drugres5,drugres6,drugres7,drugres8,adspresent,adsengaged,adslevel,race1,race2,race3,race4,race5,helmet,helmetmisuse,nmdistract1,nmdistract2,nmdistract3,nmdistract4,nmdistract5,nmdistract6,lab,isedtcase,crf1,crf2,crf3,CoRoadName,CoMP,IntCoRoadName,IntCoMP
2018,154,E803360,4,05/26/2018,12:17,26,5,4,43,Lincoln,0,1,0,1,1,2,1,0,1,1,,,,24,0,0,99.3,1,0,1,3,1,1,3,0,0,0,0,SR-21,,-118.7230972,47.86099722,0,1,6,12,2,30,80,0,0,1,7,24,2,2,2,1,14,1,1,16,0,76,706,2002,0,0,68,64,24,,,,1,1,75,1,7,1,4,7,19,0,11,0,05/26/2018,12:17,53024358,24358,0,0,0,3,1,0,0,0,0,96,,,,,,0,,,,,,83854,16,71,161,6,1,0,0,0,0,,0,,,,,,0,,,20,8,0,0,0,9,8,,,0,0,0,8,0,8,95,,,96,,,8,95,995,,,,,,,,,,,,,,,,,,,,,,,,,,,,,,0,0,1,0,0,0,0,0,0,0,0,0,0,0,0,0,0,0,0,0,0,0,0,0,0,1,1,1,1,0,0,0,0,0,1,0,0,0,0,0,0,0,0,0,0,0,0,0,0,0,0,0,,,,,,71-75,66-75,State route,R,Saturday,,MC,White,0,1,0,0,State Route,State Patrol,Washington State Patrol Headquarter,1,1,0,0,0,,,,,,0,0,0,,,,,,,,,,,,,,,,,,,,,,,,,,,,,,,,,,,
2018,171,E805001,278,06/04/2018,12:57,4,6,0,63,Spokane,2110,1,0,1,1,2,1,1,1,1,,,,8,0,0,0.5,3,0,2,3,2,1,2,0,0,2,3,US-2 CO BROWNE,S BROWNE,-117.4134389,47.65456667,0,1,13,80,5,30,21,0,0,1,5,8,1,1,3,4,11,1,3,16,0,35,461,2017,0,0,8,,,,,,1,1,41,2,0,0,0,0,3,0,11,0,,,,,0,0,0,3,1,38,0,0,0,96,,,,,,99,,,,,,83854,16,65,120,6,1,1,0,0,1,,97,,,,,,0,01/15/2014,08/15/2016,20,0,0,0,8,9,8,,,0,0,0,8,9,8,95,,,96,,,8,95,995,,,,,,,,,,,,,,,,,,,,,,,,,,,,,,0,0,0,1,0,0,0,0,0,0,0,0,0,0,0,0,0,0,1,0,0,0,0,0,0,0,0,0,0,1,0,1,0,0,0,,0,0,0,0,0,0,0,0,0,0,1,0,0,0,0,0,,,,,,41-45,36-45,US highway,U,Monday,Belt Used,PV,Not Fatal,1,0,0,0,State Route,Municipal/City Police,Spokane Police Department,0,1,0,0,0,,,,,,0,0,0,,,,,,,,,,,,,,,,,,,,,,,,,,,,,,,,,,,
2018,251,E820893,4,07/17/2018,15:53,17,7,0,63,Spokane,2113,1,0,1,1,2,1,0,2,2,,,,12,0,6,9.3,4,0,1,3,2,1,3,0,0,0,0,SR-290,,-117.2223806,47.69426667,0,2,71,61,4,50,80,0,0,1,2,12,1,1,5,5,1,1,1,16,0,53,706,2000,0,0,12,,,,,,1,1,65,1,7,1,4,7,17,0,11,0,07/17/2018,15:53,2.11353E+11,31839,6,0,0,3,1,0,0,0,0,96,,,,,,99,,,,,,83854,16,67,180,6,1,0,0,0,0,,0,,,,,,0,,,20,8,0,0,0,1,8,,,0,0,0,8,1,2,1,,,1,,,2,1,0.029,,,,,,,,,,,,,,,,,,,,,,,,,,,,,,0,0,0,0,1,0,0,0,0,0,0,0,0,0,0,0,0,0,1,0,0,0,0,0,0,1,1,1,1,0,1,0,0,0,1,1,0,0,0,0,1,0,0,0,0,0,0,0,1,0,0,1,,,,,,61-65,56-65,State route,U,Tuesday,,MC,White,0,0,0,0,State Route,State Patrol,Washington State Patrol,0,1,0,0,0,,,,,,0,0,0,,,,,,,,,,,,,,,,,,,,,,,,,,,,,,,,,,,
2020,244,EA49476,4,07/18/2020,12:35,18,7,,63,Spokane,0,1,,1,1,2,1,0,1,1,,,,39,0,0,263.5,1,0,1,1,1,1,1,0,0,0,0,I-90,,-117.6693278,47.51988056,0,1,1,13,2,70,6,0,0,1,2,39,1,1,2,2,1,1,1,53,0,6,52,2007,0,,63,39,1,,,,1,1,40,1,7,,4,0,3,0,11,1,07/19/2020,17:18,2.11053E+11,33789,0,0,3,2,1,0,,,,92,,,,,,0,,,,,,83854,16,73,233,1,1,1,0,0,0,,0,,,,,,0,12/15/2016,12/15/2016,20,0,0,0,0,9,8,,,0,,,8,8,2,1,,,1,,,2,1,0,,,,,,,,,,,,,,,,,,,,,,,,,,,,,,0,0,1,0,0,0,0,0,0,0,0,0,0,1,0,0,1,0,0,0,0,0,0,0,0,0,0,0,0,1,0,0,0,0,0,,1,0,0,0,0,0,0,0,1,0,0,1,0,0,0,0,,,,,,36-40,36-45,Interstate,R,Saturday,Belt Used,PV,White,0,1,0,0,State Route,State Patrol,Washington State Patrol,1,1,0,0,0,,,,,,0,1,0,,,,,,,,,,,98,98,98,1,,,,,20,7,,,,,,,,1,0,,,,,,
2021,266,EB54089,277,08/02/2021,14:20,2,8,,63,Spokane,2110,1,,1,1,2,1,0,2,2,,,,12,0,6,0,2,0,2,3,2,4,6,0,0,0,0,W AIRPORT DR,S Spotted Rd,-117.5184028,47.63730556,0,2,86,66,4,50,34,0,0,1,8,12,1,1,4,1,1,1,9,99,0,7,482,2017,0,,12,,,,,,1,1,54,1,0,,2,0,3,0,11,0,,,,,0,0,3,3,1,0,,,,96,,,,,,98,,,,,,83854,16,72,225,6,1,0,0,0,0,,0,,,,,,0,,,8,0,0,0,8,9,8,,,0,,,8,8,8,95,,,96,,,8,95,995,,,,,,,,,,,,,,,,,,,,,,,,,,,,,,0,0,0,1,0,0,0,0,0,0,0,0,0,0,0,0,0,0,1,1,0,0,0,0,0,0,0,0,0,1,0,0,0,0,0,,0,0,0,0,0,0,0,0,0,0,0,0,0,0,0,0,,,,,,51-55,46-55,City street,U,Monday,Belt Used,PV,Not Fatal,1,0,0,0,City Street,Municipal/City Police,Spokane Airport Police Department,0,0,0,1,0,,,,,,0,0,0,,,,,,,,,,,98,98,98,0,,,,,20,,,,,,,,,1,0,,,,,,
2021,282,EB55878,4,07/24/2021,19:52,24,7,,63,Spokane,2113,1,,1,1,2,1,0,3,2,,,,12,0,2,9.8,1,0,1,3,2,1,3,0,0,0,0,SR-290,,-117.2103111,47.69489167,0,1,50,10,2,50,15,0,0,1,2,12,1,1,5,5,1,1,2,16,0,37,421,2003,0,,68,12,,,,,1,1,26,1,7,,4,0,20,7,11,5,07/24/2021,21:39,2.11053E+11,37164,0,0,3,2,1,28,,,,92,,,,,,9,,,,,,83854,16,70,190,1,1,0,0,0,3,,0,,,,,,0,06/15/2020,10/15/2021,1,1,9,0,0,9,2,,,0,,,1,8,2,695,605,401,1,1,1,2,1,0,,,,,,,,,,,,,,,,,,,,,,,,,,,,,,0,0,0,0,0,0,1,1,1,0,0,0,0,1,0,0,1,0,0,1,0,1,1,0,1,0,0,0,0,1,0,0,0,1,0,,1,0,0,0,0,0,1,1,1,0,0,1,0,0,1,0,,,,,,26-30,26-35,State route,U,Saturday,Not Used,PV,White,0,1,1,0,State Route,State Patrol,Washington State Patrol,0,1,0,0,0,thc,2.5,carboxy-thc,32,,0,1,0,1,,,,,417,,,,,98,98,98,1,,,,,20,,,,,,,,nms,1,0,,,,,,
2021,413,EB77921,4,10/09/2021,11:30,9,10,,63,Spokane,0,1,,1,1,2,1,0,3,2,,,,12,0,1,295.2,1,0,1,1,2,1,1,0,0,0,0,I-90,,-117.0856944,47.68168333,0,2,29,53,3,70,4,0,0,1,5,12,1,1,2,3,2,1,1,16,0,49,40,2014,0,,12,,,,,,1,1,56,2,0,,0,0,3,0,11,0,,,,,0,0,0,3,1,0,,,,96,,,,,,98,,,,,,83854,16,68,170,6,1,0,0,0,0,,0,,,,,,0,,,20,0,0,0,8,9,2,,,0,,,8,8,0,0,,,0,,,0,0,996,,,,,,,,,,,,,,,,,,,,,,,,,,,,,,0,0,0,0,0,0,0,0,0,0,0,0,0,0,0,0,0,0,0,0,0,0,0,0,0,0,0,0,1,1,0,0,0,0,0,,0,0,0,0,0,0,0,0,0,0,0,0,0,0,0,0,,,,,,56-60,56-65,Interstate,U,Saturday,Belt Used,PV,Not Fatal,0,0,0,0,State Route,State Patrol,Washington State Patrol,0,1,0,0,0,,,,,,0,0,0,,,,,,,,,,,98,98,98,0,,,,,20,,,,,,,,,1,0,,,,,,
2021,445,EB84669,1,10/30/2021,3:40,30,10,,71,Walla Walla,0,1,,2,1,2,1,0,2,2,,,,12,0,2,1,1,0,1,4,1,1,3,0,0,0,0,SR-730,,-118.9622806,46.01069167,0,2,51,62,4,60,66,2,0,1,2,12,1,1,2,1,1,1,3,18,0,85,881,2019,0,,12,2,,,,,1,1,44,1,0,,0,0,3,0,11,0,,,,,6,3,0,3,1,0,,,,96,,,,,,98,,,,,,83854,16,70,175,6,1,0,0,0,0,,0,,,,,,0,,,20,0,0,0,8,9,8,,,0,,,8,8,0,0,,,0,,,0,0,996,,,,,,,,,,,,,,,,,,,,,,,,,,,,,,0,0,0,0,0,0,0,0,0,0,0,0,0,0,0,0,1,0,0,0,0,1,1,0,1,0,0,0,0,1,1,0,0,0,0,,0,0,0,0,0,0,0,0,0,0,0,0,0,0,0,0,,,,,,41-45,36-45,State route,R,Saturday,,MHTRUCK,Not Fatal,0,1,1,0,State Route,State Patrol,Washington State Patrol,0,1,0,0,0,,,,,,0,0,0,,,,,,,,,,,98,98,98,0,,,,,20,,,,,,,,,1,0,,,,,,
2021,116,EB08960,4,02/20/2021,21:00,20,2,,51,Pend Oreille,0,10,,2,1,2,1,0,3,2,,,,12,0,2,430.4,1,0,1,4,1,1,3,0,0,0,0,SR-20,,-117.155625,48.22951667,0,2,51,62,4,55,34,0,0,1,2,12,1,2,2,1,1,2,1,16,0,7,482,2012,0,,12,,,,,,1,1,36,1,0,,2,0,20,7,11,0,,,,,6,0,0,3,1,0,,,,96,,,,,,9,,,,,,83856,16,73,290,6,1,0,1,0,0,,0,,,,,,0,12/15/2018,12/15/2018,8,0,0,0,8,9,8,,,0,,,8,1,2,1,,,1,,,2,1,0.15,,,,,,,,,,,,,,,,,,,,,,,,,,,,,,0,0,0,0,1,1,1,1,1,0,0,0,0,0,0,0,0,0,0,0,0,0,0,1,1,0,0,0,0,1,0,0,0,0,0,,0,0,0,0,0,1,0,1,0,0,0,0,0,1,0,1,,,,,,36-40,36-45,State route,R,Saturday,Not Used,PV,Not Fatal,0,1,1,0,State Route,State Patrol,Washington State Patrol,0,1,0,0,0,,,,,,0,0,0,,,,,,,,,,,98,98,98,0,,,,,20,,,,,,,,,0,0,,,,,,
2019,510,E937972,278,07/08/2019,19:23,8,7,,63,Spokane,2110,1,0,1,1,2,1,0,2,2,,,,12,0,1,0,2,0,3,3,2,4,6,0,0,0,0,MARKET,BISMARK,-117.3648417,47.71213611,0,2,25,53,3,30,34,0,0,1,5,12,1,1,4,1,1,1,9,16,0,19,480,2004,0,0,12,,,,,,1,1,47,1,0,,0,0,3,0,11,0,,,,,99,9,9,9,1,0,0,0,0,96,,,,,,0,,,,,,83858,16,,999,9,9,99,99,99,99,,0,,,,,,0,,,20,0,0,0,8,9,8,,,0,0,0,8,1,8,95,,,96,,,8,95,995,,,,,,,,,,,,,,,,,,,,,,,,,,,,,,0,0,0,1,1,0,1,1,1,0,0,0,1,0,0,0,0,0,0,0,0,0,0,1,1,0,0,0,1,1,0,0,0,0,0,,0,0,0,0,0,0,0,0,0,0,0,0,0,0,0,1,,,,,,46-50,46-55,City street,U,Monday,Belt Used,PV,Not Fatal,0,0,0,0,City Street,Municipal/City Police,Spokane Police Department,0,0,0,1,0,,,,,,99,99,99,,,,,,,,,,,98,98,98,0,,,,,20,7,,,,,,,,,,,,,,,
2018,253,E821202,4,07/20/2018,18:37,20,7,0,65,Stevens,0,1,0,1,1,2,1,0,2,2,18:39,18:47,20:00,12,0,2,189.9,1,0,1,3,1,1,2,0,0,0,0,US-395,,-117.5653306,47.99375556,0,2,51,62,4,60,4,0,0,1,2,12,3,1,2,1,14,1,1,16,0,41,51,2005,0,0,12,,,,,,1,1,22,1,7,1,4,7,3,0,11,0,07/20/2018,18:37,53032987,32987,0,0,0,3,1,0,0,0,0,96,,,,,,0,,,,,,83864,16,70,130,6,1,0,0,0,0,,0,,,,,,0,,,1,0,0,0,0,9,8,,,0,0,0,8,0,2,1,,,1,,,2,1,0,,,,,,,,,,,,,,,,,,,,,,,,,,,,,,0,0,0,0,0,0,1,1,0,0,0,0,0,0,0,0,1,0,0,0,0,0,0,1,1,0,0,0,0,1,0,0,0,0,0,,1,0,0,0,0,0,0,0,0,0,0,0,0,0,0,0,,,,,,21-25,16-25,US highway,R,Friday,Belt Used,PV,White,0,1,1,0,State Route,State Patrol,Washington State Patrol,0,1,0,0,0,,,,,,0,0,0,,,,,,,,,,,,,,,,,,,,,,,,,,,,,,,,,,,
2017,377,E715290,4,09/18/2017,12:39,18,9,0,63,Spokane,2113,10,0,1,2,2,1,0,3,3,,,,12,0,8,7.5,1,0,1,3,2,1,3,0,0,0,0,SR-290,,-117.25745,47.68616111,0,3,98,62,4,50,66,1,0,1,2,12,1,1,5,5,1,1,3,53,0,85,881,1995,0,0,12,,,,,,1,1,61,1,0,0,0,0,3,0,11,0,,,,,6,1,3,3,1,0,0,0,0,0,,,,,,0,,,,,,83865,16,70,155,6,1,0,0,0,0,0,0,,,,,,0,,,20,0,0,0,8,9,2,,,0,0,0,0,0,0,0,0,0,0,0,0,0,0,996,,,,,,,,,,,,,,,,,,,,,,,,,,,,,,0,0,0,0,0,0,0,0,0,0,0,0,0,0,0,0,0,0,0,0,0,0,0,0,0,0,0,0,0,1,1,0,0,0,0,,0,0,0,0,0,0,0,0,0,0,0,0,0,0,0,0,,,,,,61-65,56-65,State route,U,Monday,,MHTRUCK,Not Fatal,1,0,0,0,State Route,State Patrol,Washington State Patrol Headquarter,0,1,0,0,0,,,,,,,,,,,,,,,,,,,,,,,,,,,,,,,,,,,,,,,,,,,
2020,348,EA63672,6,09/06/2020,19:15,6,9,,47,Okanogan,0,1,,5,1,2,1,0,3,2,,,,12,0,1,171.2,8,0,1,4,1,1,3,0,0,0,0,SR-20,,-120.5659694,48.60018889,0,2,26,53,3,60,3,0,0,1,2,12,4,2,2,1,11,1,2,6,0,54,38,2002,0,,12,,,,,,1,1,25,1,0,,0,0,99,7,11,0,,,,,0,0,0,0,1,0,,,,96,,,,,,0,,,,,,83868,16,70,165,0,0,0,0,0,0,,0,,,,,,0,,,20,0,0,0,8,9,8,,,0,,,8,8,0,0,,,0,,,0,0,996,,,,,,,,,,,,,,,,,,,,,,,,,,,,,,0,0,0,0,0,0,0,0,0,0,0,0,0,1,0,0,0,0,0,0,0,0,0,1,1,0,0,0,1,1,0,0,0,0,0,,0,0,0,0,0,0,0,0,0,0,0,1,0,0,0,0,,,,,,21-25,16-25,State route,R,Sunday,Unknown,PV,Not Fatal,0,0,0,0,State Route,State Patrol,Washington State Patrol,0,1,0,0,0,,,,,,0,0,0,,,,,,,,,,,98,98,98,0,,,,,20,7,,,,,,,,1,0,,,,,,
2017,516,3688140,160,12/08/2017,0:42,8,12,0,33,King,1030,5,0,3,1,2,1,0,3,2,,,,12,0,6,8.7,2,0,2,3,2,1,3,0,0,3,3,SR-181,S 196TH ST,-122.2493722,47.42665,0,1,88,17,2,35,4,0,0,1,2,12,1,1,7,5,1,2,1,16,0,49,32,2001,0,0,12,,,,,,1,1,26,1,7,1,4,7,99,0,11,0,12/08/2017,0:42,1.03053E+11,53637,0,0,0,3,1,39,0,0,0,96,,,,,,99,,,,,,83869,16,75,195,6,1,0,6,0,2,0,0,,,,,,0,10/15/2013,11/15/2017,8,0,0,0,0,9,8,,,0,0,0,8,9,2,300,407,605,1,1,1,2,1,0.049,,,,,,,,,,,,,,,,,,,,,,,,,,,,,,0,0,0,1,1,0,1,1,1,0,0,0,0,0,0,0,0,0,0,0,0,0,0,0,0,0,0,0,0,1,1,0,0,0,0,,1,0,0,0,1,0,1,1,0,0,0,0,0,0,0,1,,,,,,26-30,26-35,State route,U,Friday,Unknown,PV,White,1,0,0,0,State Route,Municipal/City Police,Kent Police Department,0,1,0,0,0,thc,5.7,carboxy-thc,11,,,,,,,,,,,,,,,,,,,,,,,,,,,,,,,,,,,,,,,
2018,146,E802399,4,05/22/2018,13:50,22,5,0,63,Spokane,2113,1,0,1,1,2,1,0,4,3,13:55,13:59,14:28,24,0,0,0.4,5,1,1,1,2,1,1,0,0,0,0,I-90 RAMP 090S128446,,-117.3331306,47.65393333,0,2,98,60,4,60,14,0,0,1,5,12,2,8,3,3,14,2,2,16,0,48,401,2005,0,0,12,,,,,,1,1,66,2,0,0,0,0,3,0,11,0,,,,,0,0,0,3,1,0,0,0,0,96,,,,,,0,,,,,,83869,16,64,155,6,1,0,0,0,0,,0,,,,,,0,,,20,0,0,0,8,9,8,,,0,0,0,8,0,8,95,,,96,,,8,95,995,,,,,,,,,,,,,,,,,,,,,,,,,,,,,,0,0,1,0,0,0,0,0,0,0,0,0,1,0,0,0,0,0,0,0,0,0,0,0,0,1,1,0,1,1,0,0,0,0,0,,0,0,0,0,0,0,0,0,0,0,0,0,0,0,0,0,,,,,,66-70,66-75,Interstate,U,Tuesday,Belt Used,PV,Not Fatal,0,1,0,0,State Route,State Patrol,Washington State Patrol Headquarter,1,1,0,0,0,,,,,,0,0,0,,,,,,,,,,,,,,,,,,,,,,,,,,,,,,,,,,,
2020,144,EA34402,241,04/13/2020,6:54,13,4,,75,Whitman,1760,1,,1,1,2,1,0,2,2,6:57,7:03,7:25,12,0,6,4.5,2,0,3,3,2,1,3,0,0,3,3,SR-270,AIRPORT RD,-117.1443611,46.72170278,0,2,82,66,4,55,3,0,0,1,2,12,1,1,3,1,11,1,1,16,0,41,35,1992,0,,12,,,,,,1,1,45,1,7,,4,0,99,7,11,5,04/16/2020,17:04,2.11053E+11,18352,0,0,1,3,1,0,,,,96,,,,,,0,,,,,,83871,16,71,190,6,1,0,0,0,0,,0,,,,,,0,,,20,0,0,0,0,9,8,,,0,,,8,8,2,1,,,1,,,2,1,0,,,,,,,,,,,,,,,,,,,,,,,,,,,,,,0,0,0,1,0,0,0,0,0,0,0,0,0,0,0,0,1,0,0,0,0,0,0,0,0,0,0,0,0,1,0,0,0,0,0,,1,0,0,0,0,0,0,0,0,0,0,0,0,0,0,0,,,,,,41-45,36-45,State route,U,Monday,Unknown,PV,White,1,0,0,0,State Route,Municipal/City Police,Pullman Police Department,0,1,0,0,0,,,,,,0,0,0,,,,,,,,,,,0,0,0,1,,,,,20,7,,,,,,,,1,0,,,,,,
2017,102,E656882,339,03/29/2017,19:04,29,3,0,63,Spokane,2113,1,0,5,1,2,1,0,4,2,19:08,19:11,19:46,12,0,6,0,2,0,2,3,2,4,6,0,0,3,3,E SPRAGUE AVE,N PARK RD,-117.3041528,47.65685833,0,2,89,17,2,35,14,0,0,1,2,30,1,1,2,1,1,2,1,16,0,48,401,2010,0,0,12,68,64,30,,,1,1,76,1,0,0,1,0,3,0,11,0,,,,,0,0,3,3,1,39,0,0,0,96,,,,,,0,,,,,,83873,16,68,155,6,1,0,0,0,0,0,97,,,,,,0,,,2,0,0,0,8,9,8,,,0,0,0,8,0,0,0,0,0,0,0,0,0,0,996,,,,,,,,,,,,,,,,,,,,,,,,,,,,,,0,0,0,1,0,0,0,0,0,0,0,0,0,0,0,0,0,0,0,0,0,0,0,0,0,1,1,1,0,1,0,0,0,0,0,,0,0,0,0,0,0,0,0,0,0,0,0,0,0,0,0,,,,,,76-80,76+,City street,U,Wednesday,Belt Used,PV,Not Fatal,1,0,0,0,City Street,Municipal/City Police,Spokane Valley Police Department,0,0,0,1,0,,,,,,,,,,,,,,,,,,,,,,,,,,,,,,,,,,,,,,,,,,,
2021,206,EB44992,7,06/29/2021,4:36,29,6,,33,King,1830,1,,4,1,1,1,1,1,1,,,,8,0,0,25.9,1,0,1,2,2,1,3,0,0,0,0,SR-167,,-122.2167139,47.44389444,0,1,13,80,5,60,4,0,0,1,5,8,1,1,3,3,1,1,1,49,0,55,35,2008,0,,8,,,,,,1,1,58,1,0,,0,0,3,0,11,0,,,,,6,0,0,3,1,0,,,,96,,,,,,98,,,,,,84003,49,71,208,6,1,0,0,98,3,,0,,,,,,0,10/15/2016,11/15/2019,20,0,0,0,8,9,8,,,0,,,8,8,0,0,,,0,,,0,0,996,,,,,,,,,,,,,,,,,,,,,,,,,,,,,,0,0,0,0,0,0,0,0,0,0,0,0,0,0,0,0,0,0,0,0,0,0,0,0,0,0,0,0,0,1,0,1,0,0,0,,0,0,0,0,0,0,0,0,0,0,0,0,0,0,0,0,,,,,,56-60,56-65,State route,U,Tuesday,Belt Used,PV,Not Fatal,0,0,0,0,State Route,State Patrol,Washington State Patrol,0,1,0,0,0,,,,,,0,0,0,,,,,,,,,,,98,98,98,0,,,,,20,,,,,,,,,1,0,,,,,,
2017,231,E687652,8,07/02/2017,16:53,2,7,5,35,Kitsap,0,1,0,1,1,2,1,1,1,1,,,,9,0,0,0.3,3,1,2,4,2,1,3,0,0,0,0,SR-3 LX04848,SR-308,-122.6856278,47.70120556,0,1,13,83,5,40,4,0,0,1,5,9,1,2,4,1,1,1,2,53,0,55,33,2014,0,0,9,,,,,,1,1,21,1,0,0,0,0,3,0,11,0,,,,,0,0,3,3,1,0,0,0,0,0,,,,,,0,,,,,,84015,49,71,165,6,1,0,1,98,0,0,0,,,,,,0,03/15/2014,03/15/2014,20,0,0,0,8,9,2,,,0,0,0,0,0,0,0,0,0,0,0,0,0,0,996,,,,,,,,,,,,,,,,,,,,,,,,,,,,,,0,0,0,1,0,0,0,0,0,0,0,0,0,0,0,0,0,0,0,0,0,0,0,1,1,0,0,0,0,1,0,0,1,0,0,,0,0,0,0,0,0,0,0,0,0,0,0,0,0,0,0,,,,,,21-25,16-25,State route,U,Sunday,Belt Used,PV,Not Fatal,1,0,0,0,State Route,State Patrol,Washington State Patrol Headquarter,0,1,0,0,0,,,,,,,,,,,,,,,,,,,,,,,,,,,,,,,,,,,,,,,,,,,
2019,190,E932603,6,05/26/2019,1:53,26,5,,7,Chelan,0,10,0,2,1,2,1,0,7,3,,,,12,0,6,4.5,1,0,1,4,1,1,2,0,0,0,0,US-97A,,-120.2990722,47.53414444,0,1,66,10,2,60,4,0,0,1,7,12,2,1,2,1,14,1,2,49,0,49,32,2006,0,0,68,12,12,,,,1,1,20,2,7,,4,0,3,0,11,4,05/26/2019,3:31,2.46053E+11,23627,0,0,3,3,1,28,0,0,0,96,,,,,,99,,,,,,84015,49,73,165,6,1,0,1,98,0,,0,,,,,,0,10/15/2016,10/15/2016,8,0,0,0,0,1,8,,,0,0,0,8,1,2,1,,,1,,,2,1,0.063,,,,,,,,,,,,,,,,,,,,,,,,,,,,,,0,0,0,0,1,0,0,0,0,0,0,0,0,0,0,0,0,0,0,0,0,1,1,1,1,0,0,0,0,1,0,0,0,0,0,,1,0,0,0,1,0,0,0,0,0,0,0,1,0,0,1,,,,,,18-20,16-25,US highway,R,Sunday,Belt Used,PV,Black,0,1,1,0,State Route,State Patrol,Washington State Patrol,0,1,0,0,0,,,,,,0,0,0,,,,,,,,,,,98,98,98,2,,,,,20,7,,,,,,,,,,,,,,,
2017,68,E646985,4,02/24/2017,17:33,24,2,0,63,Spokane,2113,10,0,5,1,2,1,0,1,1,,,,43,0,0,287.6,1,0,1,1,2,1,1,0,0,0,0,I-90,,-117.2393056,47.67416111,0,1,1,13,2,60,34,0,0,1,2,43,1,1,3,3,1,1,1,49,0,7,482,2016,0,0,63,43,67,21,,,1,1,64,1,7,1,4,7,3,0,11,0,02/24/2017,17:33,2.11353E+11,9651,0,0,0,2,1,0,0,0,0,96,,,,,,9,,,,,,84092,49,73,231,1,1,1,1,98,1,0,0,,,,,,0,01/15/2013,02/15/2017,8,0,0,0,0,1,8,,,0,0,0,8,1,2,996,0,0,1,0,0,2,1,0.15,,,,,,,,,,,,,,,,,,,,,,,,,,,,,,0,0,1,0,1,1,1,1,0,0,0,0,0,1,0,0,0,0,0,0,0,0,0,0,0,0,0,0,0,0,0,0,0,0,0,,0,0,0,0,0,1,1,1,0,0,0,1,0,0,0,1,,,,,,61-65,56-65,Interstate,U,Friday,Belt Used,PV,White,0,1,0,0,State Route,State Patrol,Washington State Patrol Headquarter,1,1,0,0,0,,,,,,,,,,,,,,,,,,,,,,,,,,,,,,,,,,,,,,,,,,,
2020,255,3852084,263,07/18/2020,2:29,18,7,,33,King,1960,10,,3,1,2,1,0,1,4,,,,33,0,0,0,3,0,2,3,2,4,6,0,0,3,3,15TH AVE W,W GARFIELD ST,-122.3762222,47.63346667,0,1,6,12,2,30,2,0,0,1,2,2,2,1,6,2,11,1,1,49,0,32,52,2014,0,,68,64,33,24,1,2,1,1,34,1,7,,4,7,99,7,11,0,07/18/2020,2:29,1.96053E+11,34509,0,0,0,3,1,0,,,,96,,,,,,98,,,,,,84096,49,67,180,6,1,0,0,98,2,,0,,,,,,3,08/15/2015,11/15/2016,99,0,0,0,0,9,8,,,0,,,8,8,2,1,,,1,,,2,1,0.258,,,,,,,,,,,,,,,,,,,,,,,,,,,,,,0,0,1,1,1,1,0,1,0,0,0,0,1,0,0,0,0,0,0,0,0,0,0,0,0,0,0,0,0,1,0,0,0,0,0,,1,0,0,0,0,1,0,1,0,1,0,0,0,1,0,1,,,,,,31-35,26-35,City street,U,Saturday,Unknown,PV,White,1,0,0,0,City Street,Municipal/City Police,Seattle Police Department,0,0,0,1,0,,,,,,0,0,0,,,,,,,,,,,98,98,98,1,,,,,20,7,,,,,,,,1,14,,,,,,