year,case,par,repjur,crash_dt,crash_tm,accday,accmon,holiday,county,co_char,city,weather,weather2,lightcond,surfcond,surftype,numfatal,nmforms,pforms,vforms,not_tm,arr_tm,hosp_tm,fhevent,hitrun,manncol,milepnt,reljunc,reljuncinter,intersectiontype,funcsystem,landuse,ownership,route,schlbus,spejur,contdev,devfunc,trafid1,trafid2,x,y,wk_zone,vnumber,crashtype,criticalevent,criticaleventcat,spdlim,body,trailer,emerg,hazcargo,leave,mhevent,roadalgn,roadprof,traflane,trafflow,vehmanvr,numoccs,regowner,regstate,spuse,make,model,modelyr,vrf1,vrf2,seqevent1,seqevent2,seqevent3,seqevent4,seqevent5,seqevent6,pnumber,ptype,age,sex,hispanic,race,injury,diedscene,restraint,restraintmisuse,seatpos,takehosp,death_dt,death_tm,cert,cernum_wa,commlic,licendor,licrestrict,liccomp,drivpres,drf1,drf2,drf3,drf4,distract1,distract2,distract3,distract4,distract5,distract6,dricond1,dricond2,dricond3,dricond4,dricond5,dricond6,dzip,licstate,drhgt_in,weight,noncdl,noncdltype,prevdwi,prevoth,prevacc,prevspd,prevsus,driviol1,driviol2,driviol3,driviol4,driviol5,driviol6,spdrel,first_dt,last_dt,airbag,ejection,ejectpath,extricat,injurwrk,methalc,methdrug,nmlocat,strikveh,prf1,prf2,prf3,druginv,alcinvol,drugsts,drugres1,drugres2,drugres3,drugtst1,drugtst2,drugtst3,alcsts,alctst,alcres,nmact1,nmact2,nmact3,nmact4,nmact5,nmact6,nmprior1,nmprior2,nmprior3,nmprior4,nmprior5,nmprior6,nmcond1,nmcond2,nmcond3,nmcond4,nmcond5,nmcond6,nmsafe_helmet,nmsafe_pads,nmsafe_oth,nmprev_ref,nmprev_lgt,nmprev_oth,crashlocation,nmcrashtype,crosswalk,schoolzone,sidewalk,train_inv,wildlife_inv,rotr_fars,intersect_fars,dd_inv,aid_inv,dpd_inv,id_inv,mj_inv,impnm_inv,ainm_inv,dpnm_inv,speed_inv,unlic_inv,unendmc_inv,drowsy_inv,drdist_inv,nmdist_inv,fty_inv,unrestfat_inv,dr1617_inv,dr1820_inv,dr1620_inv,dr2125_inv,dr1625_inv,dr65_inv,dr70_inv,dr75_inv,mc_inv,pv_inv,ht_inv,ped_inv,bike_inv,unrest_fat,mc_fat,unhelmet_mc,pv_fat,ht_fat,ped_fat,bike_fat,dr_alc7,dr_alc8,dr_drug,dr_imp,dr_dist,dr_spd,dr_fty,dr_unlic,dr_alc7only,dr_alc8only,dr_drugonly,dr_drink,nm_imp,nm_alc7,nm_alc8,nm_drug,nm_dist,agegrp1,agegrp2,roadclass,urbrur,dayweek,restuse,vehtype,race_me,intersect,lanedep,oppdir,wrongway,rep_typ,investag,repag_long,rotr,st_rd,cty_rd,city_rd,oth_rd,drug_thc,thc_res,drug_cthc,cthc_res,drug_cann,prevpersemin,prevperse,prevsusoth,drugtst4,drugtst5,drugtst6,drugtst7,drugtst8,drugres4,drugres5,drugres6,drugres7,drugres8,adspresent,adsengaged,adslevel,race1,race2,race3,race4,race5,helmet,helmetmisuse,nmdistract1,nmdistract2,nmdistract3,nmdistract4,nmdistract5,nmdistract6,lab,isedtcase,crf1,crf2,crf3,CoRoadName,CoMP,IntCoRoadName,IntCoMP
2018,313,E836350,1,08/26/2018,19:27,26,8,0,5,Benton,0,1,0,1,1,1,2,0,2,1,19:23,19:39,,1,0,0,89,1,0,1,1,1,1,1,0,0,0,0,I-82,,-119.6228556,46.24771389,0,1,98,9,1,70,34,0,0,1,2,1,1,1,2,3,6,2,2,49,0,12,481,2005,0,0,68,64,69,1,,,1,1,28,2,7,1,4,7,3,0,11,0,08/26/2018,19:27,53037601,37601,0,0,0,3,1,0,0,0,0,96,,,,,,2,,,,,,84606,49,64,110,6,1,0,0,98,0,,0,,,,,,0,,,20,0,0,0,0,9,8,,,0,0,0,8,0,2,1,,,1,,,2,1,0,,,,,,,,,,,,,,,,,,,,,,,,,,,,,,0,0,0,0,0,0,0,0,0,0,0,0,0,0,0,1,0,0,0,0,0,0,0,0,0,0,0,0,0,1,0,0,0,0,0,,1,0,0,0,0,0,0,0,0,0,0,0,0,0,0,0,,,,,,26-30,26-35,Interstate,R,Sunday,Belt Used,PV,White,0,0,0,0,State Route,State Patrol,Washington State Patrol,0,1,0,0,0,,,,,,0,0,0,,,,,,,,,,,,,,,,,,,,,,,,,,,,,,,,,,,
2019,350,E967832,6,10/04/2019,10:04,4,10,,39,Klickitat,0,1,0,1,1,2,1,0,4,4,,,,12,0,2,30.9,1,0,1,3,1,1,3,0,3,0,0,SR-97,,-120.6165861,46.02800833,0,2,51,62,4,60,66,1,0,1,7,12,1,1,2,1,1,1,1,49,0,85,881,2017,0,0,12,,,,,,1,1,23,1,0,,0,0,3,0,11,0,,,,,6,3,0,3,1,0,0,0,0,0,,,,,,0,,,,,,84754,49,74,150,6,1,0,0,98,0,,0,,,,,,0,,,20,0,0,0,8,9,2,,,0,0,0,0,0,8,95,,,96,,,8,95,995,,,,,,,,,,,,,,,,,,,,,,,,,,,,,,0,0,0,0,1,1,0,1,0,0,0,0,0,0,0,0,0,0,0,0,0,0,0,1,1,1,0,0,0,1,1,0,0,0,0,,0,0,0,0,0,0,0,0,0,0,0,0,0,0,0,0,,,,,,21-25,16-25,State route,R,Friday,,MHTRUCK,Not Fatal,0,1,1,0,State Route,State Patrol,Washington State Patrol,0,1,0,0,0,,,,,,0,0,0,,,,,,,,,,,98,98,98,0,,,,,20,7,,,,,,,,,,,,,,,
2018,348,E840642,200,09/07/2018,21:38,7,9,0,61,Snohomish,1360,2,0,3,2,2,1,0,2,2,,,,12,0,1,13.2,1,0,1,3,2,1,2,0,0,0,0,US-2,,-121.8464889,47.85375,0,2,25,53,3,45,80,0,0,1,7,12,1,1,2,1,1,1,0,4,0,99,709,9999,0,0,12,,,,,,1,1,38,1,1,1,4,7,19,0,11,0,09/07/2018,21:38,1.36053E+11,40157,0,0,0,0,1,0,0,0,0,96,,,,,,99,,,,,,85029,4,67,205,0,0,0,0,0,0,,0,,,,,,0,,,20,8,0,0,0,9,8,,,0,0,0,8,9,2,401,417,605,1,1,1,2,1,0,,,,,,,,,,,,,,,,,,,,,,,,,,,,,,0,0,0,0,0,0,1,1,1,0,0,0,0,1,1,0,1,0,0,0,0,1,1,0,1,0,0,0,1,1,0,0,0,0,1,0,0,0,0,0,0,0,1,1,0,0,0,1,0,0,1,0,,,,,,36-40,36-45,US highway,U,Friday,,MC,Hispanic,0,0,0,0,State Route,Municipal/City Police,Monroe Police Department,0,1,0,0,0,,,,,,0,0,0,1,,,,,695,,,,,,,,,,,,,,,,,,,,,,,,,,,,,
2017,121,E667256,5,04/25/2017,5:08,25,4,0,41,Lewis,0,10,0,4,2,2,1,0,3,3,,,,12,0,1,80.2,1,0,1,1,2,1,1,0,0,0,0,I-5,,-122.970175,46.68926944,0,3,98,61,4,60,66,1,0,1,5,12,1,1,2,3,1,1,3,18,0,82,881,9999,0,0,12,,,,,,1,1,64,1,0,0,0,0,3,0,11,0,,,,,6,1,3,3,1,0,0,0,0,93,,,,,,0,,,,,,85053,4,72,210,6,1,0,1,0,0,2,0,,,,,,0,07/15/2012,11/15/2016,20,0,0,0,8,9,8,,,0,0,0,8,9,0,0,0,0,0,0,0,0,0,996,,,,,,,,,,,,,,,,,,,,,,,,,,,,,,0,0,0,0,0,0,0,0,0,0,0,0,0,0,0,0,1,0,0,0,0,0,0,0,0,0,0,0,1,0,1,0,0,0,0,,0,0,0,0,0,0,0,0,1,0,0,0,0,0,0,0,,,,,,61-65,56-65,Interstate,U,Tuesday,,MHTRUCK,Not Fatal,0,0,0,0,State Route,State Patrol,Washington State Patrol Headquarter,0,1,0,0,0,,,,,,,,,,,,,,,,,,,,,,,,,,,,,,,,,,,,,,,,,,,
2020,229,EA47886,6,07/05/2020,10:05,5,7,,25,Grant,0,1,,1,1,2,1,1,1,1,10:20,10:36,11:38,9,0,0,79.9,3,0,3,4,1,1,3,0,0,0,0,SR-17,MMOORE RD NE,-119.4694528,47.54283056,0,1,13,83,5,60,80,0,0,1,2,9,2,1,2,1,14,1,1,53,0,37,706,2003,0,,9,,,,,,1,1,55,1,0,,3,0,20,7,11,5,,,,,0,0,0,3,1,0,,,,96,,,,,,0,,,,,,85086,4,73,185,6,1,0,0,0,0,,0,,,,,,0,,,20,8,0,0,8,3,8,,,0,,,8,8,8,95,,,96,,,8,95,995,,,,,,,,,,,,,,,,,,,,,,,,,,,,,,0,0,0,1,0,0,0,0,0,0,0,0,0,0,0,0,0,0,0,0,0,0,0,0,0,0,0,0,1,0,0,0,1,0,0,0,0,0,0,0,0,0,0,0,0,0,0,0,0,0,0,0,,,,,,51-55,46-55,State route,R,Sunday,,MC,Not Fatal,1,0,0,0,State Route,State Patrol,Washington State Patrol,0,1,0,0,0,,,,,,0,0,0,,,,,,,,,,,0,0,0,0,,,,,19,0,,,,,,,,1,0,,,,,,
2019,366,E971669,25,10/16/2019,10:40,16,10,,33,King,0,2,0,1,2,2,1,0,2,2,,,,12,0,2,2.3,1,0,1,4,1,2,4,0,0,0,0,CR-PRESTON FALL CITY RD,,-121.906625,47.54148056,0,2,51,62,4,40,4,0,0,1,7,12,1,1,2,1,1,1,2,53,0,59,32,2006,0,0,12,,,,,,1,1,68,1,7,,4,7,3,0,11,0,10/16/2019,10:40,53045925,45925,0,0,0,3,1,0,0,0,0,96,,,,,,99,,,,,,85123,4,67,170,6,1,0,0,0,0,,0,,,,,,0,,,8,0,0,0,0,9,8,,,0,0,0,8,9,2,1,,,1,,,2,1,0,,,,,,,,,,,,,,,,,,,,,,,,,,,,,,0,0,0,0,0,0,0,0,0,0,0,0,0,1,0,0,0,0,0,0,0,0,0,0,0,1,0,0,0,1,0,0,0,0,0,,1,0,0,0,0,0,0,0,0,0,0,0,0,0,0,0,,,,,,66-70,66-75,County road,R,Wednesday,Belt Used,PV,White,0,1,1,0,County Road,County Sheriff,King County Police,0,0,1,0,0,,,,,,0,0,0,,,,,,,,,,,98,98,98,1,,,,,20,7,,,,,,,,,,,,,,,
2020,458,EA83757,297,11/22/2020,22:46,22,11,,33,King,2310,2,,3,2,2,1,0,1,1,,,,43,0,0,0,1,0,1,7,2,4,6,0,0,0,0,48TH AVE S,,-122.2665028,47.48848056,0,1,14,14,2,25,4,0,0,1,2,3,1,1,2,1,1,1,1,53,0,49,32,2015,0,,71,43,67,3,,,1,1,20,1,7,,4,7,99,7,11,0,11/22/2020,22:46,2.31053E+11,55302,0,0,0,3,1,0,,,,96,,,,,,98,,,,,,85138,4,65,115,6,1,0,0,0,1,,0,,,,,,0,09/15/2018,09/15/2018,8,0,0,0,0,9,8,,,0,,,8,8,2,1,,,1,,,2,1,0.244,,,,,,,,,,,,,,,,,,,,,,,,,,,,,,0,0,0,0,1,1,0,1,0,0,0,0,0,0,0,0,0,0,0,0,0,1,1,0,1,0,0,0,0,1,0,0,0,0,0,,1,0,0,0,0,1,0,1,0,0,0,0,0,1,0,1,,,,,,18-20,16-25,City street,U,Sunday,Unknown,PV,White,0,1,0,0,City Street,Municipal/City Police,Tukwila Police Department,1,0,0,1,0,,,,,,0,0,0,,,,,,,,,,,98,98,98,1,,,,,20,7,,,,,,,,1,0,,,,,,
2021,367,EB70644,26,09/22/2021,2:52,22,9,,35,Kitsap,0,1,,2,1,2,1,0,1,1,,,,43,0,0,7.7,1,0,1,5,1,2,4,0,0,0,0,CR-SEABECK HWY NW,,-122.7968056,47.65326667,0,1,7,12,2,35,14,0,0,1,2,1,2,2,2,1,14,1,2,4,0,20,404,2020,0,,68,64,43,1,,,1,1,24,1,7,,4,0,99,7,11,5,09/26/2021,14:19,1.96053E+11,50048,0,0,3,3,1,0,,,,96,,,,,,9,,,,,,85201,4,66,165,6,1,0,1,0,0,,0,,,,,,3,10/15/2019,10/15/2019,8,0,0,1,0,9,8,,,0,,,8,1,0,0,,,0,,,0,0,996,,,,,,,,,,,,,,,,,,,,,,,,,,,,,,0,0,0,0,1,0,0,0,0,0,0,0,1,0,0,0,0,0,0,0,0,0,0,1,1,0,0,0,0,1,0,0,0,0,0,,1,0,0,0,0,0,0,0,0,1,0,0,0,0,0,1,,,,,,21-25,16-25,County road,R,Wednesday,Unknown,PV,AIAN,0,1,0,0,County Road,County Sheriff,Kitsap County Sheriff's Office,1,0,1,0,0,,,,,,0,0,0,,,,,,,,,,,98,98,98,3,,,,,20,,,,,,,,,1,0,,,SEABECK HIGHWAY NW,7.749,NULL,
2018,386,E844987,290,10/03/2018,19:00,3,10,0,53,Pierce,2230,1,0,5,1,2,1,0,2,2,,,,12,0,6,0,2,0,3,4,2,4,6,0,0,20,3,N NARROWS DR,N JACKSON AVE,-122.53705,47.26473333,0,1,82,15,2,35,4,0,0,1,7,12,3,2,2,1,11,1,1,53,0,37,32,2012,0,0,12,,,,,,1,1,61,2,0,0,0,0,3,0,11,0,,,,,0,0,3,3,1,10,38,0,0,96,,,,,,0,,,,,,85203,4,70,186,6,1,0,0,0,0,,97,,,,,,0,,,2,0,0,0,8,9,8,,,0,0,0,8,0,8,95,,,96,,,8,95,995,,,,,,,,,,,,,,,,,,,,,,,,,,,,,,0,0,0,1,0,0,0,0,0,0,0,0,0,0,0,0,0,0,1,0,0,0,0,0,0,0,0,0,1,1,0,0,0,0,0,,0,0,0,0,0,0,0,0,0,0,1,0,0,0,0,0,,,,,,61-65,56-65,City street,U,Wednesday,Belt Used,PV,Not Fatal,1,0,0,0,City Street,Municipal/City Police,Tacoma Police Department,0,0,0,1,0,,,,,,0,0,0,,,,,,,,,,,,,,,,,,,,,,,,,,,,,,,,,,,
2017,346,E710424,32,08/14/2017,18:30,14,8,0,47,Okanogan,0,1,0,1,1,2,1,0,1,1,,,,42,0,0,9.3,1,0,1,6,1,2,4,0,0,0,0,CR-TWISP-CARLTON RD,,-120.1094056,48.35009167,0,1,1,13,2,50,80,0,0,1,2,3,3,1,2,1,14,1,2,53,0,37,706,2003,0,0,63,42,1,3,,,1,1,42,1,7,1,4,7,19,0,11,0,08/14/2017,19:09,2.33053E+11,35853,0,0,0,3,1,0,0,0,0,0,,,,,,99,,,,,,85207,4,70,150,6,1,0,0,0,0,0,0,,,,,,0,,,20,8,0,0,0,9,8,,,0,0,0,8,9,2,1,0,0,1,0,0,2,1,0.17,,,,,,,,,,,,,,,,,,,,,,,,,,,,,,0,0,1,0,1,1,0,1,0,0,0,0,0,0,0,0,0,0,0,0,0,0,0,0,0,0,0,0,1,0,0,0,0,0,1,0,0,0,0,0,0,1,0,1,0,0,0,0,0,1,0,1,,,,,,41-45,36-45,County road,R,Monday,,MC,White,0,1,0,0,County Road,County Sheriff,Okanogan County Sheriff's Office,1,0,1,0,0,,,,,,,,,,,,,,,,,,,,,,,,,,,,,,,,,,,,,,,,,,,
2020,450,3888029,263,11/04/2020,17:49,4,11,,33,King,1960,2,,3,2,2,1,1,1,1,17:50,17:58,,8,0,0,33.7,3,0,2,3,2,1,3,0,0,0,0,SR-099,N 137TH ST,-122.3450556,47.72873056,0,1,13,80,5,40,4,0,0,1,5,8,1,1,5,5,1,1,1,4,0,55,33,2005,0,,8,,,,,,1,1,24,2,0,,0,0,3,0,11,0,,,,,0,0,3,3,1,0,,,,96,,,,,,0,,,,,,85213,4,62,142,6,1,0,0,0,0,,97,,,,,,4,,,20,0,0,0,8,3,2,,,0,,,8,8,0,0,,,0,,,0,0,996,,,,,,,,,,,,,,,,,,,,,,,,,,,,,,0,0,0,1,0,0,0,0,0,1,0,1,1,0,0,0,0,0,0,0,0,0,0,1,1,0,0,0,0,1,0,1,0,0,0,,0,0,0,0,0,0,0,0,0,1,0,0,0,0,0,0,,,,,,21-25,16-25,State route,U,Wednesday,Belt Used,PV,Not Fatal,0,0,0,0,State Route,Municipal/City Police,Seattle Police Department,0,1,0,0,0,,,,,,0,0,0,,,,,,,,,,,98,98,98,0,,,,,20,7,,,,,,,,1,0,,,,,,
2017,16,E632347,6,01/14/2017,3:40,14,1,2,37,Kittitas,0,1,0,2,1,2,1,0,3,2,,,,12,0,1,101.5,1,0,1,1,1,1,1,0,0,0,0,I-90,,-120.6309167,47.04091111,0,2,25,53,3,60,66,1,0,1,5,12,2,1,2,3,14,2,3,18,0,82,881,2004,0,0,12,,,,,,1,1,49,1,0,0,0,0,3,0,11,0,,,,,6,3,0,3,1,0,0,0,0,0,,,,,,0,,,,,,85215,4,73,210,6,1,0,0,0,0,0,0,,,,,,0,,,20,0,0,0,8,3,2,,,0,0,0,0,0,0,0,0,0,0,0,0,0,0,996,,,,,,,,,,,,,,,,,,,,,,,,,,,,,,0,0,0,0,1,1,0,1,0,0,0,0,0,0,0,0,0,0,0,1,0,0,0,1,1,0,0,0,0,1,1,0,0,0,0,,0,0,0,0,0,0,0,0,0,0,0,0,0,0,0,0,,,,,,46-50,46-55,Interstate,R,Saturday,,MHTRUCK,Not Fatal,0,0,0,0,State Route,State Patrol,Washington State Patrol,0,1,0,0,0,,,,,,,,,,,,,,,,,,,,,,,,,,,,,,,,,,,,,,,,,,,
2018,338,E840255,5,09/18/2018,23:47,18,9,0,11,Clark,0,1,0,2,1,1,1,0,2,2,,,,12,0,1,10.2,1,0,1,1,2,1,1,0,0,0,0,I-5,,-122.6660917,45.76104722,0,2,25,53,3,70,4,0,0,1,5,12,1,2,3,3,1,1,2,4,0,35,50,2012,0,0,12,,,,,,1,1,18,1,0,0,0,0,3,0,11,0,,,,,0,0,3,3,1,0,0,0,0,96,,,,,,0,,,,,,85365,4,71,170,6,1,0,0,0,0,,0,,,,,,0,,,20,0,0,0,8,9,8,,,0,0,0,8,0,8,95,,,96,,,8,95,995,,,,,,,,,,,,,,,,,,,,,,,,,,,,,,0,0,0,0,0,0,1,1,0,0,0,0,0,0,0,0,0,0,0,1,0,1,1,0,1,0,0,0,0,1,0,0,0,0,0,,0,0,0,0,0,0,0,0,0,0,0,0,0,0,0,0,,,,,,18-20,16-25,Interstate,U,Tuesday,Belt Used,PV,Not Fatal,0,0,0,0,State Route,State Patrol,WASHINGTON STATE PATROL,0,1,0,0,0,,,,,,0,0,0,,,,,,,,,,,,,,,,,,,,,,,,,,,,,,,,,,,
2021,614,EB56748,213,08/09/2021,15:58,9,8,,33,King,532,1,,1,1,2,1,0,2,2,,,,12,0,2,24.5,1,0,1,3,2,1,3,0,0,0,0,SR-509,,-122.3325417,47.40835833,0,1,50,10,2,35,4,0,0,1,2,12,2,2,2,1,14,1,2,53,0,24,1,2002,0,,68,12,,,,,1,1,54,1,7,,4,0,99,7,11,5,08/22/2021,22:11,1.96053E+11,40976,0,0,0,3,1,28,,,,96,,,,,,98,,,,,,85602,4,66,160,6,1,0,0,0,0,,0,,,,,,0,,,8,0,0,1,0,9,2,,,0,,,8,8,0,0,,,0,,,0,0,996,,,,,,,,,,,,,,,,,,,,,,,,,,,,,,0,0,0,0,0,0,0,0,0,0,0,0,0,0,0,0,0,0,0,0,0,0,0,0,0,0,0,0,0,1,0,0,0,0,0,,1,0,0,0,0,0,0,0,0,0,0,0,0,0,0,0,,,,,,51-55,46-55,State route,U,Monday,Unknown,PV,White,0,1,1,0,State Route,County Sheriff,Normandy Park Police Department,0,1,0,0,0,,,,,,0,0,0,,,,,,,,,,,98,98,98,1,,,,,20,,,,,,,,,1,0,,,,,,
2021,141,EB32213,5,05/14/2021,17:14,14,5,,59,Skamania,0,1,,1,1,2,1,0,2,2,,,,24,0,0,23.4,1,0,1,3,1,1,3,0,0,0,0,SR-14,,-122.21415,45.56603333,0,1,1,13,2,50,80,0,0,1,2,24,1,2,2,1,6,1,2,41,0,73,703,2017,0,,63,24,69,12,,,1,1,18,8,7,,4,7,20,7,11,0,05/14/2021,17:14,53026951,26951,0,0,0,3,1,8,33,,,96,,,,,,98,,,,,,85710,4,71,170,6,1,0,0,0,0,,0,,,,,,4,,,20,8,0,0,0,9,8,,,0,,,8,8,2,1,,,1,,,2,1,0,,,,,,,,,,,,,,,,,,,,,,,,,,,,,,0,0,1,0,0,0,0,0,0,0,0,0,1,0,0,0,0,0,0,0,0,1,1,0,1,0,0,0,1,0,1,0,0,0,1,0,0,0,0,0,0,0,0,0,0,1,0,0,0,0,0,0,,,,,,18-20,16-25,State route,R,Friday,,MC,Other,0,1,0,0,State Route,State Patrol,Washington State Patrol,1,1,0,0,0,,,,,,0,0,0,,,,,,,,,,,0,0,0,98,,,,,19,,,,,,,,,1,0,,,,,,
2017,136,E668467,7,04/08/2017,7:23,8,4,0,33,King,0,10,0,1,1,1,1,0,1,1,,,,52,0,0,31.6,1,0,1,1,2,1,1,0,0,0,0,I-90,,-121.7475111,47.47323333,0,1,6,11,2,70,34,0,0,1,2,1,1,1,3,3,1,1,1,4,0,7,482,2016,0,0,64,52,1,42,,,1,1,73,1,7,1,4,7,3,0,11,0,04/08/2017,7:23,1.50053E+11,16997,0,0,3,3,1,0,0,0,0,96,,,,,,99,,,,,,85730,4,76,210,6,1,0,0,0,0,0,0,,,,,,3,,,8,0,0,0,0,9,8,,,0,0,0,8,9,2,1,0,0,1,0,0,2,1,0,,,,,,,,,,,,,,,,,,,,,,,,,,,,,,0,0,1,0,0,0,0,0,0,0,0,0,1,0,0,0,0,0,0,0,0,0,0,0,0,1,1,0,0,0,0,0,0,0,0,,0,0,0,0,0,0,0,0,0,1,0,0,0,0,0,0,,,,,,71-75,66-75,Interstate,U,Saturday,Belt Used,PV,White,0,1,0,0,State Route,State Patrol,Washington State Patrol Headquarter,1,1,0,0,0,,,,,,,,,,,,,,,,,,,,,,,,,,,,,,,,,,,,,,,,,,,
2021,154,EB34122,42,05/26/2021,21:08,26,5,,67,Thurston,0,1,,2,1,2,1,0,3,2,,,,1,0,0,,1,0,1,5,1,2,4,0,0,0,0,CR-SKOOKUMCHUCK RD SE,,-122.7652667,46.79623889,0,1,98,9,1,50,80,0,0,1,5,1,2,2,2,1,14,2,1,38,0,72,706,2018,0,,1,68,12,,,,1,1,57,1,0,,0,0,20,7,11,0,,,,,0,0,0,2,1,0,,,,96,,,,,,98,,,,,,86409,4,72,185,1,1,0,0,1,0,,97,,,,,,4,04/15/2021,04/15/2021,20,8,0,0,8,9,8,,,0,,,8,8,0,0,,,0,,,0,0,996,,,,,,,,,,,,,,,,,,,,,,,,,,,,,,0,0,0,0,0,0,0,0,0,0,0,0,1,1,1,0,0,0,0,0,1,0,1,0,1,0,0,0,1,1,0,0,0,0,0,0,0,0,0,0,0,0,0,0,0,1,0,1,0,0,0,0,,,,,,56-60,56-65,County road,R,Wednesday,,MC,Not Fatal,0,0,0,0,County Road,County Sheriff,Thurston County Sheriff's Office,0,0,1,0,0,,,,,,0,0,1,,,,,,,,,,,0,0,0,0,,,,,5,,,,,,,,,1,0,,,SKOOKUMCHUCK RD SE,4.929,NULL,
2019,16,E884315,5,01/17/2019,0:00,17,1,,15,Cowlitz,2570,99,0,2,99,2,1,0,1,1,,,,42,0,0,0.2,5,1,1,1,2,1,1,0,0,0,0,I-5 RAMP,,-122.7410278,45.90510278,0,1,2,8,1,98,4,0,0,1,2,42,2,2,2,6,14,1,2,4,0,12,23,2007,0,0,63,42,38,,,,1,1,27,1,7,,4,7,3,0,11,0,01/17/2019,0:00,2.57053E+11,2381,0,0,0,3,1,0,0,0,0,96,,,,,,99,,,,,,86510,4,67,145,6,1,0,1,0,0,,0,,,,,,0,04/15/2016,03/15/2017,8,0,0,0,0,9,8,,,0,0,0,8,9,8,95,,,96,,,8,95,995,,,,,,,,,,,,,,,,,,,,,,,,,,,,,,0,0,0,0,0,0,0,0,0,0,0,0,0,0,0,0,0,0,0,0,0,0,0,0,0,0,0,0,0,1,0,0,0,0,0,,1,0,0,0,0,0,0,0,0,0,0,0,0,0,0,0,,,,,,26-30,26-35,Interstate,U,Thursday,Belt Used,PV,AIAN,1,0,0,0,State Route,State Patrol,Washington State Patrol,0,1,0,0,0,,,,,,0,0,4,,,,,,,,,,,98,98,98,3,,,,,20,7,,,,,,,,,,,,,,,
2017,286,E688347,200,07/04/2017,19:25,4,7,5,61,Snohomish,1360,1,0,1,1,1,1,0,3,2,,,,12,0,6,13,2,0,2,3,2,1,2,0,0,3,3,US-2,ROOSEVELT RD,-122.0078833,47.87246389,0,1,68,10,2,55,14,0,0,1,5,12,1,1,5,1,11,1,1,53,0,20,401,1994,0,0,12,,,,,,1,1,54,2,0,0,3,0,99,0,11,8,,,,,0,0,3,3,1,38,39,0,0,96,,,,,,99,,,,,,88310,35,65,155,6,1,0,0,98,0,0,9,,,,,,0,,,20,0,0,0,8,9,8,,,0,0,0,8,1,2,316,605,996,1,1,1,2,1,0.21,,,,,,,,,,,,,,,,,,,,,,,,,,,,,,0,0,0,1,1,1,1,1,1,0,0,0,0,0,0,0,0,0,1,0,0,0,0,0,0,0,0,0,0,1,0,0,0,0,0,,0,0,0,0,0,1,1,1,0,0,1,0,0,0,0,1,,,,,,51-55,46-55,US highway,U,Tuesday,Unknown,PV,Not Fatal,1,0,0,0,State Route,Municipal/City Police,Monroe Police Department,0,1,0,0,0,thc,15,carboxy-thc,35,,,,,,,,,,,,,,,,,,,,,,,,,,,,,,,,,,,,,,,
2017,298,E699342,4,08/02/2017,13:15,2,8,0,19,Ferry,0,1,0,1,1,2,1,0,2,2,,,,12,0,6,313,1,0,1,4,1,1,3,0,0,0,0,SR-20,,-118.5766333,48.61314167,0,1,64,9,1,50,80,0,0,1,2,12,2,2,2,1,14,1,1,32,0,72,706,1991,0,0,68,12,,,,,1,1,65,1,7,1,4,7,29,0,11,0,08/02/2017,13:15,53034100,34100,0,0,0,3,1,28,0,0,0,96,,,,,,99,,,,,,89027,32,74,250,6,1,0,1,0,0,0,0,,,,,,0,04/15/2014,04/15/2014,20,8,0,0,0,9,8,,,0,0,0,8,9,2,996,996,0,1,1,0,2,1,0,,,,,,,,,,,,,,,,,,,,,,,,,,,,,,0,0,0,0,0,0,1,1,0,0,0,0,0,0,0,0,0,0,0,0,0,0,0,0,0,1,0,0,1,0,1,0,0,0,1,0,0,0,0,0,0,0,1,1,0,0,0,0,0,0,1,0,,,,,,61-65,56-65,State route,R,Wednesday,,MC,White,0,0,0,1,State Route,State Patrol,Washington State Patrol Headquarter,0,1,0,0,0,,,,,,,,,,,,,,,,,,,,,,,,,,,,,,,,,,,,,,,,,,,
2020,352,EA63250,31,08/22/2020,16:20,22,8,,45,Mason,0,1,,1,1,2,1,0,2,2,,,,12,0,6,1.8,2,0,2,5,1,2,4,0,0,20,3,CR-NE BELFAIR TAHUYA RD,ELFENDAHL PASS RD,-122.9142722,47.43988056,0,1,89,17,2,45,90,0,0,1,2,12,1,4,2,1,4,1,2,53,0,37,733,2005,0,,12,,,,,,1,1,22,1,7,,4,7,20,7,11,0,08/22/2020,16:20,53039499,39499,0,0,0,3,1,38,,,,92,,,,,,98,,,,,,89104,32,74,170,6,1,0,0,0,0,,0,,,,,,0,,,20,0,0,0,0,9,8,,,0,,,8,8,2,1,,,1,,,2,1,0,,,,,,,,,,,,,,,,,,,,,,,,,,,,,,0,0,0,1,0,0,0,0,0,0,0,0,0,0,0,0,1,0,1,0,0,0,0,1,1,0,0,0,0,0,1,0,0,0,0,,0,0,0,0,0,0,0,0,1,0,1,0,0,0,0,0,,,,,,21-25,16-25,County road,R,Saturday,,OTHVT,Black,1,0,0,0,County Road,County Sheriff,Mason County Sheriff's Office,0,0,1,0,0,,,,,,0,0,0,,,,,,,,,,,0,0,0,2,,,,,5,0,,,,,,,,1,0,,,BELFAIR TAHUYA RD,1.791,ELFENDAHL PASS RD,1.848