year,case,par,repjur,crash_dt,crash_tm,accday,accmon,holiday,county,co_char,city,weather,weather2,lightcond,surfcond,surftype,numfatal,nmforms,pforms,vforms,not_tm,arr_tm,hosp_tm,fhevent,hitrun,manncol,milepnt,reljunc,reljuncinter,intersectiontype,funcsystem,landuse,ownership,route,schlbus,spejur,contdev,devfunc,trafid1,trafid2,x,y,wk_zone,vnumber,crashtype,criticalevent,criticaleventcat,spdlim,body,trailer,emerg,hazcargo,leave,mhevent,roadalgn,roadprof,traflane,trafflow,vehmanvr,numoccs,regowner,regstate,spuse,make,model,modelyr,vrf1,vrf2,seqevent1,seqevent2,seqevent3,seqevent4,seqevent5,seqevent6,pnumber,ptype,age,sex,hispanic,race,injury,diedscene,restraint,restraintmisuse,seatpos,takehosp,death_dt,death_tm,cert,cernum_wa,commlic,licendor,licrestrict,liccomp,drivpres,drf1,drf2,drf3,drf4,distract1,distract2,distract3,distract4,distract5,distract6,dricond1,dricond2,dricond3,dricond4,dricond5,dricond6,dzip,licstate,drhgt_in,weight,noncdl,noncdltype,prevdwi,prevoth,prevacc,prevspd,prevsus,driviol1,driviol2,driviol3,driviol4,driviol5,driviol6,spdrel,first_dt,last_dt,airbag,ejection,ejectpath,extricat,injurwrk,methalc,methdrug,nmlocat,strikveh,prf1,prf2,prf3,druginv,alcinvol,drugsts,drugres1,drugres2,drugres3,drugtst1,drugtst2,drugtst3,alcsts,alctst,alcres,nmact1,nmact2,nmact3,nmact4,nmact5,nmact6,nmprior1,nmprior2,nmprior3,nmprior4,nmprior5,nmprior6,nmcond1,nmcond2,nmcond3,nmcond4,nmcond5,nmcond6,nmsafe_helmet,nmsafe_pads,nmsafe_oth,nmprev_ref,nmprev_lgt,nmprev_oth,crashlocation,nmcrashtype,crosswalk,schoolzone,sidewalk,train_inv,wildlife_inv,rotr_fars,intersect_fars,dd_inv,aid_inv,dpd_inv,id_inv,mj_inv,impnm_inv,ainm_inv,dpnm_inv,speed_inv,unlic_inv,unendmc_inv,drowsy_inv,drdist_inv,nmdist_inv,fty_inv,unrestfat_inv,dr1617_inv,dr1820_inv,dr1620_inv,dr2125_inv,dr1625_inv,dr65_inv,dr70_inv,dr75_inv,mc_inv,pv_inv,ht_inv,ped_inv,bike_inv,unrest_fat,mc_fat,unhelmet_mc,pv_fat,ht_fat,ped_fat,bike_fat,dr_alc7,dr_alc8,dr_drug,dr_imp,dr_dist,dr_spd,dr_fty,dr_unlic,dr_alc7only,dr_alc8only,dr_drugonly,dr_drink,nm_imp,nm_alc7,nm_alc8,nm_drug,nm_dist,agegrp1,agegrp2,roadclass,urbrur,dayweek,restuse,vehtype,race_me,intersect,lanedep,oppdir,wrongway,rep_typ,investag,repag_long,rotr,st_rd,cty_rd,city_rd,oth_rd,drug_thc,thc_res,drug_cthc,cthc_res,drug_cann,prevpersemin,prevperse,prevsusoth,drugtst4,drugtst5,drugtst6,drugtst7,drugtst8,drugres4,drugres5,drugres6,drugres7,drugres8,adspresent,adsengaged,adslevel,race1,race2,race3,race4,race5,helmet,helmetmisuse,nmdistract1,nmdistract2,nmdistract3,nmdistract4,nmdistract5,nmdistract6,lab,isedtcase,crf1,crf2,crf3,CoRoadName,CoMP,IntCoRoadName,IntCoMP
2018,19,E762018,307,01/22/2018,11:54,22,1,0,71,Walla Walla,2390,1,0,1,1,2,1,1,1,1,11:54,11:57,12:14,9,0,0,5.3,2,0,2,3,2,1,3,0,0,3,3,SR-125,W ALDER,-118.3477556,46.06219444,0,1,13,83,5,35,66,1,0,1,5,9,8,8,2,1,1,1,3,18,0,82,881,2000,0,0,9,,,,,,1,1,59,1,0,0,0,0,3,0,11,0,,,,,7,1,0,3,1,39,0,0,0,96,,,,,,0,,,,,,89509,32,72,195,6,1,0,0,0,0,,97,,,,,,0,,,20,0,0,0,8,9,2,,,0,0,0,0,0,2,351,,,1,,,2,1,0,,,,,,,,,,,,,,,,,,,,,,,,,,,,,,0,0,0,1,0,0,1,1,0,1,0,1,0,0,0,0,0,0,0,0,0,0,0,0,0,0,0,0,0,0,1,0,1,0,0,,0,0,0,0,0,0,1,1,0,0,0,0,0,0,1,0,,,,,,56-60,56-65,State route,U,Monday,,MHTRUCK,Not Fatal,1,0,0,0,State Route,Municipal/City Police,Walla Walla Police Department,0,1,0,0,0,,,,,,0,0,0,,,,,,,,,,,,,,,,,,,,,,,,,,,,,,,,,,,
2021,275,EB55170,21,07/26/2021,4:33,26,7,,25,Grant,0,1,,2,1,2,1,0,2,2,,,,12,0,1,3.6,1,0,1,7,1,2,4,0,0,0,0,CR-ROAD 9 NW,,-119.9309306,47.21841944,0,1,25,53,3,50,96,0,0,1,5,12,1,1,2,1,1,1,0,92,0,98,734,9999,0,,12,63,59,,,,1,1,55,1,1,,4,7,20,7,11,0,07/26/2021,4:33,53036430,36430,0,0,0,1,1,0,,,,96,,,,,,98,,,,,,90003,6,68,160,6,1,0,0,0,0,,0,,,,,,0,,,20,1,9,0,1,9,8,,,0,,,8,8,8,95,,,96,,,8,95,995,,,,,,,,,,,,,,,,,,,,,,,,,,,,,,0,0,0,0,0,0,0,0,0,0,0,0,0,0,0,0,0,0,0,0,1,0,1,0,1,0,0,0,0,1,0,0,0,0,0,,0,0,0,0,0,0,0,0,0,0,0,0,0,0,0,0,,,,,,51-55,46-55,County road,R,Monday,,OTHVT,Hispanic,0,0,0,0,County Road,County Sheriff,Grant County Sheriff's Office,0,0,1,0,0,,,,,,0,0,0,,,,,,,,,,,0,0,0,98,,,,,17,,,,,,,,,1,0,,,9 NW,3.63,NULL,
2017,307,E700409,2,08/09/2017,14:23,9,8,0,61,Snohomish,0,1,0,1,1,2,1,0,3,3,,,,12,0,1,203.9,1,0,1,1,2,1,1,0,0,0,0,I-5,,-122.1851667,48.12236111,0,1,24,51,3,60,4,0,0,1,2,12,1,1,3,3,1,1,2,6,0,32,43,2010,0,0,12,63,69,12,,,1,1,40,1,7,78,4,0,3,0,11,4,08/11/2017,14:35,69053036439,36439,0,0,0,2,1,26,58,0,0,96,,,,,,9,,,,,,90057,6,69,170,1,1,0,1,0,0,1,15,,,,,,0,12/15/2014,12/15/2015,2,0,0,0,0,9,1,,,0,0,0,1,0,2,401,417,0,1,1,0,2,1,0,,,,,,,,,,,,,,,,,,,,,,,,,,,,,,0,0,0,0,0,0,1,1,0,0,0,0,0,1,0,0,0,0,0,0,0,0,0,0,0,0,0,0,0,1,1,0,0,0,0,,1,0,0,0,0,0,1,1,0,0,0,1,0,0,1,0,,,,,,36-40,36-45,Interstate,U,Wednesday,Belt Used,PV,API,0,0,0,0,State Route,State Patrol,Washington State Patrol Headquarter,0,1,0,0,0,,,,,,,,,,,,,,,,,,,,,,,,,,,,,,,,,,,,,,,,,,,
2018,276,E828065,3,08/06/2018,16:10,6,8,0,53,Pierce,0,1,0,1,1,7,3,0,6,2,,,,12,0,6,5.3,2,0,2,4,1,1,3,0,0,4,3,SR-702,8TH AVE,-122.4423667,46.93728611,0,2,87,66,4,55,14,0,0,1,7,1,1,2,2,1,1,4,2,6,0,49,402,2018,0,0,12,68,64,1,,,1,1,59,1,0,0,3,0,3,0,11,8,,,,,0,0,0,3,1,0,0,0,0,96,,,,,,0,,,,,,90620,6,69,160,6,1,0,0,0,0,,0,,,,,,0,,,8,0,0,0,8,9,8,,,0,0,0,8,0,8,95,,,96,,,8,95,995,,,,,,,,,,,,,,,,,,,,,,,,,,,,,,0,0,0,1,1,1,1,1,0,0,0,0,0,0,0,0,0,0,1,1,0,0,0,0,0,0,0,0,0,1,0,0,0,0,0,,0,0,0,0,0,0,0,0,0,0,0,0,0,0,0,0,,,,,,56-60,56-65,State route,R,Monday,Belt Used,PV,Not Fatal,1,0,0,0,State Route,State Patrol,Washington State Patrol,0,1,0,0,0,,,,,,0,0,0,,,,,,,,,,,,,,,,,,,,,,,,,,,,,,,,,,,
2019,136,E902079,6,03/05/2019,13:08,5,3,,37,Kittitas,0,1,0,1,1,2,1,0,7,3,,,,25,0,0,77.5,1,0,1,1,1,1,1,0,0,0,0,I-90,,-121.0389917,47.18248611,0,2,98,62,4,60,66,1,0,1,5,12,3,1,2,3,14,1,3,6,0,82,881,2010,0,0,12,,,,,,1,1,62,1,0,,0,0,3,0,11,0,,,,,6,3,3,3,1,0,0,0,0,96,,,,,,0,,,,,,91755,6,64,140,6,1,0,3,0,2,,0,,,,,,0,03/15/2017,11/15/2017,20,0,0,0,8,9,8,,,0,0,0,8,0,8,95,,,96,,,8,95,995,,,,,,,,,,,,,,,,,,,,,,,,,,,,,,0,0,1,0,0,0,0,0,0,0,0,0,0,0,0,0,0,0,0,0,0,0,0,0,0,1,0,0,0,1,1,0,0,0,0,,0,0,0,0,0,0,0,0,0,0,0,0,0,0,0,0,,,,,,61-65,56-65,Interstate,R,Tuesday,,MHTRUCK,Not Fatal,0,1,0,0,State Route,State Patrol,Washington State Patrol,1,1,0,0,0,,,,,,0,0,0,,,,,,,,,,,98,98,98,0,,,,,20,7,,,,,,,,,,,,,,,
2021,338,EB64623,5,08/29/2021,17:07,29,8,,11,Clark,2370,1,,1,1,2,1,0,1,1,,,,25,0,0,1,5,1,1,1,2,1,1,0,0,0,0,I-205 RAMP,,-122.5687556,45.65346944,0,1,6,12,2,98,80,0,0,1,2,25,2,4,1,6,14,1,3,53,0,73,703,2013,0,,64,25,,,,,1,1,61,1,7,,4,0,20,7,11,5,08/31/2021,20:22,2.37053E+11,44154,0,0,0,2,1,30,,,,96,,,,,,98,,,,,,91977,6,71,160,3,1,0,0,0,0,,0,,,,,,4,,,20,8,0,0,0,9,8,,,0,,,8,8,2,1,,,1,,,2,1,0.066,,,,,,,,,,,,,,,,,,,,,,,,,,,,,,0,0,1,0,1,0,0,0,0,0,0,0,1,1,1,0,0,0,0,0,0,0,0,0,0,0,0,0,1,0,0,0,0,0,1,0,0,0,0,0,1,0,0,0,0,1,0,1,1,0,0,1,,,,,,61-65,56-65,Interstate,U,Sunday,,MC,White,1,0,0,0,State Route,State Patrol,Washington State Patrol,0,1,0,0,0,,,,,,0,0,0,,,,,,,,,,,0,0,0,1,,,,,5,,,,,,,,,1,0,,,,,,
2020,45,EA15060,3,02/12/2020,23:57,12,2,,67,Thurston,0,5,,2,1,2,2,0,5,3,,,,12,0,2,89.4,1,0,1,1,2,1,1,0,0,0,0,I-5,,-122.9991833,46.81609444,0,3,98,90,6,70,5,0,0,1,2,54,1,1,3,3,1,2,2,53,0,41,51,2005,0,,54,,,,,,1,1,32,1,0,,0,0,3,0,11,0,,,,,0,0,0,3,1,0,,,,96,,,,,,0,,,,,,92106,6,65,180,6,1,0,0,0,0,,0,,,,,,0,,,20,0,0,0,8,9,8,,,0,,,8,8,0,0,,,0,,,0,0,996,,,,,,,,,,,,,,,,,,,,,,,,,,,,,,0,0,0,0,1,1,0,1,0,0,0,0,1,0,0,0,0,0,0,1,0,0,0,0,0,0,0,0,0,1,1,0,0,0,0,,0,0,0,0,0,0,0,0,0,0,0,0,0,0,0,0,,,,,,31-35,26-35,Interstate,U,Wednesday,Belt Used,PV,Not Fatal,0,0,0,1,State Route,State Patrol,Washington State Patrol,0,1,0,0,0,,,,,,0,0,0,,,,,,,,,,,98,98,98,0,,,,,20,7,,,,,,,,1,14,,,,,,
2021,253,EB52301,8,07/23/2021,15:05,23,7,,27,Grays Harbor,0,1,,1,1,2,1,0,1,1,,,,1,0,0,19.6,3,0,3,5,1,1,3,0,0,0,0,SR-109,PACIFIC LANE,-124.1696556,47.09321667,0,1,1,13,2,50,80,0,0,1,2,1,1,1,2,1,1,1,2,53,0,72,706,2014,0,,63,1,,,,,1,1,70,2,,,4,0,20,7,11,0,,,,,0,0,3,3,1,0,,,,96,,,,,,98,,,,,,92114,6,71,175,6,1,0,0,0,0,,0,,,,,,0,,,20,8,0,0,,9,8,,,0,,,8,8,0,0,,,0,,,0,0,996,,,,,,,,,,,,,,,,,,,,,,,,,,,,,,0,0,1,1,0,0,0,0,0,0,0,0,0,0,0,0,0,0,0,0,0,0,0,0,0,1,1,0,1,0,0,0,0,0,1,0,0,0,0,0,0,0,0,0,0,0,0,0,0,0,0,0,,,,,,66-70,66-75,State route,R,Friday,,MC,Unknown,0,1,0,0,State Route,State Patrol,Washington State Patrol,1,1,0,0,0,,,,,,0,0,0,,,,,,,,,,,0,0,0,,,,,,5,,,,,,,,,1,0,,,,,,
2019,251,E944760,32,07/12/2019,14:30,12,7,,47,Okanogan,0,1,0,1,1,2,1,0,1,1,,,,19,0,0,7.3,3,0,4,5,1,2,4,0,0,0,0,CR-TORODA CREEK RD,COUGAR CREEK RD,-118.9129861,48.77890833,0,1,6,10,2,50,83,0,0,1,5,19,8,8,2,1,11,1,1,6,0,53,703,2004,0,0,68,64,19,,,,1,1,63,8,7,,4,7,20,7,11,0,07/12/2019,14:30,53031224,31224,0,0,0,1,1,0,0,0,0,92,,,,,,99,,,,,,92341,6,75,270,6,1,0,0,0,0,,0,,,,,,0,,,20,8,0,0,0,9,8,,,0,0,0,8,9,2,1,,,1,,,2,1,0.26,,,,,,,,,,,,,,,,,,,,,,,,,,,,,,0,0,1,1,1,1,0,1,0,0,0,0,0,0,0,0,1,0,0,0,0,0,0,0,0,0,0,0,1,0,0,0,0,0,1,0,0,0,0,0,0,1,0,1,1,0,0,0,0,1,0,1,,,,,,61-65,56-65,County road,R,Friday,,MC,White,0,1,0,0,County Road,County Sheriff,Okanogan County Sheriff's Office,1,0,1,0,0,,,,,,0,0,0,,,,,,,,,,,0,0,0,1,,,,,19,0,,,,,,,,,,,,,,,
2017,378,E718835,6,09/18/2017,15:10,18,9,0,37,Kittitas,0,1,0,1,1,1,1,0,6,3,15:11,15:40,,12,0,1,80.8,1,0,1,1,1,1,1,0,0,0,0,I-90,,-120.9712583,47.19186667,0,1,29,53,3,70,3,0,0,1,2,12,1,1,2,3,2,2,2,6,0,69,54,2015,0,0,12,12,,,,,1,1,28,2,0,0,2,0,3,0,11,5,,,,,0,0,0,3,1,0,0,0,0,0,,,,,,0,,,,,,92571,6,61,135,6,1,0,1,0,0,0,0,,,,,,0,05/15/2017,05/15/2017,20,0,0,0,8,9,8,,,0,0,0,8,0,0,0,0,0,0,0,0,0,0,996,,,,,,,,,,,,,,,,,,,,,,,,,,,,,,0,0,0,0,0,0,0,0,0,0,0,0,0,0,0,0,1,0,0,0,0,1,1,0,1,0,0,0,0,1,1,0,0,0,0,,0,0,0,0,0,0,0,0,0,0,0,0,0,0,0,0,,,,,,26-30,26-35,Interstate,R,Monday,Belt Used,PV,Not Fatal,0,0,0,0,State Route,State Patrol,Washington State Patrol Headquarter,0,1,0,0,0,,,,,,,,,,,,,,,,,,,,,,,,,,,,,,,,,,,,,,,,,,,
2018,387,E854932,5,10/11/2018,20:39,11,10,0,11,Clark,0,1,0,2,1,2,1,1,1,1,,,,8,0,0,16,1,0,1,1,1,1,1,0,0,0,0,I-5,,-122.6974639,45.84106389,0,1,13,80,5,70,6,0,0,1,2,8,4,2,3,3,14,1,3,53,0,52,47,2018,0,0,8,63,38,,,,1,1,25,2,0,0,0,0,3,0,11,0,,,,,0,0,3,3,1,0,0,0,0,96,,,,,,0,,,,,,92612,6,63,110,6,1,0,0,0,0,,0,,,,,,0,,,8,0,0,0,8,9,2,,,0,0,0,0,0,8,95,,,96,,,8,95,995,,,,,,,,,,,,,,,,,,,,,,,,,,,,,,0,0,0,0,0,0,0,0,0,1,0,1,0,0,0,0,0,0,0,0,0,0,0,1,1,0,0,0,0,1,0,1,0,0,0,,0,0,0,0,0,0,0,0,0,0,0,0,0,0,0,0,,,,,,21-25,16-25,Interstate,R,Thursday,Belt Used,PV,Not Fatal,0,0,0,0,State Route,State Patrol,Washington State Patrol,0,1,0,0,0,,,,,,0,0,0,,,,,,,,,,,,,,,,,,,,,,,,,,,,,,,,,,,
2021,460,EB87960,3,09/28/2021,2:02,28,9,,53,Pierce,2230,1,,3,1,2,1,0,1,1,,,,25,0,0,134.6,1,0,1,1,2,1,1,0,0,0,0,I-5,,-122.4157722,47.23851667,1,1,1,13,2,60,66,1,0,1,2,2,1,2,5,3,15,1,3,40,0,82,881,2020,0,,63,25,2,,,,1,1,64,1,7,,4,7,99,7,11,0,09/28/2021,2:02,2.23053E+11,58570,6,3,0,3,1,0,,,,92,,,,,,98,,,,,,92675,6,72,225,6,1,0,0,0,0,,0,,,,,,0,,,99,0,0,0,1,9,8,,,0,,,8,8,2,996,,,1,,,2,1,0,,,,,,,,,,,,,,,,,,,,,,,,,,,,,,0,0,1,0,0,0,1,1,0,0,0,0,0,0,0,0,1,0,0,0,0,0,0,0,0,0,0,0,0,0,1,0,0,0,0,,0,1,0,0,0,0,1,1,1,0,0,0,0,0,1,0,,,,,,61-65,56-65,Interstate,U,Tuesday,,MHTRUCK,White,0,1,0,0,State Route,State Patrol,Washington State Patrol,1,1,0,0,0,,,,,,0,0,0,,,,,,,,,,,98,98,98,1,,,,,20,,,,,,,,,1,0,,,,,,
2019,1,E880191,7,01/05/2019,18:23,5,1,,33,King,1030,10,0,3,1,2,1,0,1,1,,,,24,0,0,149.2,1,0,1,1,2,1,1,0,0,0,0,I-5,,-122.2912,47.392375,0,1,1,13,2,60,34,0,0,1,2,1,1,1,5,3,1,1,1,6,0,12,481,2008,0,0,63,24,1,,,,1,1,19,1,1,,4,7,3,0,11,0,01/05/2019,18:23,1.03053E+11,1005,0,0,3,3,1,0,0,0,0,92,,,,,,0,,,,,,92833,6,73,194,6,1,0,0,0,0,,0,,,,,,0,,,20,0,0,0,0,9,8,,,0,0,0,8,0,2,401,,,1,,,2,1,0,,,,,,,,,,,,,,,,,,,,,,,,,,,,,,0,0,1,0,0,0,1,1,0,0,0,0,0,0,0,0,1,0,0,0,0,1,1,0,1,0,0,0,0,1,0,0,0,0,0,,1,0,0,0,0,0,1,1,1,0,0,0,0,0,1,0,,,,,,18-20,16-25,Interstate,U,Saturday,Belt Used,PV,Hispanic,0,1,0,0,State Route,State Patrol,Washington State Patrol,1,1,0,0,0,,,,,,0,0,0,,,,,,,,,,,98,98,98,1,,,,,20,7,,,,,,,,,,,,,,,
2018,57,E774076,39,02/22/2018,15:37,22,2,0,61,Snohomish,0,1,0,1,1,2,1,1,2,1,,,,9,0,0,0,2,1,2,4,2,1,2,0,0,0,0,US-2 LX00851,88TH ST SE,-122.0710917,47.91608611,0,1,13,83,5,35,34,0,0,1,7,9,1,2,2,1,1,2,2,53,0,35,472,2011,0,0,9,,,,,,1,1,27,2,0,0,0,0,3,0,11,0,,,,,0,0,3,3,1,0,0,0,0,96,,,,,,0,,,,,,92860,6,67,150,6,1,0,0,0,0,,0,,,,,,0,,,20,0,0,0,8,9,8,,,0,0,0,8,0,8,95,,,96,,,8,95,995,,,,,,,,,,,,,,,,,,,,,,,,,,,,,,0,0,0,1,0,0,0,0,0,0,0,0,0,0,0,0,0,0,0,0,0,0,0,0,0,0,0,0,0,1,0,0,1,0,0,,0,0,0,0,0,0,0,0,0,0,0,0,0,0,0,0,,,,,,26-30,26-35,US highway,U,Thursday,Belt Used,PV,Not Fatal,1,0,0,0,State Route,County Sheriff,Snohomish County Sheriff's Office,0,1,0,0,0,,,,,,0,0,0,,,,,,,,,,,,,,,,,,,,,,,,,,,,,,,,,,,
2020,257,EA51298,24,07/23/2020,19:23,23,7,,31,Jefferson,0,1,,1,1,2,1,0,1,1,,,,1,0,0,4.3,1,0,1,6,1,2,4,0,0,0,0,CR-HASTINGS AVE W,,-122.8596694,48.10414167,0,1,98,6,1,40,20,0,0,1,2,1,3,1,2,1,14,1,2,53,0,41,441,2003,0,,63,69,67,1,,,1,1,37,8,6,,4,0,20,7,11,1,07/23/2020,20:23,1.96053E+11,34119,0,0,0,2,1,58,,,,92,,,,,,98,,,,,,93022,6,67,130,3,1,0,0,0,0,,0,,,,,,3,,,20,1,6,0,0,9,8,,,0,,,8,1,2,605,151,,1,1,,2,1,0.227,,,,,,,,,,,,,,,,,,,,,,,,,,,,,,0,0,0,0,1,1,1,1,1,0,0,0,1,1,0,0,1,0,0,1,0,0,0,0,0,0,0,0,0,1,0,0,0,1,0,,1,0,0,0,0,1,1,1,1,1,0,1,0,0,0,1,,,,,,36-40,36-45,County road,R,Thursday,Not Used,PV,Hispanic,0,1,0,0,County Road,County Sheriff,Jefferson County Sheriff's Office,1,0,1,0,0,thc,0.58,,,,0,0,0,,,,,,,,,,,98,98,98,1,,,,,20,7,,,,,,,nms,1,0,,,HASTINGS AVE W,4.302,,
2018,247,E818105,55,07/12/2018,21:21,12,7,0,33,King,100,1,0,5,1,2,1,0,2,2,,,,12,0,2,0,4,0,1,3,2,4,6,0,0,0,0,A ST SE,,-122.2289111,47.28015556,0,1,68,15,2,40,34,0,0,1,7,12,1,1,5,5,11,1,2,53,0,20,471,1994,0,0,12,,,,,,1,1,34,1,0,0,0,0,99,0,11,0,,,,,0,0,0,0,1,10,38,0,0,96,,,,,,0,,,,,,93140,6,69,208,0,0,0,0,0,0,,46,72,,,,,0,,,20,0,0,0,8,9,8,,,0,0,0,8,0,2,605,695,,1,1,,2,1,0,,,,,,,,,,,,,,,,,,,,,,,,,,,,,,0,0,0,0,0,0,1,1,1,0,0,0,0,1,0,0,0,0,1,0,0,0,0,0,0,0,0,0,1,1,0,0,0,0,0,,0,0,0,0,0,0,1,1,0,0,1,1,0,0,1,0,,,,,,31-35,26-35,City street,U,Thursday,Unknown,PV,Not Fatal,0,0,0,0,City Street,Municipal/City Police,Auburn Police Department,0,0,0,1,0,thc,2.6,carboxy-thc,9.9,,0,0,0,,,,,,,,,,,,,,,,,,,,,,,,,,,,,,,,,,,
2020,410,EA72959,6,10/13/2020,18:37,13,10,,25,Grant,0,8,,2,1,2,1,0,3,3,18:36,18:46,19:23,12,0,2,3.9,1,0,1,3,1,1,3,0,0,0,0,SR-281,,-119.8535056,47.13728333,0,2,51,62,4,60,1,0,0,1,2,12,1,1,2,1,1,1,1,53,0,12,3,1999,0,,12,,,,,,1,1,41,1,0,,0,0,3,0,11,0,,,,,0,0,0,3,1,0,,,,96,,,,,,98,,,,,,93257,6,66,180,6,1,0,0,0,1,,0,,,,,,0,07/15/2020,07/15/2020,1,0,0,0,8,9,8,,,0,,,8,8,8,95,,,96,,,8,95,995,,,,,,,,,,,,,,,,,,,,,,,,,,,,,,0,0,0,0,0,0,1,1,0,0,0,0,0,1,0,0,0,0,0,0,0,0,0,0,0,0,0,0,0,1,0,0,0,0,0,,0,0,0,0,0,0,0,0,0,0,0,0,0,0,0,0,,,,,,41-45,36-45,State route,R,Tuesday,Belt Used,PV,Not Fatal,0,1,1,0,State Route,State Patrol,Washington State Patrol,0,1,0,0,0,,,,,,0,0,0,,,,,,,,,,,0,0,0,0,,,,,20,7,,,,,,,,1,0,,,,,,
2019,217,E938426,160,06/30/2019,22:09,30,6,,33,King,1030,10,0,3,1,2,1,0,10,4,,,,12,1,7,6.6,1,0,1,3,2,1,3,0,0,0,0,SR-516,,-122.2188556,47.38076111,0,1,47,11,2,40,4,0,0,1,5,12,1,2,2,2,6,3,3,91,0,35,47,2018,0,0,12,63,69,65,12,,1,1,16,1,0,,9,0,99,7,11,8,,,,,0,0,0,0,1,28,0,0,0,96,,,,,,99,,,,,,93263,6,67,162,0,0,0,0,0,0,,97,,,,,,0,,,8,9,0,0,8,9,8,,,0,0,0,8,9,8,95,,,96,,,8,95,995,,,,,,,,,,,,,,,,,,,,,,,,,,,,,,0,0,0,0,0,0,0,0,0,0,0,0,0,1,0,0,0,0,0,0,1,0,1,1,1,0,0,0,0,1,0,0,0,0,0,,0,0,0,0,0,0,0,0,0,0,0,1,0,0,0,0,,,,,,16-17,16-25,State route,U,Sunday,Unknown,PV,Not Fatal,0,0,0,0,State Route,Municipal/City Police,Kent Police Department,0,1,0,0,0,,,,,,0,0,0,,,,,,,,,,,98,98,98,0,,,,,20,7,,,,,,,,,,,,,,,
2018,323,E837100,146,09/08/2018,7:45,8,9,0,77,Yakima,0,1,0,1,1,2,1,0,2,2,7:41,7:49,,12,0,6,1.2,2,0,2,5,1,2,4,0,0,20,3,CR-OLD PROSSER RD,MOUNTAINVIEW RD,-119.8944,46.22920278,0,1,86,17,2,50,34,0,0,1,5,1,1,1,2,1,1,1,2,6,0,7,482,2014,0,0,12,1,,,,,1,1,23,1,0,0,0,0,3,0,11,0,,,,,0,0,0,3,1,39,0,0,0,96,,,,,,0,,,,,,93647,6,72,170,6,1,0,0,0,0,,97,,,,,,0,,,1,0,0,0,8,9,8,,,0,0,0,8,0,2,1,,,1,,,2,1,0,,,,,,,,,,,,,,,,,,,,,,,,,,,,,,0,0,0,1,0,0,0,0,0,0,0,0,0,0,0,0,0,0,0,0,0,0,0,1,1,0,0,0,0,1,0,0,0,0,0,,0,0,0,0,0,0,0,0,0,0,0,0,0,0,0,0,,,,,,21-25,16-25,County road,R,Saturday,Belt Used,PV,Not Fatal,1,0,0,0,County Road,County Sheriff,Yakima County Sheriff's Office,0,0,1,0,0,,,,,,0,0,0,,,,,,,,,,,,,,,,,,,,,,,,,,,,,,,,,,,
2019,446,E994935,269,12/15/2019,17:10,15,12,,33,King,2005,10,0,3,2,2,1,0,4,3,,,,12,0,6,0,1,0,1,3,2,4,6,0,0,0,0,NE 175TH ST,,-122.3293917,47.75595,0,3,98,98,7,35,14,0,0,1,7,12,1,1,6,1,1,1,1,41,0,49,402,2015,0,0,12,,,,,,1,1,26,2,0,,0,0,3,0,11,0,,,,,0,0,0,3,1,0,0,0,0,96,,,,,,0,,,,,,94015,6,67,125,6,1,0,0,0,0,,0,,,,,,0,,,20,0,0,0,8,9,8,,,0,0,0,8,0,8,95,,,96,,,8,95,995,,,,,,,,,,,,,,,,,,,,,,,,,,,,,,0,0,0,0,1,1,0,1,0,0,0,0,0,0,0,0,0,0,0,0,0,0,0,0,0,0,0,0,0,1,0,0,0,0,0,,0,0,0,0,0,0,0,0,0,0,0,0,0,0,0,0,,,,,,26-30,26-35,City street,U,Sunday,Belt Used,PV,Not Fatal,0,1,1,0,State Route,Municipal/City Police,Shoreline Police Department,0,1,0,0,0,,,,,,0,0,0,,,,,,,,,,,98,98,98,0,,,,,20,7,,,,,,,,,,,,,,,
2020,242,EA46957,3,07/12/2020,23:32,12,7,,53,Pierce,0,1,,3,1,2,1,1,2,1,23:21,23:38,0:00,15,0,0,52.6,3,0,2,3,2,1,3,0,0,3,3,SR-7,108TH ST S,-122.4342389,47.15930278,0,1,13,83,5,35,5,0,0,1,5,15,1,1,4,1,1,2,1,53,0,42,55,2016,0,,15,,,,,,1,1,24,2,0,,0,0,3,0,11,0,,,,,0,0,0,3,1,0,,,,96,,,,,,0,,,,,,94509,6,62,110,6,1,0,0,0,1,,0,,,,,,0,02/15/2019,02/15/2019,20,0,0,0,8,9,8,,,0,,,8,8,0,0,,,0,,,0,0,996,,,,,,,,,,,,,,,,,,,,,,,,,,,,,,0,0,0,1,0,0,0,0,0,1,0,1,0,0,0,0,0,0,0,0,0,0,0,1,1,0,0,0,0,1,0,1,0,0,0,,0,0,0,0,0,0,0,0,0,0,0,0,0,0,0,0,,,,,,21-25,16-25,State route,U,Sunday,Belt Used,PV,Not Fatal,1,0,0,0,State Route,State Patrol,Washington State Patrol,0,1,0,0,0,,,,,,0,0,0,,,,,,,,,,,98,98,98,0,,,,,20,7,,,,,,,,1,0,,,,,,
2017,376,E708623,194,09/01/2017,6:45,1,9,0,33,King,1305,1,0,1,1,2,1,0,3,2,6:53,7:04,7:15,12,0,1,0,3,0,2,5,2,4,6,0,0,20,3,SE 24TH ST,W MERCER WAY,-122.2480889,47.58918333,0,2,21,53,3,25,1,0,0,1,2,12,1,2,2,1,5,1,2,6,0,22,16,1999,0,0,12,63,42,,,,1,1,21,1,7,1,4,7,3,0,11,0,09/01/2017,6:45,1.30553E+11,38119,0,0,0,3,1,0,0,0,0,0,,,,,,0,,,,,,94513,6,68,150,6,1,0,0,0,0,0,0,,,,,,0,,,20,0,0,0,0,9,8,,,0,0,0,8,0,2,1,0,0,1,0,0,2,1,0,,,,,,,,,,,,,,,,,,,,,,,,,,,,,,0,0,0,1,1,1,0,1,0,0,0,0,1,0,0,0,0,0,0,0,0,1,1,1,1,0,0,0,0,1,0,0,0,0,0,,1,0,0,0,0,0,0,0,0,0,0,0,0,0,0,0,,,,,,21-25,16-25,City street,U,Friday,Belt Used,PV,White,1,0,0,0,City Street,Municipal/City Police,Mercer Island Police Department,0,0,0,1,0,,,,,,,,,,,,,,,,,,,,,,,,,,,,,,,,,,,,,,,,,,,