year,case,par,repjur,crash_dt,crash_tm,accday,accmon,holiday,county,co_char,city,weather,weather2,lightcond,surfcond,surftype,numfatal,nmforms,pforms,vforms,not_tm,arr_tm,hosp_tm,fhevent,hitrun,manncol,milepnt,reljunc,reljuncinter,intersectiontype,funcsystem,landuse,ownership,route,schlbus,spejur,contdev,devfunc,trafid1,trafid2,x,y,wk_zone,vnumber,crashtype,criticalevent,criticaleventcat,spdlim,body,trailer,emerg,hazcargo,leave,mhevent,roadalgn,roadprof,traflane,trafflow,vehmanvr,numoccs,regowner,regstate,spuse,make,model,modelyr,vrf1,vrf2,seqevent1,seqevent2,seqevent3,seqevent4,seqevent5,seqevent6,pnumber,ptype,age,sex,hispanic,race,injury,diedscene,restraint,restraintmisuse,seatpos,takehosp,death_dt,death_tm,cert,cernum_wa,commlic,licendor,licrestrict,liccomp,drivpres,drf1,drf2,drf3,drf4,distract1,distract2,distract3,distract4,distract5,distract6,dricond1,dricond2,dricond3,dricond4,dricond5,dricond6,dzip,licstate,drhgt_in,weight,noncdl,noncdltype,prevdwi,prevoth,prevacc,prevspd,prevsus,driviol1,driviol2,driviol3,driviol4,driviol5,driviol6,spdrel,first_dt,last_dt,airbag,ejection,ejectpath,extricat,injurwrk,methalc,methdrug,nmlocat,strikveh,prf1,prf2,prf3,druginv,alcinvol,drugsts,drugres1,drugres2,drugres3,drugtst1,drugtst2,drugtst3,alcsts,alctst,alcres,nmact1,nmact2,nmact3,nmact4,nmact5,nmact6,nmprior1,nmprior2,nmprior3,nmprior4,nmprior5,nmprior6,nmcond1,nmcond2,nmcond3,nmcond4,nmcond5,nmcond6,nmsafe_helmet,nmsafe_pads,nmsafe_oth,nmprev_ref,nmprev_lgt,nmprev_oth,crashlocation,nmcrashtype,crosswalk,schoolzone,sidewalk,train_inv,wildlife_inv,rotr_fars,intersect_fars,dd_inv,aid_inv,dpd_inv,id_inv,mj_inv,impnm_inv,ainm_inv,dpnm_inv,speed_inv,unlic_inv,unendmc_inv,drowsy_inv,drdist_inv,nmdist_inv,fty_inv,unrestfat_inv,dr1617_inv,dr1820_inv,dr1620_inv,dr2125_inv,dr1625_inv,dr65_inv,dr70_inv,dr75_inv,mc_inv,pv_inv,ht_inv,ped_inv,bike_inv,unrest_fat,mc_fat,unhelmet_mc,pv_fat,ht_fat,ped_fat,bike_fat,dr_alc7,dr_alc8,dr_drug,dr_imp,dr_dist,dr_spd,dr_fty,dr_unlic,dr_alc7only,dr_alc8only,dr_drugonly,dr_drink,nm_imp,nm_alc7,nm_alc8,nm_drug,nm_dist,agegrp1,agegrp2,roadclass,urbrur,dayweek,restuse,vehtype,race_me,intersect,lanedep,oppdir,wrongway,rep_typ,investag,repag_long,rotr,st_rd,cty_rd,city_rd,oth_rd,drug_thc,thc_res,drug_cthc,cthc_res,drug_cann,prevpersemin,prevperse,prevsusoth,drugtst4,drugtst5,drugtst6,drugtst7,drugtst8,drugres4,drugres5,drugres6,drugres7,drugres8,adspresent,adsengaged,adslevel,race1,race2,race3,race4,race5,helmet,helmetmisuse,nmdistract1,nmdistract2,nmdistract3,nmdistract4,nmdistract5,nmdistract6,lab,isedtcase,crf1,crf2,crf3,CoRoadName,CoMP,IntCoRoadName,IntCoMP
2021,98,EB21496,36,04/12/2021,2:29,12,4,,55,San Juan,0,1,,2,1,7,1,0,1,1,,,,1,0,0,,1,0,1,6,1,2,4,0,0,0,0,CR-CROW VALLEY RD,,-122.9443444,48.67351944,0,1,98,13,2,35,80,0,0,1,2,1,3,2,2,1,14,1,2,53,0,53,705,2008,0,,63,69,1,,,,1,1,39,1,7,,4,7,20,7,11,0,04/12/2021,2:29,53018167,18167,0,0,0,2,1,0,,,,96,,,,,,98,,,,,,94520,6,70,195,1,1,0,0,0,0,,0,,,,,,4,,,20,8,0,0,0,9,8,,,0,,,8,8,2,605,,,1,,,2,1,0.219,,,,,,,,,,,,,,,,,,,,,,,,,,,,,,0,0,0,0,1,1,1,1,1,0,0,0,1,1,1,0,0,0,0,0,0,0,0,0,0,0,0,0,1,0,0,0,0,0,1,0,0,0,0,0,0,1,1,1,0,1,0,1,0,0,0,1,,,,,,36-40,36-45,County road,R,Monday,,MC,Black,0,0,0,0,County Road,County Sheriff,San Juan County Sheriff's Office,0,0,1,0,0,thc,3.3,,,,0,0,0,,,,,,,,,,,0,0,0,2,,,,,5,,,,,,,,nms,1,0,,,CROW VALLEY RD,3.21,NULL,
2019,53,E897631,2,02/20/2019,8:20,20,2,,73,Whatcom,0,1,0,1,10,2,1,0,2,1,,,,1,0,0,31.3,1,0,1,5,1,1,3,0,0,0,0,SR-542,,-121.9850528,48.90087778,0,1,7,6,1,50,14,0,0,1,2,1,1,1,2,1,1,2,1,6,0,48,401,2003,0,0,68,64,1,42,,,1,1,21,2,7,,4,7,3,0,11,0,02/20/2019,8:20,53008244,8244,0,0,0,3,1,0,0,0,0,96,,,,,,99,,,,,,94583,6,68,175,6,1,0,0,0,0,,0,,,,,,4,,,20,0,0,0,0,1,8,,,0,0,0,8,1,2,1,,,1,,,2,1,0,,,,,,,,,,,,,,,,,,,,,,,,,,,,,,0,0,0,0,1,0,0,0,0,0,0,0,1,0,0,0,0,0,0,0,0,0,0,1,1,0,0,0,0,1,0,0,0,0,0,,1,0,0,0,0,0,0,0,0,1,0,0,0,0,0,1,,,,,,21-25,16-25,State route,R,Wednesday,Belt Used,PV,Oth/Unk,0,1,0,0,State Route,State Patrol,Washington State Patrol,1,1,0,0,0,,,,,,0,0,0,,,,,,,,,,,98,98,98,98,,,,,20,7,,,,,,,,,,,,,,,
2017,332,3755962,263,08/26/2017,,26,8,,33,King,1960,1,0,9,1,2,1,0,1,1,,,,33,0,0,0,3,0,2,3,2,4,6,0,0,0,0,S ALASKA ST,S COLUMBIAN WAY,-122.2970111,47.56161111,0,1,7,9,1,98,80,0,0,1,2,30,2,2,2,1,14,1,1,53,0,53,705,2001,0,0,68,64,33,30,42,,1,1,30,1,7,1,4,7,5,0,11,0,08/26/2017,6:45,1.96053E+11,37861,0,0,0,3,1,0,0,0,0,92,,,,,,99,,,,,,94611,6,71,150,6,1,0,0,0,0,0,0,,,,,,0,,,20,8,0,0,0,9,8,,,0,0,0,8,9,2,402,407,996,1,1,1,2,1,0.19,,,,,,,,,,,,,,,,,,,,,,,,,,,,,,0,0,0,1,1,1,1,1,0,0,0,0,0,0,0,0,1,0,0,0,0,0,0,0,0,0,0,0,1,0,0,0,0,0,1,0,0,0,0,0,0,1,1,1,1,0,0,0,0,0,0,1,,,,,,26-30,26-35,City street,U,Saturday,,MC,White,0,1,0,0,City Street,Municipal/City Police,Seattle Police Department,1,0,0,1,0,,,,,,,,,,,,,,,,,,,,,,,,,,,,,,,,,,,,,,,,,,,
2019,182,E929696,7,06/07/2019,15:53,7,6,,33,King,1640,10,0,1,2,2,1,0,2,2,,,,1,0,0,13.4,1,0,1,3,2,1,3,0,0,0,0,SR-167,,-122.2596194,47.27153333,0,1,98,9,1,60,80,0,0,1,2,1,1,1,2,3,15,1,1,6,0,72,706,2008,0,0,1,12,,,,,1,1,36,1,1,,4,7,20,7,11,0,06/07/2019,15:53,1.64053E+11,25998,0,0,3,2,1,0,0,0,0,96,,,,,,99,,,,,,95123,6,66,185,1,1,0,0,1,0,,0,,,,,,0,05/15/2017,12/15/2017,20,8,0,0,0,9,8,,,0,0,0,8,9,2,1,,,1,,,2,1,0,,,,,,,,,,,,,,,,,,,,,,,,,,,,,,0,0,0,0,0,0,0,0,0,0,0,0,0,1,1,0,0,0,0,0,0,0,0,0,0,0,0,0,1,0,0,0,0,0,1,0,0,0,0,0,0,0,0,0,0,0,0,1,0,0,0,0,,,,,,36-40,36-45,State route,U,Friday,,MC,Hispanic,0,0,0,0,State Route,State Patrol,Washington State Patrol,0,1,0,0,0,,,,,,0,0,2,,,,,,,,,,,0,0,0,298,,,,,5,0,,,,,,,,,,,,,,,
2019,182,E929696,7,06/07/2019,15:53,7,6,,33,King,1640,10,0,1,2,2,1,0,2,2,,,,1,0,0,13.4,1,0,1,3,2,1,3,0,0,0,0,SR-167,,-122.2596194,47.27153333,0,2,98,98,7,60,80,0,0,1,5,12,1,1,2,3,15,1,1,6,0,72,706,2015,0,0,12,,,,,,1,1,40,1,0,,1,0,20,7,11,4,,,,,0,0,0,3,1,0,0,0,0,96,,,,,,0,,,,,,95123,6,70,240,6,1,0,0,1,0,,0,,,,,,0,01/15/2018,01/15/2018,20,8,0,0,8,9,8,,,0,0,0,8,0,8,95,,,96,,,8,95,995,,,,,,,,,,,,,,,,,,,,,,,,,,,,,,0,0,0,0,0,0,0,0,0,0,0,0,0,1,1,0,0,0,0,0,0,0,0,0,0,0,0,0,1,0,0,0,0,0,0,0,0,0,0,0,0,0,0,0,0,0,0,0,0,0,0,0,,,,,,36-40,36-45,State route,U,Friday,,MC,Not Fatal,0,0,0,0,State Route,State Patrol,Washington State Patrol,0,1,0,0,0,,,,,,0,0,0,,,,,,,,,,,0,0,0,0,,,,,5,0,,,,,,,,,,,,,,,
2019,296,E953429,127,08/25/2019,21:05,25,8,,33,King,735,1,0,3,1,2,1,0,4,2,,,,12,0,6,6.5,2,0,2,3,2,1,3,0,0,3,3,SR-99,S 316TH ST,-122.3133806,47.31868611,0,1,68,15,2,98,4,0,0,1,7,12,1,1,7,1,11,2,2,53,0,49,40,2011,0,0,12,64,30,,,,1,1,55,8,0,,3,0,3,0,11,8,,,,,0,0,3,2,1,48,0,0,0,96,,,,,,0,,,,,,95155,6,66,220,3,1,0,0,0,0,,97,,,,,,0,,,1,0,0,0,8,9,8,,,0,0,0,8,0,8,95,,,96,,,8,95,995,,,,,,,,,,,,,,,,,,,,,,,,,,,,,,0,0,0,1,0,0,0,0,0,0,0,0,0,1,0,0,1,0,0,0,0,0,0,0,0,0,0,0,0,1,0,0,0,0,0,,0,0,0,0,0,0,0,0,0,0,0,1,0,0,0,0,,,,,,51-55,46-55,State route,U,Sunday,Belt Used,PV,Not Fatal,1,0,0,0,State Route,Municipal/City Police,Federal Way Dept of Public Safety,0,1,0,0,0,,,,,,0,0,0,,,,,,,,,,,98,98,98,0,,,,,20,7,,,,,,,,,,,,,,,
2021,513,EB98308,55,12/06/2021,18:59,6,12,,33,King,100,2,,3,2,2,1,0,4,2,,,,12,0,6,0.1,2,0,2,2,2,1,3,0,0,3,3,SR-167 RAMP,15TH ST NW,-122.2438056,47.32235,0,1,69,17,2,35,4,0,0,1,2,12,1,1,2,2,1,3,2,53,0,32,43,2015,0,,12,,,,,,1,1,24,1,0,,3,0,20,7,11,5,,,,,0,0,0,0,1,0,,,,96,,,,,,98,,,,,,95206,6,65,130,0,0,0,0,1,0,,97,,,,,,4,10/15/2019,01/15/2020,8,0,0,0,8,9,8,,,0,,,8,8,0,0,,,0,,,0,0,996,,,,,,,,,,,,,,,,,,,,,,,,,,,,,,0,0,0,1,0,0,0,0,0,0,0,0,1,1,0,0,0,0,0,1,0,0,0,1,1,0,0,0,0,1,1,0,0,0,0,,0,0,0,0,0,0,0,0,0,1,0,1,0,0,0,0,,,,,,21-25,16-25,State route,U,Monday,Not Used,PV,Not Fatal,1,0,0,0,State Route,Municipal/City Police,Auburn Police Department,0,1,0,0,0,,,,,,0,0,2,,,,,,,,,,,98,98,98,0,,,,,20,,,,,,,,,1,0,,,,,,
2019,414,E984511,2,11/20/2019,1:15,20,11,,57,Skagit,0,1,0,2,1,1,1,1,2,2,,,,8,0,0,238.2,1,0,1,1,1,1,1,0,0,0,0,I-5,,-122.3459861,48.583,0,2,98,80,5,60,66,1,0,1,5,8,1,1,2,3,1,1,3,40,0,82,881,2017,0,0,8,,,,,,1,1,46,1,0,,0,0,3,0,11,0,,,,,6,1,0,3,1,0,0,0,0,96,,,,,,0,,,,,,95338,6,71,190,6,1,0,0,0,0,,0,,,,,,0,,,20,0,0,0,8,9,8,,,0,0,0,8,0,8,95,,,96,,,8,95,995,,,,,,,,,,,,,,,,,,,,,,,,,,,,,,0,0,0,0,0,0,0,0,0,1,1,1,0,0,0,0,0,0,0,0,0,0,0,0,0,0,0,0,0,0,1,1,0,0,0,,0,0,0,0,0,0,0,0,0,0,0,0,0,0,0,0,,,,,,46-50,46-55,Interstate,R,Wednesday,,MHTRUCK,Not Fatal,0,0,0,0,State Route,State Patrol,Washington State Patrol,0,1,0,0,0,,,,,,0,0,0,,,,,,,,,,,98,98,98,0,,,,,20,7,,,,,,,,,,,,,,,
2018,468,E873114,4,12/12/2018,4:26,12,12,0,43,Lincoln,0,1,0,2,4,2,1,0,4,2,4:40,5:16,5:54,12,0,6,244.8,1,0,1,1,1,1,1,0,0,0,0,I-90,,-117.9407417,47.32318611,0,1,98,6,1,60,66,1,0,1,2,12,1,2,2,3,1,2,3,6,0,82,881,2015,0,0,12,,,,,,1,1,23,1,7,68,4,7,3,0,11,0,12/12/2018,4:26,53055442,55442,6,3,0,3,1,0,0,0,0,96,,,,,,99,,,,,,95377,6,67,160,6,1,0,0,0,0,,0,,,,,,4,,,20,9,0,0,1,9,8,,,0,0,0,8,9,8,95,,,96,,,8,95,995,,,,,,,,,,,,,,,,,,,,,,,,,,,,,,0,0,0,0,0,0,0,0,0,0,0,0,1,0,0,0,1,0,0,0,0,0,0,1,1,0,0,0,0,0,1,0,0,0,0,,0,1,0,0,0,0,0,0,0,1,0,0,0,0,0,0,,,,,,21-25,16-25,Interstate,R,Wednesday,,MHTRUCK,API,0,0,0,0,State Route,State Patrol,Washington State Patrol,0,1,0,0,0,,,,,,0,0,0,,,,,,,,,,,,,,,,,,,,,,,,,,,,,,,,,,,
2020,278,EA55174,75,08/09/2020,16:28,9,8,,11,Clark,240,1,,1,1,2,1,0,6,2,16:34,16:49,17:38,12,0,2,9999.8,1,0,1,4,2,4,6,0,0,0,0,NW LAKE RD,,-122.4146806,45.60650556,0,2,51,62,4,35,4,0,0,1,5,12,4,2,2,1,14,5,2,41,0,32,43,2017,0,,12,,,,,,1,1,18,1,0,,1,0,3,0,11,5,,,,,0,0,0,3,1,0,,,,96,,,,,,0,,,,,,95747,6,72,260,6,1,0,0,0,0,,0,,,,,,0,,,8,0,0,0,8,9,8,,,0,,,8,8,0,0,,,0,,,0,0,996,,,,,,,,,,,,,,,,,,,,,,,,,,,,,,0,0,0,0,1,1,0,1,0,0,0,0,0,0,0,0,1,0,0,0,0,1,1,0,1,0,0,0,0,1,0,0,0,0,0,,0,0,0,0,0,0,0,0,0,0,0,0,0,0,0,0,,,,,,18-20,16-25,City street,U,Sunday,Belt Used,PV,Not Fatal,0,1,1,0,City Street,Municipal/City Police,Camas Police Department,0,0,0,1,0,,,,,,0,0,0,,,,,,,,,,,98,98,98,0,,,,,20,7,,,,,,,,1,0,,,,,,
2018,332,E838740,1,08/31/2018,5:48,31,8,0,77,Yakima,0,1,0,4,1,2,3,0,5,2,5:43,5:58,,12,0,2,43.1,1,0,1,3,1,1,2,0,3,0,0,US-97,,-120.5027778,46.17398889,0,1,50,10,2,65,21,0,0,1,2,12,1,3,2,1,1,4,3,53,0,23,461,2004,0,0,63,69,68,12,,,1,1,54,1,1,98,4,7,3,0,11,0,08/31/2018,5:48,53039361,39361,0,0,0,3,1,28,0,0,0,96,,,,,,99,,,,,,95841,6,64,160,6,1,0,0,0,0,,0,,,,,,0,,,8,0,0,0,0,9,8,,,0,0,0,8,9,2,1,,,1,,,2,1,0,,,,,,,,,,,,,,,,,,,,,,,,,,,,,,0,0,0,0,0,0,0,0,0,0,0,0,0,0,0,0,0,0,0,1,0,0,0,0,0,0,0,0,0,1,1,0,0,0,0,,1,0,0,0,0,0,0,0,0,0,0,0,0,0,0,0,,,,,,51-55,46-55,US highway,R,Friday,Belt Used,PV,Hispanic,0,1,1,0,State Route,State Patrol,Washington State Patrol,0,1,0,0,0,,,,,,0,0,0,,,,,,,,,,,,,,,,,,,,,,,,,,,,,,,,,,,
2017,337,E706633,1,08/24/2017,16:12,24,8,0,21,Franklin,1660,1,0,1,1,2,1,0,5,3,,,,12,0,1,13.8,1,0,1,1,2,1,1,0,0,0,0,I-82,,-119.0943083,46.24978333,0,1,28,52,3,60,4,0,0,1,2,12,1,1,2,3,1,3,1,6,0,7,24,2010,0,0,12,12,,,,,1,1,41,2,0,0,1,0,3,0,11,0,,,,,0,0,3,3,1,91,0,0,0,93,,,,,,0,,,,,,95901,6,68,180,6,1,0,0,1,0,0,2,,,,,,0,10/15/2016,10/15/2016,20,0,0,0,8,9,2,,,0,0,0,0,0,0,0,0,0,0,0,0,0,0,996,,,,,,,,,,,,,,,,,,,,,,,,,,,,,,0,0,0,0,0,0,0,0,0,0,0,0,0,0,0,0,1,0,0,0,0,0,0,1,1,0,0,0,0,1,1,0,0,0,0,,0,0,0,0,0,0,0,0,1,0,0,0,0,0,0,0,,,,,,41-45,36-45,Interstate,U,Thursday,Belt Used,PV,Not Fatal,0,0,0,0,State Route,State Patrol,Washington State Patrol Headquarter,0,1,0,0,0,,,,,,,,,,,,,,,,,,,,,,,,,,,,,,,,,,,,,,,,,,,
2017,477,E738307,6,11/14/2017,12:57,14,11,0,37,Kittitas,0,10,0,1,1,2,1,0,2,2,12:59,13:07,,24,0,0,105.9,1,0,1,1,2,1,1,0,0,0,0,I-90,,-120.5699528,46.98904722,0,2,98,62,4,60,66,1,0,1,5,12,1,1,2,3,1,1,2,6,0,82,881,2012,0,0,12,,,,,,1,1,47,1,0,0,0,0,3,0,11,0,,,,,6,3,0,3,1,0,0,0,0,0,,,,,,0,,,,,,95948,6,74,200,6,1,0,0,1,3,0,0,,,,,,0,09/15/2014,09/15/2017,20,0,0,0,8,9,8,,,0,0,0,8,0,0,0,0,0,0,0,0,0,0,996,,,,,,,,,,,,,,,,,,,,,,,,,,,,,,0,0,0,0,0,0,1,1,0,0,0,0,0,0,0,0,0,0,0,0,0,0,0,0,0,0,0,0,0,1,1,0,0,0,0,,0,0,0,0,0,0,0,0,0,0,0,0,0,0,0,0,,,,,,46-50,46-55,Interstate,U,Tuesday,,MHTRUCK,Not Fatal,0,1,0,0,State Route,State Patrol,Washington State Patrol Headquarter,1,1,0,0,0,,,,,,,,,,,,,,,,,,,,,,,,,,,,,,,,,,,,,,,,,,,
2021,613,EB43049,171,06/25/2021,15:50,25,6,,33,King,1107,1,,1,1,2,1,0,4,2,,,,12,0,1,5.7,1,0,1,3,2,1,3,0,0,0,0,SR-522,,-122.2797861,47.75220556,0,1,28,52,3,40,80,0,0,1,2,12,8,8,6,1,1,1,2,6,0,72,706,2007,0,,12,,,,,,1,1,71,1,7,,4,0,20,7,11,5,07/24/2021,1:08,1.96053E+11,36738,0,0,3,3,1,26,,,,96,,,,,,98,,,,,,95966,6,71,200,6,1,0,0,0,0,,0,,,,,,4,,,20,8,0,0,0,9,8,,,0,,,8,8,0,0,,,0,,,0,0,996,,,,,,,,,,,,,,,,,,,,,,,,,,,,,,0,0,0,0,0,0,0,0,0,0,0,0,1,0,0,0,0,0,0,0,0,0,0,0,0,1,1,0,1,1,0,0,0,0,1,0,0,0,0,0,0,0,0,0,0,1,0,0,0,0,0,0,,,,,,71-75,66-75,State route,U,Friday,,MC,White,0,0,0,0,State Route,Municipal/City Police,Lake Forest Park Police Department,0,1,0,0,0,,,,,,0,0,0,,,,,,,,,,,0,0,0,1,,,,,5,,,,,,,,,1,0,,,,,,
2021,251,EB52144,1,07/26/2021,0:05,26,7,,5,Benton,0,1,,2,1,2,1,0,1,1,,,,1,0,0,163.9,1,0,1,4,1,1,3,0,0,0,0,SR-14,,-119.6607889,45.91420833,0,1,98,13,2,65,66,1,0,1,2,1,1,1,2,1,1,1,1,6,0,82,881,2018,0,,63,69,1,,,,1,1,36,1,7,,4,7,20,7,11,0,07/26/2021,0:05,53036155,36155,6,1,0,3,1,0,,,,96,,,,,,98,,,,,,95991,6,68,210,6,1,0,1,0,1,,0,,,,,,4,12/15/2019,09/15/2019,20,1,2,0,1,9,8,,,0,,,8,8,2,401,417,,1,1,,2,1,0.111,,,,,,,,,,,,,,,,,,,,,,,,,,,,,,0,0,0,0,1,1,1,1,0,0,0,0,1,0,0,0,0,0,0,0,0,0,0,0,0,0,0,0,0,0,1,0,0,0,0,,0,1,0,0,0,1,1,1,0,1,0,0,0,0,0,1,,,,,,36-40,36-45,State route,R,Monday,,MHTRUCK,API,0,0,0,0,State Route,State Patrol,Washington State Patrol,0,1,0,0,0,,,,,,0,0,0,,,,,,,,,,,98,98,98,18,,,,,20,,,,,,,,,1,0,,,,,,
2020,549,EA60897,160,09/02/2020,5:53,2,9,,33,King,1030,1,,1,1,2,1,0,2,2,5:54,6:03,6:59,12,0,6,1.4,2,0,2,3,2,1,3,0,0,3,3,SR-181,S 228TH ST,-122.2493333,47.39761111,0,2,82,66,4,50,66,1,0,1,5,12,1,1,8,1,11,1,3,6,0,82,881,2017,0,,12,,,,,,1,1,36,1,0,,0,0,3,0,11,0,,,,,6,1,0,3,1,0,,,,96,,,,,,0,,,,,,95993,6,66,180,6,1,0,0,0,0,,0,,,,,,0,,,20,0,0,0,8,9,8,,,0,,,8,8,0,0,,,0,,,0,0,996,,,,,,,,,,,,,,,,,,,,,,,,,,,,,,0,0,0,1,0,0,1,1,0,0,0,0,0,0,0,0,0,0,0,1,0,0,0,0,0,1,0,0,0,1,1,0,0,0,0,,0,0,0,0,0,0,0,0,0,0,0,0,0,0,0,0,,,,,,36-40,36-45,State route,U,Wednesday,,MHTRUCK,Not Fatal,1,0,0,0,State Route,Municipal/City Police,Kent Police Department,0,1,0,0,0,,,,,,0,0,0,,,,,,,,,,,98,98,98,0,,,,,20,7,,,,,,,,1,0,,,,,,
2019,276,3752584,263,07/15/2019,8:46,15,7,,33,King,1960,10,0,1,1,1,1,1,1,1,,,,8,0,0,0,1,0,1,4,2,4,6,0,0,0,0,SW ADMIRAL WY,,-122.4054083,47.57709167,0,1,13,80,5,30,34,0,0,1,7,8,1,2,3,5,1,1,2,53,0,12,471,2000,0,0,8,,,,,,1,1,54,1,0,,0,0,3,0,11,0,,,,,0,0,0,3,1,0,0,0,0,96,,,,,,0,,,,,,96075,6,69,170,6,1,0,0,0,0,,0,,,,,,0,,,20,0,0,0,8,9,8,,,0,0,0,8,0,2,1,,,1,,,2,1,0.18,,,,,,,,,,,,,,,,,,,,,,,,,,,,,,0,0,0,0,1,1,0,1,0,0,0,0,0,0,0,0,0,0,0,0,0,0,0,0,0,0,0,0,0,1,0,1,0,0,0,,0,0,0,0,0,1,0,1,0,0,0,0,0,1,0,1,,,,,,51-55,46-55,City street,U,Monday,Belt Used,PV,Not Fatal,0,0,0,0,City Street,Municipal/City Police,Seattle Police Department,0,0,0,1,0,,,,,,0,0,0,,,,,,,,,,,98,98,98,0,,,,,20,7,,,,,,,,,,,,,,,
2021,376,EB72444,39,09/06/2021,22:24,6,9,,61,Snohomish,0,1,,3,1,2,1,0,4,3,,,,12,0,6,0.7,2,0,2,3,2,2,4,0,0,3,3,CR-164TH ST SW,25TH AVE W,-122.2673333,47.84992222,0,1,69,17,2,40,4,0,0,1,2,12,1,2,5,5,1,2,2,53,0,34,34,2004,0,,12,,,,,,1,1,18,2,0,,1,0,3,0,11,5,,,,,0,0,0,2,1,0,,,,96,,,,,,98,,,,,,96701,15,62,127,4,1,0,0,0,0,,97,,,,,,2,,,8,0,0,0,8,9,8,,,0,,,8,8,0,0,,,0,,,0,0,996,,,,,,,,,,,,,,,,,,,,,,,,,,,,,,0,0,0,1,1,1,1,1,0,0,0,0,1,1,0,0,0,0,0,0,0,1,1,0,1,0,0,0,0,1,0,0,0,0,0,,0,0,0,0,0,0,0,0,0,1,0,1,0,0,0,0,,,,,,18-20,16-25,County road,U,Monday,Belt Used,PV,Not Fatal,1,0,0,0,County Road,County Sheriff,Snohomish County Sheriff's Office,0,0,1,0,0,,,,,,0,0,0,,,,,,,,,,,98,98,98,0,,,,,20,,,,,,,,,1,0,,,164TH ST SW,0.677,NULL,
2019,37,E890893,75,02/06/2019,0:13,6,2,,11,Clark,240,10,0,3,1,1,1,0,2,1,,,,42,0,0,0,1,0,1,7,2,4,6,0,0,0,0,NE 3RD AVE,,-122.397525,45.58839167,0,1,1,13,2,25,4,0,0,1,7,42,3,1,4,2,14,2,2,53,0,22,22,2008,0,0,63,42,30,1,,,1,1,29,1,0,,1,0,3,0,11,8,,,,,0,0,0,0,1,91,0,0,0,96,,,,,,99,,,,,,96792,15,64,180,0,0,0,3,0,1,,1,,,,,,4,07/15/2015,02/15/2019,1,0,0,0,8,9,8,,,0,0,0,8,9,2,1,,,1,,,2,1,0.26,,,,,,,,,,,,,,,,,,,,,,,,,,,,,,0,0,1,0,1,1,0,1,0,0,0,0,1,1,0,0,0,0,0,0,0,0,0,0,0,0,0,0,0,1,0,0,0,0,0,,0,0,0,0,0,1,0,1,0,1,0,1,0,1,0,1,,,,,,26-30,26-35,City street,U,Wednesday,Belt Used,PV,Not Fatal,0,1,0,0,City Street,Municipal/City Police,Camas Police Department,1,0,0,1,0,,,,,,0,0,2,,,,,,,,,,,98,98,98,0,,,,,20,7,,,,,,,,,,,,,,,
2020,12,EA04868,146,01/15/2020,6:00,15,1,,77,Yakima,0,1,,9,1,4,1,0,1,1,,,,34,0,0,9999.8,1,0,1,7,1,2,4,0,3,0,0,CR-KAYS RD,,-120.5676583,46.49196667,0,1,98,6,1,50,34,0,0,1,2,30,1,4,8,1,1,1,2,53,0,20,473,2005,0,,34,64,38,30,1,,1,1,60,1,1,,4,7,99,7,11,0,01/15/2020,6:00,53002324,2324,0,0,0,3,1,0,,,,96,,,,,,9,,,,,,97002,41,66,180,6,1,0,0,0,0,,0,,,,,,4,,,20,9,0,0,0,9,1,,,0,,,1,8,2,417,407,996,1,1,1,2,1,0.162,,,,,,,,,,,,,,,,,,,,,,,,,,,,,,0,0,0,0,1,1,1,1,1,0,0,0,1,0,0,0,0,0,0,0,0,0,0,0,0,0,0,0,0,1,0,0,0,0,0,,1,0,0,0,0,1,1,1,0,1,0,0,0,0,0,1,,,,,,56-60,56-65,County road,R,Wednesday,Unknown,PV,Hispanic,0,1,0,0,Other,County Sheriff,Yakima County Sheriff's Office,1,0,0,0,1,thc,7.4,carboxy-thc,7.1,,0,0,0,1,1,1,,,402,695,605,,,98,98,98,98,,,,,20,7,,,,,,,nms,1,0,,,,,,
2017,232,E687665,3,07/02/2017,23:46,2,7,5,67,Thurston,0,1,0,2,1,2,1,0,3,2,,,,12,0,1,86,1,0,1,1,1,1,1,0,0,0,0,I-5,,-122.9994639,46.77634444,0,2,27,53,3,70,4,0,0,1,2,12,1,1,3,3,15,2,1,41,0,48,34,1993,0,0,12,,,,,,1,1,80,2,7,1,4,7,3,0,11,0,07/02/2017,23:46,53029547,29547,0,0,0,3,1,0,0,0,0,0,,,,,,0,,,,,,97006,41,70,175,6,1,0,3,0,0,0,0,,,,,,0,09/15/2013,10/15/2013,20,0,0,0,0,9,8,,,0,0,0,8,0,2,1,0,0,1,0,0,2,1,0,,,,,,,,,,,,,,,,,,,,,,,,,,,,,,0,0,0,0,0,0,0,0,0,0,0,0,0,0,0,0,0,0,0,0,0,0,0,0,0,1,1,1,0,1,1,0,0,0,0,,1,0,0,0,0,0,0,0,0,0,0,0,0,0,0,0,,,,,,76-80,76+,Interstate,R,Sunday,Belt Used,PV,White,0,0,0,0,State Route,State Patrol,Washington State Patrol Headquarter,0,1,0,0,0,,,,,,,,,,,,,,,,,,,,,,,,,,,,,,,,,,,,,,,,,,,