year,case,par,repjur,crash_dt,crash_tm,accday,accmon,holiday,county,co_char,city,weather,weather2,lightcond,surfcond,surftype,numfatal,nmforms,pforms,vforms,not_tm,arr_tm,hosp_tm,fhevent,hitrun,manncol,milepnt,reljunc,reljuncinter,intersectiontype,funcsystem,landuse,ownership,route,schlbus,spejur,contdev,devfunc,trafid1,trafid2,x,y,wk_zone,vnumber,crashtype,criticalevent,criticaleventcat,spdlim,body,trailer,emerg,hazcargo,leave,mhevent,roadalgn,roadprof,traflane,trafflow,vehmanvr,numoccs,regowner,regstate,spuse,make,model,modelyr,vrf1,vrf2,seqevent1,seqevent2,seqevent3,seqevent4,seqevent5,seqevent6,pnumber,ptype,age,sex,hispanic,race,injury,diedscene,restraint,restraintmisuse,seatpos,takehosp,death_dt,death_tm,cert,cernum_wa,commlic,licendor,licrestrict,liccomp,drivpres,drf1,drf2,drf3,drf4,distract1,distract2,distract3,distract4,distract5,distract6,dricond1,dricond2,dricond3,dricond4,dricond5,dricond6,dzip,licstate,drhgt_in,weight,noncdl,noncdltype,prevdwi,prevoth,prevacc,prevspd,prevsus,driviol1,driviol2,driviol3,driviol4,driviol5,driviol6,spdrel,first_dt,last_dt,airbag,ejection,ejectpath,extricat,injurwrk,methalc,methdrug,nmlocat,strikveh,prf1,prf2,prf3,druginv,alcinvol,drugsts,drugres1,drugres2,drugres3,drugtst1,drugtst2,drugtst3,alcsts,alctst,alcres,nmact1,nmact2,nmact3,nmact4,nmact5,nmact6,nmprior1,nmprior2,nmprior3,nmprior4,nmprior5,nmprior6,nmcond1,nmcond2,nmcond3,nmcond4,nmcond5,nmcond6,nmsafe_helmet,nmsafe_pads,nmsafe_oth,nmprev_ref,nmprev_lgt,nmprev_oth,crashlocation,nmcrashtype,crosswalk,schoolzone,sidewalk,train_inv,wildlife_inv,rotr_fars,intersect_fars,dd_inv,aid_inv,dpd_inv,id_inv,mj_inv,impnm_inv,ainm_inv,dpnm_inv,speed_inv,unlic_inv,unendmc_inv,drowsy_inv,drdist_inv,nmdist_inv,fty_inv,unrestfat_inv,dr1617_inv,dr1820_inv,dr1620_inv,dr2125_inv,dr1625_inv,dr65_inv,dr70_inv,dr75_inv,mc_inv,pv_inv,ht_inv,ped_inv,bike_inv,unrest_fat,mc_fat,unhelmet_mc,pv_fat,ht_fat,ped_fat,bike_fat,dr_alc7,dr_alc8,dr_drug,dr_imp,dr_dist,dr_spd,dr_fty,dr_unlic,dr_alc7only,dr_alc8only,dr_drugonly,dr_drink,nm_imp,nm_alc7,nm_alc8,nm_drug,nm_dist,agegrp1,agegrp2,roadclass,urbrur,dayweek,restuse,vehtype,race_me,intersect,lanedep,oppdir,wrongway,rep_typ,investag,repag_long,rotr,st_rd,cty_rd,city_rd,oth_rd,drug_thc,thc_res,drug_cthc,cthc_res,drug_cann,prevpersemin,prevperse,prevsusoth,drugtst4,drugtst5,drugtst6,drugtst7,drugtst8,drugres4,drugres5,drugres6,drugres7,drugres8,adspresent,adsengaged,adslevel,race1,race2,race3,race4,race5,helmet,helmetmisuse,nmdistract1,nmdistract2,nmdistract3,nmdistract4,nmdistract5,nmdistract6,lab,isedtcase,crf1,crf2,crf3,CoRoadName,CoMP,IntCoRoadName,IntCoMP
2020,61,EA23371,305,03/12/2020,5:19,12,3,,11,Clark,2370,1,,3,1,2,1,1,1,1,5:20,5:28,5:45,8,0,0,0,1,0,1,3,2,4,6,0,0,0,0,NE ANDRESEN RD,,-122.6021806,45.65893056,0,1,13,80,5,40,4,0,0,1,2,8,1,3,2,2,1,1,1,41,0,48,34,2011,0,,8,,,,,,1,1,27,1,0,,2,0,3,0,11,8,,,,,0,0,0,3,1,10,,,,0,,,,,,0,,,,,,97006,41,71,170,6,1,0,0,0,0,,0,,,,,,0,,,20,0,0,0,8,1,8,,,0,,,8,0,2,695,605,,1,1,,2,1,0,,,,,,,,,,,,,,,,,,,,,,,,,,,,,,0,0,0,0,0,0,1,1,1,1,1,1,0,0,0,0,0,0,0,0,0,0,0,0,0,0,0,0,0,1,0,1,0,0,0,,0,0,0,0,0,0,1,1,0,0,0,0,0,0,1,0,,,,,,26-30,26-35,City street,U,Thursday,Belt Used,PV,Not Fatal,0,0,0,0,City Street,Municipal/City Police,Vancouver Police Department,0,0,0,1,0,thc,6.1,carboxy-thc,98,,0,0,0,,,,,,,,,,,98,98,98,0,,,,,20,7,,,,,,,,1,0,,,,,,
2020,153,EA35894,8,05/12/2020,15:20,12,5,,49,Pacific,0,10,,1,1,2,1,0,3,1,15:24,15:33,16:13,42,0,0,5.2,1,0,1,5,1,1,3,0,0,0,0,SR-103,,-124.0523667,46.40570556,0,1,6,12,2,50,34,0,0,1,2,42,1,1,2,1,1,3,1,41,0,12,481,2012,0,,68,64,42,38,,,1,1,22,1,7,,4,0,3,0,11,5,05/12/2020,19:51,1.65041E+11,,0,0,0,1,1,0,,,,0,,,,,,2,,,,,,97006,41,71,210,1,1,0,0,0,2,,0,,,,,,0,10/15/2015,08/15/2019,1,0,0,0,9,9,8,,,0,,,8,8,8,95,,,96,,,8,95,995,,,,,,,,,,,,,,,,,,,,,,,,,,,,,,0,0,1,0,0,0,0,0,0,0,0,0,0,1,0,1,0,0,0,0,0,0,0,1,1,0,0,0,0,1,0,0,0,0,0,,1,0,0,0,0,0,0,0,0,0,0,1,0,0,0,0,,,,,,21-25,16-25,State route,R,Tuesday,Belt Used,PV,White,0,1,0,0,State Route,State Patrol,WASHINGTON STATE PATROL,1,1,0,0,0,,,,,,0,0,3,,,,,,,,,,,98,98,98,1,,,,,20,7,,,,,,,,1,0,,,,,,
2020,114,EA31552,290,05/01/2020,19:08,1,5,,53,Pierce,2230,10,,1,1,2,2,0,3,1,18:17,18:27,19:34,59,0,0,0,1,0,1,3,2,4,6,0,0,0,0,S 74TH ST,,-122.4848778,47.19034167,0,1,1,13,2,35,2,0,0,1,2,59,2,3,5,5,14,3,9,53,0,7,28,2016,0,,63,59,,,,,1,1,20,1,7,,4,0,99,7,11,0,05/01/2020,19:55,2.23053E+11,21087,0,0,0,0,1,0,,,,96,,,,,,98,,,,,,97007,41,71,130,0,0,0,0,0,0,,0,,,,,,3,,,99,1,9,0,0,9,8,,,0,,,8,8,8,95,,,96,,,8,95,995,,,,,,,,,,,,,,,,,,,,,,,,,,,,,,0,0,1,0,0,0,0,0,0,0,0,0,1,1,0,0,0,0,0,0,0,1,1,0,1,0,0,0,0,1,0,0,0,0,0,,1,0,0,0,0,0,0,0,0,1,0,1,0,0,0,0,,,,,,18-20,16-25,City street,U,Friday,Unknown,PV,Black,0,1,0,0,City Street,Municipal/City Police,Tacoma Police Department,1,0,0,1,0,,,,,,0,0,0,,,,,,,,,,,98,98,98,2,,,,,20,7,,,,,,,,1,0,,,,,,
2017,128,E667292,5,04/21/2017,11:11,21,4,0,11,Clark,1860,1,0,1,1,2,1,0,2,2,11:11,11:16,11:50,12,0,1,13.2,1,0,1,1,1,1,1,0,0,0,0,I-5,,-122.6785417,45.80035278,0,2,25,53,3,60,80,0,0,1,2,12,1,1,3,3,2,1,1,41,0,72,706,2014,0,0,12,,,,,,1,1,67,1,7,1,4,0,16,0,11,4,04/21/2017,12:29,2.37053E+11,19231,0,0,0,3,1,0,0,0,0,0,,,,,,0,,,,,,97013,41,69,250,6,1,0,0,0,0,0,0,,,,,,0,,,20,8,0,0,0,9,8,,,0,0,0,8,0,2,1,0,0,1,0,0,2,1,0,,,,,,,,,,,,,,,,,,,,,,,,,,,,,,0,0,0,0,0,0,0,0,0,0,0,0,0,0,0,0,1,0,0,0,0,0,0,0,0,1,0,0,1,1,0,0,0,0,1,1,0,0,0,0,0,0,0,0,0,0,0,0,0,0,0,0,,,,,,66-70,66-75,Interstate,R,Friday,,MC,White,0,0,0,0,State Route,State Patrol,Washington State Patrol Headquarter,0,1,0,0,0,,,,,,,,,,,,,,,,,,,,,,,,,,,,,,,,,,,,,,,,,,,
2017,258,E693783,5,07/15/2017,23:10,15,7,0,41,Lewis,310,1,0,2,1,2,1,0,3,2,23:11,23:17,23:44,12,0,2,77.6,1,0,1,1,2,1,1,0,0,0,0,I-5,,-122.9747667,46.65437222,0,2,51,54,3,60,6,0,0,1,2,12,1,1,2,3,1,2,1,41,0,20,24,2011,0,0,12,,,,,,1,1,24,2,0,0,3,0,3,0,11,4,,,,,0,0,0,3,1,0,0,0,0,0,,,,,,0,,,,,,97015,41,65,240,6,1,0,0,0,0,0,0,,,,,,0,,,8,0,0,0,8,9,8,,,0,0,0,8,0,0,0,0,0,0,0,0,0,0,996,,,,,,,,,,,,,,,,,,,,,,,,,,,,,,0,0,0,0,1,1,0,1,0,0,0,0,0,1,0,0,0,0,0,0,0,0,0,1,1,0,0,0,0,1,0,0,0,0,0,,0,0,0,0,0,0,0,0,0,0,0,0,0,0,0,0,,,,,,21-25,16-25,Interstate,U,Saturday,Belt Used,PV,Not Fatal,0,0,0,1,State Route,State Patrol,Washington State Patrol Headquarter,0,1,0,0,0,,,,,,,,,,,,,,,,,,,,,,,,,,,,,,,,,,,,,,,,,,,
2018,369,E849185,5,10/13/2018,10:54,13,10,0,59,Skamania,0,1,0,1,1,2,1,0,3,2,,,,12,0,6,43.2,4,0,1,3,1,1,3,0,0,0,0,SR-14,,-121.8976833,45.68441667,0,1,72,60,4,55,14,0,0,1,7,12,1,1,2,1,11,2,0,41,0,49,402,2013,0,0,12,,,,,,1,1,69,2,0,0,0,0,3,0,11,0,,,,,0,0,3,3,1,0,0,0,0,96,,,,,,0,,,,,,97019,41,64,185,6,1,0,0,0,0,,0,,,,,,0,,,20,0,0,0,8,9,8,,,0,0,0,8,0,8,95,,,96,,,8,95,995,,,,,,,,,,,,,,,,,,,,,,,,,,,,,,0,0,0,0,0,0,0,0,0,0,0,0,0,0,0,0,1,0,1,0,0,0,0,0,0,1,0,0,1,1,0,0,0,0,0,,0,0,0,0,0,0,0,0,0,0,0,0,0,0,0,0,,,,,,66-70,66-75,State route,R,Saturday,Belt Used,PV,Not Fatal,0,0,0,0,State Route,State Patrol,WASHINGTON STATE PATROL,0,1,0,0,0,,,,,,0,0,0,,,,,,,,,,,,,,,,,,,,,,,,,,,,,,,,,,,
2020,457,EA83720,5,11/13/2020,15:37,13,11,,11,Clark,2370,10,,1,2,1,1,0,1,1,,,,42,0,0,5.3,1,0,1,1,2,1,1,0,0,0,0,I-205,,-122.58065,45.66898056,0,1,6,12,2,60,14,0,0,1,2,42,1,1,2,2,1,1,1,41,0,49,403,2019,0,,64,42,,,,,1,1,60,2,7,,4,0,3,0,11,4,11/13/2020,18:06,2.37053E+11,54420,0,0,0,3,1,0,,,,96,,,,,,98,,,,,,97023,41,67,220,6,1,0,0,0,3,,0,,,,,,0,07/15/2019,08/15/2020,8,0,0,0,0,9,8,,,0,,,8,8,2,996,321,151,1,1,1,2,1,0,,,,,,,,,,,,,,,,,,,,,,,,,,,,,,0,0,1,0,0,0,1,1,0,0,0,0,0,0,0,0,0,0,0,0,0,0,0,0,0,0,0,0,0,1,0,0,0,0,0,,1,0,0,0,0,0,1,1,0,0,0,0,0,0,1,0,,,,,,56-60,56-65,Interstate,U,Friday,Belt Used,PV,White,0,1,0,0,State Route,State Patrol,Washington State Patrol,1,1,0,0,0,,,,,,0,0,0,1,1,,,,996,996,,,,98,98,98,1,,,,,20,7,,,,,,,,1,0,,,,,,
2019,58,E899053,4,02/27/2019,11:35,27,2,,43,Lincoln,0,4,0,1,10,2,1,0,2,2,,,,12,0,2,36.2,1,0,1,5,1,1,3,0,0,0,0,SR-231,,-117.88215,47.74029444,0,1,50,6,1,55,14,0,0,1,2,12,2,2,2,1,14,1,3,16,0,18,405,2017,0,0,68,12,,,,,1,1,62,1,7,,4,0,3,0,11,4,02/27/2019,14:02,2.11053E+11,9637,0,0,0,3,1,28,87,0,0,96,,,,,,0,,,,,,97030,41,74,250,6,1,0,0,1,1,,0,,,,,,4,08/15/2015,12/15/2015,8,0,0,0,1,9,8,,,0,0,0,8,0,2,605,695,996,1,1,1,2,1,0,,,,,,,,,,,,,,,,,,,,,,,,,,,,,,0,0,0,0,0,0,1,1,1,0,0,0,1,0,0,0,0,0,0,0,0,0,0,0,0,0,0,0,0,1,1,0,0,0,0,,1,0,0,0,0,0,1,1,0,1,0,0,0,0,1,0,,,,,,61-65,56-65,State route,R,Wednesday,Belt Used,PV,AIAN,0,1,1,0,State Route,State Patrol,Washington State Patrol,0,1,0,0,0,thc,71,carboxy-thc,888,,0,0,0,,,,,,,,,,,98,98,98,3,,,,,20,7,,,,,,,,,,,,,,,
2018,98,E786526,5,04/07/2018,20:14,7,4,0,15,Cowlitz,0,2,0,2,2,2,1,0,8,3,,,,12,0,1,43.1,1,0,1,1,2,1,1,0,0,0,0,I-5,,-122.896225,46.188825,0,2,98,90,6,70,4,0,0,1,5,54,1,1,3,2,1,3,1,41,0,48,34,2003,0,0,54,,,,,,1,1,16,1,0,0,0,0,3,0,11,0,,,,,0,0,3,3,1,0,0,0,0,96,,,,,,0,,,,,,97031,41,65,155,6,2,0,0,0,0,,0,,,,,,0,,,20,0,0,0,8,9,8,,,0,0,0,8,0,8,95,,,96,,,8,95,995,,,,,,,,,,,,,,,,,,,,,,,,,,,,,,0,0,0,0,1,0,0,0,0,0,0,0,1,0,0,0,0,0,0,1,1,0,1,1,1,0,0,0,0,1,0,0,0,0,0,,0,0,0,0,0,0,0,0,0,0,0,0,0,0,0,0,,,,,,16-17,16-25,Interstate,U,Saturday,Belt Used,PV,Not Fatal,0,0,0,0,State Route,State Patrol,Washington State Patrol Headquarter,0,1,0,0,0,,,,,,0,0,0,,,,,,,,,,,,,,,,,,,,,,,,,,,,,,,,,,,
2019,177,E929090,5,06/04/2019,12:20,4,6,,41,Lewis,0,1,0,1,1,2,1,0,2,2,,,,12,0,6,96.6,1,0,1,3,1,1,2,0,0,0,0,US-12,,-122.2930444,46.55415278,0,2,98,98,7,55,66,1,0,1,7,12,1,2,2,1,1,1,3,41,0,85,881,2016,0,0,12,,,,,,1,1,57,2,0,,0,0,3,0,11,0,,,,,6,1,0,3,1,0,0,0,0,96,,,,,,0,,,,,,97048,41,68,200,6,1,0,1,0,0,,0,,,,,,0,05/15/2017,05/15/2017,20,0,0,0,8,9,2,,,0,0,0,0,0,8,95,,,96,,,8,95,995,,,,,,,,,,,,,,,,,,,,,,,,,,,,,,0,0,0,0,1,1,0,1,0,0,0,0,0,0,0,0,0,0,0,0,0,0,0,0,0,0,0,0,1,0,1,0,0,0,0,,0,0,0,0,0,0,0,0,0,0,0,0,0,0,0,0,,,,,,56-60,56-65,US highway,R,Tuesday,,MHTRUCK,Not Fatal,0,0,0,0,State Route,State Patrol,Washington State Patrol,0,1,0,0,0,,,,,,0,0,0,,,,,,,,,,,98,98,98,0,,,,,20,7,,,,,,,,,,,,,,,
2021,434,EB83027,180,10/26/2021,14:56,26,10,,15,Cowlitz,1190,1,,1,2,1,1,0,3,3,,,,12,0,2,0,1,0,1,5,2,4,6,0,0,0,0,32ND AVE,,-122.9665139,46.14681667,0,2,98,98,7,30,6,0,0,1,2,12,1,1,2,1,1,1,2,41,0,48,45,2018,0,,12,,,,,,1,1,81,1,0,,0,0,3,0,11,0,,,,,0,0,0,3,1,0,,,,96,,,,,,98,,,,,,97048,41,71,185,6,1,0,0,0,0,,0,,,,,,0,,,8,0,0,0,8,9,8,,,0,,,8,8,0,0,,,0,,,0,0,996,,,,,,,,,,,,,,,,,,,,,,,,,,,,,,0,0,0,0,0,0,0,0,0,0,0,0,1,0,0,0,0,0,0,1,0,1,1,0,1,1,1,1,0,1,0,0,0,0,0,,0,0,0,0,0,0,0,0,0,0,0,0,0,0,0,0,,,,,,81+,76+,City street,U,Tuesday,Belt Used,PV,Not Fatal,0,1,1,0,City Street,Municipal/City Police,Longview Police Department,0,0,0,1,0,,,,,,0,0,0,,,,,,,,,,,98,98,98,0,,,,,20,,,,,,,,,1,0,,,,,,
2019,154,E924363,5,05/26/2019,15:53,26,5,,11,Clark,0,1,0,1,1,2,2,0,4,2,,,,12,0,6,10.4,2,0,2,4,1,1,3,0,0,0,0,SR-503,NE POTTER RD,-122.5469806,45.81680556,0,1,87,66,4,50,34,1,0,1,5,12,1,1,4,1,1,2,1,41,0,23,481,2001,0,0,12,,,,,,1,1,45,1,0,,0,0,3,0,11,0,,,,,0,0,3,3,1,0,0,0,0,96,,,,,,0,,,,,,97051,41,70,300,6,1,0,1,0,0,,0,,,,,,0,03/15/2016,06/15/2016,20,0,0,0,8,9,8,,,0,0,0,8,0,8,95,,,96,,,8,95,995,,,,,,,,,,,,,,,,,,,,,,,,,,,,,,0,0,0,1,0,0,0,0,0,0,0,0,0,0,0,0,1,0,1,0,0,0,0,0,0,1,1,0,1,1,0,0,0,0,0,,0,0,0,0,0,0,0,0,0,0,0,0,0,0,0,0,,,,,,41-45,36-45,State route,R,Sunday,Belt Used,PV,Not Fatal,1,0,0,0,State Route,State Patrol,Washington State Patrol,0,1,0,0,0,,,,,,0,0,1,,,,,,,,,,,98,98,98,0,,,,,20,7,,,,,,,,,,,,,,,
2019,78,E904999,5,03/25/2019,1:45,25,3,,11,Clark,0,1,0,2,1,2,1,1,1,1,,,,8,0,0,10.5,1,0,1,1,2,1,1,0,0,0,0,I-5,,-122.6667722,45.76429444,0,1,13,80,5,60,66,1,0,1,5,8,1,1,3,3,1,1,3,41,0,82,881,2006,0,0,8,,,,,,1,1,46,2,0,,0,0,3,0,11,0,,,,,6,1,0,3,1,0,0,0,0,96,,,,,,0,,,,,,97055,41,65,138,6,1,0,2,0,0,,0,,,,,,0,02/15/2019,02/15/2019,20,0,0,0,8,9,2,,,0,0,0,0,0,2,1,,,1,,,2,1,0,,,,,,,,,,,,,,,,,,,,,,,,,,,,,,0,0,0,0,0,0,0,0,0,1,0,1,0,0,0,0,0,0,0,0,0,0,0,0,0,0,0,0,0,0,1,1,0,0,0,,0,0,0,0,0,0,0,0,0,0,0,0,0,0,0,0,,,,,,46-50,46-55,Interstate,U,Monday,,MHTRUCK,Not Fatal,0,0,0,0,State Route,State Patrol,Washington State Patrol,0,1,0,0,0,,,,,,0,0,0,,,,,,,,,,,98,98,98,0,,,,,20,7,,,,,,,,,,,,,,,
2020,279,EA55352,305,08/08/2020,20:25,8,8,,11,Clark,2370,1,,5,1,2,1,0,1,1,,,,59,0,0,6.1,1,0,1,4,2,1,3,0,0,0,0,SR-501,,-122.7593583,45.67292222,0,1,1,13,2,50,4,0,0,1,2,1,3,1,2,1,14,1,2,41,0,58,38,2006,0,,63,59,38,67,1,,1,1,29,1,7,,4,0,20,7,11,5,08/08/2020,23:18,2.37053E+11,37778,0,0,0,2,1,0,,,,96,,,,,,9,,,,,,97055,41,68,160,1,1,0,1,0,5,,0,,,,,,3,04/15/2016,10/15/2020,1,0,0,0,0,9,8,,,0,,,8,1,2,348,695,605,1,1,1,2,1,0.188,,,,,,,,,,,,,,,,,,,,,,,,,,,,,,0,0,1,0,1,1,1,1,1,0,0,0,1,1,0,0,0,0,0,1,0,0,0,0,0,0,0,0,0,1,0,0,0,1,0,,1,0,0,0,0,1,1,1,0,1,0,1,0,0,0,1,,,,,,26-30,26-35,State route,U,Saturday,Not Used,PV,Multiracial,0,1,0,0,State Route,Municipal/City Police,Vancouver Police Department,1,1,0,0,0,thc,3.9,carboxy-thc,32,,0,0,5,,,,,,,,,,,98,98,98,202,201,,,,20,7,,,,,,,nms,1,0,,,,,,
2017,489,E733845,28,11/07/2017,10:33,7,11,0,39,Klickitat,0,1,0,1,1,2,1,0,1,1,10:33,10:51,,1,0,0,7,1,0,1,5,1,2,4,0,0,0,0,CR-CENTERVILLE HWY,,-121.1769472,45.71808889,0,1,1,13,2,50,90,0,0,1,5,1,1,1,2,1,1,1,0,53,0,99,739,2004,0,0,63,1,,,,,1,1,80,1,7,1,4,0,17,0,11,1,11/19/2017,0:01,1.65053E+11,31586,0,0,0,1,1,0,0,0,0,96,,,,,,0,,,,,,97058,41,61,260,6,1,0,0,0,0,0,0,,,,,,0,,,20,1,9,0,0,9,8,,,0,0,0,8,0,0,0,0,0,0,0,0,0,0,996,,,,,,,,,,,,,,,,,,,,,,,,,,,,,,0,0,1,0,0,0,0,0,0,0,0,0,0,0,0,0,0,0,0,0,0,0,0,0,0,1,1,1,0,0,0,0,0,0,0,,0,0,0,0,0,0,0,0,0,0,0,0,0,0,0,0,,,,,,76-80,76+,County road,R,Tuesday,,OTHVT,White,0,1,0,0,County Road,County Sheriff,Klickitat County Sheriff's Office,1,0,1,0,0,,,,,,,,,,,,,,,,,,,,,,,,,,,,,,,,,,,,,,,,,,,
2019,497,E959529,1,08/27/2019,7:15,27,8,,39,Klickitat,0,1,0,1,1,2,1,0,1,1,,,,35,0,0,100.9,3,0,3,3,1,1,3,0,0,20,3,SR-97,SR-14,-120.8241222,45.69613889,0,1,14,14,2,55,6,0,0,1,7,1,1,2,2,1,6,1,1,41,0,48,45,2008,0,0,64,71,35,1,,,1,1,76,1,7,,4,0,3,0,11,8,09/02/2019,9:27,1.65041E+11,,0,0,0,3,1,33,39,0,0,96,,,,,,0,,,,,,97058,41,71,230,6,1,0,0,0,0,,0,,,,,,0,04/15/2018,04/15/2018,1,0,0,0,0,9,8,,,0,0,0,8,0,8,95,,,96,,,8,95,995,,,,,,,,,,,,,,,,,,,,,,,,,,,,,,0,0,0,1,0,0,0,0,0,0,0,0,0,0,0,0,0,0,0,0,0,0,0,0,0,1,1,1,0,1,0,0,0,0,0,,1,0,0,0,0,0,0,0,0,0,0,0,0,0,0,0,,,,,,76-80,76+,State route,R,Tuesday,Belt Used,PV,White,1,0,0,0,State Route,State Patrol,Washington State Patrol,0,1,0,0,0,,,,,,0,0,1,,,,,,,,,,,98,98,98,1,,,,,20,7,,,,,,,,,,,,,,,
2020,26,EA11449,3,01/30/2020,21:21,30,1,,53,Pierce,0,2,,2,2,2,1,0,2,2,21:25,21:34,22:06,12,0,6,4.6,4,0,1,3,2,1,3,0,3,0,0,SR-167,,-122.3237,47.20729444,0,2,83,67,4,45,34,0,0,1,2,12,1,1,5,5,1,1,1,41,0,7,482,2017,0,,12,,,,,,1,1,25,1,0,,1,0,3,0,11,5,,,,,0,0,0,3,1,0,,,,96,,,,,,0,,,,,,97058,41,71,195,6,1,0,2,0,1,,0,,,,,,0,08/15/2018,10/15/2019,8,0,0,0,8,9,8,,,0,,,8,8,0,0,,,0,,,0,0,996,,,,,,,,,,,,,,,,,,,,,,,,,,,,,,0,0,0,0,1,1,0,1,0,0,0,0,0,0,0,0,0,0,1,0,0,0,0,1,1,0,0,0,0,1,0,0,0,0,0,,0,0,0,0,0,0,0,0,0,0,0,0,0,0,0,0,,,,,,21-25,16-25,State route,U,Thursday,Belt Used,PV,Not Fatal,0,0,0,0,State Route,State Patrol,Washington State Patrol,0,1,0,0,0,,,,,,0,0,0,,,,,,,,,,,98,98,98,0,,,,,20,7,,,,,,,,1,0,,,,,,
2019,350,E967832,6,10/04/2019,10:04,4,10,,39,Klickitat,0,1,0,1,1,2,1,0,4,4,,,,12,0,2,30.9,1,0,1,3,1,1,3,0,3,0,0,SR-97,,-120.6165861,46.02800833,0,3,98,62,4,60,34,0,0,1,7,12,1,1,2,1,1,1,3,41,0,12,481,2016,0,0,12,,,,,,1,1,63,1,0,,0,0,3,0,11,0,,,,,0,0,0,3,1,0,0,0,0,0,,,,,,0,,,,,,97068,41,75,240,6,1,0,0,0,0,,0,,,,,,0,,,20,0,0,0,8,9,2,,,0,0,0,0,0,8,95,,,96,,,8,95,995,,,,,,,,,,,,,,,,,,,,,,,,,,,,,,0,0,0,0,1,1,0,1,0,0,0,0,0,0,0,0,0,0,0,0,0,0,0,1,1,1,0,0,0,1,1,0,0,0,0,,0,0,0,0,0,0,0,0,0,0,0,0,0,0,0,0,,,,,,61-65,56-65,State route,R,Friday,Belt Used,PV,Not Fatal,0,1,1,0,State Route,State Patrol,Washington State Patrol,0,1,0,0,0,,,,,,0,0,0,,,,,,,,,,,98,98,98,0,,,,,20,7,,,,,,,,,,,,,,,
2017,233,E689355,5,07/01/2017,23:54,1,7,5,11,Clark,1860,1,0,2,1,2,1,1,4,1,,,,8,0,0,14.2,1,0,1,1,1,1,1,0,0,0,0,I-5,,-122.6857833,45.81591389,0,1,13,80,5,70,34,0,0,1,2,8,1,1,3,3,1,4,1,41,0,23,481,2015,0,0,8,,,,,,1,1,29,1,0,0,0,0,3,0,11,0,,,,,0,0,0,3,1,0,0,0,0,0,,,,,,0,,,,,,97071,41,71,180,6,1,0,0,0,1,0,0,,,,,,0,08/15/2014,08/15/2014,1,0,0,0,8,9,2,,,0,0,0,0,0,0,0,0,0,0,0,0,0,0,996,,,,,,,,,,,,,,,,,,,,,,,,,,,,,,0,0,0,0,0,0,0,0,0,1,1,0,0,0,0,0,0,0,0,0,0,0,0,0,0,0,0,0,0,0,0,1,0,0,0,,0,0,0,0,0,0,0,0,0,0,0,0,0,0,0,0,,,,,,26-30,26-35,Interstate,R,Saturday,Belt Used,PV,Not Fatal,0,0,0,0,State Route,State Patrol,Washington State Patrol Headquarter,0,1,0,0,0,,,,,,,,,,,,,,,,,,,,,,,,,,,,,,,,,,,,,,,,,,,
2019,467,E999626,33,12/20/2019,16:28,20,12,,49,Pacific,0,2,0,5,2,2,1,0,5,2,,,,12,0,2,7.3,1,0,1,5,1,2,4,0,0,0,0,CR-SANDRIDGE RD,,-124.021775,46.41746111,0,1,50,10,2,45,34,0,0,1,7,12,1,1,2,1,1,1,1,41,0,7,482,2006,0,0,68,12,,,,,1,1,65,1,0,,1,0,99,7,11,0,,,,,0,0,0,3,1,28,0,0,0,92,,,,,,99,,,,,,97103,41,66,175,6,1,0,0,0,0,,97,,,,,,0,,,8,0,0,0,8,9,8,,,0,0,0,8,8,8,95,,,96,,,8,95,995,,,,,,,,,,,,,,,,,,,,,,,,,,,,,,0,0,0,0,0,0,0,0,0,0,0,0,0,0,0,0,1,0,0,0,0,0,0,0,0,1,0,0,0,1,0,0,0,0,0,,0,0,0,0,0,0,0,0,1,0,0,0,0,0,0,0,,,,,,61-65,56-65,County road,R,Friday,Unknown,PV,Not Fatal,0,1,1,0,County Road,County Sheriff,Pacific County Sheriff's Office,0,0,1,0,0,,,,,,0,0,0,,,,,,,,,,,98,98,98,0,,,,,20,7,,,,,,,,,,,,,,,
2020,469,EA87213,39,10/25/2020,15:08,25,10,,61,Snohomish,0,1,,1,1,2,1,0,2,2,15:11,15:18,15:41,12,0,6,0.1,8,0,1,5,1,2,4,0,0,0,0,CR-PIONEER HWY E,,-122.2059306,48.18778889,0,2,98,60,4,35,5,0,0,1,5,12,1,2,2,1,11,1,1,41,0,12,27,2013,0,,12,,,,,,1,1,37,1,0,,0,0,3,0,11,0,,,,,0,0,0,3,1,0,,,,96,,,,,,0,,,,,,97116,41,66,170,6,1,0,0,0,0,,97,,,,,,0,,,8,0,0,0,8,9,8,,,0,,,8,8,0,0,,,0,,,0,0,996,,,,,,,,,,,,,,,,,,,,,,,,,,,,,,0,0,0,0,1,0,1,1,1,0,0,0,0,0,0,0,0,0,0,0,0,0,0,0,0,0,0,0,1,1,0,0,0,0,0,,0,0,0,0,0,0,0,0,0,0,0,0,0,0,0,0,,,,,,36-40,36-45,County road,R,Sunday,Belt Used,PV,Not Fatal,0,0,0,0,County Road,County Sheriff,Snohomish County Sheriff's Office,0,0,1,0,0,,,,,,0,0,0,,,,,,,,,,,98,98,98,0,,,,,20,7,,,,,,,,1,0,,,PIONEER HWY EAST,0.066,,