year,case,par,repjur,crash_dt,crash_tm,accday,accmon,holiday,county,co_char,city,weather,weather2,lightcond,surfcond,surftype,numfatal,nmforms,pforms,vforms,not_tm,arr_tm,hosp_tm,fhevent,hitrun,manncol,milepnt,reljunc,reljuncinter,intersectiontype,funcsystem,landuse,ownership,route,schlbus,spejur,contdev,devfunc,trafid1,trafid2,x,y,wk_zone,vnumber,crashtype,criticalevent,criticaleventcat,spdlim,body,trailer,emerg,hazcargo,leave,mhevent,roadalgn,roadprof,traflane,trafflow,vehmanvr,numoccs,regowner,regstate,spuse,make,model,modelyr,vrf1,vrf2,seqevent1,seqevent2,seqevent3,seqevent4,seqevent5,seqevent6,pnumber,ptype,age,sex,hispanic,race,injury,diedscene,restraint,restraintmisuse,seatpos,takehosp,death_dt,death_tm,cert,cernum_wa,commlic,licendor,licrestrict,liccomp,drivpres,drf1,drf2,drf3,drf4,distract1,distract2,distract3,distract4,distract5,distract6,dricond1,dricond2,dricond3,dricond4,dricond5,dricond6,dzip,licstate,drhgt_in,weight,noncdl,noncdltype,prevdwi,prevoth,prevacc,prevspd,prevsus,driviol1,driviol2,driviol3,driviol4,driviol5,driviol6,spdrel,first_dt,last_dt,airbag,ejection,ejectpath,extricat,injurwrk,methalc,methdrug,nmlocat,strikveh,prf1,prf2,prf3,druginv,alcinvol,drugsts,drugres1,drugres2,drugres3,drugtst1,drugtst2,drugtst3,alcsts,alctst,alcres,nmact1,nmact2,nmact3,nmact4,nmact5,nmact6,nmprior1,nmprior2,nmprior3,nmprior4,nmprior5,nmprior6,nmcond1,nmcond2,nmcond3,nmcond4,nmcond5,nmcond6,nmsafe_helmet,nmsafe_pads,nmsafe_oth,nmprev_ref,nmprev_lgt,nmprev_oth,crashlocation,nmcrashtype,crosswalk,schoolzone,sidewalk,train_inv,wildlife_inv,rotr_fars,intersect_fars,dd_inv,aid_inv,dpd_inv,id_inv,mj_inv,impnm_inv,ainm_inv,dpnm_inv,speed_inv,unlic_inv,unendmc_inv,drowsy_inv,drdist_inv,nmdist_inv,fty_inv,unrestfat_inv,dr1617_inv,dr1820_inv,dr1620_inv,dr2125_inv,dr1625_inv,dr65_inv,dr70_inv,dr75_inv,mc_inv,pv_inv,ht_inv,ped_inv,bike_inv,unrest_fat,mc_fat,unhelmet_mc,pv_fat,ht_fat,ped_fat,bike_fat,dr_alc7,dr_alc8,dr_drug,dr_imp,dr_dist,dr_spd,dr_fty,dr_unlic,dr_alc7only,dr_alc8only,dr_drugonly,dr_drink,nm_imp,nm_alc7,nm_alc8,nm_drug,nm_dist,agegrp1,agegrp2,roadclass,urbrur,dayweek,restuse,vehtype,race_me,intersect,lanedep,oppdir,wrongway,rep_typ,investag,repag_long,rotr,st_rd,cty_rd,city_rd,oth_rd,drug_thc,thc_res,drug_cthc,cthc_res,drug_cann,prevpersemin,prevperse,prevsusoth,drugtst4,drugtst5,drugtst6,drugtst7,drugtst8,drugres4,drugres5,drugres6,drugres7,drugres8,adspresent,adsengaged,adslevel,race1,race2,race3,race4,race5,helmet,helmetmisuse,nmdistract1,nmdistract2,nmdistract3,nmdistract4,nmdistract5,nmdistract6,lab,isedtcase,crf1,crf2,crf3,CoRoadName,CoMP,IntCoRoadName,IntCoMP
2017,373,E717141,5,09/16/2017,22:28,16,9,0,11,Clark,0,1,0,2,1,2,1,1,2,1,,,,8,0,0,15.7,1,0,1,1,1,1,1,0,0,0,0,I-5,,-122.6960722,45.837075,0,1,13,80,5,70,15,0,0,1,5,8,1,1,3,3,1,2,2,53,0,42,421,2012,0,0,8,,,,,,1,1,53,1,0,0,0,0,3,0,11,0,,,,,0,0,0,3,1,0,0,0,0,0,,,,,,0,,,,,,97124,41,70,300,6,1,0,1,0,1,0,0,,,,,,0,01/15/2013,12/15/2013,20,0,0,0,8,9,2,,,0,0,0,0,0,2,1,0,0,1,0,0,2,1,0,,,,,,,,,,,,,,,,,,,,,,,,,,,,,,0,0,0,0,0,0,0,0,0,1,1,0,0,0,0,0,0,0,0,0,0,0,0,0,0,0,0,0,0,1,0,1,0,0,0,,0,0,0,0,0,0,0,0,0,0,0,0,0,0,0,0,,,,,,51-55,46-55,Interstate,R,Saturday,Belt Used,PV,Not Fatal,0,0,0,0,State Route,State Patrol,Washington State Patrol Headquarter,0,1,0,0,0,,,,,,,,,,,,,,,,,,,,,,,,,,,,,,,,,,,,,,,,,,,
2019,241,E942417,5,07/18/2019,14:41,18,7,,39,Klickitat,0,1,0,1,1,2,1,0,1,1,,,,39,0,0,71.9,1,0,1,3,1,1,3,0,0,0,0,SR-14,,-121.3627389,45.70759167,0,1,1,13,2,60,80,0,0,1,2,39,3,1,2,1,14,1,1,41,0,73,706,2013,0,0,63,39,,,,,1,1,71,1,7,,4,7,20,7,11,0,07/18/2019,14:41,53032270,32270,0,0,0,3,1,0,0,0,0,96,,,,,,99,,,,,,97124,41,71,220,6,1,0,0,0,1,,0,,,,,,0,02/15/2016,02/15/2016,20,8,0,0,0,9,8,,,0,0,0,8,9,8,95,,,96,,,8,95,995,,,,,,,,,,,,,,,,,,,,,,,,,,,,,,0,0,1,0,0,0,0,0,0,0,0,0,0,0,0,0,0,0,0,0,0,0,0,0,0,1,1,0,1,0,0,0,0,0,1,0,0,0,0,0,0,0,0,0,0,0,0,0,0,0,0,0,,,,,,71-75,66-75,State route,R,Thursday,,MC,White,0,1,0,0,State Route,State Patrol,Washington State Patrol,1,1,0,0,0,,,,,,0,0,0,,,,,,,,,,,0,0,0,1,,,,,19,0,,,,,,,,,,,,,,,
2018,364,E848331,8,10/07/2018,14:15,7,10,7,31,Jefferson,0,2,0,1,2,2,1,0,3,2,,,,12,0,6,301.4,1,0,1,3,1,1,2,0,0,4,3,US-101,,-122.88295,47.747025,0,1,66,6,1,55,14,0,0,1,7,12,3,6,4,1,14,2,2,41,0,18,402,2004,0,0,68,12,,,,,1,1,77,1,0,0,2,0,3,0,11,8,,,,,0,0,0,3,1,28,0,0,0,96,,,,,,0,,,,,,97132,41,71,235,6,1,0,0,1,2,,2,,,,,,4,04/15/2014,08/15/2016,1,0,0,0,8,9,2,,,0,0,0,0,0,2,1,,,1,,,2,1,0,,,,,,,,,,,,,,,,,,,,,,,,,,,,,,0,0,0,0,0,0,0,0,0,0,0,0,1,0,0,0,0,0,0,0,0,0,0,0,0,1,1,1,0,1,0,0,0,0,0,,0,0,0,0,0,0,0,0,0,1,0,0,0,0,0,0,,,,,,76-80,76+,US highway,R,Sunday,Belt Used,PV,Not Fatal,0,1,1,0,State Route,State Patrol,Washington State Patrol,0,1,0,0,0,,,,,,0,0,0,,,,,,,,,,,,,,,,,,,,,,,,,,,,,,,,,,,
2021,481,EB91198,8,11/09/2021,15:07,9,11,,45,Mason,2000,2,,1,2,2,2,0,8,3,,,,12,0,1,347,1,0,1,2,1,1,2,0,0,0,0,US-101,,-123.1179194,47.19269167,0,2,29,53,3,60,1,0,0,1,2,12,1,2,2,1,2,4,1,41,0,30,47,2013,0,,12,12,,,,,1,1,40,2,0,,2,0,3,0,11,5,,,,,0,0,0,0,1,0,,,,96,,,,,,0,,,,,,97138,41,,999,0,0,0,0,0,0,,0,,,,,,0,,,8,0,0,0,8,9,8,,,0,,,8,8,0,0,,,0,,,0,0,996,,,,,,,,,,,,,,,,,,,,,,,,,,,,,,0,0,0,0,0,0,1,1,0,0,0,0,1,1,0,0,0,0,0,1,0,0,0,0,0,0,0,0,0,1,0,0,0,0,0,,0,0,0,0,0,0,0,0,0,0,0,1,0,0,0,0,,,,,,36-40,36-45,US highway,R,Tuesday,Belt Used,PV,Not Fatal,0,0,0,0,State Route,State Patrol,Washington State Patrol,0,1,0,0,0,,,,,,0,0,0,,,,,,,,,,,98,98,98,0,,,,,20,,,,,,,,,1,0,,,,,,
2019,391,E978427,5,11/03/2019,20:03,3,11,,11,Clark,2370,1,0,3,1,2,1,1,1,1,,,,8,0,0,2.4,1,0,1,1,2,1,1,0,0,0,0,I-5,,-122.6617056,45.65009722,0,1,13,80,5,60,66,1,0,1,5,8,1,2,3,3,1,1,3,18,0,51,881,2016,0,0,8,,,,,,1,1,59,1,0,,0,0,3,0,11,0,,,,,6,1,3,3,1,0,0,0,0,96,,,,,,0,,,,,,97203,41,68,170,6,1,0,1,2,0,,0,,,,,,0,10/15/2015,11/15/2017,20,0,0,0,8,9,8,,,0,0,0,8,0,8,95,,,96,,,8,95,995,,,,,,,,,,,,,,,,,,,,,,,,,,,,,,0,0,0,0,0,0,0,0,0,0,0,0,0,0,0,0,0,0,0,0,0,0,0,0,0,0,0,0,0,0,1,1,0,0,0,,0,0,0,0,0,0,0,0,0,0,0,0,0,0,0,0,,,,,,56-60,56-65,Interstate,U,Sunday,,MHTRUCK,Not Fatal,0,0,0,0,State Route,State Patrol,Washington State Patrol,0,1,0,0,0,,,,,,0,0,0,,,,,,,,,,,98,98,98,0,,,,,20,7,,,,,,,,,,,,,,,
2021,38,EB06398,5,01/31/2021,9:49,31,1,,11,Clark,0,10,,1,2,2,1,0,2,1,,,,5,1,0,17.7,1,0,1,1,1,1,1,0,0,0,0,I-5,,-122.7066861,45.86395556,0,1,0,98,7,70,14,0,0,1,5,5,1,2,3,3,1,2,2,53,0,49,401,2021,0,,5,,,,,,1,1,30,1,0,,0,0,3,0,11,0,,,,,0,0,0,2,1,0,,,,96,,,,,,98,,,,,,97204,41,68,140,1,1,0,0,0,0,,97,,,,,,0,01/15/2016,09/15/2017,20,0,0,0,8,9,8,,,0,,,9,9,0,0,,,0,,,0,0,996,,,,,,,,,,,,,,,,,,,,,,,,,,,,,,0,0,0,0,0,0,0,0,0,0,0,0,0,1,0,0,0,0,0,1,0,0,0,0,0,0,0,0,0,1,0,0,0,0,0,,0,0,0,0,0,0,0,0,0,0,0,1,0,0,0,0,,,,,,26-30,26-35,Interstate,R,Sunday,Belt Used,PV,Not Fatal,0,0,0,0,State Route,State Patrol,WASHINGTON STATE PATROL,0,1,0,0,0,,,,,,0,0,2,,,,,,,,,,,98,98,98,0,,,,,20,,,,,,,,,1,0,,,,,,
2020,45,EA15060,3,02/12/2020,23:57,12,2,,67,Thurston,0,5,,2,1,2,2,0,5,3,,,,12,0,2,89.4,1,0,1,1,2,1,1,0,0,0,0,I-5,,-122.9991833,46.81609444,0,2,52,54,3,70,66,2,0,1,2,12,1,1,3,3,1,1,3,18,0,51,881,2016,0,,12,64,25,,,,1,1,59,1,0,,0,0,3,0,11,0,,,,,6,1,0,3,1,0,,,,96,,,,,,0,,,,,,97206,41,69,190,6,1,0,0,0,1,,0,,,,,,0,10/15/2015,10/15/2015,1,0,0,0,8,9,8,,,0,,,8,8,0,0,,,0,,,0,0,996,,,,,,,,,,,,,,,,,,,,,,,,,,,,,,0,0,0,0,1,1,0,1,0,0,0,0,1,0,0,0,0,0,0,1,0,0,0,0,0,0,0,0,0,1,1,0,0,0,0,,0,0,0,0,0,0,0,0,0,0,0,0,0,0,0,0,,,,,,56-60,56-65,Interstate,U,Wednesday,,MHTRUCK,Not Fatal,0,0,0,1,State Route,State Patrol,Washington State Patrol,0,1,0,0,0,,,,,,0,0,0,,,,,,,,,,,98,98,98,0,,,,,20,7,,,,,,,,1,14,,,,,,
2020,434,EA78864,75,11/05/2020,11:35,5,11,,11,Clark,240,2,,1,2,1,1,0,4,2,,,,12,0,2,0,1,0,1,4,2,4,6,0,0,0,0,NW LAKE RD,,-122.4167028,45.60754444,0,2,51,62,4,35,14,0,0,1,2,12,2,2,2,1,14,2,2,53,0,63,401,2020,0,,12,,,,,,1,1,36,2,0,,3,0,99,7,11,5,,,,,0,0,3,3,1,0,,,,96,,,,,,0,,,,,,97209,41,61,150,6,1,0,0,0,0,,0,,,,,,0,,,8,0,0,0,8,9,8,,,0,,,8,8,0,0,,,0,,,0,0,996,,,,,,,,,,,,,,,,,,,,,,,,,,,,,,0,0,0,0,0,0,0,0,0,0,0,0,0,0,0,0,0,0,0,0,0,0,0,0,0,0,0,0,0,1,0,0,0,0,0,,0,0,0,0,0,0,0,0,0,0,0,0,0,0,0,0,,,,,,36-40,36-45,City street,U,Thursday,Unknown,PV,Not Fatal,0,0,0,1,City Street,Municipal/City Police,Camas Police Department,0,0,0,1,0,,,,,,0,0,0,,,,,,,,,,,98,98,98,0,,,,,20,7,,,,,,,,1,0,,,,,,
2020,448,3876903,263,10/31/2020,19:45,31,10,,33,King,1960,1,,3,1,2,1,1,1,1,19:46,19:51,20:22,8,0,0,0,3,0,2,3,2,4,6,0,0,3,3,RAINIER AVE S,S ALASKA ST,-122.2870778,47.56079167,0,1,13,80,5,25,14,0,0,1,5,8,1,1,5,1,1,1,1,41,0,48,403,2016,0,,8,,,,,,1,1,28,1,0,,0,0,3,0,11,0,,,,,0,0,3,3,1,0,,,,96,,,,,,98,,,,,,97211,41,67,150,6,1,0,0,0,0,,0,,,,,,0,,,20,0,0,0,8,5,8,,,0,,,0,0,8,95,,,96,,,8,95,995,,,,,,,,,,,,,,,,,,,,,,,,,,,,,,0,0,0,1,0,0,0,0,0,1,1,0,0,0,0,0,0,1,0,0,0,0,0,0,0,0,0,0,0,1,0,1,0,0,0,,0,0,0,0,0,0,0,0,0,0,0,0,0,0,0,0,,,,,,26-30,26-35,City street,U,Saturday,Belt Used,PV,Not Fatal,0,0,0,0,City Street,Municipal/City Police,Seattle Police Department,0,0,0,1,0,,,,,,0,0,0,,,,,,,,,,,98,98,98,0,,,,,20,7,,,,,,,,1,0,,,,,,
2018,138,E799642,7,05/19/2018,3:06,19,5,0,33,King,1960,10,0,3,1,2,1,0,2,1,,,,39,0,0,165.4,1,0,1,1,2,1,1,0,0,0,0,I-5,,-122.329825,47.60680278,0,1,1,6,1,60,2,0,0,1,2,39,1,1,6,3,1,2,1,41,0,54,37,1998,0,0,63,39,,,,,1,1,38,2,0,0,3,0,3,0,11,4,,,,,0,0,0,3,1,0,0,0,0,96,,,,,,9,,,,,,97212,41,69,160,6,1,0,1,0,1,,97,,,,,,4,06/15/2015,07/15/2017,1,0,0,0,8,9,2,,,0,0,0,1,0,2,177,605,695,1,1,1,2,1,0,,,,,,,,,,,,,,,,,,,,,,,,,,,,,,0,0,1,0,0,0,1,1,1,0,0,0,1,0,0,0,0,0,0,0,0,0,0,0,0,0,0,0,0,1,0,0,0,0,0,,0,0,0,0,0,0,1,1,0,1,0,0,0,0,1,0,,,,,,36-40,36-45,Interstate,U,Saturday,Belt Used,PV,Not Fatal,0,1,0,0,State Route,State Patrol,Washington State Patrol Headquarter,1,1,0,0,0,thc,5.1,carboxy-thc,37,,0,0,0,,,,,,,,,,,,,,,,,,,,,,,,,,,,,,,,,,,
2017,531,E753420,5,12/24/2017,2:48,24,12,9,11,Clark,2370,1,0,3,8,1,1,0,1,1,,,,42,0,0,30.8,1,0,1,1,2,1,1,0,0,0,0,I-205,,-122.5705667,45.65678889,0,1,7,6,1,60,4,0,0,1,2,42,1,1,3,3,1,1,1,41,0,59,34,2000,0,0,64,42,,,,,1,1,34,1,7,48,4,7,3,0,11,0,12/24/2017,2:48,2.37053E+11,55407,0,0,0,3,1,0,0,0,0,96,,,,,,9,,,,,,97213,41,67,120,6,1,0,0,0,0,1,0,,,,,,4,12/15/2014,12/15/2014,8,0,0,0,0,1,8,,,0,0,0,8,1,2,605,695,0,1,1,0,2,1,0.19,,,,,,,,,,,,,,,,,,,,,,,,,,,,,,0,0,0,0,1,1,1,1,1,0,0,0,1,0,0,0,0,0,0,0,0,0,0,0,0,0,0,0,0,1,0,0,0,0,0,,1,0,0,0,0,1,1,1,0,1,0,0,0,0,0,1,,,,,,31-35,26-35,Interstate,U,Sunday,Belt Used,PV,API,0,1,0,0,State Route,State Patrol,Washington State Patrol Headquarter,1,1,0,0,0,thc,5,carboxy-thc,39,,,,,,,,,,,,,,,,,,,,,,,,,,,,,,,,,,,,,,,
2019,269,E946977,305,08/02/2019,13:55,2,8,,11,Clark,2370,1,0,1,1,2,1,0,6,5,,,,12,0,1,0.3,3,1,2,3,2,1,1,0,0,3,3,I-205 RAMP LX03111,FOURTH PLAIN BLVD,-122.5755111,45.65748889,0,5,98,98,7,35,14,0,0,1,7,12,1,2,5,1,5,1,3,53,0,49,402,2019,0,0,12,,,,,,1,1,41,2,0,,0,0,3,0,11,0,,,,,0,0,3,3,1,0,0,0,0,0,,,,,,0,,,,,,97213,41,64,179,6,1,0,0,0,0,,0,,,,,,0,,,20,0,0,0,8,9,8,,,0,0,0,8,0,8,95,,,96,,,8,95,995,,,,,,,,,,,,,,,,,,,,,,,,,,,,,,0,0,0,1,0,0,0,0,0,0,0,0,0,0,0,0,0,0,0,0,0,1,1,0,1,1,1,1,1,1,0,0,0,0,0,,0,0,0,0,0,0,0,0,0,0,0,0,0,0,0,0,,,,,,41-45,36-45,Interstate,U,Friday,Belt Used,PV,Not Fatal,1,0,0,0,State Route,Municipal/City Police,Vancouver Police Department,0,1,0,0,0,,,,,,0,0,0,,,,,,,,,,,98,98,98,0,,,,,20,7,,,,,,,,,,,,,,,
2018,220,E817545,5,07/01/2018,14:30,1,7,0,15,Cowlitz,1000,1,0,1,1,2,1,0,1,1,,,,24,0,0,30.6,1,0,1,1,2,1,1,0,0,0,0,I-5,,-122.8494306,46.01844167,0,1,1,13,2,70,80,0,0,1,7,24,3,1,3,3,14,1,1,41,0,72,706,2017,0,0,63,24,,,,,1,1,48,1,7,1,4,7,5,0,11,0,07/01/2018,14:30,1.00053E+11,29262,6,0,3,3,1,0,0,0,0,96,,,,,,99,,,,,,97214,41,68,210,6,1,0,0,0,0,,0,,,,,,0,,,20,8,0,0,0,9,8,,,0,0,0,8,9,2,1,,,1,,,2,1,0.19,,,,,,,,,,,,,,,,,,,,,,,,,,,,,,0,0,1,0,1,1,0,1,0,0,0,0,0,0,0,0,0,0,0,0,0,0,0,0,0,0,0,0,1,0,0,0,0,0,1,0,0,0,0,0,0,1,0,1,0,0,0,0,0,1,0,1,,,,,,46-50,46-55,Interstate,U,Sunday,,MC,White,0,1,0,0,State Route,State Patrol,Washington State Patrol,1,1,0,0,0,,,,,,0,0,0,,,,,,,,,,,,,,,,,,,,,,,,,,,,,,,,,,,
2020,426,EA77147,1,10/30/2020,15:43,30,10,,77,Yakima,0,1,,1,1,2,1,0,2,2,15:56,16:41,17:05,12,0,2,54.1,1,0,1,3,1,1,2,0,3,0,0,US-97,,-120.3647778,46.28361389,0,1,50,10,2,65,5,0,0,1,2,12,1,2,3,1,6,1,1,41,0,20,29,2020,0,,68,12,,,,,1,1,55,1,7,,4,7,3,0,11,0,10/30/2020,15:43,53051124,51124,0,0,0,3,1,33,,,,96,,,,,,9,,,,,,97214,41,70,194,6,1,0,0,1,0,,0,,,,,,0,02/15/2020,02/15/2020,8,0,0,0,0,9,8,,,0,,,1,8,2,996,996,695,1,1,1,2,1,0,,,,,,,,,,,,,,,,,,,,,,,,,,,,,,0,0,0,0,0,0,1,1,1,0,0,0,0,0,0,0,0,0,0,0,0,0,0,0,0,0,0,0,0,1,0,0,0,0,0,,1,0,0,0,0,0,1,1,0,0,0,0,0,0,1,0,,,,,,51-55,46-55,US highway,R,Friday,Belt Used,PV,White,0,1,1,0,State Route,State Patrol,Washington State Patrol,0,1,0,0,0,thc,10,carboxy-thc,7.4,,0,0,0,1,1,1,,,605,996,996,,,98,98,98,1,,,,,20,7,,,,,,,nms,1,0,,,,,,
2020,116,EA31779,305,04/24/2020,19:32,24,4,,11,Clark,2370,1,,5,1,2,1,0,2,1,19:35,19:40,20:03,39,0,0,0,3,0,3,3,2,4,6,0,0,0,0,SE 164TH AVE,SE 5TH ST,-122.5042889,45.61819722,0,1,1,13,2,40,5,0,0,1,2,39,1,1,2,2,1,2,1,41,0,49,46,2015,0,,63,39,,,,,1,1,30,1,0,,2,0,3,0,11,0,,,,,0,0,0,3,1,91,,,,96,,,,,,9,,,,,,97217,41,66,180,6,1,0,0,0,0,,1,,,,,,0,,,8,0,0,0,8,3,2,,,0,,,1,8,2,351,605,,1,1,,2,1,0,,,,,,,,,,,,,,,,,,,,,,,,,,,,,,0,0,1,1,0,0,1,1,1,0,0,0,0,0,0,0,0,0,0,0,0,0,0,0,0,0,0,0,0,1,0,0,0,0,0,,0,0,0,0,0,0,1,1,0,0,0,0,0,0,1,0,,,,,,26-30,26-35,City street,U,Friday,Belt Used,PV,Not Fatal,0,1,0,0,City Street,Municipal/City Police,Vancouver Police Department,1,0,0,1,0,thc,10,carboxy-thc,888,,0,0,0,,,,,,,,,,,98,98,98,0,,,,,20,7,,,,,,,,1,0,,,,,,
2021,383,EB73409,5,09/22/2021,9:47,22,9,,11,Clark,2420,1,,1,1,2,1,0,2,2,,,,12,0,2,16.1,2,0,6,2,2,1,3,0,0,21,3,SR-14,WASHOUGAL RIVER RD,-122.3561861,45.57665,0,2,52,54,3,55,21,1,0,1,2,12,2,1,1,2,16,1,1,41,0,7,461,1998,0,,12,63,24,59,,,1,1,64,1,0,,3,0,3,0,11,5,,,,,0,0,0,3,1,0,,,,96,,,,,,98,,,,,,97218,41,73,245,6,1,0,0,0,0,,0,,,,,,0,,,8,0,0,0,8,9,8,,,0,,,8,8,0,0,,,0,,,0,0,996,,,,,,,,,,,,,,,,,,,,,,,,,,,,,,0,0,0,1,0,0,1,1,0,0,0,0,0,0,0,0,0,0,0,0,0,0,0,0,0,0,0,0,0,1,0,0,0,0,0,,0,0,0,0,0,0,0,0,0,0,0,0,0,0,0,0,,,,,,61-65,56-65,State route,U,Wednesday,Belt Used,PV,Not Fatal,1,0,0,0,State Route,State Patrol,Washington State Patrol,0,1,0,0,0,,,,,,0,0,0,,,,,,,,,,,0,0,0,0,,,,,20,,,,,,,,,1,0,,,,,,
2021,213,EB45897,5,07/02/2021,8:29,2,7,,15,Cowlitz,0,10,,1,1,2,1,0,2,1,,,,30,0,0,55.2,3,0,2,3,2,1,3,0,0,3,3,SR-4,COAL CREEK RD,-123.0258028,46.17668056,0,1,6,12,2,50,34,0,0,1,2,30,1,1,5,1,1,2,2,53,0,20,481,2011,0,,64,30,,,,,1,1,54,1,0,,3,0,20,7,11,8,,,,,0,0,0,2,1,0,,,,96,,,,,,98,,,,,,97222,41,70,170,3,1,0,1,0,0,,0,,,,,,0,08/15/2018,08/15/2018,8,0,0,0,8,9,2,,,0,,,8,8,8,95,,,96,,,2,1,997,,,,,,,,,,,,,,,,,,,,,,,,,,,,,,0,0,1,1,0,0,0,0,0,0,0,0,0,1,0,0,0,0,0,1,0,0,0,0,0,0,0,0,0,1,0,0,0,0,0,,0,0,0,0,0,0,0,0,0,0,0,1,0,0,0,0,,,,,,51-55,46-55,State route,U,Friday,Not Used,PV,Not Fatal,0,1,0,0,State Route,State Patrol,Washington State Patrol,1,1,0,0,0,,,,,,0,0,0,,,,,,,,,,,98,98,98,0,,,,,20,,,,,,,,,1,0,,,,,,
2019,2,E880983,146,01/03/2019,8:18,3,1,,77,Yakima,0,10,0,1,1,2,1,0,2,2,,,,12,0,6,14,2,0,2,6,1,2,4,0,3,20,3,CR-S WAPATO RD,PROGRESSIVE RD,-120.4174111,46.41879167,0,1,89,17,2,50,66,1,0,1,7,12,1,1,2,1,1,1,3,41,0,51,881,2012,0,0,12,,,,,,1,1,44,1,0,,0,0,99,7,11,0,,,,,6,3,0,3,1,38,39,0,0,96,,,,,,0,,,,,,97236,41,70,240,6,1,0,0,0,0,,97,,,,,,0,,,20,0,0,0,8,9,8,,,0,0,0,8,0,8,95,,,96,,,8,95,995,,,,,,,,,,,,,,,,,,,,,,,,,,,,,,0,0,0,1,0,0,0,0,0,0,0,0,0,0,0,0,0,0,1,0,0,0,0,0,0,0,0,0,0,1,1,0,0,0,0,,0,0,0,0,0,0,0,0,0,0,1,0,0,0,0,0,,,,,,41-45,36-45,County road,R,Thursday,,MHTRUCK,Not Fatal,1,0,0,0,County Road,County Sheriff,Yakima County Sheriff's Office,0,0,1,0,0,,,,,,0,0,0,,,,,,,,,,,98,98,98,0,,,,,20,7,,,,,,,,,,,,,,,
2021,48,EB10945,5,02/23/2021,3:08,23,2,,11,Clark,0,10,,2,1,2,1,1,5,4,,,,8,0,0,9.1,1,0,1,1,2,1,1,0,0,0,0,I-5,,-122.6611306,45.74499167,0,2,98,80,5,60,4,0,0,1,2,8,1,1,4,3,1,1,9,13,0,34,34,2017,0,,8,,,,,,1,1,37,1,0,,0,0,3,0,11,0,,,,,0,0,0,3,1,0,,,,96,,,,,,98,,,,,,97267,41,70,170,6,1,0,1,1,1,,0,,,,,,0,01/15/2019,12/15/2020,20,0,0,0,8,9,8,,,0,,,8,8,0,0,,,0,,,0,0,996,,,,,,,,,,,,,,,,,,,,,,,,,,,,,,0,0,0,0,0,0,0,0,0,1,0,1,0,0,0,0,0,0,0,0,0,0,0,0,0,0,0,0,0,1,1,1,0,0,0,,0,0,0,0,0,0,0,0,0,0,0,0,0,0,0,0,,,,,,36-40,36-45,Interstate,U,Tuesday,Belt Used,PV,Not Fatal,0,0,0,0,State Route,State Patrol,Washington State Patrol,0,1,0,0,0,,,,,,0,0,0,,,,,,,,,,,98,98,98,0,,,,,20,,,,,,,,,1,0,,,,,,
2017,275,E697697,5,07/25/2017,15:17,25,7,0,11,Clark,2370,1,0,1,1,2,1,0,5,4,,,,12,0,7,3.5,1,0,1,1,2,1,1,0,0,0,0,I-205,,-122.5720417,45.65851111,0,1,47,10,2,60,80,0,0,1,2,12,1,1,3,3,6,1,1,41,0,72,706,1993,0,0,12,12,,,,,1,1,60,1,7,1,4,7,5,0,11,0,07/25/2017,15:17,2.37053E+11,33515,0,0,0,3,1,35,0,0,0,96,,,,,,99,,,,,,97303,41,67,200,6,1,0,0,0,1,0,0,,,,,,4,05/15/2016,05/15/2016,20,8,0,0,0,9,8,,,0,0,0,8,9,2,401,417,0,1,1,0,2,1,0,,,,,,,,,,,,,,,,,,,,,,,,,,,,,,0,0,0,0,0,0,1,1,0,0,0,0,1,0,0,0,0,0,0,0,0,0,0,1,1,1,0,0,1,1,0,0,0,0,1,0,0,0,0,0,0,0,1,1,0,1,0,0,0,0,1,0,,,,,,56-60,56-65,Interstate,U,Tuesday,,MC,White,0,0,0,0,State Route,State Patrol,Washington State Patrol Headquarter,0,1,0,0,0,,,,,,,,,,,,,,,,,,,,,,,,,,,,,,,,,,,,,,,,,,,
2017,427,E728730,59,10/22/2017,20:46,22,10,0,33,King,109,2,0,3,2,2,1,0,1,1,,,,33,0,0,9999.9,1,0,1,3,2,4,5,0,0,0,0,148TH AVE NE,,-122.1431333,47.61938056,0,1,1,11,2,35,5,0,0,1,2,42,1,1,4,1,1,1,1,53,0,41,51,2010,0,0,63,33,42,,,,1,1,19,1,1,98,4,7,20,0,11,0,10/22/2017,21:10,10953045898,45898,0,0,0,0,1,0,0,0,0,96,,,,,,9,,,,,,97303,41,68,140,0,0,0,0,0,0,1,0,,,,,,4,05/15/2017,05/15/2017,20,2,9,0,0,9,8,,,0,0,0,8,1,2,605,0,0,1,0,0,2,1,0.18,,,,,,,,,,,,,,,,,,,,,,,,,,,,,,0,0,1,0,1,1,1,1,1,0,0,0,1,1,0,0,0,0,0,1,0,1,1,0,1,0,0,0,0,1,0,0,0,1,0,,1,0,0,0,0,1,1,1,0,1,0,1,0,0,0,1,,,,,,18-20,16-25,City street,U,Sunday,Not Used,PV,Hispanic,0,1,0,0,City Street,Municipal/City Police,Bellevue Police Department,1,0,0,1,0,thc,39,carboxy-thc,42,,,,,,,,,,,,,,,,,,,,,,,,,,,,,,,,,,,,,,,
2020,390,EA40851,14,06/13/2020,19:30,13,6,,11,Clark,0,2,,1,2,2,1,1,1,1,19:30,19:37,,30,0,0,1.2,1,0,1,6,1,2,4,0,0,0,0,CR-NE 139TH ST,,-122.5878111,45.72234167,0,1,1,13,2,40,15,0,0,1,2,8,1,1,2,1,1,1,1,41,0,20,422,2006,0,,63,30,8,38,42,,1,1,25,8,0,,1,0,3,0,11,0,,,,,0,0,0,3,1,0,,,,98,,,,,,98,,,,,,97303,41,73,170,6,1,0,0,0,1,,97,,,,,,0,03/15/2017,03/15/2017,1,0,0,0,8,9,8,,,0,,,8,8,2,1,,,1,,,2,1,0,,,,,,,,,,,,,,,,,,,,,,,,,,,,,,0,0,1,0,0,0,0,0,0,0,0,0,0,0,0,0,1,0,0,0,0,0,0,1,1,0,0,0,0,1,0,1,0,0,0,,0,0,0,0,0,0,0,0,1,0,0,0,0,0,0,0,,,,,,21-25,16-25,County road,R,Saturday,Belt Used,PV,Not Fatal,0,1,0,0,County Road,County Sheriff,Clark County Sheriff's Office,1,0,1,0,0,,,,,,0,0,0,,,,,,,,,,,98,98,98,0,,,,,20,7,,,,,,,,1,0,,,NE 139TH ST,1.18,,