year,case,par,repjur,crash_dt,crash_tm,accday,accmon,holiday,county,co_char,city,weather,weather2,lightcond,surfcond,surftype,numfatal,nmforms,pforms,vforms,not_tm,arr_tm,hosp_tm,fhevent,hitrun,manncol,milepnt,reljunc,reljuncinter,intersectiontype,funcsystem,landuse,ownership,route,schlbus,spejur,contdev,devfunc,trafid1,trafid2,x,y,wk_zone,vnumber,crashtype,criticalevent,criticaleventcat,spdlim,body,trailer,emerg,hazcargo,leave,mhevent,roadalgn,roadprof,traflane,trafflow,vehmanvr,numoccs,regowner,regstate,spuse,make,model,modelyr,vrf1,vrf2,seqevent1,seqevent2,seqevent3,seqevent4,seqevent5,seqevent6,pnumber,ptype,age,sex,hispanic,race,injury,diedscene,restraint,restraintmisuse,seatpos,takehosp,death_dt,death_tm,cert,cernum_wa,commlic,licendor,licrestrict,liccomp,drivpres,drf1,drf2,drf3,drf4,distract1,distract2,distract3,distract4,distract5,distract6,dricond1,dricond2,dricond3,dricond4,dricond5,dricond6,dzip,licstate,drhgt_in,weight,noncdl,noncdltype,prevdwi,prevoth,prevacc,prevspd,prevsus,driviol1,driviol2,driviol3,driviol4,driviol5,driviol6,spdrel,first_dt,last_dt,airbag,ejection,ejectpath,extricat,injurwrk,methalc,methdrug,nmlocat,strikveh,prf1,prf2,prf3,druginv,alcinvol,drugsts,drugres1,drugres2,drugres3,drugtst1,drugtst2,drugtst3,alcsts,alctst,alcres,nmact1,nmact2,nmact3,nmact4,nmact5,nmact6,nmprior1,nmprior2,nmprior3,nmprior4,nmprior5,nmprior6,nmcond1,nmcond2,nmcond3,nmcond4,nmcond5,nmcond6,nmsafe_helmet,nmsafe_pads,nmsafe_oth,nmprev_ref,nmprev_lgt,nmprev_oth,crashlocation,nmcrashtype,crosswalk,schoolzone,sidewalk,train_inv,wildlife_inv,rotr_fars,intersect_fars,dd_inv,aid_inv,dpd_inv,id_inv,mj_inv,impnm_inv,ainm_inv,dpnm_inv,speed_inv,unlic_inv,unendmc_inv,drowsy_inv,drdist_inv,nmdist_inv,fty_inv,unrestfat_inv,dr1617_inv,dr1820_inv,dr1620_inv,dr2125_inv,dr1625_inv,dr65_inv,dr70_inv,dr75_inv,mc_inv,pv_inv,ht_inv,ped_inv,bike_inv,unrest_fat,mc_fat,unhelmet_mc,pv_fat,ht_fat,ped_fat,bike_fat,dr_alc7,dr_alc8,dr_drug,dr_imp,dr_dist,dr_spd,dr_fty,dr_unlic,dr_alc7only,dr_alc8only,dr_drugonly,dr_drink,nm_imp,nm_alc7,nm_alc8,nm_drug,nm_dist,agegrp1,agegrp2,roadclass,urbrur,dayweek,restuse,vehtype,race_me,intersect,lanedep,oppdir,wrongway,rep_typ,investag,repag_long,rotr,st_rd,cty_rd,city_rd,oth_rd,drug_thc,thc_res,drug_cthc,cthc_res,drug_cann,prevpersemin,prevperse,prevsusoth,drugtst4,drugtst5,drugtst6,drugtst7,drugtst8,drugres4,drugres5,drugres6,drugres7,drugres8,adspresent,adsengaged,adslevel,race1,race2,race3,race4,race5,helmet,helmetmisuse,nmdistract1,nmdistract2,nmdistract3,nmdistract4,nmdistract5,nmdistract6,lab,isedtcase,crf1,crf2,crf3,CoRoadName,CoMP,IntCoRoadName,IntCoMP
2019,458,E998216,4,12/27/2019,5:40,27,12,,63,Spokane,0,4,0,2,10,2,1,0,1,1,,,,24,0,0,266.2,1,0,1,1,1,1,1,0,0,0,0,I-90,,-117.6277167,47.54700556,0,1,7,6,1,70,34,1,0,1,2,1,1,2,2,3,1,1,2,53,0,12,481,1999,0,0,70,64,24,24,1,,1,1,57,1,7,,4,7,20,7,11,0,12/27/2019,5:40,53057094,57094,3,0,0,3,1,0,0,0,0,96,,,,,,0,,,,,,97321,41,69,180,6,1,0,1,0,0,,0,,,,,,4,07/15/2017,07/15/2017,20,1,9,0,0,1,8,,,0,0,0,8,0,2,1,,,1,,,2,1,0,,,,,,,,,,,,,,,,,,,,,,,,,,,,,,0,0,0,0,0,0,0,0,0,0,0,0,1,0,0,0,0,0,0,1,0,0,0,0,0,0,0,0,0,1,0,0,0,1,0,,1,0,0,0,0,0,0,0,0,1,0,0,0,0,0,0,,,,,,56-60,56-65,Interstate,R,Friday,Not Used,PV,White,0,1,0,0,State Route,State Patrol,Washington State Patrol,1,1,0,0,0,,,,,,0,0,0,,,,,,,,,,,0,0,0,1,,,,,20,7,,,,,,,,,,,,,,,
2017,543,3756384,263,12/07/2017,15:10,7,12,0,33,King,1960,1,0,1,1,1,1,1,1,1,,,,8,0,0,0,3,0,3,4,2,4,6,0,0,3,3,E MARGINAL WAY S,S ATLANTIC ST,-122.3363306,47.59268056,0,1,13,80,5,98,66,1,0,1,5,8,1,1,2,1,10,1,3,41,0,87,884,2006,0,0,8,,,,,,1,1,56,1,0,0,0,0,3,0,11,0,,,,,6,3,0,3,1,0,0,0,0,1,,,,,,0,,,,,,97322,41,71,200,6,1,0,2,0,2,2,0,,,,,,0,04/15/2013,09/15/2016,20,0,0,0,8,9,2,,,0,0,0,0,0,0,0,0,0,0,0,0,0,0,996,,,,,,,,,,,,,,,,,,,,,,,,,,,,,,0,0,0,1,0,0,0,0,0,0,0,0,0,0,0,0,1,1,0,0,0,0,0,0,0,0,0,0,0,0,1,1,0,0,0,,0,0,0,0,0,0,0,0,1,0,0,0,0,0,0,0,,,,,,56-60,56-65,City street,U,Thursday,,MHTRUCK,Not Fatal,1,0,0,0,City Street,Municipal/City Police,Seattle Police Department,0,0,0,1,0,,,,,,,,,,,,,,,,,,,,,,,,,,,,,,,,,,,,,,,,,,,
2018,238,E822709,2,07/01/2018,16:06,1,7,0,61,Snohomish,0,1,0,1,1,2,1,0,7,5,16:03,16:07,16:35,12,0,2,208.2,1,0,1,1,1,1,1,0,0,0,0,I-5,,-122.1965389,48.18052222,0,2,51,54,3,70,4,0,0,1,2,12,1,1,3,3,1,3,2,41,0,49,32,1997,0,0,12,,,,,,1,1,30,2,0,0,1,0,3,0,11,5,,,,,0,0,0,3,1,0,0,0,0,96,,,,,,0,,,,,,97322,41,66,270,6,1,0,0,0,0,,0,,,,,,0,,,1,0,0,0,8,9,8,,,0,0,0,8,0,8,95,,,96,,,8,95,995,,,,,,,,,,,,,,,,,,,,,,,,,,,,,,0,0,0,0,1,1,1,1,1,0,0,0,0,1,0,0,0,0,0,0,1,0,1,0,1,0,0,0,0,1,0,0,0,0,0,,0,0,0,0,0,0,0,0,0,0,0,0,0,0,0,0,,,,,,26-30,26-35,Interstate,R,Sunday,Belt Used,PV,Not Fatal,0,0,0,1,State Route,State Patrol,Washington State Patrol,0,1,0,0,0,,,,,,0,0,0,,,,,,,,,,,,,,,,,,,,,,,,,,,,,,,,,,,
2021,48,EB10945,5,02/23/2021,3:08,23,2,,11,Clark,0,10,,2,1,2,1,1,5,4,,,,8,0,0,9.1,1,0,1,1,2,1,1,0,0,0,0,I-5,,-122.6611306,45.74499167,0,3,98,80,5,60,66,1,0,1,2,8,1,1,4,3,1,1,3,18,0,82,881,2020,0,,8,,,,,,1,1,31,2,0,,0,0,3,0,11,0,,,,,6,1,3,3,1,0,,,,96,,,,,,98,,,,,,97322,41,61,215,6,1,0,2,1,0,,0,,,,,,0,06/15/2018,05/15/2019,20,0,0,0,8,9,8,,,0,,,0,8,0,0,,,0,,,0,0,996,,,,,,,,,,,,,,,,,,,,,,,,,,,,,,0,0,0,0,0,0,0,0,0,1,0,1,0,0,0,0,0,0,0,0,0,0,0,0,0,0,0,0,0,1,1,1,0,0,0,,0,0,0,0,0,0,0,0,0,0,0,0,0,0,0,0,,,,,,31-35,26-35,Interstate,U,Tuesday,,MHTRUCK,Not Fatal,0,0,0,0,State Route,State Patrol,Washington State Patrol,0,1,0,0,0,,,,,,0,0,0,,,,,,,,,,,98,98,98,0,,,,,20,,,,,,,,,1,0,,,,,,
2017,22,E635015,1,01/19/2017,7:30,19,1,0,77,Yakima,0,1,0,1,3,1,1,0,3,3,7:30,7:44,8:28,12,0,6,197.8,2,0,2,3,2,1,2,0,0,3,3,US-12,W POWERHOUSE,-120.5942306,46.63881389,0,1,89,17,2,45,34,0,0,1,2,12,1,1,2,1,1,1,1,53,0,20,481,2003,0,0,12,,,,,,1,1,25,1,7,1,4,0,3,0,11,4,01/19/2017,8:32,2.59053E+11,3522,0,0,0,3,1,39,0,0,0,96,,,,,,0,,,,,,97360,41,68,250,6,1,0,0,0,0,0,0,,,,,,0,,,8,0,0,0,0,9,8,,,0,0,0,8,0,2,1,0,0,1,0,0,2,1,0,,,,,,,,,,,,,,,,,,,,,,,,,,,,,,0,0,0,1,0,0,0,0,0,0,0,0,0,0,0,0,0,0,0,0,0,0,0,1,1,0,0,0,0,1,1,0,0,0,0,,0,0,0,0,0,0,0,0,0,0,0,0,0,0,0,0,,,,,,21-25,16-25,US highway,U,Thursday,Belt Used,PV,White,1,0,0,0,State Route,State Patrol,Washington State Patrol,0,1,0,0,0,,,,,,,,,,,,,,,,,,,,,,,,,,,,,,,,,,,,,,,,,,,
2017,420,E721288,4,10/08/2017,23:00,8,10,7,75,Whitman,0,1,0,2,1,2,1,1,3,1,,,,8,0,0,30.7,1,0,1,5,1,1,3,0,0,0,0,SR-27,,-117.1540111,47.05610833,0,1,13,80,5,55,34,0,0,1,5,8,2,2,2,1,14,3,1,41,0,7,482,2003,0,0,8,,,,,,1,1,53,1,0,0,0,0,3,0,11,0,,,,,0,0,0,3,1,0,0,0,0,0,,,,,,0,,,,,,97360,41,68,250,6,1,0,0,0,0,0,0,,,,,,0,,,20,0,0,0,8,9,8,,,0,0,0,8,0,0,0,0,0,0,0,0,0,0,996,,,,,,,,,,,,,,,,,,,,,,,,,,,,,,0,0,0,0,0,0,0,0,0,0,0,0,0,0,0,0,0,0,0,0,0,0,0,0,0,0,0,0,0,0,0,1,0,0,0,,0,0,0,0,0,0,0,0,0,0,0,0,0,0,0,0,,,,,,51-55,46-55,State route,R,Sunday,Belt Used,PV,Not Fatal,0,0,0,0,State Route,State Patrol,Washington State Patrol Headquarter,0,1,0,0,0,,,,,,,,,,,,,,,,,,,,,,,,,,,,,,,,,,,,,,,,,,,
2021,467,EB89332,18,10/06/2021,18:39,6,10,,19,Ferry,0,1,,1,1,2,1,0,1,1,,,,1,0,0,,1,0,1,5,1,2,4,0,3,0,0,CR-BRIDGE CREEK RD,,-118.243325,48.28715833,0,1,1,13,2,98,66,1,0,1,2,1,1,1,2,1,1,1,1,41,0,82,881,1999,0,,63,1,,,,,1,1,61,1,7,,4,7,20,7,11,0,10/06/2021,18:39,53050639,50639,6,3,0,3,1,0,,,,96,,,,,,98,,,,,,97374,41,74,240,6,1,0,0,0,1,,0,,,,,,4,01/15/2021,01/15/2021,20,2,9,0,1,9,8,,,0,,,8,8,2,1,,,1,,,2,1,0,,,,,,,,,,,,,,,,,,,,,,,,,,,,,,0,0,1,0,0,0,0,0,0,0,0,0,1,0,0,0,0,0,0,0,0,0,0,0,0,0,0,0,0,0,1,0,0,0,0,,0,1,0,0,0,0,0,0,0,1,0,0,0,0,0,0,,,,,,61-65,56-65,County road,R,Wednesday,,MHTRUCK,White,0,1,0,0,County Road,County Sheriff,Ferry County Sheriff's Office,1,0,1,0,0,,,,,,0,0,0,,,,,,,,,,,0,0,0,1,,,,,20,,,,,,,,,1,0,,,BRIDGE CR RD,23,NULL,
2021,209,EB45224,5,07/04/2021,3:11,4,7,,15,Cowlitz,0,10,,2,1,2,1,0,5,3,,,,12,0,2,33.7,1,0,1,1,1,1,1,0,0,0,0,I-5,,-122.8666611,46.06105556,0,1,50,54,3,70,14,0,0,1,2,12,4,1,3,3,14,1,9,99,0,20,404,2006,0,,12,,,,,,1,1,25,1,7,,4,7,20,7,11,0,07/04/2021,3:11,53031708,31708,0,0,0,0,1,8,51,,,96,,,,,,98,,,,,,97380,41,71,180,0,0,0,7,1,1,,0,,,,,,0,10/15/2017,04/15/2020,8,0,0,0,0,9,8,,,0,,,8,8,2,695,605,,1,1,,2,1,0.123,,,,,,,,,,,,,,,,,,,,,,,,,,,,,,0,0,0,0,1,1,1,1,1,0,0,0,0,1,0,0,0,0,0,1,0,0,0,1,1,0,0,0,0,1,0,0,0,1,0,,1,0,0,0,0,1,1,1,0,0,0,1,0,0,0,1,,,,,,21-25,16-25,Interstate,R,Sunday,Not Used,PV,AIAN,0,0,0,1,State Route,State Patrol,Washington State Patrol,0,1,0,0,0,thc,3.9,carboxy-thc,8.1,,0,0,11,,,,,,,,,,,98,98,98,3,,,,,20,,,,,,,,nms,1,0,,,,,,
2021,497,EB77979,8,10/14/2021,3:04,14,10,,31,Jefferson,1720,10,,2,1,2,1,0,1,1,,,,42,0,0,298.6,1,0,1,3,1,1,2,0,0,0,0,US-101,,-122.9193194,47.77423056,0,1,7,13,2,55,14,0,0,1,2,42,3,1,2,1,14,1,2,41,0,12,402,2003,0,,63,69,68,64,42,,1,1,39,1,7,,4,0,20,7,11,0,10/21/2021,8:21,1.96053E+11,55422,0,0,0,3,1,0,,,,96,,,,,,9,,,,,,97383,41,68,185,6,1,0,0,0,0,,0,,,,,,0,10/15/2019,10/15/2019,1,0,0,0,0,9,8,,,0,,,8,1,8,95,,,96,,,2,1,997,,,,,,,,,,,,,,,,,,,,,,,,,,,,,,0,0,0,0,1,0,0,0,0,0,0,0,0,0,0,0,0,0,0,1,0,0,0,0,0,0,0,0,0,1,0,0,0,1,0,,1,0,0,0,0,0,0,0,0,0,0,0,0,0,0,1,,,,,,36-40,36-45,US highway,R,Thursday,Not Used,PV,White,0,1,0,0,State Route,State Patrol,Washington State Patrol,1,1,0,0,0,,,,,,0,0,1,,,,,,,,,,,98,98,98,1,,,,,20,,,,,,,,,1,0,,,,,,
2021,139,EB31730,42,05/19/2021,16:20,19,5,,67,Thurston,0,10,,1,1,2,1,1,1,1,,,,9,0,0,,1,0,1,4,1,2,4,0,0,0,0,CR-93RD AVE SE,,-122.8960194,46.95275556,0,1,13,83,5,50,66,1,0,1,5,9,1,1,2,1,1,1,3,53,0,82,881,1999,0,,9,,,,,,1,1,42,1,0,,0,0,3,0,11,0,,,,,0,0,0,2,1,0,,,,96,,,,,,98,,,,,,97386,41,82,200,6,1,0,3,3,1,,0,,,,,,0,01/15/2017,04/15/2020,20,0,0,0,8,9,8,,,0,,,8,8,0,0,,,0,,,0,0,996,,,,,,,,,,,,,,,,,,,,,,,,,,,,,,0,0,0,0,0,0,0,0,0,1,1,1,0,0,0,0,0,0,0,0,0,0,0,0,0,0,0,0,0,0,1,0,1,0,0,,0,0,0,0,0,0,0,0,0,0,0,0,0,0,0,0,,,,,,41-45,36-45,County road,R,Wednesday,,MHTRUCK,Not Fatal,0,0,0,0,County Road,County Sheriff,Thurston County Sheriff's Office,0,0,1,0,0,,,,,,0,0,2,,,,,,,,,,,0,0,0,0,,,,,20,,,,,,,,,1,0,,,93RD AVE SE,14.572,NULL,
2019,27,E887107,8,01/18/2019,10:10,18,1,,49,Pacific,0,2,0,1,2,1,1,0,2,2,,,,12,0,1,62,1,0,1,3,1,1,2,0,0,0,0,US-101,,-123.7440111,46.727825,0,1,25,53,3,55,66,2,0,1,5,12,2,2,2,1,14,1,3,53,0,87,881,2000,0,0,12,,,,,,1,1,62,1,0,,0,0,3,0,11,0,,,,,6,1,0,3,1,0,0,0,0,96,,,,,,0,,,,,,97391,41,73,280,6,1,0,0,0,0,,0,,,,,,0,,,20,0,0,0,8,9,8,,,0,0,0,8,0,2,1,,,1,,,2,1,0,,,,,,,,,,,,,,,,,,,,,,,,,,,,,,0,0,0,0,0,0,0,0,0,0,0,0,0,0,0,0,0,0,0,0,0,0,0,0,0,0,0,0,0,1,1,0,0,0,0,,0,0,0,0,0,0,0,0,0,0,0,0,0,0,0,0,,,,,,61-65,56-65,US highway,R,Friday,,MHTRUCK,Not Fatal,0,1,1,0,State Route,State Patrol,WASHINGTON STATE PATROL,0,1,0,0,0,,,,,,0,0,0,,,,,,,,,,,98,98,98,0,,,,,20,7,,,,,,,,,,,,,,,
2017,12,E631317,7,01/11/2017,2:05,11,1,0,33,King,1960,1,0,3,1,1,1,0,4,2,2:07,2:28,2:53,12,0,2,161.5,1,0,1,1,2,1,1,0,0,0,0,I-5,,-122.3091917,47.54683611,0,1,50,54,3,60,15,0,0,1,2,12,1,1,5,3,1,1,2,53,0,12,422,1998,0,0,12,,,,,,1,1,46,2,7,1,4,7,3,0,11,0,01/11/2017,2:05,1.96053E+11,2599,0,0,0,2,1,51,0,0,0,96,,,,,,9,,,,,,97401,41,63,120,1,1,0,0,0,0,2,0,,,,,,0,03/15/2012,03/15/2012,1,0,0,0,0,9,8,,,0,0,0,8,1,2,1,0,0,1,0,0,2,1,0.21,,,,,,,,,,,,,,,,,,,,,,,,,,,,,,0,0,0,0,1,1,0,1,0,0,0,0,0,1,0,0,0,0,0,0,0,0,0,0,0,0,0,0,0,1,1,0,0,0,0,,1,0,0,0,0,1,0,1,0,0,0,1,0,1,0,1,,,,,,46-50,46-55,Interstate,U,Wednesday,Belt Used,PV,White,0,0,0,1,State Route,State Patrol,Washington State Patrol,0,1,0,0,0,,,,,,,,,,,,,,,,,,,,,,,,,,,,,,,,,,,,,,,,,,,
2017,458,E728291,28,10/21/2017,9:33,21,10,0,39,Klickitat,0,1,0,1,2,2,1,0,1,1,,,,42,0,0,2,1,0,1,6,1,2,4,0,0,0,0,CR-WOODLAND LP,,-120.7295167,45.86418056,0,1,1,13,2,40,34,0,0,1,2,42,2,2,2,1,14,1,2,53,0,12,481,1995,0,0,68,63,42,,,,1,1,37,1,7,3,4,0,3,0,11,5,11/13/2017,9:45,1.65041E+11,,0,0,0,0,1,0,0,0,0,92,,,,,,99,,,,,,97408,41,70,220,0,0,0,0,0,0,2,0,,,,,,4,02/15/2016,03/15/2017,20,0,0,1,0,9,8,,,0,0,0,8,9,0,0,0,0,0,0,0,0,0,996,,,,,,,,,,,,,,,,,,,,,,,,,,,,,,0,0,1,0,0,0,0,0,0,0,0,0,1,1,0,0,1,0,0,0,0,0,0,0,0,0,0,0,0,0,0,0,0,0,0,,0,0,0,0,0,0,0,0,1,1,0,1,0,0,0,0,,,,,,36-40,36-45,County road,R,Saturday,Belt Used,PV,AIAN,0,1,0,0,County Road,County Sheriff,Klickitat County Sheriff's Office,1,0,1,0,0,,,,,,,,,,,,,,,,,,,,,,,,,,,,,,,,,,,,,,,,,,,
2018,162,E809587,5,06/07/2018,12:24,7,6,0,11,Clark,2370,10,0,1,1,2,1,0,3,3,12:22,12:27,,12,0,1,0.3,20,1,1,1,2,1,1,0,0,0,0,I-205 RAMP S502801,,-122.5586472,45.61871944,0,3,98,87,6,98,5,0,0,1,7,12,3,2,1,6,5,1,1,41,0,49,46,2015,0,0,12,,,,,,1,1,61,2,0,0,3,0,3,0,11,4,,,,,0,0,0,3,1,0,0,0,0,12,,,,,,0,,,,,,97431,41,66,148,6,1,0,0,0,0,,0,,,,,,0,,,20,0,0,0,8,9,8,,,0,0,0,8,0,8,95,,,96,,,8,95,995,,,,,,,,,,,,,,,,,,,,,,,,,,,,,,0,0,0,0,0,0,1,1,0,0,0,0,0,0,0,0,1,0,0,0,0,0,0,0,0,0,0,0,0,1,0,0,0,0,0,,0,0,0,0,0,0,0,0,1,0,0,0,0,0,0,0,,,,,,61-65,56-65,Interstate,U,Thursday,Belt Used,PV,Not Fatal,0,0,0,0,State Route,State Patrol,WASHINGTON STATE PATROL,0,1,0,0,0,,,,,,0,0,0,,,,,,,,,,,,,,,,,,,,,,,,,,,,,,,,,,,
2017,512,E746851,3,12/09/2017,1:48,9,12,0,53,Pierce,0,1,0,2,1,2,1,0,2,2,1:49,2:16,2:55,12,0,2,5.1,1,0,1,3,2,1,3,0,0,0,0,SR-512,,-122.3751972,47.15833611,0,1,50,54,3,98,14,0,0,1,2,12,1,1,2,3,1,1,1,41,0,63,401,2006,0,0,12,,,,,,1,1,29,2,7,1,4,7,3,0,11,0,12/09/2017,3:17,1.12453E+11,54524,0,0,0,3,1,51,0,0,0,96,,,,,,9,,,,,,97470,41,69,160,6,1,0,0,0,0,0,0,,,,,,0,,,1,0,0,0,0,1,8,,,0,0,0,8,1,2,1,0,0,1,0,0,2,1,0.21,,,,,,,,,,,,,,,,,,,,,,,,,,,,,,0,0,0,0,1,1,0,1,0,0,0,0,0,0,0,0,0,0,0,0,0,0,0,1,1,0,0,0,0,1,0,0,0,0,0,,1,0,0,0,0,1,0,1,0,0,0,0,0,1,0,1,,,,,,26-30,26-35,State route,U,Saturday,Belt Used,PV,White,0,0,0,1,State Route,State Patrol,Washington State Patrol Headquarter,0,1,0,0,0,,,,,,,,,,,,,,,,,,,,,,,,,,,,,,,,,,,,,,,,,,,
2021,219,EB47300,4,06/25/2021,13:28,25,6,,1,Adams,0,1,,1,1,2,1,0,3,3,,,,12,0,1,24.9,3,0,2,2,1,1,3,0,0,0,0,SR-17,SUTTON RD,-119.1329639,46.87005556,0,3,98,62,4,60,66,1,0,1,2,12,1,1,2,1,1,1,3,55,0,82,881,2019,0,,12,,,,,,1,1,58,1,0,,0,0,3,0,11,0,,,,,6,3,0,3,1,0,,,,96,,,,,,98,,,,,,97478,41,70,160,6,1,0,1,0,0,,0,,,,,,0,01/15/2019,01/15/2019,20,0,0,0,8,9,8,,,0,,,8,8,0,0,,,0,,,0,0,996,,,,,,,,,,,,,,,,,,,,,,,,,,,,,,0,0,0,1,0,0,1,1,0,0,0,0,1,1,0,0,0,0,0,1,0,0,0,1,1,0,0,0,0,1,1,0,0,0,0,,0,0,0,0,0,0,0,0,0,0,0,0,0,0,0,0,,,,,,56-60,56-65,State route,R,Friday,,MHTRUCK,Not Fatal,1,0,0,0,State Route,State Patrol,Washington State Patrol,0,1,0,0,0,,,,,,0,0,0,,,,,,,,,,,98,98,98,0,,,,,20,,,,,,,,,1,0,,,,,,
2018,177,E808702,1,06/14/2018,9:15,14,6,0,13,Columbia,0,1,0,1,1,2,2,0,5,3,9:16,9:26,9:55,12,0,2,357.3,1,0,1,3,1,1,2,0,0,0,0,US-12,,-118.1018583,46.28805278,0,2,51,10,2,60,4,0,0,1,2,12,3,1,2,1,14,1,1,41,0,20,2,2004,0,0,68,12,,,,,1,1,69,2,7,1,4,7,3,0,11,0,06/14/2018,9:15,53026818,26818,0,0,0,3,1,28,0,0,0,96,,,,,,99,,,,,,97487,41,69,180,6,1,0,0,0,0,,0,,,,,,0,,,1,0,0,0,0,9,8,,,0,0,0,8,9,2,996,,,1,,,2,1,0,,,,,,,,,,,,,,,,,,,,,,,,,,,,,,0,0,0,0,1,0,1,1,1,0,0,0,0,0,0,0,0,0,0,0,0,0,0,0,0,1,0,0,1,1,0,0,0,0,0,,1,0,0,0,0,0,1,1,0,0,0,0,0,0,1,0,,,,,,66-70,66-75,US highway,R,Thursday,Belt Used,PV,White,0,1,1,0,State Route,State Patrol,Washington State Patrol,0,1,0,0,0,,,,,,0,0,0,,,,,,,,,,,,,,,,,,,,,,,,,,,,,,,,,,,
2017,328,E705434,3,08/27/2017,3:49,27,8,0,67,Thurston,0,1,0,2,1,2,1,0,10,7,,,,12,0,1,93.8,1,0,1,1,1,1,1,0,0,0,0,I-5,,-122.9669722,46.87550833,0,2,21,53,3,60,66,1,0,1,5,12,1,1,3,3,5,1,3,41,0,82,881,2015,0,0,12,,,,,,1,1,59,1,0,0,0,0,3,0,11,0,,,,,6,3,3,3,1,0,0,0,0,0,,,,,,0,,,,,,97501,41,71,185,6,1,0,0,0,0,0,0,,,,,,0,,,20,0,0,0,8,9,2,,,0,0,0,0,0,0,0,0,0,0,0,0,0,0,996,,,,,,,,,,,,,,,,,,,,,,,,,,,,,,0,0,0,0,0,0,0,0,0,0,0,0,0,1,0,0,1,0,0,0,0,0,0,0,0,1,0,0,0,1,1,0,0,0,0,,0,0,0,0,0,0,0,0,0,0,0,0,0,0,0,0,,,,,,56-60,56-65,Interstate,R,Sunday,,MHTRUCK,Not Fatal,0,0,0,0,State Route,State Patrol,Washington State Patrol Headquarter,0,1,0,0,0,,,,,,,,,,,,,,,,,,,,,,,,,,,,,,,,,,,,,,,,,,,
2020,206,EA43966,1,06/25/2020,23:10,25,6,,39,Klickitat,0,1,,2,1,2,1,0,1,1,,,,24,0,0,75.4,1,0,1,3,1,1,3,0,0,0,0,SR-14,,-121.2957444,45.69926667,0,1,1,13,2,60,34,0,0,1,2,24,3,1,2,1,14,1,1,41,0,12,481,1999,0,,63,24,69,63,24,69,1,1,76,1,7,,4,7,20,7,11,0,06/25/2020,23:10,53029712,29712,0,0,0,3,1,58,,,,0,,,,,,2,,,,,,97624,41,71,185,6,1,0,0,0,1,,0,,,,,,0,10/15/2017,10/15/2017,20,0,0,0,0,9,8,,,0,,,8,8,8,95,,,96,,,2,95,997,,,,,,,,,,,,,,,,,,,,,,,,,,,,,,0,0,1,0,0,0,0,0,0,0,0,0,0,0,0,1,0,0,0,1,0,0,0,0,0,1,1,1,0,1,0,0,0,1,0,,1,0,0,0,0,0,0,0,0,0,0,0,0,0,0,0,,,,,,76-80,76+,State route,R,Thursday,Not Used,PV,White,0,1,0,0,State Route,State Patrol,Washington State Patrol,1,1,0,0,0,,,,,,0,0,0,,,,,,,,,,,0,0,0,1,,,,,20,7,,,,,,,,1,0,,,,,,
2017,250,E690033,8,07/05/2017,16:43,5,7,0,27,Grays Harbor,0,1,0,1,1,2,1,0,3,3,,,,12,0,6,16.4,2,0,2,3,2,1,2,0,0,20,3,US-12,FOURTH ST,-123.4816333,46.99955556,0,1,87,17,2,35,1,0,0,1,2,12,1,1,3,1,1,1,2,41,0,14,398,1991,0,0,12,68,12,,,,1,1,93,1,7,1,4,0,3,0,11,8,07/06/2017,17:20,1.96053E+11,30528,6,0,3,3,1,39,0,0,0,96,,,,,,0,,,,,,97739,41,71,165,6,1,0,0,0,0,0,46,,,,,,0,,,20,0,0,0,0,9,8,,,0,0,0,8,0,2,1,0,0,1,0,0,2,1,0,,,,,,,,,,,,,,,,,,,,,,,,,,,,,,0,0,0,1,0,0,0,0,0,0,0,0,0,0,0,0,0,0,0,0,0,0,0,0,0,1,1,1,0,1,0,0,0,0,0,,1,0,0,0,0,0,0,0,0,0,0,0,0,0,0,0,,,,,,81+,76+,US highway,U,Wednesday,Belt Used,PV,White,1,0,0,0,State Route,State Patrol,Washington State Patrol Headquarter,0,1,0,0,0,,,,,,,,,,,,,,,,,,,,,,,,,,,,,,,,,,,,,,,,,,,
2020,298,EA57921,1,08/20/2020,8:52,20,8,,39,Klickitat,0,1,,1,1,2,1,0,1,1,8:51,8:56,,1,0,0,14.5,1,0,1,3,1,1,2,0,0,0,0,US-97,,-120.7930306,45.84741944,0,1,2,13,2,60,61,0,0,1,2,1,3,2,2,1,14,1,2,6,0,12,881,1999,0,,63,1,,,,,1,1,26,1,7,,4,7,20,7,11,0,08/20/2020,8:52,53039031,39031,0,0,0,3,1,0,,,,92,,,,,,98,,,,,,97739,41,77,270,6,1,0,0,0,0,,0,,,,,,0,,,1,1,9,0,0,9,8,,,0,,,8,8,2,1,,,1,,,2,1,0,,,,,,,,,,,,,,,,,,,,,,,,,,,,,,0,0,0,0,0,0,0,0,0,0,0,0,0,0,0,0,1,0,0,0,0,0,0,0,0,0,0,0,0,0,1,0,0,0,0,,0,1,0,0,0,0,0,0,1,0,0,0,0,0,0,0,,,,,,26-30,26-35,US highway,R,Thursday,,MHTRUCK,White,0,1,0,0,State Route,State Patrol,Washington State Patrol,1,1,0,0,0,,,,,,0,0,0,,,,,,,,,,,0,0,0,1,,,,,20,7,,,,,,,,1,0,,,,,,