year,case,par,repjur,crash_dt,crash_tm,accday,accmon,holiday,county,co_char,city,weather,weather2,lightcond,surfcond,surftype,numfatal,nmforms,pforms,vforms,not_tm,arr_tm,hosp_tm,fhevent,hitrun,manncol,milepnt,reljunc,reljuncinter,intersectiontype,funcsystem,landuse,ownership,route,schlbus,spejur,contdev,devfunc,trafid1,trafid2,x,y,wk_zone,vnumber,crashtype,criticalevent,criticaleventcat,spdlim,body,trailer,emerg,hazcargo,leave,mhevent,roadalgn,roadprof,traflane,trafflow,vehmanvr,numoccs,regowner,regstate,spuse,make,model,modelyr,vrf1,vrf2,seqevent1,seqevent2,seqevent3,seqevent4,seqevent5,seqevent6,pnumber,ptype,age,sex,hispanic,race,injury,diedscene,restraint,restraintmisuse,seatpos,takehosp,death_dt,death_tm,cert,cernum_wa,commlic,licendor,licrestrict,liccomp,drivpres,drf1,drf2,drf3,drf4,distract1,distract2,distract3,distract4,distract5,distract6,dricond1,dricond2,dricond3,dricond4,dricond5,dricond6,dzip,licstate,drhgt_in,weight,noncdl,noncdltype,prevdwi,prevoth,prevacc,prevspd,prevsus,driviol1,driviol2,driviol3,driviol4,driviol5,driviol6,spdrel,first_dt,last_dt,airbag,ejection,ejectpath,extricat,injurwrk,methalc,methdrug,nmlocat,strikveh,prf1,prf2,prf3,druginv,alcinvol,drugsts,drugres1,drugres2,drugres3,drugtst1,drugtst2,drugtst3,alcsts,alctst,alcres,nmact1,nmact2,nmact3,nmact4,nmact5,nmact6,nmprior1,nmprior2,nmprior3,nmprior4,nmprior5,nmprior6,nmcond1,nmcond2,nmcond3,nmcond4,nmcond5,nmcond6,nmsafe_helmet,nmsafe_pads,nmsafe_oth,nmprev_ref,nmprev_lgt,nmprev_oth,crashlocation,nmcrashtype,crosswalk,schoolzone,sidewalk,train_inv,wildlife_inv,rotr_fars,intersect_fars,dd_inv,aid_inv,dpd_inv,id_inv,mj_inv,impnm_inv,ainm_inv,dpnm_inv,speed_inv,unlic_inv,unendmc_inv,drowsy_inv,drdist_inv,nmdist_inv,fty_inv,unrestfat_inv,dr1617_inv,dr1820_inv,dr1620_inv,dr2125_inv,dr1625_inv,dr65_inv,dr70_inv,dr75_inv,mc_inv,pv_inv,ht_inv,ped_inv,bike_inv,unrest_fat,mc_fat,unhelmet_mc,pv_fat,ht_fat,ped_fat,bike_fat,dr_alc7,dr_alc8,dr_drug,dr_imp,dr_dist,dr_spd,dr_fty,dr_unlic,dr_alc7only,dr_alc8only,dr_drugonly,dr_drink,nm_imp,nm_alc7,nm_alc8,nm_drug,nm_dist,agegrp1,agegrp2,roadclass,urbrur,dayweek,restuse,vehtype,race_me,intersect,lanedep,oppdir,wrongway,rep_typ,investag,repag_long,rotr,st_rd,cty_rd,city_rd,oth_rd,drug_thc,thc_res,drug_cthc,cthc_res,drug_cann,prevpersemin,prevperse,prevsusoth,drugtst4,drugtst5,drugtst6,drugtst7,drugtst8,drugres4,drugres5,drugres6,drugres7,drugres8,adspresent,adsengaged,adslevel,race1,race2,race3,race4,race5,helmet,helmetmisuse,nmdistract1,nmdistract2,nmdistract3,nmdistract4,nmdistract5,nmdistract6,lab,isedtcase,crf1,crf2,crf3,CoRoadName,CoMP,IntCoRoadName,IntCoMP
2020,236,EA48550,38,07/18/2020,12:55,18,7,,59,Skamania,0,1,,1,1,2,1,0,1,1,,,,24,0,0,9999.8,1,0,1,5,1,64,8,0,0,0,0,USFS 90 RD,,-122.2309167,46.05845278,0,1,2,13,2,25,80,0,0,1,2,24,3,2,2,1,14,1,1,41,0,53,705,2004,0,,63,24,,,,,1,1,30,1,7,,4,7,20,7,11,0,07/18/2020,12:55,53035843,35843,0,0,0,3,1,0,,,,96,,,,,,98,,,,,,97756,41,69,165,6,1,0,0,0,0,,0,,,,,,3,04/15/2015,12/15/2016,20,8,0,0,0,9,8,,,0,,,8,8,2,695,605,,1,1,,2,1,0,,,,,,,,,,,,,,,,,,,,,,,,,,,,,,0,0,0,0,0,0,1,1,1,0,0,0,1,0,0,0,0,0,0,0,0,0,0,0,0,0,0,0,1,0,0,0,0,0,1,0,0,0,0,0,0,0,1,1,0,1,0,0,0,0,1,0,,,,,,26-30,26-35,Other,R,Saturday,,MC,White,0,1,0,0,Other,County Sheriff,Skamania County Sheriff's Office,1,0,0,0,1,thc,13,carboxy-thc,33,,0,0,2,,,,,,,,,,,0,0,0,1,,,,,5,0,,,,,,,nms,1,0,,,,,,
2021,451,EB86625,1,11/01/2021,17:55,1,11,,5,Benton,0,2,,5,2,1,1,0,1,1,,,,1,0,0,128.4,1,0,1,1,1,1,1,0,0,0,0,I-82,,-119.3193528,45.98312778,0,1,7,11,2,70,4,0,0,1,2,1,4,2,2,2,14,1,3,41,0,20,2,2008,0,,63,69,64,1,,,1,1,35,2,7,,4,7,20,7,11,0,11/01/2021,17:55,1.02053E+11,57387,0,0,0,0,1,58,,,,96,,,,,,9,,,,,,97756,41,67,140,0,0,0,6,0,0,,0,,,,,,0,09/15/2020,10/15/2021,8,1,9,0,0,9,8,,,0,,,1,1,2,605,401,417,1,1,1,2,1,0.179,,,,,,,,,,,,,,,,,,,,,,,,,,,,,,0,0,0,0,1,1,1,1,1,0,0,0,0,1,0,0,0,0,0,1,0,0,0,0,0,0,0,0,0,1,0,0,0,1,0,,1,0,0,0,0,1,1,1,0,0,0,1,0,0,0,1,,,,,,31-35,26-35,Interstate,R,Monday,Not Used,PV,White,0,1,0,0,State Route,State Patrol,Washington State Patrol,1,1,0,0,0,thc,2,,,,0,0,1,,,,,,,,,,,98,98,98,1,,,,,20,,,,,,,,nms,1,0,,,,,,
2021,330,3889826,344,08/20/2021,20:27,20,8,,77,Yakima,0,1,,2,1,2,2,0,2,1,,,,1,0,0,57.7,1,0,1,3,1,1,2,0,3,0,0,US-97,,-120.3206333,46.32196944,0,1,2,13,2,60,4,0,0,1,2,1,3,1,2,1,14,2,2,41,0,20,22,2006,0,,63,1,,,,,1,1,73,1,7,,4,0,3,0,11,0,08/21/2021,3:37,2.59053E+11,40650,0,0,0,0,1,58,,,,96,,,,,,9,,,,,,97761,41,69,160,0,0,0,0,0,0,,0,,,,,,0,06/15/2019,06/15/2020,20,0,0,0,0,9,8,,,0,,,8,1,2,695,605,,1,1,,2,1,0.231,,,,,,,,,,,,,,,,,,,,,,,,,,,,,,0,0,0,0,1,1,1,1,1,0,0,0,0,1,0,0,0,0,0,1,0,0,0,0,0,1,1,0,0,1,0,0,0,0,0,,1,0,0,0,0,1,1,1,0,0,0,1,0,0,0,1,,,,,,71-75,66-75,US highway,R,Friday,Belt Used,PV,AIAN,0,1,0,0,State Route,Other Law Enforcement,Yakama Tribal Police Department,1,1,0,0,0,thc,13,carboxy-thc,31,,0,1,5,,,,,,,,,,,98,98,98,3,,,,,20,,,,,,,,nms,1,0,,,,,,
2020,519,EA74442,4,09/02/2020,6:57,2,9,,1,Adams,0,1,,4,1,2,1,0,2,2,,,,12,0,6,46.8,2,0,2,3,1,1,3,0,0,20,3,SR-26,BOOKER RD,-119.0482028,46.79954167,0,1,89,17,2,55,34,0,0,1,2,12,1,1,2,1,1,1,1,41,0,49,472,2015,0,,12,,,,,,1,1,20,1,7,,4,0,3,0,11,4,09/04/2020,19:40,2.11053E+11,41477,0,0,0,3,1,38,,,,96,,,,,,98,,,,,,97827,41,73,150,6,1,0,0,0,0,,0,,,,,,0,,,8,0,0,0,0,9,8,,,0,,,8,8,2,522,996,,1,1,,2,1,0,,,,,,,,,,,,,,,,,,,,,,,,,,,,,,0,0,0,1,0,0,1,1,0,0,0,0,0,0,0,0,0,0,1,0,0,1,1,0,1,0,0,0,0,1,0,0,0,0,0,,1,0,0,0,0,0,1,1,0,0,1,0,0,0,1,0,,,,,,18-20,16-25,State route,R,Wednesday,Belt Used,PV,White,1,0,0,0,State Route,State Patrol,Washington State Patrol,0,1,0,0,0,,,,,,0,0,0,,,,,,,,,,,98,98,98,1,,,,,20,7,,,,,,,,1,0,,,,,,
2017,326,E704907,1,08/25/2017,0:55,25,8,0,5,Benton,0,1,0,2,1,1,1,0,1,1,,,,1,0,0,123.8,1,0,1,1,1,1,1,0,0,0,0,I-82,,-119.232875,46.01157778,0,1,2,12,2,70,34,0,0,1,2,1,1,1,2,3,1,1,1,41,0,12,481,2003,0,0,64,69,63,1,41,38,1,1,45,1,7,1,4,7,3,0,11,0,08/25/2017,0:55,53037167,37167,0,0,0,3,1,58,0,0,0,96,,,,,,9,,,,,,97838,41,72,190,6,1,0,0,0,1,0,0,,,,,,0,10/15/2014,10/15/2014,20,0,0,0,0,1,8,,,0,0,0,8,1,2,189,0,0,1,0,0,2,1,0.16,,,,,,,,,,,,,,,,,,,,,,,,,,,,,,0,0,0,0,1,1,1,1,0,0,0,0,0,0,0,0,0,0,0,0,0,0,0,0,0,0,0,0,0,0,0,0,0,0,0,,0,0,0,0,0,1,1,1,0,0,0,0,0,0,0,1,,,,,,41-45,36-45,Interstate,R,Friday,Belt Used,PV,White,0,1,0,0,State Route,State Patrol,Washington State Patrol Headquarter,1,1,0,0,0,,,,,,,,,,,,,,,,,,,,,,,,,,,,,,,,,,,,,,,,,,,
2018,381,E853014,5,10/23/2018,9:45,23,10,0,11,Clark,0,10,0,1,1,1,1,0,1,1,,,,1,0,0,0.3,1,0,1,1,2,1,1,0,0,0,0,I-205,,-122.6560056,45.72683056,0,1,6,6,1,60,14,0,0,1,2,1,1,1,2,3,1,1,5,53,0,52,402,2005,0,0,64,1,42,,,,1,1,21,2,7,1,4,7,20,0,11,0,10/23/2018,9:45,53050684,50684,0,0,0,0,1,37,0,0,0,96,,,,,,99,,,,,,97838,41,,999,0,0,99,99,99,99,,0,,,,,,4,,,8,1,9,0,0,9,8,,,0,0,0,8,9,2,996,401,417,1,1,1,2,1,0,,,,,,,,,,,,,,,,,,,,,,,,,,,,,,0,0,1,0,0,0,1,1,1,0,0,0,1,1,0,0,0,0,0,1,0,0,0,1,1,0,0,0,0,1,0,0,0,1,0,,1,0,0,0,0,0,1,1,0,1,0,1,0,0,1,0,,,,,,21-25,16-25,Interstate,U,Tuesday,Not Used,PV,White,0,1,0,0,State Route,State Patrol,Washington State Patrol Headquarter,1,1,0,0,0,thc,0.96,,,,99,99,99,1,,,,,605,,,,,,,,,,,,,,,,,,,,,,,,,,,,,
2020,362,EA64910,11,08/20/2020,5:28,20,8,,5,Benton,0,1,,4,0,0,1,0,2,2,5:20,5:52,6:38,12,0,6,5.5,8,0,1,5,1,2,4,0,0,20,3,CR-S PLYMOUTH RD,,-119.3542306,46.00878611,0,1,82,15,2,0,34,0,0,1,2,12,0,0,0,0,11,1,2,53,0,20,481,2003,0,,12,,,,,,1,1,32,1,1,,4,7,20,7,11,0,08/20/2020,5:28,53038477,38477,0,0,0,0,1,38,,,,96,,,,,,98,,,,,,97838,41,71,175,0,0,0,0,0,3,,0,,,,,,0,07/15/2018,01/15/2020,1,1,9,0,0,9,8,,,0,,,8,8,2,1,,,1,,,2,1,0,,,,,,,,,,,,,,,,,,,,,,,,,,,,,,0,0,0,0,0,0,0,0,0,0,0,0,0,1,0,0,0,0,1,1,0,0,0,1,1,0,0,0,0,1,1,0,0,1,0,,1,0,0,0,0,0,0,0,0,0,1,1,0,0,0,0,,,,,,31-35,26-35,County road,R,Thursday,Not Used,PV,Hispanic,0,0,0,0,County Road,County Sheriff,Benton County Sheriff's Office,0,0,1,0,0,,,,,,0,0,3,,,,,,,,,,,98,98,98,1,,,,,20,7,,,,,,,,1,0,,,PLYMOUTH RD,5.52,,
2018,292,E830626,1,08/13/2018,7:14,13,8,0,71,Walla Walla,0,1,0,1,1,2,1,0,6,4,7:13,7:23,7:38,12,0,6,1.6,2,0,2,3,1,1,3,0,0,3,3,SR-125,OLD MILTON HWY,-118.3890222,46.02388889,0,2,98,62,4,40,4,0,0,1,7,12,1,2,6,1,1,1,2,41,0,30,46,2003,0,0,12,,,,,,1,1,27,2,0,0,2,0,3,0,11,4,,,,,0,0,0,3,1,0,0,0,0,96,,,,,,0,,,,,,97862,41,64,190,6,1,0,0,0,0,,0,,,,,,0,,,8,0,0,0,8,9,8,,,0,0,0,8,0,8,95,,,96,,,8,95,995,,,,,,,,,,,,,,,,,,,,,,,,,,,,,,0,0,0,1,0,0,1,1,1,0,0,0,0,0,0,0,1,0,1,1,0,0,0,1,1,0,0,0,0,1,0,0,0,0,0,,0,0,0,0,0,0,0,0,0,0,0,0,0,0,0,0,,,,,,26-30,26-35,State route,R,Monday,Belt Used,PV,Not Fatal,1,0,0,0,State Route,State Patrol,Washington State Patrol,0,1,0,0,0,,,,,,0,0,0,,,,,,,,,,,,,,,,,,,,,,,,,,,,,,,,,,,
2020,482,EA88450,4,12/10/2020,17:58,10,12,,63,Spokane,0,1,,3,1,2,1,0,2,2,18:05,18:09,,12,0,6,268.7,8,0,1,3,2,1,2,0,0,0,0,US-2,,-117.6141556,47.64294444,0,2,83,72,4,55,65,0,0,1,5,12,1,1,5,5,1,1,1,41,0,98,850,1990,0,,12,,,,,,1,1,35,1,0,,0,0,2,0,11,0,,,,,0,0,0,3,1,0,,,,96,,,,,,98,,,,,,97862,41,70,140,6,1,0,0,0,0,,0,,,,,,0,,,20,0,0,0,8,3,2,,,0,,,8,8,8,95,,,96,,,8,95,995,,,,,,,,,,,,,,,,,,,,,,,,,,,,,,0,0,0,0,0,0,1,1,1,0,0,0,0,0,0,0,0,0,1,0,0,0,0,0,0,0,0,0,0,1,0,0,0,0,0,,0,0,0,0,0,0,0,0,0,0,0,0,0,0,0,0,,,,,,31-35,26-35,US highway,U,Thursday,,MHOME,Not Fatal,0,0,0,0,State Route,State Patrol,Washington State Patrol,0,1,0,0,0,,,,,,0,0,0,,,,,,,,,,,0,0,0,0,,,,,20,7,,,,,,,,1,0,,,,,,
2021,133,EB29885,1,05/09/2021,16:10,9,5,,21,Franklin,1660,1,,1,1,1,2,0,3,2,,,,12,0,6,31.9,2,0,2,2,2,1,2,0,0,0,0,US-395,FOSTER WELLS RD,-119.0938028,46.28516667,0,2,86,66,4,60,66,1,0,1,2,12,1,1,3,2,1,1,3,41,0,98,804,2016,0,,12,,,,,,1,1,40,1,0,,0,0,3,0,11,0,,,,,0,0,0,1,1,0,,,,96,,,,,,98,,,,,,97862,41,68,198,3,1,0,0,0,0,,0,,,,,,0,,,20,0,0,0,8,9,8,,,0,,,8,8,0,0,,,0,,,0,0,996,,,,,,,,,,,,,,,,,,,,,,,,,,,,,,0,0,0,1,0,0,1,1,0,0,0,0,0,1,0,0,0,0,1,1,0,0,0,0,0,0,0,0,0,1,1,0,0,0,0,,0,0,0,0,0,0,0,0,0,0,0,1,0,0,0,0,,,,,,36-40,36-45,US highway,U,Sunday,,MHTRUCK,Not Fatal,1,0,0,0,State Route,State Patrol,Washington State Patrol,0,1,0,0,0,,,,,,0,0,0,,,,,,,,,,,98,98,98,0,,,,,20,,,,,,,,,1,20,,,,,,
2019,268,E946931,1,08/01/2019,18:53,1,8,,5,Benton,0,1,0,1,1,2,1,0,2,2,,,,12,0,2,180.2,1,0,1,4,1,1,3,0,0,0,0,SR-14,,-119.3449639,45.94404167,0,1,51,62,4,55,80,0,0,1,2,12,1,1,2,1,1,1,1,41,0,72,706,2004,0,0,12,,,,,,1,1,55,1,7,,4,7,20,7,11,0,08/01/2019,18:53,53034210,34210,0,0,3,3,1,0,0,0,0,96,,,,,,9,,,,,,97875,41,70,150,6,1,0,0,0,0,,0,,,,,,0,,,20,8,0,0,0,9,8,,,0,0,0,1,9,2,605,695,189,1,1,1,2,1,0,,,,,,,,,,,,,,,,,,,,,,,,,,,,,,0,0,0,0,0,0,1,1,1,0,0,0,0,0,0,0,1,0,0,0,0,0,0,0,0,0,0,0,1,1,0,0,0,0,1,0,0,0,0,0,0,0,1,1,0,0,0,0,0,0,1,0,,,,,,51-55,46-55,State route,R,Thursday,,MC,White,0,0,0,1,State Route,State Patrol,Washington State Patrol,0,1,0,0,0,thc,5.7,carboxy-thc,8,,0,0,0,,,,,,,,,,,0,0,0,1,,,,,5,0,,,,,,,wa nm,,,,,,,,
2021,204,EB44679,1,07/01/2021,5:00,1,7,,5,Benton,0,10,,9,1,2,2,0,2,1,,,,24,0,0,121.2,1,0,1,1,1,1,1,0,0,0,0,I-82,,-119.2245417,46.04681111,0,1,1,12,2,70,14,0,0,1,2,24,1,1,2,2,1,2,1,41,0,14,401,2004,0,,64,69,63,24,1,,1,1,63,2,1,,4,7,3,0,11,0,07/01/2021,5:00,53032371,32371,0,0,0,3,1,58,,,,96,,,,,,9,,,,,,97882,41,61,175,6,1,0,0,1,0,,0,,,,,,0,07/15/2020,07/15/2020,20,0,0,0,0,1,8,,,0,,,8,1,2,1,,,1,,,2,1,0.071,,,,,,,,,,,,,,,,,,,,,,,,,,,,,,0,0,1,0,1,0,0,0,0,0,0,0,0,0,0,0,0,0,0,0,0,0,0,0,0,0,0,0,0,1,0,0,0,0,0,,1,0,0,0,1,0,0,0,0,0,0,0,1,0,0,1,,,,,,61-65,56-65,Interstate,R,Thursday,Belt Used,PV,Hispanic,0,1,0,0,State Route,State Patrol,Washington State Patrol,1,1,0,0,0,,,,,,0,0,0,,,,,,,,,,,98,98,98,1,,,,,20,,,,,,,,,1,0,,,,,,
2017,127,E666917,1,04/24/2017,7:50,24,4,0,3,Asotin,0,2,0,1,2,2,1,0,3,2,,,,12,0,6,21.9,1,0,1,4,1,1,3,0,0,0,0,SR-129,,-117.0774417,46.18891389,0,2,73,60,4,55,34,0,0,1,2,1,1,1,2,1,6,1,1,41,0,7,482,2005,0,0,12,64,69,1,12,,1,1,26,1,0,0,2,0,3,0,11,0,,,,,0,0,0,3,1,58,0,0,0,96,,,,,,0,,,,,,97885,41,74,210,6,1,0,1,0,0,1,0,,,,,,0,07/15/2012,10/15/2013,20,0,0,0,8,9,8,,,0,0,0,8,0,0,0,0,0,0,0,0,0,0,996,,,,,,,,,,,,,,,,,,,,,,,,,,,,,,0,0,0,0,0,0,0,0,0,0,0,0,0,0,0,0,1,0,1,0,0,0,0,0,0,0,0,0,0,0,0,0,0,0,0,,0,0,0,0,0,0,0,0,0,0,0,0,0,0,0,0,,,,,,26-30,26-35,State route,R,Monday,Belt Used,PV,Not Fatal,0,0,0,0,State Route,State Patrol,Washington State Patrol Headquarter,0,1,0,0,0,,,,,,,,,,,,,,,,,,,,,,,,,,,,,,,,,,,,,,,,,,,
2018,292,E830626,1,08/13/2018,7:14,13,8,0,71,Walla Walla,0,1,0,1,1,2,1,0,6,4,7:13,7:23,7:38,12,0,6,1.6,2,0,2,3,1,1,3,0,0,3,3,SR-125,OLD MILTON HWY,-118.3890222,46.02388889,0,3,98,62,4,55,4,0,0,1,5,12,1,2,6,1,5,1,2,41,0,30,40,2013,0,0,12,,,,,,1,1,24,2,0,0,0,0,3,0,11,0,,,,,0,0,0,3,1,0,0,0,0,0,,,,,,0,,,,,,97886,41,61,109,6,1,0,0,0,2,,0,,,,,,0,04/15/2017,10/15/2017,20,0,0,0,8,9,8,,,0,0,0,8,0,8,95,,,96,,,8,95,995,,,,,,,,,,,,,,,,,,,,,,,,,,,,,,0,0,0,1,0,0,1,1,1,0,0,0,0,0,0,0,1,0,1,1,0,0,0,1,1,0,0,0,0,1,0,0,0,0,0,,0,0,0,0,0,0,0,0,0,0,0,0,0,0,0,0,,,,,,21-25,16-25,State route,R,Monday,Belt Used,PV,Not Fatal,1,0,0,0,State Route,State Patrol,Washington State Patrol,0,1,0,0,0,,,,,,0,0,0,,,,,,,,,,,,,,,,,,,,,,,,,,,,,,,,,,,
2021,575,0PM0709,199,07/09/2021,12:40,9,7,,53,Pierce,1350,98,,8,0,0,1,0,2,2,,,,12,0,6,2.1,8,0,1,3,1,32,3,0,0,0,0,SR-99,,-122.3362833,47.25754722,0,2,82,66,4,0,4,0,0,1,2,12,0,0,0,0,11,1,1,53,0,42,42,2009,0,,12,,,,,,1,1,68,1,7,,4,7,98,7,11,0,07/09/2021,13:08,1.35053E+11,33549,0,0,0,3,1,0,,,,96,,,,,,98,,,,,,98001,53,72,210,6,1,0,0,0,0,,0,,,,,,0,,,9,0,0,0,0,9,8,,,0,,,8,8,2,605,,,1,,,2,1,0,,,,,,,,,,,,,,,,,,,,,,,,,,,,,,0,0,0,0,1,0,1,1,1,0,0,0,1,0,0,0,0,0,0,0,0,0,0,1,1,1,0,0,0,1,0,0,0,0,0,,1,0,0,0,0,0,1,1,0,0,0,0,0,0,1,0,,,,,,66-70,66-75,State route,R,Friday,Unknown,PV,White,0,0,0,0,State Route,,,0,1,0,0,0,thc,1.5,,,,0,0,0,,,,,,,,,,,98,98,98,1,,,,,20,,,,,,,,nms,0,0,,,,,,
2017,97,E656985,7,03/17/2017,23:16,17,3,0,33,King,1958,2,0,2,2,2,1,0,10,3,,,,12,0,7,150.1,1,0,1,1,2,1,1,0,0,0,0,I-5,,-122.2916222,47.39523611,0,3,98,90,6,60,4,0,0,1,2,54,4,2,5,3,14,2,2,53,0,30,40,2000,0,0,54,1,,,,,1,1,18,2,0,0,1,0,99,0,11,4,,,,,0,0,0,3,1,0,0,0,0,92,,,,,,0,,,,,,98001,53,68,133,6,1,0,0,1,0,0,0,,,,,,0,11/15/2014,11/15/2014,20,0,0,0,8,9,8,,,0,0,0,8,0,0,0,0,0,0,0,0,0,0,996,,,,,,,,,,,,,,,,,,,,,,,,,,,,,,0,0,0,0,1,0,1,1,1,0,0,0,0,1,0,0,1,0,0,0,0,1,1,0,1,0,0,0,0,1,0,0,0,0,0,,0,0,0,0,0,0,0,0,1,0,0,0,0,0,0,0,,,,,,18-20,16-25,Interstate,U,Friday,Unknown,PV,Not Fatal,0,0,0,0,State Route,State Patrol,Washington State Patrol Headquarter,0,1,0,0,0,,,,,,,,,,,,,,,,,,,,,,,,,,,,,,,,,,,,,,,,,,,
2017,219,E687465,127,06/30/2017,17:01,30,6,0,33,King,735,1,0,1,1,2,1,1,1,1,,,,8,0,0,0,8,0,1,4,2,4,6,0,0,0,0,S 288TH ST,,-122.3019611,47.34340556,0,1,13,80,5,98,34,0,0,1,5,8,1,2,5,1,10,1,1,53,0,7,482,2014,0,0,8,,,,,,1,1,53,1,0,0,0,0,3,0,11,0,,,,,0,0,0,3,1,0,0,0,0,96,,,,,,0,,,,,,98001,53,74,230,6,1,0,0,0,0,0,0,,,,,,0,,,20,0,0,0,8,9,8,,,0,0,0,8,0,0,0,0,0,0,0,0,0,0,996,,,,,,,,,,,,,,,,,,,,,,,,,,,,,,0,0,0,0,0,0,0,0,0,1,1,0,0,0,0,0,0,0,0,0,0,0,0,0,0,0,0,0,0,0,0,1,0,0,0,,0,0,0,0,0,0,0,0,0,0,0,0,0,0,0,0,,,,,,51-55,46-55,City street,U,Friday,Belt Used,PV,Not Fatal,0,0,0,0,City Street,Municipal/City Police,Federal Way Dept of Public Safety,0,0,0,1,0,,,,,,,,,,,,,,,,,,,,,,,,,,,,,,,,,,,,,,,,,,,
2017,323,E704148,160,08/23/2017,6:48,23,8,0,33,King,1030,1,0,1,1,2,1,0,5,4,,,,12,0,7,11.3,3,0,2,3,2,1,3,0,0,3,3,SR-99,S 240 ST,-122.2964528,47.38647222,0,4,98,61,4,45,14,0,0,1,5,12,1,1,3,1,1,1,2,53,0,35,402,2001,0,0,12,,,,,,1,1,30,2,0,0,0,0,3,0,11,0,,,,,0,0,0,3,1,0,0,0,0,0,,,,,,0,,,,,,98001,53,62,160,6,1,0,0,0,0,0,0,,,,,,0,,,20,0,0,0,8,9,8,,,0,0,0,8,0,0,0,0,0,0,0,0,0,0,996,,,,,,,,,,,,,,,,,,,,,,,,,,,,,,0,0,0,1,0,0,0,0,0,0,0,0,0,0,0,0,0,0,0,0,0,0,0,0,0,0,0,0,1,1,0,0,0,0,0,,0,0,0,0,0,0,0,0,0,0,0,0,0,0,0,0,,,,,,26-30,26-35,State route,U,Wednesday,Belt Used,PV,Not Fatal,0,0,0,0,State Route,Municipal/City Police,Kent Police Department,0,1,0,0,0,,,,,,,,,,,,,,,,,,,,,,,,,,,,,,,,,,,,,,,,,,,
2018,6,E756221,127,01/06/2018,22:34,6,1,0,33,King,735,10,0,3,1,2,1,1,1,1,,,,8,0,0,7.9,1,0,1,3,2,1,3,0,0,0,0,SR-99,,-122.31225,47.33963056,0,1,13,80,5,98,14,0,0,1,7,8,1,1,7,1,1,1,1,53,0,59,402,2005,0,0,8,,,,,,1,1,20,1,0,0,0,0,3,0,11,0,,,,,0,0,0,3,1,0,0,0,0,96,,,,,,0,,,,,,98001,53,68,180,6,1,0,0,0,0,,0,,,,,,0,,,20,0,0,0,8,9,8,,,0,0,0,8,0,8,95,,,96,,,8,95,995,,,,,,,,,,,,,,,,,,,,,,,,,,,,,,0,0,0,0,0,0,0,0,0,1,1,0,0,0,0,0,0,0,0,0,0,1,1,0,1,0,0,0,0,1,0,1,0,0,0,,0,0,0,0,0,0,0,0,0,0,0,0,0,0,0,0,,,,,,18-20,16-25,State route,U,Saturday,Belt Used,PV,Not Fatal,0,0,0,0,State Route,Municipal/City Police,Federal Way Dept of Public Safety,0,1,0,0,0,,,,,,0,0,0,,,,,,,,,,,,,,,,,,,,,,,,,,,,,,,,,,,
2018,247,E818105,55,07/12/2018,21:21,12,7,0,33,King,100,1,0,5,1,2,1,0,2,2,,,,12,0,2,0,4,0,1,3,2,4,6,0,0,0,0,A ST SE,,-122.2289111,47.28015556,0,2,69,62,4,40,80,0,0,1,7,12,1,1,5,5,1,1,1,53,0,77,706,2006,0,0,12,,,,,,1,1,57,1,7,1,4,7,19,0,11,0,07/12/2018,21:21,10053033561,33561,0,0,3,3,1,0,0,0,0,96,,,,,,0,,,,,,98001,53,68,160,6,1,0,0,0,0,,0,,,,,,0,,,20,8,0,0,0,9,8,,,0,0,0,8,9,2,1,,,1,,,2,1,0,,,,,,,,,,,,,,,,,,,,,,,,,,,,,,0,0,0,0,0,0,1,1,1,0,0,0,0,1,0,0,0,0,1,0,0,0,0,0,0,0,0,0,1,1,0,0,0,0,1,0,0,0,0,0,0,0,0,0,0,0,0,0,0,0,0,0,,,,,,56-60,56-65,City street,U,Thursday,,MC,White,0,0,0,0,City Street,Municipal/City Police,Auburn Police Department,0,0,0,1,0,,,,,,0,0,0,,,,,,,,,,,,,,,,,,,,,,,,,,,,,,,,,,,
2018,362,E848117,112,10/11/2018,5:10,11,10,0,53,Pierce,586,1,0,3,1,2,1,0,2,2,5:13,5:19,,1,0,0,33.4,2,0,2,3,2,1,3,0,0,0,0,SR-161,JOVITA BLVD,-122.2938389,47.25094167,0,2,98,61,4,35,14,0,0,1,5,12,1,1,4,1,11,1,1,53,0,55,402,2016,0,0,12,,,,,,1,1,40,2,0,0,0,0,3,0,11,0,,,,,0,0,0,3,1,0,0,0,0,96,,,,,,0,,,,,,98001,53,73,140,6,1,0,0,0,0,,0,,,,,,0,,,20,0,0,0,8,9,8,,,0,0,0,8,0,8,95,,,96,,,8,95,995,,,,,,,,,,,,,,,,,,,,,,,,,,,,,,0,0,0,1,0,0,0,0,0,0,0,0,1,0,0,0,0,0,0,0,0,0,0,0,0,0,0,0,1,1,0,0,0,0,0,,0,0,0,0,0,0,0,0,0,0,0,0,0,0,0,0,,,,,,36-40,36-45,State route,U,Thursday,Belt Used,PV,Not Fatal,1,0,0,0,State Route,Municipal/City Police,Edgewood Police Department,0,1,0,0,0,,,,,,0,0,0,,,,,,,,,,,,,,,,,,,,,,,,,,,,,,,,,,,