year,case,par,repjur,crash_dt,crash_tm,accday,accmon,holiday,county,co_char,city,weather,weather2,lightcond,surfcond,surftype,numfatal,nmforms,pforms,vforms,not_tm,arr_tm,hosp_tm,fhevent,hitrun,manncol,milepnt,reljunc,reljuncinter,intersectiontype,funcsystem,landuse,ownership,route,schlbus,spejur,contdev,devfunc,trafid1,trafid2,x,y,wk_zone,vnumber,crashtype,criticalevent,criticaleventcat,spdlim,body,trailer,emerg,hazcargo,leave,mhevent,roadalgn,roadprof,traflane,trafflow,vehmanvr,numoccs,regowner,regstate,spuse,make,model,modelyr,vrf1,vrf2,seqevent1,seqevent2,seqevent3,seqevent4,seqevent5,seqevent6,pnumber,ptype,age,sex,hispanic,race,injury,diedscene,restraint,restraintmisuse,seatpos,takehosp,death_dt,death_tm,cert,cernum_wa,commlic,licendor,licrestrict,liccomp,drivpres,drf1,drf2,drf3,drf4,distract1,distract2,distract3,distract4,distract5,distract6,dricond1,dricond2,dricond3,dricond4,dricond5,dricond6,dzip,licstate,drhgt_in,weight,noncdl,noncdltype,prevdwi,prevoth,prevacc,prevspd,prevsus,driviol1,driviol2,driviol3,driviol4,driviol5,driviol6,spdrel,first_dt,last_dt,airbag,ejection,ejectpath,extricat,injurwrk,methalc,methdrug,nmlocat,strikveh,prf1,prf2,prf3,druginv,alcinvol,drugsts,drugres1,drugres2,drugres3,drugtst1,drugtst2,drugtst3,alcsts,alctst,alcres,nmact1,nmact2,nmact3,nmact4,nmact5,nmact6,nmprior1,nmprior2,nmprior3,nmprior4,nmprior5,nmprior6,nmcond1,nmcond2,nmcond3,nmcond4,nmcond5,nmcond6,nmsafe_helmet,nmsafe_pads,nmsafe_oth,nmprev_ref,nmprev_lgt,nmprev_oth,crashlocation,nmcrashtype,crosswalk,schoolzone,sidewalk,train_inv,wildlife_inv,rotr_fars,intersect_fars,dd_inv,aid_inv,dpd_inv,id_inv,mj_inv,impnm_inv,ainm_inv,dpnm_inv,speed_inv,unlic_inv,unendmc_inv,drowsy_inv,drdist_inv,nmdist_inv,fty_inv,unrestfat_inv,dr1617_inv,dr1820_inv,dr1620_inv,dr2125_inv,dr1625_inv,dr65_inv,dr70_inv,dr75_inv,mc_inv,pv_inv,ht_inv,ped_inv,bike_inv,unrest_fat,mc_fat,unhelmet_mc,pv_fat,ht_fat,ped_fat,bike_fat,dr_alc7,dr_alc8,dr_drug,dr_imp,dr_dist,dr_spd,dr_fty,dr_unlic,dr_alc7only,dr_alc8only,dr_drugonly,dr_drink,nm_imp,nm_alc7,nm_alc8,nm_drug,nm_dist,agegrp1,agegrp2,roadclass,urbrur,dayweek,restuse,vehtype,race_me,intersect,lanedep,oppdir,wrongway,rep_typ,investag,repag_long,rotr,st_rd,cty_rd,city_rd,oth_rd,drug_thc,thc_res,drug_cthc,cthc_res,drug_cann,prevpersemin,prevperse,prevsusoth,drugtst4,drugtst5,drugtst6,drugtst7,drugtst8,drugres4,drugres5,drugres6,drugres7,drugres8,adspresent,adsengaged,adslevel,race1,race2,race3,race4,race5,helmet,helmetmisuse,nmdistract1,nmdistract2,nmdistract3,nmdistract4,nmdistract5,nmdistract6,lab,isedtcase,crf1,crf2,crf3,CoRoadName,CoMP,IntCoRoadName,IntCoMP
2018,390,E855368,7,10/12/2018,5:09,12,10,0,33,King,0,1,0,2,1,2,2,0,3,2,,,,12,0,2,21.6,1,0,1,3,1,1,3,0,0,0,0,SR-18,,-121.9634167,47.439625,0,2,51,62,4,55,4,0,0,1,2,12,1,2,3,1,1,2,2,53,0,37,31,2016,0,0,12,,,,,,1,1,59,2,7,4,4,7,3,0,11,0,10/12/2018,5:09,98053045561,45561,0,0,0,3,1,0,0,0,0,96,,,,,,0,,,,,,98001,53,60,115,6,1,0,0,0,0,,0,,,,,,0,,,8,0,0,0,0,9,8,,,0,0,0,8,0,2,1,,,1,,,2,1,0,,,,,,,,,,,,,,,,,,,,,,,,,,,,,,0,0,0,0,1,0,1,1,0,0,0,0,0,0,0,0,0,0,0,0,0,0,0,0,0,0,0,0,0,1,0,0,0,0,0,,1,0,0,0,0,0,0,0,0,0,0,0,0,0,0,0,,,,,,56-60,56-65,State route,R,Friday,Belt Used,PV,API,0,1,1,0,State Route,State Patrol,Washington State Patrol,0,1,0,0,0,,,,,,0,0,0,,,,,,,,,,,,,,,,,,,,,,,,,,,,,,,,,,,
2019,254,E945444,262,07/25/2019,13:01,25,7,,33,King,1958,1,0,1,1,2,1,0,10,2,,,,12,0,6,15.5,1,0,1,3,2,1,3,0,0,0,0,SR-99,,-122.2962722,47.44646111,0,1,98,10,2,40,4,0,0,1,7,12,1,1,2,1,1,1,2,53,0,34,34,2001,0,0,68,12,,,,,1,1,49,2,0,,3,0,3,0,11,4,,,,,0,0,0,3,1,28,0,0,0,6,,,,,,0,,,,,,98001,53,64,174,6,1,0,1,0,0,,97,,,,,,0,07/15/2015,07/15/2015,1,0,0,0,8,9,8,,,0,0,0,8,0,8,95,,,96,,,8,95,995,,,,,,,,,,,,,,,,,,,,,,,,,,,,,,0,0,0,0,0,0,0,0,0,0,0,0,0,0,0,0,1,0,0,0,0,0,0,0,0,0,0,0,0,1,0,0,0,0,0,,0,0,0,0,0,0,0,0,1,0,0,0,0,0,0,0,,,,,,46-50,46-55,State route,U,Thursday,Belt Used,PV,Not Fatal,0,1,1,0,State Route,Municipal/City Police,SeaTac Police Department,0,1,0,0,0,,,,,,0,0,0,,,,,,,,,,,98,98,98,0,,,,,20,7,,,,,,,,,,,,,,,
2019,267,E946872,3,08/03/2019,18:12,3,8,,53,Pierce,2230,1,0,1,1,2,1,0,4,3,,,,12,0,98,0.1,1,0,1,1,2,1,1,0,0,0,0,I-5,,-122.4269722,47.23494722,0,3,98,62,4,60,4,0,0,1,2,12,1,1,4,3,1,2,1,53,0,12,37,2017,0,0,12,,,,,,1,1,64,1,0,,0,0,3,0,11,0,,,,,0,0,0,3,1,0,0,0,0,96,,,,,,0,,,,,,98001,53,71,246,6,1,0,0,1,0,,0,,,,,,0,10/15/2018,10/15/2018,1,0,0,0,8,9,8,,,0,0,0,8,0,8,95,,,96,,,8,95,995,,,,,,,,,,,,,,,,,,,,,,,,,,,,,,0,0,0,0,1,1,0,1,0,0,0,0,0,0,0,0,0,0,0,0,0,0,0,1,1,0,0,0,1,1,0,0,0,0,0,,0,0,0,0,0,0,0,0,0,0,0,0,0,0,0,0,,,,,,61-65,56-65,Interstate,U,Saturday,Belt Used,PV,Not Fatal,0,0,0,0,State Route,State Patrol,Washington State Patrol,0,1,0,0,0,,,,,,0,0,0,,,,,,,,,,,98,98,98,0,,,,,20,7,,,,,,,,,,,,,,,
2019,333,E961830,2,09/18/2019,20:35,18,9,,61,Snohomish,170,1,0,3,1,2,1,0,2,2,,,,12,0,7,26.1,1,0,1,1,2,1,1,0,0,0,0,I-405,,-122.2032389,47.78912778,0,2,45,60,4,60,80,0,0,1,7,12,1,2,3,3,1,1,2,53,0,53,706,2007,0,0,12,64,24,,,,1,1,30,1,7,,4,7,20,7,11,0,09/18/2019,21:10,17053041401,41401,0,0,0,3,1,0,0,0,0,96,,,,,,99,,,,,,98001,53,73,200,6,1,0,3,0,0,,0,,,,,,4,11/15/2014,06/15/2016,20,8,0,0,0,9,8,,,0,0,0,8,9,2,605,,,1,,,2,1,0.022,,,,,,,,,,,,,,,,,,,,,,,,,,,,,,0,0,0,0,1,1,1,1,1,0,0,0,1,0,0,0,0,0,0,0,0,0,0,0,0,0,0,0,1,1,0,0,0,0,1,0,0,0,0,0,1,0,1,1,0,1,0,0,0,0,0,1,,,,,,26-30,26-35,Interstate,U,Wednesday,,MC,White,0,0,0,0,State Route,State Patrol,Washington State Patrol,0,1,0,0,0,thc,3,,,,0,0,4,,,,,,,,,,,0,0,0,1,,,,,19,0,,,,,,,,,,,,,,,
2019,384,E976496,25,10/22/2019,22:44,22,10,,33,King,0,1,0,2,1,1,1,0,3,2,,,,12,0,6,1.8,2,0,2,5,2,2,4,0,0,0,0,CR-MILITARY RD S,S 360TH ST,-122.2753306,47.27891944,0,2,88,66,4,45,14,0,0,1,7,12,8,2,2,1,1,1,1,53,0,37,402,2002,0,0,12,,,,,,1,1,54,2,0,,2,0,3,0,11,4,,,,,0,0,0,3,1,0,0,0,0,96,,,,,,0,,,,,,98001,53,67,160,6,1,0,0,2,2,,0,,,,,,0,11/15/2014,08/15/2018,1,0,0,0,8,9,8,,,0,0,0,8,0,8,95,,,96,,,8,95,995,,,,,,,,,,,,,,,,,,,,,,,,,,,,,,0,0,0,1,0,0,1,1,1,0,0,0,0,1,0,0,0,0,0,1,0,0,0,0,0,0,0,0,0,1,0,0,0,0,0,,0,0,0,0,0,0,0,0,0,0,0,0,0,0,0,0,,,,,,51-55,46-55,County road,U,Tuesday,Belt Used,PV,Not Fatal,1,0,0,0,County Road,County Sheriff,King County Police,0,0,1,0,0,,,,,,0,0,0,,,,,,,,,,,98,98,98,0,,,,,20,7,,,,,,,,,,,,,,,
2019,436,E991848,25,12/05/2019,17:46,5,12,,33,King,0,10,0,3,1,1,1,0,2,2,,,,12,0,6,1.2,2,0,4,5,2,2,4,0,0,0,0,CR-MILITARY RD S,42ND AVE S,-122.281975,47.272475,0,1,68,17,2,45,4,0,0,1,7,12,1,1,2,1,11,1,2,53,0,49,40,1997,0,0,12,,,,,,1,1,23,1,0,,0,0,3,0,11,0,,,,,6,0,0,3,1,10,38,0,0,96,,,,,,0,,,,,,98001,53,68,140,6,1,0,0,1,1,,97,,,,,,0,03/15/2015,08/15/2015,1,0,0,0,8,9,8,,,0,0,0,8,0,8,95,,,96,,,8,95,995,,,,,,,,,,,,,,,,,,,,,,,,,,,,,,0,0,0,1,0,0,1,1,1,0,0,0,0,0,1,0,0,0,1,0,0,0,0,1,1,0,0,0,1,1,0,0,0,0,0,,0,0,0,0,0,0,0,0,0,0,1,0,0,0,0,0,,,,,,21-25,16-25,County road,U,Thursday,Belt Used,PV,Not Fatal,1,0,0,0,County Road,County Sheriff,King County Police,0,0,1,0,0,,,,,,0,0,0,,,,,,,,,,,0,0,0,0,,,,,20,7,,,,,,,,,,,,,,,
2019,436,E991848,25,12/05/2019,17:46,5,12,,33,King,0,10,0,3,1,1,1,0,2,2,,,,12,0,6,1.2,2,0,4,5,2,2,4,0,0,0,0,CR-MILITARY RD S,42ND AVE S,-122.281975,47.272475,0,2,69,66,4,45,80,0,0,1,7,12,1,1,2,1,1,1,2,15,0,71,706,2011,0,0,12,,,,,,1,1,22,1,7,,4,7,20,7,11,0,12/05/2019,17:46,53053886,53886,0,0,0,2,1,0,0,0,0,96,,,,,,99,,,,,,98001,53,70,160,6,1,1,4,2,2,,0,,,,,,0,11/15/2017,04/15/2019,20,8,0,0,0,9,8,,,0,0,0,8,9,2,605,,,1,,,2,1,0,,,,,,,,,,,,,,,,,,,,,,,,,,,,,,0,0,0,1,0,0,1,1,1,0,0,0,0,0,1,0,0,0,1,0,0,0,0,1,1,0,0,0,1,1,0,0,0,0,1,0,0,0,0,0,0,0,1,1,0,0,0,0,0,0,1,0,,,,,,21-25,16-25,County road,U,Thursday,,MC,White,1,0,0,0,County Road,County Sheriff,King County Police,0,0,1,0,0,thc,1.8,,,,1,0,2,,,,,,,,,,,0,0,0,1,,,,,19,0,,,,,,,,,,,,,,,
2020,44,EA14683,55,02/10/2020,19:20,10,2,,33,King,100,10,,3,1,2,1,0,4,3,19:28,19:35,20:18,12,0,1,0,3,0,4,3,2,4,6,0,0,3,3,15TH ST NW,WA-167,-122.2436222,47.32238056,0,1,20,50,3,35,6,0,0,1,2,12,1,1,2,2,1,1,1,53,0,35,51,2017,0,,12,,,,,,1,1,39,1,7,,4,0,20,7,11,5,02/10/2020,21:55,1.96053E+11,7066,0,0,0,3,1,39,,,,96,,,,,,98,,,,,,98001,53,71,175,6,1,0,0,0,0,,0,,,,,,0,,,1,0,0,0,0,9,8,,,0,,,8,8,2,1,,,1,,,2,1,0.22,,,,,,,,,,,,,,,,,,,,,,,,,,,,,,0,0,0,1,1,1,0,1,0,0,0,0,0,0,0,0,0,0,0,1,0,1,1,0,1,0,0,0,0,1,0,0,0,1,0,,1,0,0,0,0,1,0,1,0,0,0,0,0,1,0,1,,,,,,36-40,36-45,City street,U,Monday,Not Used,PV,Multiracial,1,0,0,0,City Street,Municipal/City Police,Auburn Police Department,0,0,0,1,0,,,,,,0,0,0,,,,,,,,,,,98,98,98,201,203,,,,20,7,,,,,,,,1,0,,,,,,
2020,44,EA14683,55,02/10/2020,19:20,10,2,,33,King,100,10,,3,1,2,1,0,4,3,19:28,19:35,20:18,12,0,1,0,3,0,4,3,2,4,6,0,0,3,3,15TH ST NW,WA-167,-122.2436222,47.32238056,0,3,98,53,3,35,2,0,0,1,2,12,1,1,2,2,5,2,2,53,0,35,47,2011,0,,12,,,,,,1,1,18,1,0,,0,0,3,0,11,0,,,,,0,0,3,3,1,0,,,,96,,,,,,0,,,,,,98001,53,66,135,6,2,0,0,1,0,,0,,,,,,0,10/15/2019,10/15/2019,20,0,0,0,8,9,8,,,0,,,8,8,0,0,,,0,,,0,0,996,,,,,,,,,,,,,,,,,,,,,,,,,,,,,,0,0,0,1,1,1,0,1,0,0,0,0,0,0,0,0,0,0,0,1,0,1,1,0,1,0,0,0,0,1,0,0,0,0,0,,0,0,0,0,0,0,0,0,0,0,0,0,0,0,0,0,,,,,,18-20,16-25,City street,U,Monday,Belt Used,PV,Not Fatal,1,0,0,0,City Street,Municipal/City Police,Auburn Police Department,0,0,0,1,0,,,,,,0,0,0,,,,,,,,,,,98,98,98,0,,,,,20,7,,,,,,,,1,0,,,,,,
2020,316,EA60052,25,08/24/2020,11:11,24,8,,33,King,735,1,,1,1,2,1,0,2,2,11:24,11:35,11:52,12,0,2,9999.8,1,0,1,3,1,4,6,0,0,0,0,CR-PEASLEY CANYON RD S,,-122.2780417,47.31093056,0,1,50,10,2,40,6,0,0,1,5,12,2,2,2,1,6,1,1,53,0,48,38,2012,0,,68,12,,,,,1,1,60,2,0,,2,0,3,0,11,5,,,,,0,0,0,3,1,33,91,,,96,,,,,,9,,,,,,98001,53,67,160,6,1,0,0,0,0,,1,12,,,,,0,,,8,0,0,0,8,9,8,,,0,,,8,8,2,1,,,1,,,2,1,0.18,,,,,,,,,,,,,,,,,,,,,,,,,,,,,,0,0,0,0,1,1,1,1,1,0,0,0,0,0,0,0,0,0,0,0,0,0,0,0,0,0,0,0,1,1,0,0,0,0,0,,0,0,0,0,0,1,0,1,0,0,0,0,0,1,0,1,,,,,,56-60,56-65,City street,R,Monday,Belt Used,PV,Not Fatal,0,1,1,0,City Street,County Sheriff,King County Police,0,0,0,1,0,,,,,,0,0,0,,,,,,,,,,,98,98,98,0,,,,,20,7,,,,,,,,1,0,,,,,,
2020,384,EA69391,55,09/30/2020,20:28,30,9,,53,Pierce,100,1,,5,1,2,1,1,1,1,20:42,21:03,21:30,8,0,0,0,3,0,2,4,2,4,6,0,0,20,3,LAKELAND HILLS WAY SE,69TH ST SE,-122.2105639,47.24675556,0,1,13,80,5,30,4,0,0,1,5,8,1,1,3,1,1,1,1,53,0,49,40,2005,0,,8,,,,,,1,1,16,1,0,,0,0,3,0,11,0,,,,,0,0,2,3,1,38,39,73,,6,,,,,,98,,,,,,98001,53,67,180,6,2,0,0,0,0,,97,,,,,,0,,,20,0,0,0,8,3,8,,,0,,,8,8,0,0,,,0,,,0,0,996,,,,,,,,,,,,,,,,,,,,,,,,,,,,,,0,0,0,1,0,0,0,0,0,0,0,0,0,0,0,0,1,0,1,0,1,0,1,0,1,0,0,0,0,1,0,1,0,0,0,,0,0,0,0,0,0,0,0,1,0,1,0,0,0,0,0,,,,,,16-17,16-25,City street,U,Wednesday,Belt Used,PV,Not Fatal,1,0,0,0,City Street,Municipal/City Police,Auburn Police Department,0,0,0,1,0,,,,,,0,0,0,,,,,,,,,,,98,98,98,0,,,,,20,7,,,,,,,,1,0,,,,,,
2020,439,EA80250,25,11/08/2020,21:09,8,11,,33,King,0,1,,3,1,2,1,0,1,1,,,,59,0,0,1.7,1,0,1,5,2,2,4,0,0,0,0,CR-MILITARY RD S,,-122.2753722,47.27873889,0,1,1,13,2,45,14,0,0,1,2,1,1,1,2,1,1,1,1,53,0,49,403,2004,0,,63,59,32,1,30,,1,1,23,1,7,,4,7,20,7,11,0,11/08/2020,21:09,53052580,52580,0,0,0,3,1,8,,,,96,,,,,,9,,,,,,98001,53,65,135,6,1,0,0,0,0,,0,,,,,,0,,,8,1,9,0,0,1,1,,,0,,,1,1,2,695,605,,1,1,,2,1,0.247,,,,,,,,,,,,,,,,,,,,,,,,,,,,,,0,0,1,0,1,1,1,1,1,0,0,0,0,0,0,0,0,0,0,1,0,0,0,1,1,0,0,0,0,1,0,0,0,1,0,,1,0,0,0,0,1,1,1,0,0,0,0,0,0,0,1,,,,,,21-25,16-25,County road,U,Sunday,Not Used,PV,White,0,1,0,0,County Road,County Sheriff,King County Police,1,0,1,0,0,thc,49,carboxy-thc,220,,0,0,0,,,,,,,,,,,98,98,98,1,,,,,20,7,,,,,,,nms,1,0,,,MILITARY RD S,1.679,,
2021,272,EB55152,160,06/10/2021,20:00,10,6,,33,King,1030,1,,1,1,2,1,0,2,2,,,,5,0,0,0,1,0,1,4,2,4,6,0,0,0,0,VETERANS DR,,-122.2843083,47.39516944,0,1,0,98,7,40,61,0,0,1,2,5,1,2,2,2,1,1,2,53,0,20,881,1996,0,,5,64,65,64,30,12,1,1,42,1,1,,4,7,99,7,11,0,06/10/2021,20:00,1.03053E+11,29166,0,0,0,3,1,0,,,,92,,,,,,98,,,,,,98001,53,65,150,6,1,0,1,1,0,,0,,,,,,0,08/15/2018,08/15/2018,20,0,0,0,0,9,8,,,0,,,8,8,2,996,996,401,1,1,1,2,1,0,,,,,,,,,,,,,,,,,,,,,,,,,,,,,,0,0,0,0,0,0,1,1,0,0,0,0,0,0,0,0,1,0,0,0,0,0,0,0,0,0,0,0,0,1,1,0,0,0,0,,0,1,0,0,0,0,1,1,1,0,0,0,0,0,1,0,,,,,,41-45,36-45,City street,U,Thursday,,MHTRUCK,Hispanic,0,0,0,0,City Street,Municipal/City Police,Kent Police Department,0,0,0,1,0,,,,,,0,0,0,1,,,,,417,,,,,0,0,0,98,,,,,20,,,,,,,,,1,0,,,,,,
2021,386,EB73928,7,10/01/2021,14:13,1,10,,33,King,735,1,,1,1,1,1,0,2,2,,,,12,0,1,142.1,1,0,1,1,2,1,1,0,0,0,0,I-5,,-122.3060694,47.29043889,0,2,25,53,3,60,34,0,0,1,5,12,1,1,5,3,1,1,1,53,0,7,482,2016,0,,12,,,,,,1,1,22,1,0,,0,0,3,0,11,0,,,,,0,0,0,3,1,0,,,,96,,,,,,98,,,,,,98001,53,72,150,6,1,0,1,1,0,,0,,,,,,0,11/15/2017,02/15/2017,20,0,0,0,8,9,8,,,0,,,8,8,8,95,,,96,,,8,95,995,,,,,,,,,,,,,,,,,,,,,,,,,,,,,,0,0,0,0,0,0,1,1,0,0,0,0,1,0,0,0,0,0,0,0,0,0,0,1,1,0,0,0,1,1,0,0,0,0,0,,0,0,0,0,0,0,0,0,0,0,0,0,0,0,0,0,,,,,,21-25,16-25,Interstate,U,Friday,Belt Used,PV,Not Fatal,0,0,0,0,State Route,State Patrol,Washington State Patrol,0,1,0,0,0,,,,,,0,0,0,,,,,,,,,,,98,98,98,0,,,,,20,,,,,,,,,1,0,,,,,,
2017,211,E683961,55,06/21/2017,21:56,21,6,0,33,King,100,1,0,3,1,2,1,0,2,2,,,,12,0,6,0,8,0,1,5,2,4,6,0,0,0,0,A ST E,,-122.2289,47.27058056,0,1,68,15,2,35,4,0,0,1,5,12,1,1,5,5,11,1,1,53,0,7,20,2000,0,0,12,,,,,,1,1,25,1,0,0,0,0,3,0,11,0,,,,,0,0,0,3,1,48,0,0,0,1,,,,,,0,,,,,,98002,53,74,154,6,1,1,0,2,1,1,97,,,,,,0,02/15/2014,04/15/2017,20,0,0,0,8,9,8,,,0,0,0,8,0,0,0,0,0,0,0,0,0,0,996,,,,,,,,,,,,,,,,,,,,,,,,,,,,,,0,0,0,0,1,1,0,1,0,0,0,0,0,0,0,0,1,0,0,0,0,0,0,1,1,0,0,0,1,1,0,0,0,0,0,,0,0,0,0,0,0,0,0,1,0,0,0,0,0,0,0,,,,,,21-25,16-25,City street,U,Wednesday,Belt Used,PV,Not Fatal,0,0,0,0,City Street,Municipal/City Police,Auburn Police Department,0,0,0,1,0,,,,,,,,,,,,,,,,,,,,,,,,,,,,,,,,,,,,,,,,,,,
2017,211,E683961,55,06/21/2017,21:56,21,6,0,33,King,100,1,0,3,1,2,1,0,2,2,,,,12,0,6,0,8,0,1,5,2,4,6,0,0,0,0,A ST E,,-122.2289,47.27058056,0,2,69,62,4,35,80,0,0,1,5,12,1,1,5,5,1,1,1,53,0,53,706,2011,0,0,12,,,,,,1,1,62,1,7,1,4,0,19,0,11,4,06/21/2017,23:20,96053028405,28405,0,0,0,3,1,0,0,0,0,0,,,,,,0,,,,,,98002,53,70,175,6,1,0,1,1,1,0,0,,,,,,0,09/15/2014,01/15/2016,20,8,0,0,0,9,8,,,0,0,0,8,0,2,1,0,0,1,0,0,2,1,0.11,,,,,,,,,,,,,,,,,,,,,,,,,,,,,,0,0,0,0,1,1,0,1,0,0,0,0,0,0,0,0,1,0,0,0,0,0,0,1,1,0,0,0,1,1,0,0,0,0,1,0,0,0,0,0,0,1,0,1,0,0,0,0,0,1,0,1,,,,,,61-65,56-65,City street,U,Wednesday,,MC,White,0,0,0,0,City Street,Municipal/City Police,Auburn Police Department,0,0,0,1,0,,,,,,,,,,,,,,,,,,,,,,,,,,,,,,,,,,,,,,,,,,,
2017,206,E685188,55,06/19/2017,17:32,19,6,0,33,King,100,1,0,1,1,2,1,0,5,5,17:48,17:53,18:17,12,0,1,0,3,0,2,3,2,1,3,0,0,3,3,SR-167 RAMP LX01577,15TH ST NW,-122.2558361,47.29561944,0,5,20,50,3,35,6,0,0,1,2,1,1,2,2,1,1,1,1,53,0,48,45,2015,0,0,12,12,1,12,12,,1,1,47,2,0,0,1,0,3,0,11,8,,,,,0,0,3,3,1,0,0,0,0,96,,,,,,99,,,,,,98002,53,68,180,6,1,0,0,0,0,0,97,,,,,,4,,,8,0,0,0,8,9,8,,,0,0,0,8,9,0,0,0,0,0,0,0,0,0,996,,,,,,,,,,,,,,,,,,,,,,,,,,,,,,0,0,0,1,0,0,1,1,1,0,0,0,1,0,0,0,0,0,0,0,0,0,0,0,0,0,0,0,1,1,0,0,0,0,0,,0,0,0,0,0,0,0,0,0,1,0,0,0,0,0,0,,,,,,46-50,46-55,State route,U,Monday,Belt Used,PV,Not Fatal,1,0,0,0,State Route,Municipal/City Police,Auburn Police Department,0,1,0,0,0,,,,,,,,,,,,,,,,,,,,,,,,,,,,,,,,,,,,,,,,,,,
2017,282,E690507,55,07/08/2017,14:20,8,7,0,33,King,100,1,0,1,1,2,1,1,3,1,,,,15,0,0,0,3,0,3,5,2,4,6,0,0,3,3,R ST NE,8TH ST NE,-122.2082,47.31545,0,1,13,83,5,30,34,0,0,1,5,15,1,1,4,1,11,3,2,53,0,23,472,2016,0,0,15,,,,,,1,1,38,2,0,0,0,0,3,0,11,0,,,,,0,0,0,3,1,91,0,0,0,17,,,,,,0,,,,,,98002,53,66,125,6,1,0,0,1,2,0,2,,,,,,0,10/15/2012,01/15/2015,20,0,0,0,8,9,8,,,0,0,0,8,0,0,0,0,0,0,0,0,0,0,996,,,,,,,,,,,,,,,,,,,,,,,,,,,,,,0,0,0,1,0,0,0,0,0,0,0,0,0,0,0,0,1,0,0,0,0,0,0,0,0,0,0,0,0,0,0,1,0,0,0,,0,0,0,0,0,0,0,0,1,0,0,0,0,0,0,0,,,,,,36-40,36-45,City street,U,Saturday,Belt Used,PV,Not Fatal,1,0,0,0,City Street,Municipal/City Police,Auburn Police Department,0,0,0,1,0,,,,,,,,,,,,,,,,,,,,,,,,,,,,,,,,,,,,,,,,,,,
2017,295,E694387,55,07/21/2017,12:51,21,7,0,33,King,100,1,0,1,1,2,1,0,3,2,13:05,13:11,13:41,12,0,6,0,2,0,3,5,2,4,6,0,0,20,3,A ST SE,12TH ST SE,-122.2289389,47.29718889,0,1,82,15,2,30,4,0,0,1,2,12,1,1,2,1,11,1,1,53,0,20,25,2011,0,0,12,,,,,,1,1,87,1,7,1,4,0,3,0,11,5,08/04/2017,17:11,1.96053E+11,34649,0,0,3,3,1,38,48,0,0,96,,,,,,0,,,,,,98002,53,69,180,6,1,0,0,0,0,0,48,,,,,,0,,,8,0,0,0,0,9,8,,,0,0,0,8,0,0,0,0,0,0,0,0,0,0,996,,,,,,,,,,,,,,,,,,,,,,,,,,,,,,0,0,0,1,0,0,0,0,0,0,0,0,0,0,0,0,0,0,1,0,0,0,0,0,0,1,1,1,0,1,0,0,0,0,0,,1,0,0,0,0,0,0,0,0,0,1,0,0,0,0,0,,,,,,81+,76+,City street,U,Friday,Belt Used,PV,White,1,0,0,0,City Street,Municipal/City Police,Auburn Police Department,0,0,0,1,0,,,,,,,,,,,,,,,,,,,,,,,,,,,,,,,,,,,,,,,,,,,
2017,295,E694387,55,07/21/2017,12:51,21,7,0,33,King,100,1,0,1,1,2,1,0,3,2,13:05,13:11,13:41,12,0,6,0,2,0,3,5,2,4,6,0,0,0,0,A ST SE,12TH ST SE,-122.2289389,47.29718889,0,2,83,67,4,40,34,0,0,1,2,12,1,1,2,1,1,2,2,53,0,20,481,2016,0,0,12,,,,,,1,1,35,2,0,0,2,0,3,0,11,5,,,,,0,0,0,3,1,0,0,0,0,0,,,,,,0,,,,,,98002,53,61,124,6,1,0,3,0,2,0,0,,,,,,0,03/15/2013,12/15/2015,8,0,0,0,8,9,8,,,0,0,0,8,0,0,0,0,0,0,0,0,0,0,996,,,,,,,,,,,,,,,,,,,,,,,,,,,,,,0,0,0,1,0,0,0,0,0,0,0,0,0,0,0,0,0,0,1,0,0,0,0,0,0,1,1,1,0,1,0,0,0,0,0,,0,0,0,0,0,0,0,0,0,0,0,0,0,0,0,0,,,,,,31-35,26-35,City street,U,Friday,Belt Used,PV,Not Fatal,1,0,0,0,City Street,Municipal/City Police,Auburn Police Department,0,0,0,1,0,,,,,,,,,,,,,,,,,,,,,,,,,,,,,,,,,,,,,,,,,,,
2017,339,E713422,3,08/30/2017,21:25,30,8,0,53,Pierce,2230,1,0,3,1,1,1,1,4,2,,,,8,0,0,133.6,1,0,1,1,2,1,1,0,0,0,0,I-5,,-122.4392861,47.232075,0,1,13,80,5,60,34,0,0,1,2,8,1,1,3,3,1,2,1,53,0,12,481,2002,0,0,8,14,,,,,1,1,25,1,0,0,0,0,99,0,11,0,,,,,0,0,0,2,1,0,0,0,0,92,,,,,,0,,,,,,98002,53,72,170,3,1,0,1,1,6,3,72,,,,,,0,12/15/2013,07/15/2017,1,0,0,0,8,9,8,,,0,0,0,8,0,0,0,0,0,0,0,0,0,0,996,,,,,,,,,,,,,,,,,,,,,,,,,,,,,,0,0,0,0,0,0,0,0,0,1,1,0,0,1,0,0,1,0,0,0,0,0,0,1,1,0,0,0,0,1,0,1,0,0,0,,0,0,0,0,0,0,0,0,1,0,0,1,0,0,0,0,,,,,,21-25,16-25,Interstate,U,Wednesday,Unknown,PV,Not Fatal,0,0,0,0,State Route,State Patrol,Washington State Patrol Headquarter,0,1,0,0,0,,,,,,,,,,,,,,,,,,,,,,,,,,,,,,,,,,,,,,,,,,,