year,case,par,repjur,crash_dt,crash_tm,accday,accmon,holiday,county,co_char,city,weather,weather2,lightcond,surfcond,surftype,numfatal,nmforms,pforms,vforms,not_tm,arr_tm,hosp_tm,fhevent,hitrun,manncol,milepnt,reljunc,reljuncinter,intersectiontype,funcsystem,landuse,ownership,route,schlbus,spejur,contdev,devfunc,trafid1,trafid2,x,y,wk_zone,vnumber,crashtype,criticalevent,criticaleventcat,spdlim,body,trailer,emerg,hazcargo,leave,mhevent,roadalgn,roadprof,traflane,trafflow,vehmanvr,numoccs,regowner,regstate,spuse,make,model,modelyr,vrf1,vrf2,seqevent1,seqevent2,seqevent3,seqevent4,seqevent5,seqevent6,pnumber,ptype,age,sex,hispanic,race,injury,diedscene,restraint,restraintmisuse,seatpos,takehosp,death_dt,death_tm,cert,cernum_wa,commlic,licendor,licrestrict,liccomp,drivpres,drf1,drf2,drf3,drf4,distract1,distract2,distract3,distract4,distract5,distract6,dricond1,dricond2,dricond3,dricond4,dricond5,dricond6,dzip,licstate,drhgt_in,weight,noncdl,noncdltype,prevdwi,prevoth,prevacc,prevspd,prevsus,driviol1,driviol2,driviol3,driviol4,driviol5,driviol6,spdrel,first_dt,last_dt,airbag,ejection,ejectpath,extricat,injurwrk,methalc,methdrug,nmlocat,strikveh,prf1,prf2,prf3,druginv,alcinvol,drugsts,drugres1,drugres2,drugres3,drugtst1,drugtst2,drugtst3,alcsts,alctst,alcres,nmact1,nmact2,nmact3,nmact4,nmact5,nmact6,nmprior1,nmprior2,nmprior3,nmprior4,nmprior5,nmprior6,nmcond1,nmcond2,nmcond3,nmcond4,nmcond5,nmcond6,nmsafe_helmet,nmsafe_pads,nmsafe_oth,nmprev_ref,nmprev_lgt,nmprev_oth,crashlocation,nmcrashtype,crosswalk,schoolzone,sidewalk,train_inv,wildlife_inv,rotr_fars,intersect_fars,dd_inv,aid_inv,dpd_inv,id_inv,mj_inv,impnm_inv,ainm_inv,dpnm_inv,speed_inv,unlic_inv,unendmc_inv,drowsy_inv,drdist_inv,nmdist_inv,fty_inv,unrestfat_inv,dr1617_inv,dr1820_inv,dr1620_inv,dr2125_inv,dr1625_inv,dr65_inv,dr70_inv,dr75_inv,mc_inv,pv_inv,ht_inv,ped_inv,bike_inv,unrest_fat,mc_fat,unhelmet_mc,pv_fat,ht_fat,ped_fat,bike_fat,dr_alc7,dr_alc8,dr_drug,dr_imp,dr_dist,dr_spd,dr_fty,dr_unlic,dr_alc7only,dr_alc8only,dr_drugonly,dr_drink,nm_imp,nm_alc7,nm_alc8,nm_drug,nm_dist,agegrp1,agegrp2,roadclass,urbrur,dayweek,restuse,vehtype,race_me,intersect,lanedep,oppdir,wrongway,rep_typ,investag,repag_long,rotr,st_rd,cty_rd,city_rd,oth_rd,drug_thc,thc_res,drug_cthc,cthc_res,drug_cann,prevpersemin,prevperse,prevsusoth,drugtst4,drugtst5,drugtst6,drugtst7,drugtst8,drugres4,drugres5,drugres6,drugres7,drugres8,adspresent,adsengaged,adslevel,race1,race2,race3,race4,race5,helmet,helmetmisuse,nmdistract1,nmdistract2,nmdistract3,nmdistract4,nmdistract5,nmdistract6,lab,isedtcase,crf1,crf2,crf3,CoRoadName,CoMP,IntCoRoadName,IntCoMP
2017,535,E749500,55,12/19/2017,11:16,19,12,0,33,King,100,2,0,1,2,2,1,1,1,1,,,,8,0,0,0,1,0,1,5,2,4,6,0,0,0,0,29TH ST SE,,-122.2221556,47.28279722,0,1,13,80,5,35,4,0,0,1,2,8,1,1,2,1,1,1,1,53,0,37,31,2007,0,0,8,,,,,,1,1,87,2,0,0,0,0,3,0,11,0,,,,,0,0,0,3,1,0,0,0,0,93,,,,,,0,,,,,,98002,53,63,135,6,1,0,0,0,0,0,98,,,,,,0,,,20,0,0,0,8,9,8,,,0,0,0,8,0,0,0,0,0,0,0,0,0,0,996,,,,,,,,,,,,,,,,,,,,,,,,,,,,,,0,0,0,0,0,0,0,0,0,0,0,0,0,0,0,0,1,0,0,0,0,0,0,0,0,1,1,1,0,1,0,1,0,0,0,,0,0,0,0,0,0,0,0,1,0,0,0,0,0,0,0,,,,,,81+,76+,City street,U,Tuesday,Belt Used,PV,Not Fatal,0,0,0,0,City Street,Municipal/City Police,Auburn Police Department,0,0,0,1,0,,,,,,,,,,,,,,,,,,,,,,,,,,,,,,,,,,,,,,,,,,,
2018,93,E786504,55,03/24/2018,7:11,24,3,0,33,King,100,4,0,4,4,2,1,0,3,1,,,,30,0,0,0,3,0,3,5,2,4,6,0,0,0,0,112TH AVE SE,SE 296TH ST,-122.1921528,47.33680833,0,1,2,6,1,35,3,0,0,1,7,1,1,1,2,1,6,3,2,53,0,69,54,2004,0,0,63,30,1,,,,1,1,21,1,0,0,2,0,20,0,11,8,,,,,0,0,0,3,1,33,91,0,0,96,,,,,,9,,,,,,98002,53,72,180,6,1,0,2,0,3,,1,,,,,,4,06/15/2015,02/15/2018,20,2,9,0,8,9,8,,,0,0,0,8,1,2,402,407,513,1,1,1,2,1,0.12,,,,,,,,,,,,,,,,,,,,,,,,,,,,,,0,0,0,1,1,1,1,1,0,0,0,0,1,0,0,0,0,0,0,1,0,0,0,1,1,0,0,0,0,1,0,0,0,0,0,,0,0,0,0,0,1,1,1,0,1,0,0,0,0,0,1,,,,,,21-25,16-25,City street,U,Saturday,Not Used,PV,Not Fatal,0,1,0,0,City Street,Municipal/City Police,Auburn Police Department,1,0,0,1,0,,,,,,0,0,3,1,,,,,996,,,,,,,,,,,,,,,,,,,,,,,,,,,,,
2018,103,E794398,7,04/09/2018,23:35,9,4,0,33,King,0,1,0,2,1,1,2,0,8,4,,,,12,0,2,4.1,1,0,1,3,2,1,3,0,0,0,0,SR-516,,-122.2637778,47.375675,0,3,98,54,3,55,4,0,0,1,2,12,1,1,2,3,1,2,1,53,0,35,47,2005,0,0,12,,,,,,1,1,43,2,0,0,1,0,3,0,11,4,,,,,0,0,0,3,1,0,0,0,0,96,,,,,,0,,,,,,98002,53,62,170,6,1,0,0,0,0,,0,,,,,,0,,,1,0,0,0,8,9,8,,,0,0,0,8,0,8,95,,,96,,,8,95,995,,,,,,,,,,,,,,,,,,,,,,,,,,,,,,0,0,0,0,0,0,1,1,0,0,0,0,0,1,0,0,0,0,0,1,0,0,0,0,0,0,0,0,0,1,0,0,0,0,0,,0,0,0,0,0,0,0,0,0,0,0,0,0,0,0,0,,,,,,41-45,36-45,State route,U,Monday,Belt Used,PV,Not Fatal,0,0,0,1,State Route,State Patrol,Washington State Patrol Headquarter,0,1,0,0,0,,,,,,0,0,0,,,,,,,,,,,,,,,,,,,,,,,,,,,,,,,,,,,
2019,50,E896721,5,02/23/2019,14:01,23,2,,41,Lewis,0,1,0,1,2,2,2,0,8,2,,,,12,0,2,140.5,1,0,1,3,1,1,2,0,0,0,0,US-12,,-121.5516056,46.68794167,0,1,50,10,2,50,14,0,0,1,7,12,3,2,2,1,14,2,3,17,0,12,402,2017,0,0,68,12,,,,,1,1,39,2,7,,4,7,3,0,11,0,02/23/2019,14:01,53009588,9588,0,0,0,3,1,28,0,0,0,96,,,,,,9,,,,,,98002,53,63,155,6,1,0,0,0,1,,0,,,,,,0,08/15/2014,08/15/2014,99,0,0,0,0,9,8,,,0,0,0,1,0,8,95,,,96,,,8,95,995,,,,,,,,,,,,,,,,,,,,,,,,,,,,,,0,0,0,0,0,0,0,0,0,0,0,0,0,0,0,0,0,0,0,0,0,0,0,0,0,0,0,0,0,1,0,0,0,0,0,,1,0,0,0,0,0,0,0,0,0,0,0,0,0,0,0,,,,,,36-40,36-45,US highway,R,Saturday,Belt Used,PV,White,0,1,1,0,State Route,State Patrol,Washington State Patrol,0,1,0,0,0,,,,,,0,0,0,,,,,,,,,,,98,98,98,1,,,,,20,7,,,,,,,,,,,,,,,
2019,359,E970645,25,09/30/2019,2:20,30,9,,33,King,0,1,0,3,99,5,1,0,1,1,,,,3,0,0,0,3,0,3,7,1,2,4,0,0,20,3,CR-37TH AVE S,STAR LAKE RD,-122.2865611,47.35254722,0,1,0,14,2,25,4,0,0,1,7,3,1,2,2,1,1,1,2,53,0,42,42,2015,0,0,71,3,,,,,1,1,20,8,7,,4,7,99,7,11,0,09/30/2019,2:20,53044541,44541,0,0,0,3,1,39,0,0,0,96,,,,,,99,,,,,,98002,53,66,170,6,1,0,1,2,1,,0,,,,,,0,11/15/2017,03/15/2018,20,0,0,0,0,9,8,,,0,0,0,8,9,2,605,695,,1,1,,2,1,0.179,,,,,,,,,,,,,,,,,,,,,,,,,,,,,,0,0,0,1,1,1,1,1,1,0,0,0,0,0,0,0,0,0,0,0,0,1,1,0,1,0,0,0,0,1,0,0,0,0,0,,1,0,0,0,0,1,1,1,0,0,0,0,0,0,0,1,,,,,,18-20,16-25,County road,R,Monday,Unknown,PV,API,0,1,0,0,Other,County Sheriff,King County Police,1,0,0,0,1,thc,4.5,carboxy-thc,26,,0,0,0,,,,,,,,,,,98,98,98,68,,,,,20,7,,,,,,,nms,,,,,,,,
2019,360,E970646,25,10/04/2019,18:43,4,10,,33,King,0,1,0,5,1,2,1,1,1,1,,,,8,0,0,1.9,1,0,1,5,2,2,4,0,0,0,0,CR-RENTON AVE S,,-122.2455056,47.49697222,0,1,13,80,5,25,34,0,0,1,5,8,1,2,3,3,1,1,2,53,0,12,481,2000,0,0,8,,,,,,1,1,66,8,0,,0,0,3,0,11,0,,,,,0,0,0,0,1,10,0,0,0,96,,,,,,0,,,,,,98002,53,66,170,3,1,0,1,2,1,,72,75,,,,,0,11/15/2017,03/15/2018,20,0,0,0,8,9,8,,,0,0,0,8,0,8,95,,,96,,,8,95,995,,,,,,,,,,,,,,,,,,,,,,,,,,,,,,0,0,0,0,0,0,0,0,0,0,0,0,0,1,0,0,0,0,0,0,0,0,0,0,0,1,0,0,0,1,0,1,0,0,0,,0,0,0,0,0,0,0,0,0,0,0,1,0,0,0,0,,,,,,66-70,66-75,County road,U,Friday,Belt Used,PV,Not Fatal,0,0,0,0,County Road,County Sheriff,King County Police,0,0,1,0,0,,,,,,0,0,0,,,,,,,,,,,98,98,98,0,,,,,20,7,,,,,,,,,,,,,,,
2019,369,E972093,7,10/11/2019,13:59,11,10,,33,King,1030,1,0,1,1,2,1,0,4,3,,,,25,0,0,25.6,1,0,1,3,2,1,3,0,0,0,0,SR-167,,-122.2183389,47.43904167,0,2,6,60,4,60,34,0,0,1,5,12,1,1,4,3,1,2,3,53,0,12,481,2016,0,0,64,25,69,12,,,1,1,35,1,0,,0,0,3,0,11,0,,,,,0,0,0,3,1,0,0,0,0,96,,,,,,0,,,,,,98002,53,66,180,6,1,0,1,0,2,,0,,,,,,0,01/15/2016,02/15/2019,20,0,0,0,8,9,8,,,0,0,0,8,0,8,95,,,96,,,8,95,995,,,,,,,,,,,,,,,,,,,,,,,,,,,,,,0,0,1,0,0,0,1,1,1,0,0,0,0,0,0,0,0,0,1,0,0,0,0,0,0,0,0,0,1,1,0,0,0,0,0,,0,0,0,0,0,0,0,0,0,0,0,0,0,0,0,0,,,,,,31-35,26-35,State route,U,Friday,Belt Used,PV,Not Fatal,0,1,0,0,State Route,State Patrol,Washington State Patrol,1,1,0,0,0,,,,,,0,0,0,,,,,,,,,,,98,98,98,0,,,,,20,7,,,,,,,,,,,,,,,
2019,384,E976496,25,10/22/2019,22:44,22,10,,33,King,0,1,0,2,1,1,1,0,3,2,,,,12,0,6,1.8,2,0,2,5,2,2,4,0,0,20,3,CR-MILITARY RD S,S 360TH ST,-122.2753306,47.27891944,0,1,89,17,2,35,3,0,0,1,7,12,3,2,2,1,14,2,2,53,0,52,37,2003,0,0,12,,,,,,1,1,63,1,7,,4,7,20,7,11,0,10/22/2019,22:44,53046545,46545,0,0,0,2,1,39,0,0,0,96,,,,,,99,,,,,,98002,53,72,180,1,1,0,2,1,1,,0,,,,,,0,03/15/2016,06/15/2019,1,0,0,0,0,9,8,,,0,0,0,8,9,2,401,417,177,98,98,98,2,98,0,,,,,,,,,,,,,,,,,,,,,,,,,,,,,,0,0,0,1,0,0,1,1,1,0,0,0,0,1,0,0,0,0,0,1,0,0,0,0,0,0,0,0,0,1,0,0,0,1,0,,1,0,0,0,0,0,1,1,0,0,0,1,0,0,1,0,,,,,,61-65,56-65,County road,U,Tuesday,Not Used,PV,White,1,0,0,0,County Road,County Sheriff,King County Police,0,0,1,0,0,thc,1,carboxy-thc,8.7,,0,0,15,98,98,,,,695,605,,,,98,98,98,1,,,,,20,7,,,,,,,nms,,,,,,,,
2020,160,EA37663,25,05/29/2020,23:04,29,5,,33,King,0,10,,3,1,2,1,0,1,1,,,,1,0,0,2.2,1,0,1,5,2,2,4,0,0,0,0,CR-MILITARY RD S,,-122.2712083,47.28525278,0,1,7,9,1,35,2,0,0,1,5,1,2,1,2,1,6,1,1,53,0,58,37,2008,0,,68,64,1,,,,1,1,19,1,7,,4,7,20,7,11,0,05/29/2020,23:04,53025439,25439,0,0,0,2,1,33,,,,96,,,,,,98,,,,,,98002,53,69,150,6,1,0,0,0,0,,0,,,,,,3,,,8,1,9,0,0,9,8,,,0,,,8,8,2,1,,,1,,,2,1,0.12,,,,,,,,,,,,,,,,,,,,,,,,,,,,,,0,0,0,0,1,1,0,1,0,0,0,0,1,0,0,0,0,0,0,1,0,1,1,0,1,0,0,0,0,1,0,0,0,1,0,,1,0,0,0,0,1,0,1,0,1,0,0,0,1,0,1,,,,,,18-20,16-25,County road,U,Friday,Not Used,PV,White,0,1,0,0,County Road,County Sheriff,King County Police,1,0,1,0,0,,,,,,0,0,0,,,,,,,,,,,98,98,98,1,,,,,20,7,,,,,,,,1,0,,,MILITARY RD S,2.193,,
2020,530,EA63825,55,09/14/2020,12:50,14,9,,33,King,100,1,,1,1,2,1,1,1,1,13:13,13:13,,9,0,0,0,1,0,1,5,2,4,6,0,0,0,0,M ST SE,,-122.2125333,47.28197222,0,1,92,83,5,98,15,0,0,1,5,9,1,1,8,8,13,1,1,53,0,54,421,2011,0,,9,,,,,,1,1,45,2,0,,0,0,3,0,11,0,,,,,0,0,0,3,1,0,,,,96,,,,,,0,,,,,,98002,53,65,160,6,1,0,0,0,1,,0,,,,,,0,04/15/2019,04/15/2019,20,0,0,0,8,9,8,,,0,,,8,8,0,0,,,0,,,0,0,996,,,,,,,,,,,,,,,,,,,,,,,,,,,,,,0,0,0,0,0,0,0,0,0,0,0,0,0,0,0,0,0,0,0,0,0,0,0,0,0,0,0,0,0,1,0,0,1,0,0,,0,0,0,0,0,0,0,0,0,0,0,0,0,0,0,0,,,,,,41-45,36-45,City street,U,Monday,Belt Used,PV,Not Fatal,0,0,0,0,City Street,Municipal/City Police,Auburn Police Department,0,0,0,1,0,,,,,,0,0,0,,,,,,,,,,,98,98,98,0,,,,,20,7,,,,,,,,0,0,,,,,,
2021,273,EB54841,55,08/01/2021,0:43,1,8,,33,King,100,10,,3,1,2,1,1,1,1,,,,8,0,0,0.7,1,0,1,3,2,1,3,0,0,0,0,SR-164,,-122.2160806,47.29615278,0,1,13,80,5,35,6,0,0,1,2,8,1,1,5,5,1,1,1,53,0,49,46,2017,0,,8,,,,,,1,1,44,1,0,,0,0,3,0,11,0,,,,,0,0,0,3,1,0,,,,96,,,,,,98,,,,,,98002,53,67,122,6,1,0,1,1,0,,0,,,,,,0,05/15/2018,11/15/2019,20,0,0,0,8,9,8,,,0,,,8,8,0,0,,,0,,,0,0,996,,,,,,,,,,,,,,,,,,,,,,,,,,,,,,0,0,0,0,0,0,0,0,0,0,0,0,0,0,0,0,0,0,0,0,0,0,0,0,0,0,0,0,0,1,0,1,0,0,0,,0,0,0,0,0,0,0,0,0,0,0,0,0,0,0,0,,,,,,41-45,36-45,State route,U,Sunday,Belt Used,PV,Not Fatal,0,0,0,0,State Route,Municipal/City Police,Auburn Police Department,0,1,0,0,0,,,,,,0,0,0,,,,,,,,,,,98,98,98,0,,,,,20,,,,,,,,,1,0,,,,,,
2021,319,EB61849,25,08/24/2021,13:01,24,8,,33,King,0,1,,1,1,1,1,0,2,2,,,,12,0,6,2.3,1,0,1,4,1,2,4,0,0,0,0,CR-SE AUBURN BLACK DIAM,,-122.1441278,47.31617222,0,1,66,10,2,40,80,0,0,1,2,12,1,2,2,1,6,1,2,53,0,73,705,2009,0,,12,,,,,,1,1,28,1,7,,4,7,20,7,11,0,08/24/2021,13:01,53042890,42890,0,0,0,3,1,33,,,,96,,,,,,98,,,,,,98002,53,73,180,6,1,0,1,0,1,,0,,,,,,4,04/15/2017,05/15/2018,20,8,0,0,0,9,8,,,0,,,8,8,2,605,,,1,,,2,1,0,,,,,,,,,,,,,,,,,,,,,,,,,,,,,,0,0,0,0,0,0,1,1,1,0,0,0,1,1,0,0,0,0,0,0,0,0,0,0,0,0,0,0,1,0,1,0,0,0,1,0,0,0,0,0,0,0,1,1,0,1,0,0,0,0,1,0,,,,,,26-30,26-35,County road,R,Tuesday,,MC,Black,0,1,1,0,County Road,County Sheriff,King County Police,0,0,1,0,0,thc,0.62,,,,0,0,3,,,,,,,,,,,0,0,0,2,,,,,5,,,,,,,,nms,1,0,,,AUBURN BLACK DIAMOND RD,2.28,NULL,
2021,572,EB67838,55,09/11/2021,0:21,11,9,,33,King,100,1,,2,1,2,2,0,4,2,,,,12,0,6,0,1,0,1,3,2,4,6,0,0,0,0,15TH ST NW,,-122.2418861,47.32225278,0,2,65,62,4,35,4,0,0,1,2,12,1,1,5,1,1,2,1,53,0,37,32,2017,0,,12,,,,,,1,1,26,1,7,,4,7,3,0,11,0,09/11/2021,0:21,10053045401,45401,0,0,0,0,1,0,,,,96,,,,,,98,,,,,,98002,53,,999,0,0,0,1,1,0,,0,,,,,,0,04/15/2017,08/15/2019,9,0,0,0,0,9,8,,,0,,,8,8,2,695,605,,1,1,,2,1,0.019,,,,,,,,,,,,,,,,,,,,,,,,,,,,,,0,0,0,0,1,0,1,1,1,0,0,0,1,1,0,0,0,0,0,0,0,0,0,1,1,0,0,0,0,1,0,0,0,0,0,,1,0,0,0,1,0,1,1,0,0,0,1,0,0,0,1,,,,,,26-30,26-35,City street,U,Saturday,Belt Used,PV,Black,0,1,1,0,City Street,Municipal/City Police,Auburn Police Department,0,0,0,1,0,thc,9,carboxy-thc,19,,0,0,5,,,,,,,,,,,98,98,98,2,,,,,20,,,,,,,,nms,0,0,,,,,,
2021,375,EB72441,39,08/31/2021,22:00,31,8,,61,Snohomish,0,1,,3,1,2,1,0,7,2,,,,12,0,6,1.1,2,0,2,5,2,2,4,0,0,20,3,CR-204TH ST SW,28TH AVE,-122.2709667,47.81358611,0,2,87,66,4,25,15,0,0,1,2,12,1,1,2,1,4,4,1,53,0,42,421,2013,0,,12,,,,,,1,1,50,1,0,,1,0,3,0,11,5,,,,,0,0,0,3,1,0,,,,96,,,,,,98,,,,,,98002,53,71,160,6,1,0,0,0,0,,0,,,,,,0,,,8,0,0,0,8,9,8,,,0,,,8,8,0,0,,,0,,,0,0,996,,,,,,,,,,,,,,,,,,,,,,,,,,,,,,0,0,0,1,0,0,1,1,0,0,0,0,1,0,0,0,0,0,1,1,0,0,0,0,0,0,0,0,0,1,0,0,0,0,0,,0,0,0,0,0,0,0,0,0,0,0,0,0,0,0,0,,,,,,46-50,46-55,County road,U,Tuesday,Belt Used,PV,Not Fatal,1,0,0,0,County Road,County Sheriff,Snohomish County Sheriff's Office,0,0,1,0,0,,,,,,0,0,0,,,,,,,,,,,98,98,98,0,,,,,20,,,,,,,,,1,0,,,204TH ST SW,1.075,28TH AVE W,0.51
2021,499,EB93692,55,11/22/2021,13:56,22,11,,33,King,100,10,,1,1,2,1,1,1,1,,,,8,0,0,,3,0,2,5,2,4,6,0,0,3,3,2ND ST SE,A St SE,-122.2286139,47.30558611,0,1,13,80,5,25,20,0,0,1,5,8,1,1,3,1,11,1,2,53,0,49,442,1999,0,,8,,,,,,1,1,41,1,0,,0,0,3,0,11,0,,,,,0,0,3,3,1,0,,,,97,,,,,,98,,,,,,98002,53,59,148,6,1,0,0,0,0,,0,,,,,,0,,,20,0,0,0,8,9,8,,,0,,,8,8,8,95,,,96,,,0,0,996,,,,,,,,,,,,,,,,,,,,,,,,,,,,,,0,0,0,1,0,0,0,0,0,0,0,0,0,0,0,0,1,0,0,0,0,0,0,0,0,0,0,0,0,1,0,1,0,0,0,,0,0,0,0,0,0,0,0,1,0,0,0,0,0,0,0,,,,,,41-45,36-45,City street,U,Monday,Belt Used,PV,Not Fatal,1,0,0,0,City Street,Municipal/City Police,Auburn Police Department,0,0,0,1,0,,,,,,0,0,0,,,,,,,,,,,0,0,0,0,,,,,20,,,,,,,,,1,0,,,,,,
2017,130,3743459,160,04/22/2017,20:59,22,4,0,33,King,1030,10,0,3,2,2,1,1,1,1,,,,8,0,0,11.3,1,0,1,3,2,1,3,0,0,0,0,SR-99,,-122.2965944,47.386,0,1,13,80,5,45,14,0,0,1,5,8,1,1,3,3,1,1,1,53,0,62,401,2003,0,0,8,,,,,,1,1,60,1,0,0,0,0,3,0,11,0,,,,,0,0,0,3,1,0,0,0,0,0,,,,,,0,,,,,,98003,53,72,185,6,1,0,4,1,7,6,0,,,,,,0,10/15/2012,01/15/2017,20,0,0,0,8,3,2,,,0,0,0,0,0,0,0,0,0,0,0,0,0,0,996,,,,,,,,,,,,,,,,,,,,,,,,,,,,,,0,0,0,0,0,0,0,0,0,1,1,1,0,0,0,0,0,0,0,0,0,0,0,0,0,0,0,0,0,1,0,1,0,0,0,,0,0,0,0,0,0,0,0,0,0,0,0,0,0,0,0,,,,,,56-60,56-65,State route,U,Saturday,Belt Used,PV,Not Fatal,0,0,0,0,State Route,Municipal/City Police,Kent Police Department,0,1,0,0,0,,,,,,,,,,,,,,,,,,,,,,,,,,,,,,,,,,,,,,,,,,,
2017,333,3752234,160,08/17/2017,20:28,17,8,0,33,King,1030,1,0,5,1,2,1,0,2,2,,,,12,0,2,0,1,0,1,4,2,4,6,0,0,0,0,MILITARY RD S,,-122.2917722,47.36603889,0,2,51,62,4,98,21,0,0,1,2,12,3,2,2,1,14,1,1,53,0,20,461,1990,0,0,12,,,,,,1,1,22,1,0,0,3,0,99,0,11,8,,,,,0,0,0,3,1,0,0,0,0,0,,,,,,0,,,,,,98003,53,70,150,6,1,0,0,0,1,0,0,,,,,,0,04/15/2016,04/15/2016,99,0,0,0,8,9,8,,,0,0,0,8,9,0,0,0,0,0,0,0,0,0,996,,,,,,,,,,,,,,,,,,,,,,,,,,,,,,0,0,0,0,1,1,0,1,0,0,0,0,1,0,0,0,0,0,0,0,0,0,0,1,1,0,0,0,0,1,0,0,0,0,0,,0,0,0,0,0,0,0,0,0,0,0,0,0,0,0,0,,,,,,21-25,16-25,City street,U,Thursday,Unknown,PV,Not Fatal,0,1,1,0,City Street,Municipal/City Police,Kent Police Department,0,0,0,1,0,,,,,,,,,,,,,,,,,,,,,,,,,,,,,,,,,,,,,,,,,,,
2020,391,3876403,263,08/29/2020,12:18,29,8,,33,King,1960,10,,1,1,1,1,0,4,5,,,,12,0,7,0,1,0,1,3,2,4,6,0,0,0,0,AIRPORT WAY S,,-122.3179639,47.55030556,0,1,46,8,1,98,14,0,0,1,2,14,1,1,2,1,6,1,3,53,0,12,401,2015,0,,68,12,68,14,63,19,1,1,56,1,0,,3,0,3,0,11,5,,,,,0,0,0,3,1,16,,,,0,,,,,,1,,,,,,98003,53,72,210,6,1,0,0,1,0,,0,,,,,,0,08/15/2016,08/15/2016,8,0,0,0,8,3,8,,,0,,,8,8,8,95,,,96,,,8,95,995,,,,,,,,,,,,,,,,,,,,,,,,,,,,,,0,0,0,0,0,0,0,0,0,0,0,0,0,0,0,0,0,0,0,0,0,0,0,0,0,0,0,0,0,1,0,0,0,0,0,,0,0,0,0,0,0,0,0,0,0,0,0,0,0,0,0,,,,,,56-60,56-65,City street,U,Saturday,Belt Used,PV,Not Fatal,0,0,0,0,City Street,Municipal/City Police,Seattle Police Department,0,0,0,1,0,,,,,,0,0,0,,,,,,,,,,,98,98,98,0,,,,,20,7,,,,,,,,1,0,,,,,,
2017,176,000TECH,8,01/01/2017,18:51,1,1,1,9,Clallam,0,4,0,1,3,2,2,0,5,1,19:31,19:52,20:09,7,0,0,203.5,1,0,1,3,1,1,2,0,0,0,0,US-101,,-123.8656194,48.051025,0,1,0,8,1,35,14,0,0,1,2,7,1,1,2,1,1,5,2,53,0,52,401,1995,0,0,7,,,,,,1,1,51,1,0,0,3,0,3,0,11,5,,,,,0,0,0,3,1,0,0,0,0,96,,,,,,98,,,,,,98003,53,65,180,6,1,0,0,0,0,0,0,,,,,,0,,,98,0,0,0,8,9,8,,,0,0,0,8,8,0,0,0,0,0,0,0,0,0,996,,,,,,,,,,,,,,,,,,,,,,,,,,,,,,0,0,0,0,0,0,0,0,0,0,0,0,0,0,0,0,0,0,0,0,0,0,0,0,0,0,0,0,0,1,0,0,0,0,0,,0,0,0,0,0,0,0,0,0,0,0,0,0,0,0,0,,,,,,51-55,46-55,US highway,R,Sunday,Belt Used,PV,Not Fatal,0,0,0,0,State Route,,,0,1,0,0,0,,,,,,,,,,,,,,,,,,,,,,,,,,,,,,,,,,,,,,,,,,,
2017,167,E633166,127,01/15/2017,4:42,15,1,2,33,King,735,1,0,3,1,2,1,1,2,1,,,,8,0,0,0,1,0,1,3,2,4,6,0,0,0,0,S 288TH ST,,-122.2950861,47.34335556,0,1,13,80,5,98,4,0,0,1,5,8,1,2,4,1,1,2,2,53,0,14,17,2008,0,0,8,,,,,,1,1,18,2,0,0,0,0,3,0,11,0,,,,,0,0,0,3,1,0,0,0,0,0,,,,,,0,,,,,,98003,53,64,145,6,1,0,0,1,0,0,0,,,,,,0,05/15/2016,05/15/2016,20,0,0,0,8,9,8,,,0,0,0,8,0,0,0,0,0,0,0,0,0,0,996,,,,,,,,,,,,,,,,,,,,,,,,,,,,,,0,0,0,0,0,0,0,0,0,1,1,1,0,0,0,0,0,0,0,0,0,1,1,0,1,0,0,0,0,1,0,1,0,0,0,,0,0,0,0,0,0,0,0,0,0,0,0,0,0,0,0,,,,,,18-20,16-25,City street,U,Sunday,Belt Used,PV,Not Fatal,0,0,0,0,City Street,Municipal/City Police,Federal Way Dept of Public Safety,0,0,0,1,0,,,,,,,,,,,,,,,,,,,,,,,,,,,,,,,,,,,,,,,,,,,
2017,104,E650683,35,03/11/2017,16:06,11,3,0,53,Pierce,0,10,0,5,1,2,1,0,2,2,,,,1,0,0,9999.9,3,0,3,7,1,2,4,0,0,0,0,CR-TANWAX BLVD E,46TH AVE E,-122.3680083,46.92673611,0,1,98,6,1,25,90,0,0,1,2,1,1,1,2,1,1,2,2,53,0,37,734,2004,0,0,71,1,14,,,,1,1,38,2,7,1,4,0,16,0,11,4,03/29/2017,6:30,2.23053E+11,15181,0,0,0,3,1,0,0,0,0,96,,,,,,9,,,,,,98003,53,68,145,6,1,0,0,0,0,1,0,,,,,,4,11/15/2012,11/15/2012,20,1,9,0,0,9,8,,,0,0,0,8,1,2,1,0,0,1,0,0,2,1,0.078,,,,,,,,,,,,,,,,,,,,,,,,,,,,,,0,0,0,1,1,0,0,0,0,0,0,0,1,0,0,0,0,0,0,0,0,0,0,0,0,0,0,0,0,1,0,0,0,0,0,,0,0,0,0,1,0,0,0,0,1,0,0,1,0,0,1,,,,,,36-40,36-45,County road,R,Saturday,,OTHVT,White,1,0,0,0,Other,County Sheriff,Law Enforcement Support Agency,0,0,0,0,1,,,,,,,,,,,,,,,,,,,,,,,,,,,,,,,,,,,,,,,,,,,
2017,412,E726244,7,09/29/2017,22:48,29,9,0,33,King,2310,10,0,3,1,2,1,0,6,2,,,,24,0,0,1.6,1,0,1,3,2,1,3,0,0,0,0,SR-599,,-122.2827972,47.49543889,0,2,98,50,3,60,15,0,0,1,5,12,2,8,2,3,14,5,1,53,0,19,421,2007,0,0,12,,,,,,1,1,23,1,0,0,0,0,3,0,11,0,,,,,0,0,0,3,1,0,0,0,0,0,,,,,,0,,,,,,98003,53,69,170,6,1,0,0,0,0,0,0,,,,,,0,,,20,0,0,0,8,9,8,,,0,0,0,8,0,0,0,0,0,0,0,0,0,0,996,,,,,,,,,,,,,,,,,,,,,,,,,,,,,,0,0,0,0,1,1,1,1,0,0,0,0,0,0,0,0,0,0,0,0,0,0,0,1,1,0,0,0,1,1,0,0,0,0,0,,0,0,0,0,0,0,0,0,0,0,0,0,0,0,0,0,,,,,,21-25,16-25,State route,U,Friday,Belt Used,PV,Not Fatal,0,1,0,0,State Route,State Patrol,Washington State Patrol Headquarter,1,1,0,0,0,,,,,,,,,,,,,,,,,,,,,,,,,,,,,,,,,,,,,,,,,,,