year,case,par,repjur,crash_dt,crash_tm,accday,accmon,holiday,county,co_char,city,weather,weather2,lightcond,surfcond,surftype,numfatal,nmforms,pforms,vforms,not_tm,arr_tm,hosp_tm,fhevent,hitrun,manncol,milepnt,reljunc,reljuncinter,intersectiontype,funcsystem,landuse,ownership,route,schlbus,spejur,contdev,devfunc,trafid1,trafid2,x,y,wk_zone,vnumber,crashtype,criticalevent,criticaleventcat,spdlim,body,trailer,emerg,hazcargo,leave,mhevent,roadalgn,roadprof,traflane,trafflow,vehmanvr,numoccs,regowner,regstate,spuse,make,model,modelyr,vrf1,vrf2,seqevent1,seqevent2,seqevent3,seqevent4,seqevent5,seqevent6,pnumber,ptype,age,sex,hispanic,race,injury,diedscene,restraint,restraintmisuse,seatpos,takehosp,death_dt,death_tm,cert,cernum_wa,commlic,licendor,licrestrict,liccomp,drivpres,drf1,drf2,drf3,drf4,distract1,distract2,distract3,distract4,distract5,distract6,dricond1,dricond2,dricond3,dricond4,dricond5,dricond6,dzip,licstate,drhgt_in,weight,noncdl,noncdltype,prevdwi,prevoth,prevacc,prevspd,prevsus,driviol1,driviol2,driviol3,driviol4,driviol5,driviol6,spdrel,first_dt,last_dt,airbag,ejection,ejectpath,extricat,injurwrk,methalc,methdrug,nmlocat,strikveh,prf1,prf2,prf3,druginv,alcinvol,drugsts,drugres1,drugres2,drugres3,drugtst1,drugtst2,drugtst3,alcsts,alctst,alcres,nmact1,nmact2,nmact3,nmact4,nmact5,nmact6,nmprior1,nmprior2,nmprior3,nmprior4,nmprior5,nmprior6,nmcond1,nmcond2,nmcond3,nmcond4,nmcond5,nmcond6,nmsafe_helmet,nmsafe_pads,nmsafe_oth,nmprev_ref,nmprev_lgt,nmprev_oth,crashlocation,nmcrashtype,crosswalk,schoolzone,sidewalk,train_inv,wildlife_inv,rotr_fars,intersect_fars,dd_inv,aid_inv,dpd_inv,id_inv,mj_inv,impnm_inv,ainm_inv,dpnm_inv,speed_inv,unlic_inv,unendmc_inv,drowsy_inv,drdist_inv,nmdist_inv,fty_inv,unrestfat_inv,dr1617_inv,dr1820_inv,dr1620_inv,dr2125_inv,dr1625_inv,dr65_inv,dr70_inv,dr75_inv,mc_inv,pv_inv,ht_inv,ped_inv,bike_inv,unrest_fat,mc_fat,unhelmet_mc,pv_fat,ht_fat,ped_fat,bike_fat,dr_alc7,dr_alc8,dr_drug,dr_imp,dr_dist,dr_spd,dr_fty,dr_unlic,dr_alc7only,dr_alc8only,dr_drugonly,dr_drink,nm_imp,nm_alc7,nm_alc8,nm_drug,nm_dist,agegrp1,agegrp2,roadclass,urbrur,dayweek,restuse,vehtype,race_me,intersect,lanedep,oppdir,wrongway,rep_typ,investag,repag_long,rotr,st_rd,cty_rd,city_rd,oth_rd,drug_thc,thc_res,drug_cthc,cthc_res,drug_cann,prevpersemin,prevperse,prevsusoth,drugtst4,drugtst5,drugtst6,drugtst7,drugtst8,drugres4,drugres5,drugres6,drugres7,drugres8,adspresent,adsengaged,adslevel,race1,race2,race3,race4,race5,helmet,helmetmisuse,nmdistract1,nmdistract2,nmdistract3,nmdistract4,nmdistract5,nmdistract6,lab,isedtcase,crf1,crf2,crf3,CoRoadName,CoMP,IntCoRoadName,IntCoMP
2017,464,E745012,3,11/02/2017,13:27,2,11,0,53,Pierce,0,1,0,1,1,2,2,0,3,2,,,,12,0,2,0.1,1,0,1,1,2,1,1,0,0,0,0,I-5 RAMP R111933,,-122.6296,47.09141944,0,1,50,54,3,60,14,0,0,1,2,12,1,2,3,3,1,1,1,53,0,20,404,2005,0,0,12,,,,,,1,1,46,2,0,0,3,0,3,0,11,4,,,,,0,0,0,3,1,51,0,0,0,93,,,,,,0,,,,,,98003,53,72,260,6,1,0,0,0,0,0,2,,,,,,0,,,8,0,0,0,8,9,8,,,0,0,0,8,0,0,0,0,0,0,0,0,0,0,996,,,,,,,,,,,,,,,,,,,,,,,,,,,,,,0,0,0,0,0,0,0,0,0,0,0,0,0,0,0,0,1,0,0,0,0,0,0,0,0,1,1,1,0,1,0,0,0,0,0,,0,0,0,0,0,0,0,0,1,0,0,0,0,0,0,0,,,,,,46-50,46-55,Interstate,U,Thursday,Belt Used,PV,Not Fatal,0,0,0,1,State Route,State Patrol,Washington State Patrol Headquarter,0,1,0,0,0,,,,,,,,,,,,,,,,,,,,,,,,,,,,,,,,,,,,,,,,,,,
2018,5,E755994,127,01/05/2018,13:50,5,1,0,33,King,735,2,0,1,2,2,1,0,6,3,14:04,14:07,14:59,12,0,6,7.7,2,0,2,3,2,1,3,0,0,3,3,SR-99,SR-509,-122.3121389,47.33585833,0,2,68,15,2,45,14,0,0,1,5,12,8,8,8,1,11,1,2,53,0,49,401,2007,0,0,12,,,,,,1,1,31,1,0,0,0,0,3,0,11,0,,,,,0,0,3,3,1,0,0,0,0,96,,,,,,0,,,,,,98003,53,69,125,6,1,0,0,0,0,,0,,,,,,0,,,20,0,0,0,8,9,8,,,0,0,0,8,0,8,95,,,96,,,8,95,995,,,,,,,,,,,,,,,,,,,,,,,,,,,,,,0,0,0,1,0,0,1,1,1,0,0,0,1,1,0,0,0,0,0,0,0,1,1,0,1,0,0,0,0,1,0,0,0,0,0,,0,0,0,0,0,0,0,0,0,0,0,0,0,0,0,0,,,,,,31-35,26-35,State route,U,Friday,Belt Used,PV,Not Fatal,1,0,0,0,State Route,Municipal/City Police,Federal Way Dept of Public Safety,0,1,0,0,0,,,,,,0,0,0,,,,,,,,,,,,,,,,,,,,,,,,,,,,,,,,,,,
2018,48,E772745,7,02/17/2018,3:10,17,2,3,33,King,1960,2,0,3,2,1,1,1,1,1,,,,8,0,0,0.6,20,1,1,1,2,1,1,0,0,0,0,I-5 CD16563,,-122.3250583,47.60162222,0,1,13,80,5,60,4,0,0,1,7,8,1,1,4,6,1,1,1,53,0,63,34,2018,0,0,8,,,,,,1,1,35,2,0,0,0,0,3,0,11,0,,,,,0,0,3,3,1,0,0,0,0,96,,,,,,0,,,,,,98003,53,66,160,6,1,0,0,0,0,,0,,,,,,0,,,20,0,0,0,8,9,8,,,0,0,0,8,0,8,95,,,96,,,8,95,995,,,,,,,,,,,,,,,,,,,,,,,,,,,,,,0,0,0,0,0,0,0,0,0,0,0,0,0,0,0,0,0,0,0,0,0,0,0,0,0,0,0,0,0,1,0,1,0,0,0,,0,0,0,0,0,0,0,0,0,0,0,0,0,0,0,0,,,,,,31-35,26-35,Interstate,U,Saturday,Belt Used,PV,Not Fatal,0,0,0,0,State Route,State Patrol,Washington State Patrol Headquarter,0,1,0,0,0,,,,,,0,0,0,,,,,,,,,,,,,,,,,,,,,,,,,,,,,,,,,,,
2018,85,E781575,160,03/22/2018,11:23,22,3,0,33,King,1030,2,0,1,2,2,1,0,2,2,,,,12,0,6,0.2,2,0,2,3,2,1,3,0,0,3,3,SR-181,W MEEKER ST,-122.2473944,47.38136944,0,1,69,17,2,35,14,0,0,1,7,12,1,1,5,1,1,1,1,53,0,7,402,2002,0,0,12,1,,,,,1,1,70,2,0,0,1,0,99,0,11,8,,,,,0,0,3,3,1,39,0,0,0,96,,,,,,0,,,,,,98003,53,61,105,6,1,0,0,1,0,,97,,,,,,4,12/15/2013,12/15/2013,1,0,0,0,8,9,8,,,0,0,0,8,0,2,1,,,1,,,2,1,0,,,,,,,,,,,,,,,,,,,,,,,,,,,,,,0,0,0,1,0,0,0,0,0,0,0,0,1,0,0,0,0,0,0,0,0,0,0,0,0,1,1,1,0,1,0,0,0,0,0,,0,0,0,0,0,0,0,0,0,1,0,0,0,0,0,0,,,,,,66-70,66-75,State route,U,Thursday,Unknown,PV,Not Fatal,1,0,0,0,State Route,Municipal/City Police,Kent Police Department,0,1,0,0,0,,,,,,0,0,0,,,,,,,,,,,,,,,,,,,,,,,,,,,,,,,,,,,
2018,121,E798796,25,04/27/2018,8:31,27,4,0,33,King,229,1,0,1,1,2,1,0,19,2,,,,12,0,2,0,1,0,1,5,2,4,6,1,0,0,0,GLENDALE WAY S,,-122.3165972,47.50296111,0,1,50,10,2,98,6,0,0,1,7,12,2,1,2,1,14,3,2,53,0,49,46,2017,0,0,68,12,,,,,1,1,23,1,0,0,3,0,3,0,11,4,,,,,0,0,0,2,1,28,0,0,0,96,,,,,,99,,,,,,98003,53,67,185,2,1,0,1,0,1,,0,,,,,,0,05/15/2017,04/15/2018,8,0,0,0,8,9,8,,,0,0,0,8,9,8,95,,,96,,,8,95,995,,,,,,,,,,,,,,,,,,,,,,,,,,,,,,0,0,0,0,0,0,0,0,0,0,0,0,0,1,0,0,0,0,0,1,0,0,0,1,1,0,0,0,0,1,0,0,0,0,0,,0,0,0,0,0,0,0,0,0,0,0,1,0,0,0,0,,,,,,21-25,16-25,City street,U,Friday,Belt Used,PV,Not Fatal,0,1,1,0,City Street,County Sheriff,King County Police,0,0,0,1,0,,,,,,0,0,2,,,,,,,,,,,,,,,,,,,,,,,,,,,,,,,,,,,
2018,256,E821666,160,07/25/2018,17:16,25,7,0,33,King,1030,1,0,1,1,2,1,1,3,2,,,,42,0,0,9.4,1,0,1,3,2,1,3,0,0,0,0,SR-99,,-122.3085722,47.35971111,0,1,1,13,2,40,14,0,0,1,7,8,1,1,8,1,6,2,1,53,0,63,402,2011,0,0,63,42,8,69,12,,1,1,21,1,0,0,1,0,3,0,11,8,,,,,0,0,0,3,1,0,0,0,0,96,,,,,,0,,,,,,98003,53,69,178,6,1,0,0,1,0,,97,,,,,,3,05/15/2016,05/15/2016,8,0,0,0,8,9,8,,,0,0,0,8,0,2,1,,,1,,,2,1,0,,,,,,,,,,,,,,,,,,,,,,,,,,,,,,0,0,1,0,0,0,0,0,0,1,0,1,1,0,0,0,0,0,0,0,0,0,0,1,1,0,0,0,0,1,0,1,0,0,0,,0,0,0,0,0,0,0,0,0,1,0,0,0,0,0,0,,,,,,21-25,16-25,State route,U,Wednesday,Belt Used,PV,Not Fatal,0,1,0,0,State Route,Municipal/City Police,Kent Police Department,1,1,0,0,0,,,,,,0,0,0,,,,,,,,,,,,,,,,,,,,,,,,,,,,,,,,,,,
2018,256,E821666,160,07/25/2018,17:16,25,7,0,33,King,1030,1,0,1,1,2,1,1,3,2,,,,42,0,0,9.4,1,0,1,3,2,1,3,0,0,0,0,SR-99,,-122.3085722,47.35971111,0,2,98,53,3,40,4,0,0,1,7,12,1,1,8,1,10,1,1,6,0,12,17,2006,0,0,12,,,,,,1,1,56,2,0,0,0,0,3,0,11,0,,,,,0,0,3,3,1,0,0,0,0,96,,,,,,0,,,,,,98003,53,64,165,6,1,0,0,0,0,,0,,,,,,0,,,20,0,0,0,8,9,8,,,0,0,0,8,0,8,95,,,96,,,8,95,995,,,,,,,,,,,,,,,,,,,,,,,,,,,,,,0,0,1,0,0,0,0,0,0,1,0,1,1,0,0,0,0,0,0,0,0,0,0,1,1,0,0,0,0,1,0,1,0,0,0,,0,0,0,0,0,0,0,0,0,0,0,0,0,0,0,0,,,,,,56-60,56-65,State route,U,Wednesday,Belt Used,PV,Not Fatal,0,1,0,0,State Route,Municipal/City Police,Kent Police Department,1,1,0,0,0,,,,,,0,0,0,,,,,,,,,,,,,,,,,,,,,,,,,,,,,,,,,,,
2018,385,E824877,35,08/05/2018,20:05,5,8,0,53,Pierce,0,1,0,1,1,1,1,0,1,1,20:04,20:13,21:28,42,0,0,0.3,1,0,1,7,2,2,4,0,0,0,0,CR-218TH AVE CT E,,-122.1382806,47.14528889,0,1,1,13,2,25,80,0,0,1,5,42,3,1,2,1,14,1,0,92,0,76,709,2000,0,0,63,42,,,,,1,1,27,1,7,1,4,0,17,0,11,5,08/17/2018,18:08,2.23053E+11,37083,0,0,3,2,1,0,0,0,0,92,,,,,,99,,,,,,98003,53,70,160,1,1,0,0,0,0,,0,,,,,,0,,,20,8,0,0,0,9,8,,,0,0,0,8,9,8,95,,,96,,,8,95,995,,,,,,,,,,,,,,,,,,,,,,,,,,,,,,0,0,1,0,0,0,0,0,0,0,0,0,0,1,1,0,1,0,0,0,0,0,0,0,0,0,0,0,1,0,0,0,0,0,1,1,0,0,0,0,0,0,0,0,1,0,0,1,0,0,0,0,,,,,,26-30,26-35,County road,U,Sunday,,MC,White,0,1,0,0,County Road,County Sheriff,Law Enforcement Support Agency,1,0,1,0,0,,,,,,0,0,0,,,,,,,,,,,,,,,,,,,,,,,,,,,,,,,,,,,
2019,46,E894941,129,02/19/2019,5:10,19,2,,53,Pierce,747,10,0,2,2,2,1,0,3,2,,,,12,0,2,0,1,0,1,7,2,4,6,0,3,0,0,70TH AVE E,,-122.3361139,47.24146944,0,1,50,10,2,35,20,0,0,1,7,12,2,2,2,1,14,2,2,6,0,49,442,2002,0,0,68,12,,,,,1,1,26,1,7,,4,7,3,0,11,0,02/19/2019,5:10,74753008318,8318,0,0,0,3,1,28,0,0,0,96,,,,,,99,,,,,,98003,53,71,155,6,1,0,0,0,0,,0,,,,,,3,,,8,0,0,0,0,9,8,,,0,0,0,8,9,2,695,605,,1,1,,2,1,0.26,,,,,,,,,,,,,,,,,,,,,,,,,,,,,,0,0,0,0,1,1,1,1,1,0,0,0,1,0,0,0,0,0,0,0,0,0,0,0,0,0,0,0,0,1,1,0,0,0,0,,1,0,0,0,0,1,1,1,0,1,0,0,0,0,0,1,,,,,,26-30,26-35,City street,U,Tuesday,Belt Used,PV,White,0,1,1,0,City Street,Municipal/City Police,Fife Police Department,0,0,0,1,0,thc,11,carboxy-thc,13,,0,0,0,,,,,,,,,,,98,98,98,1,,,,,20,7,,,,,,,,,,,,,,,
2019,219,E938697,7,06/23/2019,2:12,23,6,,33,King,735,1,0,2,1,1,1,0,2,2,,,,24,0,0,144.5,1,0,1,1,2,1,1,0,0,0,0,I-5,,-122.2942111,47.32418333,0,1,1,13,2,60,4,0,0,1,7,1,1,1,5,3,1,1,1,53,0,20,25,2012,0,0,63,24,1,12,,,1,1,29,2,7,,4,7,99,7,11,0,06/23/2019,2:12,73553028449,28449,0,0,3,3,1,0,0,0,0,96,,,,,,9,,,,,,98003,53,64,150,6,1,0,0,1,2,,0,,,,,,0,06/15/2016,01/15/2017,8,0,0,0,0,1,8,,,0,0,0,8,1,2,605,695,,1,1,,2,1,0.27,,,,,,,,,,,,,,,,,,,,,,,,,,,,,,0,0,1,0,1,1,1,1,1,0,0,0,0,0,0,0,0,0,0,0,0,0,0,1,1,0,0,0,0,1,0,0,0,0,0,,1,0,0,0,0,1,1,1,0,0,0,0,0,0,0,1,,,,,,26-30,26-35,Interstate,U,Sunday,Unknown,PV,Multiracial,0,1,0,0,State Route,State Patrol,Washington State Patrol,1,1,0,0,0,thc,22,carboxy-thc,26,,0,0,0,,,,,,,,,,,98,98,98,298,,,,,20,7,,,,,,,,,,,,,,,
2019,408,E982413,106,11/14/2019,0:40,14,11,,33,King,532,5,0,3,1,2,1,1,1,1,,,,8,0,0,11.9,1,0,1,3,2,1,3,0,0,0,0,SR-99,,-122.2949306,47.39456111,0,1,13,80,5,98,14,0,0,1,7,8,1,1,5,2,1,1,2,53,0,49,402,1997,0,0,8,,,,,,1,1,26,8,0,,0,0,2,0,11,0,,,,,0,0,0,0,1,10,0,0,0,96,,,,,,0,,,,,,98003,53,69,160,0,0,0,0,0,0,,0,,,,,,0,,,20,0,0,0,8,9,2,,,0,0,0,0,0,8,95,,,96,,,8,95,995,,,,,,,,,,,,,,,,,,,,,,,,,,,,,,0,0,0,0,0,0,0,0,0,1,1,0,0,1,0,0,0,0,0,0,0,0,0,0,0,0,0,0,0,1,0,1,0,0,0,,0,0,0,0,0,0,0,0,0,0,0,1,0,0,0,0,,,,,,26-30,26-35,State route,U,Thursday,Belt Used,PV,Not Fatal,0,0,0,0,State Route,Municipal/City Police,Des Moines Police Department,0,1,0,0,0,,,,,,0,0,0,,,,,,,,,,,0,0,0,0,,,,,20,7,,,,,,,,,,,,,,,
2019,529,E989720,160,12/04/2019,1:07,4,12,,33,King,1030,1,0,2,1,2,1,1,1,1,,,,8,0,0,0,1,0,1,3,2,4,6,0,0,0,0,S 272ND ST,,-122.3078028,47.35793889,0,1,13,80,5,98,4,0,0,1,5,8,1,4,4,1,1,1,2,53,0,35,47,2009,0,0,8,,,,,,1,1,19,1,0,,0,0,99,7,11,0,,,,,0,0,0,0,1,0,0,0,0,96,,,,,,0,,,,,,98003,53,66,120,0,0,0,0,0,0,,72,,,,,,0,,,99,0,0,0,8,9,8,,,0,0,0,8,0,8,95,,,96,,,8,95,995,,,,,,,,,,,,,,,,,,,,,,,,,,,,,,0,0,0,0,0,0,0,0,0,0,0,0,0,1,0,0,0,0,0,0,0,1,1,0,1,0,0,0,0,1,0,1,0,0,0,,0,0,0,0,0,0,0,0,0,0,0,1,0,0,0,0,,,,,,18-20,16-25,City street,U,Wednesday,Unknown,PV,Not Fatal,0,0,0,0,City Street,Municipal/City Police,Kent Police Department,0,0,0,1,0,,,,,,0,0,0,,,,,,,,,,,98,98,98,0,,,,,20,7,,,,,,,,,,,,,,,
2019,494,EA00856,73,12/27/2019,21:04,27,12,,33,King,229,10,0,3,2,1,1,0,2,2,,,,12,0,6,0,2,0,3,7,2,4,6,0,0,0,0,AMBAUM BLVD SW,SW 120TH ST,-122.3503944,47.49545,0,2,83,67,4,35,4,0,0,1,7,12,3,4,5,5,14,1,2,41,0,12,23,2013,0,0,12,,,,,,1,1,19,1,0,,2,0,99,7,11,8,,,,,0,0,0,3,1,0,0,0,0,92,,,,,,0,,,,,,98003,53,65,120,6,1,0,0,1,3,,0,,,,,,0,01/15/2018,07/15/2018,8,0,0,0,8,9,8,,,0,0,0,8,8,8,95,,,96,,,8,95,995,,,,,,,,,,,,,,,,,,,,,,,,,,,,,,0,0,0,1,0,0,0,0,0,0,0,0,0,0,0,0,1,0,0,1,0,1,1,0,1,0,0,0,0,1,0,0,0,0,0,,0,0,0,0,0,0,0,0,1,0,0,0,0,0,0,0,,,,,,18-20,16-25,City street,U,Friday,Unknown,PV,Not Fatal,1,0,0,0,City Street,Municipal/City Police,Burien Police Department,0,0,0,1,0,,,,,,0,0,0,,,,,,,,,,,98,98,98,0,,,,,20,7,,,,,,,,,,,,,,,
2020,209,EA44132,262,06/26/2020,14:12,26,6,,33,King,1958,1,,1,1,2,1,1,1,1,14:13,14:18,,8,0,0,12.9,1,0,1,3,2,1,3,0,0,0,0,SR-99,,-122.2980806,47.40880278,0,1,13,80,5,40,15,0,0,1,5,8,1,1,3,2,1,1,1,53,0,12,422,2008,0,,8,,,,,,1,1,43,2,0,,1,0,3,0,11,0,,,,,0,0,0,3,1,0,,,,96,,,,,,0,,,,,,98003,53,66,190,6,1,0,0,0,0,,0,,,,,,0,,,8,0,0,0,8,9,8,,,0,,,8,8,8,95,,,96,,,8,95,995,,,,,,,,,,,,,,,,,,,,,,,,,,,,,,0,0,0,0,0,0,0,0,0,1,0,1,0,0,0,0,0,0,0,0,0,0,0,0,0,0,0,0,0,1,0,1,0,0,0,,0,0,0,0,0,0,0,0,0,0,0,0,0,0,0,0,,,,,,41-45,36-45,State route,U,Friday,Belt Used,PV,Not Fatal,0,0,0,0,State Route,Municipal/City Police,SeaTac Police Department,0,1,0,0,0,,,,,,0,0,0,,,,,,,,,,,98,98,98,0,,,,,20,7,,,,,,,,1,0,,,,,,
2020,227,EA47157,55,07/11/2020,0:16,11,7,,33,King,100,1,,3,1,2,1,0,2,2,0:17,0:22,,12,0,6,0,2,0,2,3,2,4,6,0,0,3,3,W VALLEY HWY N,15th St NW,-122.2498667,47.32250278,0,1,86,17,2,35,5,0,0,1,5,12,1,1,5,1,1,1,1,53,0,12,37,2003,0,,12,,,,,,1,1,57,1,7,,4,7,99,7,11,0,07/11/2020,0:16,10053032950,32950,0,0,0,3,1,39,,,,96,,,,,,98,,,,,,98003,53,70,243,6,1,0,1,0,0,,0,,,,,,0,12/15/2015,12/15/2015,99,0,0,0,0,9,8,,,0,,,8,8,2,401,417,128,1,1,1,2,1,0,,,,,,,,,,,,,,,,,,,,,,,,,,,,,,0,0,0,1,0,0,1,1,0,0,0,0,0,0,0,0,0,0,0,0,0,0,0,0,0,0,0,0,0,1,1,0,0,0,0,,1,0,0,0,0,0,1,1,0,0,0,0,0,0,1,0,,,,,,56-60,56-65,City street,U,Saturday,Unknown,PV,White,1,0,0,0,City Street,Municipal/City Police,Auburn Police Department,0,0,0,1,0,,,,,,0,0,0,1,,,,,177,,,,,98,98,98,1,,,,,20,7,,,,,,,,1,0,,,,,,
2020,320,EA51645,25,07/29/2020,16:05,29,7,,33,King,0,1,,1,1,2,1,0,5,2,,,,12,0,6,5.4,1,0,1,5,1,2,4,0,0,0,0,CR-VEAZIE CUMBERLAND RD,,-121.9370278,47.27109722,0,2,98,60,4,40,4,0,0,1,5,12,1,1,2,1,12,4,1,53,0,20,37,2015,0,,12,,,,,,1,1,23,8,0,,0,0,3,0,11,0,,,,,0,0,0,1,1,0,,,,96,,,,,,0,,,,,,98003,53,71,270,1,1,0,0,0,1,,97,,,,,,0,02/15/2015,10/15/2020,20,0,0,0,8,9,8,,,0,,,8,8,0,0,,,0,,,0,0,996,,,,,,,,,,,,,,,,,,,,,,,,,,,,,,0,0,0,0,0,0,0,0,0,0,0,0,0,1,0,0,0,0,0,0,0,0,0,1,1,1,1,1,1,1,0,0,0,0,0,,0,0,0,0,0,0,0,0,0,0,0,1,0,0,0,0,,,,,,21-25,16-25,County road,R,Wednesday,Belt Used,PV,Not Fatal,0,0,0,0,County Road,County Sheriff,King County Police,0,0,1,0,0,,,,,,0,0,3,,,,,,,,,,,98,98,98,0,,,,,20,7,,,,,,,,1,0,,,VEAZIE-CUMBERLAND RD SE,5.385,,
2020,316,EA60052,25,08/24/2020,11:11,24,8,,33,King,735,1,,1,1,2,1,0,2,2,11:24,11:35,11:52,12,0,2,9999.8,1,0,1,3,1,4,6,0,0,0,0,CR-PEASLEY CANYON RD S,,-122.2780417,47.31093056,0,2,51,62,4,40,80,0,0,1,5,12,3,2,2,1,14,1,1,53,0,37,706,2004,0,,12,,,,,,1,1,63,1,7,,4,7,20,7,11,0,08/24/2020,11:11,73553039837,39837,0,0,3,3,1,0,,,,96,,,,,,98,,,,,,98003,53,70,210,6,1,0,0,0,1,,0,,,,,,0,04/15/2019,04/15/2019,20,8,0,0,0,9,8,,,0,,,8,8,2,695,605,996,1,1,1,2,1,0,,,,,,,,,,,,,,,,,,,,,,,,,,,,,,0,0,0,0,1,1,1,1,1,0,0,0,0,0,0,0,0,0,0,0,0,0,0,0,0,0,0,0,1,1,0,0,0,0,1,0,0,0,0,0,0,0,1,1,0,0,0,0,0,0,1,0,,,,,,61-65,56-65,City street,R,Monday,,MC,White,0,1,1,0,City Street,County Sheriff,King County Police,0,0,0,1,0,thc,1.4,carboxy-thc,5.4,,0,0,0,,,,,,,,,,,0,0,0,1,,,,,5,0,,,,,,,nms,1,0,,,,,,
2020,360,EA64583,290,09/18/2020,5:53,18,9,,53,Pierce,2230,10,,3,1,2,1,0,1,1,,,,42,0,0,0,3,0,3,4,2,4,6,0,0,0,0,96TH ST S,S HOSMER ST,-122.4637083,47.17016667,0,1,6,8,1,35,4,0,0,1,2,42,1,2,3,5,1,1,2,53,0,39,32,1997,0,,68,64,42,40,,,1,1,32,1,2,,4,7,3,0,11,0,09/18/2020,5:53,2.23053E+11,144339,0,0,0,0,1,0,,,,96,,,,,,98,,,,,,98003,53,,999,0,0,0,0,0,0,,0,,,,,,3,,,1,0,0,0,0,9,8,,,0,,,8,8,2,695,605,,1,1,,2,1,0.121,,,,,,,,,,,,,,,,,,,,,,,,,,,,,,0,0,1,1,1,1,1,1,1,0,0,0,1,1,0,0,0,0,0,0,0,0,0,0,0,0,0,0,0,1,0,0,0,0,0,,1,0,0,0,0,1,1,1,0,1,0,1,0,0,0,1,,,,,,31-35,26-35,City street,U,Friday,Belt Used,PV,Hispanic,1,0,0,0,City Street,Municipal/City Police,Tacoma Police Department,0,0,0,1,0,thc,12,carboxy-thc,20,,0,0,0,,,,,,,,,,,0,0,0,98,,,,,20,7,,,,,,,nms,1,0,,,,,,
2021,103,EB22784,2,03/21/2021,21:02,21,3,,61,Snohomish,0,2,,2,2,2,1,0,4,2,,,,24,0,0,187.1,1,0,1,1,2,1,1,0,0,0,0,I-5,,-122.224175,47.88969444,0,2,98,98,7,60,15,0,0,1,5,54,1,1,4,3,1,2,3,53,0,7,422,2017,0,,54,,,,,,1,1,61,1,0,,0,0,3,0,11,0,,,,,0,0,3,3,1,0,,,,96,,,,,,96,,,,,,98003,53,70,180,6,1,0,0,0,0,,0,,,,,,0,,,20,0,0,0,8,9,8,,,0,,,8,8,0,0,,,0,,,0,0,996,,,,,,,,,,,,,,,,,,,,,,,,,,,,,,0,0,1,0,1,0,1,1,1,0,0,0,1,1,0,0,0,0,0,0,0,0,0,0,0,0,0,0,0,1,0,0,0,0,0,,0,0,0,0,0,0,0,0,0,0,0,0,0,0,0,0,,,,,,61-65,56-65,Interstate,U,Sunday,Belt Used,PV,Not Fatal,0,1,0,0,State Route,State Patrol,Washington State Patrol,1,1,0,0,0,,,,,,0,0,0,,,,,,,,,,,98,98,98,0,,,,,20,,,,,,,,,1,14,,,,,,
2021,609,EB44315,129,06/24/2021,12:39,24,6,,53,Pierce,0,1,,1,1,2,1,0,4,2,,,,12,0,6,0,2,0,2,5,2,2,6,0,3,20,3,68TH AVE E,10TH ST E,-122.3389444,47.24813889,0,1,88,17,2,30,20,0,0,1,2,12,1,2,2,1,4,1,3,53,0,12,444,2021,0,,12,,,,,,1,1,53,1,0,,1,0,3,0,11,0,,,,,0,0,0,3,1,38,,,,96,,,,,,98,,,,,,98003,53,69,200,6,1,0,0,0,0,,97,,,,,,0,,,8,0,0,0,8,9,8,,,0,,,8,8,0,0,,,0,,,0,0,996,,,,,,,,,,,,,,,,,,,,,,,,,,,,,,0,0,0,1,0,0,0,0,0,0,0,0,0,0,0,0,0,0,1,0,0,0,0,0,0,0,0,0,0,1,0,0,0,0,0,,0,0,0,0,0,0,0,0,0,0,1,0,0,0,0,0,,,,,,51-55,46-55,City street,U,Thursday,Belt Used,PV,Not Fatal,1,0,0,0,County Road,Municipal/City Police,Fife Police Department,0,0,1,0,0,,,,,,0,0,0,,,,,,,,,,,98,98,98,0,,,,,20,,,,,,,,,1,0,,,010 ST E,0.12,NULL,
2021,395,EB74826,7,10/02/2021,3:43,2,10,,33,King,1960,10,,3,1,1,1,0,3,3,,,,12,0,1,170.8,1,0,1,1,2,1,1,0,0,0,0,I-5,,-122.3216472,47.68224722,0,2,24,61,4,60,6,0,0,1,2,12,2,2,3,3,14,1,1,53,0,49,46,2016,0,,12,64,39,,,,1,1,27,1,0,,0,0,3,0,11,0,,,,,0,0,0,3,1,0,,,,96,,,,,,98,,,,,,98003,53,69,198,6,1,0,0,0,0,,0,,,,,,0,,,8,0,0,0,8,9,8,,,0,,,8,8,0,0,,,0,,,0,0,996,,,,,,,,,,,,,,,,,,,,,,,,,,,,,,0,0,0,0,0,0,0,0,0,0,0,0,0,1,1,0,0,0,1,0,0,0,0,0,0,0,0,0,1,1,0,0,0,0,0,,0,0,0,0,0,0,0,0,0,0,0,0,0,0,0,0,,,,,,26-30,26-35,Interstate,U,Saturday,Belt Used,PV,Not Fatal,0,0,0,0,State Route,State Patrol,Washington State Patrol,0,1,0,0,0,,,,,,0,0,0,,,,,,,,,,,98,98,98,0,,,,,20,,,,,,,,,1,19,,,,,,