year,case,par,repjur,crash_dt,crash_tm,accday,accmon,holiday,county,co_char,city,weather,weather2,lightcond,surfcond,surftype,numfatal,nmforms,pforms,vforms,not_tm,arr_tm,hosp_tm,fhevent,hitrun,manncol,milepnt,reljunc,reljuncinter,intersectiontype,funcsystem,landuse,ownership,route,schlbus,spejur,contdev,devfunc,trafid1,trafid2,x,y,wk_zone,vnumber,crashtype,criticalevent,criticaleventcat,spdlim,body,trailer,emerg,hazcargo,leave,mhevent,roadalgn,roadprof,traflane,trafflow,vehmanvr,numoccs,regowner,regstate,spuse,make,model,modelyr,vrf1,vrf2,seqevent1,seqevent2,seqevent3,seqevent4,seqevent5,seqevent6,pnumber,ptype,age,sex,hispanic,race,injury,diedscene,restraint,restraintmisuse,seatpos,takehosp,death_dt,death_tm,cert,cernum_wa,commlic,licendor,licrestrict,liccomp,drivpres,drf1,drf2,drf3,drf4,distract1,distract2,distract3,distract4,distract5,distract6,dricond1,dricond2,dricond3,dricond4,dricond5,dricond6,dzip,licstate,drhgt_in,weight,noncdl,noncdltype,prevdwi,prevoth,prevacc,prevspd,prevsus,driviol1,driviol2,driviol3,driviol4,driviol5,driviol6,spdrel,first_dt,last_dt,airbag,ejection,ejectpath,extricat,injurwrk,methalc,methdrug,nmlocat,strikveh,prf1,prf2,prf3,druginv,alcinvol,drugsts,drugres1,drugres2,drugres3,drugtst1,drugtst2,drugtst3,alcsts,alctst,alcres,nmact1,nmact2,nmact3,nmact4,nmact5,nmact6,nmprior1,nmprior2,nmprior3,nmprior4,nmprior5,nmprior6,nmcond1,nmcond2,nmcond3,nmcond4,nmcond5,nmcond6,nmsafe_helmet,nmsafe_pads,nmsafe_oth,nmprev_ref,nmprev_lgt,nmprev_oth,crashlocation,nmcrashtype,crosswalk,schoolzone,sidewalk,train_inv,wildlife_inv,rotr_fars,intersect_fars,dd_inv,aid_inv,dpd_inv,id_inv,mj_inv,impnm_inv,ainm_inv,dpnm_inv,speed_inv,unlic_inv,unendmc_inv,drowsy_inv,drdist_inv,nmdist_inv,fty_inv,unrestfat_inv,dr1617_inv,dr1820_inv,dr1620_inv,dr2125_inv,dr1625_inv,dr65_inv,dr70_inv,dr75_inv,mc_inv,pv_inv,ht_inv,ped_inv,bike_inv,unrest_fat,mc_fat,unhelmet_mc,pv_fat,ht_fat,ped_fat,bike_fat,dr_alc7,dr_alc8,dr_drug,dr_imp,dr_dist,dr_spd,dr_fty,dr_unlic,dr_alc7only,dr_alc8only,dr_drugonly,dr_drink,nm_imp,nm_alc7,nm_alc8,nm_drug,nm_dist,agegrp1,agegrp2,roadclass,urbrur,dayweek,restuse,vehtype,race_me,intersect,lanedep,oppdir,wrongway,rep_typ,investag,repag_long,rotr,st_rd,cty_rd,city_rd,oth_rd,drug_thc,thc_res,drug_cthc,cthc_res,drug_cann,prevpersemin,prevperse,prevsusoth,drugtst4,drugtst5,drugtst6,drugtst7,drugtst8,drugres4,drugres5,drugres6,drugres7,drugres8,adspresent,adsengaged,adslevel,race1,race2,race3,race4,race5,helmet,helmetmisuse,nmdistract1,nmdistract2,nmdistract3,nmdistract4,nmdistract5,nmdistract6,lab,isedtcase,crf1,crf2,crf3,CoRoadName,CoMP,IntCoRoadName,IntCoMP
2021,403,EB76274,112,10/09/2021,1:58,9,10,,53,Pierce,586,1,,2,1,2,1,1,1,1,,,,8,0,0,33.7,1,0,1,3,2,1,3,0,0,0,0,SR-161,,-122.2938611,47.25508056,0,1,13,80,5,35,4,0,0,1,2,8,1,2,5,5,1,1,2,53,0,59,35,2012,0,,8,,,,,,1,1,18,1,0,,0,0,3,0,11,0,,,,,0,0,0,3,1,0,,,,92,,,,,,98,,,,,,98003,53,69,148,6,1,0,0,0,0,,0,,,,,,0,,,20,0,0,0,8,9,8,,,0,,,8,8,8,95,,,96,,,8,95,995,,,,,,,,,,,,,,,,,,,,,,,,,,,,,,0,0,0,0,0,0,0,0,0,1,1,0,0,0,0,0,1,0,0,0,0,1,1,0,1,0,0,0,0,1,0,1,0,0,0,,0,0,0,0,0,0,0,0,1,0,0,0,0,0,0,0,,,,,,18-20,16-25,State route,U,Saturday,Belt Used,PV,Not Fatal,0,0,0,0,State Route,Municipal/City Police,Edgewood Police Department,0,1,0,0,0,,,,,,0,0,0,,,,,,,,,,,98,98,98,0,,,,,20,,,,,,,,,1,0,,,,,,
2021,436,EB83156,242,10/28/2021,23:36,28,10,,53,Pierce,1770,2,,3,2,1,1,1,1,1,,,,8,0,0,0,1,0,1,3,2,4,6,0,0,0,0,39TH AVE SW,,-122.2953639,47.15485833,0,1,13,80,5,35,4,0,0,1,5,8,1,2,5,5,15,1,1,53,0,35,47,2016,0,,8,,,,,,1,1,34,1,0,,0,0,99,7,11,0,,,,,0,0,0,2,1,10,,,,0,,,,,,9,,,,,,98003,53,67,195,2,1,0,0,0,0,,97,,,,,,0,,,1,0,0,0,8,9,8,,,0,,,1,8,2,605,,,1,,,2,1,0,,,,,,,,,,,,,,,,,,,,,,,,,,,,,,0,0,0,0,0,0,1,1,1,0,0,0,0,1,0,0,0,0,0,0,0,0,0,0,0,0,0,0,0,1,0,1,0,0,0,,0,0,0,0,0,0,1,1,0,0,0,1,0,0,1,0,,,,,,31-35,26-35,City street,U,Thursday,Unknown,PV,Not Fatal,0,0,0,0,City Street,Municipal/City Police,Puyallup Police Department,0,0,0,1,0,thc,11,carboxy-thc,888,,0,0,0,,,,,,,,,,,98,98,98,0,,,,,20,,,,,,,,,1,23,,,,,,
2021,501,EB94286,7,11/19/2021,16:32,19,11,,33,King,109,10,,3,1,2,1,1,2,1,,,,8,1,0,9.3,19,1,1,1,2,1,1,0,0,0,0,I-405,,-122.1894056,47.55831944,0,1,98,98,7,60,4,0,0,1,5,8,1,1,3,3,1,2,2,53,0,59,35,2016,0,,63,8,,,,,1,1,19,1,0,,0,0,3,0,11,0,,,,,0,0,0,3,1,6,,,,96,,,,,,98,,,,,,98003,53,75,185,6,1,0,1,0,2,,97,,,,,,0,05/15/2020,09/15/2021,20,0,0,0,8,9,8,,,0,,,8,8,0,0,,,0,,,0,0,996,,,,,,,,,,,,,,,,,,,,,,,,,,,,,,0,0,0,0,0,0,0,0,0,0,0,0,0,0,0,0,0,0,0,0,0,1,1,0,1,0,0,0,0,1,0,1,0,0,0,,0,0,0,0,0,0,0,0,0,0,0,0,0,0,0,0,,,,,,18-20,16-25,Interstate,U,Friday,Belt Used,PV,Not Fatal,0,0,0,0,State Route,State Patrol,Washington State Patrol,0,1,0,0,0,,,,,,0,0,0,,,,,,,,,,,98,98,98,0,,,,,20,,,,,,,,,1,0,,,,,,
2021,525,EC00695,7,12/04/2021,1:44,4,12,,33,King,1030,10,,6,1,1,1,0,5,3,,,,12,0,1,148.1,1,0,1,1,2,1,1,0,0,0,0,I-5,,-122.2921306,47.37606944,0,3,98,53,3,60,4,0,0,1,2,12,1,2,5,3,5,1,3,53,0,6,51,2012,0,,12,12,,,,,1,1,31,2,0,,0,0,3,0,11,0,,,,,0,0,0,3,1,0,,,,96,,,,,,98,,,,,,98003,53,65,168,6,1,0,0,0,0,,0,,,,,,0,,,20,0,0,0,8,9,8,,,0,,,8,8,8,95,,,96,,,8,95,995,,,,,,,,,,,,,,,,,,,,,,,,,,,,,,0,0,0,0,1,1,0,1,0,0,0,0,1,1,0,0,0,0,0,0,0,0,0,1,1,0,0,0,0,1,0,0,0,0,0,,0,0,0,0,0,0,0,0,0,0,0,0,0,0,0,0,,,,,,31-35,26-35,Interstate,U,Saturday,Belt Used,PV,Not Fatal,0,0,0,0,State Route,State Patrol,Washington State Patrol,0,1,0,0,0,,,,,,0,0,0,,,,,,,,,,,98,98,98,0,,,,,20,,,,,,,,,1,23,,,,,,
2019,164,E926984,1,05/28/2019,15:11,28,5,,23,Garfield,0,1,0,1,1,2,1,0,8,7,,,,12,0,1,402,1,0,1,3,1,1,2,0,0,50,3,US-12,,-117.5644694,46.47478889,1,4,98,50,3,55,80,0,0,1,2,12,1,1,2,1,5,1,1,53,0,34,706,2012,0,0,12,,,,,,1,1,52,1,0,,0,0,20,7,11,0,,,,,0,0,3,3,1,0,0,0,0,0,,,,,,0,,,,,,98004,53,73,200,6,1,0,0,0,0,,0,,,,,,0,,,20,8,0,0,8,9,8,,,0,0,0,8,0,8,95,,,96,,,8,95,995,,,,,,,,,,,,,,,,,,,,,,,,,,,,,,0,0,0,0,0,0,0,0,0,0,0,0,0,0,0,0,1,0,0,0,0,0,0,0,0,1,1,0,1,1,1,0,0,0,0,0,0,0,0,0,0,0,0,0,0,0,0,0,0,0,0,0,,,,,,51-55,46-55,US highway,R,Tuesday,,MC,Not Fatal,0,0,0,0,State Route,State Patrol,Washington State Patrol,0,1,0,0,0,,,,,,0,0,0,,,,,,,,,,,0,0,0,0,,,,,5,0,,,,,,,,,,,,,,,
2019,292,E952454,59,08/14/2019,7:51,14,8,,33,King,109,1,0,1,1,2,1,1,2,1,,,,9,0,0,0,2,0,3,7,2,4,6,0,0,0,0,NE 8TH ST,134TH AVE NE,-122.1616583,47.61723333,0,1,13,83,5,35,5,0,0,1,7,9,1,2,5,1,11,2,2,53,0,49,46,2005,0,0,9,,,,,,1,1,48,2,0,,0,0,3,0,11,0,,,,,0,0,3,3,1,10,0,0,0,96,,,,,,0,,,,,,98004,53,61,117,6,1,0,0,0,0,,0,,,,,,0,,,20,0,0,0,8,9,8,,,0,0,0,8,0,8,95,,,96,,,8,95,995,,,,,,,,,,,,,,,,,,,,,,,,,,,,,,0,0,0,1,0,0,0,0,0,1,0,1,0,0,0,0,0,0,0,0,0,0,0,0,0,0,0,0,0,1,0,0,1,0,0,,0,0,0,0,0,0,0,0,0,0,0,0,0,0,0,0,,,,,,46-50,46-55,City street,U,Wednesday,Belt Used,PV,Not Fatal,1,0,0,0,City Street,Municipal/City Police,Bellevue Police Department,0,0,0,1,0,,,,,,0,0,0,,,,,,,,,,,98,98,98,0,,,,,20,7,,,,,,,,,,,,,,,
2020,357,EA63817,59,09/14/2020,7:00,14,9,,33,King,109,5,,1,1,2,1,1,1,1,,,,8,0,0,0,3,0,2,4,2,4,6,0,0,3,3,140TH AVE NE,NE 20th St,-122.1537417,47.62792778,0,1,13,16,2,30,34,0,0,1,2,8,1,1,5,1,10,1,2,53,0,49,482,2017,0,,8,,,,,,1,1,55,1,0,,0,0,3,0,11,0,,,,,0,0,0,3,1,10,38,,,0,,,,,,98,,,,,,98004,53,72,189,6,1,0,1,0,1,,0,,,,,,0,01/15/2019,06/15/2020,20,0,0,0,8,9,8,,,0,,,8,8,2,1,,,1,,,2,1,0,,,,,,,,,,,,,,,,,,,,,,,,,,,,,,0,0,0,1,0,0,0,0,0,0,0,0,0,0,0,0,0,0,1,0,0,0,0,0,0,0,0,0,0,1,0,1,0,0,0,,0,0,0,0,0,0,0,0,0,0,1,0,0,0,0,0,,,,,,51-55,46-55,City street,U,Monday,Belt Used,PV,Not Fatal,1,0,0,0,City Street,Municipal/City Police,Bellevue Police Department,0,0,0,1,0,,,,,,0,0,0,,,,,,,,,,,98,98,98,0,,,,,20,7,,,,,,,,1,0,,,,,,
2021,519,EB99501,297,12/04/2021,13:16,4,12,,33,King,2310,2,,1,2,2,1,0,7,3,,,,12,0,2,0,1,0,1,4,2,4,6,0,0,0,0,S RYAN WAY,,-122.2769556,47.50768333,0,2,51,62,4,35,15,0,0,1,2,12,3,2,4,1,14,5,2,53,0,54,421,2012,0,,12,,,,,,1,1,44,1,0,,1,0,3,0,11,0,,,,,0,0,0,3,1,0,,,,96,,,,,,98,,,,,,98004,53,74,170,6,1,0,0,0,1,,0,,,,,,0,08/15/2018,08/15/2018,8,0,0,0,8,9,8,,,0,,,8,8,8,95,,,96,,,8,95,995,,,,,,,,,,,,,,,,,,,,,,,,,,,,,,0,0,0,0,1,1,1,1,1,0,0,0,1,0,0,0,0,0,0,1,0,0,0,0,0,0,0,0,0,1,0,0,0,0,0,,0,0,0,0,0,0,0,0,0,0,0,0,0,0,0,0,,,,,,41-45,36-45,City street,U,Saturday,Belt Used,PV,Not Fatal,0,1,1,0,City Street,Municipal/City Police,Tukwila Police Department,0,0,0,1,0,,,,,,0,0,0,,,,,,,,,,,98,98,98,0,,,,,20,,,,,,,,,1,0,,,,,,
2020,87,EA28702,59,03/22/2020,15:59,22,3,,33,King,109,10,,1,1,2,1,1,2,1,,,,9,0,0,0,2,0,3,4,2,4,6,0,0,0,0,NORTHUP WAY,NE 8th St,-122.1072694,47.61686667,0,1,13,15,2,35,20,0,0,1,2,9,3,2,3,1,11,2,2,53,0,37,441,2004,0,,9,,,,,,1,1,44,2,0,,0,0,3,0,11,0,,,,,0,0,0,3,1,38,,,,92,,,,,,0,,,,,,98005,53,63,130,6,1,0,0,0,0,,97,,,,,,0,,,20,0,0,0,8,3,8,,,0,,,8,8,0,0,,,0,,,0,0,996,,,,,,,,,,,,,,,,,,,,,,,,,,,,,,0,0,0,1,0,0,0,0,0,0,0,0,0,0,0,0,1,0,1,0,0,0,0,0,0,0,0,0,0,1,0,0,1,0,0,,0,0,0,0,0,0,0,0,1,0,1,0,0,0,0,0,,,,,,41-45,36-45,City street,U,Sunday,Belt Used,PV,Not Fatal,1,0,0,0,City Street,Municipal/City Police,Bellevue Police Department,0,0,0,1,0,,,,,,0,0,0,,,,,,,,,,,98,98,98,0,,,,,20,7,,,,,,,,1,0,,,,,,
2020,498,EA83726,163,11/20/2020,12:33,20,11,,33,King,1050,1,,1,2,2,1,0,3,2,12:39,12:40,13:09,12,0,6,0,2,0,3,3,2,4,6,0,0,20,3,124TH AVE NE,NE 104TH ST,-122.1757667,47.69316944,0,1,82,15,2,35,4,0,0,1,5,12,1,1,3,1,11,1,2,53,0,37,38,2018,0,,12,,,,,,1,1,18,1,0,,0,0,3,0,11,0,,,,,0,0,0,3,1,48,,,,96,,,,,,0,,,,,,98005,53,72,165,6,2,0,0,0,1,,46,,,,,,0,08/15/2019,08/15/2019,8,0,0,0,8,9,8,,,0,,,8,8,0,0,,,0,,,0,0,996,,,,,,,,,,,,,,,,,,,,,,,,,,,,,,0,0,0,1,0,0,0,0,0,0,0,0,0,0,0,0,0,0,0,0,0,1,1,0,1,1,1,1,0,1,0,0,0,0,0,,0,0,0,0,0,0,0,0,0,0,0,0,0,0,0,0,,,,,,18-20,16-25,City street,U,Friday,Belt Used,PV,Not Fatal,1,0,0,0,City Street,Municipal/City Police,Kirkland Police Department,0,0,0,1,0,,,,,,0,0,0,,,,,,,,,,,98,98,98,0,,,,,20,7,,,,,,,,1,0,,,,,,
2021,526,EC00697,7,12/08/2021,18:51,8,12,,33,King,735,1,,3,1,2,1,0,1,1,,,,24,0,0,141.7,1,0,1,1,2,1,1,0,0,0,0,I-5,,-122.3081444,47.28577778,0,1,2,9,1,60,1,0,0,1,2,1,1,1,5,3,1,1,9,99,0,41,45,2007,0,,63,24,1,,,,1,1,56,1,7,,4,0,20,7,11,5,12/14/2021,13:16,1.96053E+11,64766,0,0,3,2,1,0,,,,96,,,,,,98,,,,,,98005,53,72,150,1,1,0,0,0,0,,0,,,,,,4,,,8,1,9,0,0,9,8,,,0,,,8,8,0,0,,,0,,,0,0,996,,,,,,,,,,,,,,,,,,,,,,,,,,,,,,0,0,0,0,0,0,0,0,0,0,0,0,1,1,0,0,0,0,0,1,0,0,0,0,0,0,0,0,0,1,0,0,0,1,0,,1,0,0,0,0,0,0,0,0,1,0,1,0,0,0,0,,,,,,56-60,56-65,Interstate,U,Wednesday,Not Used,PV,White,0,1,0,0,State Route,State Patrol,Washington State Patrol,1,1,0,0,0,,,,,,0,0,0,,,,,,,,,,,98,98,98,1,,,,,20,,,,,,,,,1,0,,,,,,
2017,234,E689913,7,07/03/2017,16:39,3,7,5,33,King,1960,1,0,1,1,1,1,0,2,2,,,,12,0,1,163.5,1,0,1,1,2,1,1,0,0,0,0,I-5,,-122.3200472,47.57328056,0,1,28,52,3,60,80,0,0,1,2,12,1,1,5,3,2,1,2,53,0,76,705,2015,0,0,12,,,,,,1,1,45,1,7,1,4,7,5,0,11,0,07/03/2017,16:39,1.96053E+11,29593,0,0,0,3,1,0,0,0,0,96,,,,,,99,,,,,,98006,53,67,180,6,1,0,0,0,2,0,0,,,,,,4,12/15/2013,06/15/2016,20,8,0,0,0,9,8,,,0,0,0,8,0,2,1,0,0,1,0,0,2,1,0,,,,,,,,,,,,,,,,,,,,,,,,,,,,,,0,0,0,0,0,0,0,0,0,0,0,0,1,0,0,0,0,0,0,0,0,0,0,0,0,0,0,0,1,1,0,0,0,0,1,0,0,0,0,0,0,0,0,0,0,1,0,0,0,0,0,0,,,,,,41-45,36-45,Interstate,U,Monday,,MC,White,0,0,0,0,State Route,State Patrol,Washington State Patrol Headquarter,0,1,0,0,0,,,,,,,,,,,,,,,,,,,,,,,,,,,,,,,,,,,,,,,,,,,
2018,307,E832464,7,07/22/2018,1:55,22,7,0,33,King,1030,1,0,3,1,2,1,1,6,4,,,,8,0,0,3.5,1,0,1,3,2,1,3,0,0,3,3,SR-516,,-122.270425,47.37678056,0,3,98,60,4,50,4,0,0,1,7,12,1,2,7,1,5,2,1,53,0,49,32,2015,0,0,12,12,,,,,1,1,41,1,0,0,0,0,3,0,11,0,,,,,0,0,0,3,1,0,0,0,0,96,,,,,,0,,,,,,98006,53,67,190,6,1,0,1,0,0,,0,,,,,,0,09/15/2013,09/15/2013,8,0,0,0,8,9,8,,,0,0,0,8,9,8,95,,,96,,,8,95,995,,,,,,,,,,,,,,,,,,,,,,,,,,,,,,0,0,0,0,0,0,0,0,0,0,0,0,0,0,0,0,0,0,0,0,0,0,0,0,0,0,0,0,0,1,0,1,0,0,0,,0,0,0,0,0,0,0,0,0,0,0,0,0,0,0,0,,,,,,41-45,36-45,State route,U,Sunday,Belt Used,PV,Not Fatal,1,0,0,0,State Route,State Patrol,Washington State Patrol Headquarter,0,1,0,0,0,,,,,,0,0,0,,,,,,,,,,,,,,,,,,,,,,,,,,,,,,,,,,,
2021,201,EB43920,7,06/07/2021,3:54,7,6,,33,King,0,2,,2,2,2,1,0,3,2,,,,12,0,2,11,1,0,1,3,1,1,3,0,0,0,0,SR-900,,-122.0771333,47.51391944,0,1,50,10,2,40,4,0,0,1,2,12,2,2,2,1,14,2,2,53,0,12,37,2013,0,,68,12,,,,,1,1,36,1,7,,4,7,3,0,11,0,06/07/2021,3:54,53028880,28880,0,0,0,3,1,28,,,,96,,,,,,98,,,,,,98006,53,73,260,6,1,0,0,0,1,,0,,,,,,4,05/15/2017,06/15/2018,1,0,0,0,0,9,8,,,0,,,8,8,2,996,128,157,1,1,1,2,1,0,,,,,,,,,,,,,,,,,,,,,,,,,,,,,,0,0,0,0,0,0,1,1,0,0,0,0,1,0,0,0,0,0,0,0,0,0,0,0,0,0,0,0,0,1,1,0,0,0,0,,1,0,0,0,0,0,1,1,0,1,0,0,0,0,1,0,,,,,,36-40,36-45,State route,R,Monday,Belt Used,PV,White,0,1,1,0,State Route,State Patrol,Washington State Patrol,0,1,0,0,0,,,,,,0,0,1,1,1,,,,401,417,,,,98,98,98,1,,,,,20,,,,,,,,,1,0,,,,,,
2021,474,EB90445,7,10/22/2021,23:23,22,10,,33,King,1960,10,,2,1,1,1,0,3,2,,,,12,0,1,3,1,0,1,1,2,1,1,0,0,0,0,I-90,,-122.2739639,47.58967222,0,2,25,53,3,60,14,0,0,1,2,12,1,1,4,3,1,2,1,42,0,49,402,2015,0,,12,63,3,,,,1,1,34,2,0,,0,0,3,0,11,0,,,,,0,0,0,3,1,0,,,,96,,,,,,98,,,,,,98006,53,64,150,6,1,0,0,0,1,,0,,,,,,4,08/15/2021,08/15/2021,20,0,0,0,8,9,8,,,0,,,8,8,0,0,,,0,,,0,0,996,,,,,,,,,,,,,,,,,,,,,,,,,,,,,,0,0,0,0,1,1,0,1,0,0,0,0,1,0,0,0,0,0,0,0,0,0,0,0,0,0,0,0,1,1,0,0,0,0,0,,0,0,0,0,0,0,0,0,0,1,0,0,0,0,0,0,,,,,,31-35,26-35,Interstate,U,Friday,Belt Used,PV,Not Fatal,0,0,0,0,State Route,State Patrol,Washington State Patrol,0,1,0,0,0,,,,,,0,0,0,,,,,,,,,,,98,98,98,0,,,,,20,,,,,,,,,1,0,,,,,,
2017,155,E680840,7,05/15/2017,18:59,15,5,0,33,King,1640,1,0,1,2,2,1,0,4,4,,,,12,0,1,0.3,20,0,1,3,2,1,3,0,0,1,3,SR-167 RAMP R101262,,-122.2598056,47.27323889,0,4,98,53,3,98,3,0,0,1,2,12,1,2,1,6,5,1,5,53,0,36,38,2017,0,0,12,,,,,,1,1,34,1,0,0,0,0,3,0,11,0,,,,,0,0,0,3,1,0,0,0,0,0,,,,,,0,,,,,,98007,53,71,200,6,1,0,0,0,0,0,0,,,,,,0,,,20,0,0,0,8,9,8,,,0,0,0,8,0,0,0,0,0,0,0,0,0,0,996,,,,,,,,,,,,,,,,,,,,,,,,,,,,,,0,0,0,0,0,0,1,1,1,0,0,0,1,1,0,0,1,0,0,0,0,0,0,0,0,0,0,0,0,1,1,0,0,0,0,,0,0,0,0,0,0,0,0,0,0,0,0,0,0,0,0,,,,,,31-35,26-35,State route,U,Monday,Belt Used,PV,Not Fatal,1,0,0,0,State Route,State Patrol,Washington State Patrol Headquarter,0,1,0,0,0,,,,,,,,,,,,,,,,,,,,,,,,,,,,,,,,,,,,,,,,,,,
2018,368,E849167,2,10/10/2018,14:14,10,10,0,57,Skagit,0,1,0,1,1,2,1,0,4,3,,,,12,0,1,238,1,0,1,1,1,1,1,0,0,0,0,I-5,,-122.3463444,48.57909444,0,1,28,52,3,60,66,1,0,1,5,12,1,1,3,3,15,1,3,53,0,51,881,2015,0,0,12,,,,,,1,1,63,1,0,0,0,0,3,0,11,0,,,,,6,3,0,3,1,0,0,0,0,93,,,,,,0,,,,,,98007,53,67,179,6,1,0,0,1,0,,97,,,,,,0,10/15/2015,10/15/2015,20,0,0,0,8,9,8,,,0,0,0,8,0,8,95,,,96,,,8,95,995,,,,,,,,,,,,,,,,,,,,,,,,,,,,,,0,0,0,0,0,0,0,0,0,0,0,0,0,0,0,0,1,0,0,0,0,0,0,0,0,0,0,0,0,1,1,0,0,0,0,,0,0,0,0,0,0,0,0,1,0,0,0,0,0,0,0,,,,,,61-65,56-65,Interstate,R,Wednesday,,MHTRUCK,Not Fatal,0,0,0,0,State Route,State Patrol,Washington State Patrol,0,1,0,0,0,,,,,,0,0,0,,,,,,,,,,,,,,,,,,,,,,,,,,,,,,,,,,,
2018,431,E864873,122,11/17/2018,0:35,17,11,0,61,Snohomish,690,1,0,3,1,2,1,0,1,1,,,,25,0,0,0.1,5,1,1,3,2,1,3,0,0,0,0,SR-526,,-122.2714083,47.921825,0,1,6,12,2,98,4,0,0,1,2,2,2,2,1,6,14,1,1,53,0,7,24,2007,0,0,64,25,18,67,58,1,1,1,38,1,7,2,4,7,99,0,11,0,11/17/2018,0:35,69053050936,50936,0,0,0,3,1,0,0,0,0,96,,,,,,99,,,,,,98007,53,74,215,6,1,0,1,0,0,,0,,,,,,3,12/15/2017,12/15/2017,99,0,0,0,0,9,8,,,0,0,0,8,9,2,996,695,605,1,1,1,2,1,0.054,,,,,,,,,,,,,,,,,,,,,,,,,,,,,,0,0,1,0,1,0,1,1,1,0,0,0,1,0,0,0,0,0,0,0,0,0,0,0,0,0,0,0,0,1,0,0,0,0,0,,1,0,0,0,1,0,1,1,0,1,0,0,0,0,0,1,,,,,,36-40,36-45,State route,U,Saturday,Unknown,PV,Black,0,1,0,0,State Route,Municipal/City Police,Everett Police Department,1,1,0,0,0,thc,10,carboxy-thc,30,,0,0,0,1,1,1,,,996,996,151,,,,,,,,,,,,,,,,,,,,,,,,,,,
2019,434,E991650,59,11/17/2019,19:10,17,11,,33,King,109,2,0,3,2,2,1,1,1,1,,,,8,0,0,0,1,0,1,7,2,4,6,0,0,0,0,145TH PL SE,,-122.1479861,47.59300556,0,1,13,80,5,30,14,0,0,1,7,8,1,1,2,2,1,1,1,53,0,63,401,2011,0,0,8,,,,,,1,1,30,1,0,,0,0,3,0,11,0,,,,,0,0,3,3,1,38,0,0,0,9,,,,,,0,,,,,,98007,53,72,183,6,1,0,0,0,1,,97,,,,,,0,07/15/2016,07/15/2016,20,0,0,0,8,3,2,,,0,0,0,0,1,0,0,,,0,,,0,0,996,,,,,,,,,,,,,,,,,,,,,,,,,,,,,,0,0,0,0,1,0,0,0,0,0,0,0,0,0,0,0,1,0,1,0,0,0,0,0,0,0,0,0,0,1,0,1,0,0,0,,0,0,0,0,0,0,0,0,1,0,1,0,0,0,0,1,,,,,,26-30,26-35,City street,U,Sunday,Belt Used,PV,Not Fatal,0,0,0,0,City Street,Municipal/City Police,Bellevue Police Department,0,0,0,1,0,,,,,,0,0,0,,,,,,,,,,,98,98,98,0,,,,,20,7,,,,,,,,,,,,,,,
2020,471,EA88190,59,11/30/2020,17:19,30,11,,33,King,109,1,,5,1,2,1,1,2,1,17:21,17:27,17:52,8,0,0,0,1,0,1,4,2,4,6,0,0,0,0,NE 8TH ST,,-122.1262139,47.61697778,0,1,13,80,5,30,4,0,0,1,2,8,1,2,3,5,1,2,1,53,0,49,40,2011,0,,8,,,,,,1,1,47,1,0,,0,0,3,0,11,0,,,,,0,0,0,3,1,10,,,,0,,,,,,0,,,,,,98007,53,66,172,6,1,0,0,0,0,,0,,,,,,0,,,20,0,0,0,8,9,8,,,0,,,8,8,8,95,,,96,,,2,98,997,,,,,,,,,,,,,,,,,,,,,,,,,,,,,,0,0,0,0,0,0,0,0,0,0,0,0,0,0,0,0,0,0,0,0,0,0,0,0,0,0,0,0,0,1,0,1,0,0,0,,0,0,0,0,0,0,0,0,0,0,0,0,0,0,0,0,,,,,,46-50,46-55,City street,U,Monday,Belt Used,PV,Not Fatal,0,0,0,0,City Street,Municipal/City Police,Bellevue Police Department,0,0,0,1,0,,,,,,0,0,0,,,,,,,,,,,98,98,98,0,,,,,20,7,,,,,,,,1,0,,,,,,
2021,172,EB38485,127,06/08/2021,17:19,8,6,,33,King,735,1,,1,1,2,1,0,2,2,,,,12,0,1,2.7,3,0,4,3,2,1,3,0,0,0,0,SR-99,1ST AVE S,-122.3347944,47.26606389,0,2,25,53,3,50,67,1,0,1,5,12,1,8,4,1,3,1,2,53,0,7,880,1997,0,,12,,,,,,1,1,85,1,0,,0,0,3,0,11,0,,,,,6,0,0,3,1,0,,,,96,,,,,,98,,,,,,98007,53,67,200,6,1,0,0,1,0,,0,,,,,,0,09/15/2020,09/15/2020,20,0,0,0,8,9,8,,,0,,,8,8,8,95,,,96,,,8,95,995,,,,,,,,,,,,,,,,,,,,,,,,,,,,,,0,0,0,1,1,1,0,1,0,0,0,0,0,0,0,0,1,0,0,0,0,0,0,0,0,1,1,1,0,0,1,0,0,0,0,,0,0,0,0,0,0,0,0,0,0,0,0,0,0,0,0,,,,,,81+,76+,State route,U,Tuesday,,MHTRUCK,Not Fatal,1,0,0,0,State Route,Municipal/City Police,Federal Way Dept of Public Safety,0,1,0,0,0,,,,,,0,0,0,,,,,,,,,,,0,0,0,0,,,,,20,,,,,,,,,1,0,,,,,,