year,case,par,repjur,crash_dt,crash_tm,accday,accmon,holiday,county,co_char,city,weather,weather2,lightcond,surfcond,surftype,numfatal,nmforms,pforms,vforms,not_tm,arr_tm,hosp_tm,fhevent,hitrun,manncol,milepnt,reljunc,reljuncinter,intersectiontype,funcsystem,landuse,ownership,route,schlbus,spejur,contdev,devfunc,trafid1,trafid2,x,y,wk_zone,vnumber,crashtype,criticalevent,criticaleventcat,spdlim,body,trailer,emerg,hazcargo,leave,mhevent,roadalgn,roadprof,traflane,trafflow,vehmanvr,numoccs,regowner,regstate,spuse,make,model,modelyr,vrf1,vrf2,seqevent1,seqevent2,seqevent3,seqevent4,seqevent5,seqevent6,pnumber,ptype,age,sex,hispanic,race,injury,diedscene,restraint,restraintmisuse,seatpos,takehosp,death_dt,death_tm,cert,cernum_wa,commlic,licendor,licrestrict,liccomp,drivpres,drf1,drf2,drf3,drf4,distract1,distract2,distract3,distract4,distract5,distract6,dricond1,dricond2,dricond3,dricond4,dricond5,dricond6,dzip,licstate,drhgt_in,weight,noncdl,noncdltype,prevdwi,prevoth,prevacc,prevspd,prevsus,driviol1,driviol2,driviol3,driviol4,driviol5,driviol6,spdrel,first_dt,last_dt,airbag,ejection,ejectpath,extricat,injurwrk,methalc,methdrug,nmlocat,strikveh,prf1,prf2,prf3,druginv,alcinvol,drugsts,drugres1,drugres2,drugres3,drugtst1,drugtst2,drugtst3,alcsts,alctst,alcres,nmact1,nmact2,nmact3,nmact4,nmact5,nmact6,nmprior1,nmprior2,nmprior3,nmprior4,nmprior5,nmprior6,nmcond1,nmcond2,nmcond3,nmcond4,nmcond5,nmcond6,nmsafe_helmet,nmsafe_pads,nmsafe_oth,nmprev_ref,nmprev_lgt,nmprev_oth,crashlocation,nmcrashtype,crosswalk,schoolzone,sidewalk,train_inv,wildlife_inv,rotr_fars,intersect_fars,dd_inv,aid_inv,dpd_inv,id_inv,mj_inv,impnm_inv,ainm_inv,dpnm_inv,speed_inv,unlic_inv,unendmc_inv,drowsy_inv,drdist_inv,nmdist_inv,fty_inv,unrestfat_inv,dr1617_inv,dr1820_inv,dr1620_inv,dr2125_inv,dr1625_inv,dr65_inv,dr70_inv,dr75_inv,mc_inv,pv_inv,ht_inv,ped_inv,bike_inv,unrest_fat,mc_fat,unhelmet_mc,pv_fat,ht_fat,ped_fat,bike_fat,dr_alc7,dr_alc8,dr_drug,dr_imp,dr_dist,dr_spd,dr_fty,dr_unlic,dr_alc7only,dr_alc8only,dr_drugonly,dr_drink,nm_imp,nm_alc7,nm_alc8,nm_drug,nm_dist,agegrp1,agegrp2,roadclass,urbrur,dayweek,restuse,vehtype,race_me,intersect,lanedep,oppdir,wrongway,rep_typ,investag,repag_long,rotr,st_rd,cty_rd,city_rd,oth_rd,drug_thc,thc_res,drug_cthc,cthc_res,drug_cann,prevpersemin,prevperse,prevsusoth,drugtst4,drugtst5,drugtst6,drugtst7,drugtst8,drugres4,drugres5,drugres6,drugres7,drugres8,adspresent,adsengaged,adslevel,race1,race2,race3,race4,race5,helmet,helmetmisuse,nmdistract1,nmdistract2,nmdistract3,nmdistract4,nmdistract5,nmdistract6,lab,isedtcase,crf1,crf2,crf3,CoRoadName,CoMP,IntCoRoadName,IntCoMP
2021,483,EB92106,6,11/15/2021,19:17,15,11,,25,Grant,0,6,,2,1,2,1,0,3,2,,,,12,0,1,140.3,1,0,1,1,1,1,1,0,0,50,3,I-90,,-119.9720694,47.00457778,0,1,24,51,3,70,34,0,0,1,2,12,3,2,2,3,14,1,1,53,0,7,482,2013,0,,12,,,,,,1,1,57,1,7,,4,7,3,0,11,0,11/15/2021,19:17,53058825,58825,0,0,0,3,1,0,,,,92,,,,,,98,,,,,,98007,53,73,225,6,1,0,0,0,1,,0,,,,,,0,09/15/2017,09/15/2017,1,0,0,0,0,9,8,,,0,,,8,8,0,0,,,0,,,0,0,996,,,,,,,,,,,,,,,,,,,,,,,,,,,,,,0,0,0,0,0,0,0,0,0,0,0,0,0,0,0,0,1,0,0,0,0,0,0,0,0,0,0,0,0,1,1,0,0,0,0,,1,0,0,0,0,0,0,0,1,0,0,0,0,0,0,0,,,,,,56-60,56-65,Interstate,R,Monday,Belt Used,PV,White,0,0,0,0,State Route,State Patrol,Washington State Patrol,0,1,0,0,0,,,,,,0,0,0,,,,,,,,,,,98,98,98,1,,,,,20,,,,,,,,,1,26,,,,,,
2017,60,E644403,2,02/16/2017,10:14,16,2,0,61,Snohomish,0,1,0,1,1,2,1,0,2,2,10:14,10:22,10:39,12,0,1,196.4,1,0,1,1,2,1,1,0,0,0,0,I-5,,-122.1744472,48.01188056,0,1,24,11,2,60,4,0,0,1,2,12,1,1,3,3,15,1,2,53,0,37,31,2010,0,0,64,69,12,,,,1,1,26,1,7,1,4,0,20,0,11,4,02/17/2017,22:45,1.96053E+11,8848,0,0,0,3,1,0,0,0,0,96,,,,,,99,,,,,,98008,53,68,165,6,1,0,0,0,0,0,0,,,,,,4,,,1,0,0,0,0,9,8,,,0,0,0,8,9,2,1,0,0,1,0,0,2,1,0,,,,,,,,,,,,,,,,,,,,,,,,,,,,,,0,0,0,0,0,0,0,0,0,0,0,0,1,0,0,0,0,0,0,1,0,0,0,0,0,0,0,0,0,1,1,0,0,1,0,,1,0,0,0,0,0,0,0,0,1,0,0,0,0,0,0,,,,,,26-30,26-35,Interstate,U,Thursday,Not Used,PV,White,0,0,0,0,State Route,State Patrol,Washington State Patrol Headquarter,0,1,0,0,0,,,,,,,,,,,,,,,,,,,,,,,,,,,,,,,,,,,,,,,,,,,
2018,435,E866544,7,11/24/2018,20:45,24,11,8,33,King,1958,1,0,2,1,2,2,0,7,4,,,,12,0,7,151.5,1,0,1,1,2,1,1,0,0,0,0,I-5,,-122.2843083,47.42241389,0,1,44,52,3,60,4,0,0,1,2,12,1,2,5,3,1,2,1,53,0,24,5,2003,0,0,12,64,24,12,12,,1,1,21,2,7,1,4,7,20,0,11,0,11/24/2018,20:47,1.95853E+11,51692,0,0,0,3,1,0,0,0,0,96,,,,,,9,,,,,,98008,53,67,250,6,1,0,2,1,1,,0,,,,,,4,07/15/2016,09/15/2018,20,1,9,0,0,9,1,,,0,0,0,1,0,2,605,695,,1,1,,2,1,0,,,,,,,,,,,,,,,,,,,,,,,,,,,,,,0,0,0,0,0,0,1,1,1,0,0,0,1,0,0,0,0,0,0,1,0,0,0,1,1,1,1,1,0,1,0,0,0,1,0,,1,0,0,0,0,0,1,1,0,1,0,0,0,0,1,0,,,,,,21-25,16-25,Interstate,U,Saturday,Not Used,PV,White,0,0,0,0,State Route,State Patrol,Washington State Patrol,0,1,0,0,0,thc,40,carboxy-thc,99,,0,0,2,,,,,,,,,,,,,,,,,,,,,,,,,,,,,,,,,,,
2019,137,E918060,2,04/17/2019,17:35,17,4,,57,Skagit,0,10,0,1,1,2,1,0,2,1,,,,1,0,0,1.2,8,0,1,5,1,2,4,0,0,0,0,CR-PIONEER HWY,,-122.3455194,48.31470556,0,1,6,12,2,50,6,0,0,1,2,1,1,1,2,1,11,2,1,53,0,48,45,2008,0,0,64,1,3,,,,1,1,21,2,0,,3,0,99,7,11,1,,,,,0,0,0,3,1,48,0,0,0,96,,,,,,99,,,,,,98008,53,65,107,6,1,0,0,0,0,,0,,,,,,0,,,20,0,0,0,8,9,8,,,0,0,0,8,9,8,95,,,96,,,8,95,995,,,,,,,,,,,,,,,,,,,,,,,,,,,,,,0,0,1,0,0,0,0,0,0,0,0,0,0,0,0,0,0,0,0,0,0,0,0,1,1,0,0,0,0,1,0,0,0,0,0,,0,0,0,0,0,0,0,0,0,0,0,0,0,0,0,0,,,,,,21-25,16-25,County road,R,Wednesday,Unknown,PV,Not Fatal,0,0,0,0,County Road,State Patrol,Washington State Patrol,0,0,1,0,0,,,,,,0,0,0,,,,,,,,,,,98,98,98,0,,,,,20,7,,,,,,,,,,,,,,,
2021,305,EB58842,248,08/16/2021,17:01,16,8,,33,King,1830,1,,1,1,1,1,0,6,4,,,,12,0,6,0,2,0,2,4,2,4,6,0,0,3,3,LIND AVE SW,SW 16th St,-122.2233417,47.46608056,0,3,98,62,4,35,14,0,0,1,2,12,1,1,5,1,5,1,1,53,0,49,403,2002,0,,12,,,,,,1,1,69,1,7,,4,0,3,0,11,4,08/16/2021,18:12,1.96053E+11,40952,0,0,3,3,1,0,,,,0,,,,,,98,,,,,,98008,53,64,120,6,1,0,0,0,0,,0,,,,,,0,,,20,0,0,0,0,9,8,,,0,,,8,8,2,1,,,1,,,2,1,0,,,,,,,,,,,,,,,,,,,,,,,,,,,,,,0,0,0,1,0,0,0,0,0,0,0,0,0,0,0,0,0,0,0,0,0,0,0,0,0,1,0,0,0,1,1,0,0,0,0,,1,0,0,0,0,0,0,0,0,0,0,0,0,0,0,0,,,,,,66-70,66-75,City street,U,Monday,Belt Used,PV,API,1,0,0,0,City Street,Municipal/City Police,Renton Police Department,0,0,0,1,0,,,,,,0,0,0,,,,,,,,,,,98,98,98,48,,,,,20,,,,,,,,,1,10,,,,,,
2021,512,EB85154,25,10/24/2021,15:04,24,10,,33,King,0,6,,1,1,2,2,0,2,1,,,,42,0,0,1.4,1,0,1,4,1,2,4,0,0,0,0,CR-PRESTON FALL CITY RD,,-121.914025,47.53675833,0,1,98,98,7,45,4,0,0,1,2,42,3,2,2,1,14,2,1,53,0,48,38,2012,0,,42,,,,,,1,1,22,1,7,,4,7,3,0,11,0,10/24/2021,15:04,53055022,55022,0,0,0,3,1,0,,,,96,,,,,,98,,,,,,98008,53,72,156,6,1,0,1,1,0,,0,,,,,,0,11/15/2017,01/15/2017,8,0,0,0,0,9,8,,,0,,,8,8,2,1,,,1,,,2,1,0,,,,,,,,,,,,,,,,,,,,,,,,,,,,,,0,0,0,0,0,0,0,0,0,0,0,0,0,0,0,0,0,0,0,0,0,0,0,1,1,0,0,0,0,1,0,0,0,0,0,,1,0,0,0,0,0,0,0,0,0,0,0,0,0,0,0,,,,,,21-25,16-25,County road,R,Sunday,Belt Used,PV,White,0,0,0,0,County Road,County Sheriff,King County Police,0,0,1,0,0,,,,,,0,0,0,,,,,,,,,,,98,98,98,1,,,,,20,,,,,,,,,1,0,,,PRESTON-FALL CITY RD SE,1.439,NULL,
2018,3,E756648,3,01/03/2018,20:10,3,1,0,53,Pierce,0,1,0,2,1,2,1,0,3,2,20:07,20:19,20:35,12,0,2,8.3,1,0,1,3,2,1,3,0,0,0,0,SR-410,,-122.1120639,47.16531944,0,2,51,62,4,55,14,0,0,1,2,12,1,1,2,1,1,2,2,53,0,12,402,2014,0,0,12,,,,,,1,1,33,1,0,0,3,0,3,0,11,5,,,,,0,0,0,3,1,0,0,0,0,96,,,,,,0,,,,,,98010,53,70,155,6,1,0,0,0,0,,0,,,,,,0,,,8,0,0,0,8,9,8,,,0,0,0,8,0,8,95,,,96,,,8,95,995,,,,,,,,,,,,,,,,,,,,,,,,,,,,,,0,0,0,0,0,0,1,1,1,0,0,0,0,0,0,0,0,0,0,0,0,0,0,0,0,0,0,0,0,1,0,0,0,0,0,,0,0,0,0,0,0,0,0,0,0,0,0,0,0,0,0,,,,,,31-35,26-35,State route,U,Wednesday,Belt Used,PV,Not Fatal,0,1,1,0,State Route,State Patrol,Washington State Patrol Headquarter,0,1,0,0,0,,,,,,0,0,0,,,,,,,,,,,,,,,,,,,,,,,,,,,,,,,,,,,
2018,425,E863272,160,11/14/2018,14:00,14,11,0,33,King,1030,1,0,1,1,2,1,3,1,1,,,,8,0,0,6,3,0,2,3,2,1,3,0,0,3,3,SR-516,STATE AVE N,-122.2298194,47.38331111,0,1,13,80,5,30,14,0,0,1,5,8,1,1,2,1,11,1,1,53,0,55,401,2008,0,0,8,8,8,,,,1,1,66,2,0,0,0,0,3,0,11,0,,,,,0,0,3,3,1,38,91,0,0,96,,,,,,0,,,,,,98010,53,65,130,6,1,0,0,0,0,,2,,,,,,0,,,20,0,0,0,8,9,8,,,0,0,0,8,0,2,1,,,1,,,2,1,0,,,,,,,,,,,,,,,,,,,,,,,,,,,,,,0,0,0,1,0,0,0,0,0,0,0,0,0,0,0,0,0,0,1,0,0,0,0,0,0,1,0,0,0,1,0,1,0,0,0,,0,0,0,0,0,0,0,0,0,0,1,0,0,0,0,0,,,,,,66-70,66-75,State route,U,Wednesday,Belt Used,PV,Not Fatal,1,0,0,0,State Route,Municipal/City Police,Kent Police Department,0,1,0,0,0,,,,,,0,0,0,,,,,,,,,,,,,,,,,,,,,,,,,,,,,,,,,,,
2018,448,E868699,25,11/22/2018,13:07,22,11,8,33,King,0,1,0,1,1,2,1,0,3,2,,,,12,0,2,0.2,1,0,1,4,1,2,4,0,0,0,0,CR-SE PETROVITSKY RD,,-122.0789944,47.42122778,0,2,51,62,4,50,14,0,0,1,7,12,3,2,2,1,14,2,2,53,0,12,402,2007,0,0,12,,,,,,1,1,17,2,0,0,3,0,3,0,11,8,,,,,0,0,0,3,1,0,0,0,0,96,,,,,,0,,,,,,98010,53,63,110,6,2,0,0,0,0,,0,,,,,,0,,,8,0,0,0,8,9,8,,,0,0,0,8,0,8,95,,,96,,,8,95,995,,,,,,,,,,,,,,,,,,,,,,,,,,,,,,0,0,0,0,0,0,1,1,0,0,0,0,0,0,0,0,0,0,0,0,1,0,1,0,1,0,0,0,0,1,0,0,0,0,0,,0,0,0,0,0,0,0,0,0,0,0,0,0,0,0,0,,,,,,16-17,16-25,County road,R,Thursday,Belt Used,PV,Not Fatal,0,1,1,0,County Road,County Sheriff,King County Police,0,0,1,0,0,,,,,,0,0,0,,,,,,,,,,,,,,,,,,,,,,,,,,,,,,,,,,,
2021,605,EB20278,63,04/07/2021,17:28,7,4,,33,King,146,2,,1,2,2,1,0,3,2,,,,12,0,6,7.7,2,0,3,3,2,1,3,0,0,20,3,SR-169,BAKER ST,-122.0036167,47.30945833,0,1,82,15,2,35,6,0,0,1,2,12,1,1,2,1,11,1,1,53,0,48,45,2014,0,,12,71,38,,,,1,1,86,1,7,,4,0,3,0,11,1,04/16/2021,19:38,1.96053E+11,18812,0,0,3,2,1,38,39,,,96,,,,,,98,,,,,,98010,53,70,210,1,1,0,1,0,0,,37,,,,,,0,04/15/2020,02/15/2021,8,0,0,1,0,9,8,,,0,,,9,8,0,0,,,0,,,0,0,996,,,,,,,,,,,,,,,,,,,,,,,,,,,,,,0,0,0,1,0,0,0,0,0,0,0,0,0,1,0,0,0,0,1,0,0,0,0,0,0,1,1,1,0,1,0,0,0,0,0,,1,0,0,0,0,0,0,0,0,0,1,1,0,0,0,0,,,,,,81+,76+,State route,U,Wednesday,Belt Used,PV,White,1,0,0,0,State Route,Municipal/City Police,Black Diamond Police Department,0,1,0,0,0,,,,,,0,0,4,,,,,,,,,,,98,98,98,1,,,,,20,,,,,,,,,1,0,,,,,,
2017,77,E649722,25,03/04/2017,2:38,4,3,0,33,King,1018,10,0,3,2,2,1,0,1,1,,,,38,0,0,0,1,0,1,5,2,4,6,0,0,0,0,NE 193RD ST,,-122.2660972,47.76830833,0,1,6,12,2,30,4,0,0,1,2,30,3,2,2,1,14,1,1,53,0,34,34,2003,0,0,68,64,38,30,42,,1,1,21,1,7,1,4,7,3,0,11,0,03/04/2017,2:38,1.01853E+11,11300,0,0,0,3,1,0,0,0,0,96,,,,,,99,,,,,,98011,53,68,160,6,1,1,0,0,0,1,0,,,,,,3,07/15/2015,09/15/2015,8,0,0,0,0,9,8,,,0,0,0,8,1,2,605,0,0,1,0,0,2,1,0.16,,,,,,,,,,,,,,,,,,,,,,,,,,,,,,0,0,1,0,1,1,1,1,1,0,0,0,1,0,0,0,0,0,0,0,0,0,0,1,1,0,0,0,0,1,0,0,0,0,0,,1,0,0,0,0,1,1,1,0,1,0,0,0,0,0,1,,,,,,21-25,16-25,City street,U,Saturday,Belt Used,PV,White,0,1,0,0,City Street,County Sheriff,King County Police,1,0,0,1,0,thc,2,carboxy-thc,23,,,,,,,,,,,,,,,,,,,,,,,,,,,,,,,,,,,,,,,
2019,85,E885424,122,01/22/2019,17:45,22,1,,61,Snohomish,690,1,0,3,2,2,1,1,1,1,,,,8,0,0,0,3,0,2,3,2,4,6,0,0,2,3,PACIFIC AVE,COLBY AVE,-122.2085472,47.97653056,0,1,13,80,5,98,14,0,0,1,7,8,1,1,5,1,1,1,3,53,0,20,401,1994,0,0,8,,,,,,1,1,59,1,0,,0,0,3,0,11,0,,,,,0,0,0,3,1,0,0,0,0,96,,,,,,0,,,,,,98011,53,65,175,6,1,0,0,0,0,,0,,,,,,0,,,20,0,0,0,8,9,8,,,0,0,0,8,0,2,1,,,1,,,2,1,0,,,,,,,,,,,,,,,,,,,,,,,,,,,,,,0,0,0,1,0,0,0,0,0,0,0,0,0,0,0,0,0,1,0,0,0,0,0,0,0,0,0,0,0,1,0,1,0,0,0,,0,0,0,0,0,0,0,0,0,0,0,0,0,0,0,0,,,,,,56-60,56-65,City street,U,Tuesday,Belt Used,PV,Not Fatal,1,0,0,0,City Street,Municipal/City Police,Everett Police Department,0,0,0,1,0,,,,,,0,0,0,,,,,,,,,,,0,0,0,0,,,,,20,7,,,,,,,,,,,,,,,
2019,155,E922598,7,05/06/2019,18:35,6,5,,33,King,1960,1,0,1,1,1,1,0,2,2,,,,12,0,6,1.6,2,0,2,3,2,1,3,0,0,0,0,SR-523,17TH AVE NE,-122.3100583,47.73393333,0,1,69,62,4,35,80,0,0,1,2,12,1,1,4,1,1,1,1,53,0,37,705,2006,0,0,12,,,,,,1,1,23,1,7,,4,0,20,7,11,4,05/06/2019,20:37,1.96053E+11,20923,0,0,0,3,1,0,0,0,0,96,,,,,,99,,,,,,98011,53,70,170,6,1,0,0,0,0,,0,,,,,,4,,,20,8,0,0,0,9,8,,,0,0,0,8,9,2,348,605,,1,1,,2,1,0,,,,,,,,,,,,,,,,,,,,,,,,,,,,,,0,0,0,1,0,0,1,1,1,0,0,0,1,0,0,0,0,0,0,0,0,0,0,1,1,0,0,0,1,1,0,0,0,0,1,0,0,0,0,0,0,0,1,1,0,1,0,0,0,0,1,0,,,,,,21-25,16-25,State route,U,Monday,,MC,API,1,0,0,0,State Route,State Patrol,Washington State Patrol,0,1,0,0,0,thc,0.71,,,,0,0,0,,,,,,,,,,,0,0,0,4,,,,,5,0,,,,,,,nms,,,,,,,,
2020,97,EA29469,7,04/10/2020,23:38,10,4,,33,King,980,1,,3,1,1,1,0,1,1,,,,25,0,0,16.2,1,0,1,1,2,1,1,0,0,0,0,I-90,,-122.0220694,47.53170833,0,1,1,13,2,60,80,0,0,1,2,25,3,2,3,3,14,1,2,53,0,53,706,2013,0,,63,25,1,,,,1,1,30,1,7,,4,0,20,7,11,5,04/11/2020,7:15,1.96053E+11,16945,0,0,3,2,1,0,,,,96,,,,,,9,,,,,,98011,53,72,170,1,1,0,2,1,0,,0,,,,,,3,04/15/2015,05/15/2018,20,8,0,0,0,9,8,,,0,,,1,8,2,401,417,348,1,1,1,2,1,0,,,,,,,,,,,,,,,,,,,,,,,,,,,,,,0,0,1,0,0,0,1,1,0,0,0,0,1,1,1,0,0,0,0,0,0,0,0,0,0,0,0,0,1,0,0,0,0,0,1,0,0,0,0,0,0,0,1,1,0,1,0,1,0,0,1,0,,,,,,26-30,26-35,Interstate,U,Friday,,MC,White,0,1,0,0,State Route,State Patrol,Washington State Patrol,1,1,0,0,0,,,,,,0,0,5,1,,,,,177,,,,,0,0,0,1,,,,,5,0,,,,,,,,1,0,,,,,,
2021,230,EB49167,7,07/04/2021,18:34,4,7,,33,King,1830,1,,1,1,2,1,0,3,2,,,,1,0,0,0.1,5,1,1,1,2,1,1,0,0,0,0,I-405 RAMP,,-122.1972111,47.53156389,0,1,98,6,1,98,80,0,0,1,2,1,2,8,1,6,14,1,1,53,0,73,706,2007,0,,64,1,12,,,,1,1,51,1,7,,4,7,20,7,11,0,07/04/2021,18:34,1.83053E+11,36259,0,0,0,3,1,0,,,,96,,,,,,9,,,,,,98011,53,70,175,6,1,0,2,1,0,,0,,,,,,4,04/15/2016,10/15/2018,20,8,0,0,0,1,8,,,0,,,8,1,2,1,,,1,,,2,1,0.168,,,,,,,,,,,,,,,,,,,,,,,,,,,,,,0,0,0,0,1,1,0,1,0,0,0,0,1,0,0,0,0,0,0,0,0,0,0,0,0,0,0,0,1,1,0,0,0,0,1,0,0,0,0,0,0,1,0,1,0,1,0,0,0,1,0,1,,,,,,51-55,46-55,Interstate,U,Sunday,,MC,White,0,1,0,0,State Route,State Patrol,Washington State Patrol,1,1,0,0,0,,,,,,0,0,0,,,,,,,,,,,0,0,0,1,,,,,5,,,,,,,,,1,0,,,,,,
2021,352,EB67467,163,09/03/2021,17:08,3,9,,33,King,1050,1,,1,1,2,1,0,3,2,,,,12,0,2,0,1,0,1,4,2,4,6,0,0,0,0,132ND AVE NE,,-122.1643,47.71495556,0,1,50,10,2,35,4,0,0,1,2,12,2,2,3,5,14,1,2,16,0,21,21,2003,0,,68,12,,,,,1,1,28,2,1,,4,7,20,7,11,0,09/03/2021,17:08,1.05053E+11,43841,0,0,0,2,1,0,,,,96,,,,,,98,,,,,,98011,53,67,135,1,1,0,1,1,0,,0,,,,,,4,01/15/2019,01/15/2019,1,0,0,0,0,9,8,,,0,,,8,8,2,996,996,996,1,1,1,2,1,0,,,,,,,,,,,,,,,,,,,,,,,,,,,,,,0,0,0,0,0,0,1,1,0,0,0,0,1,1,0,0,0,0,0,1,0,0,0,0,0,0,0,0,0,1,0,0,0,1,0,,1,0,0,0,0,0,1,1,0,1,0,1,0,0,1,0,,,,,,26-30,26-35,City street,U,Friday,Not Used,PV,Hispanic,0,1,1,0,City Street,Municipal/City Police,Kirkland Police Department,0,0,0,1,0,,,,,,0,0,1,1,1,1,,,401,417,151,996,,98,98,98,1,,,,,20,,,,,,,,,1,0,,,,,,
2017,9,E632204,4,01/08/2017,16:39,8,1,0,1,Adams,0,3,0,2,4,2,1,0,2,2,16:35,17:11,18:33,12,0,2,69.9,1,0,1,3,1,1,3,0,0,0,0,SR-26,,-118.576325,46.79465,0,2,51,62,4,65,14,0,0,1,2,12,1,1,2,1,1,1,1,53,0,12,401,2016,0,0,12,,,,,,1,1,60,1,0,0,0,0,3,0,11,0,,,,,0,0,3,3,1,0,0,0,0,0,,,,,,0,,,,,,98012,53,68,170,6,1,0,0,0,1,0,0,,,,,,0,04/15/2015,04/15/2015,8,0,0,0,8,3,2,,,0,0,0,0,0,0,0,0,0,0,0,0,0,0,996,,,,,,,,,,,,,,,,,,,,,,,,,,,,,,0,0,0,0,0,0,0,0,0,0,0,0,0,0,0,0,0,0,0,0,0,1,1,0,1,0,0,0,0,1,0,0,0,0,0,,0,0,0,0,0,0,0,0,0,0,0,0,0,0,0,0,,,,,,56-60,56-65,State route,R,Sunday,Belt Used,PV,Not Fatal,0,1,1,0,State Route,State Patrol,Washington State Patrol,0,1,0,0,0,,,,,,,,,,,,,,,,,,,,,,,,,,,,,,,,,,,,,,,,,,,
2018,91,E784840,2,03/27/2018,12:23,27,3,0,61,Snohomish,0,2,0,1,2,2,1,0,1,1,,,,42,0,0,36.7,1,0,1,5,1,1,3,0,0,0,0,SR-9,,-122.1913389,48.28901944,0,1,7,12,2,55,4,0,0,1,7,42,1,1,2,1,1,1,1,53,0,6,51,2010,0,0,68,64,42,,,,1,1,55,1,7,1,4,7,20,0,11,0,03/27/2018,12:23,53014532,14532,0,0,3,3,1,0,0,0,0,96,,,,,,0,,,,,,98012,53,72,203,6,1,0,4,0,4,,0,,,,,,4,09/15/2014,11/15/2017,1,0,0,0,0,9,8,,,0,0,0,8,0,2,1,,,1,,,2,1,0,,,,,,,,,,,,,,,,,,,,,,,,,,,,,,0,0,0,0,0,0,0,0,0,0,0,0,1,0,0,0,0,0,0,1,0,0,0,0,0,0,0,0,0,1,0,0,0,1,0,,1,0,0,0,0,0,0,0,0,1,0,0,0,0,0,0,,,,,,51-55,46-55,State route,R,Tuesday,Not Used,PV,White,0,1,0,0,State Route,State Patrol,Washington State Patrol Headquarter,1,1,0,0,0,,,,,,0,0,0,,,,,,,,,,,,,,,,,,,,,,,,,,,,,,,,,,,
2018,480,E878609,7,12/30/2018,4:55,30,12,0,33,King,1960,10,0,3,2,2,1,0,2,2,,,,24,0,0,161.1,1,0,1,1,2,1,1,0,0,0,0,I-5,,-122.3097,47.54693611,0,2,98,98,7,60,20,0,0,1,5,54,4,1,5,3,14,1,1,53,0,37,441,2008,0,0,54,,,,,,1,1,45,2,0,0,0,0,3,0,11,0,,,,,0,0,0,3,1,0,0,0,0,96,,,,,,0,,,,,,98012,53,68,125,6,1,0,0,0,0,,0,,,,,,0,,,20,0,0,0,8,9,8,,,0,0,0,8,0,8,95,,,96,,,8,95,995,,,,,,,,,,,,,,,,,,,,,,,,,,,,,,0,0,0,0,1,1,1,1,1,0,0,0,1,0,0,0,0,0,0,0,0,0,0,0,0,0,0,0,0,1,0,0,0,0,0,,0,0,0,0,0,0,0,0,0,0,0,0,0,0,0,0,,,,,,41-45,36-45,Interstate,U,Sunday,Belt Used,PV,Not Fatal,0,1,0,0,State Route,State Patrol,Washington State Patrol,1,1,0,0,0,,,,,,0,0,0,,,,,,,,,,,,,,,,,,,,,,,,,,,,,,,,,,,
2019,309,E953543,7,08/15/2019,21:26,15,8,,33,King,170,1,0,3,1,2,1,0,2,2,,,,12,0,6,24.4,1,0,1,1,2,1,1,0,0,0,0,I-405,,-122.1886444,47.76725833,0,1,98,21,2,98,4,0,0,1,7,12,1,1,3,3,12,1,1,53,0,24,7,2007,0,0,12,64,25,,,,1,1,67,2,7,,4,0,99,7,11,4,08/15/2019,22:37,1.96053E+11,40740,0,0,3,2,1,51,0,0,0,96,,,,,,99,,,,,,98012,53,63,145,1,1,1,0,0,1,,0,,,,,,0,10/15/2014,12/15/2017,1,0,0,0,0,9,8,,,0,0,0,8,9,2,155,157,,1,1,,2,1,0.2,,,,,,,,,,,,,,,,,,,,,,,,,,,,,,0,0,0,0,1,1,1,1,0,0,0,0,0,1,0,0,0,0,0,0,0,0,0,0,0,1,0,0,0,1,0,0,0,0,0,,1,0,0,0,0,1,1,1,0,0,0,1,0,0,0,1,,,,,,66-70,66-75,Interstate,U,Thursday,Unknown,PV,White,0,1,1,0,State Route,State Patrol,Washington State Patrol,0,1,0,0,0,,,,,,0,1,1,,,,,,,,,,,98,98,98,1,,,,,20,7,,,,,,,,,,,,,,,
2019,473,EA01593,2,12/22/2019,2:31,22,12,,61,Snohomish,1407,1,0,3,1,2,1,0,5,2,,,,25,0,0,178.7,1,0,1,1,2,1,1,0,0,0,0,I-5,,-122.3160861,47.79163611,0,1,6,6,1,60,3,0,0,1,2,21,2,1,4,3,14,2,1,53,0,35,48,2009,0,0,64,25,21,12,2,,1,1,28,1,7,,4,7,99,7,11,0,12/22/2019,2:37,1.40753E+11,58063,0,0,0,3,1,0,0,0,0,96,,,,,,99,,,,,,98012,53,66,120,6,1,0,3,3,4,,0,,,,,,3,10/15/2015,12/15/2019,99,0,0,0,0,9,8,,,0,0,0,8,8,2,695,605,,1,1,,2,1,0.091,,,,,,,,,,,,,,,,,,,,,,,,,,,,,,0,0,1,0,1,1,1,1,1,0,0,0,1,0,0,0,0,0,0,0,0,0,0,0,0,0,0,0,0,1,0,0,0,0,0,,1,0,0,0,0,1,1,1,0,1,0,0,0,0,0,1,,,,,,26-30,26-35,Interstate,U,Sunday,Unknown,PV,White,0,1,0,0,State Route,State Patrol,Washington State Patrol,1,1,0,0,0,thc,50,carboxy-thc,210,,0,0,0,,,,,,,,,,,98,98,98,1,,,,,20,7,,,,,,,nms,,,,,,,,
2020,19,EA08187,184,01/26/2020,22:58,26,1,,61,Snohomish,1215,10,,3,2,2,1,2,1,1,22:59,23:07,23:31,8,0,0,4.4,1,0,1,3,2,1,3,0,0,0,0,SR-524,,-122.3001639,47.82109167,0,1,13,80,5,35,4,0,0,1,2,8,1,1,5,5,1,1,2,53,0,49,40,1997,0,,8,8,,,,,1,1,19,2,0,,0,0,3,0,11,0,,,,,0,0,0,3,1,0,,,,96,,,,,,0,,,,,,98012,53,64,140,6,1,0,0,0,0,,0,,,,,,0,,,20,0,0,0,8,9,8,,,0,,,8,8,8,95,,,96,,,8,95,995,,,,,,,,,,,,,,,,,,,,,,,,,,,,,,0,0,0,0,0,0,0,0,0,0,0,0,0,0,0,0,0,0,0,0,0,1,1,0,1,0,0,0,0,1,0,1,0,0,0,,0,0,0,0,0,0,0,0,0,0,0,0,0,0,0,0,,,,,,18-20,16-25,State route,U,Sunday,Belt Used,PV,Not Fatal,0,0,0,0,State Route,Municipal/City Police,Lynnwood Police Department,0,1,0,0,0,,,,,,0,0,0,,,,,,,,,,,0,0,0,0,,,,,20,7,,,,,,,,1,0,,,,,,