year,case,par,repjur,crash_dt,crash_tm,accday,accmon,holiday,county,co_char,city,weather,weather2,lightcond,surfcond,surftype,numfatal,nmforms,pforms,vforms,not_tm,arr_tm,hosp_tm,fhevent,hitrun,manncol,milepnt,reljunc,reljuncinter,intersectiontype,funcsystem,landuse,ownership,route,schlbus,spejur,contdev,devfunc,trafid1,trafid2,x,y,wk_zone,vnumber,crashtype,criticalevent,criticaleventcat,spdlim,body,trailer,emerg,hazcargo,leave,mhevent,roadalgn,roadprof,traflane,trafflow,vehmanvr,numoccs,regowner,regstate,spuse,make,model,modelyr,vrf1,vrf2,seqevent1,seqevent2,seqevent3,seqevent4,seqevent5,seqevent6,pnumber,ptype,age,sex,hispanic,race,injury,diedscene,restraint,restraintmisuse,seatpos,takehosp,death_dt,death_tm,cert,cernum_wa,commlic,licendor,licrestrict,liccomp,drivpres,drf1,drf2,drf3,drf4,distract1,distract2,distract3,distract4,distract5,distract6,dricond1,dricond2,dricond3,dricond4,dricond5,dricond6,dzip,licstate,drhgt_in,weight,noncdl,noncdltype,prevdwi,prevoth,prevacc,prevspd,prevsus,driviol1,driviol2,driviol3,driviol4,driviol5,driviol6,spdrel,first_dt,last_dt,airbag,ejection,ejectpath,extricat,injurwrk,methalc,methdrug,nmlocat,strikveh,prf1,prf2,prf3,druginv,alcinvol,drugsts,drugres1,drugres2,drugres3,drugtst1,drugtst2,drugtst3,alcsts,alctst,alcres,nmact1,nmact2,nmact3,nmact4,nmact5,nmact6,nmprior1,nmprior2,nmprior3,nmprior4,nmprior5,nmprior6,nmcond1,nmcond2,nmcond3,nmcond4,nmcond5,nmcond6,nmsafe_helmet,nmsafe_pads,nmsafe_oth,nmprev_ref,nmprev_lgt,nmprev_oth,crashlocation,nmcrashtype,crosswalk,schoolzone,sidewalk,train_inv,wildlife_inv,rotr_fars,intersect_fars,dd_inv,aid_inv,dpd_inv,id_inv,mj_inv,impnm_inv,ainm_inv,dpnm_inv,speed_inv,unlic_inv,unendmc_inv,drowsy_inv,drdist_inv,nmdist_inv,fty_inv,unrestfat_inv,dr1617_inv,dr1820_inv,dr1620_inv,dr2125_inv,dr1625_inv,dr65_inv,dr70_inv,dr75_inv,mc_inv,pv_inv,ht_inv,ped_inv,bike_inv,unrest_fat,mc_fat,unhelmet_mc,pv_fat,ht_fat,ped_fat,bike_fat,dr_alc7,dr_alc8,dr_drug,dr_imp,dr_dist,dr_spd,dr_fty,dr_unlic,dr_alc7only,dr_alc8only,dr_drugonly,dr_drink,nm_imp,nm_alc7,nm_alc8,nm_drug,nm_dist,agegrp1,agegrp2,roadclass,urbrur,dayweek,restuse,vehtype,race_me,intersect,lanedep,oppdir,wrongway,rep_typ,investag,repag_long,rotr,st_rd,cty_rd,city_rd,oth_rd,drug_thc,thc_res,drug_cthc,cthc_res,drug_cann,prevpersemin,prevperse,prevsusoth,drugtst4,drugtst5,drugtst6,drugtst7,drugtst8,drugres4,drugres5,drugres6,drugres7,drugres8,adspresent,adsengaged,adslevel,race1,race2,race3,race4,race5,helmet,helmetmisuse,nmdistract1,nmdistract2,nmdistract3,nmdistract4,nmdistract5,nmdistract6,lab,isedtcase,crf1,crf2,crf3,CoRoadName,CoMP,IntCoRoadName,IntCoMP
2020,194,EA42685,2,06/23/2020,6:42,23,6,,57,Skagit,0,1,,1,1,2,1,0,1,1,6:42,7:04,7:54,43,0,0,48.2,1,0,1,4,1,1,3,0,0,0,0,SR-530,,-121.5890944,48.45821667,0,1,6,12,2,50,14,0,0,1,2,43,1,1,2,1,1,1,1,53,0,12,401,1992,0,,68,64,43,42,,,1,1,74,1,7,,4,0,99,7,11,5,06/26/2020,1:05,69053029350,29350,0,0,0,3,1,0,,,,0,,,,,,1,,,,,,98012,53,71,210,6,1,0,0,0,0,,0,,,,,,0,,,20,0,0,0,0,9,8,,,0,,,8,8,8,95,,,96,,,8,95,995,,,,,,,,,,,,,,,,,,,,,,,,,,,,,,0,0,1,0,0,0,0,0,0,0,0,0,0,0,0,0,0,0,0,0,0,0,0,0,0,1,1,0,0,1,0,0,0,0,0,,1,0,0,0,0,0,0,0,0,0,0,0,0,0,0,0,,,,,,71-75,66-75,State route,R,Tuesday,Unknown,PV,White,0,1,0,0,State Route,State Patrol,Washington State Patrol,1,1,0,0,0,,,,,,0,0,0,,,,,,,,,,,0,0,0,1,,,,,20,7,,,,,,,,1,0,,,,,,
2020,498,EA83726,163,11/20/2020,12:33,20,11,,33,King,1050,1,,1,2,2,1,0,3,2,12:39,12:40,13:09,12,0,6,0,2,0,3,3,2,4,6,0,0,0,0,124TH AVE NE,NE 104TH ST,-122.1757667,47.69316944,0,2,83,67,4,35,4,0,0,1,5,12,1,1,3,5,1,2,1,53,0,37,32,2010,0,,12,68,64,38,,,1,1,80,2,0,,2,0,3,0,11,4,,,,,0,0,0,3,1,0,,,,96,,,,,,0,,,,,,98012,53,62,120,6,1,0,0,0,0,,0,,,,,,0,,,1,0,0,0,8,9,8,,,0,,,8,8,0,0,,,0,,,0,0,996,,,,,,,,,,,,,,,,,,,,,,,,,,,,,,0,0,0,1,0,0,0,0,0,0,0,0,0,0,0,0,0,0,0,0,0,1,1,0,1,1,1,1,0,1,0,0,0,0,0,,0,0,0,0,0,0,0,0,0,0,0,0,0,0,0,0,,,,,,76-80,76+,City street,U,Friday,Belt Used,PV,Not Fatal,1,0,0,0,City Street,Municipal/City Police,Kirkland Police Department,0,0,0,1,0,,,,,,0,0,0,,,,,,,,,,,98,98,98,0,,,,,20,7,,,,,,,,1,0,,,,,,
2021,117,EB09180,2,02/19/2021,5:30,19,2,,61,Snohomish,171,2,,6,2,2,2,2,1,1,,,,8,1,0,8.6,1,0,1,4,2,1,3,0,0,0,0,SR-524,,-122.2271194,47.81288056,0,1,13,11,2,35,4,0,0,1,2,8,1,2,2,1,1,1,2,53,0,20,37,2018,0,,63,8,8,,,,1,1,27,1,0,,0,0,99,7,11,0,,,,,0,0,0,2,1,0,,,,96,,,,,,99,,,,,,98012,53,69,195,1,1,0,1,1,1,,97,,,,,,0,12/15/2019,10/15/2020,99,0,0,0,8,9,8,,,0,,,8,8,8,95,,,96,,,8,95,995,,,,,,,,,,,,,,,,,,,,,,,,,,,,,,0,0,0,0,0,0,0,0,0,1,0,1,0,1,0,0,0,0,0,0,0,0,0,0,0,0,0,0,0,1,0,1,0,0,0,,0,0,0,0,0,0,0,0,0,0,0,1,0,0,0,0,,,,,,26-30,26-35,State route,U,Friday,Unknown,PV,Not Fatal,0,0,0,0,State Route,State Patrol,Washington State Patrol,0,1,0,0,0,,,,,,0,0,1,,,,,,,,,,,98,98,98,0,,,,,20,,,,,,,,,0,0,,,,,,
2021,87,EB19641,248,04/05/2021,11:24,5,4,,33,King,1830,1,,1,1,2,1,1,1,1,,,,8,0,0,0,1,0,1,7,2,4,6,0,0,0,0,OLYMPIC CT SE,,-122.1736222,47.46229167,0,1,92,80,5,25,63,0,0,1,5,8,1,1,2,1,13,1,3,53,0,87,881,2021,0,,8,,,,,,1,1,30,1,0,,0,0,3,0,11,0,,,,,6,1,3,3,1,31,,,,96,,,,,,98,,,,,,98012,53,70,225,6,1,0,0,0,0,,0,,,,,,0,,,20,0,0,0,8,9,8,,,0,,,8,8,0,0,,,0,,,0,0,996,,,,,,,,,,,,,,,,,,,,,,,,,,,,,,0,0,0,0,0,0,0,0,0,0,0,0,0,0,0,0,0,0,0,0,0,0,0,0,0,0,0,0,0,0,1,1,0,0,0,,0,0,0,0,0,0,0,0,0,0,0,0,0,0,0,0,,,,,,26-30,26-35,City street,U,Monday,,MHTRUCK,Not Fatal,0,0,0,0,City Street,Municipal/City Police,Renton Police Department,0,0,0,1,0,,,,,,0,0,0,,,,,,,,,,,98,98,98,0,,,,,20,,,,,,,,,1,0,,,,,,
2021,94,EB21078,39,04/02/2021,19:44,2,4,,61,Snohomish,0,1,,1,1,2,1,0,5,3,,,,12,0,2,0.9,1,0,1,5,2,2,4,0,0,0,0,CR-NORTH RD,,-122.2368556,47.837575,0,3,98,98,7,35,14,0,0,1,5,54,3,2,3,3,14,1,1,53,0,30,402,2019,0,,54,,,,,,1,1,60,2,0,,0,0,3,0,11,0,,,,,0,0,0,3,1,0,,,,96,,,,,,98,,,,,,98012,53,61,150,6,1,0,0,0,0,,0,,,,,,0,,,20,0,0,0,8,9,8,,,0,,,8,8,8,95,,,96,,,8,95,995,,,,,,,,,,,,,,,,,,,,,,,,,,,,,,0,0,0,0,0,0,1,1,0,0,0,0,1,0,0,0,0,0,0,0,0,0,0,0,0,0,0,0,0,1,0,0,0,0,0,,0,0,0,0,0,0,0,0,0,0,0,0,0,0,0,0,,,,,,56-60,56-65,County road,U,Friday,Belt Used,PV,Not Fatal,0,1,1,0,County Road,County Sheriff,Snohomish County Sheriff's Office,0,0,1,0,0,,,,,,0,0,0,,,,,,,,,,,98,98,98,0,,,,,20,,,,,,,,,1,14,,,NORTH RD,0.931,NULL,
2021,99,EB21651,197,04/10/2021,6:00,10,4,,61,Snohomish,1338,10,,4,2,2,1,0,2,2,,,,12,0,2,0,1,0,1,4,2,4,6,0,0,0,0,35TH AVE SE,,-122.1855083,47.86498333,0,1,50,10,2,35,4,0,0,1,2,12,1,1,3,3,1,1,1,53,0,49,32,2004,0,,68,12,,,,,1,1,31,1,7,,4,0,20,7,11,5,04/10/2021,7:10,69053018070,18070,0,0,3,3,1,28,,,,96,,,,,,98,,,,,,98012,53,69,165,6,1,0,0,1,1,,0,,,,,,0,11/15/2017,09/15/2020,8,0,0,0,0,9,8,,,0,,,8,8,2,695,605,996,1,1,1,2,1,0.255,,,,,,,,,,,,,,,,,,,,,,,,,,,,,,0,0,0,0,1,1,1,1,1,0,0,0,0,0,0,0,0,0,0,1,0,0,0,1,1,0,0,0,0,1,0,0,0,1,0,,1,0,0,0,0,1,1,1,0,0,0,0,0,0,0,1,,,,,,31-35,26-35,City street,U,Saturday,Not Used,PV,White,0,1,1,0,City Street,Municipal/City Police,Mill Creek Police Department,0,0,0,1,0,thc,1.1,carboxy-thc,25,,0,0,0,,,,,,,,,,,98,98,98,1,,,,,20,,,,,,,,nms,1,0,,,,,,
2021,221,EB47880,6,07/09/2021,15:22,9,7,,7,Chelan,0,1,,1,1,2,1,0,6,4,,,,24,0,0,88.2,1,0,1,3,1,1,2,0,0,0,0,US-2,,-120.7423639,47.70908333,0,3,98,98,7,60,14,0,0,1,2,12,1,2,2,1,1,3,1,53,0,12,401,2017,0,,12,12,,,,,1,1,18,2,0,,0,0,3,0,11,0,,,,,0,0,0,3,1,0,,,,96,,,,,,98,,,,,,98012,53,67,134,6,2,0,0,0,0,,0,,,,,,0,,,20,0,0,0,8,9,8,,,0,,,8,8,0,0,,,0,,,0,0,996,,,,,,,,,,,,,,,,,,,,,,,,,,,,,,0,0,1,0,0,0,0,0,0,0,0,0,0,0,0,0,1,0,0,1,0,1,1,0,1,0,0,0,0,1,0,0,0,0,0,,0,0,0,0,0,0,0,0,0,0,0,0,0,0,0,0,,,,,,18-20,16-25,US highway,R,Friday,Belt Used,PV,Not Fatal,0,1,0,0,State Route,State Patrol,Washington State Patrol,1,1,0,0,0,,,,,,0,0,0,,,,,,,,,,,98,98,98,0,,,,,20,,,,,,,,,1,0,,,,,,
2021,392,EB74709,122,09/21/2021,7:22,21,9,,61,Snohomish,690,1,,1,1,2,1,0,2,4,,,,12,0,6,0,8,0,1,3,2,4,6,0,0,0,0,RUCKER AVE,,-122.2107556,47.96226944,0,1,69,62,4,35,14,0,0,1,2,12,1,1,7,5,1,1,1,53,0,35,401,1996,0,,12,63,30,30,14,14,1,1,35,1,0,,3,0,99,7,11,4,,,,,0,0,0,3,1,0,,,,96,,,,,,8,9,,,,,98012,53,70,200,6,1,0,0,0,1,,97,,,,,,4,03/15/2019,03/15/2019,8,0,0,0,8,9,2,,,0,,,1,0,8,95,,,96,,,0,0,996,,,,,,,,,,,,,,,,,,,,,,,,,,,,,,0,0,0,0,0,0,1,1,0,0,0,0,1,0,0,0,0,0,0,1,0,0,0,0,0,0,0,0,0,1,0,0,0,0,0,,0,0,0,0,0,0,0,0,0,1,0,0,0,0,0,0,,,,,,31-35,26-35,City street,U,Tuesday,Unknown,PV,Not Fatal,0,0,0,0,City Street,Municipal/City Police,Everett Police Department,0,0,0,1,0,,,,,,0,0,0,,,,,,,,,,,0,0,0,0,,,,,20,,,,,,,,,1,0,,,,,,
2021,416,EB78749,197,10/15/2021,16:45,15,10,,61,Snohomish,1338,2,,1,2,2,1,0,2,2,,,,12,0,8,0,1,0,1,4,2,4,6,0,0,0,0,35TH AVE SE,,-122.1854028,47.87392778,0,2,66,62,4,35,4,0,0,1,5,12,1,1,3,5,1,1,1,53,0,55,33,2018,0,,63,12,,,,,1,1,40,2,0,,0,0,2,0,11,0,,,,,0,0,0,3,1,0,,,,96,,,,,,98,,,,,,98012,53,68,140,6,1,0,0,1,0,,0,,,,,,0,03/15/2018,03/15/2018,20,0,0,0,8,9,8,,,0,,,8,8,8,95,,,96,,,8,95,995,,,,,,,,,,,,,,,,,,,,,,,,,,,,,,0,0,0,0,0,0,0,0,0,0,0,0,0,0,0,0,0,0,0,0,0,0,0,0,0,0,0,0,0,1,0,0,0,0,0,,0,0,0,0,0,0,0,0,0,0,0,0,0,0,0,0,,,,,,36-40,36-45,City street,U,Friday,Belt Used,PV,Not Fatal,0,1,1,0,City Street,Municipal/City Police,Mill Creek Police Department,0,0,0,1,0,,,,,,0,0,0,,,,,,,,,,,98,98,98,0,,,,,20,,,,,,,,,1,0,,,,,,
2021,491,EB93812,2,11/25/2021,15:52,25,11,,61,Snohomish,0,2,,1,2,2,1,0,8,5,,,,12,0,1,7.6,1,0,1,4,1,1,3,0,0,0,0,SR-532,,-122.2942583,48.23639167,0,1,24,51,3,55,4,0,0,1,2,12,1,1,3,1,1,1,1,53,0,30,40,2017,0,,12,,,,,,1,1,48,2,0,,1,0,3,0,11,0,,,,,0,0,0,2,1,0,,,,96,,,,,,98,,,,,,98012,53,65,150,1,1,0,2,2,0,,0,,,,,,4,11/15/2019,02/15/2019,8,0,0,0,8,9,2,,,0,,,1,8,0,0,,,0,,,0,0,996,,,,,,,,,,,,,,,,,,,,,,,,,,,,,,0,0,0,0,0,0,0,0,0,0,0,0,1,1,0,0,0,0,0,0,0,0,0,0,0,0,0,0,0,1,0,0,0,0,0,,0,0,0,0,0,0,0,0,0,1,0,1,0,0,0,0,,,,,,46-50,46-55,State route,R,Thursday,Belt Used,PV,Not Fatal,0,0,0,0,State Route,State Patrol,Washington State Patrol,0,1,0,0,0,,,,,,0,0,1,,,,,,,,,,,98,98,98,0,,,,,20,,,,,,,,,1,0,,,,,,
2021,533,EC01176,122,12/11/2021,2:12,11,12,,61,Snohomish,690,10,,3,2,2,1,1,1,1,,,,8,0,0,45.9,3,0,2,3,2,1,3,0,0,3,3,SR-99,EVERGREEN WAY,-122.2586167,47.88955278,0,1,13,80,5,45,14,0,0,1,5,8,8,8,6,1,1,1,1,53,0,59,404,2010,0,,8,,,,,,1,1,34,1,0,,0,0,3,0,11,0,,,,,0,0,0,3,1,0,,,,92,,,,,,98,,,,,,98012,53,75,220,6,1,0,1,0,2,,0,,,,,,0,07/15/2018,06/15/2021,20,0,0,0,8,9,8,,,0,,,8,8,8,95,,,96,,,8,95,995,,,,,,,,,,,,,,,,,,,,,,,,,,,,,,0,0,0,1,0,0,0,0,0,1,1,1,0,0,0,0,1,0,0,0,0,0,0,0,0,0,0,0,0,1,0,1,0,0,0,,0,0,0,0,0,0,0,0,1,0,0,0,0,0,0,0,,,,,,31-35,26-35,State route,U,Saturday,Belt Used,PV,Not Fatal,1,0,0,0,State Route,Municipal/City Police,Everett Police Department,0,1,0,0,0,,,,,,0,0,0,,,,,,,,,,,98,98,98,0,,,,,20,,,,,,,,,1,0,,,,,,
2020,364,EA63509,184,09/05/2020,10:54,5,9,,61,Snohomish,1215,1,,1,1,2,1,0,2,2,,,,12,0,6,41.1,2,0,4,3,2,1,3,0,0,0,0,SR-99,186TH PL W,-122.3072806,47.83018056,0,2,83,67,4,45,80,0,0,1,2,12,1,1,7,5,1,1,2,41,0,53,706,2006,0,,12,,,,,,1,1,31,1,7,,4,0,20,7,11,5,09/16/2020,3:08,1.96053E+11,43178,0,0,3,3,1,0,,,,96,,,,,,98,,,,,,98013,53,74,270,6,1,0,0,1,1,,0,,,,,,0,01/15/2016,06/15/2018,20,8,0,0,0,9,8,,,0,,,8,8,2,348,695,605,1,1,1,2,1,0,,,,,,,,,,,,,,,,,,,,,,,,,,,,,,0,0,0,1,0,0,1,1,1,0,0,0,0,0,0,0,0,0,0,0,0,0,0,0,0,1,1,0,1,1,0,0,0,0,1,0,0,0,0,0,0,0,1,1,0,0,0,0,0,0,1,0,,,,,,31-35,26-35,State route,U,Saturday,,MC,Black,1,0,0,0,State Route,Municipal/City Police,Lynnwood Police Department,0,1,0,0,0,thc,7,carboxy-thc,110,,0,0,1,1,,,,,151,,,,,0,0,0,2,,,,,5,0,,,,,,,nms,1,0,,,,,,
2017,80,E651585,129,03/13/2017,13:03,13,3,0,53,Pierce,747,2,0,1,2,2,1,0,4,4,13:18,13:28,14:02,12,0,1,0,1,0,1,3,2,4,6,0,3,3,3,70TH AVE E,VALLEY AVE E,-122.3363694,47.22796111,0,4,98,53,3,35,71,0,0,1,5,12,1,1,6,1,5,1,3,18,0,98,806,2016,0,0,12,,,,,,1,1,58,1,0,0,0,0,3,0,11,0,,,,,0,0,0,3,1,0,0,0,0,0,,,,,,0,,,,,,98014,53,69,160,6,1,0,0,0,0,0,0,,,,,,0,,,20,0,0,0,8,9,8,,,0,0,0,8,0,8,95,0,0,6,0,0,8,95,995,,,,,,,,,,,,,,,,,,,,,,,,,,,,,,0,0,0,0,0,0,0,0,0,0,0,0,0,0,0,0,0,0,0,0,0,0,0,0,0,0,0,0,0,1,1,0,0,0,0,,0,0,0,0,0,0,0,0,0,0,0,0,0,0,0,0,,,,,,56-60,56-65,City street,U,Monday,,MHTRUCK,Not Fatal,1,0,0,0,City Street,Municipal/City Police,Fife Police Department,0,0,0,1,0,,,,,,,,,,,,,,,,,,,,,,,,,,,,,,,,,,,,,,,,,,,
2017,221,E688194,25,06/25/2017,18:28,25,6,0,33,King,254,1,0,1,1,2,1,0,1,1,,,,59,0,0,5.5,1,0,1,4,2,1,3,0,0,0,0,SR-203,,-121.9159194,47.641025,0,1,7,12,2,30,34,0,0,1,2,42,1,1,2,1,1,1,3,53,0,12,471,2000,0,0,68,64,59,42,,,1,1,47,1,1,1,4,7,20,0,11,0,06/25/2017,18:28,25453028966,28966,0,0,0,3,1,0,0,0,0,96,,,,,,99,,,,,,98014,53,72,150,6,1,0,1,0,0,0,0,,,,,,3,01/15/2013,01/15/2013,20,0,0,0,0,9,8,,,0,0,0,8,1,2,1,0,0,1,0,0,2,1,0.3,,,,,,,,,,,,,,,,,,,,,,,,,,,,,,0,0,0,0,1,1,0,1,0,0,0,0,1,0,0,0,0,0,0,0,0,0,0,0,0,0,0,0,0,0,0,0,0,1,0,,0,0,0,0,0,1,0,1,0,1,0,0,0,1,0,1,,,,,,46-50,46-55,State route,U,Sunday,Not Used,PV,Hispanic,0,1,0,0,State Route,County Sheriff,King County Police,1,1,0,0,0,,,,,,,,,,,,,,,,,,,,,,,,,,,,,,,,,,,,,,,,,,,
2017,296,E695985,7,07/25/2017,14:39,25,7,0,33,King,735,1,0,1,1,2,1,0,2,1,,,,42,0,0,0.2,5,1,1,1,2,1,1,0,0,0,0,I-5 RAMP R114234,,-122.3064083,47.29195556,0,1,6,12,2,98,14,0,0,1,2,42,2,2,1,6,14,2,1,53,0,2,404,2006,0,0,64,42,,,,,1,1,63,1,7,1,4,0,3,0,11,8,08/17/2017,1:10,2.33753E+11,35911,0,0,3,3,1,0,0,0,0,12,,,,,,0,,,,,,98014,53,68,195,6,1,0,1,1,0,0,23,,,,,,4,12/15/2014,12/15/2014,1,0,0,0,0,9,8,,,0,0,0,8,0,0,0,0,0,0,0,0,0,0,996,,,,,,,,,,,,,,,,,,,,,,,,,,,,,,0,0,1,0,0,0,0,0,0,0,0,0,1,0,0,0,1,0,0,0,0,0,0,0,0,0,0,0,0,1,0,0,0,0,0,,1,0,0,0,0,0,0,0,1,1,0,0,0,0,0,0,,,,,,61-65,56-65,Interstate,U,Tuesday,Belt Used,PV,White,0,1,0,0,State Route,State Patrol,Washington State Patrol Headquarter,1,1,0,0,0,,,,,,,,,,,,,,,,,,,,,,,,,,,,,,,,,,,,,,,,,,,
2017,215,E688196,7,06/27/2017,14:32,27,6,0,33,King,0,1,0,1,1,2,1,0,4,1,,,,32,0,0,5.3,1,0,1,6,1,2,4,0,0,0,0,CR-KELLY RD NE,,-121.9085194,47.73242778,0,1,1,13,2,45,6,0,0,1,2,32,1,1,2,1,1,4,2,53,0,12,17,1994,0,0,63,32,,,,,1,1,42,2,0,0,3,0,20,0,11,5,,,,,0,0,3,3,1,0,0,0,0,10,,,,,,99,,,,,,98019,53,64,135,6,1,0,0,1,1,4,97,,,,,,0,08/15/2012,05/15/2017,20,9,0,0,8,9,8,,,0,0,0,8,9,0,0,0,0,0,0,0,0,0,996,,,,,,,,,,,,,,,,,,,,,,,,,,,,,,0,0,1,0,0,0,0,0,0,0,0,0,0,0,0,0,1,0,0,1,0,0,0,0,0,0,0,0,0,1,0,0,0,0,0,,0,0,0,0,0,0,0,0,1,0,0,0,0,0,0,0,,,,,,41-45,36-45,County road,R,Tuesday,Not Used,PV,Not Fatal,0,1,0,0,County Road,County Sheriff,King County Police,1,0,1,0,0,,,,,,,,,,,,,,,,,,,,,,,,,,,,,,,,,,,,,,,,,,,
2017,256,E696354,7,07/17/2017,3:36,17,7,0,33,King,1050,1,0,3,1,2,1,0,2,1,,,,24,0,0,18.1,1,0,1,1,2,1,1,0,0,0,0,I-405,,-122.1846806,47.67779444,0,1,2,9,1,60,4,0,0,1,2,24,1,1,5,3,1,2,1,53,0,34,34,2004,0,0,63,24,,,,,1,1,18,1,0,0,0,0,99,0,11,0,,,,,0,0,0,3,1,0,0,0,0,96,,,,,,99,,,,,,98019,53,72,155,6,1,0,0,0,0,0,97,,,,,,0,,,20,0,0,0,8,9,8,,,0,0,0,8,9,0,0,0,0,0,0,0,0,0,996,,,,,,,,,,,,,,,,,,,,,,,,,,,,,,0,0,0,0,0,0,0,0,0,0,0,0,0,0,0,0,0,0,0,1,0,1,1,0,1,0,0,0,0,1,0,0,0,0,0,,0,0,0,0,0,0,0,0,0,0,0,0,0,0,0,0,,,,,,18-20,16-25,Interstate,U,Monday,Unknown,PV,Not Fatal,0,1,0,0,State Route,State Patrol,Washington State Patrol Headquarter,1,1,0,0,0,,,,,,,,,,,,,,,,,,,,,,,,,,,,,,,,,,,,,,,,,,,
2017,29,E636762,122,01/25/2017,6:52,25,1,0,61,Snohomish,690,1,0,3,1,2,1,1,1,1,,,,8,0,0,0,1,0,1,3,2,4,6,0,0,0,0,SEAWAY BLVD,,-122.2673083,47.93705833,0,1,1,13,2,98,6,0,0,1,5,8,1,2,2,1,1,1,1,53,0,6,52,2002,0,0,63,8,40,,,,1,1,55,2,0,0,0,0,3,0,11,0,,,,,0,0,3,3,1,0,0,0,0,92,,,,,,99,,,,,,98020,53,65,250,6,1,0,0,0,0,0,0,,,,,,0,,,20,0,0,0,8,9,8,,,0,0,0,8,9,0,0,0,0,0,0,0,0,0,996,,,,,,,,,,,,,,,,,,,,,,,,,,,,,,0,0,1,0,0,0,0,0,0,1,0,1,0,0,0,0,1,0,0,0,0,0,0,0,0,0,0,0,0,1,0,1,0,0,0,,0,0,0,0,0,0,0,0,1,0,0,0,0,0,0,0,,,,,,51-55,46-55,City street,U,Wednesday,Belt Used,PV,Not Fatal,0,0,0,0,City Street,Municipal/City Police,Everett Police Department,0,0,0,1,0,,,,,,,,,,,,,,,,,,,,,,,,,,,,,,,,,,,,,,,,,,,
2018,482,E880236,7,12/16/2018,16:50,16,12,0,33,King,0,2,0,3,2,1,1,0,3,2,,,,12,0,6,29.2,3,1,3,1,2,1,1,0,0,0,0,I-5 RAMP,SR-104,-122.3157194,47.77762222,0,2,83,67,4,35,4,0,0,1,7,12,1,2,2,1,1,1,1,53,0,18,20,1999,0,0,12,,,,,,1,1,88,1,0,0,1,0,3,0,11,8,,,,,0,0,3,3,1,0,0,0,0,96,,,,,,0,,,,,,98020,53,71,175,6,1,0,0,0,0,,0,,,,,,0,,,1,0,0,0,8,9,8,,,0,0,0,8,0,8,95,,,96,,,8,95,995,,,,,,,,,,,,,,,,,,,,,,,,,,,,,,0,0,0,1,0,0,0,0,0,0,0,0,0,0,0,0,0,0,1,0,0,0,0,0,0,1,1,1,0,1,0,0,0,0,0,,0,0,0,0,0,0,0,0,0,0,0,0,0,0,0,0,,,,,,81+,76+,Interstate,U,Sunday,Belt Used,PV,Not Fatal,1,0,0,0,State Route,State Patrol,Washington State Patrol,0,1,0,0,0,,,,,,0,0,0,,,,,,,,,,,,,,,,,,,,,,,,,,,,,,,,,,,
2020,411,EA73033,2,10/16/2020,20:50,16,10,,57,Skagit,0,2,,3,2,2,1,0,3,2,,,,12,0,6,4.1,2,0,2,5,1,1,3,0,0,0,0,SR-11,FIELD RD,-122.3913917,48.53039167,0,2,88,66,4,55,34,0,0,1,2,12,1,1,2,1,1,2,2,53,0,7,472,1997,0,,12,,,,,,1,1,21,8,0,,0,0,3,0,11,0,,,,,0,0,3,3,1,0,,,,96,,,,,,0,,,,,,98020,53,75,150,6,2,0,0,0,0,,0,,,,,,0,,,8,0,0,0,8,3,2,,,0,,,8,8,8,95,,,96,,,2,95,0,,,,,,,,,,,,,,,,,,,,,,,,,,,,,,0,0,0,1,0,0,1,1,0,0,0,0,0,0,0,0,0,0,0,0,0,0,0,1,1,0,0,0,0,1,0,0,0,0,0,,0,0,0,0,0,0,0,0,0,0,0,0,0,0,0,0,,,,,,21-25,16-25,State route,R,Friday,Belt Used,PV,Not Fatal,1,0,0,0,State Route,State Patrol,Washington State Patrol,0,1,0,0,0,,,,,,0,0,0,,,,,,,,,,,0,0,0,0,,,,,20,7,,,,,,,,1,0,,,,,,
2017,259,E695733,2,07/15/2017,13:27,15,7,0,61,Snohomish,2030,1,0,1,1,2,1,0,3,2,13:24,13:31,,1,0,0,9.5,1,0,1,3,2,1,3,0,0,0,0,SR-9,,-122.1086833,47.91425278,0,2,98,62,4,55,6,0,0,1,2,12,1,2,2,1,1,2,1,53,0,49,47,2007,0,0,12,,,,,,1,1,48,1,0,0,2,0,3,0,11,4,,,,,0,0,0,3,1,0,0,0,0,0,,,,,,0,,,,,,98021,53,70,200,6,1,0,0,0,0,0,0,,,,,,0,,,8,0,0,0,8,9,8,,,0,0,0,8,0,0,0,0,0,0,0,0,0,0,996,,,,,,,,,,,,,,,,,,,,,,,,,,,,,,0,0,0,0,0,0,1,1,1,0,0,0,0,1,1,0,1,0,0,0,0,0,0,0,0,0,0,0,1,1,0,0,0,0,0,,0,0,0,0,0,0,0,0,0,0,0,0,0,0,0,0,,,,,,46-50,46-55,State route,U,Saturday,Belt Used,PV,Not Fatal,0,0,0,0,State Route,State Patrol,Washington State Patrol Headquarter,0,1,0,0,0,,,,,,,,,,,,,,,,,,,,,,,,,,,,,,,,,,,,,,,,,,,