year,case,par,repjur,crash_dt,crash_tm,accday,accmon,holiday,county,co_char,city,weather,weather2,lightcond,surfcond,surftype,numfatal,nmforms,pforms,vforms,not_tm,arr_tm,hosp_tm,fhevent,hitrun,manncol,milepnt,reljunc,reljuncinter,intersectiontype,funcsystem,landuse,ownership,route,schlbus,spejur,contdev,devfunc,trafid1,trafid2,x,y,wk_zone,vnumber,crashtype,criticalevent,criticaleventcat,spdlim,body,trailer,emerg,hazcargo,leave,mhevent,roadalgn,roadprof,traflane,trafflow,vehmanvr,numoccs,regowner,regstate,spuse,make,model,modelyr,vrf1,vrf2,seqevent1,seqevent2,seqevent3,seqevent4,seqevent5,seqevent6,pnumber,ptype,age,sex,hispanic,race,injury,diedscene,restraint,restraintmisuse,seatpos,takehosp,death_dt,death_tm,cert,cernum_wa,commlic,licendor,licrestrict,liccomp,drivpres,drf1,drf2,drf3,drf4,distract1,distract2,distract3,distract4,distract5,distract6,dricond1,dricond2,dricond3,dricond4,dricond5,dricond6,dzip,licstate,drhgt_in,weight,noncdl,noncdltype,prevdwi,prevoth,prevacc,prevspd,prevsus,driviol1,driviol2,driviol3,driviol4,driviol5,driviol6,spdrel,first_dt,last_dt,airbag,ejection,ejectpath,extricat,injurwrk,methalc,methdrug,nmlocat,strikveh,prf1,prf2,prf3,druginv,alcinvol,drugsts,drugres1,drugres2,drugres3,drugtst1,drugtst2,drugtst3,alcsts,alctst,alcres,nmact1,nmact2,nmact3,nmact4,nmact5,nmact6,nmprior1,nmprior2,nmprior3,nmprior4,nmprior5,nmprior6,nmcond1,nmcond2,nmcond3,nmcond4,nmcond5,nmcond6,nmsafe_helmet,nmsafe_pads,nmsafe_oth,nmprev_ref,nmprev_lgt,nmprev_oth,crashlocation,nmcrashtype,crosswalk,schoolzone,sidewalk,train_inv,wildlife_inv,rotr_fars,intersect_fars,dd_inv,aid_inv,dpd_inv,id_inv,mj_inv,impnm_inv,ainm_inv,dpnm_inv,speed_inv,unlic_inv,unendmc_inv,drowsy_inv,drdist_inv,nmdist_inv,fty_inv,unrestfat_inv,dr1617_inv,dr1820_inv,dr1620_inv,dr2125_inv,dr1625_inv,dr65_inv,dr70_inv,dr75_inv,mc_inv,pv_inv,ht_inv,ped_inv,bike_inv,unrest_fat,mc_fat,unhelmet_mc,pv_fat,ht_fat,ped_fat,bike_fat,dr_alc7,dr_alc8,dr_drug,dr_imp,dr_dist,dr_spd,dr_fty,dr_unlic,dr_alc7only,dr_alc8only,dr_drugonly,dr_drink,nm_imp,nm_alc7,nm_alc8,nm_drug,nm_dist,agegrp1,agegrp2,roadclass,urbrur,dayweek,restuse,vehtype,race_me,intersect,lanedep,oppdir,wrongway,rep_typ,investag,repag_long,rotr,st_rd,cty_rd,city_rd,oth_rd,drug_thc,thc_res,drug_cthc,cthc_res,drug_cann,prevpersemin,prevperse,prevsusoth,drugtst4,drugtst5,drugtst6,drugtst7,drugtst8,drugres4,drugres5,drugres6,drugres7,drugres8,adspresent,adsengaged,adslevel,race1,race2,race3,race4,race5,helmet,helmetmisuse,nmdistract1,nmdistract2,nmdistract3,nmdistract4,nmdistract5,nmdistract6,lab,isedtcase,crf1,crf2,crf3,CoRoadName,CoMP,IntCoRoadName,IntCoMP
2018,486,E881029,39,12/13/2018,17:12,13,12,0,61,Snohomish,0,10,0,3,2,2,1,1,1,1,,,,8,0,0,0.2,1,0,1,7,1,2,4,0,0,0,0,CR-DAMSON RD,,-122.2440111,47.81215,0,1,13,80,5,35,14,0,0,1,7,8,1,1,2,1,1,1,2,53,0,51,401,2017,0,0,8,,,,,,1,1,65,1,0,0,0,0,99,0,11,0,,,,,0,0,0,0,1,38,0,0,0,93,,,,,,0,,,,,,98021,53,,999,0,0,99,99,99,99,,97,,,,,,0,,,20,0,0,0,8,9,8,,,0,0,0,8,0,8,95,,,96,,,8,95,995,,,,,,,,,,,,,,,,,,,,,,,,,,,,,,0,0,0,0,0,0,0,0,0,1,0,1,0,1,0,0,1,0,1,0,0,0,0,0,0,1,0,0,0,1,0,1,0,0,0,,0,0,0,0,0,0,0,0,1,0,1,1,0,0,0,0,,,,,,61-65,56-65,County road,R,Thursday,Unknown,PV,Not Fatal,0,0,0,0,County Road,County Sheriff,Snohomish County Sheriff's Office,0,0,1,0,0,,,,,,99,99,99,,,,,,,,,,,,,,,,,,,,,,,,,,,,,,,,,,,
2019,198,E934696,7,06/25/2019,4:27,25,6,,33,King,0,5,0,2,1,2,1,0,4,2,,,,12,0,6,14,4,0,1,4,2,1,3,0,0,0,0,SR-202,,-121.9956583,47.62945556,0,2,83,67,4,55,34,0,0,1,7,12,1,1,2,1,1,1,1,53,0,49,482,2003,0,0,12,,,,,,1,1,24,1,0,,1,0,3,0,11,8,,,,,0,0,0,3,1,0,0,0,0,96,,,,,,0,,,,,,98021,53,70,180,6,1,0,1,1,2,,0,,,,,,0,05/15/2016,08/15/2017,8,0,0,0,8,9,8,,,0,0,0,8,0,8,95,,,96,,,8,95,995,,,,,,,,,,,,,,,,,,,,,,,,,,,,,,0,0,0,0,0,0,1,1,1,0,0,0,0,1,0,0,1,0,1,0,0,1,1,1,1,0,0,0,0,1,0,0,0,0,0,,0,0,0,0,0,0,0,0,0,0,0,0,0,0,0,0,,,,,,21-25,16-25,State route,U,Tuesday,Belt Used,PV,Not Fatal,0,0,0,0,State Route,State Patrol,Washington State Patrol,0,1,0,0,0,,,,,,0,0,0,,,,,,,,,,,98,98,98,0,,,,,20,7,,,,,,,,,,,,,,,
2020,256,EA51246,326,07/27/2020,9:41,27,7,,33,King,2565,1,,1,1,2,1,1,1,1,,,,9,0,0,0,2,0,3,5,2,4,6,0,0,0,0,NE 171ST ST,143rd Pl NE,-122.1480417,47.75168056,0,1,13,15,2,35,4,0,0,1,2,9,1,2,3,5,11,1,2,53,0,49,32,2004,0,,9,,,,,,1,1,18,1,0,,0,0,3,0,11,0,,,,,0,0,0,3,1,38,,,,96,,,,,,98,,,,,,98021,53,70,170,6,2,0,0,0,0,,97,,,,,,0,,,20,0,0,0,8,9,8,,,0,,,8,8,8,95,,,96,,,8,95,995,,,,,,,,,,,,,,,,,,,,,,,,,,,,,,0,0,0,1,0,0,0,0,0,0,0,0,0,0,0,0,0,0,1,0,0,1,1,0,1,0,0,0,0,1,0,0,1,0,0,,0,0,0,0,0,0,0,0,0,0,1,0,0,0,0,0,,,,,,18-20,16-25,City street,U,Monday,Belt Used,PV,Not Fatal,1,0,0,0,City Street,County Sheriff,Woodinville Police Department,0,0,0,1,0,,,,,,0,0,0,,,,,,,,,,,98,98,98,0,,,,,20,7,,,,,,,,1,0,,,,,,
2020,346,EA62623,66,07/23/2020,23:56,23,7,,61,Snohomish,170,1,,3,1,2,1,0,2,2,,,,12,0,8,0,2,0,2,4,2,4,6,0,0,3,3,228TH ST SE,15th Ave SE,-122.2130861,47.79130833,0,2,69,62,4,30,80,0,0,1,2,12,1,1,5,1,1,1,1,53,0,76,706,2013,0,,12,,,,,,1,1,26,1,7,,4,7,20,7,11,0,07/23/2020,23:56,17053033853,33853,0,0,2,3,1,74,,,,96,,,,,,98,,,,,,98021,53,77,300,6,1,0,1,1,1,,0,,,,,,3,01/15/2018,06/15/2019,20,8,0,0,0,9,8,,,0,,,8,8,2,695,605,,1,1,,2,1,0,,,,,,,,,,,,,,,,,,,,,,,,,,,,,,0,0,0,1,0,0,1,1,1,0,0,0,1,0,0,0,0,0,1,0,1,0,1,0,1,0,0,0,1,1,0,0,0,0,1,0,0,0,0,0,0,0,1,1,0,1,0,0,0,0,1,0,,,,,,26-30,26-35,City street,U,Thursday,,MC,White,1,0,0,0,City Street,Municipal/City Police,Bothell Police Department,0,0,0,1,0,thc,3.4,carboxy-thc,19,,0,0,0,,,,,,,,,,,0,0,0,1,,,,,5,0,,,,,,,nms,1,0,,,,,,
2017,40,E633587,25,01/16/2017,15:51,16,1,0,33,King,0,1,0,1,1,2,1,0,2,1,16:27,17:08,17:24,42,0,0,3.3,8,0,1,6,1,2,4,0,0,0,0,CR-196TH AVE SE,,-122.079925,47.19508056,0,1,1,70,4,35,20,0,0,1,5,42,1,1,2,1,1,2,1,53,0,20,443,2002,0,0,63,42,,,,,1,1,87,2,0,0,1,0,3,0,11,5,,,,,0,0,0,3,1,0,0,0,0,96,,,,,,0,,,,,,98022,53,63,155,6,1,0,0,0,0,0,0,,,,,,4,,,1,0,0,0,8,3,2,,,0,0,0,0,0,0,0,0,0,0,0,0,0,0,996,,,,,,,,,,,,,,,,,,,,,,,,,,,,,,0,0,1,0,0,0,0,0,0,0,0,0,1,0,0,0,0,0,0,0,0,0,0,0,0,1,1,1,0,1,0,0,0,0,0,,0,0,0,0,0,0,0,0,0,1,0,0,0,0,0,0,,,,,,81+,76+,County road,R,Monday,Belt Used,PV,Not Fatal,0,0,0,0,County Road,County Sheriff,King County Police,0,0,1,0,0,,,,,,,,,,,,,,,,,,,,,,,,,,,,,,,,,,,,,,,,,,,
2017,206,E685188,55,06/19/2017,17:32,19,6,0,33,King,100,1,0,1,1,2,1,0,5,5,17:48,17:53,18:17,12,0,1,0,3,0,2,3,2,1,3,0,0,3,3,SR-167 RAMP LX01577,15TH ST NW,-122.2558361,47.29561944,0,2,98,53,3,35,14,0,0,1,5,12,1,2,2,1,5,1,3,53,0,12,401,2015,0,0,12,,,,,,1,1,55,2,0,0,0,0,3,0,11,0,,,,,0,0,0,3,1,0,0,0,0,0,,,,,,0,,,,,,98022,53,65,135,6,1,0,1,1,0,0,0,,,,,,0,06/15/2015,06/15/2015,20,0,0,0,8,9,8,,,0,0,0,8,0,0,0,0,0,0,0,0,0,0,996,,,,,,,,,,,,,,,,,,,,,,,,,,,,,,0,0,0,1,0,0,1,1,1,0,0,0,1,0,0,0,0,0,0,0,0,0,0,0,0,0,0,0,1,1,0,0,0,0,0,,0,0,0,0,0,0,0,0,0,0,0,0,0,0,0,0,,,,,,51-55,46-55,State route,U,Monday,Belt Used,PV,Not Fatal,1,0,0,0,State Route,Municipal/City Police,Auburn Police Department,0,1,0,0,0,,,,,,,,,,,,,,,,,,,,,,,,,,,,,,,,,,,,,,,,,,,
2017,266,E697132,25,07/27/2017,19:13,27,7,0,33,King,0,1,0,1,1,2,1,0,1,1,,,,1,0,0,3.5,1,0,1,5,1,2,4,0,0,0,0,CR-244TH AVE SE,,-122.0162222,47.22753056,0,1,7,6,1,35,4,0,0,1,5,1,1,1,2,1,1,1,1,53,0,30,40,1994,0,0,68,64,1,,,,1,1,35,1,7,3,4,7,20,0,11,0,07/27/2017,19:13,67053032970,32970,0,0,0,3,1,0,0,0,0,96,,,,,,99,,,,,,98022,53,69,170,6,1,0,1,0,3,5,0,,,,,,3,01/15/2014,05/15/2017,20,1,9,0,0,9,8,,,0,0,0,8,1,2,417,0,0,1,0,0,2,1,0.34,,,,,,,,,,,,,,,,,,,,,,,,,,,,,,0,0,0,0,1,1,1,1,0,0,0,0,1,0,0,0,0,0,0,1,0,0,0,0,0,0,0,0,0,1,0,0,0,1,0,,1,0,0,0,0,1,1,1,0,1,0,0,0,0,0,1,,,,,,31-35,26-35,County road,R,Thursday,Not Used,PV,AIAN,0,1,0,0,County Road,County Sheriff,King County Police,1,0,1,0,0,,,,,,,,,,,,,,,,,,,,,,,,,,,,,,,,,,,,,,,,,,,
2017,467,E732281,7,11/01/2017,9:16,1,11,0,33,King,0,2,0,1,2,2,1,0,4,3,8:52,9:05,9:58,12,0,1,3.6,2,0,2,3,1,1,3,0,0,0,0,SR-169,SE 383RD ST,-121.9882861,47.25589444,0,1,20,50,3,50,14,0,0,1,2,12,1,1,2,1,1,1,1,53,0,48,401,2007,0,0,12,,,,,,1,1,66,2,0,0,0,0,3,0,11,0,,,,,0,0,3,3,1,0,0,0,0,93,,,,,,0,,,,,,98022,53,62,130,6,1,0,0,0,0,0,97,,,,,,4,,,20,0,0,0,8,9,8,,,0,0,0,8,0,2,1,0,0,1,0,0,2,1,0,,,,,,,,,,,,,,,,,,,,,,,,,,,,,,0,0,0,1,0,0,0,0,0,0,0,0,1,0,0,0,1,0,0,0,0,0,0,0,0,1,0,0,0,1,1,0,0,0,0,,0,0,0,0,0,0,0,0,1,1,0,0,0,0,0,0,,,,,,66-70,66-75,State route,R,Wednesday,Belt Used,PV,Not Fatal,1,0,0,0,State Route,State Patrol,Washington State Patrol Headquarter,0,1,0,0,0,,,,,,,,,,,,,,,,,,,,,,,,,,,,,,,,,,,,,,,,,,,
2017,467,E732281,7,11/01/2017,9:16,1,11,0,33,King,0,2,0,1,2,2,1,0,4,3,8:52,9:05,9:58,12,0,1,3.6,2,0,2,3,1,1,3,0,0,0,0,SR-169,SE 383RD ST,-121.9882861,47.25589444,0,2,21,53,3,50,5,0,0,1,2,12,1,1,2,1,5,2,1,53,0,37,39,2009,0,0,12,68,12,12,,,1,1,26,2,0,0,1,0,20,0,11,5,,,,,0,0,0,3,1,0,0,0,0,0,,,,,,0,,,,,,98022,53,61,120,6,1,0,6,4,4,0,0,,,,,,0,04/15/2014,08/15/2017,20,0,0,0,8,9,8,,,0,0,0,8,0,0,0,0,0,0,0,0,0,0,996,,,,,,,,,,,,,,,,,,,,,,,,,,,,,,0,0,0,1,0,0,0,0,0,0,0,0,1,0,0,0,1,0,0,0,0,0,0,0,0,1,0,0,0,1,1,0,0,0,0,,0,0,0,0,0,0,0,0,0,0,0,0,0,0,0,0,,,,,,26-30,26-35,State route,R,Wednesday,Not Used,PV,Not Fatal,1,0,0,0,State Route,State Patrol,Washington State Patrol Headquarter,0,1,0,0,0,,,,,,,,,,,,,,,,,,,,,,,,,,,,,,,,,,,,,,,,,,,
2017,547,E748221,25,11/26/2017,1:06,26,11,8,33,King,670,2,0,3,2,2,1,0,2,1,,,,42,0,0,9999.9,3,0,3,7,1,2,4,0,0,20,3,CR-SE 424TH ST,SR-169,-121.9897111,47.22105556,0,1,14,14,2,35,4,0,0,1,5,38,1,1,2,1,1,2,2,53,0,19,18,2009,0,0,71,42,38,,,,1,1,27,1,7,1,4,0,3,0,11,4,11/29/2017,16:15,1.96053E+11,52009,0,0,0,3,1,0,0,0,0,96,,,,,,99,,,,,,98022,53,71,165,6,1,0,0,0,2,0,0,,,,,,4,04/15/2014,09/15/2014,8,0,0,0,0,9,8,,,0,0,0,8,1,2,1,0,0,1,0,0,2,1,0.074,,,,,,,,,,,,,,,,,,,,,,,,,,,,,,0,0,0,1,1,0,0,0,0,0,0,0,1,0,0,0,0,0,0,0,0,0,0,0,0,0,0,0,0,1,0,0,0,0,0,,1,0,0,0,1,0,0,0,0,1,0,0,1,0,0,1,,,,,,26-30,26-35,County road,R,Sunday,Belt Used,PV,White,1,0,0,0,State Route,County Sheriff,King County Police,0,1,0,0,0,,,,,,,,,,,,,,,,,,,,,,,,,,,,,,,,,,,,,,,,,,,
2018,460,E872038,7,12/04/2018,0:59,4,12,0,33,King,0,2,0,3,2,2,2,0,5,2,,,,12,0,1,9.9,1,0,1,3,1,1,3,0,0,0,0,SR-164,,-122.0805278,47.21091944,0,1,66,6,1,50,4,0,0,1,5,12,2,1,2,1,14,4,2,53,0,63,33,2004,0,0,68,12,,,,,1,1,22,2,0,0,3,0,20,0,11,8,,,,,0,0,0,2,1,28,0,0,0,96,,,,,,9,,,,,,98022,53,61,145,0,0,0,0,0,0,,97,,,,,,4,,,8,0,0,0,8,9,8,,,0,0,0,8,1,2,1,,,1,,,2,1,0.08,,,,,,,,,,,,,,,,,,,,,,,,,,,,,,0,0,0,0,1,1,0,1,0,0,0,0,1,1,0,0,0,0,0,1,0,0,0,1,1,0,0,0,0,1,0,0,0,0,0,,0,0,0,0,0,1,0,1,0,1,0,1,0,1,0,1,,,,,,21-25,16-25,State route,R,Tuesday,Not Used,PV,Not Fatal,0,1,1,0,State Route,State Patrol,Washington State Patrol,0,1,0,0,0,,,,,,0,0,0,,,,,,,,,,,,,,,,,,,,,,,,,,,,,,,,,,,
2018,460,E872038,7,12/04/2018,0:59,4,12,0,33,King,0,2,0,3,2,2,2,0,5,2,,,,12,0,1,9.9,1,0,1,3,1,1,3,0,0,0,0,SR-164,,-122.0805278,47.21091944,0,2,66,62,4,50,34,0,0,1,5,1,3,1,2,1,14,1,1,53,0,12,481,2013,0,0,12,63,1,30,,,1,1,31,1,0,0,2,0,3,0,11,8,,,,,0,0,0,3,1,0,0,0,0,96,,,,,,0,,,,,,98022,53,75,215,6,1,0,0,0,0,,0,,,,,,0,,,8,0,0,0,8,9,8,,,0,0,0,8,0,8,95,,,96,,,8,95,995,,,,,,,,,,,,,,,,,,,,,,,,,,,,,,0,0,0,0,1,1,0,1,0,0,0,0,1,1,0,0,0,0,0,1,0,0,0,1,1,0,0,0,0,1,0,0,0,0,0,,0,0,0,0,0,0,0,0,0,0,0,0,0,0,0,0,,,,,,31-35,26-35,State route,R,Tuesday,Belt Used,PV,Not Fatal,0,1,1,0,State Route,State Patrol,Washington State Patrol,0,1,0,0,0,,,,,,0,0,0,,,,,,,,,,,,,,,,,,,,,,,,,,,,,,,,,,,
2019,59,E899099,3,03/04/2019,16:36,4,3,,53,Pierce,0,1,0,1,1,2,1,0,3,2,,,,12,0,2,19.3,1,0,1,4,2,1,3,0,0,0,0,SR-165,,-122.0548778,47.13677222,0,1,50,6,1,50,80,0,0,1,2,12,2,1,2,1,14,1,1,53,0,72,706,2008,0,0,68,12,,,,,1,1,59,1,7,,4,7,20,7,11,0,03/04/2019,16:36,53010529,10529,0,0,0,3,1,28,0,0,0,96,,,,,,99,,,,,,98022,53,72,210,6,1,0,0,0,0,,0,,,,,,4,,,20,8,0,0,0,9,8,,,0,0,0,8,9,2,1,,,1,,,2,1,0.046,,,,,,,,,,,,,,,,,,,,,,,,,,,,,,0,0,0,0,1,0,0,0,0,0,0,0,1,0,0,0,0,0,0,0,0,0,0,0,0,0,0,0,1,1,0,0,0,0,1,0,0,0,0,0,1,0,0,0,0,1,0,0,1,0,0,1,,,,,,56-60,56-65,State route,U,Monday,,MC,White,0,1,1,0,State Route,State Patrol,Washington State Patrol,0,1,0,0,0,,,,,,0,0,0,,,,,,,,,,,0,0,0,1,,,,,5,0,,,,,,,,,,,,,,,
2019,126,E916308,35,05/01/2019,18:36,1,5,,53,Pierce,0,1,0,1,1,2,1,1,2,1,,,,15,0,0,0.1,8,0,1,7,1,2,4,0,0,0,0,CR-130TH AVE CT E,,-122.2556139,47.10677222,0,1,92,83,5,30,34,0,0,1,5,15,1,1,9,1,13,2,1,53,0,20,481,2008,0,0,15,,,,,,1,1,27,1,0,,0,0,3,0,11,0,,,,,0,0,0,3,1,0,0,0,0,96,,,,,,0,,,,,,98022,53,72,180,6,1,0,0,0,0,,0,,,,,,0,,,20,0,0,0,8,9,8,,,0,0,0,8,0,8,95,,,96,,,8,95,995,,,,,,,,,,,,,,,,,,,,,,,,,,,,,,0,0,0,0,0,0,0,0,0,0,0,0,0,0,0,0,0,0,0,0,0,0,0,0,0,0,0,0,0,1,0,1,0,0,0,,0,0,0,0,0,0,0,0,0,0,0,0,0,0,0,0,,,,,,26-30,26-35,County road,R,Wednesday,Belt Used,PV,Not Fatal,0,0,0,0,County Road,County Sheriff,Law Enforcement Support Agency,0,0,1,0,0,,,,,,0,0,0,,,,,,,,,,,98,98,98,0,,,,,20,7,,,,,,,,,,,,,,,
2019,150,E922858,25,05/09/2019,11:04,9,5,,33,King,0,1,0,1,1,1,1,0,2,2,,,,12,0,2,1.5,1,0,1,7,2,2,4,0,0,0,0,CR-SE KENT KANGLEY RD,,-121.9904167,47.36270833,1,1,50,10,2,45,15,0,0,1,7,12,2,1,2,1,14,1,1,53,0,2,422,2015,0,0,68,12,,,,,1,1,57,2,0,,3,0,3,0,11,1,,,,,0,0,0,3,1,28,0,0,0,92,,,,,,0,,,,,,98022,53,70,205,6,1,0,0,0,0,,97,,,,,,0,,,1,0,0,0,8,9,8,,,0,0,0,8,0,8,95,,,96,,,8,95,995,,,,,,,,,,,,,,,,,,,,,,,,,,,,,,0,0,0,0,0,0,0,0,0,0,0,0,0,0,0,0,1,0,0,0,0,0,0,0,0,0,0,0,0,1,0,0,0,0,0,,0,0,0,0,0,0,0,0,1,0,0,0,0,0,0,0,,,,,,56-60,56-65,County road,U,Thursday,Belt Used,PV,Not Fatal,0,1,1,0,County Road,County Sheriff,King County Police,0,0,1,0,0,,,,,,0,0,0,,,,,,,,,,,98,98,98,0,,,,,20,7,,,,,,,,,,,,,,,
2019,212,E936846,120,06/30/2019,1:10,30,6,,33,King,670,1,0,3,1,2,1,1,1,1,,,,8,0,0,16.3,1,0,1,4,2,1,3,0,0,0,0,SR-410,,-121.9749361,47.199325,0,1,13,11,2,40,4,0,0,1,5,8,1,1,3,5,1,1,1,53,0,49,32,2012,0,0,63,8,,,,,1,1,21,1,0,,0,0,3,0,11,0,,,,,0,0,0,3,1,0,0,0,0,93,,,,,,99,,,,,,98022,53,67,140,6,1,0,0,0,0,,97,,,,,,0,,,20,0,0,0,8,9,8,,,0,0,0,8,0,8,95,,,96,,,8,95,995,,,,,,,,,,,,,,,,,,,,,,,,,,,,,,0,0,0,0,0,0,0,0,0,0,0,0,0,0,0,0,1,0,0,0,0,0,0,1,1,0,0,0,0,1,0,1,0,0,0,,0,0,0,0,0,0,0,0,1,0,0,0,0,0,0,0,,,,,,21-25,16-25,State route,U,Sunday,Belt Used,PV,Not Fatal,0,0,0,0,State Route,Municipal/City Police,Enumclaw Police Department,0,1,0,0,0,,,,,,0,0,0,,,,,,,,,,,98,98,98,0,,,,,20,7,,,,,,,,,,,,,,,
2019,304,E955916,120,08/23/2019,10:40,23,8,,33,King,670,1,0,1,1,2,1,1,1,1,,,,8,0,0,15.7,3,0,2,3,2,1,3,0,0,3,3,SR-410,GARRETT ST,-121.98825,47.19941389,0,1,13,80,5,25,34,0,0,1,5,8,1,1,3,1,11,1,1,53,0,7,472,2008,0,0,8,,,,,,1,1,75,1,0,,0,0,3,0,11,0,,,,,0,0,3,3,1,0,0,0,0,93,,,,,,0,,,,,,98022,53,72,250,6,1,0,0,0,0,,97,,,,,,0,,,20,0,0,0,8,9,8,,,0,0,0,8,0,8,95,,,96,,,8,95,995,,,,,,,,,,,,,,,,,,,,,,,,,,,,,,0,0,0,1,0,0,0,0,0,0,0,0,0,0,0,0,1,0,0,0,0,0,0,0,0,1,1,1,0,1,0,1,0,0,0,,0,0,0,0,0,0,0,0,1,0,0,0,0,0,0,0,,,,,,71-75,66-75,State route,U,Friday,Belt Used,PV,Not Fatal,1,0,0,0,State Route,Municipal/City Police,Enumclaw Police Department,0,1,0,0,0,,,,,,0,0,0,,,,,,,,,,,98,98,98,0,,,,,20,7,,,,,,,,,,,,,,,
2019,305,E956253,39,08/23/2019,14:48,23,8,,61,Snohomish,0,1,0,1,1,2,1,0,1,1,,,,42,0,0,1.9,1,0,1,3,1,2,4,0,0,0,0,CR-RIVERSHORE RD,,-122.1693111,47.93106111,0,1,1,13,2,35,87,0,0,1,5,42,3,1,8,1,14,1,3,46,0,72,706,2015,0,0,63,42,,,,,1,1,60,1,7,,4,7,20,7,11,0,08/23/2019,14:48,53037809,37809,0,0,0,2,1,0,0,0,0,92,,,,,,0,,,,,,98022,53,68,180,6,1,0,0,0,1,,0,,,,,,0,10/15/2015,10/15/2015,20,8,0,0,0,9,8,,,0,0,0,8,0,2,1,,,1,,,2,1,0,,,,,,,,,,,,,,,,,,,,,,,,,,,,,,0,0,1,0,0,0,0,0,0,0,0,0,0,0,1,0,1,0,0,0,0,0,0,0,0,0,0,0,1,0,0,0,0,0,1,0,0,0,0,0,0,0,0,0,1,0,0,0,0,0,0,0,,,,,,56-60,56-65,County road,R,Friday,,MC,White,0,1,0,0,County Road,County Sheriff,Snohomish County Sheriff's Office,1,0,1,0,0,,,,,,0,0,0,,,,,,,,,,,0,0,0,1,,,,,19,0,,,,,,,,,,,,,,,
2019,423,E987726,55,11/15/2019,11:41,15,11,,33,King,100,10,0,1,2,2,1,0,3,2,,,,12,0,6,2,2,0,2,3,2,1,3,0,3,3,3,SR-164,DOGWOOD ST SE,-122.1925194,47.28839444,0,1,68,15,2,35,4,0,0,1,2,12,1,1,5,1,11,2,1,53,0,63,34,2009,0,0,12,,,,,,1,1,86,2,0,,2,0,3,0,11,5,,,,,0,0,3,3,1,38,0,0,0,96,,,,,,99,,,,,,98022,53,62,160,6,1,0,0,0,0,,97,,,,,,0,,,20,0,0,0,8,9,8,,,0,0,0,8,9,8,95,,,96,,,8,95,995,,,,,,,,,,,,,,,,,,,,,,,,,,,,,,0,0,0,1,0,0,0,0,0,0,0,0,0,0,0,0,0,0,1,0,0,0,0,0,0,1,1,1,0,1,0,0,0,0,0,,0,0,0,0,0,0,0,0,0,0,1,0,0,0,0,0,,,,,,81+,76+,State route,U,Friday,Belt Used,PV,Not Fatal,1,0,0,0,State Route,Municipal/City Police,Auburn Police Department,0,1,0,0,0,,,,,,0,0,0,,,,,,,,,,,98,98,98,0,,,,,20,7,,,,,,,,,,,,,,,
2019,423,E987726,55,11/15/2019,11:41,15,11,,33,King,100,10,0,1,2,2,1,0,3,2,,,,12,0,6,2,2,0,2,3,2,1,3,0,3,3,3,SR-164,DOGWOOD ST SE,-122.1925194,47.28839444,0,2,69,62,4,35,34,0,0,1,7,12,1,1,5,1,1,1,1,53,0,20,481,2008,0,0,12,,,,,,1,1,52,1,0,,2,0,3,0,11,5,,,,,0,0,0,3,1,0,0,0,0,96,,,,,,0,,,,,,98022,53,67,150,6,1,0,0,0,0,,0,,,,,,0,,,20,0,0,0,8,9,8,,,0,0,0,8,0,8,95,,,96,,,8,95,995,,,,,,,,,,,,,,,,,,,,,,,,,,,,,,0,0,0,1,0,0,0,0,0,0,0,0,0,0,0,0,0,0,1,0,0,0,0,0,0,1,1,1,0,1,0,0,0,0,0,,0,0,0,0,0,0,0,0,0,0,0,0,0,0,0,0,,,,,,51-55,46-55,State route,U,Friday,Belt Used,PV,Not Fatal,1,0,0,0,State Route,Municipal/City Police,Auburn Police Department,0,1,0,0,0,,,,,,0,0,0,,,,,,,,,,,98,98,98,0,,,,,20,7,,,,,,,,,,,,,,,
2019,465,E995586,262,12/19/2019,17:16,19,12,,33,King,1958,2,0,3,2,2,1,1,1,1,,,,8,0,0,0,3,0,3,7,2,4,6,0,0,0,0,MILITARY RD S,S 179TH ST,-122.2739806,47.44284722,0,1,13,80,5,35,4,0,0,1,5,8,4,2,3,1,14,1,1,53,0,37,37,2019,0,0,8,,,,,,1,1,30,1,0,,0,0,3,0,11,0,,,,,0,0,0,2,1,10,38,0,0,96,,,,,,98,,,,,,98022,53,71,210,1,1,0,0,1,1,,97,,,,,,0,10/15/2018,11/15/2018,20,0,0,0,8,9,2,,,0,0,0,0,0,8,95,,,96,,,8,95,995,,,,,,,,,,,,,,,,,,,,,,,,,,,,,,0,0,0,1,0,0,0,0,0,0,0,0,0,1,0,0,0,0,1,0,0,0,0,0,0,0,0,0,0,1,0,1,0,0,0,,0,0,0,0,0,0,0,0,0,0,1,1,0,0,0,0,,,,,,26-30,26-35,City street,U,Thursday,Belt Used,PV,Not Fatal,1,0,0,0,City Street,Municipal/City Police,SeaTac Police Department,0,0,0,1,0,,,,,,0,0,1,,,,,,,,,,,98,98,98,0,,,,,20,7,,,,,,,,,,,,,,,
2020,41,EA13834,7,02/01/2020,4:30,1,2,,33,King,0,2,,3,2,1,1,1,1,1,4:35,4:47,5:54,8,0,0,7.8,1,0,1,3,1,1,3,0,3,0,0,SR-164,,-122.1068639,47.23532778,0,1,13,80,5,50,4,0,0,1,2,8,1,2,3,1,1,1,1,53,0,55,33,2011,0,,8,,,,,,1,1,30,1,0,,0,0,3,0,11,0,,,,,0,0,0,3,1,0,,,,96,,,,,,0,,,,,,98022,53,66,115,6,1,0,1,0,0,,0,,,,,,0,06/15/2016,06/15/2016,20,0,0,0,8,9,8,,,0,,,8,8,0,0,,,0,,,0,0,996,,,,,,,,,,,,,,,,,,,,,,,,,,,,,,0,0,0,0,0,0,0,0,0,1,1,1,0,0,0,0,0,0,0,0,0,0,0,0,0,0,0,0,0,1,0,1,0,0,0,,0,0,0,0,0,0,0,0,0,0,0,0,0,0,0,0,,,,,,26-30,26-35,State route,R,Saturday,Belt Used,PV,Not Fatal,0,0,0,0,State Route,State Patrol,Washington State Patrol,0,1,0,0,0,,,,,,0,0,0,,,,,,,,,,,98,98,98,0,,,,,20,7,,,,,,,,1,0,,,,,,