year,case,par,repjur,crash_dt,crash_tm,accday,accmon,holiday,county,co_char,city,weather,weather2,lightcond,surfcond,surftype,numfatal,nmforms,pforms,vforms,not_tm,arr_tm,hosp_tm,fhevent,hitrun,manncol,milepnt,reljunc,reljuncinter,intersectiontype,funcsystem,landuse,ownership,route,schlbus,spejur,contdev,devfunc,trafid1,trafid2,x,y,wk_zone,vnumber,crashtype,criticalevent,criticaleventcat,spdlim,body,trailer,emerg,hazcargo,leave,mhevent,roadalgn,roadprof,traflane,trafflow,vehmanvr,numoccs,regowner,regstate,spuse,make,model,modelyr,vrf1,vrf2,seqevent1,seqevent2,seqevent3,seqevent4,seqevent5,seqevent6,pnumber,ptype,age,sex,hispanic,race,injury,diedscene,restraint,restraintmisuse,seatpos,takehosp,death_dt,death_tm,cert,cernum_wa,commlic,licendor,licrestrict,liccomp,drivpres,drf1,drf2,drf3,drf4,distract1,distract2,distract3,distract4,distract5,distract6,dricond1,dricond2,dricond3,dricond4,dricond5,dricond6,dzip,licstate,drhgt_in,weight,noncdl,noncdltype,prevdwi,prevoth,prevacc,prevspd,prevsus,driviol1,driviol2,driviol3,driviol4,driviol5,driviol6,spdrel,first_dt,last_dt,airbag,ejection,ejectpath,extricat,injurwrk,methalc,methdrug,nmlocat,strikveh,prf1,prf2,prf3,druginv,alcinvol,drugsts,drugres1,drugres2,drugres3,drugtst1,drugtst2,drugtst3,alcsts,alctst,alcres,nmact1,nmact2,nmact3,nmact4,nmact5,nmact6,nmprior1,nmprior2,nmprior3,nmprior4,nmprior5,nmprior6,nmcond1,nmcond2,nmcond3,nmcond4,nmcond5,nmcond6,nmsafe_helmet,nmsafe_pads,nmsafe_oth,nmprev_ref,nmprev_lgt,nmprev_oth,crashlocation,nmcrashtype,crosswalk,schoolzone,sidewalk,train_inv,wildlife_inv,rotr_fars,intersect_fars,dd_inv,aid_inv,dpd_inv,id_inv,mj_inv,impnm_inv,ainm_inv,dpnm_inv,speed_inv,unlic_inv,unendmc_inv,drowsy_inv,drdist_inv,nmdist_inv,fty_inv,unrestfat_inv,dr1617_inv,dr1820_inv,dr1620_inv,dr2125_inv,dr1625_inv,dr65_inv,dr70_inv,dr75_inv,mc_inv,pv_inv,ht_inv,ped_inv,bike_inv,unrest_fat,mc_fat,unhelmet_mc,pv_fat,ht_fat,ped_fat,bike_fat,dr_alc7,dr_alc8,dr_drug,dr_imp,dr_dist,dr_spd,dr_fty,dr_unlic,dr_alc7only,dr_alc8only,dr_drugonly,dr_drink,nm_imp,nm_alc7,nm_alc8,nm_drug,nm_dist,agegrp1,agegrp2,roadclass,urbrur,dayweek,restuse,vehtype,race_me,intersect,lanedep,oppdir,wrongway,rep_typ,investag,repag_long,rotr,st_rd,cty_rd,city_rd,oth_rd,drug_thc,thc_res,drug_cthc,cthc_res,drug_cann,prevpersemin,prevperse,prevsusoth,drugtst4,drugtst5,drugtst6,drugtst7,drugtst8,drugres4,drugres5,drugres6,drugres7,drugres8,adspresent,adsengaged,adslevel,race1,race2,race3,race4,race5,helmet,helmetmisuse,nmdistract1,nmdistract2,nmdistract3,nmdistract4,nmdistract5,nmdistract6,lab,isedtcase,crf1,crf2,crf3,CoRoadName,CoMP,IntCoRoadName,IntCoMP
2019,496,EA14388,5,12/19/2019,10:01,19,12,,15,Cowlitz,0,2,0,1,2,2,1,0,3,1,,,,5,0,0,23.1,1,0,1,1,1,1,1,0,0,0,0,I-5,,-122.7593778,45.93228611,0,1,0,98,7,70,67,0,0,1,5,5,3,1,3,3,15,3,1,53,0,12,880,2017,0,0,5,,,,,,1,1,76,1,0,,0,0,3,0,11,0,,,,,6,0,0,3,1,0,0,0,0,0,,,,,,0,,,,,,98022,53,71,200,6,1,0,0,0,0,,0,,,,,,0,,,20,0,0,0,8,9,8,,,0,0,0,8,8,8,95,,,96,,,8,95,995,,,,,,,,,,,,,,,,,,,,,,,,,,,,,,0,0,0,0,0,0,0,0,0,0,0,0,0,0,0,0,0,0,0,0,0,0,0,0,0,1,1,1,0,0,1,0,0,0,0,,0,0,0,0,0,0,0,0,0,0,0,0,0,0,0,0,,,,,,76-80,76+,Interstate,R,Thursday,,MHTRUCK,Not Fatal,0,0,0,0,State Route,State Patrol,Washington State Patrol,0,1,0,0,0,,,,,,0,0,0,,,,,,,,,,,98,98,98,0,,,,,20,7,,,,,,,,,,,,,,,
2020,131,EA33074,39,05/08/2020,20:58,8,5,,61,Snohomish,0,1,,2,1,2,1,0,4,2,21:01,21:11,21:34,12,0,2,4.1,1,0,1,4,2,2,4,0,0,0,0,CR-84TH ST NE,,-122.0265889,48.07230278,0,2,51,62,4,50,14,0,0,1,2,12,1,1,2,1,1,3,1,53,0,14,402,2006,0,,12,,,,,,1,1,79,1,7,,4,7,20,7,11,0,05/08/2020,20:58,53022587,22587,0,0,3,2,1,0,,,,96,,,,,,0,,,,,,98022,53,66,150,1,1,0,2,3,0,,0,,,,,,0,07/15/2015,12/15/2018,1,0,0,0,0,9,8,,,0,,,8,8,2,401,417,,1,1,,2,1,0,,,,,,,,,,,,,,,,,,,,,,,,,,,,,,0,0,0,0,0,0,1,1,0,0,0,0,0,1,0,0,1,0,0,1,0,0,0,0,0,1,1,1,0,1,0,0,0,1,0,,1,0,0,0,0,0,1,1,0,0,0,1,0,0,1,0,,,,,,76-80,76+,County road,U,Friday,Not Used,PV,White,0,1,1,0,County Road,County Sheriff,Snohomish County Sheriff's Office,0,0,1,0,0,,,,,,0,0,4,,,,,,,,,,,98,98,98,1,,,,,20,7,,,,,,,,1,0,,,84TH ST NE,4.063,,
2020,158,EA35921,22,05/23/2020,17:12,23,5,,27,Grays Harbor,0,10,,1,1,4,1,0,2,1,17:12,17:29,18:36,1,0,0,9999.8,8,0,1,7,1,2,4,0,0,0,0,CR-LABELLE LN,,-123.2281056,47.04881667,0,1,98,5,1,98,90,0,0,1,2,1,1,1,8,1,10,2,2,53,0,53,734,2009,0,,1,63,38,,,,1,1,62,1,0,,2,0,20,7,11,0,,,,,0,0,0,1,1,0,,,,96,,,,,,9,,,,,,98022,53,69,230,6,1,0,0,0,0,,97,,,,,,0,,,20,1,9,0,8,9,8,,,0,,,8,1,2,695,605,,1,1,,2,1,0.049,,,,,,,,,,,,,,,,,,,,,,,,,,,,,,0,0,0,0,1,0,1,1,1,0,0,0,0,0,0,0,0,0,0,0,0,0,0,0,0,0,0,0,0,0,0,0,0,0,0,,0,0,0,0,1,0,1,1,0,0,0,0,0,0,0,1,,,,,,61-65,56-65,County road,R,Saturday,,OTHVT,Not Fatal,0,0,0,0,Other,County Sheriff,Grays Harbor County Sheriff's Offic,0,0,0,0,1,thc,2.3,carboxy-thc,47,,0,0,0,,,,,,,,,,,0,0,0,0,,,,,17,7,,,,,,,,1,0,,,,,,
2020,202,EA43590,35,06/26/2020,22:00,26,6,,53,Pierce,0,1,,5,1,5,1,0,2,1,23:16,23:18,,1,0,0,9999.9,1,0,1,7,1,64,8,0,0,0,0,CR-FAIRFAX FOREST RESERVE RD E,,-122.0263222,47.01338611,0,1,6,9,1,25,34,0,0,1,5,1,3,2,9,1,14,2,1,53,0,12,481,1974,0,,64,1,,,,,1,1,20,1,0,,2,0,99,7,11,0,,,,,0,0,0,3,1,91,,,,96,,,,,,9,,,,,,98022,53,60,103,6,1,0,0,0,3,,1,12,,,,,0,03/15/2018,05/15/2020,20,0,0,0,8,9,8,,,0,,,8,1,2,1,,,1,,,2,1,0.054,,,,,,,,,,,,,,,,,,,,,,,,,,,,,,0,0,1,0,1,0,0,0,0,0,0,0,0,0,0,0,0,0,0,0,0,1,1,0,1,0,0,0,0,1,0,0,0,0,0,,0,0,0,0,1,0,0,0,0,0,0,0,1,0,0,1,,,,,,18-20,16-25,Other,R,Friday,Unknown,PV,Not Fatal,0,1,0,0,Other,County Sheriff,Law Enforcement Support Agency,1,0,0,0,1,,,,,,0,0,0,,,,,,,,,,,0,0,0,0,,,,,20,7,,,,,,,,1,0,,,,,,
2020,275,EA54212,35,08/10/2020,7:50,10,8,,53,Pierce,0,1,,1,1,2,1,0,1,1,7:51,7:59,,42,0,0,7.8,1,0,1,4,1,2,4,0,0,0,0,CR-SUMNER BUCKLEY HWY E,,-122.0472167,47.16757222,0,1,1,13,2,35,4,0,0,1,2,2,3,1,2,1,14,1,1,53,0,49,40,2003,0,,63,42,2,,,,1,1,30,2,7,,4,7,99,7,11,0,08/10/2020,7:50,53003285,3285,0,0,0,3,1,0,,,,96,,,,,,9,,,,,,98022,53,63,169,6,1,0,0,1,0,,12,,,,,,0,04/15/2020,04/15/2020,99,0,0,0,0,9,1,,,0,,,1,8,2,996,,,1,,,8,95,995,,,,,,,,,,,,,,,,,,,,,,,,,,,,,,0,0,1,0,0,0,1,1,0,0,0,0,0,0,0,0,0,0,0,0,0,0,0,0,0,0,0,0,0,1,0,0,0,0,0,,1,0,0,0,0,0,1,1,0,0,0,0,0,0,0,0,,,,,,26-30,26-35,County road,R,Monday,Unknown,PV,White,0,1,0,0,County Road,County Sheriff,Law Enforcement Support Agency,1,0,1,0,0,,,,,,0,0,0,,,,,,,,,,,98,98,98,1,,,,,20,7,,,,,,,,1,0,,,SUMNER-BUCKLEY HWY E,7.84,,
2021,43,EB07085,25,02/13/2021,20:56,13,2,,33,King,0,10,,2,1,2,1,0,2,1,,,,1,0,0,2.7,1,0,1,7,1,2,4,0,0,0,0,CR-236TH AVE SE,,-122.0269056,47.21740278,0,1,1,9,1,35,96,0,0,1,2,1,1,1,2,1,1,2,1,53,0,98,734,2019,0,,63,1,,,,,1,1,51,1,7,,4,7,20,7,11,0,02/13/2021,20:56,53008152,8152,0,0,0,1,1,87,,,,96,,,,,,9,,,,,,98022,53,65,180,6,1,0,0,0,0,,0,,,,,,4,,,20,1,9,0,0,9,8,,,0,,,0,1,2,1,,,1,,,2,1,0.254,,,,,,,,,,,,,,,,,,,,,,,,,,,,,,0,0,1,0,1,1,0,1,0,0,0,0,1,0,0,0,0,0,0,0,0,0,0,0,0,0,0,0,0,0,0,0,0,0,0,,0,0,0,0,0,1,0,1,0,1,0,0,0,1,0,1,,,,,,51-55,46-55,County road,R,Saturday,,OTHVT,White,0,1,0,0,County Road,County Sheriff,King County Police,1,0,1,0,0,,,,,,0,0,0,,,,,,,,,,,0,0,0,1,,,,,17,,,,,,,,,1,0,,,236 AVE SE,2.7,NULL,
2021,605,EB20278,63,04/07/2021,17:28,7,4,,33,King,146,2,,1,2,2,1,0,3,2,,,,12,0,6,7.7,2,0,3,3,2,1,3,0,0,0,0,SR-169,BAKER ST,-122.0036167,47.30945833,0,2,83,67,4,35,34,1,0,1,2,12,1,1,2,1,1,2,1,53,0,7,482,2001,0,,12,,,,,,1,1,81,1,0,,1,0,3,0,11,0,,,,,0,0,0,3,1,0,,,,96,,,,,,98,,,,,,98022,53,70,210,6,1,0,0,0,0,,0,,,,,,0,,,20,0,0,0,8,9,8,,,0,,,8,8,0,0,,,0,,,0,0,996,,,,,,,,,,,,,,,,,,,,,,,,,,,,,,0,0,0,1,0,0,0,0,0,0,0,0,0,1,0,0,0,0,1,0,0,0,0,0,0,1,1,1,0,1,0,0,0,0,0,,0,0,0,0,0,0,0,0,0,0,0,0,0,0,0,0,,,,,,81+,76+,State route,U,Wednesday,Belt Used,PV,Not Fatal,1,0,0,0,State Route,Municipal/City Police,Black Diamond Police Department,0,1,0,0,0,,,,,,0,0,0,,,,,,,,,,,98,98,98,0,,,,,20,,,,,,,,,1,0,,,,,,
2021,113,EB25402,25,04/15/2021,18:17,15,4,,33,King,0,1,,1,1,2,1,0,5,4,,,,12,0,1,4.7,2,0,4,5,1,2,4,0,0,0,0,CR-VEAZIE CUMBERLAND RD,295TH AVE SE,-121.9495611,47.26409444,0,3,21,53,3,45,14,0,0,1,2,12,2,1,2,1,5,1,1,53,0,48,401,1999,0,,12,12,,,,,1,1,30,1,0,,0,0,3,0,11,0,,,,,0,0,0,3,1,0,,,,96,,,,,,98,,,,,,98022,53,71,135,6,1,0,0,0,0,,0,,,,,,0,,,20,0,0,0,8,9,8,,,0,,,8,8,8,95,,,96,,,8,95,995,,,,,,,,,,,,,,,,,,,,,,,,,,,,,,0,0,0,1,0,0,0,0,0,0,0,0,0,0,0,0,0,0,1,0,0,0,0,0,0,0,0,0,1,1,0,0,0,0,0,,0,0,0,0,0,0,0,0,0,0,0,0,0,0,0,0,,,,,,26-30,26-35,County road,R,Thursday,Belt Used,PV,Not Fatal,1,0,0,0,County Road,County Sheriff,King County Police,0,0,1,0,0,,,,,,0,0,0,,,,,,,,,,,0,0,0,0,,,,,20,,,,,,,,,1,0,,,VEAZIE-CUMBERLAND RD SE,4.66,295 AVE SE,0
2021,113,EB25402,25,04/15/2021,18:17,15,4,,33,King,0,1,,1,1,2,1,0,5,4,,,,12,0,1,4.7,2,0,4,5,1,2,4,0,0,0,0,CR-VEAZIE CUMBERLAND RD,295TH AVE SE,-121.9495611,47.26409444,0,4,98,62,4,45,14,0,0,1,5,12,3,1,2,1,14,1,1,53,0,37,402,2003,0,,12,,,,,,1,1,53,1,0,,0,0,3,0,11,0,,,,,0,0,3,3,1,0,,,,96,,,,,,98,,,,,,98022,53,72,240,6,1,0,0,0,0,,0,,,,,,0,,,20,0,0,0,8,9,8,,,0,,,8,8,8,95,,,96,,,8,95,995,,,,,,,,,,,,,,,,,,,,,,,,,,,,,,0,0,0,1,0,0,0,0,0,0,0,0,0,0,0,0,0,0,1,0,0,0,0,0,0,0,0,0,1,1,0,0,0,0,0,,0,0,0,0,0,0,0,0,0,0,0,0,0,0,0,0,,,,,,51-55,46-55,County road,R,Thursday,Belt Used,PV,Not Fatal,1,0,0,0,County Road,County Sheriff,King County Police,0,0,1,0,0,,,,,,0,0,0,,,,,,,,,,,98,98,98,0,,,,,20,,,,,,,,,1,0,,,VEAZIE-CUMBERLAND RD SE,4.66,295 AVE SE,0
2021,622,EB35062,25,05/29/2021,20:32,29,5,,33,King,0,1,,3,1,2,1,0,2,2,,,,12,0,7,0.3,1,0,1,4,2,2,4,0,0,0,0,CR-244TH AVE SE,,-122.0163722,47.18350556,0,1,44,51,3,35,80,0,0,1,2,12,1,1,2,1,6,1,1,53,0,37,705,2002,0,,12,68,64,67,53,,1,1,61,1,7,,4,0,20,7,11,5,06/08/2021,18:31,1.96053E+11,27502,0,0,0,3,1,33,,,,96,,,,,,98,,,,,,98022,53,66,140,6,1,0,0,0,0,,0,,,,,,4,,,20,8,0,0,0,9,8,,,0,,,8,8,8,95,,,96,,,8,95,995,,,,,,,,,,,,,,,,,,,,,,,,,,,,,,0,0,0,0,0,0,0,0,0,0,0,0,1,0,0,0,0,0,0,0,1,0,1,0,1,0,0,0,1,1,0,0,0,0,1,0,0,0,0,0,0,0,0,0,0,1,0,0,0,0,0,0,,,,,,61-65,56-65,County road,U,Saturday,,MC,White,0,0,0,0,County Road,County Sheriff,King County Police,0,0,1,0,0,,,,,,0,0,0,,,,,,,,,,,0,0,0,1,,,,,5,,,,,,,,,1,0,,,244 AVE SE,0.294,NULL,
2021,312,EB60816,7,08/19/2021,23:39,19,8,,33,King,0,1,,2,1,2,1,0,3,2,,,,12,0,1,25.8,1,0,1,2,2,1,3,0,0,0,0,SR-18,,-121.8979861,47.47393333,0,1,24,51,3,55,80,0,0,1,2,12,1,2,2,3,1,2,1,53,0,72,706,2003,0,,12,,,,,,1,1,39,1,0,,1,0,20,7,11,8,,,,,0,0,0,3,1,0,,,,96,,,,,,9,,,,,,98022,53,75,230,6,1,0,0,0,1,,1,,,,,,4,11/15/2019,11/15/2019,20,8,0,0,8,9,8,,,0,,,8,1,2,695,605,,1,1,,2,1,0.13,,,,,,,,,,,,,,,,,,,,,,,,,,,,,,0,0,0,0,1,1,1,1,1,0,0,0,1,0,0,0,0,0,0,0,0,0,0,0,0,0,0,0,1,1,0,0,0,0,0,0,0,0,0,0,0,1,1,1,0,1,0,0,0,0,0,1,,,,,,36-40,36-45,State route,U,Thursday,,MC,Not Fatal,0,0,0,0,State Route,State Patrol,Washington State Patrol,0,1,0,0,0,thc,2.1,carboxy-thc,6.8,,0,0,0,,,,,,,,,,,0,0,0,0,,,,,5,,,,,,,,,1,0,,,,,,
2019,203,3811559,263,05/14/2019,16:49,14,5,,33,King,1960,1,0,1,1,2,1,2,2,1,,,,8,0,0,27.9,1,0,1,3,2,1,3,0,0,0,0,SR-99,,-122.3471167,47.64283611,0,1,2,3,1,35,5,0,0,1,7,8,1,1,2,1,1,2,1,53,0,49,46,2013,0,0,63,8,8,30,,,1,1,53,1,0,,0,0,2,0,11,0,,,,,0,0,0,3,1,0,0,0,0,96,,,,,,99,,,,,,98023,53,68,200,6,1,0,0,0,0,,0,,,,,,0,,,7,0,0,0,8,9,8,,,0,0,0,8,9,2,1,,,1,,,2,1,0,,,,,,,,,,,,,,,,,,,,,,,,,,,,,,0,0,0,0,0,0,0,0,0,0,0,0,0,0,0,0,0,0,0,1,0,0,0,0,0,0,0,0,0,1,0,1,0,0,0,,0,0,0,0,0,0,0,0,0,0,0,0,0,0,0,0,,,,,,51-55,46-55,State route,U,Tuesday,Belt Used,PV,Not Fatal,0,0,0,0,State Route,Municipal/City Police,Seattle Police Department,0,1,0,0,0,,,,,,0,0,0,,,,,,,,,,,98,98,98,0,,,,,20,7,,,,,,,,,,,,,,,
2021,44,3881326,263,01/24/2021,2:30,24,1,,33,King,1960,10,,3,2,2,1,0,2,1,,,,20,0,0,0,19,1,1,3,2,4,6,0,0,0,0,4TH AVE S,,-122.3290028,47.58879167,0,1,6,60,4,30,34,0,0,1,2,20,1,1,2,3,1,2,3,4,0,7,482,2020,0,,64,20,,,,,1,1,29,1,0,,1,0,99,7,11,0,,,,,0,0,0,2,1,58,,,,96,,,,,,0,,,,,,98023,53,68,147,1,1,0,3,1,4,,97,,,,,,0,01/15/2017,01/15/2020,8,0,0,0,8,5,3,,,0,,,0,0,0,0,,,0,,,0,0,996,,,,,,,,,,,,,,,,,,,,,,,,,,,,,,0,0,1,0,0,0,0,0,0,0,0,0,0,1,0,0,0,0,0,0,0,0,0,0,0,0,0,0,0,1,0,0,0,0,0,,0,0,0,0,0,0,0,0,0,0,0,1,0,0,0,0,,,,,,26-30,26-35,City street,U,Sunday,Unknown,PV,Not Fatal,0,1,0,0,State Route,Municipal/City Police,Seattle Police Department,1,1,0,0,0,,,,,,0,0,2,,,,,,,,,,,98,98,98,0,,,,,20,,,,,,,,,1,0,,,,,,
2017,42,E642159,2,02/03/2017,15:17,3,2,0,61,Snohomish,0,2,0,1,2,2,2,0,9,3,15:17,15:27,16:20,12,0,1,183.9,1,0,1,1,2,1,1,0,0,0,0,I-5,,-122.25735,47.8495,0,3,98,53,3,60,4,0,0,1,3,12,1,1,4,3,2,2,1,53,0,6,51,2006,0,0,12,64,25,,,,1,1,52,2,0,0,1,0,3,0,11,8,,,,,0,0,3,3,1,0,0,0,0,0,,,,,,0,,,,,,98023,53,65,200,6,1,0,0,0,0,0,0,,,,,,0,,,20,0,0,0,8,9,8,,,0,0,0,8,0,8,95,0,0,6,0,0,8,95,995,,,,,,,,,,,,,,,,,,,,,,,,,,,,,,0,0,0,0,0,0,1,1,0,0,0,0,1,0,0,0,0,0,0,0,0,0,0,0,0,0,0,0,0,1,0,0,0,0,0,,0,0,0,0,0,0,0,0,0,0,0,0,0,0,0,0,,,,,,51-55,46-55,Interstate,U,Friday,Belt Used,PV,Not Fatal,0,0,0,0,State Route,State Patrol,Washington State Patrol Headquarter,0,1,0,0,0,,,,,,,,,,,,,,,,,,,,,,,,,,,,,,,,,,,,,,,,,,,
2017,378,E718835,6,09/18/2017,15:10,18,9,0,37,Kittitas,0,1,0,1,1,1,1,0,6,3,15:11,15:40,,12,0,1,80.8,1,0,1,1,1,1,1,0,0,0,0,I-90,,-120.9712583,47.19186667,0,3,98,50,3,70,66,1,0,1,2,12,1,1,2,3,1,2,1,53,0,82,881,2012,0,0,12,12,,,,,1,1,48,1,0,0,0,0,99,0,11,0,,,,,6,3,3,3,1,0,0,0,0,93,,,,,,0,,,,,,98023,53,67,160,6,1,0,1,0,1,0,0,,,,,,0,06/15/2013,08/15/2015,20,0,0,0,8,9,8,,,0,0,0,8,0,2,1,0,0,1,0,0,2,1,0,,,,,,,,,,,,,,,,,,,,,,,,,,,,,,0,0,0,0,0,0,0,0,0,0,0,0,0,0,0,0,1,0,0,0,0,1,1,0,1,0,0,0,0,1,1,0,0,0,0,,0,0,0,0,0,0,0,0,1,0,0,0,0,0,0,0,,,,,,46-50,46-55,Interstate,R,Monday,,MHTRUCK,Not Fatal,0,0,0,0,State Route,State Patrol,Washington State Patrol Headquarter,0,1,0,0,0,,,,,,,,,,,,,,,,,,,,,,,,,,,,,,,,,,,,,,,,,,,
2017,435,E732107,2,10/23/2017,23:50,23,10,0,61,Snohomish,0,1,0,3,1,2,1,0,2,2,,,,12,0,7,43.5,1,0,1,3,2,1,3,0,0,0,0,SR-99,,-122.2882528,47.85743333,0,2,47,60,4,45,4,0,0,1,2,30,1,1,7,5,15,1,2,53,0,37,32,1991,0,0,12,63,30,,,,1,1,52,1,0,0,0,0,3,0,11,0,,,,,0,0,0,3,1,0,0,0,0,0,,,,,,0,,,,,,98023,53,64,165,6,1,0,0,0,0,0,0,,,,,,0,,,20,0,0,0,8,9,8,,,0,0,0,8,0,0,0,0,0,0,0,0,0,0,996,,,,,,,,,,,,,,,,,,,,,,,,,,,,,,0,0,0,0,1,1,1,1,1,0,0,0,1,1,0,0,0,0,0,0,0,0,0,0,0,0,0,0,0,1,0,0,0,0,0,,0,0,0,0,0,0,0,0,0,0,0,0,0,0,0,0,,,,,,51-55,46-55,State route,U,Monday,Belt Used,PV,Not Fatal,0,0,0,0,State Route,State Patrol,Washington State Patrol Headquarter,0,1,0,0,0,,,,,,,,,,,,,,,,,,,,,,,,,,,,,,,,,,,,,,,,,,,
2017,511,E746877,7,12/13/2017,16:35,13,12,0,33,King,0,1,0,5,1,1,1,0,2,2,,,,18,0,0,26.8,1,0,1,3,1,1,3,0,0,0,0,SR-18,,-121.8884556,47.48611111,0,1,12,90,6,98,4,0,0,1,2,12,1,2,2,1,1,1,2,53,0,12,37,2008,0,0,18,68,12,,,,1,1,57,2,7,28,4,7,3,0,11,0,12/13/2017,16:35,1.50053E+11,53986,0,0,3,3,1,28,0,0,0,96,,,,,,99,,,,,,98023,53,60,125,6,1,0,0,1,0,0,0,,,,,,0,11/15/2015,11/15/2015,8,0,0,0,0,9,8,,,0,0,0,8,9,2,996,0,0,1,0,0,2,1,0,,,,,,,,,,,,,,,,,,,,,,,,,,,,,,0,0,0,0,0,0,1,1,0,0,0,0,0,0,0,0,0,0,0,0,0,0,0,0,0,0,0,0,0,1,0,0,0,0,0,,1,0,0,0,0,0,1,1,0,0,0,0,0,0,1,0,,,,,,56-60,56-65,State route,R,Wednesday,Belt Used,PV,API,0,0,0,0,State Route,State Patrol,Washington State Patrol Headquarter,0,1,0,0,0,,,,,,,,,,,,,,,,,,,,,,,,,,,,,,,,,,,,,,,,,,,
2017,520,E748935,290,12/17/2017,19:50,17,12,0,53,Pierce,2230,1,0,3,99,2,2,0,2,1,,,,24,0,0,0,1,0,1,4,2,4,6,0,3,0,0,N SHORE PARKWAY,,-122.3933778,47.30103056,0,1,2,13,2,35,2,0,0,1,2,42,3,2,2,1,14,2,1,53,0,58,42,2017,0,0,63,24,42,,,,1,1,57,1,6,1,4,7,99,0,11,0,12/17/2017,19:50,2.23053E+11,55267,0,0,3,3,1,0,0,0,0,96,,,,,,99,,,,,,98023,53,67,180,6,1,0,0,0,0,0,0,,,,,,4,,,8,0,0,0,0,9,8,,,0,0,0,8,1,2,1,0,0,1,0,0,2,1,0.097,,,,,,,,,,,,,,,,,,,,,,,,,,,,,,0,0,0,0,1,1,0,1,0,0,0,0,1,0,0,0,0,0,0,0,0,0,0,0,0,0,0,0,0,1,0,0,0,0,0,,1,0,0,0,0,1,0,1,0,1,0,0,0,1,0,1,,,,,,56-60,56-65,City street,U,Sunday,Unknown,PV,Hispanic,0,1,0,0,City Street,Municipal/City Police,Tacoma Police Department,1,0,0,1,0,,,,,,,,,,,,,,,,,,,,,,,,,,,,,,,,,,,,,,,,,,,
2018,103,E794398,7,04/09/2018,23:35,9,4,0,33,King,0,1,0,2,1,1,2,0,8,4,,,,12,0,2,4.1,1,0,1,3,2,1,3,0,0,0,0,SR-516,,-122.2637778,47.375675,0,1,50,54,3,55,4,0,0,1,2,12,1,1,2,3,1,2,2,53,0,49,40,1988,0,0,12,12,,,,,1,1,38,1,7,38,4,7,20,0,11,0,04/09/2018,23:35,1.03053E+11,17039,0,0,0,2,1,51,0,0,0,96,,,,,,99,,,,,,98023,53,68,218,2,1,0,0,0,0,,0,,,,,,0,01/15/2014,10/15/2017,20,1,9,0,0,9,8,,,0,0,0,1,9,2,702,,,1,,,2,1,0,,,,,,,,,,,,,,,,,,,,,,,,,,,,,,0,0,0,0,0,0,1,1,0,0,0,0,0,1,0,0,0,0,0,1,0,0,0,0,0,0,0,0,0,1,0,0,0,1,0,,1,0,0,0,0,0,1,1,0,0,0,1,0,0,1,0,,,,,,36-40,36-45,State route,U,Monday,Not Used,PV,API,0,0,0,1,State Route,State Patrol,Washington State Patrol Headquarter,0,1,0,0,0,,,,,,0,0,4,,,,,,,,,,,,,,,,,,,,,,,,,,,,,,,,,,,
2018,211,E814992,127,07/04/2018,2:14,4,7,5,33,King,735,1,0,2,1,2,2,0,2,1,,,,42,0,0,0,1,0,1,3,2,4,6,0,0,0,0,SW 320TH ST,,-122.34905,47.31517778,0,1,1,6,1,35,4,0,0,1,5,42,1,2,4,1,1,2,1,53,0,37,31,2000,0,0,63,42,,,,,1,1,28,1,1,98,4,7,20,0,11,0,07/04/2018,2:14,73553030024,30024,0,0,0,3,1,0,0,0,0,92,,,,,,99,,,,,,98023,53,67,175,6,1,0,0,0,0,,0,,,,,,4,,,1,1,9,0,0,9,8,,,0,0,0,8,9,2,1,,,1,,,2,1,0.19,,,,,,,,,,,,,,,,,,,,,,,,,,,,,,0,0,1,0,1,1,0,1,0,0,0,0,1,0,0,0,1,0,0,1,0,0,0,0,0,0,0,0,0,1,0,0,0,1,0,,1,0,0,0,0,1,0,1,1,1,0,0,0,1,0,1,,,,,,26-30,26-35,City street,U,Wednesday,Not Used,PV,Hispanic,0,1,0,0,City Street,Municipal/City Police,Federal Way Dept of Public Safety,1,0,0,1,0,,,,,,0,0,0,,,,,,,,,,,,,,,,,,,,,,,,,,,,,,,,,,,
2018,252,E821090,127,07/21/2018,18:09,21,7,0,33,King,735,1,0,1,1,2,1,0,2,2,,,,12,0,6,12.1,2,0,3,4,2,1,3,0,0,0,0,SR-509,50TH AVE SW,-122.395875,47.32253611,0,2,98,60,4,35,6,0,0,1,7,12,1,1,2,1,11,1,1,53,0,49,49,2008,0,0,12,,,,,,1,1,44,1,0,0,0,0,3,0,11,0,,,,,0,0,0,3,1,0,0,0,0,96,,,,,,0,,,,,,98023,53,66,175,6,1,0,0,0,0,,0,,,,,,0,,,2,0,0,0,8,9,8,,,0,0,0,8,0,8,95,,,96,,,8,95,995,,,,,,,,,,,,,,,,,,,,,,,,,,,,,,0,0,0,1,0,0,0,0,0,0,0,0,1,0,0,0,0,0,0,0,0,0,0,0,0,0,0,0,1,1,0,0,0,0,0,,0,0,0,0,0,0,0,0,0,0,0,0,0,0,0,0,,,,,,41-45,36-45,State route,U,Saturday,Belt Used,PV,Not Fatal,1,0,0,0,State Route,Municipal/City Police,Federal Way Dept of Public Safety,0,1,0,0,0,,,,,,0,0,0,,,,,,,,,,,,,,,,,,,,,,,,,,,,,,,,,,,