year,case,par,repjur,crash_dt,crash_tm,accday,accmon,holiday,county,co_char,city,weather,weather2,lightcond,surfcond,surftype,numfatal,nmforms,pforms,vforms,not_tm,arr_tm,hosp_tm,fhevent,hitrun,manncol,milepnt,reljunc,reljuncinter,intersectiontype,funcsystem,landuse,ownership,route,schlbus,spejur,contdev,devfunc,trafid1,trafid2,x,y,wk_zone,vnumber,crashtype,criticalevent,criticaleventcat,spdlim,body,trailer,emerg,hazcargo,leave,mhevent,roadalgn,roadprof,traflane,trafflow,vehmanvr,numoccs,regowner,regstate,spuse,make,model,modelyr,vrf1,vrf2,seqevent1,seqevent2,seqevent3,seqevent4,seqevent5,seqevent6,pnumber,ptype,age,sex,hispanic,race,injury,diedscene,restraint,restraintmisuse,seatpos,takehosp,death_dt,death_tm,cert,cernum_wa,commlic,licendor,licrestrict,liccomp,drivpres,drf1,drf2,drf3,drf4,distract1,distract2,distract3,distract4,distract5,distract6,dricond1,dricond2,dricond3,dricond4,dricond5,dricond6,dzip,licstate,drhgt_in,weight,noncdl,noncdltype,prevdwi,prevoth,prevacc,prevspd,prevsus,driviol1,driviol2,driviol3,driviol4,driviol5,driviol6,spdrel,first_dt,last_dt,airbag,ejection,ejectpath,extricat,injurwrk,methalc,methdrug,nmlocat,strikveh,prf1,prf2,prf3,druginv,alcinvol,drugsts,drugres1,drugres2,drugres3,drugtst1,drugtst2,drugtst3,alcsts,alctst,alcres,nmact1,nmact2,nmact3,nmact4,nmact5,nmact6,nmprior1,nmprior2,nmprior3,nmprior4,nmprior5,nmprior6,nmcond1,nmcond2,nmcond3,nmcond4,nmcond5,nmcond6,nmsafe_helmet,nmsafe_pads,nmsafe_oth,nmprev_ref,nmprev_lgt,nmprev_oth,crashlocation,nmcrashtype,crosswalk,schoolzone,sidewalk,train_inv,wildlife_inv,rotr_fars,intersect_fars,dd_inv,aid_inv,dpd_inv,id_inv,mj_inv,impnm_inv,ainm_inv,dpnm_inv,speed_inv,unlic_inv,unendmc_inv,drowsy_inv,drdist_inv,nmdist_inv,fty_inv,unrestfat_inv,dr1617_inv,dr1820_inv,dr1620_inv,dr2125_inv,dr1625_inv,dr65_inv,dr70_inv,dr75_inv,mc_inv,pv_inv,ht_inv,ped_inv,bike_inv,unrest_fat,mc_fat,unhelmet_mc,pv_fat,ht_fat,ped_fat,bike_fat,dr_alc7,dr_alc8,dr_drug,dr_imp,dr_dist,dr_spd,dr_fty,dr_unlic,dr_alc7only,dr_alc8only,dr_drugonly,dr_drink,nm_imp,nm_alc7,nm_alc8,nm_drug,nm_dist,agegrp1,agegrp2,roadclass,urbrur,dayweek,restuse,vehtype,race_me,intersect,lanedep,oppdir,wrongway,rep_typ,investag,repag_long,rotr,st_rd,cty_rd,city_rd,oth_rd,drug_thc,thc_res,drug_cthc,cthc_res,drug_cann,prevpersemin,prevperse,prevsusoth,drugtst4,drugtst5,drugtst6,drugtst7,drugtst8,drugres4,drugres5,drugres6,drugres7,drugres8,adspresent,adsengaged,adslevel,race1,race2,race3,race4,race5,helmet,helmetmisuse,nmdistract1,nmdistract2,nmdistract3,nmdistract4,nmdistract5,nmdistract6,lab,isedtcase,crf1,crf2,crf3,CoRoadName,CoMP,IntCoRoadName,IntCoMP
2019,141,E920493,290,05/14/2019,21:31,14,5,,53,Pierce,2230,2,0,3,2,2,1,1,1,1,,,,8,1,0,0,1,0,1,7,2,4,6,0,3,0,0,44TH AVE NE,,-122.388925,47.28567222,0,1,13,80,5,25,4,0,0,1,5,8,1,2,2,1,1,99,9,99,0,99,399,9999,0,0,8,,,,,,1,1,18,1,0,,0,0,99,7,11,0,,,,,0,0,0,0,1,0,0,0,0,96,,,,,,99,,,,,,98023,53,71,180,0,0,0,2,0,0,,97,,,,,,0,08/15/2017,08/15/2017,99,9,0,0,8,9,8,,,0,0,0,8,9,8,95,,,96,,,8,95,995,,,,,,,,,,,,,,,,,,,,,,,,,,,,,,0,0,0,0,0,0,0,0,0,0,0,0,0,1,0,0,0,0,0,0,0,1,1,0,1,0,0,0,0,1,0,1,0,0,0,,0,0,0,0,0,0,0,0,0,0,0,1,0,0,0,0,,,,,,18-20,16-25,City street,U,Tuesday,Unknown,PV,Not Fatal,0,0,0,0,City Street,Municipal/City Police,Tacoma Police Department,0,0,0,1,0,,,,,,1,0,2,,,,,,,,,,,98,98,98,0,,,,,20,7,,,,,,,,,,,,,,,
2019,500,E941519,7,07/16/2019,6:07,16,7,,33,King,1030,1,0,4,1,2,1,0,1,1,,,,24,0,0,21.3,1,0,1,2,2,1,3,0,0,0,0,SR-167,,-122.244675,47.38493611,0,1,1,13,2,60,5,0,0,1,7,24,3,1,3,3,14,1,2,53,0,47,31,1995,0,0,63,24,69,64,24,,1,1,37,2,7,,4,0,20,7,11,8,07/17/2019,17:00,1.96053E+11,33543,0,0,3,2,1,0,0,0,0,96,,,,,,9,,,,,,98023,53,67,120,1,1,0,0,0,0,,0,,,,,,0,,,20,0,0,0,0,9,2,,,0,0,0,1,1,2,996,996,167,1,1,1,2,1,0,,,,,,,,,,,,,,,,,,,,,,,,,,,,,,0,0,1,0,1,0,1,1,0,0,0,0,0,1,0,0,0,0,0,1,0,0,0,0,0,0,0,0,0,1,0,0,0,1,0,,1,0,0,0,0,0,1,1,0,0,0,1,0,0,1,1,,,,,,36-40,36-45,State route,U,Tuesday,Not Used,PV,White,0,1,0,0,State Route,State Patrol,Washington State Patrol,1,1,0,0,0,,,,,,0,0,0,1,1,1,,,996,401,417,,,0,0,0,1,,,,,20,7,,,,,,,,,,,,,,,
2019,272,E948081,297,08/06/2019,20:50,6,8,,33,King,2310,1,0,3,1,2,1,0,2,2,,,,1,0,0,0,1,0,1,7,2,4,6,0,0,0,0,INTERURBAN AVE S,,-122.2527694,47.46861389,0,2,98,62,4,35,4,0,0,1,7,12,3,1,2,2,14,1,1,53,0,34,34,2002,0,0,12,,,,,,1,1,26,1,0,,0,0,3,0,11,0,,,,,0,0,0,3,1,0,0,0,0,96,,,,,,0,,,,,,98023,53,70,180,6,1,0,0,0,0,,0,,,,,,0,,,8,0,0,0,8,9,8,,,0,0,0,8,0,8,95,,,96,,,8,95,995,,,,,,,,,,,,,,,,,,,,,,,,,,,,,,0,0,0,0,1,0,1,1,1,0,0,0,0,0,1,0,0,0,0,0,0,0,0,1,1,0,0,0,1,1,0,0,0,0,0,,0,0,0,0,0,0,0,0,0,0,0,0,0,0,0,0,,,,,,26-30,26-35,City street,U,Tuesday,Belt Used,PV,Not Fatal,0,0,0,0,City Street,Municipal/City Police,Tukwila Police Department,0,0,0,1,0,,,,,,0,0,0,,,,,,,,,,,98,98,98,0,,,,,20,7,,,,,,,,,,,,,,,
2020,555,EA04849,127,01/19/2020,22:06,19,1,,33,King,735,1,,3,1,2,1,0,4,2,22:15,22:23,23:04,12,0,6,0,2,0,2,5,2,4,6,0,0,20,3,10TH AVE SW,SW 334th St,-122.3477083,47.302975,0,1,78,16,2,25,34,0,0,1,5,12,8,8,2,1,10,1,1,53,0,7,482,2014,0,,12,,,,,,1,1,49,1,0,,2,0,3,0,11,0,,,,,0,0,3,2,1,48,,,,96,,,,,,98,,,,,,98023,53,72,240,1,1,1,3,1,0,,37,,,,,,0,01/15/2017,03/15/2020,8,0,0,0,8,9,8,,,0,,,8,8,8,95,,,96,,,8,95,995,,,,,,,,,,,,,,,,,,,,,,,,,,,,,,0,0,0,1,0,0,0,0,0,0,0,0,0,1,0,0,0,0,0,0,0,0,0,0,0,1,1,1,0,1,0,0,0,0,0,,0,0,0,0,0,0,0,0,0,0,0,1,0,0,0,0,,,,,,46-50,46-55,City street,U,Sunday,Belt Used,PV,Not Fatal,1,0,0,0,City Street,Municipal/City Police,Federal Way Dept of Public Safety,0,0,0,1,0,,,,,,0,1,3,,,,,,,,,,,98,98,98,0,,,,,20,7,,,,,,,,1,0,,,,,,
2020,555,EA04849,127,01/19/2020,22:06,19,1,,33,King,735,1,,3,1,2,1,0,4,2,22:15,22:23,23:04,12,0,6,0,2,0,2,5,2,4,6,0,0,0,0,10TH AVE SW,SW 334th St,-122.3477083,47.302975,0,2,79,65,4,35,14,0,0,1,5,12,8,8,3,5,1,3,1,53,0,42,403,2015,0,,12,,,,,,1,1,80,2,0,,1,0,3,0,11,0,,,,,0,0,0,3,1,0,,,,96,,,,,,98,,,,,,98023,53,62,140,6,1,0,0,0,0,,0,,,,,,0,,,8,0,0,0,8,9,8,,,0,,,8,8,8,95,,,96,,,8,95,995,,,,,,,,,,,,,,,,,,,,,,,,,,,,,,0,0,0,1,0,0,0,0,0,0,0,0,0,1,0,0,0,0,0,0,0,0,0,0,0,1,1,1,0,1,0,0,0,0,0,,0,0,0,0,0,0,0,0,0,0,0,0,0,0,0,0,,,,,,76-80,76+,City street,U,Sunday,Belt Used,PV,Not Fatal,1,0,0,0,City Street,Municipal/City Police,Federal Way Dept of Public Safety,0,0,0,1,0,,,,,,0,0,0,,,,,,,,,,,98,98,98,0,,,,,20,7,,,,,,,,1,0,,,,,,
2020,531,EA09539,189,01/24/2020,18:05,24,1,,61,Snohomish,1280,1,,3,1,2,1,1,1,1,18:04,18:13,18:33,8,0,0,0.1,3,1,2,1,2,1,1,0,0,3,3,I-5 RAMP,SR-528,-122.1836056,48.05185278,0,1,13,15,2,98,5,0,0,1,5,8,1,1,2,6,11,1,3,53,0,48,38,2018,0,,8,,,,,,1,1,42,2,0,,0,0,3,0,11,0,,,,,0,0,3,3,1,38,,,,96,,,,,,0,,,,,,98023,53,67,150,6,1,0,0,0,0,,46,,,,,,0,,,20,0,0,0,8,9,8,,,0,,,8,8,8,95,,,96,,,8,95,995,,,,,,,,,,,,,,,,,,,,,,,,,,,,,,0,0,0,1,0,0,0,0,0,0,0,0,0,0,0,0,0,0,1,0,0,0,0,0,0,0,0,0,0,1,0,1,0,0,0,,0,0,0,0,0,0,0,0,0,0,1,0,0,0,0,0,,,,,,41-45,36-45,Interstate,U,Friday,Belt Used,PV,Not Fatal,1,0,0,0,State Route,Municipal/City Police,Marysville Police Department,0,1,0,0,0,,,,,,0,0,0,,,,,,,,,,,98,98,98,0,,,,,20,7,,,,,,,,1,0,,,,,,
2020,27,EA12581,6,01/27/2020,6:18,27,1,,37,Kittitas,0,1,,2,4,2,1,0,4,1,,,,1,0,0,103.3,1,0,1,1,1,1,1,0,0,0,0,I-90,,-120.6064444,47.01716111,0,1,7,6,1,70,34,0,0,1,2,1,1,1,2,2,1,4,1,53,0,20,482,2005,0,,64,1,,,,,1,1,48,1,0,,2,0,3,0,11,5,,,,,0,0,0,3,1,58,87,,,96,,,,,,0,,,,,,98023,53,68,200,6,1,0,0,1,0,,97,,,,,,4,02/15/2018,02/15/2018,8,0,0,0,8,9,8,,,0,,,8,8,0,0,,,0,,,0,0,996,,,,,,,,,,,,,,,,,,,,,,,,,,,,,,0,0,0,0,0,0,0,0,0,0,0,0,1,0,0,0,0,0,0,1,0,0,0,0,0,0,0,0,0,1,0,0,0,0,0,,0,0,0,0,0,0,0,0,0,1,0,0,0,0,0,0,,,,,,46-50,46-55,Interstate,R,Monday,Belt Used,PV,Not Fatal,0,1,0,0,State Route,State Patrol,Washington State Patrol,1,1,0,0,0,,,,,,0,0,0,,,,,,,,,,,98,98,98,0,,,,,20,7,,,,,,,,1,0,,,,,,
2020,330,EA61136,129,08/28/2020,22:02,28,8,,53,Pierce,747,1,,3,1,2,1,1,1,1,,,,8,0,0,0,3,0,3,3,2,4,6,0,3,0,0,PACIFIC HWY E,44TH AVE E,-122.3705278,47.24309444,0,1,13,80,5,35,34,0,0,1,5,8,1,1,5,5,1,1,1,53,0,7,482,2019,0,,8,,,,,,1,1,55,1,0,,0,0,3,0,11,0,,,,,0,0,0,3,1,0,,,,96,,,,,,0,,,,,,98023,53,73,395,6,1,0,1,0,0,,0,,,,,,0,11/15/2016,11/15/2016,20,0,0,0,8,9,8,,,0,,,0,0,8,95,,,96,,,2,98,0,,,,,,,,,,,,,,,,,,,,,,,,,,,,,,0,0,0,1,0,0,0,0,0,0,0,0,0,0,0,0,0,0,0,0,0,0,0,0,0,0,0,0,0,1,0,1,0,0,0,,0,0,0,0,0,0,0,0,0,0,0,0,0,0,0,0,,,,,,51-55,46-55,City street,U,Friday,Belt Used,PV,Not Fatal,0,0,0,0,City Street,Municipal/City Police,Fife Police Department,0,0,0,1,0,,,,,,0,0,0,,,,,,,,,,,98,98,98,0,,,,,20,7,,,,,,,,1,0,,,,,,
2020,455,EA83045,290,11/21/2020,14:28,21,11,,53,Pierce,2230,10,,1,1,2,1,0,3,2,14:46,14:57,15:18,12,0,6,5.2,1,0,1,3,2,1,3,0,3,0,0,SR-509,,-122.3709083,47.27021667,0,1,66,6,1,40,4,0,0,1,2,12,1,1,4,1,6,1,1,53,0,35,47,2008,0,,68,12,,,,,1,1,38,1,7,,4,7,20,7,11,0,11/21/2020,14:28,2.23053E+11,54621,6,0,0,3,1,28,,,,96,,,,,,98,,,,,,98023,53,73,195,6,1,0,0,2,0,,0,,,,,,3,12/15/2016,06/15/2016,8,0,0,0,0,9,8,,,0,,,8,8,2,695,,,1,,,2,1,0,,,,,,,,,,,,,,,,,,,,,,,,,,,,,,0,0,0,0,0,0,1,1,1,0,0,0,1,0,0,0,0,0,0,1,0,0,0,0,0,0,0,0,0,1,0,0,0,1,0,,1,0,0,0,0,0,1,1,0,1,0,0,0,0,1,0,,,,,,36-40,36-45,State route,U,Saturday,Not Used,PV,Black,0,1,1,0,State Route,Municipal/City Police,Tacoma Police Department,0,1,0,0,0,,,carboxy-thc,14,,0,0,0,,,,,,,,,,,98,98,98,2,,,,,20,7,,,,,,,nms,1,0,,,,,,
2020,455,EA83045,290,11/21/2020,14:28,21,11,,53,Pierce,2230,10,,1,1,2,1,0,3,2,14:46,14:57,15:18,12,0,6,5.2,1,0,1,3,2,1,3,0,3,0,0,SR-509,,-122.3709083,47.27021667,0,2,66,62,4,40,6,0,0,1,2,12,1,1,4,1,1,2,1,53,0,63,37,2013,0,,12,,,,,,1,1,56,2,0,,3,0,3,0,11,5,,,,,0,0,0,3,1,0,,,,96,,,,,,98,,,,,,98023,53,68,200,6,1,0,0,0,0,,0,,,,,,0,,,8,0,0,0,8,9,8,,,0,,,8,8,0,0,,,0,,,8,95,995,,,,,,,,,,,,,,,,,,,,,,,,,,,,,,0,0,0,0,0,0,1,1,1,0,0,0,1,0,0,0,0,0,0,1,0,0,0,0,0,0,0,0,0,1,0,0,0,0,0,,0,0,0,0,0,0,0,0,0,0,0,0,0,0,0,0,,,,,,56-60,56-65,State route,U,Saturday,Belt Used,PV,Not Fatal,0,1,1,0,State Route,Municipal/City Police,Tacoma Police Department,0,1,0,0,0,,,,,,0,0,0,,,,,,,,,,,98,98,98,0,,,,,20,7,,,,,,,,1,0,,,,,,
2021,75,EB17222,303,03/27/2021,19:40,27,3,,53,Pierce,2337,1,,5,1,2,1,0,2,2,,,,12,0,6,0,2,0,3,3,2,4,6,0,0,3,3,BRIDGEPORT WAY W,67th Ave W,-122.5274889,47.19933333,0,2,68,15,2,35,14,0,0,1,2,12,1,2,5,5,11,1,1,53,0,13,401,2005,0,,12,,,,,,1,1,54,2,0,,0,0,3,0,11,0,,,,,0,0,3,3,1,0,,,,96,,,,,,98,,,,,,98023,53,61,200,6,1,0,0,1,0,,0,,,,,,0,11/15/2017,11/15/2017,1,0,0,0,8,9,8,,,0,,,8,8,8,95,,,96,,,8,95,995,,,,,,,,,,,,,,,,,,,,,,,,,,,,,,0,0,0,1,0,0,0,0,0,0,0,0,1,0,1,0,0,0,0,0,0,0,0,0,0,0,0,0,1,1,0,0,0,0,0,,0,0,0,0,0,0,0,0,0,0,0,0,0,0,0,0,,,,,,51-55,46-55,City street,U,Saturday,Belt Used,PV,Not Fatal,1,0,0,0,City Street,Municipal/City Police,University Place Police Department,0,0,0,1,0,,,,,,0,0,0,,,,,,,,,,,98,98,98,0,,,,,20,,,,,,,,,1,0,,,,,,
2021,609,EB44315,129,06/24/2021,12:39,24,6,,53,Pierce,0,1,,1,1,2,1,0,4,2,,,,12,0,6,0,2,0,2,5,2,2,6,0,3,20,3,68TH AVE E,10TH ST E,-122.3389444,47.24813889,0,2,89,66,4,30,14,0,0,1,2,12,1,2,2,1,4,3,2,53,0,49,403,2002,0,,12,63,35,,,,1,1,46,2,0,,1,0,3,0,11,0,,,,,0,0,3,3,1,0,,,,96,,,,,,98,,,,,,98023,53,64,128,6,1,0,0,0,1,,0,,,,,,0,05/15/2017,05/15/2017,20,0,0,0,8,9,8,,,0,,,8,8,0,0,,,0,,,0,0,996,,,,,,,,,,,,,,,,,,,,,,,,,,,,,,0,0,0,1,0,0,0,0,0,0,0,0,0,0,0,0,0,0,1,0,0,0,0,0,0,0,0,0,0,1,0,0,0,0,0,,0,0,0,0,0,0,0,0,0,0,0,0,0,0,0,0,,,,,,46-50,46-55,City street,U,Thursday,Belt Used,PV,Not Fatal,1,0,0,0,County Road,Municipal/City Police,Fife Police Department,0,0,1,0,0,,,,,,0,0,0,,,,,,,,,,,98,98,98,0,,,,,20,,,,,,,,,1,0,,,010 ST E,0.12,NULL,
2021,255,EB52680,35,07/24/2021,16:32,24,7,,53,Pierce,0,1,,1,1,5,1,0,1,1,,,,42,0,0,3,1,0,1,7,1,64,8,0,0,0,0,FOREST ROAD 75,,-121.6303306,47.08963611,0,1,6,12,2,98,90,0,0,1,2,42,2,1,8,1,14,1,2,53,0,73,734,2004,0,,68,64,42,,,,1,1,35,1,7,,4,7,20,7,11,0,07/24/2021,16:32,53038298,38298,0,0,0,1,1,0,,,,96,,,,,,98,,,,,,98023,53,66,180,6,1,0,0,0,0,,0,,,,,,4,,,20,1,9,0,0,9,8,,,0,,,8,8,2,1,,,1,,,2,1,0,,,,,,,,,,,,,,,,,,,,,,,,,,,,,,0,0,1,0,0,0,0,0,0,0,0,0,1,0,0,0,0,0,0,0,0,0,0,0,0,0,0,0,0,0,0,0,0,0,0,,0,0,0,0,0,0,0,0,0,1,0,0,0,0,0,0,,,,,,31-35,26-35,Other,R,Saturday,,OTHVT,White,0,1,0,0,Other,County Sheriff,Law Enforcement Support Agency,1,0,0,0,1,,,,,,0,0,0,,,,,,,,,,,0,0,0,1,,,,,19,,,,,,,,,1,0,,,,,,
2021,614,EB56748,213,08/09/2021,15:58,9,8,,33,King,532,1,,1,1,2,1,0,2,2,,,,12,0,2,24.5,1,0,1,3,2,1,3,0,0,0,0,SR-509,,-122.3325417,47.40835833,0,2,51,62,4,35,4,0,0,1,2,12,3,2,2,1,14,1,1,53,0,42,48,2016,0,,12,,,,,,1,1,56,1,0,,1,0,3,0,11,0,,,,,0,0,0,3,1,0,,,,96,,,,,,98,,,,,,98023,53,70,170,6,1,0,0,1,0,,0,,,,,,0,09/15/2020,09/15/2020,8,0,0,0,8,9,2,,,0,,,8,8,0,0,,,0,,,0,0,996,,,,,,,,,,,,,,,,,,,,,,,,,,,,,,0,0,0,0,0,0,0,0,0,0,0,0,0,0,0,0,0,0,0,0,0,0,0,0,0,0,0,0,0,1,0,0,0,0,0,,0,0,0,0,0,0,0,0,0,0,0,0,0,0,0,0,,,,,,56-60,56-65,State route,U,Monday,Belt Used,PV,Not Fatal,0,1,1,0,State Route,County Sheriff,Normandy Park Police Department,0,1,0,0,0,,,,,,0,0,0,,,,,,,,,,,98,98,98,0,,,,,20,,,,,,,,,1,0,,,,,,
2021,337,EB64590,127,09/02/2021,18:47,2,9,,33,King,735,1,,1,1,1,1,0,2,2,,,,12,0,6,0,2,0,3,4,2,4,6,0,0,0,0,SW 320TH ST,43rd Pl SW,-122.3882,47.31517778,0,1,68,15,2,35,61,0,0,1,5,12,1,1,5,5,11,1,3,53,0,7,881,2009,0,,12,,,,,,1,1,24,1,0,,1,0,3,0,11,0,,,,,0,0,0,2,1,48,,,,96,,,,,,98,,,,,,98023,53,71,230,1,1,0,2,1,5,,97,,,,,,0,11/15/2016,11/15/2020,20,0,0,0,8,9,8,,,0,,,8,8,0,0,,,0,,,0,0,996,,,,,,,,,,,,,,,,,,,,,,,,,,,,,,0,0,0,1,0,0,0,0,0,0,0,0,0,1,0,0,0,0,0,1,0,0,0,1,1,0,0,0,0,1,1,0,0,0,0,,0,0,0,0,0,0,0,0,0,0,0,1,0,0,0,0,,,,,,21-25,16-25,City street,U,Thursday,,MHTRUCK,Not Fatal,1,0,0,0,City Street,Municipal/City Police,Federal Way Dept of Public Safety,0,0,0,1,0,,,,,,0,0,2,,,,,,,,,,,98,98,98,0,,,,,20,,,,,,,,,1,0,,,,,,
2021,415,EB78581,127,10/15/2021,20:47,15,10,,33,King,735,1,,2,1,1,1,1,1,1,,,,8,0,0,2.6,1,0,1,3,2,1,3,0,0,0,0,SR-99,,-122.3351528,47.26542222,0,1,13,80,5,45,5,0,0,1,2,8,1,1,4,1,1,1,2,53,0,20,28,2015,0,,8,,,,,,1,1,28,2,0,,0,0,3,0,11,0,,,,,0,0,3,3,1,0,,,,96,,,,,,98,,,,,,98023,53,62,130,6,1,0,0,0,0,,0,,,,,,0,,,20,0,0,0,8,9,8,,,0,,,8,8,2,401,417,,1,1,,2,1,0,,,,,,,,,,,,,,,,,,,,,,,,,,,,,,0,0,0,0,0,0,1,1,0,0,0,0,0,0,0,0,0,0,0,0,0,0,0,0,0,0,0,0,0,1,0,1,0,0,0,,0,0,0,0,0,0,1,1,0,0,0,0,0,0,1,0,,,,,,26-30,26-35,State route,U,Friday,Belt Used,PV,Not Fatal,0,0,0,0,State Route,Municipal/City Police,Federal Way Dept of Public Safety,0,1,0,0,0,,,,,,0,0,0,,,,,,,,,,,98,98,98,0,,,,,20,,,,,,,,,1,0,,,,,,
2019,366,E971669,25,10/16/2019,10:40,16,10,,33,King,0,2,0,1,2,2,1,0,2,2,,,,12,0,2,2.3,1,0,1,4,1,2,4,0,0,0,0,CR-PRESTON FALL CITY RD,,-121.906625,47.54148056,0,1,50,10,2,98,34,0,0,1,7,12,1,1,2,1,1,1,1,53,0,49,471,1993,0,0,68,12,,,,,1,1,32,1,0,,3,0,3,0,11,5,,,,,0,0,3,2,1,28,0,0,0,96,,,,,,99,,,,,,98024,53,73,220,1,1,0,3,2,1,,97,,,,,,0,10/15/2014,05/15/2019,20,0,0,0,8,9,8,,,0,0,0,8,9,8,95,,,96,,,8,95,995,,,,,,,,,,,,,,,,,,,,,,,,,,,,,,0,0,0,0,0,0,0,0,0,0,0,0,0,1,0,0,0,0,0,0,0,0,0,0,0,1,0,0,0,1,0,0,0,0,0,,0,0,0,0,0,0,0,0,0,0,0,1,0,0,0,0,,,,,,31-35,26-35,County road,R,Wednesday,Belt Used,PV,Not Fatal,0,1,1,0,County Road,County Sheriff,King County Police,0,0,1,0,0,,,,,,0,0,9,,,,,,,,,,,0,0,0,0,,,,,20,7,,,,,,,,,,,,,,,
2021,298,EB57701,6,08/11/2021,15:34,11,8,,25,Grant,0,1,,1,1,2,2,0,3,2,,,,12,0,6,4,2,0,2,4,1,1,3,0,0,20,3,SR-283,ADAMS RD,-119.7688361,47.14278889,0,1,88,17,2,60,62,0,0,1,2,12,1,1,2,1,1,1,3,53,0,98,806,2016,0,,12,,,,,,1,1,37,1,0,,0,0,3,0,11,0,,,,,0,0,3,2,1,39,,,,96,,,,,,9,,,,,,98024,53,72,190,1,1,0,2,0,0,,1,12,,,,,0,10/15/2016,08/15/2020,20,0,0,0,8,9,2,,,0,,,8,1,2,1,,,1,,,2,1,0.25,,,,,,,,,,,,,,,,,,,,,,,,,,,,,,0,0,0,1,1,1,0,1,0,0,0,0,0,1,0,0,0,0,0,0,0,0,0,0,0,0,0,0,0,1,1,0,0,0,0,,0,0,0,0,0,1,0,1,0,0,0,1,0,1,0,1,,,,,,36-40,36-45,State route,R,Wednesday,,MHTRUCK,Not Fatal,1,0,0,0,State Route,State Patrol,Washington State Patrol,0,1,0,0,0,,,,,,0,0,2,,,,,,,,,,,98,98,98,0,,,,,20,,,,,,,,,1,0,,,,,,
2017,352,E707748,206,09/01/2017,23:33,1,9,6,61,Snohomish,1407,1,0,3,1,2,1,0,2,1,23:33,23:42,0:11,42,0,0,0,1,0,1,5,2,4,6,0,0,0,0,48TH AVE W,,-122.2976833,47.79785833,0,1,1,13,2,25,2,0,0,1,2,42,1,1,2,1,1,2,1,53,0,35,48,2010,0,0,63,42,2,,,,1,1,26,1,0,0,1,0,99,0,11,8,,,,,0,0,0,3,1,91,0,0,0,6,,,,,,9,,,,,,98026,53,73,220,6,1,0,3,1,5,2,1,,,,,,4,09/15/2012,09/15/2016,99,0,0,0,8,5,8,,,0,0,0,8,1,2,605,0,0,1,0,0,2,1,0.049,,,,,,,,,,,,,,,,,,,,,,,,,,,,,,0,0,1,0,1,0,1,1,1,0,0,0,1,0,0,0,1,0,0,0,0,0,0,0,0,0,0,0,0,1,0,0,0,0,0,,0,0,0,0,1,0,1,1,1,1,0,0,0,0,0,1,,,,,,26-30,26-35,City street,U,Friday,Unknown,PV,Not Fatal,0,1,0,0,City Street,Municipal/City Police,Mountlake Terrace Police Department,1,0,0,1,0,thc,4.7,carboxy-thc,34,,,,,,,,,,,,,,,,,,,,,,,,,,,,,,,,,,,,,,,
2018,236,E819271,2,07/18/2018,13:10,18,7,0,57,Skagit,0,1,0,1,1,2,1,0,5,3,13:12,13:24,13:53,12,0,1,221.2,1,0,1,1,1,1,1,0,0,0,0,I-5,,-122.3353361,48.34145,1,3,98,53,3,70,4,0,0,1,5,12,1,1,3,3,2,2,1,53,0,49,40,2014,0,0,12,12,,,,,1,1,71,1,0,0,1,0,3,0,11,4,,,,,0,0,3,3,1,0,0,0,0,96,,,,,,0,,,,,,98026,53,72,200,6,1,0,0,0,0,,0,,,,,,0,,,20,0,0,0,8,9,8,,,0,0,0,8,0,8,95,,,96,,,8,95,995,,,,,,,,,,,,,,,,,,,,,,,,,,,,,,0,0,0,0,0,0,0,0,0,0,0,0,0,0,0,0,1,0,0,0,0,0,0,0,0,1,1,0,0,1,1,0,0,0,0,,0,0,0,0,0,0,0,0,0,0,0,0,0,0,0,0,,,,,,71-75,66-75,Interstate,R,Wednesday,Belt Used,PV,Not Fatal,0,0,0,0,State Route,State Patrol,Washington State Patrol,0,1,0,0,0,,,,,,0,0,0,,,,,,,,,,,,,,,,,,,,,,,,,,,,,,,,,,,
2018,326,E837794,269,09/13/2018,7:04,13,9,0,33,King,2005,10,0,1,1,2,1,0,6,4,,,,12,0,2,34.6,2,0,2,3,2,1,3,0,0,3,3,SR-99,N 155TH ST,-122.3453833,47.74143333,0,2,51,62,4,40,6,0,0,1,7,12,1,1,7,1,1,2,1,53,0,49,46,2015,0,0,12,12,,,,,1,1,56,1,0,0,3,0,3,0,11,8,,,,,6,0,0,3,1,0,0,0,0,96,,,,,,0,,,,,,98026,53,65,176,6,1,0,0,0,0,,0,,,,,,0,,,8,0,0,0,8,9,8,,,0,0,0,8,0,8,95,,,96,,,8,95,995,,,,,,,,,,,,,,,,,,,,,,,,,,,,,,0,0,0,1,0,0,0,0,0,0,0,0,0,1,0,1,0,0,0,0,0,1,1,0,1,1,1,1,0,1,0,0,0,0,0,,0,0,0,0,0,0,0,0,0,0,0,0,0,0,0,0,,,,,,56-60,56-65,State route,U,Thursday,Belt Used,PV,Not Fatal,0,1,1,0,State Route,Municipal/City Police,Shoreline Police Department,0,1,0,0,0,,,,,,0,0,0,,,,,,,,,,,,,,,,,,,,,,,,,,,,,,,,,,,