year,case,par,repjur,crash_dt,crash_tm,accday,accmon,holiday,county,co_char,city,weather,weather2,lightcond,surfcond,surftype,numfatal,nmforms,pforms,vforms,not_tm,arr_tm,hosp_tm,fhevent,hitrun,manncol,milepnt,reljunc,reljuncinter,intersectiontype,funcsystem,landuse,ownership,route,schlbus,spejur,contdev,devfunc,trafid1,trafid2,x,y,wk_zone,vnumber,crashtype,criticalevent,criticaleventcat,spdlim,body,trailer,emerg,hazcargo,leave,mhevent,roadalgn,roadprof,traflane,trafflow,vehmanvr,numoccs,regowner,regstate,spuse,make,model,modelyr,vrf1,vrf2,seqevent1,seqevent2,seqevent3,seqevent4,seqevent5,seqevent6,pnumber,ptype,age,sex,hispanic,race,injury,diedscene,restraint,restraintmisuse,seatpos,takehosp,death_dt,death_tm,cert,cernum_wa,commlic,licendor,licrestrict,liccomp,drivpres,drf1,drf2,drf3,drf4,distract1,distract2,distract3,distract4,distract5,distract6,dricond1,dricond2,dricond3,dricond4,dricond5,dricond6,dzip,licstate,drhgt_in,weight,noncdl,noncdltype,prevdwi,prevoth,prevacc,prevspd,prevsus,driviol1,driviol2,driviol3,driviol4,driviol5,driviol6,spdrel,first_dt,last_dt,airbag,ejection,ejectpath,extricat,injurwrk,methalc,methdrug,nmlocat,strikveh,prf1,prf2,prf3,druginv,alcinvol,drugsts,drugres1,drugres2,drugres3,drugtst1,drugtst2,drugtst3,alcsts,alctst,alcres,nmact1,nmact2,nmact3,nmact4,nmact5,nmact6,nmprior1,nmprior2,nmprior3,nmprior4,nmprior5,nmprior6,nmcond1,nmcond2,nmcond3,nmcond4,nmcond5,nmcond6,nmsafe_helmet,nmsafe_pads,nmsafe_oth,nmprev_ref,nmprev_lgt,nmprev_oth,crashlocation,nmcrashtype,crosswalk,schoolzone,sidewalk,train_inv,wildlife_inv,rotr_fars,intersect_fars,dd_inv,aid_inv,dpd_inv,id_inv,mj_inv,impnm_inv,ainm_inv,dpnm_inv,speed_inv,unlic_inv,unendmc_inv,drowsy_inv,drdist_inv,nmdist_inv,fty_inv,unrestfat_inv,dr1617_inv,dr1820_inv,dr1620_inv,dr2125_inv,dr1625_inv,dr65_inv,dr70_inv,dr75_inv,mc_inv,pv_inv,ht_inv,ped_inv,bike_inv,unrest_fat,mc_fat,unhelmet_mc,pv_fat,ht_fat,ped_fat,bike_fat,dr_alc7,dr_alc8,dr_drug,dr_imp,dr_dist,dr_spd,dr_fty,dr_unlic,dr_alc7only,dr_alc8only,dr_drugonly,dr_drink,nm_imp,nm_alc7,nm_alc8,nm_drug,nm_dist,agegrp1,agegrp2,roadclass,urbrur,dayweek,restuse,vehtype,race_me,intersect,lanedep,oppdir,wrongway,rep_typ,investag,repag_long,rotr,st_rd,cty_rd,city_rd,oth_rd,drug_thc,thc_res,drug_cthc,cthc_res,drug_cann,prevpersemin,prevperse,prevsusoth,drugtst4,drugtst5,drugtst6,drugtst7,drugtst8,drugres4,drugres5,drugres6,drugres7,drugres8,adspresent,adsengaged,adslevel,race1,race2,race3,race4,race5,helmet,helmetmisuse,nmdistract1,nmdistract2,nmdistract3,nmdistract4,nmdistract5,nmdistract6,lab,isedtcase,crf1,crf2,crf3,CoRoadName,CoMP,IntCoRoadName,IntCoMP
2019,317,E951909,2,08/17/2019,18:40,17,8,,29,Island,0,1,0,1,1,2,1,0,3,2,,,,12,0,2,26,2,0,3,3,1,1,3,0,0,20,3,SR-525,SMUGGLERS COVE RD,-122.5802611,48.10795556,0,1,82,15,2,55,14,0,0,1,2,12,1,1,2,1,11,2,1,53,0,55,401,2019,0,0,12,,,,,,1,1,65,2,0,,3,0,3,0,11,4,,,,,0,0,0,3,1,10,38,0,0,96,,,,,,0,,,,,,98026,53,68,190,6,1,0,0,0,0,,46,,,,,,0,,,8,0,0,0,8,9,8,,,0,0,0,8,0,8,95,,,96,,,8,95,995,,,,,,,,,,,,,,,,,,,,,,,,,,,,,,0,0,0,1,0,0,0,0,0,0,0,0,0,0,0,0,0,0,1,0,0,0,0,0,0,1,0,0,0,1,0,0,0,0,0,,0,0,0,0,0,0,0,0,0,0,1,0,0,0,0,0,,,,,,61-65,56-65,State route,R,Saturday,Belt Used,PV,Not Fatal,1,0,0,0,State Route,State Patrol,Washington State Patrol,0,1,0,0,0,,,,,,0,0,0,,,,,,,,,,,98,98,98,0,,,,,20,7,,,,,,,,,,,,,,,
2020,364,EA63509,184,09/05/2020,10:54,5,9,,61,Snohomish,1215,1,,1,1,2,1,0,2,2,,,,12,0,6,41.1,2,0,4,3,2,1,3,0,0,20,3,SR-99,186TH PL W,-122.3072806,47.83018056,0,1,82,15,2,45,15,0,0,1,2,12,1,1,2,1,11,1,1,53,0,12,425,2019,0,,12,,,,,,1,1,73,1,0,,1,0,3,0,11,0,,,,,0,0,3,3,1,0,,,,96,,,,,,98,,,,,,98026,53,72,198,6,1,0,0,0,0,,97,,,,,,0,,,8,0,0,0,8,9,8,,,0,,,8,8,8,95,,,96,,,8,95,995,,,,,,,,,,,,,,,,,,,,,,,,,,,,,,0,0,0,1,0,0,1,1,1,0,0,0,0,0,0,0,0,0,0,0,0,0,0,0,0,1,1,0,1,1,0,0,0,0,0,,0,0,0,0,0,0,0,0,0,0,0,0,0,0,0,0,,,,,,71-75,66-75,State route,U,Saturday,Belt Used,PV,Not Fatal,1,0,0,0,State Route,Municipal/City Police,Lynnwood Police Department,0,1,0,0,0,,,,,,0,0,0,,,,,,,,,,,98,98,98,0,,,,,20,7,,,,,,,,1,0,,,,,,
2020,506,EA92704,2,12/20/2020,14:22,20,12,,61,Snohomish,0,10,,1,2,2,1,0,1,1,,,,30,0,0,17.7,1,0,1,4,1,1,3,0,0,0,0,SR-530,,-121.8906917,48.27213056,0,1,7,6,1,50,2,0,0,1,2,30,3,1,2,1,14,1,1,53,0,37,31,1998,0,,68,64,30,,,,1,1,26,2,7,,4,7,3,0,11,0,12/20/2020,14:22,53060167,60167,0,0,0,3,1,0,,,,96,,,,,,0,,,,,,98026,53,68,120,6,1,0,0,1,1,,0,,,,,,4,11/15/2018,05/15/2018,1,0,0,0,0,9,8,,,0,,,8,8,2,1,,,1,,,2,1,0,,,,,,,,,,,,,,,,,,,,,,,,,,,,,,0,0,0,0,0,0,0,0,0,0,0,0,1,0,0,0,0,0,0,0,0,0,0,0,0,0,0,0,0,1,0,0,0,0,0,,1,0,0,0,0,0,0,0,0,1,0,0,0,0,0,0,,,,,,26-30,26-35,State route,R,Sunday,Belt Used,PV,White,0,1,0,0,State Route,State Patrol,Washington State Patrol,1,1,0,0,0,,,,,,0,0,0,,,,,,,,,,,0,0,0,1,,,,,20,7,,,,,,,,1,0,,,,,,
2021,376,EB72444,39,09/06/2021,22:24,6,9,,61,Snohomish,0,1,,3,1,2,1,0,4,3,,,,12,0,6,0.7,2,0,2,3,2,2,4,0,0,3,3,CR-164TH ST SW,25TH AVE W,-122.2673333,47.84992222,0,2,68,63,4,40,9,0,0,1,2,12,1,2,5,1,11,1,1,53,0,55,42,2014,0,,12,12,,,,,1,1,34,2,7,,4,7,3,0,11,0,09/06/2021,22:24,53044635,44635,0,0,3,3,1,0,,,,96,,,,,,98,,,,,,98026,53,71,165,6,1,0,1,0,0,,0,,,,,,0,08/15/2018,08/15/2018,8,0,0,0,0,9,8,,,0,,,8,8,2,996,996,996,1,1,1,2,1,0.294,,,,,,,,,,,,,,,,,,,,,,,,,,,,,,0,0,0,1,1,1,1,1,0,0,0,0,1,1,0,0,0,0,0,0,0,1,1,0,1,0,0,0,0,1,0,0,0,0,0,,1,0,0,0,0,1,1,1,0,0,0,0,0,0,0,1,,,,,,31-35,26-35,County road,U,Monday,Belt Used,PV,White,1,0,0,0,County Road,County Sheriff,Snohomish County Sheriff's Office,0,0,1,0,0,,,,,,0,0,0,1,,,,,996,,,,,98,98,98,1,,,,,20,,,,,,,,,1,0,,,164TH ST SW,0.677,NULL,
2017,271,E696171,7,07/28/2017,1:15,28,7,0,33,King,0,1,0,3,1,2,1,0,2,1,,,,38,0,0,11.3,1,0,1,3,2,1,3,0,0,0,0,SR-900,,-122.1107361,47.49726111,0,1,1,13,2,40,4,0,0,1,2,1,3,2,2,1,14,2,1,53,0,34,34,2006,0,0,63,38,1,2,,,1,1,55,1,7,1,4,7,3,0,11,0,07/28/2017,1:15,1.83053E+11,35475,0,0,0,3,1,0,0,0,0,96,,,,,,9,,,,,,98027,53,76,250,6,1,0,2,0,1,0,0,,,,,,4,10/15/2016,01/15/2017,99,0,0,0,0,1,1,,,0,0,0,1,1,2,402,996,0,1,1,0,2,1,0.13,,,,,,,,,,,,,,,,,,,,,,,,,,,,,,0,0,1,0,1,1,1,1,0,0,0,0,1,0,0,0,0,0,0,0,0,0,0,0,0,0,0,0,0,1,0,0,0,0,0,,1,0,0,0,0,1,1,1,0,1,0,0,0,0,0,1,,,,,,51-55,46-55,State route,U,Friday,Belt Used,PV,White,0,1,0,0,State Route,State Patrol,Washington State Patrol Headquarter,1,1,0,0,0,,,,,,,,,,,,,,,,,,,,,,,,,,,,,,,,,,,,,,,,,,,
2017,469,E738290,2,11/05/2017,14:45,5,11,0,61,Snohomish,0,10,0,1,2,2,1,0,7,3,14:43,15:11,15:42,12,0,1,22.2,8,0,1,4,1,1,3,0,0,0,0,SR-203,,-121.9702806,47.82906389,0,3,98,62,4,55,5,0,0,1,2,12,1,1,2,1,1,4,2,53,0,37,39,2008,0,0,12,,,,,,1,1,19,1,0,0,3,0,3,0,11,4,,,,,0,0,0,3,1,0,0,0,0,0,,,,,,0,,,,,,98027,53,70,185,6,1,0,0,0,1,0,0,,,,,,0,12/15/2016,12/15/2016,8,0,0,0,8,9,8,,,0,0,0,8,0,0,0,0,0,0,0,0,0,0,996,,,,,,,,,,,,,,,,,,,,,,,,,,,,,,0,0,0,0,0,0,0,0,0,0,0,0,1,0,0,0,1,0,0,0,0,1,1,0,1,1,1,1,0,1,1,0,0,0,0,,0,0,0,0,0,0,0,0,0,0,0,0,0,0,0,0,,,,,,18-20,16-25,State route,R,Sunday,Belt Used,PV,Not Fatal,0,0,0,0,State Route,State Patrol,Washington State Patrol Headquarter,0,1,0,0,0,,,,,,,,,,,,,,,,,,,,,,,,,,,,,,,,,,,,,,,,,,,
2017,504,E744024,171,12/06/2017,2:31,6,12,0,33,King,1107,1,0,3,1,2,1,0,1,1,,,,39,0,0,4.9,1,0,1,3,2,1,3,0,0,0,0,SR-522,,-122.2881472,47.74134722,0,1,6,12,2,98,2,0,0,1,2,39,1,2,3,2,1,1,1,53,0,39,35,2008,0,0,65,64,39,,,,1,1,72,1,7,1,4,7,20,0,11,0,12/06/2017,2:31,1.10753E+11,53709,0,0,3,2,1,0,0,0,0,96,,,,,,99,,,,,,98027,53,74,240,1,1,1,1,0,1,2,0,,,,,,0,06/15/2015,04/15/2017,20,0,0,0,1,9,8,,,0,0,0,8,1,0,0,0,0,0,0,0,2,1,0.19,,,,,,,,,,,,,,,,,,,,,,,,,,,,,,0,0,1,0,1,1,0,1,0,0,0,0,0,1,0,0,0,0,0,1,0,0,0,0,0,1,1,0,0,1,0,0,0,1,0,,1,0,0,0,0,1,0,1,0,0,0,1,0,1,0,1,,,,,,71-75,66-75,State route,U,Wednesday,Not Used,PV,White,0,0,0,1,State Route,Municipal/City Police,Lake Forest Park Police Department,0,1,0,0,0,,,,,,,,,,,,,,,,,,,,,,,,,,,,,,,,,,,,,,,,,,,
2018,80,E781486,25,03/17/2018,2:42,17,3,0,33,King,0,1,0,2,1,2,1,0,1,1,,,,35,0,0,7,1,0,1,4,1,2,4,0,0,0,0,CR-SE MAY VALLEY RD,,-122.055525,47.48052222,0,1,1,13,2,40,67,0,0,1,7,1,3,1,2,1,14,1,1,53,0,12,880,2014,0,0,63,35,38,42,1,,1,1,22,1,7,1,4,7,20,0,11,0,03/17/2018,2:42,98053012706,12706,6,0,3,3,1,0,0,0,0,96,,,,,,99,,,,,,98027,53,73,185,6,1,0,4,1,1,,0,,,,,,4,06/15/2014,10/15/2017,8,1,9,0,0,5,8,,,0,0,0,8,1,2,402,407,996,1,1,1,2,1,0.21,,,,,,,,,,,,,,,,,,,,,,,,,,,,,,0,0,1,0,1,1,1,1,0,0,0,0,1,0,0,0,0,0,0,0,0,0,0,1,1,0,0,0,0,0,1,0,0,0,0,,0,1,0,0,0,1,1,1,0,1,0,0,0,0,0,1,,,,,,21-25,16-25,County road,R,Saturday,Not Used,MHTRUCK,White,0,1,0,0,County Road,County Sheriff,King County Police,1,0,1,0,0,,,,,,0,0,0,1,,,,,996,,,,,,,,,,,,,,,,,,,,,,,,,,,,,
2018,307,E832464,7,07/22/2018,1:55,22,7,0,33,King,1030,1,0,3,1,2,1,1,6,4,,,,8,0,0,3.5,1,0,1,3,2,1,3,0,0,3,3,SR-516,,-122.270425,47.37678056,0,2,98,60,4,50,6,0,0,1,7,12,1,2,7,1,5,2,1,53,0,2,1,2012,0,0,12,12,,,,,1,1,49,2,0,0,1,0,3,0,11,8,,,,,0,0,0,3,1,0,0,0,0,96,,,,,,0,,,,,,98027,53,67,168,6,1,0,0,0,0,,0,,,,,,0,04/15/2014,04/15/2014,1,0,0,0,8,9,8,,,0,0,0,8,9,8,95,,,96,,,8,95,995,,,,,,,,,,,,,,,,,,,,,,,,,,,,,,0,0,0,0,0,0,0,0,0,0,0,0,0,0,0,0,0,0,0,0,0,0,0,0,0,0,0,0,0,1,0,1,0,0,0,,0,0,0,0,0,0,0,0,0,0,0,0,0,0,0,0,,,,,,46-50,46-55,State route,U,Sunday,Belt Used,PV,Not Fatal,1,0,0,0,State Route,State Patrol,Washington State Patrol Headquarter,0,1,0,0,0,,,,,,0,0,1,,,,,,,,,,,,,,,,,,,,,,,,,,,,,,,,,,,
2019,220,E938714,3,07/03/2019,20:55,3,7,,53,Pierce,2230,10,0,1,1,2,1,0,2,2,,,,12,0,1,131.4,1,0,1,1,2,1,1,0,0,0,0,I-5,,-122.4628667,47.21535,1,1,29,53,3,60,2,0,0,1,7,12,1,1,5,3,2,1,1,53,0,37,32,2004,0,0,12,,,,,,1,1,41,1,0,,0,0,3,0,11,0,,,,,0,0,0,3,1,91,0,0,0,96,,,,,,9,,,,,,98027,53,71,180,6,1,0,0,1,1,,1,11,,,,,3,03/15/2015,02/15/2016,20,0,0,0,8,9,8,,,0,0,0,8,1,8,95,,,96,,,8,95,995,,,,,,,,,,,,,,,,,,,,,,,,,,,,,,0,0,0,0,1,1,1,1,1,0,0,0,1,1,0,0,0,0,0,1,0,0,0,0,0,0,0,0,0,1,0,0,0,0,0,,0,0,0,0,0,0,0,0,0,1,0,0,0,0,0,1,,,,,,41-45,36-45,Interstate,U,Wednesday,Belt Used,PV,Not Fatal,0,0,0,0,State Route,State Patrol,Washington State Patrol,0,1,0,0,0,,,,,,0,0,0,,,,,,,,,,,98,98,98,0,,,,,20,7,,,,,,,,,,,,,,,
2019,382,E976023,7,10/18/2019,11:15,18,10,,33,King,2595,10,0,1,2,1,1,0,4,4,,,,12,0,2,5.1,1,0,1,3,2,1,3,0,0,0,0,SR-520,,-122.2195889,47.639525,0,1,52,54,3,98,34,0,0,1,5,12,3,2,3,3,14,1,1,53,0,20,481,2004,0,0,12,60,54,54,,,1,1,79,1,0,,1,0,3,0,11,5,,,,,0,0,0,3,1,51,0,0,0,96,,,,,,0,,,,,,98027,53,66,195,6,1,0,1,0,0,,97,,,,,,0,01/15/2015,01/15/2015,1,0,0,0,8,9,8,,,0,0,0,8,0,8,95,,,96,,,8,95,995,,,,,,,,,,,,,,,,,,,,,,,,,,,,,,0,0,0,0,0,0,0,0,0,0,0,0,0,0,0,0,0,0,0,0,0,0,0,0,0,1,1,1,1,1,0,0,0,0,0,,0,0,0,0,0,0,0,0,0,0,0,0,0,0,0,0,,,,,,76-80,76+,State route,U,Friday,Belt Used,PV,Not Fatal,0,0,0,1,State Route,State Patrol,Washington State Patrol,0,1,0,0,0,,,,,,0,0,0,,,,,,,,,,,98,98,98,0,,,,,20,7,,,,,,,,,,,,,,,
2020,151,EA25062,25,03/14/2020,21:19,14,3,,33,King,0,1,,2,1,2,1,1,3,1,21:21,21:31,21:52,8,0,0,14.5,1,0,1,3,2,2,4,0,0,0,0,CR-ISSAQUAH HOBART RD S,,-122.0232389,47.49263611,0,1,13,80,5,45,14,0,0,1,5,8,1,1,2,1,1,3,1,53,0,62,404,2015,0,,8,,,,,,1,1,49,8,0,,0,0,3,0,11,0,,,,,0,0,0,3,1,0,,,,96,,,,,,0,,,,,,98027,53,64,162,6,1,0,0,0,0,,0,,,,,,0,,,20,0,0,0,8,5,3,,,0,,,0,0,8,95,,,96,,,8,95,995,,,,,,,,,,,,,,,,,,,,,,,,,,,,,,0,0,0,0,0,0,0,0,0,0,0,0,0,0,0,0,0,1,0,0,0,0,0,0,0,0,0,0,0,1,0,1,0,0,0,,0,0,0,0,0,0,0,0,0,0,0,0,0,0,0,0,,,,,,46-50,46-55,County road,U,Saturday,Belt Used,PV,Not Fatal,0,0,0,0,County Road,County Sheriff,King County Police,0,0,1,0,0,,,,,,0,0,0,,,,,,,,,,,98,98,98,0,,,,,20,7,,,,,,,,1,0,,,ISSAQUAH HOBART RD,14.45,,
2019,505,3751331,263,08/14/2019,22:06,14,8,,33,King,1960,1,0,3,1,2,1,1,1,1,,,,8,1,0,31.1,1,0,1,3,2,1,3,0,0,0,0,SR-99,,-122.3446278,47.69111667,0,1,13,80,5,35,14,0,0,1,3,8,1,1,2,2,1,1,1,53,0,41,403,2014,0,0,8,,,,,,1,1,41,1,0,,0,0,99,7,11,0,,,,,0,0,3,3,1,0,0,0,0,96,,,,,,99,,,,,,98028,53,71,300,6,1,0,0,0,0,,97,,,,,,0,,,20,0,0,0,8,9,2,,,0,0,0,1,9,8,95,,,96,,,8,95,995,,,,,,,,,,,,,,,,,,,,,,,,,,,,,,0,0,0,0,0,0,0,0,0,1,0,1,0,0,0,0,0,0,0,0,0,0,0,0,0,0,0,0,0,1,0,1,0,0,0,,0,0,0,0,0,0,0,0,0,0,0,0,0,0,0,0,,,,,,41-45,36-45,State route,U,Wednesday,Unknown,PV,Not Fatal,0,0,0,0,State Route,Municipal/City Police,Seattle Police Department,0,1,0,0,0,,,,,,0,0,0,,,,,,,,,,,98,98,98,0,,,,,20,7,,,,,,,,,,,,,,,
2017,262,E694798,39,07/23/2017,13:12,23,7,0,61,Snohomish,0,1,0,1,1,2,1,0,6,2,,,,12,0,6,0.6,8,0,1,5,2,2,4,0,0,0,0,CR-SPRINGHETTI RD,,-122.0989528,47.88074444,0,1,98,10,2,35,80,0,0,1,2,12,1,1,2,1,6,1,1,4,0,53,706,2014,0,0,68,12,,,,,1,1,33,1,7,1,4,7,5,0,11,0,07/23/2017,13:12,53032528,32528,0,0,0,3,1,35,38,0,0,96,,,,,,99,,,,,,98028,53,76,240,6,1,0,0,0,0,0,0,,,,,,4,,,20,8,0,0,0,9,8,,,0,0,0,8,9,2,605,0,0,1,0,0,2,1,0,,,,,,,,,,,,,,,,,,,,,,,,,,,,,,0,0,0,0,0,0,1,1,1,0,0,0,1,0,0,0,0,0,1,0,0,0,0,0,0,0,0,0,1,1,0,0,0,0,1,0,0,0,0,0,0,0,1,1,0,1,1,0,0,0,1,0,,,,,,31-35,26-35,County road,U,Sunday,,MC,White,0,0,0,0,County Road,County Sheriff,Snohomish County Sheriff's Office,0,0,1,0,0,thc,44,carboxy-thc,180,,,,,,,,,,,,,,,,,,,,,,,,,,,,,,,,,,,,,,,
2017,470,E732624,348,11/03/2017,18:15,3,11,0,33,King,1018,10,0,3,1,2,1,1,1,1,,,,8,0,0,0,1,0,1,4,2,4,6,0,0,0,0,80TH AVE NE,,-122.2336611,47.75667778,0,1,13,80,5,35,6,0,0,1,5,8,1,1,2,1,1,1,3,53,0,63,36,2008,0,0,8,,,,,,1,1,58,1,0,0,0,0,3,0,11,0,,,,,0,0,0,3,1,0,0,0,0,0,,,,,,0,,,,,,98028,53,67,155,6,1,0,2,1,1,0,0,,,,,,0,12/15/2012,12/15/2014,20,0,0,0,8,9,2,,,0,0,0,0,0,0,0,0,0,0,0,0,0,0,996,,,,,,,,,,,,,,,,,,,,,,,,,,,,,,0,0,0,0,0,0,0,0,0,1,0,1,0,0,0,0,0,0,0,0,0,0,0,0,0,0,0,0,0,1,0,1,0,0,0,,0,0,0,0,0,0,0,0,0,0,0,0,0,0,0,0,,,,,,56-60,56-65,City street,U,Friday,Belt Used,PV,Not Fatal,1,0,0,0,City Street,Municipal/City Police,Kenmore Police Dept,0,0,0,1,0,,,,,,,,,,,,,,,,,,,,,,,,,,,,,,,,,,,,,,,,,,,
2018,129,E797751,171,05/03/2018,2:31,3,5,0,33,King,1107,1,0,2,1,2,1,1,1,1,,,,8,0,0,4.7,1,0,1,3,2,1,3,0,0,0,0,SR-522,,-122.2886111,47.74075833,0,1,13,80,5,40,34,0,0,1,5,8,1,1,2,3,1,1,1,53,0,35,471,1994,0,0,8,,,,,,1,1,65,1,0,0,0,0,3,0,11,0,,,,,0,0,0,3,1,0,0,0,0,96,,,,,,0,,,,,,98028,53,67,140,6,1,0,0,0,0,,0,,,,,,0,,,20,0,0,0,8,9,2,,,0,0,0,0,0,2,1,,,1,,,2,1,0,,,,,,,,,,,,,,,,,,,,,,,,,,,,,,0,0,0,0,0,0,0,0,0,1,1,1,0,0,0,0,0,1,0,0,0,0,0,0,0,1,0,0,0,1,0,1,0,0,0,,0,0,0,0,0,0,0,0,0,0,0,0,0,0,0,0,,,,,,61-65,56-65,State route,U,Thursday,Belt Used,PV,Not Fatal,0,0,0,0,State Route,Municipal/City Police,Lake Forest Park Police Department,0,1,0,0,0,,,,,,0,0,0,,,,,,,,,,,,,,,,,,,,,,,,,,,,,,,,,,,
2019,12,E883511,184,01/13/2019,15:16,13,1,,61,Snohomish,1215,1,0,1,1,2,1,0,2,3,,,,12,0,6,0,4,0,1,7,2,4,6,0,0,0,0,76TH AVE W,198TH ST SW,-122.3358778,47.81981389,0,1,83,72,4,30,4,0,0,1,7,12,1,1,2,1,1,1,2,53,0,39,39,2017,0,0,12,14,,,,,1,1,29,1,0,,0,0,3,0,11,0,,,,,0,0,0,0,1,0,0,0,0,96,,,,,,9,,,,,,98028,53,67,155,0,0,0,1,0,0,,97,,,,,,3,06/15/2016,04/15/2018,8,0,0,0,8,9,2,,,0,0,0,1,9,2,695,605,,1,1,,2,1,0,,,,,,,,,,,,,,,,,,,,,,,,,,,,,,0,0,0,0,0,0,1,1,1,0,0,0,1,1,0,0,0,0,0,0,0,0,0,0,0,1,0,0,0,1,0,0,0,0,0,,0,0,0,0,0,0,1,1,0,1,0,1,0,0,1,0,,,,,,26-30,26-35,City street,U,Sunday,Belt Used,PV,Not Fatal,0,0,0,0,City Street,Municipal/City Police,Lynnwood Police Department,0,0,0,1,0,thc,2.6,carboxy-thc,16,,0,0,1,,,,,,,,,,,98,98,98,0,,,,,20,7,,,,,,,,,,,,,,,
2021,131,EB29420,348,05/02/2021,17:31,2,5,,33,King,1018,1,,1,1,1,1,0,2,1,,,,33,0,0,6.6,1,0,1,3,2,1,3,0,0,0,0,SR-522,,-122.2633361,47.75831667,0,1,1,13,2,40,6,0,0,1,2,43,1,1,2,2,1,2,2,53,0,12,24,2015,0,,63,33,43,41,,,1,1,33,1,7,,4,0,3,0,11,5,05/02/2021,18:56,1.96053E+11,21578,0,0,0,3,1,0,,,,96,,,,,,98,,,,,,98028,53,71,197,6,1,0,0,2,1,,0,,,,,,0,04/15/2021,03/15/2021,8,0,0,0,0,9,8,,,0,,,8,8,2,996,996,401,1,1,1,2,1,0,,,,,,,,,,,,,,,,,,,,,,,,,,,,,,0,0,1,0,0,0,1,1,0,0,0,0,0,0,0,0,0,0,0,0,0,0,0,0,0,0,0,0,0,1,0,0,0,0,0,,1,0,0,0,0,0,1,1,0,0,0,0,0,0,1,0,,,,,,31-35,26-35,State route,U,Sunday,Belt Used,PV,White,0,1,0,0,State Route,Municipal/City Police,Kenmore Police Dept,1,1,0,0,0,,,,,,0,0,1,1,,,,,417,,,,,98,98,98,1,,,,,20,,,,,,,,,1,0,,,,,,
2021,325,EB62668,7,08/20/2021,7:14,20,8,,33,King,1050,10,,1,1,1,1,0,3,2,,,,25,0,0,17.9,19,1,1,1,2,1,1,0,0,0,0,I-405,,-122.1848,47.67636389,0,1,6,8,1,60,4,0,0,1,2,25,1,1,7,3,1,1,1,53,0,37,31,2006,0,,64,25,69,12,63,39,1,1,51,2,7,,4,0,3,0,11,5,08/20/2021,9:01,1.96053E+11,41350,0,0,0,3,1,0,,,,96,,,,,,1,,,,,,98028,53,65,135,6,1,0,1,0,0,,0,,,,,,0,08/15/2017,08/15/2017,8,0,0,0,0,9,8,,,0,,,8,8,2,348,401,,1,1,,2,1,0,,,,,,,,,,,,,,,,,,,,,,,,,,,,,,0,0,1,0,0,0,1,1,0,0,0,0,0,0,0,0,0,0,0,0,0,0,0,0,0,0,0,0,0,1,0,0,0,0,0,,1,0,0,0,0,0,1,1,0,0,0,0,0,0,1,0,,,,,,51-55,46-55,Interstate,U,Friday,Belt Used,PV,White,0,1,0,0,State Route,State Patrol,Washington State Patrol,1,1,0,0,0,,,,,,0,0,0,,,,,,,,,,,98,98,98,1,,,,,20,,,,,,,,,1,0,,,,,,
2017,302,E700637,155,08/13/2017,1:07,13,8,0,33,King,980,10,0,3,2,2,1,0,1,1,,,,42,0,0,0,1,0,1,4,2,4,6,0,0,0,0,NW GILMAN BLVD,,-122.0464361,47.54299444,0,1,6,12,2,35,6,0,0,1,5,42,1,1,4,2,1,1,1,53,0,48,34,2003,0,0,64,42,,,,,1,1,25,1,7,1,4,7,99,0,11,0,08/13/2017,1:07,98053035477,35477,0,0,0,3,1,0,0,0,0,96,,,,,,99,,,,,,98029,53,70,160,6,1,0,0,0,0,0,0,,,,,,4,,,8,0,0,0,0,9,8,,,0,0,0,8,9,0,0,0,0,0,0,0,0,0,996,,,,,,,,,,,,,,,,,,,,,,,,,,,,,,0,0,1,0,0,0,0,0,0,0,0,0,1,0,0,0,0,0,0,0,0,0,0,1,1,0,0,0,0,1,0,0,0,0,0,,1,0,0,0,0,0,0,0,0,1,0,0,0,0,0,0,,,,,,21-25,16-25,City street,U,Sunday,Unknown,PV,White,0,1,0,0,City Street,Municipal/City Police,Issaquah Police Department,1,0,0,1,0,,,,,,,,,,,,,,,,,,,,,,,,,,,,,,,,,,,,,,,,,,,
2017,376,E708623,194,09/01/2017,6:45,1,9,0,33,King,1305,1,0,1,1,2,1,0,3,2,6:53,7:04,7:15,12,0,1,0,3,0,2,5,2,4,6,0,0,20,3,SE 24TH ST,W MERCER WAY,-122.2480889,47.58918333,0,1,20,50,3,25,4,0,0,1,2,12,1,2,2,1,1,2,2,53,0,42,42,2013,0,0,12,,,,,,1,1,20,1,0,0,1,0,3,0,11,8,,,,,0,0,0,3,1,91,0,0,0,96,,,,,,9,,,,,,98029,53,66,150,6,1,0,0,0,0,0,1,,,,,,4,,,1,0,0,0,8,9,8,,,0,0,0,8,1,2,1,0,0,1,0,0,2,1,0.094,,,,,,,,,,,,,,,,,,,,,,,,,,,,,,0,0,0,1,1,1,0,1,0,0,0,0,1,0,0,0,0,0,0,0,0,1,1,1,1,0,0,0,0,1,0,0,0,0,0,,0,0,0,0,0,1,0,1,0,1,0,0,0,1,0,1,,,,,,18-20,16-25,City street,U,Friday,Belt Used,PV,Not Fatal,1,0,0,0,City Street,Municipal/City Police,Mercer Island Police Department,0,0,0,1,0,,,,,,,,,,,,,,,,,,,,,,,,,,,,,,,,,,,,,,,,,,,