year,case,par,repjur,crash_dt,crash_tm,accday,accmon,holiday,county,co_char,city,weather,weather2,lightcond,surfcond,surftype,numfatal,nmforms,pforms,vforms,not_tm,arr_tm,hosp_tm,fhevent,hitrun,manncol,milepnt,reljunc,reljuncinter,intersectiontype,funcsystem,landuse,ownership,route,schlbus,spejur,contdev,devfunc,trafid1,trafid2,x,y,wk_zone,vnumber,crashtype,criticalevent,criticaleventcat,spdlim,body,trailer,emerg,hazcargo,leave,mhevent,roadalgn,roadprof,traflane,trafflow,vehmanvr,numoccs,regowner,regstate,spuse,make,model,modelyr,vrf1,vrf2,seqevent1,seqevent2,seqevent3,seqevent4,seqevent5,seqevent6,pnumber,ptype,age,sex,hispanic,race,injury,diedscene,restraint,restraintmisuse,seatpos,takehosp,death_dt,death_tm,cert,cernum_wa,commlic,licendor,licrestrict,liccomp,drivpres,drf1,drf2,drf3,drf4,distract1,distract2,distract3,distract4,distract5,distract6,dricond1,dricond2,dricond3,dricond4,dricond5,dricond6,dzip,licstate,drhgt_in,weight,noncdl,noncdltype,prevdwi,prevoth,prevacc,prevspd,prevsus,driviol1,driviol2,driviol3,driviol4,driviol5,driviol6,spdrel,first_dt,last_dt,airbag,ejection,ejectpath,extricat,injurwrk,methalc,methdrug,nmlocat,strikveh,prf1,prf2,prf3,druginv,alcinvol,drugsts,drugres1,drugres2,drugres3,drugtst1,drugtst2,drugtst3,alcsts,alctst,alcres,nmact1,nmact2,nmact3,nmact4,nmact5,nmact6,nmprior1,nmprior2,nmprior3,nmprior4,nmprior5,nmprior6,nmcond1,nmcond2,nmcond3,nmcond4,nmcond5,nmcond6,nmsafe_helmet,nmsafe_pads,nmsafe_oth,nmprev_ref,nmprev_lgt,nmprev_oth,crashlocation,nmcrashtype,crosswalk,schoolzone,sidewalk,train_inv,wildlife_inv,rotr_fars,intersect_fars,dd_inv,aid_inv,dpd_inv,id_inv,mj_inv,impnm_inv,ainm_inv,dpnm_inv,speed_inv,unlic_inv,unendmc_inv,drowsy_inv,drdist_inv,nmdist_inv,fty_inv,unrestfat_inv,dr1617_inv,dr1820_inv,dr1620_inv,dr2125_inv,dr1625_inv,dr65_inv,dr70_inv,dr75_inv,mc_inv,pv_inv,ht_inv,ped_inv,bike_inv,unrest_fat,mc_fat,unhelmet_mc,pv_fat,ht_fat,ped_fat,bike_fat,dr_alc7,dr_alc8,dr_drug,dr_imp,dr_dist,dr_spd,dr_fty,dr_unlic,dr_alc7only,dr_alc8only,dr_drugonly,dr_drink,nm_imp,nm_alc7,nm_alc8,nm_drug,nm_dist,agegrp1,agegrp2,roadclass,urbrur,dayweek,restuse,vehtype,race_me,intersect,lanedep,oppdir,wrongway,rep_typ,investag,repag_long,rotr,st_rd,cty_rd,city_rd,oth_rd,drug_thc,thc_res,drug_cthc,cthc_res,drug_cann,prevpersemin,prevperse,prevsusoth,drugtst4,drugtst5,drugtst6,drugtst7,drugtst8,drugres4,drugres5,drugres6,drugres7,drugres8,adspresent,adsengaged,adslevel,race1,race2,race3,race4,race5,helmet,helmetmisuse,nmdistract1,nmdistract2,nmdistract3,nmdistract4,nmdistract5,nmdistract6,lab,isedtcase,crf1,crf2,crf3,CoRoadName,CoMP,IntCoRoadName,IntCoMP
2017,381,E714634,155,09/22/2017,11:22,22,9,0,33,King,980,1,0,1,1,2,1,1,1,1,,,,9,0,0,0,2,0,2,3,2,4,6,0,0,3,3,SE 56TH ST,E LK SAMMANISH PKWY SE,-122.0437361,47.55193889,0,1,13,83,5,35,14,0,0,1,5,9,1,1,6,1,10,1,1,53,0,49,402,2013,0,0,9,,,,,,1,1,89,2,0,0,0,0,99,0,11,0,,,,,0,0,0,3,1,38,0,0,0,96,,,,,,0,,,,,,98029,53,66,120,6,1,0,0,0,0,0,97,,,,,,0,,,20,0,0,0,8,3,8,,,0,0,0,8,0,0,0,0,0,0,0,0,0,0,996,,,,,,,,,,,,,,,,,,,,,,,,,,,,,,0,0,0,1,0,0,0,0,0,0,0,0,0,0,0,0,0,0,1,0,0,0,0,0,0,1,1,1,0,1,0,0,1,0,0,,0,0,0,0,0,0,0,0,0,0,1,0,0,0,0,0,,,,,,81+,76+,City street,U,Friday,Unknown,PV,Not Fatal,1,0,0,0,City Street,Municipal/City Police,Issaquah Police Department,0,0,0,1,0,,,,,,,,,,,,,,,,,,,,,,,,,,,,,,,,,,,,,,,,,,,
2018,65,E777812,7,03/11/2018,3:12,11,3,0,33,King,1960,1,0,3,1,1,1,0,2,2,,,,25,0,0,0.7,1,0,1,1,2,1,1,0,0,0,0,I-90,,-122.3192917,47.59407222,0,2,98,54,3,60,6,0,0,1,7,12,1,1,2,3,1,1,1,53,0,37,32,1995,0,0,12,,,,,,1,1,25,1,7,1,4,7,20,0,11,0,03/11/2018,3:26,1.96053E+11,11659,0,0,0,3,1,0,0,0,0,96,,,,,,99,,,,,,98029,53,75,230,6,1,0,0,1,0,,0,,,,,,0,09/15/2013,09/15/2013,1,0,0,0,0,9,8,,,0,0,0,8,9,2,1,,,1,,,2,1,0.11,,,,,,,,,,,,,,,,,,,,,,,,,,,,,,0,0,1,0,1,1,0,1,0,0,0,0,0,0,0,0,0,0,0,1,0,1,1,1,1,0,0,0,0,1,0,0,0,1,0,,1,0,0,0,0,1,0,1,0,0,0,0,0,1,0,1,,,,,,21-25,16-25,Interstate,U,Sunday,Not Used,PV,White,0,1,0,0,State Route,State Patrol,Washington State Patrol Headquarter,1,1,0,0,0,,,,,,0,0,0,,,,,,,,,,,,,,,,,,,,,,,,,,,,,,,,,,,
2019,315,E922378,1,05/16/2019,14:47,16,5,,5,Benton,0,2,0,7,6,2,1,0,3,1,,,,35,0,0,86.5,1,0,1,1,1,1,1,0,0,0,0,I-82,,-119.6683333,46.22860278,0,1,6,6,1,70,14,0,0,1,7,1,4,2,2,3,14,3,1,53,0,12,402,2013,0,0,64,35,1,,,,1,1,74,2,0,,3,0,3,0,11,4,,,,,0,0,3,3,1,0,0,0,0,96,,,,,,0,,,,,,98029,53,63,180,6,1,0,0,0,0,,0,,,,,,4,,,8,0,0,0,8,9,8,,,0,0,0,8,0,8,95,,,96,,,8,95,995,,,,,,,,,,,,,,,,,,,,,,,,,,,,,,0,0,1,0,0,0,0,0,0,0,0,0,1,0,0,0,0,0,0,0,0,0,0,0,0,1,1,0,0,1,0,0,0,0,0,,0,0,0,0,0,0,0,0,0,1,0,0,0,0,0,0,,,,,,71-75,66-75,Interstate,R,Thursday,Belt Used,PV,Not Fatal,0,1,0,0,State Route,State Patrol,Washington State Patrol,1,1,0,0,0,,,,,,0,0,0,,,,,,,,,,,98,98,98,0,,,,,20,7,,,,,,,,,,,,,,,
2019,287,E951171,26,08/17/2019,16:43,17,8,,35,Kitsap,0,1,0,1,1,2,1,0,2,2,,,,12,0,2,1.4,2,0,3,5,1,2,4,0,0,0,0,CR-MILLER BAY RD NE,NE WOOD BAY LN,-122.5622028,47.75853333,0,1,50,10,2,45,15,0,0,1,7,12,1,2,2,1,1,1,1,53,0,49,422,2005,0,0,68,12,,,,,1,1,55,1,7,,4,7,20,7,11,0,08/17/2019,16:43,53037414,37414,0,0,0,3,1,28,0,0,0,96,,,,,,0,,,,,,98029,53,75,235,6,1,0,0,1,0,,0,,,,,,0,01/15/2018,01/15/2018,8,0,0,0,0,9,8,,,0,0,0,8,0,2,605,695,,1,1,,2,1,0,,,,,,,,,,,,,,,,,,,,,,,,,,,,,,0,0,0,1,0,0,1,1,1,0,0,0,0,0,0,0,0,0,0,1,0,0,0,0,0,0,0,0,0,1,1,0,0,1,0,,1,0,0,0,0,0,1,1,0,0,0,0,0,0,1,0,,,,,,51-55,46-55,County road,R,Saturday,Not Used,PV,White,0,1,1,0,County Road,County Sheriff,Kitsap County Sheriff's Office,0,0,1,0,0,thc,12,carboxy-thc,22,,0,0,0,,,,,,,,,,,98,98,98,1,,,,,20,7,,,,,,,,,,,,,,,
2017,19,E634659,7,01/13/2017,21:06,13,1,2,33,King,2310,1,0,3,1,1,1,0,4,2,,,,12,0,1,0.9,1,0,1,1,2,1,1,0,0,0,0,I-405,,-122.2493472,47.46273056,0,1,24,51,3,60,14,0,0,1,2,25,1,2,4,3,6,3,1,53,0,12,401,2000,0,0,12,64,25,,,,1,1,35,1,7,2,4,7,20,0,11,0,01/13/2017,21:06,2.31053E+11,3051,0,0,0,3,1,35,0,0,0,96,,,,,,9,,,,,,98030,53,73,190,6,1,0,0,0,2,1,0,,,,,,3,08/15/2012,11/15/2014,8,2,9,0,0,1,8,,,0,0,0,8,1,2,1,0,0,1,0,0,2,1,0.23,,,,,,,,,,,,,,,,,,,,,,,,,,,,,,0,0,0,0,1,1,0,1,0,0,0,0,1,0,0,0,0,0,0,1,0,0,0,0,0,0,0,0,0,1,0,0,0,1,0,,1,0,0,0,0,1,0,1,0,1,0,0,0,1,0,1,,,,,,31-35,26-35,Interstate,U,Friday,Not Used,PV,Black,0,0,0,0,State Route,State Patrol,Washington State Patrol,0,1,0,0,0,,,,,,,,,,,,,,,,,,,,,,,,,,,,,,,,,,,,,,,,,,,
2017,474,E735479,297,11/15/2017,2:19,15,11,0,33,King,2310,2,0,3,2,2,1,0,2,1,,,,25,0,0,0,19,1,1,3,2,4,6,0,0,3,3,INTERURBAN AVE SOUTH,SOUTHCENTER BLVD,-122.24615,47.46441667,0,1,98,10,2,35,3,0,0,1,2,50,1,1,6,3,1,2,2,53,0,36,38,2013,0,0,64,25,50,,,,1,1,22,1,7,78,4,7,3,0,11,0,11/15/2017,2:19,2.31053E+11,49914,0,0,0,3,1,0,0,0,0,96,,,,,,9,,,,,,98030,53,64,135,6,1,0,0,0,0,0,0,,,,,,3,,,8,0,0,1,0,9,8,,,0,0,0,8,1,2,1,0,0,1,0,0,2,1,0.24,,,,,,,,,,,,,,,,,,,,,,,,,,,,,,0,0,0,0,1,1,0,1,0,0,0,0,1,0,0,0,0,0,0,0,0,0,0,1,1,0,0,0,0,1,0,0,0,0,0,,1,0,0,0,0,1,0,1,0,1,0,0,0,1,0,1,,,,,,21-25,16-25,City street,U,Wednesday,Belt Used,PV,API,0,1,0,0,State Route,Municipal/City Police,Tukwila Police Department,1,1,0,0,0,,,,,,,,,,,,,,,,,,,,,,,,,,,,,,,,,,,,,,,,,,,
2017,492,E739087,55,11/23/2017,23:17,23,11,8,33,King,100,2,0,2,2,2,1,0,5,2,23:37,23:50,0:37,12,0,2,0,1,0,1,5,2,4,6,0,0,0,0,112TH AVE SE,,-122.1922889,47.34348056,0,1,50,10,2,35,4,0,0,1,2,12,1,2,2,1,1,3,2,53,0,55,33,2002,0,0,68,12,,,,,1,1,18,2,0,0,2,0,20,0,11,4,,,,,0,0,0,3,1,28,0,0,0,96,,,,,,0,,,,,,98030,53,66,190,6,1,0,0,0,0,0,69,,,,,,0,,,8,0,0,0,8,9,8,,,0,0,0,8,0,0,0,0,0,0,0,0,0,0,996,,,,,,,,,,,,,,,,,,,,,,,,,,,,,,0,0,0,0,0,0,0,0,0,0,0,0,0,0,0,0,0,0,0,0,0,1,1,0,1,0,0,0,0,1,0,0,0,0,0,,0,0,0,0,0,0,0,0,0,0,0,0,0,0,0,0,,,,,,18-20,16-25,City street,U,Thursday,Not Used,PV,Not Fatal,0,1,1,0,City Street,Municipal/City Police,Auburn Police Department,0,0,0,1,0,,,,,,,,,,,,,,,,,,,,,,,,,,,,,,,,,,,,,,,,,,,
2017,492,E739087,55,11/23/2017,23:17,23,11,8,33,King,100,2,0,2,2,2,1,0,5,2,23:37,23:50,0:37,12,0,2,0,1,0,1,5,2,4,6,0,0,0,0,112TH AVE SE,,-122.1922889,47.34348056,0,2,51,62,4,35,4,0,0,1,2,12,1,2,2,1,1,2,2,53,0,6,43,2010,0,0,12,,,,,,1,1,18,2,0,0,2,0,3,0,11,4,,,,,0,0,0,3,1,0,0,0,0,0,,,,,,0,,,,,,98030,53,66,245,6,1,0,0,0,0,0,0,,,,,,0,,,1,0,0,0,8,9,8,,,0,0,0,8,0,0,0,0,0,0,0,0,0,0,996,,,,,,,,,,,,,,,,,,,,,,,,,,,,,,0,0,0,0,0,0,0,0,0,0,0,0,0,0,0,0,0,0,0,0,0,1,1,0,1,0,0,0,0,1,0,0,0,0,0,,0,0,0,0,0,0,0,0,0,0,0,0,0,0,0,0,,,,,,18-20,16-25,City street,U,Thursday,Belt Used,PV,Not Fatal,0,1,1,0,City Street,Municipal/City Police,Auburn Police Department,0,0,0,1,0,,,,,,,,,,,,,,,,,,,,,,,,,,,,,,,,,,,,,,,,,,,
2017,456,E765189,7,10/13/2017,21:13,13,10,0,33,King,1960,1,0,3,1,1,1,0,4,2,21:18,21:46,22:00,12,0,6,161.5,1,0,1,1,2,1,1,0,0,0,0,I-5,,-122.3341861,47.54287222,0,1,98,54,3,60,4,0,0,1,2,12,1,1,5,3,12,2,2,53,0,37,31,1993,0,0,12,,,,,,1,1,36,2,7,2,4,0,20,0,11,5,10/13/2017,22:10,1.96053E+11,45719,0,0,3,2,1,48,0,0,0,96,,,,,,99,,,,,,98030,53,68,242,2,1,1,1,0,0,0,0,,,,,,0,08/15/2016,08/15/2016,8,0,0,0,0,9,8,,,0,0,0,8,9,2,401,417,0,1,1,0,2,1,0.12,,,,,,,,,,,,,,,,,,,,,,,,,,,,,,0,0,0,0,1,1,1,1,0,0,0,0,0,1,0,0,0,0,0,1,0,0,0,0,0,0,0,0,0,1,0,0,0,1,0,,1,0,0,0,0,1,1,1,0,0,0,1,0,0,0,1,,,,,,36-40,36-45,Interstate,U,Friday,Not Used,PV,Black,0,0,0,0,State Route,State Patrol,Washington State Patrol Headquarter,0,1,0,0,0,,,,,,,,,,,,,,,,,,,,,,,,,,,,,,,,,,,,,,,,,,,
2018,84,E782747,8,03/22/2018,4:59,22,3,0,35,Kitsap,0,2,0,3,2,2,1,1,1,1,,,,8,1,0,2.9,1,0,1,4,1,1,3,0,0,0,0,SR-160,,-122.5881861,47.50498333,0,1,13,50,3,45,4,0,0,1,5,8,1,2,2,1,1,1,1,53,0,20,2,2002,0,0,8,,,,,,1,1,33,1,0,0,0,0,99,0,11,0,,,,,0,0,3,3,1,0,0,0,0,96,,,,,,99,,,,,,98030,53,70,215,6,1,1,0,0,1,,7,,,,,,0,04/15/2013,12/15/2015,20,0,0,0,8,9,8,,,0,0,0,8,9,8,95,,,96,,,8,95,995,,,,,,,,,,,,,,,,,,,,,,,,,,,,,,0,0,0,0,0,0,0,0,0,0,0,0,0,0,0,0,0,0,0,0,0,0,0,0,0,0,0,0,0,1,0,1,0,0,0,,0,0,0,0,0,0,0,0,0,0,0,0,0,0,0,0,,,,,,31-35,26-35,State route,R,Thursday,Unknown,PV,Not Fatal,0,0,0,0,State Route,State Patrol,Washington State Patrol Headquarter,0,1,0,0,0,,,,,,0,1,0,,,,,,,,,,,,,,,,,,,,,,,,,,,,,,,,,,,
2018,285,E829957,248,08/19/2018,20:24,19,8,0,33,King,1830,5,0,5,1,2,1,0,3,2,,,,12,0,6,0,1,0,1,7,2,4,6,0,0,0,0,SE CARR RD,103RD AVE SE,-122.2053833,47.44236667,0,1,66,6,1,98,4,0,0,1,7,1,1,2,2,1,1,1,2,53,0,19,18,2004,0,0,68,68,64,69,68,12,1,1,33,1,2,98,4,7,99,0,11,0,08/19/2018,20:24,1.83053E+11,36914,0,0,3,2,1,28,0,0,0,96,,,,,,99,,,,,,98030,53,67,225,1,1,0,2,0,0,,0,,,,,,3,11/15/2016,04/15/2018,8,2,9,0,0,9,8,,,0,0,0,8,9,2,605,695,,1,1,,2,1,0.13,,,,,,,,,,,,,,,,,,,,,,,,,,,,,,0,0,0,0,1,1,1,1,1,0,0,0,1,1,0,0,0,0,0,0,0,0,0,0,0,0,0,0,0,1,0,0,0,0,0,,1,0,0,0,0,1,1,1,0,1,0,1,0,0,0,1,,,,,,31-35,26-35,City street,U,Sunday,Unknown,PV,Hispanic,0,1,1,0,City Street,Municipal/City Police,Renton Police Department,0,0,0,1,0,thc,79,carboxy-thc,190,,0,0,3,,,,,,,,,,,,,,,,,,,,,,,,,,,,,,,,,,,
2018,317,E832380,160,08/18/2018,18:12,18,8,0,33,King,1030,1,0,1,0,0,1,0,2,2,,,,12,0,6,0.2,2,0,3,3,2,1,3,0,0,0,0,SR-515,SE 253 PL,-122.2024,47.37491389,0,1,82,15,2,0,4,0,0,1,5,12,0,0,0,0,11,1,1,53,0,35,43,2017,0,0,12,,,,,,1,1,46,1,0,0,0,0,3,0,11,0,,,,,0,0,0,3,1,38,0,0,0,96,,,,,,0,,,,,,98030,53,65,180,6,1,0,0,0,0,,97,,,,,,0,,,2,0,0,0,8,9,8,,,0,0,0,8,0,8,95,,,96,,,8,95,995,,,,,,,,,,,,,,,,,,,,,,,,,,,,,,0,0,0,1,0,0,0,0,0,0,0,0,1,1,1,0,0,0,1,0,0,0,0,1,1,0,0,0,1,1,0,0,0,0,0,,0,0,0,0,0,0,0,0,0,0,1,0,0,0,0,0,,,,,,46-50,46-55,State route,U,Saturday,Belt Used,PV,Not Fatal,1,0,0,0,State Route,Municipal/City Police,Kent Police Department,0,1,0,0,0,,,,,,0,0,0,,,,,,,,,,,,,,,,,,,,,,,,,,,,,,,,,,,
2018,317,E832380,160,08/18/2018,18:12,18,8,0,33,King,1030,1,0,1,1,2,1,0,2,2,,,,12,0,6,0.2,2,0,3,3,2,1,3,0,0,0,0,SR-515,SE 253 PL,-122.2024,47.37491389,0,2,83,67,4,35,80,0,0,1,5,12,1,1,5,5,1,1,2,53,0,53,706,2006,0,0,12,,,,,,1,1,25,1,7,1,4,7,19,0,11,0,08/18/2018,18:12,1.03053E+11,36409,0,0,0,2,1,0,0,0,0,96,,,,,,99,,,,,,98030,53,65,135,1,1,0,3,2,3,,0,,,,,,4,03/15/2014,08/15/2017,20,8,0,0,0,9,8,,,0,0,0,8,9,2,1,,,1,,,2,1,0,,,,,,,,,,,,,,,,,,,,,,,,,,,,,,0,0,0,1,0,0,0,0,0,0,0,0,1,1,1,0,0,0,1,0,0,0,0,1,1,0,0,0,1,1,0,0,0,0,1,0,0,0,0,0,0,0,0,0,0,1,0,1,0,0,0,0,,,,,,21-25,16-25,State route,U,Saturday,,MC,White,1,0,0,0,State Route,Municipal/City Police,Kent Police Department,0,1,0,0,0,,,,,,0,0,8,,,,,,,,,,,,,,,,,,,,,,,,,,,,,,,,,,,
2018,307,E832464,7,07/22/2018,1:55,22,7,0,33,King,1030,1,0,3,1,2,1,1,6,4,,,,8,0,0,3.5,1,0,1,3,2,1,3,0,0,3,3,SR-516,,-122.270425,47.37678056,0,4,98,60,4,50,4,0,0,1,7,12,1,2,7,1,5,1,1,53,0,19,3,2002,0,0,12,,,,,,1,1,56,1,0,0,1,0,3,0,11,8,,,,,0,0,3,3,1,0,0,0,0,96,,,,,,0,,,,,,98030,53,73,255,6,1,0,0,2,1,,0,,,,,,0,07/15/2015,11/15/2017,20,0,0,0,8,9,8,,,0,0,0,8,9,8,95,,,96,,,8,95,995,,,,,,,,,,,,,,,,,,,,,,,,,,,,,,0,0,0,0,0,0,0,0,0,0,0,0,0,0,0,0,0,0,0,0,0,0,0,0,0,0,0,0,0,1,0,1,0,0,0,,0,0,0,0,0,0,0,0,0,0,0,0,0,0,0,0,,,,,,56-60,56-65,State route,U,Sunday,Belt Used,PV,Not Fatal,1,0,0,0,State Route,State Patrol,Washington State Patrol Headquarter,0,1,0,0,0,,,,,,0,0,1,,,,,,,,,,,,,,,,,,,,,,,,,,,,,,,,,,,
2018,355,E845488,25,10/03/2018,4:26,3,10,0,33,King,1958,5,0,3,1,1,1,1,1,1,,,,8,0,0,15.5,2,0,3,3,2,1,3,0,0,3,3,SR-99,S 176TH ST,-122.2963917,47.44525556,0,1,13,80,5,40,15,0,0,1,5,8,1,1,6,1,1,1,1,53,0,23,422,2010,0,0,8,,,,,,1,1,74,1,0,0,0,0,3,0,11,0,,,,,0,0,0,3,1,0,0,0,0,96,,,,,,0,,,,,,98030,53,67,185,6,1,0,0,0,3,,0,,,,,,0,04/15/2016,03/15/2017,20,0,0,0,8,9,8,,,0,0,0,8,0,0,0,,,0,,,0,0,996,,,,,,,,,,,,,,,,,,,,,,,,,,,,,,0,0,0,1,0,0,0,0,0,1,0,1,0,0,0,0,0,1,0,0,0,0,0,0,0,1,1,0,0,1,0,1,0,0,0,,0,0,0,0,0,0,0,0,0,0,0,0,0,0,0,0,,,,,,71-75,66-75,State route,U,Wednesday,Belt Used,PV,Not Fatal,1,0,0,0,State Route,County Sheriff,King County Police,0,1,0,0,0,,,,,,0,0,0,,,,,,,,,,,,,,,,,,,,,,,,,,,,,,,,,,,
2018,391,E855382,160,10/27/2018,22:36,27,10,0,33,King,1030,2,0,3,2,2,1,0,1,1,,,,30,0,0,2.6,1,0,1,3,2,1,3,0,0,0,0,SR-181,,-122.24945,47.41538056,0,1,1,6,1,50,2,0,0,1,7,30,1,1,7,5,1,1,2,53,0,37,31,2003,0,0,63,30,42,,,,1,1,17,2,7,7,4,0,3,0,11,4,10/29/2018,16:40,1.96053E+11,48806,0,0,3,3,1,0,0,0,0,96,,,,,,99,,,,,,98030,53,62,100,6,2,0,0,0,0,,0,,,,,,4,,,1,0,0,0,0,9,8,,,0,0,0,8,9,2,1,,,1,,,2,1,0,,,,,,,,,,,,,,,,,,,,,,,,,,,,,,0,0,1,0,0,0,0,0,0,0,0,0,1,0,0,0,0,0,0,0,1,0,1,0,1,0,0,0,0,1,0,0,0,0,0,,1,0,0,0,0,0,0,0,0,1,0,0,0,0,0,0,,,,,,16-17,16-25,State route,U,Saturday,Belt Used,PV,API,0,1,0,0,State Route,Municipal/City Police,Kent Police Department,1,1,0,0,0,,,,,,0,0,0,,,,,,,,,,,,,,,,,,,,,,,,,,,,,,,,,,,
2018,475,E876580,160,12/23/2018,15:46,23,12,9,33,King,1030,2,0,1,2,1,1,0,1,1,,,,42,0,0,0,1,0,1,7,2,4,6,0,0,0,0,REITEN RD,E GUIBERSON ST,-122.2181333,47.37832222,0,1,1,13,2,98,6,0,0,1,7,42,3,2,2,1,14,1,1,53,0,48,34,2001,0,0,63,42,,,,,1,1,64,1,7,1,4,7,20,0,11,0,12/23/2018,15:46,1.03053E+11,57501,0,0,0,3,1,0,0,0,0,96,,,,,,99,,,,,,98030,53,67,170,6,1,0,0,0,3,,0,,,,,,4,12/15/2014,02/15/2016,20,0,0,0,0,9,8,,,0,0,0,8,1,2,189,188,,1,1,,2,1,0,,,,,,,,,,,,,,,,,,,,,,,,,,,,,,0,0,1,0,1,0,1,1,0,0,0,0,1,0,0,0,0,0,0,1,0,0,0,0,0,0,0,0,0,1,0,0,0,1,0,,1,0,0,0,0,0,1,1,0,1,0,0,0,0,1,1,,,,,,61-65,56-65,City street,U,Sunday,Not Used,PV,White,0,1,0,0,City Street,Municipal/City Police,Kent Police Department,1,0,0,1,0,,,,,,0,0,0,,,,,,,,,,,,,,,,,,,,,,,,,,,,,,,,,,,
2019,211,E936436,25,06/28/2019,20:52,28,6,,33,King,1030,1,0,1,1,2,1,0,2,2,,,,1,0,0,0,3,0,3,7,2,4,6,0,0,0,0,SE 256TH ST,137TH AVE SE,-122.1583333,47.37242778,0,2,98,62,4,35,15,0,0,1,7,12,1,3,2,1,12,1,3,53,5,20,421,2012,0,0,12,,,,,,1,1,31,1,0,,0,0,3,0,11,0,,,,,0,0,0,3,1,16,0,0,0,96,,,,,,0,,,,,,98030,53,67,190,6,1,0,0,1,0,,0,,,,,,0,05/15/2016,05/15/2016,20,0,0,0,8,9,8,,,0,0,0,8,0,8,95,,,96,,,8,95,995,,,,,,,,,,,,,,,,,,,,,,,,,,,,,,0,0,0,1,1,1,1,1,1,0,0,0,1,1,1,0,0,0,0,0,0,1,1,0,1,0,0,0,1,1,0,0,0,0,0,,0,0,0,0,0,0,0,0,0,0,0,0,0,0,0,0,,,,,,31-35,26-35,City street,U,Friday,Belt Used,PV,Not Fatal,0,0,0,0,City Street,County Sheriff,King County Police,0,0,0,1,0,,,,,,0,0,0,,,,,,,,,,,98,98,98,0,,,,,20,7,,,,,,,,,,,,,,,
2019,217,E938426,160,06/30/2019,22:09,30,6,,33,King,1030,10,0,3,1,2,1,0,10,4,,,,12,0,7,6.6,1,0,1,3,2,1,3,0,0,0,0,SR-516,,-122.2188556,47.38076111,0,2,45,61,4,40,14,0,0,1,5,12,1,2,2,2,1,3,1,53,0,37,402,2009,0,0,12,,,,,,1,1,42,2,0,,0,0,3,0,11,0,,,,,0,0,0,3,1,0,0,0,0,96,,,,,,0,,,,,,98030,53,63,130,6,1,0,0,0,0,,0,,,,,,0,,,20,0,0,0,8,9,8,,,0,0,0,8,0,8,95,,,96,,,8,95,995,,,,,,,,,,,,,,,,,,,,,,,,,,,,,,0,0,0,0,0,0,0,0,0,0,0,0,0,1,0,0,0,0,0,0,1,0,1,1,1,0,0,0,0,1,0,0,0,0,0,,0,0,0,0,0,0,0,0,0,0,0,0,0,0,0,0,,,,,,41-45,36-45,State route,U,Sunday,Belt Used,PV,Not Fatal,0,0,0,0,State Route,Municipal/City Police,Kent Police Department,0,1,0,0,0,,,,,,0,0,0,,,,,,,,,,,98,98,98,0,,,,,20,7,,,,,,,,,,,,,,,
2019,217,E938426,160,06/30/2019,22:09,30,6,,33,King,1030,10,0,3,1,2,1,0,10,4,,,,12,0,7,6.6,1,0,1,3,2,1,3,0,0,0,0,SR-516,,-122.2188556,47.38076111,0,3,98,62,4,40,4,0,0,1,5,12,1,2,2,2,1,2,2,53,0,41,35,2002,0,0,12,65,12,,,,1,1,39,1,0,,2,0,99,7,11,8,,,,,0,0,0,3,1,0,0,0,0,96,,,,,,0,,,,,,98030,53,63,130,6,1,0,0,0,0,,0,,,,,,0,,,8,0,0,0,8,9,8,,,0,0,0,8,9,8,95,,,96,,,8,95,995,,,,,,,,,,,,,,,,,,,,,,,,,,,,,,0,0,0,0,0,0,0,0,0,0,0,0,0,1,0,0,0,0,0,0,1,0,1,1,1,0,0,0,0,1,0,0,0,0,0,,0,0,0,0,0,0,0,0,0,0,0,0,0,0,0,0,,,,,,36-40,36-45,State route,U,Sunday,Unknown,PV,Not Fatal,0,0,0,0,State Route,Municipal/City Police,Kent Police Department,0,1,0,0,0,,,,,,0,0,0,,,,,,,,,,,98,98,98,0,,,,,20,7,,,,,,,,,,,,,,,
2019,470,EA00402,55,12/31/2019,18:42,31,12,,33,King,100,2,0,3,2,2,1,0,1,1,,,,33,0,0,0,3,0,2,7,2,4,6,0,0,0,0,AUBURN WAY N,D ST NE,-122.2253639,47.34966944,0,1,2,8,1,35,4,0,0,1,7,33,1,1,5,1,1,1,1,53,0,9,20,2000,0,0,63,33,1,,,,1,1,72,1,7,,4,7,20,7,11,0,12/31/2019,18:42,10053058252,58252,0,0,0,3,1,58,0,0,0,92,,,,,,1,,,,,,98030,53,69,260,6,1,0,0,1,0,,0,,,,,,0,02/15/2017,02/15/2017,20,0,0,0,0,9,8,,,0,0,0,8,8,2,1,,,1,,,2,1,0,,,,,,,,,,,,,,,,,,,,,,,,,,,,,,0,0,0,1,0,0,0,0,0,0,0,0,0,0,0,0,1,0,0,1,0,0,0,0,0,1,1,0,0,1,0,0,0,1,0,,1,0,0,0,0,0,0,0,1,0,0,0,0,0,0,0,,,,,,71-75,66-75,City street,U,Tuesday,Not Used,PV,Black,0,1,0,0,City Street,Municipal/City Police,Auburn Police Department,1,0,0,1,0,,,,,,0,0,0,,,,,,,,,,,98,98,98,2,,,,,20,7,,,,,,,,,,,,,,,