year,case,par,repjur,crash_dt,crash_tm,accday,accmon,holiday,county,co_char,city,weather,weather2,lightcond,surfcond,surftype,numfatal,nmforms,pforms,vforms,not_tm,arr_tm,hosp_tm,fhevent,hitrun,manncol,milepnt,reljunc,reljuncinter,intersectiontype,funcsystem,landuse,ownership,route,schlbus,spejur,contdev,devfunc,trafid1,trafid2,x,y,wk_zone,vnumber,crashtype,criticalevent,criticaleventcat,spdlim,body,trailer,emerg,hazcargo,leave,mhevent,roadalgn,roadprof,traflane,trafflow,vehmanvr,numoccs,regowner,regstate,spuse,make,model,modelyr,vrf1,vrf2,seqevent1,seqevent2,seqevent3,seqevent4,seqevent5,seqevent6,pnumber,ptype,age,sex,hispanic,race,injury,diedscene,restraint,restraintmisuse,seatpos,takehosp,death_dt,death_tm,cert,cernum_wa,commlic,licendor,licrestrict,liccomp,drivpres,drf1,drf2,drf3,drf4,distract1,distract2,distract3,distract4,distract5,distract6,dricond1,dricond2,dricond3,dricond4,dricond5,dricond6,dzip,licstate,drhgt_in,weight,noncdl,noncdltype,prevdwi,prevoth,prevacc,prevspd,prevsus,driviol1,driviol2,driviol3,driviol4,driviol5,driviol6,spdrel,first_dt,last_dt,airbag,ejection,ejectpath,extricat,injurwrk,methalc,methdrug,nmlocat,strikveh,prf1,prf2,prf3,druginv,alcinvol,drugsts,drugres1,drugres2,drugres3,drugtst1,drugtst2,drugtst3,alcsts,alctst,alcres,nmact1,nmact2,nmact3,nmact4,nmact5,nmact6,nmprior1,nmprior2,nmprior3,nmprior4,nmprior5,nmprior6,nmcond1,nmcond2,nmcond3,nmcond4,nmcond5,nmcond6,nmsafe_helmet,nmsafe_pads,nmsafe_oth,nmprev_ref,nmprev_lgt,nmprev_oth,crashlocation,nmcrashtype,crosswalk,schoolzone,sidewalk,train_inv,wildlife_inv,rotr_fars,intersect_fars,dd_inv,aid_inv,dpd_inv,id_inv,mj_inv,impnm_inv,ainm_inv,dpnm_inv,speed_inv,unlic_inv,unendmc_inv,drowsy_inv,drdist_inv,nmdist_inv,fty_inv,unrestfat_inv,dr1617_inv,dr1820_inv,dr1620_inv,dr2125_inv,dr1625_inv,dr65_inv,dr70_inv,dr75_inv,mc_inv,pv_inv,ht_inv,ped_inv,bike_inv,unrest_fat,mc_fat,unhelmet_mc,pv_fat,ht_fat,ped_fat,bike_fat,dr_alc7,dr_alc8,dr_drug,dr_imp,dr_dist,dr_spd,dr_fty,dr_unlic,dr_alc7only,dr_alc8only,dr_drugonly,dr_drink,nm_imp,nm_alc7,nm_alc8,nm_drug,nm_dist,agegrp1,agegrp2,roadclass,urbrur,dayweek,restuse,vehtype,race_me,intersect,lanedep,oppdir,wrongway,rep_typ,investag,repag_long,rotr,st_rd,cty_rd,city_rd,oth_rd,drug_thc,thc_res,drug_cthc,cthc_res,drug_cann,prevpersemin,prevperse,prevsusoth,drugtst4,drugtst5,drugtst6,drugtst7,drugtst8,drugres4,drugres5,drugres6,drugres7,drugres8,adspresent,adsengaged,adslevel,race1,race2,race3,race4,race5,helmet,helmetmisuse,nmdistract1,nmdistract2,nmdistract3,nmdistract4,nmdistract5,nmdistract6,lab,isedtcase,crf1,crf2,crf3,CoRoadName,CoMP,IntCoRoadName,IntCoMP
2020,526,EA16333,127,02/03/2020,9:26,3,2,,33,King,735,1,,1,2,2,1,0,4,4,9:40,9:44,10:02,12,0,11,2.8,1,0,1,3,2,1,3,0,0,0,0,SR-99,,-122.3332,47.26825,0,2,32,53,3,50,66,0,0,1,2,12,1,2,4,1,5,1,3,53,0,51,881,2012,0,,12,,,,,,1,1,59,1,0,,0,0,2,0,11,0,,,,,6,0,0,3,1,0,,,,96,,,,,,0,,,,,,98030,53,72,200,6,1,0,0,0,0,,0,,,,,,0,,,20,0,0,0,8,9,8,,,0,,,8,8,8,95,,,96,,,8,95,995,,,,,,,,,,,,,,,,,,,,,,,,,,,,,,0,0,0,0,0,0,1,1,0,0,0,0,0,0,0,0,0,0,0,0,0,0,0,0,0,0,0,0,0,1,1,0,0,0,0,,0,0,0,0,0,0,0,0,0,0,0,0,0,0,0,0,,,,,,56-60,56-65,State route,U,Monday,,MHTRUCK,Not Fatal,0,0,0,0,State Route,Municipal/City Police,Federal Way Dept of Public Safety,0,1,0,0,0,,,,,,0,0,0,,,,,,,,,,,98,98,98,0,,,,,20,7,,,,,,,,0,0,,,,,,
2020,268,EA53023,25,08/04/2020,19:09,4,8,,33,King,0,1,,1,1,2,1,0,8,3,19:14,19:19,20:39,12,0,2,7.1,1,0,1,5,2,2,4,0,0,0,0,CR-KENT BLACK DIAMOND R,,-122.1245639,47.33681667,0,3,98,62,4,40,34,0,0,1,2,12,1,2,2,1,1,4,1,53,0,49,472,2015,0,,12,,,,,,1,1,32,1,0,,2,0,3,0,11,5,,,,,0,0,0,3,1,0,,,,96,,,,,,0,,,,,,98030,53,70,190,6,1,0,0,0,0,,0,,,,,,0,,,8,0,0,0,8,9,8,,,0,,,8,8,8,95,,,96,,,8,95,995,,,,,,,,,,,,,,,,,,,,,,,,,,,,,,0,0,0,0,1,0,1,1,0,0,0,0,0,1,0,0,0,0,0,0,0,1,1,0,1,0,0,0,0,1,0,0,0,0,0,,0,0,0,0,0,0,0,0,0,0,0,0,0,0,0,0,,,,,,31-35,26-35,County road,U,Tuesday,Belt Used,PV,Not Fatal,0,1,1,0,County Road,County Sheriff,King County Police,0,0,1,0,0,,,,,,0,0,0,,,,,,,,,,,98,98,98,0,,,,,20,7,,,,,,,,1,0,,,AUBURN-BLACK DIAMOND RD,7.123,,
2020,566,EA87870,248,12/09/2020,5:10,9,12,,33,King,1830,1,,3,2,2,1,0,3,2,5:33,5:40,6:11,12,0,2,0,1,0,1,4,2,4,6,0,0,0,0,MONSTER RD SW,,-122.2463583,47.47468611,0,2,51,62,4,35,20,0,0,1,2,12,2,2,1,2,14,1,3,53,0,20,441,2000,0,,12,,,,,,1,1,56,1,0,,3,0,3,0,11,5,,,,,0,0,0,3,1,0,,,,96,,,,,,98,,,,,,98030,53,64,140,6,1,0,0,0,2,,0,,,,,,0,09/15/2017,02/15/2020,20,0,0,1,8,9,8,,,0,,,8,8,0,0,,,0,,,0,0,996,,,,,,,,,,,,,,,,,,,,,,,,,,,,,,0,0,0,0,0,0,0,0,0,0,0,0,0,0,0,0,1,0,0,0,0,1,1,0,1,0,0,0,0,1,0,0,0,0,0,,0,0,0,0,0,0,0,0,0,0,0,0,0,0,0,0,,,,,,56-60,56-65,City street,U,Wednesday,Belt Used,PV,Not Fatal,0,1,1,0,City Street,Municipal/City Police,Renton Police Department,0,0,0,1,0,,,,,,0,0,0,,,,,,,,,,,98,98,98,0,,,,,20,7,,,,,,,,1,0,,,,,,
2021,57,EB11954,290,03/06/2021,20:23,6,3,,53,Pierce,2230,1,,3,1,2,1,1,2,2,,,,8,0,0,0,2,0,2,4,2,4,6,0,0,0,0,S 84TH ST,S Alaska St,-122.4580194,47.18105,0,2,13,80,5,30,34,0,0,1,5,12,1,2,4,1,1,2,2,53,0,12,481,2013,0,,8,12,,,,,1,1,47,1,0,,0,0,3,0,11,0,,,,,0,0,0,3,1,0,,,,96,,,,,,98,,,,,,98030,53,69,245,6,1,0,1,1,0,,0,,,,,,0,03/15/2017,03/15/2017,1,0,0,0,8,9,8,,,0,,,8,8,2,695,605,,1,1,,2,1,0,,,,,,,,,,,,,,,,,,,,,,,,,,,,,,0,0,0,1,0,0,1,1,1,1,1,0,0,0,0,0,0,0,0,0,0,0,0,0,0,0,0,0,1,1,0,1,0,0,0,,0,0,0,0,0,0,1,1,0,0,0,0,0,0,1,0,,,,,,46-50,46-55,City street,U,Saturday,Belt Used,PV,Not Fatal,1,0,0,0,City Street,Municipal/City Police,Tacoma Police Department,0,0,0,1,0,,,,,,0,0,0,,,,,,,,,,,98,98,98,0,,,,,20,,,,,,,,,1,0,,,,,,
2021,167,EB37833,160,06/08/2021,14:18,8,6,,33,King,1030,1,,1,1,2,1,1,1,1,,,,15,0,0,0.2,2,0,2,3,2,1,3,0,0,3,3,SR-181,WASHINGTON AVE N,-122.2473611,47.38134722,0,1,13,83,5,30,66,1,0,1,5,15,1,1,5,3,10,1,3,53,0,84,881,2000,0,,15,,,,,,1,1,72,1,0,,0,0,3,0,11,0,,,,,6,1,3,3,1,10,,,,0,,,,,,98,,,,,,98030,53,64,161,6,1,0,0,2,0,,0,,,,,,0,11/15/2017,05/15/2018,20,0,0,0,8,9,8,,,0,,,8,8,2,695,605,,1,1,,2,1,0,,,,,,,,,,,,,,,,,,,,,,,,,,,,,,0,0,0,1,0,0,1,1,1,1,0,1,0,0,0,0,0,0,0,0,0,0,0,0,0,1,1,0,0,0,1,1,0,0,0,,0,0,0,0,0,0,1,1,0,0,0,0,0,0,1,0,,,,,,71-75,66-75,State route,U,Tuesday,,MHTRUCK,Not Fatal,1,0,0,0,State Route,Municipal/City Police,Kent Police Department,0,1,0,0,0,thc,1.1,carboxy-thc,7,,1,0,0,,,,,,,,,,,98,98,98,0,,,,,20,,,,,,,,nms,1,0,,,,,,
2017,56,3398254,160,02/11/2017,19:56,11,2,0,33,King,1030,1,0,3,1,2,1,0,4,2,,,,12,0,6,10.6,2,0,2,3,2,1,3,0,0,1,3,SR-99,S 252ND ST,-122.3000028,47.37581944,0,2,68,15,2,45,4,0,0,1,8,12,1,1,7,1,11,3,2,53,0,20,2,2006,0,0,12,,,,,,1,1,39,1,0,0,9,0,98,0,11,9,,,,,0,0,0,3,1,0,0,0,0,0,,,,,,99,,,,,,98031,53,65,180,6,1,0,0,0,0,0,0,,,,,,0,,,98,7,0,0,8,9,8,,,0,0,0,9,9,9,999,0,0,9,0,0,9,99,999,,,,,,,,,,,,,,,,,,,,,,,,,,,,,,0,0,0,1,0,0,0,0,0,0,0,0,0,0,0,0,1,0,0,0,0,0,0,0,0,0,0,0,0,1,0,0,0,0,0,,0,0,0,0,0,0,0,0,0,0,0,0,0,0,0,0,,,,,,36-40,36-45,State route,U,Saturday,Unknown,PV,Not Fatal,1,0,0,0,State Route,Municipal/City Police,Kent Police Department,0,1,0,0,0,,,,,,,,,,,,,,,,,,,,,,,,,,,,,,,,,,,,,,,,,,,
2017,97,E656985,7,03/17/2017,23:16,17,3,0,33,King,1958,2,0,2,2,2,1,0,10,3,,,,12,0,7,150.1,1,0,1,1,2,1,1,0,0,0,0,I-5,,-122.2916222,47.39523611,0,1,46,11,2,60,4,0,0,1,2,1,4,2,5,3,15,4,2,53,0,18,3,2002,0,0,12,64,24,1,73,54,1,1,27,1,0,0,1,0,99,0,11,8,,,,,0,0,0,0,1,0,0,0,0,92,,,,,,99,,,,,,98031,53,69,185,0,0,0,0,0,0,0,97,,,,,,0,,,99,0,0,0,8,9,8,,,0,0,0,8,1,2,605,0,0,1,0,0,2,1,0.06,,,,,,,,,,,,,,,,,,,,,,,,,,,,,,0,0,0,0,1,0,1,1,1,0,0,0,0,1,0,0,1,0,0,0,0,1,1,0,1,0,0,0,0,1,0,0,0,0,0,,0,0,0,0,1,0,1,1,1,0,0,1,0,0,0,1,,,,,,26-30,26-35,Interstate,U,Friday,Unknown,PV,Not Fatal,0,0,0,0,State Route,State Patrol,Washington State Patrol Headquarter,0,1,0,0,0,thc,1.1,carboxy-thc,8.8,,,,,,,,,,,,,,,,,,,,,,,,,,,,,,,,,,,,,,,
2017,155,E680840,7,05/15/2017,18:59,15,5,0,33,King,1640,1,0,1,2,2,1,0,4,4,,,,12,0,1,0.3,20,0,1,3,2,1,3,0,0,0,0,SR-167 RAMP R101262,,-122.2598056,47.27323889,0,3,98,98,7,98,2,0,0,1,2,12,1,2,1,6,2,1,2,53,0,30,398,1998,0,0,12,,,,,,1,1,26,2,0,0,1,0,3,0,11,0,,,,,0,0,0,2,1,0,0,0,0,0,,,,,,0,,,,,,98031,53,62,130,1,1,0,0,0,0,2,0,,,,,,0,10/15/2015,05/15/2016,20,0,0,0,8,9,8,,,0,0,0,8,0,0,0,0,0,0,0,0,0,0,996,,,,,,,,,,,,,,,,,,,,,,,,,,,,,,0,0,0,0,0,0,1,1,1,0,0,0,1,1,0,0,1,0,0,0,0,0,0,0,0,0,0,0,0,1,1,0,0,0,0,,0,0,0,0,0,0,0,0,0,0,0,1,0,0,0,0,,,,,,26-30,26-35,State route,U,Monday,Belt Used,PV,Not Fatal,1,0,0,0,State Route,State Patrol,Washington State Patrol Headquarter,0,1,0,0,0,,,,,,,,,,,,,,,,,,,,,,,,,,,,,,,,,,,,,,,,,,,
2017,328,E705434,3,08/27/2017,3:49,27,8,0,67,Thurston,0,1,0,2,1,2,1,0,10,7,,,,12,0,1,93.8,1,0,1,1,1,1,1,0,0,0,0,I-5,,-122.9669722,46.87550833,0,1,20,50,3,60,66,1,0,1,2,12,1,1,3,3,1,1,3,53,0,51,881,2013,0,0,12,12,12,12,12,64,1,1,34,1,0,0,0,0,3,0,11,0,,,,,0,0,3,2,1,0,0,0,0,92,,,,,,0,,,,,,98031,53,73,175,1,1,0,1,2,1,1,97,,,,,,0,08/15/2012,06/15/2016,8,0,0,0,8,9,2,,,0,0,0,0,0,0,0,0,0,0,0,0,0,0,996,,,,,,,,,,,,,,,,,,,,,,,,,,,,,,0,0,0,0,0,0,0,0,0,0,0,0,0,1,0,0,1,0,0,0,0,0,0,0,0,1,0,0,0,1,1,0,0,0,0,,0,0,0,0,0,0,0,0,1,0,0,1,0,0,0,0,,,,,,31-35,26-35,Interstate,R,Sunday,,MHTRUCK,Not Fatal,0,0,0,0,State Route,State Patrol,Washington State Patrol Headquarter,0,1,0,0,0,,,,,,,,,,,,,,,,,,,,,,,,,,,,,,,,,,,,,,,,,,,
2018,29,E764929,290,01/27/2018,14:52,27,1,0,53,Pierce,2230,2,0,1,2,2,1,0,4,3,15:03,15:03,15:28,12,0,98,0.4,1,0,1,3,2,1,3,0,3,0,0,SR-167,,-122.3985194,47.23922778,0,1,66,10,2,35,3,0,0,1,7,12,3,2,2,2,14,1,1,53,0,54,38,2002,0,0,64,12,12,,,,1,1,23,2,1,68,4,7,3,0,11,0,01/27/2018,14:52,2.23053E+11,4649,0,0,3,3,1,0,0,0,0,92,,,,,,0,,,,,,98031,53,62,140,6,1,0,0,0,0,,0,,,,,,0,,,20,0,0,0,0,9,8,,,0,0,0,8,0,2,167,,,1,,,2,1,0,,,,,,,,,,,,,,,,,,,,,,,,,,,,,,0,0,0,0,0,0,1,1,0,0,0,0,0,0,0,0,1,0,0,0,0,0,0,1,1,0,0,0,0,1,0,0,0,0,0,,1,0,0,0,0,0,1,1,1,0,0,0,0,0,1,0,,,,,,21-25,16-25,State route,U,Saturday,Belt Used,PV,Hispanic,0,1,1,0,State Route,Municipal/City Police,Tacoma Police Department,0,1,0,0,0,,,,,,0,0,0,,,,,,,,,,,,,,,,,,,,,,,,,,,,,,,,,,,
2018,88,E782976,25,03/24/2018,17:56,24,3,0,33,King,0,1,0,1,1,2,1,0,3,2,,,,12,0,6,1,2,0,4,4,2,2,4,0,0,20,3,CR-RENTON AVE S,S 128TH ST,-122.2350333,47.48828611,0,1,82,15,2,35,4,0,0,1,5,12,1,2,2,1,11,2,1,53,0,7,41,1997,0,0,12,,,,,,1,1,63,2,0,0,0,0,3,0,11,0,,,,,0,0,3,3,1,38,0,0,0,96,,,,,,0,,,,,,98031,53,63,140,6,1,0,0,0,0,,97,,,,,,0,,,20,0,0,0,8,9,2,,,0,0,0,0,0,8,95,,,96,,,8,95,995,,,,,,,,,,,,,,,,,,,,,,,,,,,,,,0,0,0,1,0,0,0,0,0,0,0,0,0,0,1,0,0,0,1,0,0,0,0,1,1,0,0,0,1,1,0,0,0,0,0,,0,0,0,0,0,0,0,0,0,0,1,0,0,0,0,0,,,,,,61-65,56-65,County road,U,Saturday,Belt Used,PV,Not Fatal,1,0,0,0,County Road,County Sheriff,King County Police,0,0,1,0,0,,,,,,0,0,0,,,,,,,,,,,,,,,,,,,,,,,,,,,,,,,,,,,
2019,23,E884741,3,01/11/2019,20:25,11,1,,53,Pierce,0,1,0,3,1,2,1,0,6,4,,,,12,0,1,48.3,3,0,2,3,2,1,3,0,0,0,0,SR-7,176TH ST E,-122.4349444,47.09713333,0,4,98,53,3,40,4,0,0,1,5,12,1,1,4,2,5,1,1,53,0,30,40,2004,0,0,12,,,,,,1,1,24,2,0,,0,0,3,0,11,0,,,,,0,0,3,3,1,0,0,0,0,0,,,,,,0,,,,,,98031,53,62,220,6,1,0,0,1,0,,0,,,,,,0,01/15/2015,01/15/2015,20,0,0,0,8,9,8,,,0,0,0,8,0,8,95,,,96,,,8,95,995,,,,,,,,,,,,,,,,,,,,,,,,,,,,,,0,0,0,1,0,0,1,1,0,0,0,0,0,0,0,0,0,0,0,1,0,0,0,1,1,0,0,0,0,1,0,0,0,0,0,,0,0,0,0,0,0,0,0,0,0,0,0,0,0,0,0,,,,,,21-25,16-25,State route,U,Friday,Belt Used,PV,Not Fatal,1,0,0,0,State Route,State Patrol,Washington State Patrol,0,1,0,0,0,,,,,,0,0,0,,,,,,,,,,,98,98,98,0,,,,,20,7,,,,,,,,,,,,,,,
2019,512,E889208,160,02/02/2019,8:34,2,2,,33,King,1030,10,0,1,2,2,1,0,2,2,,,,12,0,2,0,2,0,3,3,2,4,6,0,0,0,0,S 212TH ST,FRAGER RD S,-122.2660333,47.412375,0,2,51,62,4,40,4,0,0,1,7,12,1,3,4,1,1,1,2,53,0,35,47,2013,0,0,12,,,,,,1,1,38,1,0,,2,0,3,0,11,8,,,,,0,0,0,3,1,0,0,0,0,96,,,,,,0,,,,,,98031,53,69,200,6,1,0,0,0,0,,0,,,,,,0,,,1,0,0,0,8,9,8,,,0,0,0,8,0,8,95,,,96,,,8,95,995,,,,,,,,,,,,,,,,,,,,,,,,,,,,,,0,0,0,1,0,0,0,0,0,0,0,0,0,1,0,0,0,0,0,1,0,0,0,0,0,0,0,0,0,1,0,0,0,0,0,,0,0,0,0,0,0,0,0,0,0,0,0,0,0,0,0,,,,,,36-40,36-45,City street,U,Saturday,Belt Used,PV,Not Fatal,0,1,1,0,City Street,Municipal/City Police,Kent Police Department,0,0,0,1,0,,,,,,0,0,0,,,,,,,,,,,98,98,98,0,,,,,20,7,,,,,,,,,,,,,,,
2019,170,E927693,7,06/06/2019,0:20,6,6,,33,King,1030,1,0,2,1,2,1,0,3,3,,,,45,0,0,23.8,1,0,1,3,2,1,3,0,0,0,0,SR-167,,-122.220825,47.41344167,1,1,15,50,3,60,80,0,0,1,7,2,1,1,2,3,6,1,1,53,0,98,706,2017,0,0,45,2,12,,,,1,1,28,1,7,,4,7,20,7,11,0,06/06/2019,0:20,1.03053E+11,26031,0,0,0,3,1,0,0,0,0,96,,,,,,99,,,,,,98031,53,74,160,6,1,0,0,0,1,,0,,,,,,0,04/15/2017,04/15/2017,20,8,0,0,0,9,8,,,0,0,0,8,9,2,1,,,1,,,2,1,0.056,,,,,,,,,,,,,,,,,,,,,,,,,,,,,,0,0,0,0,1,0,0,0,0,0,0,0,0,0,0,0,0,0,0,0,0,0,0,0,0,0,0,0,1,1,1,0,0,0,1,0,0,0,0,0,1,0,0,0,0,0,0,0,1,0,0,1,,,,,,26-30,26-35,State route,U,Thursday,,MC,White,0,0,0,0,State Route,State Patrol,Washington State Patrol,0,1,0,0,0,,,,,,0,0,0,,,,,,,,,,,0,0,0,1,,,,,19,0,,,,,,,,,,,,,,,
2019,170,E927693,7,06/06/2019,0:20,6,6,,33,King,1030,1,0,2,1,2,1,0,3,3,,,,45,0,0,23.8,1,0,1,3,2,1,3,0,0,0,0,SR-167,,-122.220825,47.41344167,1,3,98,61,4,60,6,0,0,1,7,12,1,1,3,3,1,1,1,53,0,55,35,2009,0,0,12,,,,,,1,1,33,2,0,,0,0,3,0,11,0,,,,,0,0,0,3,1,0,0,0,0,96,,,,,,0,,,,,,98031,53,64,230,6,1,0,0,0,0,,0,,,,,,0,,,20,0,0,0,8,9,8,,,0,0,0,8,0,2,1,,,1,,,2,1,0,,,,,,,,,,,,,,,,,,,,,,,,,,,,,,0,0,0,0,1,0,0,0,0,0,0,0,0,0,0,0,0,0,0,0,0,0,0,0,0,0,0,0,1,1,1,0,0,0,0,,0,0,0,0,0,0,0,0,0,0,0,0,0,0,0,0,,,,,,31-35,26-35,State route,U,Thursday,Belt Used,PV,Not Fatal,0,0,0,0,State Route,State Patrol,Washington State Patrol,0,1,0,0,0,,,,,,0,0,0,,,,,,,,,,,98,98,98,0,,,,,20,7,,,,,,,,,,,,,,,
2019,184,E930127,3,06/10/2019,11:40,10,6,,53,Pierce,0,1,0,1,1,2,1,0,2,2,,,,12,0,2,37.9,1,0,1,4,1,1,3,0,0,0,0,SR-507,,-122.5129,47.01805833,0,1,50,10,2,55,14,0,0,1,2,12,1,1,2,1,1,1,2,53,0,2,404,2007,0,0,68,12,,,,,1,1,58,2,7,,4,7,3,0,11,0,06/10/2019,11:40,1.93053E+11,26055,0,0,3,3,1,28,0,0,0,92,,,,,,99,,,,,,98031,53,68,215,6,1,0,0,1,0,,0,,,,,,0,09/15/2014,09/15/2014,8,2,9,0,0,9,8,,,0,0,0,8,9,2,1,,,1,,,2,1,0,,,,,,,,,,,,,,,,,,,,,,,,,,,,,,0,0,0,0,0,0,0,0,0,0,0,0,0,0,0,0,1,0,0,0,0,0,0,0,0,1,1,0,0,1,1,0,0,0,0,,1,0,0,0,0,0,0,0,1,0,0,0,0,0,0,0,,,,,,56-60,56-65,State route,R,Monday,Belt Used,PV,White,0,1,1,0,State Route,State Patrol,Washington State Patrol,0,1,0,0,0,,,,,,0,0,0,,,,,,,,,,,98,98,98,1,,,,,20,7,,,,,,,,,,,,,,,
2019,369,E972093,7,10/11/2019,13:59,11,10,,33,King,1030,1,0,1,1,2,1,0,4,3,,,,25,0,0,25.6,1,0,1,3,2,1,3,0,0,0,0,SR-167,,-122.2183389,47.43904167,0,3,98,60,4,60,14,0,0,1,5,12,1,1,4,3,1,1,1,53,0,55,404,2018,0,0,12,,,,,,1,1,64,2,0,,0,0,3,0,11,0,,,,,0,0,3,3,1,0,0,0,0,96,,,,,,0,,,,,,98031,53,68,175,6,1,0,0,0,0,,0,,,,,,0,,,20,0,0,0,8,9,8,,,0,0,0,8,0,8,95,,,96,,,8,95,995,,,,,,,,,,,,,,,,,,,,,,,,,,,,,,0,0,1,0,0,0,1,1,1,0,0,0,0,0,0,0,0,0,1,0,0,0,0,0,0,0,0,0,1,1,0,0,0,0,0,,0,0,0,0,0,0,0,0,0,0,0,0,0,0,0,0,,,,,,61-65,56-65,State route,U,Friday,Belt Used,PV,Not Fatal,0,1,0,0,State Route,State Patrol,Washington State Patrol,1,1,0,0,0,,,,,,0,0,0,,,,,,,,,,,98,98,98,0,,,,,20,7,,,,,,,,,,,,,,,
2019,445,E994918,160,12/17/2019,18:19,17,12,,33,King,1030,1,0,3,1,2,1,1,1,1,,,,8,0,0,1.3,3,0,3,4,2,1,3,0,0,0,0,SR-515,SE 235TH ST,-122.2021722,47.39094167,0,1,13,80,5,40,14,0,0,1,7,8,1,1,5,5,1,1,1,53,0,49,401,2000,0,0,8,,,,,,1,1,25,1,0,,0,0,99,7,11,0,,,,,0,0,0,3,1,0,0,0,0,96,,,,,,0,,,,,,98031,53,76,190,6,1,0,0,2,0,,0,,,,,,0,05/15/2017,11/15/2018,20,0,0,0,8,9,2,,,0,0,0,0,0,8,95,,,96,,,8,95,995,,,,,,,,,,,,,,,,,,,,,,,,,,,,,,0,0,0,1,0,0,0,0,0,1,0,1,0,0,0,0,0,0,0,0,0,0,0,1,1,0,0,0,0,1,0,1,0,0,0,,0,0,0,0,0,0,0,0,0,0,0,0,0,0,0,0,,,,,,21-25,16-25,State route,U,Tuesday,Unknown,PV,Not Fatal,1,0,0,0,State Route,Municipal/City Police,Kent Police Department,0,1,0,0,0,,,,,,0,0,0,,,,,,,,,,,98,98,98,0,,,,,20,7,,,,,,,,,,,,,,,
2020,304,EA58989,146,07/26/2020,11:33,26,7,,77,Yakima,0,1,,1,1,2,1,0,6,2,11:40,11:49,12:23,12,0,6,5.1,2,0,2,5,1,2,4,0,0,20,3,CR-SCOON RD,INDEPENDENCE RD,-120.0199917,46.37454444,0,1,89,17,2,50,34,0,0,1,2,12,1,1,2,1,1,4,0,53,0,20,481,2020,0,,12,,,,,,1,1,35,1,1,,4,7,20,7,11,0,07/26/2020,11:33,53034558,34558,0,0,0,3,1,38,39,,,96,,,,,,98,,,,,,98031,53,68,200,6,1,0,1,0,1,,0,,,,,,0,07/15/2018,02/15/2019,8,0,0,0,0,9,8,,,0,,,8,8,2,1,,,1,,,2,1,0,,,,,,,,,,,,,,,,,,,,,,,,,,,,,,0,0,0,1,0,0,0,0,0,0,0,0,0,0,0,0,0,0,1,1,0,0,0,0,0,0,0,0,0,1,0,0,0,1,0,,1,0,0,0,0,0,0,0,0,0,1,0,0,0,0,0,,,,,,31-35,26-35,County road,R,Sunday,Not Used,PV,Hispanic,1,0,0,0,County Road,County Sheriff,Yakima County Sheriff's Office,0,0,1,0,0,,,,,,0,0,0,,,,,,,,,,,98,98,98,98,,,,,20,7,,,,,,,,1,0,,,INDEPENDENCE RD.,5.07,SCOON RD.,3.03
2020,387,EA69798,160,10/03/2020,16:51,3,10,,33,King,1030,10,,1,1,2,1,1,3,3,17:01,17:04,17:34,8,0,0,0,3,0,2,4,2,4,6,0,0,3,3,SE 208TH ST,108TH AVE SE,-122.197,47.41583889,0,3,98,98,7,40,15,0,0,1,5,12,1,2,5,1,5,1,1,53,0,35,421,2011,0,,12,,,,,,1,1,39,2,0,,0,0,3,0,11,0,,,,,0,0,3,3,1,0,,,,96,,,,,,0,,,,,,98031,53,62,130,6,1,0,0,0,0,,0,,,,,,0,,,20,0,0,0,8,9,8,,,0,,,8,8,0,0,,,0,,,0,0,996,,,,,,,,,,,,,,,,,,,,,,,,,,,,,,0,0,0,1,0,0,0,0,0,0,0,0,0,0,0,0,0,0,0,0,0,1,1,0,1,0,0,0,0,1,0,1,0,0,0,,0,0,0,0,0,0,0,0,0,0,0,0,0,0,0,0,,,,,,36-40,36-45,City street,U,Saturday,Belt Used,PV,Not Fatal,1,0,0,0,City Street,Municipal/City Police,Kent Police Department,0,0,0,1,0,,,,,,0,0,0,,,,,,,,,,,98,98,98,0,,,,,20,7,,,,,,,,1,0,,,,,,
2021,111,EB24658,160,04/24/2021,16:28,24,4,,33,King,1030,2,,1,2,2,1,0,2,2,,,,12,0,6,0,1,0,1,4,2,4,6,0,0,0,0,CENTRAL AVE N,,-122.2302778,47.37234167,0,2,98,62,4,35,4,0,0,1,5,12,2,1,5,5,14,1,1,53,0,51,47,2006,0,,12,,,,,,1,1,32,1,0,,0,0,3,0,11,0,,,,,0,0,3,3,1,0,,,,96,,,,,,98,,,,,,98031,53,72,160,6,1,0,0,0,0,,0,,,,,,0,,,1,0,0,0,8,9,8,,,0,,,8,8,2,1,,,1,,,2,1,0,,,,,,,,,,,,,,,,,,,,,,,,,,,,,,0,0,0,0,0,0,1,1,0,0,0,0,1,0,0,0,0,0,0,0,0,0,0,0,0,1,1,0,0,1,0,0,0,0,0,,0,0,0,0,0,0,0,0,0,0,0,0,0,0,0,0,,,,,,31-35,26-35,City street,U,Saturday,Belt Used,PV,Not Fatal,0,1,1,0,City Street,Municipal/City Police,Kent Police Department,0,0,0,1,0,,,,,,0,0,0,,,,,,,,,,,98,98,98,0,,,,,20,,,,,,,,,1,0,,,,,,