year,case,par,repjur,crash_dt,crash_tm,accday,accmon,holiday,county,co_char,city,weather,weather2,lightcond,surfcond,surftype,numfatal,nmforms,pforms,vforms,not_tm,arr_tm,hosp_tm,fhevent,hitrun,manncol,milepnt,reljunc,reljuncinter,intersectiontype,funcsystem,landuse,ownership,route,schlbus,spejur,contdev,devfunc,trafid1,trafid2,x,y,wk_zone,vnumber,crashtype,criticalevent,criticaleventcat,spdlim,body,trailer,emerg,hazcargo,leave,mhevent,roadalgn,roadprof,traflane,trafflow,vehmanvr,numoccs,regowner,regstate,spuse,make,model,modelyr,vrf1,vrf2,seqevent1,seqevent2,seqevent3,seqevent4,seqevent5,seqevent6,pnumber,ptype,age,sex,hispanic,race,injury,diedscene,restraint,restraintmisuse,seatpos,takehosp,death_dt,death_tm,cert,cernum_wa,commlic,licendor,licrestrict,liccomp,drivpres,drf1,drf2,drf3,drf4,distract1,distract2,distract3,distract4,distract5,distract6,dricond1,dricond2,dricond3,dricond4,dricond5,dricond6,dzip,licstate,drhgt_in,weight,noncdl,noncdltype,prevdwi,prevoth,prevacc,prevspd,prevsus,driviol1,driviol2,driviol3,driviol4,driviol5,driviol6,spdrel,first_dt,last_dt,airbag,ejection,ejectpath,extricat,injurwrk,methalc,methdrug,nmlocat,strikveh,prf1,prf2,prf3,druginv,alcinvol,drugsts,drugres1,drugres2,drugres3,drugtst1,drugtst2,drugtst3,alcsts,alctst,alcres,nmact1,nmact2,nmact3,nmact4,nmact5,nmact6,nmprior1,nmprior2,nmprior3,nmprior4,nmprior5,nmprior6,nmcond1,nmcond2,nmcond3,nmcond4,nmcond5,nmcond6,nmsafe_helmet,nmsafe_pads,nmsafe_oth,nmprev_ref,nmprev_lgt,nmprev_oth,crashlocation,nmcrashtype,crosswalk,schoolzone,sidewalk,train_inv,wildlife_inv,rotr_fars,intersect_fars,dd_inv,aid_inv,dpd_inv,id_inv,mj_inv,impnm_inv,ainm_inv,dpnm_inv,speed_inv,unlic_inv,unendmc_inv,drowsy_inv,drdist_inv,nmdist_inv,fty_inv,unrestfat_inv,dr1617_inv,dr1820_inv,dr1620_inv,dr2125_inv,dr1625_inv,dr65_inv,dr70_inv,dr75_inv,mc_inv,pv_inv,ht_inv,ped_inv,bike_inv,unrest_fat,mc_fat,unhelmet_mc,pv_fat,ht_fat,ped_fat,bike_fat,dr_alc7,dr_alc8,dr_drug,dr_imp,dr_dist,dr_spd,dr_fty,dr_unlic,dr_alc7only,dr_alc8only,dr_drugonly,dr_drink,nm_imp,nm_alc7,nm_alc8,nm_drug,nm_dist,agegrp1,agegrp2,roadclass,urbrur,dayweek,restuse,vehtype,race_me,intersect,lanedep,oppdir,wrongway,rep_typ,investag,repag_long,rotr,st_rd,cty_rd,city_rd,oth_rd,drug_thc,thc_res,drug_cthc,cthc_res,drug_cann,prevpersemin,prevperse,prevsusoth,drugtst4,drugtst5,drugtst6,drugtst7,drugtst8,drugres4,drugres5,drugres6,drugres7,drugres8,adspresent,adsengaged,adslevel,race1,race2,race3,race4,race5,helmet,helmetmisuse,nmdistract1,nmdistract2,nmdistract3,nmdistract4,nmdistract5,nmdistract6,lab,isedtcase,crf1,crf2,crf3,CoRoadName,CoMP,IntCoRoadName,IntCoMP
2021,487,EB92927,160,11/21/2021,3:08,21,11,,33,King,1030,5,,3,1,2,1,0,2,2,,,,12,0,6,0,2,0,3,7,2,4,6,0,0,0,0,124TH AVE SE,SE 202nd Pl,-122.1759556,47.420875,0,1,68,15,2,35,4,0,0,1,2,12,8,8,2,1,11,1,1,53,0,7,24,2021,0,,12,,,,,,1,1,45,2,0,,0,0,99,7,11,0,,,,,0,0,0,3,1,38,,,,96,,,,,,9,,,,,,98031,53,66,160,6,1,0,0,0,1,,1,11,,,,,0,07/15/2019,07/15/2019,8,0,0,0,8,9,2,,,0,,,8,1,8,95,,,96,,,2,1,997,,,,,,,,,,,,,,,,,,,,,,,,,,,,,,0,0,0,1,1,0,1,1,0,0,0,0,0,1,1,0,0,0,1,0,0,0,0,0,0,0,0,0,1,1,0,0,0,0,0,,0,0,0,0,0,0,0,0,0,0,1,0,0,0,0,1,,,,,,41-45,36-45,City street,U,Sunday,Unknown,PV,Not Fatal,1,0,0,0,City Street,Municipal/City Police,Kent Police Department,0,0,0,1,0,,,,,,0,0,0,,,,,,,,,,,98,98,98,0,,,,,20,,,,,,,,,1,0,,,,,,
2021,513,EB98308,55,12/06/2021,18:59,6,12,,33,King,100,2,,3,2,2,1,0,4,2,,,,12,0,6,0.1,2,0,2,2,2,1,3,0,0,3,3,SR-167 RAMP,15TH ST NW,-122.2438056,47.32235,0,2,68,15,2,35,66,1,0,1,2,12,1,1,6,1,11,1,3,18,0,82,881,2020,0,,12,,,,,,1,1,37,1,0,,0,0,3,0,11,0,,,,,6,3,3,3,1,0,,,,96,,,,,,98,,,,,,98031,53,66,175,6,1,0,0,1,0,,0,,,,,,0,07/15/2018,07/15/2018,20,0,0,0,8,9,8,,,0,,,8,8,0,0,,,0,,,0,0,996,,,,,,,,,,,,,,,,,,,,,,,,,,,,,,0,0,0,1,0,0,0,0,0,0,0,0,1,1,0,0,0,0,0,1,0,0,0,1,1,0,0,0,0,1,1,0,0,0,0,,0,0,0,0,0,0,0,0,0,0,0,0,0,0,0,0,,,,,,36-40,36-45,State route,U,Monday,,MHTRUCK,Not Fatal,1,0,0,0,State Route,Municipal/City Police,Auburn Police Department,0,1,0,0,0,,,,,,0,0,0,,,,,,,,,,,98,98,98,0,,,,,20,,,,,,,,,1,0,,,,,,
2019,387,3705992,263,10/21/2019,19:24,21,10,,33,King,1960,2,0,3,2,2,1,1,1,1,,,,8,0,0,31.7,3,0,3,3,2,1,3,0,0,0,0,SR-99,N 98TH ST,-122.3447278,47.70052222,0,1,13,80,5,35,61,0,0,1,5,8,1,1,2,3,1,1,3,53,0,12,881,2008,0,0,8,,,,,,1,1,28,1,0,,0,0,99,7,11,0,,,,,0,0,0,3,1,0,0,0,0,0,,,,,,0,,,,,,98032,53,71,165,6,1,0,0,0,0,,0,,,,,,0,,,20,0,0,0,8,9,2,,,0,0,0,0,0,8,95,,,96,,,8,95,995,,,,,,,,,,,,,,,,,,,,,,,,,,,,,,0,0,0,1,0,0,0,0,0,0,0,0,0,0,0,0,0,0,0,0,0,0,0,0,0,0,0,0,0,0,1,1,0,0,0,,0,0,0,0,0,0,0,0,0,0,0,0,0,0,0,0,,,,,,26-30,26-35,State route,U,Monday,,MHTRUCK,Not Fatal,1,0,0,0,State Route,Municipal/City Police,Seattle Police Department,0,1,0,0,0,,,,,,0,0,0,,,,,,,,,,,98,98,98,0,,,,,20,7,,,,,,,,,,,,,,,
2017,175,E661438,160,04/14/2017,3:53,14,4,0,33,King,1030,1,0,3,1,2,1,0,2,2,,,,12,0,6,2.1,2,0,2,3,2,1,3,0,0,0,0,SR-181,S 216TH ST,-122.2494167,47.40851944,0,1,86,17,2,50,6,0,0,1,5,12,1,1,8,5,1,1,1,53,0,32,42,2006,0,0,12,2,,,,,1,1,20,1,0,0,0,0,99,0,11,0,,,,,0,0,0,3,1,0,0,0,0,96,,,,,,0,,,,,,98032,53,72,186,6,1,0,1,2,0,0,97,,,,,,3,10/15/2014,08/15/2015,99,0,0,0,8,9,8,,,0,0,0,8,0,0,0,0,0,0,0,0,0,0,996,,,,,,,,,,,,,,,,,,,,,,,,,,,,,,0,0,0,1,0,0,1,1,0,0,0,0,1,0,0,0,0,0,0,1,0,1,1,0,1,0,0,0,0,1,0,0,0,0,0,,0,0,0,0,0,0,0,0,0,1,0,0,0,0,0,0,,,,,,18-20,16-25,State route,U,Friday,Unknown,PV,Not Fatal,1,0,0,0,State Route,Municipal/City Police,Kent Police Department,0,1,0,0,0,,,,,,,,,,,,,,,,,,,,,,,,,,,,,,,,,,,,,,,,,,,
2018,85,E781575,160,03/22/2018,11:23,22,3,0,33,King,1030,2,0,1,2,2,1,0,2,2,,,,12,0,6,0.2,2,0,2,3,2,1,3,0,0,3,3,SR-181,W MEEKER ST,-122.2473944,47.38136944,0,2,68,62,4,35,2,0,0,1,7,12,1,1,5,1,11,1,1,53,0,37,32,1995,0,0,12,,,,,,1,1,82,1,7,4,4,7,3,0,11,0,03/22/2018,11:55,1.03053E+11,13634,0,0,0,3,1,0,0,0,0,96,,,,,,0,,,,,,98032,53,66,190,6,1,0,0,0,0,,0,,,,,,0,,,8,0,0,0,0,9,8,,,0,0,0,8,0,2,1,,,1,,,2,1,0,,,,,,,,,,,,,,,,,,,,,,,,,,,,,,0,0,0,1,0,0,0,0,0,0,0,0,1,0,0,0,0,0,0,0,0,0,0,0,0,1,1,1,0,1,0,0,0,0,0,,1,0,0,0,0,0,0,0,0,0,0,0,0,0,0,0,,,,,,81+,76+,State route,U,Thursday,Belt Used,PV,API,1,0,0,0,State Route,Municipal/City Police,Kent Police Department,0,1,0,0,0,,,,,,0,0,0,,,,,,,,,,,,,,,,,,,,,,,,,,,,,,,,,,,
2018,274,E827924,7,08/05/2018,21:44,5,8,0,33,King,0,1,0,3,1,2,1,0,2,2,,,,12,0,2,20.9,1,0,1,3,1,1,3,0,0,0,0,SR-18,,-121.9748306,47.43580556,0,2,51,54,3,55,4,0,0,1,2,12,2,2,2,1,14,1,2,53,0,54,35,2003,0,0,12,,,,,,1,1,50,1,7,1,4,7,3,0,11,0,08/05/2018,21:44,53034610,34610,6,0,0,3,1,0,0,0,0,96,,,,,,99,,,,,,98032,53,68,200,6,1,0,0,1,0,,0,,,,,,0,06/15/2018,07/15/2018,8,0,0,0,0,9,8,,,0,0,0,8,9,2,1,,,1,,,2,1,0,,,,,,,,,,,,,,,,,,,,,,,,,,,,,,0,0,0,0,0,0,1,1,1,0,0,0,0,0,0,0,0,0,0,0,0,0,0,0,0,1,0,0,0,1,0,0,0,0,0,,1,0,0,0,0,0,0,0,0,0,0,0,0,0,0,0,,,,,,46-50,46-55,State route,R,Sunday,Belt Used,PV,White,0,0,0,1,State Route,State Patrol,Washington State Patrol,0,1,0,0,0,,,,,,0,0,1,,,,,,,,,,,,,,,,,,,,,,,,,,,,,,,,,,,
2018,286,E829993,6,08/12/2018,6:48,12,8,0,7,Chelan,0,1,0,4,1,2,1,0,1,1,,,,1,0,0,152.3,1,0,1,3,1,1,3,0,0,0,0,SR-97,,-120.5783472,47.36736389,0,1,1,13,2,60,34,0,0,1,2,1,3,2,2,1,14,1,1,53,0,20,481,2000,0,0,63,1,,,,,1,1,22,1,1,98,4,7,3,0,11,0,08/12/2018,6:48,53035250,35250,0,0,0,3,1,0,0,0,0,96,,,,,,99,,,,,,98032,53,75,180,6,1,0,0,0,2,,0,,,,,,0,04/15/2015,05/15/2015,20,0,0,0,0,9,8,,,0,0,0,8,0,2,1,,,1,,,2,1,0,,,,,,,,,,,,,,,,,,,,,,,,,,,,,,0,0,1,0,0,0,0,0,0,0,0,0,0,0,0,0,0,0,0,0,0,0,0,1,1,0,0,0,0,1,0,0,0,0,0,,1,0,0,0,0,0,0,0,0,0,0,0,0,0,0,0,,,,,,21-25,16-25,State route,R,Sunday,Belt Used,PV,Hispanic,0,1,0,0,State Route,State Patrol,Washington State Patrol,1,1,0,0,0,,,,,,0,0,0,,,,,,,,,,,,,,,,,,,,,,,,,,,,,,,,,,,
2018,351,E846367,7,10/07/2018,2:17,7,10,7,33,King,2310,10,0,3,1,1,4,0,5,1,,,,24,0,0,3.4,1,0,1,3,2,1,3,0,0,0,0,SR-518,,-122.2655639,47.46140278,0,1,1,13,2,60,34,0,0,1,7,21,3,2,1,4,14,5,2,53,0,35,473,2004,0,0,63,24,1,21,,,1,1,22,1,0,0,3,0,20,0,11,4,,,,,0,0,0,3,1,0,0,0,0,96,,,,,,9,,,,,,98032,53,66,180,6,1,1,2,0,1,,97,,,,,,4,07/15/2015,10/15/2017,8,9,0,0,8,9,8,,,0,0,0,8,1,8,95,,,96,,,2,1,997,,,,,,,,,,,,,,,,,,,,,,,,,,,,,,0,0,1,0,1,0,0,0,0,0,0,0,1,0,0,0,0,0,0,1,0,0,0,1,1,0,0,0,0,1,0,0,0,0,0,,0,0,0,0,0,0,0,0,0,1,0,0,0,0,0,1,,,,,,21-25,16-25,State route,U,Sunday,Not Used,PV,Not Fatal,0,1,0,0,State Route,State Patrol,Washington State Patrol,1,1,0,0,0,,,,,,0,0,2,,,,,,,,,,,,,,,,,,,,,,,,,,,,,,,,,,,
2018,363,E848125,160,10/09/2018,5:38,9,10,7,33,King,1030,2,0,3,2,2,1,0,2,2,,,,12,0,6,0,8,0,1,7,2,4,6,0,0,0,0,REITH RD S,S 253RD ST,-122.2787694,47.37392778,0,1,68,15,2,35,4,0,0,1,7,12,2,2,2,1,11,1,1,53,0,55,35,2010,0,0,12,,,,,,1,1,25,1,2,98,4,7,99,0,11,0,10/09/2018,5:38,1.03053E+11,43806,0,0,0,3,1,0,0,0,0,96,,,,,,99,,,,,,98032,53,69,140,6,1,0,1,0,0,,0,,,,,,0,04/15/2018,04/15/2018,8,0,0,0,0,9,8,,,0,0,0,8,9,2,1,,,1,,,2,1,0,,,,,,,,,,,,,,,,,,,,,,,,,,,,,,0,0,0,0,0,0,0,0,0,0,0,0,0,0,0,0,0,0,0,0,0,0,0,1,1,0,0,0,0,1,0,0,0,0,0,,1,0,0,0,0,0,0,0,0,0,0,0,0,0,0,0,,,,,,21-25,16-25,City street,U,Tuesday,Unknown,PV,Hispanic,0,1,1,0,City Street,Municipal/City Police,Kent Police Department,0,0,0,1,0,,,,,,0,0,0,,,,,,,,,,,,,,,,,,,,,,,,,,,,,,,,,,,
2019,103,E909777,35,04/09/2019,12:21,9,4,,53,Pierce,0,1,0,1,1,2,2,0,2,1,,,,42,0,0,1.4,1,0,1,5,1,2,4,0,0,0,0,CR-NISQUALLY RD,,-122.6830361,47.07726667,0,1,1,13,2,45,14,0,0,1,7,42,1,1,2,1,1,2,1,53,0,34,402,2014,0,0,63,42,,,,,1,1,77,2,7,,4,7,3,0,11,0,04/09/2019,12:21,53016662,16662,0,0,0,3,1,0,0,0,0,96,,,,,,1,,,,,,98032,53,63,150,6,1,0,0,0,0,,0,,,,,,0,,,1,0,0,0,0,9,8,,,0,0,0,8,9,2,1,,,1,,,2,1,0,,,,,,,,,,,,,,,,,,,,,,,,,,,,,,0,0,1,0,0,0,0,0,0,0,0,0,0,0,0,0,0,0,0,0,0,0,0,0,0,1,1,1,0,1,0,0,0,0,0,,1,0,0,0,0,0,0,0,0,0,0,0,0,0,0,0,,,,,,76-80,76+,County road,R,Tuesday,Belt Used,PV,White,0,1,0,0,County Road,County Sheriff,Law Enforcement Support Agency,1,0,1,0,0,,,,,,0,0,0,,,,,,,,,,,98,98,98,1,,,,,20,7,,,,,,,,,,,,,,,
2019,297,E953822,160,08/23/2019,22:43,23,8,,33,King,1030,1,0,2,1,2,1,1,1,1,,,,8,0,0,0,1,0,1,7,2,4,6,0,0,0,0,REITH RD,,-122.2743694,47.37856944,0,1,13,80,5,35,34,0,0,1,5,8,2,2,4,1,14,1,1,53,0,12,481,1998,0,0,8,,,,,,1,1,53,1,0,,0,0,99,7,11,0,,,,,0,0,0,3,1,0,0,0,0,96,,,,,,9,,,,,,98032,53,68,145,6,1,0,0,0,0,,97,,,,,,0,,,20,0,0,0,8,9,8,,,0,0,0,8,1,8,95,,,96,,,8,95,995,,,,,,,,,,,,,,,,,,,,,,,,,,,,,,0,0,0,0,1,0,0,0,0,1,1,0,0,0,0,0,0,0,0,0,0,0,0,0,0,0,0,0,0,1,0,1,0,0,0,,0,0,0,0,0,0,0,0,0,0,0,0,0,0,0,1,,,,,,51-55,46-55,City street,U,Friday,Unknown,PV,Not Fatal,0,0,0,0,City Street,Municipal/City Police,Kent Police Department,0,0,0,1,0,,,,,,0,0,0,,,,,,,,,,,0,0,0,0,,,,,20,7,,,,,,,,,,,,,,,
2019,352,E968056,160,10/02/2019,14:39,2,10,,33,King,1030,1,0,1,1,2,1,0,2,2,,,,12,0,2,4.9,2,0,2,3,2,1,3,0,0,3,3,SR-516,SR-167,-122.2458472,47.37803333,0,1,69,54,3,35,80,0,0,1,7,12,1,1,6,1,6,1,2,32,0,76,705,2014,0,0,12,,,,,,1,1,23,1,7,,4,7,20,7,11,0,10/02/2019,14:39,1.03053E+11,43707,0,0,0,2,1,0,0,0,0,96,,,,,,99,,,,,,98032,53,72,210,6,1,0,1,0,0,,0,,,,,,4,05/15/2016,12/15/2017,20,8,0,0,0,9,8,,,0,0,0,8,9,2,1,,,1,,,2,1,0,,,,,,,,,,,,,,,,,,,,,,,,,,,,,,0,0,0,1,0,0,0,0,0,0,0,0,1,0,1,0,1,0,0,0,0,0,0,1,1,0,0,0,1,0,1,0,0,0,1,0,0,0,0,0,0,0,0,0,0,1,0,0,0,0,0,0,,,,,,21-25,16-25,State route,U,Wednesday,,MC,Black,1,0,0,0,State Route,Municipal/City Police,Kent Police Department,0,1,0,0,0,,,,,,0,0,1,,,,,,,,,,,0,0,0,2,,,,,19,0,,,,,,,,,,,,,,,
2020,163,EA37914,160,06/02/2020,17:41,2,6,,33,King,1030,10,,1,1,2,1,0,3,1,17:57,18:02,18:23,38,0,0,0,1,0,1,7,2,4,6,0,0,0,0,68TH AVE S,,-122.2472667,47.37326944,0,1,1,13,2,40,14,0,0,1,2,30,3,1,2,1,14,3,2,53,0,55,401,2017,0,,63,38,30,,,,1,1,17,1,0,,2,0,99,7,11,0,,,,,0,0,3,3,1,8,,,,96,,,,,,0,,,,,,98032,53,72,200,6,2,0,0,0,0,,97,,,,,,3,,,8,0,0,0,8,3,2,,,0,,,8,8,0,0,,,0,,,0,0,996,,,,,,,,,,,,,,,,,,,,,,,,,,,,,,0,0,1,0,0,0,0,0,0,0,0,0,1,0,0,0,0,0,0,0,1,0,1,0,1,0,0,0,0,1,0,0,0,0,0,,0,0,0,0,0,0,0,0,0,1,0,0,0,0,0,0,,,,,,16-17,16-25,City street,U,Tuesday,Unknown,PV,Not Fatal,0,1,0,0,City Street,Municipal/City Police,Kent Police Department,1,0,0,1,0,,,,,,0,0,0,,,,,,,,,,,98,98,98,0,,,,,20,7,,,,,,,,1,0,,,,,,
2020,260,EA51571,7,07/29/2020,21:42,29,7,,33,King,2310,1,,2,1,2,1,0,3,3,,,,24,0,0,1.1,1,0,1,3,2,1,3,0,0,0,0,SR-599,,-122.2827917,47.49504167,0,2,7,9,1,60,80,0,0,1,2,24,2,1,2,3,14,1,1,53,0,76,706,2000,0,,64,24,69,12,12,,1,1,33,1,7,,4,7,20,7,11,0,07/29/2020,21:42,2.31053E+11,36133,0,0,3,2,1,8,,,,96,,,,,,98,,,,,,98032,53,69,225,6,1,0,0,0,0,,0,,,,,,4,,,20,8,0,0,0,9,8,,,0,,,8,8,2,1,,,1,,,2,1,0,,,,,,,,,,,,,,,,,,,,,,,,,,,,,,0,0,0,0,1,0,1,1,1,0,0,0,1,0,1,0,0,0,0,0,0,0,0,1,1,0,0,0,1,1,0,0,0,0,1,0,0,0,0,0,0,0,0,0,0,1,0,0,0,0,0,0,,,,,,31-35,26-35,State route,U,Wednesday,,MC,API,0,1,0,0,State Route,State Patrol,Washington State Patrol,1,1,0,0,0,,,,,,0,0,0,,,,,,,,,,,0,0,0,48,,,,,5,0,,,,,,,,1,0,,,,,,
2020,315,EA59617,3,08/15/2020,23:11,15,8,,67,Thurston,2320,1,,2,1,2,1,0,1,1,,,,25,0,0,0.2,5,1,1,1,2,1,1,0,0,0,0,I-5,,-122.9058306,47.02016667,0,1,1,13,2,98,14,0,0,1,2,25,3,4,1,6,14,1,1,53,0,49,402,2011,0,,63,25,1,69,64,25,1,1,65,1,7,,4,7,3,0,11,0,08/15/2020,23:48,2.32053E+11,38949,0,0,0,3,1,0,,,,96,,,,,,98,,,,,,98032,53,68,200,6,1,0,0,0,0,,0,,,,,,4,,,1,0,0,0,0,9,8,,,0,,,8,8,2,996,,,1,,,2,1,0,,,,,,,,,,,,,,,,,,,,,,,,,,,,,,0,0,1,0,0,0,1,1,0,0,0,0,1,0,0,0,0,0,0,0,0,0,0,0,0,1,0,0,0,1,0,0,0,0,0,,1,0,0,0,0,0,1,1,0,1,0,0,0,0,1,0,,,,,,61-65,56-65,Interstate,U,Saturday,Belt Used,PV,White,0,1,0,0,State Route,State Patrol,Washington State Patrol,1,1,0,0,0,,,,,,0,0,0,,,,,,,,,,,98,98,98,1,,,,,20,7,,,,,,,,1,0,,,,,,
2020,422,EA75227,3,10/17/2020,21:36,17,10,,33,King,1960,1,,3,1,1,1,1,2,2,,,,8,0,0,164.6,1,0,1,1,2,1,1,0,0,0,0,I-5,,-122.3205917,47.59528056,0,2,98,80,5,60,14,0,0,1,5,8,1,4,3,3,1,1,1,53,0,18,404,2016,0,,8,,,,,,1,1,27,2,0,,0,0,3,0,11,0,,,,,0,0,3,3,1,0,,,,96,,,,,,98,,,,,,98032,53,62,185,6,1,0,2,0,0,,0,,,,,,0,01/15/2017,03/15/2019,20,0,0,0,8,9,8,,,0,,,8,8,8,95,,,96,,,8,95,995,,,,,,,,,,,,,,,,,,,,,,,,,,,,,,0,0,0,0,0,0,0,0,0,1,0,1,0,0,0,0,0,0,0,0,0,0,0,0,0,0,0,0,0,1,0,1,0,0,0,,0,0,0,0,0,0,0,0,0,0,0,0,0,0,0,0,,,,,,26-30,26-35,Interstate,U,Saturday,Belt Used,PV,Not Fatal,0,0,0,0,State Route,State Patrol,Washington State Patrol,0,1,0,0,0,,,,,,0,0,0,,,,,,,,,,,98,98,98,0,,,,,20,7,,,,,,,,1,0,,,,,,
2020,441,EA80866,127,11/08/2020,17:26,8,11,,33,King,735,1,,3,1,2,1,1,2,2,17:29,17:33,,8,0,0,6.8,1,0,1,3,2,1,3,0,0,0,0,SR-99,,-122.3132639,47.32298333,0,1,13,80,5,40,14,0,0,1,5,8,1,1,4,2,1,1,1,53,0,20,404,2020,0,,8,,,,,,1,1,47,2,0,,0,0,3,0,11,0,,,,,0,0,3,3,1,0,,,,96,,,,,,0,,,,,,98032,53,67,150,6,1,1,1,0,0,,0,,,,,,0,01/15/2016,02/15/2019,20,0,0,0,8,9,8,,,0,,,0,0,0,0,,,0,,,0,0,996,,,,,,,,,,,,,,,,,,,,,,,,,,,,,,0,0,0,0,0,0,0,0,0,1,1,0,0,0,0,0,0,0,0,0,0,0,0,0,0,0,0,0,0,1,0,1,0,0,0,,0,0,0,0,0,0,0,0,0,0,0,0,0,0,0,0,,,,,,46-50,46-55,State route,U,Sunday,Belt Used,PV,Not Fatal,0,0,0,0,State Route,Municipal/City Police,Federal Way Dept of Public Safety,0,1,0,0,0,,,,,,0,1,4,,,,,,,,,,,98,98,98,0,,,,,20,7,,,,,,,,1,0,,,,,,
2020,472,EA86312,7,12/01/2020,23:35,1,12,,33,King,1640,1,,3,1,2,2,0,7,7,,,,12,0,2,13.2,1,0,1,3,2,1,3,0,0,0,0,SR-167,,-122.2607278,47.26889167,0,5,98,98,7,60,34,0,0,1,5,54,1,1,2,3,1,1,2,53,0,20,481,2005,0,,54,,,,,,1,1,24,1,0,,0,0,3,0,11,0,,,,,0,0,0,3,1,0,,,,96,,,,,,0,,,,,,98032,53,68,200,6,1,0,0,0,0,,0,,,,,,0,,,20,0,0,0,8,9,8,,,0,,,8,8,0,0,,,0,,,0,0,996,,,,,,,,,,,,,,,,,,,,,,,,,,,,,,0,0,0,0,1,0,0,0,0,0,0,0,0,0,0,0,0,0,0,0,0,0,0,1,1,0,0,0,1,1,1,0,0,0,0,,0,0,0,0,0,0,0,0,0,0,0,0,0,0,0,0,,,,,,21-25,16-25,State route,U,Tuesday,Belt Used,PV,Not Fatal,0,0,0,1,State Route,State Patrol,Washington State Patrol,0,1,0,0,0,,,,,,0,0,0,,,,,,,,,,,98,98,98,0,,,,,20,7,,,,,,,,1,14,,,,,,
2020,502,EA91879,3,12/10/2020,2:58,10,12,,53,Pierce,800,5,,3,2,2,1,1,2,1,,,,8,0,0,12.9,1,0,1,3,2,1,3,0,0,0,0,SR-16,,-122.6157,47.36078611,0,1,13,80,5,60,21,0,0,1,5,8,1,1,2,3,1,2,3,53,0,12,461,2013,0,,8,,,,,,1,1,32,1,0,,0,0,3,0,11,0,,,,,0,0,0,3,1,0,,,,96,,,,,,0,,,,,,98032,53,68,195,6,1,0,0,0,1,,0,,,,,,0,02/15/2018,02/15/2018,20,0,0,0,8,3,2,,,0,,,8,8,0,0,,,0,,,0,0,996,,,,,,,,,,,,,,,,,,,,,,,,,,,,,,0,0,0,0,0,0,0,0,0,1,0,1,0,0,0,0,0,0,0,0,0,0,0,0,0,0,0,0,0,1,0,1,0,0,0,,0,0,0,0,0,0,0,0,0,0,0,0,0,0,0,0,,,,,,31-35,26-35,State route,U,Thursday,Belt Used,PV,Not Fatal,0,0,0,0,State Route,State Patrol,Washington State Patrol,0,1,0,0,0,,,,,,0,0,1,,,,,,,,,,,98,98,98,0,,,,,20,7,,,,,,,,1,0,,,,,,
2021,252,EB52161,262,06/23/2021,22:10,23,6,,33,King,1958,1,,3,1,2,3,0,3,2,,,,12,0,2,,2,0,3,4,2,4,6,0,0,0,0,MILITARY RD S,S 209th St,-122.2881778,47.41455278,0,1,50,10,2,35,15,0,0,1,2,12,1,2,2,1,1,1,2,53,0,23,421,1995,0,,68,12,,,,,1,1,42,1,7,,4,7,20,7,11,0,06/23/2021,22:10,1.95853E+11,31023,0,0,3,2,1,28,,,,96,,,,,,98,,,,,,98032,53,71,222,1,1,0,1,2,0,,0,,,,,,0,08/15/2017,10/15/2020,1,0,0,0,0,9,8,,,0,,,8,8,2,702,605,401,1,1,1,2,1,0,,,,,,,,,,,,,,,,,,,,,,,,,,,,,,0,0,0,1,0,0,1,1,1,0,0,0,0,1,0,0,0,0,0,1,0,0,0,1,1,0,0,0,0,1,0,0,0,1,0,,1,0,0,0,0,0,1,1,0,0,0,1,0,0,1,0,,,,,,41-45,36-45,City street,U,Wednesday,Not Used,PV,Multiracial,0,1,1,0,City Street,Municipal/City Police,SeaTac Police Department,0,0,0,1,0,thc,888,carboxy-thc,46,,0,0,3,1,,,,,417,,,,,0,0,0,201,202,,,,20,,,,,,,,nms,1,0,,,,,,
2021,252,EB52161,262,06/23/2021,22:10,23,6,,33,King,1958,1,,3,1,2,3,0,3,2,,,,12,0,2,,2,0,3,4,2,4,6,0,0,0,0,MILITARY RD S,S 209th St,-122.2881778,47.41455278,0,1,50,10,2,35,15,0,0,1,2,12,1,2,2,1,1,1,2,53,0,23,421,1995,0,,68,12,,,,,1,1,42,1,7,,4,7,20,7,11,0,06/23/2021,22:10,1.95853E+11,31023,0,0,3,2,1,28,,,,96,,,,,,98,,,,,,98032,53,71,222,1,1,0,1,2,0,,0,,,,,,0,08/15/2017,10/15/2020,1,0,0,0,0,9,8,,,0,,,8,8,2,702,605,401,1,1,1,2,1,0,,,,,,,,,,,,,,,,,,,,,,,,,,,,,,0,0,0,1,0,0,1,1,1,0,0,0,0,1,0,0,0,0,0,1,0,0,0,1,1,0,0,0,0,1,0,0,0,1,0,,1,0,0,0,0,0,1,1,0,0,0,1,0,0,1,0,,,,,,41-45,36-45,City street,U,Wednesday,Not Used,PV,Multiracial,0,1,1,0,City Street,Municipal/City Police,SeaTac Police Department,0,0,0,1,0,thc,14,carboxy-thc,46,,0,0,3,1,,,,,417,,,,,0,0,0,201,202,,,,20,,,,,,,,nms,1,0,,,,,,
2021,272,EB55152,160,06/10/2021,20:00,10,6,,33,King,1030,1,,1,1,2,1,0,2,2,,,,5,0,0,0,1,0,1,4,2,4,6,0,0,20,3,VETERANS DR,,-122.2843083,47.39516944,0,2,98,98,7,98,15,0,0,1,2,12,1,2,3,1,5,1,1,53,0,37,421,2012,0,,12,,,,,,1,1,46,2,0,,0,0,3,0,11,0,,,,,0,0,3,3,1,0,,,,96,,,,,,98,,,,,,98032,53,64,188,6,1,0,0,0,0,,0,,,,,,0,,,8,0,0,0,8,9,8,,,0,,,8,8,0,0,,,0,,,0,0,996,,,,,,,,,,,,,,,,,,,,,,,,,,,,,,0,0,0,0,0,0,1,1,0,0,0,0,0,0,0,0,1,0,0,0,0,0,0,0,0,0,0,0,0,1,1,0,0,0,0,,0,0,0,0,0,0,0,0,0,0,0,0,0,0,0,0,,,,,,46-50,46-55,City street,U,Thursday,Belt Used,PV,Not Fatal,0,0,0,0,City Street,Municipal/City Police,Kent Police Department,0,0,0,1,0,,,,,,0,0,0,,,,,,,,,,,98,98,98,0,,,,,20,,,,,,,,,1,0,,,,,,