year,case,par,repjur,crash_dt,crash_tm,accday,accmon,holiday,county,co_char,city,weather,weather2,lightcond,surfcond,surftype,numfatal,nmforms,pforms,vforms,not_tm,arr_tm,hosp_tm,fhevent,hitrun,manncol,milepnt,reljunc,reljuncinter,intersectiontype,funcsystem,landuse,ownership,route,schlbus,spejur,contdev,devfunc,trafid1,trafid2,x,y,wk_zone,vnumber,crashtype,criticalevent,criticaleventcat,spdlim,body,trailer,emerg,hazcargo,leave,mhevent,roadalgn,roadprof,traflane,trafflow,vehmanvr,numoccs,regowner,regstate,spuse,make,model,modelyr,vrf1,vrf2,seqevent1,seqevent2,seqevent3,seqevent4,seqevent5,seqevent6,pnumber,ptype,age,sex,hispanic,race,injury,diedscene,restraint,restraintmisuse,seatpos,takehosp,death_dt,death_tm,cert,cernum_wa,commlic,licendor,licrestrict,liccomp,drivpres,drf1,drf2,drf3,drf4,distract1,distract2,distract3,distract4,distract5,distract6,dricond1,dricond2,dricond3,dricond4,dricond5,dricond6,dzip,licstate,drhgt_in,weight,noncdl,noncdltype,prevdwi,prevoth,prevacc,prevspd,prevsus,driviol1,driviol2,driviol3,driviol4,driviol5,driviol6,spdrel,first_dt,last_dt,airbag,ejection,ejectpath,extricat,injurwrk,methalc,methdrug,nmlocat,strikveh,prf1,prf2,prf3,druginv,alcinvol,drugsts,drugres1,drugres2,drugres3,drugtst1,drugtst2,drugtst3,alcsts,alctst,alcres,nmact1,nmact2,nmact3,nmact4,nmact5,nmact6,nmprior1,nmprior2,nmprior3,nmprior4,nmprior5,nmprior6,nmcond1,nmcond2,nmcond3,nmcond4,nmcond5,nmcond6,nmsafe_helmet,nmsafe_pads,nmsafe_oth,nmprev_ref,nmprev_lgt,nmprev_oth,crashlocation,nmcrashtype,crosswalk,schoolzone,sidewalk,train_inv,wildlife_inv,rotr_fars,intersect_fars,dd_inv,aid_inv,dpd_inv,id_inv,mj_inv,impnm_inv,ainm_inv,dpnm_inv,speed_inv,unlic_inv,unendmc_inv,drowsy_inv,drdist_inv,nmdist_inv,fty_inv,unrestfat_inv,dr1617_inv,dr1820_inv,dr1620_inv,dr2125_inv,dr1625_inv,dr65_inv,dr70_inv,dr75_inv,mc_inv,pv_inv,ht_inv,ped_inv,bike_inv,unrest_fat,mc_fat,unhelmet_mc,pv_fat,ht_fat,ped_fat,bike_fat,dr_alc7,dr_alc8,dr_drug,dr_imp,dr_dist,dr_spd,dr_fty,dr_unlic,dr_alc7only,dr_alc8only,dr_drugonly,dr_drink,nm_imp,nm_alc7,nm_alc8,nm_drug,nm_dist,agegrp1,agegrp2,roadclass,urbrur,dayweek,restuse,vehtype,race_me,intersect,lanedep,oppdir,wrongway,rep_typ,investag,repag_long,rotr,st_rd,cty_rd,city_rd,oth_rd,drug_thc,thc_res,drug_cthc,cthc_res,drug_cann,prevpersemin,prevperse,prevsusoth,drugtst4,drugtst5,drugtst6,drugtst7,drugtst8,drugres4,drugres5,drugres6,drugres7,drugres8,adspresent,adsengaged,adslevel,race1,race2,race3,race4,race5,helmet,helmetmisuse,nmdistract1,nmdistract2,nmdistract3,nmdistract4,nmdistract5,nmdistract6,lab,isedtcase,crf1,crf2,crf3,CoRoadName,CoMP,IntCoRoadName,IntCoMP
2021,510,EB97526,248,12/06/2021,20:50,6,12,,33,King,1830,2,,3,2,2,1,0,2,2,,,,18,0,0,0,1,0,1,4,2,4,6,0,0,0,0,BENSON RD S,,-122.2063056,47.46788056,0,1,98,62,4,35,4,0,0,1,2,12,2,2,2,1,14,1,1,53,0,55,41,2012,0,,12,,,,,,1,1,30,1,0,,3,0,3,0,11,5,,,,,0,0,0,3,1,0,,,,92,,,,,,98,,,,,,98032,53,71,240,6,1,0,1,1,0,,0,,,,,,0,11/15/2018,06/15/2019,8,0,0,1,8,9,2,,,0,,,8,8,0,0,,,0,,,0,0,996,,,,,,,,,,,,,,,,,,,,,,,,,,,,,,0,0,0,0,1,1,1,1,1,0,0,0,0,0,0,0,1,0,0,1,0,0,0,0,0,0,0,0,0,1,0,0,0,0,0,,0,0,0,0,0,0,0,0,1,0,0,0,0,0,0,0,,,,,,26-30,26-35,City street,U,Monday,Belt Used,PV,Not Fatal,0,1,0,0,City Street,Municipal/City Police,Renton Police Department,1,0,0,1,0,,,,,,0,0,0,,,,,,,,,,,98,98,98,0,,,,,20,,,,,,,,,1,0,,,,,,
2021,525,EC00695,7,12/04/2021,1:44,4,12,,33,King,1030,10,,6,1,1,1,0,5,3,,,,12,0,1,148.1,1,0,1,1,2,1,1,0,0,0,0,I-5,,-122.2921306,47.37606944,0,1,20,50,3,60,20,0,0,1,2,12,1,2,5,3,1,1,2,53,0,7,442,2012,0,,12,12,,,,,1,1,43,1,0,,0,0,3,0,11,0,,,,,0,0,3,2,1,0,,,,96,,,,,,9,,,,,,98032,53,67,190,1,1,1,0,0,0,,1,12,,,,,4,01/15/2017,01/15/2017,20,0,0,0,8,9,8,,,0,,,8,1,2,1,,,1,,,2,1,0.11,,,,,,,,,,,,,,,,,,,,,,,,,,,,,,0,0,0,0,1,1,0,1,0,0,0,0,1,1,0,0,0,0,0,0,0,0,0,1,1,0,0,0,0,1,0,0,0,0,0,,0,0,0,0,0,1,0,1,0,1,0,1,0,1,0,1,,,,,,41-45,36-45,Interstate,U,Saturday,Belt Used,PV,Not Fatal,0,0,0,0,State Route,State Patrol,Washington State Patrol,0,1,0,0,0,,,,,,0,0,2,,,,,,,,,,,98,98,98,0,,,,,20,,,,,,,,,1,23,,,,,,
2021,540,EC03319,25,12/20/2021,6:22,20,12,,33,King,1958,4,,3,10,2,1,1,1,1,,,,8,0,0,15.8,1,0,1,3,2,1,3,0,0,0,0,SR-99,,-122.296075,47.45011111,0,1,13,80,5,40,6,0,0,1,5,8,1,1,2,2,1,1,1,53,0,52,47,2012,0,,8,,,,,,1,1,75,1,0,,0,0,3,0,11,0,,,,,0,0,0,3,1,0,,,,96,,,,,,98,,,,,,98032,53,66,170,6,1,1,2,0,0,,0,,,,,,0,11/15/2019,02/15/2019,20,0,0,0,8,9,8,,,0,,,8,8,8,95,,,96,,,8,95,995,,,,,,,,,,,,,,,,,,,,,,,,,,,,,,0,0,0,0,0,0,0,0,0,0,0,0,0,0,0,0,0,1,0,0,0,0,0,0,0,1,1,1,0,1,0,1,0,0,0,,0,0,0,0,0,0,0,0,0,0,0,0,0,0,0,0,,,,,,71-75,66-75,State route,U,Monday,Belt Used,PV,Not Fatal,1,0,0,0,State Route,County Sheriff,King County Police,0,1,0,0,0,,,,,,0,1,0,,,,,,,,,,,98,98,98,0,,,,,20,,,,,,,,,1,0,,,,,,
2020,553,TECH RE,288,04/18/2020,12:08,18,4,,53,Pierce,2210,1,,1,1,2,1,0,3,1,12:11,12:28,12:58,43,0,0,0,1,0,1,4,2,4,6,0,0,0,0,E VALLEY HWY E,,-122.2252583,47.23835278,0,1,1,13,2,98,4,0,0,1,2,3,4,8,2,1,14,3,1,53,0,63,34,2015,0,,63,43,3,1,,,1,1,31,2,7,,4,0,3,0,11,5,04/18/2020,14:27,2.23053E+11,18882,0,0,3,3,1,0,,,,96,,,,,,98,,,,,,98032,53,63,134,6,1,0,1,1,1,,0,,,,,,0,08/15/2019,07/15/2019,98,0,0,1,0,5,8,,,0,,,8,1,8,95,,,96,,,2,1,0.016,,,,,,,,,,,,,,,,,,,,,,,,,,,,,,0,0,1,0,1,0,0,0,0,0,0,0,0,0,0,0,0,0,0,0,0,0,0,0,0,0,0,0,0,1,0,0,0,0,0,,1,0,0,0,1,0,0,0,0,0,0,0,1,0,0,1,,,,,,31-35,26-35,City street,U,Saturday,Belt Used,PV,White,0,0,0,0,City Street,,,0,0,0,1,0,,,,,,0,0,0,,,,,,,,,,,98,98,98,1,,,,,20,7,,,,,,,,0,0,,,,,,
2017,432,3753424,263,10/12/2017,20:39,12,10,0,33,King,1960,10,0,3,2,1,1,1,1,1,,,,8,0,0,0,3,0,2,7,2,4,6,0,0,2,3,WESTLAKE AVE,BLANCHARD ST,-122.3383472,47.617775,0,1,13,80,5,25,52,0,0,1,5,8,1,1,2,2,10,1,3,53,3,98,988,2010,0,0,8,,,,,,1,1,68,2,0,0,0,0,3,0,11,0,,,,,6,1,0,3,1,0,0,0,0,96,,,,,,0,,,,,,98033,53,64,170,6,1,0,0,0,0,0,0,,,,,,0,,,20,0,0,0,8,3,8,,,0,0,0,8,0,0,0,0,0,0,0,0,0,0,996,,,,,,,,,,,,,,,,,,,,,,,,,,,,,,0,0,0,1,0,0,0,0,0,0,0,0,0,0,0,0,0,1,0,0,0,0,0,0,0,1,0,0,0,0,0,1,0,0,0,,0,0,0,0,0,0,0,0,0,0,0,0,0,0,0,0,,,,,,66-70,66-75,City street,U,Thursday,,BUS,Not Fatal,1,0,0,0,City Street,Municipal/City Police,Seattle Police Department,0,0,0,1,0,,,,,,,,,,,,,,,,,,,,,,,,,,,,,,,,,,,,,,,,,,,
2018,62,E776954,163,03/02/2018,14:28,2,3,0,33,King,1050,1,0,1,1,2,1,1,2,1,,,,8,0,0,0,3,0,2,4,2,4,6,0,0,20,3,NE 68TH ST,112TH AVE NE,-122.1909722,47.66663333,0,1,13,80,5,30,14,0,0,1,7,8,4,2,2,1,11,2,1,53,0,58,403,2014,0,0,8,,,,,,1,1,42,2,0,0,0,0,3,0,11,0,,,,,0,0,3,3,1,0,0,0,0,93,,,,,,0,,,,,,98033,53,62,130,6,1,0,0,0,0,,0,,,,,,0,,,20,0,0,0,8,9,8,,,0,0,0,8,0,8,95,,,96,,,8,95,995,,,,,,,,,,,,,,,,,,,,,,,,,,,,,,0,0,0,1,0,0,0,0,0,0,0,0,0,0,0,0,1,0,0,0,0,0,0,0,0,0,0,0,0,1,0,1,0,0,0,,0,0,0,0,0,0,0,0,1,0,0,0,0,0,0,0,,,,,,41-45,36-45,City street,U,Friday,Belt Used,PV,Not Fatal,1,0,0,0,City Street,Municipal/City Police,Kirkland Police Department,0,0,0,1,0,,,,,,0,0,0,,,,,,,,,,,,,,,,,,,,,,,,,,,,,,,,,,,
2019,279,E926146,163,05/31/2019,16:20,31,5,,33,King,1050,1,0,1,1,2,1,1,1,1,,,,8,0,0,0,3,0,2,3,2,4,6,0,0,20,3,MARKET ST,CENTRAL WAY,-122.2095028,47.67639167,0,1,13,80,5,25,34,0,0,1,7,8,1,1,3,1,11,1,2,53,0,49,472,2016,0,0,8,,,,,,1,1,51,2,0,,0,0,99,7,11,0,,,,,0,0,3,3,1,38,0,0,0,96,,,,,,0,,,,,,98033,53,65,150,6,1,0,1,0,0,,46,,,,,,0,05/15/2019,05/15/2019,20,0,0,0,8,9,8,,,0,0,0,8,0,8,95,,,96,,,8,95,995,,,,,,,,,,,,,,,,,,,,,,,,,,,,,,0,0,0,1,0,0,0,0,0,0,0,0,0,0,0,0,0,0,1,0,0,0,0,0,0,0,0,0,0,1,0,1,0,0,0,,0,0,0,0,0,0,0,0,0,0,1,0,0,0,0,0,,,,,,51-55,46-55,City street,U,Friday,Unknown,PV,Not Fatal,1,0,0,0,City Street,Municipal/City Police,Kirkland Police Department,0,0,0,1,0,,,,,,0,0,0,,,,,,,,,,,98,98,98,0,,,,,20,7,,,,,,,,,,,,,,,
2019,382,E976023,7,10/18/2019,11:15,18,10,,33,King,2595,10,0,1,2,1,1,0,4,4,,,,12,0,2,5.1,1,0,1,3,2,1,3,0,0,0,0,SR-520,,-122.2195889,47.639525,0,2,52,54,3,60,80,0,0,1,7,2,2,2,3,3,14,1,1,53,0,34,706,2004,0,0,12,64,25,2,,,1,1,71,1,7,,4,7,20,7,11,0,10/18/2019,11:15,2.59553E+11,46947,0,0,3,3,1,0,0,0,0,96,,,,,,99,,,,,,98033,53,72,165,6,1,0,0,0,1,,0,,,,,,0,02/15/2016,02/15/2016,20,8,0,0,0,9,8,,,0,0,0,8,9,0,0,,,0,,,2,4,0,,,,,,,,,,,,,,,,,,,,,,,,,,,,,,0,0,0,0,0,0,0,0,0,0,0,0,0,0,0,0,0,0,0,0,0,0,0,0,0,1,1,1,1,1,0,0,0,0,1,0,0,0,0,0,0,0,0,0,0,0,0,0,0,0,0,0,,,,,,71-75,66-75,State route,U,Friday,,MC,White,0,0,0,1,State Route,State Patrol,Washington State Patrol,0,1,0,0,0,,,,,,0,0,0,,,,,,,,,,,0,0,0,1,,,,,5,0,,,,,,,,,,,,,,,
2019,382,E976023,7,10/18/2019,11:15,18,10,,33,King,2595,10,0,1,2,1,1,0,4,4,,,,12,0,2,5.1,1,0,1,3,2,1,3,0,0,0,0,SR-520,,-122.2195889,47.639525,0,3,98,90,6,60,14,0,0,1,5,54,2,2,3,3,14,1,1,53,0,49,402,2018,0,0,54,,,,,,1,1,29,1,0,,0,0,3,0,11,0,,,,,0,0,0,3,1,0,0,0,0,96,,,,,,0,,,,,,98033,53,61,120,6,1,1,1,0,1,,0,,,,,,0,04/15/2015,04/15/2015,20,0,0,0,8,9,8,,,0,0,0,8,0,8,95,,,96,,,8,95,995,,,,,,,,,,,,,,,,,,,,,,,,,,,,,,0,0,0,0,0,0,0,0,0,0,0,0,0,0,0,0,0,0,0,0,0,0,0,0,0,1,1,1,1,1,0,0,0,0,0,,0,0,0,0,0,0,0,0,0,0,0,0,0,0,0,0,,,,,,26-30,26-35,State route,U,Friday,Belt Used,PV,Not Fatal,0,0,0,1,State Route,State Patrol,Washington State Patrol,0,1,0,0,0,,,,,,0,1,1,,,,,,,,,,,98,98,98,0,,,,,20,7,,,,,,,,,,,,,,,
2020,252,EA22336,59,03/06/2020,20:25,6,3,,33,King,109,10,,1,1,2,1,1,1,1,,,,8,0,0,0,3,0,2,4,2,4,6,0,0,2,3,156TH AVE NE,NE 13TH ST,-122.1324083,47.62098889,0,1,13,80,5,30,14,0,0,1,5,8,1,1,3,2,11,1,9,53,0,34,404,2017,0,,8,,,,,,1,1,31,2,0,,0,0,3,0,11,0,,,,,0,0,3,3,1,39,,,,10,,,,,,0,,,,,,98033,53,67,135,6,1,0,0,0,0,,97,,,,,,0,,,20,0,0,0,8,9,8,,,0,,,8,8,0,0,,,0,,,0,0,996,,,,,,,,,,,,,,,,,,,,,,,,,,,,,,0,0,0,1,0,0,0,0,0,0,0,0,0,0,0,0,1,0,0,0,0,0,0,0,0,0,0,0,0,1,0,1,0,0,0,,0,0,0,0,0,0,0,0,1,0,0,0,0,0,0,0,,,,,,31-35,26-35,City street,U,Friday,Belt Used,PV,Not Fatal,1,0,0,0,City Street,Municipal/City Police,Bellevue Police Department,0,0,0,1,0,,,,,,0,0,0,,,,,,,,,,,98,98,98,0,,,,,20,7,,,,,,,,0,0,,,,,,
2020,320,EA51645,25,07/29/2020,16:05,29,7,,33,King,0,1,,1,1,2,1,0,5,2,,,,12,0,6,5.4,1,0,1,5,1,2,4,0,0,0,0,CR-VEAZIE CUMBERLAND RD,,-121.9370278,47.27109722,0,1,98,10,2,40,80,0,0,1,2,12,1,1,2,1,6,1,1,53,0,34,706,2017,0,,12,,,,,,1,1,78,8,7,,4,0,20,7,11,1,08/12/2020,10:57,1.96053E+11,37705,0,0,0,3,1,33,,,,96,,,,,,98,,,,,,98033,53,73,240,6,1,0,0,0,0,,0,,,,,,0,,,20,8,0,0,0,9,8,,,0,,,8,8,0,0,,,0,,,0,0,996,,,,,,,,,,,,,,,,,,,,,,,,,,,,,,0,0,0,0,0,0,0,0,0,0,0,0,0,1,0,0,0,0,0,0,0,0,0,1,1,1,1,1,1,1,0,0,0,0,1,0,0,0,0,0,0,0,0,0,0,0,0,0,0,0,0,0,,,,,,76-80,76+,County road,R,Wednesday,,MC,White,0,0,0,0,County Road,County Sheriff,King County Police,0,0,1,0,0,,,,,,0,0,0,,,,,,,,,,,0,0,0,1,,,,,19,0,,,,,,,,1,0,,,VEAZIE-CUMBERLAND RD SE,5.385,,
2021,305,EB58842,248,08/16/2021,17:01,16,8,,33,King,1830,1,,1,1,1,1,0,6,4,,,,12,0,6,0,2,0,2,4,2,4,6,0,0,3,3,LIND AVE SW,SW 16th St,-122.2233417,47.46608056,0,1,87,17,2,35,21,0,0,1,2,12,1,1,5,1,1,1,3,53,0,23,461,2014,0,,12,68,12,12,,,1,1,32,1,0,,0,0,3,0,11,0,,,,,0,0,0,3,1,0,,,,96,,,,,,98,,,,,,98033,53,72,170,6,1,0,1,0,0,,0,,,,,,0,01/15/2019,01/15/2019,20,0,0,0,8,9,8,,,0,,,8,8,8,95,,,96,,,8,95,995,,,,,,,,,,,,,,,,,,,,,,,,,,,,,,0,0,0,1,0,0,0,0,0,0,0,0,0,0,0,0,0,0,0,0,0,0,0,0,0,1,0,0,0,1,1,0,0,0,0,,0,0,0,0,0,0,0,0,0,0,0,0,0,0,0,0,,,,,,31-35,26-35,City street,U,Monday,Belt Used,PV,Not Fatal,1,0,0,0,City Street,Municipal/City Police,Renton Police Department,0,0,0,1,0,,,,,,0,0,0,,,,,,,,,,,98,98,98,0,,,,,20,,,,,,,,,1,10,,,,,,
2021,325,EB62668,7,08/20/2021,7:14,20,8,,33,King,1050,10,,1,1,1,1,0,3,2,,,,25,0,0,17.9,19,1,1,1,2,1,1,0,0,0,0,I-405,,-122.1848,47.67636389,0,2,98,61,4,60,15,0,0,1,2,12,1,1,7,3,16,2,2,53,0,20,422,2011,0,,12,63,39,,,,1,1,44,2,0,,1,0,3,0,11,5,,,,,0,0,3,3,1,0,,,,96,,,,,,98,,,,,,98033,53,61,110,6,1,0,0,0,0,,0,,,,,,0,,,8,0,0,0,8,9,8,,,0,,,8,8,0,0,,,0,,,0,0,996,,,,,,,,,,,,,,,,,,,,,,,,,,,,,,0,0,1,0,0,0,1,1,0,0,0,0,0,0,0,0,0,0,0,0,0,0,0,0,0,0,0,0,0,1,0,0,0,0,0,,0,0,0,0,0,0,0,0,0,0,0,0,0,0,0,0,,,,,,41-45,36-45,Interstate,U,Friday,Belt Used,PV,Not Fatal,0,1,0,0,State Route,State Patrol,Washington State Patrol,1,1,0,0,0,,,,,,0,0,0,,,,,,,,,,,98,98,98,0,,,,,20,,,,,,,,,1,0,,,,,,
2017,38,E635532,25,01/17/2017,22:43,17,1,0,33,King,0,2,0,3,2,2,1,0,2,2,,,,12,0,6,3.7,2,0,3,3,2,2,4,0,0,3,3,CR-AVONDALE RD NE,NE 132ND ST,-122.0879417,47.71761111,0,2,82,15,2,40,4,0,0,1,5,12,8,8,3,1,11,1,1,53,0,49,43,2000,0,0,12,,,,,,1,1,63,1,7,1,4,0,3,0,11,4,01/26/2017,5:30,1.96053E+11,4513,0,0,3,3,1,0,0,0,0,96,,,,,,0,,,,,,98034,53,71,145,6,1,0,1,0,0,0,97,,,,,,0,01/15/2016,01/15/2016,8,0,0,0,0,9,8,,,0,0,0,8,0,0,0,0,0,0,0,0,0,0,996,,,,,,,,,,,,,,,,,,,,,,,,,,,,,,0,0,0,1,1,0,0,0,0,0,0,0,0,0,0,0,0,0,0,0,0,0,0,0,0,0,0,0,0,1,1,0,0,0,0,,1,0,0,0,0,0,0,0,0,0,0,0,0,0,0,0,,,,,,61-65,56-65,County road,U,Tuesday,Belt Used,PV,White,1,0,0,0,County Road,County Sheriff,King County Police,0,0,1,0,0,,,,,,,,,,,,,,,,,,,,,,,,,,,,,,,,,,,,,,,,,,,
2017,69,E649217,163,02/27/2017,1:19,27,2,0,33,King,1050,1,0,3,1,2,1,0,1,1,,,,42,0,0,0,1,0,1,3,2,4,6,0,0,0,0,NE 124TH ST,,-122.15745,47.711625,0,1,2,6,1,35,4,0,0,1,2,30,2,2,5,5,14,1,1,53,0,51,47,2002,0,0,63,42,30,40,,,1,1,20,1,7,1,4,7,3,0,11,0,02/27/2017,1:19,1.05053E+11,12010,0,0,0,3,1,0,0,0,0,96,,,,,,99,,,,,,98034,53,71,145,6,1,0,0,0,0,0,0,,,,,,4,,,8,0,0,0,0,9,8,,,0,0,0,8,9,2,605,0,0,1,0,0,2,1,0,,,,,,,,,,,,,,,,,,,,,,,,,,,,,,0,0,0,0,0,0,1,1,1,0,0,0,1,0,0,0,0,0,0,0,0,1,1,0,1,0,0,0,0,1,0,0,0,0,0,,1,0,0,0,0,0,1,1,0,1,0,0,0,0,1,0,,,,,,18-20,16-25,City street,U,Monday,Belt Used,PV,White,0,1,0,0,City Street,Municipal/City Police,Kirkland Police Department,1,0,0,1,0,thc,1.3,,,,,,,,,,,,,,,,,,,,,,,,,,,,,,,,,,,,,,,,,
2017,412,E726244,7,09/29/2017,22:48,29,9,0,33,King,2310,10,0,3,1,2,1,0,6,2,,,,24,0,0,1.6,1,0,1,3,2,1,3,0,0,0,0,SR-599,,-122.2827972,47.49543889,0,1,7,10,2,60,80,0,0,1,2,24,2,8,2,3,14,1,1,53,0,53,706,2005,0,0,64,24,69,58,12,,1,1,35,1,7,1,4,7,5,0,11,0,09/29/2017,23:20,2.31053E+11,42642,0,0,3,3,1,0,0,0,0,96,,,,,,9,,,,,,98034,53,72,165,6,1,1,2,0,0,2,0,,,,,,0,09/15/2015,05/15/2017,20,8,0,0,0,1,8,,,0,0,0,8,1,2,996,0,0,1,0,0,2,1,0.15,,,,,,,,,,,,,,,,,,,,,,,,,,,,,,0,0,0,0,1,1,1,1,0,0,0,0,0,0,0,0,0,0,0,0,0,0,0,1,1,0,0,0,1,1,0,0,0,0,1,0,0,0,0,0,0,1,1,1,0,0,0,0,0,0,0,1,,,,,,31-35,26-35,State route,U,Friday,,MC,White,0,1,0,0,State Route,State Patrol,Washington State Patrol Headquarter,1,1,0,0,0,,,,,,,,,,,,,,,,,,,,,,,,,,,,,,,,,,,,,,,,,,,
2019,70,E902965,122,03/16/2019,5:57,16,3,,61,Snohomish,690,10,0,3,1,2,1,0,3,2,,,,12,0,2,46.7,1,0,1,3,2,1,3,0,0,0,0,SR-99,,-122.2483583,47.90018056,0,1,50,10,2,98,6,0,0,1,7,12,1,2,5,5,1,2,1,53,0,48,38,2007,0,0,68,12,,,,,1,1,19,1,0,,0,0,3,0,11,0,,,,,0,0,0,3,1,28,0,0,0,15,,,,,,99,,,,,,98034,53,67,134,6,1,0,3,1,3,,1,,,,,,0,12/15/2015,09/15/2017,8,0,0,0,8,9,8,,,0,0,0,8,9,2,401,417,177,1,1,1,2,1,0,,,,,,,,,,,,,,,,,,,,,,,,,,,,,,0,0,0,0,1,1,1,1,0,0,0,0,0,0,0,0,1,0,0,1,0,1,1,0,1,0,0,0,0,1,0,0,0,0,0,,0,0,0,0,0,0,1,1,1,0,0,0,0,0,1,0,,,,,,18-20,16-25,State route,U,Saturday,Belt Used,PV,Not Fatal,0,1,1,0,State Route,Municipal/City Police,Everett Police Department,0,1,0,0,0,,,,,,0,0,0,1,,,,,996,,,,,98,98,98,0,,,,,20,7,,,,,,,,,,,,,,,
2019,333,E961830,2,09/18/2019,20:35,18,9,,61,Snohomish,170,1,0,3,1,2,1,0,2,2,,,,12,0,7,26.1,1,0,1,1,2,1,1,0,0,0,0,I-405,,-122.2032389,47.78912778,0,1,47,10,2,60,4,0,0,1,7,12,1,2,3,3,15,1,1,53,0,54,36,2006,0,0,12,64,24,,,,1,1,42,1,0,,2,0,3,0,11,8,,,,,0,0,0,3,1,91,0,0,0,96,,,,,,9,,,,,,98034,53,71,165,6,1,1,0,1,0,,1,,,,,,4,02/15/2016,03/15/2018,1,0,0,0,8,9,8,,,0,0,0,8,1,2,1,,,1,,,2,1,0.12,,,,,,,,,,,,,,,,,,,,,,,,,,,,,,0,0,0,0,1,1,1,1,1,0,0,0,1,0,0,0,0,0,0,0,0,0,0,0,0,0,0,0,1,1,0,0,0,0,0,,0,0,0,0,0,1,0,1,0,1,0,0,0,1,0,1,,,,,,41-45,36-45,Interstate,U,Wednesday,Belt Used,PV,Not Fatal,0,0,0,0,State Route,State Patrol,Washington State Patrol,0,1,0,0,0,,,,,,0,1,1,,,,,,,,,,,98,98,98,0,,,,,20,7,,,,,,,,,,,,,,,
2019,385,E976629,7,10/29/2019,10:26,29,10,,33,King,1050,1,0,1,1,1,1,0,2,2,,,,25,0,0,0.1,3,1,2,1,2,1,1,0,0,3,3,I-405 RAMP LX02065,NE 128TH ST,-122.1852806,47.71483889,0,1,1,6,1,98,21,0,0,1,7,2,1,3,2,3,1,1,1,53,0,12,461,2004,0,0,63,25,30,2,60,54,1,1,49,1,1,,4,7,3,0,11,0,10/29/2019,10:26,1.05053E+11,48414,0,0,0,3,1,0,0,0,0,96,,,,,,99,,,,,,98034,53,71,200,6,1,0,1,1,3,,0,,,,,,4,10/15/2016,04/15/2018,99,0,0,0,0,9,8,,,0,0,0,8,9,2,695,605,,1,1,,2,1,0,,,,,,,,,,,,,,,,,,,,,,,,,,,,,,0,0,1,1,0,0,1,1,1,0,0,0,1,0,0,0,0,0,0,0,0,0,0,0,0,1,1,1,0,1,0,0,0,0,0,,1,0,0,0,0,0,1,1,0,1,0,0,0,0,1,0,,,,,,46-50,46-55,Interstate,U,Tuesday,Belt Used,PV,Hispanic,0,1,0,0,State Route,State Patrol,Washington State Patrol,1,1,0,0,0,thc,888,carboxy-thc,888,,0,0,0,,,,,,,,,,,98,98,98,1,,,,,20,7,,,,,,,,,,,,,,,
2020,355,EA64491,163,09/01/2020,20:38,1,9,,33,King,1050,1,,1,1,2,1,0,3,3,20:56,20:56,21:08,12,0,1,0,3,0,2,3,2,4,6,0,0,3,3,100TH AVE NE,NE 132ND ST,-122.2077306,47.71848056,0,1,20,50,3,35,1,0,0,1,5,12,1,1,4,1,1,1,3,53,0,22,398,1966,0,,12,,,,,,1,1,58,1,7,,4,0,99,7,11,5,09/02/2020,8:33,1.96053E+11,41188,0,0,3,3,1,0,,,,96,,,,,,98,,,,,,98034,53,70,170,6,1,3,3,3,0,,0,,,,,,4,05/15/2016,07/15/2019,20,0,0,0,0,9,8,,,0,,,8,8,0,0,,,0,,,0,0,996,,,,,,,,,,,,,,,,,,,,,,,,,,,,,,0,0,0,1,0,0,0,0,0,0,0,0,1,0,0,0,0,0,0,0,0,0,0,0,0,1,0,0,0,1,0,0,0,0,0,,1,0,0,0,0,0,0,0,0,1,0,0,0,0,0,0,,,,,,56-60,56-65,City street,U,Tuesday,Unknown,PV,White,1,0,0,0,City Street,Municipal/City Police,Kirkland Police Department,0,0,0,1,0,,,,,,0,1,2,,,,,,,,,,,0,0,0,1,,,,,20,7,,,,,,,,1,0,,,,,,
2020,355,EA64491,163,09/01/2020,20:38,1,9,,33,King,1050,1,,1,1,2,1,0,3,3,20:56,20:56,21:08,12,0,1,0,3,0,2,3,2,4,6,0,0,3,3,100TH AVE NE,NE 132ND ST,-122.2077306,47.71848056,0,2,21,53,3,35,6,0,0,1,5,12,1,1,4,1,5,1,1,53,0,12,24,2007,0,,12,12,,,,,1,1,29,1,0,,2,0,3,0,11,5,,,,,0,0,3,3,1,0,,,,96,,,,,,0,,,,,,98034,53,74,240,6,1,0,1,0,0,,0,,,,,,0,05/15/2016,05/15/2016,1,0,0,0,8,9,8,,,0,,,8,8,0,0,,,0,,,0,0,996,,,,,,,,,,,,,,,,,,,,,,,,,,,,,,0,0,0,1,0,0,0,0,0,0,0,0,1,0,0,0,0,0,0,0,0,0,0,0,0,1,0,0,0,1,0,0,0,0,0,,0,0,0,0,0,0,0,0,0,0,0,0,0,0,0,0,,,,,,26-30,26-35,City street,U,Tuesday,Belt Used,PV,Not Fatal,1,0,0,0,City Street,Municipal/City Police,Kirkland Police Department,0,0,0,1,0,,,,,,0,0,0,,,,,,,,,,,98,98,98,0,,,,,20,7,,,,,,,,1,0,,,,,,