year,case,par,repjur,crash_dt,crash_tm,accday,accmon,holiday,county,co_char,city,weather,weather2,lightcond,surfcond,surftype,numfatal,nmforms,pforms,vforms,not_tm,arr_tm,hosp_tm,fhevent,hitrun,manncol,milepnt,reljunc,reljuncinter,intersectiontype,funcsystem,landuse,ownership,route,schlbus,spejur,contdev,devfunc,trafid1,trafid2,x,y,wk_zone,vnumber,crashtype,criticalevent,criticaleventcat,spdlim,body,trailer,emerg,hazcargo,leave,mhevent,roadalgn,roadprof,traflane,trafflow,vehmanvr,numoccs,regowner,regstate,spuse,make,model,modelyr,vrf1,vrf2,seqevent1,seqevent2,seqevent3,seqevent4,seqevent5,seqevent6,pnumber,ptype,age,sex,hispanic,race,injury,diedscene,restraint,restraintmisuse,seatpos,takehosp,death_dt,death_tm,cert,cernum_wa,commlic,licendor,licrestrict,liccomp,drivpres,drf1,drf2,drf3,drf4,distract1,distract2,distract3,distract4,distract5,distract6,dricond1,dricond2,dricond3,dricond4,dricond5,dricond6,dzip,licstate,drhgt_in,weight,noncdl,noncdltype,prevdwi,prevoth,prevacc,prevspd,prevsus,driviol1,driviol2,driviol3,driviol4,driviol5,driviol6,spdrel,first_dt,last_dt,airbag,ejection,ejectpath,extricat,injurwrk,methalc,methdrug,nmlocat,strikveh,prf1,prf2,prf3,druginv,alcinvol,drugsts,drugres1,drugres2,drugres3,drugtst1,drugtst2,drugtst3,alcsts,alctst,alcres,nmact1,nmact2,nmact3,nmact4,nmact5,nmact6,nmprior1,nmprior2,nmprior3,nmprior4,nmprior5,nmprior6,nmcond1,nmcond2,nmcond3,nmcond4,nmcond5,nmcond6,nmsafe_helmet,nmsafe_pads,nmsafe_oth,nmprev_ref,nmprev_lgt,nmprev_oth,crashlocation,nmcrashtype,crosswalk,schoolzone,sidewalk,train_inv,wildlife_inv,rotr_fars,intersect_fars,dd_inv,aid_inv,dpd_inv,id_inv,mj_inv,impnm_inv,ainm_inv,dpnm_inv,speed_inv,unlic_inv,unendmc_inv,drowsy_inv,drdist_inv,nmdist_inv,fty_inv,unrestfat_inv,dr1617_inv,dr1820_inv,dr1620_inv,dr2125_inv,dr1625_inv,dr65_inv,dr70_inv,dr75_inv,mc_inv,pv_inv,ht_inv,ped_inv,bike_inv,unrest_fat,mc_fat,unhelmet_mc,pv_fat,ht_fat,ped_fat,bike_fat,dr_alc7,dr_alc8,dr_drug,dr_imp,dr_dist,dr_spd,dr_fty,dr_unlic,dr_alc7only,dr_alc8only,dr_drugonly,dr_drink,nm_imp,nm_alc7,nm_alc8,nm_drug,nm_dist,agegrp1,agegrp2,roadclass,urbrur,dayweek,restuse,vehtype,race_me,intersect,lanedep,oppdir,wrongway,rep_typ,investag,repag_long,rotr,st_rd,cty_rd,city_rd,oth_rd,drug_thc,thc_res,drug_cthc,cthc_res,drug_cann,prevpersemin,prevperse,prevsusoth,drugtst4,drugtst5,drugtst6,drugtst7,drugtst8,drugres4,drugres5,drugres6,drugres7,drugres8,adspresent,adsengaged,adslevel,race1,race2,race3,race4,race5,helmet,helmetmisuse,nmdistract1,nmdistract2,nmdistract3,nmdistract4,nmdistract5,nmdistract6,lab,isedtcase,crf1,crf2,crf3,CoRoadName,CoMP,IntCoRoadName,IntCoMP
2020,466,EA85825,25,11/27/2020,17:47,27,11,,33,King,0,1,,2,1,2,1,0,3,2,17:48,17:58,18:35,12,0,6,10.5,1,0,1,3,2,2,4,0,0,0,0,CR-ISSAQUAH HOBART RD S,,-121.9886306,47.44716667,0,1,66,10,2,35,3,0,0,1,2,12,2,1,2,1,14,1,1,53,0,12,37,2007,0,,68,12,1,,,,1,1,36,8,1,,4,7,20,7,11,0,11/27/2020,17:47,53058492,58492,0,0,0,3,1,28,58,,,96,,,,,,98,,,,,,98034,53,72,210,6,1,0,0,0,1,,0,,,,,,0,09/15/2018,09/15/2018,20,2,9,0,0,9,8,,,0,,,8,8,2,1,,,1,,,2,1,0.225,,,,,,,,,,,,,,,,,,,,,,,,,,,,,,0,0,0,0,1,1,0,1,0,0,0,0,0,0,0,0,0,0,0,1,0,0,0,0,0,0,0,0,0,1,0,0,0,1,0,,1,0,0,0,0,1,0,1,0,0,0,0,0,1,0,1,,,,,,36-40,36-45,County road,U,Friday,Not Used,PV,Hispanic,0,1,1,0,County Road,County Sheriff,King County Police,0,0,1,0,0,,,,,,0,0,0,,,,,,,,,,,98,98,98,298,,,,,20,7,,,,,,,,1,0,,,ISSAQUAH HOBART RD,10.474,,
2020,466,EA85825,25,11/27/2020,17:47,27,11,,33,King,0,1,,2,1,2,1,0,3,2,17:48,17:58,18:35,12,0,6,10.5,1,0,1,3,2,2,4,0,0,0,0,CR-ISSAQUAH HOBART RD S,,-121.9886306,47.44716667,0,2,66,62,4,35,14,0,0,1,2,12,3,1,2,1,14,2,1,53,0,59,403,2010,0,,12,,,,,,1,1,53,1,0,,1,0,3,0,11,0,,,,,0,0,0,3,1,0,,,,96,,,,,,0,,,,,,98034,53,73,210,6,1,0,0,0,0,,0,,,,,,0,,,1,0,0,0,8,9,8,,,0,,,8,8,0,0,,,0,,,0,0,996,,,,,,,,,,,,,,,,,,,,,,,,,,,,,,0,0,0,0,1,1,0,1,0,0,0,0,0,0,0,0,0,0,0,1,0,0,0,0,0,0,0,0,0,1,0,0,0,0,0,,0,0,0,0,0,0,0,0,0,0,0,0,0,0,0,0,,,,,,51-55,46-55,County road,U,Friday,Belt Used,PV,Not Fatal,0,1,1,0,County Road,County Sheriff,King County Police,0,0,1,0,0,,,,,,0,0,0,,,,,,,,,,,98,98,98,0,,,,,20,7,,,,,,,,1,0,,,ISSAQUAH HOBART RD,10.474,,
2021,230,EB49167,7,07/04/2021,18:34,4,7,,33,King,1830,1,,1,1,2,1,0,3,2,,,,1,0,0,0.1,5,1,1,1,2,1,1,0,0,0,0,I-405 RAMP,,-122.1972111,47.53156389,0,2,98,78,4,60,34,1,0,1,5,12,1,1,3,3,1,2,1,53,0,20,481,2005,0,,12,,,,,,1,1,51,1,0,,0,0,3,0,11,0,,,,,0,0,3,3,1,0,,,,96,,,,,,98,,,,,,98034,53,73,185,6,1,0,0,0,0,,0,,,,,,0,,,20,0,0,0,8,9,8,,,0,,,8,8,2,1,,,1,,,2,1,0,,,,,,,,,,,,,,,,,,,,,,,,,,,,,,0,0,0,0,1,1,0,1,0,0,0,0,1,0,0,0,0,0,0,0,0,0,0,0,0,0,0,0,1,1,0,0,0,0,0,,0,0,0,0,0,0,0,0,0,0,0,0,0,0,0,0,,,,,,51-55,46-55,Interstate,U,Sunday,Belt Used,PV,Not Fatal,0,1,0,0,State Route,State Patrol,Washington State Patrol,1,1,0,0,0,,,,,,0,0,0,,,,,,,,,,,98,98,98,0,,,,,20,,,,,,,,,1,0,,,,,,
2021,352,EB67467,163,09/03/2021,17:08,3,9,,33,King,1050,1,,1,1,2,1,0,3,2,,,,12,0,2,0,1,0,1,4,2,4,6,0,0,0,0,132ND AVE NE,,-122.1643,47.71495556,0,2,51,62,4,35,34,0,0,1,2,12,3,2,3,5,14,2,1,53,0,37,471,2019,0,,12,,,,,,1,1,52,1,0,,3,0,3,0,11,4,,,,,0,0,3,3,1,0,,,,96,,,,,,98,,,,,,98034,53,66,195,6,1,0,0,0,0,,0,,,,,,0,,,8,0,0,0,8,9,8,,,0,,,8,8,0,0,,,0,,,0,0,996,,,,,,,,,,,,,,,,,,,,,,,,,,,,,,0,0,0,0,0,0,1,1,0,0,0,0,1,1,0,0,0,0,0,1,0,0,0,0,0,0,0,0,0,1,0,0,0,0,0,,0,0,0,0,0,0,0,0,0,0,0,0,0,0,0,0,,,,,,51-55,46-55,City street,U,Friday,Belt Used,PV,Not Fatal,0,1,1,0,City Street,Municipal/City Police,Kirkland Police Department,0,0,0,1,0,,,,,,0,0,0,,,,,,,,,,,98,98,98,0,,,,,20,,,,,,,,,1,0,,,,,,
2021,528,EC00958,163,12/06/2021,9:45,6,12,,33,King,1050,10,,1,0,0,1,1,2,1,,,,8,0,0,0,4,0,1,7,2,4,6,0,0,0,0,119TH PL NE,,-122.1815417,47.73182222,0,1,92,20,2,0,14,0,0,1,2,8,0,0,0,0,13,2,1,53,0,34,402,2012,0,,8,,,,,,1,1,73,1,0,,0,0,3,0,11,0,,,,,0,0,3,3,1,10,38,,,0,,,,,,98,,,,,,98034,53,69,200,6,1,0,0,0,0,,97,,,,,,0,,,20,0,0,0,8,3,2,,,0,,,8,8,8,95,,,96,,,2,1,0,,,,,,,,,,,,,,,,,,,,,,,,,,,,,,0,0,0,0,0,0,0,0,0,0,0,0,0,0,0,0,0,0,1,0,0,0,0,0,0,1,1,0,0,1,0,1,0,0,0,,0,0,0,0,0,0,0,0,0,0,1,0,0,0,0,0,,,,,,71-75,66-75,City street,U,Monday,Belt Used,PV,Not Fatal,0,0,0,0,City Street,Municipal/City Police,Kirkland Police Department,0,0,0,1,0,,,,,,0,0,0,,,,,,,,,,,98,98,98,0,,,,,20,,,,,,,,,1,0,,,,,,
2018,447,E860990,7,11/09/2018,22:35,9,11,0,53,Pierce,0,1,0,3,1,2,1,0,2,2,,,,12,0,2,52.1,2,0,3,3,1,1,3,0,0,0,0,SR-7,115TH ST S,-122.4343361,47.15180833,0,2,69,62,4,35,4,0,0,1,2,12,1,2,5,5,1,1,1,53,0,49,40,1998,0,0,12,,,,,,1,1,20,1,0,0,3,0,3,0,11,4,,,,,0,0,0,3,1,0,0,0,0,96,,,,,,0,,,,,,98035,53,71,157,6,1,0,0,2,0,,0,,,,,,0,03/15/2018,04/15/2018,8,0,0,0,8,9,8,,,0,0,0,8,1,8,95,,,96,,,8,95,995,,,,,,,,,,,,,,,,,,,,,,,,,,,,,,0,0,0,1,1,0,0,0,0,0,0,0,0,0,0,0,0,0,0,1,0,1,1,0,1,0,0,0,0,1,0,0,0,0,0,,0,0,0,0,0,0,0,0,0,0,0,0,0,0,0,1,,,,,,18-20,16-25,State route,R,Friday,Belt Used,PV,Not Fatal,1,0,0,0,State Route,State Patrol,Washington State Patrol,0,1,0,0,0,,,,,,0,0,0,,,,,,,,,,,,,,,,,,,,,,,,,,,,,,,,,,,
2019,143,3706023,263,03/29/2019,21:17,29,3,,33,King,1960,1,0,3,1,2,1,1,1,1,,,,8,1,0,3.3,3,0,3,3,2,1,3,0,0,3,3,SR-522,NE 127TH ST,-122.2941417,47.72109167,0,1,13,80,5,98,4,0,0,1,5,8,1,1,3,2,1,1,2,53,0,35,43,2000,0,0,8,,,,,,1,1,61,1,0,,0,0,98,7,11,0,,,,,0,0,0,3,1,0,0,0,0,92,,,,,,99,,,,,,98036,53,71,179,6,1,0,0,0,0,,97,,,,,,0,,,98,0,0,0,8,9,8,,,0,0,0,8,9,8,95,,,96,,,8,95,995,,,,,,,,,,,,,,,,,,,,,,,,,,,,,,0,0,0,1,0,0,0,0,0,0,0,0,0,0,0,0,1,0,0,0,0,0,0,0,0,0,0,0,0,1,0,1,0,0,0,,0,0,0,0,0,0,0,0,1,0,0,0,0,0,0,0,,,,,,61-65,56-65,State route,U,Friday,Unknown,PV,Not Fatal,1,0,0,0,State Route,Municipal/City Police,Seattle Police Department,0,1,0,0,0,,,,,,0,0,0,,,,,,,,,,,98,98,98,0,,,,,20,7,,,,,,,,,,,,,,,
2019,478,3754063,263,11/29/2019,13:04,29,11,,33,King,1960,1,0,1,1,2,2,4,1,1,,,,31,1,0,28.5,1,0,1,2,2,1,3,0,0,0,0,SR-99,,-122.3472361,47.65415556,0,1,1,13,2,30,4,0,0,1,7,8,1,1,3,3,6,1,3,53,0,35,43,2019,0,0,63,31,30,1,8,8,1,1,23,2,0,,0,0,99,7,11,0,,,,,0,0,3,3,1,33,0,0,0,96,,,,,,99,,,,,,98036,53,64,130,6,1,0,0,0,0,,97,,,,,,3,,,8,0,0,0,8,9,8,,,0,0,0,8,9,2,695,605,,1,1,,2,1,0,,,,,,,,,,,,,,,,,,,,,,,,,,,,,,0,0,1,0,0,0,1,1,1,0,0,0,1,0,0,0,0,0,0,0,0,0,0,1,1,0,0,0,0,1,0,1,0,0,0,,0,0,0,0,0,0,1,1,0,1,0,0,0,0,1,0,,,,,,21-25,16-25,State route,U,Friday,Unknown,PV,Not Fatal,0,1,0,0,State Route,Municipal/City Police,Seattle Police Department,1,1,0,0,0,thc,1.9,carboxy-thc,13,,0,0,0,,,,,,,,,,,98,98,98,0,,,,,20,7,,,,,,,,,,,,,,,
2017,65,E645754,122,02/24/2017,20:11,24,2,0,61,Snohomish,690,10,0,3,1,2,1,0,3,1,20:11,20:23,20:54,39,1,0,0,1,0,1,5,2,4,6,0,0,0,0,HARDESON RD,,-122.2445639,47.928425,0,1,7,6,1,35,4,0,0,1,2,39,3,1,3,5,14,3,2,53,0,35,47,2014,0,0,68,64,39,,,,1,1,30,1,0,0,1,0,3,0,11,4,,,,,0,0,0,2,1,0,0,0,0,96,,,,,,99,,,,,,98036,53,68,185,1,1,0,1,0,1,3,97,,,,,,3,03/15/2015,01/15/2017,1,0,0,0,8,9,8,,,0,0,0,8,9,0,0,0,0,0,0,0,0,0,996,,,,,,,,,,,,,,,,,,,,,,,,,,,,,,0,0,0,0,0,0,0,0,0,0,0,0,1,1,0,0,0,0,0,1,0,0,0,0,0,0,0,0,0,1,0,0,0,0,0,,0,0,0,0,0,0,0,0,0,1,0,1,0,0,0,0,,,,,,26-30,26-35,City street,U,Friday,Belt Used,PV,Not Fatal,0,1,0,0,City Street,Municipal/City Police,Everett Police Department,1,0,0,1,0,,,,,,,,,,,,,,,,,,,,,,,,,,,,,,,,,,,,,,,,,,,
2017,435,E732107,2,10/23/2017,23:50,23,10,0,61,Snohomish,0,1,0,3,1,2,1,0,2,2,,,,12,0,7,43.5,1,0,1,3,2,1,3,0,0,0,0,SR-99,,-122.2882528,47.85743333,0,1,46,61,4,45,14,0,0,1,2,30,1,1,7,5,15,1,2,53,0,20,404,2011,0,0,12,63,30,,,,1,1,29,1,7,1,4,7,99,0,11,0,10/23/2017,23:50,1.21553E+11,46626,0,0,0,2,1,0,0,0,0,96,,,,,,9,,,,,,98036,53,68,190,1,1,0,1,0,0,0,0,,,,,,3,01/15/2013,01/15/2013,8,0,0,0,0,1,8,,,0,0,0,8,1,2,605,0,0,1,0,0,2,1,0.24,,,,,,,,,,,,,,,,,,,,,,,,,,,,,,0,0,0,0,1,1,1,1,1,0,0,0,1,1,0,0,0,0,0,0,0,0,0,0,0,0,0,0,0,1,0,0,0,0,0,,1,0,0,0,0,1,1,1,0,1,0,1,0,0,0,1,,,,,,26-30,26-35,State route,U,Monday,Unknown,PV,White,0,0,0,0,State Route,State Patrol,Washington State Patrol Headquarter,0,1,0,0,0,thc,32,carboxy-thc,29,,,,,,,,,,,,,,,,,,,,,,,,,,,,,,,,,,,,,,,
2018,483,E880661,2,12/30/2018,18:07,30,12,0,61,Snohomish,0,1,0,2,1,1,1,1,6,3,18:05,18:16,,8,0,0,213.5,1,0,1,1,1,1,1,0,0,0,0,I-5,,-122.2502056,48.24739444,0,3,98,80,5,70,14,0,0,1,5,8,1,1,3,3,1,3,2,53,0,49,402,2014,0,0,8,,,,,,1,1,37,1,0,0,0,0,3,0,11,0,,,,,0,0,3,3,1,0,0,0,0,96,,,,,,0,,,,,,98036,53,65,190,6,1,0,0,0,0,,0,,,,,,0,,,20,0,0,0,8,9,8,,,0,0,0,8,0,8,95,,,96,,,8,95,995,,,,,,,,,,,,,,,,,,,,,,,,,,,,,,0,0,0,0,0,0,0,0,0,0,0,0,0,0,0,0,0,0,0,0,0,0,0,0,0,0,0,0,0,1,0,1,0,0,0,,0,0,0,0,0,0,0,0,0,0,0,0,0,0,0,0,,,,,,36-40,36-45,Interstate,R,Sunday,Belt Used,PV,Not Fatal,0,0,0,0,State Route,State Patrol,Washington State Patrol,0,1,0,0,0,,,,,,0,0,0,,,,,,,,,,,,,,,,,,,,,,,,,,,,,,,,,,,
2019,499,E902536,2,03/08/2019,13:27,8,3,,61,Snohomish,1215,1,0,1,1,2,1,0,4,3,,,,12,0,1,0.4,3,1,2,1,2,1,1,0,0,3,3,I-5 RAMP LX19911,44TH AVE W,-122.2922889,47.81241389,0,1,20,50,3,98,2,0,0,1,7,12,1,2,3,6,1,1,1,53,0,20,9,1987,0,0,12,,,,,,1,1,66,1,7,,4,0,20,7,11,8,03/08/2019,18:47,1.21553E+11,11574,0,0,3,3,1,0,0,0,0,96,,,,,,1,,,,,,98036,53,76,200,6,1,0,0,2,0,,97,,,,,,3,07/15/2016,02/15/2018,20,0,0,0,0,9,8,,,0,0,0,8,0,2,605,,,1,,,2,1,0,,,,,,,,,,,,,,,,,,,,,,,,,,,,,,0,0,0,1,0,0,1,1,1,0,0,0,1,0,0,0,0,0,0,1,0,0,0,1,1,1,0,0,0,1,0,0,0,1,0,,1,0,0,0,0,0,1,1,0,1,0,0,0,0,1,0,,,,,,66-70,66-75,Interstate,U,Friday,Not Used,PV,White,1,0,0,0,State Route,State Patrol,Washington State Patrol,0,1,0,0,0,thc,2,,,,0,0,0,,,,,,,,,,,0,0,0,1,,,,,20,7,,,,,,,,,,,,,,,
2021,94,EB21078,39,04/02/2021,19:44,2,4,,61,Snohomish,0,1,,1,1,2,1,0,5,3,,,,12,0,2,0.9,1,0,1,5,2,2,4,0,0,0,0,CR-NORTH RD,,-122.2368556,47.837575,0,2,51,62,4,35,34,0,0,1,2,12,3,2,3,3,14,1,1,53,0,20,481,2020,0,,12,,,,,,1,1,42,1,0,,2,0,3,0,11,5,,,,,0,0,3,3,1,0,,,,96,,,,,,98,,,,,,98036,53,74,220,6,1,0,0,0,1,,0,,,,,,0,09/15/2020,09/15/2020,8,0,0,0,8,9,8,,,0,,,8,8,2,1,,,1,,,2,1,0,,,,,,,,,,,,,,,,,,,,,,,,,,,,,,0,0,0,0,0,0,1,1,0,0,0,0,1,0,0,0,0,0,0,0,0,0,0,0,0,0,0,0,0,1,0,0,0,0,0,,0,0,0,0,0,0,0,0,0,0,0,0,0,0,0,0,,,,,,41-45,36-45,County road,U,Friday,Belt Used,PV,Not Fatal,0,1,1,0,County Road,County Sheriff,Snohomish County Sheriff's Office,0,0,1,0,0,,,,,,0,0,0,,,,,,,,,,,98,98,98,0,,,,,20,,,,,,,,,1,14,,,NORTH RD,0.931,NULL,
2020,111,3836302,263,04/01/2020,20:15,1,4,,33,King,1960,1,,3,1,2,1,1,1,1,,,,8,1,0,33.2,3,0,2,3,2,1,3,0,0,3,3,SR-99,N 125TH ST,-122.3449417,47.71958611,0,1,13,80,5,40,4,0,0,1,5,8,1,1,4,1,1,1,1,53,0,49,32,2014,0,,8,,,,,,1,1,21,1,0,,0,0,99,7,11,0,,,,,0,0,0,3,1,0,,,,96,,,,,,9,,,,,,98037,53,70,207,6,1,0,0,0,1,,97,,,,,,3,06/15/2017,06/15/2017,99,0,0,0,8,9,8,,,0,,,8,1,2,1,,,1,,,2,1,0.1,,,,,,,,,,,,,,,,,,,,,,,,,,,,,,0,0,0,1,1,1,0,1,0,1,0,1,1,0,0,0,0,0,0,0,0,0,0,1,1,0,0,0,0,1,0,1,0,0,0,,0,0,0,0,0,1,0,1,0,1,0,0,0,1,0,1,,,,,,21-25,16-25,State route,U,Wednesday,Unknown,PV,Not Fatal,1,0,0,0,State Route,Municipal/City Police,Seattle Police Department,0,1,0,0,0,,,,,,0,0,0,,,,,,,,,,,98,98,98,0,,,,,20,7,,,,,,,,1,0,,,,,,
2017,20,E633291,184,01/17/2017,21:05,17,1,0,61,Snohomish,1215,2,0,3,2,2,1,1,1,1,21:06,21:09,,8,0,0,0,1,0,1,4,2,4,6,0,0,0,0,176TH ST SW,,-122.2937917,47.83918333,0,1,13,80,5,30,4,0,0,1,5,8,1,1,4,1,1,1,1,53,0,21,21,1999,0,0,8,,,,,,1,1,53,2,0,0,0,0,3,0,11,0,,,,,0,0,3,3,1,91,0,0,0,96,,,,,,9,,,,,,98037,53,64,230,6,1,0,0,0,0,0,1,,,,,,3,,,20,0,0,0,8,9,2,,,0,0,0,1,9,2,996,996,0,1,1,0,2,1,0,,,,,,,,,,,,,,,,,,,,,,,,,,,,,,0,0,0,0,0,0,1,1,0,1,1,1,1,0,0,0,0,1,0,0,0,0,0,0,0,0,0,0,0,1,0,1,0,0,0,,0,0,0,0,0,0,1,1,0,1,0,0,0,0,1,0,,,,,,51-55,46-55,City street,U,Tuesday,Belt Used,PV,Not Fatal,0,0,0,0,City Street,Municipal/City Police,Lynnwood Police Department,0,0,0,1,0,,,,,,,,,,,,,,,,,,,,,,,,,,,,,,,,,,,,,,,,,,,
2017,466,E759193,2,11/05/2017,1:04,5,11,0,61,Snohomish,690,2,0,2,2,2,1,0,1,1,1:10,1:57,,25,0,0,190.7,1,0,1,1,2,1,1,0,0,0,0,I-5,,-122.2015111,47.92746667,0,1,7,6,1,60,6,0,0,1,2,1,2,4,5,3,14,1,1,53,0,49,47,2007,0,0,64,25,1,25,,,1,1,42,1,7,7,4,7,3,0,11,0,11/05/2017,1:30,69053048242,48242,0,0,0,3,1,0,0,0,0,96,,,,,,99,,,,,,98037,53,66,250,6,1,0,0,1,1,0,0,,,,,,4,05/15/2015,04/15/2017,1,0,0,0,0,9,8,,,0,0,0,8,9,2,401,417,0,1,1,0,2,1,0.065,,,,,,,,,,,,,,,,,,,,,,,,,,,,,,0,0,0,0,1,0,1,1,0,0,0,0,1,0,0,0,0,0,0,0,0,0,0,0,0,0,0,0,0,1,0,0,0,0,0,,1,0,0,0,1,0,1,1,0,1,0,0,0,0,0,1,,,,,,41-45,36-45,Interstate,U,Sunday,Belt Used,PV,API,0,1,0,0,State Route,State Patrol,Washington State Patrol Headquarter,1,1,0,0,0,,,,,,,,,,,,,,,,,,,,,,,,,,,,,,,,,,,,,,,,,,,
2018,276,E828065,3,08/06/2018,16:10,6,8,0,53,Pierce,0,1,0,1,1,7,3,0,6,2,,,,12,0,6,5.3,2,0,2,4,1,1,3,0,0,4,3,SR-702,8TH AVE,-122.4423667,46.93728611,0,1,86,17,2,45,20,0,0,1,7,12,1,2,2,1,1,2,1,53,0,7,442,2003,0,0,12,63,30,,,,1,1,36,2,0,0,3,0,3,0,11,8,,,,,0,0,0,3,1,38,39,0,0,96,,,,,,9,,,,,,98037,53,65,150,6,1,0,1,0,0,,1,,,,,,0,05/15/2016,05/15/2016,8,0,0,0,8,9,8,,,0,0,0,8,1,2,401,417,,1,1,,2,1,0.12,,,,,,,,,,,,,,,,,,,,,,,,,,,,,,0,0,0,1,1,1,1,1,0,0,0,0,0,0,0,0,0,0,1,1,0,0,0,0,0,0,0,0,0,1,0,0,0,0,0,,0,0,0,0,0,1,1,1,0,0,1,0,0,0,0,1,,,,,,36-40,36-45,State route,R,Monday,Belt Used,PV,Not Fatal,1,0,0,0,State Route,State Patrol,Washington State Patrol,0,1,0,0,0,,,,,,0,0,0,,,,,,,,,,,,,,,,,,,,,,,,,,,,,,,,,,,
2019,278,E948517,2,05/03/2019,8:08,3,5,,61,Snohomish,0,10,0,1,1,2,1,0,4,2,,,,12,0,1,43.4,3,0,3,3,2,1,3,0,0,3,3,SR-99,156TH ST SW,-122.2879028,47.85777778,0,1,20,9,1,98,5,0,0,1,7,1,1,1,4,2,1,1,1,53,0,49,46,2013,0,0,12,1,,,,,1,1,41,1,7,,4,7,3,0,11,0,05/03/2019,8:08,53021176,21176,0,0,0,2,1,0,0,0,0,92,,,,,,99,,,,,,98037,53,72,170,1,1,0,1,2,1,,0,,,,,,0,08/15/2017,07/15/2018,20,0,0,0,0,9,8,,,0,0,0,8,9,2,996,401,417,1,1,1,2,1,0,,,,,,,,,,,,,,,,,,,,,,,,,,,,,,0,0,0,1,0,0,1,1,0,0,0,0,0,1,0,0,1,0,0,0,0,0,0,0,0,0,0,0,0,1,1,0,0,0,0,,1,0,0,0,0,0,1,1,1,0,0,1,0,0,1,0,,,,,,41-45,36-45,State route,U,Friday,Belt Used,PV,White,0,0,0,0,State Route,State Patrol,Washington State Patrol,0,1,0,0,0,,,,,,0,0,3,,,,,,,,,,,98,98,98,1,,,,,20,7,,,,,,,,,,,,,,,
2019,278,E948517,2,05/03/2019,8:08,3,5,,61,Snohomish,0,10,0,1,1,2,1,0,4,2,,,,12,0,1,43.4,3,0,3,3,2,1,3,0,0,3,3,SR-99,156TH ST SW,-122.2879028,47.85777778,0,2,21,60,4,98,61,0,0,1,5,12,1,1,4,2,5,3,3,53,0,38,882,2005,0,0,12,,,,,,1,1,35,1,0,,1,0,3,0,11,8,,,,,0,0,0,3,1,0,0,0,0,0,,,,,,0,,,,,,98037,53,70,185,6,1,0,0,0,0,,0,,,,,,0,,,20,0,0,0,8,9,8,,,0,0,0,8,0,8,95,,,96,,,8,95,995,,,,,,,,,,,,,,,,,,,,,,,,,,,,,,0,0,0,1,0,0,1,1,0,0,0,0,0,1,0,0,1,0,0,0,0,0,0,0,0,0,0,0,0,1,1,0,0,0,0,,0,0,0,0,0,0,0,0,0,0,0,0,0,0,0,0,,,,,,31-35,26-35,State route,U,Friday,,MHTRUCK,Not Fatal,0,0,0,0,State Route,State Patrol,Washington State Patrol,0,1,0,0,0,,,,,,0,0,0,,,,,,,,,,,98,98,98,0,,,,,20,7,,,,,,,,,,,,,,,
2020,219,EA45328,6,06/29/2020,8:06,29,6,,37,Kittitas,0,1,,1,1,2,2,0,3,2,8:10,8:21,,14,0,0,68.3,1,0,1,1,1,1,1,0,0,0,0,I-90,,-121.1938167,47.25331389,0,1,11,11,2,70,34,0,0,1,2,14,2,2,2,3,14,1,1,53,0,20,481,2004,0,,63,14,,,,,1,1,58,1,0,,0,0,3,0,11,0,,,,,0,0,0,3,1,91,,,,96,,,,,,9,,,,,,98037,53,67,155,6,1,0,0,0,2,,1,12,,,,,0,10/15/2017,03/15/2018,1,0,0,0,8,3,2,,,0,,,1,8,2,515,513,695,1,1,1,2,1,0,,,,,,,,,,,,,,,,,,,,,,,,,,,,,,0,0,0,0,0,0,1,1,1,0,0,0,0,0,0,0,0,0,0,0,0,0,0,0,0,0,0,0,0,1,0,0,0,0,0,,0,0,0,0,0,0,1,1,0,0,0,0,0,0,1,0,,,,,,56-60,56-65,Interstate,R,Monday,Belt Used,PV,Not Fatal,0,1,0,0,State Route,State Patrol,Washington State Patrol,1,1,0,0,0,thc,1,carboxy-thc,20,,0,0,0,1,,,,,605,,,,,98,98,98,0,,,,,20,7,,,,,,,,1,23,,,,,,
2021,269,EB54578,39,08/03/2021,1:43,3,8,,61,Snohomish,0,1,,2,1,2,1,2,1,1,,,,8,0,0,0.3,1,0,1,6,1,2,4,0,0,0,0,CR-13TH AVE W,,-122.2513278,47.84509722,0,1,13,80,5,35,34,0,0,1,5,8,1,1,2,1,1,1,2,53,0,35,472,2000,0,,8,8,,,,,1,1,64,2,0,,0,0,3,0,11,0,,,,,0,0,0,2,1,10,,,,0,,,,,,98,,,,,,98037,53,61,125,1,1,0,0,1,0,,97,,,,,,0,04/15/2018,04/15/2018,20,0,0,0,8,9,8,,,0,,,8,8,8,95,,,96,,,8,95,995,,,,,,,,,,,,,,,,,,,,,,,,,,,,,,0,0,0,0,0,0,0,0,0,1,0,1,0,1,0,0,0,0,0,0,0,0,0,0,0,0,0,0,0,1,0,1,0,0,0,,0,0,0,0,0,0,0,0,0,0,0,1,0,0,0,0,,,,,,61-65,56-65,County road,R,Tuesday,Belt Used,PV,Not Fatal,0,0,0,0,County Road,County Sheriff,Snohomish County Sheriff's Office,0,0,1,0,0,,,,,,0,0,1,,,,,,,,,,,98,98,98,0,,,,,20,,,,,,,,,1,0,,,13TH AVE W,0.316,NULL,