year,case,par,repjur,crash_dt,crash_tm,accday,accmon,holiday,county,co_char,city,weather,weather2,lightcond,surfcond,surftype,numfatal,nmforms,pforms,vforms,not_tm,arr_tm,hosp_tm,fhevent,hitrun,manncol,milepnt,reljunc,reljuncinter,intersectiontype,funcsystem,landuse,ownership,route,schlbus,spejur,contdev,devfunc,trafid1,trafid2,x,y,wk_zone,vnumber,crashtype,criticalevent,criticaleventcat,spdlim,body,trailer,emerg,hazcargo,leave,mhevent,roadalgn,roadprof,traflane,trafflow,vehmanvr,numoccs,regowner,regstate,spuse,make,model,modelyr,vrf1,vrf2,seqevent1,seqevent2,seqevent3,seqevent4,seqevent5,seqevent6,pnumber,ptype,age,sex,hispanic,race,injury,diedscene,restraint,restraintmisuse,seatpos,takehosp,death_dt,death_tm,cert,cernum_wa,commlic,licendor,licrestrict,liccomp,drivpres,drf1,drf2,drf3,drf4,distract1,distract2,distract3,distract4,distract5,distract6,dricond1,dricond2,dricond3,dricond4,dricond5,dricond6,dzip,licstate,drhgt_in,weight,noncdl,noncdltype,prevdwi,prevoth,prevacc,prevspd,prevsus,driviol1,driviol2,driviol3,driviol4,driviol5,driviol6,spdrel,first_dt,last_dt,airbag,ejection,ejectpath,extricat,injurwrk,methalc,methdrug,nmlocat,strikveh,prf1,prf2,prf3,druginv,alcinvol,drugsts,drugres1,drugres2,drugres3,drugtst1,drugtst2,drugtst3,alcsts,alctst,alcres,nmact1,nmact2,nmact3,nmact4,nmact5,nmact6,nmprior1,nmprior2,nmprior3,nmprior4,nmprior5,nmprior6,nmcond1,nmcond2,nmcond3,nmcond4,nmcond5,nmcond6,nmsafe_helmet,nmsafe_pads,nmsafe_oth,nmprev_ref,nmprev_lgt,nmprev_oth,crashlocation,nmcrashtype,crosswalk,schoolzone,sidewalk,train_inv,wildlife_inv,rotr_fars,intersect_fars,dd_inv,aid_inv,dpd_inv,id_inv,mj_inv,impnm_inv,ainm_inv,dpnm_inv,speed_inv,unlic_inv,unendmc_inv,drowsy_inv,drdist_inv,nmdist_inv,fty_inv,unrestfat_inv,dr1617_inv,dr1820_inv,dr1620_inv,dr2125_inv,dr1625_inv,dr65_inv,dr70_inv,dr75_inv,mc_inv,pv_inv,ht_inv,ped_inv,bike_inv,unrest_fat,mc_fat,unhelmet_mc,pv_fat,ht_fat,ped_fat,bike_fat,dr_alc7,dr_alc8,dr_drug,dr_imp,dr_dist,dr_spd,dr_fty,dr_unlic,dr_alc7only,dr_alc8only,dr_drugonly,dr_drink,nm_imp,nm_alc7,nm_alc8,nm_drug,nm_dist,agegrp1,agegrp2,roadclass,urbrur,dayweek,restuse,vehtype,race_me,intersect,lanedep,oppdir,wrongway,rep_typ,investag,repag_long,rotr,st_rd,cty_rd,city_rd,oth_rd,drug_thc,thc_res,drug_cthc,cthc_res,drug_cann,prevpersemin,prevperse,prevsusoth,drugtst4,drugtst5,drugtst6,drugtst7,drugtst8,drugres4,drugres5,drugres6,drugres7,drugres8,adspresent,adsengaged,adslevel,race1,race2,race3,race4,race5,helmet,helmetmisuse,nmdistract1,nmdistract2,nmdistract3,nmdistract4,nmdistract5,nmdistract6,lab,isedtcase,crf1,crf2,crf3,CoRoadName,CoMP,IntCoRoadName,IntCoMP
2021,376,EB72444,39,09/06/2021,22:24,6,9,,61,Snohomish,0,1,,3,1,2,1,0,4,3,,,,12,0,6,0.7,2,0,2,3,2,2,4,0,0,3,3,CR-164TH ST SW,25TH AVE W,-122.2673333,47.84992222,0,3,98,98,7,40,34,0,0,1,2,12,1,2,5,5,1,1,2,53,0,12,471,1993,0,,12,,,,,,1,1,18,1,0,,0,0,3,0,11,0,,,,,0,0,0,3,1,0,,,,96,,,,,,98,,,,,,98037,53,68,150,6,2,0,0,0,0,,97,,,,,,2,,,20,0,0,0,8,9,8,,,0,,,8,8,0,0,,,0,,,0,0,996,,,,,,,,,,,,,,,,,,,,,,,,,,,,,,0,0,0,1,1,1,1,1,0,0,0,0,1,1,0,0,0,0,0,0,0,1,1,0,1,0,0,0,0,1,0,0,0,0,0,,0,0,0,0,0,0,0,0,0,1,0,0,0,0,0,0,,,,,,18-20,16-25,County road,U,Monday,Belt Used,PV,Not Fatal,1,0,0,0,County Road,County Sheriff,Snohomish County Sheriff's Office,0,0,1,0,0,,,,,,0,0,0,,,,,,,,,,,0,0,0,0,,,,,20,,,,,,,,,1,0,,,164TH ST SW,0.677,NULL,
2021,486,EB92278,7,10/25/2021,2:05,25,10,,33,King,1960,10,,3,2,2,1,0,1,1,,,,24,0,0,167,1,0,1,1,2,1,1,0,0,0,0,I-5,,-122.32785,47.62788889,0,1,6,12,2,60,3,0,0,1,2,24,1,1,4,3,1,1,1,53,0,49,50,2006,0,,64,24,,,,,1,1,37,2,7,,4,0,3,0,11,5,10/25/2021,3:45,1.96053E+11,56342,0,0,0,3,1,0,,,,96,,,,,,98,,,,,,98037,53,63,130,6,1,0,1,1,0,,0,,,,,,0,02/15/2017,07/15/2018,8,1,9,0,0,9,8,,,0,,,8,8,2,605,,,1,,,2,1,0.13,,,,,,,,,,,,,,,,,,,,,,,,,,,,,,0,0,1,0,1,1,1,1,1,0,0,0,0,0,0,0,0,0,0,0,0,0,0,0,0,0,0,0,0,1,0,0,0,0,0,,1,0,0,0,0,1,1,1,0,0,0,0,0,0,0,1,,,,,,36-40,36-45,Interstate,U,Monday,Belt Used,PV,API,0,1,0,0,State Route,State Patrol,Washington State Patrol,1,1,0,0,0,thc,3.7,,,,0,0,0,,,,,,,,,,,98,98,98,7,,,,,20,,,,,,,,nms,1,0,,,,,,
2021,491,EB93812,2,11/25/2021,15:52,25,11,,61,Snohomish,0,2,,1,2,2,1,0,8,5,,,,12,0,1,7.6,1,0,1,4,1,1,3,0,0,0,0,SR-532,,-122.2942583,48.23639167,0,2,25,53,3,55,14,0,0,1,2,12,1,1,3,1,1,2,2,53,0,12,402,2011,0,,12,68,12,12,,,1,1,28,1,0,,3,0,3,0,11,0,,,,,0,0,0,2,1,0,,,,96,,,,,,9,,,,,,98037,53,72,175,3,1,1,1,2,2,,0,,,,,,0,08/15/2019,01/15/2021,8,0,0,0,8,9,8,,,0,,,1,8,8,95,,,96,,,2,1,997,,,,,,,,,,,,,,,,,,,,,,,,,,,,,,0,0,0,0,0,0,0,0,0,0,0,0,1,1,0,0,0,0,0,0,0,0,0,0,0,0,0,0,0,1,0,0,0,0,0,,0,0,0,0,0,0,0,0,0,0,0,1,0,0,0,0,,,,,,26-30,26-35,State route,R,Thursday,Belt Used,PV,Not Fatal,0,0,0,0,State Route,State Patrol,Washington State Patrol,0,1,0,0,0,,,,,,0,1,2,,,,,,,,,,,98,98,98,0,,,,,20,,,,,,,,,1,0,,,,,,
2018,293,3751258,263,06/22/2018,0:26,22,6,0,33,King,1960,1,0,3,1,1,1,0,5,4,,,,12,0,6,0,2,0,2,7,2,4,6,0,0,3,3,NW MARKET ST,15TH AVE NW,-122.3762194,47.66867222,0,1,89,17,2,30,34,0,0,1,7,12,1,1,6,1,1,2,2,53,0,41,471,1998,0,0,12,63,30,,,,1,1,49,1,7,1,4,7,99,0,11,0,06/22/2018,0:26,1.96053E+11,31282,0,0,0,2,1,39,0,0,0,96,,,,,,99,,,,,,98038,53,69,190,1,1,0,2,2,0,,0,,,,,,0,10/15/2013,08/15/2014,8,0,0,1,0,9,8,,,0,0,0,8,9,2,177,417,,1,1,,2,1,0,,,,,,,,,,,,,,,,,,,,,,,,,,,,,,0,0,0,1,0,0,1,1,0,0,0,0,0,1,0,0,0,0,0,0,0,1,1,1,1,0,0,0,0,1,0,0,0,0,0,,1,0,0,0,0,0,1,1,0,0,0,1,0,0,1,0,,,,,,46-50,46-55,City street,U,Friday,Unknown,PV,White,1,0,0,0,City Street,Municipal/City Police,Seattle Police Department,0,0,0,1,0,,,,,,0,0,0,,,,,,,,,,,,,,,,,,,,,,,,,,,,,,,,,,,
2017,206,E685188,55,06/19/2017,17:32,19,6,0,33,King,100,1,0,1,1,2,1,0,5,5,17:48,17:53,18:17,12,0,1,0,3,0,2,3,2,1,3,0,0,3,3,SR-167 RAMP LX01577,15TH ST NW,-122.2558361,47.29561944,0,4,21,53,3,35,80,0,0,1,2,12,1,2,2,1,5,1,1,53,0,72,706,2014,0,0,12,,,,,,1,1,36,1,7,1,4,7,19,0,11,0,06/19/2017,17:32,10053028116,28116,0,0,0,3,1,0,0,0,0,0,,,,,,0,,,,,,98038,53,72,180,6,1,0,0,0,0,0,0,,,,,,0,,,20,8,0,0,0,9,8,,,0,0,0,8,0,2,605,0,0,1,0,0,2,1,0,,,,,,,,,,,,,,,,,,,,,,,,,,,,,,0,0,0,1,0,0,1,1,1,0,0,0,1,0,0,0,0,0,0,0,0,0,0,0,0,0,0,0,1,1,0,0,0,0,1,0,0,0,0,0,0,0,1,1,0,0,0,0,0,0,1,0,,,,,,36-40,36-45,State route,U,Monday,,MC,White,1,0,0,0,State Route,Municipal/City Police,Auburn Police Department,0,1,0,0,0,thc,1.6,carboxy-thc,8,,,,,,,,,,,,,,,,,,,,,,,,,,,,,,,,,,,,,,,
2017,396,E717843,35,09/30/2017,5:12,30,9,0,53,Pierce,0,10,0,2,2,1,1,0,2,1,5:13,5:38,,1,0,0,0.1,1,0,1,5,1,2,4,0,0,0,0,CR-FAIRFAX FOREST RESERVE RD,,-122.039325,47.03336667,0,1,98,13,2,30,14,0,0,1,2,1,3,2,2,1,14,2,2,53,0,2,404,1995,0,0,63,69,1,,,,1,1,20,1,7,1,4,7,20,0,11,0,09/30/2017,5:12,25053042737,42737,0,0,0,3,1,0,0,0,0,92,,,,,,9,,,,,,98038,53,68,130,6,1,0,0,0,3,0,12,,,,,,0,03/15/2016,01/15/2017,20,1,9,0,0,1,8,,,0,0,0,8,1,2,1,0,0,1,0,0,2,1,0.18,,,,,,,,,,,,,,,,,,,,,,,,,,,,,,0,0,0,0,1,1,0,1,0,0,0,0,0,0,0,0,1,0,0,1,0,1,1,0,1,0,0,0,0,1,0,0,0,1,0,,1,0,0,0,0,1,0,1,1,0,0,0,0,1,0,1,,,,,,18-20,16-25,County road,R,Saturday,Not Used,PV,White,0,0,0,0,County Road,County Sheriff,Law Enforcement Support Agency,0,0,1,0,0,,,,,,,,,,,,,,,,,,,,,,,,,,,,,,,,,,,,,,,,,,,
2017,411,E719488,25,10/03/2017,10:54,3,10,0,33,King,0,1,0,1,1,1,1,0,1,1,,,,42,0,0,5,1,0,1,6,1,2,4,0,0,0,0,CR-SE KENT KANGLEY RD,,-121.9173917,47.35793056,0,1,2,9,1,45,4,0,0,1,2,42,1,2,2,1,1,1,2,53,0,37,31,2003,0,0,68,63,42,,,,1,1,51,2,7,1,4,7,20,0,11,0,10/03/2017,10:54,53044255,44255,0,0,0,2,1,0,0,0,0,96,,,,,,99,,,,,,98038,53,66,164,1,1,0,0,0,2,1,0,,,,,,4,09/15/2015,09/15/2015,20,1,9,0,0,9,8,,,0,0,0,8,9,2,401,417,0,1,1,0,2,1,0,,,,,,,,,,,,,,,,,,,,,,,,,,,,,,0,0,0,0,0,0,1,1,0,0,0,0,1,1,0,0,0,0,0,1,0,0,0,0,0,0,0,0,0,1,0,0,0,1,0,,1,0,0,0,0,0,1,1,0,1,0,1,0,0,1,0,,,,,,51-55,46-55,County road,R,Tuesday,Not Used,PV,White,0,1,0,0,County Road,County Sheriff,King County Police,1,0,1,0,0,,,,,,,,,,,,,,,,,,,,,,,,,,,,,,,,,,,,,,,,,,,
2018,202,E811927,162,06/17/2018,20:41,17,6,0,33,King,1264,1,0,1,1,1,1,0,3,3,,,,12,0,6,12.5,2,0,3,3,2,1,3,0,0,20,3,SR-169,SE 251ST ST,-122.0262306,47.376625,0,1,82,15,2,25,4,0,0,1,7,12,1,2,2,1,11,1,1,53,0,49,40,2012,0,0,12,12,,,,,1,1,43,2,0,0,2,0,3,0,11,5,,,,,0,0,0,3,1,38,0,0,0,96,,,,,,0,,,,,,98038,53,66,130,6,1,0,0,0,0,,97,,,,,,0,,,8,0,0,0,8,9,8,,,0,0,0,8,0,8,95,,,96,,,8,95,995,,,,,,,,,,,,,,,,,,,,,,,,,,,,,,0,0,0,1,1,1,1,1,1,0,0,0,1,0,0,0,0,0,1,0,0,0,0,0,0,0,0,0,1,1,0,0,0,0,0,,0,0,0,0,0,0,0,0,0,0,1,0,0,0,0,0,,,,,,41-45,36-45,State route,U,Sunday,Belt Used,PV,Not Fatal,1,0,0,0,State Route,County Sheriff,King County Police,0,1,0,0,0,,,,,,0,0,0,,,,,,,,,,,,,,,,,,,,,,,,,,,,,,,,,,,
2018,274,E827924,7,08/05/2018,21:44,5,8,0,33,King,0,1,0,3,1,2,1,0,2,2,,,,12,0,2,20.9,1,0,1,3,1,1,3,0,0,0,0,SR-18,,-121.9748306,47.43580556,0,1,50,54,3,98,15,0,0,1,2,12,3,2,3,3,14,1,2,53,0,37,421,2008,0,0,12,,,,,,1,1,68,1,0,0,9,0,3,0,11,8,,,,,0,0,0,3,1,51,0,0,0,96,,,,,,99,,,,,,98038,53,74,220,6,1,0,0,0,0,,97,,,,,,0,,,8,0,0,0,8,9,8,,,0,0,0,8,9,2,177,605,695,1,1,1,2,1,0,,,,,,,,,,,,,,,,,,,,,,,,,,,,,,0,0,0,0,0,0,1,1,1,0,0,0,0,0,0,0,0,0,0,0,0,0,0,0,0,1,0,0,0,1,0,0,0,0,0,,0,0,0,0,0,0,1,1,0,0,0,0,0,0,1,0,,,,,,66-70,66-75,State route,R,Sunday,Belt Used,PV,Not Fatal,0,0,0,1,State Route,State Patrol,Washington State Patrol,0,1,0,0,0,thc,2,carboxy-thc,11,,0,0,0,1,1,,,,996,996,,,,,,,,,,,,,,,,,,,,,,,,,,,,
2019,55,E897773,188,02/22/2019,18:48,22,2,,33,King,1264,2,0,3,2,1,1,1,4,2,,,,8,0,0,12.4,3,0,2,3,2,1,3,0,0,0,0,SR-169,SE 253RD PL,-122.0248028,47.37480833,0,1,13,80,5,45,20,0,0,1,7,8,1,3,5,1,1,2,2,53,0,37,441,2014,0,0,8,,,,,,1,1,43,2,0,,0,0,3,0,11,0,,,,,0,0,3,3,1,0,0,0,0,0,,,,,,0,,,,,,98038,53,68,140,6,1,0,0,0,0,,0,,,,,,0,,,20,0,0,0,8,9,8,,,0,0,0,8,0,8,95,,,96,,,8,95,995,,,,,,,,,,,,,,,,,,,,,,,,,,,,,,0,0,0,1,0,0,0,0,0,0,0,0,0,0,0,0,0,0,0,0,0,0,0,0,0,0,0,0,0,1,0,1,0,0,0,,0,0,0,0,0,0,0,0,0,0,0,0,0,0,0,0,,,,,,41-45,36-45,State route,U,Friday,Belt Used,PV,Not Fatal,1,0,0,0,State Route,Municipal/City Police,Maple Valley Police Dept,0,1,0,0,0,,,,,,0,0,0,,,,,,,,,,,98,98,98,0,,,,,20,7,,,,,,,,,,,,,,,
2019,386,E976671,188,10/22/2019,13:01,22,10,,33,King,1264,2,0,1,2,1,1,0,2,2,,,,12,0,6,11.7,2,0,2,3,2,1,3,0,0,3,3,SR-169,SE 264TH ST,-122.0217917,47.36520833,0,1,68,15,2,35,4,0,0,1,7,12,1,1,5,1,11,1,1,53,0,37,32,2006,0,0,12,,,,,,1,1,82,2,7,,4,0,3,0,11,4,10/23/2019,11:50,1.96053E+11,46954,0,0,0,3,1,38,0,0,0,96,,,,,,0,,,,,,98038,53,64,160,6,1,0,0,0,0,,0,,,,,,0,,,8,0,0,0,0,9,8,,,0,0,0,8,0,2,1,,,1,,,2,1,0,,,,,,,,,,,,,,,,,,,,,,,,,,,,,,0,0,0,1,0,0,0,0,0,0,0,0,0,0,0,0,0,0,1,0,0,0,0,0,0,1,1,1,0,1,1,0,0,0,0,,1,0,0,0,0,0,0,0,0,0,1,0,0,0,0,0,,,,,,81+,76+,State route,U,Tuesday,Belt Used,PV,White,1,0,0,0,State Route,Municipal/City Police,Maple Valley Police Dept,0,1,0,0,0,,,,,,0,0,0,,,,,,,,,,,98,98,98,1,,,,,20,7,,,,,,,,,,,,,,,
2020,537,EA20154,160,02/29/2020,1:33,29,2,,33,King,1030,10,,3,2,2,1,0,1,1,,,,33,0,0,0,1,0,1,4,2,4,6,0,0,0,0,84TH AVE S,,-122.2280667,47.42580278,0,1,2,13,2,40,4,0,0,1,2,42,1,1,5,5,98,1,2,53,0,58,32,1994,0,,63,33,69,68,64,42,1,1,24,1,2,,4,0,20,7,11,5,03/01/2020,13:33,1.96053E+11,12041,0,0,2,2,1,74,,,,96,,,,,,98,,,,,,98038,53,67,140,1,1,2,1,1,1,,97,,,,,,4,01/15/2016,07/15/2019,20,0,0,0,0,9,8,,,0,,,8,8,2,1,,,1,,,2,1,0.169,,,,,,,,,,,,,,,,,,,,,,,,,,,,,,0,0,0,0,1,1,0,1,0,0,0,0,1,1,0,0,0,0,0,1,0,0,0,1,1,0,0,0,0,1,0,0,0,1,0,,1,0,0,0,0,1,0,1,0,1,0,1,0,1,0,1,,,,,,21-25,16-25,City street,U,Saturday,Not Used,PV,Hispanic,0,1,0,0,City Street,Municipal/City Police,Kent Police Department,1,0,0,1,0,,,,,,0,1,2,,,,,,,,,,,0,0,0,1,,,,,20,7,,,,,,,,1,0,,,,,,
2020,277,EA54709,7,08/05/2020,18:43,5,8,,33,King,0,1,,1,1,2,1,0,1,1,,,,35,0,0,18.9,1,0,1,3,1,1,3,0,0,0,0,SR-169,,-122.0762833,47.45349167,0,1,7,6,1,50,15,0,0,1,2,1,2,1,2,1,6,1,1,53,0,42,421,2011,0,,68,64,35,52,1,,1,1,40,2,7,,4,7,20,7,11,0,08/05/2020,18:43,53036938,36938,0,0,0,3,1,0,,,,96,,,,,,98,,,,,,98038,53,66,150,6,1,0,0,0,0,,0,,,,,,4,,,8,1,9,0,0,9,8,,,0,,,8,8,2,996,334,,1,1,,2,1,0.286,,,,,,,,,,,,,,,,,,,,,,,,,,,,,,0,0,0,0,1,1,1,1,0,0,0,0,1,0,0,0,0,0,0,1,0,0,0,0,0,0,0,0,0,1,0,0,0,1,0,,1,0,0,0,0,1,1,1,0,1,0,0,0,0,0,1,,,,,,36-40,36-45,State route,R,Wednesday,Not Used,PV,White,0,1,0,0,State Route,State Patrol,Washington State Patrol,1,1,0,0,0,,,,,,0,0,0,,,,,,,,,,,98,98,98,1,,,,,20,7,,,,,,,,1,0,,,,,,
2020,308,EA59397,25,08/22/2020,23:24,22,8,,33,King,0,1,,3,1,2,1,0,8,2,23:42,23:58,0:43,12,0,6,0.9,1,0,1,5,2,2,4,0,0,40,3,CR-SE COVINGTON SAWYER,,-122.1000444,47.34351111,0,1,66,6,1,35,2,0,0,1,2,12,2,2,2,1,14,3,2,53,0,34,34,1998,0,,68,68,64,69,68,12,1,1,17,1,0,,1,0,3,0,11,5,,,,,0,0,3,3,1,0,,,,96,,,,,,98,,,,,,98038,53,74,140,6,2,0,0,0,0,,97,,,,,,4,,,8,0,0,0,8,9,8,,,0,,,8,8,8,95,,,96,,,8,95,995,,,,,,,,,,,,,,,,,,,,,,,,,,,,,,0,0,0,0,0,0,0,0,0,0,0,0,1,0,0,0,0,0,0,0,1,1,1,0,1,0,0,0,0,1,0,0,0,0,0,,0,0,0,0,0,0,0,0,0,1,0,0,0,0,0,0,,,,,,16-17,16-25,County road,U,Saturday,Belt Used,PV,Not Fatal,0,1,1,0,County Road,County Sheriff,King County Police,0,0,1,0,0,,,,,,0,0,0,,,,,,,,,,,0,0,0,0,,,,,20,7,,,,,,,,1,18,,,SE COVINGTON SAWYER RD,0.91,,
2021,180,EB39743,71,06/10/2021,0:01,10,6,,53,Pierce,210,1,,3,1,2,1,0,2,1,,,,59,0,0,11.9,3,0,3,3,2,1,3,0,0,3,3,SR-410,SR-165,-122.0363639,47.15806111,0,1,7,9,1,35,2,0,0,1,2,59,3,2,2,1,14,2,2,53,0,37,32,1995,0,,68,64,59,,,,1,1,26,2,0,,1,0,20,7,11,0,,,,,0,0,0,0,1,0,,,,96,,,,,,9,,,,,,98038,53,63,127,0,0,1,0,0,1,,0,,,,,,0,06/15/2020,04/15/2021,1,0,0,0,8,9,8,,,0,,,1,8,2,401,417,,1,1,,2,1,0,,,,,,,,,,,,,,,,,,,,,,,,,,,,,,0,0,0,1,0,0,1,1,0,0,0,0,0,1,0,0,0,0,0,1,0,0,0,0,0,0,0,0,0,1,0,0,0,0,0,,0,0,0,0,0,0,1,1,0,0,0,1,0,0,1,0,,,,,,26-30,26-35,State route,U,Thursday,Not Used,PV,Not Fatal,0,1,0,0,State Route,Municipal/City Police,Buckley Police Department,1,1,0,0,0,,,,,,0,0,1,,,,,,,,,,,0,0,0,0,,,,,20,,,,,,,,,1,0,,,,,,
2021,190,EB41940,21,06/13/2021,15:37,13,6,,25,Grant,0,10,,1,1,7,1,0,8,2,,,,12,0,6,,2,0,2,5,1,2,4,0,0,0,0,CR-DODSON RD N,RD 4 NW,-119.5554361,47.14794167,0,2,69,62,4,60,14,0,0,1,2,12,1,1,2,1,1,4,1,53,0,51,401,2018,0,,12,1,,,,,1,1,34,1,0,,2,0,3,0,11,0,,,,,6,0,0,3,1,0,,,,96,,,,,,98,,,,,,98038,53,74,250,6,1,0,1,1,0,,0,,,,,,0,04/15/2018,11/15/2019,8,0,0,0,8,9,8,,,0,,,8,8,8,95,,,96,,,8,95,995,,,,,,,,,,,,,,,,,,,,,,,,,,,,,,0,0,0,1,0,0,0,0,0,0,0,0,0,0,0,0,1,0,0,0,0,0,0,1,1,0,0,0,0,1,0,0,0,0,0,,0,0,0,0,0,0,0,0,0,0,0,0,0,0,0,0,,,,,,31-35,26-35,County road,R,Sunday,Belt Used,PV,Not Fatal,1,0,0,0,County Road,County Sheriff,Grant County Sheriff's Office,0,0,1,0,0,,,,,,0,0,0,,,,,,,,,,,98,98,98,0,,,,,20,,,,,,,,,1,0,,,DODSON RD,18.7,4 NW,0
2021,332,EB63713,25,08/26/2021,21:49,26,8,,33,King,0,10,,2,2,2,1,0,1,1,,,,42,0,0,1.1,1,0,1,6,1,2,4,0,0,0,0,CR-244TH AVE SE,,-122.0157917,47.41350278,0,1,2,9,1,35,2,0,0,1,5,42,1,2,2,1,1,1,1,53,0,12,4,1996,0,,63,42,53,43,,,1,1,29,1,7,,4,7,20,7,11,0,08/26/2021,21:49,53044009,44009,0,0,0,3,1,0,,,,96,,,,,,98,,,,,,98038,53,64,110,6,1,0,0,0,0,,0,,,,,,4,,,20,0,0,0,0,9,8,,,0,,,8,8,2,695,605,,1,1,,2,1,0.183,,,,,,,,,,,,,,,,,,,,,,,,,,,,,,0,0,0,0,1,1,1,1,1,0,0,0,1,0,0,0,0,0,0,1,0,0,0,0,0,0,0,0,0,1,0,0,0,1,0,,1,0,0,0,0,1,1,1,0,1,0,0,0,0,0,1,,,,,,26-30,26-35,County road,R,Thursday,Not Used,PV,White,0,1,0,0,County Road,County Sheriff,King County Police,1,0,1,0,0,thc,30,carboxy-thc,37,,0,0,0,,,,,,,,,,,0,0,0,1,,,,,20,,,,,,,,nms,1,0,,,244 AVE SE,1.124,NULL,
2021,397,EB75190,7,09/29/2021,2:02,29,9,,33,King,100,1,,3,1,2,1,0,6,5,,,,12,0,2,3.9,1,0,1,2,2,1,3,0,0,0,0,SR-18,,-122.2434222,47.30276944,0,1,52,54,3,60,4,0,0,1,2,12,1,1,2,3,1,1,1,53,0,41,51,2007,0,,12,12,,,,,1,1,28,1,7,,4,7,20,7,11,0,09/29/2021,2:02,10053049445,49445,0,0,0,3,1,6,51,,,96,,,,,,98,,,,,,98038,53,71,205,6,1,0,2,3,0,,0,,,,,,0,10/15/2018,09/15/2019,8,1,9,0,0,9,8,,,0,,,8,8,2,996,401,,1,1,,2,1,0.253,,,,,,,,,,,,,,,,,,,,,,,,,,,,,,0,0,0,0,1,1,1,1,0,0,0,0,0,0,0,0,0,0,0,1,0,0,0,0,0,0,0,0,0,1,1,0,0,1,0,,1,0,0,0,0,1,1,1,0,0,0,0,0,0,0,1,,,,,,26-30,26-35,State route,U,Wednesday,Not Used,PV,Other,0,0,0,1,State Route,State Patrol,Washington State Patrol,0,1,0,0,0,,,,,,0,0,0,,,,,,,,,,,98,98,98,98,,,,,20,,,,,,,,,1,0,,,,,,
2018,495,3795979,263,12/12/2018,22:07,12,12,0,33,King,1960,2,0,3,2,2,1,1,1,1,,,,8,0,0,0,1,0,1,3,2,4,6,0,0,0,0,15TH AVE W,W WHEELER ST,-122.3762,47.63920833,0,1,13,80,5,30,14,0,0,1,7,8,1,2,5,5,1,1,2,53,0,49,404,2008,0,0,8,,,,,,1,1,23,1,0,0,0,0,3,0,11,0,,,,,0,0,0,3,1,0,0,0,0,92,,,,,,0,,,,,,98040,53,70,180,6,1,0,0,0,2,,0,,,,,,0,04/15/2018,08/15/2018,20,0,0,0,8,9,8,,,0,0,0,8,0,8,95,,,96,,,8,95,995,,,,,,,,,,,,,,,,,,,,,,,,,,,,,,0,0,0,0,0,0,0,0,0,1,1,1,0,0,0,0,1,0,0,0,0,0,0,1,1,0,0,0,0,1,0,1,0,0,0,,0,0,0,0,0,0,0,0,1,0,0,0,0,0,0,0,,,,,,21-25,16-25,City street,U,Wednesday,Belt Used,PV,Not Fatal,0,0,0,0,City Street,Municipal/City Police,Seattle Police Department,0,0,0,1,0,thc,888,carboxy-thc,12,,0,0,0,,,,,,,,,,,,,,,,,,,,,,,,,,,,,,,,,,,
2018,65,E777812,7,03/11/2018,3:12,11,3,0,33,King,1960,1,0,3,1,1,1,0,2,2,,,,25,0,0,0.7,1,0,1,1,2,1,1,0,0,0,0,I-90,,-122.3192917,47.59407222,0,1,1,13,2,60,14,0,0,1,2,12,1,1,2,3,1,1,2,53,0,48,403,2018,0,0,63,25,69,12,63,25,1,1,20,1,0,0,1,0,3,0,11,5,,,,,0,0,0,3,1,51,91,0,0,96,,,,,,9,,,,,,98040,53,69,145,6,1,0,0,0,0,,1,,,,,,0,,,1,0,0,0,8,9,8,,,0,0,0,8,1,2,1,,,1,,,2,1,0.19,,,,,,,,,,,,,,,,,,,,,,,,,,,,,,0,0,1,0,1,1,0,1,0,0,0,0,0,0,0,0,0,0,0,1,0,1,1,1,1,0,0,0,0,1,0,0,0,0,0,,0,0,0,0,0,1,0,1,0,0,0,0,0,1,0,1,,,,,,18-20,16-25,Interstate,U,Sunday,Belt Used,PV,Not Fatal,0,1,0,0,State Route,State Patrol,Washington State Patrol Headquarter,1,1,0,0,0,,,,,,0,0,0,,,,,,,,,,,,,,,,,,,,,,,,,,,,,,,,,,,
2018,411,E852018,7,10/08/2018,20:33,8,10,7,33,King,0,2,0,3,2,1,1,0,1,1,,,,42,0,0,31.3,1,0,1,1,1,1,1,0,0,0,0,I-90,,-121.7525917,47.47357222,0,1,6,12,2,70,34,0,0,1,2,42,1,2,3,2,1,1,1,53,0,49,482,2016,0,0,64,65,64,42,,,1,1,39,1,7,1,4,7,3,0,11,0,10/08/2018,20:33,53044441,44441,0,0,0,3,1,0,0,0,0,96,,,,,,99,,,,,,98040,53,79,265,6,1,0,0,1,0,,0,,,,,,0,05/15/2017,05/15/2017,8,0,0,0,0,9,8,,,0,0,0,8,9,2,1,,,1,,,2,1,0,,,,,,,,,,,,,,,,,,,,,,,,,,,,,,0,0,1,0,0,0,0,0,0,0,0,0,0,0,0,0,0,0,0,0,0,0,0,0,0,0,0,0,0,1,0,0,0,0,0,,1,0,0,0,0,0,0,0,0,0,0,0,0,0,0,0,,,,,,36-40,36-45,Interstate,R,Monday,Belt Used,PV,White,0,1,0,0,State Route,State Patrol,Washington State Patrol,1,1,0,0,0,,,,,,0,0,0,,,,,,,,,,,,,,,,,,,,,,,,,,,,,,,,,,,