year,case,par,repjur,crash_dt,crash_tm,accday,accmon,holiday,county,co_char,city,weather,weather2,lightcond,surfcond,surftype,numfatal,nmforms,pforms,vforms,not_tm,arr_tm,hosp_tm,fhevent,hitrun,manncol,milepnt,reljunc,reljuncinter,intersectiontype,funcsystem,landuse,ownership,route,schlbus,spejur,contdev,devfunc,trafid1,trafid2,x,y,wk_zone,vnumber,crashtype,criticalevent,criticaleventcat,spdlim,body,trailer,emerg,hazcargo,leave,mhevent,roadalgn,roadprof,traflane,trafflow,vehmanvr,numoccs,regowner,regstate,spuse,make,model,modelyr,vrf1,vrf2,seqevent1,seqevent2,seqevent3,seqevent4,seqevent5,seqevent6,pnumber,ptype,age,sex,hispanic,race,injury,diedscene,restraint,restraintmisuse,seatpos,takehosp,death_dt,death_tm,cert,cernum_wa,commlic,licendor,licrestrict,liccomp,drivpres,drf1,drf2,drf3,drf4,distract1,distract2,distract3,distract4,distract5,distract6,dricond1,dricond2,dricond3,dricond4,dricond5,dricond6,dzip,licstate,drhgt_in,weight,noncdl,noncdltype,prevdwi,prevoth,prevacc,prevspd,prevsus,driviol1,driviol2,driviol3,driviol4,driviol5,driviol6,spdrel,first_dt,last_dt,airbag,ejection,ejectpath,extricat,injurwrk,methalc,methdrug,nmlocat,strikveh,prf1,prf2,prf3,druginv,alcinvol,drugsts,drugres1,drugres2,drugres3,drugtst1,drugtst2,drugtst3,alcsts,alctst,alcres,nmact1,nmact2,nmact3,nmact4,nmact5,nmact6,nmprior1,nmprior2,nmprior3,nmprior4,nmprior5,nmprior6,nmcond1,nmcond2,nmcond3,nmcond4,nmcond5,nmcond6,nmsafe_helmet,nmsafe_pads,nmsafe_oth,nmprev_ref,nmprev_lgt,nmprev_oth,crashlocation,nmcrashtype,crosswalk,schoolzone,sidewalk,train_inv,wildlife_inv,rotr_fars,intersect_fars,dd_inv,aid_inv,dpd_inv,id_inv,mj_inv,impnm_inv,ainm_inv,dpnm_inv,speed_inv,unlic_inv,unendmc_inv,drowsy_inv,drdist_inv,nmdist_inv,fty_inv,unrestfat_inv,dr1617_inv,dr1820_inv,dr1620_inv,dr2125_inv,dr1625_inv,dr65_inv,dr70_inv,dr75_inv,mc_inv,pv_inv,ht_inv,ped_inv,bike_inv,unrest_fat,mc_fat,unhelmet_mc,pv_fat,ht_fat,ped_fat,bike_fat,dr_alc7,dr_alc8,dr_drug,dr_imp,dr_dist,dr_spd,dr_fty,dr_unlic,dr_alc7only,dr_alc8only,dr_drugonly,dr_drink,nm_imp,nm_alc7,nm_alc8,nm_drug,nm_dist,agegrp1,agegrp2,roadclass,urbrur,dayweek,restuse,vehtype,race_me,intersect,lanedep,oppdir,wrongway,rep_typ,investag,repag_long,rotr,st_rd,cty_rd,city_rd,oth_rd,drug_thc,thc_res,drug_cthc,cthc_res,drug_cann,prevpersemin,prevperse,prevsusoth,drugtst4,drugtst5,drugtst6,drugtst7,drugtst8,drugres4,drugres5,drugres6,drugres7,drugres8,adspresent,adsengaged,adslevel,race1,race2,race3,race4,race5,helmet,helmetmisuse,nmdistract1,nmdistract2,nmdistract3,nmdistract4,nmdistract5,nmdistract6,lab,isedtcase,crf1,crf2,crf3,CoRoadName,CoMP,IntCoRoadName,IntCoMP
2019,484,E995595,7,12/18/2019,12:03,18,12,,33,King,980,10,0,1,1,2,1,0,4,3,,,,12,0,1,12.1,1,0,1,1,2,1,1,0,0,0,0,I-90,,-122.0940472,47.56213333,0,2,25,53,3,60,63,0,0,1,7,12,1,1,4,3,1,2,3,53,0,85,881,2012,0,0,12,,,,,,1,1,29,1,0,,0,0,3,0,11,0,,,,,6,1,3,3,1,0,0,0,0,96,,,,,,0,,,,,,98040,53,69,180,6,1,0,0,0,0,,0,,,,,,0,,,20,0,0,0,8,9,8,,,0,0,0,8,0,8,95,,,96,,,8,95,995,,,,,,,,,,,,,,,,,,,,,,,,,,,,,,0,0,0,0,0,0,0,0,0,0,0,0,1,0,0,0,0,0,0,1,0,0,0,0,0,0,0,0,0,1,1,0,0,0,0,,0,0,0,0,0,0,0,0,0,0,0,0,0,0,0,0,,,,,,26-30,26-35,Interstate,U,Wednesday,,MHTRUCK,Not Fatal,0,0,0,0,State Route,State Patrol,Washington State Patrol,0,1,0,0,0,,,,,,0,0,0,,,,,,,,,,,98,98,98,0,,,,,20,7,,,,,,,,,,,,,,,
2020,63,EA23541,3,03/11/2020,18:57,11,3,,53,Pierce,2230,1,,1,1,2,2,0,3,1,,,,33,0,0,0,3,0,3,3,2,1,3,0,0,0,0,SR-509,S 32ND ST,-122.4340361,47.23216111,0,1,6,12,2,35,4,0,0,1,2,1,1,2,4,1,1,3,2,53,0,12,37,2007,0,,68,64,33,38,1,,1,1,45,1,7,,4,7,20,7,11,0,03/11/2020,18:57,2.23053E+11,11887,0,0,0,3,1,0,,,,96,,,,,,9,,,,,,98040,53,71,170,6,1,0,0,0,1,,0,,,,,,0,10/15/2015,10/15/2015,1,0,0,0,0,9,8,,,0,,,8,1,2,401,417,605,1,1,1,2,1,0,,,,,,,,,,,,,,,,,,,,,,,,,,,,,,0,0,1,1,1,0,1,1,1,0,0,0,0,0,0,0,0,0,0,1,0,0,0,0,0,0,0,0,0,1,0,0,0,1,0,,1,0,0,0,0,0,1,1,0,0,0,0,0,0,1,1,,,,,,41-45,36-45,State route,U,Wednesday,Not Used,PV,Black,0,1,0,0,City Street,State Patrol,Washington State Patrol,1,0,0,1,0,thc,4.5,,,,0,0,0,,,,,,,,,,,98,98,98,2,,,,,20,7,,,,,,,nms,1,0,,,,,,
2017,103,E659803,7,04/09/2017,9:46,9,4,0,33,King,0,10,0,1,1,2,1,0,1,1,,,,24,0,0,7.3,1,0,1,2,2,1,3,0,0,0,0,SR-18,,-122.1758889,47.30374444,0,1,6,9,1,60,80,0,0,1,2,24,1,2,4,3,1,1,1,53,0,73,705,2013,0,0,64,24,,,,,1,1,22,1,7,1,4,7,5,0,11,0,04/09/2017,9:46,53017101,17101,0,0,0,3,1,0,0,0,0,96,,,,,,99,,,,,,98042,53,73,180,6,1,0,0,0,2,0,0,,,,,,4,09/15/2013,02/15/2014,20,8,0,0,0,9,8,,,0,0,0,8,9,2,1,0,0,1,0,0,2,1,0,,,,,,,,,,,,,,,,,,,,,,,,,,,,,,0,0,1,0,0,0,0,0,0,0,0,0,1,0,0,0,0,0,0,0,0,0,0,1,1,0,0,0,1,0,0,0,0,0,1,0,0,0,0,0,0,0,0,0,0,1,0,0,0,0,0,0,,,,,,21-25,16-25,State route,U,Sunday,,MC,White,0,1,0,0,State Route,State Patrol,Washington State Patrol Headquarter,1,1,0,0,0,,,,,,,,,,,,,,,,,,,,,,,,,,,,,,,,,,,,,,,,,,,
2017,224,E689120,129,06/29/2017,9:38,29,6,0,53,Pierce,747,1,0,1,1,2,1,0,5,5,9:42,9:52,10:25,12,1,6,0,2,0,2,3,2,4,6,0,3,3,3,PACIFIC HWY E,ALEXANDER AVE E,-122.3728639,47.24311944,0,1,83,17,2,35,4,0,0,1,2,12,1,1,5,1,1,1,2,53,0,6,18,2012,0,0,12,60,54,,,,1,1,43,1,0,0,2,0,3,0,11,8,,,,,0,0,0,2,1,37,39,91,0,96,,,,,,99,,,,,,98042,53,68,200,1,1,0,0,0,0,0,1,,,,,,3,,,8,0,0,0,8,9,8,,,0,0,0,8,9,0,0,0,0,0,0,0,0,0,996,,,,,,,,,,,,,,,,,,,,,,,,,,,,,,0,0,0,1,0,0,1,1,0,0,0,0,1,1,0,0,0,0,0,0,0,0,0,0,0,1,0,0,0,1,0,0,0,0,0,,0,0,0,0,0,0,0,0,0,1,0,1,0,0,0,0,,,,,,41-45,36-45,City street,U,Thursday,Belt Used,PV,Not Fatal,1,0,0,0,City Street,Municipal/City Police,Fife Police Department,0,0,0,1,0,,,,,,,,,,,,,,,,,,,,,,,,,,,,,,,,,,,,,,,,,,,
2017,240,E690560,160,07/11/2017,3:39,11,7,0,33,King,1030,1,0,3,1,2,1,0,1,1,,,,18,0,0,0,1,0,1,7,2,4,6,0,0,0,0,145 AVE SE,,-122.1481722,47.35547222,0,1,12,90,6,25,80,0,0,1,2,18,1,1,2,1,1,1,1,53,0,73,705,2007,0,0,18,,,,,,1,1,26,1,7,1,4,7,19,0,11,0,07/11/2017,3:39,1.03053E+11,30400,0,0,3,3,1,0,0,0,0,0,,,,,,9,,,,,,98042,53,68,240,6,1,0,2,0,2,0,0,,,,,,4,01/15/2013,05/15/2017,20,8,0,0,0,9,8,,,0,0,0,8,1,2,1,0,0,1,0,0,2,1,0.18,,,,,,,,,,,,,,,,,,,,,,,,,,,,,,0,0,0,0,1,1,0,1,0,0,0,0,1,0,0,0,0,0,0,0,0,0,0,0,0,0,0,0,1,0,0,0,0,0,1,0,0,0,0,0,0,1,0,1,0,1,0,0,0,1,0,1,,,,,,26-30,26-35,City street,U,Tuesday,,MC,White,0,1,0,0,City Street,Municipal/City Police,Kent Police Department,1,0,0,1,0,,,,,,,,,,,,,,,,,,,,,,,,,,,,,,,,,,,,,,,,,,,
2017,511,E746877,7,12/13/2017,16:35,13,12,0,33,King,0,1,0,5,1,1,1,0,2,2,,,,18,0,0,26.8,1,0,1,3,1,1,3,0,0,0,0,SR-18,,-121.8884556,47.48611111,0,2,98,62,4,55,14,0,0,1,2,12,1,2,2,1,1,1,2,53,0,2,404,2015,0,0,12,,,,,,1,1,55,2,0,0,1,0,3,0,11,5,,,,,0,0,0,3,1,0,0,0,0,0,,,,,,0,,,,,,98042,53,67,163,6,1,0,0,0,1,0,0,,,,,,0,09/15/2013,09/15/2013,1,0,0,0,8,9,2,,,0,0,0,0,0,0,0,0,0,0,0,0,0,0,996,,,,,,,,,,,,,,,,,,,,,,,,,,,,,,0,0,0,0,0,0,1,1,0,0,0,0,0,0,0,0,0,0,0,0,0,0,0,0,0,0,0,0,0,1,0,0,0,0,0,,0,0,0,0,0,0,0,0,0,0,0,0,0,0,0,0,,,,,,51-55,46-55,State route,R,Wednesday,Belt Used,PV,Not Fatal,0,0,0,0,State Route,State Patrol,Washington State Patrol Headquarter,0,1,0,0,0,,,,,,,,,,,,,,,,,,,,,,,,,,,,,,,,,,,,,,,,,,,
2017,539,E756767,25,12/31/2017,18:06,31,12,10,33,King,0,5,0,2,1,2,1,1,4,1,,,,8,0,0,8,1,0,1,4,2,2,4,0,0,0,0,CR-KENT-BLACK DIAMOND RD,,-122.1369139,47.3453,0,1,13,80,5,40,15,0,0,1,5,8,1,1,2,1,1,4,1,53,0,23,421,2007,0,0,8,,,,,,1,1,30,1,0,0,0,0,3,0,11,0,,,,,0,0,3,3,1,0,0,0,0,0,,,,,,0,,,,,,98042,53,69,150,6,1,0,0,0,0,0,0,,,,,,0,,,20,0,0,0,8,9,8,,,0,0,0,8,0,0,0,0,0,0,0,0,0,0,996,,,,,,,,,,,,,,,,,,,,,,,,,,,,,,0,0,0,0,0,0,0,0,0,0,0,0,0,0,0,0,0,0,0,0,0,0,0,0,0,0,0,0,0,1,0,1,0,0,0,,0,0,0,0,0,0,0,0,0,0,0,0,0,0,0,0,,,,,,26-30,26-35,County road,U,Sunday,Belt Used,PV,Not Fatal,1,0,0,0,County Road,County Sheriff,King County Police,0,0,1,0,0,,,,,,,,,,,,,,,,,,,,,,,,,,,,,,,,,,,,,,,,,,,
2018,56,E778951,7,02/25/2018,15:48,25,2,0,33,King,0,1,0,1,1,2,1,0,6,3,,,,12,0,8,0.7,1,0,1,4,1,2,4,0,0,0,0,CR-SE AUBURN BLACK DIAMOND,,-122.1647333,47.31256667,0,1,64,10,2,40,63,1,0,1,7,1,2,1,2,1,14,1,1,53,0,98,890,1986,0,0,68,12,1,54,,,1,1,53,1,0,0,2,0,2,0,11,0,,,,,6,1,1,3,1,0,0,0,0,96,,,,,,0,,,,,,98042,53,70,230,6,1,0,3,0,0,,97,,,,,,0,03/15/2014,04/15/2016,20,0,0,0,8,9,8,,,0,0,0,8,0,8,95,,,96,,,8,95,995,,,,,,,,,,,,,,,,,,,,,,,,,,,,,,0,0,0,0,0,0,0,0,0,0,0,0,0,0,0,0,0,0,0,0,0,0,0,0,0,0,0,0,0,1,1,0,0,0,0,,0,0,0,0,0,0,0,0,0,0,0,0,0,0,0,0,,,,,,51-55,46-55,County road,R,Sunday,,MHTRUCK,Not Fatal,0,1,1,0,County Road,County Sheriff,King County Police,0,0,1,0,0,,,,,,0,0,0,,,,,,,,,,,,,,,,,,,,,,,,,,,,,,,,,,,
2018,174,E807920,25,06/10/2018,0:28,10,6,0,33,King,0,1,0,2,1,2,1,0,1,1,,,,24,0,0,5.2,1,0,1,4,2,2,4,0,0,0,0,CR-KENT BLACK DIAMOND RD,,-122.0996111,47.31576111,0,1,6,12,2,98,14,0,0,1,7,24,1,2,2,1,1,1,1,53,0,48,403,2018,0,0,68,64,24,42,,,1,1,26,1,1,1,4,7,3,0,11,0,06/10/2018,0:45,14653026033,26033,0,0,3,3,1,0,0,0,0,96,,,,,,9,,,,,,98042,53,64,168,6,1,0,0,0,0,,0,,,,,,0,,,8,0,0,0,0,1,8,,,0,0,0,8,1,2,1,,,1,,,2,1,0.2,,,,,,,,,,,,,,,,,,,,,,,,,,,,,,0,0,1,0,1,1,0,1,0,0,0,0,0,0,0,0,0,0,0,0,0,0,0,0,0,0,0,0,0,1,0,0,0,0,0,,1,0,0,0,0,1,0,1,0,0,0,0,0,1,0,1,,,,,,26-30,26-35,County road,U,Sunday,Belt Used,PV,Hispanic,0,1,0,0,County Road,County Sheriff,King County Police,1,0,1,0,0,,,,,,0,0,0,,,,,,,,,,,,,,,,,,,,,,,,,,,,,,,,,,,
2019,512,E889208,160,02/02/2019,8:34,2,2,,33,King,1030,10,0,1,2,2,1,0,2,2,,,,12,0,2,0,2,0,3,3,2,4,6,0,0,0,0,S 212TH ST,FRAGER RD S,-122.2660333,47.412375,0,1,50,10,2,98,2,0,0,1,7,12,1,3,4,1,1,1,2,53,0,7,43,2003,0,0,68,12,,,,,1,1,32,2,7,,4,0,20,7,11,8,02/19/2019,15:37,1.96053E+11,9461,0,0,3,2,1,28,37,0,0,96,,,,,,99,,,,,,98042,53,61,140,1,1,1,2,1,0,,0,,,,,,0,12/15/2016,02/15/2019,8,0,0,0,0,9,8,,,0,0,0,8,9,8,95,,,96,,,8,95,995,,,,,,,,,,,,,,,,,,,,,,,,,,,,,,0,0,0,1,0,0,0,0,0,0,0,0,0,1,0,0,0,0,0,1,0,0,0,0,0,0,0,0,0,1,0,0,0,1,0,,1,0,0,0,0,0,0,0,0,0,0,1,0,0,0,0,,,,,,31-35,26-35,City street,U,Saturday,Not Used,PV,White,0,1,1,0,City Street,Municipal/City Police,Kent Police Department,0,0,0,1,0,,,,,,0,0,5,,,,,,,,,,,98,98,98,1,,,,,20,7,,,,,,,,,,,,,,,
2019,266,E946448,248,08/03/2019,0:17,3,8,,33,King,1830,1,0,3,1,2,1,0,3,2,,,,12,0,1,24.6,8,0,1,3,2,1,3,0,0,0,0,SR-169,,-122.1867444,47.47766389,0,2,29,53,3,40,80,0,0,1,7,12,1,1,2,1,2,1,1,53,0,76,705,2007,0,0,12,,,,,,1,1,64,1,7,,4,7,20,7,11,0,08/03/2019,0:17,1.83053E+11,34978,0,0,3,3,1,0,0,0,0,96,,,,,,0,,,,,,98042,53,69,170,6,1,0,1,1,0,,0,,,,,,0,04/15/2015,07/15/2018,20,8,0,0,0,9,8,,,0,0,0,8,0,2,401,417,,1,1,,2,1,0,,,,,,,,,,,,,,,,,,,,,,,,,,,,,,0,0,0,0,1,1,1,1,0,0,0,0,0,0,0,0,0,0,0,0,0,0,0,0,0,0,0,0,1,1,0,0,0,0,1,0,0,0,0,0,0,0,1,1,0,0,0,0,0,0,1,0,,,,,,61-65,56-65,State route,U,Saturday,,MC,White,0,0,0,0,State Route,Municipal/City Police,Renton Police Department,0,1,0,0,0,,,,,,0,0,0,,,,,,,,,,,0,0,0,1,,,,,19,0,,,,,,,,,,,,,,,
2019,405,E982012,25,11/06/2019,17:39,6,11,,33,King,475,1,0,2,1,2,1,1,1,1,,,,9,1,0,0,1,0,1,7,1,4,6,0,0,0,0,SE WAX RD,,-122.0985194,47.37677778,0,1,13,11,2,35,4,0,0,1,5,9,1,3,2,1,1,1,1,91,0,20,16,2001,0,0,63,9,,,,,1,1,31,1,0,,9,0,99,7,11,8,,,,,0,0,0,3,1,91,0,0,0,7,,,,,,99,,,,,,98042,53,71,165,6,1,0,1,1,1,,1,7,,,,,3,12/15/2017,09/15/2018,99,9,0,0,8,9,8,,,0,0,0,8,9,8,95,,,96,,,8,95,995,,,,,,,,,,,,,,,,,,,,,,,,,,,,,,0,0,0,0,0,0,0,0,0,0,0,0,1,0,0,0,1,0,0,0,0,0,0,0,0,0,0,0,0,1,0,0,1,0,0,,0,0,0,0,0,0,0,0,1,1,0,0,0,0,0,0,,,,,,31-35,26-35,City street,R,Wednesday,Unknown,PV,Not Fatal,0,0,0,0,City Street,County Sheriff,King County Police,0,0,0,1,0,,,,,,0,0,0,,,,,,,,,,,98,98,98,0,,,,,20,7,,,,,,,,,,,,,,,
2019,476,E985989,25,11/22/2019,23:16,22,11,,33,King,0,5,0,2,2,2,1,0,2,1,,,,34,0,0,8,1,0,1,5,2,2,4,0,0,0,0,CR-KENT BLACK DIAMOND R,,-122.1376028,47.34590833,0,1,6,12,2,40,15,0,0,1,5,34,3,1,2,1,14,2,1,53,0,23,421,2000,0,0,68,64,34,,,,1,1,16,1,0,,0,0,3,0,11,0,,,,,0,0,0,3,1,0,0,0,0,0,,,,,,2,,,,,,98042,53,75,175,6,2,0,0,0,0,,0,,,,,,0,,,20,0,0,0,8,9,8,,,0,0,0,8,0,8,95,,,96,,,8,95,995,,,,,,,,,,,,,,,,,,,,,,,,,,,,,,0,0,1,0,0,0,0,0,0,0,0,0,0,0,0,1,0,0,0,0,1,0,1,0,1,0,0,0,0,1,0,0,0,0,0,,0,0,0,0,0,0,0,0,0,0,0,0,0,0,0,0,,,,,,16-17,16-25,County road,U,Friday,Belt Used,PV,Not Fatal,0,1,0,0,County Road,County Sheriff,King County Police,1,0,1,0,0,,,,,,0,0,0,,,,,,,,,,,98,98,98,0,,,,,20,7,,,,,,,,,,,,,,,
2020,268,EA53023,25,08/04/2020,19:09,4,8,,33,King,0,1,,1,1,2,1,0,8,3,19:14,19:19,20:39,12,0,2,7.1,1,0,1,5,2,2,4,0,0,0,0,CR-KENT BLACK DIAMOND R,,-122.1245639,47.33681667,0,1,50,10,2,40,34,0,0,1,2,12,1,2,2,1,1,1,2,53,0,12,481,2002,0,,68,12,1,12,,,1,1,50,1,0,,2,0,3,0,11,5,,,,,0,0,0,3,1,28,58,,,96,,,,,,9,,,,,,98042,53,72,215,6,1,0,1,0,2,,1,,,,,,0,03/15/2018,05/15/2020,1,0,0,0,8,3,8,,,0,,,1,1,2,300,,,1,,,2,1,0,,,,,,,,,,,,,,,,,,,,,,,,,,,,,,0,0,0,0,1,0,1,1,0,0,0,0,0,1,0,0,0,0,0,0,0,1,1,0,1,0,0,0,0,1,0,0,0,0,0,,0,0,0,0,0,0,1,1,0,0,0,0,0,0,1,1,,,,,,46-50,46-55,County road,U,Tuesday,Belt Used,PV,Not Fatal,0,1,1,0,County Road,County Sheriff,King County Police,0,0,1,0,0,,,,,,0,0,0,,,,,,,,,,,98,98,98,0,,,,,20,7,,,,,,,,1,0,,,AUBURN-BLACK DIAMOND RD,7.123,,
2020,268,EA53023,25,08/04/2020,19:09,4,8,,33,King,0,1,,1,1,2,1,0,8,3,19:14,19:19,20:39,12,0,2,7.1,1,0,1,5,2,2,4,0,0,0,0,CR-KENT BLACK DIAMOND R,,-122.1245639,47.33681667,0,2,51,62,4,40,14,0,0,1,2,12,1,2,2,1,1,3,2,53,0,12,402,2008,0,,12,,,,,,1,1,20,1,0,,2,0,3,0,11,5,,,,,0,0,0,0,1,0,,,,96,,,,,,0,,,,,,98042,53,73,150,0,0,0,0,0,0,,0,,,,,,0,,,1,0,0,0,8,9,8,,,0,,,8,8,8,95,,,96,,,8,95,995,,,,,,,,,,,,,,,,,,,,,,,,,,,,,,0,0,0,0,1,0,1,1,0,0,0,0,0,1,0,0,0,0,0,0,0,1,1,0,1,0,0,0,0,1,0,0,0,0,0,,0,0,0,0,0,0,0,0,0,0,0,1,0,0,0,0,,,,,,18-20,16-25,County road,U,Tuesday,Belt Used,PV,Not Fatal,0,1,1,0,County Road,County Sheriff,King County Police,0,0,1,0,0,,,,,,0,0,0,,,,,,,,,,,98,98,98,0,,,,,20,7,,,,,,,,1,0,,,AUBURN-BLACK DIAMOND RD,7.123,,
2020,387,EA69798,160,10/03/2020,16:51,3,10,,33,King,1030,10,,1,1,2,1,1,3,3,17:01,17:04,17:34,8,0,0,0,3,0,2,4,2,4,6,0,0,3,3,SE 208TH ST,108TH AVE SE,-122.197,47.41583889,0,1,13,8,1,40,14,0,0,1,2,8,1,2,5,1,5,1,1,53,0,49,402,2003,0,,8,12,,,,,1,1,43,2,0,,1,0,3,0,11,5,,,,,0,0,3,3,1,0,,,,0,,,,,,1,,,,,,98042,53,61,150,6,1,0,0,0,0,,0,,,,,,0,,,20,0,0,0,8,9,8,,,0,,,8,8,0,0,,,0,,,0,0,996,,,,,,,,,,,,,,,,,,,,,,,,,,,,,,0,0,0,1,0,0,0,0,0,0,0,0,0,0,0,0,0,0,0,0,0,1,1,0,1,0,0,0,0,1,0,1,0,0,0,,0,0,0,0,0,0,0,0,0,0,0,0,0,0,0,0,,,,,,41-45,36-45,City street,U,Saturday,Belt Used,PV,Not Fatal,1,0,0,0,City Street,Municipal/City Police,Kent Police Department,0,0,0,1,0,,,,,,0,0,0,,,,,,,,,,,98,98,98,0,,,,,20,7,,,,,,,,1,0,,,,,,
2020,387,EA69798,160,10/03/2020,16:51,3,10,,33,King,1030,10,,1,1,2,1,1,3,3,17:01,17:04,17:34,8,0,0,0,3,0,2,4,2,4,6,0,0,3,3,SE 208TH ST,108TH AVE SE,-122.197,47.41583889,0,2,98,98,7,40,3,0,0,1,2,12,1,2,5,1,5,1,2,53,0,49,51,2011,0,,12,12,,,,,1,1,20,1,0,,1,0,3,0,11,5,,,,,0,0,3,3,1,0,,,,96,,,,,,0,,,,,,98042,53,68,145,6,1,0,0,1,0,,0,,,,,,0,09/15/2018,09/15/2018,20,0,0,0,8,9,8,,,0,,,8,8,0,0,,,0,,,0,0,996,,,,,,,,,,,,,,,,,,,,,,,,,,,,,,0,0,0,1,0,0,0,0,0,0,0,0,0,0,0,0,0,0,0,0,0,1,1,0,1,0,0,0,0,1,0,1,0,0,0,,0,0,0,0,0,0,0,0,0,0,0,0,0,0,0,0,,,,,,18-20,16-25,City street,U,Saturday,Belt Used,PV,Not Fatal,1,0,0,0,City Street,Municipal/City Police,Kent Police Department,0,0,0,1,0,,,,,,0,0,0,,,,,,,,,,,98,98,98,0,,,,,20,7,,,,,,,,1,0,,,,,,
2020,470,EA87238,25,08/19/2020,18:02,19,8,,33,King,0,1,,1,1,2,1,0,3,1,,,,38,0,0,0,3,0,3,5,2,2,4,0,0,0,0,CR-SE 192ND ST,148TH AVE SE,-122.1439667,47.43035278,0,1,1,80,5,40,4,0,0,1,2,42,1,1,2,1,1,3,1,53,0,35,50,2010,0,,63,38,42,1,,,1,1,48,1,0,,3,0,3,0,11,5,,,,,0,0,0,3,1,0,,,,96,,,,,,0,,,,,,98042,53,69,189,6,1,0,0,0,0,,97,,,,,,3,,,20,0,0,0,8,9,8,,,0,,,8,8,8,95,,,96,,,8,95,995,,,,,,,,,,,,,,,,,,,,,,,,,,,,,,0,0,1,1,0,0,0,0,0,0,0,0,1,0,0,0,0,0,0,0,0,0,0,0,0,0,0,0,0,1,0,0,0,0,0,,0,0,0,0,0,0,0,0,0,1,0,0,0,0,0,0,,,,,,46-50,46-55,County road,U,Wednesday,Belt Used,PV,Not Fatal,1,0,0,0,County Road,County Sheriff,King County Police,0,0,1,0,0,,,,,,0,0,0,,,,,,,,,,,98,98,98,0,,,,,20,7,,,,,,,,1,0,,,SE 192 ST,0,148 AVE SE,3.12
2020,477,EA87877,188,12/06/2020,16:03,6,12,,33,King,1264,1,,1,1,2,1,0,2,2,16:05,16:14,,12,0,2,15.4,2,0,2,4,2,1,3,0,0,3,3,SR-516,WITTE RD SE,-122.0435306,47.35796667,0,2,69,62,4,40,80,0,0,1,2,12,1,2,3,1,1,1,1,53,0,37,703,2015,0,,12,,,,,,1,1,28,1,7,,4,7,20,7,11,0,12/06/2020,16:03,1.26453E+11,57364,0,0,0,2,1,0,,,,96,,,,,,98,,,,,,98042,53,72,200,6,1,0,1,2,4,,0,,,,,,0,11/15/2017,07/15/2019,20,8,0,0,0,9,8,,,0,,,8,8,2,695,605,,1,1,,2,1,0,,,,,,,,,,,,,,,,,,,,,,,,,,,,,,0,0,0,1,1,1,1,1,1,0,0,0,0,0,1,0,0,0,1,0,0,0,0,0,0,0,0,0,1,1,0,0,0,0,1,0,0,0,0,0,0,0,1,1,0,0,0,0,0,0,1,0,,,,,,26-30,26-35,State route,U,Sunday,,MC,White,1,0,0,0,State Route,Municipal/City Police,Maple Valley Police Dept,0,1,0,0,0,thc,50,carboxy-thc,28,,0,0,1,,,,,,,,,,,0,0,0,1,,,,,5,0,,,,,,,nms,1,0,,,,,,
2020,497,EA91148,290,12/20/2020,1:13,20,12,,53,Pierce,2230,2,,3,2,2,1,0,4,1,1:43,2:00,2:33,30,0,0,7.2,1,0,1,4,2,1,3,0,3,0,0,SR-509,,-122.4052944,47.28460833,0,1,6,12,2,35,3,0,0,1,2,30,2,1,2,1,14,4,2,53,0,30,42,2008,0,,68,64,30,1,2,,1,1,18,1,0,,2,0,3,0,11,5,,,,,0,0,3,3,1,0,,,,96,,,,,,9,,,,,,98042,53,71,155,6,1,1,1,2,0,,97,,,,,,0,06/15/2018,06/15/2019,8,0,0,0,8,9,8,,,0,,,1,8,8,95,,,96,,,8,95,995,,,,,,,,,,,,,,,,,,,,,,,,,,,,,,0,0,1,0,0,0,0,0,0,0,0,0,0,0,0,0,0,0,0,1,0,1,1,0,1,0,0,0,0,1,0,0,0,0,0,,0,0,0,0,0,0,0,0,0,0,0,0,0,0,0,0,,,,,,18-20,16-25,State route,U,Sunday,Belt Used,PV,Not Fatal,0,1,0,0,State Route,Municipal/City Police,Tacoma Police Department,1,1,0,0,0,,,,,,0,0,0,,,,,,,,,,,98,98,98,0,,,,,20,7,,,,,,,,1,0,,,,,,
2021,51,EB11532,7,02/25/2021,19:25,25,2,,33,King,100,10,,3,1,1,1,0,2,2,,,,12,0,2,6.8,1,0,1,2,2,1,3,0,0,0,0,SR-18,,-122.1838972,47.29860556,0,2,52,54,3,60,20,0,0,1,2,2,3,1,2,3,14,1,1,53,0,37,441,2007,0,,12,63,2,,,,1,1,36,1,7,,4,7,99,7,11,0,02/25/2021,19:25,10053011622,11622,0,0,3,3,1,0,,,,0,,,,,,98,,,,,,98042,53,69,200,6,1,0,0,0,0,,0,,,,,,0,,,99,0,0,0,0,9,8,,,0,,,9,9,2,402,407,,1,1,,2,1,0,,,,,,,,,,,,,,,,,,,,,,,,,,,,,,0,0,0,0,0,0,1,1,1,0,0,0,0,1,0,0,0,0,0,0,0,0,0,0,0,0,0,0,0,1,0,0,0,0,0,,1,0,0,0,0,0,1,1,0,0,0,0,0,0,1,0,,,,,,36-40,36-45,State route,U,Thursday,Unknown,PV,API,0,0,0,1,State Route,State Patrol,Washington State Patrol,0,1,0,0,0,,,,,,0,0,0,,,,,,,,,,,98,98,98,68,,,,,20,,,,,,,,,1,0,,,,,,