year,case,par,repjur,crash_dt,crash_tm,accday,accmon,holiday,county,co_char,city,weather,weather2,lightcond,surfcond,surftype,numfatal,nmforms,pforms,vforms,not_tm,arr_tm,hosp_tm,fhevent,hitrun,manncol,milepnt,reljunc,reljuncinter,intersectiontype,funcsystem,landuse,ownership,route,schlbus,spejur,contdev,devfunc,trafid1,trafid2,x,y,wk_zone,vnumber,crashtype,criticalevent,criticaleventcat,spdlim,body,trailer,emerg,hazcargo,leave,mhevent,roadalgn,roadprof,traflane,trafflow,vehmanvr,numoccs,regowner,regstate,spuse,make,model,modelyr,vrf1,vrf2,seqevent1,seqevent2,seqevent3,seqevent4,seqevent5,seqevent6,pnumber,ptype,age,sex,hispanic,race,injury,diedscene,restraint,restraintmisuse,seatpos,takehosp,death_dt,death_tm,cert,cernum_wa,commlic,licendor,licrestrict,liccomp,drivpres,drf1,drf2,drf3,drf4,distract1,distract2,distract3,distract4,distract5,distract6,dricond1,dricond2,dricond3,dricond4,dricond5,dricond6,dzip,licstate,drhgt_in,weight,noncdl,noncdltype,prevdwi,prevoth,prevacc,prevspd,prevsus,driviol1,driviol2,driviol3,driviol4,driviol5,driviol6,spdrel,first_dt,last_dt,airbag,ejection,ejectpath,extricat,injurwrk,methalc,methdrug,nmlocat,strikveh,prf1,prf2,prf3,druginv,alcinvol,drugsts,drugres1,drugres2,drugres3,drugtst1,drugtst2,drugtst3,alcsts,alctst,alcres,nmact1,nmact2,nmact3,nmact4,nmact5,nmact6,nmprior1,nmprior2,nmprior3,nmprior4,nmprior5,nmprior6,nmcond1,nmcond2,nmcond3,nmcond4,nmcond5,nmcond6,nmsafe_helmet,nmsafe_pads,nmsafe_oth,nmprev_ref,nmprev_lgt,nmprev_oth,crashlocation,nmcrashtype,crosswalk,schoolzone,sidewalk,train_inv,wildlife_inv,rotr_fars,intersect_fars,dd_inv,aid_inv,dpd_inv,id_inv,mj_inv,impnm_inv,ainm_inv,dpnm_inv,speed_inv,unlic_inv,unendmc_inv,drowsy_inv,drdist_inv,nmdist_inv,fty_inv,unrestfat_inv,dr1617_inv,dr1820_inv,dr1620_inv,dr2125_inv,dr1625_inv,dr65_inv,dr70_inv,dr75_inv,mc_inv,pv_inv,ht_inv,ped_inv,bike_inv,unrest_fat,mc_fat,unhelmet_mc,pv_fat,ht_fat,ped_fat,bike_fat,dr_alc7,dr_alc8,dr_drug,dr_imp,dr_dist,dr_spd,dr_fty,dr_unlic,dr_alc7only,dr_alc8only,dr_drugonly,dr_drink,nm_imp,nm_alc7,nm_alc8,nm_drug,nm_dist,agegrp1,agegrp2,roadclass,urbrur,dayweek,restuse,vehtype,race_me,intersect,lanedep,oppdir,wrongway,rep_typ,investag,repag_long,rotr,st_rd,cty_rd,city_rd,oth_rd,drug_thc,thc_res,drug_cthc,cthc_res,drug_cann,prevpersemin,prevperse,prevsusoth,drugtst4,drugtst5,drugtst6,drugtst7,drugtst8,drugres4,drugres5,drugres6,drugres7,drugres8,adspresent,adsengaged,adslevel,race1,race2,race3,race4,race5,helmet,helmetmisuse,nmdistract1,nmdistract2,nmdistract3,nmdistract4,nmdistract5,nmdistract6,lab,isedtcase,crf1,crf2,crf3,CoRoadName,CoMP,IntCoRoadName,IntCoMP
2018,74,E778952,25,03/11/2018,0:41,11,3,0,33,King,0,1,0,2,1,2,1,0,1,1,,,,42,0,0,3.5,1,0,1,4,2,2,4,0,0,0,0,CR-236TH AVE NE,,-122.0241889,47.65947222,0,1,6,12,2,35,5,0,0,1,7,42,2,2,2,1,14,1,1,53,0,35,55,2013,0,0,68,64,42,,,,1,1,59,1,7,1,4,7,3,0,11,0,03/11/2018,0:41,53011695,11695,0,0,0,3,1,0,0,0,0,92,,,,,,99,,,,,,98053,53,68,165,6,1,0,1,0,0,,0,,,,,,0,01/15/2015,01/15/2015,8,0,0,0,0,9,8,,,0,0,0,8,9,2,1,,,1,,,2,1,0.23,,,,,,,,,,,,,,,,,,,,,,,,,,,,,,0,0,1,0,1,1,0,1,0,0,0,0,0,0,0,0,1,0,0,0,0,0,0,0,0,0,0,0,0,1,0,0,0,0,0,,1,0,0,0,0,1,0,1,1,0,0,0,0,1,0,1,,,,,,56-60,56-65,County road,U,Sunday,Belt Used,PV,White,0,1,0,0,County Road,County Sheriff,King County Police,1,0,1,0,0,,,,,,0,0,0,,,,,,,,,,,,,,,,,,,,,,,,,,,,,,,,,,,
2018,328,E838120,7,09/05/2018,11:39,5,9,0,33,King,0,1,0,1,1,7,1,0,2,2,11:47,12:25,13:20,12,0,2,17.6,1,0,1,4,1,1,3,0,0,0,0,SR-202,,-121.9607556,47.59588333,0,1,50,10,2,55,14,0,0,1,2,2,1,1,2,1,1,1,2,53,0,37,402,2008,0,0,68,12,63,24,2,1,1,1,56,2,7,1,4,7,20,0,11,0,09/05/2018,11:39,53068996,68996,0,0,0,3,1,28,0,0,0,96,,,,,,99,,,,,,98053,53,61,126,6,1,0,0,0,0,,0,,,,,,0,,,1,2,9,0,0,9,8,,,0,0,0,8,9,2,1,,,1,,,2,1,0,,,,,,,,,,,,,,,,,,,,,,,,,,,,,,0,0,0,0,0,0,0,0,0,0,0,0,0,0,0,0,0,0,0,1,0,0,0,0,0,0,0,0,0,1,1,0,0,1,0,,1,0,0,0,0,0,0,0,0,0,0,0,0,0,0,0,,,,,,56-60,56-65,State route,R,Wednesday,Not Used,PV,White,0,1,1,0,State Route,State Patrol,Washington State Patrol,0,1,0,0,0,,,,,,0,0,0,,,,,,,,,,,,,,,,,,,,,,,,,,,,,,,,,,,
2019,285,E943557,7,07/24/2019,9:33,24,7,,33,King,1830,1,0,1,1,2,1,0,3,3,,,,12,0,1,2.3,1,0,1,1,2,1,1,0,0,0,0,I-405,,-122.2184306,47.46775278,0,3,98,98,7,60,14,0,0,1,5,12,3,2,5,3,5,1,3,53,0,49,402,2019,0,0,12,,,,,,1,1,72,1,0,,1,0,3,0,11,0,,,,,0,0,3,3,1,0,0,0,0,0,,,,,,0,,,,,,98053,53,72,201,6,1,0,0,0,0,,0,,,,,,0,,,20,0,0,0,8,9,8,,,0,0,0,8,0,8,95,,,96,,,8,95,995,,,,,,,,,,,,,,,,,,,,,,,,,,,,,,0,0,0,0,0,0,1,1,0,0,0,0,1,0,0,0,1,0,0,0,0,0,0,0,0,1,1,0,0,1,1,0,0,0,0,,0,0,0,0,0,0,0,0,0,0,0,0,0,0,0,0,,,,,,71-75,66-75,Interstate,U,Wednesday,Belt Used,PV,Not Fatal,0,0,0,0,State Route,State Patrol,Washington State Patrol,0,1,0,0,0,,,,,,0,0,0,,,,,,,,,,,98,98,98,0,,,,,20,7,,,,,,,,,,,,,,,
2019,419,E987024,59,11/20/2019,6:33,20,11,,33,King,109,1,0,3,1,2,1,1,1,1,,,,8,0,0,0,3,0,2,7,2,4,6,0,0,3,3,NE 24TH ST,BELLEVUE WAY NE,-122.2016361,47.63195833,0,1,13,80,5,25,14,0,0,1,7,8,1,1,3,1,11,1,2,53,0,59,403,2013,0,0,8,,,,,,1,1,76,1,0,,0,0,3,0,11,0,,,,,0,0,0,3,1,0,0,0,0,96,,,,,,0,,,,,,98053,53,72,230,6,1,0,0,0,0,,97,,,,,,0,,,20,0,0,0,8,9,8,,,0,0,0,8,0,8,95,,,96,,,8,95,995,,,,,,,,,,,,,,,,,,,,,,,,,,,,,,0,0,0,1,0,0,0,0,0,0,0,0,0,0,0,0,0,0,0,0,0,0,0,0,0,1,1,1,0,1,0,1,0,0,0,,0,0,0,0,0,0,0,0,0,0,0,0,0,0,0,0,,,,,,76-80,76+,City street,U,Wednesday,Belt Used,PV,Not Fatal,1,0,0,0,City Street,Municipal/City Police,Bellevue Police Department,0,0,0,1,0,,,,,,0,0,0,,,,,,,,,,,98,98,98,0,,,,,20,7,,,,,,,,,,,,,,,
2017,119,E664744,7,04/16/2017,3:55,16,4,0,33,King,100,1,0,3,1,2,1,1,1,1,,,,8,1,0,0.2,5,1,1,2,2,1,3,0,0,0,0,SR-167 RAMP S100227,SR-18,-122.2498222,47.307375,0,1,13,12,2,98,99,0,0,1,5,8,1,1,1,6,1,99,9,99,0,99,999,9999,0,0,64,8,,,,,1,1,19,1,0,0,0,0,99,0,11,0,,,,,0,0,0,2,1,91,0,0,0,96,,,,,,99,,,,,,98055,53,69,150,1,1,0,0,0,0,0,7,79,,,,,9,,,99,0,0,0,8,9,8,,,0,0,0,8,9,0,0,0,0,0,0,0,0,0,996,,,,,,,,,,,,,,,,,,,,,,,,,,,,,,0,0,0,0,0,0,0,0,0,1,1,1,0,1,0,0,0,0,0,0,0,1,1,0,1,0,0,0,0,0,0,1,0,0,0,,0,0,0,0,0,0,0,0,0,0,0,1,0,0,0,0,,,,,,18-20,16-25,State route,U,Sunday,,NR-U,Not Fatal,0,0,0,0,State Route,State Patrol,Washington State Patrol Headquarter,0,1,0,0,0,,,,,,,,,,,,,,,,,,,,,,,,,,,,,,,,,,,,,,,,,,,
2017,263,E695061,248,07/24/2017,8:30,24,7,0,33,King,1830,1,0,1,1,2,2,0,2,1,,,,1,0,0,0,3,0,3,7,2,4,6,0,0,0,0,ROYAL HILLS DR SE,HARRINGTON PL SE,-122.1811306,47.47008611,0,1,1,13,2,25,34,0,0,1,2,1,2,2,4,1,14,2,1,53,0,7,482,2014,0,0,63,1,,,,,1,1,20,1,7,18,4,7,99,0,11,0,07/24/2017,8:30,1.83053E+11,32493,0,0,3,2,1,0,0,0,0,96,,,,,,99,,,,,,98055,53,68,135,1,1,1,1,0,1,2,0,,,,,,4,07/15/2015,03/15/2017,8,0,0,0,0,9,8,,,0,0,0,8,9,2,402,0,0,1,0,0,2,1,0.17,,,,,,,,,,,,,,,,,,,,,,,,,,,,,,0,0,1,1,1,1,1,1,0,0,0,0,1,1,0,0,0,0,0,0,0,1,1,0,1,0,0,0,0,0,0,0,0,0,0,,0,0,0,0,0,1,1,1,0,1,0,1,0,0,0,1,,,,,,18-20,16-25,City street,U,Monday,Unknown,PV,API,0,1,0,0,City Street,Municipal/City Police,Renton Police Department,1,0,0,1,0,,,,,,,,,,,,,,,,,,,,,,,,,,,,,,,,,,,,,,,,,,,
2017,328,E705434,3,08/27/2017,3:49,27,8,0,67,Thurston,0,1,0,2,1,2,1,0,10,7,,,,12,0,1,93.8,1,0,1,1,1,1,1,0,0,0,0,I-5,,-122.9669722,46.87550833,0,5,98,53,3,60,14,0,0,1,5,12,1,1,3,3,5,1,1,53,0,48,401,2002,0,0,12,,,,,,1,1,47,1,0,0,0,0,3,0,11,0,,,,,0,0,3,3,1,0,0,0,0,0,,,,,,0,,,,,,98055,53,63,165,6,1,0,0,1,0,0,0,,,,,,0,02/15/2015,02/15/2015,20,0,0,0,8,9,2,,,0,0,0,0,0,0,0,0,0,0,0,0,0,0,996,,,,,,,,,,,,,,,,,,,,,,,,,,,,,,0,0,0,0,0,0,0,0,0,0,0,0,0,1,0,0,1,0,0,0,0,0,0,0,0,1,0,0,0,1,1,0,0,0,0,,0,0,0,0,0,0,0,0,0,0,0,0,0,0,0,0,,,,,,46-50,46-55,Interstate,R,Sunday,Belt Used,PV,Not Fatal,0,0,0,0,State Route,State Patrol,Washington State Patrol Headquarter,0,1,0,0,0,,,,,,,,,,,,,,,,,,,,,,,,,,,,,,,,,,,,,,,,,,,
2018,202,E811927,162,06/17/2018,20:41,17,6,0,33,King,1264,1,0,1,1,1,1,0,3,3,,,,12,0,6,12.5,2,0,3,3,2,1,3,0,0,0,0,SR-169,SE 251ST ST,-122.0262306,47.376625,0,3,98,67,4,45,80,0,0,1,7,12,8,8,4,5,1,1,1,53,0,53,706,2001,0,0,12,,,,,,1,1,35,1,0,0,3,0,19,0,11,1,,,,,0,0,0,3,1,0,0,0,0,96,,,,,,99,,,,,,98055,53,74,235,6,1,0,0,1,1,,0,,,,,,4,08/15/2013,10/15/2017,20,8,0,0,8,9,8,,,0,0,0,8,9,0,0,,,0,,,0,0,996,,,,,,,,,,,,,,,,,,,,,,,,,,,,,,0,0,0,1,1,1,1,1,1,0,0,0,1,0,0,0,0,0,1,0,0,0,0,0,0,0,0,0,1,1,0,0,0,0,0,0,0,0,0,0,0,0,0,0,0,1,0,0,0,0,0,0,,,,,,31-35,26-35,State route,U,Sunday,,MC,Not Fatal,1,0,0,0,State Route,County Sheriff,King County Police,0,1,0,0,0,,,,,,0,0,2,,,,,,,,,,,,,,,,,,,,,,,,,,,,,,,,,,,
2018,402,E857487,297,11/03/2018,22:13,3,11,0,33,King,2310,2,0,3,2,2,1,0,5,2,,,,12,0,6,4.8,1,0,1,3,2,1,3,0,0,0,0,SR-181,,-122.2440417,47.446625,0,1,64,6,1,40,4,0,0,1,7,12,2,1,5,5,14,4,2,53,0,55,33,2005,0,0,68,12,,,,,1,1,16,2,0,0,1,0,2,0,11,8,,,,,0,0,3,3,1,28,0,0,0,96,,,,,,0,,,,,,98055,53,64,105,6,2,0,0,0,0,,97,,,,,,3,,,8,0,0,0,8,9,8,,,0,0,0,8,0,8,95,,,96,,,8,95,995,,,,,,,,,,,,,,,,,,,,,,,,,,,,,,0,0,0,0,0,0,0,0,0,0,0,0,1,0,0,0,0,0,0,0,1,0,1,0,1,0,0,0,0,1,0,0,0,0,0,,0,0,0,0,0,0,0,0,0,1,0,0,0,0,0,0,,,,,,16-17,16-25,State route,U,Saturday,Belt Used,PV,Not Fatal,0,1,1,0,State Route,Municipal/City Police,Tukwila Police Department,0,1,0,0,0,,,,,,0,0,0,,,,,,,,,,,,,,,,,,,,,,,,,,,,,,,,,,,
2018,402,E857487,297,11/03/2018,22:13,3,11,0,33,King,2310,2,0,3,2,2,1,0,5,2,,,,12,0,6,4.8,1,0,1,3,2,1,3,0,0,0,0,SR-181,,-122.2440417,47.446625,0,2,65,62,4,40,4,0,0,1,7,12,3,1,5,5,14,1,2,53,0,37,31,1993,0,0,12,,,,,,1,1,27,1,1,3,4,7,3,0,11,0,11/03/2018,22:13,2.31053E+11,48739,0,0,0,3,1,0,0,0,0,96,,,,,,0,,,,,,98055,53,72,190,6,1,0,0,1,0,,0,,,,,,0,06/15/2018,06/15/2018,20,0,0,0,0,9,8,,,0,0,0,8,0,2,1,,,1,,,2,1,0,,,,,,,,,,,,,,,,,,,,,,,,,,,,,,0,0,0,0,0,0,0,0,0,0,0,0,1,0,0,0,0,0,0,0,1,0,1,0,1,0,0,0,0,1,0,0,0,0,0,,1,0,0,0,0,0,0,0,0,0,0,0,0,0,0,0,,,,,,26-30,26-35,State route,U,Saturday,Belt Used,PV,Hispanic,0,1,1,0,State Route,Municipal/City Police,Tukwila Police Department,0,1,0,0,0,,,,,,0,0,0,,,,,,,,,,,,,,,,,,,,,,,,,,,,,,,,,,,
2019,45,E894886,2,01/26/2019,23:17,26,1,,57,Skagit,0,1,0,2,1,1,1,1,7,4,,,,8,0,0,237,1,0,1,1,1,1,1,0,0,0,0,I-5,,-122.3482667,48.56642778,0,3,98,80,5,70,49,0,0,1,5,8,1,1,2,3,1,1,9,99,0,99,999,9999,0,0,8,,,,,,1,1,55,1,0,,0,0,3,0,11,0,,,,,0,0,0,3,1,0,0,0,0,96,,,,,,0,,,,,,98055,53,64,136,6,1,0,0,0,0,,0,,,,,,0,,,20,0,0,0,8,9,8,,,0,0,0,8,0,8,95,,,96,,,8,95,995,,,,,,,,,,,,,,,,,,,,,,,,,,,,,,0,0,0,0,0,0,1,1,1,1,0,1,0,0,0,0,1,0,0,0,0,1,1,0,1,0,0,0,0,1,0,1,0,0,0,,0,0,0,0,0,0,0,0,0,0,0,0,0,0,0,0,,,,,,51-55,46-55,Interstate,R,Saturday,Belt Used,PV,Not Fatal,0,0,0,0,State Route,State Patrol,Washington State Patrol,0,1,0,0,0,,,,,,0,0,0,,,,,,,,,,,98,98,98,0,,,,,20,7,,,,,,,,,,,,,,,
2019,485,E995911,248,12/12/2019,20:09,12,12,,33,King,1960,10,0,3,2,2,1,1,1,1,,,,8,0,0,0,2,0,3,7,2,4,6,0,0,0,0,7TH AVE,SENECA ST,-122.2260722,47.47373333,0,1,13,80,5,30,6,0,0,1,7,8,1,1,4,1,1,1,1,53,0,49,47,2007,0,0,8,18,,,,,1,1,45,2,0,,0,0,3,0,11,0,,,,,0,0,3,3,1,10,0,0,0,93,,,,,,0,,,,,,98055,53,62,120,6,1,0,0,0,0,,0,,,,,,0,,,20,0,0,0,8,9,8,,,0,0,0,8,0,8,95,,,96,,,8,95,995,,,,,,,,,,,,,,,,,,,,,,,,,,,,,,0,0,0,1,0,0,0,0,0,1,0,1,0,0,0,0,1,0,0,0,0,0,0,0,0,0,0,0,0,1,0,1,0,0,0,,0,0,0,0,0,0,0,0,1,0,0,0,0,0,0,0,,,,,,41-45,36-45,City street,U,Thursday,Belt Used,PV,Not Fatal,1,0,0,0,City Street,Municipal/City Police,Renton Police Department,0,0,0,1,0,,,,,,0,0,0,,,,,,,,,,,98,98,98,0,,,,,20,7,,,,,,,,,,,,,,,
2020,107,EA30273,248,04/21/2020,8:53,21,4,,33,King,1830,1,,1,1,2,1,0,2,2,8:53,8:58,,12,0,6,0,2,0,3,4,2,4,6,0,0,0,0,BENSON RD S,S 28th St,-122.2004778,47.45491389,0,1,74,17,2,40,80,0,0,1,2,12,1,2,5,1,15,1,1,53,0,72,706,2005,0,,12,,,,,,1,1,20,1,7,,4,7,20,7,11,0,04/21/2020,8:53,1.83053E+11,19473,0,0,0,2,1,0,,,,0,,,,,,8,,,,,,98055,53,70,237,1,1,0,0,2,0,,0,,,,,,0,03/15/2018,09/15/2019,20,8,0,0,0,9,8,,,0,,,8,8,2,695,,,1,,,2,1,0,,,,,,,,,,,,,,,,,,,,,,,,,,,,,,0,0,0,1,0,0,1,1,1,0,0,0,0,1,1,0,0,0,0,0,0,1,1,0,1,1,1,0,1,1,0,0,0,0,1,0,0,0,0,0,0,0,1,1,0,0,0,1,0,0,1,0,,,,,,18-20,16-25,City street,U,Tuesday,,MC,White,1,0,0,0,City Street,Municipal/City Police,Renton Police Department,0,0,0,1,0,,,,,,0,0,1,,,,,,,,,,,0,0,0,1,,,,,5,0,,,,,,,,1,0,,,,,,
2020,107,EA30273,248,04/21/2020,8:53,21,4,,33,King,1830,1,,1,1,2,1,0,2,2,8:53,8:58,,12,0,6,0,2,0,3,4,2,4,6,0,0,0,0,BENSON RD S,S 28th St,-122.2004778,47.45491389,0,2,74,15,2,40,4,0,0,1,2,12,1,2,5,1,11,1,1,53,0,48,34,2018,0,,12,,,,,,1,1,73,1,0,,1,0,3,0,11,0,,,,,0,0,0,3,1,0,,,,96,,,,,,8,,,,,,98055,53,70,175,6,1,0,0,0,0,,0,,,,,,0,,,8,0,0,0,8,9,8,,,0,,,8,8,0,0,,,0,,,0,0,996,,,,,,,,,,,,,,,,,,,,,,,,,,,,,,0,0,0,1,0,0,1,1,1,0,0,0,0,1,1,0,0,0,0,0,0,1,1,0,1,1,1,0,1,1,0,0,0,0,0,,0,0,0,0,0,0,0,0,0,0,0,0,0,0,0,0,,,,,,71-75,66-75,City street,U,Tuesday,Belt Used,PV,Not Fatal,1,0,0,0,City Street,Municipal/City Police,Renton Police Department,0,0,0,1,0,,,,,,0,0,0,,,,,,,,,,,98,98,98,0,,,,,20,7,,,,,,,,1,0,,,,,,
2020,308,EA59397,25,08/22/2020,23:24,22,8,,33,King,0,1,,3,1,2,1,0,8,2,23:42,23:58,0:43,12,0,6,0.9,1,0,1,5,2,2,4,0,0,0,0,CR-SE COVINGTON SAWYER,,-122.1000444,47.34351111,0,2,66,62,4,35,6,0,0,1,2,12,3,2,2,1,14,5,2,53,0,30,42,2017,0,,12,,,,,,1,1,20,2,0,,1,0,3,0,11,5,,,,,0,0,3,3,1,0,,,,96,,,,,,0,,,,,,98055,53,63,123,6,1,0,0,0,0,,0,,,,,,0,,,8,0,0,0,8,9,8,,,0,,,8,8,8,95,,,96,,,8,95,995,,,,,,,,,,,,,,,,,,,,,,,,,,,,,,0,0,0,0,0,0,0,0,0,0,0,0,1,0,0,0,0,0,0,0,1,1,1,0,1,0,0,0,0,1,0,0,0,0,0,,0,0,0,0,0,0,0,0,0,0,0,0,0,0,0,0,,,,,,18-20,16-25,County road,U,Saturday,Belt Used,PV,Not Fatal,0,1,1,0,County Road,County Sheriff,King County Police,0,0,1,0,0,,,,,,0,0,0,,,,,,,,,,,98,98,98,0,,,,,20,7,,,,,,,,1,18,,,SE COVINGTON SAWYER RD,0.91,,
2020,549,EA60897,160,09/02/2020,5:53,2,9,,33,King,1030,1,,1,1,2,1,0,2,2,5:54,6:03,6:59,12,0,6,1.4,2,0,2,3,2,1,3,0,0,3,3,SR-181,S 228TH ST,-122.2493333,47.39761111,0,1,83,17,2,35,14,0,0,1,2,12,1,1,5,1,1,1,1,53,0,35,401,2016,0,,12,,,,,,1,1,66,1,7,,4,0,20,7,11,5,09/11/2020,15:40,1.96053E+11,42658,0,0,0,3,1,39,,,,96,,,,,,98,,,,,,98055,53,72,240,6,1,0,0,1,1,,0,,,,,,0,09/15/2017,09/15/2017,8,0,0,0,0,9,8,,,0,,,8,8,2,348,,,1,,,2,1,0,,,,,,,,,,,,,,,,,,,,,,,,,,,,,,0,0,0,1,0,0,1,1,0,0,0,0,0,0,0,0,0,0,0,1,0,0,0,0,0,1,0,0,0,1,1,0,0,1,0,,1,0,0,0,0,0,1,1,0,0,0,0,0,0,1,0,,,,,,66-70,66-75,State route,U,Wednesday,Not Used,PV,White,1,0,0,0,State Route,Municipal/City Police,Kent Police Department,0,1,0,0,0,,,,,,0,0,0,,,,,,,,,,,98,98,98,1,,,,,20,7,,,,,,,,1,0,,,,,,
2021,510,EB97526,248,12/06/2021,20:50,6,12,,33,King,1830,2,,3,2,2,1,0,2,2,,,,18,0,0,0,1,0,1,4,2,4,6,0,0,0,0,BENSON RD S,,-122.2063056,47.46788056,0,2,12,90,6,35,6,0,0,1,2,30,3,2,2,1,14,1,1,53,0,58,44,2015,0,,18,63,30,69,68,12,1,1,50,1,7,,4,7,20,7,11,0,12/06/2021,20:50,1.83053E+11,63371,0,0,3,3,1,0,,,,92,,,,,,98,,,,,,98055,53,73,240,6,1,0,0,0,4,,0,,,,,,0,11/15/2021,01/15/2021,8,0,0,0,0,9,8,,,0,,,8,8,2,996,996,695,1,1,1,2,1,0.214,,,,,,,,,,,,,,,,,,,,,,,,,,,,,,0,0,0,0,1,1,1,1,1,0,0,0,0,0,0,0,1,0,0,1,0,0,0,0,0,0,0,0,0,1,0,0,0,1,0,,1,0,0,0,0,1,1,1,1,0,0,0,0,0,0,1,,,,,,46-50,46-55,City street,U,Monday,Not Used,PV,Black,0,1,0,0,City Street,Municipal/City Police,Renton Police Department,1,0,0,1,0,thc,9.8,carboxy-thc,6.8,,0,0,0,1,,,,,605,,,,,98,98,98,2,,,,,20,,,,,,,,nms,1,0,,,,,,
2017,236,E690706,7,07/04/2017,7:25,4,7,5,33,King,1960,1,0,1,1,1,1,0,2,2,,,,25,0,0,0.2,5,1,1,1,2,1,1,0,0,0,0,I-5 RAMP R116473,,-122.3195083,47.59439444,0,2,98,98,7,60,5,0,0,1,2,12,8,8,4,3,1,1,2,53,0,7,25,2008,0,0,12,,,,,,1,1,47,1,0,0,0,0,3,0,11,0,,,,,0,0,0,3,1,0,0,0,0,0,,,,,,0,,,,,,98056,53,71,170,6,1,0,0,0,0,0,0,,,,,,0,,,20,0,0,0,8,9,8,,,0,0,0,8,0,0,0,0,0,0,0,0,0,0,996,,,,,,,,,,,,,,,,,,,,,,,,,,,,,,0,0,1,0,0,0,1,1,1,0,0,0,1,0,0,0,0,0,0,0,0,0,0,0,0,0,0,0,1,1,0,0,0,0,0,,0,0,0,0,0,0,0,0,0,0,0,0,0,0,0,0,,,,,,46-50,46-55,Interstate,U,Tuesday,Belt Used,PV,Not Fatal,0,1,0,0,State Route,State Patrol,Washington State Patrol Headquarter,1,1,0,0,0,,,,,,,,,,,,,,,,,,,,,,,,,,,,,,,,,,,,,,,,,,,
2018,296,E829235,248,08/18/2018,0:10,18,8,0,33,King,1830,1,0,3,1,2,1,1,2,1,,,,8,0,0,5.2,3,0,2,3,2,1,3,0,0,3,3,SR-900,NE 12TH ST,-122.1774139,47.50309444,0,1,13,80,5,35,2,0,0,1,7,8,1,1,4,1,1,2,2,53,0,22,9,1967,0,0,8,,,,,,1,1,21,1,0,0,0,0,3,0,11,0,,,,,0,0,3,3,1,0,0,0,0,96,,,,,,0,,,,,,98056,53,69,145,6,1,0,1,0,1,,0,,,,,,0,11/15/2014,02/15/2015,20,0,0,0,8,9,8,,,0,0,0,8,0,8,95,,,96,,,8,95,995,,,,,,,,,,,,,,,,,,,,,,,,,,,,,,0,0,0,1,0,0,0,0,0,1,1,0,0,0,0,0,0,0,0,0,0,0,0,1,1,0,0,0,0,1,0,1,0,0,0,,0,0,0,0,0,0,0,0,0,0,0,0,0,0,0,0,,,,,,21-25,16-25,State route,U,Saturday,Belt Used,PV,Not Fatal,1,0,0,0,State Route,Municipal/City Police,Renton Police Department,0,1,0,0,0,,,,,,0,0,0,,,,,,,,,,,,,,,,,,,,,,,,,,,,,,,,,,,
2018,287,E830098,7,08/09/2018,12:19,9,8,0,33,King,0,1,0,1,1,1,1,0,1,1,,,,43,0,0,17.4,1,0,1,1,2,1,1,0,0,0,0,I-90,,-121.9995417,47.53358333,0,1,6,12,2,70,4,0,0,1,7,2,2,2,3,2,14,1,1,53,0,41,51,2011,0,0,64,43,67,1,2,,1,1,51,1,6,1,4,7,99,0,11,0,08/09/2018,12:19,53035235,35235,0,0,0,3,1,0,0,0,0,96,,,,,,99,,,,,,98056,53,67,175,6,1,0,1,3,3,,0,,,,,,0,12/15/2013,11/15/2017,99,0,0,0,0,9,8,,,0,0,0,8,9,2,1,,,1,,,2,1,0,,,,,,,,,,,,,,,,,,,,,,,,,,,,,,0,0,1,0,0,0,0,0,0,0,0,0,0,0,0,0,0,0,0,0,0,0,0,0,0,0,0,0,0,1,0,0,0,0,0,,1,0,0,0,0,0,0,0,0,0,0,0,0,0,0,0,,,,,,51-55,46-55,Interstate,U,Thursday,Unknown,PV,Hispanic,0,1,0,0,State Route,State Patrol,Washington State Patrol,1,1,0,0,0,,,,,,0,0,5,,,,,,,,,,,,,,,,,,,,,,,,,,,,,,,,,,,
2018,345,E844453,248,10/01/2018,23:04,1,10,0,33,King,1830,2,0,3,2,2,1,0,2,2,,,,12,0,6,0,1,0,1,7,2,4,6,0,0,0,0,SE CARR RD,S CARR RD,-122.2060083,47.44237778,0,1,66,6,1,35,3,0,0,1,7,12,2,6,2,1,14,1,1,53,0,49,34,1984,0,0,68,12,,,,,1,1,22,1,7,7,4,7,3,0,11,0,10/01/2018,23:04,1.83053E+11,42808,0,0,0,3,1,28,0,0,0,96,,,,,,0,,,,,,98056,53,67,140,6,1,0,1,3,1,,0,,,,,,4,03/15/2017,09/15/2018,20,0,0,0,0,9,8,,,0,0,0,8,0,2,1,,,1,,,2,1,0,,,,,,,,,,,,,,,,,,,,,,,,,,,,,,0,0,0,0,0,0,0,0,0,0,0,0,1,0,0,0,0,0,0,0,0,0,0,1,1,0,0,0,0,1,0,0,0,0,0,,1,0,0,0,0,0,0,0,0,1,0,0,0,0,0,0,,,,,,21-25,16-25,City street,U,Monday,Belt Used,PV,API,0,1,1,0,City Street,Municipal/City Police,Renton Police Department,0,0,0,1,0,,,,,,0,0,0,,,,,,,,,,,,,,,,,,,,,,,,,,,,,,,,,,,