year,case,par,repjur,crash_dt,crash_tm,accday,accmon,holiday,county,co_char,city,weather,weather2,lightcond,surfcond,surftype,numfatal,nmforms,pforms,vforms,not_tm,arr_tm,hosp_tm,fhevent,hitrun,manncol,milepnt,reljunc,reljuncinter,intersectiontype,funcsystem,landuse,ownership,route,schlbus,spejur,contdev,devfunc,trafid1,trafid2,x,y,wk_zone,vnumber,crashtype,criticalevent,criticaleventcat,spdlim,body,trailer,emerg,hazcargo,leave,mhevent,roadalgn,roadprof,traflane,trafflow,vehmanvr,numoccs,regowner,regstate,spuse,make,model,modelyr,vrf1,vrf2,seqevent1,seqevent2,seqevent3,seqevent4,seqevent5,seqevent6,pnumber,ptype,age,sex,hispanic,race,injury,diedscene,restraint,restraintmisuse,seatpos,takehosp,death_dt,death_tm,cert,cernum_wa,commlic,licendor,licrestrict,liccomp,drivpres,drf1,drf2,drf3,drf4,distract1,distract2,distract3,distract4,distract5,distract6,dricond1,dricond2,dricond3,dricond4,dricond5,dricond6,dzip,licstate,drhgt_in,weight,noncdl,noncdltype,prevdwi,prevoth,prevacc,prevspd,prevsus,driviol1,driviol2,driviol3,driviol4,driviol5,driviol6,spdrel,first_dt,last_dt,airbag,ejection,ejectpath,extricat,injurwrk,methalc,methdrug,nmlocat,strikveh,prf1,prf2,prf3,druginv,alcinvol,drugsts,drugres1,drugres2,drugres3,drugtst1,drugtst2,drugtst3,alcsts,alctst,alcres,nmact1,nmact2,nmact3,nmact4,nmact5,nmact6,nmprior1,nmprior2,nmprior3,nmprior4,nmprior5,nmprior6,nmcond1,nmcond2,nmcond3,nmcond4,nmcond5,nmcond6,nmsafe_helmet,nmsafe_pads,nmsafe_oth,nmprev_ref,nmprev_lgt,nmprev_oth,crashlocation,nmcrashtype,crosswalk,schoolzone,sidewalk,train_inv,wildlife_inv,rotr_fars,intersect_fars,dd_inv,aid_inv,dpd_inv,id_inv,mj_inv,impnm_inv,ainm_inv,dpnm_inv,speed_inv,unlic_inv,unendmc_inv,drowsy_inv,drdist_inv,nmdist_inv,fty_inv,unrestfat_inv,dr1617_inv,dr1820_inv,dr1620_inv,dr2125_inv,dr1625_inv,dr65_inv,dr70_inv,dr75_inv,mc_inv,pv_inv,ht_inv,ped_inv,bike_inv,unrest_fat,mc_fat,unhelmet_mc,pv_fat,ht_fat,ped_fat,bike_fat,dr_alc7,dr_alc8,dr_drug,dr_imp,dr_dist,dr_spd,dr_fty,dr_unlic,dr_alc7only,dr_alc8only,dr_drugonly,dr_drink,nm_imp,nm_alc7,nm_alc8,nm_drug,nm_dist,agegrp1,agegrp2,roadclass,urbrur,dayweek,restuse,vehtype,race_me,intersect,lanedep,oppdir,wrongway,rep_typ,investag,repag_long,rotr,st_rd,cty_rd,city_rd,oth_rd,drug_thc,thc_res,drug_cthc,cthc_res,drug_cann,prevpersemin,prevperse,prevsusoth,drugtst4,drugtst5,drugtst6,drugtst7,drugtst8,drugres4,drugres5,drugres6,drugres7,drugres8,adspresent,adsengaged,adslevel,race1,race2,race3,race4,race5,helmet,helmetmisuse,nmdistract1,nmdistract2,nmdistract3,nmdistract4,nmdistract5,nmdistract6,lab,isedtcase,crf1,crf2,crf3,CoRoadName,CoMP,IntCoRoadName,IntCoMP
2019,62,E899434,7,02/18/2019,3:54,18,2,,33,King,1820,1,0,3,1,2,1,0,2,2,,,,12,0,2,11.6,1,0,1,3,2,1,3,0,0,0,0,SR-520,,-122.1305361,47.66606111,0,2,52,54,3,60,63,0,0,1,7,12,3,2,5,3,14,1,3,94,0,84,881,2005,0,0,12,,,,,,1,1,65,1,0,,1,0,3,0,11,8,,,,,6,1,3,3,1,0,0,0,0,96,,,,,,0,,,,,,98056,53,67,183,6,1,0,0,2,0,,0,,,,,,0,08/15/2016,12/15/2017,20,0,0,0,8,9,8,,,0,0,0,8,0,8,95,,,96,,,8,95,995,,,,,,,,,,,,,,,,,,,,,,,,,,,,,,0,0,0,0,1,1,1,1,1,0,0,0,0,0,0,0,0,0,0,0,0,0,0,0,0,1,0,0,0,1,1,0,0,0,0,,0,0,0,0,0,0,0,0,0,0,0,0,0,0,0,0,,,,,,61-65,56-65,State route,U,Monday,,MHTRUCK,Not Fatal,0,0,0,1,State Route,State Patrol,Washington State Patrol,0,1,0,0,0,,,,,,0,0,0,,,,,,,,,,,98,98,98,0,,,,,20,7,,,,,,,,,,,,,,,
2020,296,EA56405,248,08/18/2020,22:30,18,8,,33,King,1830,1,,3,1,2,1,0,1,2,,,,38,0,0,0,1,0,1,3,2,4,6,0,0,0,0,SE PETROVITSKY RD,,-122.1758694,47.44545833,0,1,1,13,2,40,2,0,0,1,2,2,2,1,4,2,14,1,1,53,0,20,9,2012,0,,63,38,42,38,39,14,1,1,23,2,7,,4,7,99,7,11,0,08/18/2020,22:30,1.83053E+11,39824,0,0,3,2,1,8,,,,96,,,,,,98,,,,,,98056,53,62,130,1,1,2,1,0,2,,0,,,,,,3,01/15/2018,09/15/2020,99,0,0,0,0,9,8,,,0,,,8,8,2,1,,,1,,,2,1,0.24,,,,,,,,,,,,,,,,,,,,,,,,,,,,,,0,0,1,0,1,1,0,1,0,0,0,0,1,1,0,0,0,0,0,0,0,0,0,1,1,0,0,0,0,1,1,0,0,0,0,,1,0,0,0,0,1,0,1,0,1,0,1,0,1,0,1,,,,,,21-25,16-25,City street,U,Tuesday,Unknown,PV,Multiracial,0,1,0,0,City Street,Municipal/City Police,Renton Police Department,1,0,0,1,0,,,,,,0,2,4,,,,,,,,,,,98,98,98,202,298,,,,20,7,,,,,,,,1,0,,,,,,
2020,472,EA86312,7,12/01/2020,23:35,1,12,,33,King,1640,1,,3,1,2,2,0,7,7,,,,12,0,2,13.2,1,0,1,3,2,1,3,0,0,0,0,SR-167,,-122.2607278,47.26889167,0,7,98,98,7,60,4,0,0,1,5,54,1,1,2,3,1,1,2,53,0,34,35,2014,0,,54,,,,,,1,1,34,1,0,,0,0,3,0,11,0,,,,,0,0,0,3,1,0,,,,96,,,,,,0,,,,,,98056,53,67,160,6,1,0,0,0,0,,0,,,,,,0,,,20,0,0,0,8,9,8,,,0,,,8,8,0,0,,,0,,,0,0,996,,,,,,,,,,,,,,,,,,,,,,,,,,,,,,0,0,0,0,1,0,0,0,0,0,0,0,0,0,0,0,0,0,0,0,0,0,0,1,1,0,0,0,1,1,1,0,0,0,0,,0,0,0,0,0,0,0,0,0,0,0,0,0,0,0,0,,,,,,31-35,26-35,State route,U,Tuesday,Belt Used,PV,Not Fatal,0,0,0,1,State Route,State Patrol,Washington State Patrol,0,1,0,0,0,,,,,,0,0,0,,,,,,,,,,,98,98,98,0,,,,,20,7,,,,,,,,1,14,,,,,,
2021,617,EB07358,248,02/12/2021,11:45,12,2,,33,King,1830,1,,1,1,2,1,0,1,1,,,,41,0,0,4.1,1,0,1,3,2,1,3,0,0,0,0,SR-900,,-122.1953056,47.50234167,0,1,1,8,1,40,4,0,0,1,2,41,2,3,4,1,14,1,1,53,0,13,1,1992,0,,63,41,,,,,1,1,81,1,7,,4,0,3,0,11,8,02/14/2021,2:50,1.83053E+11,8144,0,0,0,0,1,0,,,,92,,,,,,98,,,,,,98056,53,68,200,0,0,0,2,2,0,,0,,,,,,0,07/15/2017,04/15/2017,8,0,0,0,0,9,8,,,0,,,8,8,2,1,,,1,,,2,1,0,,,,,,,,,,,,,,,,,,,,,,,,,,,,,,0,0,1,0,0,0,0,0,0,0,0,0,0,1,0,0,1,0,0,0,0,0,0,0,0,1,1,1,0,1,0,0,0,0,0,,1,0,0,0,0,0,0,0,1,0,0,1,0,0,0,0,,,,,,81+,76+,State route,U,Friday,Belt Used,PV,White,1,0,0,0,State Route,Municipal/City Police,Renton Police Department,0,1,0,0,0,,,,,,0,0,2,,,,,,,,,,,0,0,0,1,,,,,20,,,,,,,,,1,0,,,,,,
2021,360,EB70397,59,09/15/2021,6:54,15,9,,33,King,109,2,,1,2,2,1,0,2,2,,,,12,0,6,0,1,0,1,3,2,4,6,0,0,0,0,SE COAL CREEK PKWY,,-122.1691083,47.55978056,0,2,98,62,4,40,14,0,0,1,2,12,3,2,3,1,14,1,1,53,0,14,402,2006,0,,12,,,,,,1,1,51,1,0,,3,0,3,0,11,8,,,,,0,0,0,3,1,0,,,,96,,,,,,98,,,,,,98056,53,66,202,6,1,0,0,0,0,,0,,,,,,0,,,8,0,0,0,8,9,8,,,0,,,8,8,8,95,,,96,,,8,95,995,,,,,,,,,,,,,,,,,,,,,,,,,,,,,,0,0,0,0,0,0,0,0,0,0,0,0,0,0,0,0,0,0,0,0,0,0,0,0,0,0,0,0,0,1,0,0,0,0,0,,0,0,0,0,0,0,0,0,0,0,0,0,0,0,0,0,,,,,,51-55,46-55,City street,U,Wednesday,Belt Used,PV,Not Fatal,0,1,1,0,City Street,Municipal/City Police,Bellevue Police Department,0,0,0,1,0,,,,,,0,0,0,,,,,,,,,,,98,98,98,0,,,,,20,,,,,,,,,1,0,,,,,,
2021,411,EB77458,7,10/07/2021,12:43,7,10,,33,King,2310,1,,1,1,2,1,0,2,2,,,,12,0,6,0.8,1,0,1,3,2,1,3,0,0,0,0,SR-900,,-122.2719944,47.49837778,0,2,98,60,4,60,20,0,0,1,2,12,1,2,2,2,1,1,1,53,0,6,441,2014,0,,12,,,,,,1,1,37,1,0,,1,0,3,0,11,8,,,,,0,0,3,3,1,0,,,,96,,,,,,98,,,,,,98056,53,71,270,6,1,0,0,0,0,,0,,,,,,0,,,8,0,0,0,8,9,8,,,0,,,8,8,8,95,,,96,,,8,95,995,,,,,,,,,,,,,,,,,,,,,,,,,,,,,,0,0,0,0,0,0,1,1,0,0,0,0,0,0,0,0,0,0,0,1,0,0,0,0,0,0,0,0,0,1,0,0,0,0,0,,0,0,0,0,0,0,0,0,0,0,0,0,0,0,0,0,,,,,,36-40,36-45,State route,U,Thursday,Belt Used,PV,Not Fatal,0,0,0,0,State Route,State Patrol,Washington State Patrol,0,1,0,0,0,,,,,,0,0,0,,,,,,,,,,,98,98,98,0,,,,,20,,,,,,,,,1,0,,,,,,
2017,542,E750745,35,12/16/2017,7:44,16,12,0,53,Pierce,0,10,0,4,2,1,1,0,3,2,7:42,8:01,8:37,12,0,2,4.5,1,0,1,3,2,2,4,0,0,0,0,CR-116TH ST S,,-122.4622167,47.15140556,0,1,50,6,1,35,20,0,0,1,5,12,3,1,4,1,14,2,1,53,0,12,442,2001,0,0,68,12,,,,,1,1,50,1,0,0,3,0,3,0,11,8,,,,,0,0,0,2,1,28,0,0,0,96,,,,,,9,,,,,,98057,53,70,210,1,1,0,1,0,0,6,0,,,,,,4,01/15/2013,11/15/2017,1,0,0,0,8,1,1,,,0,0,0,1,0,2,402,407,605,1,1,1,2,1,0,,,,,,,,,,,,,,,,,,,,,,,,,,,,,,0,0,0,0,0,0,1,1,1,0,0,0,1,1,0,0,0,0,0,0,0,0,0,0,0,0,0,0,0,1,1,0,0,0,0,,0,0,0,0,0,0,1,1,0,1,0,1,0,0,1,0,,,,,,46-50,46-55,County road,U,Saturday,Belt Used,PV,Not Fatal,0,1,1,0,County Road,County Sheriff,Law Enforcement Support Agency,0,0,1,0,0,thc,3.4,carboxy-thc,22,,,,,,,,,,,,,,,,,,,,,,,,,,,,,,,,,,,,,,,
2018,480,E878609,7,12/30/2018,4:55,30,12,0,33,King,1960,10,0,3,2,2,1,0,2,2,,,,24,0,0,161.1,1,0,1,1,2,1,1,0,0,0,0,I-5,,-122.3097,47.54693611,0,1,7,6,1,60,14,0,0,1,7,1,4,1,5,3,14,1,1,53,0,2,404,1999,0,0,64,24,1,60,54,,1,1,40,1,7,98,4,7,99,0,11,0,12/30/2018,4:55,1.96053E+11,58077,0,0,0,3,1,0,0,0,0,96,,,,,,99,,,,,,98057,53,71,160,6,1,0,0,0,0,,0,,,,,,4,,,20,0,0,0,0,9,8,,,0,0,0,8,9,2,605,695,,1,1,,2,1,0.233,,,,,,,,,,,,,,,,,,,,,,,,,,,,,,0,0,0,0,1,1,1,1,1,0,0,0,1,0,0,0,0,0,0,0,0,0,0,0,0,0,0,0,0,1,0,0,0,0,0,,1,0,0,0,0,1,1,1,0,1,0,0,0,0,0,1,,,,,,36-40,36-45,Interstate,U,Sunday,Unknown,PV,Oth/Unk,0,1,0,0,State Route,State Patrol,Washington State Patrol,1,1,0,0,0,thc,1.5,carboxy-thc,8.9,,0,0,0,,,,,,,,,,,,,,,,,,,,,,,,,,,,,,,,,,,
2019,266,E946448,248,08/03/2019,0:17,3,8,,33,King,1830,1,0,3,1,2,1,0,3,2,,,,12,0,1,24.6,8,0,1,3,2,1,3,0,0,0,0,SR-169,,-122.1867444,47.47766389,0,1,28,52,3,40,4,0,0,1,7,12,1,1,2,1,1,2,1,53,0,55,35,2013,0,0,12,,,,,,1,1,34,1,0,,0,0,3,0,11,0,,,,,0,0,0,3,1,0,0,0,0,96,,,,,,9,,,,,,98057,53,66,170,6,1,0,0,1,0,,97,,,,,,0,01/15/2018,01/15/2018,20,0,0,0,8,9,8,,,0,0,0,8,1,2,1,,,1,,,2,1,0.17,,,,,,,,,,,,,,,,,,,,,,,,,,,,,,0,0,0,0,1,1,1,1,0,0,0,0,0,0,0,0,0,0,0,0,0,0,0,0,0,0,0,0,1,1,0,0,0,0,0,,0,0,0,0,0,1,0,1,0,0,0,0,0,1,0,1,,,,,,31-35,26-35,State route,U,Saturday,Belt Used,PV,Not Fatal,0,0,0,0,State Route,Municipal/City Police,Renton Police Department,0,1,0,0,0,,,,,,0,0,0,,,,,,,,,,,98,98,98,0,,,,,20,7,,,,,,,,,,,,,,,
2020,263,EA52230,25,08/01/2020,0:06,1,8,,33,King,0,1,,2,1,2,1,1,2,1,0:06,0:17,,8,0,0,7.2,1,0,1,5,2,2,4,0,0,0,0,CR-83RD CENTRAL AVE S,,-122.2298472,47.35809167,0,1,13,80,5,35,6,0,0,1,2,8,1,1,4,1,1,2,2,53,0,35,49,2004,0,,8,,,,,,1,1,18,1,0,,0,0,20,7,11,0,,,,,0,0,0,0,1,10,,,,0,,,,,,0,,,,,,98057,53,78,175,0,0,0,0,0,0,,0,,,,,,0,,,1,0,0,0,8,3,2,,,0,,,8,8,0,0,,,0,,,0,0,996,,,,,,,,,,,,,,,,,,,,,,,,,,,,,,0,0,0,0,0,0,0,0,0,1,1,1,0,1,0,0,0,1,0,0,0,1,1,0,1,0,0,0,0,1,0,1,0,0,0,,0,0,0,0,0,0,0,0,0,0,0,1,0,0,0,0,,,,,,18-20,16-25,County road,U,Saturday,Not Used,PV,Not Fatal,0,0,0,0,County Road,County Sheriff,King County Police,0,0,1,0,0,,,,,,0,0,0,,,,,,,,,,,98,98,98,0,,,,,20,7,,,,,,,,1,0,,,CENTRAL AVE S,7.195,,
2021,90,EB20162,248,01/29/2021,19:33,29,1,,33,King,1830,1,,3,1,2,1,0,7,4,,,,12,0,7,5.9,1,0,1,4,2,1,3,0,0,0,0,SR-515,,-122.2048222,47.45445833,0,3,98,62,4,40,6,0,0,1,2,12,1,1,4,1,1,1,1,53,0,35,49,2005,0,,12,2,63,30,,,1,1,68,2,0,,3,0,3,0,11,8,,,,,0,0,3,3,1,0,,,,96,,,,,,98,,,,,,98057,53,69,155,6,1,0,0,0,0,,0,,,,,,0,,,8,0,0,0,8,9,8,,,0,,,0,0,0,0,,,0,,,0,0,996,,,,,,,,,,,,,,,,,,,,,,,,,,,,,,0,0,0,0,0,0,0,0,0,0,0,0,1,0,0,0,0,0,0,1,0,0,0,1,1,1,0,0,0,1,1,0,0,0,0,,0,0,0,0,0,0,0,0,0,0,0,0,0,0,0,0,,,,,,66-70,66-75,State route,U,Friday,Belt Used,PV,Not Fatal,0,0,0,0,State Route,Municipal/City Police,Renton Police Department,0,1,0,0,0,,,,,,0,0,0,,,,,,,,,,,98,98,98,0,,,,,20,,,,,,,,,1,0,,,,,,
2021,619,EB31034,248,05/17/2021,17:15,17,5,,33,King,1830,2,,1,2,2,1,1,2,1,,,,8,0,0,0,3,0,3,3,2,4,6,0,0,0,0,SE CARR RD,103RD AVE SE,-122.2036056,47.44293333,0,1,13,80,5,35,14,0,0,1,5,8,8,8,4,1,1,2,1,53,0,34,402,2020,0,,8,,,,,,1,1,55,1,0,,0,0,3,0,11,0,,,,,0,0,3,3,1,0,,,,96,,,,,,98,,,,,,98057,53,76,160,6,1,0,0,0,0,,0,,,,,,0,,,20,0,0,0,8,9,8,,,0,,,8,8,0,0,,,0,,,0,0,996,,,,,,,,,,,,,,,,,,,,,,,,,,,,,,0,0,0,1,0,0,0,0,0,0,0,0,0,0,0,0,0,0,0,0,0,0,0,0,0,0,0,0,0,1,0,1,0,0,0,,0,0,0,0,0,0,0,0,0,0,0,0,0,0,0,0,,,,,,51-55,46-55,City street,U,Monday,Belt Used,PV,Not Fatal,1,0,0,0,City Street,Municipal/City Police,Renton Police Department,0,0,0,1,0,,,,,,0,0,0,,,,,,,,,,,98,98,98,0,,,,,20,,,,,,,,,1,0,,,,,,
2021,516,EB98844,262,12/04/2021,18:29,4,12,,33,King,1958,2,,3,2,1,2,0,3,2,,,,12,0,2,0,1,0,1,4,2,4,6,0,0,0,0,DES MOINES MEMORIAL DR S,,-122.3146139,47.47854167,0,2,51,62,4,35,4,0,0,1,2,12,1,1,2,1,1,2,1,53,0,55,35,2013,0,,12,,,,,,1,1,20,1,0,,3,0,20,7,11,8,,,,,0,0,0,3,1,0,,,,96,,,,,,98,,,,,,98057,53,73,130,6,1,0,0,0,2,,0,,,,,,0,07/15/2019,07/15/2019,8,0,0,0,8,9,8,,,0,,,8,8,0,0,,,0,,,0,0,996,,,,,,,,,,,,,,,,,,,,,,,,,,,,,,0,0,0,0,1,1,1,1,0,0,0,0,0,1,0,0,0,0,0,1,0,1,1,0,1,1,0,0,0,1,0,0,0,0,0,,0,0,0,0,0,0,0,0,0,0,0,0,0,0,0,0,,,,,,18-20,16-25,City street,U,Saturday,Not Used,PV,Not Fatal,0,1,1,0,City Street,Municipal/City Police,SeaTac Police Department,0,0,0,1,0,,,,,,0,0,1,,,,,,,,,,,98,98,98,0,,,,,20,,,,,,,,,1,0,,,,,,
2017,479,E735918,7,11/13/2017,18:06,13,11,0,33,King,0,6,0,3,2,2,1,0,3,1,,,,7,0,0,0.1,1,0,1,7,2,2,4,0,0,0,0,CR-SE 179TH ST,,-122.1281667,47.44146111,0,1,0,98,7,25,14,0,0,1,2,7,1,1,2,1,1,3,1,53,0,59,401,2001,0,0,7,,,,,,1,1,34,2,7,2,4,7,3,0,11,0,11/13/2017,18:06,1.83053E+11,50261,0,0,3,3,1,0,0,0,0,0,,,,,,99,,,,,,98058,53,67,140,6,1,0,0,0,1,0,0,,,,,,0,08/15/2016,08/15/2016,20,0,0,1,0,9,8,,,0,0,0,8,9,2,1,0,0,1,0,0,2,1,0,,,,,,,,,,,,,,,,,,,,,,,,,,,,,,0,0,0,0,0,0,0,0,0,0,0,0,0,0,0,0,0,0,0,0,0,0,0,0,0,0,0,0,0,1,0,0,0,0,0,,1,0,0,0,0,0,0,0,0,0,0,0,0,0,0,0,,,,,,31-35,26-35,County road,U,Monday,Belt Used,PV,Black,0,0,0,0,County Road,County Sheriff,King County Police,0,0,1,0,0,,,,,,,,,,,,,,,,,,,,,,,,,,,,,,,,,,,,,,,,,,,
2018,124,E795721,25,05/02/2018,17:13,2,5,0,33,King,1958,1,0,1,1,2,1,1,3,3,,,,8,0,0,12.9,1,0,1,3,2,1,3,0,0,0,0,SR-99,,-122.2983278,47.40849444,0,1,13,80,5,40,4,0,0,1,7,8,1,1,3,2,15,1,2,53,0,35,43,2005,0,0,8,12,12,,,,1,1,25,1,0,0,0,0,99,0,11,0,,,,,0,0,0,0,1,0,0,0,0,96,,,,,,9,,,,,,98058,53,62,125,0,0,0,0,0,0,,97,,,,,,3,,,20,0,0,0,8,5,8,,,0,0,0,8,1,2,401,417,605,1,1,1,2,1,0.14,,,,,,,,,,,,,,,,,,,,,,,,,,,,,,0,0,0,0,1,1,1,1,1,1,0,1,1,1,0,0,0,0,0,0,0,0,0,1,1,0,0,0,0,1,0,1,0,0,0,,0,0,0,0,0,1,1,1,0,1,0,1,0,0,0,1,,,,,,21-25,16-25,State route,U,Wednesday,Unknown,PV,Not Fatal,1,0,0,0,State Route,Municipal/City Police,SeaTac Police Department,0,1,0,0,0,thc,5.3,carboxy-thc,30,,0,0,0,1,,,,,695,,,,,,,,,,,,,,,,,,,,,,,,,,,,,
2018,202,E811927,162,06/17/2018,20:41,17,6,0,33,King,1264,1,0,1,1,1,1,0,3,3,,,,12,0,6,12.5,2,0,3,3,2,1,3,0,0,0,0,SR-169,SE 251ST ST,-122.0262306,47.376625,0,2,83,67,4,45,80,0,0,1,7,12,8,8,4,5,1,1,1,53,0,77,706,2016,0,0,12,,,,,,1,1,54,1,7,1,4,7,19,0,11,0,06/17/2018,20:41,1.26453E+11,27846,0,0,0,3,1,0,0,0,0,96,,,,,,99,,,,,,98058,53,72,153,6,1,0,0,0,0,,0,,,,,,4,,,20,8,0,0,0,9,8,,,0,0,0,8,9,2,605,695,,1,1,,2,1,0.11,,,,,,,,,,,,,,,,,,,,,,,,,,,,,,0,0,0,1,1,1,1,1,1,0,0,0,1,0,0,0,0,0,1,0,0,0,0,0,0,0,0,0,1,1,0,0,0,0,1,0,0,0,0,0,0,1,1,1,0,1,0,0,0,0,0,1,,,,,,51-55,46-55,State route,U,Sunday,,MC,White,1,0,0,0,State Route,County Sheriff,King County Police,0,1,0,0,0,thc,44,carboxy-thc,27,,0,0,0,,,,,,,,,,,,,,,,,,,,,,,,,,,,,,,,,,,
2018,285,E829957,248,08/19/2018,20:24,19,8,0,33,King,1830,5,0,5,1,2,1,0,3,2,,,,12,0,6,0,1,0,1,7,2,4,6,0,0,0,0,SE CARR RD,103RD AVE SE,-122.2053833,47.44236667,0,2,66,62,4,35,6,0,0,1,7,12,1,2,2,1,1,2,1,53,0,7,27,2015,0,0,12,,,,,,1,1,31,1,0,0,3,0,3,0,11,8,,,,,0,0,0,3,1,0,0,0,0,96,,,,,,99,,,,,,98058,53,76,215,6,1,0,0,1,1,,0,,,,,,0,04/15/2016,07/15/2017,8,0,0,0,8,9,8,,,0,0,0,8,9,8,95,,,96,,,8,95,995,,,,,,,,,,,,,,,,,,,,,,,,,,,,,,0,0,0,0,1,1,1,1,1,0,0,0,1,1,0,0,0,0,0,0,0,0,0,0,0,0,0,0,0,1,0,0,0,0,0,,0,0,0,0,0,0,0,0,0,0,0,0,0,0,0,0,,,,,,31-35,26-35,City street,U,Sunday,Belt Used,PV,Not Fatal,0,1,1,0,City Street,Municipal/City Police,Renton Police Department,0,0,0,1,0,,,,,,0,0,0,,,,,,,,,,,,,,,,,,,,,,,,,,,,,,,,,,,
2018,320,E836826,25,09/06/2018,12:33,6,9,0,33,King,0,1,0,1,1,2,1,0,2,2,,,,12,0,1,3.7,3,0,3,3,2,2,4,0,0,3,3,CR-SE PETROVITSKY RD,PARKSIDE WAY SE,-122.1208722,47.43953333,0,1,20,50,3,40,4,0,0,1,7,12,1,1,3,1,1,1,1,53,0,12,21,2005,0,0,12,,,,,,1,1,64,2,0,0,1,0,99,0,11,8,,,,,0,0,3,2,1,39,0,0,0,96,,,,,,0,,,,,,98058,53,64,220,1,1,0,0,0,0,,97,,,,,,0,07/15/2017,07/15/2017,1,0,0,0,8,9,8,,,0,0,0,8,0,8,95,,,96,,,8,95,995,,,,,,,,,,,,,,,,,,,,,,,,,,,,,,0,0,0,1,0,0,1,1,0,0,0,0,0,1,0,0,0,0,0,0,0,0,0,0,0,1,1,0,1,1,0,0,0,0,0,,0,0,0,0,0,0,0,0,0,0,0,1,0,0,0,0,,,,,,61-65,56-65,County road,U,Thursday,Unknown,PV,Not Fatal,1,0,0,0,County Road,County Sheriff,King County Police,0,0,1,0,0,,,,,,0,0,1,,,,,,,,,,,,,,,,,,,,,,,,,,,,,,,,,,,
2018,320,E836826,25,09/06/2018,12:33,6,9,0,33,King,0,1,0,1,1,2,1,0,2,2,,,,12,0,1,3.7,3,0,3,3,2,2,4,0,0,3,3,CR-SE PETROVITSKY RD,PARKSIDE WAY SE,-122.1208722,47.43953333,0,2,21,53,3,40,80,0,0,1,7,12,1,1,3,1,5,1,2,53,0,72,706,2010,0,0,12,,,,,,1,1,71,1,7,1,4,7,19,0,11,0,09/06/2018,12:33,53039477,39477,0,0,0,3,1,0,0,0,0,0,,,,,,0,,,,,,98058,53,69,200,6,1,0,0,0,0,,0,,,,,,0,,,20,8,0,0,0,9,8,,,0,0,0,8,9,2,996,996,996,1,1,1,2,1,0,,,,,,,,,,,,,,,,,,,,,,,,,,,,,,0,0,0,1,0,0,1,1,0,0,0,0,0,1,0,0,0,0,0,0,0,0,0,0,0,1,1,0,1,1,0,0,0,0,1,0,0,0,0,0,0,0,1,1,0,0,0,0,0,0,1,0,,,,,,71-75,66-75,County road,U,Thursday,,MC,White,1,0,0,0,County Road,County Sheriff,King County Police,0,0,1,0,0,,,,,,0,0,0,,,,,,,,,,,,,,,,,,,,,,,,,,,,,,,,,,,
2018,455,E871292,298,12/10/2018,20:31,10,12,0,33,King,2310,10,0,2,1,2,1,0,6,3,,,,12,0,2,0,1,0,1,7,2,4,6,0,0,0,0,S BOEING ACCESS RD,AIRPORT WAY S,-122.2859333,47.50750278,1,2,51,62,4,35,2,0,0,1,7,1,1,2,4,1,1,1,1,53,0,20,9,2011,0,0,12,63,25,1,,,1,1,29,1,0,0,3,0,20,0,11,8,,,,,0,0,0,3,1,0,0,0,0,96,,,,,,99,,,,,,98058,53,72,170,6,1,0,2,1,1,,0,,,,,,0,08/15/2016,03/15/2018,8,0,0,0,8,9,8,,,0,0,0,8,9,8,95,,,96,,,8,95,995,,,,,,,,,,,,,,,,,,,,,,,,,,,,,,0,0,0,0,0,0,1,1,0,0,0,0,0,0,0,0,0,0,0,0,0,0,0,0,0,1,1,0,0,1,0,0,0,0,0,,0,0,0,0,0,0,0,0,0,0,0,0,0,0,0,0,,,,,,26-30,26-35,City street,U,Monday,Not Used,PV,Not Fatal,0,1,1,0,City Street,Municipal/City Police,Tukwila Police Department,0,0,0,1,0,,,,,,0,0,0,,,,,,,,,,,,,,,,,,,,,,,,,,,,,,,,,,,
2019,55,E897773,188,02/22/2019,18:48,22,2,,33,King,1264,2,0,3,2,1,1,1,4,2,,,,8,0,0,12.4,3,0,2,3,2,1,3,0,0,0,0,SR-169,SE 253RD PL,-122.0248028,47.37480833,0,2,98,98,7,45,4,0,0,1,5,8,1,3,5,1,1,2,1,53,0,37,31,2001,0,0,8,,,,,,1,1,58,1,0,,0,0,3,0,11,0,,,,,0,0,0,3,1,0,0,0,0,0,,,,,,0,,,,,,98058,53,71,184,6,1,0,0,0,0,,0,,,,,,0,,,20,0,0,0,8,9,8,,,0,0,0,8,0,8,95,,,96,,,8,95,995,,,,,,,,,,,,,,,,,,,,,,,,,,,,,,0,0,0,1,0,0,0,0,0,0,0,0,0,0,0,0,0,0,0,0,0,0,0,0,0,0,0,0,0,1,0,1,0,0,0,,0,0,0,0,0,0,0,0,0,0,0,0,0,0,0,0,,,,,,56-60,56-65,State route,U,Friday,Belt Used,PV,Not Fatal,1,0,0,0,State Route,Municipal/City Police,Maple Valley Police Dept,0,1,0,0,0,,,,,,0,0,0,,,,,,,,,,,98,98,98,0,,,,,20,7,,,,,,,,,,,,,,,
2019,243,E942668,7,07/16/2019,4:47,16,7,,33,King,0,2,0,2,2,2,1,0,2,2,,,,12,0,2,13.7,1,0,1,4,2,1,3,0,0,0,0,SR-202,,-121.9995194,47.63253889,0,1,50,54,3,98,4,0,0,1,2,12,3,2,2,1,14,1,2,53,0,42,43,2000,0,0,12,,,,,,1,1,72,1,7,,4,7,20,7,11,0,07/16/2019,4:47,53031767,31767,0,0,0,3,1,51,0,0,0,96,,,,,,0,,,,,,98058,53,72,200,6,1,0,0,0,0,,0,,,,,,0,,,1,0,0,0,0,9,8,,,0,0,0,8,0,2,1,,,1,,,2,1,0,,,,,,,,,,,,,,,,,,,,,,,,,,,,,,0,0,0,0,1,0,0,0,0,0,0,0,0,0,0,0,0,0,0,1,0,0,0,0,0,1,1,0,0,1,1,0,0,1,0,,1,0,0,0,0,0,0,0,0,0,0,0,0,0,0,0,,,,,,71-75,66-75,State route,U,Tuesday,Not Used,PV,API,0,0,0,1,State Route,State Patrol,Washington State Patrol,0,1,0,0,0,,,,,,0,0,0,,,,,,,,,,,98,98,98,18,,,,,20,7,,,,,,,,,,,,,,,