year,case,par,repjur,crash_dt,crash_tm,accday,accmon,holiday,county,co_char,city,weather,weather2,lightcond,surfcond,surftype,numfatal,nmforms,pforms,vforms,not_tm,arr_tm,hosp_tm,fhevent,hitrun,manncol,milepnt,reljunc,reljuncinter,intersectiontype,funcsystem,landuse,ownership,route,schlbus,spejur,contdev,devfunc,trafid1,trafid2,x,y,wk_zone,vnumber,crashtype,criticalevent,criticaleventcat,spdlim,body,trailer,emerg,hazcargo,leave,mhevent,roadalgn,roadprof,traflane,trafflow,vehmanvr,numoccs,regowner,regstate,spuse,make,model,modelyr,vrf1,vrf2,seqevent1,seqevent2,seqevent3,seqevent4,seqevent5,seqevent6,pnumber,ptype,age,sex,hispanic,race,injury,diedscene,restraint,restraintmisuse,seatpos,takehosp,death_dt,death_tm,cert,cernum_wa,commlic,licendor,licrestrict,liccomp,drivpres,drf1,drf2,drf3,drf4,distract1,distract2,distract3,distract4,distract5,distract6,dricond1,dricond2,dricond3,dricond4,dricond5,dricond6,dzip,licstate,drhgt_in,weight,noncdl,noncdltype,prevdwi,prevoth,prevacc,prevspd,prevsus,driviol1,driviol2,driviol3,driviol4,driviol5,driviol6,spdrel,first_dt,last_dt,airbag,ejection,ejectpath,extricat,injurwrk,methalc,methdrug,nmlocat,strikveh,prf1,prf2,prf3,druginv,alcinvol,drugsts,drugres1,drugres2,drugres3,drugtst1,drugtst2,drugtst3,alcsts,alctst,alcres,nmact1,nmact2,nmact3,nmact4,nmact5,nmact6,nmprior1,nmprior2,nmprior3,nmprior4,nmprior5,nmprior6,nmcond1,nmcond2,nmcond3,nmcond4,nmcond5,nmcond6,nmsafe_helmet,nmsafe_pads,nmsafe_oth,nmprev_ref,nmprev_lgt,nmprev_oth,crashlocation,nmcrashtype,crosswalk,schoolzone,sidewalk,train_inv,wildlife_inv,rotr_fars,intersect_fars,dd_inv,aid_inv,dpd_inv,id_inv,mj_inv,impnm_inv,ainm_inv,dpnm_inv,speed_inv,unlic_inv,unendmc_inv,drowsy_inv,drdist_inv,nmdist_inv,fty_inv,unrestfat_inv,dr1617_inv,dr1820_inv,dr1620_inv,dr2125_inv,dr1625_inv,dr65_inv,dr70_inv,dr75_inv,mc_inv,pv_inv,ht_inv,ped_inv,bike_inv,unrest_fat,mc_fat,unhelmet_mc,pv_fat,ht_fat,ped_fat,bike_fat,dr_alc7,dr_alc8,dr_drug,dr_imp,dr_dist,dr_spd,dr_fty,dr_unlic,dr_alc7only,dr_alc8only,dr_drugonly,dr_drink,nm_imp,nm_alc7,nm_alc8,nm_drug,nm_dist,agegrp1,agegrp2,roadclass,urbrur,dayweek,restuse,vehtype,race_me,intersect,lanedep,oppdir,wrongway,rep_typ,investag,repag_long,rotr,st_rd,cty_rd,city_rd,oth_rd,drug_thc,thc_res,drug_cthc,cthc_res,drug_cann,prevpersemin,prevperse,prevsusoth,drugtst4,drugtst5,drugtst6,drugtst7,drugtst8,drugres4,drugres5,drugres6,drugres7,drugres8,adspresent,adsengaged,adslevel,race1,race2,race3,race4,race5,helmet,helmetmisuse,nmdistract1,nmdistract2,nmdistract3,nmdistract4,nmdistract5,nmdistract6,lab,isedtcase,crf1,crf2,crf3,CoRoadName,CoMP,IntCoRoadName,IntCoMP
2020,250,EA50954,297,07/24/2020,23:03,24,7,,33,King,2310,1,,3,1,2,1,0,2,2,,,,12,0,1,0,1,0,1,3,2,4,6,0,0,0,0,E MARGINAL WAY S,,-122.3072278,47.53070833,0,2,32,98,7,35,51,0,0,1,2,12,1,1,5,1,1,1,3,53,3,98,907,2010,0,,12,2,,,,,1,1,53,1,0,,0,0,99,7,11,0,,,,,6,1,1,3,1,0,,,,96,,,,,,0,,,,,,98058,53,73,205,6,1,0,0,0,0,,0,,,,,,0,,,20,0,0,0,8,9,8,,,0,,,8,8,8,95,,,96,,,8,95,995,,,,,,,,,,,,,,,,,,,,,,,,,,,,,,0,0,0,0,1,1,0,1,0,0,0,0,0,0,0,0,0,0,0,0,0,0,0,0,0,0,0,0,0,1,0,0,0,0,0,,0,0,0,0,0,0,0,0,0,0,0,0,0,0,0,0,,,,,,51-55,46-55,City street,U,Friday,,BUS,Not Fatal,0,0,0,0,City Street,Municipal/City Police,Tukwila Police Department,0,0,0,1,0,,,,,,0,0,0,,,,,,,,,,,98,98,98,0,,,,,20,7,,,,,,,,1,0,,,,,,
2020,260,EA51571,7,07/29/2020,21:42,29,7,,33,King,2310,1,,2,1,2,1,0,3,3,,,,24,1,0,1.1,1,0,1,3,2,1,3,0,0,0,0,SR-599,,-122.2827917,47.49504167,0,1,98,98,7,60,4,0,0,1,2,12,2,1,2,3,14,1,1,53,0,35,43,2018,0,,12,,,,,,1,1,23,1,0,,0,0,99,7,11,0,,,,,0,0,0,3,1,0,,,,96,,,,,,9,,,,,,98058,53,69,190,6,1,0,0,0,0,,12,,,,,,0,,,8,0,0,0,8,9,8,,,0,,,1,1,2,695,605,,1,1,,2,1,0.05,,,,,,,,,,,,,,,,,,,,,,,,,,,,,,0,0,0,0,1,0,1,1,1,0,0,0,1,0,1,0,0,0,0,0,0,0,0,1,1,0,0,0,1,1,0,0,0,0,0,,0,0,0,0,1,0,1,1,0,0,0,0,0,0,0,1,,,,,,21-25,16-25,State route,U,Wednesday,Unknown,PV,Not Fatal,0,1,0,0,State Route,State Patrol,Washington State Patrol,1,1,0,0,0,thc,13,carboxy-thc,56,,0,0,0,,,,,,,,,,,98,98,98,0,,,,,20,7,,,,,,,,1,0,,,,,,
2020,429,EA77303,25,10/26/2020,13:13,26,10,,33,King,0,10,,1,1,2,1,0,2,1,13:26,13:34,14:23,42,0,0,0.2,1,0,1,3,1,2,4,0,0,0,0,CR-78TH AVE S,,-122.23725,47.36640556,0,1,1,13,2,35,4,0,0,1,5,42,3,1,2,1,14,2,1,53,0,58,37,2010,0,,63,42,2,,,,1,1,25,1,0,,3,0,3,0,11,5,,,,,0,0,3,2,1,0,,,,96,,,,,,0,,,,,,98058,53,67,168,1,1,2,1,1,0,,97,,,,,,3,10/15/2018,09/15/2018,8,0,0,0,8,9,8,,,0,,,8,8,8,95,,,96,,,8,95,995,,,,,,,,,,,,,,,,,,,,,,,,,,,,,,0,0,1,0,0,0,0,0,0,0,0,0,1,1,0,0,0,0,0,0,0,0,0,1,1,0,0,0,0,1,0,0,0,0,0,,0,0,0,0,0,0,0,0,0,1,0,1,0,0,0,0,,,,,,21-25,16-25,County road,R,Monday,Belt Used,PV,Not Fatal,0,1,0,0,County Road,County Sheriff,King County Police,1,0,1,0,0,,,,,,0,0,3,,,,,,,,,,,98,98,98,0,,,,,20,7,,,,,,,,1,0,,,78 AVE S,0.163,,
2020,477,EA87877,188,12/06/2020,16:03,6,12,,33,King,1264,1,,1,1,2,1,0,2,2,16:05,16:14,,12,0,2,15.4,2,0,2,4,2,1,3,0,0,3,3,SR-516,WITTE RD SE,-122.0435306,47.35796667,0,1,68,15,2,98,4,0,0,1,2,12,1,2,3,1,11,1,1,53,0,7,24,2012,0,,12,63,24,,,,1,1,45,1,0,,0,0,3,0,11,0,,,,,0,0,0,3,1,38,,,,96,,,,,,9,,,,,,98058,53,69,168,6,1,0,0,0,0,,97,,,,,,0,,,8,0,0,0,8,1,1,,,0,,,1,1,2,695,605,,1,1,,2,1,0.33,,,,,,,,,,,,,,,,,,,,,,,,,,,,,,0,0,0,1,1,1,1,1,1,0,0,0,0,0,1,0,0,0,1,0,0,0,0,0,0,0,0,0,1,1,0,0,0,0,0,,0,0,0,0,0,1,1,1,0,0,1,0,0,0,0,1,,,,,,41-45,36-45,State route,U,Sunday,Belt Used,PV,Not Fatal,1,0,0,0,State Route,Municipal/City Police,Maple Valley Police Dept,0,1,0,0,0,thc,9.6,carboxy-thc,34,,0,0,0,,,,,,,,,,,98,98,98,0,,,,,20,7,,,,,,,,1,0,,,,,,
2021,370,EB71298,7,09/18/2021,15:45,18,9,,33,King,0,2,,1,2,1,3,0,3,2,,,,12,0,6,21.3,1,0,1,1,1,1,1,0,0,0,0,I-90,,-121.9285444,47.52013889,0,2,98,62,4,60,14,0,0,1,2,12,1,2,4,2,1,1,1,53,0,37,402,2008,0,,12,,,,,,1,1,64,1,7,,4,0,3,0,11,4,09/19/2021,2:17,1.96053E+11,47057,0,0,0,3,1,0,,,,96,,,,,,98,,,,,,98058,53,72,185,6,1,0,0,0,0,,0,,,,,,0,,,99,0,0,0,0,9,8,,,0,,,8,8,2,348,155,,1,1,,2,1,0,,,,,,,,,,,,,,,,,,,,,,,,,,,,,,0,0,0,0,0,0,1,1,1,0,0,0,1,0,0,0,0,0,0,0,0,0,0,0,0,0,0,0,0,1,0,0,0,0,0,,1,0,0,0,0,0,1,1,0,0,0,0,0,0,1,0,,,,,,61-65,56-65,Interstate,R,Saturday,Belt Used,PV,White,0,1,0,0,State Route,State Patrol,Washington State Patrol,1,1,0,0,0,,,,,,0,0,0,,,,,,,,,,,98,98,98,1,,,,,20,,,,,,,,,1,0,,,,,,
2017,54,E644790,7,02/12/2017,20:23,12,2,0,33,King,109,1,0,3,1,2,1,0,2,1,,,,33,0,0,0,1,0,1,5,2,4,6,0,0,0,0,LAKE HILLS BLVD,,-122.1339861,47.60322778,0,1,6,8,1,30,80,0,0,1,2,42,3,2,2,1,6,2,1,53,0,71,706,2016,0,0,68,68,64,33,42,,1,1,53,1,7,1,4,7,5,0,11,0,02/12/2017,20:23,10953011014,11014,0,0,0,3,1,0,0,0,0,96,,,,,,99,,,,,,98059,53,72,280,6,1,0,0,0,3,0,0,,,,,,0,05/15/2013,08/15/2015,20,8,0,0,0,9,8,,,0,0,0,8,9,2,1,0,0,1,0,0,2,1,0,,,,,,,,,,,,,,,,,,,,,,,,,,,,,,0,0,1,0,0,0,0,0,0,0,0,0,0,0,0,0,0,0,0,0,0,0,0,0,0,0,0,0,1,0,0,0,0,0,1,0,0,0,0,0,0,0,0,0,0,0,0,0,0,0,0,0,,,,,,51-55,46-55,City street,U,Sunday,,MC,White,0,1,0,0,City Street,Municipal/City Police,Bellevue Police Department,1,0,0,1,0,,,,,,,,,,,,,,,,,,,,,,,,,,,,,,,,,,,,,,,,,,,
2018,36,E766618,7,02/02/2018,1:47,2,2,0,33,King,1958,1,0,3,2,2,1,1,2,2,,,,14,1,0,0.2,5,1,1,3,2,1,3,0,0,0,0,SR-518 RAMP Q100086,,-122.3142722,47.47023056,0,1,7,10,2,98,34,0,0,1,5,8,1,3,1,6,1,1,1,53,0,7,481,1991,0,0,64,14,8,,,,1,1,30,1,0,0,0,0,99,0,11,0,,,,,0,0,0,3,1,91,0,0,0,96,,,,,,99,,,,,,98059,53,72,205,6,1,0,1,0,2,,7,,,,,,0,01/15/2016,01/15/2017,20,0,0,0,8,9,8,,,0,0,0,8,9,8,95,,,96,,,8,95,995,,,,,,,,,,,,,,,,,,,,,,,,,,,,,,0,0,0,0,0,0,0,0,0,1,0,1,0,0,0,0,0,0,0,0,0,0,0,0,0,0,0,0,0,1,0,1,0,0,0,,0,0,0,0,0,0,0,0,0,0,0,0,0,0,0,0,,,,,,26-30,26-35,State route,U,Friday,Unknown,PV,Not Fatal,0,1,0,0,State Route,State Patrol,Washington State Patrol Headquarter,1,1,0,0,0,,,,,,0,0,0,,,,,,,,,,,,,,,,,,,,,,,,,,,,,,,,,,,
2019,455,E997925,7,12/14/2019,18:40,14,12,,33,King,0,8,0,2,10,2,1,0,5,2,,,,12,0,6,59.2,1,0,1,3,1,1,2,0,0,0,0,US-2,,-121.1462167,47.71316667,0,2,66,62,4,50,14,0,0,1,2,12,1,2,3,1,1,3,2,53,0,49,401,2001,0,0,12,,,,,,1,1,51,1,0,,1,0,3,0,11,4,,,,,0,0,0,3,1,0,0,0,0,96,,,,,,0,,,,,,98059,53,63,130,6,1,0,0,0,0,,0,,,,,,0,,,20,0,0,0,8,9,8,,,0,0,0,8,0,8,95,,,96,,,8,95,995,,,,,,,,,,,,,,,,,,,,,,,,,,,,,,0,0,0,0,0,0,1,1,0,0,0,0,1,0,0,0,0,0,0,0,0,0,0,1,1,0,0,0,0,1,0,0,0,0,0,,0,0,0,0,0,0,0,0,0,0,0,0,0,0,0,0,,,,,,51-55,46-55,US highway,R,Saturday,Belt Used,PV,Not Fatal,0,1,1,0,State Route,State Patrol,Washington State Patrol,0,1,0,0,0,,,,,,0,0,0,,,,,,,,,,,98,98,98,0,,,,,20,7,,,,,,,,,,,,,,,
2020,129,EA32709,7,05/08/2020,1:13,8,5,,33,King,100,1,,3,1,2,1,0,2,2,1:15,1:23,1:52,12,0,2,18.3,1,0,1,3,2,1,3,0,0,0,0,SR-167,,-122.2446861,47.32770278,0,2,52,54,3,98,14,0,0,1,2,12,1,1,3,3,1,1,1,53,0,49,402,2016,0,,12,,,,,,1,1,62,1,0,,3,0,3,0,11,5,,,,,0,0,0,3,1,0,,,,96,,,,,,0,,,,,,98059,53,65,125,6,1,0,1,1,0,,0,,,,,,0,12/15/2015,09/15/2017,20,0,0,0,8,9,8,,,0,,,8,8,2,1,,,1,,,2,1,0,,,,,,,,,,,,,,,,,,,,,,,,,,,,,,0,0,0,0,1,1,1,1,1,0,0,0,0,0,0,0,0,0,0,0,0,0,0,0,0,0,0,0,0,1,0,0,0,0,0,,0,0,0,0,0,0,0,0,0,0,0,0,0,0,0,0,,,,,,61-65,56-65,State route,U,Friday,Belt Used,PV,Not Fatal,0,0,0,1,State Route,State Patrol,Washington State Patrol,0,1,0,0,0,,,,,,0,0,0,,,,,,,,,,,98,98,98,0,,,,,20,7,,,,,,,,1,0,,,,,,
2020,250,EA50954,297,07/24/2020,23:03,24,7,,33,King,2310,1,,3,1,2,1,0,2,2,,,,12,0,1,0,1,0,1,3,2,4,6,0,0,0,0,E MARGINAL WAY S,,-122.3072278,47.53070833,0,1,32,98,7,35,14,0,0,1,2,2,1,1,5,1,1,1,1,53,0,12,401,2017,0,,12,2,,,,,1,1,42,1,7,,4,7,3,0,11,0,07/24/2020,23:03,2.31053E+11,35084,0,0,0,3,1,8,,,,96,,,,,,98,,,,,,98059,53,68,195,6,1,0,0,1,0,,0,,,,,,0,08/15/2019,08/15/2019,99,0,0,1,0,9,8,,,0,,,8,8,2,1,,,1,,,2,1,0.275,,,,,,,,,,,,,,,,,,,,,,,,,,,,,,0,0,0,0,1,1,0,1,0,0,0,0,0,0,0,0,0,0,0,0,0,0,0,0,0,0,0,0,0,1,0,0,0,0,0,,1,0,0,0,0,1,0,1,0,0,0,0,0,1,0,1,,,,,,41-45,36-45,City street,U,Friday,Belt Used,PV,AIAN,0,0,0,0,City Street,Municipal/City Police,Tukwila Police Department,0,0,0,1,0,,,,,,0,0,0,,,,,,,,,,,98,98,98,3,,,,,20,7,,,,,,,,1,0,,,,,,
2021,113,EB25402,25,04/15/2021,18:17,15,4,,33,King,0,1,,1,1,2,1,0,5,4,,,,12,0,1,4.7,2,0,4,5,1,2,4,0,0,0,0,CR-VEAZIE CUMBERLAND RD,295TH AVE SE,-121.9495611,47.26409444,0,1,20,50,3,45,80,0,0,1,2,12,2,1,2,1,14,2,1,53,0,72,706,2011,0,,12,68,12,,,,1,1,55,1,7,,4,0,20,7,11,5,04/15/2021,23:20,1.96053E+11,30129,0,0,3,3,1,38,,,,96,,,,,,98,,,,,,98059,53,70,180,6,1,0,0,2,0,,0,,,,,,0,02/15/2016,11/15/2017,20,8,0,0,0,9,8,,,0,,,8,8,2,1,,,1,,,2,1,0,,,,,,,,,,,,,,,,,,,,,,,,,,,,,,0,0,0,1,0,0,0,0,0,0,0,0,0,0,0,0,0,0,1,0,0,0,0,0,0,0,0,0,1,1,0,0,0,0,1,0,0,0,0,0,0,0,0,0,0,0,1,0,0,0,0,0,,,,,,51-55,46-55,County road,R,Thursday,,MC,White,1,0,0,0,County Road,County Sheriff,King County Police,0,0,1,0,0,,,,,,0,0,0,,,,,,,,,,,0,0,0,1,,,,,5,,,,,,,,,1,0,,,VEAZIE-CUMBERLAND RD SE,4.66,295 AVE SE,0
2021,113,EB25402,25,04/15/2021,18:17,15,4,,33,King,0,1,,1,1,2,1,0,5,4,,,,12,0,1,4.7,2,0,4,5,1,2,4,0,0,0,0,CR-VEAZIE CUMBERLAND RD,295TH AVE SE,-121.9495611,47.26409444,0,2,98,50,3,45,80,0,0,1,2,12,2,1,2,1,14,1,1,53,0,72,706,2009,0,,12,,,,,,1,1,56,2,0,,3,0,20,7,11,5,,,,,0,0,3,3,1,38,,,,96,,,,,,98,,,,,,98059,53,64,145,6,1,0,0,1,0,,0,,,,,,0,07/15/2019,07/15/2019,20,8,0,0,8,9,8,,,0,,,8,8,8,95,,,96,,,8,95,995,,,,,,,,,,,,,,,,,,,,,,,,,,,,,,0,0,0,1,0,0,0,0,0,0,0,0,0,0,0,0,0,0,1,0,0,0,0,0,0,0,0,0,1,1,0,0,0,0,0,0,0,0,0,0,0,0,0,0,0,0,1,0,0,0,0,0,,,,,,56-60,56-65,County road,R,Thursday,,MC,Not Fatal,1,0,0,0,County Road,County Sheriff,King County Police,0,0,1,0,0,,,,,,0,0,0,,,,,,,,,,,0,0,0,0,,,,,5,,,,,,,,,1,0,,,VEAZIE-CUMBERLAND RD SE,4.66,295 AVE SE,0
2021,360,EB70397,59,09/15/2021,6:54,15,9,,33,King,109,2,,1,2,2,1,0,2,2,,,,12,0,6,0,1,0,1,3,2,4,6,0,0,0,0,SE COAL CREEK PKWY,,-122.1691083,47.55978056,0,1,98,10,2,40,4,0,0,1,2,12,2,2,4,1,14,1,1,53,0,49,40,2003,0,,68,12,,,,,1,1,50,1,7,,4,0,3,0,11,5,09/16/2021,17:18,1.96053E+11,46614,0,0,0,3,1,58,,,,96,,,,,,98,,,,,,98059,53,68,160,6,1,0,1,1,1,,0,,,,,,0,11/15/2018,05/15/2020,1,0,0,1,0,9,8,,,0,,,8,8,2,1,,,1,,,2,1,0,,,,,,,,,,,,,,,,,,,,,,,,,,,,,,0,0,0,0,0,0,0,0,0,0,0,0,0,0,0,0,0,0,0,0,0,0,0,0,0,0,0,0,0,1,0,0,0,0,0,,1,0,0,0,0,0,0,0,0,0,0,0,0,0,0,0,,,,,,46-50,46-55,City street,U,Wednesday,Belt Used,PV,API,0,1,1,0,City Street,Municipal/City Police,Bellevue Police Department,0,0,0,1,0,,,,,,0,0,0,,,,,,,,,,,98,98,98,48,,,,,20,,,,,,,,,1,0,,,,,,
2021,474,EB90445,7,10/22/2021,23:23,22,10,,33,King,1960,10,,2,1,1,1,0,3,2,,,,12,0,1,3,1,0,1,1,2,1,1,0,0,0,0,I-90,,-122.2739639,47.58967222,0,1,24,51,3,60,80,0,0,1,5,12,1,1,4,3,1,1,1,53,0,72,706,2020,0,,12,,,,,,1,1,31,1,7,,4,7,20,7,11,0,10/22/2021,23:23,1.96053E+11,55949,0,0,0,3,1,0,,,,96,,,,,,98,,,,,,98059,53,67,190,6,1,0,0,0,0,,0,,,,,,4,,,20,8,0,0,0,9,8,,,0,,,8,8,2,1,,,1,,,2,1,0.163,,,,,,,,,,,,,,,,,,,,,,,,,,,,,,0,0,0,0,1,1,0,1,0,0,0,0,1,0,0,0,0,0,0,0,0,0,0,0,0,0,0,0,1,1,0,0,0,0,1,0,0,0,0,0,0,1,0,1,0,1,0,0,0,1,0,1,,,,,,31-35,26-35,Interstate,U,Friday,,MC,White,0,0,0,0,State Route,State Patrol,Washington State Patrol,0,1,0,0,0,,,,,,0,0,0,,,,,,,,,,,0,0,0,1,,,,,5,,,,,,,,,1,0,,,,,,
2021,525,EC00695,7,12/04/2021,1:44,4,12,,33,King,1030,10,,6,1,1,1,0,5,3,,,,12,0,1,148.1,1,0,1,1,2,1,1,0,0,0,0,I-5,,-122.2921306,47.37606944,0,2,21,53,3,60,3,0,0,1,2,12,1,2,5,3,5,3,2,53,0,30,42,2007,0,,12,12,63,25,,,1,1,24,2,0,,3,0,3,0,11,8,,,,,0,0,0,3,1,0,,,,96,,,,,,98,,,,,,98059,53,62,135,6,1,0,0,0,0,,0,,,,,,0,,,8,0,0,0,8,9,8,,,0,,,8,8,8,95,,,96,,,8,95,995,,,,,,,,,,,,,,,,,,,,,,,,,,,,,,0,0,0,0,1,1,0,1,0,0,0,0,1,1,0,0,0,0,0,0,0,0,0,1,1,0,0,0,0,1,0,0,0,0,0,,0,0,0,0,0,0,0,0,0,0,0,0,0,0,0,0,,,,,,21-25,16-25,Interstate,U,Saturday,Belt Used,PV,Not Fatal,0,0,0,0,State Route,State Patrol,Washington State Patrol,0,1,0,0,0,,,,,,0,0,0,,,,,,,,,,,98,98,98,0,,,,,20,,,,,,,,,1,23,,,,,,
2017,6,3746306,263,01/05/2017,9:53,5,1,0,33,King,1960,1,0,1,1,2,1,1,5,3,,,,12,0,6,0,2,0,2,4,2,4,6,0,0,2,3,1ST AVE,COLUMBIA SR,-122.334175,47.60174444,0,1,89,17,2,25,34,0,0,1,5,8,9,9,4,2,1,2,3,53,0,20,481,2015,0,0,12,12,8,,,,1,1,24,1,0,0,0,0,3,0,11,0,,,,,0,0,0,3,1,38,39,0,0,96,,,,,,0,,,,,,98065,53,69,144,6,1,0,0,0,2,0,0,,,,,,0,06/15/2015,06/15/2016,20,0,0,0,8,9,2,,,0,0,0,0,0,0,0,0,0,0,0,0,0,0,996,,,,,,,,,,,,,,,,,,,,,,,,,,,,,,0,0,0,1,0,0,0,0,0,0,0,0,0,0,0,0,0,0,1,0,0,0,0,1,1,0,0,0,0,1,0,1,0,0,0,,0,0,0,0,0,0,0,0,0,0,1,0,0,0,0,0,,,,,,21-25,16-25,City street,U,Thursday,Belt Used,PV,Not Fatal,1,0,0,0,City Street,Municipal/City Police,Seattle Police Department,0,0,0,1,0,,,,,,,,,,,,,,,,,,,,,,,,,,,,,,,,,,,,,,,,,,,
2018,328,E838120,7,09/05/2018,11:39,5,9,0,33,King,0,1,0,1,1,7,1,0,2,2,11:47,12:25,13:20,12,0,2,17.6,1,0,1,4,1,1,3,0,0,0,0,SR-202,,-121.9607556,47.59588333,0,2,51,62,4,55,63,1,0,1,2,12,1,1,2,1,1,1,3,53,0,85,881,2013,0,0,12,,,,,,1,1,26,1,0,0,2,0,3,0,11,5,,,,,6,1,0,3,1,0,0,0,0,96,,,,,,0,,,,,,98065,53,73,165,6,1,0,0,1,0,,0,,,,,,0,12/15/2016,12/15/2016,20,0,0,0,8,9,8,,,0,0,0,8,0,8,95,,,96,,,8,95,995,,,,,,,,,,,,,,,,,,,,,,,,,,,,,,0,0,0,0,0,0,0,0,0,0,0,0,0,0,0,0,0,0,0,1,0,0,0,0,0,0,0,0,0,1,1,0,0,0,0,,0,0,0,0,0,0,0,0,0,0,0,0,0,0,0,0,,,,,,26-30,26-35,State route,R,Wednesday,,MHTRUCK,Not Fatal,0,1,1,0,State Route,State Patrol,Washington State Patrol,0,1,0,0,0,,,,,,0,0,0,,,,,,,,,,,,,,,,,,,,,,,,,,,,,,,,,,,
2019,493,E993811,27,12/14/2019,22:26,14,12,,37,Kittitas,0,5,0,2,4,2,1,0,1,1,,,,38,0,0,7.3,8,0,1,5,1,2,4,0,0,0,0,CR-N THORP HWY,,-120.6853167,47.07516389,0,1,6,6,1,35,96,0,0,1,5,1,3,1,2,1,11,1,0,92,0,98,734,2015,0,0,63,69,68,64,38,1,1,1,38,1,7,,4,0,20,7,11,8,12/17/2019,17:00,1.96053E+11,55929,0,0,0,1,1,87,0,0,0,96,,,,,,9,,,,,,98068,53,71,160,6,1,0,1,0,1,,0,,,,,,0,10/15/2019,12/15/2019,20,1,9,0,0,9,8,,,0,0,0,8,1,2,695,605,,1,1,,2,1,0.182,,,,,,,,,,,,,,,,,,,,,,,,,,,,,,0,0,1,0,1,1,1,1,1,0,0,0,0,0,0,0,0,0,0,0,0,0,0,0,0,0,0,0,0,0,0,0,0,0,0,,0,0,0,0,0,1,1,1,0,0,0,0,0,0,0,1,,,,,,36-40,36-45,County road,R,Saturday,,OTHVT,White,0,0,0,0,County Road,County Sheriff,Kittitas County Sheriff's Office,0,0,1,0,0,thc,2.6,carboxy-thc,22,,0,0,0,,,,,,,,,,,98,98,98,1,,,,,17,7,,,,,,,nms,,,,,,,,
2017,338,E707219,25,08/30/2017,22:12,30,8,0,33,King,0,1,0,2,1,2,1,0,3,1,22:35,22:58,23:12,42,0,0,2.4,3,0,10,5,1,2,4,0,0,40,3,CR-SW BANK RD,THORSON RD SW,-122.49985,47.44716944,0,1,1,13,2,35,6,0,0,1,5,42,3,2,2,1,14,3,2,53,0,32,47,2004,0,0,63,42,42,,,,1,1,26,1,0,0,1,0,99,0,11,4,,,,,0,0,0,3,1,0,0,0,0,96,,,,,,9,,,,,,98070,53,68,155,6,1,0,0,0,4,0,97,,,,,,4,05/15/2013,04/15/2014,8,0,0,0,8,2,8,,,0,0,0,8,1,2,1,0,0,1,0,0,2,1,0.099,,,,,,,,,,,,,,,,,,,,,,,,,,,,,,0,0,1,1,1,1,0,1,0,0,0,0,1,0,0,0,0,0,0,0,0,0,0,0,0,0,0,0,0,1,0,0,0,0,0,,0,0,0,0,0,1,0,1,0,1,0,0,0,1,0,1,,,,,,26-30,26-35,County road,R,Wednesday,Unknown,PV,Not Fatal,0,1,0,0,County Road,County Sheriff,King County Police,1,0,1,0,0,,,,,,,,,,,,,,,,,,,,,,,,,,,,,,,,,,,,,,,,,,,
2020,56,EA22189,284,03/08/2020,4:38,8,3,,53,Pierce,2160,10,,6,2,5,1,0,1,5,4:39,4:49,,53,0,0,0,1,0,1,7,2,4,6,0,0,0,0,STEVENS ST,,-122.5909889,47.17166944,1,1,6,12,2,25,4,0,0,1,2,53,1,1,2,1,1,1,1,53,0,12,37,2010,0,,64,53,42,14,14,14,1,1,23,2,7,,4,7,99,7,11,0,03/08/2020,4:38,2.16053E+11,11286,0,0,0,3,1,0,,,,96,,,,,,9,,,,,,98070,53,64,140,6,1,0,0,0,3,,0,,,,,,3,09/15/2017,04/15/2018,8,1,9,0,0,9,8,,,0,,,8,1,2,1,,,1,,,2,1,0.235,,,,,,,,,,,,,,,,,,,,,,,,,,,,,,0,0,1,0,1,1,0,1,0,0,0,0,1,0,0,0,0,0,0,0,0,0,0,1,1,0,0,0,0,1,0,0,0,0,0,,1,0,0,0,0,1,0,1,0,1,0,0,0,1,0,1,,,,,,21-25,16-25,City street,U,Sunday,Unknown,PV,White,0,1,0,0,City Street,Municipal/City Police,Steilacoom Police Department,1,0,0,1,0,,,,,,0,0,0,,,,,,,,,,,98,98,98,1,,,,,20,7,,,,,,,,1,14,,,,,,
2020,161,EA37664,25,06/01/2020,16:22,1,6,,33,King,0,1,,1,1,2,1,0,2,2,16:22,16:22,,12,0,1,1,8,0,1,4,1,2,4,0,0,0,0,CR-SW CEMETERY RD,,-122.4472028,47.42923056,0,1,20,50,3,35,80,0,0,1,2,12,1,2,2,1,1,1,1,53,0,76,705,2002,0,,12,,,,,,1,1,63,1,7,,4,7,20,7,11,0,06/01/2020,16:22,53026062,26062,0,0,0,2,1,26,,,,92,,,,,,98,,,,,,98070,53,68,160,6,1,0,0,0,0,,0,,,,,,0,,,20,8,0,0,0,9,8,,,0,,,8,8,2,996,996,401,1,1,1,2,1,0,,,,,,,,,,,,,,,,,,,,,,,,,,,,,,0,0,0,0,0,0,1,1,1,0,0,0,0,0,1,0,1,0,0,0,0,0,0,0,0,0,0,0,1,1,0,0,0,0,1,0,0,0,0,0,0,0,1,1,1,0,0,0,0,0,1,0,,,,,,61-65,56-65,County road,R,Monday,,MC,White,0,0,0,0,County Road,County Sheriff,King County Police,0,0,1,0,0,thc,1,,,,0,0,0,1,1,,,,417,605,,,,0,0,0,1,,,,,5,0,,,,,,,nms,1,0,,,SW CEMETERY RD,1.018,,