year,case,par,repjur,crash_dt,crash_tm,accday,accmon,holiday,county,co_char,city,weather,weather2,lightcond,surfcond,surftype,numfatal,nmforms,pforms,vforms,not_tm,arr_tm,hosp_tm,fhevent,hitrun,manncol,milepnt,reljunc,reljuncinter,intersectiontype,funcsystem,landuse,ownership,route,schlbus,spejur,contdev,devfunc,trafid1,trafid2,x,y,wk_zone,vnumber,crashtype,criticalevent,criticaleventcat,spdlim,body,trailer,emerg,hazcargo,leave,mhevent,roadalgn,roadprof,traflane,trafflow,vehmanvr,numoccs,regowner,regstate,spuse,make,model,modelyr,vrf1,vrf2,seqevent1,seqevent2,seqevent3,seqevent4,seqevent5,seqevent6,pnumber,ptype,age,sex,hispanic,race,injury,diedscene,restraint,restraintmisuse,seatpos,takehosp,death_dt,death_tm,cert,cernum_wa,commlic,licendor,licrestrict,liccomp,drivpres,drf1,drf2,drf3,drf4,distract1,distract2,distract3,distract4,distract5,distract6,dricond1,dricond2,dricond3,dricond4,dricond5,dricond6,dzip,licstate,drhgt_in,weight,noncdl,noncdltype,prevdwi,prevoth,prevacc,prevspd,prevsus,driviol1,driviol2,driviol3,driviol4,driviol5,driviol6,spdrel,first_dt,last_dt,airbag,ejection,ejectpath,extricat,injurwrk,methalc,methdrug,nmlocat,strikveh,prf1,prf2,prf3,druginv,alcinvol,drugsts,drugres1,drugres2,drugres3,drugtst1,drugtst2,drugtst3,alcsts,alctst,alcres,nmact1,nmact2,nmact3,nmact4,nmact5,nmact6,nmprior1,nmprior2,nmprior3,nmprior4,nmprior5,nmprior6,nmcond1,nmcond2,nmcond3,nmcond4,nmcond5,nmcond6,nmsafe_helmet,nmsafe_pads,nmsafe_oth,nmprev_ref,nmprev_lgt,nmprev_oth,crashlocation,nmcrashtype,crosswalk,schoolzone,sidewalk,train_inv,wildlife_inv,rotr_fars,intersect_fars,dd_inv,aid_inv,dpd_inv,id_inv,mj_inv,impnm_inv,ainm_inv,dpnm_inv,speed_inv,unlic_inv,unendmc_inv,drowsy_inv,drdist_inv,nmdist_inv,fty_inv,unrestfat_inv,dr1617_inv,dr1820_inv,dr1620_inv,dr2125_inv,dr1625_inv,dr65_inv,dr70_inv,dr75_inv,mc_inv,pv_inv,ht_inv,ped_inv,bike_inv,unrest_fat,mc_fat,unhelmet_mc,pv_fat,ht_fat,ped_fat,bike_fat,dr_alc7,dr_alc8,dr_drug,dr_imp,dr_dist,dr_spd,dr_fty,dr_unlic,dr_alc7only,dr_alc8only,dr_drugonly,dr_drink,nm_imp,nm_alc7,nm_alc8,nm_drug,nm_dist,agegrp1,agegrp2,roadclass,urbrur,dayweek,restuse,vehtype,race_me,intersect,lanedep,oppdir,wrongway,rep_typ,investag,repag_long,rotr,st_rd,cty_rd,city_rd,oth_rd,drug_thc,thc_res,drug_cthc,cthc_res,drug_cann,prevpersemin,prevperse,prevsusoth,drugtst4,drugtst5,drugtst6,drugtst7,drugtst8,drugres4,drugres5,drugres6,drugres7,drugres8,adspresent,adsengaged,adslevel,race1,race2,race3,race4,race5,helmet,helmetmisuse,nmdistract1,nmdistract2,nmdistract3,nmdistract4,nmdistract5,nmdistract6,lab,isedtcase,crf1,crf2,crf3,CoRoadName,CoMP,IntCoRoadName,IntCoMP
2020,161,EA37664,25,06/01/2020,16:22,1,6,,33,King,0,1,,1,1,2,1,0,2,2,16:22,16:22,,12,0,1,1,8,0,1,4,1,2,4,0,0,0,0,CR-SW CEMETERY RD,,-122.4472028,47.42923056,0,2,21,53,3,35,20,0,0,1,5,12,1,2,2,1,5,1,1,53,0,7,442,2002,0,,12,,,,,,1,1,57,2,0,,0,0,3,0,11,0,,,,,0,0,0,3,1,0,,,,96,,,,,,0,,,,,,98070,53,61,115,6,1,0,0,0,1,,0,,,,,,0,10/15/2016,11/15/2017,20,0,0,0,8,9,8,,,0,,,8,8,0,0,,,0,,,0,0,996,,,,,,,,,,,,,,,,,,,,,,,,,,,,,,0,0,0,0,0,0,1,1,1,0,0,0,0,0,1,0,1,0,0,0,0,0,0,0,0,0,0,0,1,1,0,0,0,0,0,,0,0,0,0,0,0,0,0,0,0,0,0,0,0,0,0,,,,,,56-60,56-65,County road,R,Monday,Belt Used,PV,Not Fatal,0,0,0,0,County Road,County Sheriff,King County Police,0,0,1,0,0,,,,,,0,0,3,,,,,,,,,,,98,98,98,0,,,,,20,7,,,,,,,,1,0,,,SW CEMETERY RD,1.018,,
2020,445,EA81764,25,11/14/2020,9:18,14,11,,33,King,0,10,,1,1,1,1,1,1,1,9:26,9:42,10:05,8,0,0,0.6,3,0,2,5,1,2,4,0,0,0,0,CR-SW BANK RD,100TH AVE SW,-122.4618194,47.44743056,0,1,13,80,5,25,34,0,0,1,5,8,1,1,2,1,11,1,2,53,0,49,472,2001,0,,8,,,,,,1,1,75,2,0,,0,0,99,7,11,0,,,,,0,0,3,3,1,10,38,,,0,,,,,,0,,,,,,98070,53,65,140,6,1,0,0,0,0,,0,,,,,,0,,,20,0,0,0,8,9,8,,,0,,,8,8,8,95,,,96,,,8,95,995,,,,,,,,,,,,,,,,,,,,,,,,,,,,,,0,0,0,1,0,0,0,0,0,1,0,1,0,0,0,0,0,0,1,0,0,0,0,0,0,1,1,1,0,1,0,1,0,0,0,,0,0,0,0,0,0,0,0,0,0,1,0,0,0,0,0,,,,,,71-75,66-75,County road,R,Saturday,Unknown,PV,Not Fatal,1,0,0,0,County Road,County Sheriff,King County Police,0,0,1,0,0,,,,,,0,0,0,,,,,,,,,,,98,98,98,0,,,,,20,7,,,,,,,,1,0,,,SW BANK RD,0.551,100 AVE SW,0.12
2020,528,EA82050,242,11/12/2020,16:04,12,11,,53,Pierce,1770,2,,1,2,2,1,0,2,2,16:04,16:16,16:37,12,0,6,5.4,8,0,1,3,2,1,3,0,0,0,0,SR-167,,-122.2945028,47.19895556,0,2,69,62,4,35,80,0,0,1,5,12,1,1,5,5,1,1,1,53,0,72,706,2017,0,,12,,,,,,1,1,61,1,7,,4,0,20,7,11,5,11/13/2020,3:43,1.96053E+11,53444,0,0,0,3,1,0,,,,96,,,,,,0,,,,,,98070,53,73,210,6,1,0,0,0,0,,0,,,,,,0,,,20,8,0,0,0,9,8,,,0,,,8,8,2,996,,,1,,,2,1,0,,,,,,,,,,,,,,,,,,,,,,,,,,,,,,0,0,0,0,0,0,1,1,0,0,0,0,0,0,0,0,0,0,1,0,0,0,0,0,0,1,1,1,1,1,0,0,0,0,1,0,0,0,0,0,0,0,1,1,0,0,0,0,0,0,1,0,,,,,,61-65,56-65,State route,U,Thursday,,MC,White,0,0,0,0,State Route,Municipal/City Police,Puyallup Police Department,0,1,0,0,0,,,,,,0,0,0,,,,,,,,,,,0,0,0,1,,,,,5,0,,,,,,,,0,0,,,,,,
2021,263,EB53645,25,07/31/2021,21:22,31,7,,33,King,0,1,,5,1,2,1,0,3,2,,,,12,0,1,4,8,0,1,4,1,2,4,0,0,0,0,CR-VASHON HWY SW,,-122.4790639,47.38528889,0,1,24,70,4,98,80,0,0,1,5,12,8,8,2,1,1,1,2,53,0,73,705,2006,0,,12,,,,,,1,1,18,1,7,,4,7,20,7,11,0,07/31/2021,21:22,53038665,38665,0,0,0,2,1,0,,,,96,,,,,,98,,,,,,98070,53,63,150,6,2,0,0,0,0,,0,,,,,,4,,,20,8,0,0,0,9,8,,,0,,,8,8,2,695,605,,1,1,,2,1,0.04,,,,,,,,,,,,,,,,,,,,,,,,,,,,,,0,0,0,0,1,0,1,1,1,0,0,0,1,0,1,0,0,0,0,0,0,1,1,0,1,0,0,0,1,1,0,0,0,0,1,0,0,0,0,0,1,0,1,1,0,1,0,0,0,0,0,1,,,,,,18-20,16-25,County road,R,Saturday,,MC,White,0,0,0,0,County Road,County Sheriff,King County Police,0,0,1,0,0,thc,4.4,carboxy-thc,95,,0,0,0,,,,,,,,,,,0,0,0,1,,,,,5,,,,,,,,nms,1,0,,,VASHON HWY SW,4.015,NULL,
2018,432,E865205,7,11/17/2018,16:35,17,11,0,33,King,170,1,0,5,1,2,1,0,1,1,,,,21,0,0,11,1,0,1,3,2,1,3,0,0,0,0,SR-522,,-122.1855083,47.75843056,0,1,6,12,2,60,14,0,0,1,2,21,2,1,2,3,14,1,2,53,0,35,401,2001,0,0,64,21,,,,,1,1,28,2,7,1,4,0,3,0,11,4,11/17/2018,19:02,1.96053E+11,50511,0,0,0,3,1,0,0,0,0,93,,,,,,99,,,,,,98072,53,62,120,6,1,0,0,0,0,,0,,,,,,0,,,1,0,0,0,0,9,8,,,0,0,0,8,9,2,1,,,1,,,2,1,0.35,,,,,,,,,,,,,,,,,,,,,,,,,,,,,,0,0,1,0,1,1,0,1,0,0,0,0,0,0,0,0,1,0,0,0,0,0,0,0,0,0,0,0,0,1,0,0,0,0,0,,1,0,0,0,0,1,0,1,1,0,0,0,0,1,0,1,,,,,,26-30,26-35,State route,U,Saturday,Belt Used,PV,White,0,1,0,0,State Route,State Patrol,Washington State Patrol,1,1,0,0,0,,,,,,0,0,0,,,,,,,,,,,,,,,,,,,,,,,,,,,,,,,,,,,
2020,127,EA32570,25,05/07/2020,8:24,7,5,,33,King,0,1,,1,1,2,1,0,3,2,8:26,8:31,,12,0,2,0.2,2,0,3,3,2,1,3,0,0,3,3,SR-104,HOME DEPOT/COSTCO ENTRY,-122.342525,47.77761389,0,2,69,62,4,35,80,0,0,1,2,12,1,1,5,1,1,1,1,53,0,72,706,2004,0,,12,,,,,,1,1,45,1,7,,4,7,20,7,11,0,05/07/2020,8:24,53021530,21530,0,0,0,3,1,0,,,,96,,,,,,0,,,,,,98072,53,72,205,6,1,0,0,0,0,,0,,,,,,0,,,20,8,0,0,0,9,8,,,0,,,8,8,2,695,605,,1,1,,2,1,0,,,,,,,,,,,,,,,,,,,,,,,,,,,,,,0,0,0,1,0,0,1,1,1,0,0,0,0,0,0,0,1,0,1,0,0,0,0,0,0,0,0,0,1,1,0,0,0,0,1,0,0,0,0,0,0,0,1,1,0,0,0,0,0,0,1,0,,,,,,41-45,36-45,State route,U,Thursday,,MC,White,1,0,0,0,State Route,County Sheriff,King County Police,0,1,0,0,0,thc,39,carboxy-thc,22,,0,0,0,,,,,,,,,,,0,0,0,1,,,,,5,0,,,,,,,nms,1,0,,,,,,
2020,272,EA53967,17,07/21/2020,15:30,21,7,,17,Douglas,0,1,,1,1,4,1,0,1,1,,,,1,0,0,1,1,0,1,7,1,2,4,0,0,0,0,CR-PENDALL RD,,-118.9986083,47.98525833,0,1,7,9,1,35,20,0,0,1,2,1,3,1,8,1,14,1,1,53,0,20,441,1997,0,,64,1,,,,,1,1,63,2,7,,4,7,20,7,11,0,07/21/2020,20:30,53034107,34107,0,0,3,3,1,0,,,,96,,,,,,98,,,,,,98072,53,66,120,6,1,0,0,0,0,,0,,,,,,4,,,8,1,9,0,0,9,8,,,0,,,8,8,2,695,605,,1,1,,2,1,0.317,,,,,,,,,,,,,,,,,,,,,,,,,,,,,,0,0,0,0,1,1,1,1,1,0,0,0,1,0,0,0,0,0,0,1,0,0,0,0,0,0,0,0,0,1,0,0,0,1,0,,1,0,0,0,0,1,1,1,0,1,0,0,0,0,0,1,,,,,,61-65,56-65,County road,R,Tuesday,Not Used,PV,White,0,1,0,0,County Road,County Sheriff,Douglas County Sheriff's Office,1,0,1,0,0,thc,4.1,carboxy-thc,18,,0,0,0,,,,,,,,,,,0,0,0,1,,,,,20,7,,,,,,,nms,1,0,,,SMITH LAKE RD,1,,
2021,515,EB98843,25,12/06/2021,10:59,6,12,,33,King,0,2,,9,2,1,1,0,1,1,,,,34,0,0,0.5,1,0,1,7,1,2,4,0,0,0,0,CR-415TH WAY SE,,-121.8078694,47.49215833,0,1,92,12,2,98,4,0,0,1,2,2,1,2,2,1,13,1,2,53,0,7,43,2000,0,,68,64,34,41,2,,1,1,22,1,7,,4,0,99,7,11,5,12/06/2021,21:28,1.96053E+11,62839,0,0,0,3,1,31,,,,96,,,,,,98,,,,,,98072,53,71,145,6,1,0,0,0,0,,0,,,,,,0,,,99,9,0,0,0,9,8,,,0,,,8,8,2,348,996,522,1,1,1,2,1,0,,,,,,,,,,,,,,,,,,,,,,,,,,,,,,0,0,0,0,0,0,1,1,1,0,0,0,0,0,0,0,0,0,0,0,0,0,0,1,1,0,0,0,0,1,0,0,0,0,0,,1,0,0,0,0,0,1,1,0,0,0,0,0,0,1,0,,,,,,21-25,16-25,County road,R,Monday,Unknown,PV,White,0,1,0,0,County Road,County Sheriff,King County Police,1,0,1,0,0,,,carboxy-thc,8.2,,0,0,0,1,,,,,605,,,,,98,98,98,1,,,,,20,,,,,,,,nms,1,0,,,415 WAY SE,0.534,NULL,
2018,198,E812166,7,06/21/2018,23:27,21,6,0,33,King,2310,1,0,3,1,2,1,0,2,2,,,,1,0,0,3.8,1,0,1,3,2,1,3,0,0,0,0,SR-518,,-122.2712444,47.46374444,0,1,98,50,3,60,80,0,0,1,2,12,1,2,3,3,1,1,2,53,0,76,706,2008,0,0,1,12,,,,,1,1,35,1,7,1,4,0,5,0,11,4,06/22/2018,0:24,1.96053E+11,27857,0,0,1,3,1,26,0,0,0,96,,,,,,0,,,,,,98074,53,71,190,6,1,0,0,0,0,,0,,,,,,4,,,20,8,0,0,0,9,8,,,0,0,0,8,0,2,605,695,,1,1,,2,1,0,,,,,,,,,,,,,,,,,,,,,,,,,,,,,,0,0,0,0,0,0,1,1,1,0,0,0,1,0,0,0,0,0,0,0,0,0,0,0,0,0,0,0,1,1,0,0,0,0,1,0,0,0,0,0,0,0,1,1,0,1,0,0,0,0,1,0,,,,,,31-35,26-35,State route,U,Thursday,,MC,White,0,0,0,0,State Route,State Patrol,Washington State Patrol,0,1,0,0,0,thc,13,carboxy-thc,32,,0,0,0,,,,,,,,,,,,,,,,,,,,,,,,,,,,,,,,,,,
2019,385,E976629,7,10/29/2019,10:26,29,10,,33,King,1050,1,0,1,1,1,1,0,2,2,,,,25,0,0,0.1,3,1,2,1,2,1,1,0,0,0,0,I-405 RAMP LX02065,NE 128TH ST,-122.1852806,47.71483889,0,2,98,98,7,60,1,0,0,1,5,54,1,3,2,3,1,1,1,53,0,42,44,2005,0,0,54,,,,,,1,1,77,1,0,,0,0,3,0,11,0,,,,,0,0,3,3,1,0,0,0,0,96,,,,,,0,,,,,,98075,53,73,220,6,1,0,0,0,0,,0,,,,,,0,,,20,0,0,0,8,9,8,,,0,0,0,8,0,8,95,,,96,,,8,95,995,,,,,,,,,,,,,,,,,,,,,,,,,,,,,,0,0,1,1,0,0,1,1,1,0,0,0,1,0,0,0,0,0,0,0,0,0,0,0,0,1,1,1,0,1,0,0,0,0,0,,0,0,0,0,0,0,0,0,0,0,0,0,0,0,0,0,,,,,,76-80,76+,Interstate,U,Tuesday,Belt Used,PV,Not Fatal,0,1,0,0,State Route,State Patrol,Washington State Patrol,1,1,0,0,0,,,,,,0,0,0,,,,,,,,,,,98,98,98,0,,,,,20,7,,,,,,,,,,,,,,,
2017,38,E635532,25,01/17/2017,22:43,17,1,0,33,King,0,2,0,3,2,2,1,0,2,2,,,,12,0,6,3.7,2,0,3,3,2,2,4,0,0,3,3,CR-AVONDALE RD NE,NE 132ND ST,-122.0879417,47.71761111,0,1,83,17,2,40,64,0,0,1,5,12,1,1,5,1,1,1,3,53,0,7,881,2013,0,0,12,,,,,,1,1,46,1,0,0,0,0,3,0,11,0,,,,,8,0,0,3,1,0,0,0,0,96,,,,,,98,,,,,,98077,53,71,192,6,1,0,0,0,0,1,97,,,,,,0,11/15/2012,11/15/2012,20,0,0,0,8,9,8,,,0,0,0,8,1,0,0,0,0,0,0,0,0,0,996,,,,,,,,,,,,,,,,,,,,,,,,,,,,,,0,0,0,1,1,0,0,0,0,0,0,0,0,0,0,0,0,0,0,0,0,0,0,0,0,0,0,0,0,1,1,0,0,0,0,,0,0,0,0,0,0,0,0,0,0,0,0,0,0,0,1,,,,,,46-50,46-55,County road,U,Tuesday,,MHTRUCK,Not Fatal,1,0,0,0,County Road,County Sheriff,King County Police,0,0,1,0,0,,,,,,,,,,,,,,,,,,,,,,,,,,,,,,,,,,,,,,,,,,,
2020,108,EA30422,7,04/10/2020,23:17,10,4,,33,King,475,10,,2,1,1,1,1,1,1,23:18,23:28,,8,0,0,0.2,20,1,1,3,2,1,3,0,0,0,0,SR-18 RAMP 018S101091,,-122.1253139,47.35551667,0,1,13,80,5,60,14,0,0,1,2,8,1,2,1,6,3,1,2,53,0,63,401,2014,0,,8,,,,,,1,1,18,2,0,,0,0,3,0,11,0,,,,,0,0,3,3,1,0,,,,96,,,,,,0,,,,,,98082,53,63,157,6,1,0,0,0,0,,0,,,,,,0,,,20,0,0,0,8,9,8,,,0,,,8,8,0,0,,,0,,,0,0,996,,,,,,,,,,,,,,,,,,,,,,,,,,,,,,0,0,0,0,0,0,0,0,0,1,0,1,0,0,0,0,0,0,0,0,0,1,1,0,1,0,0,0,0,1,0,1,0,0,0,,0,0,0,0,0,0,0,0,0,0,0,0,0,0,0,0,,,,,,18-20,16-25,State route,U,Friday,Belt Used,PV,Not Fatal,0,0,0,0,State Route,State Patrol,Washington State Patrol,0,1,0,0,0,,,,,,0,0,0,,,,,,,,,,,98,98,98,0,,,,,20,7,,,,,,,,1,0,,,,,,
2017,513,E748207,7,12/10/2017,2:05,10,12,0,33,King,1960,1,0,3,1,1,1,0,2,1,,,,26,0,0,168.3,1,0,1,1,2,1,1,0,0,0,0,I-5,,-122.3224861,47.64428889,0,1,7,12,2,60,14,0,0,1,2,26,1,2,4,3,1,2,2,53,0,2,405,2004,0,0,64,26,,,,,1,1,20,2,7,1,4,7,3,0,11,0,12/10/2017,2:05,1.96053E+11,55379,0,0,0,3,1,0,0,0,0,96,,,,,,99,,,,,,98087,53,64,150,6,1,0,0,0,1,0,0,,,,,,4,12/15/2016,12/15/2016,8,0,0,0,0,9,8,,,0,0,0,8,9,2,1,0,0,1,0,0,2,1,0.13,,,,,,,,,,,,,,,,,,,,,,,,,,,,,,0,0,0,0,1,1,0,1,0,0,0,0,1,0,0,0,0,0,0,0,0,1,1,0,1,0,0,0,0,1,0,0,0,0,0,,1,0,0,0,0,1,0,1,0,1,0,0,0,1,0,1,,,,,,18-20,16-25,Interstate,U,Sunday,Belt Used,PV,White,0,1,0,0,State Route,State Patrol,Washington State Patrol Headquarter,1,1,0,0,0,,,,,,,,,,,,,,,,,,,,,,,,,,,,,,,,,,,,,,,,,,,
2018,252,E821090,127,07/21/2018,18:09,21,7,0,33,King,735,1,0,1,1,2,1,0,2,2,,,,12,0,6,12.1,2,0,3,4,2,1,3,0,0,0,0,SR-509,50TH AVE SW,-122.395875,47.32253611,0,1,98,10,2,35,80,0,0,1,7,12,1,1,2,1,6,1,1,53,0,37,706,2012,0,0,12,,,,,,1,1,28,1,7,1,4,7,5,0,11,0,07/21/2018,18:09,73553032368,32368,0,0,3,3,1,33,0,0,0,96,,,,,,99,,,,,,98087,53,72,220,6,1,0,0,0,0,,0,,,,,,4,,,20,8,0,0,0,9,8,,,0,0,0,8,9,2,1,,,1,,,2,1,0,,,,,,,,,,,,,,,,,,,,,,,,,,,,,,0,0,0,1,0,0,0,0,0,0,0,0,1,0,0,0,0,0,0,0,0,0,0,0,0,0,0,0,1,1,0,0,0,0,1,0,0,0,0,0,0,0,0,0,0,1,0,0,0,0,0,0,,,,,,26-30,26-35,State route,U,Saturday,,MC,White,1,0,0,0,State Route,Municipal/City Police,Federal Way Dept of Public Safety,0,1,0,0,0,,,,,,0,0,0,,,,,,,,,,,,,,,,,,,,,,,,,,,,,,,,,,,
2019,488,E927755,39,06/03/2019,10:00,3,6,,61,Snohomish,0,1,0,1,1,2,1,0,2,2,,,,12,0,7,0,2,1,2,1,2,1,1,0,0,3,3,I-5 RAMP LX19911,MARINE DR,-122.1855278,48.05185556,0,1,98,11,2,98,20,0,0,1,7,12,3,1,2,6,11,1,3,53,0,20,445,2015,0,0,12,63,24,,,,1,1,57,1,7,,4,0,3,0,11,4,06/03/2019,11:09,69053025274,25274,0,0,0,3,1,0,0,0,0,0,,,,,,1,,,,,,98087,53,72,220,6,1,0,0,1,0,,0,,,,,,0,04/15/2016,04/15/2016,20,0,0,0,0,9,8,,,0,0,0,8,0,2,695,605,,1,1,,2,1,0,,,,,,,,,,,,,,,,,,,,,,,,,,,,,,0,0,0,1,0,0,1,1,1,0,0,0,0,0,0,0,0,0,0,0,0,0,0,0,0,0,0,0,0,1,0,0,0,0,0,,1,0,0,0,0,0,1,1,0,0,0,0,0,0,1,0,,,,,,56-60,56-65,Interstate,U,Monday,Belt Used,PV,White,1,0,0,0,State Route,County Sheriff,Snohomish County Sheriff's Office,0,1,0,0,0,thc,24,carboxy-thc,23,,0,0,0,,,,,,,,,,,98,98,98,1,,,,,20,7,,,,,,,,,,,,,,,
2019,206,E935287,3,06/08/2019,0:33,8,6,,53,Pierce,1124,1,0,3,1,1,1,1,5,3,,,,8,0,0,124.1,1,0,1,1,2,1,1,0,0,0,0,I-5,,-122.5344694,47.13186389,0,2,98,80,5,60,14,1,0,1,5,8,1,1,4,3,1,2,2,53,0,37,402,2004,0,0,8,,,,,,1,1,52,1,0,,0,0,3,0,11,0,,,,,0,0,0,3,1,0,0,0,0,96,,,,,,0,,,,,,98087,53,70,190,6,1,0,1,1,2,,0,,,,,,0,01/15/2015,09/15/2018,20,0,0,0,8,9,8,,,0,0,0,8,0,8,95,,,96,,,8,95,995,,,,,,,,,,,,,,,,,,,,,,,,,,,,,,0,0,0,0,0,0,0,0,0,1,1,0,0,0,0,0,0,0,0,0,0,0,0,1,1,0,0,0,0,1,1,1,0,0,0,,0,0,0,0,0,0,0,0,0,0,0,0,0,0,0,0,,,,,,51-55,46-55,Interstate,U,Saturday,Belt Used,PV,Not Fatal,0,0,0,0,State Route,State Patrol,Washington State Patrol,0,1,0,0,0,,,,,,0,0,0,,,,,,,,,,,98,98,98,0,,,,,20,7,,,,,,,,,,,,,,,
2019,206,E935287,3,06/08/2019,0:33,8,6,,53,Pierce,1124,1,0,3,1,1,1,1,5,3,,,,8,0,0,124.1,1,0,1,1,2,1,1,0,0,0,0,I-5,,-122.5344694,47.13186389,0,3,98,80,5,60,66,2,0,1,5,8,1,1,4,3,1,2,3,6,0,84,884,2019,0,0,8,,,,,,1,1,64,2,0,,0,0,3,0,11,0,,,,,6,1,0,3,1,0,0,0,0,96,,,,,,0,,,,,,98087,53,66,135,6,1,0,0,1,1,,0,,,,,,0,01/15/2015,04/15/2015,20,0,0,0,8,9,8,,,0,0,0,8,0,8,95,,,96,,,8,95,995,,,,,,,,,,,,,,,,,,,,,,,,,,,,,,0,0,0,0,0,0,0,0,0,1,1,0,0,0,0,0,0,0,0,0,0,0,0,1,1,0,0,0,0,1,1,1,0,0,0,,0,0,0,0,0,0,0,0,0,0,0,0,0,0,0,0,,,,,,61-65,56-65,Interstate,U,Saturday,,MHTRUCK,Not Fatal,0,0,0,0,State Route,State Patrol,Washington State Patrol,0,1,0,0,0,,,,,,0,0,0,,,,,,,,,,,98,98,98,0,,,,,20,7,,,,,,,,,,,,,,,
2019,342,E964781,59,09/22/2019,17:46,22,9,,33,King,109,2,0,1,2,2,1,1,1,1,,,,9,0,0,0,2,0,2,7,2,4,6,0,0,0,0,SE 8TH ST,145TH AVE SE,-122.1470806,47.60260278,0,1,13,83,5,25,20,0,0,1,7,9,1,1,2,1,1,1,2,53,0,49,442,2008,0,0,9,,,,,,1,1,28,1,0,,0,0,3,0,11,0,,,,,0,0,0,0,1,0,0,0,0,0,,,,,,0,,,,,,98087,53,67,145,1,1,0,0,1,0,,97,,,,,,0,05/15/2019,05/15/2019,20,0,0,0,8,9,8,,,0,0,0,8,0,8,95,,,96,,,8,95,995,,,,,,,,,,,,,,,,,,,,,,,,,,,,,,0,0,0,1,0,0,0,0,0,1,0,1,0,1,0,0,0,0,0,0,0,0,0,0,0,0,0,0,0,1,0,0,1,0,0,,0,0,0,0,0,0,0,0,0,0,0,1,0,0,0,0,,,,,,26-30,26-35,City street,U,Sunday,Belt Used,PV,Not Fatal,1,0,0,0,City Street,Municipal/City Police,Bellevue Police Department,0,0,0,1,0,,,,,,0,0,0,,,,,,,,,,,98,98,98,0,,,,,20,7,,,,,,,,,,,,,,,
2019,437,E988133,2,11/28/2019,22:56,28,11,,57,Skagit,0,1,0,2,1,2,1,1,7,3,,,,8,0,0,62.3,1,0,1,3,2,1,3,0,0,0,0,SR-20,,-122.2860722,48.49040278,0,1,13,80,5,55,4,0,0,1,7,8,1,1,2,1,1,2,1,53,0,52,46,2012,0,0,8,,,,,,1,1,25,1,0,,0,0,3,0,11,0,,,,,0,0,0,3,1,0,0,0,0,96,,,,,,0,,,,,,98087,53,74,180,6,1,0,1,1,5,,0,,,,,,0,11/15/2016,02/15/2019,20,0,0,0,8,9,8,,,0,0,0,8,0,8,95,,,96,,,8,95,995,,,,,,,,,,,,,,,,,,,,,,,,,,,,,,0,0,0,0,0,0,0,0,0,1,0,1,0,1,0,0,0,0,0,0,0,0,0,1,1,0,0,0,0,1,0,1,0,0,0,,0,0,0,0,0,0,0,0,0,0,0,0,0,0,0,0,,,,,,21-25,16-25,State route,U,Thursday,Belt Used,PV,Not Fatal,0,0,0,0,State Route,State Patrol,Washington State Patrol,0,1,0,0,0,,,,,,0,0,1,,,,,,,,,,,98,98,98,0,,,,,20,7,,,,,,,,,,,,,,,
2020,343,EA62435,2,09/05/2020,0:35,5,9,,61,Snohomish,1407,1,,3,1,2,1,0,1,1,,,,24,0,0,179.4,1,0,1,1,2,1,1,0,0,0,0,I-5,,-122.3137139,47.80093056,0,1,6,12,2,60,80,0,0,1,2,24,2,1,4,3,14,1,2,53,0,53,705,2006,0,,64,24,1,,,,1,1,24,1,6,,4,7,20,7,11,0,09/05/2020,0:35,1.40753E+11,42749,0,0,0,2,1,0,,,,96,,,,,,98,,,,,,98087,53,69,160,1,1,0,0,0,1,,0,,,,,,4,09/15/2017,09/15/2017,20,8,0,0,0,9,8,,,0,,,8,8,2,1,,,1,,,2,1,0.222,,,,,,,,,,,,,,,,,,,,,,,,,,,,,,0,0,1,0,1,1,0,1,0,0,0,0,1,1,1,0,0,0,0,0,0,0,0,1,1,0,0,0,1,0,0,0,0,0,1,0,0,0,0,0,0,1,0,1,0,1,0,1,0,1,0,1,,,,,,21-25,16-25,Interstate,U,Saturday,,MC,Hispanic,0,1,0,0,State Route,State Patrol,Washington State Patrol,1,1,0,0,0,,,,,,0,0,1,,,,,,,,,,,0,0,0,3,,,,,5,0,,,,,,,,1,0,,,,,,
2020,475,EA87208,39,12/01/2020,8:24,1,12,,61,Snohomish,0,1,,1,1,2,1,1,1,1,,,,8,1,0,0.4,1,0,1,5,2,2,4,0,0,0,0,CR-35TH AVE W,,-122.2802556,47.85587778,0,1,13,11,2,35,34,0,0,1,2,8,1,1,2,1,1,1,2,53,0,20,481,1988,0,,63,8,,,,,1,1,53,1,0,,0,0,99,7,11,0,,,,,0,0,0,3,1,0,,,,96,,,,,,9,,,,,,98087,53,70,245,6,1,0,0,0,0,,97,,,,,,0,,,20,0,0,0,8,9,8,,,0,,,1,8,2,996,695,605,1,1,1,2,1,0,,,,,,,,,,,,,,,,,,,,,,,,,,,,,,0,0,0,0,0,0,1,1,1,0,0,0,0,0,0,0,0,0,0,0,0,0,0,0,0,0,0,0,0,1,0,1,0,0,0,,0,0,0,0,0,0,1,1,0,0,0,0,0,0,1,0,,,,,,51-55,46-55,County road,U,Tuesday,Unknown,PV,Not Fatal,0,0,0,0,County Road,County Sheriff,Snohomish County Sheriff's Office,0,0,1,0,0,thc,5.5,carboxy-thc,180,,0,0,0,,,,,,,,,,,0,0,0,0,,,,,20,7,,,,,,,nms,1,0,,,35TH AVE W,0.413,,