year,case,par,repjur,crash_dt,crash_tm,accday,accmon,holiday,county,co_char,city,weather,weather2,lightcond,surfcond,surftype,numfatal,nmforms,pforms,vforms,not_tm,arr_tm,hosp_tm,fhevent,hitrun,manncol,milepnt,reljunc,reljuncinter,intersectiontype,funcsystem,landuse,ownership,route,schlbus,spejur,contdev,devfunc,trafid1,trafid2,x,y,wk_zone,vnumber,crashtype,criticalevent,criticaleventcat,spdlim,body,trailer,emerg,hazcargo,leave,mhevent,roadalgn,roadprof,traflane,trafflow,vehmanvr,numoccs,regowner,regstate,spuse,make,model,modelyr,vrf1,vrf2,seqevent1,seqevent2,seqevent3,seqevent4,seqevent5,seqevent6,pnumber,ptype,age,sex,hispanic,race,injury,diedscene,restraint,restraintmisuse,seatpos,takehosp,death_dt,death_tm,cert,cernum_wa,commlic,licendor,licrestrict,liccomp,drivpres,drf1,drf2,drf3,drf4,distract1,distract2,distract3,distract4,distract5,distract6,dricond1,dricond2,dricond3,dricond4,dricond5,dricond6,dzip,licstate,drhgt_in,weight,noncdl,noncdltype,prevdwi,prevoth,prevacc,prevspd,prevsus,driviol1,driviol2,driviol3,driviol4,driviol5,driviol6,spdrel,first_dt,last_dt,airbag,ejection,ejectpath,extricat,injurwrk,methalc,methdrug,nmlocat,strikveh,prf1,prf2,prf3,druginv,alcinvol,drugsts,drugres1,drugres2,drugres3,drugtst1,drugtst2,drugtst3,alcsts,alctst,alcres,nmact1,nmact2,nmact3,nmact4,nmact5,nmact6,nmprior1,nmprior2,nmprior3,nmprior4,nmprior5,nmprior6,nmcond1,nmcond2,nmcond3,nmcond4,nmcond5,nmcond6,nmsafe_helmet,nmsafe_pads,nmsafe_oth,nmprev_ref,nmprev_lgt,nmprev_oth,crashlocation,nmcrashtype,crosswalk,schoolzone,sidewalk,train_inv,wildlife_inv,rotr_fars,intersect_fars,dd_inv,aid_inv,dpd_inv,id_inv,mj_inv,impnm_inv,ainm_inv,dpnm_inv,speed_inv,unlic_inv,unendmc_inv,drowsy_inv,drdist_inv,nmdist_inv,fty_inv,unrestfat_inv,dr1617_inv,dr1820_inv,dr1620_inv,dr2125_inv,dr1625_inv,dr65_inv,dr70_inv,dr75_inv,mc_inv,pv_inv,ht_inv,ped_inv,bike_inv,unrest_fat,mc_fat,unhelmet_mc,pv_fat,ht_fat,ped_fat,bike_fat,dr_alc7,dr_alc8,dr_drug,dr_imp,dr_dist,dr_spd,dr_fty,dr_unlic,dr_alc7only,dr_alc8only,dr_drugonly,dr_drink,nm_imp,nm_alc7,nm_alc8,nm_drug,nm_dist,agegrp1,agegrp2,roadclass,urbrur,dayweek,restuse,vehtype,race_me,intersect,lanedep,oppdir,wrongway,rep_typ,investag,repag_long,rotr,st_rd,cty_rd,city_rd,oth_rd,drug_thc,thc_res,drug_cthc,cthc_res,drug_cann,prevpersemin,prevperse,prevsusoth,drugtst4,drugtst5,drugtst6,drugtst7,drugtst8,drugres4,drugres5,drugres6,drugres7,drugres8,adspresent,adsengaged,adslevel,race1,race2,race3,race4,race5,helmet,helmetmisuse,nmdistract1,nmdistract2,nmdistract3,nmdistract4,nmdistract5,nmdistract6,lab,isedtcase,crf1,crf2,crf3,CoRoadName,CoMP,IntCoRoadName,IntCoMP
2021,90,EB20162,248,01/29/2021,19:33,29,1,,33,King,1830,1,,3,1,2,1,0,7,4,,,,12,0,7,5.9,1,0,1,4,2,1,3,0,0,0,0,SR-515,,-122.2048222,47.45445833,0,4,98,98,7,40,61,0,0,1,5,12,1,1,4,1,1,1,3,53,0,38,882,2014,0,,12,,,,,,1,1,23,1,0,,2,0,3,0,11,8,,,,,0,0,0,3,1,0,,,,96,,,,,,98,,,,,,98087,53,66,160,6,1,0,0,0,0,,0,,,,,,0,,,20,0,0,0,8,9,8,,,0,,,8,8,8,95,,,96,,,8,95,995,,,,,,,,,,,,,,,,,,,,,,,,,,,,,,0,0,0,0,0,0,0,0,0,0,0,0,1,0,0,0,0,0,0,1,0,0,0,1,1,1,0,0,0,1,1,0,0,0,0,,0,0,0,0,0,0,0,0,0,0,0,0,0,0,0,0,,,,,,21-25,16-25,State route,U,Friday,,MHTRUCK,Not Fatal,0,0,0,0,State Route,Municipal/City Police,Renton Police Department,0,1,0,0,0,,,,,,0,0,0,,,,,,,,,,,98,98,98,0,,,,,20,,,,,,,,,1,0,,,,,,
2021,422,EB79303,7,10/11/2021,1:39,11,10,,33,King,1960,2,,3,2,1,1,0,2,2,,,,25,0,0,167.3,1,0,1,1,2,1,1,0,0,0,0,I-5,,-122.3249889,47.631925,0,2,6,12,2,60,4,0,0,1,2,25,1,1,5,3,1,1,2,53,0,49,40,2005,0,,64,25,69,12,,,1,1,24,1,7,,4,7,3,0,11,0,10/11/2021,1:39,1.96053E+11,53542,0,0,0,3,1,0,,,,96,,,,,,9,,,,,,98087,53,63,95,6,1,0,1,2,1,,0,,,,,,4,06/15/2021,04/15/2021,1,0,0,0,0,9,8,,,0,,,8,1,2,401,300,348,1,1,1,2,1,0,,,,,,,,,,,,,,,,,,,,,,,,,,,,,,0,0,1,0,1,0,1,1,0,0,0,0,1,0,0,0,0,0,0,0,0,0,0,1,1,0,0,0,0,1,0,0,0,0,0,,1,0,0,0,0,0,1,1,0,1,0,0,0,0,1,1,,,,,,21-25,16-25,Interstate,U,Monday,Belt Used,PV,White,0,1,0,0,State Route,State Patrol,Washington State Patrol,1,1,0,0,0,,,,,,0,0,0,1,,,,,151,,,,,98,98,98,1,,,,,20,,,,,,,,,1,0,,,,,,
2021,542,EC03812,2,12/18/2021,13:00,18,12,,29,Island,0,2,,1,2,2,2,0,3,2,,,,12,0,2,10.9,1,0,1,3,1,1,3,0,0,0,0,SR-525,,-122.39055,47.98524167,0,1,50,10,2,50,14,0,0,1,2,12,2,2,2,1,14,1,1,53,0,12,401,2017,0,,68,12,2,,,,1,1,39,2,0,,3,0,20,7,11,5,,,,,0,0,3,3,1,28,,,,96,,,,,,9,,,,,,98087,53,68,160,6,1,0,0,1,1,,1,,,,,,0,03/15/2019,04/15/2021,1,0,0,0,8,9,8,,,0,,,1,8,0,0,,,0,,,0,0,996,,,,,,,,,,,,,,,,,,,,,,,,,,,,,,0,0,0,0,0,0,0,0,0,0,0,0,0,0,0,0,0,0,0,0,0,0,0,0,0,1,1,1,0,1,0,0,0,0,0,,0,0,0,0,0,0,0,0,0,0,0,0,0,0,0,0,,,,,,36-40,36-45,State route,R,Saturday,Not Used,PV,Not Fatal,0,1,1,0,State Route,State Patrol,Washington State Patrol,0,1,0,0,0,,,,,,0,0,0,,,,,,,,,,,98,98,98,0,,,,,20,,,,,,,,,1,0,,,,,,
2017,57,E643387,3,02/14/2017,17:20,14,2,0,53,Pierce,0,10,0,5,1,2,1,0,4,3,,,,24,0,0,1.8,3,0,3,3,2,1,3,0,3,0,0,SR-167,GRATZER RD E,-122.3788639,47.23043056,0,3,98,62,4,50,6,0,0,1,2,12,1,1,5,5,1,1,1,53,0,2,1,2007,0,0,12,,,,,,1,1,57,2,0,0,3,0,3,0,11,4,,,,,0,0,0,2,1,0,0,0,0,0,,,,,,0,,,,,,98092,53,73,170,1,1,0,0,0,1,0,0,,,,,,0,11/15/2016,11/15/2016,1,0,0,0,8,9,8,,,0,0,0,8,0,0,0,0,0,0,0,0,0,0,996,,,,,,,,,,,,,,,,,,,,,,,,,,,,,,0,0,0,1,0,0,1,1,0,0,0,0,0,1,0,0,0,0,0,0,0,0,0,0,0,0,0,0,0,1,0,0,0,0,0,,0,0,0,0,0,0,0,0,0,0,0,1,0,0,0,0,,,,,,56-60,56-65,State route,U,Tuesday,Belt Used,PV,Not Fatal,0,1,0,0,State Route,State Patrol,Washington State Patrol Headquarter,1,1,0,0,0,,,,,,,,,,,,,,,,,,,,,,,,,,,,,,,,,,,,,,,,,,,
2017,206,E685188,55,06/19/2017,17:32,19,6,0,33,King,100,1,0,1,1,2,1,0,5,5,17:48,17:53,18:17,12,0,1,0,3,0,2,3,2,1,3,0,0,3,3,SR-167 RAMP LX01577,15TH ST NW,-122.2558361,47.29561944,0,3,98,53,3,35,4,0,0,1,5,12,1,2,2,1,5,1,1,53,0,49,40,2012,0,0,12,,,,,,1,1,47,2,0,0,0,0,3,0,11,0,,,,,0,0,0,3,1,0,0,0,0,0,,,,,,0,,,,,,98092,53,60,110,6,1,0,0,0,0,0,0,,,,,,0,,,20,0,0,0,8,9,8,,,0,0,0,8,0,0,0,0,0,0,0,0,0,0,996,,,,,,,,,,,,,,,,,,,,,,,,,,,,,,0,0,0,1,0,0,1,1,1,0,0,0,1,0,0,0,0,0,0,0,0,0,0,0,0,0,0,0,1,1,0,0,0,0,0,,0,0,0,0,0,0,0,0,0,0,0,0,0,0,0,0,,,,,,46-50,46-55,State route,U,Monday,Belt Used,PV,Not Fatal,1,0,0,0,State Route,Municipal/City Police,Auburn Police Department,0,1,0,0,0,,,,,,,,,,,,,,,,,,,,,,,,,,,,,,,,,,,,,,,,,,,
2017,254,E693189,7,07/17/2017,9:46,17,7,0,33,King,0,1,0,1,1,2,1,1,1,1,,,,9,0,0,9.4,1,0,1,3,2,1,3,0,0,0,0,SR-169,,-122.0121306,47.33398611,0,1,13,83,5,50,61,0,0,1,5,9,3,2,2,1,14,1,1,53,0,12,881,2004,0,0,9,,,,,,1,1,29,1,0,0,0,0,3,0,11,0,,,,,0,0,0,3,1,0,0,0,0,0,,,,,,0,,,,,,98092,53,67,130,6,1,0,0,1,1,0,0,,,,,,0,12/15/2016,12/15/2016,20,0,0,0,8,9,8,,,0,0,0,8,0,0,0,0,0,0,0,0,0,0,996,,,,,,,,,,,,,,,,,,,,,,,,,,,,,,0,0,0,0,0,0,0,0,0,0,0,0,0,0,0,0,0,0,0,0,0,0,0,0,0,0,0,0,0,0,1,0,1,0,0,,0,0,0,0,0,0,0,0,0,0,0,0,0,0,0,0,,,,,,26-30,26-35,State route,U,Monday,,MHTRUCK,Not Fatal,0,0,0,0,State Route,State Patrol,Washington State Patrol Headquarter,0,1,0,0,0,,,,,,,,,,,,,,,,,,,,,,,,,,,,,,,,,,,,,,,,,,,
2018,60,E776245,55,03/02/2018,4:44,2,3,0,33,King,100,2,0,3,2,2,1,0,1,1,,,,30,0,0,4.1,3,0,3,3,2,1,3,0,0,3,3,SR-164,ACADEMY DR,-122.1550583,47.27499444,0,1,2,9,1,40,14,0,0,1,2,30,1,1,3,1,1,1,1,53,0,20,403,2004,0,0,63,30,39,,,,1,1,25,1,7,3,4,7,20,0,11,0,03/02/2018,4:44,10053010122,10122,0,0,0,2,1,0,0,0,0,93,,,,,,99,,,,,,98092,53,64,290,1,1,0,2,1,1,,0,,,,,,0,03/15/2013,12/15/2017,20,1,9,0,0,9,8,,,0,0,0,8,1,2,605,695,,1,1,,2,1,0.14,,,,,,,,,,,,,,,,,,,,,,,,,,,,,,0,0,0,1,1,1,1,1,1,0,0,0,0,1,0,0,1,0,0,1,0,0,0,1,1,0,0,0,0,1,0,0,0,1,0,,1,0,0,0,0,1,1,1,1,0,0,1,0,0,0,1,,,,,,21-25,16-25,State route,U,Friday,Not Used,PV,AIAN,0,1,0,0,State Route,Municipal/City Police,Auburn Police Department,1,1,0,0,0,thc,17,carboxy-thc,130,,0,0,6,,,,,,,,,,,,,,,,,,,,,,,,,,,,,,,,,,,
2018,56,E778951,7,02/25/2018,15:48,25,2,0,33,King,0,1,0,1,1,1,1,0,6,3,,,,12,0,8,0.7,1,0,1,4,1,2,4,0,0,0,0,CR-SE AUBURN BLACK DIAMOND,,-122.1647333,47.31256667,0,2,98,62,4,40,6,0,0,1,7,54,3,1,2,1,14,3,2,53,0,6,52,2005,0,0,60,54,,,,,1,1,35,1,0,0,3,0,3,0,11,5,,,,,0,0,0,3,1,0,0,0,0,96,,,,,,0,,,,,,98092,53,70,190,6,1,0,8,1,2,,0,,,,,,0,08/15/2014,10/15/2017,8,0,0,0,8,9,8,,,0,0,0,8,0,8,95,,,96,,,8,95,995,,,,,,,,,,,,,,,,,,,,,,,,,,,,,,0,0,0,0,0,0,0,0,0,0,0,0,0,0,0,0,0,0,0,0,0,0,0,0,0,0,0,0,0,1,1,0,0,0,0,,0,0,0,0,0,0,0,0,0,0,0,0,0,0,0,0,,,,,,31-35,26-35,County road,R,Sunday,Belt Used,PV,Not Fatal,0,1,1,0,County Road,County Sheriff,King County Police,0,0,1,0,0,,,,,,0,0,0,,,,,,,,,,,,,,,,,,,,,,,,,,,,,,,,,,,
2018,86,E781688,7,03/22/2018,23:40,22,3,0,33,King,0,2,0,3,2,2,2,0,3,2,,,,12,0,6,15.7,1,0,1,3,2,1,3,0,0,0,0,SR-18,,-122.0573333,47.38806111,0,1,98,10,2,60,4,0,0,1,7,12,1,2,4,2,1,2,1,53,0,54,35,1998,0,0,64,65,12,,,,1,1,27,2,0,0,0,0,3,0,11,0,,,,,0,0,0,2,1,28,0,0,0,96,,,,,,9,,,,,,98092,53,66,190,1,1,0,0,0,1,,97,,,,,,0,12/15/2017,03/15/2018,20,0,0,0,8,9,2,,,0,0,0,1,9,2,401,417,,1,1,,2,1,0,,,,,,,,,,,,,,,,,,,,,,,,,,,,,,0,0,0,0,0,0,1,1,1,0,0,0,0,1,0,0,0,0,0,1,0,0,0,0,0,0,0,0,0,1,0,0,0,0,0,,0,0,0,0,0,0,1,1,0,0,0,1,0,0,1,0,,,,,,26-30,26-35,State route,U,Thursday,Belt Used,PV,Not Fatal,0,1,1,0,State Route,State Patrol,Washington State Patrol Headquarter,0,1,0,0,0,,,,,,0,0,1,,,,,,,,,,,,,,,,,,,,,,,,,,,,,,,,,,,
2018,169,E804509,55,06/02/2018,15:17,2,6,0,33,King,100,1,0,1,1,2,1,1,1,1,,,,9,0,0,2.1,3,0,3,3,2,1,3,0,3,4,3,SR-164,FIR ST E,-122.1894639,47.28825278,0,1,13,83,5,35,4,0,0,1,7,9,1,1,4,2,1,1,2,53,0,37,31,1995,0,0,9,,,,,,1,1,41,1,0,0,0,0,3,0,11,0,,,,,0,0,0,0,1,0,0,0,0,96,,,,,,0,,,,,,98092,53,73,200,0,0,0,0,0,0,,97,,,,,,0,,,20,0,0,0,8,9,8,,,0,0,0,8,0,8,95,,,96,,,8,95,995,,,,,,,,,,,,,,,,,,,,,,,,,,,,,,0,0,0,1,0,0,0,0,0,0,0,0,0,1,0,0,0,0,0,0,0,0,0,0,0,0,0,0,0,1,0,0,1,0,0,,0,0,0,0,0,0,0,0,0,0,0,1,0,0,0,0,,,,,,41-45,36-45,State route,U,Saturday,Belt Used,PV,Not Fatal,1,0,0,0,State Route,Municipal/City Police,Auburn Police Department,0,1,0,0,0,,,,,,0,0,0,,,,,,,,,,,,,,,,,,,,,,,,,,,,,,,,,,,
2018,170,E804742,238,06/04/2018,8:30,4,6,0,53,Pierce,1770,1,0,1,1,2,1,0,3,3,,,,12,0,8,5,1,0,1,3,2,1,3,0,3,0,0,SR-167,,-122.3156472,47.20513611,0,2,65,62,4,45,4,0,0,1,5,12,1,1,5,5,5,1,2,53,0,34,34,2001,0,0,12,,,,,,1,1,31,1,0,0,1,0,3,0,11,8,,,,,0,0,0,3,1,0,0,0,0,0,,,,,,0,,,,,,98092,53,65,190,6,1,0,1,0,2,,0,,,,,,0,02/15/2015,07/15/2016,8,0,0,0,8,9,8,,,0,0,0,8,0,8,95,,,96,,,8,95,995,,,,,,,,,,,,,,,,,,,,,,,,,,,,,,0,0,0,0,0,0,1,1,0,0,0,0,0,1,0,0,0,0,0,0,0,0,0,0,0,0,0,0,0,1,0,0,0,0,0,,0,0,0,0,0,0,0,0,0,0,0,0,0,0,0,0,,,,,,31-35,26-35,State route,U,Monday,Belt Used,PV,Not Fatal,0,0,0,0,State Route,Municipal/City Police,Puyallup Police Department,0,1,0,0,0,,,,,,0,0,2,,,,,,,,,,,,,,,,,,,,,,,,,,,,,,,,,,,
2018,208,E813810,55,06/28/2018,17:20,28,6,0,33,King,100,1,0,1,1,2,4,0,5,1,,,,31,0,0,0,3,0,3,5,2,4,6,0,3,0,0,R ST SE,17TH ST SE,-122.2082194,47.29371667,0,1,14,14,2,35,14,0,0,1,7,2,1,1,2,1,1,5,2,53,0,2,404,2008,0,0,71,31,38,2,,,1,1,32,1,7,3,4,0,99,0,11,4,06/28/2018,21:41,1.96053E+11,29059,0,0,0,3,1,0,0,0,0,96,,,,,,99,,,,,,98092,53,65,194,6,1,0,1,1,0,,0,,,,,,4,04/15/2015,04/15/2015,99,9,0,0,0,9,8,,,0,0,0,8,9,2,605,695,,1,1,,2,1,0,,,,,,,,,,,,,,,,,,,,,,,,,,,,,,0,0,0,1,0,0,1,1,1,0,0,0,1,0,0,0,0,0,0,0,0,0,0,0,0,0,0,0,0,1,0,0,0,0,0,,1,0,0,0,0,0,1,1,0,1,0,0,0,0,1,0,,,,,,31-35,26-35,City street,U,Thursday,Unknown,PV,AIAN,0,1,0,0,City Street,Municipal/City Police,Auburn Police Department,1,0,0,1,0,thc,2.3,carboxy-thc,33,,0,0,0,,,,,,,,,,,,,,,,,,,,,,,,,,,,,,,,,,,
2018,380,E817446,25,07/13/2018,10:57,13,7,0,33,King,0,1,0,1,0,0,1,0,2,2,,,,12,0,6,4,8,0,1,4,1,2,4,0,0,0,0,CR-AUBURN-BLACK DIAMOND,SE 321 PL,-122.1118306,47.31292778,0,1,82,15,2,0,6,0,0,1,7,12,0,0,0,0,11,1,2,53,0,48,45,2009,0,0,12,,,,,,1,1,87,2,7,1,4,0,3,0,11,5,07/15/2018,19:45,10053031904,31904,0,0,3,3,1,38,0,0,0,96,,,,,,0,,,,,,98092,53,63,165,6,1,0,0,0,0,,46,,,,,,0,,,1,0,0,0,0,9,8,,,0,0,0,8,0,2,1,,,1,,,2,1,0,,,,,,,,,,,,,,,,,,,,,,,,,,,,,,0,0,0,0,0,0,0,0,0,0,0,0,0,0,0,0,0,0,1,0,0,0,0,0,0,1,1,1,0,1,0,0,0,0,0,,1,0,0,0,0,0,0,0,0,0,1,0,0,0,0,0,,,,,,81+,76+,County road,R,Friday,Belt Used,PV,White,1,0,0,0,County Road,County Sheriff,King County Police,0,0,1,0,0,,,,,,0,0,0,,,,,,,,,,,,,,,,,,,,,,,,,,,,,,,,,,,
2018,380,E817446,25,07/13/2018,10:57,13,7,0,33,King,0,1,0,1,1,2,1,0,2,2,,,,12,0,6,4,8,0,1,4,1,2,4,0,0,0,0,CR-AUBURN-BLACK DIAMOND,SE 321 PL,-122.1118306,47.31292778,0,2,83,72,4,35,4,0,0,1,7,12,8,8,2,1,1,1,1,53,0,59,31,2000,0,0,12,,,,,,1,1,63,2,0,0,1,0,3,0,11,5,,,,,0,0,3,3,1,0,0,0,0,96,,,,,,0,,,,,,98092,53,64,140,6,1,0,0,1,0,,0,,,,,,0,11/15/2013,11/15/2013,1,0,0,0,8,9,8,,,0,0,0,8,8,8,95,,,96,,,8,95,995,,,,,,,,,,,,,,,,,,,,,,,,,,,,,,0,0,0,0,0,0,0,0,0,0,0,0,0,0,0,0,0,0,1,0,0,0,0,0,0,1,1,1,0,1,0,0,0,0,0,,0,0,0,0,0,0,0,0,0,0,0,0,0,0,0,0,,,,,,61-65,56-65,County road,R,Friday,Belt Used,PV,Not Fatal,1,0,0,0,County Road,County Sheriff,King County Police,0,0,1,0,0,,,,,,0,0,0,,,,,,,,,,,,,,,,,,,,,,,,,,,,,,,,,,,
2018,309,E830739,3,08/02/2018,23:48,2,8,0,53,Pierce,2230,1,0,2,1,2,1,1,1,1,,,,8,0,0,2.7,1,0,1,3,2,1,3,0,0,0,0,SR-16,,-122.4994472,47.23616944,0,1,13,80,5,60,4,0,0,1,7,8,1,1,4,3,1,1,1,53,0,54,35,2003,0,0,8,,,,,,1,1,55,1,0,0,0,0,3,0,11,0,,,,,0,0,0,3,1,0,0,0,0,96,,,,,,0,,,,,,98092,53,67,150,6,1,0,0,0,0,,0,,,,,,0,,,20,0,0,0,8,9,2,,,0,0,0,0,0,2,1,,,1,,,2,1,0,,,,,,,,,,,,,,,,,,,,,,,,,,,,,,0,0,0,0,0,0,0,0,0,1,1,0,0,0,0,0,0,0,0,0,0,0,0,0,0,0,0,0,0,1,0,1,0,0,0,,0,0,0,0,0,0,0,0,0,0,0,0,0,0,0,0,,,,,,51-55,46-55,State route,U,Thursday,Belt Used,PV,Not Fatal,0,0,0,0,State Route,State Patrol,Washington State Patrol,0,1,0,0,0,,,,,,0,0,0,,,,,,,,,,,,,,,,,,,,,,,,,,,,,,,,,,,
2018,305,E835105,7,08/30/2018,11:23,30,8,0,33,King,1960,10,0,1,1,2,1,0,1,1,,,,24,0,0,0.2,5,1,1,1,2,1,1,0,0,0,0,I-5 RAMP,,-122.3135833,47.54885,0,1,6,12,2,98,80,0,0,1,3,24,2,2,1,6,14,1,1,53,0,98,706,2016,0,0,64,24,,,,,1,1,42,1,7,1,4,7,5,0,11,0,08/30/2018,11:23,1.96053E+11,38593,0,0,0,3,1,0,0,0,0,92,,,,,,99,,,,,,98092,53,72,240,6,1,0,0,0,2,,0,,,,,,4,11/15/2013,11/15/2016,20,8,0,0,0,9,8,,,0,0,0,8,9,2,1,,,1,,,2,1,0,,,,,,,,,,,,,,,,,,,,,,,,,,,,,,0,0,1,0,0,0,0,0,0,0,0,0,1,0,0,0,1,0,0,0,0,0,0,0,0,0,0,0,1,0,0,0,0,0,1,0,0,0,0,0,0,0,0,0,1,1,0,0,0,0,0,0,,,,,,41-45,36-45,Interstate,U,Thursday,,MC,White,0,1,0,0,State Route,State Patrol,Washington State Patrol,1,1,0,0,0,,,,,,0,0,0,,,,,,,,,,,,,,,,,,,,,,,,,,,,,,,,,,,
2018,502,E867469,55,12/02/2018,17:32,2,12,0,33,King,100,1,0,3,1,2,1,1,1,1,,,,8,0,0,0,1,0,1,3,2,4,6,0,0,0,0,A ST SE,,-122.2287,47.30167778,0,1,13,80,5,30,3,0,0,1,7,8,1,1,5,5,1,1,1,2,0,47,31,1993,0,0,8,,,,,,1,1,55,1,0,0,0,0,3,0,11,0,,,,,6,0,3,3,1,0,0,0,0,96,,,,,,0,,,,,,98092,53,73,175,6,1,0,0,0,1,,0,,,,,,0,03/15/2014,03/15/2014,20,0,0,0,8,9,8,,,0,0,0,8,0,2,1,,,1,,,2,1,0,,,,,,,,,,,,,,,,,,,,,,,,,,,,,,0,0,0,0,0,0,0,0,0,0,0,0,0,0,0,0,0,0,0,0,0,0,0,0,0,0,0,0,0,1,0,1,0,0,0,,0,0,0,0,0,0,0,0,0,0,0,0,0,0,0,0,,,,,,51-55,46-55,City street,U,Sunday,Belt Used,PV,Not Fatal,0,0,0,0,City Street,Municipal/City Police,Auburn Police Department,0,0,0,1,0,,,,,,0,0,0,,,,,,,,,,,,,,,,,,,,,,,,,,,,,,,,,,,
2019,122,E915551,35,04/28/2019,15:42,28,4,,53,Pierce,0,1,0,1,1,2,1,0,3,2,,,,12,0,2,0,1,0,1,5,2,2,4,0,0,0,0,CR-218TH AVE E,,-122.140525,47.22048611,0,2,51,62,4,40,34,0,0,1,7,12,3,1,2,1,14,2,1,53,0,20,481,2001,0,0,12,,,,,,1,1,33,1,1,,4,7,99,7,11,0,04/28/2019,15:42,53019460,19460,0,0,0,3,1,0,0,0,0,96,,,,,,99,,,,,,98092,53,68,200,6,1,0,1,0,1,,0,,,,,,0,02/15/2015,07/15/2018,20,0,0,0,0,9,8,,,0,0,0,8,9,2,1,,,1,,,2,1,0,,,,,,,,,,,,,,,,,,,,,,,,,,,,,,0,0,0,0,1,0,0,0,0,0,0,0,0,0,0,0,0,0,0,0,0,0,0,0,0,0,0,0,0,1,0,0,0,0,0,,1,0,0,0,0,0,0,0,0,0,0,0,0,0,0,0,,,,,,31-35,26-35,County road,U,Sunday,Unknown,PV,Hispanic,0,1,1,0,County Road,County Sheriff,Law Enforcement Support Agency,0,0,1,0,0,,,,,,0,0,0,,,,,,,,,,,98,98,98,298,,,,,20,7,,,,,,,,,,,,,,,
2019,211,E936436,25,06/28/2019,20:52,28,6,,33,King,1030,1,0,1,1,2,1,0,2,2,,,,1,0,0,0,3,0,3,7,2,4,6,0,0,0,0,SE 256TH ST,137TH AVE SE,-122.1583333,47.37242778,0,1,98,8,1,98,80,0,0,1,7,1,1,3,2,1,1,1,2,53,0,53,705,2006,0,0,68,1,12,,,,1,1,18,1,7,,4,7,20,7,11,0,06/28/2019,20:52,1.03053E+11,29507,0,0,0,2,1,0,0,0,0,96,,,,,,99,,,,,,98092,53,71,155,1,1,0,3,1,1,,0,,,,,,3,05/15/2017,04/15/2019,20,8,0,0,0,9,8,,,0,0,0,8,9,2,402,605,695,1,1,1,2,1,0.087,,,,,,,,,,,,,,,,,,,,,,,,,,,,,,0,0,0,1,1,1,1,1,1,0,0,0,1,1,1,0,0,0,0,0,0,1,1,0,1,0,0,0,1,1,0,0,0,0,1,0,0,0,0,0,0,1,1,1,0,1,0,1,0,0,0,1,,,,,,18-20,16-25,City street,U,Friday,,MC,White,0,0,0,0,City Street,County Sheriff,King County Police,0,0,0,1,0,thc,9.7,carboxy-thc,30,,0,0,3,,,,,,,,,,,0,0,0,1,,,,,19,0,,,,,,,nms,,,,,,,,
2020,164,EA38156,6,05/18/2020,14:34,18,5,,25,Grant,0,1,,1,1,2,2,0,2,2,,,,12,0,2,180.6,1,0,1,1,1,1,1,0,0,0,0,I-90,,-119.1837417,47.09341667,0,2,52,54,3,70,21,0,0,1,2,12,1,1,2,3,1,1,3,53,0,20,461,2014,0,,12,,,,,,1,1,59,1,7,,4,7,20,7,11,0,05/18/2020,14:43,53023981,23981,0,0,0,3,1,0,,,,96,,,,,,0,,,,,,98092,53,71,195,6,1,0,1,0,0,,0,,,,,,0,06/15/2016,06/15/2016,8,2,9,0,1,9,8,,,0,,,8,8,0,0,,,0,,,0,0,996,,,,,,,,,,,,,,,,,,,,,,,,,,,,,,0,0,0,0,0,0,0,0,0,0,0,0,0,0,0,0,0,0,0,1,0,0,0,0,0,1,1,1,0,1,0,0,0,1,0,,1,0,0,0,0,0,0,0,0,0,0,0,0,0,0,0,,,,,,56-60,56-65,Interstate,R,Monday,Not Used,PV,White,0,0,0,1,State Route,State Patrol,Washington State Patrol,0,1,0,0,0,,,,,,0,0,0,,,,,,,,,,,98,98,98,1,,,,,20,7,,,,,,,,1,0,,,,,,
2020,399,EA71625,55,10/05/2020,17:01,5,10,,53,Pierce,100,1,,1,1,2,1,1,1,1,,,,8,0,0,0,1,0,1,3,2,4,6,0,0,0,0,LAKE TAPPS PKWY E,,-122.2135111,47.24395833,0,1,13,80,5,45,4,0,0,1,2,8,2,2,6,1,14,1,2,53,0,35,398,1991,0,,8,,,,,,1,1,16,1,0,,0,0,3,0,11,0,,,,,0,0,3,3,1,10,,,,0,,,,,,0,,,,,,98092,53,69,125,6,2,0,0,0,0,,0,,,,,,0,,,20,0,0,0,8,9,8,,,0,,,8,8,0,0,,,0,,,0,0,996,,,,,,,,,,,,,,,,,,,,,,,,,,,,,,0,0,0,0,0,0,0,0,0,0,0,0,0,0,0,0,0,0,0,0,1,0,1,0,1,0,0,0,0,1,0,1,0,0,0,,0,0,0,0,0,0,0,0,0,0,0,0,0,0,0,0,,,,,,16-17,16-25,City street,U,Monday,Belt Used,PV,Not Fatal,0,0,0,0,City Street,Municipal/City Police,Auburn Police Department,0,0,0,1,0,,,,,,0,0,0,,,,,,,,,,,0,0,0,0,,,,,20,7,,,,,,,,1,0,,,,,,