year,case,par,repjur,crash_dt,crash_tm,accday,accmon,holiday,county,co_char,city,weather,weather2,lightcond,surfcond,surftype,numfatal,nmforms,pforms,vforms,not_tm,arr_tm,hosp_tm,fhevent,hitrun,manncol,milepnt,reljunc,reljuncinter,intersectiontype,funcsystem,landuse,ownership,route,schlbus,spejur,contdev,devfunc,trafid1,trafid2,x,y,wk_zone,vnumber,crashtype,criticalevent,criticaleventcat,spdlim,body,trailer,emerg,hazcargo,leave,mhevent,roadalgn,roadprof,traflane,trafflow,vehmanvr,numoccs,regowner,regstate,spuse,make,model,modelyr,vrf1,vrf2,seqevent1,seqevent2,seqevent3,seqevent4,seqevent5,seqevent6,pnumber,ptype,age,sex,hispanic,race,injury,diedscene,restraint,restraintmisuse,seatpos,takehosp,death_dt,death_tm,cert,cernum_wa,commlic,licendor,licrestrict,liccomp,drivpres,drf1,drf2,drf3,drf4,distract1,distract2,distract3,distract4,distract5,distract6,dricond1,dricond2,dricond3,dricond4,dricond5,dricond6,dzip,licstate,drhgt_in,weight,noncdl,noncdltype,prevdwi,prevoth,prevacc,prevspd,prevsus,driviol1,driviol2,driviol3,driviol4,driviol5,driviol6,spdrel,first_dt,last_dt,airbag,ejection,ejectpath,extricat,injurwrk,methalc,methdrug,nmlocat,strikveh,prf1,prf2,prf3,druginv,alcinvol,drugsts,drugres1,drugres2,drugres3,drugtst1,drugtst2,drugtst3,alcsts,alctst,alcres,nmact1,nmact2,nmact3,nmact4,nmact5,nmact6,nmprior1,nmprior2,nmprior3,nmprior4,nmprior5,nmprior6,nmcond1,nmcond2,nmcond3,nmcond4,nmcond5,nmcond6,nmsafe_helmet,nmsafe_pads,nmsafe_oth,nmprev_ref,nmprev_lgt,nmprev_oth,crashlocation,nmcrashtype,crosswalk,schoolzone,sidewalk,train_inv,wildlife_inv,rotr_fars,intersect_fars,dd_inv,aid_inv,dpd_inv,id_inv,mj_inv,impnm_inv,ainm_inv,dpnm_inv,speed_inv,unlic_inv,unendmc_inv,drowsy_inv,drdist_inv,nmdist_inv,fty_inv,unrestfat_inv,dr1617_inv,dr1820_inv,dr1620_inv,dr2125_inv,dr1625_inv,dr65_inv,dr70_inv,dr75_inv,mc_inv,pv_inv,ht_inv,ped_inv,bike_inv,unrest_fat,mc_fat,unhelmet_mc,pv_fat,ht_fat,ped_fat,bike_fat,dr_alc7,dr_alc8,dr_drug,dr_imp,dr_dist,dr_spd,dr_fty,dr_unlic,dr_alc7only,dr_alc8only,dr_drugonly,dr_drink,nm_imp,nm_alc7,nm_alc8,nm_drug,nm_dist,agegrp1,agegrp2,roadclass,urbrur,dayweek,restuse,vehtype,race_me,intersect,lanedep,oppdir,wrongway,rep_typ,investag,repag_long,rotr,st_rd,cty_rd,city_rd,oth_rd,drug_thc,thc_res,drug_cthc,cthc_res,drug_cann,prevpersemin,prevperse,prevsusoth,drugtst4,drugtst5,drugtst6,drugtst7,drugtst8,drugres4,drugres5,drugres6,drugres7,drugres8,adspresent,adsengaged,adslevel,race1,race2,race3,race4,race5,helmet,helmetmisuse,nmdistract1,nmdistract2,nmdistract3,nmdistract4,nmdistract5,nmdistract6,lab,isedtcase,crf1,crf2,crf3,CoRoadName,CoMP,IntCoRoadName,IntCoMP
2021,111,EB24658,160,04/24/2021,16:28,24,4,,33,King,1030,2,,1,2,2,1,0,2,2,,,,12,0,6,0,1,0,1,4,2,4,6,0,0,0,0,CENTRAL AVE N,,-122.2302778,47.37234167,0,1,98,9,1,35,4,0,0,1,5,12,3,1,5,5,14,1,1,53,0,37,31,2007,0,,68,12,,,,,1,1,71,2,7,,4,7,3,0,11,0,04/24/2021,16:28,1.03053E+11,19915,0,0,3,3,1,0,,,,96,,,,,,98,,,,,,98092,53,62,145,6,1,0,0,3,0,,0,,,,,,4,07/15/2017,05/15/2020,8,0,0,0,0,9,8,,,0,,,8,8,2,996,,,1,,,2,1,0,,,,,,,,,,,,,,,,,,,,,,,,,,,,,,0,0,0,0,0,0,1,1,0,0,0,0,1,0,0,0,0,0,0,0,0,0,0,0,0,1,1,0,0,1,0,0,0,0,0,,1,0,0,0,0,0,1,1,0,1,0,0,0,0,1,0,,,,,,71-75,66-75,City street,U,Saturday,Belt Used,PV,API,0,1,1,0,City Street,Municipal/City Police,Kent Police Department,0,0,0,1,0,,,,,,0,0,0,,,,,,,,,,,98,98,98,18,,,,,20,,,,,,,,,1,0,,,,,,
2021,250,EB52141,25,07/17/2021,19:34,17,7,,33,King,0,1,,1,1,2,2,0,3,1,,,,38,0,0,5.8,1,0,1,5,1,2,4,0,0,0,0,CR-LANDSBURD RD SE,,-121.9731056,47.38378611,0,1,2,8,1,40,15,0,0,1,2,1,1,1,2,1,6,3,1,53,0,7,422,2005,0,,63,38,1,,,,1,1,22,2,7,,4,7,20,7,11,0,07/17/2021,19:34,53035158,35158,0,0,0,0,1,33,58,,,3,,,,,,8,,,,,,98092,53,62,200,3,7,1,4,1,4,,0,,,,,,4,11/15/2016,10/15/2019,8,1,9,0,0,9,8,,,0,,,8,8,2,695,605,,1,1,,2,1,0.205,,,,,,,,,,,,,,,,,,,,,,,,,,,,,,0,0,0,0,1,1,1,1,1,0,0,0,1,1,0,0,1,0,0,1,0,0,0,1,1,0,0,0,0,1,0,0,0,1,0,,1,0,0,0,0,1,1,1,1,1,0,1,0,0,0,1,,,,,,21-25,16-25,County road,R,Saturday,Not Used,PV,AIAN,0,1,0,0,County Road,County Sheriff,King County Police,1,0,1,0,0,thc,7.6,carboxy-thc,41,,0,1,2,,,,,,,,,,,98,98,98,3,,,,,20,,,,,,,,nms,1,0,,,LANDSBURG RD,5.793,NULL,
2021,509,EB96787,3,11/25/2021,2:15,25,11,,53,Pierce,2230,2,,3,2,2,1,0,4,2,,,,12,1,1,134.8,1,0,1,1,2,1,1,0,0,0,0,I-5,,-122.4131083,47.23894167,1,1,24,51,3,50,14,0,0,1,2,12,1,2,3,3,1,99,2,53,0,2,403,2019,0,,12,,,,,,1,1,25,2,0,,0,0,3,0,11,0,,,,,0,0,0,3,1,6,,,,96,,,,,,9,,,,,,98092,53,65,157,6,1,0,2,1,1,,1,3,,,,,0,09/15/2017,05/15/2018,1,0,0,0,8,9,8,,,0,,,8,1,8,95,,,96,,,0,0,996,,,,,,,,,,,,,,,,,,,,,,,,,,,,,,0,0,0,0,1,0,0,0,0,0,0,0,0,0,0,0,0,0,0,0,0,0,0,1,1,1,0,0,0,1,0,0,0,0,0,,0,0,0,0,0,0,0,0,0,0,0,0,0,0,0,1,,,,,,21-25,16-25,Interstate,U,Thursday,Belt Used,PV,Not Fatal,0,0,0,0,State Route,State Patrol,Washington State Patrol,0,1,0,0,0,,,,,,0,0,0,,,,,,,,,,,98,98,98,0,,,,,20,,,,,,,,,1,0,,,,,,
2019,66,3748144,263,01/18/2019,16:32,18,1,,33,King,1960,10,0,3,2,2,1,0,4,2,,,,12,0,1,31,2,0,2,3,2,1,3,0,0,0,0,SR-99,N 84TH ST,-122.3445972,47.68983889,0,2,25,53,3,30,52,0,0,1,5,12,1,1,3,3,4,3,3,53,3,98,988,2011,0,0,12,,,,,,1,1,60,1,0,,0,0,3,0,11,0,,,,,6,1,0,3,1,0,0,0,0,96,,,,,,0,,,,,,98101,53,71,175,6,1,0,0,0,0,,0,,,,,,0,,,20,0,0,0,8,9,8,,,0,0,0,8,0,8,95,,,96,,,8,95,995,,,,,,,,,,,,,,,,,,,,,,,,,,,,,,0,0,0,1,0,0,0,0,0,0,0,0,1,0,0,0,0,0,0,0,0,0,0,0,0,1,1,1,0,1,0,0,0,0,0,,0,0,0,0,0,0,0,0,0,0,0,0,0,0,0,0,,,,,,56-60,56-65,State route,U,Friday,,BUS,Not Fatal,0,0,0,0,State Route,Municipal/City Police,Seattle Police Department,0,1,0,0,0,,,,,,0,0,0,,,,,,,,,,,98,98,98,0,,,,,20,7,,,,,,,,,,,,,,,
2021,623,3890344,263,06/15/2021,16:04,15,6,,33,King,1960,1,,1,1,2,1,0,1,1,,,,33,0,0,0,1,0,1,4,2,4,6,0,0,0,0,MARTIN LUTHER KING JR WAY S,,-122.2976833,47.59518056,0,1,6,8,1,25,14,0,0,1,2,39,1,2,3,5,1,1,1,53,0,35,404,2020,0,,68,64,33,39,,,1,1,91,1,7,,4,0,3,0,11,5,07/03/2021,7:41,1.96053E+11,34064,0,0,0,2,1,0,,,,92,,,,,,1,,,,,,98101,53,71,180,1,1,0,0,0,0,,97,,,,,,0,,,8,0,0,0,0,9,8,,,0,,,8,8,0,0,,,0,,,0,0,996,,,,,,,,,,,,,,,,,,,,,,,,,,,,,,0,0,1,0,0,0,0,0,0,0,0,0,0,1,0,0,1,0,0,0,0,0,0,0,0,1,1,1,0,1,0,0,0,0,0,,1,0,0,0,0,0,0,0,1,0,0,1,0,0,0,0,,,,,,81+,76+,City street,U,Tuesday,Belt Used,PV,Black,0,1,0,0,City Street,Municipal/City Police,Seattle Police Department,1,0,0,1,0,,,,,,0,0,0,,,,,,,,,,,98,98,98,2,,,,,20,,,,,,,,,1,0,,,,,,
2020,499,EA87920,184,12/02/2020,14:20,2,12,,61,Snohomish,590,1,,1,1,2,1,1,1,1,14:22,14:26,14:49,8,1,0,39,3,0,2,3,2,1,3,0,0,3,3,SR-99,174TH PL SW,-122.2979389,47.84104444,0,1,13,80,5,45,14,0,0,1,2,8,1,1,3,1,11,1,2,53,0,2,404,2013,0,,8,,,,,,1,1,20,2,0,,0,0,3,0,11,0,,,,,0,0,0,0,1,0,,,,96,,,,,,98,,,,,,98101,53,65,126,0,0,0,0,0,0,,0,,,,,,0,,,20,0,0,0,8,9,8,,,0,,,8,8,8,95,,,96,,,8,95,995,,,,,,,,,,,,,,,,,,,,,,,,,,,,,,0,0,0,1,0,0,0,0,0,1,0,1,0,1,0,0,0,0,0,0,0,1,1,0,1,0,0,0,0,1,0,1,0,0,0,,0,0,0,0,0,0,0,0,0,0,0,1,0,0,0,0,,,,,,18-20,16-25,State route,U,Wednesday,Belt Used,PV,Not Fatal,1,0,0,0,State Route,Municipal/City Police,Lynnwood Police Department,0,1,0,0,0,,,,,,0,0,0,,,,,,,,,,,98,98,98,0,,,,,20,7,,,,,,,,1,0,,,,,,
2021,69,3848252,263,02/24/2021,9:15,24,2,,33,King,1960,10,,1,1,1,1,1,1,2,,,,8,0,0,0,1,0,1,4,2,4,6,0,0,0,0,10TH AVE E,,-122.3200917,47.63695556,0,1,13,8,1,25,14,0,0,1,2,8,1,2,2,2,1,1,1,53,0,49,402,2013,0,,8,14,63,30,,,1,1,66,2,0,,3,0,3,0,11,5,,,,,0,0,3,3,1,0,,,,96,,,,,,1,,,,,,98102,53,63,145,6,1,0,0,0,0,,0,,,,,,0,,,1,0,0,0,8,9,8,,,0,,,0,0,8,95,,,96,,,8,95,995,,,,,,,,,,,,,,,,,,,,,,,,,,,,,,0,0,0,0,0,0,0,0,0,1,0,1,0,0,0,0,0,0,0,0,0,0,0,0,0,1,0,0,0,1,0,1,0,0,0,,0,0,0,0,0,0,0,0,0,0,0,0,0,0,0,0,,,,,,66-70,66-75,City street,U,Wednesday,Belt Used,PV,Not Fatal,0,0,0,0,City Street,Municipal/City Police,Seattle Police Department,0,0,0,1,0,,,,,,0,0,0,,,,,,,,,,,98,98,98,0,,,,,20,,,,,,,,,1,0,,,,,,
2020,325,EA60411,3,08/29/2020,3:07,29,8,,67,Thurston,0,1,,2,1,2,1,0,3,2,,,,12,0,2,114.6,1,0,1,1,2,1,1,0,0,0,0,I-5,,-122.7110417,47.068925,0,2,52,54,3,60,5,0,0,1,2,12,1,1,3,3,1,2,1,53,0,49,46,2004,0,,12,,,,,,1,1,29,2,0,,3,0,3,0,11,5,,,,,0,0,0,3,1,0,,,,96,,,,,,98,,,,,,98102,53,64,150,6,1,0,0,0,0,,0,,,,,,0,,,1,0,0,0,8,9,8,,,0,,,8,8,8,95,,,96,,,8,95,995,,,,,,,,,,,,,,,,,,,,,,,,,,,,,,0,0,0,0,1,0,1,1,0,0,0,0,0,0,0,0,0,0,1,1,1,0,1,0,1,0,0,0,0,1,0,0,0,0,0,,0,0,0,0,0,0,0,0,0,0,0,0,0,0,0,0,,,,,,26-30,26-35,Interstate,U,Saturday,Belt Used,PV,Not Fatal,0,0,0,1,State Route,State Patrol,Washington State Patrol,0,1,0,0,0,,,,,,0,0,0,,,,,,,,,,,98,98,98,0,,,,,20,7,,,,,,,,1,0,,,,,,
2018,184,3578846,263,06/13/2018,10:13,13,6,0,33,King,1960,1,0,1,1,2,1,1,1,1,,,,8,0,0,0,3,0,3,3,2,4,6,0,0,2,3,15TH AVE W,W ARMORY,-122.3762139,47.63767222,0,1,13,80,5,30,34,0,0,1,7,8,1,1,5,1,1,1,1,53,0,12,481,1996,0,0,8,,,,,,1,1,47,1,0,0,0,0,3,0,11,0,,,,,0,0,3,2,1,0,0,0,0,98,,,,,,0,,,,,,98103,53,71,160,1,1,0,0,0,0,,97,,,,,,0,02/15/2014,02/15/2014,20,0,0,0,8,9,2,,,0,0,0,0,0,8,95,,,96,,,8,95,995,,,,,,,,,,,,,,,,,,,,,,,,,,,,,,0,0,0,1,0,0,0,0,0,0,0,0,0,1,0,0,1,0,0,0,0,0,0,0,0,0,0,0,0,1,0,1,0,0,0,,0,0,0,0,0,0,0,0,1,0,0,1,0,0,0,0,,,,,,46-50,46-55,City street,U,Wednesday,Belt Used,PV,Not Fatal,1,0,0,0,City Street,Municipal/City Police,Seattle Police Department,0,0,0,1,0,,,,,,0,0,1,,,,,,,,,,,,,,,,,,,,,,,,,,,,,,,,,,,
2018,388,3746668,263,10/01/2018,14:31,1,10,0,33,King,1960,10,0,1,2,2,1,0,2,2,,,,12,0,6,0,2,0,3,7,2,4,6,0,0,20,3,THORNDYKE AVE W,THORNDYKE PL W,-122.3872472,47.63951389,0,2,82,15,2,5,4,0,0,1,7,12,1,2,2,1,11,1,2,53,0,7,24,2013,0,0,12,,,,,,1,1,41,1,7,1,4,7,3,0,11,0,10/01/2018,14:31,1.96053E+11,43046,0,0,0,3,1,0,0,0,0,96,,,,,,99,,,,,,98103,53,70,190,6,1,0,0,0,0,,0,,,,,,0,,,8,0,0,0,0,9,8,,,0,0,0,8,9,2,1,,,1,,,2,1,0,,,,,,,,,,,,,,,,,,,,,,,,,,,,,,0,0,0,1,1,1,0,1,0,0,0,0,0,0,0,0,0,0,0,0,0,0,0,0,0,0,0,0,0,1,0,0,0,0,0,,1,0,0,0,0,0,0,0,0,0,0,0,0,0,0,0,,,,,,41-45,36-45,City street,U,Monday,Belt Used,PV,White,1,0,0,0,City Street,Municipal/City Police,Seattle Police Department,0,0,0,1,0,,,,,,0,0,0,,,,,,,,,,,,,,,,,,,,,,,,,,,,,,,,,,,
2020,525,3854920,263,07/12/2020,20:00,12,7,,33,King,1960,10,,5,1,1,1,1,2,2,,,,12,1,6,33.2,2,0,2,3,2,1,3,0,0,0,0,SR-99,N 128TH,-122.3449639,47.72229167,0,1,88,17,2,25,34,0,0,1,2,12,1,1,8,1,1,1,0,53,0,12,481,2005,0,,12,,,,,,1,1,24,2,0,,0,0,98,7,11,0,,,,,0,0,0,0,1,91,,,,96,,,,,,9,,,,,,98103,53,64,125,0,0,0,1,0,0,,2,7,,,,,0,06/15/2016,06/15/2016,99,9,0,0,8,3,2,,,0,,,1,8,2,401,417,,1,1,,2,1,0,,,,,,,,,,,,,,,,,,,,,,,,,,,,,,0,0,0,1,0,0,1,1,0,1,0,1,0,1,0,0,0,0,0,0,0,0,0,1,1,0,0,0,0,1,0,1,0,0,0,,0,0,0,0,0,0,1,1,0,0,0,1,0,0,1,0,,,,,,21-25,16-25,State route,U,Sunday,Unknown,PV,Not Fatal,1,0,0,0,State Route,Municipal/City Police,Seattle Police Department,0,1,0,0,0,,,,,,0,0,0,,,,,,,,,,,98,98,98,0,,,,,20,7,,,,,,,,1,0,,,,,,
2017,415,E720099,7,10/06/2017,20:18,6,10,0,33,King,1960,10,0,3,1,1,1,0,1,1,,,,24,0,0,1.8,1,0,1,1,2,1,1,0,0,0,0,I-5 RL005EXP,,-122.3281167,47.62278889,0,1,7,6,1,60,80,0,0,1,2,24,2,1,4,3,14,1,1,53,0,76,705,1981,0,0,64,24,,,,,1,1,22,1,7,1,4,7,5,0,11,0,10/06/2017,20:18,1.96053E+11,43656,0,0,0,2,1,0,0,0,0,96,,,,,,9,,,,,,98103,53,70,150,6,1,0,3,1,2,0,0,,,,,,4,06/15/2014,06/15/2017,20,8,0,0,0,9,8,,,0,0,0,8,1,2,605,0,0,1,0,0,2,1,0.038,,,,,,,,,,,,,,,,,,,,,,,,,,,,,,0,0,0,0,1,0,1,1,1,0,0,0,1,0,1,0,0,0,0,0,0,0,0,1,1,0,0,0,1,0,0,0,0,0,1,0,0,0,0,0,1,0,1,1,0,1,0,0,0,0,0,1,,,,,,21-25,16-25,Interstate,U,Friday,,MC,White,0,1,0,0,State Route,State Patrol,Washington State Patrol Headquarter,1,1,0,0,0,thc,44,carboxy-thc,20,,,,,,,,,,,,,,,,,,,,,,,,,,,,,,,,,,,,,,,
2018,297,E833846,6,08/27/2018,13:16,27,8,0,37,Kittitas,0,1,0,1,1,2,1,0,6,2,13:15,13:21,15:05,1,0,0,2.1,1,0,1,3,1,1,3,0,0,0,0,SR-970,,-120.8662944,47.17769167,0,1,6,12,2,55,14,0,0,1,2,1,1,1,2,1,6,5,1,53,0,41,402,2001,0,0,68,64,1,12,,,1,1,51,1,0,0,2,0,3,0,11,2,,,,,0,0,0,3,1,91,0,0,0,96,,,,,,99,,,,,,98103,53,72,230,6,1,0,2,1,0,,1,,,,,,0,01/15/2015,06/15/2017,20,0,0,0,8,9,8,,,0,0,0,8,9,2,605,695,996,1,1,1,2,1,0,,,,,,,,,,,,,,,,,,,,,,,,,,,,,,0,0,1,0,0,0,1,1,1,0,0,0,0,0,0,0,0,0,0,1,0,0,0,0,0,0,0,0,0,1,0,0,0,0,0,,0,0,0,0,0,0,1,1,0,0,0,0,0,0,1,0,,,,,,51-55,46-55,State route,R,Monday,Belt Used,PV,Not Fatal,0,1,0,0,State Route,State Patrol,Washington State Patrol Headquarter,1,1,0,0,0,thc,2.9,carboxy-thc,39,,0,0,0,1,,,,,996,,,,,,,,,,,,,,,,,,,,,,,,,,,,,
2018,435,E866544,7,11/24/2018,20:45,24,11,8,33,King,1958,1,0,2,1,2,2,0,7,4,,,,12,0,7,151.5,1,0,1,1,2,1,1,0,0,0,0,I-5,,-122.2843083,47.42241389,0,2,45,61,4,60,4,0,0,1,5,12,1,2,5,3,2,1,1,53,0,37,31,2012,0,0,12,,,,,,1,1,29,1,0,0,0,0,3,0,11,0,,,,,0,0,3,3,1,0,0,0,0,96,,,,,,0,,,,,,98103,53,70,180,6,1,0,0,0,1,,0,,,,,,0,05/15/2018,05/15/2018,20,0,0,0,8,9,8,,,0,0,0,8,0,8,95,,,96,,,8,95,995,,,,,,,,,,,,,,,,,,,,,,,,,,,,,,0,0,0,0,0,0,1,1,1,0,0,0,1,0,0,0,0,0,0,1,0,0,0,1,1,1,1,1,0,1,0,0,0,0,0,,0,0,0,0,0,0,0,0,0,0,0,0,0,0,0,0,,,,,,26-30,26-35,Interstate,U,Saturday,Belt Used,PV,Not Fatal,0,0,0,0,State Route,State Patrol,Washington State Patrol,0,1,0,0,0,,,,,,0,0,0,,,,,,,,,,,,,,,,,,,,,,,,,,,,,,,,,,,
2019,519,E935293,171,06/21/2019,22:23,21,6,,33,King,1107,1,0,2,1,2,1,1,1,1,,,,8,0,0,4.9,1,0,1,3,2,1,3,0,0,0,0,SR-522,,-122.2872611,47.74243333,0,1,13,80,5,40,5,0,0,1,7,8,1,2,6,5,1,1,1,53,0,37,37,2010,0,0,8,,,,,,1,1,45,2,0,,0,0,3,0,11,0,,,,,0,0,0,3,1,10,0,0,0,96,,,,,,0,,,,,,98103,53,61,120,6,1,0,0,1,0,,0,,,,,,0,06/15/2019,06/15/2019,20,0,0,0,8,9,8,,,0,0,0,8,0,8,95,,,96,,,8,95,995,,,,,,,,,,,,,,,,,,,,,,,,,,,,,,0,0,0,0,0,0,0,0,0,1,0,1,0,0,0,0,0,0,0,0,0,0,0,0,0,0,0,0,0,1,0,1,0,0,0,,0,0,0,0,0,0,0,0,0,0,0,0,0,0,0,0,,,,,,41-45,36-45,State route,U,Friday,Belt Used,PV,Not Fatal,0,0,0,0,State Route,Municipal/City Police,Lake Forest Park Police Department,0,1,0,0,0,,,,,,0,0,0,,,,,,,,,,,98,98,98,0,,,,,20,7,,,,,,,,,,,,,,,
2020,540,EA30827,297,04/23/2020,18:25,23,4,,33,King,2310,10,,1,2,2,1,0,2,1,17:48,17:54,19:59,1,0,0,0,3,0,3,5,2,4,6,0,0,20,3,S 124TH ST,42nd Ave S,-122.2800944,47.49237778,0,1,1,13,2,25,4,0,0,1,2,3,1,1,2,1,11,2,1,53,0,20,25,2017,0,,63,1,3,,,,1,1,25,8,0,,2,0,99,7,11,5,,,,,0,0,0,3,1,39,91,,,96,,,,,,9,,,,,,98103,53,72,180,6,1,0,1,0,2,,1,2,11,,,,0,06/15/2016,06/15/2016,99,9,0,0,8,2,8,,,0,,,8,1,2,605,,,1,,,2,1,0.11,,,,,,,,,,,,,,,,,,,,,,,,,,,,,,0,0,1,1,1,1,1,1,1,0,0,0,0,0,0,0,0,0,0,0,0,0,0,1,1,0,0,0,0,1,0,0,0,0,0,,0,0,0,0,0,1,1,1,0,0,0,0,0,0,0,1,,,,,,21-25,16-25,City street,U,Thursday,Unknown,PV,Not Fatal,1,0,0,0,City Street,Municipal/City Police,Tukwila Police Department,0,0,0,1,0,thc,19,carboxy-thc,888,,0,0,0,,,,,,,,,,,98,98,98,0,,,,,20,7,,,,,,,,1,0,,,,,,
2021,297,EB43891,3,06/25/2021,16:06,25,6,,53,Pierce,0,1,,1,1,2,1,0,2,2,,,,1,0,0,22.5,3,0,2,3,2,1,3,0,0,3,3,SR-161,156TH ST,-122.2933139,47.11468611,0,2,98,53,3,45,6,0,0,1,5,12,1,1,6,1,5,1,1,53,0,12,24,2011,0,,12,,,,,,1,1,32,1,0,,0,0,3,0,11,0,,,,,0,0,0,3,1,0,,,,96,,,,,,98,,,,,,98103,53,68,176,6,1,0,0,0,0,,0,,,,,,0,,,20,0,0,0,8,9,8,,,0,,,8,8,8,95,,,96,,,8,95,995,,,,,,,,,,,,,,,,,,,,,,,,,,,,,,0,0,0,1,0,0,0,0,0,0,0,0,1,0,0,0,0,0,0,0,0,0,0,0,0,0,0,0,1,1,0,0,0,0,0,,0,0,0,0,0,0,0,0,0,0,0,0,0,0,0,0,,,,,,31-35,26-35,State route,U,Friday,Belt Used,PV,Not Fatal,1,0,0,0,State Route,State Patrol,Washington State Patrol,0,1,0,0,0,,,,,,0,0,0,,,,,,,,,,,98,98,98,0,,,,,20,,,,,,,,,1,0,,,,,,
2021,511,EB98166,24,11/25/2021,17:47,25,11,,31,Jefferson,0,10,,2,2,2,1,0,1,1,,,,42,0,0,10.4,1,0,1,6,1,2,4,0,0,0,0,CR-OAK BAY RD,,-122.7178944,47.91429444,0,1,1,13,2,45,4,0,0,1,5,42,3,1,2,1,14,1,1,53,0,18,19,2012,0,,63,42,42,,,,1,1,37,1,7,,4,7,3,0,11,0,11/25/2021,18:22,53060564,60564,0,0,3,3,1,0,,,,92,,,,,,98,,,,,,98103,53,69,170,6,1,0,0,0,0,,0,,,,,,0,,,8,0,0,0,0,9,8,,,0,,,8,8,8,95,,,96,,,8,95,995,,,,,,,,,,,,,,,,,,,,,,,,,,,,,,0,0,1,0,0,0,0,0,0,0,0,0,0,0,0,0,1,0,0,0,0,0,0,0,0,0,0,0,0,1,0,0,0,0,0,,1,0,0,0,0,0,0,0,1,0,0,0,0,0,0,0,,,,,,36-40,36-45,County road,R,Thursday,Belt Used,PV,White,0,1,0,0,County Road,County Sheriff,Jefferson County Sheriff's Office,1,0,1,0,0,,,,,,0,0,0,,,,,,,,,,,98,98,98,1,,,,,20,,,,,,,,,1,0,,,OAK BAY RD,10.37,NULL,
2020,373,3876377,263,09/11/2020,2:56,11,9,,33,King,1960,1,,3,1,2,2,0,4,2,2:58,3:17,3:26,12,0,6,0,2,0,2,3,2,4,6,0,0,3,3,MARTIN LUTHER KING JR WAY S,S HOLLY ST,-122.2839556,47.54247778,0,1,69,17,2,35,14,0,0,1,2,12,1,1,3,3,1,2,5,53,0,35,401,1993,0,,12,,,,,,1,1,18,1,0,,1,0,99,7,11,5,,,,,0,0,0,0,1,8,23,39,91,96,,,,,,9,,,,,,98104,53,,999,0,0,0,0,0,0,,1,2,,,,,0,,,1,0,0,0,8,3,8,,,0,,,1,8,2,401,417,,1,1,,2,1,0,,,,,,,,,,,,,,,,,,,,,,,,,,,,,,0,0,0,1,0,0,1,1,0,0,0,0,0,1,0,0,0,0,0,0,0,1,1,0,1,0,0,0,0,1,0,0,0,0,0,,0,0,0,0,0,0,1,1,0,0,0,1,0,0,1,0,,,,,,18-20,16-25,City street,U,Friday,Unknown,PV,Not Fatal,1,0,0,0,City Street,Municipal/City Police,Seattle Police Department,0,0,0,1,0,,,,,,0,0,0,,,,,,,,,,,0,0,0,0,,,,,20,7,,,,,,,,1,0,,,,,,
2017,341,E707000,7,08/30/2017,18:02,30,8,0,33,King,0,1,0,1,1,1,1,0,3,2,,,,12,0,6,1.1,1,0,1,3,2,1,3,0,0,0,0,SR-900,,-122.26755,47.494775,0,2,98,60,4,55,4,0,0,1,2,12,1,2,4,1,1,1,1,53,0,22,18,2003,0,0,12,,,,,,1,1,22,1,0,0,1,0,3,0,11,4,,,,,0,0,0,3,1,0,0,0,0,0,,,,,,0,,,,,,98104,53,72,160,6,1,0,2,1,1,1,0,,,,,,0,05/15/2015,09/15/2016,8,0,0,0,8,9,8,,,0,0,0,8,0,0,0,0,0,0,0,0,0,0,996,,,,,,,,,,,,,,,,,,,,,,,,,,,,,,0,0,0,0,0,0,1,1,0,0,0,0,0,0,0,0,0,0,0,0,0,0,0,1,1,0,0,0,0,1,0,0,0,0,0,,0,0,0,0,0,0,0,0,0,0,0,0,0,0,0,0,,,,,,21-25,16-25,State route,U,Wednesday,Belt Used,PV,Not Fatal,0,0,0,0,State Route,State Patrol,Washington State Patrol Headquarter,0,1,0,0,0,,,,,,,,,,,,,,,,,,,,,,,,,,,,,,,,,,,,,,,,,,,
2018,245,E820785,4,07/15/2018,17:30,15,7,0,19,Ferry,0,1,0,1,1,2,1,0,2,2,,,,12,0,2,316.6,1,0,1,4,1,1,3,0,0,0,0,SR-20,,-118.5144583,48.59887778,0,2,51,62,4,50,21,0,0,1,7,12,3,2,2,1,14,1,3,53,0,12,462,2015,0,0,12,,,,,,1,1,31,1,0,0,1,0,3,0,11,4,,,,,0,0,0,3,1,0,0,0,0,96,,,,,,0,,,,,,98104,53,66,200,6,1,0,0,0,0,,0,,,,,,0,,,8,0,0,0,8,9,8,,,0,0,0,8,0,8,95,,,96,,,8,95,995,,,,,,,,,,,,,,,,,,,,,,,,,,,,,,0,0,0,0,0,0,1,1,0,0,0,0,0,0,0,0,0,0,0,0,0,0,0,0,0,0,0,0,1,1,0,0,0,0,0,,0,0,0,0,0,0,0,0,0,0,0,0,0,0,0,0,,,,,,31-35,26-35,State route,R,Sunday,Belt Used,PV,Not Fatal,0,1,1,0,State Route,State Patrol,Washington State Patrol Headquarter,0,1,0,0,0,,,,,,0,0,0,,,,,,,,,,,,,,,,,,,,,,,,,,,,,,,,,,,