year,case,par,repjur,crash_dt,crash_tm,accday,accmon,holiday,county,co_char,city,weather,weather2,lightcond,surfcond,surftype,numfatal,nmforms,pforms,vforms,not_tm,arr_tm,hosp_tm,fhevent,hitrun,manncol,milepnt,reljunc,reljuncinter,intersectiontype,funcsystem,landuse,ownership,route,schlbus,spejur,contdev,devfunc,trafid1,trafid2,x,y,wk_zone,vnumber,crashtype,criticalevent,criticaleventcat,spdlim,body,trailer,emerg,hazcargo,leave,mhevent,roadalgn,roadprof,traflane,trafflow,vehmanvr,numoccs,regowner,regstate,spuse,make,model,modelyr,vrf1,vrf2,seqevent1,seqevent2,seqevent3,seqevent4,seqevent5,seqevent6,pnumber,ptype,age,sex,hispanic,race,injury,diedscene,restraint,restraintmisuse,seatpos,takehosp,death_dt,death_tm,cert,cernum_wa,commlic,licendor,licrestrict,liccomp,drivpres,drf1,drf2,drf3,drf4,distract1,distract2,distract3,distract4,distract5,distract6,dricond1,dricond2,dricond3,dricond4,dricond5,dricond6,dzip,licstate,drhgt_in,weight,noncdl,noncdltype,prevdwi,prevoth,prevacc,prevspd,prevsus,driviol1,driviol2,driviol3,driviol4,driviol5,driviol6,spdrel,first_dt,last_dt,airbag,ejection,ejectpath,extricat,injurwrk,methalc,methdrug,nmlocat,strikveh,prf1,prf2,prf3,druginv,alcinvol,drugsts,drugres1,drugres2,drugres3,drugtst1,drugtst2,drugtst3,alcsts,alctst,alcres,nmact1,nmact2,nmact3,nmact4,nmact5,nmact6,nmprior1,nmprior2,nmprior3,nmprior4,nmprior5,nmprior6,nmcond1,nmcond2,nmcond3,nmcond4,nmcond5,nmcond6,nmsafe_helmet,nmsafe_pads,nmsafe_oth,nmprev_ref,nmprev_lgt,nmprev_oth,crashlocation,nmcrashtype,crosswalk,schoolzone,sidewalk,train_inv,wildlife_inv,rotr_fars,intersect_fars,dd_inv,aid_inv,dpd_inv,id_inv,mj_inv,impnm_inv,ainm_inv,dpnm_inv,speed_inv,unlic_inv,unendmc_inv,drowsy_inv,drdist_inv,nmdist_inv,fty_inv,unrestfat_inv,dr1617_inv,dr1820_inv,dr1620_inv,dr2125_inv,dr1625_inv,dr65_inv,dr70_inv,dr75_inv,mc_inv,pv_inv,ht_inv,ped_inv,bike_inv,unrest_fat,mc_fat,unhelmet_mc,pv_fat,ht_fat,ped_fat,bike_fat,dr_alc7,dr_alc8,dr_drug,dr_imp,dr_dist,dr_spd,dr_fty,dr_unlic,dr_alc7only,dr_alc8only,dr_drugonly,dr_drink,nm_imp,nm_alc7,nm_alc8,nm_drug,nm_dist,agegrp1,agegrp2,roadclass,urbrur,dayweek,restuse,vehtype,race_me,intersect,lanedep,oppdir,wrongway,rep_typ,investag,repag_long,rotr,st_rd,cty_rd,city_rd,oth_rd,drug_thc,thc_res,drug_cthc,cthc_res,drug_cann,prevpersemin,prevperse,prevsusoth,drugtst4,drugtst5,drugtst6,drugtst7,drugtst8,drugres4,drugres5,drugres6,drugres7,drugres8,adspresent,adsengaged,adslevel,race1,race2,race3,race4,race5,helmet,helmetmisuse,nmdistract1,nmdistract2,nmdistract3,nmdistract4,nmdistract5,nmdistract6,lab,isedtcase,crf1,crf2,crf3,CoRoadName,CoMP,IntCoRoadName,IntCoMP
2019,125,E916263,39,05/02/2019,1:47,2,5,,61,Snohomish,0,10,0,2,1,2,1,0,1,1,,,,24,0,0,1,1,0,1,7,2,2,4,0,0,0,0,CR-ENGEBRETSEN RD,,-122.0032,48.10025556,0,1,7,6,1,35,80,0,0,1,7,24,2,1,2,1,14,1,5,53,0,37,705,2015,0,0,68,64,24,,,,1,1,54,1,7,,4,7,20,7,11,0,05/02/2019,1:47,53034312,34312,0,0,0,3,1,0,0,0,0,93,,,,,,99,,,,,,98104,53,72,190,6,1,0,1,1,1,,0,,,,,,4,10/15/2018,02/15/2019,20,8,0,0,0,9,8,,,0,0,0,8,9,2,996,401,417,1,1,1,2,1,0,,,,,,,,,,,,,,,,,,,,,,,,,,,,,,0,0,0,0,0,0,1,1,0,0,0,0,1,0,0,0,1,0,0,0,0,0,0,0,0,0,0,0,1,0,0,0,0,0,1,0,0,0,0,0,0,0,1,1,1,1,0,0,0,0,1,0,,,,,,51-55,46-55,County road,U,Thursday,,MC,White,0,1,0,0,County Road,County Sheriff,Snohomish County Sheriff's Office,1,0,1,0,0,,,,,,0,0,3,,,,,,,,,,,0,0,0,1,,,,,5,0,,,,,,,,,,,,,,,
2020,170,EA39131,2,06/04/2020,2:02,4,6,,61,Snohomish,0,1,,2,1,2,1,1,1,1,,,,8,0,0,201.1,1,0,1,1,2,1,1,0,0,0,0,I-5,,-122.1846667,48.08123056,0,1,13,80,5,60,20,0,0,1,2,8,1,1,3,3,1,1,2,53,0,20,441,1995,0,,8,,,,,,1,1,48,1,0,,0,0,3,0,11,0,,,,,0,0,0,2,1,0,,,,96,,,,,,0,,,,,,98104,53,70,290,1,1,0,5,0,0,,0,,,,,,0,03/15/2015,11/15/2020,20,0,0,0,8,3,8,,,0,,,8,8,0,0,,,0,,,0,0,996,,,,,,,,,,,,,,,,,,,,,,,,,,,,,,0,0,0,0,0,0,0,0,0,1,1,0,0,1,0,0,0,0,0,0,0,0,0,0,0,0,0,0,0,1,0,1,0,0,0,,0,0,0,0,0,0,0,0,0,0,0,1,0,0,0,0,,,,,,46-50,46-55,Interstate,U,Thursday,Belt Used,PV,Not Fatal,0,0,0,0,State Route,State Patrol,Washington State Patrol,0,1,0,0,0,,,,,,0,0,4,,,,,,,,,,,0,0,0,0,,,,,20,7,,,,,,,,1,0,,,,,,
2021,24,EB00489,263,01/22/2021,17:38,22,1,,33,King,1960,1,,6,1,2,1,1,1,1,,,,8,0,0,0,3,0,3,3,2,1,3,0,0,0,0,SR-519,S MASSACHUSETTS ST,-122.3290639,47.58827222,0,1,13,80,5,98,20,0,0,1,5,8,8,8,3,5,1,1,1,53,0,35,443,2001,0,,8,,,,,,1,1,49,1,0,,0,0,99,7,11,0,,,,,0,0,0,3,1,0,,,,0,,,,,,98,,,,,,98104,53,70,190,6,1,0,1,0,0,,0,,,,,,0,02/15/2019,02/15/2019,20,0,0,0,8,9,8,,,0,,,8,8,8,95,,,96,,,8,95,995,,,,,,,,,,,,,,,,,,,,,,,,,,,,,,0,0,0,1,0,0,0,0,0,1,0,1,0,0,0,0,0,0,0,0,0,0,0,0,0,0,0,0,0,1,0,1,0,0,0,,0,0,0,0,0,0,0,0,0,0,0,0,0,0,0,0,,,,,,46-50,46-55,State route,U,Friday,Unknown,PV,Not Fatal,0,0,0,0,State Route,Municipal/City Police,Seattle Police Department,0,1,0,0,0,,,,,,0,0,0,,,,,,,,,,,98,98,98,0,,,,,20,,,,,,,,,1,0,,,,,,
2019,520,3805935,263,06/25/2019,20:26,25,6,,33,King,1960,1,0,1,1,2,1,0,2,2,,,,12,0,6,0,2,0,2,4,2,4,6,0,0,3,3,M L KING JR WAY S,S MCCLELLAN ST,-122.2962139,47.57833611,0,2,69,62,4,98,84,0,0,1,7,12,1,1,2,1,1,1,1,53,0,37,702,1981,0,0,12,,,,,,1,1,36,1,7,,4,0,20,7,11,8,06/27/2019,21:17,1.96053E+11,29232,0,0,3,3,1,0,0,0,0,0,,,,,,99,,,,,,98105,53,70,170,6,1,0,0,0,0,,0,,,,,,0,,,20,8,0,0,0,9,8,,,0,0,0,8,9,2,1,,,1,,,2,1,0,,,,,,,,,,,,,,,,,,,,,,,,,,,,,,0,0,0,1,1,0,0,0,0,0,0,0,0,0,0,0,0,0,0,0,0,0,0,0,0,0,0,0,1,1,0,0,0,0,1,0,0,0,0,0,0,0,0,0,0,0,0,0,0,0,0,0,,,,,,36-40,36-45,City street,U,Tuesday,,OTHMC,White,1,0,0,0,City Street,Municipal/City Police,Seattle Police Department,0,0,0,1,0,,,,,,0,0,0,,,,,,,,,,,0,0,0,1,,,,,19,0,,,,,,,,,,,,,,,
2021,208,3857337,263,06/06/2021,22:39,6,6,,33,King,1960,2,,3,2,2,1,1,2,2,,,,8,0,0,0,3,0,2,3,2,4,6,0,0,3,3,MARTIN LUTHER KING JR WAY S,S Edmunds St,-122.2918694,47.55867778,0,2,13,80,5,25,5,0,0,1,5,8,1,1,2,3,1,1,2,53,0,49,46,2015,0,,8,,,,,,1,1,49,2,0,,0,0,3,0,11,0,,,,,0,0,0,3,1,0,,,,96,,,,,,98,,,,,,98105,53,62,155,6,1,0,0,0,0,,0,,,,,,0,05/15/2019,05/15/2019,20,0,0,0,8,9,8,,,0,,,8,8,8,95,,,96,,,8,95,995,,,,,,,,,,,,,,,,,,,,,,,,,,,,,,0,0,0,1,0,0,0,0,0,1,0,1,0,0,0,0,1,0,0,0,0,0,0,0,0,0,0,0,0,1,0,1,0,0,0,,0,0,0,0,0,0,0,0,0,0,0,0,0,0,0,0,,,,,,46-50,46-55,City street,U,Sunday,Belt Used,PV,Not Fatal,1,0,0,0,City Street,Municipal/City Police,Seattle Police Department,0,0,0,1,0,,,,,,0,0,1,,,,,,,,,,,98,98,98,0,,,,,20,,,,,,,,,1,0,,,,,,
2017,86,E657194,2,03/18/2017,15:10,18,3,0,61,Snohomish,0,2,0,1,2,2,1,0,4,3,14:58,15:05,15:42,12,0,2,4.5,1,0,1,3,2,1,2,0,0,0,0,US-2,,-122.1144444,47.95451389,0,2,52,54,3,60,4,0,0,1,2,12,1,2,3,1,1,1,1,53,0,53,33,2003,0,0,12,12,,,,,1,1,31,1,0,0,3,0,3,0,11,3,,,,,0,0,0,3,1,0,0,0,0,0,,,,,,0,,,,,,98105,53,70,200,6,1,0,1,0,0,0,0,,,,,,0,03/15/2016,03/15/2016,1,0,0,0,8,9,8,,,0,0,0,8,0,0,0,0,0,0,0,0,0,0,996,,,,,,,,,,,,,,,,,,,,,,,,,,,,,,0,0,0,0,0,0,0,0,0,0,0,0,0,0,0,0,1,0,0,0,0,0,0,0,0,1,1,1,0,1,0,0,0,0,0,,0,0,0,0,0,0,0,0,0,0,0,0,0,0,0,0,,,,,,31-35,26-35,US highway,U,Saturday,Belt Used,PV,Not Fatal,0,0,0,1,State Route,State Patrol,Washington State Patrol Headquarter,0,1,0,0,0,,,,,,,,,,,,,,,,,,,,,,,,,,,,,,,,,,,,,,,,,,,
2017,110,E663323,3,04/14/2017,20:45,14,4,0,53,Pierce,0,2,0,2,2,2,1,1,1,1,20:45,21:02,22:03,8,0,0,31.4,1,0,1,4,2,1,3,0,0,0,0,SR-507,,-122.5546028,46.93726944,0,1,13,80,5,35,14,0,0,1,5,8,1,1,4,1,1,1,1,53,0,35,401,1995,0,0,8,,,,,,1,1,63,2,0,0,0,0,3,0,11,0,,,,,0,0,3,3,1,23,0,0,0,96,,,,,,0,,,,,,98105,53,65,270,6,1,0,2,1,0,0,97,,,,,,0,08/15/2014,11/15/2016,20,0,0,0,8,9,8,,,0,0,0,8,0,0,0,0,0,0,0,0,0,0,996,,,,,,,,,,,,,,,,,,,,,,,,,,,,,,0,0,0,0,0,0,0,0,0,1,0,1,0,0,0,0,0,0,0,0,0,0,0,0,0,0,0,0,0,1,0,1,0,0,0,,0,0,0,0,0,0,0,0,0,0,0,0,0,0,0,0,,,,,,61-65,56-65,State route,U,Friday,Belt Used,PV,Not Fatal,0,0,0,0,State Route,State Patrol,Washington State Patrol Headquarter,0,1,0,0,0,,,,,,,,,,,,,,,,,,,,,,,,,,,,,,,,,,,,,,,,,,,
2017,380,E716406,1,09/20/2017,21:26,20,9,0,77,Yakima,0,1,0,2,1,2,1,0,1,1,,,,24,0,0,87.9,1,0,1,5,1,1,3,0,0,0,0,SR-410,,-121.0657111,46.94341944,0,1,2,9,1,55,29,0,0,1,2,1,3,2,2,1,14,1,2,53,0,12,461,2017,0,0,63,24,69,68,64,39,1,1,58,2,7,1,4,7,99,0,11,0,09/20/2017,21:26,53041202,41202,0,0,0,3,1,0,0,0,0,96,,,,,,9,,,,,,98105,53,66,125,6,1,0,0,0,1,1,0,,,,,,0,09/15/2016,10/15/2016,20,0,0,0,0,1,8,,,0,0,0,8,1,2,605,0,0,1,0,0,2,1,0.16,,,,,,,,,,,,,,,,,,,,,,,,,,,,,,0,0,0,0,1,1,1,1,1,0,0,0,0,0,0,0,0,0,0,0,0,0,0,0,0,0,0,0,0,1,0,0,0,0,0,,1,0,0,0,0,1,1,1,0,0,0,0,0,0,0,1,,,,,,56-60,56-65,State route,R,Wednesday,Unknown,PV,White,0,1,0,0,State Route,State Patrol,Washington State Patrol Headquarter,1,1,0,0,0,thc,888,carboxy-thc,888,,,,,,,,,,,,,,,,,,,,,,,,,,,,,,,,,,,,,,,
2018,213,E815227,7,07/04/2018,20:06,4,7,5,33,King,1960,10,0,1,1,1,1,0,1,1,,,,25,0,0,0.4,5,1,1,1,2,1,1,0,0,0,0,I-5 RAMP 005Q116177,,-122.3134389,47.54968333,0,1,1,13,2,98,80,0,0,1,7,25,3,2,2,6,14,1,1,53,0,71,706,2005,0,0,63,25,,,,,1,1,46,1,7,1,4,7,5,0,11,0,07/04/2018,20:06,1.96053E+11,30026,0,0,3,3,1,0,0,0,0,96,,,,,,99,,,,,,98105,53,74,175,6,1,0,0,0,1,,0,,,,,,4,02/15/2017,06/15/2017,20,8,0,0,0,9,8,,,0,0,0,8,9,2,1,,,1,,,2,1,0,,,,,,,,,,,,,,,,,,,,,,,,,,,,,,0,0,1,0,0,0,0,0,0,0,0,0,1,0,0,0,0,0,0,0,0,0,0,0,0,0,0,0,1,0,0,0,0,0,1,0,0,0,0,0,0,0,0,0,0,1,0,0,0,0,0,0,,,,,,46-50,46-55,Interstate,U,Wednesday,,MC,White,0,1,0,0,State Route,State Patrol,Washington State Patrol,1,1,0,0,0,,,,,,0,0,1,,,,,,,,,,,,,,,,,,,,,,,,,,,,,,,,,,,
2018,242,E817299,7,07/11/2018,18:54,11,7,0,33,King,0,1,0,1,1,2,2,0,4,4,,,,12,0,2,28.6,2,0,3,3,2,1,3,0,0,0,0,SR-104,1ST AVE,-122.3299806,47.77763889,0,4,98,62,4,40,67,0,0,1,5,12,1,1,5,1,1,1,2,53,0,12,880,2009,0,0,12,,,,,,1,1,52,1,0,0,0,0,3,0,11,0,,,,,0,0,0,3,1,0,0,0,0,96,,,,,,0,,,,,,98105,53,72,200,6,1,0,0,0,1,,0,,,,,,0,09/15/2017,09/15/2017,20,0,0,0,8,9,8,,,0,0,0,8,0,2,605,695,,1,1,,2,1,0,,,,,,,,,,,,,,,,,,,,,,,,,,,,,,0,0,0,1,1,0,1,1,1,0,0,0,1,0,1,0,0,0,0,0,0,0,0,0,0,0,0,0,1,1,1,0,0,0,0,,0,0,0,0,0,0,1,1,0,0,0,0,0,0,1,0,,,,,,51-55,46-55,State route,U,Wednesday,Belt Used,MHTRUCK,Not Fatal,1,0,0,0,State Route,State Patrol,Washington State Patrol,0,1,0,0,0,thc,3.3,carboxy-thc,19,,0,0,0,,,,,,,,,,,,,,,,,,,,,,,,,,,,,,,,,,,
2019,455,E997925,7,12/14/2019,18:40,14,12,,33,King,0,8,0,2,10,2,1,0,5,2,,,,12,0,6,59.2,1,0,1,3,1,1,2,0,0,0,0,US-2,,-121.1462167,47.71316667,0,1,66,6,1,50,5,0,0,1,2,12,1,2,3,1,1,2,1,53,0,29,5,2014,0,0,68,12,,,,,1,1,21,1,6,,4,0,99,7,11,8,12/17/2019,13:19,1.96053E+11,56914,0,0,0,3,1,28,87,0,0,96,,,,,,0,,,,,,98105,53,74,190,6,1,0,1,1,3,,0,,,,,,4,05/15/2015,09/15/2019,8,0,0,0,0,9,8,,,0,0,0,8,0,2,348,,,1,,,2,1,0,,,,,,,,,,,,,,,,,,,,,,,,,,,,,,0,0,0,0,0,0,1,1,0,0,0,0,1,0,0,0,0,0,0,0,0,0,0,1,1,0,0,0,0,1,0,0,0,0,0,,1,0,0,0,0,0,1,1,0,1,0,0,0,0,1,0,,,,,,21-25,16-25,US highway,R,Saturday,Unknown,PV,Hispanic,0,1,1,0,State Route,State Patrol,Washington State Patrol,0,1,0,0,0,,,,,,0,0,0,,,,,,,,,,,98,98,98,1,,,,,20,7,,,,,,,,,,,,,,,
2021,263,EB53645,25,07/31/2021,21:22,31,7,,33,King,0,1,,5,0,0,1,0,3,2,,,,12,0,1,4,8,0,1,4,1,2,4,0,0,0,0,CR-VASHON HWY SW,,-122.4790639,47.38528889,0,2,25,53,3,0,20,0,0,1,5,12,0,0,0,0,10,2,2,53,0,30,441,1989,0,,12,,,,,,1,1,40,2,0,,0,0,3,0,11,0,,,,,0,0,3,3,1,0,,,,96,,,,,,98,,,,,,98105,53,63,140,6,1,0,0,0,0,,0,,,,,,0,,,20,0,0,0,8,3,2,,,0,,,8,8,0,0,,,0,,,0,0,996,,,,,,,,,,,,,,,,,,,,,,,,,,,,,,0,0,0,0,1,0,1,1,1,0,0,0,1,0,1,0,0,0,0,0,0,1,1,0,1,0,0,0,1,1,0,0,0,0,0,,0,0,0,0,0,0,0,0,0,0,0,0,0,0,0,0,,,,,,36-40,36-45,County road,R,Saturday,Belt Used,PV,Not Fatal,0,0,0,0,County Road,County Sheriff,King County Police,0,0,1,0,0,,,,,,0,0,0,,,,,,,,,,,0,0,0,0,,,,,20,,,,,,,,,1,0,,,VASHON HWY SW,4.015,NULL,
2018,361,3751710,263,09/30/2018,5:26,30,9,0,33,King,1960,1,0,3,1,2,1,0,2,4,,,,12,0,6,30.5,2,0,2,3,2,1,3,0,0,3,3,SR-99,WINORE AVE N,-122.3446,47.68274167,0,1,69,17,2,30,4,0,0,1,2,12,1,2,2,2,1,1,1,53,0,59,32,1996,0,0,12,,,,,,1,1,29,1,0,0,1,0,99,0,11,5,,,,,0,0,0,0,1,39,0,0,0,96,,,,,,9,,,,,,98106,53,69,205,0,0,0,1,0,0,,97,,,,,,3,11/15/2014,11/15/2014,99,0,0,0,8,9,8,,,0,0,0,8,1,2,695,605,,1,1,,2,1,0.032,,,,,,,,,,,,,,,,,,,,,,,,,,,,,,0,0,0,1,1,1,1,1,1,0,0,0,1,1,0,0,0,0,0,0,0,0,0,0,0,0,0,0,0,1,0,0,0,0,0,,0,0,0,0,1,0,1,1,0,1,0,1,0,0,0,1,,,,,,26-30,26-35,State route,U,Sunday,Unknown,PV,Not Fatal,1,0,0,0,State Route,Municipal/City Police,Seattle Police Department,0,1,0,0,0,thc,3.6,carboxy-thc,17,,0,0,0,,,,,,,,,,,,,,,,,,,,,,,,,,,,,,,,,,,
2018,361,3751710,263,09/30/2018,5:26,30,9,0,33,King,1960,1,0,3,1,2,1,0,2,4,,,,12,0,6,30.5,2,0,2,3,2,1,3,0,0,3,3,SR-99,WINORE AVE N,-122.3446,47.68274167,0,2,68,54,3,30,4,0,0,1,2,12,1,2,2,2,11,1,1,53,0,55,33,2013,0,0,12,14,14,,,,1,1,46,1,7,1,4,7,99,0,11,0,09/30/2018,5:26,1.96053E+11,42893,0,0,0,3,1,0,0,0,0,96,,,,,,0,,,,,,98106,53,77,220,6,1,0,0,0,0,,0,,,,,,0,,,8,0,0,0,0,9,8,,,0,0,0,8,9,2,1,,,1,,,2,1,0.23,,,,,,,,,,,,,,,,,,,,,,,,,,,,,,0,0,0,1,1,1,1,1,1,0,0,0,1,1,0,0,0,0,0,0,0,0,0,0,0,0,0,0,0,1,0,0,0,0,0,,1,0,0,0,0,1,0,1,0,0,0,0,0,1,0,1,,,,,,46-50,46-55,State route,U,Sunday,Unknown,PV,White,1,0,0,0,State Route,Municipal/City Police,Seattle Police Department,0,1,0,0,0,,,,,,0,0,0,,,,,,,,,,,,,,,,,,,,,,,,,,,,,,,,,,,
2017,300,3764489,263,08/04/2017,5:28,4,8,0,33,King,1960,1,0,4,1,1,1,0,2,2,,,,12,0,7,0,1,0,1,3,2,4,6,0,0,0,0,1ST AVE S,S FIDALGO ST,-122.3341694,47.55038889,0,1,46,11,2,35,4,0,0,1,2,12,1,1,5,1,15,1,1,53,0,37,32,1985,0,0,12,,,,,,1,1,29,1,0,0,0,0,99,0,11,0,,,,,0,0,0,0,1,38,0,0,0,96,,,,,,0,,,,,,98106,53,72,310,0,0,0,0,0,0,0,97,,,,,,0,,,20,0,0,0,8,9,2,,,0,0,0,0,0,0,0,0,0,0,0,0,0,0,996,,,,,,,,,,,,,,,,,,,,,,,,,,,,,,0,0,0,0,0,0,1,1,0,0,0,0,0,1,0,0,0,0,1,0,0,0,0,0,0,0,0,0,1,1,0,0,0,0,0,,0,0,0,0,0,0,0,0,0,0,1,1,0,0,0,0,,,,,,26-30,26-35,City street,U,Friday,Unknown,PV,Not Fatal,0,0,0,0,City Street,Municipal/City Police,Seattle Police Department,0,0,0,1,0,,,,,,,,,,,,,,,,,,,,,,,,,,,,,,,,,,,,,,,,,,,
2017,397,E718526,127,09/27/2017,23:47,27,9,0,33,King,735,1,0,3,1,2,1,0,1,3,,,,38,0,0,0,1,0,1,4,2,4,6,0,0,0,0,SW 320TH ST,,-122.3725028,47.31513611,0,1,1,13,2,35,34,0,0,1,2,1,3,2,2,1,14,1,1,53,0,20,481,2007,0,0,63,38,42,1,14,14,1,1,66,1,7,1,4,7,20,0,11,0,09/27/2017,23:59,73553042999,42999,0,0,0,3,1,0,0,0,0,96,,,,,,99,,,,,,98106,53,70,200,6,1,0,0,1,0,1,0,,,,,,3,09/15/2013,11/15/2016,20,1,9,0,0,9,8,,,0,0,0,8,9,2,605,996,0,1,1,0,2,1,0.22,,,,,,,,,,,,,,,,,,,,,,,,,,,,,,0,0,1,0,1,1,1,1,1,0,0,0,1,0,0,0,0,0,0,0,0,0,0,0,0,1,0,0,0,1,0,0,0,1,0,,0,0,0,0,0,1,1,1,0,1,0,0,0,0,0,1,,,,,,66-70,66-75,City street,U,Wednesday,Not Used,PV,White,0,1,0,0,City Street,Municipal/City Police,Federal Way Dept of Public Safety,1,0,0,1,0,thc,21,carboxy-thc,32,,,,,,,,,,,,,,,,,,,,,,,,,,,,,,,,,,,,,,,
2018,183,E809540,25,06/13/2018,5:34,13,6,0,33,King,0,2,0,1,2,2,2,0,2,1,,,,42,0,0,7.1,1,0,1,4,2,2,4,0,0,0,0,CR-E VALLEY HWY S,,-122.2299083,47.36083611,0,1,7,6,1,40,2,0,0,1,7,42,1,1,4,1,1,2,1,53,0,34,36,2007,0,0,68,64,42,2,,,1,1,28,1,7,1,4,7,3,0,11,0,06/13/2018,5:34,10053027271,27271,0,0,0,2,1,0,0,0,0,96,,,,,,99,,,,,,98106,53,72,163,1,1,0,3,1,1,,0,,,,,,3,07/15/2013,04/15/2018,99,0,0,0,0,9,8,,,0,0,0,8,9,2,401,402,407,1,1,1,2,1,0.17,,,,,,,,,,,,,,,,,,,,,,,,,,,,,,0,0,0,0,1,1,1,1,0,0,0,0,1,1,0,0,0,0,0,0,0,0,0,0,0,0,0,0,0,1,0,0,0,0,0,,1,0,0,0,0,1,1,1,0,1,0,1,0,0,0,1,,,,,,26-30,26-35,County road,U,Wednesday,Belt Used,PV,White,0,1,0,0,County Road,County Sheriff,King County Police,1,0,1,0,0,,,,,,0,0,2,1,1,,,,417,996,,,,,,,,,,,,,,,,,,,,,,,,,,,,
2018,207,E813614,2,06/11/2018,22:02,11,6,0,61,Snohomish,0,1,0,2,1,2,2,0,12,4,,,,12,0,2,7.1,1,0,1,3,2,1,2,0,0,0,0,US-2,,-122.0701389,47.93648611,0,1,50,54,3,98,34,0,0,1,7,12,3,1,2,1,6,1,2,15,0,35,472,2003,0,0,68,12,60,54,12,,1,1,27,1,1,7,4,7,3,0,11,0,06/11/2018,22:02,2.03053E+11,26478,0,0,0,2,1,33,0,0,0,96,,,,,,9,,,,,,98106,53,66,130,1,1,0,1,0,0,,0,,,,,,0,03/15/2018,05/15/2018,1,0,0,0,0,1,1,,,0,0,0,1,1,2,605,695,,1,1,,2,1,0.19,,,,,,,,,,,,,,,,,,,,,,,,,,,,,,0,0,0,0,1,1,1,1,1,0,0,0,0,1,0,0,0,0,0,0,0,0,0,1,1,0,0,0,0,1,0,0,0,0,0,,1,0,0,0,0,1,1,1,0,0,0,1,0,0,0,1,,,,,,26-30,26-35,US highway,U,Monday,Belt Used,PV,Hispanic,0,1,1,0,State Route,State Patrol,Washington State Patrol,0,1,0,0,0,thc,9.2,carboxy-thc,47,,0,1,0,,,,,,,,,,,,,,,,,,,,,,,,,,,,,,,,,,,
2020,47,EA16786,160,02/19/2020,6:57,19,2,,33,King,1030,1,,4,4,2,1,0,2,2,6:58,7:10,,12,0,6,0,1,0,1,3,2,4,6,0,0,0,0,ORILLIA RD S,,-122.2823194,47.41599722,0,1,66,5,1,40,4,0,0,1,2,12,3,2,2,1,14,1,1,53,0,51,47,2006,0,,68,12,,,,,1,1,74,1,7,,4,7,3,0,11,0,02/19/2020,6:57,1.96053E+11,8360,0,0,3,3,1,28,87,,,92,,,,,,98,,,,,,98106,53,71,150,6,1,0,0,0,1,,0,,,,,,0,08/15/2017,08/15/2017,2,0,0,0,0,9,8,,,0,,,8,8,2,1,,,1,,,2,1,0,,,,,,,,,,,,,,,,,,,,,,,,,,,,,,0,0,0,0,0,0,0,0,0,0,0,0,0,0,0,0,1,0,0,0,0,0,0,0,0,1,1,0,0,1,1,0,0,0,0,,1,0,0,0,0,0,0,0,1,0,0,0,0,0,0,0,,,,,,71-75,66-75,City street,U,Wednesday,Belt Used,PV,API,0,1,1,0,City Street,Municipal/City Police,Kent Police Department,0,0,0,1,0,,,,,,0,0,0,,,,,,,,,,,98,98,98,18,,,,,20,7,,,,,,,,1,0,,,,,,
2020,389,EA45352,7,07/04/2020,1:36,4,7,,33,King,1960,1,,3,1,1,1,2,1,1,1:39,1:46,2:03,8,0,0,166.3,1,0,1,1,2,1,1,0,0,0,0,I-5,,-122.3292,47.61623056,0,1,13,80,5,60,4,0,0,1,2,8,1,1,5,3,98,1,1,53,0,39,32,2013,0,,8,8,,,,,1,1,27,1,0,,0,0,3,0,11,0,,,,,0,0,0,3,1,8,39,,,96,,,,,,9,,,,,,98106,53,67,130,6,1,0,0,1,0,,97,,,,,,0,08/15/2017,08/15/2017,20,0,0,0,8,3,8,,,0,,,1,8,2,401,417,,1,1,,2,1,0,,,,,,,,,,,,,,,,,,,,,,,,,,,,,,0,0,0,0,0,0,1,1,0,1,0,1,0,0,0,0,0,0,0,0,0,0,0,0,0,0,0,0,0,1,0,1,0,0,0,,0,0,0,0,0,0,1,1,0,0,0,0,0,0,1,0,,,,,,26-30,26-35,Interstate,U,Saturday,Belt Used,PV,Not Fatal,0,0,0,0,State Route,State Patrol,Washington State Patrol,0,1,0,0,0,,,,,,0,0,0,,,,,,,,,,,98,98,98,0,,,,,20,7,,,,,,,,1,0,,,,,,
2019,100,E908443,3,03/29/2019,12:34,29,3,,53,Pierce,2230,1,0,1,1,1,1,0,2,2,,,,12,0,1,132.8,1,0,1,1,2,1,1,0,0,0,0,I-5,,-122.4521861,47.23031111,0,2,28,52,3,60,4,0,0,1,5,12,1,1,3,3,2,1,1,53,0,55,35,2008,0,0,12,,,,,,1,1,28,2,0,,0,0,3,0,11,0,,,,,0,0,0,3,1,0,0,0,0,96,,,,,,0,,,,,,98107,53,64,135,6,1,0,0,0,0,,97,,,,,,0,,,20,0,0,0,8,9,8,,,0,0,0,8,0,8,95,,,96,,,8,95,995,,,,,,,,,,,,,,,,,,,,,,,,,,,,,,0,0,0,0,0,0,0,0,0,0,0,0,1,0,0,0,0,0,0,0,0,0,0,0,0,0,0,0,1,1,0,0,0,0,0,,0,0,0,0,0,0,0,0,0,0,0,0,0,0,0,0,,,,,,26-30,26-35,Interstate,U,Friday,Belt Used,PV,Not Fatal,0,0,0,0,State Route,State Patrol,Washington State Patrol,0,1,0,0,0,,,,,,0,0,0,,,,,,,,,,,98,98,98,0,,,,,20,7,,,,,,,,,,,,,,,