year,case,par,repjur,crash_dt,crash_tm,accday,accmon,holiday,county,co_char,city,weather,weather2,lightcond,surfcond,surftype,numfatal,nmforms,pforms,vforms,not_tm,arr_tm,hosp_tm,fhevent,hitrun,manncol,milepnt,reljunc,reljuncinter,intersectiontype,funcsystem,landuse,ownership,route,schlbus,spejur,contdev,devfunc,trafid1,trafid2,x,y,wk_zone,vnumber,crashtype,criticalevent,criticaleventcat,spdlim,body,trailer,emerg,hazcargo,leave,mhevent,roadalgn,roadprof,traflane,trafflow,vehmanvr,numoccs,regowner,regstate,spuse,make,model,modelyr,vrf1,vrf2,seqevent1,seqevent2,seqevent3,seqevent4,seqevent5,seqevent6,pnumber,ptype,age,sex,hispanic,race,injury,diedscene,restraint,restraintmisuse,seatpos,takehosp,death_dt,death_tm,cert,cernum_wa,commlic,licendor,licrestrict,liccomp,drivpres,drf1,drf2,drf3,drf4,distract1,distract2,distract3,distract4,distract5,distract6,dricond1,dricond2,dricond3,dricond4,dricond5,dricond6,dzip,licstate,drhgt_in,weight,noncdl,noncdltype,prevdwi,prevoth,prevacc,prevspd,prevsus,driviol1,driviol2,driviol3,driviol4,driviol5,driviol6,spdrel,first_dt,last_dt,airbag,ejection,ejectpath,extricat,injurwrk,methalc,methdrug,nmlocat,strikveh,prf1,prf2,prf3,druginv,alcinvol,drugsts,drugres1,drugres2,drugres3,drugtst1,drugtst2,drugtst3,alcsts,alctst,alcres,nmact1,nmact2,nmact3,nmact4,nmact5,nmact6,nmprior1,nmprior2,nmprior3,nmprior4,nmprior5,nmprior6,nmcond1,nmcond2,nmcond3,nmcond4,nmcond5,nmcond6,nmsafe_helmet,nmsafe_pads,nmsafe_oth,nmprev_ref,nmprev_lgt,nmprev_oth,crashlocation,nmcrashtype,crosswalk,schoolzone,sidewalk,train_inv,wildlife_inv,rotr_fars,intersect_fars,dd_inv,aid_inv,dpd_inv,id_inv,mj_inv,impnm_inv,ainm_inv,dpnm_inv,speed_inv,unlic_inv,unendmc_inv,drowsy_inv,drdist_inv,nmdist_inv,fty_inv,unrestfat_inv,dr1617_inv,dr1820_inv,dr1620_inv,dr2125_inv,dr1625_inv,dr65_inv,dr70_inv,dr75_inv,mc_inv,pv_inv,ht_inv,ped_inv,bike_inv,unrest_fat,mc_fat,unhelmet_mc,pv_fat,ht_fat,ped_fat,bike_fat,dr_alc7,dr_alc8,dr_drug,dr_imp,dr_dist,dr_spd,dr_fty,dr_unlic,dr_alc7only,dr_alc8only,dr_drugonly,dr_drink,nm_imp,nm_alc7,nm_alc8,nm_drug,nm_dist,agegrp1,agegrp2,roadclass,urbrur,dayweek,restuse,vehtype,race_me,intersect,lanedep,oppdir,wrongway,rep_typ,investag,repag_long,rotr,st_rd,cty_rd,city_rd,oth_rd,drug_thc,thc_res,drug_cthc,cthc_res,drug_cann,prevpersemin,prevperse,prevsusoth,drugtst4,drugtst5,drugtst6,drugtst7,drugtst8,drugres4,drugres5,drugres6,drugres7,drugres8,adspresent,adsengaged,adslevel,race1,race2,race3,race4,race5,helmet,helmetmisuse,nmdistract1,nmdistract2,nmdistract3,nmdistract4,nmdistract5,nmdistract6,lab,isedtcase,crf1,crf2,crf3,CoRoadName,CoMP,IntCoRoadName,IntCoMP
2020,422,EA75227,3,10/17/2020,21:36,17,10,,33,King,1960,1,,3,1,1,1,1,2,2,,,,8,0,0,164.6,1,0,1,1,2,1,1,0,0,0,0,I-5,,-122.3205917,47.59528056,0,1,13,80,5,60,14,0,0,1,5,8,1,4,3,3,1,1,1,53,0,49,401,1997,0,,8,,,,,,1,1,37,1,0,,0,0,3,0,11,0,,,,,0,0,0,3,1,0,,,,96,,,,,,98,,,,,,98107,53,72,190,6,1,0,0,1,0,,0,,,,,,0,08/15/2016,08/15/2016,20,0,0,0,8,9,8,,,0,,,8,8,8,95,,,96,,,8,95,995,,,,,,,,,,,,,,,,,,,,,,,,,,,,,,0,0,0,0,0,0,0,0,0,1,0,1,0,0,0,0,0,0,0,0,0,0,0,0,0,0,0,0,0,1,0,1,0,0,0,,0,0,0,0,0,0,0,0,0,0,0,0,0,0,0,0,,,,,,36-40,36-45,Interstate,U,Saturday,Belt Used,PV,Not Fatal,0,0,0,0,State Route,State Patrol,Washington State Patrol,0,1,0,0,0,,,,,,0,0,0,,,,,,,,,,,0,0,0,0,,,,,20,7,,,,,,,,1,0,,,,,,
2020,447,EA82464,122,11/18/2020,10:07,18,11,,61,Snohomish,690,2,,1,2,2,1,0,4,1,10:10,10:12,10:39,20,0,0,0.1,5,0,1,1,2,1,1,0,0,0,0,I-5 RAMP,,-122.225425,47.92290556,0,1,1,51,3,60,61,0,5,1,2,20,1,2,1,6,1,4,3,53,6,12,870,2017,0,,63,20,,,,,1,1,25,1,0,,0,0,3,0,11,0,,,,,0,0,0,3,1,94,,,,12,,,,,,98,,,,,,98107,53,74,185,6,1,0,0,0,0,,97,,,,,,0,,,8,0,0,0,8,9,8,,,0,,,8,8,8,95,,,96,,,8,95,995,,,,,,,,,,,,,,,,,,,,,,,,,,,,,,0,0,1,0,0,0,0,0,0,0,0,0,0,0,0,0,1,0,0,0,0,0,0,1,1,0,0,0,0,0,1,0,0,0,0,,0,0,0,0,0,0,0,0,1,0,0,0,0,0,0,0,,,,,,21-25,16-25,Interstate,U,Wednesday,,MHTRUCK,Not Fatal,0,1,0,0,State Route,Municipal/City Police,Everett Police Department,1,1,0,0,0,,,,,,0,0,0,,,,,,,,,,,98,98,98,0,,,,,20,7,,,,,,,,1,0,,,,,,
2021,372,EB72079,184,09/26/2021,0:30,26,9,,61,Snohomish,1215,1,,3,1,2,1,1,1,1,,,,8,0,0,39.8,1,0,1,3,2,1,3,0,0,0,0,SR-99,,-122.3215028,47.81373333,0,1,13,80,5,45,20,0,0,1,2,8,1,1,7,1,1,1,1,53,0,7,442,2017,0,,8,,,,,,1,1,80,1,0,,0,0,3,0,11,0,,,,,6,0,0,3,1,0,,,,96,,,,,,98,,,,,,98107,53,72,175,6,1,0,0,0,0,,0,,,,,,0,,,20,0,0,0,8,9,8,,,0,,,8,8,8,95,,,96,,,8,95,995,,,,,,,,,,,,,,,,,,,,,,,,,,,,,,0,0,0,0,0,0,0,0,0,1,0,1,0,0,0,0,0,0,0,0,0,0,0,0,0,1,1,1,0,1,0,1,0,0,0,,0,0,0,0,0,0,0,0,0,0,0,0,0,0,0,0,,,,,,76-80,76+,State route,U,Sunday,Belt Used,PV,Not Fatal,0,0,0,0,State Route,Municipal/City Police,Lynnwood Police Department,0,1,0,0,0,,,,,,0,0,0,,,,,,,,,,,98,98,98,0,,,,,20,,,,,,,,,1,0,,,,,,
2017,117,3579208,263,04/12/2017,8:01,12,4,0,33,King,1960,2,0,1,2,1,1,1,3,1,,,,8,0,0,0,1,0,1,3,2,4,6,0,0,0,0,BOREN AVE,E SPRUCE ST,-122.319725,47.603525,0,1,13,80,5,30,20,0,0,1,2,8,1,2,4,1,1,3,2,53,0,37,441,2007,0,0,8,,,,,,1,1,43,2,0,0,0,0,3,0,11,0,,,,,0,0,0,3,1,0,0,0,0,0,,,,,,0,,,,,,98108,53,66,220,6,1,0,0,0,0,0,0,,,,,,0,,,20,0,0,0,8,9,8,,,0,0,0,8,0,0,0,0,0,0,0,0,0,0,996,,,,,,,,,,,,,,,,,,,,,,,,,,,,,,0,0,0,0,0,0,0,0,0,0,0,0,0,0,0,0,0,0,0,0,0,0,0,0,0,0,0,0,0,1,0,1,0,0,0,,0,0,0,0,0,0,0,0,0,0,0,0,0,0,0,0,,,,,,41-45,36-45,City street,U,Wednesday,Belt Used,PV,Not Fatal,0,0,0,0,City Street,Municipal/City Police,Seattle Police Department,0,0,0,1,0,,,,,,,,,,,,,,,,,,,,,,,,,,,,,,,,,,,,,,,,,,,
2017,37,3753857,263,01/13/2017,15:07,13,1,0,33,King,1960,1,0,1,1,2,1,1,1,1,,,,9,0,0,0,1,0,1,4,2,4,6,0,0,0,0,S GRAHAM ST,,-122.2861917,47.54603611,0,1,13,83,5,98,14,0,0,1,2,9,1,1,2,1,1,1,1,53,0,49,402,2012,0,0,9,,,,,,1,1,59,1,0,0,0,0,3,0,11,0,,,,,0,0,3,3,1,0,0,0,0,96,,,,,,98,,,,,,98108,53,64,130,6,1,0,0,0,0,0,0,,,,,,0,,,20,0,0,0,8,9,8,,,0,0,0,8,8,0,0,0,0,0,0,0,0,0,996,,,,,,,,,,,,,,,,,,,,,,,,,,,,,,0,0,0,0,0,0,0,0,0,1,0,1,0,0,0,0,0,0,0,0,0,0,0,0,0,0,0,0,0,1,0,0,1,0,0,,0,0,0,0,0,0,0,0,0,0,0,0,0,0,0,0,,,,,,56-60,56-65,City street,U,Friday,Belt Used,PV,Not Fatal,0,0,0,0,City Street,Municipal/City Police,Seattle Police Department,0,0,0,1,0,,,,,,,,,,,,,,,,,,,,,,,,,,,,,,,,,,,,,,,,,,,
2020,51,3847626,263,01/07/2020,15:50,7,1,,33,King,1960,2,,1,2,2,1,1,1,1,15:52,15:55,16:23,8,0,0,0,3,0,2,4,2,4,6,0,0,0,0,S HOLGATE ST,8th Ave S,-122.3235167,47.58611667,0,1,13,81,5,98,4,0,0,1,8,8,1,2,4,1,1,1,2,53,0,49,32,2015,0,,8,,,,,,1,1,41,2,0,,0,0,3,0,11,0,,,,,0,0,3,3,1,0,,,,96,,,,,,0,,,,,,98108,53,60,135,6,1,0,0,0,0,,0,,,,,,0,,,20,0,0,0,8,3,8,,,0,,,8,8,0,0,,,0,,,8,95,995,,,,,,,,,,,,,,,,,,,,,,,,,,,,,,0,0,0,1,0,0,0,0,0,1,0,1,0,0,0,0,0,0,0,0,0,0,0,0,0,0,0,0,0,1,0,1,0,0,0,,0,0,0,0,0,0,0,0,0,0,0,0,0,0,0,0,,,,,,41-45,36-45,City street,U,Tuesday,Belt Used,PV,Not Fatal,1,0,0,0,City Street,Municipal/City Police,Seattle Police Department,0,0,0,1,0,,,,,,0,0,0,,,,,,,,,,,98,98,98,0,,,,,20,7,,,,,,,,1,0,,,,,,
2020,525,3854920,263,07/12/2020,20:00,12,7,,33,King,1960,10,,5,1,1,1,1,2,2,,,,12,0,6,33.2,2,0,2,3,2,1,3,0,0,0,0,SR-99,N 128TH,-122.3449639,47.72229167,0,2,89,66,4,40,2,0,0,1,2,8,1,1,5,5,1,1,2,53,0,7,28,2019,0,,12,63,8,,,,1,1,28,2,0,,0,0,99,7,11,0,,,,,0,0,0,3,1,0,,,,96,,,,,,0,,,,,,98108,53,61,160,6,1,0,0,1,6,,0,,,,,,0,11/15/2016,11/15/2018,99,9,0,0,8,9,8,,,0,,,8,8,8,95,,,96,,,8,95,995,,,,,,,,,,,,,,,,,,,,,,,,,,,,,,0,0,0,1,0,0,1,1,0,1,0,1,0,1,0,0,0,0,0,0,0,0,0,1,1,0,0,0,0,1,0,1,0,0,0,,0,0,0,0,0,0,0,0,0,0,0,0,0,0,0,0,,,,,,26-30,26-35,State route,U,Sunday,Unknown,PV,Not Fatal,1,0,0,0,State Route,Municipal/City Police,Seattle Police Department,0,1,0,0,0,,,,,,0,0,3,,,,,,,,,,,98,98,98,0,,,,,20,7,,,,,,,,1,0,,,,,,
2020,74,3856804,263,01/18/2020,2:58,18,1,,33,King,1960,2,,3,2,1,1,0,3,2,,,,12,0,2,0,2,0,2,3,2,4,6,0,0,3,3,RAINIER AVE S,S MASSACHUSETTS ST,-122.3058306,47.58842222,0,2,51,62,4,30,4,0,0,1,2,12,1,1,4,1,1,1,1,53,0,49,40,1998,0,,12,,,,,,1,1,47,1,0,,1,0,3,0,11,5,,,,,0,0,0,3,1,0,,,,96,,,,,,0,,,,,,98108,53,68,170,6,1,0,1,2,0,,0,,,,,,0,11/15/2016,07/15/2016,8,0,0,0,8,9,8,,,0,,,8,8,8,95,,,96,,,8,95,995,,,,,,,,,,,,,,,,,,,,,,,,,,,,,,0,0,0,1,1,1,1,1,1,0,0,0,0,0,0,0,0,0,0,0,0,0,0,1,1,0,0,0,0,1,0,0,0,0,0,,0,0,0,0,0,0,0,0,0,0,0,0,0,0,0,0,,,,,,46-50,46-55,City street,U,Saturday,Belt Used,PV,Not Fatal,0,1,1,0,City Street,Municipal/City Police,Seattle Police Department,0,0,0,1,0,,,,,,0,0,0,,,,,,,,,,,0,0,0,0,,,,,20,7,,,,,,,,1,0,,,,,,
2021,569,3876758,263,11/03/2021,22:52,3,11,,33,King,1960,2,,3,2,2,1,0,1,1,,,,30,0,0,0,1,0,1,4,2,4,6,0,0,0,0,15TH AVE S,,-122.3134222,47.58666111,0,1,1,11,2,25,14,0,0,1,2,30,3,1,2,1,14,1,1,53,0,49,498,2021,0,,63,30,69,68,64,42,1,1,54,1,7,,4,8,3,0,11,4,11/03/2021,23:30,1.96053E+11,58305,0,0,0,3,1,0,,,,96,,,,,,0,,,,,,98108,53,67,140,6,1,0,1,2,0,,0,,,,,,0,12/15/2020,08/15/2020,8,0,0,0,0,9,8,,,0,,,8,8,2,1,,,1,,,2,1,0.174,,,,,,,,,,,,,,,,,,,,,,,,,,,,,,0,0,1,0,1,1,0,1,0,0,0,0,0,0,0,0,0,0,0,0,0,0,0,0,0,0,0,0,0,1,0,0,0,0,0,,1,0,0,0,0,1,0,1,0,0,0,0,0,1,0,1,,,,,,51-55,46-55,City street,U,Wednesday,Belt Used,PV,API,0,1,0,0,City Street,Municipal/City Police,Seattle Police Department,1,0,0,1,0,,,,,,0,0,0,,,,,,,,,,,98,98,98,4,,,,,20,,,,,,,,,1,0,,,,,,
2017,19,E634659,7,01/13/2017,21:06,13,1,2,33,King,2310,1,0,3,1,1,1,0,4,2,,,,12,0,1,0.9,1,0,1,1,2,1,1,0,0,0,0,I-405,,-122.2493472,47.46273056,0,2,25,53,3,60,4,0,0,1,2,12,1,2,4,3,1,1,1,53,0,49,40,2013,0,0,12,,,,,,1,1,38,1,0,0,0,0,3,0,11,0,,,,,0,0,0,3,1,0,0,0,0,0,,,,,,0,,,,,,98108,53,74,190,6,1,0,1,1,1,2,0,,,,,,0,02/15/2012,01/15/2013,20,0,0,0,8,9,8,,,0,0,0,8,0,0,0,0,0,0,0,0,0,0,996,,,,,,,,,,,,,,,,,,,,,,,,,,,,,,0,0,0,0,1,1,0,1,0,0,0,0,1,0,0,0,0,0,0,1,0,0,0,0,0,0,0,0,0,1,0,0,0,0,0,,0,0,0,0,0,0,0,0,0,0,0,0,0,0,0,0,,,,,,36-40,36-45,Interstate,U,Friday,Belt Used,PV,Not Fatal,0,0,0,0,State Route,State Patrol,Washington State Patrol,0,1,0,0,0,,,,,,,,,,,,,,,,,,,,,,,,,,,,,,,,,,,,,,,,,,,
2017,522,E749080,262,12/14/2017,13:19,14,12,0,33,King,1958,1,0,1,1,2,1,0,3,1,,,,42,0,0,0,1,0,1,5,2,4,6,0,0,0,0,24TH AVE S,,-122.3024083,47.46890833,0,1,2,8,1,35,4,0,0,1,2,42,1,2,3,1,1,3,2,53,0,49,40,1996,0,0,63,42,38,,,,1,1,18,2,7,2,4,7,20,0,11,0,12/14/2017,13:19,1.95853E+11,55185,0,0,0,3,1,0,0,0,0,3,,,,,,99,,,,,,98108,53,65,180,6,1,0,0,0,0,0,0,,,,,,3,,,8,0,0,0,0,9,8,,,0,0,0,8,9,2,605,0,0,1,0,0,2,1,0,,,,,,,,,,,,,,,,,,,,,,,,,,,,,,0,0,0,0,0,0,1,1,1,0,0,0,1,0,0,0,1,0,0,1,0,1,1,0,1,0,0,0,0,1,0,0,0,1,0,,1,0,0,0,0,0,1,1,1,1,0,0,0,0,1,0,,,,,,18-20,16-25,City street,U,Thursday,Not Used,PV,Black,0,1,0,0,City Street,Municipal/City Police,SeaTac Police Department,1,0,0,1,0,thc,3.8,carboxy-thc,55,,,,,,,,,,,,,,,,,,,,,,,,,,,,,,,,,,,,,,,
2018,216,E816427,7,07/06/2018,22:43,6,7,0,33,King,1960,1,0,3,1,2,1,0,1,3,,,,24,0,0,19.3,1,0,1,3,2,1,3,0,0,0,0,SR-99,,-122.3252833,47.52755833,0,1,6,12,2,60,4,0,0,1,2,24,1,1,2,2,1,1,2,53,0,34,35,2008,0,0,64,24,31,14,14,2,1,1,17,1,1,98,4,7,99,0,11,0,07/06/2018,22:43,2.31053E+11,31115,0,0,3,3,1,0,0,0,0,96,,,,,,99,,,,,,98108,53,69,135,6,2,0,0,0,1,,0,,,,,,4,09/15/2017,09/15/2017,8,0,0,0,0,9,8,,,0,0,0,8,9,2,996,996,,1,1,,2,1,0,,,,,,,,,,,,,,,,,,,,,,,,,,,,,,0,0,1,0,0,0,1,1,0,0,0,0,1,0,0,0,0,0,0,0,1,0,1,0,1,0,0,0,0,1,0,0,0,0,0,,1,0,0,0,0,0,1,1,0,1,0,0,0,0,1,0,,,,,,16-17,16-25,State route,U,Friday,Unknown,PV,Hispanic,0,1,0,0,State Route,State Patrol,Washington State Patrol,1,1,0,0,0,,,,,,0,0,0,,,,,,,,,,,,,,,,,,,,,,,,,,,,,,,,,,,
2018,326,E837794,269,09/13/2018,7:04,13,9,0,33,King,2005,10,0,1,1,2,1,0,6,4,,,,12,0,2,34.6,2,0,2,3,2,1,3,0,0,3,3,SR-99,N 155TH ST,-122.3453833,47.74143333,0,1,50,10,2,40,4,0,0,1,7,12,1,1,7,1,1,1,2,53,0,14,6,1997,0,0,68,12,,,,,1,1,20,1,0,0,3,0,3,0,11,8,,,,,0,0,0,0,1,28,0,0,0,0,,,,,,2,,,,,,98108,53,74,167,0,0,0,0,0,0,,97,,,,,,0,,,8,0,0,0,8,9,8,,,0,0,0,8,0,8,95,,,96,,,8,95,995,,,,,,,,,,,,,,,,,,,,,,,,,,,,,,0,0,0,1,0,0,0,0,0,0,0,0,0,1,0,1,0,0,0,0,0,1,1,0,1,1,1,1,0,1,0,0,0,0,0,,0,0,0,0,0,0,0,0,0,0,0,1,0,0,0,0,,,,,,18-20,16-25,State route,U,Thursday,Belt Used,PV,Not Fatal,0,1,1,0,State Route,Municipal/City Police,Shoreline Police Department,0,1,0,0,0,,,,,,0,0,0,,,,,,,,,,,,,,,,,,,,,,,,,,,,,,,,,,,
2021,351,EB67261,7,09/12/2021,18:50,12,9,,33,King,2310,10,,1,1,2,1,0,2,2,,,,12,0,7,155.2,1,0,1,1,2,1,1,0,0,0,0,I-5,,-122.268775,47.47233889,0,1,47,10,2,60,34,0,0,1,2,12,3,1,5,3,15,1,2,53,0,12,471,1999,0,,12,,,,,,1,1,41,1,7,,4,7,20,7,11,0,09/12/2021,18:50,2.31053E+11,49650,0,0,0,2,1,0,,,,96,,,,,,98,,,,,,98108,53,70,160,1,1,1,0,0,1,,0,,,,,,4,05/15/2021,05/15/2021,20,0,0,0,0,9,8,,,0,,,8,8,2,695,605,,1,1,,2,1,0.223,,,,,,,,,,,,,,,,,,,,,,,,,,,,,,0,0,0,0,1,1,1,1,1,0,0,0,1,1,0,0,0,0,0,1,0,0,0,0,0,0,0,0,0,1,1,0,0,1,0,,1,0,0,0,0,1,1,1,0,1,0,1,0,0,0,1,,,,,,41-45,36-45,Interstate,U,Sunday,Not Used,PV,Black,0,0,0,0,State Route,State Patrol,Washington State Patrol,0,1,0,0,0,thc,3,carboxy-thc,11,,0,1,0,,,,,,,,,,,0,0,0,2,,,,,20,,,,,,,,nms,1,0,,,,,,
2019,489,3806728,263,09/03/2019,17:43,3,9,,33,King,1960,1,0,1,1,1,1,1,1,1,,,,9,0,0,0,2,0,2,7,2,4,6,0,0,20,3,ALASKAN WAY VIA,S SPOKANE ST,-122.3393333,47.57141389,0,1,13,83,5,20,34,0,0,1,5,9,1,1,1,4,4,1,2,53,0,20,481,2009,0,0,9,,,,,,1,1,62,1,0,,0,0,3,0,11,0,,,,,0,0,0,3,1,10,0,0,0,96,,,,,,98,,,,,,98109,53,70,180,6,1,0,0,1,2,,0,,,,,,0,12/15/2014,08/15/2015,20,0,0,0,8,9,8,,,0,0,0,8,8,8,95,,,96,,,8,95,995,,,,,,,,,,,,,,,,,,,,,,,,,,,,,,0,0,0,1,0,0,0,0,0,0,0,0,0,0,0,0,0,0,0,0,0,0,0,0,0,0,0,0,0,1,0,0,1,0,0,,0,0,0,0,0,0,0,0,0,0,0,0,0,0,0,0,,,,,,61-65,56-65,City street,U,Tuesday,Belt Used,PV,Not Fatal,1,0,0,0,City Street,Municipal/City Police,Seattle Police Department,0,0,0,1,0,,,,,,0,0,1,,,,,,,,,,,98,98,98,0,,,,,20,7,,,,,,,,,,,,,,,
2021,381,3835994,263,08/08/2021,3:07,8,8,,33,King,1960,10,,3,2,2,1,0,1,1,,,,25,0,0,26.2,5,1,1,2,2,1,3,0,0,0,0,SR-99,,-122.3456944,47.62213056,0,1,7,12,2,98,3,0,0,1,2,25,2,2,1,6,14,1,2,53,0,10,37,1997,0,,64,25,,,,,1,1,34,1,7,,4,7,99,7,11,0,08/08/2021,3:07,1.96053E+11,39056,6,0,0,3,1,0,,,,92,,,,,,98,,,,,,98109,53,70,170,6,1,0,0,1,1,,0,,,,,,0,07/15/2019,07/15/2019,1,0,0,0,0,9,8,,,0,,,8,8,0,0,,,0,,,0,0,996,,,,,,,,,,,,,,,,,,,,,,,,,,,,,,0,0,0,0,0,0,0,0,0,0,0,0,0,0,0,0,1,0,0,0,0,0,0,0,0,0,0,0,0,1,0,0,0,0,0,,1,0,0,0,0,0,0,0,1,0,0,0,0,0,0,0,,,,,,31-35,26-35,State route,U,Sunday,Unknown,PV,API,0,1,0,0,State Route,Municipal/City Police,Seattle Police Department,1,1,0,0,0,,,,,,0,0,0,,,,,,,,,,,0,0,0,7,,,,,20,,,,,,,,,1,0,,,,,,
2017,488,E734122,7,11/05/2017,3:10,5,11,0,33,King,2005,2,0,2,2,1,1,1,1,2,,,,8,0,0,176.8,1,0,1,1,2,1,1,0,0,0,0,I-5,,-122.3239806,47.76307778,0,1,13,13,2,60,14,0,0,1,2,8,1,1,5,3,1,1,1,53,0,37,403,2003,0,0,63,8,14,,,,1,1,45,1,0,0,0,0,3,0,11,0,,,,,0,0,3,3,1,0,0,0,0,93,,,,,,99,,,,,,98109,53,69,175,6,1,0,1,0,0,1,97,,,,,,0,04/15/2013,07/15/2013,1,0,0,0,8,9,8,,,0,0,0,8,9,0,0,0,0,0,0,0,0,0,996,,,,,,,,,,,,,,,,,,,,,,,,,,,,,,0,0,0,0,0,0,0,0,0,0,0,0,0,0,0,0,1,0,0,0,0,0,0,0,0,0,0,0,0,1,0,1,0,0,0,,0,0,0,0,0,0,0,0,1,0,0,0,0,0,0,0,,,,,,41-45,36-45,Interstate,U,Sunday,Belt Used,PV,Not Fatal,0,0,0,0,State Route,State Patrol,Washington State Patrol Headquarter,0,1,0,0,0,,,,,,,,,,,,,,,,,,,,,,,,,,,,,,,,,,,,,,,,,,,
2020,570,3874481,67,08/24/2020,0:38,24,8,,35,Kitsap,180,1,,2,1,2,1,0,1,1,0:42,0:50,,21,0,0,0,1,0,1,5,2,4,6,0,0,0,0,W BELFAIR VALLEY RD,,-122.7560083,47.52465556,0,1,6,12,2,98,80,0,0,1,2,21,2,1,2,1,14,1,1,53,0,73,706,2009,0,,68,64,21,,,,1,1,28,1,7,,4,7,20,7,11,0,08/24/2020,0:38,18053038974,38974,0,0,0,3,1,0,,,,96,,,,,,98,,,,,,98110,53,72,220,6,1,0,0,0,0,,0,,,,,,4,,,20,8,0,0,0,9,8,,,0,,,8,8,8,95,,,96,,,8,95,995,,,,,,,,,,,,,,,,,,,,,,,,,,,,,,0,0,1,0,0,0,0,0,0,0,0,0,1,0,0,0,0,0,0,0,0,0,0,0,0,0,0,0,1,0,0,0,0,0,1,0,0,0,0,0,0,0,0,0,0,1,0,0,0,0,0,0,,,,,,26-30,26-35,City street,U,Monday,,MC,White,0,1,0,0,City Street,Municipal/City Police,Bremerton Police Department,1,0,0,1,0,,,,,,0,0,0,,,,,,,,,,,0,0,0,1,,,,,5,0,,,,,,,,0,18,,,,,,
2018,182,E809533,56,06/17/2018,9:24,17,6,0,35,Kitsap,111,1,0,1,1,2,1,2,1,1,9:25,9:30,,8,0,0,0,1,0,1,4,2,4,6,0,0,0,0,FINCH RD NE,,-122.5370056,47.63126944,0,1,13,11,2,30,14,0,0,1,7,8,1,1,2,1,1,1,2,53,0,37,402,2006,0,0,8,8,,,,,1,1,18,1,0,0,0,0,99,0,11,0,,,,,0,0,0,3,1,0,0,0,0,0,,,,,,2,,,,,,98110,53,71,145,6,1,0,0,0,0,,97,,,,,,3,,,20,0,0,0,8,9,8,,,0,0,0,8,0,2,1,,,1,,,2,1,0,,,,,,,,,,,,,,,,,,,,,,,,,,,,,,0,0,0,0,0,0,0,0,0,0,0,0,1,0,0,1,0,0,0,0,0,1,1,0,1,0,0,0,0,1,0,1,0,0,0,,0,0,0,0,0,0,0,0,0,1,0,0,0,0,0,0,,,,,,18-20,16-25,City street,U,Sunday,Unknown,PV,Not Fatal,0,0,0,0,City Street,Municipal/City Police,Bainbridge Island Police Department,0,0,0,1,0,,,,,,0,0,0,,,,,,,,,,,,,,,,,,,,,,,,,,,,,,,,,,,
2021,112,EB25401,56,03/16/2021,20:57,16,3,,35,Kitsap,111,1,,2,1,2,3,0,3,1,,,,41,0,0,0,1,0,1,5,2,4,6,0,0,0,0,SUNRISE DR NE,,-122.5103056,47.67165556,0,1,7,6,1,30,5,0,0,1,2,42,1,2,2,1,1,3,2,53,0,42,55,2017,0,,68,64,41,42,1,,1,1,16,2,7,,4,7,3,0,11,0,03/16/2021,20:57,11153013505,13505,0,0,3,2,1,0,,,,96,,,,,,98,,,,,,98110,53,64,140,6,2,0,0,0,0,,0,,,,,,4,,,8,0,0,0,0,9,8,,,0,,,8,8,2,996,996,,1,1,,2,1,0,,,,,,,,,,,,,,,,,,,,,,,,,,,,,,0,0,0,0,0,0,1,1,0,0,0,0,1,0,0,0,0,0,0,1,1,0,1,0,1,0,0,0,0,1,0,0,0,0,0,,1,0,0,0,0,0,1,1,0,1,0,0,0,0,1,0,,,,,,16-17,16-25,City street,U,Tuesday,Belt Used,PV,White,0,1,0,0,City Street,Municipal/City Police,Bainbridge Island Police Department,1,0,0,1,0,,,,,,0,0,0,,,,,,,,,,,98,98,98,1,,,,,20,,,,,,,,,1,0,,,,,,
2021,588,3848049,263,01/01/2021,1:00,1,1,,33,King,1960,2,,3,2,2,1,1,1,1,,,,8,1,0,0.2,1,0,1,3,2,1,3,0,0,0,0,SR-513,,-122.3045722,47.64669722,0,1,13,80,5,25,14,0,0,1,2,8,1,1,4,1,1,1,2,53,0,42,405,2017,0,,8,,,,,,1,1,18,1,0,,0,0,99,7,11,0,,,,,0,0,0,3,1,0,,,,96,,,,,,9,,,,,,98112,53,75,155,6,1,0,0,0,0,,97,,,,,,0,,,99,0,0,0,8,9,8,,,0,,,8,1,2,1,,,1,,,2,1,0.16,,,,,,,,,,,,,,,,,,,,,,,,,,,,,,0,0,0,0,1,1,0,1,0,1,1,1,0,0,0,0,0,0,0,0,0,1,1,0,1,0,0,0,0,1,0,1,0,0,0,,0,0,0,0,0,1,0,1,0,0,0,0,0,1,0,1,,,,,,18-20,16-25,State route,U,Friday,Unknown,PV,Not Fatal,0,0,0,0,State Route,Municipal/City Police,Seattle Police Department,0,1,0,0,0,,,,,,0,0,0,,,,,,,,,,,98,98,98,0,,,,,20,,,,,,,,,1,0,,,,,,
2020,561,EA75144,7,10/26/2020,12:56,26,10,,33,King,1958,1,,1,1,2,1,1,1,1,13:08,13:14,,8,0,0,0,3,0,3,4,2,4,6,0,0,0,0,MILITARY RD S,S 220th St,-122.2901167,47.404925,0,1,13,12,2,35,2,0,0,1,5,8,1,2,2,1,10,1,2,53,0,7,28,2016,0,,68,64,8,42,,,1,1,32,1,0,,0,0,99,7,11,0,,,,,0,0,0,2,1,0,,,,96,,,,,,98,,,,,,98112,53,69,195,1,1,1,1,1,7,,97,,,,,,3,06/15/2017,08/15/2020,20,0,0,0,8,9,8,,,0,,,8,8,8,95,,,96,,,8,95,995,,,,,,,,,,,,,,,,,,,,,,,,,,,,,,0,0,0,1,0,0,0,0,0,0,0,0,1,1,0,0,0,0,0,0,0,0,0,0,0,0,0,0,0,1,0,1,0,0,0,,0,0,0,0,0,0,0,0,0,1,0,1,0,0,0,0,,,,,,31-35,26-35,City street,U,Monday,Unknown,PV,Not Fatal,1,0,0,0,City Street,State Patrol,Washington State Patrol,0,0,0,1,0,,,,,,0,0,4,,,,,,,,,,,98,98,98,0,,,,,20,7,,,,,,,,1,0,,,,,,