year,case,par,repjur,crash_dt,crash_tm,accday,accmon,holiday,county,co_char,city,weather,weather2,lightcond,surfcond,surftype,numfatal,nmforms,pforms,vforms,not_tm,arr_tm,hosp_tm,fhevent,hitrun,manncol,milepnt,reljunc,reljuncinter,intersectiontype,funcsystem,landuse,ownership,route,schlbus,spejur,contdev,devfunc,trafid1,trafid2,x,y,wk_zone,vnumber,crashtype,criticalevent,criticaleventcat,spdlim,body,trailer,emerg,hazcargo,leave,mhevent,roadalgn,roadprof,traflane,trafflow,vehmanvr,numoccs,regowner,regstate,spuse,make,model,modelyr,vrf1,vrf2,seqevent1,seqevent2,seqevent3,seqevent4,seqevent5,seqevent6,pnumber,ptype,age,sex,hispanic,race,injury,diedscene,restraint,restraintmisuse,seatpos,takehosp,death_dt,death_tm,cert,cernum_wa,commlic,licendor,licrestrict,liccomp,drivpres,drf1,drf2,drf3,drf4,distract1,distract2,distract3,distract4,distract5,distract6,dricond1,dricond2,dricond3,dricond4,dricond5,dricond6,dzip,licstate,drhgt_in,weight,noncdl,noncdltype,prevdwi,prevoth,prevacc,prevspd,prevsus,driviol1,driviol2,driviol3,driviol4,driviol5,driviol6,spdrel,first_dt,last_dt,airbag,ejection,ejectpath,extricat,injurwrk,methalc,methdrug,nmlocat,strikveh,prf1,prf2,prf3,druginv,alcinvol,drugsts,drugres1,drugres2,drugres3,drugtst1,drugtst2,drugtst3,alcsts,alctst,alcres,nmact1,nmact2,nmact3,nmact4,nmact5,nmact6,nmprior1,nmprior2,nmprior3,nmprior4,nmprior5,nmprior6,nmcond1,nmcond2,nmcond3,nmcond4,nmcond5,nmcond6,nmsafe_helmet,nmsafe_pads,nmsafe_oth,nmprev_ref,nmprev_lgt,nmprev_oth,crashlocation,nmcrashtype,crosswalk,schoolzone,sidewalk,train_inv,wildlife_inv,rotr_fars,intersect_fars,dd_inv,aid_inv,dpd_inv,id_inv,mj_inv,impnm_inv,ainm_inv,dpnm_inv,speed_inv,unlic_inv,unendmc_inv,drowsy_inv,drdist_inv,nmdist_inv,fty_inv,unrestfat_inv,dr1617_inv,dr1820_inv,dr1620_inv,dr2125_inv,dr1625_inv,dr65_inv,dr70_inv,dr75_inv,mc_inv,pv_inv,ht_inv,ped_inv,bike_inv,unrest_fat,mc_fat,unhelmet_mc,pv_fat,ht_fat,ped_fat,bike_fat,dr_alc7,dr_alc8,dr_drug,dr_imp,dr_dist,dr_spd,dr_fty,dr_unlic,dr_alc7only,dr_alc8only,dr_drugonly,dr_drink,nm_imp,nm_alc7,nm_alc8,nm_drug,nm_dist,agegrp1,agegrp2,roadclass,urbrur,dayweek,restuse,vehtype,race_me,intersect,lanedep,oppdir,wrongway,rep_typ,investag,repag_long,rotr,st_rd,cty_rd,city_rd,oth_rd,drug_thc,thc_res,drug_cthc,cthc_res,drug_cann,prevpersemin,prevperse,prevsusoth,drugtst4,drugtst5,drugtst6,drugtst7,drugtst8,drugres4,drugres5,drugres6,drugres7,drugres8,adspresent,adsengaged,adslevel,race1,race2,race3,race4,race5,helmet,helmetmisuse,nmdistract1,nmdistract2,nmdistract3,nmdistract4,nmdistract5,nmdistract6,lab,isedtcase,crf1,crf2,crf3,CoRoadName,CoMP,IntCoRoadName,IntCoMP
2019,223,3767144,263,06/10/2019,17:13,10,6,,33,King,1960,1,0,1,1,2,1,0,3,3,,,,12,0,6,0,2,0,2,4,2,4,6,0,0,3,3,35TH AVE,NE 75TH ST,-122.2904972,47.68303889,0,1,68,15,2,30,34,0,0,1,8,12,1,1,2,1,11,1,1,53,0,7,482,2004,0,0,12,,,,,,1,1,87,1,0,,0,0,3,0,11,0,,,,,0,0,0,3,1,0,0,0,0,92,,,,,,98,,,,,,98115,53,74,160,6,1,0,1,1,0,,97,,,,,,0,08/15/2016,08/15/2016,20,0,0,0,8,9,8,,,0,0,0,8,8,8,95,,,96,,,8,95,995,,,,,,,,,,,,,,,,,,,,,,,,,,,,,,0,0,0,1,0,0,0,0,0,0,0,0,0,0,1,0,1,0,0,0,0,0,0,1,1,1,1,1,1,1,0,0,0,0,0,,0,0,0,0,0,0,0,0,1,0,0,0,0,0,0,0,,,,,,81+,76+,City street,U,Monday,Belt Used,PV,Not Fatal,1,0,0,0,City Street,Municipal/City Police,Seattle Police Department,0,0,0,1,0,,,,,,0,0,0,,,,,,,,,,,98,98,98,0,,,,,20,7,,,,,,,,,,,,,,,
2019,223,3767144,263,06/10/2019,17:13,10,6,,33,King,1960,1,0,1,1,2,1,0,3,3,,,,12,0,6,0,2,0,2,4,2,4,6,0,0,3,3,35TH AVE,NE 75TH ST,-122.2904972,47.68303889,0,2,69,62,4,30,80,0,0,1,8,12,1,1,2,1,1,1,1,53,0,53,704,2005,0,0,12,12,,,,,1,1,22,1,7,,4,0,20,7,11,4,06/11/2019,15:00,1.96053E+11,26980,0,0,0,2,1,0,0,0,0,92,,,,,,0,,,,,,98115,53,74,195,6,1,0,0,1,0,,0,,,,,,0,03/15/2015,03/15/2015,20,8,0,0,0,9,8,,,0,0,0,8,8,2,1,,,1,,,2,1,0,,,,,,,,,,,,,,,,,,,,,,,,,,,,,,0,0,0,1,0,0,0,0,0,0,0,0,0,0,1,0,1,0,0,0,0,0,0,1,1,1,1,1,1,1,0,0,0,0,1,0,0,0,0,0,0,0,0,0,1,0,0,0,0,0,0,0,,,,,,21-25,16-25,City street,U,Monday,,MC,White,1,0,0,0,City Street,Municipal/City Police,Seattle Police Department,0,0,0,1,0,,,,,,0,0,0,,,,,,,,,,,0,0,0,1,,,,,5,0,,,,,,,,,,,,,,,
2019,223,3767144,263,06/10/2019,17:13,10,6,,33,King,1960,1,0,1,1,2,1,0,3,3,,,,12,0,6,0,2,0,2,4,2,4,6,0,0,3,3,35TH AVE,NE 75TH ST,-122.2904972,47.68303889,0,3,98,98,7,30,14,0,0,1,5,12,8,8,3,1,5,1,1,53,0,49,403,2012,0,0,12,,,,,,1,1,35,2,0,,0,0,3,0,11,0,,,,,0,0,0,3,1,0,0,0,0,0,,,,,,0,,,,,,98115,53,69,145,6,1,0,0,0,0,,0,,,,,,0,,,20,0,0,0,8,9,8,,,0,0,0,8,8,8,95,,,96,,,8,95,995,,,,,,,,,,,,,,,,,,,,,,,,,,,,,,0,0,0,1,0,0,0,0,0,0,0,0,0,0,1,0,1,0,0,0,0,0,0,1,1,1,1,1,1,1,0,0,0,0,0,,0,0,0,0,0,0,0,0,0,0,0,0,0,0,0,0,,,,,,31-35,26-35,City street,U,Monday,Belt Used,PV,Not Fatal,1,0,0,0,City Street,Municipal/City Police,Seattle Police Department,0,0,0,1,0,,,,,,0,0,0,,,,,,,,,,,98,98,98,0,,,,,20,7,,,,,,,,,,,,,,,
2019,382,E976023,7,10/18/2019,11:15,18,10,,33,King,2595,10,0,1,2,1,1,0,4,4,,,,12,0,2,5.1,1,0,1,3,2,1,3,0,0,0,0,SR-520,,-122.2195889,47.639525,0,4,98,90,6,60,14,0,0,1,5,54,2,2,3,3,14,1,1,53,0,58,403,2016,0,0,54,,,,,,1,1,30,1,0,,0,0,3,0,11,0,,,,,0,0,3,3,1,0,0,0,0,96,,,,,,0,,,,,,98115,53,73,200,6,1,0,0,1,0,,0,,,,,,0,06/15/2018,06/15/2018,20,0,0,0,8,9,8,,,0,0,0,8,0,8,95,,,96,,,8,95,995,,,,,,,,,,,,,,,,,,,,,,,,,,,,,,0,0,0,0,0,0,0,0,0,0,0,0,0,0,0,0,0,0,0,0,0,0,0,0,0,1,1,1,1,1,0,0,0,0,0,,0,0,0,0,0,0,0,0,0,0,0,0,0,0,0,0,,,,,,26-30,26-35,State route,U,Friday,Belt Used,PV,Not Fatal,0,0,0,1,State Route,State Patrol,Washington State Patrol,0,1,0,0,0,,,,,,0,0,0,,,,,,,,,,,98,98,98,0,,,,,20,7,,,,,,,,,,,,,,,
2020,152,EA33740,269,05/13/2020,14:32,13,5,,33,King,2005,1,,1,1,2,1,0,3,3,14:35,14:38,15:08,12,0,6,0,2,0,2,3,2,4,6,0,0,0,0,NE 175TH ST,10TH AVE NE,-122.3187639,47.75579444,0,3,98,62,4,30,14,0,0,1,2,12,1,2,2,1,1,1,1,53,0,48,401,2017,0,,12,,,,,,1,1,56,2,0,,0,0,3,0,11,0,,,,,0,0,0,3,1,0,,,,96,,,,,,0,,,,,,98115,53,62,152,6,1,0,0,0,0,,0,,,,,,0,,,20,0,0,0,8,9,8,,,0,,,8,8,0,0,,,0,,,0,0,996,,,,,,,,,,,,,,,,,,,,,,,,,,,,,,0,0,0,1,0,0,1,1,1,0,0,0,0,0,0,0,0,0,0,0,0,0,0,0,0,0,0,0,0,1,0,0,0,0,0,,0,0,0,0,0,0,0,0,0,0,0,0,0,0,0,0,,,,,,56-60,56-65,City street,U,Wednesday,Belt Used,PV,Not Fatal,1,0,0,0,City Street,Municipal/City Police,Shoreline Police Department,0,0,0,1,0,,,,,,0,0,0,,,,,,,,,,,98,98,98,0,,,,,20,7,,,,,,,,1,0,,,,,,
2020,490,EA87538,263,12/08/2020,10:30,8,12,,33,King,1960,2,,1,2,2,1,1,1,1,,,,8,0,0,0,3,0,2,4,2,4,6,0,0,20,3,QUEEN ANNE AVE N,W BLAINE ST,-122.3569806,47.63474444,0,1,13,80,5,25,34,0,0,1,5,8,1,1,2,1,11,1,3,53,0,20,481,2014,0,,8,,,,,,1,1,27,1,0,,0,0,3,0,11,0,,,,,0,0,3,3,1,10,38,,,0,,,,,,0,,,,,,98115,53,77,215,6,1,0,0,0,3,,46,,,,,,0,10/15/2019,10/15/2020,20,0,0,0,8,3,2,,,0,,,0,8,0,0,,,0,,,0,0,996,,,,,,,,,,,,,,,,,,,,,,,,,,,,,,0,0,0,1,0,0,0,0,0,1,0,1,0,0,0,0,0,0,1,0,0,0,0,0,0,0,0,0,0,1,0,1,0,0,0,,0,0,0,0,0,0,0,0,0,0,1,0,0,0,0,0,,,,,,26-30,26-35,City street,U,Tuesday,Belt Used,PV,Not Fatal,1,0,0,0,City Street,Municipal/City Police,Seattle Police Department,0,0,0,1,0,,,,,,0,0,0,,,,,,,,,,,98,98,98,0,,,,,20,7,,,,,,,,1,0,,,,,,
2021,613,EB43049,171,06/25/2021,15:50,25,6,,33,King,1107,1,,1,1,2,1,0,4,2,,,,12,0,1,5.7,1,0,1,3,2,1,3,0,0,0,0,SR-522,,-122.2797861,47.75220556,0,2,29,53,3,40,6,0,0,1,5,12,8,8,6,1,2,3,1,53,0,41,52,2010,0,,12,,,,,,1,1,47,2,0,,0,0,3,0,11,0,,,,,0,0,0,3,1,0,,,,96,,,,,,98,,,,,,98115,53,69,145,6,1,0,0,0,0,,0,,,,,,0,,,20,0,0,0,8,9,8,,,0,,,8,8,0,0,,,0,,,0,0,996,,,,,,,,,,,,,,,,,,,,,,,,,,,,,,0,0,0,0,0,0,0,0,0,0,0,0,1,0,0,0,0,0,0,0,0,0,0,0,0,1,1,0,1,1,0,0,0,0,0,,0,0,0,0,0,0,0,0,0,0,0,0,0,0,0,0,,,,,,46-50,46-55,State route,U,Friday,Belt Used,PV,Not Fatal,0,0,0,0,State Route,Municipal/City Police,Lake Forest Park Police Department,0,1,0,0,0,,,,,,0,0,0,,,,,,,,,,,98,98,98,0,,,,,20,,,,,,,,,1,0,,,,,,
2019,479,3824332,263,11/27/2019,18:59,27,11,,33,King,1960,1,0,3,1,1,1,1,2,1,,,,8,0,0,0,1,0,1,7,2,4,6,0,0,0,0,42ND AVE SW,,-122.3854917,47.55998889,0,1,13,80,5,30,34,0,0,1,5,8,1,1,2,1,1,2,2,53,0,49,472,2003,0,0,8,,,,,,1,1,77,2,0,,0,0,1,0,11,0,,,,,0,0,3,3,1,0,0,0,0,0,,,,,,0,,,,,,98116,53,65,160,6,1,0,0,0,0,,0,,,,,,0,,,20,0,0,0,8,9,8,,,0,0,0,8,0,8,95,,,96,,,8,95,995,,,,,,,,,,,,,,,,,,,,,,,,,,,,,,0,0,0,0,0,0,0,0,0,1,0,1,0,0,0,0,0,0,0,0,0,0,0,0,0,1,1,1,0,1,0,1,0,0,0,,0,0,0,0,0,0,0,0,0,0,0,0,0,0,0,0,,,,,,76-80,76+,City street,U,Wednesday,Belt Used,PV,Not Fatal,0,0,0,0,City Street,Municipal/City Police,Seattle Police Department,0,0,0,1,0,,,,,,0,0,0,,,,,,,,,,,98,98,98,0,,,,,20,7,,,,,,,,,,,,,,,
2017,234,E689913,7,07/03/2017,16:39,3,7,5,33,King,1960,1,0,1,1,1,1,0,2,2,,,,12,0,1,163.5,1,0,1,1,2,1,1,0,0,0,0,I-5,,-122.3200472,47.57328056,0,2,29,53,3,60,20,0,0,1,2,12,1,1,5,3,2,1,1,53,0,49,442,2001,0,0,12,,,,,,1,1,47,2,0,0,0,0,3,0,11,0,,,,,0,0,0,3,1,0,0,0,0,0,,,,,,0,,,,,,98116,53,63,128,6,1,0,1,0,1,0,0,,,,,,0,12/15/2012,04/15/2015,20,0,0,0,8,9,8,,,0,0,0,8,0,0,0,0,0,0,0,0,0,0,996,,,,,,,,,,,,,,,,,,,,,,,,,,,,,,0,0,0,0,0,0,0,0,0,0,0,0,1,0,0,0,0,0,0,0,0,0,0,0,0,0,0,0,1,1,0,0,0,0,0,,0,0,0,0,0,0,0,0,0,0,0,0,0,0,0,0,,,,,,46-50,46-55,Interstate,U,Monday,Belt Used,PV,Not Fatal,0,0,0,0,State Route,State Patrol,Washington State Patrol Headquarter,0,1,0,0,0,,,,,,,,,,,,,,,,,,,,,,,,,,,,,,,,,,,,,,,,,,,
2018,189,E781471,2,03/17/2018,12:32,17,3,0,61,Snohomish,0,1,0,1,1,2,1,0,1,1,,,,24,0,0,210.6,1,0,1,1,2,1,1,0,0,0,0,I-5,,-122.2167667,48.21253056,0,1,6,12,2,70,5,0,0,1,5,24,1,2,3,3,15,1,1,53,0,20,29,2015,0,0,64,24,1,,,,1,1,49,2,7,1,4,0,3,0,11,5,03/19/2018,23:55,69053014071,14071,0,0,3,3,1,0,0,0,0,96,,,,,,0,,,,,,98116,53,67,200,6,1,0,0,0,0,,0,,,,,,0,,,8,0,0,0,0,9,8,,,0,0,0,8,0,2,996,996,996,1,1,1,2,1,0,,,,,,,,,,,,,,,,,,,,,,,,,,,,,,0,0,1,0,0,0,1,1,0,0,0,0,0,0,0,0,0,0,0,0,0,0,0,0,0,0,0,0,0,1,0,0,0,0,0,,1,0,0,0,0,0,1,1,0,0,0,0,0,0,1,0,,,,,,46-50,46-55,Interstate,U,Saturday,Belt Used,PV,White,0,1,0,0,State Route,State Patrol,Washington State Patrol Headquarter,1,1,0,0,0,,,,,,0,0,0,,,,,,,,,,,,,,,,,,,,,,,,,,,,,,,,,,,
2017,527,3748033,7,12/06/2017,20:05,6,12,0,33,King,1960,1,0,2,1,2,1,0,2,2,,,,12,0,2,0,2,0,2,7,2,4,6,0,0,0,0,8TH AVE,NW 92ND ST,-122.3203194,47.69581667,0,1,68,15,2,30,3,0,0,1,2,12,1,2,2,1,11,1,1,53,0,54,31,1988,0,0,12,,,,,,1,1,72,1,7,1,4,0,3,0,11,4,12/18/2017,12:40,1.96053E+11,55681,0,0,0,3,1,48,0,0,0,96,,,,,,99,,,,,,98117,53,70,190,6,1,0,0,0,0,0,97,,,,,,0,,,20,0,0,0,0,9,8,,,0,0,0,8,9,0,0,0,0,0,0,0,0,0,996,,,,,,,,,,,,,,,,,,,,,,,,,,,,,,0,0,0,1,1,0,0,0,0,0,0,0,0,0,0,0,0,0,0,0,0,0,0,0,0,1,1,0,0,1,0,0,0,0,0,,1,0,0,0,0,0,0,0,0,0,0,0,0,0,0,0,,,,,,71-75,66-75,City street,U,Wednesday,Belt Used,PV,White,1,0,0,0,City Street,Municipal/City Police,Seattle Police Department,0,0,0,1,0,,,,,,,,,,,,,,,,,,,,,,,,,,,,,,,,,,,,,,,,,,,
2017,527,3748033,7,12/06/2017,20:05,6,12,0,33,King,1960,1,0,2,1,2,1,0,2,2,,,,12,0,2,0,2,0,2,7,2,4,6,0,0,0,0,8TH AVE,NW 92ND ST,-122.3203194,47.69581667,0,2,69,62,4,30,14,0,0,1,2,12,1,2,2,1,1,1,1,53,0,48,401,2014,0,0,12,,,,,,1,1,64,2,0,0,1,0,3,0,11,0,,,,,0,0,0,3,1,0,0,0,0,0,,,,,,0,,,,,,98117,53,72,180,6,1,0,0,1,1,0,0,,,,,,0,08/15/2014,09/15/2015,8,0,0,0,8,9,8,,,0,0,0,8,1,0,0,0,0,0,0,0,0,0,996,,,,,,,,,,,,,,,,,,,,,,,,,,,,,,0,0,0,1,1,0,0,0,0,0,0,0,0,0,0,0,0,0,0,0,0,0,0,0,0,1,1,0,0,1,0,0,0,0,0,,0,0,0,0,0,0,0,0,0,0,0,0,0,0,0,1,,,,,,61-65,56-65,City street,U,Wednesday,Belt Used,PV,Not Fatal,1,0,0,0,City Street,Municipal/City Police,Seattle Police Department,0,0,0,1,0,,,,,,,,,,,,,,,,,,,,,,,,,,,,,,,,,,,,,,,,,,,
2018,28,3754152,263,01/14/2018,4:30,14,1,2,33,King,1960,1,0,3,1,2,1,1,1,1,,,,9,0,0,0,1,0,1,4,2,4,6,0,0,0,0,SEAVIEW AVE NW,,-122.4046611,47.68018889,0,1,13,83,5,30,6,0,0,1,5,9,1,1,5,5,1,1,2,53,0,30,42,2016,0,0,9,,,,,,1,1,17,1,0,0,0,0,99,0,11,0,,,,,0,0,3,3,1,10,0,0,0,96,,,,,,0,,,,,,98117,53,71,130,6,2,0,0,0,0,,0,,,,,,0,,,20,0,0,0,8,3,2,,,0,0,0,0,0,8,95,,,96,,,8,95,995,,,,,,,,,,,,,,,,,,,,,,,,,,,,,,0,0,0,0,0,0,0,0,0,1,0,1,0,0,0,0,0,0,0,0,1,0,1,0,1,0,0,0,0,1,0,0,1,0,0,,0,0,0,0,0,0,0,0,0,0,0,0,0,0,0,0,,,,,,16-17,16-25,City street,U,Sunday,Unknown,PV,Not Fatal,0,0,0,0,City Street,Municipal/City Police,Seattle Police Department,0,0,0,1,0,,,,,,0,0,0,,,,,,,,,,,,,,,,,,,,,,,,,,,,,,,,,,,
2017,12,E631317,7,01/11/2017,2:05,11,1,0,33,King,1960,1,0,3,1,1,1,0,4,2,2:07,2:28,2:53,12,0,2,161.5,1,0,1,1,2,1,1,0,0,0,0,I-5,,-122.3091917,47.54683611,0,2,51,54,3,60,61,0,0,1,2,12,1,1,5,3,1,3,3,53,6,20,870,2013,0,0,12,,,,,,1,1,29,1,0,0,2,0,3,0,11,4,,,,,0,0,0,3,1,0,0,0,0,0,,,,,,0,,,,,,98117,53,68,200,6,1,0,0,2,1,0,0,,,,,,0,04/15/2012,04/15/2014,1,0,0,0,8,9,8,,,0,0,0,8,0,0,0,0,0,0,0,0,0,0,996,,,,,,,,,,,,,,,,,,,,,,,,,,,,,,0,0,0,0,1,1,0,1,0,0,0,0,0,1,0,0,0,0,0,0,0,0,0,0,0,0,0,0,0,1,1,0,0,0,0,,0,0,0,0,0,0,0,0,0,0,0,0,0,0,0,0,,,,,,26-30,26-35,Interstate,U,Wednesday,,MHTRUCK,Not Fatal,0,0,0,1,State Route,State Patrol,Washington State Patrol,0,1,0,0,0,,,,,,,,,,,,,,,,,,,,,,,,,,,,,,,,,,,,,,,,,,,
2018,133,E798888,28,05/13/2018,16:00,13,5,0,39,Klickitat,0,1,0,1,1,2,1,0,1,1,16:07,16:29,17:09,1,0,0,16.4,1,0,1,5,1,2,4,0,3,0,0,CR-BICKLETON HWY,,-120.5278,45.83830278,0,1,1,13,2,50,80,0,0,1,7,1,3,2,2,1,14,1,1,53,0,34,706,2017,0,0,63,1,,,,,1,1,68,1,7,1,4,0,19,0,11,5,05/13/2018,17:49,53021886,21886,0,0,0,3,1,0,0,0,0,96,,,,,,99,,,,,,98117,53,70,150,6,1,0,0,1,0,,0,,,,,,0,01/15/2018,01/15/2018,20,8,0,0,0,9,8,,,0,0,0,8,9,8,95,,,96,,,8,95,995,,,,,,,,,,,,,,,,,,,,,,,,,,,,,,0,0,1,0,0,0,0,0,0,0,0,0,0,0,0,0,0,0,0,0,0,0,0,0,0,1,0,0,1,0,0,0,0,0,1,0,0,0,0,0,0,0,0,0,0,0,0,0,0,0,0,0,,,,,,66-70,66-75,County road,R,Sunday,,MC,White,0,1,0,0,County Road,County Sheriff,Klickitat County Sheriff's Office,1,0,1,0,0,,,,,,0,0,0,,,,,,,,,,,,,,,,,,,,,,,,,,,,,,,,,,,
2020,355,EA64491,163,09/01/2020,20:38,1,9,,33,King,1050,1,,1,1,2,1,0,3,3,20:56,20:56,21:08,12,0,1,0,3,0,2,3,2,4,6,0,0,3,3,100TH AVE NE,NE 132ND ST,-122.2077306,47.71848056,0,3,98,98,7,35,52,0,0,1,2,12,1,1,5,1,11,1,3,94,3,92,988,2018,0,,12,,,,,,1,1,66,2,0,,2,0,3,0,11,0,,,,,6,1,1,3,1,0,,,,96,,,,,,0,,,,,,98117,53,68,167,6,1,0,0,0,0,,0,,,,,,0,,,20,0,0,0,8,9,8,,,0,,,8,8,0,0,,,0,,,0,0,996,,,,,,,,,,,,,,,,,,,,,,,,,,,,,,0,0,0,1,0,0,0,0,0,0,0,0,1,0,0,0,0,0,0,0,0,0,0,0,0,1,0,0,0,1,0,0,0,0,0,,0,0,0,0,0,0,0,0,0,0,0,0,0,0,0,0,,,,,,66-70,66-75,City street,U,Tuesday,,BUS,Not Fatal,1,0,0,0,City Street,Municipal/City Police,Kirkland Police Department,0,0,0,1,0,,,,,,0,0,0,,,,,,,,,,,98,98,98,0,,,,,20,7,,,,,,,,1,0,,,,,,
2020,509,EA93964,2,12/15/2020,1:35,15,12,,61,Snohomish,690,2,,3,2,2,1,0,1,1,,,,1,0,0,0.6,5,1,1,1,2,1,1,0,0,0,0,I-5,,-122.20975,47.91008056,0,1,6,12,2,98,34,0,0,1,2,1,1,2,2,6,1,1,1,53,0,49,471,1993,0,,64,1,,,,,1,1,40,1,7,,4,7,3,0,11,0,12/15/2020,1:35,69053059057,59057,0,0,0,3,1,0,,,,96,,,,,,98,,,,,,98117,53,70,170,6,1,0,1,0,0,,0,,,,,,4,03/15/2019,03/15/2019,20,2,9,0,0,9,8,,,0,,,8,8,2,996,407,402,1,1,1,2,1,0,,,,,,,,,,,,,,,,,,,,,,,,,,,,,,0,0,1,0,0,0,1,1,0,0,0,0,1,0,0,0,0,0,0,0,0,0,0,0,0,0,0,0,0,1,0,0,0,0,0,,1,0,0,0,0,0,1,1,0,1,0,0,0,0,1,0,,,,,,36-40,36-45,Interstate,U,Tuesday,Belt Used,PV,White,0,1,0,0,State Route,State Patrol,Washington State Patrol,1,1,0,0,0,,,,,,0,0,0,1,1,1,,,996,343,996,404,417,0,0,0,1,,,,,20,7,,,,,,,,1,0,,,,,,
2017,516,3688140,160,12/08/2017,0:42,8,12,0,33,King,1030,5,0,3,1,2,1,0,3,2,,,,12,0,6,8.7,2,0,2,3,2,1,3,0,0,3,3,SR-181,S 196TH ST,-122.2493722,47.42665,0,2,89,66,4,50,66,1,0,1,8,12,1,2,5,5,1,1,3,53,0,82,881,2003,0,0,12,,,,,,1,1,32,1,0,0,0,0,3,0,11,0,,,,,6,1,0,3,1,0,0,0,0,0,,,,,,0,,,,,,98118,53,67,120,6,1,0,1,0,0,1,0,,,,,,0,09/15/2014,08/15/2015,20,0,0,0,8,9,8,,,0,0,0,8,0,0,0,0,0,0,0,0,0,0,996,,,,,,,,,,,,,,,,,,,,,,,,,,,,,,0,0,0,1,1,0,1,1,1,0,0,0,0,0,0,0,0,0,0,0,0,0,0,0,0,0,0,0,0,1,1,0,0,0,0,,0,0,0,0,0,0,0,0,0,0,0,0,0,0,0,0,,,,,,31-35,26-35,State route,U,Friday,,MHTRUCK,Not Fatal,1,0,0,0,State Route,Municipal/City Police,Kent Police Department,0,1,0,0,0,,,,,,,,,,,,,,,,,,,,,,,,,,,,,,,,,,,,,,,,,,,
2019,520,3805935,263,06/25/2019,20:26,25,6,,33,King,1960,1,0,1,1,2,1,0,2,2,,,,12,0,6,0,2,0,2,4,2,4,6,0,0,3,3,M L KING JR WAY S,S MCCLELLAN ST,-122.2962139,47.57833611,0,1,68,15,2,98,14,0,0,1,7,12,1,1,2,1,11,1,2,53,0,41,403,2013,0,0,12,,,,,,1,1,47,2,0,,0,0,98,7,11,0,,,,,0,0,0,3,1,0,0,0,0,96,,,,,,0,,,,,,98118,53,67,165,6,1,0,0,2,0,,97,,,,,,0,04/15/2016,06/15/2019,98,7,0,0,8,9,8,,,0,0,0,8,1,8,95,,,96,,,8,95,995,,,,,,,,,,,,,,,,,,,,,,,,,,,,,,0,0,0,1,1,0,0,0,0,0,0,0,0,0,0,0,0,0,0,0,0,0,0,0,0,0,0,0,1,1,0,0,0,0,0,,0,0,0,0,0,0,0,0,0,0,0,0,0,0,0,1,,,,,,46-50,46-55,City street,U,Tuesday,Unknown,PV,Not Fatal,1,0,0,0,City Street,Municipal/City Police,Seattle Police Department,0,0,0,1,0,,,,,,0,0,0,,,,,,,,,,,98,98,98,0,,,,,20,7,,,,,,,,,,,,,,,
2021,296,3835736,263,03/31/2021,11:59,31,3,,33,King,1960,1,,1,1,1,1,1,1,1,,,,9,0,0,0,2,0,2,5,2,4,6,0,0,20,3,WABASH AVE S,S Cloverdale Pl,-122.2675861,47.52771389,0,1,13,83,5,20,4,0,0,1,5,9,1,1,2,1,4,1,1,53,0,49,40,1996,0,,9,,,,,,1,1,24,1,0,,0,0,99,7,11,0,,,,,0,0,0,3,1,10,38,39,,0,,,,,,98,,,,,,98118,53,67,123,6,1,0,0,0,0,,37,,,,,,0,,,20,0,0,0,8,9,8,,,0,,,8,8,0,0,,,0,,,0,0,996,,,,,,,,,,,,,,,,,,,,,,,,,,,,,,0,0,0,1,0,0,0,0,0,0,0,0,0,0,0,0,0,0,1,0,0,0,0,1,1,0,0,0,0,1,0,0,1,0,0,,0,0,0,0,0,0,0,0,0,0,1,0,0,0,0,0,,,,,,21-25,16-25,City street,U,Wednesday,Unknown,PV,Not Fatal,1,0,0,0,City Street,Municipal/City Police,Seattle Police Department,0,0,0,1,0,,,,,,0,0,0,,,,,,,,,,,0,0,0,0,,,,,20,,,,,,,,,1,0,,,,,,
2020,74,3856804,263,01/18/2020,2:58,18,1,,33,King,1960,2,,3,2,1,1,0,3,2,,,,12,0,2,0,2,0,2,3,2,4,6,0,0,3,3,RAINIER AVE S,S MASSACHUSETTS ST,-122.3058306,47.58842222,0,1,50,10,2,30,4,0,0,1,2,12,1,1,4,1,1,2,2,53,0,49,40,1996,0,,12,,,,,,1,1,23,1,7,,4,7,3,0,11,0,01/18/2020,2:58,1.96053E+11,2903,0,0,3,3,1,28,,,,96,,,,,,0,,,,,,98118,53,77,230,6,1,0,0,1,0,,0,,,,,,0,11/15/2018,11/15/2018,8,0,0,0,0,9,1,,,0,,,1,8,2,695,605,,1,1,,2,1,0.169,,,,,,,,,,,,,,,,,,,,,,,,,,,,,,0,0,0,1,1,1,1,1,1,0,0,0,0,0,0,0,0,0,0,0,0,0,0,1,1,0,0,0,0,1,0,0,0,0,0,,1,0,0,0,0,1,1,1,0,0,0,0,0,0,0,1,,,,,,21-25,16-25,City street,U,Saturday,Belt Used,PV,API,0,1,1,0,City Street,Municipal/City Police,Seattle Police Department,0,0,0,1,0,thc,11,carboxy-thc,27,,0,0,0,,,,,,,,,,,0,0,0,38,,,,,20,7,,,,,,,nms,1,0,,,,,,