year,case,par,repjur,crash_dt,crash_tm,accday,accmon,holiday,county,co_char,city,weather,weather2,lightcond,surfcond,surftype,numfatal,nmforms,pforms,vforms,not_tm,arr_tm,hosp_tm,fhevent,hitrun,manncol,milepnt,reljunc,reljuncinter,intersectiontype,funcsystem,landuse,ownership,route,schlbus,spejur,contdev,devfunc,trafid1,trafid2,x,y,wk_zone,vnumber,crashtype,criticalevent,criticaleventcat,spdlim,body,trailer,emerg,hazcargo,leave,mhevent,roadalgn,roadprof,traflane,trafflow,vehmanvr,numoccs,regowner,regstate,spuse,make,model,modelyr,vrf1,vrf2,seqevent1,seqevent2,seqevent3,seqevent4,seqevent5,seqevent6,pnumber,ptype,age,sex,hispanic,race,injury,diedscene,restraint,restraintmisuse,seatpos,takehosp,death_dt,death_tm,cert,cernum_wa,commlic,licendor,licrestrict,liccomp,drivpres,drf1,drf2,drf3,drf4,distract1,distract2,distract3,distract4,distract5,distract6,dricond1,dricond2,dricond3,dricond4,dricond5,dricond6,dzip,licstate,drhgt_in,weight,noncdl,noncdltype,prevdwi,prevoth,prevacc,prevspd,prevsus,driviol1,driviol2,driviol3,driviol4,driviol5,driviol6,spdrel,first_dt,last_dt,airbag,ejection,ejectpath,extricat,injurwrk,methalc,methdrug,nmlocat,strikveh,prf1,prf2,prf3,druginv,alcinvol,drugsts,drugres1,drugres2,drugres3,drugtst1,drugtst2,drugtst3,alcsts,alctst,alcres,nmact1,nmact2,nmact3,nmact4,nmact5,nmact6,nmprior1,nmprior2,nmprior3,nmprior4,nmprior5,nmprior6,nmcond1,nmcond2,nmcond3,nmcond4,nmcond5,nmcond6,nmsafe_helmet,nmsafe_pads,nmsafe_oth,nmprev_ref,nmprev_lgt,nmprev_oth,crashlocation,nmcrashtype,crosswalk,schoolzone,sidewalk,train_inv,wildlife_inv,rotr_fars,intersect_fars,dd_inv,aid_inv,dpd_inv,id_inv,mj_inv,impnm_inv,ainm_inv,dpnm_inv,speed_inv,unlic_inv,unendmc_inv,drowsy_inv,drdist_inv,nmdist_inv,fty_inv,unrestfat_inv,dr1617_inv,dr1820_inv,dr1620_inv,dr2125_inv,dr1625_inv,dr65_inv,dr70_inv,dr75_inv,mc_inv,pv_inv,ht_inv,ped_inv,bike_inv,unrest_fat,mc_fat,unhelmet_mc,pv_fat,ht_fat,ped_fat,bike_fat,dr_alc7,dr_alc8,dr_drug,dr_imp,dr_dist,dr_spd,dr_fty,dr_unlic,dr_alc7only,dr_alc8only,dr_drugonly,dr_drink,nm_imp,nm_alc7,nm_alc8,nm_drug,nm_dist,agegrp1,agegrp2,roadclass,urbrur,dayweek,restuse,vehtype,race_me,intersect,lanedep,oppdir,wrongway,rep_typ,investag,repag_long,rotr,st_rd,cty_rd,city_rd,oth_rd,drug_thc,thc_res,drug_cthc,cthc_res,drug_cann,prevpersemin,prevperse,prevsusoth,drugtst4,drugtst5,drugtst6,drugtst7,drugtst8,drugres4,drugres5,drugres6,drugres7,drugres8,adspresent,adsengaged,adslevel,race1,race2,race3,race4,race5,helmet,helmetmisuse,nmdistract1,nmdistract2,nmdistract3,nmdistract4,nmdistract5,nmdistract6,lab,isedtcase,crf1,crf2,crf3,CoRoadName,CoMP,IntCoRoadName,IntCoMP
2020,373,3876377,263,09/11/2020,2:56,11,9,,33,King,1960,1,,3,1,2,2,0,4,2,2:58,3:17,3:26,12,0,6,0,2,0,2,3,2,4,6,0,0,3,3,MARTIN LUTHER KING JR WAY S,S HOLLY ST,-122.2839556,47.54247778,0,2,68,63,4,35,4,0,0,1,2,12,1,1,3,3,11,2,5,53,0,49,40,1998,0,,12,,,,,,1,1,56,1,7,,4,0,99,7,11,5,09/11/2020,4:43,1.96053E+11,42409,0,0,0,3,1,0,,,,96,,,,,,98,,,,,,98118,53,64,132,6,1,0,0,0,0,,0,,,,,,0,,,1,0,0,0,0,9,8,,,0,,,8,8,2,1,,,1,,,2,1,0,,,,,,,,,,,,,,,,,,,,,,,,,,,,,,0,0,0,1,0,0,1,1,0,0,0,0,0,1,0,0,0,0,0,0,0,1,1,0,1,0,0,0,0,1,0,0,0,0,0,,1,0,0,0,0,0,0,0,0,0,0,0,0,0,0,0,,,,,,56-60,56-65,City street,U,Friday,Unknown,PV,API,1,0,0,0,City Street,Municipal/City Police,Seattle Police Department,0,0,0,1,0,,,,,,0,0,0,,,,,,,,,,,0,0,0,48,,,,,20,7,,,,,,,,1,0,,,,,,
2021,577,3895594,263,10/21/2021,14:31,21,10,,33,King,1960,10,,1,0,0,1,1,1,1,,,,8,0,0,0,8,0,1,7,2,4,6,0,0,0,0,37AVE S,,-122.2859667,47.53095833,0,1,98,98,7,0,34,1,0,1,5,8,0,0,0,0,11,1,1,53,0,23,481,2019,0,,8,,,,,,1,1,51,1,0,,0,0,99,7,11,0,,,,,6,0,0,3,1,0,,,,96,,,,,,98,,,,,,98118,53,67,160,6,1,0,0,1,0,,0,,,,,,0,07/15/2017,07/15/2017,20,0,0,0,8,9,8,,,0,,,8,8,8,95,,,96,,,8,95,995,,,,,,,,,,,,,,,,,,,,,,,,,,,,,,0,0,0,0,0,0,0,0,0,0,0,0,0,0,0,0,0,0,0,0,0,0,0,0,0,0,0,0,0,1,0,1,0,0,0,,0,0,0,0,0,0,0,0,0,0,0,0,0,0,0,0,,,,,,51-55,46-55,City street,U,Thursday,Unknown,PV,Not Fatal,0,0,0,0,City Street,Municipal/City Police,Seattle Police Department,0,0,0,1,0,,,,,,0,0,0,,,,,,,,,,,98,98,98,0,,,,,20,,,,,,,,,0,0,,,,,,
2021,185,3906102,263,05/28/2021,12:46,28,5,,33,King,1960,1,,1,1,2,1,0,1,1,,,,41,0,0,0,1,0,1,5,2,4,6,0,0,0,0,MILITARY RD S,,-122.2949,47.5346,0,1,7,6,1,98,80,0,0,1,2,24,2,2,2,1,6,1,5,53,0,53,705,2006,0,,64,41,24,,,,1,1,30,1,7,,4,0,20,7,11,5,05/28/2021,14:23,1.96053E+11,27380,0,0,3,2,1,33,,,,96,,,,,,98,,,,,,98118,53,71,170,1,1,1,0,0,0,,0,,,,,,0,05/15/2017,09/15/2018,20,8,0,0,0,9,8,,,0,,,8,8,2,695,605,401,1,1,1,2,1,0,,,,,,,,,,,,,,,,,,,,,,,,,,,,,,0,0,0,0,0,0,1,1,1,0,0,0,0,1,1,0,0,0,0,0,0,0,0,0,0,0,0,0,1,0,0,0,0,0,1,0,0,0,0,0,0,0,1,1,0,0,0,1,0,0,1,0,,,,,,26-30,26-35,City street,U,Friday,,MC,White,0,1,0,0,City Street,Municipal/City Police,Seattle Police Department,1,0,0,1,0,thc,1.4,carboxy-thc,7.9,,0,0,4,1,,,,,417,,,,,0,0,0,1,,,,,19,,,,,,,,nms,1,0,,,,,,
2017,61,E644607,7,02/17/2017,16:28,17,2,0,33,King,2310,1,0,5,1,2,1,1,1,1,,,,8,0,0,0.1,20,0,1,1,2,1,1,0,0,98,3,I-5 RAMP Q115518,,-122.262475,47.46461667,0,1,13,80,5,60,15,0,0,1,5,8,1,1,2,6,1,1,1,53,0,23,421,2003,0,0,8,,,,,,1,1,69,1,0,0,0,0,3,0,11,0,,,,,0,0,0,3,1,38,0,0,0,96,,,,,,0,,,,,,98118,53,75,217,6,1,0,0,0,0,0,46,,,,,,0,,,20,0,0,0,8,9,8,,,0,0,0,8,0,0,0,0,0,0,0,0,0,0,996,,,,,,,,,,,,,,,,,,,,,,,,,,,,,,0,0,0,0,0,0,0,0,0,0,0,0,0,0,0,0,0,0,1,0,0,0,0,0,0,1,0,0,0,1,0,1,0,0,0,,0,0,0,0,0,0,0,0,0,0,1,0,0,0,0,0,,,,,,66-70,66-75,Interstate,U,Friday,Belt Used,PV,Not Fatal,0,0,0,0,State Route,State Patrol,Washington State Patrol Headquarter,0,1,0,0,0,,,,,,,,,,,,,,,,,,,,,,,,,,,,,,,,,,,,,,,,,,,
2017,92,E658130,25,03/25/2017,9:10,25,3,0,33,King,229,1,0,1,1,2,1,0,2,2,,,,12,0,2,0,1,0,1,3,2,4,6,0,0,0,0,ALBAUM BLVD SW,,-122.3500278,47.48798889,0,2,51,62,4,35,62,0,0,1,2,12,3,2,5,5,14,1,3,53,0,12,881,2006,0,0,12,,,,,,1,1,43,1,0,0,0,0,3,0,11,0,,,,,0,0,0,3,1,0,0,0,0,0,,,,,,0,,,,,,98118,53,63,210,6,1,0,3,3,0,0,0,,,,,,0,01/15/2013,03/15/2016,20,0,0,0,8,9,8,,,0,0,0,8,0,0,0,0,0,0,0,0,0,0,996,,,,,,,,,,,,,,,,,,,,,,,,,,,,,,0,0,0,0,1,0,1,1,1,0,0,0,1,1,0,0,0,0,0,0,0,1,1,0,1,0,0,0,0,1,1,0,0,0,0,,0,0,0,0,0,0,0,0,0,0,0,0,0,0,0,0,,,,,,41-45,36-45,City street,U,Saturday,,MHTRUCK,Not Fatal,0,1,1,0,City Street,County Sheriff,King County Police,0,0,0,1,0,,,,,,,,,,,,,,,,,,,,,,,,,,,,,,,,,,,,,,,,,,,
2017,223,E688983,25,06/30/2017,18:40,30,6,5,33,King,0,1,0,1,1,2,1,0,4,2,,,,12,0,7,0.2,3,0,4,3,2,2,4,0,0,0,0,CR-RAINER AVE S,S 105TH ST,-122.2348556,47.50832222,0,2,98,61,4,35,14,0,0,1,2,12,1,1,3,3,10,3,1,53,0,24,401,2006,0,0,12,,,,,,1,1,31,1,0,0,0,0,3,0,11,0,,,,,0,0,3,3,1,0,0,0,0,0,,,,,,0,,,,,,98118,53,73,270,6,1,0,0,0,0,0,0,,,,,,0,,,20,0,0,0,8,9,8,,,0,0,0,8,0,0,0,0,0,0,0,0,0,0,996,,,,,,,,,,,,,,,,,,,,,,,,,,,,,,0,0,0,1,0,0,0,0,0,0,0,0,0,0,0,0,0,0,0,0,0,0,0,0,0,0,0,0,1,1,0,0,0,0,0,,0,0,0,0,0,0,0,0,0,0,0,0,0,0,0,0,,,,,,31-35,26-35,County road,U,Friday,Belt Used,PV,Not Fatal,1,0,0,0,County Road,County Sheriff,King County Police,0,0,1,0,0,,,,,,,,,,,,,,,,,,,,,,,,,,,,,,,,,,,,,,,,,,,
2017,357,E709917,248,09/09/2017,2:30,9,9,0,33,King,1830,1,0,3,1,1,1,0,1,1,,,,38,0,0,0,1,0,1,5,2,4,6,0,0,0,0,E VALLEY RD,,-122.2186028,47.44252222,0,1,1,13,2,35,1,0,0,1,5,1,3,1,2,1,14,1,1,53,0,69,31,2006,0,0,63,38,30,1,,,1,1,57,1,7,2,4,7,99,0,11,0,09/09/2017,2:53,1.83053E+11,39838,0,0,0,3,1,0,0,0,0,96,,,,,,99,,,,,,98118,53,70,195,6,1,0,0,0,0,0,0,,,,,,3,,,8,1,9,0,0,9,8,,,0,0,0,8,9,2,605,0,0,1,0,0,2,1,0.12,,,,,,,,,,,,,,,,,,,,,,,,,,,,,,0,0,1,0,1,1,1,1,1,0,0,0,1,0,0,0,0,0,0,0,0,0,0,0,0,0,0,0,0,1,0,0,0,0,0,,1,0,0,0,0,1,1,1,0,1,0,0,0,0,0,1,,,,,,56-60,56-65,City street,U,Saturday,Unknown,PV,Black,0,1,0,0,City Street,Municipal/City Police,Renton Police Department,1,0,0,1,0,thc,5.9,carboxy-thc,8.1,,,,,,,,,,,,,,,,,,,,,,,,,,,,,,,,,,,,,,,
2017,423,E725861,7,10/07/2017,11:44,7,10,0,33,King,1958,1,0,1,1,2,1,0,4,1,,,,52,0,0,152.3,1,0,1,1,2,1,1,0,0,0,0,I-5,,-122.2719972,47.43059722,0,1,7,9,1,60,5,0,0,1,2,1,3,2,5,2,14,4,2,53,0,7,25,2007,0,0,64,52,35,1,24,,1,1,24,1,7,2,4,7,20,0,11,0,10/07/2017,12:00,1.95853E+11,43299,0,0,0,3,1,0,0,0,0,96,,,,,,9,,,,,,98118,53,72,141,6,1,0,2,1,0,0,0,,,,,,0,10/15/2015,10/15/2015,8,0,0,0,0,9,8,,,0,0,0,1,9,2,605,0,0,1,0,0,2,1,0,,,,,,,,,,,,,,,,,,,,,,,,,,,,,,0,0,0,0,0,0,1,1,1,0,0,0,0,0,0,0,0,0,0,1,0,0,0,1,1,0,0,0,0,1,0,0,0,1,0,,1,0,0,0,0,0,1,1,0,0,0,0,0,0,1,0,,,,,,21-25,16-25,Interstate,U,Saturday,Not Used,PV,Black,0,1,0,0,State Route,State Patrol,Washington State Patrol Headquarter,1,1,0,0,0,thc,6.2,carboxy-thc,37,,,,,,,,,,,,,,,,,,,,,,,,,,,,,,,,,,,,,,,
2018,75,E781658,3,03/15/2018,19:22,15,3,0,53,Pierce,2230,1,0,5,1,2,1,1,4,1,,,,8,0,0,131.3,1,0,1,1,2,1,1,0,0,0,0,I-5,,-122.4634806,47.22550278,0,1,13,80,5,60,6,0,0,1,5,8,3,1,4,3,14,4,2,41,0,35,49,2004,0,0,8,,,,,,1,1,42,2,0,0,0,0,3,0,11,0,,,,,0,0,0,3,1,0,0,0,0,96,,,,,,0,,,,,,98118,53,66,200,6,1,0,0,0,1,,0,,,,,,0,04/15/2016,07/15/2016,20,0,0,0,8,9,8,,,0,0,0,8,0,0,0,,,0,,,0,0,996,,,,,,,,,,,,,,,,,,,,,,,,,,,,,,0,0,0,0,0,0,0,0,0,1,1,1,0,0,0,0,0,0,0,0,0,0,0,0,0,0,0,0,0,1,0,1,0,0,0,,0,0,0,0,0,0,0,0,0,0,0,0,0,0,0,0,,,,,,41-45,36-45,Interstate,U,Thursday,Belt Used,PV,Not Fatal,0,0,0,0,State Route,State Patrol,Washington State Patrol Headquarter,0,1,0,0,0,,,,,,0,0,1,,,,,,,,,,,,,,,,,,,,,,,,,,,,,,,,,,,
2018,103,E794398,7,04/09/2018,23:35,9,4,0,33,King,0,1,0,2,1,1,2,0,8,4,,,,12,0,2,4.1,1,0,1,3,2,1,3,0,0,0,0,SR-516,,-122.2637778,47.375675,0,2,51,54,3,55,14,0,0,1,2,12,1,1,2,3,1,2,1,53,0,59,401,1999,0,0,12,12,,,,,1,1,59,1,0,0,3,0,3,0,11,4,,,,,0,0,0,3,1,0,0,0,0,96,,,,,,99,,,,,,98118,53,67,170,6,1,0,0,0,0,,0,,,,,,0,,,8,0,0,0,8,9,8,,,0,0,0,8,0,8,95,,,96,,,8,95,995,,,,,,,,,,,,,,,,,,,,,,,,,,,,,,0,0,0,0,0,0,1,1,0,0,0,0,0,1,0,0,0,0,0,1,0,0,0,0,0,0,0,0,0,1,0,0,0,0,0,,0,0,0,0,0,0,0,0,0,0,0,0,0,0,0,0,,,,,,56-60,56-65,State route,U,Monday,Belt Used,PV,Not Fatal,0,0,0,1,State Route,State Patrol,Washington State Patrol Headquarter,0,1,0,0,0,,,,,,0,0,0,,,,,,,,,,,,,,,,,,,,,,,,,,,,,,,,,,,
2018,455,E871292,298,12/10/2018,20:31,10,12,0,33,King,2310,10,0,2,1,2,1,0,6,3,,,,12,0,2,0,1,0,1,7,2,4,6,0,0,0,0,S BOEING ACCESS RD,AIRPORT WAY S,-122.2859333,47.50750278,1,1,50,10,2,35,4,0,0,1,7,12,1,2,4,1,1,2,1,53,0,37,31,2007,0,0,68,12,63,25,69,12,1,1,72,2,7,1,4,0,3,0,11,4,12/11/2018,6:50,1.96053E+11,55343,0,0,3,3,1,28,0,0,0,96,,,,,,99,,,,,,98118,53,61,150,6,1,0,0,0,0,,0,,,,,,0,,,8,0,0,0,0,9,8,,,0,0,0,8,9,2,348,,,1,,,2,1,0,,,,,,,,,,,,,,,,,,,,,,,,,,,,,,0,0,0,0,0,0,1,1,0,0,0,0,0,0,0,0,0,0,0,0,0,0,0,0,0,1,1,0,0,1,0,0,0,0,0,,1,0,0,0,0,0,1,1,0,0,0,0,0,0,1,0,,,,,,71-75,66-75,City street,U,Monday,Belt Used,PV,White,0,1,1,0,City Street,Municipal/City Police,Tukwila Police Department,0,0,0,1,0,,,,,,0,0,0,,,,,,,,,,,,,,,,,,,,,,,,,,,,,,,,,,,
2019,298,E954177,3,08/22/2019,2:22,22,8,,53,Pierce,1350,2,0,2,2,2,1,0,5,2,,,,25,0,0,139.2,1,0,1,1,2,1,1,0,0,0,0,I-5,,-122.3325722,47.25273611,0,2,98,50,3,60,34,0,0,1,7,12,2,2,5,3,14,2,1,53,0,49,482,2017,0,0,12,,,,,,1,1,50,1,0,,1,0,3,0,11,4,,,,,0,0,3,3,1,0,0,0,0,96,,,,,,0,,,,,,98118,53,65,160,6,1,0,0,0,0,,0,,,,,,0,,,20,0,0,0,8,9,8,,,0,0,0,8,0,8,95,,,96,,,8,95,995,,,,,,,,,,,,,,,,,,,,,,,,,,,,,,0,0,1,0,1,1,1,1,1,0,0,0,0,0,0,0,0,0,0,1,0,1,1,0,1,0,0,0,0,1,0,0,0,0,0,,0,0,0,0,0,0,0,0,0,0,0,0,0,0,0,0,,,,,,46-50,46-55,Interstate,U,Thursday,Belt Used,PV,Not Fatal,0,1,0,0,State Route,State Patrol,Washington State Patrol,1,1,0,0,0,,,,,,0,0,0,,,,,,,,,,,98,98,98,0,,,,,20,7,,,,,,,,,,,,,,,
2019,484,E995595,7,12/18/2019,12:03,18,12,,33,King,980,10,0,1,1,2,1,0,4,3,,,,12,0,1,12.1,1,0,1,1,2,1,1,0,0,0,0,I-90,,-122.0940472,47.56213333,0,1,24,51,3,60,20,0,0,1,7,12,1,1,4,3,1,1,1,53,0,37,441,2008,0,0,12,12,,,,,1,1,62,1,7,,4,7,20,7,11,0,12/18/2019,12:03,98053056898,56898,0,0,3,3,1,0,0,0,0,96,,,,,,99,,,,,,98118,53,73,215,6,1,0,0,0,0,,0,,,,,,3,,,1,0,0,0,0,9,8,,,0,0,0,1,9,2,1,,,1,,,2,1,0,,,,,,,,,,,,,,,,,,,,,,,,,,,,,,0,0,0,0,0,0,0,0,0,0,0,0,1,0,0,0,0,0,0,1,0,0,0,0,0,0,0,0,0,1,1,0,0,1,0,,1,0,0,0,0,0,0,0,0,1,0,0,0,0,0,0,,,,,,61-65,56-65,Interstate,U,Wednesday,Not Used,PV,White,0,0,0,0,State Route,State Patrol,Washington State Patrol,0,1,0,0,0,,,,,,0,0,0,,,,,,,,,,,98,98,98,1,,,,,20,7,,,,,,,,,,,,,,,
2020,59,EA22930,25,03/08/2020,20:15,8,3,,33,King,0,1,,3,1,2,1,1,1,1,,,,8,0,0,3.1,3,0,3,4,2,2,4,0,0,0,0,CR-16th Ave SW,SW 110TH ST,-122.355125,47.50494722,0,1,13,80,5,35,4,0,0,1,5,8,1,1,5,5,1,1,1,53,0,37,32,2006,0,,8,,,,,,1,1,45,1,0,,0,0,3,0,11,0,,,,,0,0,0,3,1,10,,,,0,,,,,,0,,,,,,98118,53,72,190,6,1,0,0,0,0,,97,,,,,,0,,,20,0,0,0,8,3,2,,,0,,,8,8,0,0,,,0,,,0,0,996,,,,,,,,,,,,,,,,,,,,,,,,,,,,,,0,0,0,1,0,0,0,0,0,1,1,0,0,0,0,0,0,0,0,0,0,0,0,0,0,0,0,0,0,1,0,1,0,0,0,,0,0,0,0,0,0,0,0,0,0,0,0,0,0,0,0,,,,,,41-45,36-45,County road,U,Sunday,Belt Used,PV,Not Fatal,0,0,0,0,County Road,County Sheriff,King County Police,0,0,1,0,0,,,,,,0,0,0,,,,,,,,,,,98,98,98,0,,,,,20,7,,,,,,,,1,0,,,16 AVE SW,3.1,SW 110 ST,0.302
2020,348,EA63672,6,09/06/2020,19:15,6,9,,47,Okanogan,0,1,,5,1,2,1,0,3,2,,,,12,0,1,171.2,8,0,1,4,1,1,3,0,0,0,0,SR-20,,-120.5659694,48.60018889,0,1,24,51,3,60,80,0,0,1,2,12,4,2,2,1,6,2,1,53,0,76,706,2007,0,,12,,,,,,1,1,35,1,0,,3,0,20,7,11,5,,,,,0,0,0,3,1,33,,,,96,,,,,,0,,,,,,98118,53,72,220,6,1,0,1,0,1,,53,,,,,,0,06/15/2016,09/15/2020,20,8,0,0,8,9,8,,,0,,,8,8,0,0,,,0,,,0,0,996,,,,,,,,,,,,,,,,,,,,,,,,,,,,,,0,0,0,0,0,0,0,0,0,0,0,0,0,1,0,0,0,0,0,0,0,0,0,1,1,0,0,0,1,1,0,0,0,0,0,0,0,0,0,0,0,0,0,0,0,0,0,0,0,0,0,0,,,,,,31-35,26-35,State route,R,Sunday,,MC,Not Fatal,0,0,0,0,State Route,State Patrol,Washington State Patrol,0,1,0,0,0,,,,,,0,0,0,,,,,,,,,,,0,0,0,0,,,,,5,0,,,,,,,,1,0,,,,,,
2021,90,EB20162,248,01/29/2021,19:33,29,1,,33,King,1830,1,,3,1,2,1,0,7,4,,,,12,0,7,5.9,1,0,1,4,2,1,3,0,0,0,0,SR-515,,-122.2048222,47.45445833,0,1,45,61,4,40,6,0,0,1,2,12,1,1,4,1,6,3,2,53,0,12,24,2014,0,,12,12,2,12,,,1,1,23,1,0,,3,0,20,7,11,8,,,,,0,0,0,3,1,8,,,,96,,,,,,98,,,,,,98118,53,67,155,6,1,0,1,0,0,,97,,,,,,2,02/15/2020,02/15/2020,1,0,0,0,8,9,8,,,0,,,8,8,0,0,,,0,,,0,0,996,,,,,,,,,,,,,,,,,,,,,,,,,,,,,,0,0,0,0,0,0,0,0,0,0,0,0,1,0,0,0,0,0,0,1,0,0,0,1,1,1,0,0,0,1,1,0,0,0,0,,0,0,0,0,0,0,0,0,0,1,0,0,0,0,0,0,,,,,,21-25,16-25,State route,U,Friday,Not Used,PV,Not Fatal,0,0,0,0,State Route,Municipal/City Police,Renton Police Department,0,1,0,0,0,,,,,,0,0,0,,,,,,,,,,,98,98,98,0,,,,,20,,,,,,,,,1,0,,,,,,
2021,90,EB20162,248,01/29/2021,19:33,29,1,,33,King,1830,1,,3,1,2,1,0,7,4,,,,12,0,7,5.9,1,0,1,4,2,1,3,0,0,0,0,SR-515,,-122.2048222,47.45445833,0,2,46,11,2,40,4,0,0,1,2,12,1,1,4,1,6,2,2,53,0,59,35,2018,0,,12,68,,,,,1,1,23,1,0,,0,0,20,7,11,0,,,,,0,0,0,3,1,8,,,,96,,,,,,98,,,,,,98118,53,72,160,6,1,0,0,1,0,,97,,,,,,2,03/15/2017,03/15/2017,20,0,0,0,8,9,8,,,0,,,8,8,9,999,,,99,,,9,99,999,,,,,,,,,,,,,,,,,,,,,,,,,,,,,,0,0,0,0,0,0,0,0,0,0,0,0,1,0,0,0,0,0,0,1,0,0,0,1,1,1,0,0,0,1,1,0,0,0,0,,0,0,0,0,0,0,0,0,0,1,0,0,0,0,0,0,,,,,,21-25,16-25,State route,U,Friday,Not Used,PV,Not Fatal,0,0,0,0,State Route,Municipal/City Police,Renton Police Department,0,1,0,0,0,,,,,,0,0,0,,,,,,,,,,,98,98,98,0,,,,,20,,,,,,,,,1,0,,,,,,
2021,397,EB75190,7,09/29/2021,2:02,29,9,,33,King,100,1,,3,1,2,1,0,6,5,,,,12,0,2,3.9,1,0,1,2,2,1,3,0,0,0,0,SR-18,,-122.2434222,47.30276944,0,5,98,90,6,60,5,0,0,1,2,18,1,1,2,3,1,1,1,53,0,32,48,2016,0,,18,,,,,,1,1,62,1,0,,1,0,3,0,11,0,,,,,0,0,3,3,1,0,,,,96,,,,,,98,,,,,,98118,53,67,140,6,1,0,0,0,0,,0,,,,,,0,,,8,0,0,0,8,9,8,,,0,,,8,8,0,0,,,0,,,0,0,996,,,,,,,,,,,,,,,,,,,,,,,,,,,,,,0,0,0,0,1,1,1,1,0,0,0,0,0,0,0,0,0,0,0,1,0,0,0,0,0,0,0,0,0,1,1,0,0,0,0,,0,0,0,0,0,0,0,0,0,0,0,0,0,0,0,0,,,,,,61-65,56-65,State route,U,Wednesday,Belt Used,PV,Not Fatal,0,0,0,1,State Route,State Patrol,Washington State Patrol,0,1,0,0,0,,,,,,0,0,0,,,,,,,,,,,98,98,98,0,,,,,20,,,,,,,,,1,0,,,,,,
2020,333,EA61306,6,08/28/2020,18:00,28,8,,7,Chelan,0,1,,1,1,2,3,0,5,3,18:10,18:35,20:04,12,0,2,154.7,1,0,1,3,1,1,2,0,0,0,0,US-97,,-120.6105694,47.39430556,0,2,51,62,4,60,34,0,0,1,2,12,1,2,3,1,1,2,2,53,0,20,471,1997,0,,12,,,,,,1,1,19,2,1,,4,7,3,0,11,0,08/28/2020,18:00,53040961,40961,0,0,0,3,1,0,,,,96,,,,,,98,,,,,,98119,53,66,127,6,1,0,0,0,0,,0,,,,,,0,,,1,0,0,0,0,9,8,,,0,,,8,8,2,1,,,1,,,2,1,0,,,,,,,,,,,,,,,,,,,,,,,,,,,,,,0,0,0,0,0,0,1,1,1,0,0,0,0,0,0,0,0,0,0,0,0,1,1,0,1,1,0,0,0,1,1,0,0,0,0,,1,0,0,0,0,0,0,0,0,0,0,0,0,0,0,0,,,,,,18-20,16-25,US highway,R,Friday,Belt Used,PV,Hispanic,0,1,1,0,State Route,State Patrol,Washington State Patrol,0,1,0,0,0,,,,,,0,0,0,,,,,,,,,,,0,0,0,202,201,203,,,20,7,,,,,,,,1,0,,,,,,
2017,177,3769457,263,05/21/2017,19:15,21,5,0,33,King,1960,1,0,1,1,1,1,0,1,2,,,,14,0,0,32.4,1,0,1,3,2,1,3,0,0,0,0,SR-99,,-122.344725,47.70743056,0,1,1,13,2,35,84,0,0,1,2,14,1,1,5,5,1,1,1,53,0,76,703,2008,0,0,63,14,,,,,1,1,56,1,7,7,4,0,19,0,11,5,05/21/2017,20:20,1.96053E+11,24205,0,0,0,3,1,0,0,0,0,96,,,,,,2,,,,,,98121,53,66,185,6,1,0,0,0,0,0,0,,,,,,0,,,20,8,0,0,0,9,8,,,0,0,0,8,0,2,167,300,605,1,1,1,2,1,0,,,,,,,,,,,,,,,,,,,,,,,,,,,,,,0,0,1,0,0,0,1,1,1,0,0,0,0,0,0,1,0,0,0,0,0,0,0,0,0,0,0,0,0,0,0,0,0,0,0,,0,0,0,0,0,0,1,1,0,0,0,0,0,0,1,0,,,,,,56-60,56-65,State route,U,Sunday,,OTHMC,API,0,1,0,0,State Route,Municipal/City Police,Seattle Police Department,1,1,0,0,0,thc,7.9,carboxy-thc,25,,,,,,,,,,,,,,,,,,,,,,,,,,,,,,,,,,,,,,,
2019,106,3810331,263,02/22/2019,19:13,22,2,,33,King,1960,10,0,3,1,2,1,1,3,2,,,,8,0,0,1.1,1,0,1,3,2,1,3,0,0,0,0,SR-522,,-122.3076083,47.69070833,0,2,98,80,5,35,4,0,0,1,3,8,1,1,2,2,1,1,2,53,0,41,35,1998,0,0,8,,,,,,1,1,54,2,0,,1,0,99,7,11,8,,,,,0,0,0,3,1,0,0,0,0,96,,,,,,0,,,,,,98121,53,61,125,6,1,0,1,1,0,,0,,,,,,0,11/15/2017,11/15/2017,20,0,0,0,8,9,2,,,0,0,0,0,0,8,95,,,96,,,8,95,995,,,,,,,,,,,,,,,,,,,,,,,,,,,,,,0,0,0,0,0,0,0,0,0,1,1,0,0,0,0,0,0,1,0,0,0,0,0,0,0,1,1,1,0,1,0,1,0,0,0,,0,0,0,0,0,0,0,0,0,0,0,0,0,0,0,0,,,,,,51-55,46-55,State route,U,Friday,Unknown,PV,Not Fatal,0,0,0,0,State Route,Municipal/City Police,Seattle Police Department,0,1,0,0,0,,,,,,0,0,0,,,,,,,,,,,0,0,0,0,,,,,20,7,,,,,,,,,,,,,,,