year,case,par,repjur,crash_dt,crash_tm,accday,accmon,holiday,county,co_char,city,weather,weather2,lightcond,surfcond,surftype,numfatal,nmforms,pforms,vforms,not_tm,arr_tm,hosp_tm,fhevent,hitrun,manncol,milepnt,reljunc,reljuncinter,intersectiontype,funcsystem,landuse,ownership,route,schlbus,spejur,contdev,devfunc,trafid1,trafid2,x,y,wk_zone,vnumber,crashtype,criticalevent,criticaleventcat,spdlim,body,trailer,emerg,hazcargo,leave,mhevent,roadalgn,roadprof,traflane,trafflow,vehmanvr,numoccs,regowner,regstate,spuse,make,model,modelyr,vrf1,vrf2,seqevent1,seqevent2,seqevent3,seqevent4,seqevent5,seqevent6,pnumber,ptype,age,sex,hispanic,race,injury,diedscene,restraint,restraintmisuse,seatpos,takehosp,death_dt,death_tm,cert,cernum_wa,commlic,licendor,licrestrict,liccomp,drivpres,drf1,drf2,drf3,drf4,distract1,distract2,distract3,distract4,distract5,distract6,dricond1,dricond2,dricond3,dricond4,dricond5,dricond6,dzip,licstate,drhgt_in,weight,noncdl,noncdltype,prevdwi,prevoth,prevacc,prevspd,prevsus,driviol1,driviol2,driviol3,driviol4,driviol5,driviol6,spdrel,first_dt,last_dt,airbag,ejection,ejectpath,extricat,injurwrk,methalc,methdrug,nmlocat,strikveh,prf1,prf2,prf3,druginv,alcinvol,drugsts,drugres1,drugres2,drugres3,drugtst1,drugtst2,drugtst3,alcsts,alctst,alcres,nmact1,nmact2,nmact3,nmact4,nmact5,nmact6,nmprior1,nmprior2,nmprior3,nmprior4,nmprior5,nmprior6,nmcond1,nmcond2,nmcond3,nmcond4,nmcond5,nmcond6,nmsafe_helmet,nmsafe_pads,nmsafe_oth,nmprev_ref,nmprev_lgt,nmprev_oth,crashlocation,nmcrashtype,crosswalk,schoolzone,sidewalk,train_inv,wildlife_inv,rotr_fars,intersect_fars,dd_inv,aid_inv,dpd_inv,id_inv,mj_inv,impnm_inv,ainm_inv,dpnm_inv,speed_inv,unlic_inv,unendmc_inv,drowsy_inv,drdist_inv,nmdist_inv,fty_inv,unrestfat_inv,dr1617_inv,dr1820_inv,dr1620_inv,dr2125_inv,dr1625_inv,dr65_inv,dr70_inv,dr75_inv,mc_inv,pv_inv,ht_inv,ped_inv,bike_inv,unrest_fat,mc_fat,unhelmet_mc,pv_fat,ht_fat,ped_fat,bike_fat,dr_alc7,dr_alc8,dr_drug,dr_imp,dr_dist,dr_spd,dr_fty,dr_unlic,dr_alc7only,dr_alc8only,dr_drugonly,dr_drink,nm_imp,nm_alc7,nm_alc8,nm_drug,nm_dist,agegrp1,agegrp2,roadclass,urbrur,dayweek,restuse,vehtype,race_me,intersect,lanedep,oppdir,wrongway,rep_typ,investag,repag_long,rotr,st_rd,cty_rd,city_rd,oth_rd,drug_thc,thc_res,drug_cthc,cthc_res,drug_cann,prevpersemin,prevperse,prevsusoth,drugtst4,drugtst5,drugtst6,drugtst7,drugtst8,drugres4,drugres5,drugres6,drugres7,drugres8,adspresent,adsengaged,adslevel,race1,race2,race3,race4,race5,helmet,helmetmisuse,nmdistract1,nmdistract2,nmdistract3,nmdistract4,nmdistract5,nmdistract6,lab,isedtcase,crf1,crf2,crf3,CoRoadName,CoMP,IntCoRoadName,IntCoMP
2021,54,EB11756,7,02/21/2021,9:59,21,2,,33,King,1960,10,,1,1,1,1,0,1,1,,,,1,0,0,0.1,5,1,1,1,2,1,1,0,0,0,0,I-5 RAMP,,-122.3221472,47.64144722,0,1,6,12,2,98,4,0,0,1,2,1,2,1,1,6,14,1,1,53,0,30,40,2001,0,,64,1,24,,,,1,1,44,2,7,,4,0,20,7,11,5,02/21/2021,11:39,1.96053E+11,9358,0,0,3,3,1,0,,,,96,,,,,,99,,,,,,98121,53,69,140,6,1,0,0,0,0,,0,,,,,,4,,,20,1,9,0,0,9,8,,,0,,,9,9,2,996,522,605,1,1,1,2,1,0.226,,,,,,,,,,,,,,,,,,,,,,,,,,,,,,0,0,1,0,1,1,1,1,1,0,0,0,1,0,0,0,0,0,0,1,0,0,0,0,0,0,0,0,0,1,0,0,0,1,0,,1,0,0,0,0,1,1,1,0,1,0,0,0,0,0,1,,,,,,41-45,36-45,Interstate,U,Sunday,Not Used,PV,White,0,1,0,0,State Route,State Patrol,Washington State Patrol,1,1,0,0,0,thc,1,,,,0,0,0,,,,,,,,,,,98,98,98,1,,,,,20,,,,,,,,nms,1,0,,,,,,
2020,534,3837909,263,04/16/2020,21:15,16,4,,33,King,1960,1,,3,1,2,1,1,1,1,21:16,21:32,21:43,8,0,0,0,3,0,2,3,2,4,6,0,0,3,3,RAINIER AVE S,MARTIN LUTHER KING JR WAY S,-122.2966056,47.57633056,0,1,13,80,5,25,21,0,0,1,5,8,1,1,6,1,1,1,1,53,0,20,461,1990,0,,8,,,,,,1,1,61,1,0,,0,0,3,0,11,0,,,,,0,0,0,3,1,0,,,,96,,,,,,0,,,,,,98122,53,73,260,6,1,0,1,0,0,,0,,,,,,0,03/15/2019,03/15/2019,20,0,0,0,8,9,8,,,0,,,8,8,0,0,,,0,,,0,0,996,,,,,,,,,,,,,,,,,,,,,,,,,,,,,,0,0,0,1,0,0,0,0,0,1,1,1,0,0,0,0,0,0,0,0,0,0,0,0,0,0,0,0,0,1,0,1,0,0,0,,0,0,0,0,0,0,0,0,0,0,0,0,0,0,0,0,,,,,,61-65,56-65,City street,U,Thursday,Belt Used,PV,Not Fatal,1,0,0,0,City Street,Municipal/City Police,Seattle Police Department,0,0,0,1,0,,,,,,0,0,0,,,,,,,,,,,0,0,0,0,,,,,20,7,,,,,,,,1,0,,,,,,
2017,71,E649721,25,02/27/2017,11:23,27,2,0,33,King,0,2,0,1,2,2,1,0,2,1,,,,30,0,0,9.1,1,0,1,5,2,2,4,0,0,0,0,CR-W VALLEY HWY S,,-122.2609028,47.27305556,0,1,2,6,1,25,4,0,0,1,5,30,1,1,2,1,1,2,2,53,0,13,12,2001,0,0,63,30,35,,,,1,1,32,1,7,2,4,7,20,0,11,0,02/27/2017,11:23,10053011321,11321,0,0,0,2,1,0,0,0,0,96,,,,,,99,,,,,,98122,53,74,230,1,1,1,0,0,0,0,0,,,,,,3,03/15/2012,03/15/2012,8,0,0,0,0,9,8,,,0,0,0,8,9,2,605,0,0,1,0,0,2,1,0.23,,,,,,,,,,,,,,,,,,,,,,,,,,,,,,0,0,0,0,1,1,1,1,1,0,0,0,1,1,0,0,0,0,0,1,0,0,0,0,0,0,0,0,0,1,0,0,0,1,0,,1,0,0,0,0,1,1,1,0,1,0,1,0,0,0,1,,,,,,31-35,26-35,County road,U,Monday,Not Used,PV,Black,0,1,0,0,County Road,County Sheriff,King County Police,1,0,1,0,0,thc,9.6,carboxy-thc,57,,,,,,,,,,,,,,,,,,,,,,,,,,,,,,,,,,,,,,,
2018,352,E846785,160,10/06/2018,22:28,6,10,7,33,King,1030,1,0,3,1,2,1,1,1,1,,,,8,0,0,2.7,1,0,1,4,2,1,3,0,0,0,0,SR-515,,-122.1970528,47.41034722,0,1,13,80,5,40,15,0,0,1,7,8,1,1,5,5,1,1,1,53,0,12,422,1998,0,0,8,,,,,,1,1,62,1,0,0,0,0,99,0,11,0,,,,,0,0,3,3,1,91,0,0,0,96,,,,,,9,,,,,,98122,53,66,182,6,1,0,1,0,1,,1,,,,,,0,04/15/2015,01/15/2017,20,0,0,0,8,2,8,,,0,0,0,8,1,2,1,,,1,,,2,10,0.25,,,,,,,,,,,,,,,,,,,,,,,,,,,,,,0,0,0,0,1,1,0,1,0,1,1,0,0,0,0,0,0,0,0,0,0,0,0,0,0,0,0,0,0,1,0,1,0,0,0,,0,0,0,0,0,1,0,1,0,0,0,0,0,1,0,1,,,,,,61-65,56-65,State route,U,Saturday,Unknown,PV,Not Fatal,0,0,0,0,State Route,Municipal/City Police,Kent Police Department,0,1,0,0,0,,,,,,0,0,2,,,,,,,,,,,,,,,,,,,,,,,,,,,,,,,,,,,
2019,135,E918789,7,02/12/2019,14:49,12,2,,33,King,1960,2,0,1,2,2,1,0,2,2,,,,12,0,1,160.2,1,0,1,1,2,1,1,0,0,0,0,I-5,,-122.2984083,47.53655278,0,2,20,50,3,60,6,0,0,1,7,12,1,1,5,3,1,1,2,41,0,35,49,2015,0,0,12,,,,,,1,1,31,1,0,,0,0,3,0,11,0,,,,,0,0,0,3,1,26,0,0,0,96,,,,,,0,,,,,,98122,53,70,160,6,1,0,1,2,2,,58,,,,,,0,06/15/2014,10/15/2017,1,0,0,0,8,9,8,,,0,0,0,8,0,8,95,,,96,,,8,95,995,,,,,,,,,,,,,,,,,,,,,,,,,,,,,,0,0,0,0,0,0,0,0,0,0,0,0,0,1,0,0,0,0,0,1,0,0,0,0,0,0,0,0,0,1,0,0,0,0,0,,0,0,0,0,0,0,0,0,0,0,0,0,0,0,0,0,,,,,,31-35,26-35,Interstate,U,Tuesday,Belt Used,PV,Not Fatal,0,0,0,0,State Route,State Patrol,Washington State Patrol,0,1,0,0,0,,,,,,0,0,0,,,,,,,,,,,98,98,98,0,,,,,20,7,,,,,,,,,,,,,,,
2019,357,3796019,263,10/08/2019,7:05,8,10,,33,King,1960,1,0,4,1,1,1,0,3,2,,,,12,0,6,0,2,0,3,7,2,4,6,0,0,0,0,AIRPORT WAY S,S HINDS ST,-122.3216472,47.57351944,0,1,64,10,2,30,14,0,0,1,2,12,2,1,5,2,14,2,5,53,0,42,402,2011,0,0,68,12,,,,,1,1,24,1,7,,4,7,99,7,11,0,10/08/2019,7:06,1.96053E+11,46088,0,0,0,0,1,28,0,0,0,96,,,,,,99,,,,,,98124,53,,999,0,0,99,99,99,99,,0,,,,,,3,,,1,1,9,0,0,9,8,,,0,0,0,8,9,2,401,417,,1,1,,2,1,0,,,,,,,,,,,,,,,,,,,,,,,,,,,,,,0,0,0,1,0,0,1,1,0,0,0,0,1,1,0,0,0,0,0,0,0,0,0,1,1,0,0,0,0,1,1,0,0,0,0,,1,0,0,0,0,0,1,1,0,1,0,1,0,0,1,0,,,,,,21-25,16-25,City street,U,Tuesday,Unknown,PV,AIAN,0,1,1,0,City Street,Municipal/City Police,Seattle Police Department,0,0,0,1,0,,,,,,99,99,99,,,,,,,,,,,98,98,98,3,,,,,20,7,,,,,,,,,,,,,,,
2017,4,3747633,263,01/01/2017,18:47,1,1,1,33,King,1960,1,0,3,1,1,1,1,1,1,,,,8,1,0,0,3,0,2,4,2,4,6,0,0,0,0,WALLINGFORD AVE N,N 82ND ST,-122.3364222,47.6887,0,1,13,80,5,30,14,0,0,1,2,8,1,1,2,1,1,1,2,53,0,23,401,2000,0,0,8,,,,,,1,1,27,2,0,0,0,0,99,0,11,0,,,,,0,0,3,3,1,0,0,0,0,93,,,,,,9,,,,,,98125,53,61,125,6,1,0,1,1,2,0,97,,,,,,0,03/15/2012,12/15/2016,99,0,0,0,8,9,8,,,0,0,0,8,1,2,605,0,0,1,0,0,2,1,0.14,,,,,,,,,,,,,,,,,,,,,,,,,,,,,,0,0,0,1,1,1,1,1,1,1,0,1,0,0,0,0,1,0,0,0,0,0,0,0,0,0,0,0,0,1,0,1,0,0,0,,0,0,0,0,0,1,1,1,1,0,0,0,0,0,0,1,,,,,,26-30,26-35,City street,U,Sunday,Unknown,PV,Not Fatal,1,0,0,0,City Street,Municipal/City Police,Seattle Police Department,0,0,0,1,0,thc,2,carboxy-thc,53,,,,,,,,,,,,,,,,,,,,,,,,,,,,,,,,,,,,,,,
2019,106,3810331,263,02/22/2019,19:13,22,2,,33,King,1960,10,0,3,1,2,1,1,3,2,,,,8,0,0,1.1,1,0,1,3,2,1,3,0,0,0,0,SR-522,,-122.3076083,47.69070833,0,1,13,80,5,35,2,0,0,1,3,8,1,1,2,2,1,2,1,53,0,58,31,1991,0,0,8,,,,,,1,1,75,1,0,,1,0,99,7,11,8,,,,,0,0,0,3,1,0,0,0,0,96,,,,,,0,,,,,,98125,53,72,174,6,1,0,0,0,0,,0,,,,,,0,,,20,0,0,0,8,9,2,,,0,0,0,0,0,8,95,,,96,,,8,95,995,,,,,,,,,,,,,,,,,,,,,,,,,,,,,,0,0,0,0,0,0,0,0,0,1,1,0,0,0,0,0,0,1,0,0,0,0,0,0,0,1,1,1,0,1,0,1,0,0,0,,0,0,0,0,0,0,0,0,0,0,0,0,0,0,0,0,,,,,,71-75,66-75,State route,U,Friday,Unknown,PV,Not Fatal,0,0,0,0,State Route,Municipal/City Police,Seattle Police Department,0,1,0,0,0,,,,,,0,0,0,,,,,,,,,,,0,0,0,0,,,,,20,7,,,,,,,,,,,,,,,
2019,12,E883511,184,01/13/2019,15:16,13,1,,61,Snohomish,1215,1,0,1,1,2,1,0,2,3,,,,12,0,6,0,4,0,1,7,2,4,6,0,0,0,0,76TH AVE W,198TH ST SW,-122.3358778,47.81981389,0,2,82,15,2,30,5,0,0,1,7,12,1,1,2,1,11,1,2,53,0,20,39,2008,0,0,12,,,,,,1,1,66,1,7,,4,0,3,0,11,4,01/13/2019,16:17,1.96053E+11,2272,0,0,0,3,1,0,0,0,0,96,,,,,,99,,,,,,98125,53,66,153,6,1,0,1,0,0,,0,,,,,,0,03/15/2017,03/15/2017,8,0,0,0,0,9,8,,,0,0,0,8,9,2,1,,,1,,,2,1,0,,,,,,,,,,,,,,,,,,,,,,,,,,,,,,0,0,0,0,0,0,1,1,1,0,0,0,1,1,0,0,0,0,0,0,0,0,0,0,0,1,0,0,0,1,0,0,0,0,0,,1,0,0,0,0,0,0,0,0,0,0,0,0,0,0,0,,,,,,66-70,66-75,City street,U,Sunday,Belt Used,PV,API,0,0,0,0,City Street,Municipal/City Police,Lynnwood Police Department,0,0,0,1,0,,,,,,0,0,0,,,,,,,,,,,98,98,98,48,,,,,20,7,,,,,,,,,,,,,,,
2019,155,E922598,7,05/06/2019,18:35,6,5,,33,King,1960,1,0,1,1,1,1,0,2,2,,,,12,0,6,1.6,2,0,2,3,2,1,3,0,0,0,0,SR-523,17TH AVE NE,-122.3100583,47.73393333,0,2,68,54,3,35,5,0,0,1,2,12,1,1,4,1,11,1,1,53,0,37,39,2019,0,0,12,,,,,,1,1,51,2,0,,0,0,3,0,11,0,,,,,0,0,3,3,1,0,0,0,0,96,,,,,,0,,,,,,98125,53,69,210,6,1,0,1,0,1,,0,,,,,,0,08/15/2014,07/15/2015,8,0,0,0,8,9,8,,,0,0,0,8,0,8,95,,,96,,,8,95,995,,,,,,,,,,,,,,,,,,,,,,,,,,,,,,0,0,0,1,0,0,1,1,1,0,0,0,1,0,0,0,0,0,0,0,0,0,0,1,1,0,0,0,1,1,0,0,0,0,0,,0,0,0,0,0,0,0,0,0,0,0,0,0,0,0,0,,,,,,51-55,46-55,State route,U,Monday,Belt Used,PV,Not Fatal,1,0,0,0,State Route,State Patrol,Washington State Patrol,0,1,0,0,0,,,,,,0,0,0,,,,,,,,,,,98,98,98,0,,,,,20,7,,,,,,,,,,,,,,,
2019,198,E934696,7,06/25/2019,4:27,25,6,,33,King,0,5,0,2,0,0,1,0,4,2,,,,12,0,6,14,4,0,1,4,2,1,3,0,0,0,0,SR-202,,-121.9956583,47.62945556,0,1,82,15,2,0,2,0,0,1,7,12,0,0,0,0,11,3,2,53,0,12,3,2000,0,0,12,,,,,,1,1,19,2,1,,4,7,3,0,11,0,06/25/2019,4:27,53028338,28338,0,0,0,0,1,38,48,0,0,93,,,,,,99,,,,,,98125,53,64,130,0,0,0,0,0,0,,0,,,,,,0,,,8,0,0,0,0,9,8,,,0,0,0,8,9,2,401,417,407,1,1,1,2,1,0,,,,,,,,,,,,,,,,,,,,,,,,,,,,,,0,0,0,0,0,0,1,1,1,0,0,0,0,1,0,0,1,0,1,0,0,1,1,1,1,0,0,0,0,1,0,0,0,0,0,,1,0,0,0,0,0,1,1,1,0,1,1,0,0,1,0,,,,,,18-20,16-25,State route,U,Tuesday,Belt Used,PV,Hispanic,0,0,0,0,State Route,State Patrol,Washington State Patrol,0,1,0,0,0,thc,4.8,carboxy-thc,23,,0,0,0,1,1,1,,,402,605,695,,,98,98,98,202,201,,,,20,7,,,,,,,nms,,,,,,,,
2019,472,E992886,297,12/11/2019,18:35,11,12,,33,King,2310,2,0,3,6,2,1,1,3,2,,,,8,0,0,0,3,0,2,7,2,4,6,0,0,0,0,S 124TH ST,46TH AVE S,-122.276,47.49231667,0,1,13,80,5,25,4,0,0,1,5,8,1,1,2,1,1,2,1,53,0,54,44,2016,0,0,8,,,,,,1,1,73,2,0,,0,0,3,0,11,0,,,,,0,0,3,3,1,38,0,0,0,96,,,,,,98,,,,,,98125,53,63,127,6,1,0,0,0,0,,46,,,,,,0,,,20,0,0,0,8,9,8,,,0,0,0,8,8,8,95,,,96,,,8,95,995,,,,,,,,,,,,,,,,,,,,,,,,,,,,,,0,0,0,1,0,0,0,0,0,1,1,0,0,0,0,0,0,0,1,0,0,0,0,1,1,1,1,0,0,1,0,1,0,0,0,,0,0,0,0,0,0,0,0,0,0,1,0,0,0,0,0,,,,,,71-75,66-75,City street,U,Wednesday,Belt Used,PV,Not Fatal,1,0,0,0,City Street,Municipal/City Police,Tukwila Police Department,0,0,0,1,0,,,,,,0,0,0,,,,,,,,,,,98,98,98,0,,,,,20,7,,,,,,,,,,,,,,,
2020,152,EA33740,269,05/13/2020,14:32,13,5,,33,King,2005,1,,1,1,2,1,0,3,3,14:35,14:38,15:08,12,0,6,0,2,0,2,3,2,4,6,0,0,3,3,NE 175TH ST,10TH AVE NE,-122.3187639,47.75579444,0,2,89,66,4,30,14,0,0,1,2,12,1,2,2,1,1,1,2,53,0,37,402,1998,0,,12,68,12,68,63,38,1,1,61,2,7,,4,0,3,0,11,5,05/23/2020,23:29,1.96053E+11,24020,0,0,3,3,1,0,,,,96,,,,,,0,,,,,,98125,53,61,139,6,1,0,0,0,0,,0,,,,,,0,,,1,0,0,0,0,9,8,,,0,,,8,8,2,695,605,996,1,1,1,2,1,0,,,,,,,,,,,,,,,,,,,,,,,,,,,,,,0,0,0,1,0,0,1,1,1,0,0,0,0,0,0,0,0,0,0,0,0,0,0,0,0,0,0,0,0,1,0,0,0,0,0,,1,0,0,0,0,0,1,1,0,0,0,0,0,0,1,0,,,,,,61-65,56-65,City street,U,Wednesday,Belt Used,PV,White,1,0,0,0,City Street,Municipal/City Police,Shoreline Police Department,0,0,0,1,0,thc,3,carboxy-thc,83,,0,0,0,1,,,,,348,,,,,0,0,0,1,,,,,20,7,,,,,,,,1,0,,,,,,
2020,560,EA70533,248,10/10/2020,2:11,10,10,,33,King,1830,2,,3,2,2,1,1,1,1,2:19,2:26,3:03,8,0,0,28.5,3,0,2,3,2,1,3,0,0,3,3,SR-167,S 3RD ST,-122.2171694,47.47978889,0,1,13,80,5,35,6,0,0,1,2,8,1,1,8,1,1,1,1,53,0,49,46,2014,0,,8,,,,,,1,1,54,1,0,,0,0,3,0,11,0,,,,,0,0,3,3,1,0,,,,96,,,,,,0,,,,,,98125,53,66,155,6,1,0,0,0,0,,0,,,,,,0,,,20,0,0,0,8,2,8,,,0,,,8,0,0,0,,,0,,,2,10,0,,,,,,,,,,,,,,,,,,,,,,,,,,,,,,0,0,0,1,0,0,0,0,0,0,0,0,0,0,0,0,0,0,0,0,0,0,0,0,0,0,0,0,0,1,0,1,0,0,0,,0,0,0,0,0,0,0,0,0,0,0,0,0,0,0,0,,,,,,51-55,46-55,State route,U,Saturday,Belt Used,PV,Not Fatal,1,0,0,0,State Route,Municipal/City Police,Renton Police Department,0,1,0,0,0,,,,,,0,0,0,,,,,,,,,,,98,98,98,0,,,,,20,7,,,,,,,,1,0,,,,,,
2021,23,EB01018,7,01/24/2021,19:23,24,1,,33,King,1960,2,,2,2,2,1,1,2,1,,,,8,0,0,173.1,1,0,1,1,2,1,1,0,0,0,0,I-5,,-122.3270417,47.71375278,0,1,13,80,5,60,14,0,0,1,5,8,3,1,6,3,14,2,1,53,0,2,404,2001,0,,8,,,,,,1,1,50,1,0,,0,0,3,0,11,0,,,,,0,0,0,3,1,0,,,,96,,,,,,98,,,,,,98125,53,67,185,6,1,0,0,0,0,,0,,,,,,0,,,20,0,0,0,8,9,8,,,0,,,8,8,0,0,,,0,,,0,0,996,,,,,,,,,,,,,,,,,,,,,,,,,,,,,,0,0,0,0,0,0,0,0,0,0,0,0,0,0,0,0,0,0,0,0,0,0,0,0,0,0,0,0,0,1,0,1,0,0,0,,0,0,0,0,0,0,0,0,0,0,0,0,0,0,0,0,,,,,,46-50,46-55,Interstate,U,Sunday,Belt Used,PV,Not Fatal,0,0,0,0,State Route,State Patrol,Washington State Patrol,0,1,0,0,0,,,,,,0,0,0,,,,,,,,,,,98,98,98,0,,,,,20,,,,,,,,,1,19,23,,,,,
2021,140,EB31925,6,04/21/2021,20:18,21,4,,25,Grant,0,1,,5,1,2,1,0,2,2,,,,12,0,2,14.2,1,0,1,2,1,1,3,0,0,0,0,SR-26,,-119.7030194,46.899025,0,1,50,10,2,60,20,0,0,1,2,12,1,1,2,1,6,1,1,53,0,7,442,2019,0,,68,12,,,,,1,1,70,2,7,,4,7,3,0,11,0,04/21/2021,20:18,53021633,21633,0,0,0,3,1,28,35,,,96,,,,,,98,,,,,,98125,53,61,116,6,1,0,0,0,0,,0,,,,,,0,,,8,2,9,0,0,9,8,,,0,,,8,8,2,996,,,1,,,2,1,0,,,,,,,,,,,,,,,,,,,,,,,,,,,,,,0,0,0,0,0,0,1,1,0,0,0,0,0,0,0,0,0,0,0,0,0,1,1,0,1,1,1,0,0,1,0,0,0,0,0,,1,0,0,0,0,0,1,1,0,0,0,0,0,0,1,0,,,,,,66-70,66-75,State route,R,Wednesday,Belt Used,PV,White,0,1,1,0,State Route,State Patrol,Washington State Patrol,0,1,0,0,0,,,,,,0,0,0,,,,,,,,,,,98,98,98,1,,,,,20,,,,,,,,,1,0,,,,,,
2021,612,EC05553,25,12/15/2021,19:26,15,12,,33,King,229,10,,3,2,2,1,0,3,3,,,,12,0,6,,2,0,2,3,2,4,6,0,0,3,3,1ST AVE S,S 136th St,-122.333825,47.4813,0,1,88,17,2,35,20,0,0,1,5,12,1,1,4,1,1,1,1,53,0,7,442,1996,0,,12,12,,,,,1,1,55,2,0,,0,0,3,0,11,0,,,,,0,0,0,3,1,39,,,,96,,,,,,98,,,,,,98125,53,66,126,6,1,0,0,0,0,,0,,,,,,0,,,8,0,0,0,8,9,8,,,0,,,8,8,2,996,605,,1,1,,2,1,0,,,,,,,,,,,,,,,,,,,,,,,,,,,,,,0,0,0,1,0,0,1,1,1,0,0,0,0,0,0,0,0,0,0,1,0,0,0,0,0,1,0,0,0,1,0,0,0,0,0,,0,0,0,0,0,0,1,1,0,0,0,0,0,0,1,0,,,,,,51-55,46-55,City street,U,Wednesday,Belt Used,PV,Not Fatal,1,0,0,0,City Street,County Sheriff,King County Police,0,0,0,1,0,,,carboxy-thc,18,,0,0,0,,,,,,,,,,,0,0,0,0,,,,,20,,,,,,,,,1,0,,,,,,
2021,583,3881736,263,04/02/2021,15:22,2,4,,33,King,1960,1,,1,1,2,1,0,2,2,,,,12,0,6,0,1,0,1,4,2,4,6,0,0,0,0,BEACH DR SW,,-122.4063639,47.56311389,0,1,48,53,3,25,4,0,0,1,2,12,2,1,2,1,8,1,1,53,0,54,35,2000,0,,12,,,,,,1,1,47,1,0,,0,0,3,0,11,0,,,,,0,0,0,3,1,10,38,,,0,,,,,,98,,,,,,98126,53,68,200,6,1,0,1,0,0,,97,,,,,,0,05/15/2018,05/15/2018,20,0,0,0,8,9,8,,,0,,,8,8,8,95,,,96,,,8,95,995,,,,,,,,,,,,,,,,,,,,,,,,,,,,,,0,0,0,0,1,0,0,0,0,0,0,0,0,0,0,0,0,0,1,0,0,0,0,0,0,0,0,0,1,1,0,0,0,0,0,,0,0,0,0,0,0,0,0,0,0,1,0,0,0,0,0,,,,,,46-50,46-55,City street,U,Friday,Belt Used,PV,Not Fatal,0,0,0,0,City Street,Municipal/City Police,Seattle Police Department,0,0,0,1,0,,,,,,0,0,0,,,,,,,,,,,98,98,98,0,,,,,20,,,,,,,,,1,0,,,,,,
2018,98,E786526,5,04/07/2018,20:14,7,4,0,15,Cowlitz,0,2,0,2,2,2,1,0,8,3,,,,12,0,1,43.1,1,0,1,1,2,1,1,0,0,0,0,I-5,,-122.896225,46.188825,0,3,24,51,3,70,2,0,0,1,7,12,1,1,3,2,1,1,2,53,0,20,9,2017,0,0,12,,,,,,1,1,21,1,0,0,0,0,3,0,11,0,,,,,0,0,0,3,1,26,0,0,0,96,,,,,,0,,,,,,98126,53,71,205,6,1,0,0,0,1,,97,,,,,,4,07/15/2016,07/15/2016,8,0,0,0,8,9,8,,,0,0,0,8,1,8,95,,,96,,,8,95,995,,,,,,,,,,,,,,,,,,,,,,,,,,,,,,0,0,0,0,1,0,0,0,0,0,0,0,1,0,0,0,0,0,0,1,1,0,1,1,1,0,0,0,0,1,0,0,0,0,0,,0,0,0,0,0,0,0,0,0,1,0,0,0,0,0,1,,,,,,21-25,16-25,Interstate,U,Saturday,Belt Used,PV,Not Fatal,0,0,0,0,State Route,State Patrol,Washington State Patrol Headquarter,0,1,0,0,0,,,,,,0,0,0,,,,,,,,,,,,,,,,,,,,,,,,,,,,,,,,,,,
2020,5,EA02006,7,01/05/2020,14:14,5,1,,33,King,1960,1,,1,2,1,1,0,4,2,14:23,14:34,15:02,12,0,11,0.1,5,1,1,1,2,1,1,0,0,0,0,I-5 RAMP,,-122.3307194,47.71005278,0,1,98,12,2,98,4,0,0,1,2,12,2,1,1,6,14,1,1,53,0,37,31,2014,0,,68,64,67,12,,,1,1,23,1,0,,1,0,3,0,11,5,,,,,0,0,0,3,1,0,,,,96,,,,,,9,,,,,,98132,53,72,155,6,1,0,0,0,1,,97,,,,,,4,08/15/2019,08/15/2019,8,0,0,0,8,9,8,,,0,,,8,1,2,695,605,,1,1,,2,1,0.15,,,,,,,,,,,,,,,,,,,,,,,,,,,,,,0,0,0,0,1,1,1,1,1,0,0,0,1,0,0,0,0,0,0,0,0,0,0,1,1,0,0,0,0,1,0,0,0,0,0,,0,0,0,0,0,1,1,1,0,1,0,0,0,0,0,1,,,,,,21-25,16-25,Interstate,U,Sunday,Belt Used,PV,Not Fatal,0,1,1,0,State Route,State Patrol,Washington State Patrol,0,1,0,0,0,thc,4.4,carboxy-thc,49,,0,0,0,,,,,,,,,,,98,98,98,0,,,,,20,7,,,,,,,,1,0,,,,,,
2019,66,3748144,263,01/18/2019,16:32,18,1,,33,King,1960,10,0,3,2,2,1,0,4,2,,,,12,0,1,31,2,0,2,3,2,1,3,0,0,0,0,SR-99,N 84TH ST,-122.3445972,47.68983889,0,1,24,51,3,30,2,0,0,1,7,12,1,1,3,3,1,1,1,53,0,19,3,1969,0,0,12,,,,,,1,1,76,1,7,,4,8,99,7,11,4,01/18/2019,17:07,1.96053E+11,3606,0,0,3,3,1,0,0,0,0,96,,,,,,99,,,,,,98133,53,72,180,6,1,0,0,0,0,,0,,,,,,4,,,20,9,0,0,0,9,8,,,0,0,0,8,9,2,1,,,1,,,2,1,0,,,,,,,,,,,,,,,,,,,,,,,,,,,,,,0,0,0,1,0,0,0,0,0,0,0,0,1,0,0,0,0,0,0,0,0,0,0,0,0,1,1,1,0,1,0,0,0,0,0,,1,0,0,0,0,0,0,0,0,1,0,0,0,0,0,0,,,,,,76-80,76+,State route,U,Friday,Unknown,PV,White,0,0,0,0,State Route,Municipal/City Police,Seattle Police Department,0,1,0,0,0,,,,,,0,0,0,,,,,,,,,,,0,0,0,1,,,,,20,7,,,,,,,,,,,,,,,