year,case,par,repjur,crash_dt,crash_tm,accday,accmon,holiday,county,co_char,city,weather,weather2,lightcond,surfcond,surftype,numfatal,nmforms,pforms,vforms,not_tm,arr_tm,hosp_tm,fhevent,hitrun,manncol,milepnt,reljunc,reljuncinter,intersectiontype,funcsystem,landuse,ownership,route,schlbus,spejur,contdev,devfunc,trafid1,trafid2,x,y,wk_zone,vnumber,crashtype,criticalevent,criticaleventcat,spdlim,body,trailer,emerg,hazcargo,leave,mhevent,roadalgn,roadprof,traflane,trafflow,vehmanvr,numoccs,regowner,regstate,spuse,make,model,modelyr,vrf1,vrf2,seqevent1,seqevent2,seqevent3,seqevent4,seqevent5,seqevent6,pnumber,ptype,age,sex,hispanic,race,injury,diedscene,restraint,restraintmisuse,seatpos,takehosp,death_dt,death_tm,cert,cernum_wa,commlic,licendor,licrestrict,liccomp,drivpres,drf1,drf2,drf3,drf4,distract1,distract2,distract3,distract4,distract5,distract6,dricond1,dricond2,dricond3,dricond4,dricond5,dricond6,dzip,licstate,drhgt_in,weight,noncdl,noncdltype,prevdwi,prevoth,prevacc,prevspd,prevsus,driviol1,driviol2,driviol3,driviol4,driviol5,driviol6,spdrel,first_dt,last_dt,airbag,ejection,ejectpath,extricat,injurwrk,methalc,methdrug,nmlocat,strikveh,prf1,prf2,prf3,druginv,alcinvol,drugsts,drugres1,drugres2,drugres3,drugtst1,drugtst2,drugtst3,alcsts,alctst,alcres,nmact1,nmact2,nmact3,nmact4,nmact5,nmact6,nmprior1,nmprior2,nmprior3,nmprior4,nmprior5,nmprior6,nmcond1,nmcond2,nmcond3,nmcond4,nmcond5,nmcond6,nmsafe_helmet,nmsafe_pads,nmsafe_oth,nmprev_ref,nmprev_lgt,nmprev_oth,crashlocation,nmcrashtype,crosswalk,schoolzone,sidewalk,train_inv,wildlife_inv,rotr_fars,intersect_fars,dd_inv,aid_inv,dpd_inv,id_inv,mj_inv,impnm_inv,ainm_inv,dpnm_inv,speed_inv,unlic_inv,unendmc_inv,drowsy_inv,drdist_inv,nmdist_inv,fty_inv,unrestfat_inv,dr1617_inv,dr1820_inv,dr1620_inv,dr2125_inv,dr1625_inv,dr65_inv,dr70_inv,dr75_inv,mc_inv,pv_inv,ht_inv,ped_inv,bike_inv,unrest_fat,mc_fat,unhelmet_mc,pv_fat,ht_fat,ped_fat,bike_fat,dr_alc7,dr_alc8,dr_drug,dr_imp,dr_dist,dr_spd,dr_fty,dr_unlic,dr_alc7only,dr_alc8only,dr_drugonly,dr_drink,nm_imp,nm_alc7,nm_alc8,nm_drug,nm_dist,agegrp1,agegrp2,roadclass,urbrur,dayweek,restuse,vehtype,race_me,intersect,lanedep,oppdir,wrongway,rep_typ,investag,repag_long,rotr,st_rd,cty_rd,city_rd,oth_rd,drug_thc,thc_res,drug_cthc,cthc_res,drug_cann,prevpersemin,prevperse,prevsusoth,drugtst4,drugtst5,drugtst6,drugtst7,drugtst8,drugres4,drugres5,drugres6,drugres7,drugres8,adspresent,adsengaged,adslevel,race1,race2,race3,race4,race5,helmet,helmetmisuse,nmdistract1,nmdistract2,nmdistract3,nmdistract4,nmdistract5,nmdistract6,lab,isedtcase,crf1,crf2,crf3,CoRoadName,CoMP,IntCoRoadName,IntCoMP
2021,493,3876530,263,09/09/2021,23:51,9,9,,33,King,1960,1,,3,1,2,1,1,1,1,,,,8,1,0,29.1,2,0,3,2,2,1,3,0,0,0,0,SR-99,N 46TH ST,-122.3472583,47.66219444,0,1,13,80,5,40,34,0,0,1,2,8,1,8,2,3,1,1,2,53,0,7,472,2002,0,,8,,,,,,1,1,38,1,0,,0,0,99,7,11,0,,,,,0,0,3,2,1,0,,,,92,,,,,,9,,,,,,98133,53,68,190,2,1,0,2,0,1,,1,5,7,12,,,3,08/15/2021,07/15/2021,20,0,0,0,8,3,2,,,0,,,8,1,8,95,,,96,,,2,98,997,,,,,,,,,,,,,,,,,,,,,,,,,,,,,,0,0,0,1,1,0,0,0,0,1,1,1,1,1,0,0,1,0,0,0,0,0,0,0,0,0,0,0,0,1,0,1,0,0,0,,0,0,0,0,0,0,0,0,1,1,0,1,0,0,0,1,,,,,,36-40,36-45,State route,U,Thursday,Unknown,PV,Not Fatal,0,0,0,0,State Route,Municipal/City Police,Seattle Police Department,0,1,0,0,0,,,,,,0,0,1,,,,,,,,,,,98,98,98,0,,,,,20,,,,,,,,,1,0,,,,,,
2021,321,3906392,263,07/23/2021,22:46,23,7,,33,King,1960,1,,3,1,1,1,0,2,2,,,,12,0,1,34,3,0,3,3,2,1,3,0,0,3,3,SR-99,ROOSEVELT WAY N,-122.3450861,47.73357778,0,1,20,50,3,35,4,0,0,1,2,12,1,1,5,5,1,1,1,53,0,37,32,1995,0,,12,,,,,,1,1,21,1,7,,4,7,3,0,11,0,07/23/2021,22:46,1.96053E+11,36246,0,0,3,3,1,0,,,,96,,,,,,98,,,,,,98133,53,66,140,6,1,0,0,0,0,,0,,,,,,0,,,1,0,0,0,0,9,8,,,0,,,8,8,2,1,,,1,,,2,1,0,,,,,,,,,,,,,,,,,,,,,,,,,,,,,,0,0,0,1,0,0,1,1,1,0,0,0,0,0,0,0,0,0,0,0,0,0,0,1,1,0,0,0,0,1,1,0,0,0,0,,1,0,0,0,0,0,0,0,0,0,0,0,0,0,0,0,,,,,,21-25,16-25,State route,U,Friday,Belt Used,PV,White,1,0,0,0,State Route,Municipal/City Police,Seattle Police Department,0,1,0,0,0,,,,,,0,0,0,,,,,,,,,,,0,0,0,1,,,,,20,,,,,,,,,1,0,,,,,,
2017,476,E737847,2,11/12/2017,23:40,12,11,0,61,Snohomish,690,1,0,2,2,1,1,1,5,5,23:38,0:05,,12,0,1,194.6,1,0,1,1,2,1,1,0,0,0,0,I-5,,-122.1831556,47.98883333,0,5,98,53,3,60,9,0,0,1,2,12,1,2,3,3,1,3,9,99,0,49,40,1998,0,0,12,,,,,,1,1,58,2,0,0,2,0,3,0,11,4,,,,,0,0,3,3,1,0,0,0,0,0,,,,,,0,,,,,,98133,53,62,150,6,1,0,0,0,0,0,0,,,,,,0,,,20,0,0,0,8,9,8,,,0,0,0,8,0,0,0,0,0,0,0,0,0,0,996,,,,,,,,,,,,,,,,,,,,,,,,,,,,,,0,0,0,0,1,1,1,1,1,0,0,0,0,0,0,0,1,0,0,1,0,0,0,0,0,1,0,0,0,1,1,1,0,0,0,,0,0,0,0,0,0,0,0,0,0,0,0,0,0,0,0,,,,,,56-60,56-65,Interstate,U,Sunday,Belt Used,PV,Not Fatal,0,0,0,0,State Route,State Patrol,Washington State Patrol Headquarter,0,1,0,0,0,,,,,,,,,,,,,,,,,,,,,,,,,,,,,,,,,,,,,,,,,,,
2018,326,E837794,269,09/13/2018,7:04,13,9,0,33,King,2005,10,0,1,1,2,1,0,6,4,,,,12,0,2,34.6,2,0,2,3,2,1,3,0,0,3,3,SR-99,N 155TH ST,-122.3453833,47.74143333,0,3,98,98,7,40,34,0,0,1,7,12,1,1,7,1,1,2,2,53,0,12,481,1991,0,0,12,12,,,,,1,1,84,1,0,0,0,0,3,0,11,0,,,,,0,0,0,3,1,0,0,0,0,96,,,,,,0,,,,,,98133,53,73,250,6,1,0,0,0,0,,0,,,,,,0,,,20,0,0,0,8,9,8,,,0,0,0,8,0,8,95,,,96,,,8,95,995,,,,,,,,,,,,,,,,,,,,,,,,,,,,,,0,0,0,1,0,0,0,0,0,0,0,0,0,1,0,1,0,0,0,0,0,1,1,0,1,1,1,1,0,1,0,0,0,0,0,,0,0,0,0,0,0,0,0,0,0,0,0,0,0,0,0,,,,,,81+,76+,State route,U,Thursday,Belt Used,PV,Not Fatal,0,1,1,0,State Route,Municipal/City Police,Shoreline Police Department,0,1,0,0,0,,,,,,0,0,0,,,,,,,,,,,,,,,,,,,,,,,,,,,,,,,,,,,
2020,25,EA10311,184,01/31/2020,18:58,31,1,,61,Snohomish,1215,2,,3,2,2,1,1,3,1,,,,8,0,0,40.1,3,0,2,3,2,1,3,0,0,3,3,SR-99,200TH ST SW,-122.3181833,47.81758611,0,1,13,80,5,45,34,0,0,1,5,8,1,1,7,1,1,3,1,53,0,12,481,2013,0,,8,,,,,,1,1,33,1,0,,0,0,3,0,11,0,,,,,0,0,3,3,1,0,,,,96,,,,,,0,,,,,,98133,53,68,205,6,1,0,0,0,2,,0,,,,,,0,05/15/2017,02/15/2018,20,0,0,0,8,9,8,,,0,,,8,8,0,0,,,0,,,0,0,996,,,,,,,,,,,,,,,,,,,,,,,,,,,,,,0,0,0,1,0,0,0,0,0,0,0,0,0,0,0,0,0,0,0,0,0,0,0,0,0,0,0,0,0,1,0,1,0,0,0,,0,0,0,0,0,0,0,0,0,0,0,0,0,0,0,0,,,,,,31-35,26-35,State route,U,Friday,Belt Used,PV,Not Fatal,1,0,0,0,State Route,Municipal/City Police,Lynnwood Police Department,0,1,0,0,0,,,,,,0,0,0,,,,,,,,,,,98,98,98,0,,,,,20,7,,,,,,,,1,0,,,,,,
2020,167,EA38743,25,05/31/2020,19:13,31,5,,33,King,2005,10,,1,1,2,1,0,3,2,19:22,19:28,19:55,12,0,6,0,2,0,2,4,2,4,6,0,0,3,3,5TH AVE NE,NE 155th St,-122.3237,47.74131944,0,1,88,17,2,35,14,0,0,1,8,12,1,1,2,1,1,1,2,53,0,12,401,1991,0,,12,,,,,,1,1,42,1,7,,4,0,20,7,11,5,06/07/2020,18:40,1.96053E+11,26557,0,0,0,2,1,39,,,,96,,,,,,98,,,,,,98133,53,76,235,1,1,0,5,0,1,,0,,,,,,0,06/15/2016,10/15/2019,20,0,0,0,0,9,8,,,0,,,8,8,8,95,,,96,,,8,95,995,,,,,,,,,,,,,,,,,,,,,,,,,,,,,,0,0,0,1,0,0,0,0,0,0,0,0,0,1,0,0,0,0,0,1,0,0,0,0,0,0,0,0,0,1,0,0,0,1,0,,1,0,0,0,0,0,0,0,0,0,0,1,0,0,0,0,,,,,,41-45,36-45,City street,U,Sunday,Not Used,PV,White,1,0,0,0,City Street,County Sheriff,King County Police,0,0,0,1,0,,,,,,0,0,2,,,,,,,,,,,0,0,0,1,,,,,20,7,,,,,,,,1,0,,,,,,
2020,327,EA60735,269,09/02/2020,20:28,2,9,,33,King,2005,1,,3,1,2,1,1,1,1,,,,8,0,0,0,1,0,1,4,2,4,6,0,0,0,0,NW RICHMOND BEACH RD,,-122.3632417,47.76509167,0,1,13,80,5,30,14,0,0,1,5,8,1,1,3,5,1,1,1,53,0,2,408,2018,0,,8,,,,,,1,1,48,8,0,,0,0,3,0,11,0,,,,,6,0,3,3,1,10,,,,0,,,,,,0,,,,,,98133,53,64,182,6,1,0,1,0,0,,0,,,,,,0,11/15/2015,11/15/2015,20,0,0,0,8,9,8,,,0,,,8,8,8,95,,,96,,,8,95,995,,,,,,,,,,,,,,,,,,,,,,,,,,,,,,0,0,0,0,0,0,0,0,0,0,0,0,0,0,0,0,0,0,0,0,0,0,0,0,0,0,0,0,0,1,0,1,0,0,0,,0,0,0,0,0,0,0,0,0,0,0,0,0,0,0,0,,,,,,46-50,46-55,City street,U,Wednesday,Belt Used,PV,Not Fatal,0,0,0,0,City Street,Municipal/City Police,Shoreline Police Department,0,0,0,1,0,,,,,,0,0,0,,,,,,,,,,,98,98,98,0,,,,,20,7,,,,,,,,1,0,,,,,,
2021,615,EA98151,263,01/03/2021,7:00,3,1,,33,King,1960,2,,3,2,2,1,0,1,1,,,,30,0,0,32.7,1,0,1,3,2,1,3,0,0,0,0,SR-99,,-122.3448556,47.71500278,0,1,1,13,2,35,14,0,0,1,5,30,1,2,2,1,1,1,2,53,0,20,401,2002,0,,63,30,,,,,1,1,56,2,7,,4,0,99,7,11,5,01/03/2021,8:48,1.96053E+11,6683,0,0,0,2,1,0,,,,96,,,,,,1,,,,,,98133,53,64,140,1,1,0,1,0,0,,0,,,,,,0,05/15/2017,08/15/2019,8,0,0,0,0,9,8,,,0,,,8,8,2,407,402,167,1,1,1,2,1,0,,,,,,,,,,,,,,,,,,,,,,,,,,,,,,0,0,1,0,0,0,1,1,0,0,0,0,0,1,0,0,0,0,0,0,0,0,0,0,0,0,0,0,0,1,0,0,0,0,0,,1,0,0,0,0,0,1,1,0,0,0,1,0,0,1,0,,,,,,56-60,56-65,State route,U,Sunday,Unknown,PV,AIAN,0,1,0,0,State Route,Municipal/City Police,Seattle Police Department,1,1,0,0,0,,,,,,0,0,2,1,1,1,,,177,522,996,417,,98,98,98,3,,,,,20,,,,,,,,,1,0,,,,,,
2021,176,EB39123,7,06/13/2021,1:19,13,6,,33,King,1960,2,,3,2,1,1,4,1,2,,,,25,0,0,163.2,1,0,1,1,2,1,1,0,0,0,0,I-5,,-122.3199611,47.57539722,0,1,6,50,3,60,14,0,0,1,2,8,4,2,4,3,14,1,1,53,0,48,401,1998,0,,64,25,8,69,14,8,1,1,30,1,0,,1,0,3,0,11,0,,,,,0,0,3,3,1,0,,,,96,,,,,,98,,,,,,98133,53,75,170,6,1,0,0,0,0,,97,,,,,,4,,,1,0,0,0,8,9,8,,,0,,,8,8,0,0,,,0,,,0,0,996,,,,,,,,,,,,,,,,,,,,,,,,,,,,,,0,0,1,0,0,0,0,0,0,1,0,1,1,0,0,0,0,0,0,0,0,0,0,0,0,0,0,0,0,1,0,1,0,0,0,,0,0,0,0,0,0,0,0,0,1,0,0,0,0,0,0,,,,,,26-30,26-35,Interstate,U,Sunday,Belt Used,PV,Not Fatal,0,1,0,0,State Route,State Patrol,Washington State Patrol,1,1,0,0,0,,,,,,0,0,0,,,,,,,,,,,0,0,0,0,,,,,20,,,,,,,,,1,19,,,,,,
2021,326,EB62748,184,08/27/2021,12:37,27,8,,61,Snohomish,1215,2,,1,2,2,1,1,2,1,,,,8,0,0,42.1,3,0,3,3,2,1,3,0,0,20,3,SR-99,VALUE VILLAGE,-122.2973028,47.84173889,0,1,13,80,5,98,15,0,0,1,2,8,1,1,3,1,10,2,1,53,0,23,421,2006,0,,8,,,,,,1,1,45,1,0,,0,0,3,0,11,0,,,,,0,0,0,3,1,38,,,,96,,,,,,98,,,,,,98133,53,67,180,6,1,0,0,0,0,,2,,,,,,0,,,20,0,0,0,8,9,8,,,0,,,8,8,8,95,,,96,,,8,95,995,,,,,,,,,,,,,,,,,,,,,,,,,,,,,,0,0,0,1,0,0,0,0,0,0,0,0,0,0,0,0,0,0,1,0,0,0,0,0,0,0,0,0,0,1,0,1,0,0,0,,0,0,0,0,0,0,0,0,0,0,1,0,0,0,0,0,,,,,,41-45,36-45,State route,U,Friday,Belt Used,PV,Not Fatal,0,0,0,0,State Route,Municipal/City Police,Lynnwood Police Department,0,1,0,0,0,,,,,,0,0,0,,,,,,,,,,,98,98,98,0,,,,,20,,,,,,,,,1,0,,,,,,
2021,422,EB79303,7,10/11/2021,1:39,11,10,,33,King,1960,2,,3,2,1,1,0,2,2,,,,25,0,0,167.3,1,0,1,1,2,1,1,0,0,0,0,I-5,,-122.3249889,47.631925,0,1,98,98,7,60,4,0,0,1,2,12,1,1,5,3,1,1,2,53,0,48,38,2009,0,,12,,,,,,1,1,35,2,0,,2,0,20,7,11,0,,,,,0,0,0,3,1,0,,,,96,,,,,,98,,,,,,98133,53,76,180,6,1,0,2,0,0,,0,,,,,,0,04/15/2019,09/15/2021,8,0,0,0,8,9,8,,,0,,,8,8,2,1,,,1,,,2,1,0.018,,,,,,,,,,,,,,,,,,,,,,,,,,,,,,0,0,1,0,1,0,1,1,0,0,0,0,1,0,0,0,0,0,0,0,0,0,0,1,1,0,0,0,0,1,0,0,0,0,0,,0,0,0,0,1,0,0,0,0,0,0,0,1,0,0,1,,,,,,31-35,26-35,Interstate,U,Monday,Not Used,PV,Not Fatal,0,1,0,0,State Route,State Patrol,Washington State Patrol,1,1,0,0,0,,,,,,0,0,0,,,,,,,,,,,98,98,98,0,,,,,20,,,,,,,,,1,0,,,,,,
2021,506,EB95293,269,11/16/2021,18:04,16,11,,33,King,2005,1,,3,2,2,1,0,6,3,,,,12,0,6,,2,0,2,5,2,4,6,0,0,3,3,LINDEN AVE N,N 185th St,-122.348525,47.76321389,0,3,98,98,7,25,14,0,0,1,2,12,1,1,3,5,5,2,2,53,0,49,403,2010,0,,12,,,,,,1,1,51,2,0,,2,0,3,0,11,0,,,,,0,0,3,3,1,0,,,,96,,,,,,0,,,,,,98133,53,64,175,6,1,0,2,0,0,,0,,,,,,0,06/15/2018,07/15/2020,9,0,0,0,8,9,8,,,0,,,8,8,0,0,,,0,,,0,0,996,,,,,,,,,,,,,,,,,,,,,,,,,,,,,,0,0,0,1,0,0,1,1,1,0,0,0,1,0,0,0,0,0,1,0,0,0,0,0,0,0,0,0,0,1,0,0,0,0,0,,0,0,0,0,0,0,0,0,0,0,0,0,0,0,0,0,,,,,,51-55,46-55,City street,U,Tuesday,Belt Used,PV,Not Fatal,1,0,0,0,City Street,Municipal/City Police,Shoreline Police Department,0,0,0,1,0,,,,,,0,0,0,,,,,,,,,,,98,98,98,0,,,,,20,,,,,,,,,1,0,,,,,,
2019,516,3752636,263,04/20/2019,19:06,20,4,,33,King,1960,1,0,1,1,2,1,0,2,2,,,,12,0,6,0,2,0,3,3,2,4,6,0,0,20,3,35TH AVE,SW HUDSON ST,-122.3762806,47.55740278,0,1,82,15,2,30,14,0,0,1,7,12,1,1,2,1,11,1,1,53,0,48,401,2009,0,0,12,,,,,,1,1,98,1,7,,4,0,99,7,11,5,04/25/2019,21:35,1.96053E+11,19088,0,0,3,3,1,38,0,0,0,96,,,,,,99,,,,,,98136,53,68,140,6,1,0,1,1,0,,0,,,,,,0,07/15/2018,07/15/2018,1,0,0,1,0,9,8,,,0,0,0,8,9,2,1,,,1,,,2,1,0,,,,,,,,,,,,,,,,,,,,,,,,,,,,,,0,0,0,1,0,0,0,0,0,0,0,0,0,0,0,0,0,0,1,0,0,0,0,0,0,1,1,1,0,1,0,0,0,0,0,,1,0,0,0,0,0,0,0,0,0,1,0,0,0,0,0,,,,,,81+,76+,City street,U,Saturday,Unknown,PV,White,1,0,0,0,City Street,Municipal/City Police,Seattle Police Department,0,0,0,1,0,,,,,,0,0,0,,,,,,,,,,,98,98,98,1,,,,,20,7,,,,,,,,,,,,,,,
2019,516,3752636,263,04/20/2019,19:06,20,4,,33,King,1960,1,0,1,1,2,1,0,2,2,,,,12,0,6,0,2,0,3,3,2,4,6,0,0,0,0,35TH AVE,SW HUDSON ST,-122.3762806,47.55740278,0,2,83,67,4,30,15,0,0,1,7,12,1,1,4,1,1,1,1,53,0,2,422,2018,0,0,12,,,,,,1,1,45,1,0,,2,0,99,7,11,0,,,,,0,0,0,3,1,0,0,0,0,96,,,,,,0,,,,,,98136,53,69,165,6,1,0,0,1,0,,0,,,,,,0,04/15/2018,04/15/2018,1,0,0,0,8,9,2,,,0,0,0,0,0,8,95,,,96,,,8,95,995,,,,,,,,,,,,,,,,,,,,,,,,,,,,,,0,0,0,1,0,0,0,0,0,0,0,0,0,0,0,0,0,0,1,0,0,0,0,0,0,1,1,1,0,1,0,0,0,0,0,,0,0,0,0,0,0,0,0,0,0,0,0,0,0,0,0,,,,,,41-45,36-45,City street,U,Saturday,Unknown,PV,Not Fatal,1,0,0,0,City Street,Municipal/City Police,Seattle Police Department,0,0,0,1,0,,,,,,0,0,0,,,,,,,,,,,98,98,98,0,,,,,20,7,,,,,,,,,,,,,,,
2021,583,3881736,263,04/02/2021,15:22,2,4,,33,King,1960,1,,1,1,2,1,0,2,2,,,,12,0,6,0,1,0,1,4,2,4,6,0,0,0,0,BEACH DR SW,,-122.4063639,47.56311389,0,2,48,64,4,25,84,0,0,1,2,12,2,1,2,1,14,1,1,53,0,98,703,2019,0,,12,,,,,,1,1,61,1,7,,4,7,20,7,11,0,04/02/2021,15:49,1.96053E+11,16309,0,0,0,3,1,0,,,,96,,,,,,98,,,,,,98136,53,70,180,6,1,0,0,1,0,,0,,,,,,0,04/15/2018,04/15/2018,20,8,0,0,0,9,8,,,0,,,8,8,2,1,,,1,,,2,1,0.061,,,,,,,,,,,,,,,,,,,,,,,,,,,,,,0,0,0,0,1,0,0,0,0,0,0,0,0,0,0,0,0,0,1,0,0,0,0,0,0,0,0,0,1,1,0,0,0,0,1,0,0,0,0,0,1,0,0,0,0,0,0,0,1,0,0,1,,,,,,61-65,56-65,City street,U,Friday,,OTHMC,White,0,0,0,0,City Street,Municipal/City Police,Seattle Police Department,0,0,0,1,0,,,,,,0,0,0,,,,,,,,,,,0,0,0,1,,,,,5,,,,,,,,,1,0,,,,,,
2017,287,3722441,297,07/16/2017,0:54,16,7,0,33,King,2310,1,0,3,1,1,1,1,2,1,,,,8,1,0,0,1,0,1,3,2,4,6,0,0,0,0,E MARGINAL WAY S,,-122.2926861,47.51053889,0,1,13,80,5,40,14,0,0,1,2,8,1,1,2,2,1,2,2,53,0,12,401,2006,0,0,8,,,,,,1,1,39,2,0,0,0,0,99,0,11,0,,,,,0,0,0,3,1,0,0,0,0,92,,,,,,9,,,,,,98144,53,68,175,6,1,0,1,1,0,0,7,,,,,,0,12/15/2014,12/15/2014,20,0,0,0,8,9,8,,,0,0,0,8,1,0,0,0,0,0,0,0,0,0,996,,,,,,,,,,,,,,,,,,,,,,,,,,,,,,0,0,0,0,1,0,0,0,0,0,0,0,0,0,0,0,1,1,0,0,0,0,0,0,0,0,0,0,0,1,0,1,0,0,0,,0,0,0,0,0,0,0,0,1,0,0,0,0,0,0,1,,,,,,36-40,36-45,City street,U,Sunday,Unknown,PV,Not Fatal,0,0,0,0,City Street,Municipal/City Police,Tukwila Police Department,0,0,0,1,0,,,,,,,,,,,,,,,,,,,,,,,,,,,,,,,,,,,,,,,,,,,
2017,446,3753162,263,09/15/2017,17:59,15,9,0,33,King,1960,1,0,1,1,1,1,0,1,1,,,,10,0,0,0,6,0,1,3,2,4,6,0,0,65,3,M L KING JR WAY,S MYRTLE,-122.2821944,47.53890278,0,1,98,98,7,30,4,0,0,1,2,10,1,1,2,3,11,1,1,53,0,49,32,1999,0,0,10,,,,,,1,1,42,1,7,48,4,0,99,0,11,4,10/10/2017,23:20,1.96053E+11,45065,0,0,0,3,1,0,0,0,0,6,,,,,,99,,,,,,98144,53,66,170,6,1,0,0,1,0,0,0,,,,,,0,06/15/2017,06/15/2017,99,0,0,1,0,9,8,,,0,0,0,8,9,2,348,402,0,1,1,0,2,1,0,,,,,,,,,,,,,,,,,,,,,,,,,,,,,,1,0,0,0,0,0,1,1,0,0,0,0,0,0,0,0,1,0,0,0,0,0,0,0,0,0,0,0,0,1,0,0,0,0,0,,1,0,0,0,0,0,1,1,1,0,0,0,0,0,1,0,,,,,,41-45,36-45,City street,U,Friday,Unknown,PV,API,1,0,0,0,City Street,Municipal/City Police,Seattle Police Department,0,0,0,1,0,,,,,,,,,,,,,,,,,,,,,,,,,,,,,,,,,,,,,,,,,,,
2017,49,3762593,263,02/04/2017,15:20,4,2,0,33,King,1960,2,0,1,2,2,1,1,1,1,,,,8,0,0,0,3,0,2,4,2,4,6,0,0,2,3,NE 65 ST,20 AVE NE,-122.3065444,47.67579722,0,1,13,80,5,30,34,0,0,1,5,8,1,3,2,1,11,1,1,53,0,7,482,2003,0,0,8,,,,,,1,1,45,1,0,0,0,0,3,0,11,0,,,,,0,0,3,3,1,0,0,0,0,96,,,,,,0,,,,,,98144,53,64,160,6,1,0,1,0,1,0,0,,,,,,9,05/15/2012,04/15/2015,2,0,0,0,8,3,2,,,0,0,0,0,0,0,0,0,0,0,0,0,0,0,996,,,,,,,,,,,,,,,,,,,,,,,,,,,,,,0,0,0,1,0,0,0,0,0,0,0,0,0,0,0,0,0,0,0,0,0,0,0,0,0,0,0,0,0,0,0,1,0,0,0,,0,0,0,0,0,0,0,0,0,0,0,0,0,0,0,0,,,,,,41-45,36-45,City street,U,Saturday,Belt Used,PV,Not Fatal,1,0,0,0,City Street,Municipal/City Police,Seattle Police Department,0,0,0,1,0,,,,,,,,,,,,,,,,,,,,,,,,,,,,,,,,,,,,,,,,,,,
2017,297,3764477,263,07/26/2017,8:40,26,7,0,33,King,1960,1,0,1,1,2,1,1,1,1,,,,8,0,0,0,3,0,2,3,2,4,6,0,0,2,3,RAINER AVE S,S WALDEN ST,-122.2940472,47.57290278,0,1,13,80,5,30,4,0,0,1,5,8,1,1,2,1,10,1,1,53,0,13,1,2004,0,0,8,,,,,,1,1,35,1,0,0,0,0,99,0,11,0,,,,,0,0,0,3,1,0,0,0,0,92,,,,,,99,,,,,,98144,53,65,170,6,1,0,1,0,0,1,97,,,,,,0,08/15/2013,06/15/2017,20,0,0,0,8,9,8,,,0,0,0,8,9,0,0,0,0,0,0,0,0,0,996,,,,,,,,,,,,,,,,,,,,,,,,,,,,,,0,0,0,1,0,0,0,0,0,0,0,0,0,0,0,0,1,0,0,0,0,0,0,0,0,0,0,0,0,1,0,1,0,0,0,,0,0,0,0,0,0,0,0,1,0,0,0,0,0,0,0,,,,,,31-35,26-35,City street,U,Wednesday,Unknown,PV,Not Fatal,1,0,0,0,City Street,Municipal/City Police,Seattle Police Department,0,0,0,1,0,,,,,,,,,,,,,,,,,,,,,,,,,,,,,,,,,,,,,,,,,,,
2017,525,3818457,7,12/14/2017,16:50,14,12,0,33,King,1960,1,0,3,1,1,1,1,1,1,,,,8,0,0,0,3,0,3,7,2,4,6,0,0,0,0,S CHARLESTOWN ST,34TH AVE S,-122.2899583,47.56975278,0,1,13,80,5,25,2,0,0,1,5,8,1,1,2,1,1,1,1,53,0,54,37,1999,0,0,8,,,,,,1,1,22,1,0,0,0,0,99,0,11,0,,,,,0,0,0,2,1,0,0,0,0,92,,,,,,0,,,,,,98144,53,67,200,1,1,0,1,0,2,0,0,,,,,,0,08/15/2016,06/15/2017,20,0,0,0,8,9,2,,,0,0,0,0,0,0,0,0,0,0,0,0,0,0,996,,,,,,,,,,,,,,,,,,,,,,,,,,,,,,0,0,0,1,0,0,0,0,0,1,0,1,0,1,0,0,1,1,0,0,0,0,0,1,1,0,0,0,0,1,0,1,0,0,0,,0,0,0,0,0,0,0,0,1,0,0,1,0,0,0,0,,,,,,21-25,16-25,City street,U,Thursday,Unknown,PV,Not Fatal,1,0,0,0,City Street,Municipal/City Police,Seattle Police Department,0,0,0,1,0,,,,,,,,,,,,,,,,,,,,,,,,,,,,,,,,,,,,,,,,,,,
2020,295,3834601,263,08/11/2020,1:10,11,8,,33,King,1960,98,,3,1,2,1,0,1,1,,,,30,0,0,0,3,0,3,4,2,4,6,0,0,20,3,RENTON AVE S,S Prentice St,-122.2567278,47.50838056,0,1,1,13,2,25,6,0,0,1,2,30,1,4,2,1,11,1,1,53,0,6,52,2004,0,,63,30,,,,,1,1,27,2,7,,4,0,99,7,11,5,08/11/2020,5:29,1.96053E+11,38327,0,0,0,2,1,0,,,,92,,,,,,98,,,,,,98144,53,66,185,1,1,0,2,2,1,,0,,,,,,0,11/15/2016,01/15/2018,1,0,0,0,0,9,8,,,0,,,8,8,2,348,522,996,1,1,1,2,1,0.188,,,,,,,,,,,,,,,,,,,,,,,,,,,,,,0,0,1,1,1,1,1,1,0,0,0,0,0,1,0,0,1,0,0,0,0,0,0,0,0,0,0,0,0,1,0,0,0,0,0,,1,0,0,0,0,1,1,1,1,0,0,1,0,0,0,1,,,,,,26-30,26-35,City street,U,Tuesday,Unknown,PV,Black,1,0,0,0,City Street,Municipal/City Police,Seattle Police Department,0,0,0,1,0,,,,,,0,0,4,,,,,,,,,,,98,98,98,2,,,,,20,7,,,,,,,,1,0,,,,,,
2021,568,3835763,263,11/01/2021,15:36,1,11,,33,King,1960,2,,1,2,1,1,1,1,1,,,,8,0,0,,3,0,2,3,2,4,6,0,0,3,3,MARTIN LUTHER KING JR WAY S,S Thistle St,-122.2802056,47.527875,0,1,13,80,5,35,20,0,0,1,5,8,1,1,2,3,1,1,2,53,0,7,442,2007,0,,8,,,,,,1,1,22,1,0,,0,0,99,7,11,0,,,,,0,0,0,3,1,0,,,,92,,,,,,98,,,,,,98144,53,72,165,6,1,0,0,0,0,,0,,,,,,0,,,20,0,0,0,8,9,8,,,0,,,8,8,9,999,,,99,,,8,95,995,,,,,,,,,,,,,,,,,,,,,,,,,,,,,,0,0,0,1,0,0,0,0,0,0,0,0,0,0,0,0,1,1,0,0,0,0,0,1,1,0,0,0,0,1,0,1,0,0,0,,0,0,0,0,0,0,0,0,1,0,0,0,0,0,0,0,,,,,,21-25,16-25,City street,U,Monday,Unknown,PV,Not Fatal,1,0,0,0,City Street,Municipal/City Police,Seattle Police Department,0,0,0,1,0,,,,,,0,0,0,,,,,,,,,,,98,98,98,0,,,,,20,,,,,,,,,1,0,,,,,,