year,case,par,repjur,crash_dt,crash_tm,accday,accmon,holiday,county,co_char,city,weather,weather2,lightcond,surfcond,surftype,numfatal,nmforms,pforms,vforms,not_tm,arr_tm,hosp_tm,fhevent,hitrun,manncol,milepnt,reljunc,reljuncinter,intersectiontype,funcsystem,landuse,ownership,route,schlbus,spejur,contdev,devfunc,trafid1,trafid2,x,y,wk_zone,vnumber,crashtype,criticalevent,criticaleventcat,spdlim,body,trailer,emerg,hazcargo,leave,mhevent,roadalgn,roadprof,traflane,trafflow,vehmanvr,numoccs,regowner,regstate,spuse,make,model,modelyr,vrf1,vrf2,seqevent1,seqevent2,seqevent3,seqevent4,seqevent5,seqevent6,pnumber,ptype,age,sex,hispanic,race,injury,diedscene,restraint,restraintmisuse,seatpos,takehosp,death_dt,death_tm,cert,cernum_wa,commlic,licendor,licrestrict,liccomp,drivpres,drf1,drf2,drf3,drf4,distract1,distract2,distract3,distract4,distract5,distract6,dricond1,dricond2,dricond3,dricond4,dricond5,dricond6,dzip,licstate,drhgt_in,weight,noncdl,noncdltype,prevdwi,prevoth,prevacc,prevspd,prevsus,driviol1,driviol2,driviol3,driviol4,driviol5,driviol6,spdrel,first_dt,last_dt,airbag,ejection,ejectpath,extricat,injurwrk,methalc,methdrug,nmlocat,strikveh,prf1,prf2,prf3,druginv,alcinvol,drugsts,drugres1,drugres2,drugres3,drugtst1,drugtst2,drugtst3,alcsts,alctst,alcres,nmact1,nmact2,nmact3,nmact4,nmact5,nmact6,nmprior1,nmprior2,nmprior3,nmprior4,nmprior5,nmprior6,nmcond1,nmcond2,nmcond3,nmcond4,nmcond5,nmcond6,nmsafe_helmet,nmsafe_pads,nmsafe_oth,nmprev_ref,nmprev_lgt,nmprev_oth,crashlocation,nmcrashtype,crosswalk,schoolzone,sidewalk,train_inv,wildlife_inv,rotr_fars,intersect_fars,dd_inv,aid_inv,dpd_inv,id_inv,mj_inv,impnm_inv,ainm_inv,dpnm_inv,speed_inv,unlic_inv,unendmc_inv,drowsy_inv,drdist_inv,nmdist_inv,fty_inv,unrestfat_inv,dr1617_inv,dr1820_inv,dr1620_inv,dr2125_inv,dr1625_inv,dr65_inv,dr70_inv,dr75_inv,mc_inv,pv_inv,ht_inv,ped_inv,bike_inv,unrest_fat,mc_fat,unhelmet_mc,pv_fat,ht_fat,ped_fat,bike_fat,dr_alc7,dr_alc8,dr_drug,dr_imp,dr_dist,dr_spd,dr_fty,dr_unlic,dr_alc7only,dr_alc8only,dr_drugonly,dr_drink,nm_imp,nm_alc7,nm_alc8,nm_drug,nm_dist,agegrp1,agegrp2,roadclass,urbrur,dayweek,restuse,vehtype,race_me,intersect,lanedep,oppdir,wrongway,rep_typ,investag,repag_long,rotr,st_rd,cty_rd,city_rd,oth_rd,drug_thc,thc_res,drug_cthc,cthc_res,drug_cann,prevpersemin,prevperse,prevsusoth,drugtst4,drugtst5,drugtst6,drugtst7,drugtst8,drugres4,drugres5,drugres6,drugres7,drugres8,adspresent,adsengaged,adslevel,race1,race2,race3,race4,race5,helmet,helmetmisuse,nmdistract1,nmdistract2,nmdistract3,nmdistract4,nmdistract5,nmdistract6,lab,isedtcase,crf1,crf2,crf3,CoRoadName,CoMP,IntCoRoadName,IntCoMP
2020,405,3836479,263,10/02/2020,19:59,2,10,,33,King,1960,1,,3,1,1,1,1,1,1,,,,8,1,0,0,1,0,1,3,2,4,6,0,0,0,0,RAINIER AVE S,,-122.2959889,47.57548611,0,1,13,80,5,25,4,0,0,1,5,8,1,1,4,1,1,1,1,53,0,6,51,2010,0,,8,,,,,,1,1,32,1,0,,9,0,99,7,11,0,,,,,0,0,0,3,1,38,,,,0,,,,,,1,,,,,,98144,53,67,195,6,1,0,0,0,0,,97,,,,,,3,,,99,9,0,0,8,9,8,,,0,,,8,8,8,95,,,96,,,8,95,995,,,,,,,,,,,,,,,,,,,,,,,,,,,,,,0,0,0,0,0,0,0,0,0,1,0,1,1,0,0,0,0,0,1,0,0,0,0,0,0,0,0,0,0,1,0,1,0,0,0,,0,0,0,0,0,0,0,0,0,1,1,0,0,0,0,0,,,,,,31-35,26-35,City street,U,Friday,Unknown,PV,Not Fatal,0,0,0,0,City Street,Municipal/City Police,Seattle Police Department,0,0,0,1,0,,,,,,0,0,0,,,,,,,,,,,98,98,98,0,,,,,20,7,,,,,,,,1,0,,,,,,
2018,104,E789337,4,04/16/2018,2:00,16,4,0,1,Adams,0,99,0,2,99,2,2,0,2,1,,,,35,0,0,198.2,1,0,1,1,1,1,1,0,0,0,0,I-90,,-118.8114861,47.08585278,0,1,6,11,2,70,4,0,0,1,2,35,1,1,3,2,1,2,1,53,0,37,32,1997,0,0,63,69,64,69,64,67,1,1,56,1,3,1,4,7,3,0,11,0,04/16/2018,2:00,53018294,18294,0,0,0,0,1,0,0,0,0,96,,,,,,9,,,,,,98144,53,67,270,0,0,0,1,0,0,,0,,,,,,0,07/15/2013,07/15/2013,1,0,0,0,0,9,1,,,0,0,0,1,9,2,605,695,,1,1,,2,1,0,,,,,,,,,,,,,,,,,,,,,,,,,,,,,,0,0,1,0,0,0,1,1,1,0,0,0,0,1,0,0,0,0,0,1,0,0,0,0,0,0,0,0,0,1,0,0,0,0,0,,1,0,0,0,0,0,1,1,0,0,0,1,0,0,1,0,,,,,,56-60,56-65,Interstate,R,Monday,Belt Used,PV,Hispanic,0,1,0,0,State Route,State Patrol,Washington State Patrol Headquarter,1,1,0,0,0,thc,13,carboxy-thc,19,,0,0,0,,,,,,,,,,,,,,,,,,,,,,,,,,,,,,,,,,,
2020,472,EA86312,7,12/01/2020,23:35,1,12,,33,King,1640,1,,3,1,2,2,0,7,7,,,,12,0,2,13.2,1,0,1,3,2,1,3,0,0,0,0,SR-167,,-122.2607278,47.26889167,0,6,98,98,7,60,4,0,0,1,2,54,1,1,2,3,1,1,1,53,0,37,31,2006,0,,54,,,,,,1,1,21,1,0,,0,0,3,0,11,0,,,,,0,0,0,3,1,0,,,,96,,,,,,0,,,,,,98144,53,70,190,6,1,0,0,0,0,,0,,,,,,0,,,20,0,0,0,8,9,8,,,0,,,8,8,0,0,,,0,,,0,0,996,,,,,,,,,,,,,,,,,,,,,,,,,,,,,,0,0,0,0,1,0,0,0,0,0,0,0,0,0,0,0,0,0,0,0,0,0,0,1,1,0,0,0,1,1,1,0,0,0,0,,0,0,0,0,0,0,0,0,0,0,0,0,0,0,0,0,,,,,,21-25,16-25,State route,U,Tuesday,Belt Used,PV,Not Fatal,0,0,0,1,State Route,State Patrol,Washington State Patrol,0,1,0,0,0,,,,,,0,0,0,,,,,,,,,,,98,98,98,0,,,,,20,7,,,,,,,,1,14,,,,,,
2021,639,EB48605,263,04/21/2021,17:32,21,4,,33,King,1960,1,,1,1,2,1,0,2,2,,,,12,0,1,0,3,0,2,3,2,4,6,0,0,0,0,RAINER AVE S,S GRAND ST,-122.3048944,47.58708611,0,2,21,53,3,98,4,0,0,1,5,12,8,8,5,5,5,1,1,53,0,55,36,2017,0,,12,,,,,,1,1,50,1,0,,0,0,3,0,11,0,,,,,0,0,0,3,1,0,,,,96,,,,,,98,,,,,,98144,53,66,137,6,1,0,0,0,0,,0,,,,,,0,,,20,0,0,0,8,9,8,,,0,,,8,8,8,95,,,96,,,8,95,995,,,,,,,,,,,,,,,,,,,,,,,,,,,,,,0,0,0,1,0,0,0,0,0,0,0,0,0,0,0,0,0,0,0,1,0,0,0,0,0,1,1,1,0,1,0,0,0,0,0,,0,0,0,0,0,0,0,0,0,0,0,0,0,0,0,0,,,,,,46-50,46-55,City street,U,Wednesday,Belt Used,PV,Not Fatal,0,0,0,0,City Street,Municipal/City Police,Seattle Police Department,0,0,0,1,0,,,,,,0,0,0,,,,,,,,,,,98,98,98,0,,,,,20,,,,,,,,,0,0,,,,,,
2021,259,EB49608,7,07/11/2021,2:43,11,7,,33,King,1030,1,,2,1,2,1,1,1,2,,,,12,0,1,20.8,1,0,1,2,2,1,3,0,0,0,0,SR-167,,-122.2441778,47.37710833,0,2,98,50,3,60,14,0,0,1,2,12,1,2,3,3,1,1,1,53,0,49,403,2003,0,,12,8,,,,,1,1,74,1,0,,0,0,3,0,11,0,,,,,0,0,0,3,1,0,,,,96,,,,,,98,,,,,,98144,53,67,185,6,1,0,1,0,0,,0,,,,,,0,01/15/2020,01/15/2020,1,0,0,0,8,9,8,,,0,,,8,8,8,95,,,96,,,8,95,995,,,,,,,,,,,,,,,,,,,,,,,,,,,,,,0,0,0,0,0,0,0,0,0,0,0,0,0,0,0,0,0,0,0,0,0,0,0,0,0,1,1,0,0,1,0,1,0,0,0,,0,0,0,0,0,0,0,0,0,0,0,0,0,0,0,0,,,,,,71-75,66-75,State route,U,Sunday,Belt Used,PV,Not Fatal,0,1,0,0,State Route,State Patrol,Washington State Patrol,1,1,0,0,0,,,,,,0,0,0,,,,,,,,,,,98,98,98,0,,,,,20,,,,,,,,,1,19,,,,,,
2021,394,EB74825,7,09/25/2021,23:39,25,9,,33,King,1960,10,,3,1,1,1,1,1,1,,,,8,0,0,0.4,1,0,1,1,2,1,1,0,0,0,0,I-5 RAMP,,-122.3267222,47.603,0,1,13,80,5,60,4,0,0,1,2,8,3,2,2,3,15,1,1,53,0,30,46,2018,0,,8,,,,,,1,1,41,1,0,,0,0,3,0,11,0,,,,,0,0,3,3,1,0,,,,96,,,,,,9,,,,,,98144,53,70,175,6,1,0,0,0,0,,11,,,,,,0,,,20,0,0,0,8,9,8,,,0,,,8,1,8,95,,,96,,,2,1,0.08,,,,,,,,,,,,,,,,,,,,,,,,,,,,,,0,0,0,0,1,1,0,1,0,0,0,0,0,0,0,0,0,0,0,0,0,0,0,0,0,0,0,0,0,1,0,1,0,0,0,,0,0,0,0,0,1,0,1,0,0,0,0,0,1,0,1,,,,,,41-45,36-45,Interstate,U,Saturday,Belt Used,PV,Not Fatal,0,0,0,0,State Route,State Patrol,Washington State Patrol,0,1,0,0,0,,,,,,0,0,0,,,,,,,,,,,98,98,98,0,,,,,20,,,,,,,,,1,0,,,,,,
2018,388,3746668,263,10/01/2018,14:31,1,10,0,33,King,1960,10,0,1,2,2,1,0,2,2,,,,12,0,6,0,2,0,3,7,2,4,6,0,0,0,0,THORNDYKE AVE W,THORNDYKE PL W,-122.3872472,47.63951389,0,1,83,66,4,30,34,0,0,1,7,12,1,2,2,2,1,1,1,53,0,20,481,2003,0,0,12,63,40,,,,1,1,31,1,0,0,1,0,3,0,11,8,,,,,0,0,0,3,1,0,0,0,0,96,,,,,,9,,,,,,98146,53,69,160,6,1,0,3,0,1,,97,,,,,,0,03/15/2014,08/15/2017,1,0,0,0,8,9,8,,,0,0,0,8,1,2,1,,,1,,,2,1,0.23,,,,,,,,,,,,,,,,,,,,,,,,,,,,,,0,0,0,1,1,1,0,1,0,0,0,0,0,0,0,0,0,0,0,0,0,0,0,0,0,0,0,0,0,1,0,0,0,0,0,,0,0,0,0,0,1,0,1,0,0,0,0,0,1,0,1,,,,,,31-35,26-35,City street,U,Monday,Belt Used,PV,Not Fatal,1,0,0,0,City Street,Municipal/City Police,Seattle Police Department,0,0,0,1,0,,,,,,0,0,0,,,,,,,,,,,,,,,,,,,,,,,,,,,,,,,,,,,
2018,55,3754437,263,02/18/2018,17:15,18,2,3,33,King,1960,6,0,5,1,1,1,1,1,1,,,,8,0,0,33.4,1,0,1,3,2,1,3,0,0,0,0,SR-99,,-122.3449806,47.72318889,0,1,13,80,5,35,52,0,0,1,5,8,1,2,6,1,8,13,3,53,3,98,988,2013,0,0,8,,,,,,1,1,49,1,0,0,0,0,3,0,11,0,,,,,6,1,3,3,1,0,0,0,0,96,,,,,,0,,,,,,98146,53,65,150,6,1,0,0,0,0,,0,,,,,,0,,,20,0,0,0,8,9,2,,,0,0,0,0,0,8,95,,,96,,,8,95,995,,,,,,,,,,,,,,,,,,,,,,,,,,,,,,0,0,0,0,0,0,0,0,0,0,0,0,0,0,0,0,0,0,0,0,0,0,0,0,0,0,0,0,0,0,0,1,0,0,0,,0,0,0,0,0,0,0,0,0,0,0,0,0,0,0,0,,,,,,46-50,46-55,State route,U,Sunday,,BUS,Not Fatal,0,0,0,0,State Route,Municipal/City Police,Seattle Police Department,0,1,0,0,0,,,,,,0,0,0,,,,,,,,,,,,,,,,,,,,,,,,,,,,,,,,,,,
2017,448,3764453,263,07/10/2017,1:03,10,7,0,33,King,1960,2,0,3,2,1,1,1,1,1,,,,8,0,0,0,1,0,1,4,2,4,6,0,0,0,0,RENTON AVE S,,-122.2665444,47.51478889,0,1,13,80,5,35,2,0,0,1,2,8,1,1,2,1,1,1,4,53,0,37,31,1997,0,0,8,,,,,,1,1,33,2,0,0,0,0,3,0,11,0,,,,,0,0,0,3,1,0,0,0,0,1,,,,,,98,,,,,,98146,53,59,110,6,1,0,3,3,0,3,0,,,,,,0,08/15/2014,02/15/2017,20,0,0,0,8,9,8,,,0,0,0,8,8,0,0,0,0,0,0,0,0,0,996,,,,,,,,,,,,,,,,,,,,,,,,,,,,,,0,0,0,0,0,0,0,0,0,1,1,0,0,0,0,0,1,1,0,0,0,0,0,0,0,0,0,0,0,1,0,1,0,0,0,,0,0,0,0,0,0,0,0,1,0,0,0,0,0,0,0,,,,,,31-35,26-35,City street,U,Monday,Belt Used,PV,Not Fatal,0,0,0,0,City Street,Municipal/City Police,Seattle Police Department,0,0,0,1,0,,,,,,,,,,,,,,,,,,,,,,,,,,,,,,,,,,,,,,,,,,,
2019,314,3795706,263,08/13/2019,21:20,13,8,,33,King,1960,1,0,3,1,2,1,1,1,1,,,,8,0,0,31,1,0,1,3,2,1,3,0,0,0,0,SR-99,,-122.34455,47.69048333,0,1,13,80,5,30,20,0,0,1,7,8,1,1,2,2,1,1,2,53,0,20,441,1996,0,0,8,,,,,,1,1,41,1,0,,0,0,99,7,11,0,,,,,0,0,0,3,1,0,0,0,0,96,,,,,,0,,,,,,98146,53,62,148,6,1,0,0,0,0,,0,,,,,,0,,,20,0,0,0,8,9,8,,,0,0,0,8,0,8,95,,,96,,,8,95,995,,,,,,,,,,,,,,,,,,,,,,,,,,,,,,0,0,0,0,0,0,0,0,0,1,1,1,0,0,0,0,0,0,0,0,0,0,0,0,0,0,0,0,0,1,0,1,0,0,0,,0,0,0,0,0,0,0,0,0,0,0,0,0,0,0,0,,,,,,41-45,36-45,State route,U,Tuesday,Unknown,PV,Not Fatal,0,0,0,0,State Route,Municipal/City Police,Seattle Police Department,0,1,0,0,0,,,,,,0,0,0,,,,,,,,,,,0,0,0,0,,,,,20,7,,,,,,,,,,,,,,,
2017,173,E659247,25,04/04/2017,12:04,4,4,0,33,King,0,10,0,1,1,2,1,0,1,4,,,,14,0,0,0.2,1,0,1,7,2,2,4,0,0,0,0,CR-108TH SW,,-122.3355583,47.50675833,0,1,11,11,2,25,14,0,0,1,2,14,1,1,2,1,1,1,1,53,0,63,401,2016,0,0,63,14,14,14,,,1,1,72,1,7,1,4,0,20,0,11,4,04/26/2017,14:34,1.96053E+11,20055,0,0,3,3,1,0,0,0,0,96,,,,,,1,,,,,,98146,53,72,240,6,1,0,0,0,0,0,0,,,,,,0,,,1,0,0,0,0,9,8,,,0,0,0,8,0,0,0,0,0,0,0,0,0,0,996,,,,,,,,,,,,,,,,,,,,,,,,,,,,,,0,0,0,0,0,0,0,0,0,0,0,0,0,0,0,0,0,0,0,1,0,0,0,0,0,1,1,0,0,1,0,0,0,1,0,,1,0,0,0,0,0,0,0,0,0,0,0,0,0,0,0,,,,,,71-75,66-75,County road,U,Tuesday,Not Used,PV,White,0,1,0,0,County Road,County Sheriff,King County Police,1,0,1,0,0,,,,,,,,,,,,,,,,,,,,,,,,,,,,,,,,,,,,,,,,,,,
2017,195,E681956,7,06/07/2017,20:40,7,6,0,33,King,1960,1,0,1,1,1,1,1,1,1,,,,9,0,0,0.1,20,1,1,1,2,1,1,0,0,0,0,I-5 RAMP P116421,,-122.3201944,47.58765833,0,1,13,83,5,98,4,0,0,1,5,9,1,1,1,6,1,1,1,53,0,12,23,2014,0,0,9,,,,,,1,1,24,1,0,0,0,0,3,0,11,0,,,,,0,0,0,3,1,0,0,0,0,0,,,,,,0,,,,,,98146,53,77,300,6,1,0,2,0,2,2,0,,,,,,0,05/15/2014,08/15/2016,20,0,0,0,8,9,8,,,0,0,0,8,0,0,0,0,0,0,0,0,0,0,996,,,,,,,,,,,,,,,,,,,,,,,,,,,,,,0,0,0,0,0,0,0,0,0,1,0,1,0,0,0,0,0,0,0,0,0,0,0,1,1,0,0,0,0,1,0,0,1,0,0,,0,0,0,0,0,0,0,0,0,0,0,0,0,0,0,0,,,,,,21-25,16-25,Interstate,U,Wednesday,Belt Used,PV,Not Fatal,0,0,0,0,State Route,State Patrol,Washington State Patrol Headquarter,0,1,0,0,0,,,,,,,,,,,,,,,,,,,,,,,,,,,,,,,,,,,,,,,,,,,
2017,452,E728968,25,10/21/2017,14:51,21,10,0,33,King,229,2,0,1,2,2,1,0,3,3,,,,12,0,6,0,2,0,2,3,2,4,6,0,0,3,3,AMBAUM BLVD SW,SW 128TH ST,-122.3500139,47.48843611,0,1,78,16,2,35,71,0,0,1,5,12,1,1,2,1,10,1,3,53,0,98,808,2007,0,0,12,,,,,,1,1,32,1,0,0,0,0,3,0,11,0,,,,,0,0,0,3,1,38,0,0,0,96,,,,,,0,,,,,,98146,53,66,140,6,1,0,0,0,0,0,97,,,,,,0,,,20,0,0,0,8,9,8,,,0,0,0,8,0,0,0,0,0,0,0,0,0,0,996,,,,,,,,,,,,,,,,,,,,,,,,,,,,,,0,0,0,1,0,0,1,1,0,0,0,0,0,0,0,0,0,0,1,1,0,0,0,0,0,0,0,0,0,1,1,0,0,0,0,,0,0,0,0,0,0,0,0,0,0,1,0,0,0,0,0,,,,,,31-35,26-35,City street,U,Saturday,,MHTRUCK,Not Fatal,1,0,0,0,City Street,County Sheriff,King County Police,0,0,0,1,0,,,,,,,,,,,,,,,,,,,,,,,,,,,,,,,,,,,,,,,,,,,
2018,76,E778087,56,03/09/2018,22:02,9,3,0,35,Kitsap,111,10,0,2,11,5,1,0,1,1,,,,43,0,0,0,1,0,1,7,2,4,6,0,0,0,0,LOVGREEN RD,,-122.5216778,47.60484167,0,1,98,13,2,25,4,0,0,1,7,2,1,2,8,8,12,1,1,53,0,34,35,2011,0,0,63,43,43,2,,,1,1,68,2,7,1,4,0,99,0,11,1,03/11/2018,7:40,1.96053E+11,12127,0,0,3,3,1,0,0,0,0,96,,,,,,9,,,,,,98146,53,65,100,6,1,1,0,0,0,,0,,,,,,0,10/15/2013,02/15/2014,99,9,0,0,0,1,8,,,0,0,0,8,1,2,1,,,1,,,2,1,0.25,,,,,,,,,,,,,,,,,,,,,,,,,,,,,,0,0,0,0,1,1,0,1,0,0,0,0,0,0,0,0,0,0,0,0,0,0,0,0,0,1,0,0,0,1,0,0,0,0,0,,1,0,0,0,0,1,0,1,0,0,0,0,0,1,0,1,,,,,,66-70,66-75,City street,U,Friday,Unknown,PV,White,0,1,0,0,City Street,Municipal/City Police,Bainbridge Island Police Department,1,0,0,1,0,,,,,,0,1,1,,,,,,,,,,,,,,,,,,,,,,,,,,,,,,,,,,,
2019,168,E908752,25,03/29/2019,3:21,29,3,,33,King,0,1,0,3,1,1,1,0,1,1,,,,1,0,0,6.9,1,0,1,5,2,2,4,0,0,0,0,CR-E VALLEY HWY,,-122.2494889,47.3537,0,1,1,13,2,98,2,0,0,1,7,1,1,1,2,1,1,1,2,53,0,14,4,1996,0,0,63,1,,,,,1,1,44,1,6,,4,0,3,0,11,5,04/06/2019,17:41,1.96053E+11,16434,0,0,0,2,1,0,0,0,0,96,,,,,,99,,,,,,98146,53,66,195,1,1,0,0,2,0,,0,,,,,,4,02/15/2018,02/15/2019,1,0,0,0,0,9,8,,,0,0,0,8,9,0,0,,,0,,,2,1,0.34,,,,,,,,,,,,,,,,,,,,,,,,,,,,,,0,0,1,0,1,1,0,1,0,0,0,0,1,1,0,0,0,0,0,0,0,0,0,0,0,0,0,0,0,1,0,0,0,0,0,,1,0,0,0,0,1,0,1,0,1,0,1,0,1,0,1,,,,,,41-45,36-45,County road,U,Friday,Belt Used,PV,Hispanic,0,1,0,0,County Road,County Sheriff,King County Police,1,0,1,0,0,,,,,,0,0,0,,,,,,,,,,,0,0,0,298,,,,,20,7,,,,,,,,,,,,,,,
2020,519,EA74442,4,09/02/2020,6:57,2,9,,1,Adams,0,1,,4,1,2,1,0,2,2,,,,12,0,6,46.8,2,0,2,3,1,1,3,0,0,0,0,SR-26,BOOKER RD,-119.0482028,46.79954167,0,2,88,66,4,60,34,1,0,1,2,12,1,1,2,1,1,1,1,53,0,20,481,2015,0,,12,,,,,,1,1,63,1,0,,1,0,3,0,11,5,,,,,0,0,3,3,1,0,,,,96,,,,,,98,,,,,,98146,53,71,170,6,1,0,0,0,1,,0,,,,,,0,01/15/2020,01/15/2020,8,0,0,0,8,9,8,,,0,,,8,8,8,95,,,96,,,8,95,995,,,,,,,,,,,,,,,,,,,,,,,,,,,,,,0,0,0,1,0,0,1,1,0,0,0,0,0,0,0,0,0,0,1,0,0,1,1,0,1,0,0,0,0,1,0,0,0,0,0,,0,0,0,0,0,0,0,0,0,0,0,0,0,0,0,0,,,,,,61-65,56-65,State route,R,Wednesday,Belt Used,PV,Not Fatal,1,0,0,0,State Route,State Patrol,Washington State Patrol,0,1,0,0,0,,,,,,0,0,0,,,,,,,,,,,98,98,98,0,,,,,20,7,,,,,,,,1,0,,,,,,
2021,92,EB20502,73,04/06/2021,15:16,6,4,,33,King,229,1,,1,1,2,2,0,6,4,,,,12,1,7,0,1,0,1,3,2,4,6,0,0,0,0,AMBAUM BLVD SW,,-122.3510056,47.49593611,0,1,46,11,2,35,4,0,0,1,2,12,3,2,4,1,15,1,1,53,0,49,40,2011,0,,12,12,,,,,1,1,25,2,0,,0,0,3,0,11,0,,,,,0,0,0,3,1,28,,,,96,,,,,,9,,,,,,98146,53,59,135,6,1,0,1,0,0,,1,,,,,,3,10/15/2017,10/15/2017,1,0,0,0,8,9,8,,,0,,,8,1,8,95,,,96,,,2,98,997,,,,,,,,,,,,,,,,,,,,,,,,,,,,,,0,0,0,0,1,0,0,0,0,0,0,0,1,0,0,0,0,0,0,0,1,0,1,1,1,0,0,0,0,1,0,0,0,0,0,,0,0,0,0,0,0,0,0,0,1,0,0,0,0,0,1,,,,,,21-25,16-25,City street,U,Tuesday,Belt Used,PV,Not Fatal,0,0,0,0,City Street,Municipal/City Police,Burien Police Department,0,0,0,1,0,,,,,,0,0,0,,,,,,,,,,,98,98,98,0,,,,,20,,,,,,,,,1,0,,,,,,
2021,92,EB20502,73,04/06/2021,15:16,6,4,,33,King,229,1,,1,1,2,2,0,6,4,,,,12,0,7,0,1,0,1,3,2,4,6,0,0,0,0,AMBAUM BLVD SW,,-122.3510056,47.49593611,0,2,98,53,3,35,5,0,0,1,2,12,1,2,4,1,1,2,2,53,0,49,51,2012,0,,12,68,12,,,,1,1,35,1,7,,4,7,3,0,11,0,04/06/2021,15:16,22953017087,17087,0,0,3,3,1,0,,,,96,,,,,,98,,,,,,98146,53,66,145,6,1,0,0,0,0,,0,,,,,,0,,,20,0,0,0,0,9,8,,,0,,,8,8,2,1,,,1,,,2,1,0,,,,,,,,,,,,,,,,,,,,,,,,,,,,,,0,0,0,0,1,0,0,0,0,0,0,0,1,0,0,0,0,0,0,0,1,0,1,1,1,0,0,0,0,1,0,0,0,0,0,,1,0,0,0,0,0,0,0,0,0,0,0,0,0,0,0,,,,,,31-35,26-35,City street,U,Tuesday,Belt Used,PV,White,0,0,0,0,City Street,Municipal/City Police,Burien Police Department,0,0,0,1,0,,,,,,0,0,0,,,,,,,,,,,98,98,98,1,,,,,20,,,,,,,,,1,0,,,,,,
2021,92,EB20502,73,04/06/2021,15:16,6,4,,33,King,229,1,,1,1,2,2,0,6,4,,,,12,0,7,0,1,0,1,3,2,4,6,0,0,0,0,AMBAUM BLVD SW,,-122.3510056,47.49593611,0,3,98,62,4,35,34,0,0,1,2,12,3,2,4,1,14,1,2,53,0,7,482,2004,0,,12,,,,,,1,1,35,2,0,,2,0,3,0,11,0,,,,,0,0,0,3,1,0,,,,96,,,,,,98,,,,,,98146,53,60,148,6,1,0,0,0,0,,0,,,,,,0,,,1,0,0,0,8,9,8,,,0,,,8,8,0,0,,,0,,,0,0,996,,,,,,,,,,,,,,,,,,,,,,,,,,,,,,0,0,0,0,1,0,0,0,0,0,0,0,1,0,0,0,0,0,0,0,1,0,1,1,1,0,0,0,0,1,0,0,0,0,0,,0,0,0,0,0,0,0,0,0,0,0,0,0,0,0,0,,,,,,31-35,26-35,City street,U,Tuesday,Belt Used,PV,Not Fatal,0,0,0,0,City Street,Municipal/City Police,Burien Police Department,0,0,0,1,0,,,,,,0,0,0,,,,,,,,,,,98,98,98,0,,,,,20,,,,,,,,,1,0,,,,,,
2021,92,EB20502,73,04/06/2021,15:16,6,4,,33,King,229,1,,1,1,2,2,0,6,4,,,,12,0,7,0,1,0,1,3,2,4,6,0,0,0,0,AMBAUM BLVD SW,,-122.3510056,47.49593611,0,4,45,61,4,35,4,0,0,1,2,12,3,2,4,1,14,2,2,53,0,37,31,2010,0,,12,,,,,,1,1,16,2,0,,2,0,3,0,11,0,,,,,0,0,1,3,1,0,,,,96,,,,,,98,,,,,,98146,53,61,160,6,2,0,0,0,0,,0,,,,,,0,,,1,0,0,0,8,9,8,,,0,,,8,8,0,0,,,0,,,0,0,996,,,,,,,,,,,,,,,,,,,,,,,,,,,,,,0,0,0,0,1,0,0,0,0,0,0,0,1,0,0,0,0,0,0,0,1,0,1,1,1,0,0,0,0,1,0,0,0,0,0,,0,0,0,0,0,0,0,0,0,0,0,0,0,0,0,0,,,,,,16-17,16-25,City street,U,Tuesday,Belt Used,PV,Not Fatal,0,0,0,0,City Street,Municipal/City Police,Burien Police Department,0,0,0,1,0,,,,,,0,0,0,,,,,,,,,,,98,98,98,0,,,,,20,,,,,,,,,1,0,,,,,,
2021,183,EB41199,5,06/18/2021,15:45,18,6,,41,Lewis,0,1,,1,1,2,1,0,2,2,,,,12,0,1,117.1,2,0,2,3,1,1,2,0,0,0,0,US-12,YOUNG RD,-121.9078,46.53407222,0,1,24,51,3,45,80,0,0,1,5,12,1,1,2,1,6,1,1,53,0,72,706,2003,0,,12,,,,,,1,1,67,1,7,,4,0,20,7,11,1,06/18/2021,21:10,1.96053E+11,31044,0,0,0,3,1,33,,,,96,,,,,,98,,,,,,98146,53,75,205,6,1,0,0,0,1,,0,,,,,,0,07/15/2017,07/15/2017,20,8,0,0,0,9,8,,,0,,,8,8,2,522,124,996,1,1,1,2,1,0,,,,,,,,,,,,,,,,,,,,,,,,,,,,,,0,0,0,1,0,0,1,1,0,0,0,0,0,0,0,0,0,0,0,0,0,0,0,0,0,1,0,0,1,1,0,0,0,0,1,1,0,0,0,0,0,0,1,1,0,0,0,0,0,0,1,0,,,,,,66-70,66-75,US highway,R,Friday,,MC,White,1,0,0,0,State Route,State Patrol,Washington State Patrol,0,1,0,0,0,,,,,,0,0,0,,,,,,,,,,,0,0,0,1,,,,,16,,,,,,,,,1,0,,,,,,