year,case,par,repjur,crash_dt,crash_tm,accday,accmon,holiday,county,co_char,city,weather,weather2,lightcond,surfcond,surftype,numfatal,nmforms,pforms,vforms,not_tm,arr_tm,hosp_tm,fhevent,hitrun,manncol,milepnt,reljunc,reljuncinter,intersectiontype,funcsystem,landuse,ownership,route,schlbus,spejur,contdev,devfunc,trafid1,trafid2,x,y,wk_zone,vnumber,crashtype,criticalevent,criticaleventcat,spdlim,body,trailer,emerg,hazcargo,leave,mhevent,roadalgn,roadprof,traflane,trafflow,vehmanvr,numoccs,regowner,regstate,spuse,make,model,modelyr,vrf1,vrf2,seqevent1,seqevent2,seqevent3,seqevent4,seqevent5,seqevent6,pnumber,ptype,age,sex,hispanic,race,injury,diedscene,restraint,restraintmisuse,seatpos,takehosp,death_dt,death_tm,cert,cernum_wa,commlic,licendor,licrestrict,liccomp,drivpres,drf1,drf2,drf3,drf4,distract1,distract2,distract3,distract4,distract5,distract6,dricond1,dricond2,dricond3,dricond4,dricond5,dricond6,dzip,licstate,drhgt_in,weight,noncdl,noncdltype,prevdwi,prevoth,prevacc,prevspd,prevsus,driviol1,driviol2,driviol3,driviol4,driviol5,driviol6,spdrel,first_dt,last_dt,airbag,ejection,ejectpath,extricat,injurwrk,methalc,methdrug,nmlocat,strikveh,prf1,prf2,prf3,druginv,alcinvol,drugsts,drugres1,drugres2,drugres3,drugtst1,drugtst2,drugtst3,alcsts,alctst,alcres,nmact1,nmact2,nmact3,nmact4,nmact5,nmact6,nmprior1,nmprior2,nmprior3,nmprior4,nmprior5,nmprior6,nmcond1,nmcond2,nmcond3,nmcond4,nmcond5,nmcond6,nmsafe_helmet,nmsafe_pads,nmsafe_oth,nmprev_ref,nmprev_lgt,nmprev_oth,crashlocation,nmcrashtype,crosswalk,schoolzone,sidewalk,train_inv,wildlife_inv,rotr_fars,intersect_fars,dd_inv,aid_inv,dpd_inv,id_inv,mj_inv,impnm_inv,ainm_inv,dpnm_inv,speed_inv,unlic_inv,unendmc_inv,drowsy_inv,drdist_inv,nmdist_inv,fty_inv,unrestfat_inv,dr1617_inv,dr1820_inv,dr1620_inv,dr2125_inv,dr1625_inv,dr65_inv,dr70_inv,dr75_inv,mc_inv,pv_inv,ht_inv,ped_inv,bike_inv,unrest_fat,mc_fat,unhelmet_mc,pv_fat,ht_fat,ped_fat,bike_fat,dr_alc7,dr_alc8,dr_drug,dr_imp,dr_dist,dr_spd,dr_fty,dr_unlic,dr_alc7only,dr_alc8only,dr_drugonly,dr_drink,nm_imp,nm_alc7,nm_alc8,nm_drug,nm_dist,agegrp1,agegrp2,roadclass,urbrur,dayweek,restuse,vehtype,race_me,intersect,lanedep,oppdir,wrongway,rep_typ,investag,repag_long,rotr,st_rd,cty_rd,city_rd,oth_rd,drug_thc,thc_res,drug_cthc,cthc_res,drug_cann,prevpersemin,prevperse,prevsusoth,drugtst4,drugtst5,drugtst6,drugtst7,drugtst8,drugres4,drugres5,drugres6,drugres7,drugres8,adspresent,adsengaged,adslevel,race1,race2,race3,race4,race5,helmet,helmetmisuse,nmdistract1,nmdistract2,nmdistract3,nmdistract4,nmdistract5,nmdistract6,lab,isedtcase,crf1,crf2,crf3,CoRoadName,CoMP,IntCoRoadName,IntCoMP
2021,240,EB51169,3,07/08/2021,14:25,8,7,,53,Pierce,0,1,,1,1,2,1,0,3,1,,,,42,0,0,9.4,1,0,1,4,1,1,3,0,0,0,0,SR-123,,-121.5554194,46.80874722,0,1,15,98,7,35,14,0,0,1,2,42,1,2,2,1,1,3,1,53,0,55,404,2020,0,,42,63,34,,,,1,1,77,2,0,,2,0,3,0,11,0,,,,,0,0,3,3,1,0,,,,96,,,,,,98,,,,,,98146,53,64,135,6,1,0,0,0,0,,0,,,,,,0,,,1,0,0,0,8,9,8,,,0,,,8,8,0,0,,,0,,,0,0,996,,,,,,,,,,,,,,,,,,,,,,,,,,,,,,0,0,0,0,0,0,0,0,0,0,0,0,0,0,0,0,0,0,0,0,0,0,0,0,0,1,1,1,0,1,0,0,0,0,0,,0,0,0,0,0,0,0,0,0,0,0,0,0,0,0,0,,,,,,76-80,76+,State route,R,Thursday,Belt Used,PV,Not Fatal,0,0,0,0,State Route,State Patrol,Washington State Patrol,0,1,0,0,0,,,,,,0,0,0,,,,,,,,,,,98,98,98,0,,,,,20,,,,,,,,,1,0,,,,,,
2017,6,3746306,263,01/05/2017,9:53,5,1,0,33,King,1960,1,0,1,1,2,1,1,5,3,,,,12,0,6,0,2,0,2,4,2,4,6,0,0,2,3,1ST AVE,COLUMBIA SR,-122.334175,47.60174444,0,2,88,66,4,98,6,0,0,1,2,12,8,8,3,4,4,1,1,53,0,37,32,2010,0,0,12,,,,,,1,1,49,2,0,0,0,0,3,0,11,0,,,,,0,0,3,3,1,0,0,0,0,0,,,,,,0,,,,,,98148,53,72,170,6,1,0,0,0,0,0,0,,,,,,0,,,1,0,0,0,8,9,8,,,0,0,0,8,0,0,0,0,0,0,0,0,0,0,996,,,,,,,,,,,,,,,,,,,,,,,,,,,,,,0,0,0,1,0,0,0,0,0,0,0,0,0,0,0,0,0,0,1,0,0,0,0,1,1,0,0,0,0,1,0,1,0,0,0,,0,0,0,0,0,0,0,0,0,0,0,0,0,0,0,0,,,,,,46-50,46-55,City street,U,Thursday,Belt Used,PV,Not Fatal,1,0,0,0,City Street,Municipal/City Police,Seattle Police Department,0,0,0,1,0,,,,,,,,,,,,,,,,,,,,,,,,,,,,,,,,,,,,,,,,,,,
2017,452,E728968,25,10/21/2017,14:51,21,10,0,33,King,229,2,0,1,2,2,1,0,3,3,,,,12,0,6,0,2,0,2,3,2,4,6,0,0,3,3,AMBAUM BLVD SW,SW 128TH ST,-122.3500139,47.48843611,0,2,79,65,4,35,20,0,0,1,5,12,1,1,2,1,1,1,1,53,0,12,442,2002,0,0,12,68,12,,,,1,1,33,2,7,1,4,7,20,0,11,0,10/21/2017,14:59,22953047338,47338,0,0,0,3,1,0,0,0,0,0,,,,,,99,,,,,,98148,53,68,200,6,1,0,2,3,1,3,0,,,,,,0,01/15/2013,07/15/2017,1,2,9,0,0,9,8,,,0,0,0,8,9,2,167,300,996,1,1,1,2,1,0,,,,,,,,,,,,,,,,,,,,,,,,,,,,,,0,0,0,1,0,0,1,1,0,0,0,0,0,0,0,0,0,0,1,1,0,0,0,0,0,0,0,0,0,1,1,0,0,1,0,,1,0,0,0,0,0,1,1,0,0,0,0,0,0,1,0,,,,,,31-35,26-35,City street,U,Saturday,Not Used,PV,White,1,0,0,0,City Street,County Sheriff,King County Police,0,0,0,1,0,,,,,,,,,,,,,,,,,,,,,,,,,,,,,,,,,,,,,,,,,,,
2018,121,E798796,25,04/27/2018,8:31,27,4,0,33,King,229,1,0,1,1,2,1,0,19,2,,,,12,0,2,0,1,0,1,5,2,4,6,1,0,0,0,GLENDALE WAY S,,-122.3165972,47.50296111,0,2,51,62,4,98,50,0,0,1,7,12,3,1,2,1,14,16,3,53,2,90,981,2012,0,0,12,,,,,,1,1,59,1,0,0,0,0,3,0,11,0,,,,,6,3,3,3,1,0,0,0,0,96,,,,,,0,,,,,,98148,53,67,220,6,1,0,0,1,0,,0,,,,,,0,01/15/2015,01/15/2015,20,0,0,0,8,9,8,,,0,0,0,8,8,0,0,,,0,,,8,95,995,,,,,,,,,,,,,,,,,,,,,,,,,,,,,,0,0,0,0,0,0,0,0,0,0,0,0,0,1,0,0,0,0,0,1,0,0,0,1,1,0,0,0,0,1,0,0,0,0,0,,0,0,0,0,0,0,0,0,0,0,0,0,0,0,0,0,,,,,,56-60,56-65,City street,U,Friday,,BUS,Not Fatal,0,1,1,0,City Street,County Sheriff,King County Police,0,0,0,1,0,,,,,,0,0,0,,,,,,,,,,,,,,,,,,,,,,,,,,,,,,,,,,,
2018,394,E856029,7,10/22/2018,2:00,22,10,0,33,King,229,5,0,3,1,2,1,0,1,1,,,,42,0,0,30.1,1,0,1,3,2,1,3,0,0,0,0,SR-509,,-122.3324972,47.46520278,0,1,1,13,2,60,80,0,0,1,7,42,3,2,2,3,14,1,1,53,0,37,706,2004,0,0,63,42,,,,,1,1,22,1,7,1,4,7,19,0,11,0,10/22/2018,2:00,22953046353,46353,0,0,0,3,1,0,0,0,0,96,,,,,,99,,,,,,98148,53,71,195,6,1,0,0,0,1,,0,,,,,,3,02/15/2017,02/15/2017,20,8,0,0,0,9,8,,,0,0,0,8,9,2,1,,,1,,,2,1,0,,,,,,,,,,,,,,,,,,,,,,,,,,,,,,0,0,1,0,0,0,0,0,0,0,0,0,1,0,0,0,0,0,0,0,0,0,0,1,1,0,0,0,1,0,0,0,0,0,1,0,0,0,0,0,0,0,0,0,0,1,0,0,0,0,0,0,,,,,,21-25,16-25,State route,U,Monday,,MC,White,0,1,0,0,State Route,State Patrol,Washington State Patrol,1,1,0,0,0,,,,,,0,0,0,,,,,,,,,,,,,,,,,,,,,,,,,,,,,,,,,,,
2019,75,E904315,39,03/16/2019,2:45,16,3,,61,Snohomish,0,1,0,2,1,2,1,0,3,2,,,,12,0,1,2.9,2,0,3,5,2,2,4,0,0,0,0,CR-67TH AVE NE,152ND ST NE,-122.1410972,48.13361389,0,2,29,53,3,50,20,0,0,1,7,1,1,1,2,1,2,2,1,53,0,7,442,2005,0,0,12,1,63,30,,,1,1,49,2,0,,3,0,99,7,11,8,,,,,0,0,0,3,1,0,0,0,0,96,,,,,,99,,,,,,98148,53,62,169,6,1,0,4,0,5,,0,,,,,,0,08/15/2014,10/15/2017,20,9,0,0,8,9,8,,,0,0,0,8,9,8,95,,,96,,,8,95,995,,,,,,,,,,,,,,,,,,,,,,,,,,,,,,0,0,0,1,1,1,1,1,1,0,0,0,1,0,0,0,0,0,0,0,0,1,1,0,1,0,0,0,0,1,0,0,0,0,0,,0,0,0,0,0,0,0,0,0,0,0,0,0,0,0,0,,,,,,46-50,46-55,County road,U,Saturday,Unknown,PV,Not Fatal,1,0,0,0,County Road,County Sheriff,Snohomish County Sheriff's Office,0,0,1,0,0,,,,,,0,0,3,,,,,,,,,,,98,98,98,0,,,,,20,7,,,,,,,,,,,,,,,
2019,421,E987417,106,11/27/2019,16:32,27,11,,33,King,532,1,0,1,1,2,1,0,3,3,,,,12,0,6,0,2,0,3,7,2,4,6,0,0,20,3,8TH AVE S,S 196TH ST,-122.324875,47.42691111,0,1,82,15,2,30,34,0,0,1,5,12,1,1,2,1,11,2,1,53,0,20,473,2016,0,0,12,,,,,,1,1,73,1,0,,0,0,3,0,11,0,,,,,0,0,0,3,1,38,0,0,0,96,,,,,,99,,,,,,98148,53,69,220,6,1,0,0,0,0,,97,,,,,,0,,,99,0,0,0,8,9,8,,,0,0,0,8,9,8,95,,,96,,,8,95,995,,,,,,,,,,,,,,,,,,,,,,,,,,,,,,0,0,0,1,1,1,1,1,1,0,0,0,0,1,1,0,1,0,1,0,0,0,0,1,1,1,1,0,1,1,0,0,0,0,0,,0,0,0,0,0,0,0,0,0,0,1,0,0,0,0,0,,,,,,71-75,66-75,City street,U,Wednesday,Belt Used,PV,Not Fatal,1,0,0,0,City Street,Municipal/City Police,Des Moines Police Department,0,0,0,1,0,,,,,,0,0,0,,,,,,,,,,,98,98,98,0,,,,,20,7,,,,,,,,,,,,,,,
2020,432,EA78212,7,11/04/2020,23:22,4,11,,33,King,0,10,,2,2,2,1,0,3,2,23:36,23:46,0:16,12,0,2,32.7,1,0,1,3,2,1,3,0,0,0,0,SR-509,,-122.3247056,47.50373056,0,2,52,54,3,60,4,0,0,1,2,12,1,2,2,3,1,2,2,53,0,41,35,1997,0,,12,,,,,,1,1,28,2,0,,2,0,3,0,11,5,,,,,0,0,0,0,1,0,,,,96,,,,,,0,,,,,,98148,53,63,200,0,0,0,4,2,2,,97,,,,,,0,09/15/2017,06/15/2019,1,0,0,0,8,3,2,,,0,,,8,8,0,0,,,0,,,0,0,996,,,,,,,,,,,,,,,,,,,,,,,,,,,,,,0,0,0,0,1,1,1,1,1,0,0,0,0,1,1,0,0,0,0,0,0,0,0,0,0,0,0,0,1,1,0,0,0,0,0,,0,0,0,0,0,0,0,0,0,0,0,1,0,0,0,0,,,,,,26-30,26-35,State route,U,Wednesday,Belt Used,PV,Not Fatal,0,0,0,1,State Route,State Patrol,Washington State Patrol,0,1,0,0,0,,,,,,0,0,3,,,,,,,,,,,0,0,0,0,,,,,20,7,,,,,,,,1,0,,,,,,
2020,495,EA85731,2,11/29/2020,17:12,29,11,,73,Whatcom,0,1,,2,1,2,1,1,2,1,,,,8,0,0,0.9,1,0,1,6,1,2,4,0,3,0,0,CR-SLATER RD,,-122.6892917,48.81952778,0,1,13,80,5,25,34,0,0,1,5,8,1,1,2,1,1,2,1,53,0,20,481,2002,0,,8,,,,,,1,1,44,1,0,,0,0,3,0,11,0,,,,,0,0,2,2,1,74,,,,96,,,,,,0,,,,,,98148,53,65,130,1,1,0,1,0,0,,71,89,,,,,0,02/15/2017,08/15/2018,20,0,0,0,8,9,8,,,0,,,8,8,0,0,,,0,,,0,0,996,,,,,,,,,,,,,,,,,,,,,,,,,,,,,,0,0,0,0,0,0,0,0,0,0,0,0,0,1,0,0,0,0,0,0,0,0,0,0,0,0,0,0,0,1,0,1,0,0,0,,0,0,0,0,0,0,0,0,0,0,0,1,0,0,0,0,,,,,,41-45,36-45,County road,R,Sunday,Belt Used,PV,Not Fatal,0,0,0,0,County Road,State Patrol,Washington State Patrol,0,0,1,0,0,,,,,,0,0,1,,,,,,,,,,,98,98,98,0,,,,,20,7,,,,,,,,1,0,,,SLATER RD,0.89,,
2020,522,3854898,263,09/27/2020,17:47,27,9,,33,King,1960,1,,1,1,1,1,1,1,1,17:48,17:52,18:21,9,0,0,0,2,0,3,3,2,4,6,0,0,0,0,12TH AVE NE,NE 73RD ST,-122.3153306,47.68155833,0,1,13,83,5,98,4,0,0,1,5,9,1,2,2,4,1,1,1,53,0,47,35,2006,0,,9,,,,,,1,1,24,1,0,,0,0,3,0,11,0,,,,,0,0,0,3,1,0,,,,96,,,,,,9,,,,,,98155,53,69,172,6,1,0,0,0,1,,11,,,,,,0,04/15/2018,04/15/2018,20,0,0,0,8,9,8,,,0,,,8,1,8,95,,,96,,,2,98,997,,,,,,,,,,,,,,,,,,,,,,,,,,,,,,0,0,0,1,1,0,0,0,0,1,0,1,0,0,0,0,0,1,0,0,0,0,0,1,1,0,0,0,0,1,0,0,1,0,0,,0,0,0,0,0,0,0,0,0,0,0,0,0,0,0,1,,,,,,21-25,16-25,City street,U,Sunday,Belt Used,PV,Not Fatal,0,0,0,0,City Street,Municipal/City Police,Seattle Police Department,0,0,0,1,0,,,,,,0,0,1,,,,,,,,,,,98,98,98,0,,,,,20,7,,,,,,,,1,0,,,,,,
2021,586,3894008,263,11/13/2021,21:48,13,11,,33,King,1960,2,,3,2,2,1,1,2,1,,,,8,0,0,3.5,1,0,1,5,2,1,3,0,0,0,0,SR-522,,-122.2928472,47.72396944,0,1,13,80,5,35,4,0,0,1,5,8,1,1,2,3,1,2,2,53,0,54,35,2004,0,,8,,,,,,1,1,16,2,0,,0,0,3,0,11,0,,,,,0,0,3,3,1,0,,,,96,,,,,,0,,,,,,98155,53,64,138,6,2,0,0,1,0,,0,,,,,,0,10/15/2021,10/15/2021,20,0,0,0,8,9,8,,,0,,,8,8,8,95,,,96,,,8,95,995,,,,,,,,,,,,,,,,,,,,,,,,,,,,,,0,0,0,0,0,0,0,0,0,0,0,0,0,0,0,0,0,0,0,0,1,0,1,0,1,0,0,0,0,1,0,1,0,0,0,,0,0,0,0,0,0,0,0,0,0,0,0,0,0,0,0,,,,,,16-17,16-25,State route,U,Saturday,Belt Used,PV,Not Fatal,0,0,0,0,State Route,Municipal/City Police,Seattle Police Department,0,1,0,0,0,,,,,,0,0,0,,,,,,,,,,,98,98,98,0,,,,,20,,,,,,,,,1,0,,,,,,
2017,207,E684437,7,06/20/2017,23:18,20,6,0,33,King,0,1,0,2,1,1,1,1,3,3,,,,14,0,0,22.5,1,0,1,1,1,1,1,0,0,0,0,I-90,,-121.9086361,47.51063611,0,1,11,13,2,70,34,0,0,1,2,8,1,2,3,2,1,1,1,53,0,35,472,2005,0,0,63,14,8,14,,,1,1,42,1,0,0,0,0,99,0,11,0,,,,,0,0,0,3,1,91,0,0,0,96,,,,,,9,,,,,,98155,53,72,165,6,1,0,1,2,1,0,1,,,,,,0,08/15/2014,08/15/2016,20,0,0,0,8,9,8,,,0,0,0,8,1,0,0,0,0,0,0,0,0,0,996,,,,,,,,,,,,,,,,,,,,,,,,,,,,,,0,0,0,0,1,0,0,0,0,0,0,0,0,0,0,0,0,0,0,0,0,0,0,0,0,0,0,0,0,1,0,1,0,0,0,,0,0,0,0,0,0,0,0,0,0,0,0,0,0,0,1,,,,,,41-45,36-45,Interstate,R,Tuesday,Unknown,PV,Not Fatal,0,1,0,0,State Route,State Patrol,Washington State Patrol Headquarter,1,1,0,0,0,,,,,,,,,,,,,,,,,,,,,,,,,,,,,,,,,,,,,,,,,,,
2017,341,E707000,7,08/30/2017,18:02,30,8,0,33,King,0,1,0,1,1,1,1,0,3,2,,,,12,0,6,1.1,1,0,1,3,2,1,3,0,0,0,0,SR-900,,-122.26755,47.494775,0,1,98,60,4,55,4,0,0,1,2,12,1,2,4,1,12,2,3,53,0,49,40,2001,0,0,12,,,,,,1,1,49,1,7,1,4,7,99,0,11,0,08/30/2017,18:02,2.31053E+11,40558,0,0,0,3,1,0,0,0,0,96,,,,,,99,,,,,,98155,53,70,190,6,1,0,0,0,0,0,0,,,,,,0,,,20,0,0,0,0,9,8,,,0,0,0,8,9,2,401,407,417,1,1,1,2,1,0,,,,,,,,,,,,,,,,,,,,,,,,,,,,,,0,0,0,0,0,0,1,1,0,0,0,0,0,0,0,0,0,0,0,0,0,0,0,1,1,0,0,0,0,1,0,0,0,0,0,,1,0,0,0,0,0,1,1,0,0,0,0,0,0,1,0,,,,,,46-50,46-55,State route,U,Wednesday,Unknown,PV,White,0,0,0,0,State Route,State Patrol,Washington State Patrol Headquarter,0,1,0,0,0,,,,,,,,,,,,,,,,,,,,,,,,,,,,,,,,,,,,,,,,,,,
2017,536,E754240,4,12/29/2017,10:18,29,12,0,1,Adams,0,2,0,1,3,2,1,0,2,1,10:22,10:43,11:30,1,0,0,200.3,1,0,1,1,1,1,1,0,0,0,0,I-90,,-118.7673917,47.08638889,0,1,2,6,1,70,14,0,0,1,2,1,1,2,2,2,1,2,1,53,0,2,404,2000,0,0,63,1,,,,,1,1,35,1,0,0,3,0,20,0,11,4,,,,,0,0,0,3,1,87,0,0,0,96,,,,,,0,,,,,,98155,53,77,220,6,1,0,1,1,2,2,97,,,,,,4,05/15/2014,06/15/2017,20,0,0,0,8,9,8,,,0,0,0,8,0,0,0,0,0,0,0,0,0,0,996,,,,,,,,,,,,,,,,,,,,,,,,,,,,,,0,0,0,0,0,0,0,0,0,0,0,0,1,0,0,0,0,0,0,0,0,0,0,0,0,0,0,0,0,1,0,0,0,0,0,,0,0,0,0,0,0,0,0,0,1,0,0,0,0,0,0,,,,,,31-35,26-35,Interstate,R,Friday,Not Used,PV,Not Fatal,0,1,0,0,State Route,State Patrol,Washington State Patrol Headquarter,1,1,0,0,0,,,,,,,,,,,,,,,,,,,,,,,,,,,,,,,,,,,,,,,,,,,
2018,284,E829556,2,08/09/2018,23:13,9,8,0,57,Skagit,0,1,0,2,1,2,1,0,6,5,23:07,23:17,23:54,12,0,1,233.4,1,0,1,1,1,1,1,0,0,0,0,I-5,,-122.3392944,48.50786944,0,4,98,53,3,70,4,0,0,1,2,12,1,2,2,3,5,2,1,53,0,49,45,2001,0,0,12,12,,,,,1,1,26,1,0,0,0,0,3,0,11,0,,,,,0,0,0,3,1,0,0,0,0,0,,,,,,0,,,,,,98155,53,72,160,6,1,0,0,0,0,,0,,,,,,0,,,99,0,0,0,8,9,8,,,0,0,0,8,0,8,95,,,96,,,8,95,995,,,,,,,,,,,,,,,,,,,,,,,,,,,,,,0,0,0,0,1,0,0,0,0,0,0,0,1,0,0,0,1,0,0,0,0,1,1,1,1,0,0,0,0,1,0,0,0,0,0,,0,0,0,0,0,0,0,0,0,0,0,0,0,0,0,0,,,,,,26-30,26-35,Interstate,R,Thursday,Belt Used,PV,Not Fatal,0,0,0,0,State Route,State Patrol,Washington State Patrol,0,1,0,0,0,,,,,,0,0,0,,,,,,,,,,,,,,,,,,,,,,,,,,,,,,,,,,,
2019,446,E994935,269,12/15/2019,17:10,15,12,,33,King,2005,10,0,3,2,2,1,0,4,3,,,,12,0,6,0,1,0,1,3,2,4,6,0,0,0,0,NE 175TH ST,,-122.3293917,47.75595,0,1,66,6,1,35,2,0,0,1,7,12,1,1,6,1,1,2,1,53,0,12,3,1994,0,0,68,12,,,,,1,1,44,1,7,,4,7,3,0,11,0,12/15/2019,17:10,2.00553E+11,55156,0,0,3,3,1,0,0,0,0,96,,,,,,99,,,,,,98155,53,72,195,6,1,0,0,0,1,,0,,,,,,0,07/15/2019,07/15/2019,20,0,0,0,0,9,8,,,0,0,0,8,9,2,1,,,1,,,2,1,0.13,,,,,,,,,,,,,,,,,,,,,,,,,,,,,,0,0,0,0,1,1,0,1,0,0,0,0,0,0,0,0,0,0,0,0,0,0,0,0,0,0,0,0,0,1,0,0,0,0,0,,1,0,0,0,0,1,0,1,0,0,0,0,0,1,0,1,,,,,,41-45,36-45,City street,U,Sunday,Belt Used,PV,White,0,1,1,0,State Route,Municipal/City Police,Shoreline Police Department,0,1,0,0,0,,,,,,0,0,0,,,,,,,,,,,0,0,0,1,,,,,20,7,,,,,,,,,,,,,,,
2020,167,EA38743,25,05/31/2020,19:13,31,5,,33,King,2005,10,,1,1,2,1,0,3,2,19:22,19:28,19:55,12,0,6,0,2,0,2,4,2,4,6,0,0,3,3,5TH AVE NE,NE 155th St,-122.3237,47.74131944,0,2,89,66,4,35,34,0,0,1,8,12,1,1,2,1,1,2,2,53,0,35,472,2005,0,,12,,,,,,1,1,32,2,0,,0,0,3,0,11,0,,,,,0,0,0,3,1,0,,,,96,,,,,,0,,,,,,98155,53,66,158,6,1,0,0,0,1,,0,,,,,,0,08/15/2016,08/15/2016,20,0,0,0,8,9,8,,,0,,,8,8,8,95,,,96,,,8,95,995,,,,,,,,,,,,,,,,,,,,,,,,,,,,,,0,0,0,1,0,0,0,0,0,0,0,0,0,1,0,0,0,0,0,1,0,0,0,0,0,0,0,0,0,1,0,0,0,0,0,,0,0,0,0,0,0,0,0,0,0,0,0,0,0,0,0,,,,,,31-35,26-35,City street,U,Sunday,Belt Used,PV,Not Fatal,1,0,0,0,City Street,County Sheriff,King County Police,0,0,0,1,0,,,,,,0,0,0,,,,,,,,,,,98,98,98,0,,,,,20,7,,,,,,,,1,0,,,,,,
2020,369,EA65735,2,08/15/2020,15:43,15,8,,61,Snohomish,0,1,,1,1,2,1,0,3,2,15:52,16:10,16:29,12,0,2,20.2,1,0,1,3,2,1,3,0,0,0,0,SR-522,,-122.0550333,47.83051667,0,1,50,10,2,55,14,0,0,1,2,12,2,2,1,2,14,1,1,53,0,63,402,2019,0,,68,12,1,2,,,1,1,54,2,0,,3,0,3,0,11,5,,,,,0,0,3,3,1,58,91,,,92,,,,,,9,,,,,,98155,53,68,145,6,1,0,0,1,0,,1,,,,,,0,04/15/2019,04/15/2019,8,0,0,0,8,3,8,,,0,,,8,1,2,1,,,1,,,2,1,0,,,,,,,,,,,,,,,,,,,,,,,,,,,,,,0,0,0,0,1,0,0,0,0,0,0,0,0,0,0,0,1,0,0,0,0,0,0,0,0,0,0,0,0,1,0,0,0,0,0,,0,0,0,0,0,0,0,0,1,0,0,0,0,0,0,1,,,,,,51-55,46-55,State route,U,Saturday,Belt Used,PV,Not Fatal,0,1,1,0,State Route,State Patrol,Washington State Patrol,0,1,0,0,0,,,,,,0,0,0,,,,,,,,,,,98,98,98,0,,,,,20,7,,,,,,,,1,0,,,,,,
2019,262,3692982,263,07/03/2019,9:22,3,7,,33,King,1960,10,0,1,1,1,1,1,1,1,,,,8,0,0,0,1,0,1,4,2,4,6,0,0,0,0,SW BARTON ST,,-122.3681556,47.52104444,0,1,13,80,5,25,34,0,0,1,7,8,1,1,2,2,1,1,1,53,0,49,471,1979,0,0,8,,,,,,1,1,78,1,0,,0,0,3,0,11,0,,,,,0,0,3,3,1,38,91,0,0,96,,,,,,9,,,,,,98166,53,72,130,6,1,0,0,0,0,,1,11,,,,,0,,,20,0,0,0,8,9,2,,,0,0,0,1,0,8,95,,,96,,,8,95,995,,,,,,,,,,,,,,,,,,,,,,,,,,,,,,0,0,0,0,0,0,0,0,0,0,0,0,0,0,0,0,0,0,1,0,0,0,0,0,0,1,1,1,0,1,0,1,0,0,0,,0,0,0,0,0,0,0,0,0,0,1,0,0,0,0,0,,,,,,76-80,76+,City street,U,Wednesday,Belt Used,PV,Not Fatal,0,0,0,0,City Street,Municipal/City Police,Seattle Police Department,0,0,0,1,0,,,,,,0,0,0,,,,,,,,,,,0,0,0,0,,,,,20,7,,,,,,,,,,,,,,,
2019,494,EA00856,73,12/27/2019,21:04,27,12,,33,King,229,10,0,3,2,1,1,0,2,2,,,,12,0,6,0,2,0,3,7,2,4,6,0,0,20,3,AMBAUM BLVD SW,SW 120TH ST,-122.3503944,47.49545,0,1,82,15,2,25,4,0,0,1,7,12,3,4,2,1,11,1,1,53,0,49,32,2006,0,0,12,,,,,,1,1,51,1,7,,4,0,20,7,11,4,01/24/2020,9:46,1.96053E+11,5806,6,0,0,3,1,0,0,0,0,92,,,,,,0,,,,,,98166,53,64,156,6,1,0,1,2,0,,0,,,,,,0,05/15/2018,03/15/2019,1,0,0,0,0,9,8,,,0,0,0,0,0,8,95,,,96,,,8,95,995,,,,,,,,,,,,,,,,,,,,,,,,,,,,,,0,0,0,1,0,0,0,0,0,0,0,0,0,0,0,0,1,0,0,1,0,1,1,0,1,0,0,0,0,1,0,0,0,1,0,,1,0,0,0,0,0,0,0,1,0,0,0,0,0,0,0,,,,,,51-55,46-55,City street,U,Friday,Not Used,PV,Black,1,0,0,0,City Street,Municipal/City Police,Burien Police Department,0,0,0,1,0,,,,,,0,0,0,,,,,,,,,,,98,98,98,2,,,,,20,7,,,,,,,,,,,,,,,
2020,406,EA71988,262,10/13/2020,5:16,13,10,,33,King,1958,2,,3,2,2,1,1,1,1,,,,8,0,0,0,1,0,1,3,2,4,6,0,0,0,0,S 188TH ST,,-122.2907444,47.43447778,0,1,13,80,5,40,34,0,0,1,5,8,1,3,5,5,1,1,3,53,0,23,481,2004,0,,8,,,,,,1,1,54,1,0,,0,0,3,0,11,0,,,,,0,0,3,3,1,10,,,,0,,,,,,98,,,,,,98166,53,76,220,6,1,0,0,0,0,,0,,,,,,0,,,20,0,0,0,8,9,8,,,0,,,8,8,8,95,,,96,,,8,95,995,,,,,,,,,,,,,,,,,,,,,,,,,,,,,,0,0,0,0,0,0,0,0,0,1,1,1,0,0,0,0,0,0,0,0,0,0,0,0,0,0,0,0,0,1,0,1,0,0,0,,0,0,0,0,0,0,0,0,0,0,0,0,0,0,0,0,,,,,,51-55,46-55,City street,U,Tuesday,Belt Used,PV,Not Fatal,0,0,0,0,City Street,Municipal/City Police,SeaTac Police Department,0,0,0,1,0,,,,,,0,0,0,,,,,,,,,,,98,98,98,0,,,,,20,7,,,,,,,,1,0,,,,,,