year,case,par,repjur,crash_dt,crash_tm,accday,accmon,holiday,county,co_char,city,weather,weather2,lightcond,surfcond,surftype,numfatal,nmforms,pforms,vforms,not_tm,arr_tm,hosp_tm,fhevent,hitrun,manncol,milepnt,reljunc,reljuncinter,intersectiontype,funcsystem,landuse,ownership,route,schlbus,spejur,contdev,devfunc,trafid1,trafid2,x,y,wk_zone,vnumber,crashtype,criticalevent,criticaleventcat,spdlim,body,trailer,emerg,hazcargo,leave,mhevent,roadalgn,roadprof,traflane,trafflow,vehmanvr,numoccs,regowner,regstate,spuse,make,model,modelyr,vrf1,vrf2,seqevent1,seqevent2,seqevent3,seqevent4,seqevent5,seqevent6,pnumber,ptype,age,sex,hispanic,race,injury,diedscene,restraint,restraintmisuse,seatpos,takehosp,death_dt,death_tm,cert,cernum_wa,commlic,licendor,licrestrict,liccomp,drivpres,drf1,drf2,drf3,drf4,distract1,distract2,distract3,distract4,distract5,distract6,dricond1,dricond2,dricond3,dricond4,dricond5,dricond6,dzip,licstate,drhgt_in,weight,noncdl,noncdltype,prevdwi,prevoth,prevacc,prevspd,prevsus,driviol1,driviol2,driviol3,driviol4,driviol5,driviol6,spdrel,first_dt,last_dt,airbag,ejection,ejectpath,extricat,injurwrk,methalc,methdrug,nmlocat,strikveh,prf1,prf2,prf3,druginv,alcinvol,drugsts,drugres1,drugres2,drugres3,drugtst1,drugtst2,drugtst3,alcsts,alctst,alcres,nmact1,nmact2,nmact3,nmact4,nmact5,nmact6,nmprior1,nmprior2,nmprior3,nmprior4,nmprior5,nmprior6,nmcond1,nmcond2,nmcond3,nmcond4,nmcond5,nmcond6,nmsafe_helmet,nmsafe_pads,nmsafe_oth,nmprev_ref,nmprev_lgt,nmprev_oth,crashlocation,nmcrashtype,crosswalk,schoolzone,sidewalk,train_inv,wildlife_inv,rotr_fars,intersect_fars,dd_inv,aid_inv,dpd_inv,id_inv,mj_inv,impnm_inv,ainm_inv,dpnm_inv,speed_inv,unlic_inv,unendmc_inv,drowsy_inv,drdist_inv,nmdist_inv,fty_inv,unrestfat_inv,dr1617_inv,dr1820_inv,dr1620_inv,dr2125_inv,dr1625_inv,dr65_inv,dr70_inv,dr75_inv,mc_inv,pv_inv,ht_inv,ped_inv,bike_inv,unrest_fat,mc_fat,unhelmet_mc,pv_fat,ht_fat,ped_fat,bike_fat,dr_alc7,dr_alc8,dr_drug,dr_imp,dr_dist,dr_spd,dr_fty,dr_unlic,dr_alc7only,dr_alc8only,dr_drugonly,dr_drink,nm_imp,nm_alc7,nm_alc8,nm_drug,nm_dist,agegrp1,agegrp2,roadclass,urbrur,dayweek,restuse,vehtype,race_me,intersect,lanedep,oppdir,wrongway,rep_typ,investag,repag_long,rotr,st_rd,cty_rd,city_rd,oth_rd,drug_thc,thc_res,drug_cthc,cthc_res,drug_cann,prevpersemin,prevperse,prevsusoth,drugtst4,drugtst5,drugtst6,drugtst7,drugtst8,drugres4,drugres5,drugres6,drugres7,drugres8,adspresent,adsengaged,adslevel,race1,race2,race3,race4,race5,helmet,helmetmisuse,nmdistract1,nmdistract2,nmdistract3,nmdistract4,nmdistract5,nmdistract6,lab,isedtcase,crf1,crf2,crf3,CoRoadName,CoMP,IntCoRoadName,IntCoMP
2020,472,EA86312,7,12/01/2020,23:35,1,12,,33,King,1640,1,,3,1,2,2,0,7,7,,,,12,0,2,13.2,1,0,1,3,2,1,3,0,0,0,0,SR-167,,-122.2607278,47.26889167,0,2,52,54,3,60,80,0,0,1,2,12,1,1,2,3,1,1,3,53,0,73,705,2011,0,,12,12,,,,,1,1,49,1,7,,4,7,20,7,11,0,12/01/2020,23:35,1.64053E+11,56477,0,0,0,3,1,0,,,,96,,,,,,0,,,,,,98166,53,64,140,6,1,0,1,1,0,,0,,,,,,0,05/15/2018,05/15/2018,20,8,0,0,0,9,8,,,0,,,8,8,2,1,,,14,,,2,4,0,,,,,,,,,,,,,,,,,,,,,,,,,,,,,,0,0,0,0,1,0,0,0,0,0,0,0,0,0,0,0,0,0,0,0,0,0,0,1,1,0,0,0,1,1,1,0,0,0,1,0,0,0,0,0,0,0,0,0,0,0,0,0,0,0,0,0,,,,,,46-50,46-55,State route,U,Tuesday,,MC,White,0,0,0,1,State Route,State Patrol,Washington State Patrol,0,1,0,0,0,,,,,,0,0,0,,,,,,,,,,,0,0,0,1,,,,,5,0,,,,,,,,1,14,,,,,,
2020,376,3834802,263,09/13/2020,18:40,13,9,,33,King,1960,5,,5,1,1,1,0,3,3,,,,12,0,2,20.9,2,0,4,3,2,1,3,0,0,3,3,SR-99,SR-509,-122.3337167,47.54733056,0,2,84,66,4,45,6,0,0,1,2,12,1,1,3,1,11,1,1,53,0,20,23,2007,0,,12,12,,,,,1,1,56,2,0,,3,0,3,0,11,5,,,,,0,0,3,3,1,0,,,,96,,,,,,98,,,,,,98168,53,67,135,6,1,0,0,0,0,,0,,,,,,0,,,8,0,0,1,8,9,8,,,0,,,8,8,8,95,,,96,,,8,95,995,,,,,,,,,,,,,,,,,,,,,,,,,,,,,,0,0,0,1,1,1,1,1,1,0,0,0,1,0,0,0,0,0,0,1,0,0,0,0,0,0,0,0,0,1,0,0,0,0,0,,0,0,0,0,0,0,0,0,0,0,0,0,0,0,0,0,,,,,,56-60,56-65,State route,U,Sunday,Belt Used,PV,Not Fatal,1,0,0,0,State Route,Municipal/City Police,Seattle Police Department,0,1,0,0,0,,,,,,0,0,0,,,,,,,,,,,98,98,98,0,,,,,20,7,,,,,,,,1,0,,,,,,
2020,121,3837845,263,04/25/2020,20:17,25,4,,33,King,1960,1,,1,1,2,2,0,2,1,20:20,20:27,,30,0,0,0,3,0,3,3,2,4,6,0,0,0,0,AIRPORT WAY S,S Hinds St,-122.3216417,47.57351667,0,1,6,12,2,30,2,0,0,1,2,30,2,1,5,5,14,2,1,53,0,12,3,2006,0,,68,64,30,,,,1,1,57,1,7,,4,7,99,7,11,0,04/25/2020,20:17,1.96053E+11,19844,0,0,0,3,1,0,,,,96,,,,,,98,,,,,,98168,53,70,200,6,1,1,0,0,0,,0,,,,,,3,05/15/2015,05/15/2019,99,0,0,0,0,9,8,,,0,,,8,8,2,321,,,1,,,2,1,0.188,,,,,,,,,,,,,,,,,,,,,,,,,,,,,,0,0,1,1,1,1,1,1,0,0,0,0,1,0,0,0,0,0,0,0,0,0,0,0,0,0,0,0,0,1,0,0,0,0,0,,1,0,0,0,0,1,1,1,0,1,0,0,0,0,0,1,,,,,,56-60,56-65,City street,U,Saturday,Unknown,PV,White,0,1,0,0,City Street,Municipal/City Police,Seattle Police Department,1,0,0,1,0,,,,,,0,1,0,,,,,,,,,,,98,98,98,1,,,,,20,7,,,,,,,,1,0,,,,,,
2021,595,3890588,263,10/21/2021,19:00,21,10,,33,King,1960,2,,3,2,1,1,1,1,1,,,,8,0,0,0,3,0,2,3,2,4,6,0,0,3,3,4TH AVE S,S Lander St,-122.3290944,47.57980278,0,1,13,80,5,25,5,0,0,1,5,8,1,1,5,1,1,1,1,53,0,49,46,2014,0,,8,,,,,,1,1,55,1,0,,0,0,3,0,11,0,,,,,0,0,0,3,1,0,,,,96,,,,,,98,,,,,,98168,53,67,180,6,1,0,0,3,1,,0,,,,,,0,01/15/2019,08/15/2020,20,0,0,0,8,9,8,,,0,,,8,8,8,95,,,96,,,8,95,995,,,,,,,,,,,,,,,,,,,,,,,,,,,,,,0,0,0,1,0,0,0,0,0,1,0,1,0,0,0,0,0,0,0,0,0,0,0,0,0,0,0,0,0,1,0,1,0,0,0,,0,0,0,0,0,0,0,0,0,0,0,0,0,0,0,0,,,,,,51-55,46-55,City street,U,Thursday,Belt Used,PV,Not Fatal,1,0,0,0,City Street,Municipal/City Police,Seattle Police Department,0,0,0,1,0,,,,,,0,0,0,,,,,,,,,,,98,98,98,0,,,,,20,,,,,,,,,1,0,,,,,,
2017,92,E658130,25,03/25/2017,9:10,25,3,0,33,King,229,1,0,1,1,2,1,0,2,2,,,,12,0,2,0,1,0,1,3,2,4,6,0,0,0,0,ALBAUM BLVD SW,,-122.3500278,47.48798889,0,1,50,10,2,35,4,0,0,1,2,12,2,2,5,5,6,1,2,53,0,41,35,1995,0,0,68,12,,,,,1,1,19,1,1,98,4,7,3,0,11,0,03/25/2017,9:10,22953015787,15787,0,0,0,0,1,28,0,0,0,96,,,,,,99,,,,,,98168,53,67,200,0,0,0,1,0,1,0,0,,,,,,3,12/15/2016,02/15/2017,8,0,0,0,0,9,8,,,0,0,0,8,9,2,401,417,605,1,1,1,2,1,0.068,,,,,,,,,,,,,,,,,,,,,,,,,,,,,,0,0,0,0,1,0,1,1,1,0,0,0,1,1,0,0,0,0,0,0,0,1,1,0,1,0,0,0,0,1,1,0,0,0,0,,1,0,0,0,1,0,1,1,0,1,0,1,0,0,0,1,,,,,,18-20,16-25,City street,U,Saturday,Belt Used,PV,Hispanic,0,1,1,0,City Street,County Sheriff,King County Police,0,0,0,1,0,thc,11,carboxy-thc,49,,,,,,,,,,,,,,,,,,,,,,,,,,,,,,,,,,,,,,,
2017,125,E664546,25,04/19/2017,15:41,19,4,0,33,King,1958,10,0,1,1,2,1,0,9,2,,,,42,0,0,15.4,1,0,1,3,2,1,3,0,0,0,0,SR-99,,-122.2961694,47.44513611,0,1,6,62,4,40,4,0,0,1,2,12,1,1,2,1,1,6,1,53,0,63,34,2016,0,0,64,42,12,,,,1,1,82,1,0,0,2,0,99,0,11,8,,,,,0,0,0,3,1,0,0,0,0,96,,,,,,0,,,,,,98168,53,63,125,6,1,0,0,0,0,0,0,,,,,,0,,,1,0,0,0,8,9,8,,,0,0,0,8,0,0,0,0,0,0,0,0,0,0,996,,,,,,,,,,,,,,,,,,,,,,,,,,,,,,0,0,1,0,0,0,0,0,0,0,0,0,0,0,0,0,0,0,0,0,0,0,0,0,0,1,1,1,0,1,0,0,0,0,0,,0,0,0,0,0,0,0,0,0,0,0,0,0,0,0,0,,,,,,81+,76+,State route,U,Wednesday,Unknown,PV,Not Fatal,0,1,0,0,State Route,County Sheriff,King County Police,1,1,0,0,0,,,,,,,,,,,,,,,,,,,,,,,,,,,,,,,,,,,,,,,,,,,
2017,161,E674804,25,05/20/2017,3:00,20,5,0,33,King,1958,1,0,3,1,2,1,1,1,1,,,,8,0,0,0,1,0,1,5,2,4,6,0,0,0,0,S 144TH ST,,-122.2936972,47.474325,0,1,13,80,5,30,4,0,0,1,2,8,1,3,2,1,1,1,2,53,0,7,24,2007,0,0,8,,,,,,1,1,42,1,0,0,0,0,3,0,11,0,,,,,0,0,0,3,1,0,0,0,0,0,,,,,,0,,,,,,98168,53,71,230,6,1,0,0,0,0,0,0,,,,,,0,,,20,0,0,0,8,9,8,,,0,0,0,0,0,0,0,0,0,0,0,0,0,0,996,,,,,,,,,,,,,,,,,,,,,,,,,,,,,,0,0,0,0,0,0,0,0,0,1,1,0,0,0,0,0,0,0,0,0,0,0,0,0,0,0,0,0,0,1,0,1,0,0,0,,0,0,0,0,0,0,0,0,0,0,0,0,0,0,0,0,,,,,,41-45,36-45,City street,U,Saturday,Belt Used,PV,Not Fatal,0,0,0,0,City Street,County Sheriff,King County Police,0,0,0,1,0,,,,,,,,,,,,,,,,,,,,,,,,,,,,,,,,,,,,,,,,,,,
2017,323,E704148,160,08/23/2017,6:48,23,8,0,33,King,1030,1,0,1,1,2,1,0,5,4,,,,12,0,7,11.3,3,0,2,3,2,1,3,0,0,3,3,SR-99,S 240 ST,-122.2964528,47.38647222,0,1,46,11,2,45,6,0,0,1,2,12,1,1,3,1,15,2,1,53,0,20,23,2011,0,0,12,,,,,,1,1,61,1,0,0,0,0,3,0,11,0,,,,,0,0,0,3,1,91,0,0,0,96,,,,,,0,,,,,,98168,53,72,215,6,1,0,0,0,1,0,2,,,,,,0,05/15/2017,05/15/2017,20,0,0,0,8,1,1,,,0,0,0,0,0,2,1,0,0,1,0,0,2,1,0,,,,,,,,,,,,,,,,,,,,,,,,,,,,,,0,0,0,1,0,0,0,0,0,0,0,0,0,0,0,0,0,0,0,0,0,0,0,0,0,0,0,0,1,1,0,0,0,0,0,,0,0,0,0,0,0,0,0,0,0,0,0,0,0,0,0,,,,,,61-65,56-65,State route,U,Wednesday,Belt Used,PV,Not Fatal,0,0,0,0,State Route,Municipal/City Police,Kent Police Department,0,1,0,0,0,,,,,,,,,,,,,,,,,,,,,,,,,,,,,,,,,,,,,,,,,,,
2017,409,E721588,25,09/23/2017,6:53,23,9,0,33,King,229,1,0,4,1,2,1,1,1,1,,,,8,0,0,9999.9,3,0,2,3,2,4,6,0,0,20,3,1 AVE S,S 138 STREET,-122.3337222,47.47946389,0,1,13,80,5,35,4,0,0,1,5,8,1,1,5,1,1,1,1,53,0,49,40,2011,0,0,8,,,,,,1,1,54,2,0,0,0,0,3,0,11,0,,,,,0,0,0,3,1,0,0,0,0,0,,,,,,0,,,,,,98168,53,72,187,6,1,0,0,1,0,0,0,,,,,,0,07/15/2014,07/15/2014,20,0,0,0,8,9,8,,,0,0,0,8,0,8,95,0,0,6,0,0,8,95,995,,,,,,,,,,,,,,,,,,,,,,,,,,,,,,0,0,0,1,0,0,0,0,0,1,0,1,0,0,0,0,0,0,0,0,0,0,0,0,0,0,0,0,0,1,0,1,0,0,0,,0,0,0,0,0,0,0,0,0,0,0,0,0,0,0,0,,,,,,51-55,46-55,City street,U,Saturday,Belt Used,PV,Not Fatal,1,0,0,0,City Street,County Sheriff,King County Police,0,0,0,1,0,,,,,,,,,,,,,,,,,,,,,,,,,,,,,,,,,,,,,,,,,,,
2018,132,E798705,248,05/13/2018,23:45,13,5,0,33,King,1830,1,0,3,1,2,1,0,1,1,,,,30,0,0,0,1,0,1,5,2,4,6,0,0,0,0,TALBOT RD S,,-122.2128889,47.42961667,0,1,6,6,1,98,3,0,0,1,2,30,1,1,2,1,1,1,2,53,0,37,31,1998,0,0,68,64,30,,,,1,1,23,1,1,98,4,0,99,0,11,5,05/14/2018,0:58,1.96053E+11,21906,0,0,0,2,1,0,0,0,0,96,,,,,,99,,,,,,98168,53,69,150,1,1,0,2,3,2,,0,,,,,,3,06/15/2013,07/15/2017,8,0,0,0,0,9,8,,,0,0,0,8,9,2,177,348,,1,1,,2,1,0.13,,,,,,,,,,,,,,,,,,,,,,,,,,,,,,0,0,1,0,1,1,1,1,0,0,0,0,1,1,0,0,0,0,0,0,0,0,0,1,1,0,0,0,0,1,0,0,0,0,0,,1,0,0,0,0,1,1,1,0,1,0,1,0,0,0,1,,,,,,21-25,16-25,City street,U,Sunday,Unknown,PV,Hispanic,0,1,0,0,City Street,Municipal/City Police,Renton Police Department,1,0,0,1,0,,,,,,0,0,3,,,,,,,,,,,,,,,,,,,,,,,,,,,,,,,,,,,
2018,299,E822515,290,07/28/2018,23:32,28,7,0,53,Pierce,2230,1,0,3,1,2,1,0,4,2,,,,12,0,6,56.7,2,0,2,3,2,1,3,0,0,0,0,SR-7,S 43RD ST,-122.4340333,47.21834722,0,2,68,61,4,35,20,0,0,1,7,12,1,1,4,1,11,3,2,53,0,37,441,2002,0,0,12,,,,,,1,1,17,2,0,0,0,0,3,0,11,0,,,,,0,0,3,3,1,10,0,0,0,96,,,,,,0,,,,,,98168,53,60,100,6,2,0,0,0,0,,0,,,,,,0,,,1,0,0,0,8,9,8,,,0,0,0,8,0,8,95,,,96,,,8,95,995,,,,,,,,,,,,,,,,,,,,,,,,,,,,,,0,0,0,1,0,0,0,0,0,0,0,0,1,0,1,0,0,0,0,0,1,0,1,0,1,0,0,0,1,1,0,0,0,0,0,,0,0,0,0,0,0,0,0,0,0,0,0,0,0,0,0,,,,,,16-17,16-25,State route,U,Saturday,Belt Used,PV,Not Fatal,1,0,0,0,State Route,Municipal/City Police,Tacoma Police Department,0,1,0,0,0,,,,,,0,0,0,,,,,,,,,,,,,,,,,,,,,,,,,,,,,,,,,,,
2018,291,E830321,248,06/27/2018,13:42,27,6,0,33,King,1830,1,0,1,1,2,1,0,1,1,,,,31,0,0,23,3,0,3,3,2,1,3,0,0,3,3,SR-169,140TH WAY SE,-122.15635,47.46844167,0,1,1,13,2,40,80,0,0,1,7,31,1,1,5,1,1,1,5,53,0,37,706,1994,0,0,63,31,,,,,1,1,26,8,7,1,4,0,19,0,11,4,06/27/2018,14:43,1.96053E+11,35039,0,0,0,2,1,0,0,0,0,96,,,,,,99,,,,,,98168,53,71,230,1,1,0,4,1,0,,0,,,,,,3,08/15/2013,05/15/2016,20,8,0,0,0,9,8,,,0,0,0,8,9,2,401,417,,1,1,,2,1,0.02,,,,,,,,,,,,,,,,,,,,,,,,,,,,,,0,0,1,1,1,0,1,1,0,0,0,0,1,1,1,0,0,0,0,0,0,0,0,0,0,0,0,0,1,0,0,0,0,0,1,0,0,0,0,0,1,0,1,1,0,1,0,1,0,0,0,1,,,,,,26-30,26-35,State route,U,Wednesday,,MC,White,1,0,0,0,State Route,Municipal/City Police,Renton Police Department,0,1,0,0,0,,,,,,0,0,2,,,,,,,,,,,,,,,,,,,,,,,,,,,,,,,,,,,
2018,443,E868356,31,11/23/2018,23:50,23,11,8,45,Mason,0,5,0,2,1,7,1,0,2,1,23:54,0:09,0:42,30,0,0,4.5,1,0,1,5,1,2,4,0,0,0,0,CR-SE LYNCH RD,,-123.0206528,47.15991667,0,1,2,6,1,35,3,0,0,1,7,30,3,2,2,1,14,2,1,53,0,30,42,2001,0,0,63,30,42,,,,1,1,32,1,7,3,4,7,20,0,11,0,11/23/2018,23:50,53051266,51266,0,0,0,3,1,58,0,0,0,93,,,,,,99,,,,,,98168,53,72,175,6,1,0,1,0,0,,0,,,,,,4,11/15/2015,05/15/2016,1,2,9,0,0,9,8,,,0,0,0,8,9,2,1,,,1,,,2,1,0.2,,,,,,,,,,,,,,,,,,,,,,,,,,,,,,0,0,0,0,1,1,0,1,0,0,0,0,1,0,0,0,1,0,0,1,0,0,0,0,0,0,0,0,0,1,0,0,0,1,0,,1,0,0,0,0,1,0,1,1,1,0,0,0,1,0,1,,,,,,31-35,26-35,County road,R,Friday,Not Used,PV,AIAN,0,1,0,0,County Road,County Sheriff,Mason County Sheriff's Office,1,0,1,0,0,,,,,,0,0,2,,,,,,,,,,,,,,,,,,,,,,,,,,,,,,,,,,,
2018,490,E885282,39,12/31/2018,13:40,31,12,0,61,Snohomish,0,1,0,1,1,2,1,0,4,3,13:40,14:03,14:36,12,0,1,1.1,2,0,3,4,1,2,4,0,0,0,0,CR-84TH ST NE,105TH AVE NE,-122.0887972,48.07205833,0,1,28,52,3,50,21,0,0,1,7,12,1,1,2,1,1,1,3,53,0,20,461,2013,0,0,12,,,,,,1,1,43,1,0,0,0,0,3,0,11,0,,,,,0,0,3,3,1,26,0,0,0,93,,,,,,0,,,,,,98168,53,74,215,6,1,0,0,1,0,,97,,,,,,0,10/15/2016,10/15/2016,20,0,0,0,8,9,8,,,0,0,0,8,0,8,95,,,96,,,8,95,995,,,,,,,,,,,,,,,,,,,,,,,,,,,,,,0,0,0,1,0,0,0,0,0,0,0,0,0,1,0,0,1,0,0,0,0,0,0,0,0,0,0,0,0,1,0,0,0,0,0,,0,0,0,0,0,0,0,0,1,0,0,0,0,0,0,0,,,,,,41-45,36-45,County road,R,Monday,Belt Used,PV,Not Fatal,1,0,0,0,County Road,County Sheriff,Snohomish County Sheriff's Office,0,0,1,0,0,,,,,,0,0,0,,,,,,,,,,,,,,,,,,,,,,,,,,,,,,,,,,,
2019,49,E895374,248,02/15/2019,10:34,15,2,,33,King,1830,1,0,1,2,2,1,0,4,3,,,,12,0,2,0,1,0,1,7,2,4,6,0,0,0,0,SW GRADY WAY,,-122.2364806,47.46693889,0,2,51,62,4,35,15,0,0,1,7,12,1,2,4,1,1,2,1,53,0,20,421,2003,0,0,12,12,,,,,1,1,59,1,0,,3,0,3,0,11,5,,,,,0,0,3,3,1,0,0,0,0,96,,,,,,0,,,,,,98168,53,73,200,6,1,0,0,0,0,,0,,,,,,0,,,1,0,0,0,8,9,8,,,0,0,0,8,0,8,95,,,96,,,8,95,995,,,,,,,,,,,,,,,,,,,,,,,,,,,,,,0,0,0,0,1,1,1,1,1,0,0,0,0,1,0,0,1,0,0,0,0,0,0,0,0,0,0,0,0,1,0,0,0,0,0,,0,0,0,0,0,0,0,0,0,0,0,0,0,0,0,0,,,,,,56-60,56-65,City street,U,Friday,Belt Used,PV,Not Fatal,0,1,1,0,City Street,Municipal/City Police,Renton Police Department,0,0,0,1,0,,,,,,0,0,0,,,,,,,,,,,98,98,98,0,,,,,20,7,,,,,,,,,,,,,,,
2019,272,E948081,297,08/06/2019,20:50,6,8,,33,King,2310,1,0,3,1,2,1,0,2,2,,,,1,0,0,0,1,0,1,7,2,4,6,0,0,0,0,INTERURBAN AVE S,,-122.2527694,47.46861389,0,1,98,8,1,35,80,0,0,1,7,1,2,1,5,5,14,1,1,53,0,37,705,2015,0,0,1,68,41,12,63,39,1,1,21,1,2,,4,7,20,7,11,0,08/06/2019,20:50,2.31053E+11,35937,0,0,0,2,1,0,0,0,0,96,,,,,,99,,,,,,98168,53,71,370,6,1,0,0,0,0,,0,,,,,,0,,,20,8,0,0,0,9,8,,,0,0,0,8,9,2,605,,,1,,,2,1,0.045,,,,,,,,,,,,,,,,,,,,,,,,,,,,,,0,0,0,0,1,0,1,1,1,0,0,0,0,0,1,0,0,0,0,0,0,0,0,1,1,0,0,0,1,1,0,0,0,0,1,0,0,0,0,0,1,0,1,1,0,0,0,0,0,0,0,1,,,,,,21-25,16-25,City street,U,Tuesday,,MC,Hispanic,0,0,0,0,City Street,Municipal/City Police,Tukwila Police Department,0,0,0,1,0,thc,560,,,,0,0,0,,,,,,,,,,,0,0,0,1,,,,,19,0,,,,,,,,,,,,,,,
2019,282,E949442,297,08/12/2019,19:08,12,8,,33,King,2310,1,0,1,1,1,1,0,4,2,,,,12,0,2,0.3,1,0,1,3,2,1,3,0,0,0,0,SR-99,,-122.2949361,47.49629722,0,1,50,10,2,98,15,0,0,1,5,1,1,2,4,1,1,2,2,53,0,20,422,2004,0,0,68,12,1,,,,1,1,16,1,0,,3,0,99,7,11,5,,,,,0,0,3,3,1,28,0,0,0,96,,,,,,99,,,,,,98168,53,68,140,6,2,0,0,0,0,,97,,,,,,0,,,8,9,0,0,8,9,8,,,0,0,0,8,9,8,95,,,96,,,8,95,995,,,,,,,,,,,,,,,,,,,,,,,,,,,,,,0,0,0,0,0,0,0,0,0,0,0,0,0,0,0,0,0,0,0,0,1,0,1,1,1,0,0,0,0,1,0,0,0,0,0,,0,0,0,0,0,0,0,0,0,0,0,0,0,0,0,0,,,,,,16-17,16-25,State route,U,Monday,Unknown,PV,Not Fatal,0,1,1,0,State Route,Municipal/City Police,Tukwila Police Department,0,1,0,0,0,,,,,,0,0,0,,,,,,,,,,,98,98,98,0,,,,,20,7,,,,,,,,,,,,,,,
2019,282,E949442,297,08/12/2019,19:08,12,8,,33,King,2310,1,0,1,1,1,1,0,4,2,,,,12,0,2,0.3,1,0,1,3,2,1,3,0,0,0,0,SR-99,,-122.2949361,47.49629722,0,2,51,62,4,98,6,0,0,1,5,12,1,2,4,1,1,2,2,53,0,35,51,2018,0,0,12,1,2,,,,1,1,23,2,1,,4,7,99,7,11,0,08/12/2019,19:08,2.31053E+11,37074,0,0,3,3,1,0,0,0,0,96,,,,,,99,,,,,,98168,53,65,175,6,1,0,0,0,0,,0,,,,,,0,,,8,0,0,0,0,9,8,,,0,0,0,8,9,2,1,,,1,,,2,1,0,,,,,,,,,,,,,,,,,,,,,,,,,,,,,,0,0,0,0,0,0,0,0,0,0,0,0,0,0,0,0,0,0,0,0,1,0,1,1,1,0,0,0,0,1,0,0,0,0,0,,1,0,0,0,0,0,0,0,0,0,0,0,0,0,0,0,,,,,,21-25,16-25,State route,U,Monday,Unknown,PV,Hispanic,0,1,1,0,State Route,Municipal/City Police,Tukwila Police Department,0,1,0,0,0,,,,,,0,0,0,,,,,,,,,,,98,98,98,1,,,,,20,7,,,,,,,,,,,,,,,
2019,338,E963016,73,09/23/2019,7:51,23,9,,33,King,229,10,0,1,1,2,1,0,2,2,,,,12,0,2,0,1,0,1,7,2,4,6,0,0,0,0,S 112TH ST,,-122.3170694,47.50299722,0,1,50,10,2,98,6,0,0,1,7,12,2,1,2,1,14,1,5,53,0,48,34,1999,0,0,68,12,,,,,1,1,30,1,0,,3,0,20,7,11,8,,,,,0,0,0,2,1,28,0,0,0,0,,,,,,2,,,,,,98168,53,73,171,1,1,0,2,0,2,,97,,,,,,0,04/15/2016,06/15/2016,1,0,0,0,8,9,8,,,0,0,0,8,1,8,95,,,96,,,8,95,995,,,,,,,,,,,,,,,,,,,,,,,,,,,,,,0,0,0,0,1,0,1,1,1,0,0,0,0,1,0,1,0,0,0,1,0,0,0,0,0,0,0,0,0,1,0,0,0,0,0,,0,0,0,0,0,0,0,0,0,0,0,1,0,0,0,1,,,,,,26-30,26-35,City street,U,Monday,Not Used,PV,Not Fatal,0,0,0,1,City Street,Municipal/City Police,Burien Police Department,0,0,0,1,0,,,,,,0,0,1,,,,,,,,,,,0,0,0,0,,,,,20,7,,,,,,,,,,,,,,,
2019,338,E963016,73,09/23/2019,7:51,23,9,,33,King,229,10,0,1,1,2,1,0,2,2,,,,12,0,2,0,1,0,1,7,2,4,6,0,0,0,0,S 112TH ST,,-122.3170694,47.50299722,0,2,51,62,4,30,34,0,0,1,5,12,3,1,2,1,14,1,1,53,0,35,498,1991,0,0,12,,,,,,1,1,44,1,6,,4,7,20,7,11,0,09/23/2019,7:51,22953042254,42254,0,0,0,3,1,0,0,0,0,96,,,,,,99,,,,,,98168,53,65,165,6,1,0,1,1,1,,0,,,,,,0,04/15/2016,08/15/2019,20,0,0,0,0,9,8,,,0,0,0,8,9,2,605,695,,1,1,,2,1,0,,,,,,,,,,,,,,,,,,,,,,,,,,,,,,0,0,0,0,1,0,1,1,1,0,0,0,0,1,0,1,0,0,0,1,0,0,0,0,0,0,0,0,0,1,0,0,0,1,0,,1,0,0,0,0,0,1,1,0,0,0,0,0,0,1,0,,,,,,41-45,36-45,City street,U,Monday,Not Used,PV,Hispanic,0,0,0,1,City Street,Municipal/City Police,Burien Police Department,0,0,0,1,0,thc,42,carboxy-thc,29,,0,0,0,,,,,,,,,,,0,0,0,298,,,,,20,7,,,,,,,,,,,,,,,
2020,47,EA16786,160,02/19/2020,6:57,19,2,,33,King,1030,1,,4,4,2,1,0,2,2,6:58,7:10,,12,0,6,0,1,0,1,3,2,4,6,0,0,0,0,ORILLIA RD S,,-122.2823194,47.41599722,0,2,66,62,4,40,66,1,0,1,2,12,2,2,2,1,14,1,3,53,0,82,881,1995,0,,12,,,,,,1,1,59,1,0,,0,0,3,0,11,0,,,,,6,1,0,3,1,0,,,,96,,,,,,0,,,,,,98168,53,70,240,6,1,0,0,0,0,,0,,,,,,0,,,20,0,0,0,8,9,8,,,0,,,8,8,0,0,,,0,,,0,0,996,,,,,,,,,,,,,,,,,,,,,,,,,,,,,,0,0,0,0,0,0,0,0,0,0,0,0,0,0,0,0,1,0,0,0,0,0,0,0,0,1,1,0,0,1,1,0,0,0,0,,0,0,0,0,0,0,0,0,0,0,0,0,0,0,0,0,,,,,,56-60,56-65,City street,U,Wednesday,,MHTRUCK,Not Fatal,0,1,1,0,City Street,Municipal/City Police,Kent Police Department,0,0,0,1,0,,,,,,0,0,0,,,,,,,,,,,0,0,0,0,,,,,20,7,,,,,,,,1,0,,,,,,
2020,134,EA33537,297,05/11/2020,14:19,11,5,,33,King,2310,10,,1,1,2,1,0,2,2,14:20,14:28,,1,0,0,0,1,0,1,7,2,4,6,0,0,0,0,CHRISTENSEN RD,,-122.2492111,47.46219444,0,2,98,62,4,35,4,0,0,1,2,12,3,5,5,1,14,1,1,53,0,37,31,2009,0,,12,,,,,,1,1,43,1,0,,0,0,3,0,11,0,,,,,0,0,0,3,1,0,,,,96,,,,,,98,,,,,,98168,53,66,120,6,1,0,0,0,0,,0,,,,,,0,,,20,0,0,0,8,9,8,,,0,,,8,8,8,95,,,96,,,8,95,995,,,,,,,,,,,,,,,,,,,,,,,,,,,,,,0,0,0,0,0,0,0,0,0,0,0,0,0,0,0,0,0,0,0,0,0,0,0,0,0,1,0,0,1,1,0,0,0,0,0,,0,0,0,0,0,0,0,0,0,0,0,0,0,0,0,0,,,,,,41-45,36-45,City street,U,Monday,Belt Used,PV,Not Fatal,0,0,0,0,City Street,Municipal/City Police,Tukwila Police Department,0,0,0,1,0,,,,,,0,0,0,,,,,,,,,,,98,98,98,0,,,,,20,7,,,,,,,,1,0,,,,,,