year,case,par,repjur,crash_dt,crash_tm,accday,accmon,holiday,county,co_char,city,weather,weather2,lightcond,surfcond,surftype,numfatal,nmforms,pforms,vforms,not_tm,arr_tm,hosp_tm,fhevent,hitrun,manncol,milepnt,reljunc,reljuncinter,intersectiontype,funcsystem,landuse,ownership,route,schlbus,spejur,contdev,devfunc,trafid1,trafid2,x,y,wk_zone,vnumber,crashtype,criticalevent,criticaleventcat,spdlim,body,trailer,emerg,hazcargo,leave,mhevent,roadalgn,roadprof,traflane,trafflow,vehmanvr,numoccs,regowner,regstate,spuse,make,model,modelyr,vrf1,vrf2,seqevent1,seqevent2,seqevent3,seqevent4,seqevent5,seqevent6,pnumber,ptype,age,sex,hispanic,race,injury,diedscene,restraint,restraintmisuse,seatpos,takehosp,death_dt,death_tm,cert,cernum_wa,commlic,licendor,licrestrict,liccomp,drivpres,drf1,drf2,drf3,drf4,distract1,distract2,distract3,distract4,distract5,distract6,dricond1,dricond2,dricond3,dricond4,dricond5,dricond6,dzip,licstate,drhgt_in,weight,noncdl,noncdltype,prevdwi,prevoth,prevacc,prevspd,prevsus,driviol1,driviol2,driviol3,driviol4,driviol5,driviol6,spdrel,first_dt,last_dt,airbag,ejection,ejectpath,extricat,injurwrk,methalc,methdrug,nmlocat,strikveh,prf1,prf2,prf3,druginv,alcinvol,drugsts,drugres1,drugres2,drugres3,drugtst1,drugtst2,drugtst3,alcsts,alctst,alcres,nmact1,nmact2,nmact3,nmact4,nmact5,nmact6,nmprior1,nmprior2,nmprior3,nmprior4,nmprior5,nmprior6,nmcond1,nmcond2,nmcond3,nmcond4,nmcond5,nmcond6,nmsafe_helmet,nmsafe_pads,nmsafe_oth,nmprev_ref,nmprev_lgt,nmprev_oth,crashlocation,nmcrashtype,crosswalk,schoolzone,sidewalk,train_inv,wildlife_inv,rotr_fars,intersect_fars,dd_inv,aid_inv,dpd_inv,id_inv,mj_inv,impnm_inv,ainm_inv,dpnm_inv,speed_inv,unlic_inv,unendmc_inv,drowsy_inv,drdist_inv,nmdist_inv,fty_inv,unrestfat_inv,dr1617_inv,dr1820_inv,dr1620_inv,dr2125_inv,dr1625_inv,dr65_inv,dr70_inv,dr75_inv,mc_inv,pv_inv,ht_inv,ped_inv,bike_inv,unrest_fat,mc_fat,unhelmet_mc,pv_fat,ht_fat,ped_fat,bike_fat,dr_alc7,dr_alc8,dr_drug,dr_imp,dr_dist,dr_spd,dr_fty,dr_unlic,dr_alc7only,dr_alc8only,dr_drugonly,dr_drink,nm_imp,nm_alc7,nm_alc8,nm_drug,nm_dist,agegrp1,agegrp2,roadclass,urbrur,dayweek,restuse,vehtype,race_me,intersect,lanedep,oppdir,wrongway,rep_typ,investag,repag_long,rotr,st_rd,cty_rd,city_rd,oth_rd,drug_thc,thc_res,drug_cthc,cthc_res,drug_cann,prevpersemin,prevperse,prevsusoth,drugtst4,drugtst5,drugtst6,drugtst7,drugtst8,drugres4,drugres5,drugres6,drugres7,drugres8,adspresent,adsengaged,adslevel,race1,race2,race3,race4,race5,helmet,helmetmisuse,nmdistract1,nmdistract2,nmdistract3,nmdistract4,nmdistract5,nmdistract6,lab,isedtcase,crf1,crf2,crf3,CoRoadName,CoMP,IntCoRoadName,IntCoMP
2020,253,EA51244,262,07/29/2020,20:49,29,7,,33,King,1958,1,,3,1,2,1,0,1,1,,,,33,0,0,0,1,0,1,4,2,4,6,0,0,0,0,MILITARY RD S,,-122.2743417,47.44348333,0,1,1,13,2,35,80,0,0,1,2,59,3,2,3,5,14,1,2,53,0,53,706,2004,0,,63,33,59,38,,,1,1,29,1,6,,4,7,20,7,11,0,07/29/2020,20:49,1.95853E+11,35100,0,0,3,2,1,0,,,,96,,,,,,98,,,,,,98168,53,65,175,6,1,0,1,1,0,,0,,,,,,4,03/15/2018,08/15/2019,20,8,0,0,0,9,8,,,0,,,8,8,2,1,,,1,,,2,1,0.279,,,,,,,,,,,,,,,,,,,,,,,,,,,,,,0,0,1,0,1,1,0,1,0,0,0,0,1,0,1,0,0,0,0,0,0,0,0,0,0,0,0,0,1,0,0,0,0,0,1,0,0,0,0,0,0,1,0,1,0,1,0,0,0,1,0,1,,,,,,26-30,26-35,City street,U,Wednesday,,MC,Hispanic,0,1,0,0,City Street,Municipal/City Police,SeaTac Police Department,1,0,0,1,0,,,,,,0,0,1,,,,,,,,,,,0,0,0,98,,,,,5,0,,,,,,,,1,0,,,,,,
2021,58,EB12098,1,03/01/2021,14:40,1,3,,21,Franklin,1660,1,,1,1,1,1,0,7,6,,,,12,0,2,6.3,1,0,1,1,2,1,1,0,0,0,0,I-182,,-119.2378528,46.26707778,0,4,98,98,7,70,34,0,0,1,5,12,1,1,3,2,1,1,1,53,0,35,481,2009,0,,64,12,,,,,1,1,41,2,0,,0,0,3,0,11,0,,,,,0,0,0,3,1,0,,,,0,,,,,,0,,,,,,98168,53,63,150,6,1,0,0,1,0,,0,,,,,,0,08/15/2019,08/15/2019,20,0,0,0,8,9,8,,,0,,,8,8,0,0,,,0,,,0,0,996,,,,,,,,,,,,,,,,,,,,,,,,,,,,,,0,0,0,0,0,0,1,1,0,0,0,0,0,0,0,0,0,0,0,1,1,1,1,1,1,1,1,1,0,1,0,0,0,0,0,,0,0,0,0,0,0,0,0,0,0,0,0,0,0,0,0,,,,,,41-45,36-45,Interstate,U,Monday,Belt Used,PV,Not Fatal,0,0,0,1,State Route,State Patrol,Washington State Patrol,0,1,0,0,0,,,,,,0,0,0,,,,,,,,,,,98,98,98,0,,,,,20,,,,,,,,,1,0,,,,,,
2021,435,EB83136,25,09/16/2021,18:46,16,9,,33,King,0,10,,3,1,2,1,0,1,1,,,,30,0,0,3.2,1,0,1,4,2,2,4,0,0,0,0,CR-MILITARY RD S,,-122.2741389,47.29897222,0,1,1,13,2,35,80,0,0,1,5,30,1,1,2,1,1,1,2,53,0,37,706,1998,0,,63,30,,,,,1,1,25,1,7,,4,7,20,7,11,0,09/16/2021,18:46,53047529,47529,0,0,0,2,1,0,,,,96,,,,,,98,,,,,,98168,53,73,260,6,1,0,2,1,0,,0,,,,,,3,03/15/2017,08/15/2020,20,8,0,0,0,9,8,,,0,,,8,8,2,1,,,1,,,2,1,0,,,,,,,,,,,,,,,,,,,,,,,,,,,,,,0,0,1,0,0,0,0,0,0,0,0,0,1,0,1,0,0,0,0,0,0,0,0,1,1,0,0,0,1,0,0,0,0,0,1,0,0,0,0,0,0,0,0,0,0,1,0,0,0,0,0,0,,,,,,21-25,16-25,County road,U,Thursday,,MC,White,0,1,0,0,County Road,County Sheriff,King County Police,1,0,1,0,0,,,,,,0,0,0,,,,,,,,,,,0,0,0,1,,,,,5,,,,,,,,,1,0,,,MILITARY RD S,3.22,S 338 ST,0.057
2021,519,EB99501,297,12/04/2021,13:16,4,12,,33,King,2310,2,,1,2,2,1,0,7,3,,,,12,0,2,0,1,0,1,4,2,4,6,0,0,0,0,S RYAN WAY,,-122.2769556,47.50768333,0,1,50,10,2,35,2,0,0,1,2,12,2,2,4,1,14,1,1,53,0,49,44,1999,0,,68,12,12,,,,1,1,51,1,7,,4,7,20,7,11,0,12/04/2021,13:16,2.31053E+11,62969,0,0,3,3,1,28,,,,96,,,,,,98,,,,,,98168,53,69,167,6,1,1,1,0,0,,0,,,,,,4,07/15/2018,05/15/2018,20,1,9,0,0,9,8,,,0,,,8,8,2,695,605,,1,1,,2,1,0.315,,,,,,,,,,,,,,,,,,,,,,,,,,,,,,0,0,0,0,1,1,1,1,1,0,0,0,1,0,0,0,0,0,0,1,0,0,0,0,0,0,0,0,0,1,0,0,0,1,0,,1,0,0,0,0,1,1,1,0,1,0,0,0,0,0,1,,,,,,51-55,46-55,City street,U,Saturday,Not Used,PV,Black,0,1,1,0,City Street,Municipal/City Police,Tukwila Police Department,0,0,0,1,0,thc,3.6,carboxy-thc,9.3,,0,1,0,,,,,,,,,,,0,0,0,2,,,,,20,,,,,,,,nms,1,0,,,,,,
2021,612,EC05553,25,12/15/2021,19:26,15,12,,33,King,229,10,,3,2,2,1,0,3,3,,,,12,0,6,,2,0,2,3,2,4,6,0,0,3,3,1ST AVE S,S 136th St,-122.333825,47.4813,0,2,89,66,4,35,4,0,0,1,5,12,1,1,4,1,1,1,1,53,0,59,31,2001,0,,12,,,,,,1,1,69,2,7,,4,0,20,7,11,4,12/24/2021,3:09,1.96053E+11,68553,0,0,0,3,1,0,,,,96,,,,,,0,,,,,,98168,53,68,130,6,1,0,0,0,0,,0,,,,,,0,,,8,0,0,0,0,9,8,,,0,,,8,8,8,95,,,96,,,8,95,995,,,,,,,,,,,,,,,,,,,,,,,,,,,,,,0,0,0,1,0,0,1,1,1,0,0,0,0,0,0,0,0,0,0,1,0,0,0,0,0,1,0,0,0,1,0,0,0,1,0,,1,0,0,0,0,0,0,0,0,0,0,0,0,0,0,0,,,,,,66-70,66-75,City street,U,Wednesday,Not Used,PV,White,1,0,0,0,City Street,County Sheriff,King County Police,0,0,0,1,0,,,,,,0,0,0,,,,,,,,,,,98,98,98,1,,,,,20,,,,,,,,,1,0,,,,,,
2021,612,EC05553,25,12/15/2021,19:26,15,12,,33,King,229,10,,3,2,2,1,0,3,3,,,,12,0,6,,2,0,2,3,2,4,6,0,0,3,3,1ST AVE S,S 136th St,-122.333825,47.4813,0,3,98,66,4,35,4,0,0,1,5,12,1,1,4,1,1,1,1,53,0,49,46,2002,0,,12,,,,,,1,1,69,1,0,,0,0,3,0,11,0,,,,,0,0,3,3,1,0,,,,96,,,,,,0,,,,,,98168,53,64,170,6,1,0,0,0,0,,0,,,,,,0,,,8,0,0,0,8,9,8,,,0,,,8,8,8,95,,,96,,,8,95,995,,,,,,,,,,,,,,,,,,,,,,,,,,,,,,0,0,0,1,0,0,1,1,1,0,0,0,0,0,0,0,0,0,0,1,0,0,0,0,0,1,0,0,0,1,0,0,0,0,0,,0,0,0,0,0,0,0,0,0,0,0,0,0,0,0,0,,,,,,66-70,66-75,City street,U,Wednesday,Belt Used,PV,Not Fatal,1,0,0,0,City Street,County Sheriff,King County Police,0,0,0,1,0,,,,,,0,0,0,,,,,,,,,,,98,98,98,0,,,,,20,,,,,,,,,1,0,,,,,,
2018,186,3575660,263,02/02/2018,0:45,2,2,0,33,King,1960,2,0,3,2,2,1,0,1,1,,,,24,0,0,0,1,0,1,3,2,4,6,0,0,0,0,HOLMAN RD NW,,-122.3693417,47.69803611,0,1,1,9,1,30,4,0,0,1,7,24,1,2,4,1,1,1,1,53,0,34,35,2003,0,0,63,24,69,68,64,24,1,1,57,1,7,2,4,0,20,0,11,5,02/08/2018,23:47,1.96053E+11,6788,0,0,0,3,1,0,0,0,0,92,,,,,,9,,,,,,98177,53,75,225,6,1,0,0,1,0,,0,,,,,,0,02/15/2015,02/15/2015,8,0,0,0,0,9,8,,,0,0,0,8,1,2,348,,,1,,,2,1,0.08,,,,,,,,,,,,,,,,,,,,,,,,,,,,,,0,0,1,0,1,1,1,1,0,0,0,0,0,0,0,0,1,0,0,1,0,0,0,0,0,0,0,0,0,1,0,0,0,1,0,,1,0,0,0,0,1,1,1,1,0,0,0,0,0,0,1,,,,,,56-60,56-65,City street,U,Friday,Not Used,PV,Black,0,1,0,0,City Street,Municipal/City Police,Seattle Police Department,1,0,0,1,0,,,,,,0,0,0,,,,,,,,,,,,,,,,,,,,,,,,,,,,,,,,,,,
2021,114,3836207,263,03/30/2021,20:20,30,3,,33,King,1960,1,,3,1,1,1,1,1,1,,,,8,0,0,3.6,1,0,1,3,2,1,3,0,0,97,8,SR-522,,-122.2924278,47.72523611,0,1,13,80,5,35,14,0,0,1,5,8,1,4,5,5,1,1,1,53,0,37,402,2016,0,,8,,,,,,1,1,38,2,0,,0,0,3,0,11,0,,,,,0,0,3,3,1,10,,,,0,,,,,,98,,,,,,98177,53,72,195,6,1,0,0,0,0,,0,,,,,,0,,,20,0,0,0,8,9,8,,,0,,,8,8,8,95,,,96,,,8,95,995,,,,,,,,,,,,,,,,,,,,,,,,,,,,,,0,0,0,0,0,0,0,0,0,1,0,1,0,0,0,0,0,0,0,0,0,0,0,0,0,0,0,0,0,1,0,1,0,0,0,,0,0,0,0,0,0,0,0,0,0,0,0,0,0,0,0,,,,,,36-40,36-45,State route,U,Tuesday,Belt Used,PV,Not Fatal,0,0,0,0,State Route,Municipal/City Police,Seattle Police Department,0,1,0,0,0,,,,,,0,0,0,,,,,,,,,,,98,98,98,0,,,,,20,,,,,,,,,1,0,,,,,,
2018,31,E766774,200,01/23/2018,19:42,23,1,0,61,Snohomish,0,2,0,2,2,2,1,1,1,1,,,,8,0,0,13.4,1,0,1,3,2,1,2,0,0,0,0,US-2,,-121.9986222,47.86874444,0,1,13,80,5,55,6,0,0,1,7,8,1,1,2,1,1,1,1,53,0,32,43,2006,0,0,8,,,,,,1,1,34,1,0,0,0,0,3,0,11,0,,,,,0,0,0,3,1,0,0,0,0,96,,,,,,99,,,,,,98177,53,72,175,6,1,1,2,0,0,,0,,,,,,0,01/15/2014,08/15/2017,20,0,0,0,8,9,8,,,0,0,0,8,9,2,1,,,1,,,2,1,0,,,,,,,,,,,,,,,,,,,,,,,,,,,,,,0,0,0,0,0,0,0,0,0,1,0,1,0,0,0,0,0,0,0,0,0,0,0,0,0,0,0,0,0,1,0,1,0,0,0,,0,0,0,0,0,0,0,0,0,0,0,0,0,0,0,0,,,,,,31-35,26-35,US highway,U,Tuesday,Belt Used,PV,Not Fatal,0,0,0,0,State Route,Municipal/City Police,Monroe Police Department,0,1,0,0,0,,,,,,0,1,1,,,,,,,,,,,,,,,,,,,,,,,,,,,,,,,,,,,
2018,242,E817299,7,07/11/2018,18:54,11,7,0,33,King,0,1,0,1,1,2,2,0,4,4,,,,12,0,2,28.6,2,0,3,3,2,1,3,0,0,0,0,SR-104,1ST AVE,-122.3299806,47.77763889,0,1,69,62,4,40,80,0,0,1,2,12,1,1,5,1,1,1,1,53,0,53,705,2009,0,0,12,39,,,,,1,1,26,1,7,1,4,7,19,0,11,0,07/11/2018,18:54,2.00553E+11,30760,0,0,3,2,1,0,0,0,0,96,,,,,,99,,,,,,98177,53,68,182,6,1,0,0,0,0,,0,,,,,,3,,,20,8,0,0,0,9,8,,,0,0,0,8,1,2,1,,,1,,,2,1,0.047,,,,,,,,,,,,,,,,,,,,,,,,,,,,,,0,0,0,1,1,0,1,1,1,0,0,0,1,0,1,0,0,0,0,0,0,0,0,0,0,0,0,0,1,1,1,0,0,0,1,0,0,0,0,0,1,0,0,0,0,1,0,0,1,0,0,1,,,,,,26-30,26-35,State route,U,Wednesday,,MC,White,1,0,0,0,State Route,State Patrol,Washington State Patrol,0,1,0,0,0,,,,,,0,0,0,,,,,,,,,,,,,,,,,,,,,,,,,,,,,,,,,,,
2018,242,E817299,7,07/11/2018,18:54,11,7,0,33,King,0,1,0,1,1,2,2,0,4,4,,,,12,0,2,28.6,2,0,3,3,2,1,3,0,0,0,0,SR-104,1ST AVE,-122.3299806,47.77763889,0,2,98,62,4,40,80,0,0,1,2,12,1,1,5,1,1,1,2,53,0,53,706,2009,0,0,12,12,,,,,1,1,26,1,7,2,4,7,5,0,11,0,07/11/2018,18:54,2.00553E+11,30879,0,0,0,2,1,0,0,0,0,96,,,,,,99,,,,,,98177,53,79,235,6,1,1,2,1,0,,0,,,,,,3,06/15/2014,03/15/2015,20,8,0,0,0,9,8,,,0,0,0,8,1,2,996,,,1,,,2,1,0.027,,,,,,,,,,,,,,,,,,,,,,,,,,,,,,0,0,0,1,1,0,1,1,1,0,0,0,1,0,1,0,0,0,0,0,0,0,0,0,0,0,0,0,1,1,1,0,0,0,1,0,0,0,0,0,1,0,1,1,0,1,0,0,0,0,0,1,,,,,,26-30,26-35,State route,U,Wednesday,,MC,Black,1,0,0,0,State Route,State Patrol,Washington State Patrol,0,1,0,0,0,,,,,,0,1,1,,,,,,,,,,,,,,,,,,,,,,,,,,,,,,,,,,,
2019,81,E905386,113,03/18/2019,20:23,18,3,,61,Snohomish,590,1,0,3,1,2,1,1,1,1,,,,8,0,0,37.6,1,0,1,3,2,1,3,0,0,0,0,SR-99,,-122.3424528,47.78474167,0,1,13,80,5,45,14,0,0,1,5,8,1,2,7,5,1,1,2,53,0,63,402,2013,0,0,8,,,,,,1,1,42,2,0,,0,0,99,7,11,0,,,,,0,0,0,3,1,0,0,0,0,92,,,,,,0,,,,,,98177,53,66,168,6,1,0,0,0,0,,0,,,,,,0,,,20,0,0,0,8,9,8,,,0,0,0,8,0,8,95,,,96,,,8,95,995,,,,,,,,,,,,,,,,,,,,,,,,,,,,,,0,0,0,0,0,0,0,0,0,1,0,1,0,0,0,0,1,1,0,0,0,0,0,0,0,0,0,0,0,1,0,1,0,0,0,,0,0,0,0,0,0,0,0,1,0,0,0,0,0,0,0,,,,,,41-45,36-45,State route,U,Monday,Unknown,PV,Not Fatal,1,0,0,0,State Route,Municipal/City Police,Edmonds Police Department,0,1,0,0,0,,,,,,0,0,0,,,,,,,,,,,98,98,98,0,,,,,20,7,,,,,,,,,,,,,,,
2019,253,E945442,269,07/23/2019,5:47,23,7,,33,King,2005,1,0,9,1,1,1,0,1,1,,,,30,0,0,0,1,0,1,7,2,4,6,0,0,0,0,N RICHMOND BEACH RD,,-122.3518361,47.76331667,0,1,1,6,1,35,14,0,0,1,7,30,3,1,2,1,14,1,2,53,0,55,402,2005,0,0,63,30,38,42,,,1,1,18,2,7,,4,7,3,0,11,0,07/23/2019,5:47,2.00553E+11,33392,0,0,3,3,1,0,0,0,0,96,,,,,,99,,,,,,98177,53,67,130,6,2,0,0,0,0,,0,,,,,,4,,,1,0,0,0,0,9,8,,,0,0,0,8,9,2,605,695,,1,1,,2,1,0.27,,,,,,,,,,,,,,,,,,,,,,,,,,,,,,0,0,1,0,1,1,1,1,1,0,0,0,1,0,0,0,0,0,0,0,0,1,1,0,1,0,0,0,0,1,0,0,0,0,0,,1,0,0,0,0,1,1,1,0,1,0,0,0,0,0,1,,,,,,18-20,16-25,City street,U,Tuesday,Belt Used,PV,White,0,1,0,0,City Street,Municipal/City Police,Shoreline Police Department,1,0,0,1,0,thc,8.6,carboxy-thc,31,,0,0,0,,,,,,,,,,,98,98,98,1,,,,,20,7,,,,,,,,,,,,,,,
2021,506,EB95293,269,11/16/2021,18:04,16,11,,33,King,2005,1,,3,2,2,1,0,6,3,,,,12,0,6,,2,0,2,5,2,4,6,0,0,3,3,LINDEN AVE N,N 185th St,-122.348525,47.76321389,0,2,89,66,4,30,5,0,0,1,2,12,1,1,5,5,1,3,1,53,0,20,39,2004,0,,12,12,,,,,1,1,45,2,7,,4,7,3,0,11,0,11/16/2021,18:04,2.00553E+11,58940,0,0,0,3,1,0,,,,96,,,,,,0,,,,,,98177,53,63,150,6,1,0,0,0,0,,0,,,,,,0,,,1,0,0,0,0,9,8,,,0,,,8,8,2,1,,,1,,,2,1,0,,,,,,,,,,,,,,,,,,,,,,,,,,,,,,0,0,0,1,0,0,1,1,1,0,0,0,1,0,0,0,0,0,1,0,0,0,0,0,0,0,0,0,0,1,0,0,0,0,0,,1,0,0,0,0,0,0,0,0,0,0,0,0,0,0,0,,,,,,41-45,36-45,City street,U,Tuesday,Belt Used,PV,White,1,0,0,0,City Street,Municipal/City Police,Shoreline Police Department,0,0,0,1,0,,,,,,0,0,0,,,,,,,,,,,98,98,98,1,,,,,20,,,,,,,,,1,0,,,,,,
2021,495,3895552,263,09/15/2021,0:16,15,9,,33,King,1960,10,,3,1,2,1,1,2,1,,,,8,0,0,0,1,0,1,3,2,4,6,0,0,0,0,4TH AVE S,,-122.3290944,47.58007778,0,1,13,80,5,30,3,0,0,1,2,8,1,1,2,2,1,2,2,53,0,30,47,2014,0,,8,,,,,,1,1,41,1,0,,0,0,1,0,11,0,,,,,0,0,0,3,1,0,,,,96,,,,,,9,,,,,,98178,53,67,150,6,1,0,0,0,0,,97,,,,,,0,,,20,0,0,0,8,9,8,,,0,,,8,1,8,95,,,96,,,2,98,997,,,,,,,,,,,,,,,,,,,,,,,,,,,,,,0,0,0,0,1,0,0,0,0,1,1,1,0,0,0,0,0,0,0,0,0,0,0,0,0,0,0,0,0,1,0,1,0,0,0,,0,0,0,0,0,0,0,0,0,0,0,0,0,0,0,1,,,,,,41-45,36-45,City street,U,Wednesday,Belt Used,PV,Not Fatal,0,0,0,0,City Street,Municipal/City Police,Seattle Police Department,0,0,0,1,0,,,,,,0,0,0,,,,,,,,,,,98,98,98,0,,,,,20,,,,,,,,,1,0,,,,,,
2018,88,E782976,25,03/24/2018,17:56,24,3,0,33,King,0,1,0,1,1,2,1,0,3,2,,,,12,0,6,1,2,0,4,4,2,2,4,0,0,0,0,CR-RENTON AVE S,S 128TH ST,-122.2350333,47.48828611,0,2,83,67,4,35,80,0,0,1,7,12,8,8,4,1,1,1,2,53,0,37,703,2012,0,0,12,,,,,,1,1,25,1,1,98,4,0,19,0,11,4,03/24/2018,19:04,1.96053E+11,14391,0,0,0,2,1,0,0,0,0,96,,,,,,0,,,,,,98178,53,70,150,6,1,0,1,0,1,,0,,,,,,0,04/15/2014,08/15/2016,20,8,0,0,0,9,8,,,0,0,0,8,0,2,1,,,1,,,2,1,0,,,,,,,,,,,,,,,,,,,,,,,,,,,,,,0,0,0,1,0,0,0,0,0,0,0,0,0,0,1,0,0,0,1,0,0,0,0,1,1,0,0,0,1,1,0,0,0,0,1,0,0,0,0,0,0,0,0,0,0,0,0,0,0,0,0,0,,,,,,21-25,16-25,County road,U,Saturday,,MC,Hispanic,1,0,0,0,County Road,County Sheriff,King County Police,0,0,1,0,0,,,,,,0,0,1,,,,,,,,,,,,,,,,,,,,,,,,,,,,,,,,,,,
2018,103,E794398,7,04/09/2018,23:35,9,4,0,33,King,0,1,0,2,1,1,2,0,8,4,,,,12,0,2,4.1,1,0,1,3,2,1,3,0,0,0,0,SR-516,,-122.2637778,47.375675,0,4,98,54,3,55,4,0,0,1,2,12,1,1,2,3,1,2,1,53,0,20,22,2007,0,0,12,,,,,,1,1,28,1,0,0,1,0,3,0,11,6,,,,,0,0,0,3,1,0,0,0,0,96,,,,,,0,,,,,,98178,53,72,200,6,1,0,1,1,2,,0,,,,,,0,05/15/2015,12/15/2017,20,0,0,0,8,9,8,,,0,0,0,8,0,8,95,,,96,,,8,95,995,,,,,,,,,,,,,,,,,,,,,,,,,,,,,,0,0,0,0,0,0,1,1,0,0,0,0,0,1,0,0,0,0,0,1,0,0,0,0,0,0,0,0,0,1,0,0,0,0,0,,0,0,0,0,0,0,0,0,0,0,0,0,0,0,0,0,,,,,,26-30,26-35,State route,U,Monday,Belt Used,PV,Not Fatal,0,0,0,1,State Route,State Patrol,Washington State Patrol Headquarter,0,1,0,0,0,,,,,,0,0,1,,,,,,,,,,,,,,,,,,,,,,,,,,,,,,,,,,,
2018,233,E818929,25,07/14/2018,16:36,14,7,0,33,King,0,1,0,1,1,2,1,1,1,2,,,,9,1,0,0.2,1,0,1,3,2,2,4,0,0,0,0,CR-RAINIER AVE S,,-122.2342333,47.50804444,0,1,13,83,5,35,34,0,0,1,5,9,1,1,3,5,1,1,2,53,0,20,481,1985,0,0,9,14,,,,,1,1,50,2,0,0,0,0,99,0,11,0,,,,,0,0,0,2,1,38,0,0,0,93,,,,,,99,,,,,,98178,53,61,130,1,1,0,0,1,1,,97,,,,,,0,08/15/2016,08/15/2016,20,0,0,0,8,9,8,,,0,0,0,8,9,8,95,,,96,,,8,95,995,,,,,,,,,,,,,,,,,,,,,,,,,,,,,,0,0,0,0,0,0,0,0,0,0,0,0,0,1,0,0,1,0,1,0,0,0,0,0,0,0,0,0,0,1,0,0,1,0,0,,0,0,0,0,0,0,0,0,1,0,1,1,0,0,0,0,,,,,,46-50,46-55,County road,U,Saturday,Unknown,PV,Not Fatal,0,0,0,0,County Road,County Sheriff,King County Police,0,0,1,0,0,,,,,,0,0,0,,,,,,,,,,,,,,,,,,,,,,,,,,,,,,,,,,,
2018,455,E871292,298,12/10/2018,20:31,10,12,0,33,King,2310,10,0,2,1,2,1,0,6,3,,,,12,0,2,0,1,0,1,7,2,4,6,0,0,0,0,S BOEING ACCESS RD,AIRPORT WAY S,-122.2859333,47.50750278,1,3,98,98,7,35,4,0,0,1,7,12,1,2,4,1,1,3,1,53,0,37,32,1990,0,0,12,,,,,,1,1,33,2,0,0,2,0,3,0,11,8,,,,,0,0,3,3,1,0,0,0,0,96,,,,,,0,,,,,,98178,53,69,155,6,1,0,1,1,1,,0,,,,,,0,01/15/2016,03/15/2018,20,0,0,0,8,9,8,,,0,0,0,8,0,8,95,,,96,,,8,95,995,,,,,,,,,,,,,,,,,,,,,,,,,,,,,,0,0,0,0,0,0,1,1,0,0,0,0,0,0,0,0,0,0,0,0,0,0,0,0,0,1,1,0,0,1,0,0,0,0,0,,0,0,0,0,0,0,0,0,0,0,0,0,0,0,0,0,,,,,,31-35,26-35,City street,U,Monday,Belt Used,PV,Not Fatal,0,1,1,0,City Street,Municipal/City Police,Tukwila Police Department,0,0,0,1,0,,,,,,0,0,2,,,,,,,,,,,,,,,,,,,,,,,,,,,,,,,,,,,
2019,49,E895374,248,02/15/2019,10:34,15,2,,33,King,1830,1,0,1,2,2,1,0,4,3,,,,12,0,2,0,1,0,1,7,2,4,6,0,0,0,0,SW GRADY WAY,,-122.2364806,47.46693889,0,1,50,10,2,35,4,0,0,1,7,12,1,2,4,1,1,1,2,53,0,51,47,2004,0,0,68,12,,,,,1,1,43,2,7,,4,7,99,7,11,0,02/15/2019,10:34,1.83053E+11,8199,0,0,0,2,1,28,0,0,0,93,,,,,,99,,,,,,98178,53,66,160,1,1,0,0,1,2,,0,,,,,,0,09/15/2015,06/15/2018,8,0,0,0,0,9,8,,,0,0,0,8,9,2,695,605,,1,1,,2,1,0.24,,,,,,,,,,,,,,,,,,,,,,,,,,,,,,0,0,0,0,1,1,1,1,1,0,0,0,0,1,0,0,1,0,0,0,0,0,0,0,0,0,0,0,0,1,0,0,0,0,0,,1,0,0,0,0,1,1,1,1,0,0,1,0,0,0,1,,,,,,41-45,36-45,City street,U,Friday,Unknown,PV,Black,0,1,1,0,City Street,Municipal/City Police,Renton Police Department,0,0,0,1,0,thc,13,carboxy-thc,67,,0,0,2,,,,,,,,,,,98,98,98,2,,,,,20,7,,,,,,,,,,,,,,,
2020,566,EA87870,248,12/09/2020,5:10,9,12,,33,King,1830,1,,3,2,2,1,0,3,2,5:33,5:40,6:11,12,0,2,0,1,0,1,4,2,4,6,0,0,0,0,MONSTER RD SW,,-122.2463583,47.47468611,0,1,50,9,1,35,20,0,0,1,2,12,3,2,1,2,14,2,2,53,0,49,442,2013,0,,64,65,12,,,,1,1,20,1,1,,4,0,3,0,11,5,12/22/2020,20:39,1.96053E+11,60631,0,0,0,3,1,28,,,,92,,,,,,98,,,,,,98178,53,68,167,6,1,0,0,0,0,,97,,,,,,0,,,1,0,0,0,0,9,8,,,0,,,8,8,0,0,,,0,,,0,0,996,,,,,,,,,,,,,,,,,,,,,,,,,,,,,,0,0,0,0,0,0,0,0,0,0,0,0,0,0,0,0,1,0,0,0,0,1,1,0,1,0,0,0,0,1,0,0,0,0,0,,1,0,0,0,0,0,0,0,1,0,0,0,0,0,0,0,,,,,,18-20,16-25,City street,U,Wednesday,Belt Used,PV,Hispanic,0,1,1,0,City Street,Municipal/City Police,Renton Police Department,0,0,0,1,0,,,,,,0,0,0,,,,,,,,,,,98,98,98,268,298,,,,20,7,,,,,,,,1,0,,,,,,