year,case,par,repjur,crash_dt,crash_tm,accday,accmon,holiday,county,co_char,city,weather,weather2,lightcond,surfcond,surftype,numfatal,nmforms,pforms,vforms,not_tm,arr_tm,hosp_tm,fhevent,hitrun,manncol,milepnt,reljunc,reljuncinter,intersectiontype,funcsystem,landuse,ownership,route,schlbus,spejur,contdev,devfunc,trafid1,trafid2,x,y,wk_zone,vnumber,crashtype,criticalevent,criticaleventcat,spdlim,body,trailer,emerg,hazcargo,leave,mhevent,roadalgn,roadprof,traflane,trafflow,vehmanvr,numoccs,regowner,regstate,spuse,make,model,modelyr,vrf1,vrf2,seqevent1,seqevent2,seqevent3,seqevent4,seqevent5,seqevent6,pnumber,ptype,age,sex,hispanic,race,injury,diedscene,restraint,restraintmisuse,seatpos,takehosp,death_dt,death_tm,cert,cernum_wa,commlic,licendor,licrestrict,liccomp,drivpres,drf1,drf2,drf3,drf4,distract1,distract2,distract3,distract4,distract5,distract6,dricond1,dricond2,dricond3,dricond4,dricond5,dricond6,dzip,licstate,drhgt_in,weight,noncdl,noncdltype,prevdwi,prevoth,prevacc,prevspd,prevsus,driviol1,driviol2,driviol3,driviol4,driviol5,driviol6,spdrel,first_dt,last_dt,airbag,ejection,ejectpath,extricat,injurwrk,methalc,methdrug,nmlocat,strikveh,prf1,prf2,prf3,druginv,alcinvol,drugsts,drugres1,drugres2,drugres3,drugtst1,drugtst2,drugtst3,alcsts,alctst,alcres,nmact1,nmact2,nmact3,nmact4,nmact5,nmact6,nmprior1,nmprior2,nmprior3,nmprior4,nmprior5,nmprior6,nmcond1,nmcond2,nmcond3,nmcond4,nmcond5,nmcond6,nmsafe_helmet,nmsafe_pads,nmsafe_oth,nmprev_ref,nmprev_lgt,nmprev_oth,crashlocation,nmcrashtype,crosswalk,schoolzone,sidewalk,train_inv,wildlife_inv,rotr_fars,intersect_fars,dd_inv,aid_inv,dpd_inv,id_inv,mj_inv,impnm_inv,ainm_inv,dpnm_inv,speed_inv,unlic_inv,unendmc_inv,drowsy_inv,drdist_inv,nmdist_inv,fty_inv,unrestfat_inv,dr1617_inv,dr1820_inv,dr1620_inv,dr2125_inv,dr1625_inv,dr65_inv,dr70_inv,dr75_inv,mc_inv,pv_inv,ht_inv,ped_inv,bike_inv,unrest_fat,mc_fat,unhelmet_mc,pv_fat,ht_fat,ped_fat,bike_fat,dr_alc7,dr_alc8,dr_drug,dr_imp,dr_dist,dr_spd,dr_fty,dr_unlic,dr_alc7only,dr_alc8only,dr_drugonly,dr_drink,nm_imp,nm_alc7,nm_alc8,nm_drug,nm_dist,agegrp1,agegrp2,roadclass,urbrur,dayweek,restuse,vehtype,race_me,intersect,lanedep,oppdir,wrongway,rep_typ,investag,repag_long,rotr,st_rd,cty_rd,city_rd,oth_rd,drug_thc,thc_res,drug_cthc,cthc_res,drug_cann,prevpersemin,prevperse,prevsusoth,drugtst4,drugtst5,drugtst6,drugtst7,drugtst8,drugres4,drugres5,drugres6,drugres7,drugres8,adspresent,adsengaged,adslevel,race1,race2,race3,race4,race5,helmet,helmetmisuse,nmdistract1,nmdistract2,nmdistract3,nmdistract4,nmdistract5,nmdistract6,lab,isedtcase,crf1,crf2,crf3,CoRoadName,CoMP,IntCoRoadName,IntCoMP
2021,411,EB77458,7,10/07/2021,12:43,7,10,,33,King,2310,1,,1,1,2,1,0,2,2,,,,12,0,6,0.8,1,0,1,3,2,1,3,0,0,0,0,SR-900,,-122.2719944,47.49837778,0,1,98,10,2,98,34,0,0,1,2,12,1,2,2,2,12,1,1,53,0,12,471,1996,0,,12,,,,,,1,1,50,2,7,,4,7,20,7,11,0,10/07/2021,12:43,2.31053E+11,51253,0,0,0,3,1,48,,,,96,,,,,,98,,,,,,98178,53,65,120,6,1,0,0,0,0,,0,,,,,,0,,,20,0,0,0,0,9,8,,,0,,,8,8,2,996,996,401,1,1,1,2,1,0,,,,,,,,,,,,,,,,,,,,,,,,,,,,,,0,0,0,0,0,0,1,1,0,0,0,0,0,0,0,0,0,0,0,1,0,0,0,0,0,0,0,0,0,1,0,0,0,1,0,,1,0,0,0,0,0,1,1,0,0,0,0,0,0,1,0,,,,,,46-50,46-55,State route,U,Thursday,Not Used,PV,White,0,0,0,0,State Route,State Patrol,Washington State Patrol,0,1,0,0,0,,,,,,0,0,0,1,,,,,417,,,,,0,0,0,1,,,,,20,,,,,,,,,1,0,,,,,,
2021,430,EB81819,290,10/25/2021,21:48,25,10,,53,Pierce,2230,2,,3,2,2,1,1,1,1,,,,8,0,0,53.7,1,0,1,3,2,1,3,0,0,0,0,SR-7,,-122.4340667,47.17579167,0,1,13,80,5,35,34,0,0,1,2,8,1,1,2,1,6,1,2,53,0,12,481,2001,0,,8,,,,,,1,1,53,1,0,,0,0,3,0,11,0,,,,,0,0,0,3,1,0,,,,92,,,,,,98,,,,,,98178,53,69,195,6,1,0,0,0,0,,0,,,,,,0,,,20,0,0,0,8,9,8,,,0,,,8,8,8,95,,,96,,,8,95,995,,,,,,,,,,,,,,,,,,,,,,,,,,,,,,0,0,0,0,0,0,0,0,0,1,0,1,0,0,0,0,1,0,0,0,0,0,0,0,0,0,0,0,0,1,0,1,0,0,0,,0,0,0,0,0,0,0,0,1,0,0,0,0,0,0,0,,,,,,51-55,46-55,State route,U,Monday,Belt Used,PV,Not Fatal,0,0,0,0,State Route,Municipal/City Police,Tacoma Police Department,0,1,0,0,0,,,,,,0,0,0,,,,,,,,,,,98,98,98,0,,,,,20,,,,,,,,,1,0,,,,,,
2021,519,EB99501,297,12/04/2021,13:16,4,12,,33,King,2310,2,,1,2,2,1,0,7,3,,,,12,0,2,0,1,0,1,4,2,4,6,0,0,0,0,S RYAN WAY,,-122.2769556,47.50768333,0,3,98,62,4,35,14,0,0,1,2,12,3,2,4,1,14,1,1,53,0,59,403,2012,0,,12,,,,,,1,1,32,2,0,,3,0,3,0,11,5,,,,,0,0,0,3,1,0,,,,96,,,,,,98,,,,,,98178,53,61,115,6,1,0,0,0,0,,0,,,,,,0,,,8,0,0,0,8,9,8,,,0,,,8,8,8,95,,,96,,,8,95,995,,,,,,,,,,,,,,,,,,,,,,,,,,,,,,0,0,0,0,1,1,1,1,1,0,0,0,1,0,0,0,0,0,0,1,0,0,0,0,0,0,0,0,0,1,0,0,0,0,0,,0,0,0,0,0,0,0,0,0,0,0,0,0,0,0,0,,,,,,31-35,26-35,City street,U,Saturday,Belt Used,PV,Not Fatal,0,1,1,0,City Street,Municipal/City Police,Tukwila Police Department,0,0,0,1,0,,,,,,0,0,0,,,,,,,,,,,98,98,98,0,,,,,20,,,,,,,,,1,0,,,,,,
2020,376,3834802,263,09/13/2020,18:40,13,9,,33,King,1960,5,,5,1,1,1,0,3,3,,,,12,0,2,20.9,2,0,4,3,2,1,3,0,0,3,3,SR-99,SR-509,-122.3337167,47.54733056,0,3,98,98,7,45,2,0,0,1,5,12,1,1,2,2,5,1,2,53,0,37,32,2006,0,,12,,,,,,1,1,64,1,0,,0,0,3,0,11,0,,,,,0,0,0,3,1,0,,,,96,,,,,,98,,,,,,98188,53,61,145,6,1,0,0,0,0,,0,,,,,,0,,,20,0,0,0,8,9,8,,,0,,,8,8,8,95,,,96,,,8,95,995,,,,,,,,,,,,,,,,,,,,,,,,,,,,,,0,0,0,1,1,1,1,1,1,0,0,0,1,0,0,0,0,0,0,1,0,0,0,0,0,0,0,0,0,1,0,0,0,0,0,,0,0,0,0,0,0,0,0,0,0,0,0,0,0,0,0,,,,,,61-65,56-65,State route,U,Sunday,Belt Used,PV,Not Fatal,1,0,0,0,State Route,Municipal/City Police,Seattle Police Department,0,1,0,0,0,,,,,,0,0,0,,,,,,,,,,,98,98,98,0,,,,,20,7,,,,,,,,1,0,,,,,,
2017,125,E664546,25,04/19/2017,15:41,19,4,0,33,King,1958,10,0,1,1,2,1,0,9,2,,,,42,0,0,15.4,1,0,1,3,2,1,3,0,0,0,0,SR-99,,-122.2961694,47.44513611,0,2,98,62,4,40,20,0,0,1,5,12,1,1,2,1,1,3,1,53,0,37,441,2010,0,0,12,,,,,,1,1,46,2,0,0,2,0,99,0,11,8,,,,,0,0,0,3,1,0,0,0,0,0,,,,,,0,,,,,,98188,53,63,140,6,1,0,0,0,1,0,0,,,,,,0,12/15/2012,12/15/2012,1,0,0,0,8,9,8,,,0,0,0,8,0,0,0,0,0,0,0,0,0,0,996,,,,,,,,,,,,,,,,,,,,,,,,,,,,,,0,0,1,0,0,0,0,0,0,0,0,0,0,0,0,0,0,0,0,0,0,0,0,0,0,1,1,1,0,1,0,0,0,0,0,,0,0,0,0,0,0,0,0,0,0,0,0,0,0,0,0,,,,,,46-50,46-55,State route,U,Wednesday,Unknown,PV,Not Fatal,0,1,0,0,State Route,County Sheriff,King County Police,1,1,0,0,0,,,,,,,,,,,,,,,,,,,,,,,,,,,,,,,,,,,,,,,,,,,
2017,452,E728968,25,10/21/2017,14:51,21,10,0,33,King,229,2,0,1,2,2,1,0,3,3,,,,12,0,6,0,2,0,2,3,2,4,6,0,0,3,3,AMBAUM BLVD SW,SW 128TH ST,-122.3500139,47.48843611,0,3,98,62,4,35,52,0,0,1,5,12,1,1,2,1,5,1,3,53,3,98,988,2004,0,0,12,,,,,,1,1,37,1,0,0,0,0,3,0,11,0,,,,,6,1,0,3,1,0,0,0,0,0,,,,,,0,,,,,,98188,53,64,154,6,1,0,0,1,1,0,0,,,,,,0,07/15/2014,01/15/2016,20,0,0,0,8,9,8,,,0,0,0,8,0,0,0,0,0,0,0,0,0,0,996,,,,,,,,,,,,,,,,,,,,,,,,,,,,,,0,0,0,1,0,0,1,1,0,0,0,0,0,0,0,0,0,0,1,1,0,0,0,0,0,0,0,0,0,1,1,0,0,0,0,,0,0,0,0,0,0,0,0,0,0,0,0,0,0,0,0,,,,,,36-40,36-45,City street,U,Saturday,,BUS,Not Fatal,1,0,0,0,City Street,County Sheriff,King County Police,0,0,0,1,0,,,,,,,,,,,,,,,,,,,,,,,,,,,,,,,,,,,,,,,,,,,
2018,197,E813636,7,05/15/2018,22:05,15,5,0,33,King,0,1,0,2,1,2,1,0,2,2,,,,12,0,2,27.2,1,0,1,3,1,1,3,0,0,0,0,SR-18,,-121.8881889,47.48730556,0,2,51,62,4,98,66,1,0,1,2,12,1,2,2,1,1,1,1,53,0,82,881,2007,0,0,12,,,,,,1,1,54,1,0,0,1,0,3,0,11,4,,,,,6,3,0,3,1,0,0,0,0,96,,,,,,0,,,,,,98188,53,70,200,6,1,0,1,1,0,,0,,,,,,0,03/15/2016,02/15/2017,20,0,0,0,8,9,8,,,0,0,0,8,0,8,95,,,96,,,8,95,995,,,,,,,,,,,,,,,,,,,,,,,,,,,,,,0,0,0,0,1,1,1,1,0,0,0,0,0,0,0,0,0,0,0,0,0,0,0,0,0,0,0,0,0,1,1,0,0,0,0,,0,0,0,0,0,0,0,0,0,0,0,0,0,0,0,0,,,,,,51-55,46-55,State route,R,Tuesday,,MHTRUCK,Not Fatal,0,1,1,0,State Route,State Patrol,Washington State Patrol Headquarter,0,1,0,0,0,,,,,,0,0,0,,,,,,,,,,,,,,,,,,,,,,,,,,,,,,,,,,,
2018,414,E860914,25,11/09/2018,16:17,9,11,0,33,King,0,10,0,5,2,1,1,0,2,2,,,,12,0,6,4.7,2,0,4,5,1,2,4,0,0,0,0,CR-196TH AVE SE,195TH PL SE,-122.0795472,47.4434,0,2,98,53,3,40,80,0,0,1,7,12,3,3,2,1,10,1,1,53,0,72,706,2019,0,0,12,,,,,,1,1,67,1,7,1,4,7,19,0,11,0,11/09/2018,16:17,53049734,49734,0,0,0,3,1,0,0,0,0,96,,,,,,99,,,,,,98188,53,73,258,6,1,0,0,0,0,,0,,,,,,0,,,20,8,0,0,0,9,8,,,0,0,0,8,9,2,1,,,1,,,2,1,0,,,,,,,,,,,,,,,,,,,,,,,,,,,,,,0,0,0,1,0,0,0,0,0,0,0,0,0,0,0,0,1,0,0,0,0,0,0,0,0,1,0,0,1,1,0,0,0,0,1,0,0,0,0,0,0,0,0,0,0,0,0,0,0,0,0,0,,,,,,66-70,66-75,County road,R,Friday,,MC,White,1,0,0,0,County Road,County Sheriff,King County Police,0,0,1,0,0,,,,,,0,0,0,,,,,,,,,,,,,,,,,,,,,,,,,,,,,,,,,,,
2018,461,E872248,25,12/08/2018,12:56,8,12,0,33,King,1958,1,0,1,1,2,1,0,2,2,,,,12,0,2,0,1,0,1,7,2,4,6,0,0,0,0,12TH PL S,16TH AVE S,-122.3143472,47.43471389,0,1,50,10,2,40,2,0,0,1,7,12,2,1,4,1,14,1,2,53,0,49,38,1997,0,0,68,12,,,,,1,1,52,2,7,2,4,7,20,0,11,0,12/08/2018,12:56,1.95853E+11,53878,0,0,3,3,1,28,0,0,0,96,,,,,,0,,,,,,98188,53,62,160,6,1,0,0,2,0,,0,,,,,,0,03/15/2015,09/15/2015,8,0,0,0,0,9,8,,,0,0,0,8,0,2,1,,,1,,,2,1,0,,,,,,,,,,,,,,,,,,,,,,,,,,,,,,0,0,0,0,0,0,0,0,0,0,0,0,0,0,0,0,0,0,0,1,0,0,0,0,0,0,0,0,0,1,0,0,0,1,0,,1,0,0,0,0,0,0,0,0,0,0,0,0,0,0,0,,,,,,51-55,46-55,City street,U,Saturday,Not Used,PV,Black,0,1,1,0,City Street,County Sheriff,King County Police,0,0,0,1,0,,,,,,0,0,0,,,,,,,,,,,,,,,,,,,,,,,,,,,,,,,,,,,
2019,51,E897149,160,02/24/2019,18:07,24,2,,33,King,1030,99,0,3,2,2,1,1,1,1,,,,8,0,0,3.3,3,0,2,4,2,1,3,0,0,20,3,SR-515,SE 204TH ST,-122.1970139,47.41946389,0,1,13,80,5,40,34,0,0,1,7,8,1,1,2,1,10,1,3,94,0,12,481,2017,0,0,8,,,,,,1,1,37,1,0,,0,0,3,0,11,0,,,,,0,0,3,3,1,39,91,0,0,96,,,,,,9,,,,,,98188,53,74,250,6,1,0,0,0,0,,1,,,,,,0,,,20,0,0,0,8,9,8,,,0,0,0,8,1,2,1,,,1,,,2,1,0.31,,,,,,,,,,,,,,,,,,,,,,,,,,,,,,0,0,0,1,1,1,0,1,0,1,0,1,0,0,0,0,0,0,0,0,0,0,0,0,0,0,0,0,0,1,0,1,0,0,0,,0,0,0,0,0,1,0,1,0,0,0,0,0,1,0,1,,,,,,36-40,36-45,State route,U,Sunday,Belt Used,PV,Not Fatal,1,0,0,0,State Route,Municipal/City Police,Kent Police Department,0,1,0,0,0,,,,,,0,0,0,,,,,,,,,,,98,98,98,0,,,,,20,7,,,,,,,,,,,,,,,
2019,254,E945444,262,07/25/2019,13:01,25,7,,33,King,1958,1,0,1,1,2,1,0,10,2,,,,12,0,6,15.5,1,0,1,3,2,1,3,0,0,0,0,SR-99,,-122.2962722,47.44646111,0,2,98,62,4,40,55,0,0,1,7,1,1,1,2,1,1,9,3,29,3,12,870,2019,0,0,12,1,,,,,1,1,39,1,0,,1,0,3,0,11,8,,,,,6,0,0,3,1,0,0,0,0,96,,,,,,0,,,,,,98188,53,75,214,6,1,0,0,0,0,,0,,,,,,0,,,20,0,0,0,8,9,8,,,0,0,0,8,0,8,95,,,96,,,8,95,995,,,,,,,,,,,,,,,,,,,,,,,,,,,,,,0,0,0,0,0,0,0,0,0,0,0,0,0,0,0,0,1,0,0,0,0,0,0,0,0,0,0,0,0,1,0,0,0,0,0,,0,0,0,0,0,0,0,0,0,0,0,0,0,0,0,0,,,,,,36-40,36-45,State route,U,Thursday,,BUS,Not Fatal,0,1,1,0,State Route,Municipal/City Police,SeaTac Police Department,0,1,0,0,0,,,,,,0,0,0,,,,,,,,,,,98,98,98,0,,,,,20,7,,,,,,,,,,,,,,,
2019,447,E995304,7,12/19/2019,3:42,19,12,,33,King,0,5,0,2,2,2,1,1,1,1,,,,8,0,0,2.4,1,0,1,2,2,1,3,0,0,0,0,SR-516,,-122.2823722,47.39114722,0,1,13,80,5,55,34,0,0,1,5,8,2,2,2,3,14,1,1,53,0,12,471,2008,0,0,8,,,,,,1,1,60,1,0,,0,0,3,0,11,0,,,,,0,0,0,0,1,0,0,0,0,96,,,,,,0,,,,,,98188,53,69,185,3,1,0,0,1,0,,0,,,,,,0,11/15/2016,11/15/2016,20,0,0,0,8,9,8,,,0,0,0,8,0,8,95,,,96,,,8,95,995,,,,,,,,,,,,,,,,,,,,,,,,,,,,,,0,0,0,0,0,0,0,0,0,1,0,1,0,1,0,0,0,0,0,0,0,0,0,0,0,0,0,0,0,1,0,1,0,0,0,,0,0,0,0,0,0,0,0,0,0,0,1,0,0,0,0,,,,,,56-60,56-65,State route,U,Thursday,Belt Used,PV,Not Fatal,0,0,0,0,State Route,State Patrol,Washington State Patrol,0,1,0,0,0,,,,,,0,0,0,,,,,,,,,,,98,98,98,0,,,,,20,7,,,,,,,,,,,,,,,
2020,11,EA04367,7,01/11/2020,4:28,11,1,,33,King,0,2,,3,2,2,1,1,1,1,4:32,4:39,,8,0,0,33.3,1,0,1,3,2,1,3,0,0,0,0,SR-509,,-122.3269361,47.51165,0,1,13,80,5,60,14,0,0,1,5,8,1,2,2,3,1,1,1,53,0,49,403,2013,0,,8,,,,,,1,1,50,2,0,,0,0,3,0,11,0,,,,,0,0,0,3,1,0,,,,96,,,,,,0,,,,,,98188,53,67,135,6,1,0,0,0,0,,0,,,,,,0,,,20,0,0,0,8,9,8,,,0,,,8,8,8,95,,,96,,,8,95,995,,,,,,,,,,,,,,,,,,,,,,,,,,,,,,0,0,0,0,0,0,0,0,0,1,1,1,0,0,0,0,0,0,0,0,0,0,0,0,0,0,0,0,0,1,0,1,0,0,0,,0,0,0,0,0,0,0,0,0,0,0,0,0,0,0,0,,,,,,46-50,46-55,State route,U,Saturday,Belt Used,PV,Not Fatal,0,0,0,0,State Route,State Patrol,Washington State Patrol,0,1,0,0,0,,,,,,0,0,0,,,,,,,,,,,98,98,98,0,,,,,20,7,,,,,,,,1,0,,,,,,
2020,189,EA42062,160,06/21/2020,15:11,21,6,,33,King,1030,1,,1,1,2,1,0,1,1,,,,1,0,0,0,3,0,2,7,2,4,6,0,0,20,3,144TH AVE SE,SE 259th Pl,-122.14955,47.36881389,0,1,98,9,1,25,80,0,0,1,2,1,4,1,2,1,6,1,2,53,0,73,703,2011,0,,68,1,64,42,,,1,1,36,1,7,,4,7,20,7,11,0,06/21/2020,15:11,1.03053E+11,28688,0,0,0,0,1,8,,,,96,,,,,,98,,,,,,98188,53,71,190,0,0,0,2,2,0,,0,,,,,,4,05/15/2017,06/15/2018,20,8,0,0,0,9,8,,,0,,,8,8,2,996,401,417,1,1,1,2,1,0,,,,,,,,,,,,,,,,,,,,,,,,,,,,,,0,0,0,1,0,0,1,1,0,0,0,0,1,1,1,0,0,0,0,0,0,0,0,0,0,0,0,0,1,0,0,0,0,0,1,0,0,0,0,0,0,0,1,1,0,1,0,1,0,0,1,0,,,,,,36-40,36-45,City street,U,Sunday,,MC,White,1,0,0,0,City Street,Municipal/City Police,Kent Police Department,0,0,0,1,0,,,,,,0,0,6,,,,,,,,,,,0,0,0,1,,,,,5,0,,,,,,,,1,0,,,,,,
2020,274,EA54112,8,08/09/2020,2:43,9,8,,31,Jefferson,0,1,,2,1,2,1,1,1,1,2:43,2:51,,8,0,0,7.7,1,0,1,3,1,1,3,0,0,0,0,SR-104,,-122.7521667,47.89328056,0,1,13,80,5,60,15,0,0,1,2,8,1,1,2,1,1,1,1,53,0,23,422,2004,0,,8,,,,,,1,1,42,1,0,,0,0,3,0,11,0,,,,,0,0,0,3,1,0,,,,96,,,,,,0,,,,,,98188,53,72,160,6,1,0,0,0,1,,0,,,,,,0,11/15/2018,11/15/2018,20,0,0,0,8,3,8,,,0,,,8,8,0,0,,,0,,,0,0,996,,,,,,,,,,,,,,,,,,,,,,,,,,,,,,0,0,0,0,0,0,0,0,0,1,0,1,0,0,0,0,0,0,0,0,0,0,0,0,0,0,0,0,0,1,0,1,0,0,0,,0,0,0,0,0,0,0,0,0,0,0,0,0,0,0,0,,,,,,41-45,36-45,State route,R,Sunday,Belt Used,PV,Not Fatal,0,0,0,0,State Route,State Patrol,Washington State Patrol,0,1,0,0,0,,,,,,0,0,0,,,,,,,,,,,98,98,98,0,,,,,20,7,,,,,,,,1,0,,,,,,
2021,249,EB52140,25,07/18/2021,6:20,18,7,,33,King,0,1,,1,1,2,1,1,1,1,,,,8,1,0,0.8,1,0,1,5,2,2,4,0,0,0,0,CR-SE 216TH WAY,,-122.0228667,47.40833333,0,1,13,11,2,35,4,0,0,1,5,8,1,2,2,1,1,99,2,53,0,49,40,2004,0,,63,8,,,,,1,1,15,2,0,,9,0,99,7,11,0,,,,,0,0,0,0,1,0,,,,96,,,,,,98,,,,,,98188,53,,999,0,0,0,0,0,0,,97,,,,,,0,,,99,9,0,0,8,9,8,,,0,,,8,8,0,0,,,0,,,0,0,996,,,,,,,,,,,,,,,,,,,,,,,,,,,,,,0,0,0,0,0,0,0,0,0,1,0,1,0,1,0,0,0,0,0,0,0,0,0,0,0,0,0,0,0,1,0,1,0,0,0,,0,0,0,0,0,0,0,0,0,0,0,1,0,0,0,0,,,,,,10ÔÂ15ÈÕ,0-15,County road,U,Sunday,Unknown,PV,Not Fatal,0,0,0,0,County Road,County Sheriff,King County Police,0,0,1,0,0,,,,,,0,0,0,,,,,,,,,,,98,98,98,0,,,,,20,,,,,,,,,1,0,,,SE 216 WAY,0.815,NULL,
2021,547,EC06172,337,12/24/2021,16:47,24,12,,73,Whatcom,110,1,,3,1,2,1,1,2,1,,,,8,0,0,0,1,0,1,4,2,4,6,0,0,0,0,W BAKERVIEW RD,,-122.4880667,48.78974444,0,1,13,80,5,98,5,0,0,1,2,8,8,8,5,5,1,2,1,53,0,42,55,2017,0,,8,,,,,,1,1,58,1,0,,0,0,3,0,11,0,,,,,0,0,3,3,1,0,,,,96,,,,,,98,,,,,,98188,53,64,160,6,1,0,0,0,1,,76,,,,,,0,02/15/2020,02/15/2020,20,0,0,0,8,9,8,,,0,,,8,8,8,95,,,96,,,8,95,995,,,,,,,,,,,,,,,,,,,,,,,,,,,,,,0,0,0,0,0,0,0,0,0,0,0,0,0,0,0,0,0,0,0,0,0,0,0,0,0,0,0,0,0,1,0,1,0,0,0,,0,0,0,0,0,0,0,0,0,0,0,0,0,0,0,0,,,,,,56-60,56-65,City street,U,Friday,Belt Used,PV,Not Fatal,0,0,0,0,City Street,Municipal/City Police,Bellingham Police Department,0,0,0,1,0,,,,,,0,0,0,,,,,,,,,,,98,98,98,0,,,,,20,,,,,,,,,1,0,,,,,,
2018,293,3751258,263,06/22/2018,0:26,22,6,0,33,King,1960,1,0,3,1,1,1,0,5,4,,,,12,0,6,0,2,0,2,7,2,4,6,0,0,3,3,NW MARKET ST,15TH AVE NW,-122.3762194,47.66867222,0,4,98,62,4,30,6,0,0,1,5,12,1,1,7,1,5,1,2,53,0,51,43,1998,0,0,12,,,,,,1,1,20,2,0,0,0,0,99,0,11,0,,,,,0,0,0,3,1,0,0,0,0,96,,,,,,0,,,,,,98198,53,63,120,6,1,0,1,1,1,,0,,,,,,0,07/15/2014,01/15/2015,20,0,0,0,8,9,8,,,0,0,0,8,0,8,95,,,96,,,8,95,995,,,,,,,,,,,,,,,,,,,,,,,,,,,,,,0,0,0,1,0,0,1,1,0,0,0,0,0,1,0,0,0,0,0,0,0,1,1,1,1,0,0,0,0,1,0,0,0,0,0,,0,0,0,0,0,0,0,0,0,0,0,0,0,0,0,0,,,,,,18-20,16-25,City street,U,Friday,Unknown,PV,Not Fatal,1,0,0,0,City Street,Municipal/City Police,Seattle Police Department,0,0,0,1,0,,,,,,0,0,0,,,,,,,,,,,,,,,,,,,,,,,,,,,,,,,,,,,
2018,120,3754330,263,04/30/2018,23:36,30,4,0,33,King,1960,1,0,3,1,2,1,1,2,2,,,,8,1,0,1.9,1,0,1,3,2,1,3,0,0,0,0,SR-513,40TH AVE NE,-122.28505,47.66282778,0,1,13,80,5,35,99,0,0,1,5,8,1,1,5,1,1,99,9,99,0,99,999,9999,0,0,8,,,,,,1,1,39,8,0,0,0,0,98,0,11,0,,,,,0,0,0,3,1,0,0,0,0,96,,,,,,99,,,,,,98198,53,69,172,6,1,0,0,2,1,,97,,,,,,0,09/15/2014,10/15/2016,98,0,0,0,8,9,8,,,0,0,0,8,9,8,95,,,96,,,8,95,995,,,,,,,,,,,,,,,,,,,,,,,,,,,,,,0,0,0,0,0,0,0,0,0,1,1,1,0,0,0,0,0,0,0,0,0,0,0,0,0,0,0,0,0,1,0,1,0,0,0,,0,0,0,0,0,0,0,0,0,0,0,0,0,0,0,0,,,,,,36-40,36-45,State route,U,Monday,,NR-U,Not Fatal,0,0,0,0,State Route,Municipal/City Police,Seattle Police Department,0,1,0,0,0,,,,,,0,0,0,,,,,,,,,,,,,,,,,,,,,,,,,,,,,,,,,,,
2017,501,3762650,263,12/03/2017,0:16,3,12,0,33,King,1960,2,0,3,2,1,1,2,1,1,,,,8,0,0,0,1,0,1,3,2,4,6,0,0,0,0,RAINER AVE S,,-122.2687806,47.51985833,0,1,13,80,5,98,4,0,0,1,2,8,3,1,2,1,14,1,3,53,0,48,38,2004,0,0,8,8,,,,,1,1,27,1,0,0,0,0,3,0,11,0,,,,,0,0,0,3,1,0,0,0,0,92,,,,,,99,,,,,,98198,53,71,205,6,1,0,0,0,0,0,0,,,,,,0,,,98,7,0,0,8,9,8,,,0,0,0,8,9,2,1,0,0,1,0,0,2,1,0,,,,,,,,,,,,,,,,,,,,,,,,,,,,,,0,0,0,0,0,0,0,0,0,1,1,0,0,0,0,0,1,0,0,0,0,0,0,0,0,0,0,0,0,1,0,1,0,0,0,,0,0,0,0,0,0,0,0,1,0,0,0,0,0,0,0,,,,,,26-30,26-35,City street,U,Sunday,Belt Used,PV,Not Fatal,0,0,0,0,City Street,Municipal/City Police,Seattle Police Department,0,0,0,1,0,,,,,,,,,,,,,,,,,,,,,,,,,,,,,,,,,,,,,,,,,,,
2021,584,3857333,263,06/03/2021,2:52,3,6,,33,King,1960,1,,2,1,1,1,1,1,1,,,,8,0,0,0,1,0,1,3,2,4,6,0,0,0,0,AIRPORT WAY S,,-122.2884444,47.51405278,0,1,13,80,5,45,14,0,0,1,2,8,1,1,4,1,1,1,1,53,0,35,403,2017,0,,8,,,,,,1,1,61,2,0,,0,0,3,0,11,0,,,,,0,0,0,3,1,10,,,,0,,,,,,98,,,,,,98198,53,67,220,6,1,0,0,0,0,,0,,,,,,0,,,20,0,0,0,8,9,2,,,0,,,8,8,0,0,,,0,,,0,0,996,,,,,,,,,,,,,,,,,,,,,,,,,,,,,,0,0,0,0,0,0,0,0,0,1,0,1,0,0,0,0,0,1,0,0,0,0,0,0,0,0,0,0,0,1,0,1,0,0,0,,0,0,0,0,0,0,0,0,0,0,0,0,0,0,0,0,,,,,,61-65,56-65,City street,U,Thursday,Belt Used,PV,Not Fatal,0,0,0,0,City Street,Municipal/City Police,Seattle Police Department,0,0,0,1,0,,,,,,0,0,0,,,,,,,,,,,98,98,98,0,,,,,20,,,,,,,,,1,0,,,,,,