year,case,par,repjur,crash_dt,crash_tm,accday,accmon,holiday,county,co_char,city,weather,weather2,lightcond,surfcond,surftype,numfatal,nmforms,pforms,vforms,not_tm,arr_tm,hosp_tm,fhevent,hitrun,manncol,milepnt,reljunc,reljuncinter,intersectiontype,funcsystem,landuse,ownership,route,schlbus,spejur,contdev,devfunc,trafid1,trafid2,x,y,wk_zone,vnumber,crashtype,criticalevent,criticaleventcat,spdlim,body,trailer,emerg,hazcargo,leave,mhevent,roadalgn,roadprof,traflane,trafflow,vehmanvr,numoccs,regowner,regstate,spuse,make,model,modelyr,vrf1,vrf2,seqevent1,seqevent2,seqevent3,seqevent4,seqevent5,seqevent6,pnumber,ptype,age,sex,hispanic,race,injury,diedscene,restraint,restraintmisuse,seatpos,takehosp,death_dt,death_tm,cert,cernum_wa,commlic,licendor,licrestrict,liccomp,drivpres,drf1,drf2,drf3,drf4,distract1,distract2,distract3,distract4,distract5,distract6,dricond1,dricond2,dricond3,dricond4,dricond5,dricond6,dzip,licstate,drhgt_in,weight,noncdl,noncdltype,prevdwi,prevoth,prevacc,prevspd,prevsus,driviol1,driviol2,driviol3,driviol4,driviol5,driviol6,spdrel,first_dt,last_dt,airbag,ejection,ejectpath,extricat,injurwrk,methalc,methdrug,nmlocat,strikveh,prf1,prf2,prf3,druginv,alcinvol,drugsts,drugres1,drugres2,drugres3,drugtst1,drugtst2,drugtst3,alcsts,alctst,alcres,nmact1,nmact2,nmact3,nmact4,nmact5,nmact6,nmprior1,nmprior2,nmprior3,nmprior4,nmprior5,nmprior6,nmcond1,nmcond2,nmcond3,nmcond4,nmcond5,nmcond6,nmsafe_helmet,nmsafe_pads,nmsafe_oth,nmprev_ref,nmprev_lgt,nmprev_oth,crashlocation,nmcrashtype,crosswalk,schoolzone,sidewalk,train_inv,wildlife_inv,rotr_fars,intersect_fars,dd_inv,aid_inv,dpd_inv,id_inv,mj_inv,impnm_inv,ainm_inv,dpnm_inv,speed_inv,unlic_inv,unendmc_inv,drowsy_inv,drdist_inv,nmdist_inv,fty_inv,unrestfat_inv,dr1617_inv,dr1820_inv,dr1620_inv,dr2125_inv,dr1625_inv,dr65_inv,dr70_inv,dr75_inv,mc_inv,pv_inv,ht_inv,ped_inv,bike_inv,unrest_fat,mc_fat,unhelmet_mc,pv_fat,ht_fat,ped_fat,bike_fat,dr_alc7,dr_alc8,dr_drug,dr_imp,dr_dist,dr_spd,dr_fty,dr_unlic,dr_alc7only,dr_alc8only,dr_drugonly,dr_drink,nm_imp,nm_alc7,nm_alc8,nm_drug,nm_dist,agegrp1,agegrp2,roadclass,urbrur,dayweek,restuse,vehtype,race_me,intersect,lanedep,oppdir,wrongway,rep_typ,investag,repag_long,rotr,st_rd,cty_rd,city_rd,oth_rd,drug_thc,thc_res,drug_cthc,cthc_res,drug_cann,prevpersemin,prevperse,prevsusoth,drugtst4,drugtst5,drugtst6,drugtst7,drugtst8,drugres4,drugres5,drugres6,drugres7,drugres8,adspresent,adsengaged,adslevel,race1,race2,race3,race4,race5,helmet,helmetmisuse,nmdistract1,nmdistract2,nmdistract3,nmdistract4,nmdistract5,nmdistract6,lab,isedtcase,crf1,crf2,crf3,CoRoadName,CoMP,IntCoRoadName,IntCoMP
2017,323,E704148,160,08/23/2017,6:48,23,8,0,33,King,1030,1,0,1,1,2,1,0,5,4,,,,12,0,7,11.3,3,0,2,3,2,1,3,0,0,3,3,SR-99,S 240 ST,-122.2964528,47.38647222,0,2,45,61,4,45,80,0,0,1,2,12,1,1,3,1,1,1,1,53,0,76,706,2009,0,0,12,12,12,,,,1,1,64,2,7,1,4,7,19,0,11,0,08/23/2017,7:15,1.03053E+11,37977,0,0,3,3,1,0,0,0,0,0,,,,,,0,,,,,,98198,53,70,160,6,1,0,0,0,0,0,0,,,,,,0,,,20,8,0,0,0,9,8,,,0,0,0,8,0,2,1,0,0,1,0,0,2,1,0,,,,,,,,,,,,,,,,,,,,,,,,,,,,,,0,0,0,1,0,0,0,0,0,0,0,0,0,0,0,0,0,0,0,0,0,0,0,0,0,0,0,0,1,1,0,0,0,0,1,0,0,0,0,0,0,0,0,0,0,0,0,0,0,0,0,0,,,,,,61-65,56-65,State route,U,Wednesday,,MC,White,0,0,0,0,State Route,Municipal/City Police,Kent Police Department,0,1,0,0,0,,,,,,,,,,,,,,,,,,,,,,,,,,,,,,,,,,,,,,,,,,,
2017,334,E711265,7,08/29/2017,15:08,29,8,0,33,King,1958,1,0,1,1,2,1,0,2,1,,,,1,0,0,0.1,5,1,1,3,2,1,3,0,0,0,0,SR-509 RAMP R502435B,,-122.3213139,47.437425,0,1,6,12,2,98,61,0,0,1,2,1,3,2,1,6,14,2,3,53,0,52,882,2012,0,0,64,1,,,,,1,1,22,1,0,0,1,0,3,0,11,4,,,,,0,0,0,8,1,91,0,0,0,0,,,,,,9,,,,,,98198,53,72,213,6,1,0,1,0,1,0,1,,,,,,4,01/15/2016,05/15/2017,20,0,0,0,8,9,8,,,0,0,0,8,1,2,605,0,0,1,0,0,2,1,0.12,,,,,,,,,,,,,,,,,,,,,,,,,,,,,,0,0,1,0,1,1,1,1,1,0,0,0,1,0,0,0,0,0,0,0,0,0,0,1,1,0,0,0,0,0,1,0,0,0,0,,0,0,0,0,0,1,1,1,0,1,0,0,0,0,0,1,,,,,,21-25,16-25,State route,U,Tuesday,,MHTRUCK,Not Fatal,0,1,0,0,State Route,State Patrol,Washington State Patrol Headquarter,1,1,0,0,0,thc,1,carboxy-thc,13,,,,,,,,,,,,,,,,,,,,,,,,,,,,,,,,,,,,,,,
2017,487,E740343,25,11/22/2017,17:22,22,11,0,33,King,1495,10,0,3,8,2,1,1,1,1,,,,8,0,0,23.1,1,0,1,3,2,1,3,0,0,0,0,SR-509,,-122.3342556,47.44287222,0,1,13,80,5,35,2,0,0,1,5,8,1,1,5,5,1,1,1,53,0,34,34,1985,0,0,8,,,,,,1,1,21,2,0,0,0,0,3,0,11,0,,,,,0,0,0,3,1,0,0,0,0,96,,,,,,9,,,,,,98198,53,65,150,6,1,0,0,1,0,0,97,,,,,,0,07/15/2016,07/15/2016,20,0,0,0,8,9,8,,,0,0,0,8,1,2,605,0,0,1,0,0,2,1,0.027,,,,,,,,,,,,,,,,,,,,,,,,,,,,,,0,0,0,0,1,0,1,1,1,0,0,0,0,0,0,0,0,0,0,0,0,0,0,1,1,0,0,0,0,1,0,1,0,0,0,,0,0,0,0,1,0,1,1,0,0,0,0,0,0,0,1,,,,,,21-25,16-25,State route,U,Wednesday,Belt Used,PV,Not Fatal,1,0,0,0,State Route,County Sheriff,King County Police,0,1,0,0,0,thc,1.3,carboxy-thc,8.5,,,,,,,,,,,,,,,,,,,,,,,,,,,,,,,,,,,,,,,
2018,34,E766413,25,01/25/2018,18:08,25,1,0,33,King,1958,2,0,3,2,2,1,1,1,1,,,,8,0,0,13.4,1,0,1,3,2,1,3,0,0,0,0,SR-99,,-122.2974028,47.41535,0,1,13,80,5,45,4,0,0,1,5,8,1,1,3,2,1,1,2,53,0,7,24,2008,0,0,8,,,,,,1,1,50,2,0,0,0,0,3,0,11,0,,,,,0,0,0,3,1,10,0,0,0,96,,,,,,0,,,,,,98198,53,68,165,6,1,0,0,0,0,,0,,,,,,0,,,20,0,0,0,8,9,8,,,0,0,0,8,0,8,95,,,96,,,8,95,995,,,,,,,,,,,,,,,,,,,,,,,,,,,,,,0,0,0,0,0,0,0,0,0,0,0,0,0,0,0,0,0,0,0,0,0,0,0,0,0,0,0,0,0,1,0,1,0,0,0,,0,0,0,0,0,0,0,0,0,0,0,0,0,0,0,0,,,,,,46-50,46-55,State route,U,Thursday,Belt Used,PV,Not Fatal,0,0,0,0,State Route,County Sheriff,King County Police,0,1,0,0,0,,,,,,0,0,0,,,,,,,,,,,,,,,,,,,,,,,,,,,,,,,,,,,
2018,124,E795721,25,05/02/2018,17:13,2,5,0,33,King,1958,1,0,1,1,2,1,1,3,3,,,,8,0,0,12.9,1,0,1,3,2,1,3,0,0,0,0,SR-99,,-122.2983278,47.40849444,0,2,98,60,4,40,6,0,0,1,5,12,1,1,3,2,1,1,1,53,0,7,21,2007,0,0,12,,,,,,1,1,28,1,0,0,0,0,3,0,11,0,,,,,0,0,3,3,1,0,0,0,0,96,,,,,,0,,,,,,98198,53,70,150,6,1,0,0,0,1,,0,,,,,,0,10/15/2014,03/15/2016,20,0,0,0,8,9,8,,,0,0,0,8,0,8,95,,,96,,,8,95,995,,,,,,,,,,,,,,,,,,,,,,,,,,,,,,0,0,0,0,1,1,1,1,1,1,0,1,1,1,0,0,0,0,0,0,0,0,0,1,1,0,0,0,0,1,0,1,0,0,0,,0,0,0,0,0,0,0,0,0,0,0,0,0,0,0,0,,,,,,26-30,26-35,State route,U,Wednesday,Belt Used,PV,Not Fatal,1,0,0,0,State Route,Municipal/City Police,SeaTac Police Department,0,1,0,0,0,,,,,,0,0,5,,,,,,,,,,,,,,,,,,,,,,,,,,,,,,,,,,,
2018,461,E872248,25,12/08/2018,12:56,8,12,0,33,King,1958,1,0,1,1,2,1,0,2,2,,,,12,0,2,0,1,0,1,7,2,4,6,0,0,0,0,12TH PL S,16TH AVE S,-122.3143472,47.43471389,0,2,51,62,4,40,34,0,0,1,7,12,3,1,4,1,14,1,1,53,0,7,482,2001,0,0,12,,,,,,1,1,64,1,0,0,2,0,3,0,11,8,,,,,0,0,3,3,1,0,0,0,0,96,,,,,,0,,,,,,98198,53,72,250,6,1,0,0,1,0,,0,,,,,,0,02/15/2018,02/15/2018,8,0,0,0,8,9,8,,,0,0,0,8,0,8,95,,,96,,,8,95,995,,,,,,,,,,,,,,,,,,,,,,,,,,,,,,0,0,0,0,0,0,0,0,0,0,0,0,0,0,0,0,0,0,0,1,0,0,0,0,0,0,0,0,0,1,0,0,0,0,0,,0,0,0,0,0,0,0,0,0,0,0,0,0,0,0,0,,,,,,61-65,56-65,City street,U,Saturday,Belt Used,PV,Not Fatal,0,1,1,0,City Street,County Sheriff,King County Police,0,0,0,1,0,,,,,,0,0,0,,,,,,,,,,,,,,,,,,,,,,,,,,,,,,,,,,,
2019,135,E918789,7,02/12/2019,14:49,12,2,,33,King,1960,2,0,1,2,2,1,0,2,2,,,,12,0,1,160.2,1,0,1,1,2,1,1,0,0,0,0,I-5,,-122.2984083,47.53655278,0,1,21,2,1,60,4,0,0,1,2,12,1,1,5,3,7,1,2,53,0,35,47,1997,0,0,12,,,,,,1,1,58,1,1,,4,0,20,7,11,4,02/17/2019,15:31,1.96053E+11,9654,0,0,0,0,1,0,0,0,0,96,,,,,,99,,,,,,98198,53,,999,0,0,0,0,0,0,,0,,,,,,0,,,20,0,0,0,0,9,8,,,0,0,0,8,9,2,1,,,1,,,2,1,0,,,,,,,,,,,,,,,,,,,,,,,,,,,,,,0,0,0,0,0,0,0,0,0,0,0,0,0,1,0,0,0,0,0,1,0,0,0,0,0,0,0,0,0,1,0,0,0,1,0,,1,0,0,0,0,0,0,0,0,0,0,1,0,0,0,0,,,,,,56-60,56-65,Interstate,U,Tuesday,Not Used,PV,Hispanic,0,0,0,0,State Route,State Patrol,Washington State Patrol,0,1,0,0,0,,,,,,0,0,0,,,,,,,,,,,0,0,0,298,,,,,20,7,,,,,,,,,,,,,,,
2019,183,E930005,129,06/01/2019,13:28,1,6,,53,Pierce,747,1,0,1,1,2,1,0,2,2,,,,12,0,2,0,3,0,2,7,2,4,6,0,3,0,0,12TH ST E,54TH AVE E,-122.357675,47.24625278,0,1,50,6,1,98,4,0,0,1,7,12,1,1,3,1,1,1,2,16,0,18,2,2002,0,0,68,12,,,,,1,1,35,8,1,,4,7,3,0,11,0,06/01/2019,13:28,74753025114,25114,0,0,3,2,1,28,0,0,0,96,,,,,,9,,,,,,98198,53,,999,1,1,1,0,0,0,,0,,,,,,4,09/15/2018,09/15/2018,1,0,0,0,0,9,8,,,0,0,0,8,1,2,1,,,1,,,2,1,0.24,,,,,,,,,,,,,,,,,,,,,,,,,,,,,,0,0,0,1,1,1,0,1,0,0,0,0,1,1,0,0,0,0,0,0,0,0,0,0,0,0,0,0,0,1,0,0,0,0,0,,1,0,0,0,0,1,0,1,0,1,0,1,0,1,0,1,,,,,,31-35,26-35,City street,U,Saturday,Belt Used,PV,Hispanic,0,1,1,0,City Street,Municipal/City Police,Fife Police Department,0,0,0,1,0,,,,,,0,1,1,,,,,,,,,,,98,98,98,298,,,,,20,7,,,,,,,,,,,,,,,
2019,341,E964395,25,09/18/2019,19:56,18,9,,33,King,1958,10,0,3,1,2,2,0,3,2,,,,12,0,2,0,3,0,2,7,2,4,6,0,0,0,0,DES MOINES MEMORIAL DR S,S 202ND ST,-122.320275,47.42096667,0,1,50,10,2,25,3,0,0,1,5,12,1,1,2,1,1,2,0,92,0,37,31,1994,0,0,68,12,,,,,1,1,30,1,7,,4,7,20,7,11,0,09/18/2019,19:56,1.95853E+11,41761,0,0,0,3,1,28,0,0,0,96,,,,,,99,,,,,,98198,53,72,220,6,1,0,0,0,0,,0,,,,,,4,,,20,2,9,0,0,9,8,,,0,0,0,8,9,2,695,605,,1,1,,2,1,0,,,,,,,,,,,,,,,,,,,,,,,,,,,,,,0,0,0,1,0,0,1,1,1,0,0,0,1,0,0,0,0,0,0,1,0,0,0,0,0,0,0,0,0,1,0,0,0,1,0,,1,0,0,0,0,0,1,1,0,1,0,0,0,0,1,0,,,,,,26-30,26-35,City street,U,Wednesday,Not Used,PV,White,0,1,1,0,City Street,County Sheriff,King County Police,0,0,0,1,0,thc,888,carboxy-thc,86,,0,0,0,,,,,,,,,,,0,0,0,1,,,,,20,7,,,,,,,,,,,,,,,
2019,341,E964395,25,09/18/2019,19:56,18,9,,33,King,1958,10,0,3,1,2,2,0,3,2,,,,12,0,2,0,3,0,2,7,2,4,6,0,0,0,0,DES MOINES MEMORIAL DR S,S 202ND ST,-122.320275,47.42096667,0,2,51,62,4,25,4,0,0,1,5,12,1,1,2,1,1,1,2,53,0,7,29,2015,0,0,12,,,,,,1,1,61,2,0,,3,0,3,0,11,4,,,,,0,0,0,3,1,0,0,0,0,96,,,,,,99,,,,,,98198,53,66,145,6,1,0,0,0,0,,0,,,,,,0,,,8,0,0,0,8,9,8,,,0,0,0,8,9,8,95,,,96,,,8,95,995,,,,,,,,,,,,,,,,,,,,,,,,,,,,,,0,0,0,1,0,0,1,1,1,0,0,0,1,0,0,0,0,0,0,1,0,0,0,0,0,0,0,0,0,1,0,0,0,0,0,,0,0,0,0,0,0,0,0,0,0,0,0,0,0,0,0,,,,,,61-65,56-65,City street,U,Wednesday,Belt Used,PV,Not Fatal,0,1,1,0,City Street,County Sheriff,King County Police,0,0,0,1,0,,,,,,0,0,0,,,,,,,,,,,98,98,98,0,,,,,20,7,,,,,,,,,,,,,,,
2019,358,E969643,3,09/28/2019,2:27,28,9,,53,Pierce,0,2,0,3,2,2,1,1,2,1,,,,15,0,0,50.4,1,0,1,3,2,1,3,0,0,0,0,SR-7,,-122.4347389,47.127725,0,1,13,83,5,35,61,0,2,1,5,15,1,1,5,5,1,2,3,53,6,12,870,2018,0,0,15,,,,,,1,1,26,2,0,,0,0,3,0,11,0,,,,,0,0,3,3,1,0,0,0,0,96,,,,,,0,,,,,,98198,53,61,127,6,1,0,0,0,0,,0,,,,,,0,,,20,0,0,0,8,9,8,,,0,0,0,8,0,2,1,,,1,,,2,1,0,,,,,,,,,,,,,,,,,,,,,,,,,,,,,,0,0,0,0,0,0,0,0,0,1,1,0,0,0,0,0,0,0,0,0,0,0,0,0,0,0,0,0,0,0,1,1,0,0,0,,0,0,0,0,0,0,0,0,0,0,0,0,0,0,0,0,,,,,,26-30,26-35,State route,U,Saturday,,MHTRUCK,Not Fatal,0,0,0,0,State Route,State Patrol,Washington State Patrol,0,1,0,0,0,,,,,,0,0,0,,,,,,,,,,,98,98,98,0,,,,,20,7,,,,,,,,,,,,,,,
2019,421,E987417,106,11/27/2019,16:32,27,11,,33,King,532,1,0,1,1,2,1,0,3,3,,,,12,0,6,0,2,0,3,7,2,4,6,0,0,0,0,8TH AVE S,S 196TH ST,-122.324875,47.42691111,0,2,83,67,4,30,80,0,0,1,7,12,1,1,2,1,1,1,1,53,0,53,705,2003,0,0,12,68,64,14,,,1,1,25,1,7,,4,7,20,7,11,0,11/27/2019,16:32,53253053266,53266,0,0,3,2,1,0,0,0,0,92,,,,,,99,,,,,,98198,53,75,200,1,1,0,1,0,4,,0,,,,,,0,05/15/2016,07/15/2019,20,8,0,0,0,9,8,,,0,0,0,8,9,2,996,401,417,1,1,1,2,1,0.1,,,,,,,,,,,,,,,,,,,,,,,,,,,,,,0,0,0,1,1,1,1,1,1,0,0,0,0,1,1,0,1,0,1,0,0,0,0,1,1,1,1,0,1,1,0,0,0,0,1,0,0,0,0,0,0,1,1,1,1,0,0,1,0,0,0,1,,,,,,21-25,16-25,City street,U,Wednesday,,MC,White,1,0,0,0,City Street,Municipal/City Police,Des Moines Police Department,0,0,0,1,0,thc,4.1,carboxy-thc,6.7,,0,0,5,1,1,,,,695,605,,,,0,0,0,1,,,,,19,0,,,,,,,nms,,,,,,,,
2021,30,EB02768,25,01/16/2021,0:37,16,1,,33,King,1030,10,,3,1,2,1,0,1,1,,,,38,0,0,0,1,0,1,4,2,4,6,0,0,0,0,132ND AVE SE,,-122.1654278,47.36308056,0,1,10,12,2,35,4,0,0,1,5,42,1,2,2,1,1,1,2,53,0,12,17,2005,0,,68,64,38,42,,,1,1,25,1,7,,4,7,20,7,11,0,01/16/2021,0:37,1.03053E+11,2704,0,0,0,2,1,37,,,,96,,,,,,98,,,,,,98198,53,64,135,1,1,0,3,2,0,,0,,,,,,3,10/15/2016,04/15/2018,8,1,9,0,0,9,8,,,0,,,8,8,2,695,605,,1,1,,2,1,0.151,,,,,,,,,,,,,,,,,,,,,,,,,,,,,,0,0,1,0,1,1,1,1,1,0,0,0,1,1,0,0,0,0,0,1,0,0,0,1,1,0,0,0,0,1,0,0,0,1,0,,1,0,0,0,0,1,1,1,0,1,0,1,0,0,0,1,,,,,,21-25,16-25,City street,U,Saturday,Not Used,PV,Black,0,1,0,0,City Street,County Sheriff,King County Police,1,0,0,1,0,thc,30,carboxy-thc,200,,0,0,4,,,,,,,,,,,98,98,98,2,,,,,20,,,,,,,,nms,1,20,,,,,,
2021,593,EB83137,262,10/24/2021,0:42,24,10,,33,King,1958,10,,3,2,2,1,1,2,1,,,,8,0,0,14.8,1,0,1,3,2,1,3,0,0,0,0,SR-99,,-122.2956778,47.43554722,0,1,13,80,5,40,4,0,0,1,5,8,1,1,5,2,1,2,2,53,0,35,47,2014,0,,8,,,,,,1,1,24,1,0,,0,0,2,0,11,0,,,,,0,0,3,3,1,0,,,,96,,,,,,98,,,,,,98198,53,70,230,6,1,0,0,0,0,,0,,,,,,0,,,20,0,0,0,8,9,2,,,0,,,8,8,0,0,,,0,,,0,0,996,,,,,,,,,,,,,,,,,,,,,,,,,,,,,,0,0,0,0,0,0,0,0,0,0,0,0,0,0,0,0,0,0,0,0,0,0,0,1,1,0,0,0,0,1,0,1,0,0,0,,0,0,0,0,0,0,0,0,0,0,0,0,0,0,0,0,,,,,,21-25,16-25,State route,U,Sunday,Belt Used,PV,Not Fatal,0,0,0,0,State Route,Municipal/City Police,SeaTac Police Department,0,1,0,0,0,,,,,,0,0,0,,,,,,,,,,,98,98,98,0,,,,,20,,,,,,,,,1,0,,,,,,
2017,493,3726113,263,11/06/2017,1:08,6,11,0,33,King,1960,1,0,3,1,1,1,0,1,1,,,,21,0,0,0,3,0,3,4,2,4,6,0,0,20,3,15TH AVE W,W EMERSON ST,-122.3762028,47.65400833,0,1,14,17,2,25,6,0,0,1,5,21,1,1,2,1,1,1,1,53,0,49,47,2005,0,0,71,21,,,,,1,1,25,2,7,1,4,7,20,0,11,0,11/06/2017,1:08,1.96053E+11,48798,0,0,3,3,1,0,0,0,0,96,,,,,,99,,,,,,98199,53,70,170,6,1,0,0,0,0,0,0,,,,,,0,,,1,0,0,0,0,9,8,,,0,0,0,8,9,2,402,407,605,1,1,1,2,1,0,,,,,,,,,,,,,,,,,,,,,,,,,,,,,,0,0,0,1,0,0,1,1,1,0,0,0,0,0,0,0,0,0,0,1,0,0,0,1,1,0,0,0,0,1,0,0,0,1,0,,1,0,0,0,0,0,1,1,0,0,0,0,0,0,1,0,,,,,,21-25,16-25,City street,U,Monday,Not Used,PV,White,1,0,0,0,City Street,Municipal/City Police,Seattle Police Department,0,0,0,1,0,thc,1,,,,,,,,,,,,,,,,,,,,,,,,,,,,,,,,,,,,,,,,,
2017,6,3746306,263,01/05/2017,9:53,5,1,0,33,King,1960,1,0,1,1,2,1,1,5,3,,,,12,0,6,0,2,0,2,4,2,4,6,0,0,2,3,1ST AVE,COLUMBIA SR,-122.334175,47.60174444,0,3,98,66,4,98,4,0,0,1,2,12,8,8,3,4,4,2,2,53,0,58,37,2006,0,0,12,,,,,,1,1,37,1,0,0,0,0,3,0,11,0,,,,,0,0,0,3,1,0,0,0,0,0,,,,,,0,,,,,,98199,53,70,190,6,1,0,0,0,1,0,0,,,,,,0,10/15/2013,10/15/2013,20,0,0,0,8,9,8,,,0,0,0,8,0,0,0,0,0,0,0,0,0,0,996,,,,,,,,,,,,,,,,,,,,,,,,,,,,,,0,0,0,1,0,0,0,0,0,0,0,0,0,0,0,0,0,0,1,0,0,0,0,1,1,0,0,0,0,1,0,1,0,0,0,,0,0,0,0,0,0,0,0,0,0,0,0,0,0,0,0,,,,,,36-40,36-45,City street,U,Thursday,Belt Used,PV,Not Fatal,1,0,0,0,City Street,Municipal/City Police,Seattle Police Department,0,0,0,1,0,,,,,,,,,,,,,,,,,,,,,,,,,,,,,,,,,,,,,,,,,,,
2018,293,3751258,263,06/22/2018,0:26,22,6,0,33,King,1960,1,0,3,1,1,1,0,5,4,,,,12,0,6,0,2,0,2,7,2,4,6,0,0,3,3,NW MARKET ST,15TH AVE NW,-122.3762194,47.66867222,0,3,98,66,4,30,4,0,0,1,7,12,1,1,7,1,1,1,1,53,0,55,33,2015,0,0,12,12,,,,,1,1,34,2,0,0,1,0,99,0,11,0,,,,,0,0,3,3,1,0,0,0,0,96,,,,,,0,,,,,,98199,53,61,140,6,1,0,0,0,0,,0,,,,,,0,,,1,0,0,0,8,9,8,,,0,0,0,8,0,8,95,,,96,,,8,95,995,,,,,,,,,,,,,,,,,,,,,,,,,,,,,,0,0,0,1,0,0,1,1,0,0,0,0,0,1,0,0,0,0,0,0,0,1,1,1,1,0,0,0,0,1,0,0,0,0,0,,0,0,0,0,0,0,0,0,0,0,0,0,0,0,0,0,,,,,,31-35,26-35,City street,U,Friday,Unknown,PV,Not Fatal,1,0,0,0,City Street,Municipal/City Police,Seattle Police Department,0,0,0,1,0,,,,,,0,0,0,,,,,,,,,,,,,,,,,,,,,,,,,,,,,,,,,,,
2019,186,E918788,7,04/23/2019,8:41,23,4,,33,King,1960,1,0,1,1,2,1,1,1,1,,,,8,0,0,34.7,1,0,1,3,2,1,3,0,0,0,0,SR-509,,-122.3255389,47.52773056,0,1,13,80,5,60,52,0,0,1,5,8,1,2,4,3,1,1,3,53,3,98,988,2018,0,0,8,,,,,,1,1,49,1,0,,0,0,3,0,11,0,,,,,6,3,3,3,1,0,0,0,0,96,,,,,,0,,,,,,98199,53,72,200,6,1,0,0,0,0,,0,,,,,,0,,,20,0,0,0,8,9,8,,,0,0,0,8,0,8,95,,,96,,,8,95,995,,,,,,,,,,,,,,,,,,,,,,,,,,,,,,0,0,0,0,0,0,0,0,0,1,0,1,0,0,0,0,0,0,0,0,0,0,0,0,0,0,0,0,0,0,0,1,0,0,0,,0,0,0,0,0,0,0,0,0,0,0,0,0,0,0,0,,,,,,46-50,46-55,State route,U,Tuesday,,BUS,Not Fatal,0,0,0,0,State Route,State Patrol,Washington State Patrol,0,1,0,0,0,,,,,,0,0,0,,,,,,,,,,,98,98,98,0,,,,,20,7,,,,,,,,,,,,,,,
2018,176,E810649,6,06/12/2018,18:00,12,6,0,7,Chelan,0,1,0,9,99,2,1,0,1,1,,,,18,0,0,159,1,0,1,3,1,1,3,0,0,0,0,SR-20,,-120.705575,48.50132222,0,1,1,13,2,60,80,0,0,1,2,18,3,2,2,1,14,1,1,53,0,34,706,2010,0,0,63,18,,,,,1,1,60,1,7,1,4,7,5,0,11,0,06/12/2018,18:00,53027354,27354,0,0,3,3,1,0,0,0,0,96,,,,,,99,,,,,,98201,53,74,180,6,1,0,0,0,0,,0,,,,,,0,,,20,8,0,0,0,9,8,,,0,0,0,8,9,2,1,,,1,,,2,1,0,,,,,,,,,,,,,,,,,,,,,,,,,,,,,,0,0,1,0,0,0,0,0,0,0,0,0,0,0,0,0,0,0,0,0,0,0,0,0,0,0,0,0,1,0,0,0,0,0,1,0,0,0,0,0,0,0,0,0,0,0,0,0,0,0,0,0,,,,,,56-60,56-65,State route,R,Tuesday,,MC,White,0,1,0,0,State Route,State Patrol,Washington State Patrol,1,1,0,0,0,,,,,,0,0,0,,,,,,,,,,,,,,,,,,,,,,,,,,,,,,,,,,,
2018,354,E818308,7,07/11/2018,6:52,11,7,0,33,King,1960,1,0,1,1,1,1,1,1,1,,,,8,0,0,0.1,20,1,1,1,2,1,1,0,0,0,0,I-5 CD16563,,-122.3294833,47.60619444,0,1,13,80,5,60,63,0,0,1,5,8,1,2,2,6,1,1,3,53,0,87,881,2015,0,0,8,,,,,,1,1,57,1,0,0,0,0,3,0,11,0,,,,,6,1,0,3,1,0,0,0,0,96,,,,,,0,,,,,,98201,53,67,150,6,1,0,0,0,1,,0,,,,,,0,12/15/2014,12/15/2014,20,0,0,0,8,9,2,,,0,0,0,0,0,0,0,,,0,,,8,95,995,,,,,,,,,,,,,,,,,,,,,,,,,,,,,,0,0,0,0,0,0,0,0,0,1,0,1,0,0,0,0,0,0,0,0,0,0,0,0,0,0,0,0,0,0,1,1,0,0,0,,0,0,0,0,0,0,0,0,0,0,0,0,0,0,0,0,,,,,,56-60,56-65,Interstate,U,Wednesday,,MHTRUCK,Not Fatal,0,0,0,0,State Route,State Patrol,Washington State Patrol,0,1,0,0,0,,,,,,0,0,0,,,,,,,,,,,,,,,,,,,,,,,,,,,,,,,,,,,
2018,338,E840255,5,09/18/2018,23:47,18,9,0,11,Clark,0,1,0,2,1,1,1,0,2,2,,,,12,0,1,10.2,1,0,1,1,2,1,1,0,0,0,0,I-5,,-122.6660917,45.76104722,0,1,24,51,3,70,15,0,0,1,2,2,1,2,3,3,15,1,3,53,0,12,422,2003,0,0,12,63,42,2,,,1,1,52,1,7,1,4,7,20,0,11,0,09/19/2018,0:01,53042396,42396,6,3,0,3,1,0,0,0,0,96,,,,,,99,,,,,,98201,53,73,280,6,1,0,1,0,1,,0,,,,,,0,06/15/2014,05/15/2018,99,0,0,0,0,9,1,,,0,0,0,1,9,2,155,401,376,1,1,1,2,1,0,,,,,,,,,,,,,,,,,,,,,,,,,,,,,,0,0,0,0,0,0,1,1,0,0,0,0,0,0,0,0,0,0,0,1,0,1,1,0,1,0,0,0,0,1,0,0,0,1,0,,1,0,0,0,0,0,1,1,0,0,0,0,0,0,1,0,,,,,,51-55,46-55,Interstate,U,Tuesday,Not Used,PV,White,0,0,0,0,State Route,State Patrol,WASHINGTON STATE PATROL,0,1,0,0,0,,,,,,0,0,1,1,1,1,,,343,417,151,996,,,,,,,,,,,,,,,,,,,,,,,,,,
2018,339,E840297,2,09/13/2018,8:02,13,9,0,61,Snohomish,0,2,0,1,2,2,1,0,2,2,7:59,8:08,8:21,12,0,2,10.9,1,0,1,3,1,1,2,0,0,0,0,US-2,,-122.0340194,47.89755556,0,1,50,10,2,60,63,0,0,1,2,12,1,1,2,1,2,1,3,53,0,87,881,1985,0,0,68,12,,,,,1,1,27,1,0,0,3,0,2,0,11,5,,,,,6,1,0,3,1,26,28,0,0,96,,,,,,0,,,,,,98201,53,73,280,6,1,0,1,0,1,,97,,,,,,4,06/15/2014,05/15/2018,20,0,0,0,8,9,8,,,0,0,0,8,0,2,1,,,1,,,2,1,0,,,,,,,,,,,,,,,,,,,,,,,,,,,,,,0,0,0,0,0,0,0,0,0,0,0,0,1,0,0,0,0,0,0,0,0,0,0,0,0,0,0,0,0,1,1,0,0,0,0,,0,0,0,0,0,0,0,0,0,1,0,0,0,0,0,0,,,,,,26-30,26-35,US highway,R,Thursday,,MHTRUCK,Not Fatal,0,1,1,0,State Route,State Patrol,Washington State Patrol,0,1,0,0,0,,,,,,0,0,0,,,,,,,,,,,,,,,,,,,,,,,,,,,,,,,,,,,