year,case,par,repjur,crash_dt,crash_tm,accday,accmon,holiday,county,co_char,city,weather,weather2,lightcond,surfcond,surftype,numfatal,nmforms,pforms,vforms,not_tm,arr_tm,hosp_tm,fhevent,hitrun,manncol,milepnt,reljunc,reljuncinter,intersectiontype,funcsystem,landuse,ownership,route,schlbus,spejur,contdev,devfunc,trafid1,trafid2,x,y,wk_zone,vnumber,crashtype,criticalevent,criticaleventcat,spdlim,body,trailer,emerg,hazcargo,leave,mhevent,roadalgn,roadprof,traflane,trafflow,vehmanvr,numoccs,regowner,regstate,spuse,make,model,modelyr,vrf1,vrf2,seqevent1,seqevent2,seqevent3,seqevent4,seqevent5,seqevent6,pnumber,ptype,age,sex,hispanic,race,injury,diedscene,restraint,restraintmisuse,seatpos,takehosp,death_dt,death_tm,cert,cernum_wa,commlic,licendor,licrestrict,liccomp,drivpres,drf1,drf2,drf3,drf4,distract1,distract2,distract3,distract4,distract5,distract6,dricond1,dricond2,dricond3,dricond4,dricond5,dricond6,dzip,licstate,drhgt_in,weight,noncdl,noncdltype,prevdwi,prevoth,prevacc,prevspd,prevsus,driviol1,driviol2,driviol3,driviol4,driviol5,driviol6,spdrel,first_dt,last_dt,airbag,ejection,ejectpath,extricat,injurwrk,methalc,methdrug,nmlocat,strikveh,prf1,prf2,prf3,druginv,alcinvol,drugsts,drugres1,drugres2,drugres3,drugtst1,drugtst2,drugtst3,alcsts,alctst,alcres,nmact1,nmact2,nmact3,nmact4,nmact5,nmact6,nmprior1,nmprior2,nmprior3,nmprior4,nmprior5,nmprior6,nmcond1,nmcond2,nmcond3,nmcond4,nmcond5,nmcond6,nmsafe_helmet,nmsafe_pads,nmsafe_oth,nmprev_ref,nmprev_lgt,nmprev_oth,crashlocation,nmcrashtype,crosswalk,schoolzone,sidewalk,train_inv,wildlife_inv,rotr_fars,intersect_fars,dd_inv,aid_inv,dpd_inv,id_inv,mj_inv,impnm_inv,ainm_inv,dpnm_inv,speed_inv,unlic_inv,unendmc_inv,drowsy_inv,drdist_inv,nmdist_inv,fty_inv,unrestfat_inv,dr1617_inv,dr1820_inv,dr1620_inv,dr2125_inv,dr1625_inv,dr65_inv,dr70_inv,dr75_inv,mc_inv,pv_inv,ht_inv,ped_inv,bike_inv,unrest_fat,mc_fat,unhelmet_mc,pv_fat,ht_fat,ped_fat,bike_fat,dr_alc7,dr_alc8,dr_drug,dr_imp,dr_dist,dr_spd,dr_fty,dr_unlic,dr_alc7only,dr_alc8only,dr_drugonly,dr_drink,nm_imp,nm_alc7,nm_alc8,nm_drug,nm_dist,agegrp1,agegrp2,roadclass,urbrur,dayweek,restuse,vehtype,race_me,intersect,lanedep,oppdir,wrongway,rep_typ,investag,repag_long,rotr,st_rd,cty_rd,city_rd,oth_rd,drug_thc,thc_res,drug_cthc,cthc_res,drug_cann,prevpersemin,prevperse,prevsusoth,drugtst4,drugtst5,drugtst6,drugtst7,drugtst8,drugres4,drugres5,drugres6,drugres7,drugres8,adspresent,adsengaged,adslevel,race1,race2,race3,race4,race5,helmet,helmetmisuse,nmdistract1,nmdistract2,nmdistract3,nmdistract4,nmdistract5,nmdistract6,lab,isedtcase,crf1,crf2,crf3,CoRoadName,CoMP,IntCoRoadName,IntCoMP
2018,413,E856061,2,10/17/2018,6:00,17,10,0,61,Snohomish,0,2,0,2,2,2,1,0,4,4,,,,12,0,8,6.8,1,0,1,3,1,1,2,0,0,0,0,US-2,,-122.0702694,47.93606944,0,4,98,62,4,60,5,0,0,1,2,12,1,1,2,1,1,1,1,53,0,30,42,2017,0,0,12,,,,,,1,1,61,1,0,0,3,0,3,0,11,4,,,,,0,0,0,3,1,0,0,0,0,96,,,,,,0,,,,,,98201,53,67,220,6,1,0,0,0,0,,0,,,,,,0,,,1,0,0,0,8,9,8,,,0,0,0,8,0,8,95,,,96,,,8,95,995,,,,,,,,,,,,,,,,,,,,,,,,,,,,,,0,0,0,0,0,0,0,0,0,0,0,0,0,0,0,0,1,0,0,0,0,0,0,0,0,0,0,0,0,1,0,0,0,0,0,,0,0,0,0,0,0,0,0,0,0,0,0,0,0,0,0,,,,,,61-65,56-65,US highway,R,Wednesday,Belt Used,PV,Not Fatal,0,1,1,0,State Route,State Patrol,Washington State Patrol,0,1,0,0,0,,,,,,0,0,0,,,,,,,,,,,,,,,,,,,,,,,,,,,,,,,,,,,
2020,371,EA67030,122,09/26/2020,20:54,26,9,,61,Snohomish,690,10,,3,2,2,1,0,2,2,20:57,21:04,21:11,12,0,6,0.2,2,0,2,3,2,1,3,0,0,3,3,SR-529,HEWITT AVE,-122.1909944,47.97910556,0,1,86,17,2,35,80,0,0,1,5,12,1,1,5,1,1,1,2,53,0,72,706,2005,0,,12,,,,,,1,1,39,1,7,,4,0,20,7,11,5,09/26/2020,22:39,69053045218,45218,0,0,0,2,1,39,,,,96,,,,,,9,,,,,,98201,53,71,180,6,1,0,1,0,0,,0,,,,,,0,06/15/2016,06/15/2016,20,8,0,0,0,9,8,,,0,,,8,1,2,695,605,,1,1,,2,1,0.181,,,,,,,,,,,,,,,,,,,,,,,,,,,,,,0,0,0,1,1,1,1,1,1,0,0,0,0,0,1,0,0,0,0,0,0,0,0,0,0,0,0,0,1,1,0,0,0,0,1,0,0,0,0,0,0,1,1,1,0,0,0,0,0,0,0,1,,,,,,36-40,36-45,State route,U,Saturday,,MC,White,1,0,0,0,State Route,Municipal/City Police,Everett Police Department,0,1,0,0,0,thc,11,carboxy-thc,33,,0,0,0,,,,,,,,,,,0,0,0,1,,,,,19,0,,,,,,,nms,1,0,,,,,,
2020,382,EA68589,2,09/14/2020,5:07,14,9,,61,Snohomish,690,5,,2,1,2,1,0,2,2,,,,24,0,0,195.3,1,0,1,1,2,1,1,0,0,0,0,I-5,,-122.17485,47.99746667,0,1,2,6,1,60,20,0,0,1,2,24,2,2,3,3,14,1,2,53,0,37,441,2003,0,,63,24,69,12,,,1,1,36,2,7,,4,7,20,7,11,0,09/14/2020,5:07,69053043867,43867,0,0,0,1,1,0,,,,96,,,,,,9,,,,,,98201,53,62,125,1,1,0,0,0,0,,0,,,,,,4,,,8,1,9,0,0,9,8,,,0,,,1,8,2,401,417,,1,1,,2,1,0,,,,,,,,,,,,,,,,,,,,,,,,,,,,,,0,0,0,0,0,0,1,1,0,0,0,0,1,1,0,0,0,0,0,1,0,0,0,0,0,0,0,0,0,1,1,0,0,1,0,,1,0,0,0,0,0,1,1,0,1,0,1,0,0,1,0,,,,,,36-40,36-45,Interstate,U,Monday,Not Used,PV,White,0,1,0,0,State Route,State Patrol,Washington State Patrol,1,1,0,0,0,,,,,,0,0,0,,,,,,,,,,,98,98,98,1,,,,,20,7,,,,,,,,1,0,,,,,,
2021,101,EB21889,122,03/26/2021,23:02,26,3,,61,Snohomish,690,10,,2,1,2,1,0,1,1,,,,24,0,0,0,1,0,1,7,2,4,6,0,0,0,0,LOWELL SNOHOMISH RIVER RD,,-122.1778806,47.94620556,0,1,1,13,2,30,80,0,0,1,2,24,3,1,2,1,14,1,2,53,0,72,706,2017,0,,63,24,,,,,1,1,38,1,7,,4,7,20,7,11,0,03/26/2021,23:02,69053014765,14765,0,0,0,3,1,0,,,,96,,,,,,98,,,,,,98201,53,68,265,6,1,0,0,0,3,,0,,,,,,4,02/15/2017,02/15/2020,20,8,0,0,0,9,8,,,0,,,8,8,2,402,401,,1,1,,2,1,0.179,,,,,,,,,,,,,,,,,,,,,,,,,,,,,,0,0,1,0,1,1,1,1,0,0,0,0,1,0,0,0,0,0,0,0,0,0,0,0,0,0,0,0,1,0,0,0,0,0,1,0,0,0,0,0,0,1,1,1,0,1,0,0,0,0,0,1,,,,,,36-40,36-45,City street,U,Friday,,MC,White,0,1,0,0,City Street,Municipal/City Police,Everett Police Department,1,0,0,1,0,,,,,,0,0,3,,,,,,,,,,,0,0,0,1,,,,,5,,,,,,,,,1,0,,,,,,
2021,221,EB47880,6,07/09/2021,15:22,9,7,,7,Chelan,0,1,,1,1,2,1,0,6,4,,,,24,0,0,88.2,1,0,1,3,1,1,2,0,0,0,0,US-2,,-120.7423639,47.70908333,0,2,98,62,4,60,2,0,0,1,2,12,1,2,3,1,1,1,2,53,0,37,31,2017,0,,12,12,,,,,1,1,63,2,0,,3,0,3,0,11,5,,,,,0,0,0,3,1,0,,,,96,,,,,,98,,,,,,98201,53,64,110,6,1,0,0,0,0,,0,,,,,,0,,,1,0,0,0,8,9,8,,,0,,,8,8,0,0,,,0,,,0,0,996,,,,,,,,,,,,,,,,,,,,,,,,,,,,,,0,0,1,0,0,0,0,0,0,0,0,0,0,0,0,0,1,0,0,1,0,1,1,0,1,0,0,0,0,1,0,0,0,0,0,,0,0,0,0,0,0,0,0,0,0,0,0,0,0,0,0,,,,,,61-65,56-65,US highway,R,Friday,Belt Used,PV,Not Fatal,0,1,0,0,State Route,State Patrol,Washington State Patrol,1,1,0,0,0,,,,,,0,0,0,,,,,,,,,,,98,98,98,0,,,,,20,,,,,,,,,1,0,,,,,,
2021,392,EB74709,122,09/21/2021,7:22,21,9,,61,Snohomish,690,1,,1,1,2,1,0,2,4,,,,12,0,6,0,8,0,1,3,2,4,6,0,0,0,0,RUCKER AVE,,-122.2107556,47.96226944,0,2,68,15,2,35,34,0,0,1,2,12,1,1,7,5,11,1,3,53,0,35,472,2018,0,,12,1,63,,,,1,1,43,1,7,,4,7,20,7,11,0,09/21/2021,7:22,69053049003,49003,0,0,0,3,1,0,,,,96,,,,,,98,,,,,,98201,53,72,270,6,1,0,0,1,1,,0,,,,,,0,04/15/2017,04/15/2019,8,0,0,0,0,9,8,,,0,,,8,8,2,189,188,996,1,1,1,2,1,0,,,,,,,,,,,,,,,,,,,,,,,,,,,,,,0,0,0,0,0,0,1,1,0,0,0,0,1,0,0,0,0,0,0,1,0,0,0,0,0,0,0,0,0,1,0,0,0,1,0,,1,0,0,0,0,0,1,1,0,0,0,0,0,0,1,0,,,,,,41-45,36-45,City street,U,Tuesday,Not Used,PV,White,0,0,0,0,City Street,Municipal/City Police,Everett Police Department,0,0,0,1,0,,,,,,0,0,0,,,,,,,,,,,98,98,98,1,,,,,20,,,,,,,,,1,0,,,,,,
2021,502,EB94640,122,11/26/2021,15:55,26,11,,61,Snohomish,690,10,,5,1,2,2,0,3,2,,,,12,0,6,0,1,0,1,3,2,4,6,0,0,0,0,W MUKILTEO BLVD,,-122.2302556,47.95667778,0,1,68,15,2,35,4,0,0,1,2,12,3,2,2,1,11,2,1,53,0,37,31,2005,0,,68,12,,,,,1,1,85,1,7,,4,7,3,0,11,0,11/26/2021,15:55,69053061254,61254,0,0,3,3,1,28,,,,92,,,,,,98,,,,,,98201,53,66,180,6,1,0,0,1,0,,0,,,,,,0,08/15/2018,08/15/2018,20,0,0,0,0,9,8,,,0,,,8,8,2,996,996,,1,1,,2,1,0,,,,,,,,,,,,,,,,,,,,,,,,,,,,,,0,0,0,0,0,0,1,1,0,0,0,0,0,0,0,0,1,0,0,0,0,0,0,0,0,1,1,1,0,1,0,0,0,0,0,,1,0,0,0,0,0,1,1,1,0,0,0,0,0,1,0,,,,,,81+,76+,City street,U,Friday,Belt Used,PV,White,0,0,0,0,City Street,Municipal/City Police,Everett Police Department,0,0,0,1,0,,,,,,0,0,0,,,,,,,,,,,98,98,98,1,,,,,20,,,,,,,,,1,0,,,,,,
2021,502,EB94640,122,11/26/2021,15:55,26,11,,61,Snohomish,690,10,,5,1,2,2,0,3,2,,,,12,0,6,0,1,0,1,3,2,4,6,0,0,0,0,W MUKILTEO BLVD,,-122.2302556,47.95667778,0,2,69,62,4,35,15,0,0,1,2,12,2,2,2,1,14,1,1,53,0,20,421,2004,0,,12,,,,,,1,1,58,2,0,,3,0,3,0,11,0,,,,,0,0,3,3,1,0,,,,96,,,,,,0,,,,,,98201,53,68,340,6,1,0,0,0,0,,0,,,,,,0,,,1,0,0,0,8,9,8,,,0,,,8,8,8,95,,,96,,,8,95,995,,,,,,,,,,,,,,,,,,,,,,,,,,,,,,0,0,0,0,0,0,1,1,0,0,0,0,0,0,0,0,1,0,0,0,0,0,0,0,0,1,1,1,0,1,0,0,0,0,0,,0,0,0,0,0,0,0,0,0,0,0,0,0,0,0,0,,,,,,56-60,56-65,City street,U,Friday,Belt Used,PV,Not Fatal,0,0,0,0,City Street,Municipal/City Police,Everett Police Department,0,0,0,1,0,,,,,,0,0,0,,,,,,,,,,,98,98,98,0,,,,,20,,,,,,,,,1,0,,,,,,
2021,542,EC03812,2,12/18/2021,13:00,18,12,,29,Island,0,2,,1,2,2,2,0,3,2,,,,12,0,2,10.9,1,0,1,3,1,1,3,0,0,0,0,SR-525,,-122.39055,47.98524167,0,2,51,62,4,55,4,0,0,1,2,12,3,2,2,1,14,2,1,53,0,42,48,2010,0,,12,,,,,,1,1,78,1,7,,4,7,3,0,11,0,12/18/2021,13:00,53066537,66537,0,0,0,3,1,0,,,,96,,,,,,98,,,,,,98201,53,72,175,6,1,0,0,0,0,,0,,,,,,0,,,1,0,0,0,0,9,8,,,0,,,8,8,2,1,,,1,,,2,1,0,,,,,,,,,,,,,,,,,,,,,,,,,,,,,,0,0,0,0,0,0,0,0,0,0,0,0,0,0,0,0,0,0,0,0,0,0,0,0,0,1,1,1,0,1,0,0,0,0,0,,1,0,0,0,0,0,0,0,0,0,0,0,0,0,0,0,,,,,,76-80,76+,State route,R,Saturday,Belt Used,PV,White,0,1,1,0,State Route,State Patrol,Washington State Patrol,0,1,0,0,0,,,,,,0,0,0,,,,,,,,,,,98,98,98,1,,,,,20,,,,,,,,,1,0,,,,,,
2017,437,E728532,122,10/28/2017,21:33,28,10,0,61,Snohomish,690,1,0,2,1,2,1,1,1,1,,,,8,0,0,0,3,0,2,3,2,4,6,0,0,3,3,W MUKILTEO BLVD,DOGWOOD DR,-122.2313111,47.95666944,0,1,13,80,5,35,15,0,0,1,5,8,1,2,4,1,1,1,1,53,0,13,421,2004,0,0,8,,,,,,1,1,47,1,0,0,0,0,3,0,11,0,,,,,0,0,3,3,1,0,0,0,0,0,,,,,,0,,,,,,98203,53,72,154,6,1,0,0,1,1,0,0,,,,,,0,02/15/2016,10/15/2016,20,0,0,0,8,9,8,,,0,0,0,8,0,8,95,0,0,6,0,0,8,95,995,,,,,,,,,,,,,,,,,,,,,,,,,,,,,,0,0,0,1,0,0,0,0,0,0,0,0,0,0,0,0,0,0,0,0,0,0,0,0,0,0,0,0,0,1,0,1,0,0,0,,0,0,0,0,0,0,0,0,0,0,0,0,0,0,0,0,,,,,,46-50,46-55,City street,U,Saturday,Belt Used,PV,Not Fatal,1,0,0,0,City Street,Municipal/City Police,Everett Police Department,0,0,0,1,0,,,,,,,,,,,,,,,,,,,,,,,,,,,,,,,,,,,,,,,,,,,
2017,476,E737847,2,11/12/2017,23:40,12,11,0,61,Snohomish,690,1,0,2,2,1,1,1,5,5,23:38,0:05,,12,0,1,194.6,1,0,1,1,2,1,1,0,0,0,0,I-5,,-122.1831556,47.98883333,0,2,25,53,3,60,4,0,0,1,2,12,1,2,3,3,1,1,1,53,0,58,37,2007,0,0,12,,,,,,1,1,57,2,7,1,4,7,20,0,11,0,11/12/2017,23:40,69053049497,49497,0,0,0,3,1,0,0,0,0,96,,,,,,9,,,,,,98203,53,66,120,6,1,0,0,0,0,0,0,,,,,,0,,,1,1,9,0,0,1,8,,,0,0,0,8,1,2,605,0,0,1,0,0,2,1,0.14,,,,,,,,,,,,,,,,,,,,,,,,,,,,,,0,0,0,0,1,1,1,1,1,0,0,0,0,0,0,0,1,0,0,1,0,0,0,0,0,1,0,0,0,1,1,1,0,1,0,,1,0,0,0,0,1,1,1,0,0,0,0,0,0,0,1,,,,,,56-60,56-65,Interstate,U,Sunday,Not Used,PV,White,0,0,0,0,State Route,State Patrol,Washington State Patrol Headquarter,0,1,0,0,0,thc,33,carboxy-thc,96,,,,,,,,,,,,,,,,,,,,,,,,,,,,,,,,,,,,,,,
2017,549,E746043,122,12/11/2017,14:48,11,12,0,61,Snohomish,690,1,0,1,1,2,1,0,2,2,,,,12,0,6,0,2,0,2,3,2,4,6,0,0,3,3,RUCKER,CALIFORNIA,-122.2114306,47.98066111,0,2,87,66,4,30,20,0,0,1,5,12,1,1,2,1,1,1,1,53,0,7,442,1996,0,0,12,,,,,,1,1,58,1,0,0,0,0,3,0,11,0,,,,,0,0,3,3,1,0,0,0,0,96,,,,,,0,,,,,,98203,53,75,190,6,1,0,0,0,0,0,0,,,,,,0,,,20,0,0,0,8,9,8,,,0,0,0,8,0,0,0,0,0,0,0,0,0,0,996,,,,,,,,,,,,,,,,,,,,,,,,,,,,,,0,0,0,1,0,0,0,0,0,0,0,0,0,0,0,0,0,0,0,0,0,0,0,0,0,1,1,1,0,1,0,0,0,0,0,,0,0,0,0,0,0,0,0,0,0,0,0,0,0,0,0,,,,,,56-60,56-65,City street,U,Monday,Belt Used,PV,Not Fatal,1,0,0,0,City Street,Municipal/City Police,Everett Police Department,0,0,0,1,0,,,,,,,,,,,,,,,,,,,,,,,,,,,,,,,,,,,,,,,,,,,
2018,229,E819370,2,07/03/2018,20:13,3,7,5,61,Snohomish,0,1,0,1,1,2,1,0,2,2,20:10,20:20,,12,0,2,29,1,0,1,4,1,1,3,0,0,0,0,SR-530,,-121.6542139,48.27298056,0,2,51,62,4,55,66,1,0,2,7,12,1,1,2,1,1,1,3,53,0,87,881,2011,0,0,12,,,,,,1,1,50,1,0,0,1,0,3,0,11,0,,,,,6,1,0,3,1,0,0,0,0,96,,,,,,0,,,,,,98203,53,72,240,6,1,0,1,1,0,,0,,,,,,0,02/15/2014,09/15/2014,99,0,0,0,8,9,8,,,0,0,0,8,0,2,1,,,1,,,2,1,0,,,,,,,,,,,,,,,,,,,,,,,,,,,,,,0,0,0,0,0,0,1,1,0,0,0,0,0,0,0,0,0,0,0,0,0,0,0,0,0,1,0,0,0,1,1,0,0,0,0,,0,0,0,0,0,0,0,0,0,0,0,0,0,0,0,0,,,,,,46-50,46-55,State route,R,Tuesday,,MHTRUCK,Not Fatal,0,1,1,0,State Route,State Patrol,Washington State Patrol,0,1,0,0,0,,,,,,0,0,0,,,,,,,,,,,,,,,,,,,,,,,,,,,,,,,,,,,
2018,413,E856061,2,10/17/2018,6:00,17,10,0,61,Snohomish,0,2,0,2,2,2,1,0,4,4,,,,12,0,8,6.8,1,0,1,3,1,1,2,0,0,0,0,US-2,,-122.0702694,47.93606944,0,2,65,62,4,60,14,0,0,1,2,12,1,1,2,1,1,1,1,53,0,12,401,2002,0,0,12,,,,,,1,1,61,1,0,0,0,0,20,0,11,0,,,,,0,0,0,3,1,0,0,0,0,96,,,,,,0,,,,,,98203,53,69,260,6,1,0,0,0,0,,0,,,,,,0,,,20,0,0,0,8,9,8,,,0,0,0,8,0,8,95,,,96,,,8,95,995,,,,,,,,,,,,,,,,,,,,,,,,,,,,,,0,0,0,0,0,0,0,0,0,0,0,0,0,0,0,0,1,0,0,0,0,0,0,0,0,0,0,0,0,1,0,0,0,0,0,,0,0,0,0,0,0,0,0,0,0,0,0,0,0,0,0,,,,,,61-65,56-65,US highway,R,Wednesday,Not Used,PV,Not Fatal,0,1,1,0,State Route,State Patrol,Washington State Patrol,0,1,0,0,0,,,,,,0,0,0,,,,,,,,,,,,,,,,,,,,,,,,,,,,,,,,,,,
2018,435,E866544,7,11/24/2018,20:45,24,11,8,33,King,1958,1,0,2,1,2,2,0,7,4,,,,12,0,7,151.5,1,0,1,1,2,1,1,0,0,0,0,I-5,,-122.2843083,47.42241389,0,3,98,98,7,60,34,0,0,1,5,12,1,2,5,3,1,2,2,53,0,35,472,2014,0,0,12,,,,,,1,1,27,2,0,0,0,0,3,0,11,0,,,,,0,0,0,3,1,0,0,0,0,96,,,,,,0,,,,,,98203,53,66,130,6,1,0,0,0,0,,0,,,,,,0,,,20,0,0,0,8,9,8,,,0,0,0,8,0,8,95,,,96,,,8,95,995,,,,,,,,,,,,,,,,,,,,,,,,,,,,,,0,0,0,0,0,0,1,1,1,0,0,0,1,0,0,0,0,0,0,1,0,0,0,1,1,1,1,1,0,1,0,0,0,0,0,,0,0,0,0,0,0,0,0,0,0,0,0,0,0,0,0,,,,,,26-30,26-35,Interstate,U,Saturday,Belt Used,PV,Not Fatal,0,0,0,0,State Route,State Patrol,Washington State Patrol,0,1,0,0,0,,,,,,0,0,0,,,,,,,,,,,,,,,,,,,,,,,,,,,,,,,,,,,
2019,207,E935340,2,06/22/2019,3:05,22,6,,61,Snohomish,1280,1,0,2,1,2,1,0,2,2,,,,12,0,1,198.1,1,0,1,1,2,1,1,0,0,0,0,I-5,,-122.1785361,48.03732222,0,1,32,59,3,60,67,0,0,1,2,1,4,2,3,3,14,1,1,53,0,12,880,2015,0,0,12,1,,,,,1,1,27,1,0,,3,0,20,7,11,4,,,,,0,0,0,3,1,0,0,0,0,92,,,,,,99,,,,,,98203,53,69,206,6,1,0,1,1,0,,0,,,,,,0,03/15/2015,03/15/2015,8,0,0,0,8,9,8,,,0,0,0,8,1,8,95,,,96,,,8,95,995,,,,,,,,,,,,,,,,,,,,,,,,,,,,,,0,0,0,0,1,0,1,1,0,0,0,0,0,1,0,0,1,0,0,0,0,0,0,1,1,0,0,0,0,1,1,0,0,0,0,,0,0,0,0,0,0,0,0,1,0,0,0,0,0,0,1,,,,,,26-30,26-35,Interstate,U,Saturday,,MHTRUCK,Not Fatal,0,0,0,0,State Route,State Patrol,Washington State Patrol,0,1,0,0,0,,,,,,0,0,0,,,,,,,,,,,98,98,98,0,,,,,20,7,,,,,,,,,,,,,,,
2019,437,E988133,2,11/28/2019,22:56,28,11,,57,Skagit,0,1,0,2,1,2,1,1,7,3,,,,8,0,0,62.3,1,0,1,3,2,1,3,0,0,0,0,SR-20,,-122.2860722,48.49040278,0,2,98,80,5,55,4,0,0,1,5,8,1,1,2,1,1,4,2,53,0,35,47,2013,0,0,8,,,,,,1,1,41,2,0,,0,0,3,0,11,0,,,,,0,0,0,2,1,0,0,0,0,96,,,,,,0,,,,,,98203,53,58,145,1,1,0,0,0,0,,0,,,,,,0,,,20,0,0,0,8,9,8,,,0,0,0,8,0,8,95,,,96,,,8,95,995,,,,,,,,,,,,,,,,,,,,,,,,,,,,,,0,0,0,0,0,0,0,0,0,1,0,1,0,1,0,0,0,0,0,0,0,0,0,1,1,0,0,0,0,1,0,1,0,0,0,,0,0,0,0,0,0,0,0,0,0,0,1,0,0,0,0,,,,,,41-45,36-45,State route,U,Thursday,Belt Used,PV,Not Fatal,0,0,0,0,State Route,State Patrol,Washington State Patrol,0,1,0,0,0,,,,,,0,0,0,,,,,,,,,,,98,98,98,0,,,,,20,7,,,,,,,,,,,,,,,
2019,438,E992424,122,12/10/2019,17:19,10,12,,61,Snohomish,690,2,0,2,2,2,1,1,1,1,,,,8,1,0,0,1,0,1,7,2,4,6,0,0,0,0,7TH AVE SE,,-122.2233806,47.91106389,0,1,13,80,5,25,4,0,0,1,5,8,1,1,3,5,1,1,1,53,0,55,33,2011,0,0,8,,,,,,1,1,63,2,0,,0,0,3,0,11,0,,,,,0,0,3,3,1,0,0,0,0,96,,,,,,0,,,,,,98203,53,63,175,6,1,0,0,0,0,,0,,,,,,0,,,20,0,0,0,8,9,8,,,0,0,0,8,0,8,95,,,96,,,8,95,995,,,,,,,,,,,,,,,,,,,,,,,,,,,,,,0,0,0,0,0,0,0,0,0,0,0,0,0,0,0,0,0,0,0,0,0,0,0,0,0,0,0,0,0,1,0,1,0,0,0,,0,0,0,0,0,0,0,0,0,0,0,0,0,0,0,0,,,,,,61-65,56-65,City street,U,Tuesday,Belt Used,PV,Not Fatal,0,0,0,0,City Street,Municipal/City Police,Everett Police Department,0,0,0,1,0,,,,,,0,0,0,,,,,,,,,,,98,98,98,0,,,,,20,7,,,,,,,,,,,,,,,
2020,459,EA83966,2,11/19/2020,20:10,19,11,,73,Whatcom,0,1,,2,1,2,1,1,2,1,20:13,20:16,,8,0,0,3.2,3,0,3,5,1,2,4,0,0,0,0,CR-BIRCH BAY LYNDEN RD,PERCIE RD,-122.6769167,48.93554444,0,1,13,80,5,50,20,0,0,1,2,8,1,1,2,1,1,2,2,53,0,37,441,2001,0,,8,,,,,,1,1,61,1,0,,0,0,3,0,11,0,,,,,0,0,0,3,1,0,,,,96,,,,,,0,,,,,,98203,53,69,200,6,1,0,1,0,4,,0,,,,,,0,07/15/2016,05/15/2020,20,0,0,0,8,3,2,,,0,,,8,8,0,0,,,0,,,0,0,996,,,,,,,,,,,,,,,,,,,,,,,,,,,,,,0,0,0,1,0,0,0,0,0,1,0,1,0,0,0,0,0,0,0,0,0,0,0,0,0,0,0,0,0,1,0,1,0,0,0,,0,0,0,0,0,0,0,0,0,0,0,0,0,0,0,0,,,,,,61-65,56-65,County road,R,Thursday,Belt Used,PV,Not Fatal,1,0,0,0,County Road,State Patrol,Washington State Patrol,0,0,1,0,0,,,,,,0,0,0,,,,,,,,,,,98,98,98,0,,,,,20,7,,,,,,,,1,0,,,BIRCH BAY LYNDEN RD,3.24,PERCIE RD,0
2021,221,EB47880,6,07/09/2021,15:22,9,7,,7,Chelan,0,1,,1,1,2,1,0,6,4,,,,24,0,0,88.2,1,0,1,3,1,1,2,0,0,0,0,US-2,,-120.7423639,47.70908333,0,1,1,13,2,60,15,0,0,1,2,12,1,2,3,1,1,1,1,53,0,35,421,2004,0,,63,24,69,68,12,64,1,1,50,1,7,,4,0,20,7,11,5,07/09/2021,17:51,1.16053E+11,34771,0,0,0,3,1,0,,,,92,,,,,,98,,,,,,98203,53,71,315,6,1,0,1,1,0,,0,,,,,,0,03/15/2018,03/15/2018,8,0,0,0,0,9,8,,,0,,,8,8,2,1,,,1,,,2,1,0,,,,,,,,,,,,,,,,,,,,,,,,,,,,,,0,0,1,0,0,0,0,0,0,0,0,0,0,0,0,0,1,0,0,1,0,1,1,0,1,0,0,0,0,1,0,0,0,1,0,,1,0,0,0,0,0,0,0,1,0,0,0,0,0,0,0,,,,,,46-50,46-55,US highway,R,Friday,Not Used,PV,White,0,1,0,0,State Route,State Patrol,Washington State Patrol,1,1,0,0,0,,,,,,0,0,0,,,,,,,,,,,98,98,98,1,,,,,20,,,,,,,,,1,0,,,,,,
2021,504,EB94814,122,11/18/2021,18:51,18,11,,61,Snohomish,690,2,,3,2,2,1,1,2,2,,,,8,0,0,,1,0,1,3,2,4,6,0,0,0,0,EVERGREEN WAY,,-122.2398,47.90936944,0,1,13,80,5,35,4,0,0,1,5,8,1,1,7,5,15,1,2,53,0,37,31,2003,0,,8,,,,,,1,1,50,1,0,,0,0,3,0,11,0,,,,,0,0,3,3,1,0,,,,96,,,,,,0,,,,,,98203,53,69,240,6,1,0,0,0,0,,0,,,,,,0,,,20,0,0,0,8,9,8,,,0,,,8,8,0,0,,,0,,,0,0,996,,,,,,,,,,,,,,,,,,,,,,,,,,,,,,0,0,0,0,0,0,0,0,0,1,0,1,0,0,0,0,0,0,0,0,0,0,0,0,0,0,0,0,0,1,0,1,0,0,0,,0,0,0,0,0,0,0,0,0,0,0,0,0,0,0,0,,,,,,46-50,46-55,City street,U,Thursday,Belt Used,PV,Not Fatal,0,0,0,0,City Street,Municipal/City Police,Everett Police Department,0,0,0,1,0,,,,,,0,0,0,,,,,,,,,,,98,98,98,0,,,,,20,,,,,,,,,1,0,,,,,,