year,case,par,repjur,crash_dt,crash_tm,accday,accmon,holiday,county,co_char,city,weather,weather2,lightcond,surfcond,surftype,numfatal,nmforms,pforms,vforms,not_tm,arr_tm,hosp_tm,fhevent,hitrun,manncol,milepnt,reljunc,reljuncinter,intersectiontype,funcsystem,landuse,ownership,route,schlbus,spejur,contdev,devfunc,trafid1,trafid2,x,y,wk_zone,vnumber,crashtype,criticalevent,criticaleventcat,spdlim,body,trailer,emerg,hazcargo,leave,mhevent,roadalgn,roadprof,traflane,trafflow,vehmanvr,numoccs,regowner,regstate,spuse,make,model,modelyr,vrf1,vrf2,seqevent1,seqevent2,seqevent3,seqevent4,seqevent5,seqevent6,pnumber,ptype,age,sex,hispanic,race,injury,diedscene,restraint,restraintmisuse,seatpos,takehosp,death_dt,death_tm,cert,cernum_wa,commlic,licendor,licrestrict,liccomp,drivpres,drf1,drf2,drf3,drf4,distract1,distract2,distract3,distract4,distract5,distract6,dricond1,dricond2,dricond3,dricond4,dricond5,dricond6,dzip,licstate,drhgt_in,weight,noncdl,noncdltype,prevdwi,prevoth,prevacc,prevspd,prevsus,driviol1,driviol2,driviol3,driviol4,driviol5,driviol6,spdrel,first_dt,last_dt,airbag,ejection,ejectpath,extricat,injurwrk,methalc,methdrug,nmlocat,strikveh,prf1,prf2,prf3,druginv,alcinvol,drugsts,drugres1,drugres2,drugres3,drugtst1,drugtst2,drugtst3,alcsts,alctst,alcres,nmact1,nmact2,nmact3,nmact4,nmact5,nmact6,nmprior1,nmprior2,nmprior3,nmprior4,nmprior5,nmprior6,nmcond1,nmcond2,nmcond3,nmcond4,nmcond5,nmcond6,nmsafe_helmet,nmsafe_pads,nmsafe_oth,nmprev_ref,nmprev_lgt,nmprev_oth,crashlocation,nmcrashtype,crosswalk,schoolzone,sidewalk,train_inv,wildlife_inv,rotr_fars,intersect_fars,dd_inv,aid_inv,dpd_inv,id_inv,mj_inv,impnm_inv,ainm_inv,dpnm_inv,speed_inv,unlic_inv,unendmc_inv,drowsy_inv,drdist_inv,nmdist_inv,fty_inv,unrestfat_inv,dr1617_inv,dr1820_inv,dr1620_inv,dr2125_inv,dr1625_inv,dr65_inv,dr70_inv,dr75_inv,mc_inv,pv_inv,ht_inv,ped_inv,bike_inv,unrest_fat,mc_fat,unhelmet_mc,pv_fat,ht_fat,ped_fat,bike_fat,dr_alc7,dr_alc8,dr_drug,dr_imp,dr_dist,dr_spd,dr_fty,dr_unlic,dr_alc7only,dr_alc8only,dr_drugonly,dr_drink,nm_imp,nm_alc7,nm_alc8,nm_drug,nm_dist,agegrp1,agegrp2,roadclass,urbrur,dayweek,restuse,vehtype,race_me,intersect,lanedep,oppdir,wrongway,rep_typ,investag,repag_long,rotr,st_rd,cty_rd,city_rd,oth_rd,drug_thc,thc_res,drug_cthc,cthc_res,drug_cann,prevpersemin,prevperse,prevsusoth,drugtst4,drugtst5,drugtst6,drugtst7,drugtst8,drugres4,drugres5,drugres6,drugres7,drugres8,adspresent,adsengaged,adslevel,race1,race2,race3,race4,race5,helmet,helmetmisuse,nmdistract1,nmdistract2,nmdistract3,nmdistract4,nmdistract5,nmdistract6,lab,isedtcase,crf1,crf2,crf3,CoRoadName,CoMP,IntCoRoadName,IntCoMP
2021,506,EB95293,269,11/16/2021,18:04,16,11,,33,King,2005,1,,3,2,2,1,0,6,3,,,,12,1,6,,2,0,2,5,2,4,6,0,0,3,3,LINDEN AVE N,N 185th St,-122.348525,47.76321389,0,1,88,17,2,25,14,0,0,1,2,12,1,1,3,5,1,1,2,53,0,55,404,2018,0,,12,,,,,,1,1,27,1,0,,0,0,99,7,11,0,,,,,0,0,0,3,1,38,,,,96,,,,,,9,,,,,,98203,53,68,135,6,1,0,1,1,0,,97,,,,,,3,10/15/2021,10/15/2021,8,0,0,0,8,9,2,,,0,,,1,8,2,401,151,417,1,1,1,2,1,0,,,,,,,,,,,,,,,,,,,,,,,,,,,,,,0,0,0,1,0,0,1,1,1,0,0,0,1,0,0,0,0,0,1,0,0,0,0,0,0,0,0,0,0,1,0,0,0,0,0,,0,0,0,0,0,0,1,1,0,1,1,0,0,0,1,0,,,,,,26-30,26-35,City street,U,Tuesday,Unknown,PV,Not Fatal,1,0,0,0,City Street,Municipal/City Police,Shoreline Police Department,0,0,0,1,0,,,carboxy-thc,12,,0,0,0,1,1,,,,996,695,,,,98,98,98,0,,,,,20,,,,,,,,,1,0,,,,,,
2017,1,E628946,2,01/01/2017,2:12,1,1,1,61,Snohomish,0,3,0,2,4,2,1,0,2,1,,,,1,0,0,199.2,1,0,1,1,2,1,1,0,0,0,0,I-5,,-122.1756167,48.02354722,0,1,2,6,1,60,34,0,0,1,2,3,1,1,3,3,1,2,2,53,0,7,482,2001,0,0,63,1,3,,,,1,1,26,1,1,1,4,7,3,0,11,0,01/01/2017,2:41,1.28053E+11,35,0,0,0,0,1,87,0,0,0,96,,,,,,9,,,,,,98204,53,71,260,0,0,0,0,0,0,0,0,,,,,,4,,,20,0,0,0,0,1,8,,,0,0,0,8,1,2,417,0,0,1,0,0,2,1,0.056,,,,,,,,,,,,,,,,,,,,,,,,,,,,,,0,0,0,0,1,0,1,1,0,0,0,0,1,1,0,0,0,0,0,0,0,0,0,0,0,0,0,0,0,0,0,0,0,0,0,,0,0,0,0,1,0,1,1,0,1,0,1,0,0,0,1,,,,,,26-30,26-35,Interstate,U,Sunday,Belt Used,PV,Hispanic,0,1,0,0,State Route,State Patrol,Washington State Patrol,1,1,0,0,0,,,,,,,,,,,,,,,,,,,,,,,,,,,,,,,,,,,,,,,,,,,
2017,549,E746043,122,12/11/2017,14:48,11,12,0,61,Snohomish,690,1,0,1,1,2,1,0,2,2,,,,12,0,6,0,2,0,2,3,2,4,6,0,0,3,3,RUCKER,CALIFORNIA,-122.2114306,47.98066111,0,1,86,17,2,30,14,0,0,1,2,12,1,1,5,5,1,1,1,53,0,18,404,2015,0,0,12,63,41,,,,1,1,78,2,7,1,4,0,3,0,11,4,12/31/2017,9:10,69053057330,57330,0,0,3,3,1,39,0,0,0,96,,,,,,0,,,,,,98204,53,65,145,6,1,0,0,0,0,0,35,,,,,,0,,,8,0,0,0,0,9,8,,,0,0,0,8,0,0,0,0,0,0,0,0,0,0,996,,,,,,,,,,,,,,,,,,,,,,,,,,,,,,0,0,0,1,0,0,0,0,0,0,0,0,0,0,0,0,0,0,0,0,0,0,0,0,0,1,1,1,0,1,0,0,0,0,0,,1,0,0,0,0,0,0,0,0,0,0,0,0,0,0,0,,,,,,76-80,76+,City street,U,Monday,Belt Used,PV,White,1,0,0,0,City Street,Municipal/City Police,Everett Police Department,0,0,0,1,0,,,,,,,,,,,,,,,,,,,,,,,,,,,,,,,,,,,,,,,,,,,
2018,423,E852066,122,10/14/2018,18:53,14,10,0,61,Snohomish,690,1,0,3,1,2,1,0,3,2,,,,12,0,7,46.4,1,0,1,3,2,1,3,0,0,0,0,SR-99,,-122.2520194,47.89628611,0,1,45,61,4,50,80,0,0,1,7,12,1,1,6,1,3,1,2,53,0,53,706,2004,0,0,12,63,40,42,,,1,1,19,1,7,1,4,7,5,0,11,0,10/14/2018,18:53,69053045056,45056,0,0,0,3,1,0,0,0,0,96,,,,,,99,,,,,,98204,53,76,170,6,1,0,2,2,1,,0,,,,,,4,03/15/2016,07/15/2016,20,8,0,0,0,9,8,,,0,0,0,8,9,2,1,,,1,,,2,1,0,,,,,,,,,,,,,,,,,,,,,,,,,,,,,,0,0,0,0,0,0,0,0,0,0,0,0,1,0,0,0,0,0,0,0,0,1,1,0,1,0,0,0,1,1,0,0,0,0,1,0,0,0,0,0,0,0,0,0,0,1,0,0,0,0,0,0,,,,,,18-20,16-25,State route,U,Sunday,,MC,White,0,0,0,0,State Route,Municipal/City Police,Everett Police Department,0,1,0,0,0,,,,,,0,0,1,,,,,,,,,,,,,,,,,,,,,,,,,,,,,,,,,,,
2019,145,E921240,184,05/16/2019,18:07,16,5,,61,Snohomish,1215,2,0,1,2,2,1,2,1,1,,,,33,0,0,0,3,0,2,7,2,4,6,0,0,0,0,188TH ST SW,47TH AVE W,-122.2971944,47.82828611,0,1,6,12,2,30,14,0,0,1,7,8,1,2,2,2,1,1,1,53,0,37,402,2001,0,0,65,64,33,8,18,33,1,1,23,2,0,,1,0,99,7,11,8,,,,,0,0,0,3,1,0,0,0,0,96,,,,,,99,,,,,,98204,53,67,180,6,1,0,0,0,1,,97,,,,,,0,09/15/2018,09/15/2018,8,0,0,0,8,9,8,,,0,0,0,8,9,8,95,,,96,,,8,95,995,,,,,,,,,,,,,,,,,,,,,,,,,,,,,,0,0,1,1,0,0,0,0,0,0,0,0,0,0,0,0,0,0,0,0,0,0,0,1,1,0,0,0,0,1,0,1,0,0,0,,0,0,0,0,0,0,0,0,0,0,0,0,0,0,0,0,,,,,,21-25,16-25,City street,U,Thursday,Unknown,PV,Not Fatal,0,1,0,0,City Street,Municipal/City Police,Lynnwood Police Department,1,0,0,1,0,,,,,,0,0,0,,,,,,,,,,,98,98,98,0,,,,,20,7,,,,,,,,,,,,,,,
2019,289,E951750,39,08/14/2019,14:35,14,8,,61,Snohomish,0,1,0,1,1,2,1,0,2,2,,,,1,0,0,0.2,1,0,1,7,2,2,4,0,0,0,0,CR-4TH AVE W,,-122.2392417,47.87877222,0,1,98,8,1,98,80,0,0,1,7,12,2,2,5,5,14,1,1,53,0,72,706,2004,0,0,68,1,12,,,,1,1,63,1,7,,4,7,20,7,11,0,08/14/2019,14:35,53036748,36748,0,0,0,3,1,28,0,0,0,96,,,,,,99,,,,,,98204,53,70,210,6,1,0,0,1,1,,0,,,,,,4,02/15/2015,06/15/2018,20,8,0,0,0,9,8,,,0,0,0,8,9,2,1,,,1,,,2,1,0.037,,,,,,,,,,,,,,,,,,,,,,,,,,,,,,0,0,0,0,1,0,0,0,0,0,0,0,1,0,0,0,0,0,0,0,0,0,0,0,0,0,0,0,1,1,0,0,0,0,1,0,0,0,0,0,1,0,0,0,0,1,0,0,1,0,0,1,,,,,,61-65,56-65,County road,U,Wednesday,,MC,White,0,0,0,0,County Road,County Sheriff,Snohomish County Sheriff's Office,0,0,1,0,0,,,,,,0,0,0,,,,,,,,,,,0,0,0,1,,,,,5,0,,,,,,,,,,,,,,,
2020,43,EA13932,122,02/09/2020,6:13,9,2,,61,Snohomish,690,5,,1,2,2,1,0,2,2,,,,12,1,6,0,2,0,2,3,2,4,6,0,0,3,3,EVERGREEN WAY,Madison St,-122.2190167,47.93620278,0,1,88,17,2,35,15,0,0,1,2,12,1,1,7,5,1,1,2,53,0,20,421,2004,0,,12,,,,,,1,1,29,1,0,,1,0,99,7,11,0,,,,,0,0,0,2,1,91,,,,96,,,,,,9,,,,,,98204,53,69,160,3,1,0,0,0,0,,1,7,,,,,0,,,1,9,0,0,8,9,8,,,0,,,8,1,2,1,,,1,,,2,1,0.099,,,,,,,,,,,,,,,,,,,,,,,,,,,,,,0,0,0,1,1,1,0,1,0,0,0,0,0,1,0,0,0,0,0,0,0,0,0,0,0,0,0,0,0,1,0,0,0,0,0,,0,0,0,0,0,1,0,1,0,0,0,1,0,1,0,1,,,,,,26-30,26-35,City street,U,Sunday,Unknown,PV,Not Fatal,1,0,0,0,City Street,Municipal/City Police,Everett Police Department,0,0,0,1,0,,,,,,0,0,0,,,,,,,,,,,98,98,98,0,,,,,20,7,,,,,,,,1,0,,,,,,
2020,43,EA13932,122,02/09/2020,6:13,9,2,,61,Snohomish,690,5,,1,2,2,1,0,2,2,,,,12,0,6,0,2,0,2,3,2,4,6,0,0,3,3,EVERGREEN WAY,Madison St,-122.2190167,47.93620278,0,2,89,66,4,30,34,0,0,1,2,12,1,1,6,5,1,1,1,53,0,20,471,1989,0,,12,,,,,,1,1,56,1,1,,4,7,3,0,11,0,02/09/2020,6:13,69053006417,6417,0,0,3,3,1,0,,,,96,,,,,,0,,,,,,98204,53,68,207,6,1,0,0,0,0,,0,,,,,,0,,,20,0,0,0,0,9,8,,,0,,,8,8,2,1,,,1,,,2,1,0,,,,,,,,,,,,,,,,,,,,,,,,,,,,,,0,0,0,1,1,1,0,1,0,0,0,0,0,1,0,0,0,0,0,0,0,0,0,0,0,0,0,0,0,1,0,0,0,0,0,,1,0,0,0,0,0,0,0,0,0,0,0,0,0,0,0,,,,,,56-60,56-65,City street,U,Sunday,Belt Used,PV,Hispanic,1,0,0,0,City Street,Municipal/City Police,Everett Police Department,0,0,0,1,0,,,,,,0,0,0,,,,,,,,,,,0,0,0,98,,,,,20,7,,,,,,,,1,0,,,,,,
2020,143,EA34338,7,05/16/2020,3:10,16,5,,33,King,1030,10,,3,2,2,1,0,2,1,,,,35,0,0,148.8,1,0,1,1,2,1,1,0,0,0,0,I-5,,-122.2899778,47.38593333,0,1,1,13,2,60,3,0,0,1,2,35,1,1,5,3,1,2,2,53,0,49,50,2007,0,,63,35,67,31,2,,1,1,21,1,6,,4,7,20,7,11,0,05/16/2020,3:10,1.03053E+11,22890,0,0,0,3,1,0,,,,92,,,,,,9,,,,,,98204,53,72,180,6,1,0,0,0,0,,0,,,,,,4,,,8,1,9,0,0,9,8,,,0,,,1,9,2,189,695,605,1,1,1,2,1,0,,,,,,,,,,,,,,,,,,,,,,,,,,,,,,0,0,1,0,0,0,1,1,1,0,0,0,1,0,0,0,1,0,0,1,0,0,0,1,1,0,0,0,0,1,0,0,0,1,0,,1,0,0,0,0,0,1,1,1,1,0,0,0,0,1,0,,,,,,21-25,16-25,Interstate,U,Saturday,Not Used,PV,Hispanic,0,1,0,0,State Route,State Patrol,Washington State Patrol,1,1,0,0,0,thc,50,carboxy-thc,120,,0,0,0,,,,,,,,,,,98,98,98,68,,,,,20,7,,,,,,,nms,1,0,,,,,,
2020,324,EA60363,189,08/29/2020,2:03,29,8,,61,Snohomish,1280,1,,3,1,2,2,2,1,1,,,,41,0,0,0,3,0,10,7,2,4,6,0,0,0,0,84TH ST NE,55TTH AVE NE,-122.1564167,48.07169167,0,1,6,14,2,25,2,0,0,1,2,8,1,1,2,1,1,1,2,53,0,20,2,1971,0,,64,41,69,9,71,42,1,1,42,1,0,,9,0,99,7,11,5,,,,,0,0,0,0,1,0,,,,96,,,,,,9,,,,,,98204,53,72,185,0,0,0,0,0,0,,97,,,,,,0,,,20,0,0,0,8,9,8,,,0,,,1,1,2,695,605,,1,1,,2,1,0,,,,,,,,,,,,,,,,,,,,,,,,,,,,,,0,0,1,1,1,0,1,1,1,1,0,1,0,1,0,0,0,0,0,0,0,0,0,0,0,0,0,0,0,1,0,0,1,0,0,,0,0,0,0,0,0,1,1,0,0,0,1,0,0,1,1,,,,,,41-45,36-45,City street,U,Saturday,Unknown,PV,Not Fatal,0,0,0,0,City Street,Municipal/City Police,Marysville Police Department,0,0,0,1,0,thc,7.4,carboxy-thc,38,,0,0,0,,,,,,,,,,,0,0,0,0,,,,,20,7,,,,,,,,1,0,,,,,,
2020,508,EA93821,2,12/24/2020,6:39,24,12,,61,Snohomish,690,1,,2,4,2,1,0,4,4,6:45,6:57,,25,0,0,195,1,0,1,1,2,1,1,0,0,0,0,I-5,,-122.1788028,47.99383056,0,1,7,6,1,60,4,0,0,1,2,25,1,2,3,3,1,1,2,53,0,49,32,1998,0,,64,25,12,12,,,1,1,30,1,1,,4,7,20,7,11,0,12/24/2020,6:39,69053061066,61066,0,0,0,0,1,87,,,,96,,,,,,98,,,,,,98204,53,68,200,0,0,0,0,0,0,,0,,,,,,4,,,20,1,9,0,0,9,8,,,0,,,8,8,2,1,,,1,,,2,1,0,,,,,,,,,,,,,,,,,,,,,,,,,,,,,,0,0,0,0,0,0,0,0,0,0,0,0,1,1,0,0,0,0,0,1,0,0,0,0,0,0,0,0,0,1,0,0,0,1,0,,1,0,0,0,0,0,0,0,0,1,0,1,0,0,0,0,,,,,,26-30,26-35,Interstate,U,Thursday,Not Used,PV,Hispanic,0,1,0,0,State Route,State Patrol,Washington State Patrol,1,1,0,0,0,,,,,,0,0,0,,,,,,,,,,,0,0,0,298,,,,,20,7,,,,,,,,1,0,,,,,,
2020,521,EB12223,39,10/30/2020,21:31,30,10,,61,Snohomish,0,1,,3,1,2,1,0,2,1,,,,38,0,0,0.3,1,0,1,5,2,2,4,0,0,0,0,CR-E GIBSON RD,,-122.2495694,47.88349722,0,1,1,8,1,35,20,0,0,1,2,38,1,2,2,1,1,2,1,53,0,7,442,1998,0,,63,38,,,,,1,1,44,1,0,,0,0,3,0,11,0,,,,,0,0,0,2,1,0,,,,3,,,,,,98,,,,,,98204,53,64,150,1,1,0,0,0,0,,97,,,,,,0,07/15/2016,07/15/2016,20,0,0,0,8,9,8,,,0,,,8,8,8,95,,,96,,,2,95,997,,,,,,,,,,,,,,,,,,,,,,,,,,,,,,0,0,1,0,0,0,0,0,0,0,0,0,0,1,0,0,1,0,0,1,0,0,0,0,0,0,0,0,0,1,0,0,0,0,0,,0,0,0,0,0,0,0,0,1,0,0,1,0,0,0,0,,,,,,41-45,36-45,County road,U,Friday,Belt Used,PV,Not Fatal,0,1,0,0,County Road,County Sheriff,Snohomish County Sheriff's Office,1,0,1,0,0,,,,,,0,0,1,,,,,,,,,,,0,0,0,0,,,,,20,7,,,,,,,,1,0,,,E GIBSON RD,0.255,,
2021,82,EB18684,197,04/01/2021,16:35,1,4,,61,Snohomish,1338,1,,1,1,2,1,0,2,2,,,,12,0,6,3.4,1,0,1,3,2,1,3,0,0,0,0,SR-527,,-122.2154833,47.84082778,0,2,66,62,4,40,14,0,0,1,2,12,1,1,5,5,1,1,1,53,0,12,401,2003,0,,12,,,,,,1,1,41,1,0,,3,0,3,0,11,0,,,,,0,0,0,0,1,0,,,,96,,,,,,98,,,,,,98204,53,67,150,0,0,0,1,0,0,,0,,,,,,0,08/15/2019,08/15/2019,8,0,0,0,8,9,8,,,0,,,8,8,8,95,,,96,,,8,95,995,,,,,,,,,,,,,,,,,,,,,,,,,,,,,,0,0,0,0,0,0,1,1,1,0,0,0,0,1,0,0,0,0,0,0,0,0,0,1,1,0,0,0,0,1,0,0,0,0,0,,0,0,0,0,0,0,0,0,0,0,0,1,0,0,0,0,,,,,,41-45,36-45,State route,U,Thursday,Belt Used,PV,Not Fatal,0,1,1,0,State Route,Municipal/City Police,Mill Creek Police Department,0,1,0,0,0,,,,,,0,0,0,,,,,,,,,,,98,98,98,0,,,,,20,,,,,,,,,1,0,,,,,,
2021,165,EB37724,2,06/01/2021,22:26,1,6,,61,Snohomish,0,1,,3,1,2,1,1,2,1,,,,8,0,0,3.6,1,0,1,3,2,1,3,0,0,0,0,SR-525,,-122.2789833,47.881275,0,1,13,80,5,40,4,0,0,1,5,8,1,1,5,1,1,2,1,53,0,34,37,1983,0,,8,,,,,,1,1,21,2,0,,0,0,3,0,11,0,,,,,0,0,0,3,1,0,,,,96,,,,,,98,,,,,,98204,53,67,145,6,1,0,1,1,2,,76,,,,,,0,06/15/2017,02/15/2019,20,0,0,0,8,9,8,,,0,,,8,8,0,0,,,0,,,0,0,996,,,,,,,,,,,,,,,,,,,,,,,,,,,,,,0,0,0,0,0,0,0,0,0,1,1,1,0,0,0,0,0,0,0,0,0,0,0,1,1,0,0,0,0,1,0,1,0,0,0,,0,0,0,0,0,0,0,0,0,0,0,0,0,0,0,0,,,,,,21-25,16-25,State route,U,Tuesday,Belt Used,PV,Not Fatal,0,0,0,0,State Route,State Patrol,Washington State Patrol,0,1,0,0,0,,,,,,0,0,1,,,,,,,,,,,0,0,0,0,,,,,20,,,,,,,,,1,0,,,,,,
2021,197,EB43467,2,06/14/2021,22:19,14,6,,61,Snohomish,0,10,,3,1,2,2,0,3,2,,,,12,0,2,44.3,1,0,1,3,2,1,3,0,0,0,0,SR-99,,-122.2763056,47.87014444,0,2,51,62,4,45,14,0,0,1,2,12,1,2,3,2,1,1,2,53,0,49,402,2017,0,,12,,,,,,1,1,36,1,0,,2,0,3,0,11,0,,,,,0,0,0,3,1,0,,,,96,,,,,,98,,,,,,98204,53,61,130,6,1,0,0,0,1,,0,,,,,,0,11/15/2018,11/15/2018,8,0,0,0,8,9,8,,,0,,,8,8,0,0,,,0,,,0,0,996,,,,,,,,,,,,,,,,,,,,,,,,,,,,,,0,0,0,0,0,0,1,1,0,0,0,0,1,1,0,0,0,0,0,0,0,0,0,0,0,0,0,0,0,1,0,0,0,0,0,,0,0,0,0,0,0,0,0,0,0,0,0,0,0,0,0,,,,,,36-40,36-45,State route,U,Monday,Belt Used,PV,Not Fatal,0,1,1,0,State Route,State Patrol,Washington State Patrol,0,1,0,0,0,,,,,,0,0,0,,,,,,,,,,,98,98,98,0,,,,,20,,,,,,,,,1,0,,,,,,
2021,366,EB64509,122,09/03/2021,15:26,3,9,,61,Snohomish,690,1,,1,1,2,1,1,1,1,,,,8,0,0,0,1,0,1,3,2,4,6,0,0,0,0,EVERGREEN WAY,,-122.22895,47.92098611,0,1,13,80,5,35,14,0,0,1,2,8,1,1,7,5,1,1,1,53,0,2,405,2007,0,,8,,,,,,1,1,67,1,0,,0,0,3,0,11,0,,,,,0,0,0,3,1,0,,,,96,,,,,,98,,,,,,98204,53,68,220,6,1,0,0,0,0,,0,,,,,,0,,,20,0,0,0,8,9,8,,,0,,,8,8,8,95,,,96,,,8,95,995,,,,,,,,,,,,,,,,,,,,,,,,,,,,,,0,0,0,0,0,0,0,0,0,0,0,0,0,0,0,0,0,0,0,0,0,0,0,0,0,1,0,0,0,1,0,1,0,0,0,,0,0,0,0,0,0,0,0,0,0,0,0,0,0,0,0,,,,,,66-70,66-75,City street,U,Friday,Belt Used,PV,Not Fatal,0,0,0,0,City Street,Municipal/City Police,Everett Police Department,0,0,0,1,0,,,,,,0,0,0,,,,,,,,,,,98,98,98,0,,,,,20,,,,,,,,,1,0,,,,,,
2017,230,E687419,184,07/03/2017,2:11,3,7,5,61,Snohomish,1215,1,0,3,1,2,1,0,1,1,,,,39,0,0,41.6,1,0,1,3,2,1,3,0,0,0,0,SR-99,,-122.3039417,47.83411111,0,1,6,12,2,45,4,0,0,1,2,39,1,1,7,5,1,1,1,53,0,41,35,2001,0,0,68,64,39,,,,1,1,52,1,6,98,4,7,3,0,11,0,07/03/2017,2:11,1.21553E+11,29834,0,0,0,0,1,0,0,0,0,96,,,,,,99,,,,,,98205,53,65,200,0,0,0,0,0,0,0,0,,,,,,0,,,8,0,0,0,0,9,8,,,0,0,0,8,9,2,1,0,0,1,0,0,2,1,0.2,,,,,,,,,,,,,,,,,,,,,,,,,,,,,,0,0,1,0,1,1,0,1,0,0,0,0,0,1,0,0,0,0,0,0,0,0,0,0,0,0,0,0,0,1,0,0,0,0,0,,1,0,0,0,0,1,0,1,0,0,0,1,0,1,0,1,,,,,,51-55,46-55,State route,U,Monday,Belt Used,PV,Hispanic,0,0,0,0,State Route,Municipal/City Police,Lynnwood Police Department,0,1,0,0,0,,,,,,,,,,,,,,,,,,,,,,,,,,,,,,,,,,,,,,,,,,,
2019,510,E937972,278,07/08/2019,19:23,8,7,,63,Spokane,2110,1,0,1,1,2,1,0,2,2,,,,12,0,1,0,2,0,3,3,2,4,6,0,0,0,0,MARKET,BISMARK,-117.3648417,47.71213611,0,1,24,51,3,30,80,0,0,1,5,12,1,1,4,1,1,1,1,53,0,37,705,2005,0,0,12,,,,,,1,1,21,1,7,,4,0,20,7,11,8,07/09/2019,2:58,2.11053E+11,30703,0,0,3,3,1,0,0,0,0,96,,,,,,99,,,,,,98207,53,68,170,6,1,0,1,3,0,,0,,,,,,3,04/15/2016,07/15/2019,20,8,0,0,0,9,8,,,0,0,0,8,9,2,695,605,,1,1,,2,1,0,,,,,,,,,,,,,,,,,,,,,,,,,,,,,,0,0,0,1,1,0,1,1,1,0,0,0,1,0,0,0,0,0,0,0,0,0,0,1,1,0,0,0,1,1,0,0,0,0,1,0,0,0,0,0,0,0,1,1,0,1,0,0,0,0,1,0,,,,,,21-25,16-25,City street,U,Monday,,MC,White,0,0,0,0,City Street,Municipal/City Police,Spokane Police Department,0,0,0,1,0,thc,2,carboxy-thc,34,,0,0,0,,,,,,,,,,,0,0,0,1,,,,,19,0,,,,,,,,,,,,,,,
2021,604,EB17396,40,03/16/2021,22:08,16,3,,63,Spokane,0,1,,2,1,2,1,0,1,1,,,,1,0,0,8.6,1,0,1,5,1,2,4,0,0,0,0,CR-N MONROE RD,,-117.4983222,47.917725,0,1,1,13,2,45,2,0,0,1,2,1,1,1,2,1,1,1,9,99,0,37,31,1999,0,,63,1,,,,,1,1,45,1,7,,4,0,99,7,11,0,03/18/2021,20:40,2.11053E+11,14071,0,0,0,0,1,0,,,,96,,,,,,98,,,,,,98207,53,71,160,0,0,0,0,0,0,,0,,,,,,4,,,20,1,9,0,0,9,8,,,0,,,9,9,2,605,401,417,1,1,1,2,1,0.01,,,,,,,,,,,,,,,,,,,,,,,,,,,,,,0,0,1,0,1,0,1,1,1,0,0,0,1,1,0,0,0,0,0,0,0,0,0,0,0,0,0,0,0,1,0,0,0,0,0,,1,0,0,0,1,0,1,1,0,1,0,1,0,0,0,1,,,,,,41-45,36-45,County road,R,Tuesday,Unknown,PV,White,0,1,0,0,County Road,County Sheriff,Spokane County Sheriff's Office,1,0,1,0,0,thc,1.4,,,,0,0,0,,,,,,,,,,,0,0,0,1,,,,,20,,,,,,,,nms,1,0,,,MONROE RD,8.55,NULL,
2017,162,E679491,4,05/24/2017,15:15,24,5,0,1,Adams,0,1,0,1,1,2,1,0,2,2,15:16,15:24,15:46,12,0,6,46.8,2,0,2,3,1,1,3,0,0,0,0,SR-26,BOOKER RD,-119.0481917,46.79954167,0,2,88,54,3,60,4,0,0,1,2,12,1,1,2,1,1,1,2,53,0,20,25,2014,0,0,12,,,,,,1,1,32,2,0,0,3,0,3,0,11,5,,,,,0,0,3,3,1,0,0,0,0,0,,,,,,99,,,,,,98208,53,69,145,6,1,0,0,0,0,0,0,,,,,,0,,,8,0,0,0,8,9,8,,,0,0,0,8,9,0,0,0,0,0,0,0,0,0,996,,,,,,,,,,,,,,,,,,,,,,,,,,,,,,0,0,0,1,0,0,0,0,0,0,0,0,0,0,0,0,1,0,0,0,1,0,1,0,1,0,0,0,0,1,0,0,0,0,0,,0,0,0,0,0,0,0,0,0,0,0,0,0,0,0,0,,,,,,31-35,26-35,State route,R,Wednesday,Belt Used,PV,Not Fatal,1,0,0,0,State Route,State Patrol,Washington State Patrol Headquarter,0,1,0,0,0,,,,,,,,,,,,,,,,,,,,,,,,,,,,,,,,,,,,,,,,,,,
2017,274,E697493,39,07/26/2017,4:05,26,7,0,61,Snohomish,0,1,0,3,1,2,3,0,4,2,,,,14,0,0,0.3,1,0,1,4,2,2,4,0,0,0,0,CR-ALDERDALE MALL PKWY,,-122.2711083,47.84503611,0,1,11,13,2,40,14,0,0,1,2,14,1,2,6,5,1,4,2,53,0,63,402,2006,0,0,63,14,,,,,1,1,16,1,7,1,4,7,3,0,11,0,07/26/2017,4:05,1.21553E+11,34717,0,0,0,3,1,0,0,0,0,96,,,,,,99,,,,,,98208,53,73,165,6,2,0,0,0,0,0,0,,,,,,0,,,20,0,0,0,0,9,8,,,0,0,0,8,9,2,605,0,0,1,0,0,2,1,0,,,,,,,,,,,,,,,,,,,,,,,,,,,,,,0,0,0,0,0,0,1,1,1,0,0,0,0,0,0,0,0,0,0,0,1,0,1,0,1,0,0,0,0,1,1,0,0,0,0,,1,0,0,0,0,0,1,1,0,0,0,0,0,0,1,0,,,,,,16-17,16-25,County road,U,Wednesday,Belt Used,PV,White,0,1,0,0,County Road,County Sheriff,Snohomish County Sheriff's Office,1,0,1,0,0,thc,6.8,carboxy-thc,29,,,,,,,,,,,,,,,,,,,,,,,,,,,,,,,,,,,,,,,