year,case,par,repjur,crash_dt,crash_tm,accday,accmon,holiday,county,co_char,city,weather,weather2,lightcond,surfcond,surftype,numfatal,nmforms,pforms,vforms,not_tm,arr_tm,hosp_tm,fhevent,hitrun,manncol,milepnt,reljunc,reljuncinter,intersectiontype,funcsystem,landuse,ownership,route,schlbus,spejur,contdev,devfunc,trafid1,trafid2,x,y,wk_zone,vnumber,crashtype,criticalevent,criticaleventcat,spdlim,body,trailer,emerg,hazcargo,leave,mhevent,roadalgn,roadprof,traflane,trafflow,vehmanvr,numoccs,regowner,regstate,spuse,make,model,modelyr,vrf1,vrf2,seqevent1,seqevent2,seqevent3,seqevent4,seqevent5,seqevent6,pnumber,ptype,age,sex,hispanic,race,injury,diedscene,restraint,restraintmisuse,seatpos,takehosp,death_dt,death_tm,cert,cernum_wa,commlic,licendor,licrestrict,liccomp,drivpres,drf1,drf2,drf3,drf4,distract1,distract2,distract3,distract4,distract5,distract6,dricond1,dricond2,dricond3,dricond4,dricond5,dricond6,dzip,licstate,drhgt_in,weight,noncdl,noncdltype,prevdwi,prevoth,prevacc,prevspd,prevsus,driviol1,driviol2,driviol3,driviol4,driviol5,driviol6,spdrel,first_dt,last_dt,airbag,ejection,ejectpath,extricat,injurwrk,methalc,methdrug,nmlocat,strikveh,prf1,prf2,prf3,druginv,alcinvol,drugsts,drugres1,drugres2,drugres3,drugtst1,drugtst2,drugtst3,alcsts,alctst,alcres,nmact1,nmact2,nmact3,nmact4,nmact5,nmact6,nmprior1,nmprior2,nmprior3,nmprior4,nmprior5,nmprior6,nmcond1,nmcond2,nmcond3,nmcond4,nmcond5,nmcond6,nmsafe_helmet,nmsafe_pads,nmsafe_oth,nmprev_ref,nmprev_lgt,nmprev_oth,crashlocation,nmcrashtype,crosswalk,schoolzone,sidewalk,train_inv,wildlife_inv,rotr_fars,intersect_fars,dd_inv,aid_inv,dpd_inv,id_inv,mj_inv,impnm_inv,ainm_inv,dpnm_inv,speed_inv,unlic_inv,unendmc_inv,drowsy_inv,drdist_inv,nmdist_inv,fty_inv,unrestfat_inv,dr1617_inv,dr1820_inv,dr1620_inv,dr2125_inv,dr1625_inv,dr65_inv,dr70_inv,dr75_inv,mc_inv,pv_inv,ht_inv,ped_inv,bike_inv,unrest_fat,mc_fat,unhelmet_mc,pv_fat,ht_fat,ped_fat,bike_fat,dr_alc7,dr_alc8,dr_drug,dr_imp,dr_dist,dr_spd,dr_fty,dr_unlic,dr_alc7only,dr_alc8only,dr_drugonly,dr_drink,nm_imp,nm_alc7,nm_alc8,nm_drug,nm_dist,agegrp1,agegrp2,roadclass,urbrur,dayweek,restuse,vehtype,race_me,intersect,lanedep,oppdir,wrongway,rep_typ,investag,repag_long,rotr,st_rd,cty_rd,city_rd,oth_rd,drug_thc,thc_res,drug_cthc,cthc_res,drug_cann,prevpersemin,prevperse,prevsusoth,drugtst4,drugtst5,drugtst6,drugtst7,drugtst8,drugres4,drugres5,drugres6,drugres7,drugres8,adspresent,adsengaged,adslevel,race1,race2,race3,race4,race5,helmet,helmetmisuse,nmdistract1,nmdistract2,nmdistract3,nmdistract4,nmdistract5,nmdistract6,lab,isedtcase,crf1,crf2,crf3,CoRoadName,CoMP,IntCoRoadName,IntCoMP
2017,318,E703950,122,08/21/2017,18:59,21,8,0,61,Snohomish,690,1,0,1,1,2,1,1,2,1,18:58,19:07,19:33,8,0,0,7.6,1,0,1,3,2,1,3,0,0,2,3,SR-527,,-122.2048444,47.89566389,0,1,13,80,5,98,4,0,0,1,2,8,1,1,2,1,1,2,4,53,0,41,35,2003,0,0,8,,,,,,1,1,19,1,0,0,0,0,3,0,11,0,,,,,0,0,0,3,1,38,0,0,0,1,,,,,,0,,,,,,98208,53,75,182,6,1,0,0,0,0,0,97,,,,,,0,,,20,0,0,0,8,9,8,,,0,0,0,8,0,2,1,0,0,1,0,0,2,1,0,,,,,,,,,,,,,,,,,,,,,,,,,,,,,,0,0,0,0,0,0,0,0,0,1,0,1,0,0,0,0,1,0,1,0,0,1,1,0,1,0,0,0,0,1,0,1,0,0,0,,0,0,0,0,0,0,0,0,1,0,1,0,0,0,0,0,,,,,,18-20,16-25,State route,U,Monday,Belt Used,PV,Not Fatal,0,0,0,0,State Route,Municipal/City Police,Everett Police Department,0,1,0,0,0,,,carboxy-thc,5,,,,,,,,,,,,,,,,,,,,,,,,,,,,,,,,,,,,,,,
2017,354,E708471,122,09/02/2017,20:27,2,9,6,61,Snohomish,690,1,0,2,1,2,1,1,1,1,20:27,20:35,21:11,8,0,0,0,1,0,1,3,2,4,6,0,0,0,0,AIRPORT RD,,-122.2594667,47.89083056,0,1,13,80,5,45,3,0,0,1,5,8,1,1,2,1,1,1,2,53,0,37,31,1988,0,0,8,,,,,,1,1,32,1,0,0,0,0,3,0,11,0,,,,,0,0,0,3,1,0,0,0,0,0,,,,,,0,,,,,,98208,53,69,195,6,1,0,0,0,0,0,0,,,,,,0,,,20,0,0,0,8,9,8,,,0,0,0,8,0,0,0,0,0,0,0,0,0,0,996,,,,,,,,,,,,,,,,,,,,,,,,,,,,,,0,0,0,0,0,0,0,0,0,1,1,1,0,0,0,0,0,0,0,0,0,0,0,0,0,0,0,0,0,1,0,1,0,0,0,,0,0,0,0,0,0,0,0,0,0,0,0,0,0,0,0,,,,,,31-35,26-35,City street,U,Saturday,Belt Used,PV,Not Fatal,0,0,0,0,City Street,Municipal/City Police,Everett Police Department,0,0,0,1,0,,,,,,,,,,,,,,,,,,,,,,,,,,,,,,,,,,,,,,,,,,,
2017,388,E716666,1,09/26/2017,5:30,26,9,0,37,Kittitas,0,1,0,2,1,2,1,0,1,2,,,,12,0,6,121.7,1,0,1,1,1,1,1,0,0,0,0,I-90,,-120.0852389,46.94292778,0,2,98,90,6,70,14,0,0,1,2,12,2,2,2,2,14,1,2,53,0,41,402,2004,0,0,12,65,64,38,,,1,1,20,2,7,1,4,7,3,0,11,0,09/26/2017,7:12,53042207,42207,0,0,0,3,1,0,0,0,0,0,,,,,,0,,,,,,98208,53,73,195,6,1,0,0,1,1,0,0,,,,,,0,10/15/2014,03/15/2017,20,0,0,0,0,9,8,,,0,0,0,8,1,2,1,0,0,1,0,0,2,1,0,,,,,,,,,,,,,,,,,,,,,,,,,,,,,,0,0,0,0,1,0,0,0,0,0,0,0,0,0,0,0,0,0,0,0,0,1,1,0,1,0,0,0,0,1,0,0,0,0,0,,1,0,0,0,0,0,0,0,0,0,0,0,0,0,0,1,,,,,,18-20,16-25,Interstate,R,Tuesday,Belt Used,PV,White,0,1,0,0,State Route,State Patrol,Washington State Patrol Headquarter,1,1,0,0,0,,,,,,,,,,,,,,,,,,,,,,,,,,,,,,,,,,,,,,,,,,,
2017,517,E747398,39,12/13/2017,17:53,13,12,0,61,Snohomish,0,1,0,2,1,2,1,0,2,2,,,,12,0,6,4.6,1,0,1,5,1,2,4,0,0,0,0,CR-N LAKE ROESIGER RD,,-121.9166028,48.01092778,0,1,66,6,1,98,2,0,0,1,5,12,2,1,2,1,14,1,2,53,0,37,32,2000,0,0,68,12,,,,,1,1,32,1,7,1,4,7,3,0,11,0,12/13/2017,17:53,53054455,54455,0,0,0,0,1,28,58,0,0,96,,,,,,99,,,,,,98208,53,74,200,0,0,0,0,0,0,0,0,,,,,,3,,,1,0,0,0,0,9,8,,,0,0,0,8,9,2,401,417,0,1,1,0,2,1,0,,,,,,,,,,,,,,,,,,,,,,,,,,,,,,0,0,0,0,0,0,1,1,0,0,0,0,1,1,0,0,0,0,0,0,0,0,0,1,1,0,0,0,0,1,1,0,0,0,0,,1,0,0,0,0,0,1,1,0,1,0,1,0,0,1,0,,,,,,31-35,26-35,County road,R,Wednesday,Belt Used,PV,White,0,1,1,0,County Road,County Sheriff,Snohomish County Sheriff's Office,0,0,1,0,0,,,carboxy-thc,6.5,,,,,,,,,,,,,,,,,,,,,,,,,,,,,,,,,,,,,,,
2018,45,E776162,1,02/18/2018,12:50,18,2,3,77,Yakima,0,10,0,1,1,2,1,0,4,2,12:34,12:52,13:18,12,1,6,0,2,0,3,7,1,2,4,0,3,0,0,CR-HOFFER RD,HORSCHEL RD,-120.4347028,46.44060278,0,1,83,67,4,35,4,0,0,1,2,12,1,1,2,1,1,1,2,53,0,19,18,2004,0,0,12,,,,,,1,1,26,2,0,0,2,0,20,0,11,0,,,,,0,0,0,2,1,91,0,0,0,96,,,,,,9,,,,,,98208,53,69,165,1,1,1,1,0,0,,1,,,,,,3,05/15/2014,10/15/2015,1,0,0,0,8,9,8,,,0,0,0,8,1,2,402,996,,1,1,,2,1,0.19,,,,,,,,,,,,,,,,,,,,,,,,,,,,,,0,0,0,1,1,1,1,1,0,0,0,0,1,1,0,0,0,0,0,0,0,0,0,0,0,0,0,0,0,1,0,0,0,0,0,,0,0,0,0,0,1,1,1,0,1,0,1,0,0,0,1,,,,,,26-30,26-35,County road,R,Sunday,Not Used,PV,Not Fatal,1,0,0,0,County Road,State Patrol,Washington State Patrol Headquarter,0,0,1,0,0,,,,,,0,1,2,,,,,,,,,,,,,,,,,,,,,,,,,,,,,,,,,,,
2018,254,E821507,39,07/22/2018,11:47,22,7,0,61,Snohomish,0,1,0,1,1,2,1,0,1,1,11:47,12:01,,1,0,0,4.4,1,0,1,5,1,2,4,0,0,0,0,CR-HIGH BRIDGE RD,,-122.0362028,47.81901944,0,1,1,13,2,35,80,0,0,1,7,1,3,2,2,1,14,1,1,53,0,72,706,2004,0,0,63,1,,,,,1,1,30,1,7,28,4,7,5,0,11,0,07/22/2018,11:47,53032739,32739,0,0,3,3,1,0,0,0,0,92,,,,,,99,,,,,,98208,53,69,200,6,1,0,1,0,1,,0,,,,,,0,03/15/2014,06/15/2016,20,8,0,0,0,9,8,,,0,0,0,8,9,2,1,,,1,,,2,1,0.15,,,,,,,,,,,,,,,,,,,,,,,,,,,,,,0,0,1,0,1,1,0,1,0,0,0,0,0,0,0,0,1,0,0,0,0,0,0,0,0,0,0,0,1,0,0,0,0,0,1,0,0,0,0,0,0,1,0,1,1,0,0,0,0,1,0,1,,,,,,26-30,26-35,County road,R,Sunday,,MC,API,0,1,0,0,County Road,County Sheriff,Snohomish County Sheriff's Office,1,0,1,0,0,,,,,,0,0,2,,,,,,,,,,,,,,,,,,,,,,,,,,,,,,,,,,,
2018,326,E837794,269,09/13/2018,7:04,13,9,0,33,King,2005,10,0,1,1,2,1,0,6,4,,,,12,0,2,34.6,2,0,2,3,2,1,3,0,0,3,3,SR-99,N 155TH ST,-122.3453833,47.74143333,0,4,98,61,4,40,4,0,0,1,7,12,1,1,7,1,1,1,1,53,0,59,31,2011,0,0,12,,,,,,1,1,48,1,0,0,0,0,3,0,11,0,,,,,0,0,0,3,1,0,0,0,0,96,,,,,,0,,,,,,98208,53,68,192,6,1,0,1,1,4,,0,,,,,,0,11/15/2013,07/15/2018,20,0,0,0,8,9,8,,,0,0,0,8,0,8,95,,,96,,,8,95,995,,,,,,,,,,,,,,,,,,,,,,,,,,,,,,0,0,0,1,0,0,0,0,0,0,0,0,0,1,0,1,0,0,0,0,0,1,1,0,1,1,1,1,0,1,0,0,0,0,0,,0,0,0,0,0,0,0,0,0,0,0,0,0,0,0,0,,,,,,46-50,46-55,State route,U,Thursday,Belt Used,PV,Not Fatal,0,1,1,0,State Route,Municipal/City Police,Shoreline Police Department,0,1,0,0,0,,,,,,0,0,0,,,,,,,,,,,,,,,,,,,,,,,,,,,,,,,,,,,
2018,423,E852066,122,10/14/2018,18:53,14,10,0,61,Snohomish,690,1,0,3,1,2,1,0,3,2,,,,12,0,7,46.4,1,0,1,3,2,1,3,0,0,0,0,SR-99,,-122.2520194,47.89628611,0,2,46,11,2,50,4,0,0,1,5,12,1,1,6,1,15,2,2,6,0,37,31,1999,0,0,12,,,,,,1,1,27,1,0,0,0,0,3,0,11,0,,,,,0,0,0,3,1,0,0,0,0,96,,,,,,0,,,,,,98208,53,73,200,6,1,0,0,1,0,,0,,,,,,0,07/15/2018,07/15/2018,20,0,0,0,8,9,8,,,0,0,0,8,0,8,95,,,96,,,8,95,995,,,,,,,,,,,,,,,,,,,,,,,,,,,,,,0,0,0,0,0,0,0,0,0,0,0,0,1,0,0,0,0,0,0,0,0,1,1,0,1,0,0,0,1,1,0,0,0,0,0,,0,0,0,0,0,0,0,0,0,0,0,0,0,0,0,0,,,,,,26-30,26-35,State route,U,Sunday,Belt Used,PV,Not Fatal,0,0,0,0,State Route,Municipal/City Police,Everett Police Department,0,1,0,0,0,,,,,,0,0,0,,,,,,,,,,,,,,,,,,,,,,,,,,,,,,,,,,,
2019,29,E887804,122,01/27/2019,9:14,27,1,,61,Snohomish,690,5,0,1,2,2,2,0,4,1,,,,40,0,0,0,1,0,1,7,2,4,6,0,0,0,0,112TH ST SW,,-122.2506333,47.89643056,0,1,7,6,1,30,4,0,0,1,7,40,1,1,5,5,1,4,2,53,0,54,35,2000,0,0,67,68,64,40,42,30,1,1,27,1,0,,3,0,3,0,11,8,,,,,0,0,3,2,1,0,0,0,0,96,,,,,,9,,,,,,98208,53,69,200,1,1,1,1,1,3,,97,,,,,,4,04/15/2015,01/15/2018,1,1,9,0,8,9,8,,,0,0,0,8,1,2,1,,,1,,,2,1,0.064,,,,,,,,,,,,,,,,,,,,,,,,,,,,,,0,0,0,0,1,0,0,0,0,0,0,0,1,1,0,0,0,0,0,0,0,0,0,0,0,0,0,0,0,1,0,0,0,0,0,,0,0,0,0,1,0,0,0,0,1,0,1,1,0,0,1,,,,,,26-30,26-35,City street,U,Sunday,Belt Used,PV,Not Fatal,0,1,0,0,City Street,Municipal/City Police,Everett Police Department,1,0,0,1,0,,,,,,0,1,5,,,,,,,,,,,98,98,98,0,,,,,20,7,,,,,,,,,,,,,,,
2019,248,E944172,189,07/27/2019,1:52,27,7,,61,Snohomish,1280,1,0,2,1,2,1,1,2,1,,,,8,0,0,6.9,1,0,1,3,2,1,3,0,0,0,0,SR-529,,-122.1806194,48.03826111,0,1,13,80,5,55,61,0,2,1,5,8,1,1,2,2,1,2,3,53,6,12,870,2019,0,0,8,,,,,,1,1,32,1,0,,0,0,99,7,11,0,,,,,0,0,3,3,1,10,0,0,0,96,,,,,,0,,,,,,98208,53,74,200,6,1,0,0,0,0,,0,,,,,,0,,,20,0,0,0,8,9,8,,,0,0,0,8,0,8,95,,,96,,,8,95,995,,,,,,,,,,,,,,,,,,,,,,,,,,,,,,0,0,0,0,0,0,0,0,0,1,1,0,0,0,0,0,0,0,0,0,0,0,0,0,0,0,0,0,0,0,1,1,0,0,0,,0,0,0,0,0,0,0,0,0,0,0,0,0,0,0,0,,,,,,31-35,26-35,State route,U,Saturday,,MHTRUCK,Not Fatal,0,0,0,0,State Route,Municipal/City Police,Marysville Police Department,0,1,0,0,0,,,,,,0,0,0,,,,,,,,,,,98,98,98,0,,,,,20,7,,,,,,,,,,,,,,,
2019,313,E959103,2,08/18/2019,11:33,18,8,,61,Snohomish,0,1,0,1,1,2,1,0,3,2,,,,12,0,2,12.2,1,0,1,3,1,1,2,0,0,0,0,US-2,,-122.0200417,47.88086667,0,2,51,62,4,60,6,0,0,1,7,12,1,1,2,1,1,2,2,53,0,63,37,2015,0,0,12,,,,,,1,1,68,1,0,,1,0,3,0,11,4,,,,,0,0,0,3,1,0,0,0,0,96,,,,,,0,,,,,,98208,53,70,250,6,1,0,0,0,1,,0,,,,,,0,06/15/2017,06/15/2017,1,0,0,0,8,9,8,,,0,0,0,8,0,8,95,,,96,,,8,95,995,,,,,,,,,,,,,,,,,,,,,,,,,,,,,,0,0,0,0,1,1,1,1,1,0,0,0,0,0,1,0,0,0,0,0,0,0,0,0,0,1,0,0,1,1,0,0,0,0,0,,0,0,0,0,0,0,0,0,0,0,0,0,0,0,0,0,,,,,,66-70,66-75,US highway,R,Sunday,Belt Used,PV,Not Fatal,0,1,1,0,State Route,State Patrol,Washington State Patrol,0,1,0,0,0,,,,,,0,0,0,,,,,,,,,,,98,98,98,0,,,,,20,7,,,,,,,,,,,,,,,
2019,371,E972516,122,10/18/2019,16:40,18,10,,61,Snohomish,690,10,0,1,0,0,1,1,1,1,,,,8,0,0,0,8,0,1,96,6,96,8,0,0,0,0,PRIVATE DRIVEWAY THRUWAY,108TH PL SE,-122.2225028,47.90035,0,1,13,80,5,0,15,0,0,1,5,8,0,0,0,0,11,1,1,53,0,49,422,2008,0,0,8,,,,,,1,1,36,1,0,,0,0,3,0,11,0,,,,,0,0,0,3,1,10,0,0,0,93,,,,,,0,,,,,,98208,53,71,190,6,1,0,0,0,0,,0,,,,,,0,,,20,0,0,0,8,9,8,,,0,0,0,8,0,8,95,,,96,,,8,95,995,,,,,,,,,,,,,,,,,,,,,,,,,,,,,,0,0,0,0,0,0,0,0,0,0,0,0,0,0,0,0,1,0,0,0,0,0,0,0,0,0,0,0,0,1,0,1,0,0,0,,0,0,0,0,0,0,0,0,1,0,0,0,0,0,0,0,,,,,,36-40,36-45,Other,,Friday,Belt Used,PV,Not Fatal,0,0,0,0,City Street,Municipal/City Police,Everett Police Department,0,0,0,1,0,,,,,,0,0,0,,,,,,,,,,,98,98,98,0,,,,,20,7,,,,,,,,,,,,,,,
2020,124,EA32339,2,04/08/2020,22:06,8,4,,61,Snohomish,0,1,,2,1,2,1,0,2,1,22:24,22:30,22:50,35,0,0,185.1,1,0,1,1,2,1,1,0,0,0,0,I-5,,-122.2456167,47.86511667,0,1,1,13,2,60,80,0,0,1,2,35,3,1,4,3,14,2,1,53,0,53,706,2003,0,,63,35,,,,,1,1,37,1,0,,3,0,20,7,11,5,,,,,0,0,0,3,1,91,,,,96,,,,,,9,,,,,,98208,53,76,250,6,1,0,3,0,1,,1,,,,,,3,06/15/2015,10/15/2019,20,8,0,0,8,9,8,,,0,,,8,1,2,1,,,1,,,2,1,0.081,,,,,,,,,,,,,,,,,,,,,,,,,,,,,,0,0,1,0,1,1,0,1,0,0,0,0,1,0,0,0,0,0,0,0,0,0,0,0,0,0,0,0,1,0,0,0,0,0,0,0,0,0,0,0,0,1,0,1,0,1,0,0,0,1,0,1,,,,,,36-40,36-45,Interstate,U,Wednesday,,MC,Not Fatal,0,1,0,0,State Route,State Patrol,Washington State Patrol,1,1,0,0,0,,,,,,0,0,1,,,,,,,,,,,0,0,0,0,,,,,5,0,,,,,,,,1,0,,,,,,
2020,461,EA50369,242,07/23/2020,10:41,23,7,,53,Pierce,1770,1,,1,1,2,1,0,2,2,,,,12,0,6,0,2,0,3,5,2,4,6,0,0,20,3,5TH ST NE,5th Ave NE,-122.2876806,47.19549167,0,2,82,66,4,30,4,0,0,1,2,12,1,1,2,1,11,1,1,53,0,55,35,2017,0,,12,,,,,,1,1,54,1,0,,0,0,3,0,11,0,,,,,0,0,3,3,1,10,,,,0,,,,,,0,,,,,,98208,53,66,155,6,1,0,0,0,1,,0,,,,,,0,06/15/2019,06/15/2019,2,0,0,0,8,9,8,,,0,,,8,8,8,95,,,96,,,8,95,995,,,,,,,,,,,,,,,,,,,,,,,,,,,,,,0,0,0,1,0,0,0,0,0,0,0,0,1,1,1,0,0,0,0,0,0,0,0,0,0,0,0,0,1,1,0,0,0,0,0,,0,0,0,0,0,0,0,0,0,0,0,0,0,0,0,0,,,,,,51-55,46-55,City street,U,Thursday,Belt Used,PV,Not Fatal,1,0,0,0,City Street,Municipal/City Police,Puyallup Police Department,0,0,0,1,0,,,,,,0,0,0,,,,,,,,,,,98,98,98,0,,,,,20,7,,,,,,,,1,0,,,,,,
2020,371,EA67030,122,09/26/2020,20:54,26,9,,61,Snohomish,690,10,,3,2,2,1,0,2,2,20:57,21:04,21:11,12,0,6,0.2,2,0,2,3,2,1,3,0,0,3,3,SR-529,HEWITT AVE,-122.1909944,47.97910556,0,2,87,66,4,35,15,0,0,1,5,12,1,1,5,1,1,1,1,53,0,20,421,2005,0,,12,,,,,,1,1,41,2,0,,0,0,3,0,11,0,,,,,0,0,0,3,1,0,,,,96,,,,,,0,,,,,,98208,53,67,173,6,1,0,0,0,0,,0,,,,,,0,,,20,0,0,0,8,9,8,,,0,,,8,8,0,0,,,0,,,0,0,996,,,,,,,,,,,,,,,,,,,,,,,,,,,,,,0,0,0,1,1,1,1,1,1,0,0,0,0,0,1,0,0,0,0,0,0,0,0,0,0,0,0,0,1,1,0,0,0,0,0,,0,0,0,0,0,0,0,0,0,0,0,0,0,0,0,0,,,,,,41-45,36-45,State route,U,Saturday,Belt Used,PV,Not Fatal,1,0,0,0,State Route,Municipal/City Police,Everett Police Department,0,1,0,0,0,,,,,,0,0,0,,,,,,,,,,,98,98,98,0,,,,,20,7,,,,,,,,1,0,,,,,,
2020,494,EA90642,2,12/04/2020,15:18,4,12,,61,Snohomish,690,1,,1,1,2,1,0,2,2,15:17,15:27,15:42,12,0,7,187.4,1,0,1,1,2,1,1,0,0,0,0,I-5,,-122.2195417,47.89227778,0,1,47,10,2,60,80,0,0,1,2,12,1,1,4,3,15,1,1,53,0,98,706,2019,0,,12,,,,,,1,1,63,2,7,,4,0,20,7,11,5,12/12/2020,22:52,69053059444,59444,0,0,3,3,1,35,,,,96,,,,,,98,,,,,,98208,53,69,195,6,1,0,0,0,0,,0,,,,,,0,,,20,8,0,0,0,9,8,,,0,,,8,8,0,0,,,0,,,0,0,996,,,,,,,,,,,,,,,,,,,,,,,,,,,,,,0,0,0,0,0,0,0,0,0,0,0,0,0,0,0,0,0,0,0,0,0,0,0,0,0,0,0,0,1,1,0,0,0,0,1,0,0,0,0,0,0,0,0,0,0,0,0,0,0,0,0,0,,,,,,61-65,56-65,Interstate,U,Friday,,MC,White,0,0,0,0,State Route,State Patrol,Washington State Patrol,0,1,0,0,0,,,,,,0,0,0,,,,,,,,,,,0,0,0,1,,,,,5,0,,,,,,,,1,0,,,,,,
2021,82,EB18684,197,04/01/2021,16:35,1,4,,61,Snohomish,1338,1,,1,1,2,1,0,2,2,,,,12,0,6,3.4,1,0,1,3,2,1,3,0,0,0,0,SR-527,,-122.2154833,47.84082778,0,1,66,9,1,40,10,0,0,1,2,12,1,1,5,5,1,1,1,53,0,48,44,2005,0,,68,12,,,,,1,1,22,1,7,,4,7,3,0,11,0,04/01/2021,16:35,1.33853E+11,16381,0,0,0,3,1,28,,,,96,,,,,,98,,,,,,98208,53,69,138,6,1,0,0,0,0,,0,,,,,,0,,,1,0,0,0,0,9,8,,,0,,,8,8,2,996,695,605,1,1,1,2,1,0,,,,,,,,,,,,,,,,,,,,,,,,,,,,,,0,0,0,0,0,0,1,1,1,0,0,0,0,1,0,0,0,0,0,0,0,0,0,1,1,0,0,0,0,1,0,0,0,0,0,,1,0,0,0,0,0,1,1,0,0,0,0,0,0,1,0,,,,,,21-25,16-25,State route,U,Thursday,Belt Used,PV,White,0,1,1,0,State Route,Municipal/City Police,Mill Creek Police Department,0,1,0,0,0,thc,17,carboxy-thc,44,,0,0,0,,,,,,,,,,,98,98,98,1,,,,,20,,,,,,,,nms,1,0,,,,,,
2021,94,EB21078,39,04/02/2021,19:44,2,4,,61,Snohomish,0,1,,1,1,2,1,0,5,3,,,,12,0,2,0.9,1,0,1,5,2,2,4,0,0,0,0,CR-NORTH RD,,-122.2368556,47.837575,0,1,50,10,2,35,4,0,0,1,2,12,2,2,3,3,6,3,1,53,0,30,40,2013,0,,68,12,54,,,,1,1,34,1,0,,3,0,99,7,11,5,,,,,0,0,3,3,1,33,,,,96,,,,,,98,,,,,,98208,53,71,195,6,7,0,0,0,0,,97,,,,,,3,,,8,0,0,0,8,9,8,,,0,,,8,8,2,401,151,417,1,1,1,2,1,0,,,,,,,,,,,,,,,,,,,,,,,,,,,,,,0,0,0,0,0,0,1,1,0,0,0,0,1,0,0,0,0,0,0,0,0,0,0,0,0,0,0,0,0,1,0,0,0,0,0,,0,0,0,0,0,0,1,1,0,1,0,0,0,0,1,0,,,,,,31-35,26-35,County road,U,Friday,Unknown,PV,Not Fatal,0,1,1,0,County Road,County Sheriff,Snohomish County Sheriff's Office,0,0,1,0,0,,,,,,0,0,0,1,,,,,996,,,,,98,98,98,0,,,,,20,,,,,,,,,1,14,,,NORTH RD,0.931,NULL,
2021,375,EB72441,39,08/31/2021,22:00,31,8,,61,Snohomish,0,1,,3,1,2,1,0,7,2,,,,12,0,6,1.1,2,0,2,5,2,2,4,0,0,20,3,CR-204TH ST SW,28TH AVE,-122.2709667,47.81358611,0,1,86,17,2,35,1,0,0,1,2,12,1,1,2,1,1,3,1,53,0,20,9,2012,0,,12,63,30,38,18,,1,1,58,1,7,,4,7,20,7,11,0,08/31/2021,22:00,53043093,43093,0,0,0,3,1,8,38,39,,96,,,,,,98,,,,,,98208,53,75,225,6,1,0,0,1,0,,0,,,,,,4,07/15/2021,07/15/2021,20,0,0,0,0,9,8,,,0,,,8,8,2,177,401,417,1,1,1,2,1,0,,,,,,,,,,,,,,,,,,,,,,,,,,,,,,0,0,0,1,0,0,1,1,0,0,0,0,1,0,0,0,0,0,1,1,0,0,0,0,0,0,0,0,0,1,0,0,0,1,0,,1,0,0,0,0,0,1,1,0,1,1,0,0,0,1,0,,,,,,56-60,56-65,County road,U,Tuesday,Not Used,PV,White,1,0,0,0,County Road,County Sheriff,Snohomish County Sheriff's Office,0,0,1,0,0,,,,,,0,0,0,1,1,1,,,151,996,996,,,98,98,98,1,,,,,20,,,,,,,,,1,0,,,204TH ST SW,1.075,28TH AVE W,0.51
2021,416,EB78749,197,10/15/2021,16:45,15,10,,61,Snohomish,1338,2,,1,2,2,1,0,2,2,,,,12,0,8,0,1,0,1,4,2,4,6,0,0,0,0,35TH AVE SE,,-122.1854028,47.87392778,0,1,66,10,2,35,34,0,0,1,2,12,1,1,3,5,1,1,1,53,0,49,472,2019,0,,68,64,12,64,38,1,1,1,60,1,7,,4,7,2,0,11,0,10/15/2021,16:45,1.33853E+11,53268,0,0,3,3,1,0,,,,96,,,,,,98,,,,,,98208,53,69,190,6,1,0,1,3,0,,0,,,,,,0,12/15/2019,02/15/2020,1,0,0,0,0,9,8,,,0,,,8,8,2,1,,,1,,,2,1,0,,,,,,,,,,,,,,,,,,,,,,,,,,,,,,0,0,0,0,0,0,0,0,0,0,0,0,0,0,0,0,0,0,0,0,0,0,0,0,0,0,0,0,0,1,0,0,0,0,0,,1,0,0,0,0,0,0,0,0,0,0,0,0,0,0,0,,,,,,56-60,56-65,City street,U,Friday,Belt Used,PV,API,0,1,1,0,City Street,Municipal/City Police,Mill Creek Police Department,0,0,0,1,0,,,,,,0,0,0,,,,,,,,,,,98,98,98,28,,,,,20,,,,,,,,,1,0,,,,,,
2017,519,E748889,2,12/18/2017,13:40,18,12,0,57,Skagit,0,10,0,1,1,2,1,0,3,3,13:39,13:45,14:21,12,0,6,58.3,2,0,2,3,2,1,3,0,0,3,3,SR-20,PULVER RD,-122.3570611,48.46559722,0,3,98,66,4,45,15,0,0,1,2,12,1,1,5,1,1,1,1,53,0,54,421,2011,0,0,12,,,,,,1,1,47,2,0,0,1,0,3,0,11,0,,,,,0,0,0,3,1,0,0,0,0,0,,,,,,0,,,,,,98221,53,68,150,6,1,0,0,0,0,0,0,,,,,,0,,,1,0,0,0,8,9,8,,,0,0,0,8,0,0,0,0,0,0,0,0,0,0,996,,,,,,,,,,,,,,,,,,,,,,,,,,,,,,0,0,0,1,0,0,1,1,0,0,0,0,0,0,0,0,0,0,1,1,0,0,0,0,0,1,0,0,0,1,0,0,0,0,0,,0,0,0,0,0,0,0,0,0,0,0,0,0,0,0,0,,,,,,46-50,46-55,State route,U,Monday,Belt Used,PV,Not Fatal,1,0,0,0,State Route,State Patrol,Washington State Patrol Headquarter,0,1,0,0,0,,,,,,,,,,,,,,,,,,,,,,,,,,,,,,,,,,,,,,,,,,,