year,case,par,repjur,crash_dt,crash_tm,accday,accmon,holiday,county,co_char,city,weather,weather2,lightcond,surfcond,surftype,numfatal,nmforms,pforms,vforms,not_tm,arr_tm,hosp_tm,fhevent,hitrun,manncol,milepnt,reljunc,reljuncinter,intersectiontype,funcsystem,landuse,ownership,route,schlbus,spejur,contdev,devfunc,trafid1,trafid2,x,y,wk_zone,vnumber,crashtype,criticalevent,criticaleventcat,spdlim,body,trailer,emerg,hazcargo,leave,mhevent,roadalgn,roadprof,traflane,trafflow,vehmanvr,numoccs,regowner,regstate,spuse,make,model,modelyr,vrf1,vrf2,seqevent1,seqevent2,seqevent3,seqevent4,seqevent5,seqevent6,pnumber,ptype,age,sex,hispanic,race,injury,diedscene,restraint,restraintmisuse,seatpos,takehosp,death_dt,death_tm,cert,cernum_wa,commlic,licendor,licrestrict,liccomp,drivpres,drf1,drf2,drf3,drf4,distract1,distract2,distract3,distract4,distract5,distract6,dricond1,dricond2,dricond3,dricond4,dricond5,dricond6,dzip,licstate,drhgt_in,weight,noncdl,noncdltype,prevdwi,prevoth,prevacc,prevspd,prevsus,driviol1,driviol2,driviol3,driviol4,driviol5,driviol6,spdrel,first_dt,last_dt,airbag,ejection,ejectpath,extricat,injurwrk,methalc,methdrug,nmlocat,strikveh,prf1,prf2,prf3,druginv,alcinvol,drugsts,drugres1,drugres2,drugres3,drugtst1,drugtst2,drugtst3,alcsts,alctst,alcres,nmact1,nmact2,nmact3,nmact4,nmact5,nmact6,nmprior1,nmprior2,nmprior3,nmprior4,nmprior5,nmprior6,nmcond1,nmcond2,nmcond3,nmcond4,nmcond5,nmcond6,nmsafe_helmet,nmsafe_pads,nmsafe_oth,nmprev_ref,nmprev_lgt,nmprev_oth,crashlocation,nmcrashtype,crosswalk,schoolzone,sidewalk,train_inv,wildlife_inv,rotr_fars,intersect_fars,dd_inv,aid_inv,dpd_inv,id_inv,mj_inv,impnm_inv,ainm_inv,dpnm_inv,speed_inv,unlic_inv,unendmc_inv,drowsy_inv,drdist_inv,nmdist_inv,fty_inv,unrestfat_inv,dr1617_inv,dr1820_inv,dr1620_inv,dr2125_inv,dr1625_inv,dr65_inv,dr70_inv,dr75_inv,mc_inv,pv_inv,ht_inv,ped_inv,bike_inv,unrest_fat,mc_fat,unhelmet_mc,pv_fat,ht_fat,ped_fat,bike_fat,dr_alc7,dr_alc8,dr_drug,dr_imp,dr_dist,dr_spd,dr_fty,dr_unlic,dr_alc7only,dr_alc8only,dr_drugonly,dr_drink,nm_imp,nm_alc7,nm_alc8,nm_drug,nm_dist,agegrp1,agegrp2,roadclass,urbrur,dayweek,restuse,vehtype,race_me,intersect,lanedep,oppdir,wrongway,rep_typ,investag,repag_long,rotr,st_rd,cty_rd,city_rd,oth_rd,drug_thc,thc_res,drug_cthc,cthc_res,drug_cann,prevpersemin,prevperse,prevsusoth,drugtst4,drugtst5,drugtst6,drugtst7,drugtst8,drugres4,drugres5,drugres6,drugres7,drugres8,adspresent,adsengaged,adslevel,race1,race2,race3,race4,race5,helmet,helmetmisuse,nmdistract1,nmdistract2,nmdistract3,nmdistract4,nmdistract5,nmdistract6,lab,isedtcase,crf1,crf2,crf3,CoRoadName,CoMP,IntCoRoadName,IntCoMP
2019,17,E884708,6,01/04/2019,4:55,4,1,,37,Kittitas,0,5,0,3,4,2,1,0,7,5,,,,25,0,0,60.2,1,0,1,1,1,1,1,0,0,0,0,I-90,,-121.320175,47.3181,0,4,98,98,7,55,66,1,0,1,2,12,1,1,2,3,1,1,3,53,0,51,881,2010,0,0,12,,,,,,1,1,67,1,7,,4,7,3,0,11,0,01/04/2019,4:55,53000838,838,6,1,0,3,1,0,0,0,0,96,,,,,,0,,,,,,98221,53,72,200,6,1,0,0,1,0,,0,,,,,,0,11/15/2017,11/15/2017,8,0,0,0,1,9,8,,,0,0,0,8,0,2,1,,,1,,,2,1,0,,,,,,,,,,,,,,,,,,,,,,,,,,,,,,0,0,0,0,0,0,0,0,0,0,0,0,1,0,0,0,0,0,0,0,0,0,0,0,0,1,0,0,0,1,1,0,0,0,0,,0,1,0,0,0,0,0,0,0,0,0,0,0,0,0,0,,,,,,66-70,66-75,Interstate,R,Friday,,MHTRUCK,White,0,1,0,0,State Route,State Patrol,Washington State Patrol,1,1,0,0,0,,,,,,0,0,0,,,,,,,,,,,98,98,98,1,,,,,20,7,,,,,,,,,,,,,,,
2019,379,E975944,2,10/20/2019,10:26,20,10,,57,Skagit,0,2,0,1,2,2,1,0,3,3,,,,57,0,0,231.8,1,0,1,1,1,1,1,0,0,0,0,I-5,,-122.3353111,48.49469722,0,2,98,62,4,70,34,0,0,1,7,12,1,1,2,3,1,1,1,53,0,49,472,2014,0,0,12,12,,,,,1,1,24,1,0,,0,0,3,0,11,0,,,,,0,0,0,3,1,0,0,0,0,0,,,,,,0,,,,,,98221,53,73,160,6,1,0,0,0,0,,0,,,,,,0,,,1,0,0,0,8,9,8,,,0,0,0,0,0,0,0,,,0,,,0,0,996,,,,,,,,,,,,,,,,,,,,,,,,,,,,,,0,0,1,0,0,0,0,0,0,0,0,0,0,1,0,0,0,0,0,1,0,0,0,1,1,1,0,0,0,1,0,0,0,0,0,,0,0,0,0,0,0,0,0,0,0,0,0,0,0,0,0,,,,,,21-25,16-25,Interstate,R,Sunday,Belt Used,PV,Not Fatal,0,1,0,0,State Route,State Patrol,Washington State Patrol,1,1,0,0,0,,,,,,0,0,0,,,,,,,,,,,98,98,98,0,,,,,20,7,,,,,,,,,,,,,,,
2020,8,EA03444,2,01/14/2020,17:15,14,1,,57,Skagit,50,4,,2,10,2,1,0,2,2,17:17,17:29,18:11,12,0,11,9999.8,1,0,1,5,2,4,4,0,0,0,0,CR-HEART LAKE RD,,-122.6343472,48.46156944,0,1,98,6,1,35,34,0,0,1,7,12,3,2,2,1,5,1,2,53,0,20,471,1992,0,,12,,,,,,1,1,75,1,7,,4,0,99,7,11,4,01/14/2020,22:08,69053002427,2427,0,0,0,3,1,87,,,,96,,,,,,98,,,,,,98221,53,69,212,6,1,0,0,1,0,,0,,,,,,4,08/15/2019,08/15/2019,20,0,0,0,0,9,8,,,0,,,8,8,2,695,605,151,1,1,1,2,1,0,,,,,,,,,,,,,,,,,,,,,,,,,,,,,,0,0,0,0,0,0,1,1,1,0,0,0,1,0,0,0,0,0,0,0,0,0,0,0,0,1,1,1,0,1,0,0,0,0,0,,1,0,0,0,0,0,1,1,0,1,0,0,0,0,1,0,,,,,,71-75,66-75,County road,U,Tuesday,Unknown,PV,AIAN,0,0,0,0,City Street,State Patrol,Washington State Patrol,0,0,0,1,0,thc,1.8,carboxy-thc,18,,0,0,0,,,,,,,,,,,0,0,0,3,,,,,20,7,,,,,,,nms,1,23,,,,,,
2020,8,EA03444,2,01/14/2020,17:15,14,1,,57,Skagit,50,4,,2,3,2,1,0,2,2,17:17,17:29,18:11,12,0,11,9999.8,1,0,1,5,2,4,4,0,0,0,0,CR-HEART LAKE RD,,-122.6343472,48.46156944,0,2,98,50,3,35,34,0,0,1,7,12,3,2,2,1,14,1,1,53,0,7,472,2005,0,,12,,,,,,1,1,53,1,0,,0,0,3,0,11,0,,,,,6,0,3,3,1,87,,,,96,,,,,,0,,,,,,98221,53,66,185,6,1,0,0,0,0,,0,,,,,,0,,,20,0,0,0,8,9,8,,,0,,,8,8,0,0,,,0,,,0,0,996,,,,,,,,,,,,,,,,,,,,,,,,,,,,,,0,0,0,0,0,0,1,1,1,0,0,0,1,0,0,0,0,0,0,0,0,0,0,0,0,1,1,1,0,1,0,0,0,0,0,,0,0,0,0,0,0,0,0,0,0,0,0,0,0,0,0,,,,,,51-55,46-55,County road,U,Tuesday,Belt Used,PV,Not Fatal,0,0,0,0,City Street,State Patrol,Washington State Patrol,0,0,0,1,0,,,,,,0,0,0,,,,,,,,,,,98,98,98,0,,,,,20,7,,,,,,,,1,23,,,,,,
2020,187,EA41882,2,06/20/2020,4:55,20,6,,57,Skagit,0,10,,2,2,2,1,0,2,2,4:53,5:01,5:50,12,0,2,41.7,1,0,1,3,1,1,3,0,0,0,0,SR-20,,-122.6459056,48.40942778,1,2,51,62,4,30,4,0,0,1,2,12,1,1,2,1,1,1,2,53,0,54,36,1999,0,,12,,,,,,1,1,19,1,0,,1,0,3,0,11,5,,,,,0,0,0,3,1,0,,,,96,,,,,,0,,,,,,98221,53,71,160,6,1,0,2,1,0,,0,,,,,,0,11/15/2019,07/15/2019,1,0,0,0,8,3,2,,,0,,,8,8,0,0,,,0,,,0,0,996,,,,,,,,,,,,,,,,,,,,,,,,,,,,,,0,0,0,0,1,0,1,1,1,0,0,0,1,0,0,0,0,0,0,1,0,1,1,0,1,0,0,0,0,1,0,0,0,0,0,,0,0,0,0,0,0,0,0,0,0,0,0,0,0,0,0,,,,,,18-20,16-25,State route,R,Saturday,Belt Used,PV,Not Fatal,0,1,1,0,State Route,State Patrol,Washington State Patrol,0,1,0,0,0,,,,,,0,0,0,,,,,,,,,,,0,0,0,0,,,,,20,7,,,,,,,,1,0,,,,,,
2020,489,EA89307,52,12/14/2020,15:38,14,12,,57,Skagit,50,1,,1,1,2,1,1,1,1,15:37,15:45,15:52,8,0,0,3.5,3,0,2,3,2,1,3,0,0,3,3,SR-20,22ND ST,-122.6127167,48.50451667,0,1,13,80,5,25,34,0,0,1,5,8,1,2,3,1,11,1,1,53,0,20,481,2001,0,,8,,,,,,1,1,66,8,0,,0,0,3,0,11,0,,,,,0,0,3,3,1,10,38,,,0,,,,,,0,,,,,,98221,53,69,240,6,1,0,0,0,0,,46,,,,,,0,,,20,0,0,0,8,9,8,,,0,,,8,8,0,0,,,0,,,0,0,996,,,,,,,,,,,,,,,,,,,,,,,,,,,,,,0,0,0,1,0,0,0,0,0,1,0,1,0,0,0,0,0,0,1,0,0,0,0,0,0,1,0,0,0,1,0,1,0,0,0,,0,0,0,0,0,0,0,0,0,0,1,0,0,0,0,0,,,,,,66-70,66-75,State route,U,Monday,Belt Used,PV,Not Fatal,1,0,0,0,State Route,Municipal/City Police,Anacortes Police Department,0,1,0,0,0,,,,,,0,0,0,,,,,,,,,,,98,98,98,0,,,,,20,7,,,,,,,,1,0,,,,,,
2020,505,EA92348,2,12/18/2020,19:37,18,12,,57,Skagit,0,2,,2,2,2,1,0,2,2,19:58,,21:23,12,0,2,44.9,1,0,1,3,2,1,3,0,0,0,0,SR-20,,-122.6074417,48.43606667,0,2,51,62,4,50,4,0,0,1,2,12,1,1,2,1,1,1,1,53,0,37,32,2014,0,,12,,,,,,1,1,45,2,0,,3,0,3,0,11,5,,,,,0,0,3,3,1,0,,,,96,,,,,,0,,,,,,98221,53,66,130,6,1,0,0,0,1,,0,,,,,,0,03/15/2019,03/15/2019,8,0,0,0,8,9,8,,,0,,,8,8,0,0,,,0,,,0,0,996,,,,,,,,,,,,,,,,,,,,,,,,,,,,,,0,0,0,0,0,0,0,0,0,0,0,0,0,0,0,0,0,0,0,0,0,0,0,0,0,0,0,0,0,1,0,0,0,0,0,,0,0,0,0,0,0,0,0,0,0,0,0,0,0,0,0,,,,,,41-45,36-45,State route,U,Friday,Belt Used,PV,Not Fatal,0,1,1,0,State Route,State Patrol,Washington State Patrol,0,1,0,0,0,,,,,,0,0,0,,,,,,,,,,,98,98,98,0,,,,,20,7,,,,,,,,1,0,,,,,,
2021,33,EB04026,2,02/02/2021,16:12,2,2,,57,Skagit,0,10,,1,1,2,1,0,4,4,,,,12,0,1,46.1,3,0,3,3,1,1,3,0,0,0,0,SR-20,TIBBLES LN,-122.5956611,48.44827778,0,2,21,53,3,50,34,0,0,1,5,12,1,2,2,1,5,1,2,53,0,12,481,1999,0,,12,12,,,,,1,1,55,1,0,,0,0,3,0,11,0,,,,,0,0,0,3,1,0,,,,96,,,,,,98,,,,,,98221,53,76,190,6,1,0,0,0,0,,0,,,,,,0,,,20,0,0,0,8,9,8,,,0,,,8,8,0,0,,,0,,,0,0,996,,,,,,,,,,,,,,,,,,,,,,,,,,,,,,0,0,0,1,0,0,1,1,1,0,0,0,0,0,0,0,0,0,0,0,0,0,0,1,1,1,0,0,0,1,1,0,0,0,0,,0,0,0,0,0,0,0,0,0,0,0,0,0,0,0,0,,,,,,51-55,46-55,State route,R,Tuesday,Belt Used,PV,Not Fatal,1,0,0,0,State Route,State Patrol,Washington State Patrol,0,1,0,0,0,,,,,,0,0,0,,,,,,,,,,,0,0,0,0,,,,,20,,,,,,,,,1,0,,,,,,
2017,73,E649147,2,03/02/2017,3:40,2,3,0,57,Skagit,0,2,0,3,2,1,1,0,1,1,,,,35,0,0,234.9,1,0,1,1,1,1,1,0,0,0,0,I-5,,-122.3390833,48.50706667,0,1,6,12,2,70,14,0,0,1,3,35,1,2,2,2,1,1,1,53,0,37,402,1998,0,0,64,35,,,,,1,1,27,1,7,1,4,7,3,0,11,0,03/02/2017,3:40,53010669,10669,0,0,0,3,1,0,0,0,0,99,,,,,,9,,,,,,98223,53,69,170,6,1,0,4,1,0,1,0,,,,,,9,06/15/2014,10/15/2016,1,0,0,0,0,1,1,,,0,0,0,1,1,2,515,513,0,1,1,0,2,1,0.18,,,,,,,,,,,,,,,,,,,,,,,,,,,,,,0,0,1,0,1,1,1,1,0,0,0,0,0,0,0,0,0,0,0,0,0,0,0,0,0,0,0,0,0,1,0,0,0,0,0,,1,0,0,0,0,1,1,1,0,0,0,0,0,0,0,1,,,,,,26-30,26-35,Interstate,R,Thursday,Belt Used,PV,White,0,1,0,0,State Route,State Patrol,Washington State Patrol Headquarter,1,1,0,0,0,,,,,,,,,,,,,,,,,,,,,,,,,,,,,,,,,,,,,,,,,,,
2017,115,E663918,53,04/14/2017,15:02,14,4,0,61,Snohomish,80,1,0,1,1,2,1,0,3,3,15:01,15:06,15:31,12,0,6,0,2,0,2,4,2,4,6,0,0,20,3,204TH ST NE,77TH AVE NE,-122.1263389,48.18082222,0,1,89,17,2,25,14,0,0,1,2,12,1,1,5,1,1,1,1,53,0,55,401,2007,0,0,12,12,,,,,1,1,86,1,7,1,4,0,20,0,11,4,04/14/2017,20:41,1.96053E+11,17715,0,0,3,3,1,38,0,0,0,96,,,,,,99,,,,,,98223,53,65,180,6,1,0,0,0,1,0,0,,,,,,0,10/15/2012,10/15/2012,8,0,0,0,0,9,8,,,0,0,0,8,9,2,1,0,0,1,0,0,2,1,0,,,,,,,,,,,,,,,,,,,,,,,,,,,,,,0,0,0,1,0,0,0,0,0,0,0,0,0,0,0,0,0,0,1,1,0,0,0,0,0,1,1,1,0,1,1,0,0,1,0,,1,0,0,0,0,0,0,0,0,0,1,0,0,0,0,0,,,,,,81+,76+,City street,U,Friday,Not Used,PV,White,1,0,0,0,City Street,Municipal/City Police,Arlington Police Department,0,0,0,1,0,,,,,,,,,,,,,,,,,,,,,,,,,,,,,,,,,,,,,,,,,,,
2017,115,E663918,53,04/14/2017,15:02,14,4,0,61,Snohomish,80,1,0,1,1,2,1,0,3,3,15:01,15:06,15:31,12,0,6,0,2,0,2,4,2,4,6,0,0,0,0,204TH ST NE,77TH AVE NE,-122.1263389,48.18082222,0,2,88,66,4,25,4,0,0,1,2,12,1,1,2,1,1,1,1,53,0,48,34,1997,0,0,12,,,,,,1,1,29,2,0,0,2,0,3,0,11,8,,,,,0,0,0,3,1,0,0,0,0,0,,,,,,0,,,,,,98223,53,67,200,6,1,0,0,0,1,2,0,,,,,,0,07/15/2012,12/15/2016,1,0,0,0,8,9,8,,,0,0,0,8,9,0,0,0,0,0,0,0,0,0,996,,,,,,,,,,,,,,,,,,,,,,,,,,,,,,0,0,0,1,0,0,0,0,0,0,0,0,0,0,0,0,0,0,1,1,0,0,0,0,0,1,1,1,0,1,1,0,0,0,0,,0,0,0,0,0,0,0,0,0,0,0,0,0,0,0,0,,,,,,26-30,26-35,City street,U,Friday,Belt Used,PV,Not Fatal,1,0,0,0,City Street,Municipal/City Police,Arlington Police Department,0,0,0,1,0,,,,,,,,,,,,,,,,,,,,,,,,,,,,,,,,,,,,,,,,,,,
2017,222,E690034,6,06/30/2017,16:26,30,6,0,25,Grant,0,1,0,1,1,2,1,0,3,2,,,,12,0,2,83.2,1,0,1,4,1,1,3,0,0,0,0,SR-17,,-119.4334639,47.57365556,0,1,50,3,1,60,34,0,0,1,2,12,1,1,3,2,1,2,2,53,0,12,481,2000,0,0,61,68,12,,,,1,1,36,1,0,0,1,0,3,0,11,5,,,,,0,0,3,3,1,80,0,0,0,0,,,,,,0,,,,,,98223,53,72,250,6,1,0,0,0,1,0,89,,,,,,0,01/15/2014,01/15/2014,8,0,0,0,8,9,8,,,0,0,0,8,0,0,0,0,0,0,0,0,0,0,996,,,,,,,,,,,,,,,,,,,,,,,,,,,,,,0,0,0,0,0,0,0,0,0,0,0,0,0,0,0,0,0,0,0,0,0,0,0,0,0,0,0,0,0,1,0,0,0,0,0,,0,0,0,0,0,0,0,0,0,0,0,0,0,0,0,0,,,,,,36-40,36-45,State route,R,Friday,Belt Used,PV,Not Fatal,0,1,1,0,State Route,State Patrol,Washington State Patrol Headquarter,0,1,0,0,0,,,,,,,,,,,,,,,,,,,,,,,,,,,,,,,,,,,,,,,,,,,
2017,242,E690054,39,07/06/2017,6:00,6,7,0,61,Snohomish,0,1,0,4,1,2,1,0,2,2,,,,12,0,6,3.4,1,0,1,7,1,2,4,0,0,0,0,CR-268TH ST NW,,-122.2572944,48.23893333,0,2,92,20,2,98,34,0,0,1,5,12,1,2,2,1,13,1,2,53,0,12,481,1983,0,0,12,,,,,,1,1,42,1,0,0,0,0,3,0,11,0,,,,,0,0,0,2,1,0,0,0,0,96,,,,,,0,,,,,,98223,53,70,175,1,1,0,10,1,1,1,0,,,,,,0,02/15/2013,05/15/2016,20,0,0,0,8,9,8,,,0,0,0,8,0,8,95,0,0,6,0,0,8,95,995,,,,,,,,,,,,,,,,,,,,,,,,,,,,,,0,0,0,0,0,0,0,0,0,0,0,0,1,1,1,0,0,0,0,0,0,0,0,0,0,0,0,0,1,0,0,0,0,0,0,,0,0,0,0,0,0,0,0,0,0,0,1,0,0,0,0,,,,,,41-45,36-45,County road,R,Thursday,Belt Used,PV,Not Fatal,0,0,0,0,County Road,County Sheriff,Snohomish County Sheriff's Office,0,0,1,0,0,,,,,,,,,,,,,,,,,,,,,,,,,,,,,,,,,,,,,,,,,,,
2017,387,E713668,2,09/19/2017,18:28,19,9,0,61,Snohomish,1280,2,0,1,2,2,1,0,1,1,,,,38,0,0,0.1,5,1,1,1,2,1,1,0,0,0,0,I-5 RAMP Q119958,,-122.1838028,48.05285278,0,1,2,13,2,60,34,0,0,1,2,42,3,2,1,6,14,1,1,53,0,12,481,2004,0,0,63,38,42,,,,1,1,50,2,7,1,4,0,3,0,11,4,09/23/2017,13:35,69053041527,41527,0,0,3,3,1,0,0,0,0,96,,,,,,9,,,,,,98223,53,66,160,6,1,0,0,0,0,0,0,,,,,,0,,,8,0,0,0,0,1,8,,,0,0,0,8,1,2,1,0,0,1,0,0,2,1,0.16,,,,,,,,,,,,,,,,,,,,,,,,,,,,,,0,0,0,0,1,1,0,1,0,0,0,0,0,0,0,0,0,0,0,0,0,0,0,0,0,0,0,0,0,0,0,0,0,0,0,,0,0,0,0,0,1,0,1,0,0,0,0,0,1,0,1,,,,,,46-50,46-55,Interstate,U,Tuesday,Belt Used,PV,White,0,1,0,0,State Route,State Patrol,Washington State Patrol Headquarter,1,1,0,0,0,,,,,,,,,,,,,,,,,,,,,,,,,,,,,,,,,,,,,,,,,,,
2017,486,E739914,53,11/15/2017,17:45,15,11,0,61,Snohomish,80,2,0,3,2,2,1,0,3,5,,,,12,0,1,0,3,0,2,4,2,4,6,0,0,0,0,SMOKEY POINT BLVD,188TH ST NE,-122.1856306,48.16699722,0,2,21,53,3,40,14,0,0,1,2,12,1,1,2,1,5,1,1,53,0,49,401,2017,0,0,12,,,,,,1,1,23,2,0,0,1,0,3,0,11,8,,,,,0,0,3,3,1,0,0,0,0,0,,,,,,0,,,,,,98223,53,70,180,6,1,0,0,0,0,0,0,,,,,,0,,,20,0,0,0,8,9,8,,,0,0,0,8,0,0,0,0,0,0,0,0,0,0,996,,,,,,,,,,,,,,,,,,,,,,,,,,,,,,0,0,0,1,1,1,0,1,0,0,0,0,0,0,0,0,1,0,0,0,0,0,0,1,1,0,0,0,0,1,0,0,0,0,0,,0,0,0,0,0,0,0,0,0,0,0,0,0,0,0,0,,,,,,21-25,16-25,City street,U,Wednesday,Belt Used,PV,Not Fatal,1,0,0,0,City Street,Municipal/City Police,Arlington Police Department,0,0,0,1,0,,,,,,,,,,,,,,,,,,,,,,,,,,,,,,,,,,,,,,,,,,,
2017,486,E739914,53,11/15/2017,17:45,15,11,0,61,Snohomish,80,2,0,3,2,2,1,0,3,5,,,,12,0,1,0,3,0,2,4,2,4,6,0,0,0,0,SMOKEY POINT BLVD,188TH ST NE,-122.1856306,48.16699722,0,3,98,62,4,40,34,0,0,1,2,12,1,1,2,1,1,1,1,53,0,7,482,1998,0,0,12,68,67,14,,,1,1,50,2,0,0,1,0,3,0,11,8,,,,,0,0,3,3,1,0,0,0,0,0,,,,,,0,,,,,,98223,53,65,165,6,1,0,0,0,0,0,0,,,,,,0,,,8,0,0,0,8,9,8,,,0,0,0,8,0,0,0,0,0,0,0,0,0,0,996,,,,,,,,,,,,,,,,,,,,,,,,,,,,,,0,0,0,1,1,1,0,1,0,0,0,0,0,0,0,0,1,0,0,0,0,0,0,1,1,0,0,0,0,1,0,0,0,0,0,,0,0,0,0,0,0,0,0,0,0,0,0,0,0,0,0,,,,,,46-50,46-55,City street,U,Wednesday,Belt Used,PV,Not Fatal,1,0,0,0,City Street,Municipal/City Police,Arlington Police Department,0,0,0,1,0,,,,,,,,,,,,,,,,,,,,,,,,,,,,,,,,,,,,,,,,,,,
2017,500,E773500,205,11/12/2017,20:15,12,11,0,57,Skagit,1410,10,0,3,2,2,1,0,4,2,20:16,20:23,,12,0,6,0,2,0,2,4,2,4,6,0,0,0,0,S 15TH ST,E KINCAID ST,-122.3229694,48.41743889,0,2,89,66,4,25,4,0,0,1,2,12,1,1,2,1,1,3,1,53,0,49,43,2000,0,0,12,,,,,,1,1,56,1,0,0,2,0,3,0,11,8,,,,,0,0,3,3,1,0,0,0,0,0,,,,,,0,,,,,,98223,53,68,210,6,1,0,1,1,0,0,0,,,,,,0,09/15/2017,09/15/2017,8,0,0,0,8,9,8,,,0,0,0,8,0,0,0,0,0,0,0,0,0,0,996,,,,,,,,,,,,,,,,,,,,,,,,,,,,,,0,0,0,1,0,0,1,1,0,0,0,0,1,0,0,0,0,0,1,1,0,0,0,0,0,0,0,0,0,1,0,0,0,0,0,,0,0,0,0,0,0,0,0,0,0,0,0,0,0,0,0,,,,,,56-60,56-65,City street,U,Sunday,Belt Used,PV,Not Fatal,1,0,0,0,City Street,Municipal/City Police,Mount Vernon Police Department,0,0,0,1,0,,,,,,,,,,,,,,,,,,,,,,,,,,,,,,,,,,,,,,,,,,,
2018,195,E811460,2,06/18/2018,19:38,18,6,0,57,Skagit,0,1,0,1,1,2,1,0,4,2,19:34,19:41,20:16,12,0,98,1.2,2,0,3,6,2,2,4,0,0,0,0,CR-MINKLER RD,PEAVEY RD,-122.1884472,48.51529167,0,1,69,62,4,50,4,0,0,1,2,12,1,1,2,1,1,3,1,53,0,34,35,2000,0,0,12,,,,,,1,1,20,1,0,0,1,0,3,0,11,0,,,,,0,0,0,3,1,91,0,0,0,96,,,,,,9,,,,,,98223,53,71,160,6,1,0,0,0,1,,1,,,,,,4,06/15/2017,06/15/2017,1,0,0,0,8,9,8,,,0,0,0,8,1,2,1,,,1,,,2,1,0.089,,,,,,,,,,,,,,,,,,,,,,,,,,,,,,0,0,0,1,1,1,0,1,0,0,0,0,1,0,0,0,0,0,0,0,0,1,1,0,1,1,1,0,0,1,0,0,0,0,0,,0,0,0,0,0,1,0,1,0,1,0,0,0,1,0,1,,,,,,18-20,16-25,County road,U,Monday,Belt Used,PV,Not Fatal,1,0,0,0,County Road,State Patrol,Washington State Patrol Headquarter,0,0,1,0,0,,,,,,0,0,0,,,,,,,,,,,,,,,,,,,,,,,,,,,,,,,,,,,
2018,255,E821586,122,07/18/2018,2:51,18,7,0,61,Snohomish,690,1,0,2,1,2,1,1,1,1,,,,8,0,0,6.2,1,0,1,3,2,1,3,0,0,0,0,SR-529,,-122.1833028,48.02946944,0,1,13,13,2,55,14,0,0,1,5,8,1,1,2,3,1,1,2,53,0,2,404,1999,0,0,63,8,,,,,1,1,33,1,0,0,0,0,99,0,11,0,,,,,0,0,0,2,1,0,0,0,0,96,,,,,,9,,,,,,98223,53,70,220,1,1,0,0,2,0,,97,,,,,,0,04/15/2017,04/15/2018,20,0,0,0,8,9,2,,,0,0,0,1,0,2,177,401,417,1,1,1,2,1,0,,,,,,,,,,,,,,,,,,,,,,,,,,,,,,0,0,0,0,0,0,1,1,0,1,0,1,0,1,0,0,0,0,0,0,0,0,0,0,0,0,0,0,0,1,0,1,0,0,0,,0,0,0,0,0,0,1,1,0,0,0,1,0,0,1,0,,,,,,31-35,26-35,State route,U,Wednesday,Unknown,PV,Not Fatal,0,0,0,0,State Route,Municipal/City Police,Everett Police Department,0,1,0,0,0,,,,,,0,0,1,,,,,,,,,,,,,,,,,,,,,,,,,,,,,,,,,,,
2018,238,E822709,2,07/01/2018,16:06,1,7,0,61,Snohomish,0,1,0,1,1,2,1,0,7,5,16:03,16:07,16:35,12,0,2,208.2,1,0,1,1,1,1,1,0,0,0,0,I-5,,-122.1965389,48.18052222,0,5,98,90,6,70,14,0,0,1,5,54,1,1,3,3,1,1,1,53,0,55,402,2018,0,0,54,,,,,,1,1,40,2,0,0,0,0,3,0,11,0,,,,,0,0,3,3,1,0,0,0,0,96,,,,,,0,,,,,,98223,53,64,115,6,1,0,0,0,0,,0,,,,,,0,,,20,0,0,0,8,9,8,,,0,0,0,8,0,8,95,,,96,,,8,95,995,,,,,,,,,,,,,,,,,,,,,,,,,,,,,,0,0,0,0,1,1,1,1,1,0,0,0,0,1,0,0,0,0,0,0,1,0,1,0,1,0,0,0,0,1,0,0,0,0,0,,0,0,0,0,0,0,0,0,0,0,0,0,0,0,0,0,,,,,,36-40,36-45,Interstate,R,Sunday,Belt Used,PV,Not Fatal,0,0,0,1,State Route,State Patrol,Washington State Patrol,0,1,0,0,0,,,,,,0,0,0,,,,,,,,,,,,,,,,,,,,,,,,,,,,,,,,,,,
2018,290,E830051,2,08/19/2018,21:20,19,8,0,61,Snohomish,0,1,0,2,1,7,1,0,4,4,,,,12,0,8,4.8,1,0,1,4,1,1,3,0,0,0,0,SR-530,,-122.1170972,48.20594444,0,1,64,10,2,55,6,0,0,1,7,12,2,1,2,1,14,1,1,53,0,48,45,2013,0,0,68,12,12,12,,,1,1,73,2,0,0,0,0,3,0,11,0,,,,,0,0,0,3,1,28,0,0,0,96,,,,,,0,,,,,,98223,53,66,145,6,1,0,0,0,0,,97,,,,,,0,,,20,0,0,0,8,9,8,,,0,0,0,8,0,2,1,,,1,,,2,1,0,,,,,,,,,,,,,,,,,,,,,,,,,,,,,,0,0,0,0,1,0,1,1,0,0,0,0,0,0,0,0,0,0,0,1,0,0,0,0,0,1,1,0,0,1,0,0,0,0,0,,0,0,0,0,0,0,0,0,0,0,0,0,0,0,0,0,,,,,,71-75,66-75,State route,R,Sunday,Belt Used,PV,Not Fatal,0,1,1,0,State Route,State Patrol,Washington State Patrol,0,1,0,0,0,,,,,,0,0,0,,,,,,,,,,,,,,,,,,,,,,,,,,,,,,,,,,,