year,case,par,repjur,crash_dt,crash_tm,accday,accmon,holiday,county,co_char,city,weather,weather2,lightcond,surfcond,surftype,numfatal,nmforms,pforms,vforms,not_tm,arr_tm,hosp_tm,fhevent,hitrun,manncol,milepnt,reljunc,reljuncinter,intersectiontype,funcsystem,landuse,ownership,route,schlbus,spejur,contdev,devfunc,trafid1,trafid2,x,y,wk_zone,vnumber,crashtype,criticalevent,criticaleventcat,spdlim,body,trailer,emerg,hazcargo,leave,mhevent,roadalgn,roadprof,traflane,trafflow,vehmanvr,numoccs,regowner,regstate,spuse,make,model,modelyr,vrf1,vrf2,seqevent1,seqevent2,seqevent3,seqevent4,seqevent5,seqevent6,pnumber,ptype,age,sex,hispanic,race,injury,diedscene,restraint,restraintmisuse,seatpos,takehosp,death_dt,death_tm,cert,cernum_wa,commlic,licendor,licrestrict,liccomp,drivpres,drf1,drf2,drf3,drf4,distract1,distract2,distract3,distract4,distract5,distract6,dricond1,dricond2,dricond3,dricond4,dricond5,dricond6,dzip,licstate,drhgt_in,weight,noncdl,noncdltype,prevdwi,prevoth,prevacc,prevspd,prevsus,driviol1,driviol2,driviol3,driviol4,driviol5,driviol6,spdrel,first_dt,last_dt,airbag,ejection,ejectpath,extricat,injurwrk,methalc,methdrug,nmlocat,strikveh,prf1,prf2,prf3,druginv,alcinvol,drugsts,drugres1,drugres2,drugres3,drugtst1,drugtst2,drugtst3,alcsts,alctst,alcres,nmact1,nmact2,nmact3,nmact4,nmact5,nmact6,nmprior1,nmprior2,nmprior3,nmprior4,nmprior5,nmprior6,nmcond1,nmcond2,nmcond3,nmcond4,nmcond5,nmcond6,nmsafe_helmet,nmsafe_pads,nmsafe_oth,nmprev_ref,nmprev_lgt,nmprev_oth,crashlocation,nmcrashtype,crosswalk,schoolzone,sidewalk,train_inv,wildlife_inv,rotr_fars,intersect_fars,dd_inv,aid_inv,dpd_inv,id_inv,mj_inv,impnm_inv,ainm_inv,dpnm_inv,speed_inv,unlic_inv,unendmc_inv,drowsy_inv,drdist_inv,nmdist_inv,fty_inv,unrestfat_inv,dr1617_inv,dr1820_inv,dr1620_inv,dr2125_inv,dr1625_inv,dr65_inv,dr70_inv,dr75_inv,mc_inv,pv_inv,ht_inv,ped_inv,bike_inv,unrest_fat,mc_fat,unhelmet_mc,pv_fat,ht_fat,ped_fat,bike_fat,dr_alc7,dr_alc8,dr_drug,dr_imp,dr_dist,dr_spd,dr_fty,dr_unlic,dr_alc7only,dr_alc8only,dr_drugonly,dr_drink,nm_imp,nm_alc7,nm_alc8,nm_drug,nm_dist,agegrp1,agegrp2,roadclass,urbrur,dayweek,restuse,vehtype,race_me,intersect,lanedep,oppdir,wrongway,rep_typ,investag,repag_long,rotr,st_rd,cty_rd,city_rd,oth_rd,drug_thc,thc_res,drug_cthc,cthc_res,drug_cann,prevpersemin,prevperse,prevsusoth,drugtst4,drugtst5,drugtst6,drugtst7,drugtst8,drugres4,drugres5,drugres6,drugres7,drugres8,adspresent,adsengaged,adslevel,race1,race2,race3,race4,race5,helmet,helmetmisuse,nmdistract1,nmdistract2,nmdistract3,nmdistract4,nmdistract5,nmdistract6,lab,isedtcase,crf1,crf2,crf3,CoRoadName,CoMP,IntCoRoadName,IntCoMP
2018,290,E830051,2,08/19/2018,21:20,19,8,0,61,Snohomish,0,1,0,2,1,7,1,0,4,4,,,,12,0,8,4.8,1,0,1,4,1,1,3,0,0,0,0,SR-530,,-122.1170972,48.20594444,0,3,98,62,4,55,34,0,0,1,5,12,3,1,2,1,14,1,1,53,0,7,482,2016,0,0,12,,,,,,1,1,42,1,0,0,0,0,3,0,11,0,,,,,0,0,0,3,1,0,0,0,0,96,,,,,,0,,,,,,98223,53,72,175,6,1,0,0,0,3,,0,,,,,,0,12/15/2014,03/15/2015,20,0,0,0,8,9,8,,,0,0,0,8,0,8,95,,,96,,,8,95,995,,,,,,,,,,,,,,,,,,,,,,,,,,,,,,0,0,0,0,1,0,1,1,0,0,0,0,0,0,0,0,0,0,0,1,0,0,0,0,0,1,1,0,0,1,0,0,0,0,0,,0,0,0,0,0,0,0,0,0,0,0,0,0,0,0,0,,,,,,41-45,36-45,State route,R,Sunday,Belt Used,PV,Not Fatal,0,1,1,0,State Route,State Patrol,Washington State Patrol,0,1,0,0,0,,,,,,0,0,0,,,,,,,,,,,,,,,,,,,,,,,,,,,,,,,,,,,
2018,290,E830051,2,08/19/2018,21:20,19,8,0,61,Snohomish,0,1,0,2,1,7,1,0,4,4,,,,12,0,8,4.8,1,0,1,4,1,1,3,0,0,0,0,SR-530,,-122.1170972,48.20594444,0,4,98,62,4,55,4,0,0,1,5,12,3,1,2,1,14,1,2,53,0,49,40,1997,0,0,12,,,,,,1,1,29,2,0,0,0,0,3,0,11,0,,,,,0,0,0,3,1,0,0,0,0,96,,,,,,0,,,,,,98223,53,61,115,6,1,0,0,0,0,,0,,,,,,0,,,20,0,0,0,8,9,8,,,0,0,0,8,0,8,95,,,96,,,8,95,995,,,,,,,,,,,,,,,,,,,,,,,,,,,,,,0,0,0,0,1,0,1,1,0,0,0,0,0,0,0,0,0,0,0,1,0,0,0,0,0,1,1,0,0,1,0,0,0,0,0,,0,0,0,0,0,0,0,0,0,0,0,0,0,0,0,0,,,,,,26-30,26-35,State route,R,Sunday,Belt Used,PV,Not Fatal,0,1,1,0,State Route,State Patrol,Washington State Patrol,0,1,0,0,0,,,,,,0,0,0,,,,,,,,,,,,,,,,,,,,,,,,,,,,,,,,,,,
2018,503,E857686,2,11/01/2018,4:51,1,11,0,61,Snohomish,690,2,0,3,2,2,1,0,1,1,,,,59,0,0,188.3,1,0,1,1,2,1,1,0,0,0,0,I-5,,-122.2131139,47.90418611,0,1,1,13,2,60,4,0,0,1,7,42,1,1,4,3,1,1,1,53,0,6,18,2013,0,0,63,59,38,42,,,1,1,46,2,7,1,4,7,20,0,11,0,11/01/2018,4:51,69053047909,47909,0,0,0,3,1,0,0,0,0,92,,,,,,99,,,,,,98223,53,65,320,6,1,0,3,0,2,,0,,,,,,0,06/15/2014,11/15/2017,1,0,0,0,0,9,8,,,0,0,0,8,9,2,401,417,,1,1,,2,1,0,,,,,,,,,,,,,,,,,,,,,,,,,,,,,,0,0,1,0,0,0,1,1,0,0,0,0,0,0,0,0,1,0,0,1,0,0,0,0,0,0,0,0,0,1,0,0,0,1,0,,1,0,0,0,0,0,1,1,1,0,0,0,0,0,1,0,,,,,,46-50,46-55,Interstate,U,Thursday,Not Used,PV,White,0,0,0,0,State Route,,,0,1,0,0,0,,,,,,0,0,0,,,,,,,,,,,,,,,,,,,,,,,,,,,,,,,,,,,
2018,490,E885282,39,12/31/2018,13:40,31,12,0,61,Snohomish,0,1,0,1,1,2,1,0,4,3,13:40,14:03,14:36,12,0,1,1.1,2,0,3,4,1,2,4,0,0,0,0,CR-84TH ST NE,105TH AVE NE,-122.0887972,48.07205833,0,3,98,62,4,50,15,0,0,1,7,12,1,1,2,1,1,1,3,53,0,54,421,2001,0,0,12,,,,,,1,1,28,1,0,0,2,0,3,0,11,8,,,,,0,0,3,2,1,0,0,0,0,96,,,,,,0,,,,,,98223,53,74,220,1,1,0,2,0,0,,97,,,,,,0,12/15/2015,01/15/2016,1,0,0,0,8,9,8,,,0,0,0,8,0,8,95,,,96,,,8,95,995,,,,,,,,,,,,,,,,,,,,,,,,,,,,,,0,0,0,1,0,0,0,0,0,0,0,0,0,1,0,0,1,0,0,0,0,0,0,0,0,0,0,0,0,1,0,0,0,0,0,,0,0,0,0,0,0,0,0,0,0,0,1,0,0,0,0,,,,,,26-30,26-35,County road,R,Monday,Belt Used,PV,Not Fatal,1,0,0,0,County Road,County Sheriff,Snohomish County Sheriff's Office,0,0,1,0,0,,,,,,0,0,2,,,,,,,,,,,,,,,,,,,,,,,,,,,,,,,,,,,
2019,93,E907632,7,03/14/2019,5:25,14,3,,33,King,1960,1,0,3,1,1,1,0,1,1,,,,25,0,0,167,1,0,1,1,2,1,1,0,0,0,0,I-5,,-122.3276361,47.62828889,0,1,6,6,1,60,80,0,0,1,7,25,3,2,4,3,14,1,2,53,0,76,705,2001,0,0,64,25,,,,,1,1,52,1,7,,4,7,20,7,11,0,03/14/2019,5:25,1.96053E+11,16256,0,0,3,3,1,0,0,0,0,96,,,,,,99,,,,,,98223,53,71,223,6,1,0,0,0,0,,0,,,,,,4,,,20,8,0,0,0,9,8,,,0,0,0,8,9,2,417,,,1,,,2,1,0,,,,,,,,,,,,,,,,,,,,,,,,,,,,,,0,0,1,0,0,0,1,1,0,0,0,0,1,0,0,0,0,0,0,0,0,0,0,0,0,0,0,0,1,0,0,0,0,0,1,0,0,0,0,0,0,0,1,1,0,1,0,0,0,0,1,0,,,,,,51-55,46-55,Interstate,U,Thursday,,MC,White,0,1,0,0,State Route,State Patrol,Washington State Patrol,1,1,0,0,0,,,,,,0,0,0,,,,,,,,,,,0,0,0,1,,,,,19,0,,,,,,,,,,,,,,,
2019,228,E940194,39,07/13/2019,21:44,13,7,,61,Snohomish,0,1,0,2,1,2,1,0,1,1,,,,42,0,0,3,1,0,1,5,1,2,4,0,0,0,0,CR-PIONEER HWY,,-122.2534556,48.20705278,0,1,1,13,2,50,80,0,0,1,7,30,3,1,2,1,14,1,1,53,0,72,706,2014,0,0,63,42,30,,,,1,1,58,1,7,,4,7,20,7,11,0,07/13/2019,21:44,53031288,31288,0,0,0,3,1,0,0,0,0,96,,,,,,99,,,,,,98223,53,64,187,6,1,0,2,0,0,,0,,,,,,4,07/15/2017,09/15/2017,20,8,0,0,0,9,8,,,0,0,0,8,9,2,136,155,,1,1,,2,1,0.119,,,,,,,,,,,,,,,,,,,,,,,,,,,,,,0,0,1,0,1,1,1,1,0,0,0,0,1,0,0,0,0,0,0,0,0,0,0,0,0,0,0,0,1,0,0,0,0,0,1,0,0,0,0,0,0,1,1,1,0,1,0,0,0,0,0,1,,,,,,56-60,56-65,County road,R,Saturday,,MC,White,0,1,0,0,County Road,County Sheriff,Snohomish County Sheriff's Office,1,0,1,0,0,,,,,,0,0,0,,,,,,,,,,,0,0,0,1,,,,,5,0,,,,,,,,,,,,,,,
2019,239,E941869,290,07/18/2019,12:36,18,7,,53,Pierce,2230,1,0,1,1,2,1,1,1,1,,,,8,0,0,0,1,0,1,3,2,1,6,0,0,0,0,E 28TH ST,,-122.4073944,47.23896389,0,1,13,80,5,25,66,1,0,1,5,8,1,2,3,4,1,1,3,53,0,85,881,2014,0,0,8,,,,,,1,1,58,1,0,,0,0,3,0,11,0,,,,,0,0,0,2,1,0,0,0,0,96,,,,,,0,,,,,,98223,53,66,150,1,1,0,3,1,0,,97,,,,,,0,03/15/2017,07/15/2018,20,0,0,0,8,9,8,,,0,0,0,8,0,8,95,,,96,,,8,95,995,,,,,,,,,,,,,,,,,,,,,,,,,,,,,,0,0,0,0,0,0,0,0,0,1,0,1,0,1,0,0,0,0,0,0,0,0,0,0,0,0,0,0,0,0,1,1,0,0,0,,0,0,0,0,0,0,0,0,0,0,0,1,0,0,0,0,,,,,,56-60,56-65,City street,U,Thursday,,MHTRUCK,Not Fatal,0,0,0,0,State Route,Municipal/City Police,Tacoma Police Department,0,1,0,0,0,,,,,,0,0,2,,,,,,,,,,,98,98,98,0,,,,,20,7,,,,,,,,,,,,,,,
2019,328,E960514,2,09/08/2019,5:15,8,9,,61,Snohomish,1215,2,0,3,2,2,1,0,2,2,,,,25,0,0,180.7,1,0,1,1,2,1,1,0,0,0,0,I-5,,-122.2926722,47.81394444,0,2,98,50,3,60,5,0,0,1,5,12,1,1,4,3,1,1,1,53,0,12,37,2012,0,0,12,,,,,,1,1,83,1,0,,0,0,3,0,11,0,,,,,0,0,3,3,1,0,0,0,0,96,,,,,,0,,,,,,98223,53,66,130,6,1,0,0,0,0,,0,,,,,,0,,,20,0,0,0,8,9,8,,,0,0,0,8,0,8,95,,,96,,,8,95,995,,,,,,,,,,,,,,,,,,,,,,,,,,,,,,0,0,0,0,1,1,1,1,0,0,0,0,0,0,0,0,0,0,0,0,0,0,0,0,0,1,1,1,0,1,0,0,0,0,0,,0,0,0,0,0,0,0,0,0,0,0,0,0,0,0,0,,,,,,81+,76+,Interstate,U,Sunday,Belt Used,PV,Not Fatal,0,0,0,1,State Route,State Patrol,Washington State Patrol,0,1,0,0,0,,,,,,0,0,0,,,,,,,,,,,98,98,98,0,,,,,20,7,,,,,,,,,,,,,,,
2019,491,E984535,39,11/10/2019,13:00,10,11,,61,Snohomish,0,1,0,1,1,2,1,0,1,1,,,,42,0,0,1.2,1,0,1,7,1,2,4,0,0,0,0,CR-ARLINGTON HEIGHTS RD,,-122.0951222,48.20989444,0,1,6,13,2,40,4,0,0,1,7,1,3,2,2,1,14,1,1,53,0,49,32,1988,0,0,63,69,68,64,42,1,1,1,50,1,7,,4,7,20,7,11,0,11/10/2019,13:00,53051294,51294,0,0,0,3,1,58,0,0,0,96,,,,,,99,,,,,,98223,53,64,155,6,1,0,0,1,1,,0,,,,,,0,04/15/2015,08/15/2015,20,0,0,0,0,9,8,,,0,0,0,8,9,2,1,,,1,,,2,1,0.23,,,,,,,,,,,,,,,,,,,,,,,,,,,,,,0,0,1,0,1,1,0,1,0,0,0,0,0,0,0,0,0,0,0,1,0,0,0,0,0,0,0,0,0,1,0,0,0,1,0,,1,0,0,0,0,1,0,1,0,0,0,0,0,1,0,1,,,,,,46-50,46-55,County road,R,Sunday,Not Used,PV,White,0,1,0,0,County Road,County Sheriff,Snohomish County Sheriff's Office,1,0,1,0,0,,,,,,0,0,0,,,,,,,,,,,0,0,0,1,,,,,20,7,,,,,,,,,,,,,,,
2019,424,E987951,2,11/19/2019,15:43,19,11,,57,Skagit,0,1,0,1,1,2,1,0,3,2,,,,12,0,6,0.5,2,0,2,5,2,2,4,0,0,0,0,CR-HIGGINS AIRPORT WAY,OVENELL RD,-122.4135444,48.45760278,0,2,68,15,2,50,63,1,0,1,7,12,1,1,2,1,11,1,3,53,0,85,881,2015,0,0,12,,,,,,1,1,63,1,0,,0,0,3,0,11,0,,,,,6,1,0,3,1,38,0,0,0,96,,,,,,0,,,,,,98223,53,69,190,6,1,0,0,0,0,,97,,,,,,0,,,20,0,0,0,8,9,8,,,0,0,0,8,0,8,95,,,96,,,8,95,995,,,,,,,,,,,,,,,,,,,,,,,,,,,,,,0,0,0,1,0,0,1,1,0,0,0,0,1,0,0,0,0,0,1,0,0,0,0,0,0,0,0,0,0,1,1,0,0,0,0,,0,0,0,0,0,0,0,0,0,0,1,0,0,0,0,0,,,,,,61-65,56-65,County road,U,Tuesday,,MHTRUCK,Not Fatal,1,0,0,0,County Road,State Patrol,Washington State Patrol,0,0,1,0,0,,,,,,0,0,0,,,,,,,,,,,98,98,98,0,,,,,20,7,,,,,,,,,,,,,,,
2020,99,EA29532,2,04/17/2020,15:20,17,4,,61,Snohomish,0,1,,1,1,2,1,0,2,2,15:20,15:26,,12,0,6,31.4,2,0,3,5,1,1,3,0,0,0,0,SR-9,252ND ST NE,-122.1433083,48.22460556,0,2,69,62,4,50,80,0,0,1,2,12,1,1,3,1,1,1,1,53,0,72,706,2012,0,,12,,,,,,1,1,62,1,7,,4,7,20,7,11,0,04/17/2020,15:20,53019515,19515,0,0,0,3,1,0,,,,96,,,,,,0,,,,,,98223,53,70,200,6,1,0,0,0,0,,0,,,,,,0,,,20,8,0,0,0,9,8,,,0,,,8,8,2,1,,,1,,,2,1,0.041,,,,,,,,,,,,,,,,,,,,,,,,,,,,,,0,0,0,1,1,0,0,0,0,0,0,0,0,1,0,0,0,0,1,0,0,0,0,0,0,0,0,0,1,1,0,0,0,0,1,0,0,0,0,0,1,0,0,0,0,0,0,0,1,0,0,1,,,,,,61-65,56-65,State route,R,Friday,,MC,White,1,0,0,0,State Route,State Patrol,Washington State Patrol,0,1,0,0,0,,,,,,0,0,0,,,,,,,,,,,0,0,0,1,,,,,5,0,,,,,,,,1,0,,,,,,
2020,220,EA45455,40,06/28/2020,0:35,28,6,,63,Spokane,0,1,,2,11,5,1,0,2,1,,,,1,0,0,0.7,1,0,1,7,1,2,4,0,0,0,0,CR-E HAYS RD,,-117.2517167,47.374675,0,1,98,6,1,98,96,0,0,1,2,1,3,2,2,1,14,2,1,53,0,98,734,2019,0,,1,,,,,,1,1,38,1,7,,4,7,20,7,11,0,06/28/2020,0:35,53029841,29841,0,0,0,1,1,0,,,,96,,,,,,9,,,,,,98223,53,74,245,6,1,0,0,0,0,,0,,,,,,4,,,20,2,9,0,0,9,8,,,0,,,8,1,2,1,,,1,,,2,1,0.22,,,,,,,,,,,,,,,,,,,,,,,,,,,,,,0,0,0,0,1,1,0,1,0,0,0,0,1,0,0,0,0,0,0,0,0,0,0,0,0,0,0,0,0,0,0,0,0,0,0,,0,0,0,0,0,1,0,1,0,1,0,0,0,1,0,1,,,,,,36-40,36-45,County road,R,Sunday,,OTHVT,White,0,1,0,0,County Road,County Sheriff,Spokane County Sheriff's Office,1,0,1,0,0,,,,,,0,0,0,,,,,,,,,,,0,0,0,1,,,,,17,7,,,,,,,,1,0,,,HAYS RD,0.65,,
2020,435,EA79102,39,11/07/2020,3:09,7,11,,61,Snohomish,0,1,,2,1,2,2,0,2,1,,,,43,0,0,0.7,1,0,1,6,1,1,8,0,0,0,0,20TH ST SE,,-122.1494056,47.97798889,0,1,2,6,1,30,2,0,0,1,2,43,1,1,1,4,1,2,2,42,0,32,50,2017,0,,63,43,,,,,1,1,45,1,1,,4,7,3,0,11,0,11/07/2020,3:09,53051881,51881,0,0,3,3,1,8,58,,,96,,,,,,98,,,,,,98223,53,70,215,6,1,0,1,0,0,,0,,,,,,4,06/15/2017,06/15/2017,8,0,0,0,0,9,8,,,0,,,8,8,2,996,996,695,1,1,1,2,1,0.068,,,,,,,,,,,,,,,,,,,,,,,,,,,,,,0,0,0,0,1,0,1,1,1,0,0,0,1,0,0,0,0,0,0,0,0,0,0,0,0,0,0,0,0,1,0,0,0,0,0,,1,0,0,0,1,0,1,1,0,1,0,0,0,0,0,1,,,,,,41-45,36-45,Other,R,Saturday,Belt Used,PV,Hispanic,0,1,0,0,State Route,County Sheriff,Snohomish County Sheriff's Office,1,1,0,0,0,thc,19,carboxy-thc,28,,0,0,0,1,,,,,605,,,,,98,98,98,1,,,,,20,7,,,,,,,nms,1,0,,,,,,
2020,469,EA87213,39,10/25/2020,15:08,25,10,,61,Snohomish,0,1,,1,1,2,1,0,2,2,15:11,15:18,15:41,12,0,6,0.1,8,0,1,5,1,2,4,0,0,0,0,CR-PIONEER HWY E,,-122.2059306,48.18778889,0,1,98,10,2,50,80,0,0,1,2,12,1,2,2,1,6,1,1,53,0,72,706,2003,0,,68,12,,,,,1,1,50,1,7,,4,0,20,7,11,5,10/25/2020,15:48,69053050091,50091,6,0,3,3,1,33,,,,96,,,,,,98,,,,,,98223,53,69,235,6,1,0,1,0,0,,0,,,,,,0,12/15/2016,12/15/2016,20,8,0,0,0,9,8,,,0,,,8,8,2,695,605,,1,1,,2,1,0.031,,,,,,,,,,,,,,,,,,,,,,,,,,,,,,0,0,0,0,1,0,1,1,1,0,0,0,0,0,0,0,0,0,0,0,0,0,0,0,0,0,0,0,1,1,0,0,0,0,1,1,0,0,0,0,1,0,1,1,0,0,0,0,0,0,0,1,,,,,,46-50,46-55,County road,R,Sunday,,MC,White,0,0,0,0,County Road,County Sheriff,Snohomish County Sheriff's Office,0,0,1,0,0,thc,16,carboxy-thc,110,,0,0,0,,,,,,,,,,,0,0,0,1,,,,,16,0,,,,,,,nms,1,0,,,PIONEER HWY EAST,0.066,,
2020,494,EA90642,2,12/04/2020,15:18,4,12,,61,Snohomish,690,1,,1,1,2,1,0,2,2,15:17,15:27,15:42,12,0,7,187.4,1,0,1,1,2,1,1,0,0,0,0,I-5,,-122.2195417,47.89227778,0,2,45,60,4,60,4,0,0,1,5,12,1,1,4,3,15,1,1,53,0,19,21,2005,0,,12,,,,,,1,1,58,1,0,,0,0,3,0,11,0,,,,,0,0,0,3,1,0,,,,96,,,,,,0,,,,,,98223,53,67,200,6,1,0,1,2,1,,0,,,,,,0,07/15/2016,06/15/2019,20,0,0,0,8,9,8,,,0,,,8,8,0,0,,,0,,,0,0,996,,,,,,,,,,,,,,,,,,,,,,,,,,,,,,0,0,0,0,0,0,0,0,0,0,0,0,0,0,0,0,0,0,0,0,0,0,0,0,0,0,0,0,1,1,0,0,0,0,0,,0,0,0,0,0,0,0,0,0,0,0,0,0,0,0,0,,,,,,56-60,56-65,Interstate,U,Friday,Belt Used,PV,Not Fatal,0,0,0,0,State Route,State Patrol,Washington State Patrol,0,1,0,0,0,,,,,,0,0,0,,,,,,,,,,,98,98,98,0,,,,,20,7,,,,,,,,1,0,,,,,,
2020,508,EA93821,2,12/24/2020,6:39,24,12,,61,Snohomish,690,1,,2,4,2,1,0,4,4,6:45,6:57,,25,0,0,195,1,0,1,1,2,1,1,0,0,0,0,I-5,,-122.1788028,47.99383056,0,2,98,98,7,60,14,0,0,1,5,12,1,2,3,3,5,1,1,53,0,2,404,2019,0,,12,,,,,,1,1,28,2,0,,0,0,3,0,11,0,,,,,0,0,0,3,1,0,,,,96,,,,,,98,,,,,,98223,53,63,120,6,1,0,0,1,1,,0,,,,,,0,05/15/2018,05/15/2018,20,0,0,0,8,9,8,,,0,,,8,8,8,95,,,96,,,8,95,995,,,,,,,,,,,,,,,,,,,,,,,,,,,,,,0,0,0,0,0,0,0,0,0,0,0,0,1,1,0,0,0,0,0,1,0,0,0,0,0,0,0,0,0,1,0,0,0,0,0,,0,0,0,0,0,0,0,0,0,0,0,0,0,0,0,0,,,,,,26-30,26-35,Interstate,U,Thursday,Belt Used,PV,Not Fatal,0,1,0,0,State Route,State Patrol,Washington State Patrol,1,1,0,0,0,,,,,,0,0,0,,,,,,,,,,,98,98,98,0,,,,,20,7,,,,,,,,1,0,,,,,,
2021,70,EB14483,3,03/16/2021,13:20,16,3,,67,Thurston,1102,1,,1,1,2,1,1,1,1,,,,8,0,0,108.4,1,0,1,1,2,1,1,0,0,0,0,I-5,,-122.8357611,47.04561944,0,1,13,80,5,60,63,0,0,1,5,8,1,1,3,3,1,1,3,53,0,85,881,2015,0,,8,,,,,,1,1,43,1,0,,0,0,20,7,11,0,,,,,6,1,0,3,1,0,,,,96,,,,,,98,,,,,,98223,53,69,200,6,1,0,0,2,1,,0,,,,,,0,09/15/2018,07/15/2020,20,0,0,0,8,3,2,,,0,,,8,8,0,0,,,0,,,0,0,996,,,,,,,,,,,,,,,,,,,,,,,,,,,,,,0,0,0,0,0,0,0,0,0,0,0,0,0,0,0,0,0,0,0,0,0,0,0,0,0,0,0,0,0,0,1,1,0,0,0,,0,0,0,0,0,0,0,0,0,0,0,0,0,0,0,0,,,,,,41-45,36-45,Interstate,U,Tuesday,,MHTRUCK,Not Fatal,0,0,0,0,State Route,State Patrol,Washington State Patrol,0,1,0,0,0,,,,,,0,0,0,,,,,,,,,,,98,98,98,0,,,,,20,,,,,,,,,1,0,,,,,,
2021,103,EB22784,2,03/21/2021,21:02,21,3,,61,Snohomish,0,2,,2,2,2,1,0,4,2,,,,24,0,0,187.1,1,0,1,1,2,1,1,0,0,0,0,I-5,,-122.224175,47.88969444,0,1,6,9,1,60,2,0,0,1,2,24,1,1,4,3,15,2,2,53,0,49,45,2001,0,,64,24,1,54,,,1,1,39,1,7,,4,7,3,0,11,0,03/21/2021,21:02,53014395,14395,0,0,3,2,1,0,,,,96,,,,,,98,,,,,,98223,53,70,173,1,1,2,4,2,2,,0,,,,,,4,02/15/2018,09/15/2020,20,0,0,0,0,9,8,,,0,,,8,8,2,695,605,996,1,1,1,2,1,0.069,,,,,,,,,,,,,,,,,,,,,,,,,,,,,,0,0,1,0,1,0,1,1,1,0,0,0,1,1,0,0,0,0,0,0,0,0,0,0,0,0,0,0,0,1,0,0,0,0,0,,1,0,0,0,1,0,1,1,0,1,0,1,0,0,0,1,,,,,,36-40,36-45,Interstate,U,Sunday,Belt Used,PV,White,0,1,0,0,State Route,State Patrol,Washington State Patrol,1,1,0,0,0,thc,1.4,carboxy-thc,6.1,,0,0,5,1,1,,,,401,417,,,,98,98,98,1,,,,,20,,,,,,,,nms,1,14,,,,,,
2017,157,E672155,2,05/14/2017,10:30,14,5,0,73,Whatcom,0,1,0,1,1,2,3,0,4,3,10:25,10:38,,12,0,8,15.6,1,0,1,4,1,1,3,0,0,0,0,SR-542,,-122.1883472,48.82231111,0,2,65,62,4,55,4,0,0,1,2,1,2,1,2,1,14,1,2,53,0,49,51,2012,0,0,12,63,1,,,,1,1,24,2,0,0,2,0,3,0,11,8,,,,,0,0,3,3,1,0,0,0,0,0,,,,,,0,,,,,,98225,53,65,260,6,1,0,0,0,0,0,0,,,,,,0,,,8,0,0,0,8,9,8,,,0,0,0,8,0,0,0,0,0,0,0,0,0,0,996,,,,,,,,,,,,,,,,,,,,,,,,,,,,,,0,0,0,0,0,0,1,1,1,0,0,0,0,0,0,0,1,0,0,0,0,0,0,1,1,1,1,0,0,1,0,0,0,0,0,,0,0,0,0,0,0,0,0,0,0,0,0,0,0,0,0,,,,,,21-25,16-25,State route,R,Sunday,Belt Used,PV,Not Fatal,0,1,1,0,State Route,State Patrol,Washington State Patrol Headquarter,0,1,0,0,0,,,,,,,,,,,,,,,,,,,,,,,,,,,,,,,,,,,,,,,,,,,
2017,351,E702002,337,08/16/2017,9:59,16,8,0,73,Whatcom,110,10,0,1,1,2,1,0,1,1,,,,31,0,0,0,3,0,6,4,2,4,6,0,0,0,0,BOULEVARD ST,N FOREST ST,-122.4851056,48.74330556,0,1,6,8,1,25,29,0,0,1,2,42,2,1,2,1,10,1,2,53,0,12,461,1988,0,0,64,31,42,,,,1,1,94,1,7,1,4,0,99,0,11,4,09/02/2017,15:30,11053038978,38978,0,0,3,3,1,0,0,0,0,0,,,,,,1,,,,,,98225,53,66,145,6,1,0,0,0,0,0,0,,,,,,0,,,20,0,0,0,0,9,8,,,0,0,0,8,9,0,0,0,0,0,0,0,0,0,996,,,,,,,,,,,,,,,,,,,,,,,,,,,,,,0,0,1,1,0,0,0,0,0,0,0,0,0,0,0,0,0,0,0,0,0,0,0,0,0,1,1,1,0,1,0,0,0,0,0,,1,0,0,0,0,0,0,0,0,0,0,0,0,0,0,0,,,,,,81+,76+,City street,U,Wednesday,Unknown,PV,White,1,0,0,0,City Street,Municipal/City Police,Bellingham Police Department,0,0,0,1,0,,,,,,,,,,,,,,,,,,,,,,,,,,,,,,,,,,,,,,,,,,,
2018,284,E829556,2,08/09/2018,23:13,9,8,0,57,Skagit,0,1,0,2,1,2,1,0,6,5,23:07,23:17,23:54,12,0,1,233.4,1,0,1,1,1,1,1,0,0,0,0,I-5,,-122.3392944,48.50786944,0,3,98,53,3,70,4,0,0,1,2,12,1,2,2,3,5,1,1,53,0,48,34,2008,0,0,12,12,,,,,1,1,46,1,0,0,0,0,3,0,11,0,,,,,0,0,0,3,1,0,0,0,0,0,,,,,,0,,,,,,98225,53,68,170,6,1,0,0,0,0,,0,,,,,,0,,,20,0,0,0,8,9,8,,,0,0,0,8,0,8,95,,,96,,,8,95,995,,,,,,,,,,,,,,,,,,,,,,,,,,,,,,0,0,0,0,1,0,0,0,0,0,0,0,1,0,0,0,1,0,0,0,0,1,1,1,1,0,0,0,0,1,0,0,0,0,0,,0,0,0,0,0,0,0,0,0,0,0,0,0,0,0,0,,,,,,46-50,46-55,Interstate,R,Thursday,Belt Used,PV,Not Fatal,0,0,0,0,State Route,State Patrol,Washington State Patrol,0,1,0,0,0,,,,,,0,0,0,,,,,,,,,,,,,,,,,,,,,,,,,,,,,,,,,,,
2019,247,E944151,2,07/24/2019,14:12,24,7,,73,Whatcom,0,1,0,1,1,7,1,0,1,1,,,,35,0,0,7.9,1,0,1,5,1,2,4,0,0,0,0,CR-S PASS RD,,-122.1765667,48.96277222,0,1,1,13,2,35,80,0,0,1,2,35,1,1,2,1,1,1,1,53,0,71,706,2018,0,0,63,35,,,,,1,1,32,1,7,,4,7,20,7,11,0,07/24/2019,14:12,53033572,33572,0,0,0,2,1,0,0,0,0,96,,,,,,99,,,,,,98225,53,69,130,6,1,0,1,1,1,,0,,,,,,0,12/15/2015,04/15/2017,20,8,0,0,0,9,8,,,0,0,0,8,0,2,1,,,1,,,2,1,0,,,,,,,,,,,,,,,,,,,,,,,,,,,,,,0,0,1,0,0,0,0,0,0,0,0,0,0,0,1,0,0,0,0,0,0,0,0,0,0,0,0,0,1,0,0,0,0,0,1,0,0,0,0,0,0,0,0,0,0,0,0,0,0,0,0,0,,,,,,31-35,26-35,County road,R,Wednesday,,MC,White,0,1,0,0,County Road,State Patrol,Washington State Patrol,1,0,1,0,0,,,,,,0,0,0,,,,,,,,,,,0,0,0,1,,,,,5,0,,,,,,,,,,,,,,,