year,case,par,repjur,crash_dt,crash_tm,accday,accmon,holiday,county,co_char,city,weather,weather2,lightcond,surfcond,surftype,numfatal,nmforms,pforms,vforms,not_tm,arr_tm,hosp_tm,fhevent,hitrun,manncol,milepnt,reljunc,reljuncinter,intersectiontype,funcsystem,landuse,ownership,route,schlbus,spejur,contdev,devfunc,trafid1,trafid2,x,y,wk_zone,vnumber,crashtype,criticalevent,criticaleventcat,spdlim,body,trailer,emerg,hazcargo,leave,mhevent,roadalgn,roadprof,traflane,trafflow,vehmanvr,numoccs,regowner,regstate,spuse,make,model,modelyr,vrf1,vrf2,seqevent1,seqevent2,seqevent3,seqevent4,seqevent5,seqevent6,pnumber,ptype,age,sex,hispanic,race,injury,diedscene,restraint,restraintmisuse,seatpos,takehosp,death_dt,death_tm,cert,cernum_wa,commlic,licendor,licrestrict,liccomp,drivpres,drf1,drf2,drf3,drf4,distract1,distract2,distract3,distract4,distract5,distract6,dricond1,dricond2,dricond3,dricond4,dricond5,dricond6,dzip,licstate,drhgt_in,weight,noncdl,noncdltype,prevdwi,prevoth,prevacc,prevspd,prevsus,driviol1,driviol2,driviol3,driviol4,driviol5,driviol6,spdrel,first_dt,last_dt,airbag,ejection,ejectpath,extricat,injurwrk,methalc,methdrug,nmlocat,strikveh,prf1,prf2,prf3,druginv,alcinvol,drugsts,drugres1,drugres2,drugres3,drugtst1,drugtst2,drugtst3,alcsts,alctst,alcres,nmact1,nmact2,nmact3,nmact4,nmact5,nmact6,nmprior1,nmprior2,nmprior3,nmprior4,nmprior5,nmprior6,nmcond1,nmcond2,nmcond3,nmcond4,nmcond5,nmcond6,nmsafe_helmet,nmsafe_pads,nmsafe_oth,nmprev_ref,nmprev_lgt,nmprev_oth,crashlocation,nmcrashtype,crosswalk,schoolzone,sidewalk,train_inv,wildlife_inv,rotr_fars,intersect_fars,dd_inv,aid_inv,dpd_inv,id_inv,mj_inv,impnm_inv,ainm_inv,dpnm_inv,speed_inv,unlic_inv,unendmc_inv,drowsy_inv,drdist_inv,nmdist_inv,fty_inv,unrestfat_inv,dr1617_inv,dr1820_inv,dr1620_inv,dr2125_inv,dr1625_inv,dr65_inv,dr70_inv,dr75_inv,mc_inv,pv_inv,ht_inv,ped_inv,bike_inv,unrest_fat,mc_fat,unhelmet_mc,pv_fat,ht_fat,ped_fat,bike_fat,dr_alc7,dr_alc8,dr_drug,dr_imp,dr_dist,dr_spd,dr_fty,dr_unlic,dr_alc7only,dr_alc8only,dr_drugonly,dr_drink,nm_imp,nm_alc7,nm_alc8,nm_drug,nm_dist,agegrp1,agegrp2,roadclass,urbrur,dayweek,restuse,vehtype,race_me,intersect,lanedep,oppdir,wrongway,rep_typ,investag,repag_long,rotr,st_rd,cty_rd,city_rd,oth_rd,drug_thc,thc_res,drug_cthc,cthc_res,drug_cann,prevpersemin,prevperse,prevsusoth,drugtst4,drugtst5,drugtst6,drugtst7,drugtst8,drugres4,drugres5,drugres6,drugres7,drugres8,adspresent,adsengaged,adslevel,race1,race2,race3,race4,race5,helmet,helmetmisuse,nmdistract1,nmdistract2,nmdistract3,nmdistract4,nmdistract5,nmdistract6,lab,isedtcase,crf1,crf2,crf3,CoRoadName,CoMP,IntCoRoadName,IntCoMP
2020,5,EA02006,7,01/05/2020,14:14,5,1,,33,King,1960,1,,1,2,1,1,0,4,2,14:23,14:34,15:02,12,0,11,0.1,5,1,1,1,2,1,1,0,0,0,0,I-5 RAMP,,-122.3307194,47.71005278,0,2,98,98,7,98,5,0,0,1,7,12,2,1,1,6,14,3,1,53,0,29,5,2013,0,,12,,,,,,1,1,51,1,7,,4,0,3,0,11,5,01/07/2020,16:16,1.96053E+11,1672,0,0,0,3,1,0,,,,96,,,,,,98,,,,,,98225,53,70,190,6,1,0,0,0,0,,0,,,,,,0,,,8,0,0,0,0,9,8,,,0,,,8,8,2,1,,,1,,,2,1,0,,,,,,,,,,,,,,,,,,,,,,,,,,,,,,0,0,0,0,1,1,1,1,1,0,0,0,1,0,0,0,0,0,0,0,0,0,0,1,1,0,0,0,0,1,0,0,0,0,0,,1,0,0,0,0,0,0,0,0,0,0,0,0,0,0,0,,,,,,51-55,46-55,Interstate,U,Sunday,Belt Used,PV,White,0,1,1,0,State Route,State Patrol,Washington State Patrol,0,1,0,0,0,,,,,,0,0,0,,,,,,,,,,,98,98,98,1,,,,,20,7,,,,,,,,1,0,,,,,,
2020,377,EA68157,2,09/26/2020,8:20,26,9,,57,Skagit,0,2,,1,2,1,1,0,2,2,8:20,8:38,,1,0,0,14,1,0,1,5,1,1,3,0,0,0,0,SR-011,,-122.4820278,48.64353056,0,1,6,6,1,40,80,0,0,1,2,12,3,4,2,1,14,1,1,53,0,76,705,2017,0,,68,64,1,69,12,,1,1,25,1,7,,4,7,20,7,11,0,09/26/2020,9:53,23053045456,45456,0,0,0,3,1,0,,,,96,,,,,,98,,,,,,98225,53,75,200,6,1,0,1,0,1,,0,,,,,,4,11/15/2018,04/15/2019,20,8,0,0,0,9,8,,,0,,,8,8,2,1,,,1,,,2,1,0,,,,,,,,,,,,,,,,,,,,,,,,,,,,,,0,0,1,0,0,0,0,0,0,0,0,0,1,0,0,0,0,0,0,0,0,0,0,1,1,0,0,0,1,1,0,0,0,0,1,0,0,0,0,0,0,0,0,0,0,1,0,0,0,0,0,0,,,,,,21-25,16-25,State route,R,Saturday,,MC,White,0,1,0,0,State Route,State Patrol,Washington State Patrol,1,1,0,0,0,,,,,,0,0,0,,,,,,,,,,,0,0,0,1,,,,,5,0,,,,,,,,1,0,,,,,,
2020,377,EA68157,2,09/26/2020,8:20,26,9,,57,Skagit,0,2,,1,2,1,1,0,2,2,8:20,8:38,,1,0,0,14,1,0,1,5,1,1,3,0,0,0,0,SR-011,,-122.4820278,48.64353056,0,2,98,62,4,40,34,0,0,1,5,12,2,4,2,1,14,1,1,53,0,49,472,1995,0,,12,,,,,,1,1,29,1,0,,0,0,3,0,11,0,,,,,0,0,0,3,1,0,,,,96,,,,,,0,,,,,,98225,53,69,180,6,1,0,0,0,0,,0,,,,,,0,,,20,0,0,0,8,9,8,,,0,,,8,8,0,0,,,0,,,0,0,996,,,,,,,,,,,,,,,,,,,,,,,,,,,,,,0,0,1,0,0,0,0,0,0,0,0,0,1,0,0,0,0,0,0,0,0,0,0,1,1,0,0,0,1,1,0,0,0,0,0,,0,0,0,0,0,0,0,0,0,0,0,0,0,0,0,0,,,,,,26-30,26-35,State route,R,Saturday,Belt Used,PV,Not Fatal,0,1,0,0,State Route,State Patrol,Washington State Patrol,1,1,0,0,0,,,,,,0,0,0,,,,,,,,,,,0,0,0,0,,,,,20,7,,,,,,,,1,0,,,,,,
2021,76,EB17427,2,03/16/2021,12:53,16,3,,57,Skagit,0,1,,1,1,2,1,0,2,2,,,,12,0,2,,1,0,1,4,1,2,4,0,0,0,0,CR-HIGGINS AIRPORT WAY,,-122.4135583,48.45470833,0,1,50,10,2,50,14,0,0,1,2,12,1,1,2,1,1,1,1,53,0,38,402,1997,0,,68,12,,,,,1,1,25,1,7,,4,7,3,0,11,0,03/16/2021,12:53,53013205,13205,0,0,0,3,1,28,,,,92,,,,,,98,,,,,,98225,53,75,170,6,1,0,1,0,0,,0,,,,,,0,08/15/2017,08/15/2017,1,0,0,0,0,9,8,,,0,,,8,8,2,695,605,,1,1,,2,1,0,,,,,,,,,,,,,,,,,,,,,,,,,,,,,,0,0,0,0,0,0,1,1,1,0,0,0,0,0,0,0,1,0,0,0,0,0,0,1,1,1,0,0,0,1,1,0,0,0,0,,1,0,0,0,0,0,1,1,1,0,0,0,0,0,1,0,,,,,,21-25,16-25,County road,R,Tuesday,Belt Used,PV,White,0,1,1,0,County Road,State Patrol,Washington State Patrol,0,0,1,0,0,thc,13,carboxy-thc,58,,0,0,0,,,,,,,,,,,0,0,0,1,,,,,20,,,,,,,,nms,1,0,,,HIGGINS AIRPORT WAY,0.28,NULL,
2021,285,EB56262,2,08/09/2021,4:00,9,8,,73,Whatcom,0,10,,2,1,2,1,0,1,1,,,,38,0,0,4,1,0,1,5,1,1,3,0,0,0,0,SR-547,,-122.1639167,48.96871944,0,1,1,13,2,45,4,0,0,1,2,30,3,2,2,1,14,1,3,53,0,49,40,2021,0,,63,38,30,59,1,,1,1,32,1,7,,4,7,20,7,11,0,08/09/2021,4:00,53039331,39331,0,0,0,3,1,0,,,,96,,,,,,98,,,,,,98225,53,74,215,6,1,0,1,0,0,,0,,,,,,4,09/15/2016,09/15/2016,8,0,0,0,0,9,8,,,0,,,1,8,2,695,605,996,1,1,1,2,1,0,,,,,,,,,,,,,,,,,,,,,,,,,,,,,,0,0,1,0,0,0,1,1,1,0,0,0,1,0,0,0,0,0,0,1,0,0,0,0,0,0,0,0,0,1,0,0,0,1,0,,1,0,0,0,0,0,1,1,0,1,0,0,0,0,1,0,,,,,,31-35,26-35,State route,R,Monday,Not Used,PV,White,0,1,0,0,State Route,State Patrol,Washington State Patrol,1,1,0,0,0,thc,0.69,carboxy-thc,5.6,,0,0,1,1,1,,,,401,417,,,,98,98,98,1,,,,,20,,,,,,,,nms,1,0,,,,,,
2021,399,EB75553,337,09/28/2021,19:53,28,9,,73,Whatcom,110,1,,2,1,2,1,1,1,1,,,,9,0,0,2.4,1,0,1,4,2,1,3,0,0,0,0,SR-542,,-122.4210278,48.79024444,0,1,13,83,5,55,4,0,0,1,2,9,2,1,2,1,14,1,1,53,0,48,34,2001,0,,9,,,,,,1,1,23,2,0,,0,0,3,0,11,0,,,,,0,0,0,3,1,0,,,,96,,,,,,98,,,,,,98225,53,63,180,6,1,0,0,0,0,,0,,,,,,0,,,20,0,0,0,8,9,8,,,0,,,8,8,8,95,,,96,,,8,95,995,,,,,,,,,,,,,,,,,,,,,,,,,,,,,,0,0,0,0,0,0,0,0,0,1,1,1,0,0,0,0,0,0,0,0,0,0,0,1,1,0,0,0,0,1,0,0,1,0,0,,0,0,0,0,0,0,0,0,0,0,0,0,0,0,0,0,,,,,,21-25,16-25,State route,U,Tuesday,Belt Used,PV,Not Fatal,0,0,0,0,State Route,Municipal/City Police,Bellingham Police Department,0,1,0,0,0,,,,,,0,0,0,,,,,,,,,,,98,98,98,0,,,,,20,,,,,,,,,1,0,,,,,,
2021,418,EB78757,337,09/28/2021,20:46,28,9,,73,Whatcom,110,1,,3,1,2,1,0,2,1,,,,33,0,0,0,3,0,2,4,2,4,6,0,0,0,0,YEW ST,WOBURN ST,-122.4450306,48.75661944,0,1,1,13,2,98,4,0,0,1,2,42,3,8,2,1,11,2,2,53,0,7,24,2007,0,,63,33,42,,,,1,1,24,1,0,,1,0,1,0,11,5,,,,,0,0,0,2,1,48,,,,96,,,,,,9,,,,,,98225,53,65,150,1,1,1,3,0,3,,1,11,,,,,0,01/15/2017,10/15/2020,1,0,0,0,8,9,8,,,0,,,8,1,9,999,,,99,,,9,99,999,,,,,,,,,,,,,,,,,,,,,,,,,,,,,,0,0,1,1,1,0,0,0,0,0,0,0,0,1,0,0,0,0,0,0,0,0,0,1,1,0,0,0,0,1,0,0,0,0,0,,0,0,0,0,0,0,0,0,0,0,0,1,0,0,0,1,,,,,,21-25,16-25,City street,U,Tuesday,Belt Used,PV,Not Fatal,1,0,0,0,City Street,Municipal/City Police,Bellingham Police Department,0,0,0,1,0,,,,,,1,0,5,,,,,,,,,,,98,98,98,0,,,,,20,,,,,,,,,1,0,,,,,,
2021,488,EB93013,337,11/14/2021,19:06,14,11,,73,Whatcom,110,2,,3,2,2,2,0,3,2,,,,12,0,6,0,1,0,1,3,2,4,6,0,0,0,0,LAKEWAY DR,,-122.4391722,48.74756944,0,1,64,9,1,35,2,0,0,1,2,12,2,1,3,1,14,2,2,53,0,35,47,2009,0,,68,12,,,,,1,1,26,1,1,,4,7,20,7,11,0,11/14/2021,19:06,11053059861,59861,0,0,0,0,1,0,,,,96,,,,,,98,,,,,,98225,6,67,180,0,0,0,0,0,0,,0,,,,,,4,,,8,0,0,0,0,9,8,,,0,,,8,8,2,605,695,401,1,1,1,2,1,0,,,,,,,,,,,,,,,,,,,,,,,,,,,,,,0,0,0,0,0,0,1,1,1,0,0,0,1,1,0,0,0,0,0,1,0,0,0,0,0,0,0,0,0,1,0,0,0,1,0,,1,0,0,0,0,0,1,1,0,1,0,1,0,0,1,0,,,,,,26-30,26-35,City street,U,Sunday,Not Used,PV,Hispanic,0,1,1,0,City Street,Municipal/City Police,Bellingham Police Department,0,0,0,1,0,thc,1.5,carboxy-thc,10,,0,0,0,1,,,,,417,,,,,98,98,98,1,,,,,20,,,,,,,,nms,1,0,,,,,,
2017,143,E673190,2,05/12/2017,17:22,12,5,0,57,Skagit,0,10,0,1,1,2,1,0,2,2,17:21,17:31,,12,0,2,236.6,1,0,1,1,1,1,1,0,0,0,0,I-5,,-122.3499083,48.55785278,0,2,51,62,4,70,63,0,0,1,2,2,1,1,4,2,1,1,3,53,0,12,881,2000,0,0,12,63,24,2,,,1,1,36,1,0,0,0,0,3,0,11,0,,,,,6,1,0,3,1,0,0,0,0,0,,,,,,0,,,,,,98226,53,67,180,6,1,0,0,0,2,1,0,,,,,,0,10/15/2012,07/15/2016,1,0,0,0,8,9,8,,,0,0,0,8,0,0,0,0,0,0,0,0,0,0,996,,,,,,,,,,,,,,,,,,,,,,,,,,,,,,0,0,0,0,0,0,0,0,0,0,0,0,0,0,0,0,0,0,0,0,0,0,0,0,0,1,1,1,0,1,1,0,0,0,0,,0,0,0,0,0,0,0,0,0,0,0,0,0,0,0,0,,,,,,36-40,36-45,Interstate,R,Friday,,MHTRUCK,Not Fatal,0,1,1,0,State Route,State Patrol,Washington State Patrol Headquarter,0,1,0,0,0,,,,,,,,,,,,,,,,,,,,,,,,,,,,,,,,,,,,,,,,,,,
2017,260,E694162,45,07/12/2017,15:00,12,7,0,73,Whatcom,2200,1,0,1,1,4,1,0,1,1,,,,1,0,0,5,1,0,1,96,6,96,8,0,0,0,0,NF - 3065,,-121.6627306,48.94349444,0,1,2,13,2,98,34,0,0,1,5,1,3,2,8,8,14,1,1,53,0,7,482,1999,0,0,63,1,42,,,,1,1,79,1,7,1,4,7,99,0,11,0,07/12/2017,15:00,53031754,31754,0,0,0,3,1,0,0,0,0,93,,,,,,99,,,,,,98226,53,71,185,6,1,0,0,0,2,0,0,,,,,,0,02/15/2014,06/15/2014,99,2,9,0,0,9,8,,,0,0,0,8,9,2,128,996,0,1,1,0,2,1,0,,,,,,,,,,,,,,,,,,,,,,,,,,,,,,0,0,0,0,0,0,1,1,0,0,0,0,0,0,0,0,1,0,0,0,0,0,0,0,0,1,1,1,0,0,0,0,0,0,0,,0,0,0,0,0,0,1,1,1,0,0,0,0,0,1,0,,,,,,76-80,76+,Other,,Wednesday,Unknown,PV,White,0,1,0,0,Other,County Sheriff,Whatcom County Sheriff's Office,1,0,0,0,1,,,,,,,,,,,,,,,,,,,,,,,,,,,,,,,,,,,,,,,,,,,
2017,400,E717543,2,09/24/2017,6:08,24,9,0,73,Whatcom,0,1,0,2,1,2,1,0,2,2,,,,24,0,0,273.9,1,0,1,1,1,1,1,0,0,0,0,I-5,,-122.7192694,48.97178333,0,1,7,12,2,70,4,0,0,1,2,1,1,1,2,3,1,1,2,53,0,34,34,2004,0,0,64,24,1,54,2,,1,1,19,2,4,98,4,7,99,0,11,0,09/24/2017,6:08,15053042192,42192,0,0,0,0,1,0,0,0,0,96,,,,,,9,,,,,,98226,53,60,110,0,0,0,0,0,0,0,0,,,,,,4,,,99,0,0,0,0,1,8,,,0,0,0,8,1,2,1,0,0,1,0,0,2,1,0.16,,,,,,,,,,,,,,,,,,,,,,,,,,,,,,0,0,0,0,1,1,0,1,0,0,0,0,1,1,0,0,0,0,0,0,0,1,1,0,1,0,0,0,0,1,0,0,0,0,0,,1,0,0,0,0,1,0,1,0,1,0,1,0,1,0,1,,,,,,18-20,16-25,Interstate,R,Sunday,Unknown,PV,Hispanic,0,1,0,0,State Route,State Patrol,Washington State Patrol Headquarter,1,1,0,0,0,,,,,,,,,,,,,,,,,,,,,,,,,,,,,,,,,,,,,,,,,,,
2017,456,E765189,7,10/13/2017,21:13,13,10,0,33,King,1960,1,0,3,1,1,1,0,4,2,21:18,21:46,22:00,12,0,6,161.5,1,0,1,1,2,1,1,0,0,0,0,I-5,,-122.3341861,47.54287222,0,2,98,54,3,60,14,0,0,1,2,12,1,1,5,3,1,2,1,53,0,48,403,2017,0,0,12,,,,,,1,1,58,1,0,0,1,0,3,0,11,5,,,,,0,0,0,3,1,0,0,0,0,0,,,,,,0,,,,,,98226,53,69,225,6,1,0,0,0,0,0,0,,,,,,0,,,8,0,0,0,8,9,8,,,0,0,0,8,0,2,1,0,0,1,0,0,2,1,0,,,,,,,,,,,,,,,,,,,,,,,,,,,,,,0,0,0,0,1,1,1,1,0,0,0,0,0,1,0,0,0,0,0,1,0,0,0,0,0,0,0,0,0,1,0,0,0,0,0,,0,0,0,0,0,0,0,0,0,0,0,0,0,0,0,0,,,,,,56-60,56-65,Interstate,U,Friday,Belt Used,PV,Not Fatal,0,0,0,0,State Route,State Patrol,Washington State Patrol Headquarter,0,1,0,0,0,,,,,,,,,,,,,,,,,,,,,,,,,,,,,,,,,,,,,,,,,,,
2018,435,E866544,7,11/24/2018,20:45,24,11,8,33,King,1958,1,0,2,1,2,2,0,7,4,,,,12,0,7,151.5,1,0,1,1,2,1,1,0,0,0,0,I-5,,-122.2843083,47.42241389,0,4,98,98,7,60,14,0,0,1,2,12,1,2,5,3,1,2,1,53,0,49,403,2007,0,0,12,,,,,,1,1,83,1,0,0,1,0,3,0,11,8,,,,,0,0,3,3,1,0,0,0,0,96,,,,,,0,,,,,,98226,53,72,180,6,1,0,0,1,0,,0,,,,,,0,09/15/2017,09/15/2017,1,0,0,0,8,9,8,,,0,0,0,8,0,8,95,,,96,,,8,95,995,,,,,,,,,,,,,,,,,,,,,,,,,,,,,,0,0,0,0,0,0,1,1,1,0,0,0,1,0,0,0,0,0,0,1,0,0,0,1,1,1,1,1,0,1,0,0,0,0,0,,0,0,0,0,0,0,0,0,0,0,0,0,0,0,0,0,,,,,,81+,76+,Interstate,U,Saturday,Belt Used,PV,Not Fatal,0,0,0,0,State Route,State Patrol,Washington State Patrol,0,1,0,0,0,,,,,,0,0,0,,,,,,,,,,,,,,,,,,,,,,,,,,,,,,,,,,,
2019,23,E884741,3,01/11/2019,20:25,11,1,,53,Pierce,0,1,0,3,1,2,1,0,6,4,,,,12,0,1,48.3,3,0,2,3,2,1,3,0,0,3,3,SR-7,176TH ST E,-122.4349444,47.09713333,0,2,21,53,3,40,34,0,0,1,7,12,1,1,4,2,5,1,1,53,0,7,482,2002,0,0,12,12,,,,,1,1,22,1,0,,0,0,3,0,11,0,,,,,0,0,3,3,1,0,0,0,0,0,,,,,,0,,,,,,98226,53,69,190,6,1,0,2,1,3,,0,,,,,,0,06/15/2015,07/15/2017,20,0,0,0,8,9,8,,,0,0,0,8,0,8,95,,,96,,,8,95,995,,,,,,,,,,,,,,,,,,,,,,,,,,,,,,0,0,0,1,0,0,1,1,0,0,0,0,0,0,0,0,0,0,0,1,0,0,0,1,1,0,0,0,0,1,0,0,0,0,0,,0,0,0,0,0,0,0,0,0,0,0,0,0,0,0,0,,,,,,21-25,16-25,State route,U,Friday,Belt Used,PV,Not Fatal,1,0,0,0,State Route,State Patrol,Washington State Patrol,0,1,0,0,0,,,,,,0,0,0,,,,,,,,,,,98,98,98,0,,,,,20,7,,,,,,,,,,,,,,,
2019,156,E923395,2,05/19/2019,12:15,19,5,,73,Whatcom,0,1,0,1,1,1,1,0,1,1,,,,30,0,0,10.7,1,0,1,7,1,2,4,0,0,0,0,CR-MOSQUITO LAKE RD,,-122.1245583,48.80408611,0,1,6,12,2,15,80,0,0,1,2,30,2,1,2,1,14,1,1,53,0,73,705,2014,0,0,68,64,30,,,,1,1,20,2,7,,4,7,20,7,11,0,05/19/2019,12:15,53023088,23088,0,0,3,3,1,0,0,0,0,96,,,,,,99,,,,,,98226,53,67,206,6,1,0,0,0,1,,0,,,,,,4,12/15/2017,01/15/2018,20,8,0,0,0,9,8,,,0,0,0,8,9,2,1,,,1,,,2,1,0,,,,,,,,,,,,,,,,,,,,,,,,,,,,,,0,0,1,0,0,0,0,0,0,0,0,0,1,0,0,0,0,0,0,0,0,1,1,0,1,0,0,0,1,0,0,0,0,0,1,0,0,0,0,0,0,0,0,0,0,1,0,0,0,0,0,0,,,,,,18-20,16-25,County road,R,Sunday,,MC,AIAN,0,1,0,0,County Road,State Patrol,Washington State Patrol,1,0,1,0,0,,,,,,0,0,1,,,,,,,,,,,0,0,0,3,,,,,5,0,,,,,,,,,,,,,,,
2019,197,E934621,2,06/09/2019,18:14,9,6,,73,Whatcom,0,1,0,1,1,2,1,0,3,1,,,,30,0,0,0.2,1,0,1,7,2,2,4,0,3,0,0,CR-S RED RIVER RD,,-122.6131833,48.81636389,0,1,6,6,1,35,34,0,0,1,5,30,2,1,2,1,6,3,1,53,0,12,481,2004,0,0,68,64,30,,,,1,1,42,1,0,,3,0,20,7,11,8,,,,,0,0,0,3,1,33,91,0,0,96,,,,,,9,,,,,,98226,53,71,210,6,1,0,0,0,1,,1,,,,,,4,02/15/2015,07/15/2015,20,1,9,0,8,9,8,,,0,0,0,8,1,8,95,,,96,,,8,95,995,,,,,,,,,,,,,,,,,,,,,,,,,,,,,,0,0,1,0,1,0,0,0,0,0,0,0,1,0,0,0,0,0,0,0,0,0,0,0,0,0,0,0,0,1,0,0,0,0,0,,0,0,0,0,0,0,0,0,0,1,0,0,0,0,0,1,,,,,,41-45,36-45,County road,U,Sunday,Not Used,PV,Not Fatal,0,1,0,0,County Road,State Patrol,Washington State Patrol,1,0,1,0,0,,,,,,0,0,1,,,,,,,,,,,98,98,98,0,,,,,20,7,,,,,,,,,,,,,,,
2019,440,E993770,2,12/13/2019,22:09,13,12,,73,Whatcom,110,2,0,2,2,2,2,0,5,2,,,,12,0,1,255,1,0,1,1,2,1,1,0,0,0,0,I-5,,-122.4653333,48.77351111,0,1,24,51,3,60,4,0,0,1,7,2,1,2,2,3,1,2,2,53,0,32,43,2015,0,0,12,63,42,1,2,,1,1,19,1,7,,4,7,99,7,11,0,12/13/2019,22:09,11053055244,55244,0,0,3,3,1,0,0,0,0,96,,,,,,99,,,,,,98226,53,70,186,6,1,0,2,1,4,,0,,,,,,4,10/15/2017,07/15/2019,99,0,0,0,0,9,8,,,0,0,0,8,8,2,402,605,,1,1,,2,1,0.128,,,,,,,,,,,,,,,,,,,,,,,,,,,,,,0,0,0,0,1,1,1,1,1,0,0,0,1,0,0,0,0,0,0,0,0,1,1,0,1,0,0,0,0,1,0,0,0,0,0,,1,0,0,0,0,1,1,1,0,1,0,0,0,0,0,1,,,,,,18-20,16-25,Interstate,U,Friday,Unknown,PV,API,0,0,0,0,State Route,State Patrol,Washington State Patrol,0,1,0,0,0,thc,1.4,,,,0,0,0,,,,,,,,,,,98,98,98,18,,,,,20,7,,,,,,,nms,,,,,,,,
2020,258,EA51338,2,07/26/2020,3:40,26,7,,57,Skagit,0,1,,2,1,7,1,0,1,1,3:37,3:52,,42,0,0,4.3,1,0,1,6,1,2,4,0,0,0,0,CR-COLONY RD,,-122.3612944,48.58789167,0,1,6,12,2,35,80,0,0,1,2,42,2,1,2,1,14,1,5,53,0,53,706,2018,0,,68,64,42,,,,1,1,34,1,7,,4,7,20,7,11,0,07/26/2020,3:40,53034137,34137,0,0,0,0,1,8,,,,96,,,,,,9,,,,,,98226,53,69,210,0,0,0,0,0,1,,0,,,,,,3,02/15/2017,02/15/2017,20,8,0,0,0,9,8,,,0,,,1,9,2,401,417,128,1,1,1,2,1,0,,,,,,,,,,,,,,,,,,,,,,,,,,,,,,0,0,1,0,0,0,1,1,0,0,0,0,1,1,1,0,0,0,0,0,0,0,0,0,0,0,0,0,1,0,0,0,0,0,1,0,0,0,0,0,0,0,1,1,0,1,0,1,0,0,1,0,,,,,,31-35,26-35,County road,R,Sunday,,MC,White,0,1,0,0,County Road,State Patrol,Washington State Patrol,1,0,1,0,0,,,,,,0,0,0,1,1,,,,177,996,,,,0,0,0,1,,,,,19,0,,,,,,,,1,0,,,COLONY ROAD,4.31,,
2020,310,EA59760,2,08/23/2020,11:15,23,8,,73,Whatcom,0,1,,1,1,1,1,0,3,2,11:20,12:04,,12,0,2,143.4,1,0,1,4,1,1,3,0,0,0,0,SR-20,,-120.8815778,48.67960833,0,1,50,10,2,55,80,0,0,1,2,12,2,2,2,1,14,1,1,53,0,76,706,2016,0,,68,12,,,,,1,1,33,1,7,,4,7,20,7,11,0,08/23/2020,11:15,53038944,38944,6,0,0,3,1,28,,,,96,,,,,,98,,,,,,98226,53,72,190,6,1,0,2,0,0,,0,,,,,,4,11/15/2017,03/15/2019,20,8,0,0,0,9,8,,,0,,,8,8,2,402,515,513,14,14,14,2,4,0,,,,,,,,,,,,,,,,,,,,,,,,,,,,,,0,0,0,0,0,0,1,1,0,0,0,0,1,0,0,0,0,0,0,0,0,0,0,0,0,0,0,0,1,1,0,0,0,0,1,0,0,0,0,0,0,0,1,1,0,1,0,0,0,0,1,0,,,,,,31-35,26-35,State route,R,Sunday,,MC,White,0,1,1,0,State Route,State Patrol,Washington State Patrol,0,1,0,0,0,,,,,,0,0,0,,,,,,,,,,,0,0,0,1,,,,,5,0,,,,,,,,1,0,,,,,,
2020,505,EA92348,2,12/18/2020,19:37,18,12,,57,Skagit,0,2,,2,2,2,1,0,2,2,19:58,,21:23,12,0,2,44.9,1,0,1,3,2,1,3,0,0,0,0,SR-20,,-122.6074417,48.43606667,0,1,50,10,2,50,4,0,0,1,2,12,1,1,2,1,1,1,1,53,0,22,16,1997,0,,68,12,,,,,1,1,35,2,7,,4,7,3,0,11,0,12/18/2020,19:37,53059857,59857,0,0,3,3,1,28,,,,96,,,,,,98,,,,,,98226,53,64,212,6,1,0,1,0,1,,0,,,,,,0,07/15/2017,06/15/2017,8,0,0,0,0,9,8,,,0,,,8,8,2,1,,,1,,,2,1,0,,,,,,,,,,,,,,,,,,,,,,,,,,,,,,0,0,0,0,0,0,0,0,0,0,0,0,0,0,0,0,0,0,0,0,0,0,0,0,0,0,0,0,0,1,0,0,0,0,0,,1,0,0,0,0,0,0,0,0,0,0,0,0,0,0,0,,,,,,31-35,26-35,State route,U,Friday,Belt Used,PV,Multiracial,0,1,1,0,State Route,State Patrol,Washington State Patrol,0,1,0,0,0,,,,,,0,0,0,,,,,,,,,,,0,0,0,298,,,,,20,7,,,,,,,,1,0,,,,,,
2021,599,EB09646,45,02/25/2021,15:50,25,2,,73,Whatcom,0,10,,1,1,2,1,0,2,2,,,,12,0,6,5.8,8,0,1,5,1,2,4,0,0,0,0,CR-HANNEGAN RD,,-122.4427417,48.86155833,0,1,68,15,2,50,34,0,0,1,2,12,1,1,2,1,11,1,1,53,0,49,472,2004,0,,12,,,,,,1,1,86,2,7,,4,0,3,0,11,8,03/19/2021,3:58,1.96053E+11,13813,0,0,3,3,1,38,,,,96,,,,,,98,,,,,,98226,53,65,140,6,1,0,0,0,0,,46,,,,,,0,,,1,0,0,0,0,9,8,,,0,,,8,8,0,0,,,0,,,0,0,996,,,,,,,,,,,,,,,,,,,,,,,,,,,,,,0,0,0,0,0,0,0,0,0,0,0,0,0,0,0,0,0,0,1,0,0,0,0,0,0,1,1,1,0,1,0,0,0,0,0,,1,0,0,0,0,0,0,0,0,0,1,0,0,0,0,0,,,,,,81+,76+,County road,R,Thursday,Belt Used,PV,White,0,0,0,0,County Road,County Sheriff,Whatcom County Sheriff's Office,0,0,1,0,0,,,,,,0,0,0,,,,,,,,,,,98,98,98,1,,,,,20,,,,,,,,,1,0,,,HANNEGAN RD,5.8,NULL,