year,case,par,repjur,crash_dt,crash_tm,accday,accmon,holiday,county,co_char,city,weather,weather2,lightcond,surfcond,surftype,numfatal,nmforms,pforms,vforms,not_tm,arr_tm,hosp_tm,fhevent,hitrun,manncol,milepnt,reljunc,reljuncinter,intersectiontype,funcsystem,landuse,ownership,route,schlbus,spejur,contdev,devfunc,trafid1,trafid2,x,y,wk_zone,vnumber,crashtype,criticalevent,criticaleventcat,spdlim,body,trailer,emerg,hazcargo,leave,mhevent,roadalgn,roadprof,traflane,trafflow,vehmanvr,numoccs,regowner,regstate,spuse,make,model,modelyr,vrf1,vrf2,seqevent1,seqevent2,seqevent3,seqevent4,seqevent5,seqevent6,pnumber,ptype,age,sex,hispanic,race,injury,diedscene,restraint,restraintmisuse,seatpos,takehosp,death_dt,death_tm,cert,cernum_wa,commlic,licendor,licrestrict,liccomp,drivpres,drf1,drf2,drf3,drf4,distract1,distract2,distract3,distract4,distract5,distract6,dricond1,dricond2,dricond3,dricond4,dricond5,dricond6,dzip,licstate,drhgt_in,weight,noncdl,noncdltype,prevdwi,prevoth,prevacc,prevspd,prevsus,driviol1,driviol2,driviol3,driviol4,driviol5,driviol6,spdrel,first_dt,last_dt,airbag,ejection,ejectpath,extricat,injurwrk,methalc,methdrug,nmlocat,strikveh,prf1,prf2,prf3,druginv,alcinvol,drugsts,drugres1,drugres2,drugres3,drugtst1,drugtst2,drugtst3,alcsts,alctst,alcres,nmact1,nmact2,nmact3,nmact4,nmact5,nmact6,nmprior1,nmprior2,nmprior3,nmprior4,nmprior5,nmprior6,nmcond1,nmcond2,nmcond3,nmcond4,nmcond5,nmcond6,nmsafe_helmet,nmsafe_pads,nmsafe_oth,nmprev_ref,nmprev_lgt,nmprev_oth,crashlocation,nmcrashtype,crosswalk,schoolzone,sidewalk,train_inv,wildlife_inv,rotr_fars,intersect_fars,dd_inv,aid_inv,dpd_inv,id_inv,mj_inv,impnm_inv,ainm_inv,dpnm_inv,speed_inv,unlic_inv,unendmc_inv,drowsy_inv,drdist_inv,nmdist_inv,fty_inv,unrestfat_inv,dr1617_inv,dr1820_inv,dr1620_inv,dr2125_inv,dr1625_inv,dr65_inv,dr70_inv,dr75_inv,mc_inv,pv_inv,ht_inv,ped_inv,bike_inv,unrest_fat,mc_fat,unhelmet_mc,pv_fat,ht_fat,ped_fat,bike_fat,dr_alc7,dr_alc8,dr_drug,dr_imp,dr_dist,dr_spd,dr_fty,dr_unlic,dr_alc7only,dr_alc8only,dr_drugonly,dr_drink,nm_imp,nm_alc7,nm_alc8,nm_drug,nm_dist,agegrp1,agegrp2,roadclass,urbrur,dayweek,restuse,vehtype,race_me,intersect,lanedep,oppdir,wrongway,rep_typ,investag,repag_long,rotr,st_rd,cty_rd,city_rd,oth_rd,drug_thc,thc_res,drug_cthc,cthc_res,drug_cann,prevpersemin,prevperse,prevsusoth,drugtst4,drugtst5,drugtst6,drugtst7,drugtst8,drugres4,drugres5,drugres6,drugres7,drugres8,adspresent,adsengaged,adslevel,race1,race2,race3,race4,race5,helmet,helmetmisuse,nmdistract1,nmdistract2,nmdistract3,nmdistract4,nmdistract5,nmdistract6,lab,isedtcase,crf1,crf2,crf3,CoRoadName,CoMP,IntCoRoadName,IntCoMP
2021,599,EB09646,45,02/25/2021,15:50,25,2,,73,Whatcom,0,10,,1,1,2,1,0,2,2,,,,12,0,6,5.8,8,0,1,5,1,2,4,0,0,0,0,CR-HANNEGAN RD,,-122.4427417,48.86155833,0,2,69,62,4,50,6,0,0,1,2,12,1,1,2,1,1,1,1,53,0,12,13,1994,0,,12,,,,,,1,1,31,1,0,,1,0,3,0,11,8,,,,,0,0,0,3,1,0,,,,96,,,,,,98,,,,,,98226,53,71,245,6,1,0,0,0,0,,0,,,,,,0,,,20,0,0,0,8,9,8,,,0,,,8,8,0,0,,,0,,,0,0,996,,,,,,,,,,,,,,,,,,,,,,,,,,,,,,0,0,0,0,0,0,0,0,0,0,0,0,0,0,0,0,0,0,1,0,0,0,0,0,0,1,1,1,0,1,0,0,0,0,0,,0,0,0,0,0,0,0,0,0,0,0,0,0,0,0,0,,,,,,31-35,26-35,County road,R,Thursday,Belt Used,PV,Not Fatal,0,0,0,0,County Road,County Sheriff,Whatcom County Sheriff's Office,0,0,1,0,0,,,,,,0,0,0,,,,,,,,,,,0,0,0,0,,,,,20,,,,,,,,,1,0,,,HANNEGAN RD,5.8,NULL,
2021,64,EB13106,7,03/08/2021,7:21,8,3,,33,King,0,10,,1,4,2,1,0,1,1,,,,24,0,0,32.7,1,0,1,2,2,1,3,0,0,0,0,SR-509,,-122.3248972,47.50324167,0,1,2,5,1,60,80,0,0,1,2,24,1,1,3,3,1,1,1,53,0,53,704,2020,0,,63,24,,,,,1,1,26,1,7,,4,7,20,7,11,0,03/08/2021,7:21,53011695,11695,0,0,0,3,1,87,,,,96,,,,,,98,,,,,,98226,53,71,170,6,1,0,0,0,0,,0,,,,,,0,,,20,8,0,0,0,9,8,,,0,,,8,8,0,0,,,0,,,0,0,996,,,,,,,,,,,,,,,,,,,,,,,,,,,,,,0,0,0,0,0,0,0,0,0,0,0,0,0,0,0,0,0,0,0,0,0,0,0,0,0,0,0,0,1,0,0,0,0,0,1,0,0,0,0,0,0,0,0,0,0,0,0,0,0,0,0,0,,,,,,26-30,26-35,State route,U,Monday,,MC,Other,0,1,0,0,State Route,State Patrol,Washington State Patrol,1,1,0,0,0,,,,,,0,0,0,,,,,,,,,,,0,0,0,98,,,,,5,,,,,,,,,1,0,,,,,,
2021,138,EB31696,128,05/17/2021,19:38,17,5,,73,Whatcom,740,1,,1,2,2,2,0,2,1,,,,3,0,0,0,3,0,4,4,2,4,6,0,0,0,0,CHERRY ST,FERNDALE RD,-122.591025,48.84341389,0,1,0,12,2,25,4,0,0,1,2,3,2,1,2,1,14,2,1,53,0,37,32,2004,0,,68,64,3,,,,1,1,30,1,7,,4,7,3,0,11,0,05/17/2021,19:38,74053024059,24059,0,0,0,3,1,0,,,,92,,,,,,98,,,,,,98226,53,68,260,6,1,0,0,0,0,,0,,,,,,0,,,20,0,0,0,0,9,8,,,0,,,8,8,2,695,605,,1,1,,2,1,0.144,,,,,,,,,,,,,,,,,,,,,,,,,,,,,,0,0,0,1,1,1,1,1,1,0,0,0,0,0,0,0,1,0,0,1,0,0,0,0,0,0,0,0,0,1,0,0,0,0,0,,1,0,0,0,0,1,1,1,1,0,0,0,0,0,0,1,,,,,,26-30,26-35,City street,U,Monday,Belt Used,PV,AIAN,0,1,0,0,City Street,Municipal/City Police,Ferndale Police Department,1,0,0,1,0,thc,6.2,carboxy-thc,35,,0,0,0,,,,,,,,,,,98,98,98,3,,,,,20,,,,,,,,nms,1,0,,,,,,
2021,171,EB38291,3,06/02/2021,11:23,2,6,,67,Thurston,0,1,,1,1,2,1,1,2,1,,,,9,0,0,13.4,3,0,2,2,1,1,3,0,0,0,0,SR-8,SUMMIIT LAKE RD NW,-123.1454611,47.04839444,0,1,13,83,5,60,4,0,0,1,5,9,1,1,3,2,1,2,1,53,0,49,40,2012,0,,9,,,,,,1,1,50,1,0,,0,0,3,0,11,0,,,,,0,0,0,3,1,0,,,,96,,,,,,98,,,,,,98226,53,70,200,6,1,0,0,0,0,,0,,,,,,0,,,20,0,0,0,8,9,8,,,0,,,8,8,0,0,,,0,,,0,0,996,,,,,,,,,,,,,,,,,,,,,,,,,,,,,,0,0,0,1,0,0,0,0,0,0,0,0,0,0,0,0,0,0,0,0,0,0,0,0,0,0,0,0,0,1,0,0,1,0,0,,0,0,0,0,0,0,0,0,0,0,0,0,0,0,0,0,,,,,,46-50,46-55,State route,R,Wednesday,Belt Used,PV,Not Fatal,1,0,0,0,State Route,State Patrol,Washington State Patrol,0,1,0,0,0,,,,,,0,0,0,,,,,,,,,,,98,98,98,0,,,,,20,,,,,,,,,1,0,,,,,,
2021,214,EB46040,2,06/23/2021,11:21,23,6,,73,Whatcom,0,1,,1,0,0,1,0,3,2,,,,12,0,6,86.4,8,0,1,5,1,1,3,0,0,0,0,SR-9,,-122.3095472,48.876775,0,1,82,15,2,0,5,0,0,1,2,12,0,0,0,0,11,2,1,53,0,63,33,2007,0,,12,,,,,,1,1,26,2,0,,3,0,3,0,11,5,,,,,0,0,3,2,1,38,,,,96,,,,,,9,,,,,,98226,53,65,165,1,1,2,2,0,3,,1,12,,,,,0,02/15/2019,11/15/2021,20,0,0,0,8,9,8,,,0,,,8,8,8,95,,,96,,,2,1,997,,,,,,,,,,,,,,,,,,,,,,,,,,,,,,0,0,0,0,0,0,0,0,0,0,0,0,0,1,0,0,0,0,1,0,0,0,0,0,0,0,0,0,0,1,1,0,0,0,0,,0,0,0,0,0,0,0,0,0,0,1,1,0,0,0,0,,,,,,26-30,26-35,State route,R,Wednesday,Belt Used,PV,Not Fatal,0,0,0,0,State Route,State Patrol,Washington State Patrol,0,1,0,0,0,,,,,,0,2,2,,,,,,,,,,,98,98,98,0,,,,,20,,,,,,,,,1,0,,,,,,
2021,262,EB53787,2,07/24/2021,16:24,24,7,,73,Whatcom,0,1,,1,1,2,2,0,7,2,,,,12,0,2,15.8,1,0,1,5,2,1,3,0,0,0,0,SR-11,,-122.4864194,48.66540833,0,2,51,62,4,45,34,0,0,1,5,12,3,2,2,1,14,5,1,53,0,7,482,2003,0,,12,,,,,,1,1,40,1,0,,0,0,3,0,11,0,,,,,0,0,3,3,1,0,,,,96,,,,,,98,,,,,,98226,53,65,180,6,1,0,0,0,0,,0,,,,,,0,,,20,0,0,0,8,9,8,,,0,,,8,8,8,95,,,96,,,8,95,995,,,,,,,,,,,,,,,,,,,,,,,,,,,,,,0,0,0,0,0,0,1,1,0,0,0,0,0,0,0,0,0,0,0,0,0,0,0,0,0,0,0,0,1,1,0,0,0,0,0,,0,0,0,0,0,0,0,0,0,0,0,0,0,0,0,0,,,,,,36-40,36-45,State route,U,Saturday,Belt Used,PV,Not Fatal,0,1,1,0,State Route,State Patrol,Washington State Patrol,0,1,0,0,0,,,,,,0,0,0,,,,,,,,,,,98,98,98,0,,,,,20,,,,,,,,,1,0,,,,,,
2021,350,EB66987,2,09/04/2021,14:42,4,9,,57,Skagit,0,10,,1,1,2,1,0,4,3,,,,12,0,6,,2,0,2,5,1,2,4,0,0,20,3,CR-JOSH WILSON RD,FARM TO MARKET RD,-122.4444056,48.48668333,0,1,89,17,2,50,4,0,0,1,2,12,1,2,2,1,1,1,1,53,0,21,2,1998,0,,12,12,1,,,,1,1,92,1,7,,4,7,3,0,11,0,09/04/2021,14:42,53043748,43748,0,0,3,3,1,39,,,,96,,,,,,98,,,,,,98226,53,70,147,6,1,0,0,0,0,,0,,,,,,0,,,1,0,0,0,0,9,8,,,0,,,8,8,2,996,,,1,,,2,1,0,,,,,,,,,,,,,,,,,,,,,,,,,,,,,,0,0,0,1,0,0,1,1,0,0,0,0,0,0,0,0,0,0,0,0,0,0,0,1,1,1,1,1,0,1,0,0,0,0,0,,1,0,0,0,0,0,1,1,0,0,0,0,0,0,1,0,,,,,,81+,76+,County road,R,Saturday,Belt Used,PV,White,1,0,0,0,County Road,State Patrol,Washington State Patrol,0,0,1,0,0,,,,,,0,0,0,,,,,,,,,,,0,0,0,1,,,,,20,,,,,,,,,1,0,,,JOSH WILSON ROAD,4.872,FARM TO MARKET ROAD,2.805
2021,574,EB67844,337,09/09/2021,0:11,9,9,,73,Whatcom,110,1,,2,1,2,1,0,2,1,,,,5,0,0,0,1,0,1,3,2,4,6,0,0,0,0,MERIDIAN ST,,-122.4860611,48.76553611,0,1,0,98,7,25,80,0,0,1,2,1,1,1,2,1,1,2,1,53,0,76,706,2009,0,,5,1,,,,,1,1,32,1,7,,4,0,20,7,11,8,09/09/2021,0:48,11053045009,45009,0,0,0,3,1,0,,,,96,,,,,,98,,,,,,98226,53,65,140,6,1,0,1,1,3,,0,,,,,,0,06/15/2019,03/15/2020,20,8,0,0,0,9,8,,,0,,,8,8,2,348,996,996,1,1,1,2,1,0.115,,,,,,,,,,,,,,,,,,,,,,,,,,,,,,0,0,0,0,1,1,1,1,0,0,0,0,0,0,0,0,0,0,0,0,0,0,0,0,0,0,0,0,1,0,0,0,0,0,1,0,0,0,0,0,0,1,1,1,0,0,0,0,0,0,0,1,,,,,,31-35,26-35,City street,U,Thursday,,MC,White,0,0,0,0,City Street,Municipal/City Police,Bellingham Police Department,0,0,0,1,0,,,,,,0,0,1,1,1,,,,401,417,,,,0,0,0,1,,,,,5,,,,,,,,,0,0,,,,,,
2021,488,EB93013,337,11/14/2021,19:06,14,11,,73,Whatcom,110,2,,3,2,2,2,0,3,2,,,,12,0,6,0,1,0,1,3,2,4,6,0,0,0,0,LAKEWAY DR,,-122.4391722,48.74756944,0,2,65,62,4,35,15,0,0,1,2,12,3,1,3,1,14,1,1,53,0,20,422,2004,0,,12,,,,,,1,1,44,1,0,,1,0,3,0,11,8,,,,,0,0,0,3,1,0,,,,96,,,,,,0,,,,,,98226,53,69,220,6,1,0,0,0,0,,0,,,,,,0,,,1,0,0,0,8,9,8,,,0,,,8,8,8,95,,,96,,,8,95,995,,,,,,,,,,,,,,,,,,,,,,,,,,,,,,0,0,0,0,0,0,1,1,1,0,0,0,1,1,0,0,0,0,0,1,0,0,0,0,0,0,0,0,0,1,0,0,0,0,0,,0,0,0,0,0,0,0,0,0,0,0,0,0,0,0,0,,,,,,41-45,36-45,City street,U,Sunday,Belt Used,PV,Not Fatal,0,1,1,0,City Street,Municipal/City Police,Bellingham Police Department,0,0,0,1,0,,,,,,0,0,0,,,,,,,,,,,98,98,98,0,,,,,20,,,,,,,,,1,0,,,,,,
2021,551,EC07136,2,12/21/2021,16:10,21,12,,73,Whatcom,740,3,,5,4,2,1,0,3,3,,,,12,0,6,262.9,1,0,1,1,2,1,1,0,0,0,0,I-5,,-122.5799417,48.85088611,0,3,98,5,1,70,34,0,0,1,2,24,1,1,2,3,1,1,1,53,0,20,473,2005,0,,64,24,12,,,,1,1,48,1,0,,0,0,3,0,11,0,,,,,0,0,0,3,1,87,,,,12,,,,,,98,,,,,,98226,53,65,140,6,1,0,1,0,0,,0,,,,,,4,07/15/2018,07/15/2018,1,0,0,0,8,9,2,,,0,,,8,8,0,0,,,0,,,0,0,996,,,,,,,,,,,,,,,,,,,,,,,,,,,,,,0,0,0,0,0,0,1,1,1,0,0,0,1,0,0,0,1,0,0,1,0,0,0,1,1,1,0,0,0,1,0,0,0,0,0,,0,0,0,0,0,0,0,0,1,1,0,0,0,0,0,0,,,,,,46-50,46-55,Interstate,U,Tuesday,Belt Used,PV,Not Fatal,0,0,0,0,State Route,State Patrol,Washington State Patrol,0,1,0,0,0,,,,,,0,0,0,,,,,,,,,,,98,98,98,0,,,,,20,,,,,,,,,1,0,,,,,,
2017,89,E654450,337,03/22/2017,8:42,22,3,0,73,Whatcom,110,1,0,1,1,2,1,1,1,1,,,,9,0,0,21.1,2,0,2,3,2,1,3,0,0,3,3,SR-11,30TH ST,-122.4781944,48.71460278,0,1,13,83,5,35,34,0,0,1,2,9,1,2,3,1,11,1,1,53,0,12,471,1998,0,0,9,,,,,,1,1,45,1,0,0,0,0,3,0,11,0,,,,,0,0,3,3,1,0,0,0,0,0,,,,,,0,,,,,,98229,53,72,220,6,1,0,0,0,0,0,0,,,,,,0,,,20,0,0,0,8,9,8,,,0,0,0,8,0,0,0,0,0,0,0,0,0,0,996,,,,,,,,,,,,,,,,,,,,,,,,,,,,,,0,0,0,1,0,0,0,0,0,0,0,0,0,0,0,0,0,0,0,0,0,0,0,0,0,0,0,0,0,0,0,0,1,0,0,,0,0,0,0,0,0,0,0,0,0,0,0,0,0,0,0,,,,,,41-45,36-45,State route,U,Wednesday,Belt Used,PV,Not Fatal,1,0,0,0,State Route,Municipal/City Police,Bellingham Police Department,0,1,0,0,0,,,,,,,,,,,,,,,,,,,,,,,,,,,,,,,,,,,,,,,,,,,
2017,105,E664237,2,04/08/2017,16:25,8,4,0,73,Whatcom,0,1,0,1,1,1,1,1,1,1,,,,8,0,0,258,1,0,1,1,2,1,1,0,0,0,0,I-5,,-122.5206861,48.79055278,0,1,13,80,5,60,4,0,0,1,5,8,1,1,2,3,1,1,1,53,0,63,34,2003,0,0,8,,,,,,1,1,25,2,0,0,0,0,3,0,11,0,,,,,0,0,0,3,1,0,0,0,0,96,,,,,,0,,,,,,98229,53,61,135,6,1,0,0,1,4,0,97,,,,,,3,09/15/2013,09/15/2015,20,0,0,0,8,9,8,,,0,0,0,8,0,0,0,0,0,0,0,0,0,0,996,,,,,,,,,,,,,,,,,,,,,,,,,,,,,,0,0,0,0,0,0,0,0,0,0,0,0,1,0,0,0,0,0,0,0,0,0,0,1,1,0,0,0,0,1,0,1,0,0,0,,0,0,0,0,0,0,0,0,0,1,0,0,0,0,0,0,,,,,,21-25,16-25,Interstate,U,Saturday,Belt Used,PV,Not Fatal,0,0,0,0,State Route,State Patrol,Washington State Patrol Headquarter,0,1,0,0,0,,,,,,,,,,,,,,,,,,,,,,,,,,,,,,,,,,,,,,,,,,,
2017,548,E742810,337,11/29/2017,3:45,29,11,0,73,Whatcom,110,10,0,3,2,2,1,1,1,1,,,,9,0,0,0,2,0,3,5,2,4,6,0,0,20,3,BYRON,LINCOLN ST,-122.4664667,48.73363611,0,1,13,83,5,25,34,0,0,1,5,9,1,2,2,1,11,1,1,53,0,35,481,2010,0,0,9,,,,,,1,1,69,2,0,0,0,0,99,0,11,0,,,,,0,0,3,3,1,38,0,0,0,1,,,,,,0,,,,,,98229,53,66,123,6,1,0,1,1,0,0,97,,,,,,0,10/15/2017,10/15/2017,20,0,0,0,8,9,8,,,0,0,0,8,0,0,0,0,0,0,0,0,0,0,996,,,,,,,,,,,,,,,,,,,,,,,,,,,,,,0,0,0,1,0,0,0,0,0,0,0,0,0,0,0,0,1,0,1,0,0,0,0,0,0,1,0,0,0,0,0,0,1,0,0,,0,0,0,0,0,0,0,0,1,0,1,0,0,0,0,0,,,,,,66-70,66-75,City street,U,Wednesday,Unknown,PV,Not Fatal,1,0,0,0,City Street,Municipal/City Police,Bellingham Police Department,0,0,0,1,0,,,,,,,,,,,,,,,,,,,,,,,,,,,,,,,,,,,,,,,,,,,
2019,45,E894886,2,01/26/2019,23:17,26,1,,57,Skagit,0,1,0,2,1,1,1,1,7,4,,,,8,0,0,237,1,0,1,1,1,1,1,0,0,0,0,I-5,,-122.3482667,48.56642778,0,4,98,80,5,70,2,0,0,1,5,8,1,1,2,3,1,2,1,53,0,24,2,2001,0,0,8,,,,,,1,1,31,1,0,,0,0,3,0,11,0,,,,,0,0,0,3,1,0,0,0,0,96,,,,,,0,,,,,,98229,53,74,185,6,1,0,0,0,1,,0,,,,,,0,07/15/2016,07/15/2016,20,0,0,0,8,9,8,,,0,0,0,8,0,8,95,,,96,,,8,95,995,,,,,,,,,,,,,,,,,,,,,,,,,,,,,,0,0,0,0,0,0,1,1,1,1,0,1,0,0,0,0,1,0,0,0,0,1,1,0,1,0,0,0,0,1,0,1,0,0,0,,0,0,0,0,0,0,0,0,0,0,0,0,0,0,0,0,,,,,,31-35,26-35,Interstate,R,Saturday,Belt Used,PV,Not Fatal,0,0,0,0,State Route,State Patrol,Washington State Patrol,0,1,0,0,0,,,,,,0,0,0,,,,,,,,,,,98,98,98,0,,,,,20,7,,,,,,,,,,,,,,,
2020,173,EA39778,6,06/07/2020,13:05,7,6,,17,Douglas,0,1,,1,1,1,2,0,14,3,,,,12,0,8,203.6,1,0,1,2,1,1,2,0,0,0,0,US-97,,-120.1903417,47.6946,0,2,65,62,4,60,34,1,0,1,2,12,1,1,2,1,1,2,1,53,0,12,481,2018,0,,12,1,12,,,,1,1,75,1,0,,3,0,3,0,11,4,,,,,0,0,0,3,1,0,,,,96,,,,,,0,,,,,,98229,53,72,140,6,1,0,0,0,0,,0,,,,,,0,,,8,0,0,0,8,9,8,,,0,,,8,8,0,0,,,0,,,0,0,996,,,,,,,,,,,,,,,,,,,,,,,,,,,,,,0,0,0,0,0,0,0,0,0,0,0,0,0,0,0,0,1,0,0,1,0,0,0,0,0,1,1,1,0,1,1,0,0,0,0,,0,0,0,0,0,0,0,0,0,0,0,0,0,0,0,0,,,,,,71-75,66-75,US highway,R,Sunday,Belt Used,PV,Not Fatal,0,1,1,0,State Route,State Patrol,Washington State Patrol,0,1,0,0,0,,,,,,0,0,0,,,,,,,,,,,98,98,98,0,,,,,20,7,,,,,,,,1,0,,,,,,
2020,265,EA52775,2,07/31/2020,17:05,31,7,,61,Snohomish,0,1,,1,1,2,1,0,7,1,17:21,17:28,17:48,52,0,0,209.5,1,0,1,1,1,1,1,0,0,0,0,I-5,,-122.2114083,48.19933056,0,1,7,8,1,70,14,0,0,1,2,1,1,1,3,3,15,7,2,53,0,7,402,1999,0,,64,52,1,,,,1,1,35,2,0,,2,0,3,0,11,5,,,,,0,0,0,0,1,58,,,,96,,,,,,0,,,,,,98229,53,65,191,0,0,0,0,0,0,,97,,,,,,0,,,1,0,0,0,8,3,8,,,0,,,8,8,0,0,,,0,,,0,0,996,,,,,,,,,,,,,,,,,,,,,,,,,,,,,,0,0,0,0,0,0,0,0,0,0,0,0,0,1,0,0,0,0,0,0,0,0,0,0,0,0,0,0,0,1,0,0,0,0,0,,0,0,0,0,0,0,0,0,0,0,0,1,0,0,0,0,,,,,,31-35,26-35,Interstate,R,Friday,Belt Used,PV,Not Fatal,0,1,0,0,State Route,State Patrol,Washington State Patrol,1,1,0,0,0,,,,,,0,0,0,,,,,,,,,,,0,0,0,0,,,,,20,7,,,,,,,,1,0,,,,,,
2021,450,EB86461,2,11/02/2021,22:50,2,11,,73,Whatcom,110,2,,2,2,2,1,1,4,3,,,,18,0,0,253.5,1,0,1,1,2,1,1,0,0,0,0,I-5,,-122.462875,48.75261389,0,2,98,80,5,60,4,0,0,1,5,8,1,2,2,3,1,1,1,53,0,42,54,2016,0,,8,,,,,,1,1,65,2,0,,0,0,3,0,11,0,,,,,0,0,3,3,1,0,,,,96,,,,,,98,,,,,,98229,53,71,178,6,1,0,0,0,0,,0,,,,,,0,,,20,0,0,0,8,9,8,,,0,,,8,8,8,95,,,96,,,0,0,996,,,,,,,,,,,,,,,,,,,,,,,,,,,,,,0,0,0,0,0,0,0,0,0,0,0,0,0,0,0,0,1,0,0,0,0,1,1,1,1,1,0,0,0,1,0,1,0,0,0,,0,0,0,0,0,0,0,0,0,0,0,0,0,0,0,0,,,,,,61-65,56-65,Interstate,U,Tuesday,Belt Used,PV,Not Fatal,0,1,0,0,State Route,State Patrol,Washington State Patrol,1,1,0,0,0,,,,,,0,0,0,,,,,,,,,,,98,98,98,0,,,,,20,,,,,,,,,1,19,,,,,,
2017,293,E697740,2,08/02/2017,18:16,2,8,0,73,Whatcom,0,1,0,1,1,1,1,0,1,1,,,,38,0,0,0.7,1,0,1,7,1,2,4,0,0,0,0,CR-NOON RD,,-122.3989139,48.81286389,0,1,2,6,1,35,34,0,0,1,2,1,1,1,2,1,1,1,2,53,0,23,481,1999,0,0,68,68,63,38,1,,1,1,30,1,7,1,4,7,20,0,11,0,08/02/2017,18:22,53034392,34392,0,0,0,3,1,58,0,0,0,96,,,,,,99,,,,,,98230,53,69,170,6,1,0,0,0,0,1,0,,,,,,4,06/15/2013,06/15/2013,20,1,9,0,0,9,1,,,0,0,0,1,0,2,605,0,0,1,0,0,2,1,0,,,,,,,,,,,,,,,,,,,,,,,,,,,,,,0,0,0,0,0,0,1,1,1,0,0,0,1,0,0,0,0,0,0,0,0,0,0,0,0,0,0,0,0,0,0,0,0,1,0,,0,0,0,0,0,0,1,1,0,1,0,0,0,0,1,0,,,,,,26-30,26-35,County road,R,Wednesday,Not Used,PV,White,0,1,0,0,County Road,State Patrol,Washington State Patrol Headquarter,1,0,1,0,0,thc,5,carboxy-thc,10,,,,,,,,,,,,,,,,,,,,,,,,,,,,,,,,,,,,,,,
2017,400,E717543,2,09/24/2017,6:08,24,9,0,73,Whatcom,0,1,0,2,1,2,1,0,2,2,,,,24,0,0,273.9,1,0,1,1,1,1,1,0,0,0,0,I-5,,-122.7192694,48.97178333,0,2,98,98,7,70,6,0,0,1,5,54,1,1,2,3,1,1,1,53,0,49,46,2016,0,0,54,,,,,,1,1,54,2,0,0,0,0,3,0,11,0,,,,,0,0,3,3,1,0,0,0,0,0,,,,,,0,,,,,,98230,53,72,200,6,1,0,0,0,0,0,0,,,,,,0,,,20,0,0,0,8,9,8,,,0,0,0,8,0,0,0,0,0,0,0,0,0,0,996,,,,,,,,,,,,,,,,,,,,,,,,,,,,,,0,0,0,0,1,1,0,1,0,0,0,0,1,1,0,0,0,0,0,0,0,1,1,0,1,0,0,0,0,1,0,0,0,0,0,,0,0,0,0,0,0,0,0,0,0,0,0,0,0,0,0,,,,,,51-55,46-55,Interstate,R,Sunday,Belt Used,PV,Not Fatal,0,1,0,0,State Route,State Patrol,Washington State Patrol Headquarter,1,1,0,0,0,,,,,,,,,,,,,,,,,,,,,,,,,,,,,,,,,,,,,,,,,,,
2017,519,E748889,2,12/18/2017,13:40,18,12,0,57,Skagit,0,10,0,1,1,2,1,0,3,3,13:39,13:45,14:21,12,0,6,58.3,2,0,2,3,2,1,3,0,0,3,3,SR-20,PULVER RD,-122.3570611,48.46559722,0,2,88,66,4,45,4,0,0,1,2,12,1,1,5,1,1,1,3,53,0,37,31,2004,0,0,12,,,,,,1,1,66,2,0,0,1,0,20,0,11,0,,,,,0,0,0,3,1,0,0,0,0,0,,,,,,0,,,,,,98230,53,64,120,6,1,0,0,0,0,0,0,,,,,,0,,,20,0,0,0,8,9,8,,,0,0,0,8,0,0,0,0,0,0,0,0,0,0,996,,,,,,,,,,,,,,,,,,,,,,,,,,,,,,0,0,0,1,0,0,1,1,0,0,0,0,0,0,0,0,0,0,1,1,0,0,0,0,0,1,0,0,0,1,0,0,0,0,0,,0,0,0,0,0,0,0,0,0,0,0,0,0,0,0,0,,,,,,66-70,66-75,State route,U,Monday,Not Used,PV,Not Fatal,1,0,0,0,State Route,State Patrol,Washington State Patrol Headquarter,0,1,0,0,0,,,,,,,,,,,,,,,,,,,,,,,,,,,,,,,,,,,,,,,,,,,
2018,163,E806406,2,06/06/2018,5:29,6,6,0,73,Whatcom,0,1,0,4,1,1,1,0,2,1,,,,3,0,0,3.4,1,0,1,6,1,2,4,0,3,0,0,CR-LUMMI SHORE DR,,-122.6196111,48.80107778,0,1,0,10,2,25,2,0,0,1,7,3,2,1,2,1,14,2,2,53,0,37,31,1997,0,0,68,63,3,,,,1,1,29,1,0,0,2,0,20,0,11,4,,,,,0,0,3,2,1,58,0,0,0,93,,,,,,9,,,,,,98230,53,69,180,1,1,1,1,0,1,,11,,,,,,0,06/15/2016,09/15/2017,20,0,0,0,8,9,2,,,0,0,0,1,9,2,177,401,417,1,1,1,2,1,0,,,,,,,,,,,,,,,,,,,,,,,,,,,,,,0,0,0,0,0,0,1,1,0,0,0,0,0,1,0,0,1,0,0,0,0,0,0,0,0,0,0,0,0,1,0,0,0,0,0,,0,0,0,0,0,0,1,1,1,0,0,1,0,0,1,0,,,,,,26-30,26-35,County road,R,Wednesday,Not Used,PV,Not Fatal,0,1,0,0,County Road,State Patrol,Washington State Patrol,1,0,1,0,0,,,,,,0,0,0,,,,,,,,,,,,,,,,,,,,,,,,,,,,,,,,,,,