year,case,par,repjur,crash_dt,crash_tm,accday,accmon,holiday,county,co_char,city,weather,weather2,lightcond,surfcond,surftype,numfatal,nmforms,pforms,vforms,not_tm,arr_tm,hosp_tm,fhevent,hitrun,manncol,milepnt,reljunc,reljuncinter,intersectiontype,funcsystem,landuse,ownership,route,schlbus,spejur,contdev,devfunc,trafid1,trafid2,x,y,wk_zone,vnumber,crashtype,criticalevent,criticaleventcat,spdlim,body,trailer,emerg,hazcargo,leave,mhevent,roadalgn,roadprof,traflane,trafflow,vehmanvr,numoccs,regowner,regstate,spuse,make,model,modelyr,vrf1,vrf2,seqevent1,seqevent2,seqevent3,seqevent4,seqevent5,seqevent6,pnumber,ptype,age,sex,hispanic,race,injury,diedscene,restraint,restraintmisuse,seatpos,takehosp,death_dt,death_tm,cert,cernum_wa,commlic,licendor,licrestrict,liccomp,drivpres,drf1,drf2,drf3,drf4,distract1,distract2,distract3,distract4,distract5,distract6,dricond1,dricond2,dricond3,dricond4,dricond5,dricond6,dzip,licstate,drhgt_in,weight,noncdl,noncdltype,prevdwi,prevoth,prevacc,prevspd,prevsus,driviol1,driviol2,driviol3,driviol4,driviol5,driviol6,spdrel,first_dt,last_dt,airbag,ejection,ejectpath,extricat,injurwrk,methalc,methdrug,nmlocat,strikveh,prf1,prf2,prf3,druginv,alcinvol,drugsts,drugres1,drugres2,drugres3,drugtst1,drugtst2,drugtst3,alcsts,alctst,alcres,nmact1,nmact2,nmact3,nmact4,nmact5,nmact6,nmprior1,nmprior2,nmprior3,nmprior4,nmprior5,nmprior6,nmcond1,nmcond2,nmcond3,nmcond4,nmcond5,nmcond6,nmsafe_helmet,nmsafe_pads,nmsafe_oth,nmprev_ref,nmprev_lgt,nmprev_oth,crashlocation,nmcrashtype,crosswalk,schoolzone,sidewalk,train_inv,wildlife_inv,rotr_fars,intersect_fars,dd_inv,aid_inv,dpd_inv,id_inv,mj_inv,impnm_inv,ainm_inv,dpnm_inv,speed_inv,unlic_inv,unendmc_inv,drowsy_inv,drdist_inv,nmdist_inv,fty_inv,unrestfat_inv,dr1617_inv,dr1820_inv,dr1620_inv,dr2125_inv,dr1625_inv,dr65_inv,dr70_inv,dr75_inv,mc_inv,pv_inv,ht_inv,ped_inv,bike_inv,unrest_fat,mc_fat,unhelmet_mc,pv_fat,ht_fat,ped_fat,bike_fat,dr_alc7,dr_alc8,dr_drug,dr_imp,dr_dist,dr_spd,dr_fty,dr_unlic,dr_alc7only,dr_alc8only,dr_drugonly,dr_drink,nm_imp,nm_alc7,nm_alc8,nm_drug,nm_dist,agegrp1,agegrp2,roadclass,urbrur,dayweek,restuse,vehtype,race_me,intersect,lanedep,oppdir,wrongway,rep_typ,investag,repag_long,rotr,st_rd,cty_rd,city_rd,oth_rd,drug_thc,thc_res,drug_cthc,cthc_res,drug_cann,prevpersemin,prevperse,prevsusoth,drugtst4,drugtst5,drugtst6,drugtst7,drugtst8,drugres4,drugres5,drugres6,drugres7,drugres8,adspresent,adsengaged,adslevel,race1,race2,race3,race4,race5,helmet,helmetmisuse,nmdistract1,nmdistract2,nmdistract3,nmdistract4,nmdistract5,nmdistract6,lab,isedtcase,crf1,crf2,crf3,CoRoadName,CoMP,IntCoRoadName,IntCoMP
2020,414,EA73265,2,10/17/2020,4:30,17,10,,57,Skagit,0,10,,2,2,2,1,0,1,1,,,,52,0,0,69.1,3,0,4,4,1,1,3,0,0,0,0,SR-20,SIMMS RD,-122.1572028,48.52960278,0,1,1,13,2,55,80,0,0,1,2,52,1,1,2,1,1,1,1,53,0,98,706,2016,0,,63,52,,,,,1,1,59,1,7,,4,7,20,7,11,0,10/17/2020,4:30,53048801,48801,0,0,3,3,1,0,,,,96,,,,,,99,,,,,,98230,53,71,202,6,1,0,2,0,1,,0,,,,,,4,07/15/2017,11/15/2019,20,8,0,0,0,9,8,,,0,,,8,8,2,695,605,,1,1,,2,1,0.121,,,,,,,,,,,,,,,,,,,,,,,,,,,,,,0,0,1,1,1,1,1,1,1,0,0,0,1,0,0,0,0,0,0,0,0,0,0,0,0,0,0,0,1,0,0,0,0,0,1,0,0,0,0,0,0,1,1,1,0,1,0,0,0,0,0,1,,,,,,56-60,56-65,State route,R,Saturday,,MC,White,0,1,0,0,State Route,State Patrol,Washington State Patrol,1,1,0,0,0,thc,14,,,,0,0,0,,,,,,,,,,,0,0,0,1,,,,,5,0,,,,,,,nms,1,0,,,,,,
2021,33,EB04026,2,02/02/2021,16:12,2,2,,57,Skagit,0,10,,1,1,2,1,0,4,4,,,,12,0,1,46.1,3,0,3,3,1,1,3,0,0,0,0,SR-20,TIBBLES LN,-122.5956611,48.44827778,0,4,98,62,4,50,63,0,0,1,2,12,1,2,2,1,1,1,3,53,0,84,881,2021,0,,12,,,,,,1,1,68,1,0,,0,0,3,0,11,0,,,,,6,1,0,3,1,0,,,,96,,,,,,98,,,,,,98230,53,68,220,6,1,0,0,0,1,,0,,,,,,0,02/15/2020,02/15/2020,20,0,0,0,8,9,8,,,0,,,8,8,0,0,,,0,,,0,0,996,,,,,,,,,,,,,,,,,,,,,,,,,,,,,,0,0,0,1,0,0,1,1,1,0,0,0,0,0,0,0,0,0,0,0,0,0,0,1,1,1,0,0,0,1,1,0,0,0,0,,0,0,0,0,0,0,0,0,0,0,0,0,0,0,0,0,,,,,,66-70,66-75,State route,R,Tuesday,,MHTRUCK,Not Fatal,1,0,0,0,State Route,State Patrol,Washington State Patrol,0,1,0,0,0,,,,,,0,0,0,,,,,,,,,,,98,98,98,0,,,,,20,,,,,,,,,1,0,,,,,,
2018,403,E857585,2,11/03/2018,22:06,3,11,0,57,Skagit,0,2,0,2,2,2,1,0,2,2,22:00,22:11,22:35,12,0,2,3.1,1,0,1,5,1,2,4,0,0,0,0,CR-FRANCIS RD,,-122.2873083,48.46795278,0,1,50,10,2,50,14,0,0,1,7,12,1,1,2,1,1,1,1,53,0,63,402,2008,0,0,68,12,,,,,1,1,31,1,0,0,1,0,3,0,11,5,,,,,0,0,0,3,1,28,0,0,0,96,,,,,,9,,,,,,98232,53,67,165,6,1,0,2,0,3,,97,,,,,,0,03/15/2014,04/15/2017,8,0,0,0,8,9,8,,,0,0,0,8,1,8,95,,,96,,,8,95,995,,,,,,,,,,,,,,,,,,,,,,,,,,,,,,0,0,0,0,1,0,1,1,1,0,0,0,0,0,0,0,0,0,0,0,0,0,0,0,0,0,0,0,0,1,0,0,0,0,0,,0,0,0,0,0,0,0,0,0,0,0,0,0,0,0,1,,,,,,31-35,26-35,County road,R,Saturday,Belt Used,PV,Not Fatal,0,1,1,0,County Road,State Patrol,Washington State Patrol,0,0,1,0,0,,,,,,0,0,4,,,,,,,,,,,,,,,,,,,,,,,,,,,,,,,,,,,
2018,217,E816997,2,07/08/2018,0:54,8,7,0,57,Skagit,1970,1,0,3,1,2,2,2,3,1,0:52,0:58,,8,0,0,63.8,3,0,2,3,2,1,3,0,0,3,3,SR-20,RHODES RD,-122.2583611,48.50079722,0,1,13,80,5,50,34,0,0,1,7,8,1,1,4,1,1,3,1,53,0,35,473,2006,0,0,8,8,,,,,1,1,30,2,0,0,0,0,99,0,11,0,,,,,0,0,0,0,1,91,0,0,0,96,,,,,,9,,,,,,98233,53,64,140,0,0,0,0,0,0,,1,,,,,,0,,,20,0,0,0,8,9,8,,,0,0,0,8,1,2,695,,,1,,,2,1,0.1,,,,,,,,,,,,,,,,,,,,,,,,,,,,,,0,0,0,1,1,1,1,1,1,1,1,1,0,1,0,0,0,0,0,0,0,0,0,0,0,0,0,0,0,1,0,1,0,0,0,,0,0,0,0,0,1,1,1,0,0,0,1,0,0,0,1,,,,,,26-30,26-35,State route,U,Sunday,Unknown,PV,Not Fatal,0,0,0,0,State Route,State Patrol,Washington State Patrol,0,1,0,0,0,,,carboxy-thc,5,,0,0,0,,,,,,,,,,,,,,,,,,,,,,,,,,,,,,,,,,,
2018,492,E868097,2,11/23/2018,18:05,23,11,8,57,Skagit,230,2,0,2,2,2,1,1,1,1,,,,8,0,0,60.3,1,0,1,3,2,1,3,0,0,0,0,SR-20,,-122.3247861,48.47778056,0,1,13,80,5,30,3,0,0,1,7,8,1,1,2,1,1,1,1,53,0,54,31,2001,0,0,8,,,,,,1,1,24,1,0,0,0,0,3,0,11,0,,,,,0,0,0,3,1,10,0,0,0,96,,,,,,0,,,,,,98233,53,70,220,6,1,0,0,1,3,,0,,,,,,0,02/15/2015,10/15/2017,20,0,0,0,8,9,8,,,0,0,0,8,0,8,95,,,96,,,8,95,995,,,,,,,,,,,,,,,,,,,,,,,,,,,,,,0,0,0,0,0,0,0,0,0,0,0,0,0,0,0,0,0,0,0,0,0,0,0,1,1,0,0,0,0,1,0,1,0,0,0,,0,0,0,0,0,0,0,0,0,0,0,0,0,0,0,0,,,,,,21-25,16-25,State route,U,Friday,Belt Used,PV,Not Fatal,0,0,0,0,State Route,State Patrol,Washington State Patrol,0,1,0,0,0,,,,,,0,1,0,,,,,,,,,,,,,,,,,,,,,,,,,,,,,,,,,,,
2019,121,E915428,2,04/25/2019,18:08,25,4,,57,Skagit,0,10,0,1,1,2,1,0,7,2,,,,12,0,6,1.4,2,0,2,5,1,1,3,0,0,20,3,SR- 11,PULVER RD,-122.3564444,48.50010556,0,1,88,17,2,50,14,0,0,1,2,12,1,1,2,1,1,3,2,53,0,12,402,2008,0,0,12,,,,,,1,1,17,2,0,,0,0,3,0,11,0,,,,,0,0,3,3,1,38,0,0,0,96,,,,,,0,,,,,,98233,53,64,140,6,2,0,0,0,0,,97,,,,,,0,,,20,0,0,0,8,9,8,,,0,0,0,8,0,2,695,605,,1,1,,2,1,0,,,,,,,,,,,,,,,,,,,,,,,,,,,,,,0,0,0,1,0,0,1,1,1,0,0,0,0,0,0,0,0,0,1,0,1,0,1,0,1,0,0,0,0,1,0,0,0,0,0,,0,0,0,0,0,0,1,1,0,0,1,0,0,0,1,0,,,,,,16-17,16-25,State route,R,Thursday,Belt Used,PV,Not Fatal,1,0,0,0,State Route,State Patrol,Washington State Patrol,0,1,0,0,0,thc,5.9,carboxy-thc,130,,0,0,0,,,,,,,,,,,98,98,98,0,,,,,20,7,,,,,,,,,,,,,,,
2019,263,E933707,39,06/23/2019,0:14,23,6,,61,Snohomish,0,10,0,3,1,2,1,0,3,2,,,,12,0,2,1.3,2,0,3,5,1,2,4,0,0,0,0,CR-236TH ST NE,32ND AVE NE,-122.1871333,48.21002222,0,1,50,10,2,35,34,0,0,1,7,12,1,2,2,1,1,2,1,53,0,49,472,2015,0,0,68,12,,,,,1,1,42,1,0,,1,0,3,0,11,8,,,,,0,0,0,2,1,28,0,0,0,93,,,,,,0,,,,,,98233,53,74,215,1,1,0,1,1,0,,2,,,,,,0,09/15/2014,12/15/2018,1,0,0,0,8,9,8,,,0,0,0,8,0,8,95,,,96,,,8,95,995,,,,,,,,,,,,,,,,,,,,,,,,,,,,,,0,0,0,1,0,0,1,1,0,0,0,0,0,1,0,0,1,0,0,0,0,0,0,0,0,0,0,0,0,1,0,0,0,0,0,,0,0,0,0,0,0,0,0,1,0,0,1,0,0,0,0,,,,,,41-45,36-45,County road,R,Sunday,Belt Used,PV,Not Fatal,0,1,1,0,County Road,County Sheriff,Snohomish County Sheriff's Office,0,0,1,0,0,,,,,,0,0,3,,,,,,,,,,,98,98,98,0,,,,,20,7,,,,,,,,,,,,,,,
2019,379,E975944,2,10/20/2019,10:26,20,10,,57,Skagit,0,2,0,1,2,2,1,0,3,3,,,,57,0,0,231.8,1,0,1,1,1,1,1,0,0,0,0,I-5,,-122.3353111,48.49469722,0,3,98,98,7,70,4,0,0,1,7,12,1,1,2,3,1,1,1,53,0,12,23,2012,0,0,12,12,,,,,1,1,54,2,0,,0,0,3,0,11,0,,,,,0,0,3,3,1,0,0,0,0,0,,,,,,0,,,,,,98233,53,62,145,6,1,0,0,0,0,,0,,,,,,0,,,20,0,0,0,8,9,8,,,0,0,0,0,0,0,0,,,0,,,0,0,996,,,,,,,,,,,,,,,,,,,,,,,,,,,,,,0,0,1,0,0,0,0,0,0,0,0,0,0,1,0,0,0,0,0,1,0,0,0,1,1,1,0,0,0,1,0,0,0,0,0,,0,0,0,0,0,0,0,0,0,0,0,0,0,0,0,0,,,,,,51-55,46-55,Interstate,R,Sunday,Belt Used,PV,Not Fatal,0,1,0,0,State Route,State Patrol,Washington State Patrol,1,1,0,0,0,,,,,,0,0,0,,,,,,,,,,,98,98,98,0,,,,,20,7,,,,,,,,,,,,,,,
2019,437,E988133,2,11/28/2019,22:56,28,11,,57,Skagit,0,1,0,2,1,2,1,1,7,3,,,,8,0,0,62.3,1,0,1,3,2,1,3,0,0,0,0,SR-20,,-122.2860722,48.49040278,0,3,98,80,5,55,34,0,0,1,5,8,1,1,2,1,1,1,1,53,0,20,471,1987,0,0,8,,,,,,1,1,25,1,0,,0,0,3,0,11,0,,,,,6,0,0,3,1,0,0,0,0,96,,,,,,0,,,,,,98233,53,73,200,6,1,0,0,0,0,,0,,,,,,0,,,20,0,0,0,8,9,8,,,0,0,0,8,0,8,95,,,96,,,8,95,995,,,,,,,,,,,,,,,,,,,,,,,,,,,,,,0,0,0,0,0,0,0,0,0,1,0,1,0,1,0,0,0,0,0,0,0,0,0,1,1,0,0,0,0,1,0,1,0,0,0,,0,0,0,0,0,0,0,0,0,0,0,0,0,0,0,0,,,,,,21-25,16-25,State route,U,Thursday,Belt Used,PV,Not Fatal,0,0,0,0,State Route,State Patrol,Washington State Patrol,0,1,0,0,0,,,,,,0,0,0,,,,,,,,,,,0,0,0,0,,,,,20,7,,,,,,,,,,,,,,,
2019,461,E998611,74,12/18/2019,16:56,18,12,,57,Skagit,230,2,0,3,2,2,1,1,1,1,,,,8,0,0,0,1,0,1,7,2,4,6,0,0,0,0,S BURLINGTON BLVD,,-122.3357917,48.46677778,0,1,13,80,5,35,34,0,0,1,7,8,1,1,5,5,1,1,2,53,0,12,481,2011,0,0,8,,,,,,1,1,54,1,0,,0,0,3,0,11,0,,,,,6,0,0,3,1,0,0,0,0,96,,,,,,0,,,,,,98233,53,67,197,6,1,0,0,0,0,,0,,,,,,0,,,20,0,0,0,8,9,8,,,0,0,0,8,0,8,95,,,96,,,8,95,995,,,,,,,,,,,,,,,,,,,,,,,,,,,,,,0,0,0,0,0,0,0,0,0,0,0,0,0,0,0,0,0,0,0,0,0,0,0,0,0,0,0,0,0,1,0,1,0,0,0,,0,0,0,0,0,0,0,0,0,0,0,0,0,0,0,0,,,,,,51-55,46-55,City street,U,Wednesday,Belt Used,PV,Not Fatal,0,0,0,0,City Street,Municipal/City Police,Burlington Police Department,0,0,0,1,0,,,,,,0,0,0,,,,,,,,,,,98,98,98,0,,,,,20,7,,,,,,,,,,,,,,,
2019,464,E998894,2,12/27/2019,17:00,27,12,,57,Skagit,230,10,0,3,2,2,1,0,1,1,,,,18,0,0,9999.9,1,0,1,4,2,2,4,0,0,65,3,CR-GARRETT RD,,-122.3472722,48.469225,0,1,12,98,7,35,4,0,0,1,7,10,1,1,3,1,6,1,1,53,0,55,35,2019,0,0,18,10,,,,,1,1,36,1,7,,4,7,20,7,11,0,12/27/2019,17:00,23053057112,57112,0,0,3,3,1,37,39,0,0,96,,,,,,9,,,,,,98233,53,73,212,6,1,1,2,1,2,,0,,,,,,0,07/15/2016,11/15/2018,99,9,0,0,0,1,8,,,0,0,0,8,1,2,1,,,1,,,2,1,0.173,,,,,,,,,,,,,,,,,,,,,,,,,,,,,,1,0,0,0,1,1,0,1,0,0,0,0,0,0,0,0,0,0,0,1,0,0,0,0,0,0,0,0,0,1,0,0,0,1,0,,1,0,0,0,0,1,0,1,0,0,0,0,0,1,0,1,,,,,,36-40,36-45,County road,U,Friday,Not Used,PV,White,1,0,0,0,State Route,State Patrol,Washington State Patrol,0,1,0,0,0,,,,,,0,1,1,,,,,,,,,,,98,98,98,1,,,,,20,7,,,,,,,,,,,,,,,
2020,13,EA04977,205,01/16/2020,11:39,16,1,,57,Skagit,1410,10,,1,2,2,1,0,4,2,11:39,11:46,11:50,12,0,6,0,2,0,2,5,2,4,6,0,0,3,3,N 18TH ST,E Fir St,-122.318925,48.42839167,0,2,69,62,4,25,67,0,0,1,5,12,1,2,3,1,1,1,1,53,0,7,880,2015,0,,12,63,30,,,,1,1,26,1,0,,0,0,3,0,11,0,,,,,0,0,0,3,1,0,,,,96,,,,,,98,,,,,,98233,53,71,175,6,1,0,3,0,0,,0,,,,,,0,09/15/2017,08/15/2018,20,0,0,0,8,9,8,,,0,,,8,8,8,95,,,96,,,8,95,995,,,,,,,,,,,,,,,,,,,,,,,,,,,,,,0,0,0,1,0,0,0,0,0,0,0,0,0,0,0,0,0,0,1,1,0,0,0,0,0,0,0,0,0,1,1,0,0,0,0,,0,0,0,0,0,0,0,0,0,0,0,0,0,0,0,0,,,,,,26-30,26-35,City street,U,Thursday,,MHTRUCK,Not Fatal,1,0,0,0,City Street,Municipal/City Police,Mount Vernon Police Department,0,0,0,1,0,,,,,,0,0,0,,,,,,,,,,,98,98,98,0,,,,,20,7,,,,,,,,1,0,,,,,,
2020,508,EA93821,2,12/24/2020,6:39,24,12,,61,Snohomish,690,1,,2,4,2,1,0,4,4,6:45,6:57,,25,0,0,195,1,0,1,1,2,1,1,0,0,0,0,I-5,,-122.1788028,47.99383056,0,4,98,50,3,60,4,0,0,1,5,25,1,2,3,3,1,1,1,53,0,49,32,2017,0,,64,25,,,,,1,1,40,1,0,,0,0,3,0,11,0,,,,,0,0,0,3,1,0,,,,96,,,,,,98,,,,,,98233,53,71,275,6,1,0,0,2,0,,0,,,,,,0,04/15/2016,06/15/2019,20,0,0,0,8,9,8,,,0,,,8,8,8,95,,,96,,,8,95,995,,,,,,,,,,,,,,,,,,,,,,,,,,,,,,0,0,0,0,0,0,0,0,0,0,0,0,1,1,0,0,0,0,0,1,0,0,0,0,0,0,0,0,0,1,0,0,0,0,0,,0,0,0,0,0,0,0,0,0,0,0,0,0,0,0,0,,,,,,36-40,36-45,Interstate,U,Thursday,Belt Used,PV,Not Fatal,0,1,0,0,State Route,State Patrol,Washington State Patrol,1,1,0,0,0,,,,,,0,0,0,,,,,,,,,,,98,98,98,0,,,,,20,7,,,,,,,,1,0,,,,,,
2021,350,EB66987,2,09/04/2021,14:42,4,9,,57,Skagit,0,10,,1,1,2,1,0,4,3,,,,12,0,6,,2,0,2,5,1,2,4,0,0,0,0,CR-JOSH WILSON RD,FARM TO MARKET RD,-122.4444056,48.48668333,0,3,88,66,4,50,4,0,0,1,2,12,1,2,2,1,1,1,2,53,0,37,32,1992,0,,12,,,,,,1,1,22,1,0,,1,0,3,0,11,0,,,,,0,0,0,3,1,0,,,,96,,,,,,98,,,,,,98233,53,72,180,6,1,0,1,0,0,,0,,,,,,0,08/15/2018,08/15/2018,1,0,0,0,8,9,8,,,0,,,8,8,0,0,,,0,,,0,0,996,,,,,,,,,,,,,,,,,,,,,,,,,,,,,,0,0,0,1,0,0,1,1,0,0,0,0,0,0,0,0,0,0,0,0,0,0,0,1,1,1,1,1,0,1,0,0,0,0,0,,0,0,0,0,0,0,0,0,0,0,0,0,0,0,0,0,,,,,,21-25,16-25,County road,R,Saturday,Belt Used,PV,Not Fatal,1,0,0,0,County Road,State Patrol,Washington State Patrol,0,0,1,0,0,,,,,,0,0,0,,,,,,,,,,,0,0,0,0,,,,,20,,,,,,,,,1,0,,,JOSH WILSON ROAD,4.872,FARM TO MARKET ROAD,2.805
2017,237,E689811,2,07/04/2017,12:52,4,7,5,57,Skagit,0,1,0,1,1,2,1,0,1,1,12:49,13:03,13:27,11,0,0,1.2,1,0,1,7,1,2,4,0,0,0,0,CR-MUD LAKE,,-122.2584222,48.458325,0,1,13,87,6,35,80,0,0,1,5,11,1,1,2,1,1,1,1,53,0,37,703,2009,0,0,11,,,,,,1,1,76,1,7,1,4,0,5,0,11,5,07/04/2017,14:43,1.41053E+11,29317,0,0,3,3,1,0,0,0,0,96,,,,,,0,,,,,,98235,53,72,215,6,1,0,0,1,0,0,0,,,,,,0,07/15/2013,07/15/2013,20,8,0,0,0,9,8,,,0,0,0,8,0,2,1,0,0,1,0,0,2,1,0,,,,,,,,,,,,,,,,,,,,,,,,,,,,,,0,1,0,0,0,0,0,0,0,0,0,0,0,0,0,0,0,0,0,0,0,0,0,0,0,1,1,1,1,0,0,0,0,0,1,0,0,0,0,0,0,0,0,0,0,0,0,0,0,0,0,0,,,,,,76-80,76+,County road,R,Tuesday,,MC,White,0,0,0,0,County Road,State Patrol,Washington State Patrol Headquarter,0,0,1,0,0,,,,,,,,,,,,,,,,,,,,,,,,,,,,,,,,,,,,,,,,,,,
2017,182,E680679,2,05/29/2017,20:20,29,5,4,29,Island,0,1,0,1,1,2,1,0,4,2,,,,12,0,2,1.9,1,0,1,6,1,2,4,0,0,0,0,CR-BAILEY RD,,-122.4046056,47.93839444,0,1,50,10,2,35,3,0,0,1,2,12,2,1,2,1,6,3,2,53,0,37,31,1996,0,0,68,12,,,,,1,1,30,1,0,0,2,0,3,0,11,8,,,,,0,0,0,2,1,27,0,0,0,96,,,,,,9,,,,,,98236,53,74,232,1,1,1,3,1,2,3,1,,,,,,3,06/15/2012,08/15/2016,1,0,0,0,8,9,8,,,0,0,0,8,1,2,605,0,0,1,0,0,2,1,0.12,,,,,,,,,,,,,,,,,,,,,,,,,,,,,,0,0,0,0,1,1,1,1,1,0,0,0,1,1,0,0,0,0,0,0,0,0,0,0,0,1,0,0,0,1,0,0,0,0,0,,0,0,0,0,0,1,1,1,0,1,0,1,0,0,0,1,,,,,,26-30,26-35,County road,R,Monday,Belt Used,PV,Not Fatal,0,1,1,0,County Road,State Patrol,Washington State Patrol Headquarter,0,0,1,0,0,thc,7,carboxy-thc,40,,,,,,,,,,,,,,,,,,,,,,,,,,,,,,,,,,,,,,,
2020,247,EA50101,2,07/20/2020,17:05,20,7,,29,Island,0,1,,1,1,2,1,0,7,2,17:09,17:13,18:13,12,0,6,19.2,2,0,2,3,1,1,3,0,0,20,3,SR-525,BUSH POINT RD,-122.5454833,48.01518333,0,1,82,15,2,45,4,0,0,1,2,12,1,2,2,1,11,2,2,53,0,20,32,1993,0,,12,,,,,,1,1,17,1,7,,4,0,3,0,11,0,07/20/2020,21:11,1.96053E+11,33497,0,0,1,3,1,48,,,,96,,,,,,98,,,,,,98236,53,67,135,6,2,0,0,0,0,,0,,,,,,0,,,1,0,0,0,0,9,8,,,0,,,8,8,2,695,605,,1,1,,2,1,0,,,,,,,,,,,,,,,,,,,,,,,,,,,,,,0,0,0,1,0,0,1,1,1,0,0,0,0,0,0,0,0,0,0,0,1,0,1,0,1,0,0,0,0,1,1,0,0,0,0,,1,0,0,0,0,0,1,1,0,0,0,0,0,0,1,0,,,,,,16-17,16-25,State route,R,Monday,Belt Used,PV,White,1,0,0,0,State Route,State Patrol,Washington State Patrol,0,1,0,0,0,thc,0.87,carboxy-thc,7.8,,0,0,0,,,,,,,,,,,0,0,0,1,,,,,20,7,,,,,,,nms,1,0,,,,,,
2021,307,EB59087,1,08/08/2021,20:15,8,8,,5,Benton,0,1,,5,1,2,2,0,2,2,,,,12,0,6,13.4,2,0,2,4,1,1,3,0,0,20,3,SR-221,SELLARDS RD,-119.6016083,46.13107778,0,1,86,66,4,50,34,0,0,1,2,12,1,1,2,1,1,1,1,53,0,23,471,2003,0,,12,,,,,,1,1,71,1,7,,4,7,3,0,11,0,08/08/2021,20:15,53038493,38493,0,0,0,3,1,39,,,,96,,,,,,9,,,,,,98236,53,68,125,6,1,0,0,0,0,,0,,,,,,0,,,8,0,0,0,0,9,8,,,0,,,1,8,2,996,401,417,1,1,1,2,1,0,,,,,,,,,,,,,,,,,,,,,,,,,,,,,,0,0,0,1,0,0,1,1,0,0,0,0,0,0,0,0,0,0,0,0,0,0,0,0,0,1,1,0,0,1,0,0,0,0,0,,1,0,0,0,0,0,1,1,0,0,0,0,0,0,1,0,,,,,,71-75,66-75,State route,R,Sunday,Belt Used,PV,White,1,0,0,0,State Route,State Patrol,Washington State Patrol,0,1,0,0,0,,,,,,0,0,0,,,,,,,,,,,98,98,98,1,,,,,20,,,,,,,,,1,0,,,,,,
2018,64,E778214,2,03/12/2018,18:14,12,3,0,57,Skagit,0,1,0,1,1,2,1,0,1,1,18:11,18:27,,38,0,0,74.3,1,0,1,4,1,1,3,0,0,0,0,SR-20,,-122.0479556,48.53019444,0,1,6,12,2,55,15,0,0,1,7,42,1,1,2,1,1,1,1,53,0,49,421,1993,0,0,68,64,38,42,,,1,1,65,1,7,1,4,7,3,0,11,0,03/12/2018,18:14,1.20053E+11,12118,0,0,0,3,1,0,0,0,0,96,,,,,,9,,,,,,98237,53,75,199,6,1,0,0,0,0,,0,,,,,,0,,,20,0,0,0,0,9,1,,,0,0,0,1,0,2,401,189,605,1,1,1,2,1,0,,,,,,,,,,,,,,,,,,,,,,,,,,,,,,0,0,1,0,0,0,1,1,1,0,0,0,0,0,0,0,0,0,0,0,0,0,0,0,0,1,0,0,0,1,0,0,0,0,0,,1,0,0,0,0,0,1,1,0,0,0,0,0,0,1,0,,,,,,61-65,56-65,State route,R,Monday,Belt Used,PV,White,0,1,0,0,State Route,State Patrol,Washington State Patrol Headquarter,1,1,0,0,0,thc,2.5,carboxy-thc,9.3,,0,0,0,1,1,1,,,695,996,996,,,,,,,,,,,,,,,,,,,,,,,,,,,
2020,411,EA73033,2,10/16/2020,20:50,16,10,,57,Skagit,0,2,,3,2,2,1,0,3,2,,,,12,0,6,4.1,2,0,2,5,1,1,3,0,0,3,3,SR-11,FIELD RD,-122.3913917,48.53039167,0,1,89,17,2,35,4,0,0,1,2,12,1,1,2,1,1,1,1,53,0,49,51,2008,0,,12,,,,,,1,1,23,2,7,,4,0,3,0,11,5,10/16/2020,23:11,1.41053E+11,2050,0,0,0,3,1,39,,,,96,,,,,,98,,,,,,98237,53,62,155,6,1,0,0,1,1,,0,,,,,,0,10/15/2020,10/15/2020,8,0,0,0,0,3,2,,,0,,,8,8,2,128,177,,1,1,,2,1,0,,,,,,,,,,,,,,,,,,,,,,,,,,,,,,0,0,0,1,0,0,1,1,0,0,0,0,0,0,0,0,0,0,0,0,0,0,0,1,1,0,0,0,0,1,0,0,0,0,0,,1,0,0,0,0,0,1,1,0,0,0,0,0,0,1,0,,,,,,21-25,16-25,State route,R,Friday,Belt Used,PV,White,1,0,0,0,State Route,State Patrol,Washington State Patrol,0,1,0,0,0,,,,,,0,0,0,,,,,,,,,,,98,98,98,1,,,,,20,7,,,,,,,,1,0,,,,,,
2021,193,EB42524,2,06/22/2021,18:40,22,6,,57,Skagit,0,1,,1,1,2,1,0,1,1,,,,42,0,0,,1,0,1,6,1,2,4,0,0,0,0,CR-CONCRETE SAUK VALLEY,,-121.7471083,48.51821389,0,1,6,12,2,50,4,0,0,1,2,42,1,2,2,1,1,1,2,53,0,55,35,2005,0,,68,64,42,,,,1,1,56,1,7,,4,7,3,0,11,0,06/22/2021,18:40,53033261,33261,0,0,0,0,1,0,,,,0,,,,,,2,,,,,,98237,53,73,200,0,0,0,0,0,1,,0,,,,,,0,02/15/2021,02/15/2021,1,0,0,0,0,9,8,,,0,,,8,8,2,167,996,128,1,1,1,2,1,0,,,,,,,,,,,,,,,,,,,,,,,,,,,,,,0,0,1,0,0,0,1,1,0,0,0,0,0,1,0,1,0,0,0,0,0,0,0,0,0,0,0,0,0,1,0,0,0,0,0,,1,0,0,0,0,0,1,1,0,0,0,1,0,0,1,0,,,,,,56-60,56-65,County road,R,Tuesday,Belt Used,PV,White,0,1,0,0,County Road,State Patrol,Washington State Patrol,1,0,1,0,0,,,,,,0,0,0,1,1,1,,,177,996,996,401,417,98,98,98,1,,,,,20,,,,,,,,,1,0,,,CONCRETE SAUK VALLEY ROAD,2.63,NULL,