year,case,par,repjur,crash_dt,crash_tm,accday,accmon,holiday,county,co_char,city,weather,weather2,lightcond,surfcond,surftype,numfatal,nmforms,pforms,vforms,not_tm,arr_tm,hosp_tm,fhevent,hitrun,manncol,milepnt,reljunc,reljuncinter,intersectiontype,funcsystem,landuse,ownership,route,schlbus,spejur,contdev,devfunc,trafid1,trafid2,x,y,wk_zone,vnumber,crashtype,criticalevent,criticaleventcat,spdlim,body,trailer,emerg,hazcargo,leave,mhevent,roadalgn,roadprof,traflane,trafflow,vehmanvr,numoccs,regowner,regstate,spuse,make,model,modelyr,vrf1,vrf2,seqevent1,seqevent2,seqevent3,seqevent4,seqevent5,seqevent6,pnumber,ptype,age,sex,hispanic,race,injury,diedscene,restraint,restraintmisuse,seatpos,takehosp,death_dt,death_tm,cert,cernum_wa,commlic,licendor,licrestrict,liccomp,drivpres,drf1,drf2,drf3,drf4,distract1,distract2,distract3,distract4,distract5,distract6,dricond1,dricond2,dricond3,dricond4,dricond5,dricond6,dzip,licstate,drhgt_in,weight,noncdl,noncdltype,prevdwi,prevoth,prevacc,prevspd,prevsus,driviol1,driviol2,driviol3,driviol4,driviol5,driviol6,spdrel,first_dt,last_dt,airbag,ejection,ejectpath,extricat,injurwrk,methalc,methdrug,nmlocat,strikveh,prf1,prf2,prf3,druginv,alcinvol,drugsts,drugres1,drugres2,drugres3,drugtst1,drugtst2,drugtst3,alcsts,alctst,alcres,nmact1,nmact2,nmact3,nmact4,nmact5,nmact6,nmprior1,nmprior2,nmprior3,nmprior4,nmprior5,nmprior6,nmcond1,nmcond2,nmcond3,nmcond4,nmcond5,nmcond6,nmsafe_helmet,nmsafe_pads,nmsafe_oth,nmprev_ref,nmprev_lgt,nmprev_oth,crashlocation,nmcrashtype,crosswalk,schoolzone,sidewalk,train_inv,wildlife_inv,rotr_fars,intersect_fars,dd_inv,aid_inv,dpd_inv,id_inv,mj_inv,impnm_inv,ainm_inv,dpnm_inv,speed_inv,unlic_inv,unendmc_inv,drowsy_inv,drdist_inv,nmdist_inv,fty_inv,unrestfat_inv,dr1617_inv,dr1820_inv,dr1620_inv,dr2125_inv,dr1625_inv,dr65_inv,dr70_inv,dr75_inv,mc_inv,pv_inv,ht_inv,ped_inv,bike_inv,unrest_fat,mc_fat,unhelmet_mc,pv_fat,ht_fat,ped_fat,bike_fat,dr_alc7,dr_alc8,dr_drug,dr_imp,dr_dist,dr_spd,dr_fty,dr_unlic,dr_alc7only,dr_alc8only,dr_drugonly,dr_drink,nm_imp,nm_alc7,nm_alc8,nm_drug,nm_dist,agegrp1,agegrp2,roadclass,urbrur,dayweek,restuse,vehtype,race_me,intersect,lanedep,oppdir,wrongway,rep_typ,investag,repag_long,rotr,st_rd,cty_rd,city_rd,oth_rd,drug_thc,thc_res,drug_cthc,cthc_res,drug_cann,prevpersemin,prevperse,prevsusoth,drugtst4,drugtst5,drugtst6,drugtst7,drugtst8,drugres4,drugres5,drugres6,drugres7,drugres8,adspresent,adsengaged,adslevel,race1,race2,race3,race4,race5,helmet,helmetmisuse,nmdistract1,nmdistract2,nmdistract3,nmdistract4,nmdistract5,nmdistract6,lab,isedtcase,crf1,crf2,crf3,CoRoadName,CoMP,IntCoRoadName,IntCoMP
2021,573,EB67630,2,09/13/2021,17:15,13,9,,57,Skagit,0,1,,1,1,2,1,0,1,1,,,,24,0,0,,1,0,1,5,1,2,4,0,0,0,0,CR-S SKAGIT HWY,,-121.8935278,48.50880556,0,1,1,13,2,50,80,0,0,1,2,24,1,1,2,1,1,1,1,53,0,37,705,2011,0,,63,24,,,,,1,1,72,1,7,,4,7,20,7,11,0,09/13/2021,17:15,53045832,45832,0,0,3,3,1,0,,,,96,,,,,,9,,,,,,98237,53,66,160,6,1,0,0,0,0,,0,,,,,,0,,,20,8,0,0,0,1,8,,,0,,,8,1,2,1,,,1,,,2,1,0.115,,,,,,,,,,,,,,,,,,,,,,,,,,,,,,0,0,1,0,1,1,0,1,0,0,0,0,0,0,0,0,0,0,0,0,0,0,0,0,0,1,1,0,1,0,0,0,0,0,1,0,0,0,0,0,0,1,0,1,0,0,0,0,0,1,0,1,,,,,,71-75,66-75,County road,R,Monday,,MC,White,0,1,0,0,County Road,State Patrol,Washington State Patrol,1,0,1,0,0,,,,,,0,0,0,,,,,,,,,,,0,0,0,1,,,,,5,,,,,,,,,0,0,,,SOUTH SKAGIT HWY,17.5,NULL,
2021,406,EB76902,2,10/08/2021,10:44,8,10,,57,Skagit,0,1,,1,1,1,1,0,2,2,,,,12,0,6,,2,0,2,5,1,2,4,0,0,0,0,CR-MINKLER RD,HOEN RD,-122.1398389,48.52522778,0,2,88,66,4,50,34,0,0,1,2,12,1,1,2,1,1,1,2,53,0,49,482,2007,0,,12,68,64,31,,,1,1,20,2,0,,0,0,3,0,11,0,,,,,0,0,0,3,1,0,,,,96,,,,,,0,,,,,,98237,53,69,155,6,2,0,0,0,0,,0,,,,,,0,,,1,0,0,0,8,9,8,,,0,,,8,8,0,0,,,0,,,0,0,996,,,,,,,,,,,,,,,,,,,,,,,,,,,,,,0,0,0,1,0,0,1,1,0,0,0,0,0,0,0,0,0,0,1,0,0,1,1,0,1,1,0,0,0,1,0,0,0,0,0,,0,0,0,0,0,0,0,0,0,0,0,0,0,0,0,0,,,,,,18-20,16-25,County road,R,Friday,Belt Used,PV,Not Fatal,1,0,0,0,County Road,State Patrol,Washington State Patrol,0,0,1,0,0,,,,,,0,0,0,,,,,,,,,,,98,98,98,0,,,,,20,,,,,,,,,1,0,,,MINKLER ROAD,3.64,HOEHN ROAD,4.553
2021,477,EB91089,2,11/17/2021,6:03,17,11,,57,Skagit,1970,1,,2,4,2,1,0,2,2,,,,12,0,6,75.2,1,0,1,4,1,1,3,0,0,0,0,SR-20,,-122.028375,48.53016667,0,1,98,10,2,55,34,0,0,1,2,12,1,1,2,2,1,1,1,53,0,49,472,1997,0,,68,12,,,,,1,1,59,1,0,,3,0,3,0,11,1,,,,,6,0,3,3,1,0,,,,96,,,,,,98,,,,,,98237,53,70,180,6,1,0,2,0,0,,0,,,,,,0,05/15/2017,12/15/2018,1,0,0,0,8,9,8,,,0,,,8,8,8,95,,,96,,,0,0,996,,,,,,,,,,,,,,,,,,,,,,,,,,,,,,0,0,0,0,0,0,0,0,0,0,0,0,0,0,0,0,0,0,0,0,0,0,0,0,0,0,0,0,0,1,0,0,0,0,0,,0,0,0,0,0,0,0,0,0,0,0,0,0,0,0,0,,,,,,56-60,56-65,State route,R,Wednesday,Belt Used,PV,Not Fatal,0,1,1,0,State Route,State Patrol,Washington State Patrol,0,1,0,0,0,,,,,,0,0,0,,,,,,,,,,,0,0,0,0,,,,,20,,,,,,,,,1,0,,,,,,
2017,450,E734038,2,10/30/2017,19:32,30,10,0,29,Island,0,1,0,2,1,2,1,0,1,1,,,,30,0,0,2.2,1,0,1,7,1,2,4,0,0,0,0,CR-163 S EBEY ROAD,,-122.6957083,48.20213889,0,1,6,10,2,35,5,0,0,1,2,30,3,2,2,1,14,1,1,53,0,12,37,2005,0,0,68,64,30,1,,,1,1,33,1,7,1,4,7,20,0,11,0,10/30/2017,19:32,47053047236,47236,0,0,0,3,1,0,0,0,0,96,,,,,,9,,,,,,98239,53,65,130,6,1,0,0,0,0,0,0,,,,,,4,,,1,0,0,0,0,9,8,,,0,0,0,8,1,2,1,0,0,1,0,0,2,1,0.16,,,,,,,,,,,,,,,,,,,,,,,,,,,,,,0,0,1,0,1,1,0,1,0,0,0,0,1,0,0,0,0,0,0,1,0,0,0,0,0,0,0,0,0,1,0,0,0,1,0,,1,0,0,0,0,1,0,1,0,1,0,0,0,1,0,1,,,,,,31-35,26-35,County road,R,Monday,Not Used,PV,White,0,1,0,0,County Road,State Patrol,Washington State Patrol Headquarter,1,0,1,0,0,,,,,,,,,,,,,,,,,,,,,,,,,,,,,,,,,,,,,,,,,,,
2021,192,EB42084,2,06/12/2021,18:20,12,6,,29,Island,0,1,,1,1,2,1,0,2,2,,,,42,0,0,,1,0,1,6,1,2,4,0,0,0,0,CR-RACE RD,,-122.5908972,48.18120278,0,1,1,13,2,35,80,0,0,1,2,42,3,4,2,1,14,1,1,53,0,34,706,2015,0,,63,42,69,12,,,1,1,41,1,7,,4,0,20,7,11,5,06/12/2021,18:20,47053029060,29060,0,0,0,3,1,0,,,,96,,,,,,9,,,,,,98239,53,71,180,6,1,0,2,1,0,,0,,,,,,4,11/15/2017,11/15/2019,20,8,0,0,0,1,1,,,0,,,1,1,2,695,605,,1,1,,2,1,0.171,,,,,,,,,,,,,,,,,,,,,,,,,,,,,,0,0,1,0,1,1,1,1,1,0,0,0,1,0,0,0,0,0,0,0,0,0,0,1,1,0,0,0,1,0,0,0,0,0,1,0,0,0,0,0,0,1,1,1,0,1,0,0,0,0,0,1,,,,,,41-45,36-45,County road,R,Saturday,,MC,White,0,1,0,0,County Road,State Patrol,Washington State Patrol,1,0,1,0,0,thc,50,carboxy-thc,82,,0,0,0,,,,,,,,,,,0,0,0,1,,,,,19,,,,,,,,nms,1,0,,,RACE RD,1.341,NULL,
2018,281,E826988,2,07/11/2018,0:22,11,7,0,73,Whatcom,0,1,0,2,1,2,1,0,2,1,0:15,0:37,,24,0,0,15,1,0,1,4,1,1,3,0,0,0,0,SR-542,,-122.1954583,48.82064167,0,1,1,13,2,55,3,0,0,1,2,1,3,1,2,1,14,2,1,53,0,30,47,1999,0,0,63,24,69,68,64,24,1,1,20,1,0,0,1,0,3,0,11,5,,,,,0,0,0,2,1,91,0,0,0,96,,,,,,9,,,,,,98240,53,74,158,1,1,0,1,0,1,,1,,,,,,4,11/15/2015,11/15/2015,8,0,0,0,8,1,8,,,0,0,0,8,1,2,308,605,695,1,1,1,2,1,0.12,,,,,,,,,,,,,,,,,,,,,,,,,,,,,,0,0,1,0,1,1,1,1,1,0,0,0,1,1,0,0,0,0,0,0,0,1,1,0,1,0,0,0,0,1,0,0,0,0,0,,0,0,0,0,0,1,1,1,0,1,0,1,0,0,0,1,,,,,,18-20,16-25,State route,R,Wednesday,Belt Used,PV,Not Fatal,0,1,0,0,State Route,State Patrol,Washington State Patrol,1,1,0,0,0,thc,3.8,carboxy-thc,33,,0,0,2,,,,,,,,,,,,,,,,,,,,,,,,,,,,,,,,,,,
2018,193,E809655,2,06/13/2018,13:32,13,6,0,57,Skagit,0,2,0,1,2,2,1,0,1,1,,,,1,0,0,35.9,1,0,1,4,1,1,3,0,0,0,0,SR-530,,-121.5566778,48.30083889,0,1,6,12,2,55,14,0,0,1,7,42,3,1,2,1,14,1,1,53,0,18,402,2004,0,0,68,64,1,42,,,1,1,70,1,7,1,4,7,3,0,11,0,06/13/2018,13:40,53026615,26615,0,0,3,3,1,0,0,0,0,96,,,,,,9,,,,,,98241,53,72,200,6,1,0,0,0,0,,0,,,,,,4,,,1,0,0,0,0,1,8,,,0,0,0,8,1,2,1,,,1,,,2,1,0.095,,,,,,,,,,,,,,,,,,,,,,,,,,,,,,0,0,1,0,1,1,0,1,0,0,0,0,1,0,0,0,0,0,0,0,0,0,0,0,0,1,1,0,0,1,0,0,0,0,0,,1,0,0,0,0,1,0,1,0,1,0,0,0,1,0,1,,,,,,66-70,66-75,State route,R,Wednesday,Belt Used,PV,White,0,1,0,0,State Route,State Patrol,Washington State Patrol,1,1,0,0,0,,,,,,0,0,0,,,,,,,,,,,,,,,,,,,,,,,,,,,,,,,,,,,
2018,238,E822709,2,07/01/2018,16:06,1,7,0,61,Snohomish,0,1,0,1,1,2,1,0,7,5,16:03,16:07,16:35,12,0,2,208.2,1,0,1,1,1,1,1,0,0,0,0,I-5,,-122.1965389,48.18052222,0,1,50,54,3,98,14,0,0,1,2,12,1,1,3,3,1,1,2,53,0,12,401,1991,0,0,12,63,57,1,60,54,1,1,56,1,0,0,0,0,20,0,11,0,,,,,0,0,3,2,1,51,91,0,0,96,,,,,,9,,,,,,98241,53,60,180,1,1,1,2,0,1,,1,,,,,,0,12/15/2013,01/15/2018,20,0,0,0,8,9,8,,,0,0,0,8,1,2,605,695,,1,1,,2,1,0.22,,,,,,,,,,,,,,,,,,,,,,,,,,,,,,0,0,0,0,1,1,1,1,1,0,0,0,0,1,0,0,0,0,0,0,1,0,1,0,1,0,0,0,0,1,0,0,0,0,0,,0,0,0,0,0,1,1,1,0,0,0,1,0,0,0,1,,,,,,56-60,56-65,Interstate,R,Sunday,Not Used,PV,Not Fatal,0,0,0,1,State Route,State Patrol,Washington State Patrol,0,1,0,0,0,thc,1.4,carboxy-thc,11,,0,1,4,,,,,,,,,,,,,,,,,,,,,,,,,,,,,,,,,,,
2018,416,E861527,2,11/15/2018,23:24,15,11,0,61,Snohomish,0,2,0,2,2,2,1,0,1,1,23:20,23:43,0:35,30,0,0,17.8,1,0,1,4,1,1,3,0,0,0,0,SR-530,,-121.8888167,48.27154444,0,1,7,6,1,50,4,0,0,1,2,30,2,1,2,1,14,1,2,38,0,12,17,2003,0,0,68,64,30,,,,1,1,18,2,7,1,4,0,3,0,11,5,11/16/2018,1:33,8053050439,50439,0,0,0,3,1,0,0,0,0,96,,,,,,99,,,,,,98241,53,65,120,6,1,0,0,0,0,,0,,,,,,4,,,20,0,0,0,0,9,8,,,0,0,0,8,9,2,605,,,1,,,2,1,0,,,,,,,,,,,,,,,,,,,,,,,,,,,,,,0,0,0,0,0,0,1,1,1,0,0,0,1,0,0,0,0,0,0,0,0,1,1,0,1,0,0,0,0,1,0,0,0,0,0,,1,0,0,0,0,0,1,1,0,1,0,0,0,0,1,0,,,,,,18-20,16-25,State route,R,Thursday,Belt Used,PV,White,0,1,0,0,State Route,State Patrol,Washington State Patrol,1,1,0,0,0,thc,1.2,,,,0,0,0,,,,,,,,,,,,,,,,,,,,,,,,,,,,,,,,,,,
2019,171,E927748,2,06/06/2019,9:09,6,6,,61,Snohomish,0,1,0,1,1,2,1,0,2,2,,,,12,0,2,20.3,1,0,1,4,1,1,3,0,0,0,0,SR-530,,-121.8381278,48.27735556,0,1,50,10,2,55,14,0,0,1,7,12,2,1,2,1,14,1,1,53,0,2,404,1994,0,0,68,12,,,,,1,1,46,1,7,,4,7,20,7,11,0,06/06/2019,9:09,53026321,26321,0,0,0,3,1,28,0,0,0,0,,,,,,2,,,,,,98241,53,77,220,6,1,0,0,0,0,,0,,,,,,0,,,1,0,0,0,0,9,8,,,0,0,0,1,0,2,167,996,128,1,1,1,2,1,0,,,,,,,,,,,,,,,,,,,,,,,,,,,,,,0,0,0,0,0,0,1,1,0,0,0,0,0,0,0,1,0,0,0,1,0,0,0,0,0,0,0,0,0,1,1,0,0,1,0,,1,0,0,0,0,0,1,1,0,0,0,0,0,0,1,0,,,,,,46-50,46-55,State route,R,Thursday,Not Used,PV,White,0,1,1,0,State Route,State Patrol,Washington State Patrol,0,1,0,0,0,,,,,,0,0,0,1,,,,,177,,,,,0,0,0,1,,,,,20,7,,,,,,,,,,,,,,,
2021,199,EB43845,2,06/26/2021,19:55,26,6,,57,Skagit,0,1,,1,11,4,1,0,2,1,,,,35,0,0,,1,0,1,7,1,2,4,0,0,0,0,CR-CONCRETE SAUK VALLEY,,-121.5639639,48.39838056,0,1,7,9,1,98,15,0,0,1,2,1,1,2,8,1,1,2,2,53,0,20,421,2001,0,,68,64,35,1,,,1,1,24,2,7,,4,7,20,7,11,0,06/26/2021,19:55,53031064,31064,0,0,0,3,1,0,,,,96,,,,,,9,,,,,,98241,53,70,160,6,1,0,0,0,0,,0,,,,,,4,,,20,2,9,0,0,1,8,,,0,,,8,1,2,1,,,1,,,2,1,0.066,,,,,,,,,,,,,,,,,,,,,,,,,,,,,,0,0,0,0,1,0,0,0,0,0,0,0,1,0,0,0,0,0,0,1,0,0,0,1,1,0,0,0,0,1,0,0,0,1,0,,1,0,0,0,1,0,0,0,0,1,0,0,1,0,0,1,,,,,,21-25,16-25,County road,R,Saturday,Not Used,PV,White,0,1,0,0,County Road,State Patrol,Washington State Patrol,1,0,1,0,0,,,,,,0,0,0,,,,,,,,,,,98,98,98,1,,,,,20,,,,,,,,,1,0,,,OLD CONCRETE SAUK VALLEY ROAD,0.55,NULL,
2019,64,E900266,2,01/15/2019,19:10,15,1,,57,Skagit,230,10,0,3,1,2,1,1,1,1,,,,8,0,0,230,1,0,1,1,2,1,1,0,0,0,0,I-5,,-122.3420111,48.46913056,0,1,13,80,5,60,66,1,0,2,7,8,1,1,2,3,15,1,3,53,0,85,881,2016,0,0,8,,,,,,1,1,42,1,0,,0,0,3,0,11,0,,,,,6,1,0,3,1,0,0,0,0,96,,,,,,9,,,,,,98244,53,68,180,6,1,0,0,0,0,,0,,,,,,0,02/15/2017,02/15/2017,20,0,0,0,8,9,2,,,0,0,0,0,1,2,605,695,,1,1,,2,1,0,,,,,,,,,,,,,,,,,,,,,,,,,,,,,,0,0,0,0,1,0,1,1,1,0,0,0,0,0,0,0,0,0,0,0,0,0,0,0,0,0,0,0,0,0,1,1,0,0,0,,0,0,0,0,0,0,1,1,0,0,0,0,0,0,1,1,,,,,,41-45,36-45,Interstate,U,Tuesday,,MHTRUCK,Not Fatal,0,0,0,0,State Route,State Patrol,Washington State Patrol,0,1,0,0,0,thc,1.8,carboxy-thc,25,,0,0,1,,,,,,,,,,,98,98,98,0,,,,,20,7,,,,,,,,,,,,,,,
2021,350,EB66987,2,09/04/2021,14:42,4,9,,57,Skagit,0,10,,1,1,2,1,0,4,3,,,,12,0,6,,2,0,2,5,1,2,4,0,0,0,0,CR-JOSH WILSON RD,FARM TO MARKET RD,-122.4444056,48.48668333,0,2,98,66,4,50,14,0,0,1,5,12,1,2,2,1,1,2,2,53,0,49,402,2008,0,,12,,,,,,1,1,71,1,0,,3,0,3,0,11,5,,,,,0,0,3,3,1,0,,,,96,,,,,,98,,,,,,98244,53,74,180,6,1,0,0,0,0,,0,,,,,,0,,,1,0,0,0,8,9,8,,,0,,,8,8,0,0,,,0,,,0,0,996,,,,,,,,,,,,,,,,,,,,,,,,,,,,,,0,0,0,1,0,0,1,1,0,0,0,0,0,0,0,0,0,0,0,0,0,0,0,1,1,1,1,1,0,1,0,0,0,0,0,,0,0,0,0,0,0,0,0,0,0,0,0,0,0,0,0,,,,,,71-75,66-75,County road,R,Saturday,Belt Used,PV,Not Fatal,1,0,0,0,County Road,State Patrol,Washington State Patrol,0,0,1,0,0,,,,,,0,0,0,,,,,,,,,,,98,98,98,0,,,,,20,,,,,,,,,1,0,,,JOSH WILSON ROAD,4.872,FARM TO MARKET ROAD,2.805
2021,482,EB91747,2,11/18/2021,12:50,18,11,,61,Snohomish,0,10,,1,1,2,2,0,3,2,,,,12,0,2,17.9,1,0,1,3,2,1,3,0,0,0,0,SR-002,,-121.90815,47.85485,0,1,50,10,2,55,14,0,0,1,2,12,1,1,2,1,1,2,2,53,0,42,401,2011,0,,63,69,68,12,2,,1,1,23,2,7,,4,7,20,7,11,0,11/18/2021,12:50,53059776,59776,0,0,0,3,1,58,,,,92,,,,,,98,,,,,,98244,53,67,160,6,1,0,3,1,1,,0,,,,,,0,05/15/2017,04/15/2019,99,0,0,0,0,9,8,,,0,,,1,8,2,996,695,605,1,1,1,2,1,0,,,,,,,,,,,,,,,,,,,,,,,,,,,,,,0,0,0,0,0,0,1,1,1,0,0,0,0,0,0,0,1,0,0,1,0,0,0,1,1,0,0,0,0,1,1,0,0,1,0,,1,0,0,0,0,0,1,1,1,0,0,0,0,0,1,0,,,,,,21-25,16-25,State route,U,Thursday,Not Used,PV,White,0,1,1,0,State Route,State Patrol,Washington State Patrol,0,1,0,0,0,thc,4.3,carboxy-thc,21,,0,0,2,1,1,1,,,401,417,151,996,,98,98,98,1,,,,,20,,,,,,,,nms,1,0,,,,,,
2021,551,EC07136,2,12/21/2021,16:10,21,12,,73,Whatcom,740,3,,5,4,2,1,0,3,3,,,,12,0,6,262.9,1,0,1,1,2,1,1,0,0,0,0,I-5,,-122.5799417,48.85088611,0,1,66,5,1,70,10,0,0,1,2,12,1,1,2,3,5,1,1,53,0,48,44,2006,0,,12,69,12,,,,1,1,66,1,7,,4,7,20,7,11,0,12/21/2021,16:10,74053065744,65744,6,0,0,3,1,58,87,,,12,,,,,,98,,,,,,98244,53,72,245,6,1,0,0,0,2,,0,,,,,,0,04/15/2018,10/15/2019,1,0,0,0,0,9,8,,,0,,,8,8,2,996,996,695,1,1,1,2,1,0,,,,,,,,,,,,,,,,,,,,,,,,,,,,,,0,0,0,0,0,0,1,1,1,0,0,0,1,0,0,0,1,0,0,1,0,0,0,1,1,1,0,0,0,1,0,0,0,1,0,,1,0,0,0,0,0,1,1,1,0,0,0,0,0,1,0,,,,,,66-70,66-75,Interstate,U,Tuesday,Not Used,PV,White,0,0,0,0,State Route,State Patrol,Washington State Patrol,0,1,0,0,0,,,carboxy-thc,100,,0,0,0,1,1,,,,605,996,,,,98,98,98,1,,,,,20,,,,,,,,nms,1,0,,,,,,
2018,161,E806233,2,06/04/2018,14:54,4,6,0,57,Skagit,0,1,0,1,1,2,1,0,2,2,,,,12,0,6,45.7,2,0,3,3,1,1,3,0,0,20,3,SR-20,CAMPBELL LAKE RD,-122.6029389,48.4457,0,1,82,15,2,35,4,0,0,1,7,12,3,1,3,1,11,1,1,53,0,20,32,2002,0,0,12,,,,,,1,1,95,2,7,1,4,0,3,0,11,4,06/04/2018,15:37,5053025145,25145,0,0,3,3,1,38,0,0,0,96,,,,,,0,,,,,,98245,53,65,160,6,1,0,0,0,0,,0,,,,,,0,,,1,0,0,0,0,9,8,,,0,0,0,8,0,2,1,,,1,,,2,1,0,,,,,,,,,,,,,,,,,,,,,,,,,,,,,,0,0,0,1,0,0,0,0,0,0,0,0,0,0,0,0,0,0,1,0,0,0,0,0,0,1,1,1,0,1,0,0,0,0,0,,1,0,0,0,0,0,0,0,0,0,1,0,0,0,0,0,,,,,,81+,76+,State route,R,Monday,Belt Used,PV,White,1,0,0,0,State Route,State Patrol,Washington State Patrol,0,1,0,0,0,,,,,,0,0,0,,,,,,,,,,,,,,,,,,,,,,,,,,,,,,,,,,,
2018,347,E839737,36,09/05/2018,23:30,5,9,0,55,San Juan,0,1,0,2,1,2,1,0,2,1,,,,42,0,0,3.5,1,0,1,5,1,2,4,0,0,0,0,CR-ORCAS RD,,-122.9446972,48.64461944,0,1,1,13,2,35,4,0,0,1,2,42,3,1,2,1,14,2,2,53,0,32,42,2001,0,0,63,42,1,,,,1,1,33,1,0,0,3,0,3,0,11,1,,,,,0,0,0,3,1,91,0,0,0,3,,,,,,9,,,,,,98245,53,74,185,6,1,0,0,0,0,,1,,,,,,0,,,8,0,0,0,8,9,8,,,0,0,0,8,1,2,605,695,,1,1,,2,1,0.13,,,,,,,,,,,,,,,,,,,,,,,,,,,,,,0,0,1,0,1,1,1,1,1,0,0,0,0,0,0,0,1,0,0,1,0,0,0,0,0,0,0,0,0,1,0,0,0,0,0,,0,0,0,0,0,1,1,1,1,0,0,0,0,0,0,1,,,,,,31-35,26-35,County road,R,Wednesday,Belt Used,PV,Not Fatal,0,0,0,0,County Road,County Sheriff,San Juan County Sheriff's Office,0,0,1,0,0,thc,2.3,carboxy-thc,41,,0,0,0,,,,,,,,,,,,,,,,,,,,,,,,,,,,,,,,,,,
2021,238,EB50828,36,07/17/2021,7:36,17,7,,55,San Juan,0,1,,2,1,2,1,0,1,1,,,,35,0,0,,1,0,1,5,1,2,4,0,0,0,0,CR-TERRILL BEACH RD,,-122.8847111,48.70279722,0,1,1,13,2,35,4,0,0,1,2,3,3,8,2,1,14,1,1,53,0,59,32,1991,0,,63,35,67,1,3,,1,1,21,2,7,,4,7,20,7,11,0,07/17/2021,7:36,53035261,35261,0,0,0,3,1,0,,,,96,,,,,,98,,,,,,98245,53,71,165,6,1,0,0,0,0,,0,,,,,,3,,,1,9,0,0,0,9,8,,,0,,,8,8,2,695,605,,1,1,,2,1,0.223,,,,,,,,,,,,,,,,,,,,,,,,,,,,,,0,0,1,0,1,1,1,1,1,0,0,0,1,0,0,0,0,0,0,1,0,0,0,1,1,0,0,0,0,1,0,0,0,1,0,,1,0,0,0,0,1,1,1,0,1,0,0,0,0,0,1,,,,,,21-25,16-25,County road,R,Saturday,Not Used,PV,White,0,1,0,0,County Road,County Sheriff,San Juan County Sheriff's Office,1,0,1,0,0,thc,4.8,carboxy-thc,9.7,,0,0,0,,,,,,,,,,,0,0,0,1,,,,,20,,,,,,,,nms,1,0,,,TERRILL BEACH RD,0.48,MT BAKER RD,0
2017,66,E644437,2,02/17/2017,14:58,17,2,0,73,Whatcom,0,1,0,1,1,2,1,0,7,2,,,,12,0,6,5.2,4,0,1,3,1,1,3,0,0,0,0,SR-539,,-122.4859,48.857525,0,1,82,53,3,50,14,0,0,1,5,12,1,1,5,1,11,6,2,53,0,7,402,2001,0,0,12,,,,,,1,1,30,2,0,0,0,0,3,0,11,0,,,,,0,0,0,3,1,38,0,0,0,93,,,,,,0,,,,,,98247,53,60,126,6,1,0,0,1,0,0,0,,,,,,0,11/15/2016,11/15/2016,1,0,0,0,8,9,8,,,0,0,0,8,0,0,0,0,0,0,0,0,0,0,996,,,,,,,,,,,,,,,,,,,,,,,,,,,,,,0,0,0,0,0,0,0,0,0,0,0,0,0,0,0,0,1,0,1,0,0,0,0,0,0,1,0,0,1,1,0,0,0,0,0,,0,0,0,0,0,0,0,0,1,0,1,0,0,0,0,0,,,,,,26-30,26-35,State route,R,Friday,Belt Used,PV,Not Fatal,0,0,0,0,State Route,State Patrol,Washington State Patrol Headquarter,0,1,0,0,0,,,,,,,,,,,,,,,,,,,,,,,,,,,,,,,,,,,,,,,,,,,
2017,307,E700409,2,08/09/2017,14:23,9,8,0,61,Snohomish,0,1,0,1,1,2,1,0,3,3,,,,12,0,1,203.9,1,0,1,1,2,1,1,0,0,0,0,I-5,,-122.1851667,48.12236111,0,2,25,53,3,60,66,1,0,1,5,12,1,1,3,3,1,1,3,53,0,85,881,2005,0,0,12,,,,,,1,1,32,1,0,0,0,0,3,0,11,0,,,,,6,1,1,3,1,0,0,0,0,0,,,,,,0,,,,,,98247,53,77,230,6,1,0,1,0,0,0,0,,,,,,0,12/15/2013,12/15/2013,20,0,0,0,8,9,8,,,0,0,0,8,0,0,0,0,0,0,0,0,0,0,996,,,,,,,,,,,,,,,,,,,,,,,,,,,,,,0,0,0,0,0,0,1,1,0,0,0,0,0,1,0,0,0,0,0,0,0,0,0,0,0,0,0,0,0,1,1,0,0,0,0,,0,0,0,0,0,0,0,0,0,0,0,0,0,0,0,0,,,,,,31-35,26-35,Interstate,U,Wednesday,,MHTRUCK,Not Fatal,0,0,0,0,State Route,State Patrol,Washington State Patrol Headquarter,0,1,0,0,0,,,,,,,,,,,,,,,,,,,,,,,,,,,,,,,,,,,,,,,,,,,
2018,127,E796796,2,05/10/2018,11:08,10,5,0,73,Whatcom,0,10,0,1,1,2,1,0,1,1,,,,1,0,0,92,1,0,1,5,1,1,3,0,0,0,0,SR-9,,-122.3201,48.94950833,0,1,1,13,2,50,66,2,0,1,2,1,3,1,2,1,14,1,3,53,0,85,881,2005,0,0,63,1,,,,,1,1,38,1,7,1,4,7,3,0,11,0,05/10/2018,11:08,1.49053E+11,22050,6,1,0,3,1,0,0,0,0,92,,,,,,0,,,,,,98247,53,68,225,6,1,0,1,0,0,,0,,,,,,0,07/15/2017,07/15/2017,20,0,0,0,1,9,8,,,0,0,0,8,0,2,1,,,1,,,2,1,0,,,,,,,,,,,,,,,,,,,,,,,,,,,,,,0,0,1,0,0,0,0,0,0,0,0,0,0,0,0,0,1,0,0,0,0,0,0,0,0,0,0,0,0,0,1,0,0,0,0,,0,1,0,0,0,0,0,0,1,0,0,0,0,0,0,0,,,,,,36-40,36-45,State route,R,Thursday,,MHTRUCK,White,0,1,0,0,State Route,State Patrol,Washington State Patrol Headquarter,1,1,0,0,0,,,,,,0,0,0,,,,,,,,,,,,,,,,,,,,,,,,,,,,,,,,,,,