year,case,par,repjur,crash_dt,crash_tm,accday,accmon,holiday,county,co_char,city,weather,weather2,lightcond,surfcond,surftype,numfatal,nmforms,pforms,vforms,not_tm,arr_tm,hosp_tm,fhevent,hitrun,manncol,milepnt,reljunc,reljuncinter,intersectiontype,funcsystem,landuse,ownership,route,schlbus,spejur,contdev,devfunc,trafid1,trafid2,x,y,wk_zone,vnumber,crashtype,criticalevent,criticaleventcat,spdlim,body,trailer,emerg,hazcargo,leave,mhevent,roadalgn,roadprof,traflane,trafflow,vehmanvr,numoccs,regowner,regstate,spuse,make,model,modelyr,vrf1,vrf2,seqevent1,seqevent2,seqevent3,seqevent4,seqevent5,seqevent6,pnumber,ptype,age,sex,hispanic,race,injury,diedscene,restraint,restraintmisuse,seatpos,takehosp,death_dt,death_tm,cert,cernum_wa,commlic,licendor,licrestrict,liccomp,drivpres,drf1,drf2,drf3,drf4,distract1,distract2,distract3,distract4,distract5,distract6,dricond1,dricond2,dricond3,dricond4,dricond5,dricond6,dzip,licstate,drhgt_in,weight,noncdl,noncdltype,prevdwi,prevoth,prevacc,prevspd,prevsus,driviol1,driviol2,driviol3,driviol4,driviol5,driviol6,spdrel,first_dt,last_dt,airbag,ejection,ejectpath,extricat,injurwrk,methalc,methdrug,nmlocat,strikveh,prf1,prf2,prf3,druginv,alcinvol,drugsts,drugres1,drugres2,drugres3,drugtst1,drugtst2,drugtst3,alcsts,alctst,alcres,nmact1,nmact2,nmact3,nmact4,nmact5,nmact6,nmprior1,nmprior2,nmprior3,nmprior4,nmprior5,nmprior6,nmcond1,nmcond2,nmcond3,nmcond4,nmcond5,nmcond6,nmsafe_helmet,nmsafe_pads,nmsafe_oth,nmprev_ref,nmprev_lgt,nmprev_oth,crashlocation,nmcrashtype,crosswalk,schoolzone,sidewalk,train_inv,wildlife_inv,rotr_fars,intersect_fars,dd_inv,aid_inv,dpd_inv,id_inv,mj_inv,impnm_inv,ainm_inv,dpnm_inv,speed_inv,unlic_inv,unendmc_inv,drowsy_inv,drdist_inv,nmdist_inv,fty_inv,unrestfat_inv,dr1617_inv,dr1820_inv,dr1620_inv,dr2125_inv,dr1625_inv,dr65_inv,dr70_inv,dr75_inv,mc_inv,pv_inv,ht_inv,ped_inv,bike_inv,unrest_fat,mc_fat,unhelmet_mc,pv_fat,ht_fat,ped_fat,bike_fat,dr_alc7,dr_alc8,dr_drug,dr_imp,dr_dist,dr_spd,dr_fty,dr_unlic,dr_alc7only,dr_alc8only,dr_drugonly,dr_drink,nm_imp,nm_alc7,nm_alc8,nm_drug,nm_dist,agegrp1,agegrp2,roadclass,urbrur,dayweek,restuse,vehtype,race_me,intersect,lanedep,oppdir,wrongway,rep_typ,investag,repag_long,rotr,st_rd,cty_rd,city_rd,oth_rd,drug_thc,thc_res,drug_cthc,cthc_res,drug_cann,prevpersemin,prevperse,prevsusoth,drugtst4,drugtst5,drugtst6,drugtst7,drugtst8,drugres4,drugres5,drugres6,drugres7,drugres8,adspresent,adsengaged,adslevel,race1,race2,race3,race4,race5,helmet,helmetmisuse,nmdistract1,nmdistract2,nmdistract3,nmdistract4,nmdistract5,nmdistract6,lab,isedtcase,crf1,crf2,crf3,CoRoadName,CoMP,IntCoRoadName,IntCoMP
2018,173,E807878,2,06/10/2018,21:40,10,6,0,73,Whatcom,0,1,0,2,1,1,1,0,1,1,,,,34,0,0,0.6,1,0,1,6,1,2,4,0,0,0,0,CR-GOODWIN RD,,-122.2877667,48.92060833,0,1,6,12,2,35,14,0,0,1,7,34,1,1,2,1,1,1,1,53,0,3,402,2006,0,0,68,64,34,,,,1,1,30,1,7,1,4,7,20,0,11,0,06/10/2018,21:40,53026192,26192,0,0,0,3,1,0,0,0,0,96,,,,,,99,,,,,,98247,53,72,275,6,1,0,1,1,1,,0,,,,,,0,01/15/2015,09/15/2017,20,0,0,0,0,9,8,,,0,0,0,8,9,2,151,996,996,1,1,1,2,1,0,,,,,,,,,,,,,,,,,,,,,,,,,,,,,,0,0,1,0,0,0,1,1,0,0,0,0,0,0,0,0,0,0,0,1,0,0,0,0,0,0,0,0,0,1,0,0,0,1,0,,1,0,0,0,0,0,1,1,0,0,0,0,0,0,1,0,,,,,,26-30,26-35,County road,R,Sunday,Not Used,PV,White,0,1,0,0,County Road,State Patrol,Washington State Patrol,1,0,1,0,0,,,,,,0,0,0,1,,,,,996,,,,,,,,,,,,,,,,,,,,,,,,,,,,,
2018,203,E812083,337,06/24/2018,1:32,24,6,0,73,Whatcom,110,1,0,3,1,2,1,0,1,1,,,,1,0,0,0,1,0,1,4,2,4,6,0,0,0,0,WOBURN ST,,-122.4450056,48.74815278,0,1,1,13,2,35,2,0,0,1,7,1,3,2,2,1,14,1,1,53,0,58,37,2008,0,0,63,1,42,,,,1,1,21,1,1,98,4,0,20,0,11,4,06/24/2018,4:19,11053028697,28697,0,0,3,2,1,37,0,0,0,96,,,,,,9,,,,,,98247,53,70,135,1,1,1,1,1,2,,0,,,,,,3,03/15/2016,06/15/2018,8,1,9,0,0,9,1,,,0,0,0,1,1,2,401,417,,1,1,,2,1,0.18,,,,,,,,,,,,,,,,,,,,,,,,,,,,,,0,0,1,0,1,1,1,1,0,0,0,0,1,1,0,0,0,0,0,1,0,0,0,1,1,0,0,0,0,1,0,0,0,1,0,,1,0,0,0,0,1,1,1,0,1,0,1,0,0,0,1,,,,,,21-25,16-25,City street,U,Sunday,Not Used,PV,Hispanic,0,1,0,0,City Street,Municipal/City Police,Bellingham Police Department,1,0,0,1,0,,,,,,1,0,2,,,,,,,,,,,,,,,,,,,,,,,,,,,,,,,,,,,
2017,18,E631960,2,01/13/2017,18:40,13,1,2,73,Whatcom,150,1,0,3,1,2,1,0,8,3,,,,12,0,1,0.3,3,0,2,3,2,1,3,0,0,3,3,SR-543,BOBLETT ST,-122.7349472,48.99055,0,3,98,50,3,45,15,0,0,1,2,12,1,1,5,1,5,5,3,53,0,20,421,2008,0,0,12,,,,,,1,1,34,1,0,0,1,0,3,0,11,4,,,,,0,0,0,3,1,0,0,0,0,0,,,,,,0,,,,,,98248,53,72,200,6,1,0,0,0,0,0,0,,,,,,0,,,20,0,0,0,8,9,8,,,0,0,0,8,0,0,0,0,0,0,0,0,0,0,996,,,,,,,,,,,,,,,,,,,,,,,,,,,,,,0,0,0,1,0,0,1,1,0,0,0,0,1,0,0,0,0,0,0,0,0,0,0,0,0,0,0,0,0,1,1,0,0,0,0,,0,0,0,0,0,0,0,0,0,0,0,0,0,0,0,0,,,,,,31-35,26-35,State route,U,Friday,Belt Used,PV,Not Fatal,1,0,0,0,State Route,State Patrol,Washington State Patrol,0,1,0,0,0,,,,,,,,,,,,,,,,,,,,,,,,,,,,,,,,,,,,,,,,,,,
2017,106,E660527,2,04/09/2017,18:50,9,4,0,73,Whatcom,0,10,0,1,1,2,1,0,1,1,,,,42,0,0,0.7,1,0,1,6,1,2,4,0,3,0,0,CR-LUMMI VIEW DR,,-122.6546917,48.72053889,0,1,6,12,2,35,3,0,0,1,2,42,3,2,2,1,14,1,2,41,0,52,37,2001,0,0,68,64,42,,,,1,1,23,1,1,1,4,7,3,0,11,0,04/09/2017,18:50,53017076,17076,0,0,0,0,1,0,0,0,0,96,,,,,,99,,,,,,98248,53,67,125,0,0,0,0,0,0,0,0,,,,,,4,,,8,0,0,0,0,1,8,,,0,0,0,8,1,2,1,0,0,1,0,0,2,1,0.15,,,,,,,,,,,,,,,,,,,,,,,,,,,,,,0,0,1,0,1,1,0,1,0,0,0,0,1,1,0,0,0,0,0,0,0,0,0,1,1,0,0,0,0,1,0,0,0,0,0,,1,0,0,0,0,1,0,1,0,1,0,1,0,1,0,1,,,,,,21-25,16-25,County road,R,Sunday,Belt Used,PV,Hispanic,0,1,0,0,County Road,State Patrol,Washington State Patrol Headquarter,1,0,1,0,0,,,,,,,,,,,,,,,,,,,,,,,,,,,,,,,,,,,,,,,,,,,
2017,114,E663461,2,04/17/2017,15:36,17,4,0,73,Whatcom,740,10,0,1,1,2,1,0,1,1,15:30,15:38,,42,0,0,0,1,0,1,7,2,4,6,0,0,0,0,MONUMENTAL DR,,-122.6304083,48.85998333,0,1,6,12,2,25,80,0,0,1,2,30,1,1,2,1,1,1,2,53,0,37,705,2007,0,0,64,42,30,,,,1,1,18,1,7,1,4,7,19,0,11,0,04/17/2017,15:36,74053018084,18084,0,0,0,3,1,0,0,0,0,96,,,,,,99,,,,,,98248,53,69,155,6,1,0,0,0,0,0,0,,,,,,4,,,20,8,0,0,0,9,8,,,0,0,0,8,9,2,1,0,0,1,0,0,2,1,0,,,,,,,,,,,,,,,,,,,,,,,,,,,,,,0,0,1,0,0,0,0,0,0,0,0,0,1,0,0,0,0,0,0,0,0,1,1,0,1,0,0,0,1,0,0,0,0,0,1,0,0,0,0,0,0,0,0,0,0,1,0,0,0,0,0,0,,,,,,18-20,16-25,City street,U,Monday,,MC,White,0,1,0,0,City Street,State Patrol,Washington State Patrol Headquarter,1,0,0,1,0,,,,,,,,,,,,,,,,,,,,,,,,,,,,,,,,,,,,,,,,,,,
2017,157,E672155,2,05/14/2017,10:30,14,5,0,73,Whatcom,0,1,0,1,1,2,3,0,4,3,10:25,10:38,,12,0,8,15.6,1,0,1,4,1,1,3,0,0,0,0,SR-542,,-122.1883472,48.82231111,0,3,98,62,4,55,6,0,0,1,2,12,2,1,2,1,14,2,2,53,0,48,34,1998,0,0,12,,,,,,1,1,25,1,7,1,4,7,3,0,11,0,05/14/2017,10:30,53022543,22543,0,0,0,3,1,0,0,0,0,0,,,,,,0,,,,,,98248,53,72,180,6,1,0,0,0,2,0,0,,,,,,0,06/15/2012,01/15/2014,1,0,0,0,0,9,8,,,0,0,0,8,0,2,605,0,0,1,0,0,2,1,0,,,,,,,,,,,,,,,,,,,,,,,,,,,,,,0,0,0,0,0,0,1,1,1,0,0,0,0,0,0,0,1,0,0,0,0,0,0,1,1,1,1,0,0,1,0,0,0,0,0,,1,0,0,0,0,0,1,1,0,0,0,0,0,0,1,0,,,,,,21-25,16-25,State route,R,Sunday,Belt Used,PV,White,0,1,1,0,State Route,State Patrol,Washington State Patrol Headquarter,0,1,0,0,0,thc,2.7,carboxy-thc,36,,,,,,,,,,,,,,,,,,,,,,,,,,,,,,,,,,,,,,,
2017,180,E677481,2,05/29/2017,14:57,29,5,4,73,Whatcom,1210,1,0,1,1,2,1,0,2,2,,,,12,0,6,3.5,2,0,5,3,2,1,3,0,0,21,3,SR-546,NORTHWOOD RD,-122.407525,48.96405833,0,1,86,17,2,50,34,0,0,1,2,12,1,1,2,1,1,1,2,41,0,20,481,1996,0,0,12,,,,,,1,1,37,1,7,1,4,7,20,0,11,0,05/29/2017,14:57,53024435,24435,0,0,0,3,1,38,0,0,0,96,,,,,,9,,,,,,98248,53,71,151,6,8,0,1,1,1,0,0,,,,,,3,06/15/2012,02/15/2016,20,0,0,0,0,1,8,,,0,0,0,8,1,2,996,996,0,1,1,0,2,1,0.25,,,,,,,,,,,,,,,,,,,,,,,,,,,,,,0,0,0,1,1,1,1,1,0,0,0,0,1,0,0,0,0,0,1,0,0,0,0,0,0,0,0,0,0,0,1,0,0,1,0,,0,0,0,0,0,1,1,1,0,1,1,0,0,0,0,1,,,,,,36-40,36-45,State route,U,Monday,Not Used,PV,White,1,0,0,0,State Route,State Patrol,Washington State Patrol Headquarter,0,1,0,0,0,,,,,,,,,,,,,,,,,,,,,,,,,,,,,,,,,,,,,,,,,,,
2017,305,E700463,2,08/10/2017,10:17,10,8,0,73,Whatcom,0,1,0,1,1,2,1,0,2,2,10:17,10:29,11:15,12,0,2,7.9,2,0,2,5,1,2,4,0,0,4,3,CR-BIRCH BAY LINDEN RD,N ENTERPRISE RD,-122.5743889,48.9353,0,2,51,62,4,50,14,0,0,1,2,12,1,1,2,1,5,1,2,53,0,20,402,2003,0,0,12,,,,,,1,1,72,2,0,0,2,0,3,0,11,5,,,,,0,0,3,3,1,0,0,0,0,0,,,,,,0,,,,,,98248,53,63,190,6,1,0,0,0,0,0,0,,,,,,0,,,8,0,0,0,8,9,8,,,0,0,0,8,0,0,0,0,0,0,0,0,0,0,996,,,,,,,,,,,,,,,,,,,,,,,,,,,,,,0,0,0,1,0,0,1,1,0,0,0,0,0,0,0,0,1,0,0,0,0,0,0,0,0,1,1,1,0,1,0,0,0,0,0,,0,0,0,0,0,0,0,0,0,0,0,0,0,0,0,0,,,,,,71-75,66-75,County road,R,Thursday,Belt Used,PV,Not Fatal,1,0,0,0,County Road,County Sheriff,Whatcom County Sheriff's Office,0,0,1,0,0,,,,,,,,,,,,,,,,,,,,,,,,,,,,,,,,,,,,,,,,,,,
2017,469,E738290,2,11/05/2017,14:45,5,11,0,61,Snohomish,0,10,0,1,2,2,1,0,7,3,14:43,15:11,15:42,12,0,1,22.2,8,0,1,4,1,1,3,0,0,0,0,SR-203,,-121.9702806,47.82906389,0,1,20,50,3,55,61,0,0,1,2,12,1,1,2,1,1,1,3,53,0,7,881,2001,0,0,12,,,,,,1,1,48,1,0,0,0,0,3,0,11,0,,,,,6,9,0,3,1,0,0,0,0,12,,,,,,0,,,,,,98248,53,71,235,6,1,1,0,0,0,1,97,,,,,,4,04/15/2013,07/15/2013,20,0,0,0,8,9,8,,,0,0,0,8,0,2,1,0,0,1,0,0,2,1,0,,,,,,,,,,,,,,,,,,,,,,,,,,,,,,0,0,0,0,0,0,0,0,0,0,0,0,1,0,0,0,1,0,0,0,0,1,1,0,1,1,1,1,0,1,1,0,0,0,0,,0,0,0,0,0,0,0,0,1,1,0,0,0,0,0,0,,,,,,46-50,46-55,State route,R,Sunday,,MHTRUCK,Not Fatal,0,0,0,0,State Route,State Patrol,Washington State Patrol Headquarter,0,1,0,0,0,,,,,,,,,,,,,,,,,,,,,,,,,,,,,,,,,,,,,,,,,,,
2018,228,E819247,2,06/28/2018,22:11,28,6,0,73,Whatcom,0,1,0,3,1,2,1,0,3,2,22:10,22:17,22:41,12,0,7,266.4,1,0,1,1,2,1,1,0,0,0,0,I-5,,-122.6031806,48.89595,0,1,48,51,3,70,4,0,0,1,2,1,1,1,2,3,15,2,2,53,0,30,46,2000,0,0,12,64,1,,,,1,1,21,1,0,0,2,0,3,0,11,5,,,,,0,0,0,3,1,91,0,0,0,96,,,,,,9,,,,,,98248,53,67,145,6,1,0,0,0,2,,1,,,,,,3,08/15/2014,02/15/2017,8,0,0,0,8,9,8,,,0,0,0,8,1,2,605,695,,1,1,,2,1,0.14,,,,,,,,,,,,,,,,,,,,,,,,,,,,,,0,0,0,0,1,1,1,1,1,0,0,0,1,0,0,0,0,0,0,0,0,0,0,1,1,0,0,0,1,1,0,0,0,0,0,,0,0,0,0,0,1,1,1,0,1,0,0,0,0,0,1,,,,,,21-25,16-25,Interstate,U,Thursday,Belt Used,PV,Not Fatal,0,0,0,0,State Route,State Patrol,Washington State Patrol,0,1,0,0,0,thc,3.6,carboxy-thc,38,,1,0,0,,,,,,,,,,,,,,,,,,,,,,,,,,,,,,,,,,,
2018,261,E823432,2,07/31/2018,17:40,31,7,0,73,Whatcom,110,1,0,1,1,1,1,0,2,2,17:40,17:49,,12,0,1,256.5,1,0,1,1,2,1,1,0,0,0,0,I-5,,-122.4911333,48.78310278,0,1,28,52,3,60,80,0,0,1,7,12,1,2,2,3,1,1,1,53,0,72,706,2014,0,0,12,,,,,,1,1,52,1,7,1,4,7,5,0,11,0,07/31/2018,17:40,11053034517,34517,0,0,3,3,1,0,0,0,0,93,,,,,,99,,,,,,98248,53,71,235,6,1,0,0,0,1,,0,,,,,,4,02/15/2018,02/15/2018,20,8,0,0,0,9,8,,,0,0,0,8,9,2,605,,,1,,,2,1,0,,,,,,,,,,,,,,,,,,,,,,,,,,,,,,0,0,0,0,0,0,1,1,1,0,0,0,1,0,0,0,1,0,0,0,0,0,0,0,0,0,0,0,1,1,0,0,0,0,1,0,0,0,0,0,0,0,1,1,1,1,0,0,0,0,1,0,,,,,,51-55,46-55,Interstate,U,Tuesday,,MC,White,0,0,0,0,State Route,State Patrol,Washington State Patrol,0,1,0,0,0,thc,2,,,,0,0,0,,,,,,,,,,,,,,,,,,,,,,,,,,,,,,,,,,,
2018,368,E849167,2,10/10/2018,14:14,10,10,0,57,Skagit,0,1,0,1,1,2,1,0,4,3,,,,12,0,1,238,1,0,1,1,1,1,1,0,0,0,0,I-5,,-122.3463444,48.57909444,0,3,98,98,7,60,5,0,0,1,2,12,1,1,3,3,5,2,2,53,0,49,46,2010,0,0,12,,,,,,1,1,34,1,0,0,1,0,3,0,11,4,,,,,0,0,0,3,1,0,0,0,0,0,,,,,,0,,,,,,98248,53,72,190,6,1,0,0,0,1,,0,,,,,,0,10/15/2013,10/15/2013,20,0,0,0,8,9,8,,,0,0,0,8,0,8,95,,,96,,,8,95,995,,,,,,,,,,,,,,,,,,,,,,,,,,,,,,0,0,0,0,0,0,0,0,0,0,0,0,0,0,0,0,1,0,0,0,0,0,0,0,0,0,0,0,0,1,1,0,0,0,0,,0,0,0,0,0,0,0,0,0,0,0,0,0,0,0,0,,,,,,31-35,26-35,Interstate,R,Wednesday,Belt Used,PV,Not Fatal,0,0,0,0,State Route,State Patrol,Washington State Patrol,0,1,0,0,0,,,,,,0,0,0,,,,,,,,,,,,,,,,,,,,,,,,,,,,,,,,,,,
2018,474,E875914,2,12/20/2018,3:20,20,12,0,73,Whatcom,740,2,0,2,2,2,1,1,1,1,3:21,3:29,,8,1,0,0,1,0,1,7,2,4,6,0,0,0,0,CR-GRANDVIEW RD,ATWOOD RD,-122.5948861,48.89236389,0,1,13,13,2,35,34,0,0,1,5,8,3,1,2,1,14,1,1,91,0,20,481,2002,0,0,63,8,,,,,1,1,43,1,0,0,9,0,99,0,11,8,,,,,0,0,0,3,1,0,0,0,0,92,,,,,,99,,,,,,98248,53,72,175,6,1,0,2,1,0,,7,,,,,,0,05/15/2018,05/15/2018,99,9,0,0,8,9,8,,,0,0,0,8,9,8,95,,,96,,,8,95,995,,,,,,,,,,,,,,,,,,,,,,,,,,,,,,0,0,0,0,0,0,0,0,0,1,1,1,0,0,0,0,1,0,0,0,0,0,0,0,0,0,0,0,0,1,0,1,0,0,0,,0,0,0,0,0,0,0,0,1,0,0,0,0,0,0,0,,,,,,41-45,36-45,City street,U,Thursday,Unknown,PV,Not Fatal,0,0,0,0,City Street,State Patrol,Washington State Patrol,0,0,0,1,0,,,,,,0,0,1,,,,,,,,,,,,,,,,,,,,,,,,,,,,,,,,,,,
2019,270,E947144,2,07/25/2019,14:54,25,7,,73,Whatcom,740,1,0,1,1,1,1,0,1,1,,,,42,0,0,264.8,1,0,1,1,2,1,1,0,0,0,0,I-5,,-122.5890889,48.87705556,0,1,1,8,1,70,4,0,0,1,2,1,1,1,2,3,15,1,1,53,0,49,40,2002,0,0,63,42,67,1,42,,1,1,60,1,7,,4,7,3,0,11,0,07/25/2019,14:54,74053033880,33880,6,0,0,3,1,38,0,0,0,93,,,,,,99,,,,,,98248,53,74,200,6,1,1,1,2,0,,0,,,,,,0,08/15/2014,06/15/2016,1,0,0,0,0,9,8,,,0,0,0,8,0,2,605,695,,1,1,,2,1,0,,,,,,,,,,,,,,,,,,,,,,,,,,,,,,0,0,1,0,0,0,1,1,1,0,0,0,0,0,0,0,1,0,1,0,0,0,0,0,0,0,0,0,0,1,0,0,0,0,0,,1,0,0,0,0,0,1,1,1,0,1,0,0,0,1,0,,,,,,56-60,56-65,Interstate,U,Thursday,Belt Used,PV,Multiracial,0,1,0,0,State Route,State Patrol,Washington State Patrol,1,1,0,0,0,thc,17,carboxy-thc,14,,0,1,0,,,,,,,,,,,98,98,98,201,298,,,,20,7,,,,,,,,,,,,,,,
2019,283,E949475,2,07/23/2019,22:42,23,7,,73,Whatcom,0,10,0,2,1,1,1,1,2,1,,,,8,0,0,3.3,1,0,1,3,2,1,3,0,0,0,0,SR-539,,-122.4859694,48.83045278,0,1,13,80,5,50,4,0,0,1,5,8,1,1,5,5,1,2,2,53,0,20,37,2002,0,0,8,,,,,,1,1,23,2,0,,0,0,3,0,11,0,,,,,0,0,0,2,1,0,0,0,0,96,,,,,,0,,,,,,98248,53,67,200,1,1,0,3,0,0,,97,,,,,,0,05/15/2016,04/15/2018,20,0,0,0,8,9,8,,,0,0,0,8,0,8,95,,,96,,,8,95,995,,,,,,,,,,,,,,,,,,,,,,,,,,,,,,0,0,0,0,0,0,0,0,0,1,0,1,0,1,0,0,0,1,0,0,0,0,0,1,1,0,0,0,0,1,0,1,0,0,0,,0,0,0,0,0,0,0,0,0,0,0,1,0,0,0,0,,,,,,21-25,16-25,State route,U,Tuesday,Belt Used,PV,Not Fatal,0,0,0,0,State Route,State Patrol,Washington State Patrol,0,1,0,0,0,,,,,,0,0,1,,,,,,,,,,,98,98,98,0,,,,,20,7,,,,,,,,,,,,,,,
2019,355,E968513,2,10/07/2019,0:44,7,10,,57,Skagit,0,10,0,2,1,2,1,0,2,2,,,,12,0,2,2.4,1,0,1,5,1,2,4,0,0,0,0,CR-ALGER CAIN LAKE RD,,-122.3182361,48.64076944,0,2,51,62,4,45,4,0,0,1,7,12,3,1,2,1,14,1,1,53,0,41,35,1998,0,0,12,,,,,,1,1,62,1,7,,4,7,20,7,11,0,10/07/2019,0:44,53044504,44504,0,0,3,3,1,0,0,0,0,96,,,,,,99,,,,,,98248,53,71,260,6,1,0,7,3,1,,0,,,,,,0,06/15/2016,08/15/2018,8,0,0,0,1,9,8,,,0,0,0,8,9,2,1,,,1,,,2,1,0,,,,,,,,,,,,,,,,,,,,,,,,,,,,,,0,0,0,0,1,1,1,1,1,0,0,0,0,0,0,0,0,0,0,1,0,0,0,0,0,0,0,0,0,1,0,0,0,1,0,,1,0,0,0,0,0,0,0,0,0,0,0,0,0,0,0,,,,,,61-65,56-65,County road,R,Monday,Not Used,PV,Multiracial,0,1,1,0,County Road,State Patrol,Washington State Patrol,0,0,1,0,0,,,,,,0,0,0,,,,,,,,,,,0,0,0,201,298,,,,20,7,,,,,,,,,,,,,,,
2020,188,EA42064,2,06/18/2020,14:24,18,6,,73,Whatcom,0,1,,1,1,2,1,1,1,1,12:25,12:34,,9,0,0,5.2,3,0,2,5,1,2,4,0,3,0,0,CR-SLATER RD,FERNDALE RD,-122.59555,48.81919722,0,1,13,83,5,50,4,0,0,1,2,9,1,1,2,1,1,1,1,53,0,37,32,2009,0,,9,,,,,,1,1,70,2,0,,0,0,3,0,11,0,,,,,0,0,3,3,1,0,,,,96,,,,,,0,,,,,,98248,53,66,150,6,1,0,0,0,0,,0,,,,,,0,,,20,0,0,0,8,3,2,,,0,,,8,8,0,0,,,0,,,0,0,996,,,,,,,,,,,,,,,,,,,,,,,,,,,,,,0,0,0,1,0,0,0,0,0,0,0,0,0,0,0,0,0,1,0,0,0,0,0,0,0,1,1,0,0,1,0,0,1,0,0,,0,0,0,0,0,0,0,0,0,0,0,0,0,0,0,0,,,,,,66-70,66-75,County road,R,Thursday,Belt Used,PV,Not Fatal,1,0,0,0,County Road,State Patrol,Washington State Patrol,0,0,1,0,0,,,,,,0,0,0,,,,,,,,,,,98,98,98,0,,,,,20,7,,,,,,,,1,0,,,SLATER RD,5.16,FERNDALE RD,1.89
2020,214,EA44784,2,07/01/2020,20:22,1,7,,73,Whatcom,740,10,,5,8,1,1,0,3,2,,,,12,0,2,261,1,0,1,1,2,1,1,0,0,0,0,I-5,,-122.5583417,48.82795833,0,2,52,54,3,70,4,0,0,1,2,12,1,1,2,2,1,1,2,53,0,49,40,2001,0,,12,,,,,,1,1,18,2,0,,1,0,3,0,11,4,,,,,0,0,0,3,1,0,,,,96,,,,,,0,,,,,,98248,53,66,160,6,2,0,0,1,1,,0,,,,,,0,01/15/2019,07/15/2020,1,0,0,0,8,9,8,,,0,,,8,8,8,95,,,96,,,8,95,995,,,,,,,,,,,,,,,,,,,,,,,,,,,,,,0,0,0,0,1,1,0,1,0,0,0,0,0,0,0,0,0,0,0,0,0,1,1,0,1,1,1,1,0,1,0,0,0,0,0,,0,0,0,0,0,0,0,0,0,0,0,0,0,0,0,0,,,,,,18-20,16-25,Interstate,U,Wednesday,Belt Used,PV,Not Fatal,0,0,0,1,State Route,State Patrol,Washington State Patrol,0,1,0,0,0,,,,,,0,0,0,,,,,,,,,,,98,98,98,0,,,,,20,7,,,,,,,,1,0,,,,,,
2020,487,EA88903,2,12/07/2020,17:10,7,12,,73,Whatcom,0,2,,2,2,2,1,1,1,1,,,,8,0,0,1.3,1,0,1,5,1,2,4,0,0,0,0,CR-ENTERPRISE RD,,-122.5745917,48.92449167,0,1,13,80,5,50,34,0,0,1,5,8,1,1,2,1,1,1,2,53,0,7,472,2000,0,,8,,,,,,1,1,55,1,0,,0,0,3,0,11,0,,,,,0,0,0,3,1,0,,,,96,,,,,,0,,,,,,98248,53,69,150,6,1,0,1,0,0,,0,,,,,,0,04/15/2016,04/15/2016,20,0,0,0,8,3,2,,,0,,,8,8,8,95,,,96,,,2,98,997,,,,,,,,,,,,,,,,,,,,,,,,,,,,,,0,0,0,0,0,0,0,0,0,1,0,1,0,0,0,0,0,1,0,0,0,0,0,0,0,0,0,0,0,1,0,1,0,0,0,,0,0,0,0,0,0,0,0,0,0,0,0,0,0,0,0,,,,,,51-55,46-55,County road,R,Monday,Belt Used,PV,Not Fatal,0,0,0,0,County Road,State Patrol,Washington State Patrol,0,0,1,0,0,,,,,,0,0,0,,,,,,,,,,,98,98,98,0,,,,,20,7,,,,,,,,1,0,,,ENTERPRISE RD N,1.25,,
2021,551,EC07136,2,12/21/2021,16:10,21,12,,73,Whatcom,740,3,,5,4,2,1,0,3,3,,,,12,0,6,262.9,1,0,1,1,2,1,1,0,0,0,0,I-5,,-122.5799417,48.85088611,0,2,66,50,3,70,4,0,0,1,2,12,1,1,2,3,1,1,1,53,0,59,35,2006,0,,12,,,,,,1,1,22,1,0,,0,0,3,0,11,0,,,,,0,0,0,3,1,87,,,,12,,,,,,98,,,,,,98248,53,64,154,6,1,0,1,0,1,,0,,,,,,4,12/15/2021,06/15/2021,8,0,0,0,8,9,2,,,0,,,8,8,0,0,,,0,,,0,0,996,,,,,,,,,,,,,,,,,,,,,,,,,,,,,,0,0,0,0,0,0,1,1,1,0,0,0,1,0,0,0,1,0,0,1,0,0,0,1,1,1,0,0,0,1,0,0,0,0,0,,0,0,0,0,0,0,0,0,1,1,0,0,0,0,0,0,,,,,,21-25,16-25,Interstate,U,Tuesday,Belt Used,PV,Not Fatal,0,0,0,0,State Route,State Patrol,Washington State Patrol,0,1,0,0,0,,,,,,0,0,0,,,,,,,,,,,98,98,98,0,,,,,20,,,,,,,,,1,0,,,,,,
2017,25,E634964,8,01/20/2017,13:15,20,1,0,31,Jefferson,0,10,0,1,1,2,1,0,5,3,,,,12,0,2,3.6,1,0,1,4,1,1,3,0,0,0,0,SR-19,,-122.734225,47.94018889,0,1,50,10,2,50,14,0,0,1,2,12,2,1,2,1,14,1,1,53,0,58,401,1997,0,0,68,12,,,,,1,1,66,1,7,1,4,7,99,0,11,0,01/20/2017,13:15,53004304,4304,0,0,0,2,1,28,0,0,0,96,,,,,,9,,,,,,98249,53,73,180,1,1,0,1,1,1,5,0,,,,,,0,01/15/2015,11/15/2015,8,0,0,0,0,1,1,,,0,0,0,1,0,2,401,417,0,1,1,0,2,1,0,,,,,,,,,,,,,,,,,,,,,,,,,,,,,,0,0,0,0,0,0,1,1,0,0,0,0,0,1,0,0,0,0,0,0,0,0,0,1,1,1,0,0,0,1,1,0,0,0,0,,1,0,0,0,0,0,1,1,0,0,0,1,0,0,1,0,,,,,,66-70,66-75,State route,R,Friday,Unknown,PV,White,0,1,1,0,State Route,State Patrol,Washington State Patrol,0,1,0,0,0,,,,,,,,,,,,,,,,,,,,,,,,,,,,,,,,,,,,,,,,,,,