year,case,par,repjur,crash_dt,crash_tm,accday,accmon,holiday,county,co_char,city,weather,weather2,lightcond,surfcond,surftype,numfatal,nmforms,pforms,vforms,not_tm,arr_tm,hosp_tm,fhevent,hitrun,manncol,milepnt,reljunc,reljuncinter,intersectiontype,funcsystem,landuse,ownership,route,schlbus,spejur,contdev,devfunc,trafid1,trafid2,x,y,wk_zone,vnumber,crashtype,criticalevent,criticaleventcat,spdlim,body,trailer,emerg,hazcargo,leave,mhevent,roadalgn,roadprof,traflane,trafflow,vehmanvr,numoccs,regowner,regstate,spuse,make,model,modelyr,vrf1,vrf2,seqevent1,seqevent2,seqevent3,seqevent4,seqevent5,seqevent6,pnumber,ptype,age,sex,hispanic,race,injury,diedscene,restraint,restraintmisuse,seatpos,takehosp,death_dt,death_tm,cert,cernum_wa,commlic,licendor,licrestrict,liccomp,drivpres,drf1,drf2,drf3,drf4,distract1,distract2,distract3,distract4,distract5,distract6,dricond1,dricond2,dricond3,dricond4,dricond5,dricond6,dzip,licstate,drhgt_in,weight,noncdl,noncdltype,prevdwi,prevoth,prevacc,prevspd,prevsus,driviol1,driviol2,driviol3,driviol4,driviol5,driviol6,spdrel,first_dt,last_dt,airbag,ejection,ejectpath,extricat,injurwrk,methalc,methdrug,nmlocat,strikveh,prf1,prf2,prf3,druginv,alcinvol,drugsts,drugres1,drugres2,drugres3,drugtst1,drugtst2,drugtst3,alcsts,alctst,alcres,nmact1,nmact2,nmact3,nmact4,nmact5,nmact6,nmprior1,nmprior2,nmprior3,nmprior4,nmprior5,nmprior6,nmcond1,nmcond2,nmcond3,nmcond4,nmcond5,nmcond6,nmsafe_helmet,nmsafe_pads,nmsafe_oth,nmprev_ref,nmprev_lgt,nmprev_oth,crashlocation,nmcrashtype,crosswalk,schoolzone,sidewalk,train_inv,wildlife_inv,rotr_fars,intersect_fars,dd_inv,aid_inv,dpd_inv,id_inv,mj_inv,impnm_inv,ainm_inv,dpnm_inv,speed_inv,unlic_inv,unendmc_inv,drowsy_inv,drdist_inv,nmdist_inv,fty_inv,unrestfat_inv,dr1617_inv,dr1820_inv,dr1620_inv,dr2125_inv,dr1625_inv,dr65_inv,dr70_inv,dr75_inv,mc_inv,pv_inv,ht_inv,ped_inv,bike_inv,unrest_fat,mc_fat,unhelmet_mc,pv_fat,ht_fat,ped_fat,bike_fat,dr_alc7,dr_alc8,dr_drug,dr_imp,dr_dist,dr_spd,dr_fty,dr_unlic,dr_alc7only,dr_alc8only,dr_drugonly,dr_drink,nm_imp,nm_alc7,nm_alc8,nm_drug,nm_dist,agegrp1,agegrp2,roadclass,urbrur,dayweek,restuse,vehtype,race_me,intersect,lanedep,oppdir,wrongway,rep_typ,investag,repag_long,rotr,st_rd,cty_rd,city_rd,oth_rd,drug_thc,thc_res,drug_cthc,cthc_res,drug_cann,prevpersemin,prevperse,prevsusoth,drugtst4,drugtst5,drugtst6,drugtst7,drugtst8,drugres4,drugres5,drugres6,drugres7,drugres8,adspresent,adsengaged,adslevel,race1,race2,race3,race4,race5,helmet,helmetmisuse,nmdistract1,nmdistract2,nmdistract3,nmdistract4,nmdistract5,nmdistract6,lab,isedtcase,crf1,crf2,crf3,CoRoadName,CoMP,IntCoRoadName,IntCoMP
2018,179,E808868,2,06/12/2018,23:20,12,6,0,29,Island,0,1,0,2,1,2,1,0,2,2,,,,24,0,0,13.6,1,0,1,3,1,1,3,0,0,0,0,SR-525,,-122.4409222,48.00401944,0,1,1,13,2,55,80,0,0,1,7,24,3,1,2,1,14,1,1,53,0,37,706,2000,0,0,63,24,69,12,,,1,1,30,1,7,1,4,7,19,0,11,0,06/12/2018,23:20,1.14053E+11,26115,0,0,0,2,1,0,0,0,0,96,,,,,,9,,,,,,98249,53,70,145,6,1,0,0,1,0,,0,,,,,,4,05/15/2014,05/15/2014,20,8,0,0,0,1,8,,,0,0,0,8,1,2,605,695,,1,1,,2,1,0.18,,,,,,,,,,,,,,,,,,,,,,,,,,,,,,0,0,1,0,1,1,1,1,1,0,0,0,1,1,1,0,0,0,0,0,0,0,0,0,0,0,0,0,1,1,0,0,0,0,1,0,0,0,0,0,0,1,1,1,0,1,0,0,0,0,0,1,,,,,,26-30,26-35,State route,R,Tuesday,,MC,White,0,1,0,0,State Route,State Patrol,Washington State Patrol,1,1,0,0,0,thc,4.8,carboxy-thc,22,,0,0,0,,,,,,,,,,,,,,,,,,,,,,,,,,,,,,,,,,,
2018,179,E808868,2,06/12/2018,23:20,12,6,0,29,Island,0,1,0,2,1,2,1,0,2,2,,,,24,0,0,13.6,1,0,1,3,1,1,3,0,0,0,0,SR-525,,-122.4409222,48.00401944,0,2,98,62,4,55,15,0,0,1,7,12,2,1,2,1,14,1,1,53,0,20,421,1996,0,0,12,,,,,,1,1,37,1,0,0,0,0,3,0,11,0,,,,,0,0,0,2,1,0,0,0,0,96,,,,,,0,,,,,,98249,53,72,280,1,1,0,2,1,3,,0,,,,,,0,07/15/2013,12/15/2017,20,0,0,0,8,9,8,,,0,0,0,8,0,8,95,,,96,,,8,95,995,,,,,,,,,,,,,,,,,,,,,,,,,,,,,,0,0,1,0,1,1,1,1,1,0,0,0,1,1,1,0,0,0,0,0,0,0,0,0,0,0,0,0,1,1,0,0,0,0,0,,0,0,0,0,0,0,0,0,0,0,0,1,0,0,0,0,,,,,,36-40,36-45,State route,R,Tuesday,Belt Used,PV,Not Fatal,0,1,0,0,State Route,State Patrol,Washington State Patrol,1,1,0,0,0,,,,,,0,0,9,,,,,,,,,,,,,,,,,,,,,,,,,,,,,,,,,,,
2019,24,E886225,25,01/18/2019,2:32,18,1,,33,King,0,99,0,3,2,2,1,0,1,1,,,,42,0,0,2,1,0,1,5,1,2,4,0,0,0,0,CR-272ND AVE SE,,-121.9795,47.35856667,0,1,6,12,2,35,80,0,0,1,7,42,2,1,2,1,1,1,1,53,0,72,706,2014,0,0,68,64,42,,,,1,1,28,1,7,,4,7,20,7,11,0,01/18/2019,2:32,53002970,2970,0,0,0,3,1,0,0,0,0,96,,,,,,99,,,,,,98249,53,74,200,6,1,0,0,0,0,,0,,,,,,0,,,20,8,0,0,0,9,8,,,0,0,0,8,9,2,401,996,,1,1,,2,1,0.221,,,,,,,,,,,,,,,,,,,,,,,,,,,,,,0,0,1,0,1,1,1,1,0,0,0,0,0,0,0,0,0,0,0,0,0,0,0,0,0,0,0,0,1,0,0,0,0,0,1,0,0,0,0,0,0,1,1,1,0,0,0,0,0,0,0,1,,,,,,26-30,26-35,County road,R,Friday,,MC,White,0,1,0,0,County Road,County Sheriff,King County Police,1,0,1,0,0,,,,,,0,0,0,,,,,,,,,,,0,0,0,1,,,,,19,0,,,,,,,,,,,,,,,
2019,224,E939463,2,07/01/2019,21:10,1,7,,29,Island,0,1,0,5,1,2,1,0,4,2,,,,12,0,6,3.5,2,0,2,5,1,2,4,0,0,0,0,CR-CULTUS BAY RD,DEER LAKE RD,-122.3973083,47.96908889,0,1,83,17,2,50,80,0,0,1,2,12,1,1,2,1,1,1,1,53,0,98,706,2008,0,0,12,,,,,,1,1,49,1,7,,4,7,20,7,11,0,07/01/2019,21:10,53029560,29560,0,0,0,3,1,0,0,0,0,96,,,,,,9,,,,,,98249,53,71,180,6,1,0,3,1,0,,23,,,,,,4,08/15/2017,06/15/2018,20,8,0,0,0,1,8,,,0,0,0,1,1,2,605,695,,1,1,,2,1,0.2,,,,,,,,,,,,,,,,,,,,,,,,,,,,,,0,0,0,1,1,1,1,1,1,0,0,0,1,0,0,0,0,0,1,0,0,0,0,0,0,1,1,1,1,1,0,0,0,0,1,0,0,0,0,0,0,1,1,1,0,1,0,0,0,0,0,1,,,,,,46-50,46-55,County road,R,Monday,,MC,White,1,0,0,0,County Road,State Patrol,Washington State Patrol,0,0,1,0,0,thc,58,carboxy-thc,59,,0,0,0,,,,,,,,,,,0,0,0,1,,,,,19,0,,,,,,,,,,,,,,,
2019,317,E951909,2,08/17/2019,18:40,17,8,,29,Island,0,1,0,1,1,2,1,0,3,2,,,,12,0,2,26,2,0,3,3,1,1,3,0,0,0,0,SR-525,SMUGGLERS COVE RD,-122.5802611,48.10795556,0,2,83,67,4,55,14,0,0,1,2,12,1,1,2,1,1,1,2,53,0,2,403,2017,0,0,12,,,,,,1,1,44,2,0,,3,0,3,0,11,4,,,,,0,0,0,3,1,0,0,0,0,96,,,,,,0,,,,,,98249,53,62,140,6,1,0,0,0,0,,0,,,,,,0,,,1,0,0,0,8,9,8,,,0,0,0,8,0,8,95,,,96,,,8,95,995,,,,,,,,,,,,,,,,,,,,,,,,,,,,,,0,0,0,1,0,0,0,0,0,0,0,0,0,0,0,0,0,0,1,0,0,0,0,0,0,1,0,0,0,1,0,0,0,0,0,,0,0,0,0,0,0,0,0,0,0,0,0,0,0,0,0,,,,,,41-45,36-45,State route,R,Saturday,Belt Used,PV,Not Fatal,1,0,0,0,State Route,State Patrol,Washington State Patrol,0,1,0,0,0,,,,,,0,0,0,,,,,,,,,,,98,98,98,0,,,,,20,7,,,,,,,,,,,,,,,
2019,312,E958461,2,09/02/2019,17:46,2,9,,73,Whatcom,0,1,0,1,1,2,1,0,4,2,,,,12,0,2,14.1,2,0,7,4,1,1,3,0,0,0,0,SR-542,DEMING RD,-122.2096028,48.821075,0,1,68,10,2,55,34,0,0,1,5,12,1,1,2,1,11,1,2,53,0,20,481,1987,0,0,12,,,,,,1,1,47,1,7,,4,7,99,7,11,0,09/02/2019,17:46,53039270,39270,0,0,3,2,1,38,0,0,0,96,,,,,,9,,,,,,98249,53,65,175,1,1,1,1,1,0,,0,,,,,,0,01/15/2017,08/15/2017,20,0,0,0,0,1,8,,,0,0,0,8,1,2,1,,,1,,,2,1,0.27,,,,,,,,,,,,,,,,,,,,,,,,,,,,,,0,0,0,1,1,1,0,1,0,0,0,0,0,1,0,0,0,0,1,0,0,0,0,0,0,0,0,0,0,1,1,0,0,0,0,,1,0,0,0,0,1,0,1,0,0,1,1,0,1,0,1,,,,,,46-50,46-55,State route,R,Monday,Unknown,PV,Multiracial,1,0,0,0,State Route,State Patrol,Washington State Patrol,0,1,0,0,0,,,,,,0,1,3,,,,,,,,,,,0,0,0,203,298,,,,20,7,,,,,,,,,,,,,,,
2021,267,EB54358,2,07/30/2021,15:41,30,7,,29,Island,0,1,,1,1,2,1,0,3,2,,,,12,0,6,,8,0,1,5,1,2,4,0,0,0,0,CR-ENGLE RD,,-122.6861583,48.1988,0,2,98,60,4,35,34,0,0,1,2,12,1,1,2,1,11,1,2,53,0,7,482,2007,0,,12,,,,,,1,1,41,1,0,,0,0,3,0,11,0,,,,,0,0,0,3,1,0,,,,96,,,,,,98,,,,,,98249,53,74,205,6,1,0,0,0,0,,0,,,,,,0,,,20,0,0,0,8,9,8,,,0,,,8,8,8,95,,,96,,,8,95,995,,,,,,,,,,,,,,,,,,,,,,,,,,,,,,0,0,0,0,0,0,1,1,1,0,0,0,1,0,0,0,0,0,0,0,0,0,0,0,0,0,0,0,1,1,0,0,0,0,0,,0,0,0,0,0,0,0,0,0,0,0,0,0,0,0,0,,,,,,41-45,36-45,County road,R,Friday,Belt Used,PV,Not Fatal,0,0,0,0,County Road,State Patrol,Washington State Patrol,0,0,1,0,0,,,,,,0,0,0,,,,,,,,,,,98,98,98,0,,,,,20,,,,,,,,,1,0,,,ENGLE RD,0.87,NULL,
2017,116,E664778,2,04/22/2017,14:27,22,4,0,57,Skagit,0,2,0,1,2,2,1,0,2,2,,,,12,0,2,45.9,1,0,1,4,2,1,3,0,0,0,0,SR-9,,-122.23005,48.38553611,0,2,51,62,4,50,14,0,0,1,5,12,3,2,2,1,14,1,1,53,0,7,402,1998,0,0,12,,,,,,1,1,42,1,0,0,0,0,3,0,11,0,,,,,0,0,0,3,1,0,0,0,0,0,,,,,,0,,,,,,98250,53,70,150,6,1,0,0,0,0,0,0,,,,,,0,,,20,0,0,0,8,9,8,,,0,0,0,8,0,0,0,0,0,0,0,0,0,0,996,,,,,,,,,,,,,,,,,,,,,,,,,,,,,,0,0,0,0,0,0,0,0,0,0,0,0,0,0,0,0,0,0,0,0,0,0,0,1,1,0,0,0,1,1,0,0,0,0,0,,0,0,0,0,0,0,0,0,0,0,0,0,0,0,0,0,,,,,,41-45,36-45,State route,U,Saturday,Belt Used,PV,Not Fatal,0,0,0,0,State Route,State Patrol,Washington State Patrol Headquarter,0,1,0,0,0,,,,,,,,,,,,,,,,,,,,,,,,,,,,,,,,,,,,,,,,,,,
2019,86,E906372,36,03/26/2019,5:18,26,3,,55,San Juan,0,2,0,2,2,2,1,0,1,1,,,,42,0,0,1.5,1,0,1,7,2,2,4,0,0,0,0,CR-EGG LAKE RD,,-123.08925,48.55631389,0,1,6,12,2,35,34,0,0,1,2,42,2,1,2,1,1,1,1,53,0,23,471,1997,0,0,68,64,42,,,,1,1,40,1,7,,4,7,20,7,11,0,03/26/2019,,53014351,14351,0,0,3,3,1,0,0,0,0,96,,,,,,99,,,,,,98250,53,69,150,6,1,0,1,0,1,,0,,,,,,4,03/15/2014,02/15/2015,1,0,0,1,0,9,8,,,0,0,0,8,9,2,605,695,,1,1,,2,1,0.27,,,,,,,,,,,,,,,,,,,,,,,,,,,,,,0,0,1,0,1,1,1,1,1,0,0,0,1,0,0,0,0,0,0,1,0,0,0,0,0,0,0,0,0,1,0,0,0,1,0,,1,0,0,0,0,1,1,1,0,1,0,0,0,0,0,1,,,,,,36-40,36-45,County road,U,Tuesday,Not Used,PV,White,0,1,0,0,County Road,County Sheriff,San Juan County Sheriff's Office,1,0,1,0,0,thc,22,carboxy-thc,11,,0,0,1,,,,,,,,,,,0,0,0,1,,,,,20,7,,,,,,,,,,,,,,,
2021,178,EB39544,36,05/31/2021,17:16,31,5,,55,San Juan,0,1,,1,1,2,1,0,2,2,,,,12,0,6,,1,0,1,5,1,2,4,0,0,0,0,CR-BEAVERTON VALLEY RD,,-123.0785833,48.544925,0,1,66,10,2,45,6,0,0,1,2,12,2,1,2,1,14,1,2,53,0,48,45,2006,0,,68,68,68,12,,,1,1,20,2,6,,4,7,3,0,11,0,05/31/2021,17:16,53026556,26556,0,0,0,3,1,58,,,,96,,,,,,98,,,,,,98250,53,61,125,6,2,0,0,0,0,,0,,,,,,4,,,8,0,0,0,0,9,8,,,0,,,8,8,2,695,605,,1,1,,2,1,0,,,,,,,,,,,,,,,,,,,,,,,,,,,,,,0,0,0,0,0,0,1,1,1,0,0,0,1,0,0,0,0,0,0,0,0,1,1,0,1,0,0,0,0,1,0,0,0,0,0,,1,0,0,0,0,0,1,1,0,1,0,0,0,0,1,0,,,,,,18-20,16-25,County road,R,Monday,Belt Used,PV,Hispanic,0,1,1,0,County Road,County Sheriff,San Juan County Sheriff's Office,0,0,1,0,0,thc,14,carboxy-thc,24,,0,0,0,,,,,,,,,,,98,98,98,98,,,,,20,,,,,,,,nms,1,0,,,BEAVERTON VALLEY RD,3.13,NULL,
2021,178,EB39544,36,05/31/2021,17:16,31,5,,55,San Juan,0,1,,1,1,2,1,0,2,2,,,,12,0,6,,1,0,1,5,1,2,4,0,0,0,0,CR-BEAVERTON VALLEY RD,,-123.0785833,48.544925,0,2,66,62,4,45,14,0,0,1,2,12,3,1,2,1,14,1,1,53,0,2,403,1994,0,,12,,,,,,1,1,19,2,0,,3,0,3,0,11,0,,,,,6,0,3,3,1,0,,,,96,,,,,,98,,,,,,98250,53,67,120,6,1,0,0,0,0,,0,,,,,,0,,,20,0,0,0,8,9,8,,,0,,,8,8,8,95,,,96,,,8,95,995,,,,,,,,,,,,,,,,,,,,,,,,,,,,,,0,0,0,0,0,0,1,1,1,0,0,0,1,0,0,0,0,0,0,0,0,1,1,0,1,0,0,0,0,1,0,0,0,0,0,,0,0,0,0,0,0,0,0,0,0,0,0,0,0,0,0,,,,,,18-20,16-25,County road,R,Monday,Belt Used,PV,Not Fatal,0,1,1,0,County Road,County Sheriff,San Juan County Sheriff's Office,0,0,1,0,0,,,,,,0,0,0,,,,,,,,,,,0,0,0,0,,,,,20,,,,,,,,,1,0,,,BEAVERTON VALLEY RD,3.13,NULL,
2017,235,E688738,2,07/04/2017,0:02,4,7,5,61,Snohomish,0,1,0,2,1,2,1,0,1,1,,,,52,0,0,34.3,1,0,1,3,1,1,2,0,0,0,0,US-2,,-121.5625194,47.80901111,0,1,1,13,2,60,4,0,0,1,2,2,3,1,2,1,14,1,1,53,0,22,20,2001,0,0,63,52,2,,,,1,1,63,1,7,1,4,7,99,0,11,0,07/04/2017,0:02,53030557,30557,8,0,0,3,1,0,0,0,0,96,,,,,,9,,,,,,98251,53,74,250,6,1,0,0,1,2,0,0,,,,,,4,07/15/2013,08/15/2014,99,0,0,0,0,1,8,,,0,0,0,8,1,2,1,0,0,1,0,0,2,1,0.19,,,,,,,,,,,,,,,,,,,,,,,,,,,,,,0,0,1,0,1,1,0,1,0,0,0,0,1,0,0,0,0,0,0,0,0,0,0,0,0,0,0,0,0,1,0,0,0,0,0,,1,0,0,0,0,1,0,1,0,1,0,0,0,1,0,1,,,,,,61-65,56-65,US highway,R,Tuesday,Unknown,PV,White,0,1,0,0,State Route,State Patrol,Washington State Patrol Headquarter,1,1,0,0,0,,,,,,,,,,,,,,,,,,,,,,,,,,,,,,,,,,,,,,,,,,,
2019,406,E979357,286,10/27/2019,1:02,27,10,,61,Snohomish,2180,1,0,3,1,2,1,1,1,1,,,,8,0,0,23.2,1,0,1,3,2,1,2,0,0,0,0,US-2,,-121.8002083,47.86416944,0,1,13,80,5,35,15,0,0,1,7,8,1,2,2,1,1,1,2,53,0,37,421,2004,0,0,8,,,,,,1,1,49,2,0,,0,0,3,0,11,0,,,,,0,0,0,3,1,10,0,0,0,96,,,,,,0,,,,,,98251,53,66,200,6,1,0,0,0,0,,0,,,,,,0,,,20,0,0,0,8,9,8,,,0,0,0,8,0,8,95,,,96,,,8,95,995,,,,,,,,,,,,,,,,,,,,,,,,,,,,,,0,0,0,0,0,0,0,0,0,1,0,1,0,0,0,0,0,0,0,0,0,0,0,0,0,0,0,0,0,1,0,1,0,0,0,,0,0,0,0,0,0,0,0,0,0,0,0,0,0,0,0,,,,,,46-50,46-55,US highway,U,Sunday,Belt Used,PV,Not Fatal,0,0,0,0,State Route,Municipal/City Police,Sultan Police Department,0,1,0,0,0,,,,,,0,0,0,,,,,,,,,,,98,98,98,0,,,,,20,7,,,,,,,,,,,,,,,
2020,184,EA41234,4,06/13/2020,2:50,13,6,,1,Adams,0,2,,2,2,2,1,0,1,1,,,,58,0,0,27.1,1,0,1,3,1,1,3,0,0,0,0,SR-17,,-119.1443778,46.89894167,0,1,1,13,2,60,34,0,0,1,2,1,1,1,2,1,1,1,1,53,0,20,481,2008,0,,63,58,67,58,1,,1,1,46,1,7,,4,7,20,7,11,0,06/13/2020,2:50,53027763,27763,0,0,3,2,1,0,,,,96,,,,,,9,,,,,,98251,53,74,260,1,1,0,3,0,0,,0,,,,,,4,08/15/2016,05/15/2018,20,1,9,0,9,1,8,,,0,,,8,1,2,1,,,1,,,2,1,0.17,,,,,,,,,,,,,,,,,,,,,,,,,,,,,,0,0,1,0,1,1,0,1,0,0,0,0,1,1,0,0,0,0,0,1,0,0,0,0,0,0,0,0,0,1,0,0,0,1,0,,1,0,0,0,0,1,0,1,0,1,0,1,0,1,0,1,,,,,,46-50,46-55,State route,R,Saturday,Not Used,PV,White,0,1,0,0,State Route,State Patrol,Washington State Patrol,1,1,0,0,0,,,,,,0,0,2,,,,,,,,,,,98,98,98,1,,,,,20,7,,,,,,,,1,0,,,,,,
2017,515,E753370,2,12/12/2017,14:45,12,12,0,61,Snohomish,0,1,0,1,1,2,1,0,4,3,,,,12,0,1,2.9,2,0,2,4,2,1,3,0,0,0,0,SR-92,44TH ST NE,-122.0498694,48.03599722,0,2,98,62,4,55,34,0,0,1,2,12,1,2,2,1,1,2,1,53,0,12,481,2002,0,0,12,,,,,,1,1,46,1,0,0,2,0,3,0,11,4,,,,,0,0,0,3,1,0,0,0,0,0,,,,,,0,,,,,,98252,53,73,193,6,1,0,0,0,0,0,0,,,,,,0,,,20,0,0,0,8,9,8,,,0,0,0,8,0,2,1,0,0,1,0,0,2,1,0,,,,,,,,,,,,,,,,,,,,,,,,,,,,,,0,0,0,1,0,0,1,1,0,0,0,0,0,1,0,0,1,0,0,1,0,0,0,1,1,0,0,0,0,1,0,0,0,0,0,,0,0,0,0,0,0,0,0,0,0,0,0,0,0,0,0,,,,,,46-50,46-55,State route,U,Tuesday,Belt Used,PV,Not Fatal,1,0,0,0,State Route,State Patrol,Washington State Patrol Headquarter,0,1,0,0,0,,,,,,,,,,,,,,,,,,,,,,,,,,,,,,,,,,,,,,,,,,,
2018,190,E758652,189,01/14/2018,17:49,14,1,2,61,Snohomish,1280,1,0,3,1,2,1,0,3,2,17:46,17:56,18:32,12,0,6,0.1,2,1,2,3,2,1,3,0,0,3,3,SR-528,I-5,-122.1836083,48.05185556,0,2,69,62,4,98,80,0,0,1,5,12,1,1,4,1,1,1,1,53,0,37,706,2015,0,0,12,,,,,,1,1,52,1,7,1,4,0,19,0,11,5,01/22/2018,14:15,69053003724,3724,0,0,0,3,1,0,0,0,0,96,,,,,,99,,,,,,98252,53,72,220,6,1,0,0,0,2,,0,,,,,,0,07/15/2016,11/15/2016,20,8,0,0,0,9,8,,,0,0,0,8,9,8,95,,,96,,,8,95,995,,,,,,,,,,,,,,,,,,,,,,,,,,,,,,0,0,0,1,0,0,0,0,0,0,0,0,0,1,0,0,0,0,1,0,0,0,0,1,1,0,0,0,1,1,0,0,0,0,1,0,0,0,0,0,0,0,0,0,0,0,0,0,0,0,0,0,,,,,,51-55,46-55,State route,U,Sunday,,MC,White,1,0,0,0,State Route,Municipal/City Police,Marysville Police Department,0,1,0,0,0,,,,,,0,0,0,,,,,,,,,,,,,,,,,,,,,,,,,,,,,,,,,,,
2018,115,E791931,205,04/16/2018,20:54,16,4,0,57,Skagit,1410,2,0,2,2,2,2,0,3,2,20:53,21:03,,12,0,6,0,1,0,1,4,2,4,6,0,0,0,0,LITTLE MOUNTAIN RD,,-122.3047056,48.4019,0,1,98,10,2,98,2,0,0,1,7,12,3,1,2,1,5,2,1,53,0,37,32,2004,0,0,12,,,,,,1,1,48,2,7,1,4,7,3,0,11,0,04/16/2018,20:54,1.41053E+11,18321,0,0,0,3,1,51,0,0,0,96,,,,,,99,,,,,,98252,53,68,125,6,1,0,0,2,0,,0,,,,,,0,03/15/2015,01/15/2016,8,0,0,0,0,9,8,,,0,0,0,8,9,2,996,996,,1,1,,2,1,0.24,,,,,,,,,,,,,,,,,,,,,,,,,,,,,,0,0,0,0,1,1,1,1,1,0,0,0,0,0,0,0,0,0,0,0,0,0,0,0,0,0,0,0,0,1,0,0,0,0,0,,1,0,0,0,0,1,1,1,0,0,0,0,0,0,0,1,,,,,,46-50,46-55,City street,U,Monday,Belt Used,PV,White,0,1,1,0,City Street,Municipal/City Police,Mount Vernon Police Department,0,0,0,1,0,,,,,,0,0,0,,,,,,,,,,,,,,,,,,,,,,,,,,,,,,,,,,,
2019,100,E908443,3,03/29/2019,12:34,29,3,,53,Pierce,2230,1,0,1,1,1,1,0,2,2,,,,12,0,1,132.8,1,0,1,1,2,1,1,0,0,0,0,I-5,,-122.4521861,47.23031111,0,1,29,53,3,60,80,0,0,1,2,12,1,1,3,3,2,1,1,53,0,72,706,2006,0,0,12,,,,,,1,1,44,1,7,,4,7,20,7,11,0,03/29/2019,12:34,2.23053E+11,15128,0,0,0,3,1,26,0,0,0,96,,,,,,0,,,,,,98252,53,72,250,6,1,0,1,0,0,,0,,,,,,4,11/15/2018,11/15/2018,20,8,0,0,0,9,8,,,0,0,0,8,0,2,1,,,1,,,2,1,0,,,,,,,,,,,,,,,,,,,,,,,,,,,,,,0,0,0,0,0,0,0,0,0,0,0,0,1,0,0,0,0,0,0,0,0,0,0,0,0,0,0,0,1,1,0,0,0,0,1,0,0,0,0,0,0,0,0,0,0,1,0,0,0,0,0,0,,,,,,41-45,36-45,Interstate,U,Friday,,MC,White,0,0,0,0,State Route,State Patrol,Washington State Patrol,0,1,0,0,0,,,,,,0,0,0,,,,,,,,,,,0,0,0,1,,,,,5,0,,,,,,,,,,,,,,,
2019,163,E926809,2,05/26/2019,11:10,26,5,,73,Whatcom,0,1,0,1,1,4,1,0,2,1,,,,24,0,0,8.5,1,0,1,7,1,2,4,0,0,0,0,CR-MOSQUITO LAKE RD,,-122.1180333,48.78568611,0,1,6,6,1,35,80,0,0,1,2,24,2,2,2,1,14,2,1,53,0,72,706,2006,0,0,68,64,24,,,,1,1,62,1,0,,3,0,20,7,11,8,,,,,0,0,3,3,1,0,0,0,0,93,,,,,,0,,,,,,98252,53,72,200,6,1,0,0,0,0,,97,,,,,,0,,,20,8,0,0,8,9,8,,,0,0,0,8,0,8,95,,,96,,,8,95,995,,,,,,,,,,,,,,,,,,,,,,,,,,,,,,0,0,1,0,0,0,0,0,0,0,0,0,0,0,0,0,1,0,0,0,0,0,0,0,0,0,0,0,1,0,0,0,0,0,0,0,0,0,0,0,0,0,0,0,1,0,0,0,0,0,0,0,,,,,,61-65,56-65,County road,R,Sunday,,MC,Not Fatal,0,1,0,0,County Road,State Patrol,Washington State Patrol,1,0,1,0,0,,,,,,0,0,0,,,,,,,,,,,0,0,0,0,,,,,5,0,,,,,,,,,,,,,,,
2019,207,E935340,2,06/22/2019,3:05,22,6,,61,Snohomish,1280,1,0,2,1,2,1,0,2,2,,,,12,0,1,198.1,1,0,1,1,2,1,1,0,0,0,0,I-5,,-122.1785361,48.03732222,0,2,32,53,3,60,4,0,0,1,2,12,4,2,3,3,14,1,2,53,0,37,32,1999,0,0,12,,,,,,1,1,22,1,1,,4,7,3,0,11,0,06/22/2019,3:05,1.28053E+11,27850,0,0,0,2,1,0,0,0,0,92,,,,,,99,,,,,,98252,53,73,200,1,1,0,2,1,1,,0,,,,,,0,02/15/2015,08/15/2018,20,0,0,0,0,9,8,,,0,0,0,8,9,2,401,417,,1,1,,2,1,0,,,,,,,,,,,,,,,,,,,,,,,,,,,,,,0,0,0,0,1,0,1,1,0,0,0,0,0,1,0,0,1,0,0,0,0,0,0,1,1,0,0,0,0,1,1,0,0,0,0,,1,0,0,0,0,0,1,1,1,0,0,1,0,0,1,0,,,,,,21-25,16-25,Interstate,U,Saturday,Belt Used,PV,Hispanic,0,0,0,0,State Route,State Patrol,Washington State Patrol,0,1,0,0,0,,,,,,0,0,7,,,,,,,,,,,0,0,0,1,,,,,20,7,,,,,,,,,,,,,,,
2020,131,EA33074,39,05/08/2020,20:58,8,5,,61,Snohomish,0,1,,2,1,2,1,0,4,2,21:01,21:11,21:34,12,0,2,4.1,1,0,1,4,2,2,4,0,0,0,0,CR-84TH ST NE,,-122.0265889,48.07230278,0,1,50,10,2,50,14,0,0,1,2,12,1,1,2,1,1,1,2,53,0,49,401,1985,0,,68,12,,,,,1,1,31,1,0,,3,0,99,7,11,5,,,,,0,0,0,2,1,28,,,,92,,,,,,98,,,,,,98252,53,72,200,1,1,0,1,0,0,,97,,,,,,0,02/15/2018,06/15/2020,20,0,0,0,8,9,8,,,0,,,8,8,8,95,,,96,,,8,95,995,,,,,,,,,,,,,,,,,,,,,,,,,,,,,,0,0,0,0,0,0,1,1,0,0,0,0,0,1,0,0,1,0,0,1,0,0,0,0,0,1,1,1,0,1,0,0,0,0,0,,0,0,0,0,0,0,0,0,1,0,0,1,0,0,0,0,,,,,,31-35,26-35,County road,U,Friday,Unknown,PV,Not Fatal,0,1,1,0,County Road,County Sheriff,Snohomish County Sheriff's Office,0,0,1,0,0,,,,,,0,0,2,,,,,,,,,,,0,0,0,0,,,,,20,7,,,,,,,,1,0,,,84TH ST NE,4.063,,