year,case,par,repjur,crash_dt,crash_tm,accday,accmon,holiday,county,co_char,city,weather,weather2,lightcond,surfcond,surftype,numfatal,nmforms,pforms,vforms,not_tm,arr_tm,hosp_tm,fhevent,hitrun,manncol,milepnt,reljunc,reljuncinter,intersectiontype,funcsystem,landuse,ownership,route,schlbus,spejur,contdev,devfunc,trafid1,trafid2,x,y,wk_zone,vnumber,crashtype,criticalevent,criticaleventcat,spdlim,body,trailer,emerg,hazcargo,leave,mhevent,roadalgn,roadprof,traflane,trafflow,vehmanvr,numoccs,regowner,regstate,spuse,make,model,modelyr,vrf1,vrf2,seqevent1,seqevent2,seqevent3,seqevent4,seqevent5,seqevent6,pnumber,ptype,age,sex,hispanic,race,injury,diedscene,restraint,restraintmisuse,seatpos,takehosp,death_dt,death_tm,cert,cernum_wa,commlic,licendor,licrestrict,liccomp,drivpres,drf1,drf2,drf3,drf4,distract1,distract2,distract3,distract4,distract5,distract6,dricond1,dricond2,dricond3,dricond4,dricond5,dricond6,dzip,licstate,drhgt_in,weight,noncdl,noncdltype,prevdwi,prevoth,prevacc,prevspd,prevsus,driviol1,driviol2,driviol3,driviol4,driviol5,driviol6,spdrel,first_dt,last_dt,airbag,ejection,ejectpath,extricat,injurwrk,methalc,methdrug,nmlocat,strikveh,prf1,prf2,prf3,druginv,alcinvol,drugsts,drugres1,drugres2,drugres3,drugtst1,drugtst2,drugtst3,alcsts,alctst,alcres,nmact1,nmact2,nmact3,nmact4,nmact5,nmact6,nmprior1,nmprior2,nmprior3,nmprior4,nmprior5,nmprior6,nmcond1,nmcond2,nmcond3,nmcond4,nmcond5,nmcond6,nmsafe_helmet,nmsafe_pads,nmsafe_oth,nmprev_ref,nmprev_lgt,nmprev_oth,crashlocation,nmcrashtype,crosswalk,schoolzone,sidewalk,train_inv,wildlife_inv,rotr_fars,intersect_fars,dd_inv,aid_inv,dpd_inv,id_inv,mj_inv,impnm_inv,ainm_inv,dpnm_inv,speed_inv,unlic_inv,unendmc_inv,drowsy_inv,drdist_inv,nmdist_inv,fty_inv,unrestfat_inv,dr1617_inv,dr1820_inv,dr1620_inv,dr2125_inv,dr1625_inv,dr65_inv,dr70_inv,dr75_inv,mc_inv,pv_inv,ht_inv,ped_inv,bike_inv,unrest_fat,mc_fat,unhelmet_mc,pv_fat,ht_fat,ped_fat,bike_fat,dr_alc7,dr_alc8,dr_drug,dr_imp,dr_dist,dr_spd,dr_fty,dr_unlic,dr_alc7only,dr_alc8only,dr_drugonly,dr_drink,nm_imp,nm_alc7,nm_alc8,nm_drug,nm_dist,agegrp1,agegrp2,roadclass,urbrur,dayweek,restuse,vehtype,race_me,intersect,lanedep,oppdir,wrongway,rep_typ,investag,repag_long,rotr,st_rd,cty_rd,city_rd,oth_rd,drug_thc,thc_res,drug_cthc,cthc_res,drug_cann,prevpersemin,prevperse,prevsusoth,drugtst4,drugtst5,drugtst6,drugtst7,drugtst8,drugres4,drugres5,drugres6,drugres7,drugres8,adspresent,adsengaged,adslevel,race1,race2,race3,race4,race5,helmet,helmetmisuse,nmdistract1,nmdistract2,nmdistract3,nmdistract4,nmdistract5,nmdistract6,lab,isedtcase,crf1,crf2,crf3,CoRoadName,CoMP,IntCoRoadName,IntCoMP
2021,35,EB05287,39,02/07/2021,1:25,7,2,,61,Snohomish,0,10,,2,1,2,1,1,3,2,,,,9,0,0,,1,0,1,4,1,2,4,0,0,0,0,CR-84TH ST NE,,-122.0340417,48.07239167,0,2,98,98,7,50,20,0,0,1,5,9,1,2,2,1,1,2,2,53,0,37,441,2003,0,,9,,,,,,1,1,59,2,0,,0,0,3,0,11,0,,,,,0,0,3,3,1,10,,,,0,,,,,,98,,,,,,98252,53,67,200,6,1,0,0,0,0,,0,,,,,,0,,,20,0,0,0,8,9,8,,,0,,,8,8,0,0,,,0,,,0,0,996,,,,,,,,,,,,,,,,,,,,,,,,,,,,,,0,0,0,0,0,0,0,0,0,1,0,1,0,0,0,0,0,0,0,0,0,0,0,0,0,0,0,0,0,1,0,0,1,0,0,,0,0,0,0,0,0,0,0,0,0,0,0,0,0,0,0,,,,,,56-60,56-65,County road,R,Sunday,Belt Used,PV,Not Fatal,0,0,0,0,County Road,County Sheriff,Snohomish County Sheriff's Office,0,0,1,0,0,,,,,,0,0,0,,,,,,,,,,,98,98,98,0,,,,,20,,,,,,,,,1,0,,,84TH ST NE,3.585,NULL,
2020,523,EB16319,39,11/09/2020,15:47,9,11,,61,Snohomish,1120,10,,1,1,2,1,0,2,2,15:49,16:03,,12,0,6,9999.8,8,0,1,4,1,4,6,0,0,0,0,CR-N MACHIAS RD,,-122.0458667,48.01080833,0,2,88,66,4,35,34,0,0,1,2,12,3,1,2,1,14,1,3,53,0,12,481,1999,0,,12,,,,,,1,1,41,1,0,,0,0,3,0,11,0,,,,,0,0,0,3,1,0,,,,96,,,,,,0,,,,,,98252,53,73,245,6,1,0,0,1,0,,0,,,,,,0,12/15/2017,12/15/2017,20,0,0,0,8,9,8,,,0,,,8,8,0,0,,,0,,,0,0,996,,,,,,,,,,,,,,,,,,,,,,,,,,,,,,0,0,0,0,0,0,1,1,0,0,0,0,0,0,0,0,0,0,1,0,0,0,0,0,0,1,1,1,0,1,0,0,0,0,0,,0,0,0,0,0,0,0,0,0,0,0,0,0,0,0,0,,,,,,41-45,36-45,City street,R,Monday,Belt Used,PV,Not Fatal,0,0,0,0,City Street,County Sheriff,Snohomish County Sheriff's Office,0,0,0,1,0,,,,,,0,0,0,,,,,,,,,,,0,0,0,0,,,,,20,7,,,,,,,,1,0,,,,,,
2021,262,EB53787,2,07/24/2021,16:24,24,7,,73,Whatcom,0,1,,1,1,2,2,0,7,2,,,,12,0,2,15.8,1,0,1,5,2,1,3,0,0,0,0,SR-11,,-122.4864194,48.66540833,0,1,50,10,2,45,80,0,0,1,5,12,2,2,2,1,14,2,1,53,0,72,706,2016,0,,68,12,,,,,1,1,59,1,7,,4,0,20,7,11,0,07/24/2021,21:24,11053036771,36771,6,0,0,3,1,28,,,,96,,,,,,98,,,,,,98252,53,69,200,6,1,0,2,1,3,,0,,,,,,0,08/15/2017,03/15/2020,20,8,0,0,0,9,8,,,0,,,8,8,2,348,401,417,1,1,1,2,1,0,,,,,,,,,,,,,,,,,,,,,,,,,,,,,,0,0,0,0,0,0,1,1,0,0,0,0,0,0,0,0,0,0,0,0,0,0,0,0,0,0,0,0,1,1,0,0,0,0,1,0,0,0,0,0,0,0,1,1,0,0,0,0,0,0,1,0,,,,,,56-60,56-65,State route,U,Saturday,,MC,White,0,1,1,0,State Route,State Patrol,Washington State Patrol,0,1,0,0,0,,,,,,0,0,2,,,,,,,,,,,0,0,0,1,,,,,5,,,,,,,,,1,0,,,,,,
2020,539,EA26160,2,03/21/2020,14:11,21,3,,29,Island,0,1,,1,1,2,1,0,2,2,14:17,14:24,15:33,12,0,1,23.6,3,0,3,3,1,1,3,0,0,0,0,SR-525,PLANTATION DR,-122.5674194,48.07364444,0,1,20,50,3,50,34,0,0,1,2,12,1,1,2,1,1,1,1,53,0,12,481,1982,0,,12,,,,,,1,1,58,1,7,,4,0,3,0,11,5,03/31/2020,11:54,1.96053E+11,16223,0,0,0,3,1,26,,,,96,,,,,,0,,,,,,98253,53,72,260,6,1,0,1,0,0,,58,,,,,,0,12/15/2016,12/15/2016,20,0,0,0,0,9,8,,,0,,,8,8,0,0,,,0,,,0,0,996,,,,,,,,,,,,,,,,,,,,,,,,,,,,,,0,0,0,1,0,0,0,0,0,0,0,0,0,0,0,0,0,0,0,0,0,0,0,0,0,0,0,0,0,1,0,0,0,0,0,,1,0,0,0,0,0,0,0,0,0,0,0,0,0,0,0,,,,,,56-60,56-65,State route,R,Saturday,Belt Used,PV,White,1,0,0,0,State Route,State Patrol,Washington State Patrol,0,1,0,0,0,,,,,,0,0,0,,,,,,,,,,,0,0,0,1,,,,,20,7,,,,,,,,1,0,,,,,,
2020,539,EA26160,2,03/21/2020,14:11,21,3,,29,Island,0,1,,1,1,2,1,0,2,2,14:17,14:24,15:33,12,0,1,23.6,3,0,3,3,1,1,3,0,0,0,0,SR-525,PLANTATION DR,-122.5674194,48.07364444,0,2,21,53,3,50,15,0,0,1,5,12,1,1,2,1,5,1,3,51,0,20,421,2005,0,,12,,,,,,1,1,44,1,0,,1,0,3,0,11,0,,,,,6,0,3,3,1,0,,,,96,,,,,,0,,,,,,98253,53,73,200,6,1,0,0,0,0,,0,,,,,,0,,,20,0,0,0,8,9,8,,,0,,,8,8,0,0,,,0,,,0,0,996,,,,,,,,,,,,,,,,,,,,,,,,,,,,,,0,0,0,1,0,0,0,0,0,0,0,0,0,0,0,0,0,0,0,0,0,0,0,0,0,0,0,0,0,1,0,0,0,0,0,,0,0,0,0,0,0,0,0,0,0,0,0,0,0,0,0,,,,,,41-45,36-45,State route,R,Saturday,Belt Used,PV,Not Fatal,1,0,0,0,State Route,State Patrol,Washington State Patrol,0,1,0,0,0,,,,,,0,0,0,,,,,,,,,,,98,98,98,0,,,,,20,7,,,,,,,,1,0,,,,,,
2021,267,EB54358,2,07/30/2021,15:41,30,7,,29,Island,0,1,,1,1,2,1,0,3,2,,,,12,0,6,,8,0,1,5,1,2,4,0,0,0,0,CR-ENGLE RD,,-122.6861583,48.1988,0,1,98,52,3,35,80,0,0,1,2,12,1,1,2,1,6,2,1,53,0,72,706,1992,0,,68,12,,,,,1,1,64,1,7,,4,0,20,7,11,5,07/30/2021,16:18,47053037516,37516,0,0,0,3,1,33,,,,96,,,,,,9,,,,,,98257,53,71,175,6,1,0,0,0,0,,0,,,,,,4,,,20,8,0,0,0,9,8,,,0,,,1,8,2,351,695,605,1,1,1,2,1,0,,,,,,,,,,,,,,,,,,,,,,,,,,,,,,0,0,0,0,0,0,1,1,1,0,0,0,1,0,0,0,0,0,0,0,0,0,0,0,0,0,0,0,1,1,0,0,0,0,1,0,0,0,0,0,0,0,1,1,0,1,0,0,0,0,1,0,,,,,,61-65,56-65,County road,R,Friday,,MC,White,0,0,0,0,County Road,State Patrol,Washington State Patrol,0,0,1,0,0,thc,6.7,carboxy-thc,12,,0,0,0,,,,,,,,,,,0,0,0,1,,,,,5,,,,,,,,nms,1,0,,,ENGLE RD,0.87,NULL,
2017,126,3789307,263,04/25/2017,5:56,25,4,0,33,King,1960,1,0,1,1,2,1,1,1,1,,,,8,0,0,0,3,0,7,4,2,4,6,0,0,2,3,WESTERN AVE,LENORA ST,-122.3447444,47.61117222,0,1,13,80,5,25,34,0,0,1,2,8,1,1,2,1,11,1,1,53,0,12,481,2007,0,0,8,,,,,,1,1,55,1,0,0,0,0,3,0,11,0,,,,,0,0,0,3,1,38,0,0,0,93,,,,,,0,,,,,,98258,53,72,245,6,1,0,2,0,1,0,97,,,,,,0,05/15/2012,12/15/2014,20,0,0,0,8,3,8,,,0,0,0,8,1,0,0,0,0,0,0,0,0,0,996,,,,,,,,,,,,,,,,,,,,,,,,,,,,,,0,0,0,1,1,0,0,0,0,1,0,1,0,0,0,0,1,0,1,0,0,0,0,0,0,0,0,0,0,0,0,1,0,0,0,,0,0,0,0,0,0,0,0,1,0,1,0,0,0,0,1,,,,,,51-55,46-55,City street,U,Tuesday,Belt Used,PV,Not Fatal,1,0,0,0,City Street,Municipal/City Police,Seattle Police Department,0,0,0,1,0,,,,,,,,,,,,,,,,,,,,,,,,,,,,,,,,,,,,,,,,,,,
2020,404,3854580,263,05/20/2020,8:49,20,5,,33,King,1960,10,,1,1,1,1,0,2,2,,,,12,1,6,0,2,0,3,3,2,4,6,0,0,20,3,15TH AVE NE,NE 130th St,-122.3126583,47.72304167,0,1,82,15,2,98,4,0,0,1,2,12,1,2,2,4,11,1,2,53,0,64,32,2000,0,,12,,,,,,1,1,26,1,0,,2,0,99,7,11,0,,,,,0,0,3,2,1,38,,,,96,,,,,,9,,,,,,98258,53,68,150,1,1,0,1,2,0,,1,7,,,,,0,08/15/2016,11/15/2017,20,0,0,0,8,3,2,,,0,,,1,8,2,401,417,,1,1,,2,1,0,,,,,,,,,,,,,,,,,,,,,,,,,,,,,,0,0,0,1,1,0,1,1,1,0,0,0,0,1,0,0,0,0,1,0,0,0,0,0,0,0,0,0,1,1,0,0,0,0,0,,0,0,0,0,0,0,1,1,0,0,1,1,0,0,1,0,,,,,,26-30,26-35,City street,U,Wednesday,Unknown,PV,Not Fatal,1,0,0,0,City Street,Municipal/City Police,Seattle Police Department,0,0,0,1,0,,,,,,0,0,2,,,,,,,,,,,98,98,98,0,,,,,20,7,,,,,,,,1,0,,,,,,
2020,404,3854580,263,05/20/2020,8:49,20,5,,33,King,1960,10,,1,1,1,1,0,2,2,,,,12,0,6,0,2,0,3,3,2,4,6,0,0,0,0,15TH AVE NE,NE 130th St,-122.3126583,47.72304167,0,2,83,67,4,98,80,0,0,1,2,12,1,2,2,1,1,1,1,53,0,73,706,2014,0,,12,,,,,,1,1,61,1,7,,4,0,20,7,11,5,05/20/2020,9:44,1.96053E+11,24028,0,0,0,3,1,0,,,,96,,,,,,0,,,,,,98258,53,73,250,6,1,0,0,1,0,,0,,,,,,0,10/15/2017,10/15/2017,20,8,0,0,0,9,8,,,0,,,8,8,2,695,605,,1,1,,2,1,0.069,,,,,,,,,,,,,,,,,,,,,,,,,,,,,,0,0,0,1,1,0,1,1,1,0,0,0,0,1,0,0,0,0,1,0,0,0,0,0,0,0,0,0,1,1,0,0,0,0,1,1,0,0,0,0,1,0,1,1,0,0,0,0,0,0,0,1,,,,,,61-65,56-65,City street,U,Wednesday,,MC,White,1,0,0,0,City Street,Municipal/City Police,Seattle Police Department,0,0,0,1,0,thc,11,carboxy-thc,62,,0,0,0,,,,,,,,,,,0,0,0,1,,,,,17,7,,,,,,,,1,0,,,,,,
2017,42,E642159,2,02/03/2017,15:17,3,2,0,61,Snohomish,0,2,0,1,2,2,2,0,9,3,15:17,15:27,16:20,12,0,1,183.9,1,0,1,1,2,1,1,0,0,0,0,I-5,,-122.25735,47.8495,0,1,24,51,3,60,34,0,0,1,2,12,1,1,4,3,1,1,3,53,0,12,481,2001,0,0,12,,,,,,1,1,51,1,0,0,1,0,3,0,11,0,,,,,0,0,0,3,1,91,0,0,0,96,,,,,,0,,,,,,98258,53,72,230,6,1,0,1,1,0,0,1,,,,,,4,09/15/2014,09/15/2014,1,0,0,0,8,3,1,,,0,0,0,1,0,2,401,417,0,1,1,0,2,1,0,,,,,,,,,,,,,,,,,,,,,,,,,,,,,,0,0,0,0,0,0,1,1,0,0,0,0,1,0,0,0,0,0,0,0,0,0,0,0,0,0,0,0,0,1,0,0,0,0,0,,0,0,0,0,0,0,1,1,0,1,0,0,0,0,1,0,,,,,,51-55,46-55,Interstate,U,Friday,Belt Used,PV,Not Fatal,0,0,0,0,State Route,State Patrol,Washington State Patrol Headquarter,0,1,0,0,0,,,,,,,,,,,,,,,,,,,,,,,,,,,,,,,,,,,,,,,,,,,
2017,86,E657194,2,03/18/2017,15:10,18,3,0,61,Snohomish,0,2,0,1,2,2,1,0,4,3,14:58,15:05,15:42,12,0,2,4.5,1,0,1,3,2,1,2,0,0,0,0,US-2,,-122.1144444,47.95451389,0,3,98,50,3,60,20,0,0,1,2,12,1,2,3,1,1,2,1,53,0,7,442,2015,0,0,12,,,,,,1,1,35,2,0,0,0,0,3,0,11,0,,,,,6,0,1,3,1,0,0,0,0,0,,,,,,0,,,,,,98258,53,67,195,6,1,0,2,1,0,0,0,,,,,,0,08/15/2012,08/15/2012,20,0,0,0,8,9,8,,,0,0,0,8,0,0,0,0,0,0,0,0,0,0,996,,,,,,,,,,,,,,,,,,,,,,,,,,,,,,0,0,0,0,0,0,0,0,0,0,0,0,0,0,0,0,1,0,0,0,0,0,0,0,0,1,1,1,0,1,0,0,0,0,0,,0,0,0,0,0,0,0,0,0,0,0,0,0,0,0,0,,,,,,31-35,26-35,US highway,U,Saturday,Belt Used,PV,Not Fatal,0,0,0,1,State Route,State Patrol,Washington State Patrol Headquarter,0,1,0,0,0,,,,,,,,,,,,,,,,,,,,,,,,,,,,,,,,,,,,,,,,,,,
2017,182,E680679,2,05/29/2017,20:20,29,5,4,29,Island,0,1,0,1,1,2,1,0,4,2,,,,12,0,2,1.9,1,0,1,6,1,2,4,0,0,0,0,CR-BAILEY RD,,-122.4046056,47.93839444,0,2,51,54,3,35,84,0,0,1,5,12,3,1,2,1,14,1,1,53,0,98,703,2009,0,0,12,,,,,,1,1,69,2,7,1,4,7,19,0,11,0,05/29/2017,20:20,53024603,24603,6,1,3,3,1,0,0,0,0,0,,,,,,0,,,,,,98258,53,65,135,6,1,0,0,1,0,0,0,,,,,,0,11/15/2012,11/15/2012,20,8,0,0,0,9,8,,,0,0,0,8,0,0,0,0,0,0,0,0,0,0,996,,,,,,,,,,,,,,,,,,,,,,,,,,,,,,0,0,0,0,1,1,1,1,1,0,0,0,1,1,0,0,0,0,0,0,0,0,0,0,0,1,0,0,0,1,0,0,0,0,0,,0,0,0,0,0,0,0,0,0,0,0,0,0,0,0,0,,,,,,66-70,66-75,County road,R,Monday,,OTHMC,White,0,1,1,0,County Road,State Patrol,Washington State Patrol Headquarter,0,0,1,0,0,,,,,,,,,,,,,,,,,,,,,,,,,,,,,,,,,,,,,,,,,,,
2017,262,E694798,39,07/23/2017,13:12,23,7,0,61,Snohomish,0,1,0,1,1,2,1,0,6,2,,,,12,0,6,0.6,8,0,1,5,2,2,4,0,0,0,0,CR-SPRINGHETTI RD,,-122.0989528,47.88074444,0,2,98,60,4,35,20,0,0,1,5,12,1,1,2,1,11,5,2,53,0,49,442,1998,0,0,12,,,,,,1,1,44,2,0,0,1,0,3,0,11,8,,,,,0,0,0,3,1,0,0,0,0,0,,,,,,0,,,,,,98258,53,66,160,6,1,0,0,0,0,0,0,,,,,,0,,,20,0,0,0,8,9,8,,,0,0,0,8,0,0,0,0,0,0,0,0,0,0,996,,,,,,,,,,,,,,,,,,,,,,,,,,,,,,0,0,0,0,0,0,1,1,1,0,0,0,1,0,0,0,0,0,1,0,0,0,0,0,0,0,0,0,1,1,0,0,0,0,0,,0,0,0,0,0,0,0,0,0,0,0,0,0,0,0,0,,,,,,41-45,36-45,County road,U,Sunday,Belt Used,PV,Not Fatal,0,0,0,0,County Road,County Sheriff,Snohomish County Sheriff's Office,0,0,1,0,0,,,,,,,,,,,,,,,,,,,,,,,,,,,,,,,,,,,,,,,,,,,
2017,410,E718794,39,10/01/2017,1:15,1,10,0,61,Snohomish,0,2,0,2,2,2,1,0,2,1,,,,42,0,0,10.7,1,0,1,5,1,2,4,0,0,0,0,CR-MOUNTAIN LOOP HWY,,-121.7870889,48.09483889,0,1,2,6,1,35,14,0,0,1,2,1,1,1,2,1,1,2,1,53,0,49,401,1990,0,0,63,42,1,42,,,1,1,22,1,7,1,4,7,20,0,11,0,10/01/2017,1:15,86053043083,43083,0,0,0,3,1,0,0,0,0,96,,,,,,9,,,,,,98258,53,67,175,6,1,0,3,1,1,0,0,,,,,,4,04/15/2015,12/15/2015,20,1,9,0,0,9,8,,,0,0,0,8,1,2,605,0,0,1,0,0,2,1,0.12,,,,,,,,,,,,,,,,,,,,,,,,,,,,,,0,0,0,0,1,1,1,1,1,0,0,0,1,0,0,0,0,0,0,1,0,0,0,1,1,0,0,0,0,1,0,0,0,1,0,,1,0,0,0,0,1,1,1,0,1,0,0,0,0,0,1,,,,,,21-25,16-25,County road,R,Sunday,Not Used,PV,White,0,1,0,0,County Road,County Sheriff,Snohomish County Sheriff's Office,1,0,1,0,0,thc,34,carboxy-thc,91,,,,,,,,,,,,,,,,,,,,,,,,,,,,,,,,,,,,,,,
2017,439,E728122,172,10/26/2017,6:57,26,10,0,61,Snohomish,1120,10,0,3,1,2,1,0,7,3,,,,12,0,6,0,2,0,3,4,2,4,6,0,0,3,3,20TH ST SE,91ST AVE SE,-122.1089111,47.97799722,0,2,69,60,4,35,34,0,0,1,2,12,1,2,4,1,1,3,2,53,0,20,481,2011,0,0,12,68,12,,,,1,1,38,1,0,0,0,0,3,0,11,0,,,,,0,0,0,3,1,0,0,0,0,1,,,,,,0,,,,,,98258,53,64,180,6,1,0,1,0,0,0,0,,,,,,0,02/15/2015,02/15/2015,1,0,0,0,8,9,8,,,0,0,0,8,0,0,0,0,0,0,0,0,0,0,996,,,,,,,,,,,,,,,,,,,,,,,,,,,,,,0,0,0,1,0,0,1,1,0,0,0,0,0,0,0,0,1,0,1,0,0,0,0,0,0,0,0,0,0,1,0,0,0,0,0,,0,0,0,0,0,0,0,0,1,0,0,0,0,0,0,0,,,,,,36-40,36-45,City street,U,Thursday,Belt Used,PV,Not Fatal,1,0,0,0,City Street,Municipal/City Police,Lake Stevens Police Department,0,0,0,1,0,,,,,,,,,,,,,,,,,,,,,,,,,,,,,,,,,,,,,,,,,,,
2017,439,E728122,172,10/26/2017,6:57,26,10,0,61,Snohomish,1120,10,0,3,1,2,1,0,7,3,,,,12,0,6,0,2,0,3,4,2,4,6,0,0,3,3,20TH ST SE,91ST AVE SE,-122.1089111,47.97799722,0,3,98,66,4,35,4,0,0,1,2,12,1,2,3,1,5,1,1,53,0,12,23,2016,0,0,12,12,,,,,1,1,42,2,0,0,0,0,3,0,11,0,,,,,0,0,0,3,1,0,0,0,0,0,,,,,,0,,,,,,98258,53,65,245,6,1,0,1,0,1,0,0,,,,,,0,06/15/2014,03/15/2015,20,0,0,0,8,9,8,,,0,0,0,8,0,0,0,0,0,0,0,0,0,0,996,,,,,,,,,,,,,,,,,,,,,,,,,,,,,,0,0,0,1,0,0,1,1,0,0,0,0,0,0,0,0,1,0,1,0,0,0,0,0,0,0,0,0,0,1,0,0,0,0,0,,0,0,0,0,0,0,0,0,0,0,0,0,0,0,0,0,,,,,,41-45,36-45,City street,U,Thursday,Belt Used,PV,Not Fatal,1,0,0,0,City Street,Municipal/City Police,Lake Stevens Police Department,0,0,0,1,0,,,,,,,,,,,,,,,,,,,,,,,,,,,,,,,,,,,,,,,,,,,
2017,517,E747398,39,12/13/2017,17:53,13,12,0,61,Snohomish,0,1,0,2,1,2,1,0,2,2,,,,12,0,6,4.6,1,0,1,5,1,2,4,0,0,0,0,CR-N LAKE ROESIGER RD,,-121.9166028,48.01092778,0,2,66,62,4,98,67,0,0,1,5,12,3,1,2,1,14,1,2,53,0,12,880,2006,0,0,12,,,,,,1,1,25,1,0,0,0,0,3,0,11,0,,,,,0,0,0,2,1,0,0,0,0,0,,,,,,0,,,,,,98258,53,70,135,1,1,0,2,0,2,3,0,,,,,,0,06/15/2014,10/15/2016,1,0,0,0,8,9,8,,,0,0,0,8,0,0,0,0,0,0,0,0,0,0,996,,,,,,,,,,,,,,,,,,,,,,,,,,,,,,0,0,0,0,0,0,1,1,0,0,0,0,1,1,0,0,0,0,0,0,0,0,0,1,1,0,0,0,0,1,1,0,0,0,0,,0,0,0,0,0,0,0,0,0,0,0,1,0,0,0,0,,,,,,21-25,16-25,County road,R,Wednesday,Belt Used,MHTRUCK,Not Fatal,0,1,1,0,County Road,County Sheriff,Snohomish County Sheriff's Office,0,0,1,0,0,,,,,,,,,,,,,,,,,,,,,,,,,,,,,,,,,,,,,,,,,,,
2017,515,E753370,2,12/12/2017,14:45,12,12,0,61,Snohomish,0,1,0,1,1,2,1,0,4,3,,,,12,0,1,2.9,2,0,2,4,2,1,3,0,0,0,0,SR-92,44TH ST NE,-122.0498694,48.03599722,0,1,21,53,3,55,6,0,0,1,2,12,1,2,2,1,5,1,1,53,0,48,34,1997,0,0,12,68,12,,,,1,1,30,1,7,1,4,7,20,0,11,0,12/12/2017,14:45,1.12053E+11,53949,0,0,0,2,1,0,0,0,0,0,,,,,,99,,,,,,98258,53,70,180,1,1,0,0,0,0,0,0,,,,,,0,,,20,0,0,0,0,9,8,,,0,0,0,8,9,2,128,167,177,1,1,1,2,1,0,,,,,,,,,,,,,,,,,,,,,,,,,,,,,,0,0,0,1,0,0,1,1,0,0,0,0,0,1,0,0,1,0,0,1,0,0,0,1,1,0,0,0,0,1,0,0,0,1,0,,1,0,0,0,0,0,1,1,0,0,0,1,0,0,1,0,,,,,,26-30,26-35,State route,U,Tuesday,Not Used,PV,White,1,0,0,0,State Route,State Patrol,Washington State Patrol Headquarter,0,1,0,0,0,,,,,,,,,,,,,,,,,,,,,,,,,,,,,,,,,,,,,,,,,,,
2017,515,E753370,2,12/12/2017,14:45,12,12,0,61,Snohomish,0,1,0,1,1,2,1,0,4,3,,,,12,0,1,2.9,2,0,2,4,2,1,3,0,0,0,0,SR-92,44TH ST NE,-122.0498694,48.03599722,0,3,20,50,3,55,4,0,0,1,2,12,1,2,2,1,1,1,1,53,0,12,37,2006,0,0,12,,,,,,1,1,23,2,0,0,2,0,3,0,11,0,,,,,0,0,3,3,1,0,0,0,0,12,,,,,,0,,,,,,98258,53,65,158,6,1,0,0,0,0,0,97,,,,,,0,,,20,0,0,0,8,9,8,,,0,0,0,8,0,0,0,0,0,0,0,0,0,0,996,,,,,,,,,,,,,,,,,,,,,,,,,,,,,,0,0,0,1,0,0,1,1,0,0,0,0,0,1,0,0,1,0,0,1,0,0,0,1,1,0,0,0,0,1,0,0,0,0,0,,0,0,0,0,0,0,0,0,1,0,0,0,0,0,0,0,,,,,,21-25,16-25,State route,U,Tuesday,Belt Used,PV,Not Fatal,1,0,0,0,State Route,State Patrol,Washington State Patrol Headquarter,0,1,0,0,0,,,,,,,,,,,,,,,,,,,,,,,,,,,,,,,,,,,,,,,,,,,
2018,70,E778675,39,03/10/2018,15:02,10,3,0,61,Snohomish,0,1,0,1,1,2,1,0,2,2,15:02,15:12,,12,0,2,0.2,1,0,1,7,1,2,4,0,0,0,0,CR-183RD AVE SE,,-121.9844,47.96607778,0,1,50,10,2,25,83,0,0,1,5,12,1,3,2,1,1,1,2,53,0,76,703,1999,0,0,12,,,,,,1,1,17,1,7,1,4,7,17,0,11,0,03/10/2018,15:02,53011591,11591,0,0,3,2,1,51,0,0,0,96,,,,,,0,,,,,,98258,53,70,172,6,2,0,0,0,0,,0,,,,,,0,,,20,8,0,0,0,9,8,,,0,0,0,8,0,2,1,,,1,,,2,1,0,,,,,,,,,,,,,,,,,,,,,,,,,,,,,,0,0,0,0,0,0,0,0,0,0,0,0,0,0,1,0,0,0,0,0,1,0,1,0,1,1,0,0,1,1,0,0,0,0,1,1,0,0,0,0,0,0,0,0,0,0,0,0,0,0,0,0,,,,,,16-17,16-25,County road,R,Saturday,,MC,White,0,1,1,0,County Road,County Sheriff,Snohomish County Sheriff's Office,0,0,1,0,0,,,,,,0,0,0,,,,,,,,,,,,,,,,,,,,,,,,,,,,,,,,,,,
2018,77,E779858,122,03/16/2018,21:53,16,3,0,61,Snohomish,690,10,0,3,1,2,1,1,1,1,,,,8,0,0,0,1,0,1,3,2,4,6,0,0,0,0,BROADWAY,,-122.2056694,47.924775,0,1,13,80,5,35,52,0,0,1,5,8,1,2,2,1,1,1,3,53,3,92,988,2006,0,0,8,,,,,,1,1,66,1,0,0,0,0,3,0,11,0,,,,,6,1,3,3,1,0,0,0,0,96,,,,,,0,,,,,,98258,53,70,179,6,1,0,0,0,0,,0,,,,,,0,,,20,0,0,0,8,9,8,,,0,0,0,8,0,2,1,,,1,,,2,1,0.25,,,,,,,,,,,,,,,,,,,,,,,,,,,,,,0,0,0,0,1,1,0,1,0,1,1,1,0,0,0,0,0,0,0,0,0,0,0,0,0,1,0,0,0,0,0,1,0,0,0,,0,0,0,0,0,1,0,1,0,0,0,0,0,1,0,1,,,,,,66-70,66-75,City street,U,Friday,,BUS,Not Fatal,0,0,0,0,City Street,Municipal/City Police,Everett Police Department,0,0,0,1,0,,,,,,0,0,0,,,,,,,,,,,,,,,,,,,,,,,,,,,,,,,,,,,