year,case,par,repjur,crash_dt,crash_tm,accday,accmon,holiday,county,co_char,city,weather,weather2,lightcond,surfcond,surftype,numfatal,nmforms,pforms,vforms,not_tm,arr_tm,hosp_tm,fhevent,hitrun,manncol,milepnt,reljunc,reljuncinter,intersectiontype,funcsystem,landuse,ownership,route,schlbus,spejur,contdev,devfunc,trafid1,trafid2,x,y,wk_zone,vnumber,crashtype,criticalevent,criticaleventcat,spdlim,body,trailer,emerg,hazcargo,leave,mhevent,roadalgn,roadprof,traflane,trafflow,vehmanvr,numoccs,regowner,regstate,spuse,make,model,modelyr,vrf1,vrf2,seqevent1,seqevent2,seqevent3,seqevent4,seqevent5,seqevent6,pnumber,ptype,age,sex,hispanic,race,injury,diedscene,restraint,restraintmisuse,seatpos,takehosp,death_dt,death_tm,cert,cernum_wa,commlic,licendor,licrestrict,liccomp,drivpres,drf1,drf2,drf3,drf4,distract1,distract2,distract3,distract4,distract5,distract6,dricond1,dricond2,dricond3,dricond4,dricond5,dricond6,dzip,licstate,drhgt_in,weight,noncdl,noncdltype,prevdwi,prevoth,prevacc,prevspd,prevsus,driviol1,driviol2,driviol3,driviol4,driviol5,driviol6,spdrel,first_dt,last_dt,airbag,ejection,ejectpath,extricat,injurwrk,methalc,methdrug,nmlocat,strikveh,prf1,prf2,prf3,druginv,alcinvol,drugsts,drugres1,drugres2,drugres3,drugtst1,drugtst2,drugtst3,alcsts,alctst,alcres,nmact1,nmact2,nmact3,nmact4,nmact5,nmact6,nmprior1,nmprior2,nmprior3,nmprior4,nmprior5,nmprior6,nmcond1,nmcond2,nmcond3,nmcond4,nmcond5,nmcond6,nmsafe_helmet,nmsafe_pads,nmsafe_oth,nmprev_ref,nmprev_lgt,nmprev_oth,crashlocation,nmcrashtype,crosswalk,schoolzone,sidewalk,train_inv,wildlife_inv,rotr_fars,intersect_fars,dd_inv,aid_inv,dpd_inv,id_inv,mj_inv,impnm_inv,ainm_inv,dpnm_inv,speed_inv,unlic_inv,unendmc_inv,drowsy_inv,drdist_inv,nmdist_inv,fty_inv,unrestfat_inv,dr1617_inv,dr1820_inv,dr1620_inv,dr2125_inv,dr1625_inv,dr65_inv,dr70_inv,dr75_inv,mc_inv,pv_inv,ht_inv,ped_inv,bike_inv,unrest_fat,mc_fat,unhelmet_mc,pv_fat,ht_fat,ped_fat,bike_fat,dr_alc7,dr_alc8,dr_drug,dr_imp,dr_dist,dr_spd,dr_fty,dr_unlic,dr_alc7only,dr_alc8only,dr_drugonly,dr_drink,nm_imp,nm_alc7,nm_alc8,nm_drug,nm_dist,agegrp1,agegrp2,roadclass,urbrur,dayweek,restuse,vehtype,race_me,intersect,lanedep,oppdir,wrongway,rep_typ,investag,repag_long,rotr,st_rd,cty_rd,city_rd,oth_rd,drug_thc,thc_res,drug_cthc,cthc_res,drug_cann,prevpersemin,prevperse,prevsusoth,drugtst4,drugtst5,drugtst6,drugtst7,drugtst8,drugres4,drugres5,drugres6,drugres7,drugres8,adspresent,adsengaged,adslevel,race1,race2,race3,race4,race5,helmet,helmetmisuse,nmdistract1,nmdistract2,nmdistract3,nmdistract4,nmdistract5,nmdistract6,lab,isedtcase,crf1,crf2,crf3,CoRoadName,CoMP,IntCoRoadName,IntCoMP
2018,383,E853710,2,10/10/2018,21:13,10,10,0,61,Snohomish,0,1,0,3,1,2,2,0,4,2,21:08,21:16,21:52,12,0,6,17.9,2,0,2,3,2,1,3,0,0,0,0,SR-9,SUNNY SCHOOL RD,-122.1104917,48.03416111,0,2,89,66,4,55,4,0,0,1,7,12,1,1,2,1,1,2,1,53,0,7,26,2013,0,0,12,,,,,,1,1,55,1,7,1,4,7,3,0,11,0,10/10/2018,21:13,53045954,45954,0,0,0,3,1,0,0,0,0,96,,,,,,99,,,,,,98258,53,67,248,6,1,0,0,0,0,,0,,,,,,0,,,8,0,0,0,0,9,8,,,0,0,0,8,9,2,1,,,1,,,2,1,0,,,,,,,,,,,,,,,,,,,,,,,,,,,,,,0,0,0,1,0,0,1,1,0,0,0,0,1,0,0,0,0,0,0,0,0,1,1,0,1,0,0,0,0,1,0,0,0,0,0,,1,0,0,0,0,0,0,0,0,0,0,0,0,0,0,0,,,,,,51-55,46-55,State route,U,Wednesday,Belt Used,PV,White,1,0,0,0,State Route,State Patrol,Washington State Patrol,0,1,0,0,0,,,,,,0,0,0,,,,,,,,,,,,,,,,,,,,,,,,,,,,,,,,,,,
2018,413,E856061,2,10/17/2018,6:00,17,10,0,61,Snohomish,0,2,0,2,2,2,1,0,4,4,,,,12,0,8,6.8,1,0,1,3,1,1,2,0,0,0,0,US-2,,-122.0702694,47.93606944,0,3,98,62,4,60,14,0,0,1,2,12,1,1,2,1,1,1,2,53,0,2,404,2017,0,0,12,,,,,,1,1,49,1,0,0,3,0,3,0,11,4,,,,,0,0,3,3,1,0,0,0,0,96,,,,,,0,,,,,,98258,53,71,240,6,1,0,0,0,0,,0,,,,,,0,,,1,0,0,0,8,9,8,,,0,0,0,8,0,8,95,,,96,,,8,95,995,,,,,,,,,,,,,,,,,,,,,,,,,,,,,,0,0,0,0,0,0,0,0,0,0,0,0,0,0,0,0,1,0,0,0,0,0,0,0,0,0,0,0,0,1,0,0,0,0,0,,0,0,0,0,0,0,0,0,0,0,0,0,0,0,0,0,,,,,,46-50,46-55,US highway,R,Wednesday,Belt Used,PV,Not Fatal,0,1,1,0,State Route,State Patrol,Washington State Patrol,0,1,0,0,0,,,,,,0,0,0,,,,,,,,,,,,,,,,,,,,,,,,,,,,,,,,,,,
2019,75,E904315,39,03/16/2019,2:45,16,3,,61,Snohomish,0,1,0,2,1,2,1,0,3,2,,,,12,1,1,2.9,2,0,3,5,2,2,4,0,0,0,0,CR-67TH AVE NE,152ND ST NE,-122.1410972,48.13361389,0,1,28,52,3,50,4,0,0,1,7,12,1,1,2,1,1,1,2,53,0,32,43,2008,0,0,12,63,42,,,,1,1,19,1,0,,0,0,99,7,11,0,,,,,0,0,0,3,1,26,0,0,0,96,,,,,,9,,,,,,98258,53,67,155,6,1,0,1,0,4,,1,,,,,,4,05/15/2017,09/15/2018,1,0,0,0,8,9,8,,,0,0,0,8,1,2,605,,,1,,,2,1,0.11,,,,,,,,,,,,,,,,,,,,,,,,,,,,,,0,0,0,1,1,1,1,1,1,0,0,0,1,0,0,0,0,0,0,0,0,1,1,0,1,0,0,0,0,1,0,0,0,0,0,,0,0,0,0,0,1,1,1,0,1,0,0,0,0,0,1,,,,,,18-20,16-25,County road,U,Saturday,Unknown,PV,Not Fatal,1,0,0,0,County Road,County Sheriff,Snohomish County Sheriff's Office,0,0,1,0,0,thc,2.6,,,,0,0,0,,,,,,,,,,,98,98,98,0,,,,,20,7,,,,,,,,,,,,,,,
2019,237,E941558,172,07/17/2019,12:00,17,7,,61,Snohomish,1120,1,0,1,1,2,1,0,5,2,,,,12,0,2,1.6,1,0,1,3,2,1,3,0,0,4,3,SR-204,,-122.1199028,47.996125,0,2,51,62,4,55,14,0,0,1,7,12,1,3,3,1,1,4,2,53,0,23,401,2002,0,0,12,,,,,,1,1,18,1,0,,1,0,3,0,11,5,,,,,0,0,0,0,1,0,0,0,0,96,,,,,,0,,,,,,98258,53,74,215,0,0,0,0,0,1,,0,,,,,,0,07/15/2018,07/15/2018,8,0,0,0,8,9,8,,,0,0,0,8,0,8,95,,,96,,,8,95,995,,,,,,,,,,,,,,,,,,,,,,,,,,,,,,0,0,0,0,0,0,1,1,1,0,0,0,0,1,0,0,0,0,0,0,0,1,1,0,1,0,0,0,0,1,0,0,0,0,0,,0,0,0,0,0,0,0,0,0,0,0,1,0,0,0,0,,,,,,18-20,16-25,State route,U,Wednesday,Belt Used,PV,Not Fatal,0,1,1,0,State Route,Municipal/City Police,Lake Stevens Police Department,0,1,0,0,0,,,,,,0,0,1,,,,,,,,,,,98,98,98,0,,,,,20,7,,,,,,,,,,,,,,,
2019,289,E951750,39,08/14/2019,14:35,14,8,,61,Snohomish,0,1,0,1,1,2,1,0,2,2,,,,1,0,0,0.2,1,0,1,7,2,2,4,0,0,0,0,CR-4TH AVE W,,-122.2392417,47.87877222,0,2,98,62,4,98,14,0,0,1,7,12,3,2,5,5,14,1,1,53,0,49,402,2017,0,0,12,,,,,,1,1,60,2,0,,0,0,99,7,11,0,,,,,0,0,3,3,1,0,0,0,0,96,,,,,,0,,,,,,98258,53,63,136,6,1,0,0,0,0,,0,,,,,,0,,,20,0,0,0,8,9,8,,,0,0,0,8,0,8,95,,,96,,,8,95,995,,,,,,,,,,,,,,,,,,,,,,,,,,,,,,0,0,0,0,1,0,0,0,0,0,0,0,1,0,0,0,0,0,0,0,0,0,0,0,0,0,0,0,1,1,0,0,0,0,0,,0,0,0,0,0,0,0,0,0,0,0,0,0,0,0,0,,,,,,56-60,56-65,County road,U,Wednesday,Unknown,PV,Not Fatal,0,0,0,0,County Road,County Sheriff,Snohomish County Sheriff's Office,0,0,1,0,0,,,,,,0,0,0,,,,,,,,,,,98,98,98,0,,,,,20,7,,,,,,,,,,,,,,,
2019,365,E971389,122,10/12/2019,17:10,12,10,,61,Snohomish,690,10,0,1,1,2,1,0,1,1,,,,52,0,0,4,1,0,1,3,2,1,3,0,0,0,0,SR-526,,-122.2171861,47.92231111,0,1,1,13,2,55,4,0,0,1,7,52,1,1,3,3,1,1,2,53,0,37,31,1992,0,0,63,52,,,,,1,1,30,1,7,,4,0,3,0,11,8,10/15/2019,18:20,69053046437,46437,0,0,3,2,1,0,0,0,0,96,,,,,,99,,,,,,98258,53,75,215,1,1,1,0,0,1,,0,,,,,,0,04/15/2018,04/15/2018,1,0,0,0,0,9,8,,,0,0,0,8,9,2,417,351,313,1,1,1,2,1,0,,,,,,,,,,,,,,,,,,,,,,,,,,,,,,0,0,1,0,0,0,1,1,0,0,0,0,0,1,0,0,0,0,0,0,0,0,0,0,0,0,0,0,0,1,0,0,0,0,0,,1,0,0,0,0,0,1,1,0,0,0,1,0,0,1,0,,,,,,26-30,26-35,State route,U,Saturday,Belt Used,PV,White,0,1,0,0,State Route,Municipal/City Police,Everett Police Department,1,1,0,0,0,,,,,,0,0,1,1,1,1,,,300,348,151,996,996,0,0,0,1,,,,,20,7,,,,,,,,,,,,,,,
2020,306,EA59118,3,08/24/2020,5:45,24,8,,67,Thurston,1102,1,,4,1,2,1,1,4,1,,,,8,0,0,111.8,1,0,1,1,2,1,1,0,0,0,0,I-5,,-122.7694167,47.06275556,0,1,13,80,5,60,34,0,0,1,5,8,1,1,3,3,1,4,1,53,0,20,481,2015,0,,8,,,,,,1,1,32,1,0,,0,0,3,0,11,0,,,,,0,0,0,3,1,0,,,,96,,,,,,0,,,,,,98258,53,73,175,6,1,0,0,0,0,,0,,,,,,0,,,20,0,0,0,8,3,8,,,0,,,8,8,0,0,,,0,,,0,0,996,,,,,,,,,,,,,,,,,,,,,,,,,,,,,,0,0,0,0,0,0,0,0,0,0,0,0,0,0,0,0,0,0,0,0,0,0,0,0,0,0,0,0,0,1,0,1,0,0,0,,0,0,0,0,0,0,0,0,0,0,0,0,0,0,0,0,,,,,,31-35,26-35,Interstate,U,Monday,Belt Used,PV,Not Fatal,0,0,0,0,State Route,State Patrol,Washington State Patrol,0,1,0,0,0,,,,,,0,0,0,,,,,,,,,,,98,98,98,0,,,,,20,7,,,,,,,,1,0,,,,,,
2020,345,EA62527,21,09/05/2020,19:20,5,9,,25,Grant,0,1,,1,1,4,2,0,2,2,19:29,19:51,,12,0,2,3.2,1,0,1,7,1,2,4,0,0,0,0,CR-SAND DUNES RD SE,,-119.3003306,47.06604444,0,1,50,10,2,35,90,0,0,1,5,12,2,1,2,1,6,1,9,99,0,76,734,2008,0,,68,12,,,,,1,1,23,1,7,,4,7,20,7,11,0,09/05/2020,19:54,53041322,41322,0,0,3,2,1,28,,,,96,,,,,,98,,,,,,98258,53,66,120,1,1,1,2,0,4,,0,,,,,,3,05/15/2016,04/15/2019,20,1,9,0,0,9,8,,,0,,,8,8,8,95,,,96,,,8,95,995,,,,,,,,,,,,,,,,,,,,,,,,,,,,,,0,0,0,0,0,0,0,0,0,0,0,0,1,1,1,0,0,0,0,0,0,0,0,1,1,0,0,0,1,0,0,0,0,0,0,,0,0,0,0,0,0,0,0,0,1,0,1,0,0,0,0,,,,,,21-25,16-25,County road,R,Saturday,,OTHVT,White,0,1,1,0,County Road,County Sheriff,Grant County Sheriff's Office,0,0,1,0,0,,,,,,0,1,6,,,,,,,,,,,0,0,0,1,,,,,5,0,,,,,,,,1,0,,,SAND DUNES RD,3.18,,
2020,425,EA76881,122,10/31/2020,18:25,31,10,,61,Snohomish,690,1,,3,1,2,1,1,1,1,,,,15,0,0,0.7,3,0,2,3,2,1,3,0,0,0,0,SR-529,RAINER AVE,-122.198625,47.98185278,0,1,13,83,5,30,4,0,0,1,5,15,1,1,4,1,1,1,1,53,0,37,32,2006,0,,15,,,,,,1,1,60,2,0,,0,0,3,0,11,0,,,,,0,0,3,3,1,10,,,,0,,,,,,0,,,,,,98258,53,65,150,6,1,0,0,0,0,,0,,,,,,0,,,20,0,0,0,8,9,8,,,0,,,8,8,0,0,,,0,,,0,0,996,,,,,,,,,,,,,,,,,,,,,,,,,,,,,,0,0,0,1,0,0,0,0,0,1,0,1,0,0,0,0,0,0,0,0,0,0,0,0,0,0,0,0,0,1,0,1,0,0,0,,0,0,0,0,0,0,0,0,0,0,0,0,0,0,0,0,,,,,,56-60,56-65,State route,U,Saturday,Belt Used,PV,Not Fatal,1,0,0,0,State Route,Municipal/City Police,Everett Police Department,0,1,0,0,0,,,,,,0,0,0,,,,,,,,,,,98,98,98,0,,,,,20,7,,,,,,,,1,0,,,,,,
2021,35,EB05287,39,02/07/2021,1:25,7,2,,61,Snohomish,0,10,,2,1,2,1,1,3,2,,,,9,0,0,,1,0,1,4,1,2,4,0,0,0,0,CR-84TH ST NE,,-122.0340417,48.07239167,0,1,13,83,5,50,34,0,0,1,2,9,1,2,2,1,1,1,2,53,0,12,481,2010,0,,9,,,,,,1,1,34,2,0,,0,0,3,0,11,0,,,,,0,0,0,3,1,10,,,,0,,,,,,98,,,,,,98258,53,63,145,6,1,0,2,4,2,,0,,,,,,0,06/15/2018,02/15/2020,1,0,0,0,8,9,8,,,0,,,8,8,0,0,,,0,,,0,0,996,,,,,,,,,,,,,,,,,,,,,,,,,,,,,,0,0,0,0,0,0,0,0,0,1,0,1,0,0,0,0,0,0,0,0,0,0,0,0,0,0,0,0,0,1,0,0,1,0,0,,0,0,0,0,0,0,0,0,0,0,0,0,0,0,0,0,,,,,,31-35,26-35,County road,R,Sunday,Belt Used,PV,Not Fatal,0,0,0,0,County Road,County Sheriff,Snohomish County Sheriff's Office,0,0,1,0,0,,,,,,0,0,0,,,,,,,,,,,98,98,98,0,,,,,20,,,,,,,,,1,0,,,84TH ST NE,3.585,NULL,
2020,523,EB16319,39,11/09/2020,15:47,9,11,,61,Snohomish,1120,10,,1,1,2,1,0,2,2,15:49,16:03,,12,0,6,9999.8,8,0,1,4,1,4,6,0,0,0,0,CR-N MACHIAS RD,,-122.0458667,48.01080833,0,1,89,17,2,35,4,0,0,1,2,12,1,1,2,1,1,1,1,53,0,20,16,2000,0,,12,,,,,,1,1,86,2,7,,4,7,3,0,11,0,11/09/2020,15:47,1.12053E+11,52742,0,0,3,3,1,38,,,,96,,,,,,98,,,,,,98258,53,66,200,6,1,0,0,0,0,,0,,,,,,0,,,20,0,0,0,0,9,8,,,0,,,8,8,2,155,996,996,1,1,1,2,1,0,,,,,,,,,,,,,,,,,,,,,,,,,,,,,,0,0,0,0,0,0,1,1,0,0,0,0,0,0,0,0,0,0,1,0,0,0,0,0,0,1,1,1,0,1,0,0,0,0,0,,1,0,0,0,0,0,1,1,0,0,1,0,0,0,1,0,,,,,,81+,76+,City street,R,Monday,Belt Used,PV,White,0,0,0,0,City Street,County Sheriff,Snohomish County Sheriff's Office,0,0,0,1,0,,,,,,0,0,0,,,,,,,,,,,98,98,98,1,,,,,20,7,,,,,,,,1,0,,,,,,
2021,186,EB41625,127,06/15/2021,19:08,15,6,,33,King,735,1,,5,1,2,2,0,5,2,,,,12,0,6,2.7,3,0,3,3,2,1,3,0,0,0,0,SR-99,374TH ST,-122.3347333,47.26611667,0,1,66,8,1,98,4,0,0,1,2,12,8,8,4,1,1,3,2,53,0,12,17,2003,0,,68,12,,,,,1,1,33,2,0,,3,0,20,7,11,5,,,,,0,0,0,2,1,0,,,,96,,,,,,98,,,,,,98258,53,64,150,1,1,0,0,0,1,,97,,,,,,3,10/15/2016,09/15/2016,20,1,9,0,8,9,8,,,0,,,8,8,8,95,,,96,,,8,95,995,,,,,,,,,,,,,,,,,,,,,,,,,,,,,,0,0,0,1,0,0,0,0,0,0,0,0,1,1,0,0,0,0,0,1,0,0,0,0,0,1,1,1,0,1,0,0,0,0,0,,0,0,0,0,0,0,0,0,0,1,0,1,0,0,0,0,,,,,,31-35,26-35,State route,U,Tuesday,Not Used,PV,Not Fatal,1,0,0,0,State Route,Municipal/City Police,Federal Way Dept of Public Safety,0,1,0,0,0,,,,,,0,0,2,,,,,,,,,,,98,98,98,0,,,,,20,,,,,,,,,1,0,,,,,,
2021,197,EB43467,2,06/14/2021,22:19,14,6,,61,Snohomish,0,10,,3,1,2,2,0,3,2,,,,12,0,2,44.3,1,0,1,3,2,1,3,0,0,0,0,SR-99,,-122.2763056,47.87014444,0,1,50,10,2,45,4,0,0,1,2,12,1,2,4,2,1,2,1,53,0,49,32,1990,0,,64,65,12,,,,1,1,31,1,7,,4,0,3,0,11,0,06/17/2021,16:38,1.96053E+11,29958,0,0,0,0,1,28,58,,,96,,,,,,9,,,,,,98258,53,74,150,0,0,2,1,0,1,,0,,,,,,3,08/15/2017,08/15/2020,20,0,0,0,0,9,8,,,0,,,1,8,2,996,348,401,1,1,1,2,1,0,,,,,,,,,,,,,,,,,,,,,,,,,,,,,,0,0,0,0,0,0,1,1,0,0,0,0,1,1,0,0,0,0,0,0,0,0,0,0,0,0,0,0,0,1,0,0,0,0,0,,1,0,0,0,0,0,1,1,0,1,0,1,0,0,1,0,,,,,,31-35,26-35,State route,U,Monday,Belt Used,PV,White,0,1,1,0,State Route,State Patrol,Washington State Patrol,0,1,0,0,0,,,,,,0,0,3,1,1,1,,,417,151,996,,,0,0,0,1,,,,,20,,,,,,,,,1,0,,,,,,
2021,242,EB51229,8,07/19/2021,13:01,19,7,,31,Jefferson,0,1,,1,1,2,1,2,1,1,,,,32,0,0,153.1,1,0,1,3,1,1,2,0,3,0,0,US-101,,-124.3567722,47.55524444,0,1,1,8,1,60,14,0,0,1,2,8,1,1,2,1,1,1,1,53,0,49,402,2003,0,,63,32,8,8,,,1,1,67,2,0,,2,0,3,0,11,0,,,,,6,0,0,3,1,0,,,,0,,,,,,1,,,,,,98258,53,69,270,6,1,0,0,0,0,,0,,,,,,0,,,1,0,0,0,8,9,2,,,0,,,8,8,2,996,996,189,1,1,1,2,1,0,,,,,,,,,,,,,,,,,,,,,,,,,,,,,,0,0,1,0,0,0,1,1,0,0,0,0,0,0,0,0,0,0,0,0,0,0,0,0,0,1,0,0,0,1,0,1,0,0,0,,0,0,0,0,0,0,1,1,0,0,0,0,0,0,1,0,,,,,,66-70,66-75,US highway,R,Monday,Belt Used,PV,Not Fatal,0,1,0,0,State Route,State Patrol,Washington State Patrol,1,1,0,0,0,,,,,,0,0,0,,,,,,,,,,,98,98,98,0,,,,,20,,,,,,,,,1,15,,,,,,
2021,565,EB60491,39,08/17/2021,19:20,17,8,,61,Snohomish,0,1,,1,1,2,1,1,1,1,,,,15,0,0,,8,0,1,7,1,2,4,0,0,0,0,CR-91ST AVE NE,,-122.1087528,48.04683056,0,1,13,83,5,35,34,1,0,1,5,15,1,2,2,1,1,1,1,53,0,20,481,2000,0,,15,,,,,,1,1,45,1,0,,0,0,3,0,11,0,,,,,6,0,0,3,1,0,,,,96,,,,,,98,,,,,,98258,53,72,200,6,1,0,1,3,0,,0,,,,,,0,04/15/2018,07/15/2021,20,0,0,0,8,9,8,,,0,,,8,8,0,0,,,0,,,0,0,996,,,,,,,,,,,,,,,,,,,,,,,,,,,,,,0,0,0,0,0,0,0,0,0,0,0,0,0,0,0,0,0,0,0,0,0,0,0,0,0,0,0,0,0,1,0,1,0,0,0,,0,0,0,0,0,0,0,0,0,0,0,0,0,0,0,0,,,,,,41-45,36-45,County road,R,Tuesday,Belt Used,PV,Not Fatal,0,0,0,0,County Road,County Sheriff,Snohomish County Sheriff's Office,0,0,1,0,0,,,,,,0,0,0,,,,,,,,,,,98,98,98,0,,,,,20,,,,,,,,,0,0,,,91ST AVE NE,0.245,NULL,
2021,482,EB91747,2,11/18/2021,12:50,18,11,,61,Snohomish,0,10,,1,1,2,2,0,3,2,,,,12,0,2,17.9,1,0,1,3,2,1,3,0,0,0,0,SR-002,,-121.90815,47.85485,0,2,51,62,4,55,63,1,0,1,2,12,1,1,2,1,1,1,3,53,0,87,881,2022,0,,12,,,,,,1,1,58,1,0,,2,0,3,0,11,5,,,,,6,1,0,3,1,0,,,,96,,,,,,0,,,,,,98258,53,74,270,6,1,0,0,0,0,,0,,,,,,0,,,20,0,0,0,8,9,8,,,0,,,8,8,8,95,,,96,,,2,98,997,,,,,,,,,,,,,,,,,,,,,,,,,,,,,,0,0,0,0,0,0,1,1,1,0,0,0,0,0,0,0,1,0,0,1,0,0,0,1,1,0,0,0,0,1,1,0,0,0,0,,0,0,0,0,0,0,0,0,0,0,0,0,0,0,0,0,,,,,,56-60,56-65,State route,U,Thursday,,MHTRUCK,Not Fatal,0,1,1,0,State Route,State Patrol,Washington State Patrol,0,1,0,0,0,,,,,,0,0,0,,,,,,,,,,,98,98,98,0,,,,,20,,,,,,,,,1,0,,,,,,
2019,224,E939463,2,07/01/2019,21:10,1,7,,29,Island,0,1,0,5,1,2,1,0,4,2,,,,12,0,6,3.5,2,0,2,5,1,2,4,0,0,20,3,CR-CULTUS BAY RD,DEER LAKE RD,-122.3973083,47.96908889,0,2,82,15,2,50,14,0,0,1,2,12,1,1,2,1,11,3,1,53,0,20,404,2007,0,0,12,,,,,,1,1,79,2,0,,0,0,3,0,11,0,,,,,0,0,0,3,1,38,0,0,0,96,,,,,,0,,,,,,98260,53,65,160,6,1,0,0,0,0,,97,,,,,,0,,,1,0,0,0,8,9,8,,,0,0,0,8,0,2,1,,,1,,,2,1,0,,,,,,,,,,,,,,,,,,,,,,,,,,,,,,0,0,0,1,1,1,1,1,1,0,0,0,1,0,0,0,0,0,1,0,0,0,0,0,0,1,1,1,1,1,0,0,0,0,0,,0,0,0,0,0,0,0,0,0,0,1,0,0,0,0,0,,,,,,76-80,76+,County road,R,Monday,Belt Used,PV,Not Fatal,1,0,0,0,County Road,State Patrol,Washington State Patrol,0,0,1,0,0,,,,,,0,0,0,,,,,,,,,,,98,98,98,0,,,,,20,7,,,,,,,,,,,,,,,
2019,433,E991404,2,12/06/2019,17:52,6,12,,29,Island,0,1,0,2,1,2,1,0,3,1,,,,42,0,0,9999.9,1,0,1,6,1,2,4,0,0,0,0,CR-WILKINSON RD,,-122.3734278,47.99979722,0,1,1,13,2,35,4,0,0,1,7,42,3,2,2,1,14,3,1,53,0,35,43,2017,0,0,63,42,,,,,1,1,47,1,7,,4,7,20,7,11,0,12/06/2019,17:52,53056041,56041,0,0,3,3,1,0,0,0,0,92,,,,,,9,,,,,,98260,53,70,188,6,1,0,2,1,4,,0,,,,,,0,02/15/2015,10/15/2019,8,0,0,0,0,9,8,,,0,0,0,1,1,2,155,,,1,,,2,1,0,,,,,,,,,,,,,,,,,,,,,,,,,,,,,,0,0,1,0,1,0,1,1,0,0,0,0,0,0,0,0,1,0,0,1,0,0,0,0,0,0,0,0,0,1,0,0,0,1,0,,1,0,0,0,0,0,1,1,1,0,0,0,0,0,1,1,,,,,,46-50,46-55,County road,R,Friday,Not Used,PV,White,0,1,0,0,County Road,State Patrol,Washington State Patrol,1,0,1,0,0,,,,,,0,0,2,,,,,,,,,,,98,98,98,1,,,,,20,7,,,,,,,,,,,,,,,
2017,66,E644437,2,02/17/2017,14:58,17,2,0,73,Whatcom,0,1,0,1,1,2,1,0,7,2,,,,12,0,6,5.2,4,0,1,3,1,1,3,0,0,0,0,SR-539,,-122.4859,48.857525,0,2,83,65,4,50,80,0,0,1,2,12,1,1,5,1,1,1,1,53,0,37,705,2005,0,0,12,,,,,,1,1,68,1,7,1,4,7,19,0,11,0,02/17/2017,14:58,53008632,8632,0,0,3,3,1,0,0,0,0,0,,,,,,99,,,,,,98264,53,73,230,6,1,0,0,0,1,0,0,,,,,,0,11/15/2013,11/15/2013,20,8,0,0,0,9,1,,,0,0,0,0,9,2,1,0,0,1,0,0,2,1,0,,,,,,,,,,,,,,,,,,,,,,,,,,,,,,0,0,0,0,0,0,0,0,0,0,0,0,0,0,0,0,1,0,1,0,0,0,0,0,0,1,0,0,1,1,0,0,0,0,1,0,0,0,0,0,0,0,0,0,0,0,0,0,0,0,0,0,,,,,,66-70,66-75,State route,R,Friday,,MC,White,0,0,0,0,State Route,State Patrol,Washington State Patrol Headquarter,0,1,0,0,0,,,,,,,,,,,,,,,,,,,,,,,,,,,,,,,,,,,,,,,,,,,
2017,101,E661229,2,04/07/2017,0:01,7,4,0,73,Whatcom,0,1,0,2,1,1,2,0,2,1,,,,42,0,0,2.5,1,0,1,7,2,2,4,0,0,0,0,CR-OLD GUIDE RD,,-122.4968556,48.89171667,0,1,6,12,2,35,4,0,0,1,2,42,1,1,2,1,1,2,1,53,0,49,40,2000,0,0,68,64,42,,,,1,1,21,1,1,98,4,7,20,0,11,0,04/07/2017,0:18,53016919,16919,0,0,1,3,1,0,0,0,0,99,,,,,,9,,,,,,98264,53,65,148,6,1,1,4,0,0,1,0,,,,,,3,02/15/2015,01/15/2016,1,0,0,0,0,1,8,,,0,0,0,8,1,2,1,0,0,1,0,0,2,1,0.28,,,,,,,,,,,,,,,,,,,,,,,,,,,,,,0,0,1,0,1,1,0,1,0,0,0,0,1,0,0,0,0,0,0,1,0,0,0,1,1,0,0,0,0,1,0,0,0,1,0,,1,0,0,0,0,1,0,1,0,1,0,0,0,1,0,1,,,,,,21-25,16-25,County road,U,Friday,Not Used,PV,Hispanic,0,1,0,0,County Road,State Patrol,Washington State Patrol Headquarter,1,0,1,0,0,,,,,,,,,,,,,,,,,,,,,,,,,,,,,,,,,,,,,,,,,,,
2017,184,E677398,2,05/13/2017,21:30,13,5,0,73,Whatcom,0,99,0,9,99,2,1,1,1,1,,,,8,1,0,2.5,1,0,1,5,1,2,4,0,0,0,0,CR-BIRCH BAY LINDEN RD,,-122.6933,48.93562778,0,1,13,13,2,50,34,0,0,1,5,8,1,1,2,1,1,1,2,53,0,7,482,2004,0,0,63,8,,,,,1,1,37,1,0,0,0,0,99,0,11,0,,,,,0,0,0,2,1,0,0,0,0,92,,,,,,99,,,,,,98264,53,72,175,1,1,0,2,0,1,5,97,,,,,,0,01/15/2016,02/15/2017,99,0,0,0,8,9,8,,,0,0,0,8,9,0,0,0,0,0,0,0,0,0,996,,,,,,,,,,,,,,,,,,,,,,,,,,,,,,0,0,0,0,0,0,0,0,0,1,0,1,0,1,0,0,1,0,0,0,0,0,0,0,0,0,0,0,0,0,0,1,0,0,0,,0,0,0,0,0,0,0,0,1,0,0,1,0,0,0,0,,,,,,36-40,36-45,County road,R,Saturday,Unknown,PV,Not Fatal,0,0,0,0,County Road,State Patrol,Washington State Patrol Headquarter,0,0,1,0,0,,,,,,,,,,,,,,,,,,,,,,,,,,,,,,,,,,,,,,,,,,,