year,case,par,repjur,crash_dt,crash_tm,accday,accmon,holiday,county,co_char,city,weather,weather2,lightcond,surfcond,surftype,numfatal,nmforms,pforms,vforms,not_tm,arr_tm,hosp_tm,fhevent,hitrun,manncol,milepnt,reljunc,reljuncinter,intersectiontype,funcsystem,landuse,ownership,route,schlbus,spejur,contdev,devfunc,trafid1,trafid2,x,y,wk_zone,vnumber,crashtype,criticalevent,criticaleventcat,spdlim,body,trailer,emerg,hazcargo,leave,mhevent,roadalgn,roadprof,traflane,trafflow,vehmanvr,numoccs,regowner,regstate,spuse,make,model,modelyr,vrf1,vrf2,seqevent1,seqevent2,seqevent3,seqevent4,seqevent5,seqevent6,pnumber,ptype,age,sex,hispanic,race,injury,diedscene,restraint,restraintmisuse,seatpos,takehosp,death_dt,death_tm,cert,cernum_wa,commlic,licendor,licrestrict,liccomp,drivpres,drf1,drf2,drf3,drf4,distract1,distract2,distract3,distract4,distract5,distract6,dricond1,dricond2,dricond3,dricond4,dricond5,dricond6,dzip,licstate,drhgt_in,weight,noncdl,noncdltype,prevdwi,prevoth,prevacc,prevspd,prevsus,driviol1,driviol2,driviol3,driviol4,driviol5,driviol6,spdrel,first_dt,last_dt,airbag,ejection,ejectpath,extricat,injurwrk,methalc,methdrug,nmlocat,strikveh,prf1,prf2,prf3,druginv,alcinvol,drugsts,drugres1,drugres2,drugres3,drugtst1,drugtst2,drugtst3,alcsts,alctst,alcres,nmact1,nmact2,nmact3,nmact4,nmact5,nmact6,nmprior1,nmprior2,nmprior3,nmprior4,nmprior5,nmprior6,nmcond1,nmcond2,nmcond3,nmcond4,nmcond5,nmcond6,nmsafe_helmet,nmsafe_pads,nmsafe_oth,nmprev_ref,nmprev_lgt,nmprev_oth,crashlocation,nmcrashtype,crosswalk,schoolzone,sidewalk,train_inv,wildlife_inv,rotr_fars,intersect_fars,dd_inv,aid_inv,dpd_inv,id_inv,mj_inv,impnm_inv,ainm_inv,dpnm_inv,speed_inv,unlic_inv,unendmc_inv,drowsy_inv,drdist_inv,nmdist_inv,fty_inv,unrestfat_inv,dr1617_inv,dr1820_inv,dr1620_inv,dr2125_inv,dr1625_inv,dr65_inv,dr70_inv,dr75_inv,mc_inv,pv_inv,ht_inv,ped_inv,bike_inv,unrest_fat,mc_fat,unhelmet_mc,pv_fat,ht_fat,ped_fat,bike_fat,dr_alc7,dr_alc8,dr_drug,dr_imp,dr_dist,dr_spd,dr_fty,dr_unlic,dr_alc7only,dr_alc8only,dr_drugonly,dr_drink,nm_imp,nm_alc7,nm_alc8,nm_drug,nm_dist,agegrp1,agegrp2,roadclass,urbrur,dayweek,restuse,vehtype,race_me,intersect,lanedep,oppdir,wrongway,rep_typ,investag,repag_long,rotr,st_rd,cty_rd,city_rd,oth_rd,drug_thc,thc_res,drug_cthc,cthc_res,drug_cann,prevpersemin,prevperse,prevsusoth,drugtst4,drugtst5,drugtst6,drugtst7,drugtst8,drugres4,drugres5,drugres6,drugres7,drugres8,adspresent,adsengaged,adslevel,race1,race2,race3,race4,race5,helmet,helmetmisuse,nmdistract1,nmdistract2,nmdistract3,nmdistract4,nmdistract5,nmdistract6,lab,isedtcase,crf1,crf2,crf3,CoRoadName,CoMP,IntCoRoadName,IntCoMP
2017,392,E716663,2,09/27/2017,15:40,27,9,0,73,Whatcom,0,1,0,1,1,1,1,0,1,1,,,,24,0,0,248.9,1,0,1,1,1,1,1,0,0,0,0,I-5,,-122.4508,48.69391944,0,1,6,12,2,60,80,0,0,1,2,24,2,1,2,3,14,1,2,53,0,37,706,1998,0,0,64,24,,,,,1,1,36,1,7,1,4,7,5,0,11,0,09/27/2017,15:40,11053042789,42789,0,0,3,2,1,0,0,0,0,96,,,,,,99,,,,,,98264,53,71,165,1,1,0,0,0,0,3,0,,,,,,4,09/15/2014,05/15/2017,20,8,0,0,0,9,8,,,0,0,0,8,9,2,605,0,0,1,0,0,2,1,0,,,,,,,,,,,,,,,,,,,,,,,,,,,,,,0,0,1,0,0,0,1,1,1,0,0,0,1,1,1,0,0,0,0,0,0,0,0,0,0,0,0,0,1,0,0,0,0,0,1,0,0,0,0,0,0,0,1,1,0,1,0,1,0,0,1,0,,,,,,36-40,36-45,Interstate,R,Wednesday,,MC,White,0,1,0,0,State Route,State Patrol,Washington State Patrol Headquarter,1,1,0,0,0,thc,9,carboxy-thc,37,,,,,,,,,,,,,,,,,,,,,,,,,,,,,,,,,,,,,,,
2017,433,E726894,146,10/23/2017,14:10,23,10,0,77,Yakima,0,1,0,1,1,2,1,0,1,1,,,,1,0,0,0.6,1,0,1,6,1,2,4,0,0,0,0,CR-SLI RD,,-119.9670556,46.36066111,0,1,1,13,2,50,66,1,0,2,2,1,1,2,2,1,1,1,3,53,0,85,881,2015,0,0,63,1,,,,,1,1,26,1,7,1,4,7,20,0,11,0,10/23/2017,14:10,2.22053E+11,46113,5,2,3,2,1,0,0,0,0,93,,,,,,99,,,,,,98264,53,71,280,6,1,1,8,1,3,3,0,,,,,,0,04/15/2013,09/15/2017,20,0,0,0,1,9,8,,,0,0,0,8,9,2,401,417,0,1,1,0,2,1,0.1,,,,,,,,,,,,,,,,,,,,,,,,,,,,,,0,0,1,0,1,1,1,1,0,0,0,0,0,0,0,0,1,0,0,0,0,0,0,0,0,0,0,0,0,0,1,0,0,0,0,,0,1,0,0,0,1,1,1,1,0,0,0,0,0,0,1,,,,,,26-30,26-35,County road,R,Monday,,MHTRUCK,White,0,1,0,0,County Road,County Sheriff,Yakima County Sheriff's Office,1,0,1,0,0,,,,,,,,,,,,,,,,,,,,,,,,,,,,,,,,,,,,,,,,,,,
2018,368,E849167,2,10/10/2018,14:14,10,10,0,57,Skagit,0,1,0,1,1,2,1,0,4,3,,,,12,0,1,238,1,0,1,1,1,1,1,0,0,0,0,I-5,,-122.3463444,48.57909444,0,2,29,53,3,70,5,0,0,1,2,12,1,1,3,3,2,1,3,53,0,52,47,2015,0,0,12,12,,,,,1,1,31,2,0,0,0,0,3,0,11,0,,,,,0,0,0,3,1,0,0,0,0,96,,,,,,0,,,,,,98264,53,65,220,6,1,0,0,0,2,,0,,,,,,0,11/15/2015,10/15/2017,1,0,0,0,8,9,8,,,0,0,0,8,0,8,95,,,96,,,8,95,995,,,,,,,,,,,,,,,,,,,,,,,,,,,,,,0,0,0,0,0,0,0,0,0,0,0,0,0,0,0,0,1,0,0,0,0,0,0,0,0,0,0,0,0,1,1,0,0,0,0,,0,0,0,0,0,0,0,0,0,0,0,0,0,0,0,0,,,,,,31-35,26-35,Interstate,R,Wednesday,Belt Used,PV,Not Fatal,0,0,0,0,State Route,State Patrol,Washington State Patrol,0,1,0,0,0,,,,,,0,0,0,,,,,,,,,,,,,,,,,,,,,,,,,,,,,,,,,,,
2018,491,E862015,337,11/08/2018,17:36,8,11,0,73,Whatcom,110,1,0,3,1,2,1,1,1,1,,,,8,0,0,0,1,0,1,4,2,4,6,0,0,0,0,CORDATA PKWY,,-122.49765,48.80860833,0,1,13,80,5,35,4,0,0,1,7,8,2,1,4,1,14,1,2,53,0,7,20,2003,0,0,8,,,,,,1,1,20,1,0,0,0,0,3,0,11,0,,,,,0,0,0,3,1,0,0,0,0,96,,,,,,0,,,,,,98264,53,74,220,6,1,0,0,0,0,,0,,,,,,0,,,20,0,0,0,8,9,8,,,0,0,0,8,0,8,95,,,96,,,8,95,995,,,,,,,,,,,,,,,,,,,,,,,,,,,,,,0,0,0,0,0,0,0,0,0,0,0,0,0,0,0,0,0,0,0,0,0,1,1,0,1,0,0,0,0,1,0,1,0,0,0,,0,0,0,0,0,0,0,0,0,0,0,0,0,0,0,0,,,,,,18-20,16-25,City street,U,Thursday,Belt Used,PV,Not Fatal,0,0,0,0,City Street,Municipal/City Police,Bellingham Police Department,0,0,0,1,0,,,,,,0,0,0,,,,,,,,,,,,,,,,,,,,,,,,,,,,,,,,,,,
2019,411,E983667,2,11/05/2019,17:15,5,11,,73,Whatcom,1210,10,0,3,1,2,1,1,1,1,,,,8,0,0,0,1,0,1,7,2,4,6,0,0,0,0,4TH ST,,-122.4526056,48.94421111,0,1,13,80,5,25,34,0,0,1,7,8,1,1,2,1,1,1,1,53,0,20,481,1988,0,0,8,,,,,,1,1,19,1,0,,0,0,3,0,11,0,,,,,0,0,2,3,1,10,0,0,0,96,,,,,,0,,,,,,98264,53,72,130,6,2,0,0,2,0,,97,,,,,,0,08/15/2015,10/15/2018,20,0,0,0,8,9,8,,,0,0,0,8,0,2,1,,,1,,,2,1,0,,,,,,,,,,,,,,,,,,,,,,,,,,,,,,0,0,0,0,0,0,0,0,0,0,0,0,0,0,0,0,0,0,0,0,0,1,1,0,1,0,0,0,0,1,0,1,0,0,0,,0,0,0,0,0,0,0,0,0,0,0,0,0,0,0,0,,,,,,18-20,16-25,City street,U,Tuesday,Belt Used,PV,Not Fatal,0,0,0,0,City Street,State Patrol,Washington State Patrol,0,0,0,1,0,,,,,,0,0,0,,,,,,,,,,,0,0,0,0,,,,,20,7,,,,,,,,,,,,,,,
2017,157,E672155,2,05/14/2017,10:30,14,5,0,73,Whatcom,0,1,0,1,1,2,3,0,4,3,10:25,10:38,,12,0,8,15.6,1,0,1,4,1,1,3,0,0,0,0,SR-542,,-122.1883472,48.82231111,0,1,64,10,2,55,16,0,0,1,2,12,3,1,2,1,14,1,1,53,0,20,431,1994,0,0,68,12,12,,,,1,1,71,1,7,1,4,0,3,0,11,4,05/16/2017,15:38,11053022727,22727,0,0,0,3,1,28,91,0,0,92,,,,,,9,,,,,,98266,53,70,135,6,1,0,1,1,1,2,1,,,,,,0,07/15/2012,03/15/2014,20,0,0,0,0,9,1,,,0,0,0,1,9,2,167,605,695,1,1,1,0,0,996,,,,,,,,,,,,,,,,,,,,,,,,,,,,,,0,0,0,0,0,0,1,1,1,0,0,0,0,0,0,0,1,0,0,0,0,0,0,1,1,1,1,0,0,1,0,0,0,0,0,,1,0,0,0,0,0,1,1,1,0,0,0,0,0,0,0,,,,,,71-75,66-75,State route,R,Sunday,Belt Used,PV,White,0,1,1,0,State Route,State Patrol,Washington State Patrol Headquarter,0,1,0,0,0,,,,,,,,,,,,,,,,,,,,,,,,,,,,,,,,,,,,,,,,,,,
2019,242,E942516,6,07/02/2019,10:20,2,7,,7,Chelan,0,99,0,9,99,2,1,0,1,1,,,,1,0,0,159,1,0,1,4,1,1,3,0,0,0,0,SR-20,,-120.705575,48.501325,0,1,7,13,2,60,14,0,0,1,2,1,2,2,2,1,14,1,1,53,0,2,404,1999,0,0,63,69,68,64,1,42,1,1,24,1,7,,4,7,3,0,11,0,07/02/2019,10:20,53029679,29679,0,0,0,3,1,58,0,0,0,96,,,,,,9,,,,,,98266,53,74,185,6,1,0,0,0,0,,0,,,,,,0,,,20,0,0,0,0,1,8,,,0,0,0,1,1,2,605,695,,1,1,,2,1,0.098,,,,,,,,,,,,,,,,,,,,,,,,,,,,,,0,0,0,0,1,1,1,1,1,0,0,0,0,0,0,0,0,0,0,0,0,0,0,1,1,0,0,0,0,1,0,0,0,0,0,,1,0,0,0,0,1,1,1,0,0,0,0,0,0,0,1,,,,,,21-25,16-25,State route,R,Tuesday,Belt Used,PV,White,0,1,0,0,State Route,State Patrol,Washington State Patrol,1,1,0,0,0,thc,8,carboxy-thc,8.9,,0,0,0,,,,,,,,,,,0,0,0,1,,,,,20,7,,,,,,,,,,,,,,,
2019,355,E968513,2,10/07/2019,0:44,7,10,,57,Skagit,0,10,0,2,1,2,1,0,2,2,,,,12,0,2,2.4,1,0,1,5,1,2,4,0,0,0,0,CR-ALGER CAIN LAKE RD,,-122.3182361,48.64076944,0,1,50,10,2,45,21,0,0,1,7,12,2,1,2,1,14,1,3,53,0,12,461,2002,0,0,68,12,,,,,1,1,31,1,0,,0,0,3,0,11,0,,,,,0,0,0,3,1,28,0,0,0,96,,,,,,9,,,,,,98266,53,76,180,6,1,0,1,0,2,,1,,,,,,0,06/15/2015,10/15/2018,1,0,0,0,8,9,8,,,0,0,0,8,1,2,695,605,,1,1,,2,1,0.12,,,,,,,,,,,,,,,,,,,,,,,,,,,,,,0,0,0,0,1,1,1,1,1,0,0,0,0,0,0,0,0,0,0,1,0,0,0,0,0,0,0,0,0,1,0,0,0,0,0,,0,0,0,0,0,1,1,1,0,0,0,0,0,0,0,1,,,,,,31-35,26-35,County road,R,Monday,Belt Used,PV,Not Fatal,0,1,1,0,County Road,State Patrol,Washington State Patrol,0,0,1,0,0,thc,6.1,carboxy-thc,30,,0,0,4,,,,,,,,,,,98,98,98,0,,,,,20,7,,,,,,,,,,,,,,,
2020,100,EA29598,2,04/18/2020,16:04,18,4,,73,Whatcom,0,1,,1,1,2,1,0,1,1,16:03,16:24,,53,0,0,2,1,0,1,5,1,2,4,0,0,0,0,CR-S PASS RD,,-122.27745,48.92021667,0,1,6,9,1,50,80,0,0,1,2,30,1,1,2,1,6,1,1,53,0,76,705,2007,0,,68,64,53,35,30,,1,1,19,1,7,,4,7,20,7,11,0,04/18/2020,16:04,53018432,18432,0,0,0,3,1,0,,,,92,,,,,,98,,,,,,98266,53,71,185,6,1,0,0,0,1,,0,,,,,,4,07/15/2019,07/15/2019,20,8,0,0,0,9,8,,,0,,,8,8,2,1,,,1,,,2,1,0,,,,,,,,,,,,,,,,,,,,,,,,,,,,,,0,0,1,0,0,0,0,0,0,0,0,0,1,0,0,0,1,0,0,0,0,1,1,0,1,0,0,0,1,0,0,0,0,0,1,0,0,0,0,0,0,0,0,0,1,1,0,0,0,0,0,0,,,,,,18-20,16-25,County road,R,Saturday,,MC,White,0,1,0,0,County Road,State Patrol,Washington State Patrol,1,0,1,0,0,,,,,,0,0,0,,,,,,,,,,,0,0,0,1,,,,,5,0,,,,,,,,1,0,,,SOUTH PASS RD,1.96,,
2021,546,EC04851,3,12/24/2021,19:18,24,12,,53,Pierce,0,2,,3,2,1,1,0,5,3,,,,12,0,6,36.1,2,0,2,4,1,1,3,0,0,3,3,SR-7,SR-702,-122.3573917,46.93663889,0,2,87,66,4,45,4,0,0,1,2,12,1,1,2,1,1,1,2,53,0,20,20,2001,0,,12,68,12,,,,1,1,22,2,7,,4,7,3,0,11,0,12/24/2021,19:18,53067981,67981,0,0,0,3,1,0,,,,96,,,,,,98,,,,,,98266,53,67,200,6,1,0,0,1,0,,0,,,,,,0,03/15/2021,03/15/2021,8,2,9,0,0,9,8,,,0,,,8,8,2,695,605,,1,1,,2,1,0,,,,,,,,,,,,,,,,,,,,,,,,,,,,,,0,0,0,1,1,1,1,1,1,0,0,0,0,1,0,0,0,0,0,0,0,0,0,1,1,0,0,0,0,1,0,0,0,0,0,,1,0,0,0,0,0,1,1,0,0,0,0,0,0,1,0,,,,,,21-25,16-25,State route,R,Friday,Belt Used,PV,White,1,0,0,0,State Route,State Patrol,Washington State Patrol,0,1,0,0,0,thc,7.6,carboxy-thc,100,,0,0,0,,,,,,,,,,,98,98,98,1,,,,,20,,,,,,,,nms,1,0,,,,,,
2017,42,E642159,2,02/03/2017,15:17,3,2,0,61,Snohomish,0,2,0,1,2,2,2,0,9,3,15:17,15:27,16:20,12,0,1,183.9,1,0,1,1,2,1,1,0,0,0,0,I-5,,-122.25735,47.8495,0,2,25,53,3,60,20,0,0,1,2,12,1,1,4,3,1,6,2,53,0,35,443,2000,0,0,12,12,,,,,1,1,43,1,0,0,1,0,3,0,11,5,,,,,0,0,0,3,1,0,0,0,0,0,,,,,,0,,,,,,98270,53,72,300,6,1,0,0,0,0,0,0,,,,,,0,,,8,0,0,0,8,9,8,,,0,0,0,8,0,0,0,0,0,0,0,0,0,0,996,,,,,,,,,,,,,,,,,,,,,,,,,,,,,,0,0,0,0,0,0,1,1,0,0,0,0,1,0,0,0,0,0,0,0,0,0,0,0,0,0,0,0,0,1,0,0,0,0,0,,0,0,0,0,0,0,0,0,0,0,0,0,0,0,0,0,,,,,,41-45,36-45,Interstate,U,Friday,Belt Used,PV,Not Fatal,0,0,0,0,State Route,State Patrol,Washington State Patrol Headquarter,0,1,0,0,0,,,,,,,,,,,,,,,,,,,,,,,,,,,,,,,,,,,,,,,,,,,
2017,286,E688347,200,07/04/2017,19:25,4,7,5,61,Snohomish,1360,1,0,1,1,1,1,0,3,2,,,,12,0,6,13,2,0,2,3,2,1,2,0,0,3,3,US-2,ROOSEVELT RD,-122.0078833,47.87246389,0,2,69,62,4,55,4,0,0,1,5,12,1,1,5,1,1,2,2,53,0,20,37,2006,0,0,12,,,,,,1,1,64,1,0,0,2,0,3,0,11,8,,,,,6,0,3,3,1,0,0,0,0,0,,,,,,0,,,,,,98270,53,68,228,6,1,0,0,0,0,0,0,,,,,,0,,,8,0,0,0,8,9,8,,,0,0,0,8,0,0,0,0,0,0,0,0,0,0,996,,,,,,,,,,,,,,,,,,,,,,,,,,,,,,0,0,0,1,1,1,1,1,1,0,0,0,0,0,0,0,0,0,1,0,0,0,0,0,0,0,0,0,0,1,0,0,0,0,0,,0,0,0,0,0,0,0,0,0,0,0,0,0,0,0,0,,,,,,61-65,56-65,US highway,U,Tuesday,Belt Used,PV,Not Fatal,1,0,0,0,State Route,Municipal/City Police,Monroe Police Department,0,1,0,0,0,,,,,,,,,,,,,,,,,,,,,,,,,,,,,,,,,,,,,,,,,,,
2017,307,E700409,2,08/09/2017,14:23,9,8,0,61,Snohomish,0,1,0,1,1,2,1,0,3,3,,,,12,0,1,203.9,1,0,1,1,2,1,1,0,0,0,0,I-5,,-122.1851667,48.12236111,0,3,98,60,4,60,66,1,0,1,2,12,1,1,3,3,1,1,9,99,0,87,884,2012,0,0,12,,,,,,1,1,38,1,0,0,0,0,3,0,11,0,,,,,6,1,0,3,1,0,0,0,0,0,,,,,,0,,,,,,98270,53,75,220,6,1,0,2,5,2,0,0,,,,,,0,02/15/2013,04/15/2017,20,0,0,0,8,9,8,,,0,0,0,8,0,0,0,0,0,0,0,0,0,0,996,,,,,,,,,,,,,,,,,,,,,,,,,,,,,,0,0,0,0,0,0,1,1,0,0,0,0,0,1,0,0,0,0,0,0,0,0,0,0,0,0,0,0,0,1,1,0,0,0,0,,0,0,0,0,0,0,0,0,0,0,0,0,0,0,0,0,,,,,,36-40,36-45,Interstate,U,Wednesday,,MHTRUCK,Not Fatal,0,0,0,0,State Route,State Patrol,Washington State Patrol Headquarter,0,1,0,0,0,,,,,,,,,,,,,,,,,,,,,,,,,,,,,,,,,,,,,,,,,,,
2018,13,E757962,189,01/12/2018,2:40,12,1,0,61,Snohomish,1280,10,0,3,2,1,1,0,2,2,2:39,3:01,3:24,31,0,0,0.1,1,0,1,3,2,1,3,0,0,3,3,SR-528,,-122.1837333,48.04900833,0,2,98,98,7,25,2,0,0,1,5,12,1,1,3,1,1,1,1,53,0,20,9,2011,0,0,12,,,,,,1,1,46,1,0,0,2,0,3,0,11,5,,,,,6,0,0,3,1,0,0,0,0,96,,,,,,0,,,,,,98270,53,69,220,6,1,0,0,0,1,,0,,,,,,0,03/15/2014,03/15/2014,8,0,0,0,8,9,8,,,0,0,0,8,0,8,95,,,96,,,8,95,995,,,,,,,,,,,,,,,,,,,,,,,,,,,,,,0,0,0,0,1,1,1,1,0,0,0,0,0,0,0,0,1,0,0,0,0,0,0,0,0,0,0,0,0,1,0,0,0,0,0,,0,0,0,0,0,0,0,0,0,0,0,0,0,0,0,0,,,,,,46-50,46-55,State route,U,Friday,Belt Used,PV,Not Fatal,1,0,0,0,State Route,Municipal/City Police,Marysville Police Department,0,1,0,0,0,,,,,,0,0,0,,,,,,,,,,,,,,,,,,,,,,,,,,,,,,,,,,,
2018,204,E812622,1,06/27/2018,6:42,27,6,0,5,Benton,0,1,0,1,1,1,1,0,2,1,6:44,6:52,7:15,30,0,0,88.1,1,0,1,1,1,1,1,0,0,0,0,I-82,,-119.6259778,46.24653056,0,1,1,13,2,70,14,0,0,1,2,30,1,1,2,3,1,2,2,53,0,34,402,2007,0,0,63,30,1,,,,1,1,19,1,1,99,4,0,20,0,11,5,06/27/2018,7:48,1.85053E+11,28908,0,0,0,2,1,0,0,0,0,92,,,,,,2,,,,,,98270,53,67,152,1,1,0,0,1,1,,0,,,,,,0,11/15/2015,10/15/2016,8,1,9,0,0,1,1,,,0,0,0,0,0,2,1,,,1,,,2,1,0,,,,,,,,,,,,,,,,,,,,,,,,,,,,,,0,0,1,0,0,0,0,0,0,0,0,0,0,1,0,1,1,0,0,1,0,1,1,0,1,0,0,0,0,1,0,0,0,1,0,,1,0,0,0,0,0,0,0,1,0,0,1,0,0,0,0,,,,,,18-20,16-25,Interstate,R,Wednesday,Not Used,PV,Hispanic,0,1,0,0,State Route,State Patrol,Washington State Patrol,1,1,0,0,0,,,,,,0,0,5,,,,,,,,,,,,,,,,,,,,,,,,,,,,,,,,,,,
2018,223,E818522,6,07/11/2018,1:55,11,7,0,7,Chelan,0,1,0,2,1,2,1,0,1,1,,,,1,0,0,150.6,1,0,1,3,1,1,2,0,0,0,0,US-97,,-120.5708472,47.35165833,0,1,1,13,2,60,14,0,0,1,2,1,3,2,3,1,14,1,1,53,0,63,402,2013,0,0,63,1,,,,,1,1,73,1,7,1,4,7,3,0,11,0,07/11/2018,1:55,53031574,31574,0,0,3,3,1,0,0,0,0,93,,,,,,99,,,,,,98270,53,72,202,6,1,0,0,0,0,,0,,,,,,0,,,1,0,0,0,0,9,8,,,0,0,0,8,9,2,605,,,1,,,2,1,0,,,,,,,,,,,,,,,,,,,,,,,,,,,,,,0,0,1,0,0,0,1,1,1,0,0,0,0,0,0,0,1,0,0,0,0,0,0,0,0,1,1,0,0,1,0,0,0,0,0,,1,0,0,0,0,0,1,1,1,0,0,0,0,0,1,0,,,,,,71-75,66-75,US highway,R,Wednesday,Belt Used,PV,White,0,1,0,0,State Route,State Patrol,Washington State Patrol,1,1,0,0,0,thc,1.6,,,,0,0,0,,,,,,,,,,,,,,,,,,,,,,,,,,,,,,,,,,,
2018,367,E849074,122,10/12/2018,21:14,12,10,0,61,Snohomish,690,1,0,2,1,2,1,1,3,1,21:13,21:23,,8,0,0,6.7,1,0,1,3,2,1,3,0,0,0,0,SR-529,,-122.182625,48.03539167,0,1,13,80,5,55,4,0,0,1,7,8,1,2,2,3,1,3,1,53,0,41,51,2008,0,0,8,,,,,,1,1,30,2,0,0,1,0,3,0,11,8,,,,,0,0,0,3,1,0,0,0,0,96,,,,,,0,,,,,,98270,53,64,180,6,1,0,0,0,0,,0,,,,,,0,,,20,0,0,0,8,9,8,,,0,0,0,8,0,8,95,,,96,,,8,95,995,,,,,,,,,,,,,,,,,,,,,,,,,,,,,,0,0,0,0,0,0,0,0,0,1,0,1,0,0,0,0,0,0,0,0,0,0,0,0,0,0,0,0,0,1,0,1,0,0,0,,0,0,0,0,0,0,0,0,0,0,0,0,0,0,0,0,,,,,,26-30,26-35,State route,U,Friday,Belt Used,PV,Not Fatal,0,0,0,0,State Route,Municipal/City Police,Everett Police Department,0,1,0,0,0,,,,,,0,0,0,,,,,,,,,,,,,,,,,,,,,,,,,,,,,,,,,,,
2019,488,E927755,39,06/03/2019,10:00,3,6,,61,Snohomish,0,1,0,1,1,2,1,0,2,2,,,,12,0,7,0,2,1,2,1,2,1,1,0,0,3,3,I-5 RAMP LX19911,MARINE DR,-122.1855278,48.05185556,0,2,98,60,4,98,4,0,0,1,5,12,3,1,2,6,11,1,1,53,0,49,32,2009,0,0,12,,,,,,1,1,31,2,0,,0,0,3,0,11,0,,,,,0,0,0,3,1,0,0,0,0,96,,,,,,0,,,,,,98270,53,65,180,6,1,0,0,0,0,,0,,,,,,0,,,20,0,0,0,8,9,8,,,0,0,0,8,0,8,95,,,96,,,8,95,995,,,,,,,,,,,,,,,,,,,,,,,,,,,,,,0,0,0,1,0,0,1,1,1,0,0,0,0,0,0,0,0,0,0,0,0,0,0,0,0,0,0,0,0,1,0,0,0,0,0,,0,0,0,0,0,0,0,0,0,0,0,0,0,0,0,0,,,,,,31-35,26-35,Interstate,U,Monday,Belt Used,PV,Not Fatal,1,0,0,0,State Route,County Sheriff,Snohomish County Sheriff's Office,0,1,0,0,0,,,,,,0,0,0,,,,,,,,,,,98,98,98,0,,,,,20,7,,,,,,,,,,,,,,,
2019,410,E983590,189,11/17/2019,1:04,17,11,,61,Snohomish,1280,2,0,2,2,2,1,1,1,1,,,,8,0,0,0,1,0,1,7,2,4,6,0,0,0,0,61ST ST NE,,-122.1651528,48.05094167,0,1,13,80,5,25,6,0,0,1,5,8,1,2,2,1,1,1,2,53,0,6,52,2005,0,0,8,,,,,,1,1,18,1,0,,0,0,3,0,11,0,,,,,0,0,0,3,1,0,0,0,0,96,,,,,,0,,,,,,98270,53,69,140,6,1,0,0,0,0,,0,,,,,,0,,,20,0,0,0,8,9,8,,,0,0,0,8,0,8,95,,,96,,,8,95,995,,,,,,,,,,,,,,,,,,,,,,,,,,,,,,0,0,0,0,0,0,0,0,0,1,1,0,0,0,0,0,0,0,0,0,0,1,1,0,1,0,0,0,0,1,0,1,0,0,0,,0,0,0,0,0,0,0,0,0,0,0,0,0,0,0,0,,,,,,18-20,16-25,City street,U,Sunday,Belt Used,PV,Not Fatal,0,0,0,0,City Street,Municipal/City Police,Marysville Police Department,0,0,0,1,0,,,,,,0,0,0,,,,,,,,,,,98,98,98,0,,,,,20,7,,,,,,,,,,,,,,,
2020,75,EA09339,122,01/24/2020,16:20,24,1,,61,Snohomish,690,1,,1,1,2,1,1,1,1,16:21,16:26,16:50,8,0,0,0,1,0,1,4,2,4,6,0,0,0,0,S 2ND AVE,,-122.1955028,47.95463611,0,1,13,80,5,30,2,0,0,1,5,8,3,2,2,1,1,1,1,53,0,14,4,1996,0,,63,8,,,,,1,1,42,1,0,,0,0,3,0,11,0,,,,,0,0,0,3,1,91,,,,96,,,,,,9,,,,,,98270,53,62,108,6,1,0,1,1,0,,2,12,,,,,0,09/15/2015,02/15/2016,1,0,0,0,8,9,8,,,0,,,1,1,2,695,605,,1,1,,2,1,0.11,,,,,,,,,,,,,,,,,,,,,,,,,,,,,,0,0,0,0,1,1,1,1,1,0,0,0,0,0,0,0,0,0,0,0,0,0,0,0,0,0,0,0,0,1,0,1,0,0,0,,0,0,0,0,0,1,1,1,0,0,0,0,0,0,0,1,,,,,,41-45,36-45,City street,U,Friday,Belt Used,PV,Not Fatal,0,0,0,0,City Street,Municipal/City Police,Everett Police Department,0,0,0,1,0,thc,2.9,carboxy-thc,61,,0,0,0,,,,,,,,,,,0,0,0,0,,,,,20,7,,,,,,,,1,0,,,,,,
2020,543,EA44374,122,06/25/2020,18:42,25,6,,61,Snohomish,690,1,,1,1,2,1,0,8,3,19:02,19:07,19:22,33,0,0,1.1,1,0,1,3,2,1,3,0,0,0,0,SR-526,,-122.2795611,47.92243056,0,1,6,12,2,45,2,0,0,1,5,12,2,1,3,2,14,2,2,53,0,37,33,1992,0,,64,33,69,12,,,1,1,17,1,7,,4,0,3,0,11,5,06/29/2020,22:13,69053030029,30029,0,0,3,3,1,28,,,,96,,,,,,98,,,,,,98270,53,66,120,6,2,0,0,0,0,,0,,,,,,4,,,99,2,9,0,0,9,8,,,0,,,8,8,2,348,,,1,,,2,1,0,,,,,,,,,,,,,,,,,,,,,,,,,,,,,,0,0,1,0,0,0,1,1,0,0,0,0,1,0,0,0,0,0,0,0,1,0,1,0,1,0,0,0,0,1,0,0,0,0,0,,1,0,0,0,0,0,1,1,0,1,0,0,0,0,1,0,,,,,,16-17,16-25,State route,U,Thursday,Belt Used,PV,API,0,1,1,0,State Route,Municipal/City Police,Everett Police Department,0,1,0,0,0,,,,,,0,0,0,,,,,,,,,,,0,0,0,48,,,,,20,7,,,,,,,,1,0,,,,,,