year,case,par,repjur,crash_dt,crash_tm,accday,accmon,holiday,county,co_char,city,weather,weather2,lightcond,surfcond,surftype,numfatal,nmforms,pforms,vforms,not_tm,arr_tm,hosp_tm,fhevent,hitrun,manncol,milepnt,reljunc,reljuncinter,intersectiontype,funcsystem,landuse,ownership,route,schlbus,spejur,contdev,devfunc,trafid1,trafid2,x,y,wk_zone,vnumber,crashtype,criticalevent,criticaleventcat,spdlim,body,trailer,emerg,hazcargo,leave,mhevent,roadalgn,roadprof,traflane,trafflow,vehmanvr,numoccs,regowner,regstate,spuse,make,model,modelyr,vrf1,vrf2,seqevent1,seqevent2,seqevent3,seqevent4,seqevent5,seqevent6,pnumber,ptype,age,sex,hispanic,race,injury,diedscene,restraint,restraintmisuse,seatpos,takehosp,death_dt,death_tm,cert,cernum_wa,commlic,licendor,licrestrict,liccomp,drivpres,drf1,drf2,drf3,drf4,distract1,distract2,distract3,distract4,distract5,distract6,dricond1,dricond2,dricond3,dricond4,dricond5,dricond6,dzip,licstate,drhgt_in,weight,noncdl,noncdltype,prevdwi,prevoth,prevacc,prevspd,prevsus,driviol1,driviol2,driviol3,driviol4,driviol5,driviol6,spdrel,first_dt,last_dt,airbag,ejection,ejectpath,extricat,injurwrk,methalc,methdrug,nmlocat,strikveh,prf1,prf2,prf3,druginv,alcinvol,drugsts,drugres1,drugres2,drugres3,drugtst1,drugtst2,drugtst3,alcsts,alctst,alcres,nmact1,nmact2,nmact3,nmact4,nmact5,nmact6,nmprior1,nmprior2,nmprior3,nmprior4,nmprior5,nmprior6,nmcond1,nmcond2,nmcond3,nmcond4,nmcond5,nmcond6,nmsafe_helmet,nmsafe_pads,nmsafe_oth,nmprev_ref,nmprev_lgt,nmprev_oth,crashlocation,nmcrashtype,crosswalk,schoolzone,sidewalk,train_inv,wildlife_inv,rotr_fars,intersect_fars,dd_inv,aid_inv,dpd_inv,id_inv,mj_inv,impnm_inv,ainm_inv,dpnm_inv,speed_inv,unlic_inv,unendmc_inv,drowsy_inv,drdist_inv,nmdist_inv,fty_inv,unrestfat_inv,dr1617_inv,dr1820_inv,dr1620_inv,dr2125_inv,dr1625_inv,dr65_inv,dr70_inv,dr75_inv,mc_inv,pv_inv,ht_inv,ped_inv,bike_inv,unrest_fat,mc_fat,unhelmet_mc,pv_fat,ht_fat,ped_fat,bike_fat,dr_alc7,dr_alc8,dr_drug,dr_imp,dr_dist,dr_spd,dr_fty,dr_unlic,dr_alc7only,dr_alc8only,dr_drugonly,dr_drink,nm_imp,nm_alc7,nm_alc8,nm_drug,nm_dist,agegrp1,agegrp2,roadclass,urbrur,dayweek,restuse,vehtype,race_me,intersect,lanedep,oppdir,wrongway,rep_typ,investag,repag_long,rotr,st_rd,cty_rd,city_rd,oth_rd,drug_thc,thc_res,drug_cthc,cthc_res,drug_cann,prevpersemin,prevperse,prevsusoth,drugtst4,drugtst5,drugtst6,drugtst7,drugtst8,drugres4,drugres5,drugres6,drugres7,drugres8,adspresent,adsengaged,adslevel,race1,race2,race3,race4,race5,helmet,helmetmisuse,nmdistract1,nmdistract2,nmdistract3,nmdistract4,nmdistract5,nmdistract6,lab,isedtcase,crf1,crf2,crf3,CoRoadName,CoMP,IntCoRoadName,IntCoMP
2020,442,EA80874,2,11/12/2020,17:25,12,11,,57,Skagit,0,10,,2,1,2,1,1,1,2,17:23,17:44,18:06,12,0,1,221.5,1,0,1,1,1,1,1,0,0,0,0,I-5,,-122.3362806,48.34710556,0,1,98,50,3,70,34,0,0,1,2,8,1,1,3,3,1,1,3,53,0,12,481,2000,0,,12,8,,,,,1,1,37,1,0,,2,0,3,0,11,5,,,,,0,0,0,3,1,91,,,,96,,,,,,9,,,,,,98270,53,70,220,6,1,0,0,0,2,,1,,,,,,0,05/15/2016,03/15/2019,1,0,0,0,8,9,8,,,0,,,8,1,8,95,,,96,,,8,95,995,,,,,,,,,,,,,,,,,,,,,,,,,,,,,,0,0,0,0,1,0,0,0,0,0,0,0,0,0,0,0,0,0,0,0,0,0,0,0,0,0,0,0,0,1,0,1,0,0,0,,0,0,0,0,0,0,0,0,0,0,0,0,0,0,0,1,,,,,,36-40,36-45,Interstate,R,Thursday,Belt Used,PV,Not Fatal,0,0,0,0,State Route,State Patrol,Washington State Patrol,0,1,0,0,0,,,,,,0,0,0,,,,,,,,,,,98,98,98,0,,,,,20,7,,,,,,,,1,23,,,,,,
2021,220,EB47732,2,07/08/2021,15:45,8,7,,61,Snohomish,690,1,,1,1,2,1,0,1,1,,,,24,0,0,192,1,0,1,1,2,1,1,0,0,0,0,I-5,,-122.2000667,47.95490278,0,1,6,1,1,60,80,0,0,1,2,24,1,2,6,3,1,1,1,53,0,37,706,1985,0,,61,64,24,69,63,24,1,1,73,1,7,,4,0,20,7,11,5,07/08/2021,19:08,69053032951,32951,0,0,3,3,1,80,,,,96,,,,,,98,,,,,,98270,53,70,210,6,1,0,1,0,0,,0,,,,,,0,10/15/2016,10/15/2016,20,8,0,0,0,9,8,,,0,,,8,8,2,151,,,1,,,2,1,0,,,,,,,,,,,,,,,,,,,,,,,,,,,,,,0,0,1,0,0,0,1,1,0,0,0,0,0,0,0,0,0,0,0,0,0,0,0,0,0,1,1,0,1,0,0,0,0,0,1,0,0,0,0,0,0,0,1,1,0,0,0,0,0,0,1,0,,,,,,71-75,66-75,Interstate,U,Thursday,,MC,White,0,1,0,0,State Route,State Patrol,Washington State Patrol,1,1,0,0,0,,,,,,0,0,0,,,,,,,,,,,0,0,0,1,,,,,5,,,,,,,,,1,0,,,,,,
2021,303,EB58673,2,08/08/2021,15:50,8,8,,61,Snohomish,0,1,,1,1,2,1,0,2,2,,,,12,0,1,196.4,1,0,1,1,2,1,1,0,0,0,0,I-5,,-122.1747583,48.01326389,0,1,24,51,3,60,4,0,0,1,2,1,1,1,3,3,1,1,2,53,0,20,37,2006,0,,12,63,1,38,18,18,1,1,56,1,7,,4,7,20,7,11,0,08/08/2021,15:50,53038893,38893,0,0,0,0,1,0,,,,96,,,,,,98,,,,,,98270,53,70,200,2,1,0,1,0,0,,0,,,,,,0,06/15/2019,06/15/2019,1,1,9,0,0,9,8,,,0,,,8,8,2,401,417,,1,1,,2,1,0,,,,,,,,,,,,,,,,,,,,,,,,,,,,,,0,0,0,0,0,0,1,1,0,0,0,0,0,1,0,0,0,0,0,1,0,0,0,0,0,0,0,0,1,1,0,0,0,1,0,,1,0,0,0,0,0,1,1,0,0,0,1,0,0,1,0,,,,,,56-60,56-65,Interstate,U,Sunday,Not Used,PV,White,0,0,0,0,State Route,State Patrol,Washington State Patrol,0,1,0,0,0,,,,,,0,0,0,,,,,,,,,,,98,98,98,1,,,,,20,,,,,,,,,1,0,,,,,,
2021,543,EC04290,2,12/21/2021,6:26,21,12,,73,Whatcom,0,10,,2,4,1,1,1,2,3,,,,12,0,7,246.2,1,0,1,1,1,1,1,0,0,0,0,I-5,,-122.3988722,48.68792778,0,1,48,6,1,60,21,0,0,1,2,12,1,2,2,3,1,1,2,53,0,12,461,2003,0,,12,63,,,,,1,1,20,2,0,,0,0,3,0,11,0,,,,,0,0,0,3,1,87,,,,96,,,,,,98,,,,,,98270,53,62,115,6,1,0,0,0,0,,2,,,,,,4,,,20,0,0,0,8,9,8,,,0,,,8,8,0,0,,,0,,,0,0,996,,,,,,,,,,,,,,,,,,,,,,,,,,,,,,0,0,0,0,0,0,0,0,0,0,0,0,1,0,0,0,0,0,0,0,0,1,1,0,1,0,0,0,0,1,0,1,0,0,0,,0,0,0,0,0,0,0,0,0,1,0,0,0,0,0,0,,,,,,18-20,16-25,Interstate,R,Tuesday,Belt Used,PV,Not Fatal,0,0,0,0,State Route,State Patrol,Washington State Patrol,0,1,0,0,0,,,,,,0,0,0,,,,,,,,,,,98,98,98,0,,,,,20,,,,,,,,,1,15,19,,,,,
2017,300,3764489,263,08/04/2017,5:28,4,8,0,33,King,1960,1,0,4,1,1,1,0,2,2,,,,12,0,7,0,1,0,1,3,2,4,6,0,0,0,0,1ST AVE S,S FIDALGO ST,-122.3341694,47.55038889,0,2,45,61,4,35,80,0,0,1,2,42,1,1,5,1,1,1,2,53,0,73,705,2004,0,0,12,63,42,,,,1,1,44,1,7,1,4,7,19,0,11,0,08/04/2017,5:28,1.96053E+11,34508,0,0,0,3,1,0,0,0,0,0,,,,,,99,,,,,,98271,53,72,265,6,1,0,1,1,0,0,0,,,,,,0,10/15/2015,10/15/2015,20,8,0,0,0,9,2,,,0,0,0,0,9,2,423,0,0,1,0,0,2,1,0,,,,,,,,,,,,,,,,,,,,,,,,,,,,,,0,0,0,0,0,0,1,1,0,0,0,0,0,1,0,0,0,0,1,0,0,0,0,0,0,0,0,0,1,1,0,0,0,0,1,0,0,0,0,0,0,0,1,1,0,0,0,0,0,0,1,0,,,,,,41-45,36-45,City street,U,Friday,,MC,White,0,0,0,0,City Street,Municipal/City Police,Seattle Police Department,0,0,0,1,0,,,,,,,,,,,,,,,,,,,,,,,,,,,,,,,,,,,,,,,,,,,
2019,524,3810169,7,12/25/2019,11:52,25,12,,33,King,1960,1,0,1,1,2,1,0,3,1,,,,42,0,0,0,1,0,1,3,2,4,6,0,0,0,0,15 AVE NW,,-122.3767694,47.67630556,0,1,6,12,2,35,6,0,0,1,7,42,1,1,5,5,1,3,1,16,0,48,34,2000,0,0,68,64,42,,,,1,1,71,1,0,,0,0,99,7,11,0,,,,,0,0,0,3,1,0,0,0,0,0,,,,,,2,,,,,,98271,53,68,185,6,1,0,0,0,1,,0,,,,,,0,10/15/2019,10/15/2019,99,0,0,0,8,9,8,,,0,0,0,8,0,8,95,,,96,,,8,95,995,,,,,,,,,,,,,,,,,,,,,,,,,,,,,,0,0,1,0,0,0,0,0,0,0,0,0,0,0,0,1,0,0,0,0,0,0,0,0,0,1,1,0,0,1,0,0,0,0,0,,0,0,0,0,0,0,0,0,0,0,0,0,0,0,0,0,,,,,,71-75,66-75,City street,U,Wednesday,Unknown,PV,Not Fatal,0,1,0,0,City Street,Municipal/City Police,Seattle Police Department,1,0,0,1,0,,,,,,0,0,0,,,,,,,,,,,98,98,98,0,,,,,20,7,,,,,,,,,,,,,,,
2017,439,E728122,172,10/26/2017,6:57,26,10,0,61,Snohomish,1120,10,0,3,1,2,1,0,7,3,,,,12,0,6,0,2,0,3,4,2,4,6,0,0,3,3,20TH ST SE,91ST AVE SE,-122.1089111,47.97799722,0,1,68,15,2,35,2,0,0,1,2,12,1,2,4,1,11,3,1,53,0,12,3,2000,0,0,12,68,12,,,,1,1,50,1,0,0,1,0,99,0,11,8,,,,,0,0,0,3,1,38,0,0,0,96,,,,,,9,,,,,,98271,53,72,190,6,1,0,0,1,0,0,1,12,,,,,0,09/15/2014,09/15/2014,1,0,0,0,8,9,2,,,0,0,0,1,9,2,401,417,0,1,1,0,2,1,0,,,,,,,,,,,,,,,,,,,,,,,,,,,,,,0,0,0,1,0,0,1,1,0,0,0,0,0,0,0,0,1,0,1,0,0,0,0,0,0,0,0,0,0,1,0,0,0,0,0,,0,0,0,0,0,0,1,1,0,0,1,0,0,0,1,0,,,,,,46-50,46-55,City street,U,Thursday,Unknown,PV,Not Fatal,1,0,0,0,City Street,Municipal/City Police,Lake Stevens Police Department,0,0,0,1,0,,,,,,,,,,,,,,,,,,,,,,,,,,,,,,,,,,,,,,,,,,,
2017,486,E739914,53,11/15/2017,17:45,15,11,0,61,Snohomish,80,2,0,3,2,2,1,0,3,5,,,,12,0,1,0,3,0,2,4,2,4,6,0,0,0,0,SMOKEY POINT BLVD,188TH ST NE,-122.1856306,48.16699722,0,1,20,50,3,40,14,0,0,1,2,12,1,1,2,1,1,1,2,53,0,37,402,2013,0,0,12,68,12,63,14,,1,1,62,2,7,1,4,0,3,0,11,8,11/15/2017,20:37,8053049578,49578,0,0,0,3,1,0,0,0,0,93,,,,,,9,,,,,,98271,53,71,190,6,1,0,0,1,0,0,0,,,,,,0,02/15/2015,02/15/2015,8,0,0,0,0,9,8,,,0,0,0,8,1,2,1,0,0,1,0,0,2,1,0.24,,,,,,,,,,,,,,,,,,,,,,,,,,,,,,0,0,0,1,1,1,0,1,0,0,0,0,0,0,0,0,1,0,0,0,0,0,0,1,1,0,0,0,0,1,0,0,0,0,0,,1,0,0,0,0,1,0,1,1,0,0,0,0,1,0,1,,,,,,61-65,56-65,City street,U,Wednesday,Belt Used,PV,White,1,0,0,0,City Street,Municipal/City Police,Arlington Police Department,0,0,0,1,0,,,,,,,,,,,,,,,,,,,,,,,,,,,,,,,,,,,,,,,,,,,
2017,546,E744509,143,12/05/2017,16:42,5,12,0,61,Snohomish,860,1,0,3,1,2,1,1,1,1,,,,9,0,0,0,1,0,1,4,2,4,6,0,0,0,0,W STANLEY ST,,-121.9720861,48.08331667,0,1,13,83,5,30,16,0,0,1,5,9,1,1,2,1,1,1,2,53,0,20,431,1998,0,0,9,,,,,,1,1,41,2,0,0,0,0,3,0,11,0,,,,,0,0,0,3,1,0,0,0,0,96,,,,,,0,,,,,,98271,53,68,190,6,1,0,0,0,1,0,0,,,,,,0,01/15/2016,01/15/2016,20,0,0,0,8,9,8,,,0,0,0,8,0,0,0,0,0,0,0,0,0,0,996,,,,,,,,,,,,,,,,,,,,,,,,,,,,,,0,0,0,0,0,0,0,0,0,0,0,0,0,0,0,0,0,0,0,0,0,0,0,0,0,0,0,0,0,1,0,0,1,0,0,,0,0,0,0,0,0,0,0,0,0,0,0,0,0,0,0,,,,,,41-45,36-45,City street,U,Tuesday,Belt Used,PV,Not Fatal,0,0,0,0,City Street,Municipal/City Police,Granite Falls Police Department,0,0,0,1,0,,,,,,,,,,,,,,,,,,,,,,,,,,,,,,,,,,,,,,,,,,,
2018,190,E758652,189,01/14/2018,17:49,14,1,2,61,Snohomish,1280,1,0,3,1,2,1,0,3,2,17:46,17:56,18:32,12,0,6,0.1,2,1,2,3,2,1,3,0,0,3,3,SR-528,I-5,-122.1836083,48.05185556,0,1,68,17,2,98,4,0,0,1,5,12,1,1,4,1,11,2,2,53,0,54,32,1993,0,0,12,,,,,,1,1,21,1,0,0,0,0,3,0,11,0,,,,,0,0,0,2,1,38,0,0,0,96,,,,,,0,,,,,,98271,53,71,190,1,1,0,0,0,0,,97,,,,,,0,,,20,0,0,0,8,9,8,,,0,0,0,8,0,0,0,,,0,,,8,95,995,,,,,,,,,,,,,,,,,,,,,,,,,,,,,,0,0,0,1,0,0,0,0,0,0,0,0,0,1,0,0,0,0,1,0,0,0,0,1,1,0,0,0,1,1,0,0,0,0,0,,0,0,0,0,0,0,0,0,0,0,1,1,0,0,0,0,,,,,,21-25,16-25,State route,U,Sunday,Belt Used,PV,Not Fatal,1,0,0,0,State Route,Municipal/City Police,Marysville Police Department,0,1,0,0,0,,,,,,0,0,0,,,,,,,,,,,,,,,,,,,,,,,,,,,,,,,,,,,
2017,500,E773500,205,11/12/2017,20:15,12,11,0,57,Skagit,1410,10,0,3,2,2,1,0,4,2,20:16,20:23,,12,0,6,0,2,0,2,4,2,4,6,0,0,20,3,S 15TH ST,E KINCAID ST,-122.3229694,48.41743889,0,1,88,17,2,25,34,0,0,1,2,12,1,1,3,5,1,1,1,53,0,7,482,2008,0,0,12,,,,,,1,1,50,1,0,0,1,0,3,0,11,4,,,,,0,0,0,3,1,38,39,91,0,96,,,,,,9,,,,,,98271,53,71,190,6,1,0,1,1,1,4,1,,,,,,4,04/15/2014,08/15/2017,8,0,0,0,8,9,2,,,0,0,0,1,0,2,401,417,0,1,1,0,2,1,0,,,,,,,,,,,,,,,,,,,,,,,,,,,,,,0,0,0,1,0,0,1,1,0,0,0,0,1,0,0,0,0,0,1,1,0,0,0,0,0,0,0,0,0,1,0,0,0,0,0,,0,0,0,0,0,0,1,1,0,1,1,0,0,0,1,0,,,,,,46-50,46-55,City street,U,Sunday,Belt Used,PV,Not Fatal,1,0,0,0,City Street,Municipal/City Police,Mount Vernon Police Department,0,0,0,1,0,,,,,,,,,,,,,,,,,,,,,,,,,,,,,,,,,,,,,,,,,,,
2018,236,E819271,2,07/18/2018,13:10,18,7,0,57,Skagit,0,1,0,1,1,2,1,0,5,3,13:12,13:24,13:53,12,0,1,221.2,1,0,1,1,1,1,1,0,0,0,0,I-5,,-122.3353361,48.34145,1,2,29,53,3,70,14,0,0,1,2,12,1,1,3,3,2,2,1,53,0,55,401,2011,0,0,12,12,,,,,1,1,64,2,7,1,4,7,3,0,11,0,07/18/2018,13:10,53031973,31973,0,0,0,3,1,0,0,0,0,96,,,,,,0,,,,,,98271,53,69,190,6,1,0,0,0,0,,0,,,,,,0,,,1,0,0,0,0,9,8,,,0,0,0,8,0,2,1,,,1,,,2,1,0,,,,,,,,,,,,,,,,,,,,,,,,,,,,,,0,0,0,0,0,0,0,0,0,0,0,0,0,0,0,0,1,0,0,0,0,0,0,0,0,1,1,0,0,1,1,0,0,0,0,,1,0,0,0,0,0,0,0,0,0,0,0,0,0,0,0,,,,,,61-65,56-65,Interstate,R,Wednesday,Belt Used,PV,White,0,0,0,0,State Route,State Patrol,Washington State Patrol,0,1,0,0,0,,,,,,0,0,0,,,,,,,,,,,,,,,,,,,,,,,,,,,,,,,,,,,
2018,336,E839476,39,09/12/2018,10:56,12,9,0,61,Snohomish,0,2,0,1,2,2,1,0,2,2,10:53,11:10,11:53,12,0,6,2.9,2,0,2,7,1,2,4,0,0,20,3,CR-268TH ST NW,28TH AVE NW,-122.2697417,48.23906944,0,1,89,17,2,98,14,0,0,1,7,1,1,2,2,1,1,1,1,53,0,49,402,2013,0,0,12,63,1,2,,,1,1,60,2,7,1,4,7,20,0,11,0,09/12/2018,10:56,53040201,40201,0,0,0,3,1,39,0,0,0,96,,,,,,99,,,,,,98271,53,65,135,6,1,0,0,0,0,,0,,,,,,0,,,99,2,9,0,0,9,8,,,0,0,0,8,9,2,155,,,1,,,2,1,0,,,,,,,,,,,,,,,,,,,,,,,,,,,,,,0,0,0,1,0,0,1,1,0,0,0,0,0,0,0,0,0,0,0,1,0,1,1,0,1,0,0,0,0,1,0,0,0,1,0,,1,0,0,0,0,0,1,1,0,0,0,0,0,0,1,0,,,,,,56-60,56-65,County road,R,Wednesday,Not Used,PV,White,1,0,0,0,County Road,County Sheriff,Snohomish County Sheriff's Office,0,0,1,0,0,,,,,,0,0,0,,,,,,,,,,,,,,,,,,,,,,,,,,,,,,,,,,,
2018,383,E853710,2,10/10/2018,21:13,10,10,0,61,Snohomish,0,1,0,3,1,2,2,0,4,2,21:08,21:16,21:52,12,0,6,17.9,2,0,2,3,2,1,3,0,0,20,3,SR-9,SUNNY SCHOOL RD,-122.1104917,48.03416111,0,1,88,17,2,35,4,0,0,1,7,12,1,1,2,1,1,2,2,53,0,37,32,1996,0,0,12,68,64,59,,,1,1,20,1,7,1,4,0,99,0,11,5,10/10/2018,21:17,53045954,45954,0,0,0,3,1,39,0,0,0,96,,,,,,99,,,,,,98271,53,71,205,6,1,0,2,0,1,,0,,,,,,4,05/15/2017,09/15/2018,8,0,0,0,0,9,8,,,0,0,0,8,9,2,401,417,704,1,1,1,2,1,0,,,,,,,,,,,,,,,,,,,,,,,,,,,,,,0,0,0,1,0,0,1,1,0,0,0,0,1,0,0,0,0,0,0,0,0,1,1,0,1,0,0,0,0,1,0,0,0,0,0,,1,0,0,0,0,0,1,1,0,1,0,0,0,0,1,0,,,,,,18-20,16-25,State route,U,Wednesday,Unknown,PV,White,1,0,0,0,State Route,State Patrol,Washington State Patrol,0,1,0,0,0,,,,,,0,0,0,,,,,,,,,,,,,,,,,,,,,,,,,,,,,,,,,,,
2018,407,E859114,3,11/02/2018,13:19,2,11,0,53,Pierce,1124,1,0,1,1,1,1,0,3,2,,,,12,0,6,128.1,1,0,1,1,2,1,1,0,0,0,0,I-5,,-122.4726333,47.17031389,0,1,46,8,1,60,34,0,0,1,7,12,1,1,4,3,15,1,1,53,0,12,481,2014,0,0,12,64,63,25,,,1,1,71,1,7,1,4,0,3,0,11,4,11/02/2018,13:57,76353048811,48811,0,0,0,3,1,0,0,0,0,92,,,,,,1,,,,,,98271,53,71,260,6,1,0,1,1,0,,0,,,,,,0,09/15/2014,09/15/2014,20,0,0,0,0,9,8,,,0,0,0,8,9,2,155,157,,1,1,,2,1,0,,,,,,,,,,,,,,,,,,,,,,,,,,,,,,0,0,0,0,0,0,1,1,0,0,0,0,0,0,0,0,1,0,0,0,0,0,0,0,0,1,1,1,0,1,0,0,0,0,0,,1,0,0,0,0,0,1,1,1,0,0,0,0,0,1,0,,,,,,71-75,66-75,Interstate,U,Friday,Belt Used,PV,White,0,0,0,0,State Route,State Patrol,Washington State Patrol,0,1,0,0,0,,,,,,0,0,0,,,,,,,,,,,,,,,,,,,,,,,,,,,,,,,,,,,
2019,17,E884708,6,01/04/2019,4:55,4,1,,37,Kittitas,0,5,0,3,4,2,1,0,7,5,,,,25,0,0,60.2,1,0,1,1,1,1,1,0,0,0,0,I-90,,-121.320175,47.3181,0,5,98,98,7,55,34,0,0,1,7,54,1,1,2,3,1,2,3,53,0,12,481,2000,0,0,54,,,,,,1,1,53,1,0,,3,0,3,0,11,5,,,,,0,0,3,3,1,0,0,0,0,96,,,,,,0,,,,,,98271,53,74,205,6,1,0,0,0,0,,0,,,,,,0,,,8,0,0,0,8,9,8,,,0,0,0,8,0,8,95,,,96,,,8,95,995,,,,,,,,,,,,,,,,,,,,,,,,,,,,,,0,0,0,0,0,0,0,0,0,0,0,0,1,0,0,0,0,0,0,0,0,0,0,0,0,1,0,0,0,1,1,0,0,0,0,,0,0,0,0,0,0,0,0,0,0,0,0,0,0,0,0,,,,,,51-55,46-55,Interstate,R,Friday,Belt Used,PV,Not Fatal,0,1,0,0,State Route,State Patrol,Washington State Patrol,1,1,0,0,0,,,,,,0,0,0,,,,,,,,,,,98,98,98,0,,,,,20,7,,,,,,,,,,,,,,,
2018,504,E898995,189,09/25/2018,2:28,25,9,0,61,Snohomish,1280,1,0,3,1,2,1,0,1,1,,,,10,0,0,0,1,0,1,7,2,4,6,0,0,0,0,STATE AVE,104TH ST NE,-122.1736111,48.08916389,0,1,1,13,2,30,4,0,0,1,7,10,1,1,2,1,1,1,1,53,0,7,20,2004,0,0,63,10,,,,,1,1,31,8,7,1,4,7,3,0,11,0,09/25/2018,2:28,1.28053E+11,42363,0,0,3,3,1,0,0,0,0,92,,,,,,0,,,,,,98271,53,69,190,6,1,0,1,1,1,,0,,,,,,0,03/15/2014,07/15/2018,1,0,0,0,0,9,8,,,0,0,0,8,0,2,605,695,,1,1,,2,1,0,,,,,,,,,,,,,,,,,,,,,,,,,,,,,,1,0,1,0,0,0,1,1,1,0,0,0,0,0,0,0,1,0,0,0,0,0,0,0,0,0,0,0,0,1,0,0,0,0,0,,1,0,0,0,0,0,1,1,1,0,0,0,0,0,1,0,,,,,,31-35,26-35,City street,U,Tuesday,Belt Used,PV,White,0,0,0,0,City Street,Municipal/City Police,Marysville Police Department,0,0,0,1,0,thc,10,carboxy-thc,51,,0,0,0,,,,,,,,,,,,,,,,,,,,,,,,,,,,,,,,,,,
2019,264,E945003,2,07/05/2019,0:02,5,7,,61,Snohomish,0,1,0,2,1,2,1,0,4,2,,,,12,0,2,2.4,1,0,1,7,1,2,4,0,0,0,0,CR-NEWBERG RD,,-122.0050972,48.02346389,0,2,51,62,4,35,83,0,0,1,7,12,1,2,2,1,1,1,2,53,0,98,703,2008,0,0,12,,,,,,1,1,31,1,7,,4,7,20,7,11,0,07/05/2019,0:02,53031510,31510,0,0,3,2,1,0,0,0,0,96,,,,,,0,,,,,,98271,53,74,185,6,1,0,2,1,1,,0,,,,,,0,12/15/2015,09/15/2018,20,8,0,0,0,9,8,,,0,0,0,8,9,2,401,417,,1,1,,2,1,0.095,,,,,,,,,,,,,,,,,,,,,,,,,,,,,,0,0,0,0,1,1,1,1,0,0,0,0,0,0,1,0,0,0,0,0,0,0,0,0,0,0,0,0,1,1,0,0,0,0,1,0,0,0,0,0,0,1,1,1,0,0,0,0,0,0,0,1,,,,,,31-35,26-35,County road,R,Friday,,MC,White,0,1,1,0,County Road,County Sheriff,Snohomish County Sheriff's Office,0,0,1,0,0,,,,,,0,0,1,,,,,,,,,,,0,0,0,1,,,,,19,0,,,,,,,,,,,,,,,
2019,456,E998093,2,12/21/2019,0:36,21,12,,61,Snohomish,690,2,0,2,2,2,1,2,2,3,,,,14,0,0,190.1,1,0,1,1,2,1,1,0,0,0,0,I-5,,-122.1995083,47.92891389,0,1,11,11,2,60,34,0,0,1,2,14,1,1,5,3,1,1,1,53,0,20,481,2006,0,0,63,14,14,8,8,,1,1,25,1,0,,2,0,3,0,11,0,,,,,0,0,0,2,1,91,0,0,0,93,,,,,,9,,,,,,98271,53,67,135,1,1,0,1,1,1,,1,12,,,,,0,06/15/2015,10/15/2019,1,0,0,0,8,9,2,,,0,0,0,1,0,2,151,996,605,1,1,1,2,1,0,,,,,,,,,,,,,,,,,,,,,,,,,,,,,,0,0,0,0,0,0,1,1,1,1,0,1,0,1,0,0,1,0,0,0,0,0,0,1,1,0,0,0,0,1,0,1,0,0,0,,0,0,0,0,0,0,1,1,1,0,0,1,0,0,1,0,,,,,,21-25,16-25,Interstate,U,Saturday,Belt Used,PV,Not Fatal,0,1,0,0,State Route,State Patrol,Washington State Patrol,1,1,0,0,0,thc,1,,,,0,0,4,,,,,,,,,,,98,98,98,0,,,,,20,7,,,,,,,,,,,,,,,
2020,48,EA17799,8,02/22/2020,15:55,22,2,,9,Clallam,0,1,,1,1,2,1,0,7,3,16:17,16:35,17:09,12,0,1,268.3,2,0,3,3,1,1,2,0,0,0,0,US-101,LOUELLA RD,-123.0308306,48.03861667,0,3,98,98,7,50,14,0,0,1,2,12,3,1,2,1,14,4,1,53,0,48,401,2010,0,,12,,,,,,1,1,72,1,0,,1,0,3,0,11,5,,,,,0,0,0,3,1,0,,,,96,,,,,,0,,,,,,98271,53,73,195,6,1,0,0,0,0,,0,,,,,,0,,,8,0,0,0,8,3,2,,,0,,,8,0,0,0,,,0,,,2,95,0,,,,,,,,,,,,,,,,,,,,,,,,,,,,,,0,0,0,1,1,0,1,1,1,0,0,0,0,1,0,0,0,0,0,0,0,0,0,0,0,1,1,0,0,1,0,0,0,0,0,,0,0,0,0,0,0,0,0,0,0,0,0,0,0,0,0,,,,,,71-75,66-75,US highway,R,Saturday,Belt Used,PV,Not Fatal,1,0,0,0,State Route,State Patrol,Washington State Patrol,0,1,0,0,0,,,,,,0,0,0,,,,,,,,,,,98,98,98,0,,,,,20,7,,,,,,,,1,0,,,,,,
2020,543,EA44374,122,06/25/2020,18:42,25,6,,61,Snohomish,690,1,,1,1,2,1,0,8,3,19:02,19:07,19:22,33,0,0,1.1,1,0,1,3,2,1,3,0,0,0,0,SR-526,,-122.2795611,47.92243056,0,3,98,98,7,60,34,0,0,1,2,12,3,1,2,3,14,1,1,53,0,12,471,2004,0,,12,,,,,,1,1,39,1,0,,0,0,99,7,11,0,,,,,0,0,0,3,1,0,,,,96,,,,,,0,,,,,,98271,53,68,140,6,1,0,0,0,0,,0,,,,,,0,,,99,0,0,0,8,9,8,,,0,,,8,8,0,0,,,0,,,0,0,996,,,,,,,,,,,,,,,,,,,,,,,,,,,,,,0,0,1,0,0,0,1,1,0,0,0,0,1,0,0,0,0,0,0,0,1,0,1,0,1,0,0,0,0,1,0,0,0,0,0,,0,0,0,0,0,0,0,0,0,0,0,0,0,0,0,0,,,,,,36-40,36-45,State route,U,Thursday,Unknown,PV,Not Fatal,0,1,1,0,State Route,Municipal/City Police,Everett Police Department,0,1,0,0,0,,,,,,0,0,0,,,,,,,,,,,98,98,98,0,,,,,20,7,,,,,,,,1,0,,,,,,