year,case,par,repjur,crash_dt,crash_tm,accday,accmon,holiday,county,co_char,city,weather,weather2,lightcond,surfcond,surftype,numfatal,nmforms,pforms,vforms,not_tm,arr_tm,hosp_tm,fhevent,hitrun,manncol,milepnt,reljunc,reljuncinter,intersectiontype,funcsystem,landuse,ownership,route,schlbus,spejur,contdev,devfunc,trafid1,trafid2,x,y,wk_zone,vnumber,crashtype,criticalevent,criticaleventcat,spdlim,body,trailer,emerg,hazcargo,leave,mhevent,roadalgn,roadprof,traflane,trafflow,vehmanvr,numoccs,regowner,regstate,spuse,make,model,modelyr,vrf1,vrf2,seqevent1,seqevent2,seqevent3,seqevent4,seqevent5,seqevent6,pnumber,ptype,age,sex,hispanic,race,injury,diedscene,restraint,restraintmisuse,seatpos,takehosp,death_dt,death_tm,cert,cernum_wa,commlic,licendor,licrestrict,liccomp,drivpres,drf1,drf2,drf3,drf4,distract1,distract2,distract3,distract4,distract5,distract6,dricond1,dricond2,dricond3,dricond4,dricond5,dricond6,dzip,licstate,drhgt_in,weight,noncdl,noncdltype,prevdwi,prevoth,prevacc,prevspd,prevsus,driviol1,driviol2,driviol3,driviol4,driviol5,driviol6,spdrel,first_dt,last_dt,airbag,ejection,ejectpath,extricat,injurwrk,methalc,methdrug,nmlocat,strikveh,prf1,prf2,prf3,druginv,alcinvol,drugsts,drugres1,drugres2,drugres3,drugtst1,drugtst2,drugtst3,alcsts,alctst,alcres,nmact1,nmact2,nmact3,nmact4,nmact5,nmact6,nmprior1,nmprior2,nmprior3,nmprior4,nmprior5,nmprior6,nmcond1,nmcond2,nmcond3,nmcond4,nmcond5,nmcond6,nmsafe_helmet,nmsafe_pads,nmsafe_oth,nmprev_ref,nmprev_lgt,nmprev_oth,crashlocation,nmcrashtype,crosswalk,schoolzone,sidewalk,train_inv,wildlife_inv,rotr_fars,intersect_fars,dd_inv,aid_inv,dpd_inv,id_inv,mj_inv,impnm_inv,ainm_inv,dpnm_inv,speed_inv,unlic_inv,unendmc_inv,drowsy_inv,drdist_inv,nmdist_inv,fty_inv,unrestfat_inv,dr1617_inv,dr1820_inv,dr1620_inv,dr2125_inv,dr1625_inv,dr65_inv,dr70_inv,dr75_inv,mc_inv,pv_inv,ht_inv,ped_inv,bike_inv,unrest_fat,mc_fat,unhelmet_mc,pv_fat,ht_fat,ped_fat,bike_fat,dr_alc7,dr_alc8,dr_drug,dr_imp,dr_dist,dr_spd,dr_fty,dr_unlic,dr_alc7only,dr_alc8only,dr_drugonly,dr_drink,nm_imp,nm_alc7,nm_alc8,nm_drug,nm_dist,agegrp1,agegrp2,roadclass,urbrur,dayweek,restuse,vehtype,race_me,intersect,lanedep,oppdir,wrongway,rep_typ,investag,repag_long,rotr,st_rd,cty_rd,city_rd,oth_rd,drug_thc,thc_res,drug_cthc,cthc_res,drug_cann,prevpersemin,prevperse,prevsusoth,drugtst4,drugtst5,drugtst6,drugtst7,drugtst8,drugres4,drugres5,drugres6,drugres7,drugres8,adspresent,adsengaged,adslevel,race1,race2,race3,race4,race5,helmet,helmetmisuse,nmdistract1,nmdistract2,nmdistract3,nmdistract4,nmdistract5,nmdistract6,lab,isedtcase,crf1,crf2,crf3,CoRoadName,CoMP,IntCoRoadName,IntCoMP
2020,375,EA67848,39,09/26/2020,0:08,26,9,,61,Snohomish,0,10,,2,2,2,1,1,1,1,,,,8,0,0,0.1,1,0,1,3,1,2,4,0,3,0,0,CR-33RD AVE NE,,-122.1872306,48.05375556,0,1,13,80,5,35,34,0,0,1,2,8,1,1,3,5,1,1,1,53,0,7,472,1993,0,,8,,,,,,1,1,49,2,0,,0,0,3,0,11,0,,,,,0,0,0,3,1,0,,,,96,,,,,,98,,,,,,98271,53,72,175,6,1,0,0,0,1,,0,,,,,,0,09/15/2018,09/15/2018,20,0,0,0,8,9,8,,,0,,,8,8,2,401,417,,1,1,,2,1,0,,,,,,,,,,,,,,,,,,,,,,,,,,,,,,0,0,0,0,0,0,1,1,0,1,0,1,0,0,0,0,0,0,0,0,0,0,0,0,0,0,0,0,0,1,0,1,0,0,0,,0,0,0,0,0,0,1,1,0,0,0,0,0,0,1,0,,,,,,46-50,46-55,County road,R,Saturday,Belt Used,PV,Not Fatal,0,0,0,0,County Road,County Sheriff,Snohomish County Sheriff's Office,0,0,1,0,0,,,,,,0,0,0,,,,,,,,,,,0,0,0,0,,,,,20,7,,,,,,,,1,0,,,33RD AVE NE,0.064,,
2021,303,EB58673,2,08/08/2021,15:50,8,8,,61,Snohomish,0,1,,1,1,2,1,0,2,2,,,,12,0,1,196.4,1,0,1,1,2,1,1,0,0,0,0,I-5,,-122.1747583,48.01326389,0,2,25,53,3,60,80,0,0,1,2,12,1,1,3,3,1,1,1,53,0,76,706,2014,0,,12,,,,,,1,1,64,1,0,,3,0,20,7,11,5,,,,,0,0,3,3,1,0,,,,96,,,,,,98,,,,,,98271,53,75,180,6,1,0,0,0,0,,0,,,,,,0,,,20,8,0,0,8,9,8,,,0,,,8,8,0,0,,,0,,,0,0,996,,,,,,,,,,,,,,,,,,,,,,,,,,,,,,0,0,0,0,0,0,1,1,0,0,0,0,0,1,0,0,0,0,0,1,0,0,0,0,0,0,0,0,1,1,0,0,0,0,0,0,0,0,0,0,0,0,0,0,0,0,0,0,0,0,0,0,,,,,,61-65,56-65,Interstate,U,Sunday,,MC,Not Fatal,0,0,0,0,State Route,State Patrol,Washington State Patrol,0,1,0,0,0,,,,,,0,0,0,,,,,,,,,,,0,0,0,0,,,,,5,,,,,,,,,1,0,,,,,,
2021,374,EB72403,122,09/20/2021,1:25,20,9,,61,Snohomish,690,10,,2,2,2,1,0,4,2,,,,12,0,1,5.3,1,0,1,2,2,1,3,0,0,4,3,SR-529,,-122.1877972,48.01571944,0,1,28,52,3,55,80,0,0,1,2,3,1,1,2,3,1,1,2,53,0,37,705,2014,0,,12,63,3,,,,1,1,24,1,7,,4,0,20,7,11,0,09/20/2021,2:42,69053047632,47632,0,0,0,2,1,0,,,,96,,,,,,98,,,,,,98271,53,75,196,6,1,0,0,0,0,,0,,,,,,3,,,20,8,0,0,0,9,8,,,0,,,8,8,2,605,,,1,,,2,1,0.261,,,,,,,,,,,,,,,,,,,,,,,,,,,,,,0,0,0,0,1,1,1,1,1,0,0,0,1,0,1,0,0,0,0,0,0,0,0,1,1,0,0,0,1,1,0,0,0,0,1,0,0,0,0,0,0,1,1,1,0,1,0,0,0,0,0,1,,,,,,21-25,16-25,State route,U,Monday,,MC,White,0,0,0,0,State Route,Municipal/City Police,Everett Police Department,0,1,0,0,0,thc,1.2,,,,0,0,0,,,,,,,,,,,0,0,0,1,,,,,19,,,,,,,,nms,1,0,,,,,,
2018,308,2709956,12,07/25/2018,18:32,25,7,0,7,Chelan,0,1,0,1,1,2,1,1,1,1,,,,9,0,0,1.7,1,0,1,5,1,2,4,0,0,0,0,CR-ICICLE RD,,-120.6797917,47.565625,0,1,13,83,5,35,20,0,0,1,7,9,1,1,2,1,1,1,1,53,0,6,441,2013,0,0,9,,,,,,1,1,26,2,0,0,0,0,3,0,11,0,,,,,0,0,0,3,1,91,0,0,0,17,,,,,,0,,,,,,98272,53,68,200,6,1,0,1,0,0,,2,,,,,,3,08/15/2016,04/15/2018,20,0,0,0,8,9,2,,,0,0,0,0,0,8,95,,,96,,,8,95,995,,,,,,,,,,,,,,,,,,,,,,,,,,,,,,0,0,0,0,0,0,0,0,0,0,0,0,1,0,0,0,1,0,0,0,0,0,0,0,0,0,0,0,0,1,0,0,1,0,0,,0,0,0,0,0,0,0,0,1,1,0,0,0,0,0,0,,,,,,26-30,26-35,County road,R,Wednesday,Belt Used,PV,Not Fatal,0,0,0,0,County Road,Municipal/City Police,Chelan County Sheriff's Office,0,0,1,0,0,,,,,,0,0,2,,,,,,,,,,,,,,,,,,,,,,,,,,,,,,,,,,,
2017,236,E690706,7,07/04/2017,7:25,4,7,5,33,King,1960,1,0,1,1,1,1,0,2,2,,,,25,0,0,0.2,5,1,1,1,2,1,1,0,0,0,0,I-5 RAMP R116473,,-122.3195083,47.59439444,0,1,1,13,2,40,80,0,0,1,2,12,3,2,2,4,14,1,2,53,0,72,706,1988,0,0,63,25,1,12,,,1,1,29,1,7,1,4,7,5,0,11,0,07/04/2017,7:25,1.96053E+11,29594,0,0,3,3,1,0,0,0,0,96,,,,,,9,,,,,,98272,53,71,135,6,1,0,2,2,7,4,0,,,,,,4,01/15/2013,03/15/2017,20,8,0,0,0,9,1,,,0,0,0,1,9,2,605,0,0,1,0,0,2,1,0,,,,,,,,,,,,,,,,,,,,,,,,,,,,,,0,0,1,0,0,0,1,1,1,0,0,0,1,0,0,0,0,0,0,0,0,0,0,0,0,0,0,0,1,1,0,0,0,0,1,0,0,0,0,0,0,0,1,1,0,1,0,0,0,0,1,0,,,,,,26-30,26-35,Interstate,U,Tuesday,,MC,White,0,1,0,0,State Route,State Patrol,Washington State Patrol Headquarter,1,1,0,0,0,thc,6.9,carboxy-thc,21,,,,,,,,,,,,,,,,,,,,,,,,,,,,,,,,,,,,,,,
2017,469,E738290,2,11/05/2017,14:45,5,11,0,61,Snohomish,0,10,0,1,2,2,1,0,7,3,14:43,15:11,15:42,12,0,1,22.2,8,0,1,4,1,1,3,0,0,0,0,SR-203,,-121.9702806,47.82906389,0,2,21,53,3,55,14,0,0,1,2,12,1,1,2,1,5,2,1,53,0,49,499,1981,0,0,12,68,12,,,,1,1,79,1,7,1,4,0,3,0,11,4,11/05/2017,15:36,53048118,48118,6,0,3,3,1,0,0,0,0,0,,,,,,0,,,,,,98272,53,70,190,6,1,0,1,0,0,0,0,,,,,,0,12/15/2012,12/15/2012,20,0,0,0,0,9,8,,,0,0,0,8,0,2,1,0,0,1,0,0,2,1,0,,,,,,,,,,,,,,,,,,,,,,,,,,,,,,0,0,0,0,0,0,0,0,0,0,0,0,1,0,0,0,1,0,0,0,0,1,1,0,1,1,1,1,0,1,1,0,0,0,0,,1,0,0,0,0,0,0,0,0,0,0,0,0,0,0,0,,,,,,76-80,76+,State route,R,Sunday,Belt Used,PV,White,0,0,0,0,State Route,State Patrol,Washington State Patrol Headquarter,0,1,0,0,0,,,,,,,,,,,,,,,,,,,,,,,,,,,,,,,,,,,,,,,,,,,
2018,81,E780896,39,03/17/2018,19:35,17,3,0,61,Snohomish,0,1,0,2,1,2,1,0,1,1,,,,42,0,0,3.6,1,0,1,7,1,2,4,0,0,0,0,CR-CHAIN LAKE RD,,-121.9768722,47.90358333,0,1,2,13,2,98,3,0,0,1,5,42,2,1,2,1,14,1,1,53,0,54,31,1995,0,0,63,42,,,,,1,1,37,1,7,1,4,7,3,0,11,0,03/17/2018,19:42,53012685,12685,0,0,3,3,1,0,0,0,0,96,,,,,,99,,,,,,98272,53,69,175,6,1,0,0,0,1,,0,,,,,,3,11/15/2013,11/15/2013,20,0,0,0,0,9,8,,,0,0,0,8,9,2,1,,,1,,,2,1,0,,,,,,,,,,,,,,,,,,,,,,,,,,,,,,0,0,0,0,0,0,0,0,0,0,0,0,1,0,0,0,0,0,0,0,0,0,0,0,0,0,0,0,0,1,0,0,0,0,0,,1,0,0,0,0,0,0,0,0,1,0,0,0,0,0,0,,,,,,36-40,36-45,County road,R,Saturday,Belt Used,PV,White,0,1,0,0,County Road,County Sheriff,Snohomish County Sheriff's Office,1,0,1,0,0,,,,,,0,0,0,,,,,,,,,,,,,,,,,,,,,,,,,,,,,,,,,,,
2018,87,E782604,2,03/25/2018,13:15,25,3,0,61,Snohomish,0,1,0,1,1,2,1,0,1,1,,,,42,0,0,2.5,1,0,1,5,1,2,4,0,0,0,0,CR-FLORENCE ACRES RD,,-121.8776333,47.87504444,0,1,1,13,2,35,34,0,0,1,7,42,3,1,2,1,14,1,1,53,0,49,482,2014,0,0,63,42,,,,,1,1,61,1,7,1,4,7,20,0,11,0,03/25/2018,13:15,1.36053E+11,14201,0,0,3,3,1,0,0,0,0,96,,,,,,99,,,,,,98272,53,70,210,6,1,0,1,0,1,,0,,,,,,0,07/15/2014,02/15/2015,8,0,0,0,0,9,8,,,0,0,0,8,9,2,605,695,,1,1,,2,1,0,,,,,,,,,,,,,,,,,,,,,,,,,,,,,,0,0,1,0,0,0,1,1,1,0,0,0,0,0,0,0,0,0,0,1,0,0,0,0,0,0,0,0,0,1,0,0,0,1,0,,1,0,0,0,0,0,1,1,0,0,0,0,0,0,1,0,,,,,,61-65,56-65,County road,R,Sunday,Not Used,PV,White,0,1,0,0,County Road,County Sheriff,Snohomish County Sheriff's Office,1,0,1,0,0,thc,888,carboxy-thc,6.1,,0,0,0,,,,,,,,,,,,,,,,,,,,,,,,,,,,,,,,,,,
2018,167,E807736,6,06/10/2018,23:00,10,6,0,37,Kittitas,0,1,0,2,1,1,1,0,3,2,23:06,23:11,,1,0,0,79.8,1,0,1,1,1,1,1,0,0,0,0,I-90,,-120.9902917,47.18608611,0,1,6,6,1,70,4,0,0,1,2,1,1,2,2,3,6,1,1,53,0,49,40,2000,0,0,64,1,69,12,,,1,1,28,2,7,1,4,7,20,0,11,0,06/10/2018,23:00,37053026803,26803,0,0,0,3,1,0,0,0,0,96,,,,,,9,,,,,,98272,53,65,160,6,1,0,5,1,3,,0,,,,,,4,07/15/2014,05/15/2017,1,1,9,0,0,1,8,,,0,0,0,8,1,2,351,401,417,1,1,1,2,1,0.37,,,,,,,,,,,,,,,,,,,,,,,,,,,,,,0,0,1,0,1,1,1,1,1,0,0,0,1,0,0,0,0,0,0,1,0,0,0,0,0,0,0,0,0,1,0,0,0,1,0,,1,0,0,0,0,1,1,1,0,1,0,0,0,0,0,1,,,,,,26-30,26-35,Interstate,R,Sunday,Not Used,PV,White,0,1,0,0,State Route,State Patrol,Washington State Patrol,1,1,0,0,0,thc,8.7,carboxy-thc,6,,0,0,1,1,1,,,,605,695,,,,,,,,,,,,,,,,,,,,,,,,,,,,
2018,207,E813614,2,06/11/2018,22:02,11,6,0,61,Snohomish,0,1,0,2,1,2,2,0,12,4,,,,12,0,2,7.1,1,0,1,3,2,1,2,0,0,0,0,US-2,,-122.0701389,47.93648611,0,4,98,98,7,98,4,0,0,1,5,54,3,1,2,1,14,5,1,53,0,30,40,2010,0,0,54,,,,,,1,1,25,2,0,0,0,0,3,0,11,0,,,,,0,0,0,3,1,0,0,0,0,96,,,,,,0,,,,,,98272,53,67,170,6,1,0,0,0,1,,0,,,,,,0,05/15/2018,05/15/2018,20,0,0,0,8,9,8,,,0,0,0,8,0,8,95,,,96,,,8,95,995,,,,,,,,,,,,,,,,,,,,,,,,,,,,,,0,0,0,0,1,1,1,1,1,0,0,0,0,1,0,0,0,0,0,0,0,0,0,1,1,0,0,0,0,1,0,0,0,0,0,,0,0,0,0,0,0,0,0,0,0,0,0,0,0,0,0,,,,,,21-25,16-25,US highway,U,Monday,Belt Used,PV,Not Fatal,0,1,1,0,State Route,State Patrol,Washington State Patrol,0,1,0,0,0,,,,,,0,0,0,,,,,,,,,,,,,,,,,,,,,,,,,,,,,,,,,,,
2018,227,E819244,2,07/03/2018,22:31,3,7,5,61,Snohomish,0,1,0,2,1,2,1,1,4,1,,,,8,0,0,19.1,1,0,1,3,2,1,3,0,0,0,0,SR-522,,-122.0678556,47.81696389,0,1,13,80,5,55,14,0,0,1,7,8,1,3,2,1,1,4,1,53,0,32,401,2018,0,0,8,,,,,,1,1,34,1,0,0,0,0,3,0,11,0,,,,,0,0,0,3,1,0,0,0,0,0,,,,,,99,,,,,,98272,53,71,160,6,1,0,0,1,1,,0,,,,,,0,03/15/2014,10/15/2017,20,0,0,0,8,9,2,,,0,0,0,0,0,2,1,,,1,,,2,1,0,,,,,,,,,,,,,,,,,,,,,,,,,,,,,,0,0,0,0,0,0,0,0,0,0,0,0,0,0,0,0,0,0,0,0,0,0,0,0,0,0,0,0,0,1,0,1,0,0,0,,0,0,0,0,0,0,0,0,0,0,0,0,0,0,0,0,,,,,,31-35,26-35,State route,U,Tuesday,Belt Used,PV,Not Fatal,0,0,0,0,State Route,State Patrol,Washington State Patrol,0,1,0,0,0,,,,,,0,0,0,,,,,,,,,,,,,,,,,,,,,,,,,,,,,,,,,,,
2018,348,E840642,200,09/07/2018,21:38,7,9,0,61,Snohomish,1360,2,0,3,2,2,1,0,2,2,,,,12,0,1,13.2,1,0,1,3,2,1,2,0,0,0,0,US-2,,-121.8464889,47.85375,0,1,24,51,3,45,14,0,0,1,7,12,1,1,2,1,1,1,2,53,0,12,401,1992,0,0,12,,,,,,1,1,18,1,0,0,0,0,99,0,11,0,,,,,0,0,0,3,1,0,0,0,0,5,,,,,,0,,,,,,98272,53,71,208,6,1,0,0,0,0,,97,,,,,,0,,,20,0,0,0,8,9,8,,,0,0,0,8,0,2,1,,,1,,,2,1,0,,,,,,,,,,,,,,,,,,,,,,,,,,,,,,0,0,0,0,0,0,1,1,1,0,0,0,0,1,1,0,1,0,0,0,0,1,1,0,1,0,0,0,1,1,0,0,0,0,0,,0,0,0,0,0,0,0,0,1,0,0,0,0,0,0,0,,,,,,18-20,16-25,US highway,U,Friday,Unknown,PV,Not Fatal,0,0,0,0,State Route,Municipal/City Police,Monroe Police Department,0,1,0,0,0,thc,3.1,carboxy-thc,19,,0,0,0,,,,,,,,,,,,,,,,,,,,,,,,,,,,,,,,,,,
2018,490,E885282,39,12/31/2018,13:40,31,12,0,61,Snohomish,0,1,0,1,1,2,1,0,4,3,13:40,14:03,14:36,12,0,1,1.1,2,0,3,4,1,2,4,0,0,0,0,CR-84TH ST NE,105TH AVE NE,-122.0887972,48.07205833,0,2,29,53,3,50,4,0,0,1,7,12,1,1,2,1,2,2,1,53,0,49,51,2008,0,0,12,68,12,,,,1,1,48,2,0,0,9,0,3,0,11,8,,,,,0,0,0,3,1,0,0,0,0,96,,,,,,0,,,,,,98272,53,65,155,6,1,0,0,0,0,,0,,,,,,0,,,1,0,0,0,8,9,8,,,0,0,0,8,0,8,95,,,96,,,8,95,995,,,,,,,,,,,,,,,,,,,,,,,,,,,,,,0,0,0,1,0,0,0,0,0,0,0,0,0,1,0,0,1,0,0,0,0,0,0,0,0,0,0,0,0,1,0,0,0,0,0,,0,0,0,0,0,0,0,0,0,0,0,0,0,0,0,0,,,,,,46-50,46-55,County road,R,Monday,Belt Used,PV,Not Fatal,1,0,0,0,County Road,County Sheriff,Snohomish County Sheriff's Office,0,0,1,0,0,,,,,,0,0,0,,,,,,,,,,,,,,,,,,,,,,,,,,,,,,,,,,,
2019,313,E959103,2,08/18/2019,11:33,18,8,,61,Snohomish,0,1,0,1,1,2,1,0,3,2,,,,12,0,2,12.2,1,0,1,3,1,1,2,0,0,0,0,US-2,,-122.0200417,47.88086667,0,1,50,10,2,98,80,0,0,1,7,12,1,1,2,1,1,1,1,53,0,98,709,2012,0,0,68,12,,,,,1,1,62,1,7,,4,7,20,7,11,0,08/18/2019,11:33,53037163,37163,0,0,0,2,1,28,0,0,0,96,,,,,,9,,,,,,98272,53,72,180,6,1,0,0,0,0,,0,,,,,,0,,,20,8,0,0,0,1,8,,,0,0,0,8,1,2,605,695,,1,1,,2,1,0.14,,,,,,,,,,,,,,,,,,,,,,,,,,,,,,0,0,0,0,1,1,1,1,1,0,0,0,0,0,1,0,0,0,0,0,0,0,0,0,0,1,0,0,1,1,0,0,0,0,1,0,0,0,0,0,0,1,1,1,0,0,0,0,0,0,0,1,,,,,,61-65,56-65,US highway,R,Sunday,,MC,White,0,1,1,0,State Route,State Patrol,Washington State Patrol,0,1,0,0,0,thc,6.2,carboxy-thc,5.2,,0,0,0,,,,,,,,,,,0,0,0,1,,,,,5,0,,,,,,,,,,,,,,,
2020,536,EA39149,25,06/09/2020,23:14,9,6,,33,King,0,10,,2,1,2,1,0,1,1,23:14,23:22,0:25,42,0,0,0.7,1,0,1,3,1,2,4,0,0,0,0,CR-NE 143RD ST,,-122.1242917,47.72836111,0,1,1,13,2,35,4,0,0,1,2,2,3,2,2,1,14,1,4,41,0,12,23,2019,0,,63,42,1,2,,,1,1,78,1,1,,4,0,3,0,11,5,06/30/2020,13:26,1.96053E+11,31830,0,0,3,3,1,0,,,,92,,,,,,98,,,,,,98272,53,69,165,6,1,0,0,0,0,,0,,,,,,0,,,8,0,0,0,0,9,8,,,0,,,8,8,8,95,,,96,,,8,95,995,,,,,,,,,,,,,,,,,,,,,,,,,,,,,,0,0,1,0,0,0,0,0,0,0,0,0,0,0,0,0,1,0,0,0,0,0,0,0,0,1,1,1,0,1,0,0,0,0,0,,1,0,0,0,0,0,0,0,1,0,0,0,0,0,0,0,,,,,,76-80,76+,County road,R,Tuesday,Belt Used,PV,Hispanic,0,1,0,0,County Road,County Sheriff,King County Police,1,0,1,0,0,,,,,,0,0,0,,,,,,,,,,,98,98,98,1,,,,,20,7,,,,,,,,1,0,,,NE 143 ST,0.668,,
2020,266,EA52929,2,07/11/2020,22:19,11,7,,61,Snohomish,1360,10,,2,1,2,1,0,4,2,22:11,22:20,22:51,12,0,2,22.9,1,0,1,3,2,1,3,0,0,0,0,SR-522,,-122.0106389,47.84696111,0,2,52,54,3,60,14,0,0,1,2,12,4,1,2,3,14,3,1,53,0,41,403,2016,0,,12,,,,,,1,1,35,1,0,,3,0,3,0,11,5,,,,,0,0,0,3,1,10,,,,0,,,,,,0,,,,,,98272,53,70,210,6,1,0,0,0,1,,0,,,,,,0,03/15/2019,03/15/2019,1,0,0,0,8,9,8,,,0,,,8,8,0,0,,,0,,,0,0,996,,,,,,,,,,,,,,,,,,,,,,,,,,,,,,0,0,0,0,1,1,1,1,0,0,0,0,0,0,0,0,0,0,1,0,0,0,0,0,0,0,0,0,0,1,0,0,0,0,0,,0,0,0,0,0,0,0,0,0,0,0,0,0,0,0,0,,,,,,31-35,26-35,State route,U,Saturday,Belt Used,PV,Not Fatal,0,0,0,1,State Route,State Patrol,Washington State Patrol,0,1,0,0,0,,,,,,0,0,0,,,,,,,,,,,98,98,98,0,,,,,20,7,,,,,,,,1,0,,,,,,
2020,510,EA94341,39,12/02/2020,22:22,2,12,,61,Snohomish,0,1,,2,2,2,1,0,2,1,,,,31,0,0,1.7,1,0,1,7,1,2,4,0,0,0,0,CR-HIGH ROCK RD,,-121.9615389,47.80235556,0,1,1,13,2,35,4,0,0,1,2,31,3,2,2,1,14,2,2,34,0,34,35,2021,0,,63,31,42,,,,1,1,34,1,0,,1,0,3,0,11,5,,,,,0,0,0,3,1,0,,,,96,,,,,,9,,,,,,98272,53,76,185,6,1,0,1,2,1,,97,,,,,,4,11/15/2018,07/15/2020,8,0,0,0,8,9,8,,,0,,,8,1,0,0,,,0,,,0,0,996,,,,,,,,,,,,,,,,,,,,,,,,,,,,,,0,0,1,0,1,0,0,0,0,0,0,0,1,0,0,0,0,0,0,0,0,0,0,0,0,0,0,0,0,1,0,0,0,0,0,,0,0,0,0,0,0,0,0,0,1,0,0,0,0,0,1,,,,,,31-35,26-35,County road,R,Wednesday,Belt Used,PV,Not Fatal,0,1,0,0,County Road,County Sheriff,Snohomish County Sheriff's Office,1,0,1,0,0,,,,,,0,0,7,,,,,,,,,,,98,98,98,0,,,,,20,7,,,,,,,,1,0,,,HIGH ROCK RD,1.685,,
2021,149,EB33114,39,05/23/2021,0:00,23,5,,61,Snohomish,0,1,,2,99,2,1,0,1,1,,,,42,0,0,4.9,1,0,1,5,1,2,4,0,0,0,0,CR-OLD SNOHOMISH MONROE,,-122.0302667,47.86077222,0,1,6,12,2,35,80,0,0,1,2,42,2,1,2,1,14,1,1,53,0,34,706,2015,0,,68,64,42,,,,1,1,36,1,7,,4,7,20,7,11,0,05/23/2021,0:00,53025385,25385,0,0,0,3,1,0,,,,96,,,,,,98,,,,,,98272,53,68,165,6,1,0,0,0,1,,0,,,,,,3,07/15/2020,07/15/2020,20,8,0,0,0,9,8,,,0,,,8,8,2,401,,,1,,,2,1,0.123,,,,,,,,,,,,,,,,,,,,,,,,,,,,,,0,0,1,0,1,1,1,1,0,0,0,0,1,0,0,0,0,0,0,0,0,0,0,0,0,0,0,0,1,0,0,0,0,0,1,0,0,0,0,0,0,1,1,1,0,1,0,0,0,0,0,1,,,,,,36-40,36-45,County road,R,Sunday,,MC,White,0,1,0,0,County Road,County Sheriff,Snohomish County Sheriff's Office,1,0,1,0,0,,,,,,0,0,0,,,,,,,,,,,0,0,0,1,,,,,19,,,,,,,,,1,0,,,OLD SNOHOMISH-MONROE RD,4.913,NULL,
2017,60,E644403,2,02/16/2017,10:14,16,2,0,61,Snohomish,0,1,0,1,1,2,1,0,2,2,10:14,10:22,10:39,12,0,1,196.4,1,0,1,1,2,1,1,0,0,0,0,I-5,,-122.1744472,48.01188056,0,2,25,61,4,60,66,1,0,1,5,12,1,1,3,3,1,1,1,53,0,87,884,1998,0,0,12,,,,,,1,1,42,1,0,0,0,0,3,0,11,0,,,,,6,1,0,3,1,0,0,0,0,0,,,,,,0,,,,,,98273,53,74,240,6,1,0,1,0,0,0,0,,,,,,0,02/15/2013,02/15/2013,20,0,0,0,8,9,8,,,0,0,0,8,0,0,0,0,0,0,0,0,0,0,996,,,,,,,,,,,,,,,,,,,,,,,,,,,,,,0,0,0,0,0,0,0,0,0,0,0,0,1,0,0,0,0,0,0,1,0,0,0,0,0,0,0,0,0,1,1,0,0,0,0,,0,0,0,0,0,0,0,0,0,0,0,0,0,0,0,0,,,,,,41-45,36-45,Interstate,U,Thursday,,MHTRUCK,Not Fatal,0,0,0,0,State Route,State Patrol,Washington State Patrol Headquarter,0,1,0,0,0,,,,,,,,,,,,,,,,,,,,,,,,,,,,,,,,,,,,,,,,,,,
2017,143,E673190,2,05/12/2017,17:22,12,5,0,57,Skagit,0,10,0,1,1,2,1,0,2,2,17:21,17:31,,12,0,2,236.6,1,0,1,1,1,1,1,0,0,0,0,I-5,,-122.3499083,48.55785278,0,1,50,10,2,70,6,0,0,1,2,12,1,1,4,2,1,1,1,53,0,30,40,2002,0,0,65,12,,,,,1,1,86,1,7,1,4,7,3,0,11,0,05/12/2017,17:22,53021660,21660,0,0,0,3,1,28,0,0,0,96,,,,,,1,,,,,,98273,53,66,160,6,1,0,0,0,0,0,0,,,,,,0,,,20,0,0,0,0,9,8,,,0,0,0,8,0,2,1,0,0,1,0,0,2,1,0,,,,,,,,,,,,,,,,,,,,,,,,,,,,,,0,0,0,0,0,0,0,0,0,0,0,0,0,0,0,0,0,0,0,0,0,0,0,0,0,1,1,1,0,1,1,0,0,0,0,,1,0,0,0,0,0,0,0,0,0,0,0,0,0,0,0,,,,,,81+,76+,Interstate,R,Friday,Belt Used,PV,White,0,1,1,0,State Route,State Patrol,Washington State Patrol Headquarter,0,1,0,0,0,,,,,,,,,,,,,,,,,,,,,,,,,,,,,,,,,,,,,,,,,,,
2017,200,E685421,4,06/14/2017,17:53,14,6,0,75,Whitman,0,10,0,1,1,2,1,0,3,2,18:01,18:35,19:34,12,0,2,118.9,1,0,1,3,1,1,3,0,0,0,0,SR-26,,-117.673025,46.81265278,0,2,51,62,4,65,4,0,0,1,2,12,1,1,2,1,1,2,2,53,0,20,2,2009,0,0,12,,,,,,1,1,32,2,0,0,3,0,3,0,11,8,,,,,0,0,0,3,1,0,0,0,0,96,,,,,,0,,,,,,98273,53,67,155,6,1,0,0,0,0,0,0,,,,,,0,,,8,0,0,0,8,9,8,,,0,0,0,8,8,0,0,0,0,0,0,0,0,0,996,,,,,,,,,,,,,,,,,,,,,,,,,,,,,,0,0,0,0,0,0,1,1,1,0,0,0,0,0,0,0,0,0,0,0,0,0,0,0,0,0,0,0,0,1,0,0,0,0,0,,0,0,0,0,0,0,0,0,0,0,0,0,0,0,0,0,,,,,,31-35,26-35,State route,R,Wednesday,Belt Used,PV,Not Fatal,0,1,1,0,State Route,State Patrol,Washington State Patrol Headquarter,0,1,0,0,0,,,,,,,,,,,,,,,,,,,,,,,,,,,,,,,,,,,,,,,,,,,