year,case,par,repjur,crash_dt,crash_tm,accday,accmon,holiday,county,co_char,city,weather,weather2,lightcond,surfcond,surftype,numfatal,nmforms,pforms,vforms,not_tm,arr_tm,hosp_tm,fhevent,hitrun,manncol,milepnt,reljunc,reljuncinter,intersectiontype,funcsystem,landuse,ownership,route,schlbus,spejur,contdev,devfunc,trafid1,trafid2,x,y,wk_zone,vnumber,crashtype,criticalevent,criticaleventcat,spdlim,body,trailer,emerg,hazcargo,leave,mhevent,roadalgn,roadprof,traflane,trafflow,vehmanvr,numoccs,regowner,regstate,spuse,make,model,modelyr,vrf1,vrf2,seqevent1,seqevent2,seqevent3,seqevent4,seqevent5,seqevent6,pnumber,ptype,age,sex,hispanic,race,injury,diedscene,restraint,restraintmisuse,seatpos,takehosp,death_dt,death_tm,cert,cernum_wa,commlic,licendor,licrestrict,liccomp,drivpres,drf1,drf2,drf3,drf4,distract1,distract2,distract3,distract4,distract5,distract6,dricond1,dricond2,dricond3,dricond4,dricond5,dricond6,dzip,licstate,drhgt_in,weight,noncdl,noncdltype,prevdwi,prevoth,prevacc,prevspd,prevsus,driviol1,driviol2,driviol3,driviol4,driviol5,driviol6,spdrel,first_dt,last_dt,airbag,ejection,ejectpath,extricat,injurwrk,methalc,methdrug,nmlocat,strikveh,prf1,prf2,prf3,druginv,alcinvol,drugsts,drugres1,drugres2,drugres3,drugtst1,drugtst2,drugtst3,alcsts,alctst,alcres,nmact1,nmact2,nmact3,nmact4,nmact5,nmact6,nmprior1,nmprior2,nmprior3,nmprior4,nmprior5,nmprior6,nmcond1,nmcond2,nmcond3,nmcond4,nmcond5,nmcond6,nmsafe_helmet,nmsafe_pads,nmsafe_oth,nmprev_ref,nmprev_lgt,nmprev_oth,crashlocation,nmcrashtype,crosswalk,schoolzone,sidewalk,train_inv,wildlife_inv,rotr_fars,intersect_fars,dd_inv,aid_inv,dpd_inv,id_inv,mj_inv,impnm_inv,ainm_inv,dpnm_inv,speed_inv,unlic_inv,unendmc_inv,drowsy_inv,drdist_inv,nmdist_inv,fty_inv,unrestfat_inv,dr1617_inv,dr1820_inv,dr1620_inv,dr2125_inv,dr1625_inv,dr65_inv,dr70_inv,dr75_inv,mc_inv,pv_inv,ht_inv,ped_inv,bike_inv,unrest_fat,mc_fat,unhelmet_mc,pv_fat,ht_fat,ped_fat,bike_fat,dr_alc7,dr_alc8,dr_drug,dr_imp,dr_dist,dr_spd,dr_fty,dr_unlic,dr_alc7only,dr_alc8only,dr_drugonly,dr_drink,nm_imp,nm_alc7,nm_alc8,nm_drug,nm_dist,agegrp1,agegrp2,roadclass,urbrur,dayweek,restuse,vehtype,race_me,intersect,lanedep,oppdir,wrongway,rep_typ,investag,repag_long,rotr,st_rd,cty_rd,city_rd,oth_rd,drug_thc,thc_res,drug_cthc,cthc_res,drug_cann,prevpersemin,prevperse,prevsusoth,drugtst4,drugtst5,drugtst6,drugtst7,drugtst8,drugres4,drugres5,drugres6,drugres7,drugres8,adspresent,adsengaged,adslevel,race1,race2,race3,race4,race5,helmet,helmetmisuse,nmdistract1,nmdistract2,nmdistract3,nmdistract4,nmdistract5,nmdistract6,lab,isedtcase,crf1,crf2,crf3,CoRoadName,CoMP,IntCoRoadName,IntCoMP
2017,278,E697816,2,07/31/2017,15:38,31,7,0,73,Whatcom,110,1,0,1,1,1,1,0,1,1,,,,1,0,0,250.5,1,0,1,1,2,1,1,0,0,0,0,I-5,,-122.4747222,48.71324722,0,1,98,12,2,60,40,0,0,1,2,1,2,1,2,3,14,1,1,53,0,49,472,1996,0,0,64,69,1,,,,1,1,42,1,7,1,4,0,99,0,11,1,08/03/2017,1:45,1.96053E+11,34680,0,0,3,3,1,0,0,0,0,0,,,,,,1,,,,,,98273,53,72,250,6,1,0,0,0,0,0,0,,,,,,0,,,1,0,0,0,0,9,8,,,0,0,0,8,0,2,1,0,0,1,0,0,2,1,0,,,,,,,,,,,,,,,,,,,,,,,,,,,,,,0,0,0,0,0,0,0,0,0,0,0,0,0,0,0,0,0,0,0,0,0,0,0,0,0,0,0,0,0,1,0,0,0,0,0,,1,0,0,0,0,0,0,0,0,0,0,0,0,0,0,0,,,,,,41-45,36-45,Interstate,U,Monday,Unknown,PV,White,0,0,0,0,State Route,State Patrol,Washington State Patrol Headquarter,0,1,0,0,0,,,,,,,,,,,,,,,,,,,,,,,,,,,,,,,,,,,,,,,,,,,
2018,26,E764610,2,01/15/2018,17:54,15,1,2,57,Skagit,0,1,0,2,1,2,1,0,2,2,,,,12,0,6,4.9,2,0,2,4,1,2,4,0,0,20,3,CR-JOSH WILSON RD,FARM TO MARKET RD,-122.4444083,48.48668056,0,1,89,17,2,50,14,0,0,1,7,12,1,1,2,1,4,1,1,53,0,49,401,1997,0,0,12,,,,,,1,1,60,2,7,1,4,7,3,0,11,0,01/15/2018,17:54,53002313,2313,0,0,0,3,1,0,0,0,0,93,,,,,,0,,,,,,98273,53,68,175,6,1,0,1,1,0,,0,,,,,,0,08/15/2013,08/15/2013,1,0,0,0,0,9,8,,,0,0,0,8,0,2,1,,,1,,,2,1,0,,,,,,,,,,,,,,,,,,,,,,,,,,,,,,0,0,0,1,0,0,0,0,0,0,0,0,0,1,0,0,1,0,0,0,0,0,0,0,0,0,0,0,0,1,0,0,0,0,0,,1,0,0,0,0,0,0,0,1,0,0,0,0,0,0,0,,,,,,56-60,56-65,County road,R,Monday,Belt Used,PV,White,1,0,0,0,County Road,State Patrol,Washington State Patrol Headquarter,0,0,1,0,0,,,,,,0,0,0,,,,,,,,,,,,,,,,,,,,,,,,,,,,,,,,,,,
2018,358,E841212,2,09/18/2018,21:02,18,9,0,61,Snohomish,0,1,0,2,1,1,1,1,3,2,,,,8,0,0,216.1,1,0,1,1,1,1,1,0,0,0,0,I-5,,-122.2811806,48.27861667,0,1,13,80,5,70,4,0,0,1,2,8,1,1,3,3,1,1,1,53,0,37,31,2003,0,0,8,,,,,,1,1,36,1,0,0,1,0,3,0,11,0,,,,,0,0,0,3,1,0,0,0,0,0,,,,,,0,,,,,,98273,53,70,160,6,1,0,2,0,4,,0,,,,,,0,09/15/2013,09/15/2017,20,0,0,0,8,9,8,,,0,0,0,8,0,8,95,,,96,,,8,95,995,,,,,,,,,,,,,,,,,,,,,,,,,,,,,,0,0,0,0,0,0,0,0,0,0,0,0,0,0,0,0,0,0,0,0,0,0,0,0,0,1,0,0,0,1,0,1,0,0,0,,0,0,0,0,0,0,0,0,0,0,0,0,0,0,0,0,,,,,,36-40,36-45,Interstate,R,Tuesday,Belt Used,PV,Not Fatal,0,0,0,0,State Route,State Patrol,Washington State Patrol Headquarter,0,1,0,0,0,,,,,,0,0,9,,,,,,,,,,,,,,,,,,,,,,,,,,,,,,,,,,,
2018,358,E841212,2,09/18/2018,21:02,18,9,0,61,Snohomish,0,1,0,2,1,1,1,1,3,2,,,,8,0,0,216.1,1,0,1,1,1,1,1,0,0,0,0,I-5,,-122.2811806,48.27861667,0,2,98,80,5,70,4,0,0,1,2,8,1,1,3,3,1,2,1,53,0,49,40,2009,0,0,8,,,,,,1,1,68,1,0,0,0,0,3,0,11,0,,,,,0,0,0,3,1,0,0,0,0,0,,,,,,0,,,,,,98273,53,64,168,6,1,0,0,0,0,,0,,,,,,0,,,20,0,0,0,8,9,8,,,0,0,0,8,0,8,95,,,96,,,8,95,995,,,,,,,,,,,,,,,,,,,,,,,,,,,,,,0,0,0,0,0,0,0,0,0,0,0,0,0,0,0,0,0,0,0,0,0,0,0,0,0,1,0,0,0,1,0,1,0,0,0,,0,0,0,0,0,0,0,0,0,0,0,0,0,0,0,0,,,,,,66-70,66-75,Interstate,R,Tuesday,Belt Used,PV,Not Fatal,0,0,0,0,State Route,State Patrol,Washington State Patrol Headquarter,0,1,0,0,0,,,,,,0,0,0,,,,,,,,,,,,,,,,,,,,,,,,,,,,,,,,,,,
2018,345,E844453,248,10/01/2018,23:04,1,10,0,33,King,1830,2,0,3,2,2,1,0,2,2,,,,12,0,6,0,1,0,1,7,2,4,6,0,0,0,0,SE CARR RD,S CARR RD,-122.2060083,47.44237778,0,2,66,62,4,35,34,0,0,1,7,12,3,3,2,1,14,1,1,53,0,7,482,2005,0,0,12,,,,,,1,1,48,1,0,0,0,0,3,0,11,0,,,,,0,0,0,3,1,0,0,0,0,96,,,,,,0,,,,,,98273,53,69,210,6,1,0,0,0,2,,0,,,,,,0,11/15/2014,02/15/2015,1,0,0,0,8,9,8,,,0,0,0,8,0,8,95,,,96,,,8,95,995,,,,,,,,,,,,,,,,,,,,,,,,,,,,,,0,0,0,0,0,0,0,0,0,0,0,0,1,0,0,0,0,0,0,0,0,0,0,1,1,0,0,0,0,1,0,0,0,0,0,,0,0,0,0,0,0,0,0,0,0,0,0,0,0,0,0,,,,,,46-50,46-55,City street,U,Monday,Belt Used,PV,Not Fatal,0,1,1,0,City Street,Municipal/City Police,Renton Police Department,0,0,0,1,0,,,,,,0,0,0,,,,,,,,,,,,,,,,,,,,,,,,,,,,,,,,,,,
2018,403,E857585,2,11/03/2018,22:06,3,11,0,57,Skagit,0,2,0,2,2,2,1,0,2,2,22:00,22:11,22:35,12,0,2,3.1,1,0,1,5,1,2,4,0,0,0,0,CR-FRANCIS RD,,-122.2873083,48.46795278,0,2,51,62,4,50,4,0,0,1,7,12,1,1,2,1,1,1,1,53,0,37,31,1999,0,0,12,,,,,,1,1,38,2,7,1,4,7,3,0,11,0,11/03/2018,22:06,53050351,50351,0,0,0,3,1,0,0,0,0,96,,,,,,99,,,,,,98273,53,68,235,6,1,0,2,0,0,,0,,,,,,0,08/15/2016,06/15/2017,8,0,0,0,0,9,8,,,0,0,0,8,9,2,605,695,996,1,1,1,2,1,0,,,,,,,,,,,,,,,,,,,,,,,,,,,,,,0,0,0,0,1,0,1,1,1,0,0,0,0,0,0,0,0,0,0,0,0,0,0,0,0,0,0,0,0,1,0,0,0,0,0,,1,0,0,0,0,0,1,1,0,0,0,0,0,0,1,0,,,,,,36-40,36-45,County road,R,Saturday,Belt Used,PV,White,0,1,1,0,County Road,State Patrol,Washington State Patrol,0,0,1,0,0,thc,8.7,carboxy-thc,50,,0,0,0,1,,,,,996,,,,,,,,,,,,,,,,,,,,,,,,,,,,,
2019,45,E894886,2,01/26/2019,23:17,26,1,,57,Skagit,0,1,0,2,1,1,1,1,7,4,,,,8,0,0,237,1,0,1,1,1,1,1,0,0,0,0,I-5,,-122.3482667,48.56642778,0,1,13,80,5,70,14,0,0,1,5,8,1,1,2,3,1,1,2,53,0,48,401,2003,0,0,8,,,,,,1,1,18,1,0,,0,0,3,0,11,0,,,,,0,0,0,3,1,0,0,0,0,92,,,,,,99,,,,,,98273,53,73,180,6,2,0,0,0,0,,0,,,,,,0,,,20,0,0,0,8,9,8,,,0,0,0,8,0,2,695,,,1,,,2,1,0,,,,,,,,,,,,,,,,,,,,,,,,,,,,,,0,0,0,0,0,0,1,1,1,1,0,1,0,0,0,0,1,0,0,0,0,1,1,0,1,0,0,0,0,1,0,1,0,0,0,,0,0,0,0,0,0,1,1,1,0,0,0,0,0,1,0,,,,,,18-20,16-25,Interstate,R,Saturday,Belt Used,PV,Not Fatal,0,0,0,0,State Route,State Patrol,Washington State Patrol,0,1,0,0,0,,,carboxy-thc,5.2,,0,0,0,,,,,,,,,,,98,98,98,0,,,,,20,7,,,,,,,,,,,,,,,
2019,45,E894886,2,01/26/2019,23:17,26,1,,57,Skagit,0,1,0,2,1,1,1,1,7,4,,,,8,0,0,237,1,0,1,1,1,1,1,0,0,0,0,I-5,,-122.3482667,48.56642778,0,2,98,80,5,70,6,1,0,1,5,8,1,1,2,3,1,3,1,53,0,7,21,2005,0,0,8,,,,,,1,1,44,2,0,,0,0,3,0,11,0,,,,,0,0,0,3,1,0,0,0,0,96,,,,,,0,,,,,,98273,53,65,210,6,1,0,1,0,0,,0,,,,,,0,07/15/2017,07/15/2017,20,0,0,0,8,9,8,,,0,0,0,8,0,8,95,,,96,,,8,95,995,,,,,,,,,,,,,,,,,,,,,,,,,,,,,,0,0,0,0,0,0,1,1,1,1,0,1,0,0,0,0,1,0,0,0,0,1,1,0,1,0,0,0,0,1,0,1,0,0,0,,0,0,0,0,0,0,0,0,0,0,0,0,0,0,0,0,,,,,,41-45,36-45,Interstate,R,Saturday,Belt Used,PV,Not Fatal,0,0,0,0,State Route,State Patrol,Washington State Patrol,0,1,0,0,0,,,,,,0,0,0,,,,,,,,,,,98,98,98,0,,,,,20,7,,,,,,,,,,,,,,,
2019,74,E904233,2,03/20/2019,20:31,20,3,,57,Skagit,1410,1,0,3,1,2,1,1,1,1,,,,8,0,0,0,1,0,1,7,2,4,6,0,0,0,0,FREEWAY DR,,-122.3431333,48.43608889,0,1,13,80,5,25,4,0,0,1,7,8,1,1,4,1,1,1,1,53,0,63,34,2008,0,0,8,,,,,,1,1,52,2,0,,0,0,3,0,11,0,,,,,0,0,0,3,1,0,0,0,0,96,,,,,,0,,,,,,98273,53,59,135,6,1,0,0,0,0,,0,,,,,,0,,,20,0,0,0,8,9,8,,,0,0,0,8,9,2,1,,,1,,,2,1,0,,,,,,,,,,,,,,,,,,,,,,,,,,,,,,0,0,0,0,0,0,0,0,0,1,1,1,0,0,0,0,0,0,0,0,0,0,0,0,0,0,0,0,0,1,0,1,0,0,0,,0,0,0,0,0,0,0,0,0,0,0,0,0,0,0,0,,,,,,51-55,46-55,City street,U,Wednesday,Belt Used,PV,Not Fatal,0,0,0,0,City Street,State Patrol,Washington State Patrol,0,0,0,1,0,,,,,,0,0,0,,,,,,,,,,,98,98,98,0,,,,,20,7,,,,,,,,,,,,,,,
2019,130,E917267,2,04/30/2019,5:35,30,4,,57,Skagit,0,1,0,4,1,2,1,0,8,7,,,,12,0,1,221.2,1,0,1,1,1,1,1,0,0,97,8,I-5,,-122.3360056,48.34301667,1,4,98,98,7,70,14,0,0,1,7,12,1,1,1,3,2,2,1,53,0,12,402,2009,0,0,12,12,,,,,1,1,20,1,0,,0,0,3,0,11,0,,,,,0,0,0,3,1,0,0,0,0,96,,,,,,0,,,,,,98273,53,70,200,6,1,0,0,0,0,,0,,,,,,0,,,1,0,0,0,8,9,8,,,0,0,0,8,0,8,95,,,96,,,8,95,995,,,,,,,,,,,,,,,,,,,,,,,,,,,,,,0,0,0,0,0,0,0,0,0,0,0,0,0,0,0,0,1,0,0,0,0,1,1,0,1,0,0,0,0,1,1,0,0,0,0,,0,0,0,0,0,0,0,0,0,0,0,0,0,0,0,0,,,,,,18-20,16-25,Interstate,R,Tuesday,Belt Used,PV,Not Fatal,0,0,0,0,State Route,State Patrol,Washington State Patrol,0,1,0,0,0,,,,,,0,0,0,,,,,,,,,,,98,98,98,0,,,,,20,7,,,,,,,,,,,,,,,
2019,130,E917267,2,04/30/2019,5:35,30,4,,57,Skagit,0,1,0,4,1,2,1,0,8,7,,,,12,0,1,221.2,1,0,1,1,1,1,1,0,0,97,8,I-5,,-122.3360056,48.34301667,1,6,98,98,7,70,4,0,0,1,7,12,1,1,1,3,2,1,1,53,0,52,34,2012,0,0,12,64,57,,,,1,1,43,2,0,,0,0,3,0,11,0,,,,,0,0,0,3,1,0,0,0,0,96,,,,,,0,,,,,,98273,53,65,180,6,1,0,0,1,0,,0,,,,,,0,06/15/2017,06/15/2017,20,0,0,0,8,9,8,,,0,0,0,8,0,8,95,,,96,,,8,95,995,,,,,,,,,,,,,,,,,,,,,,,,,,,,,,0,0,0,0,0,0,0,0,0,0,0,0,0,0,0,0,1,0,0,0,0,1,1,0,1,0,0,0,0,1,1,0,0,0,0,,0,0,0,0,0,0,0,0,0,0,0,0,0,0,0,0,,,,,,41-45,36-45,Interstate,R,Tuesday,Belt Used,PV,Not Fatal,0,0,0,0,State Route,State Patrol,Washington State Patrol,0,1,0,0,0,,,,,,0,0,0,,,,,,,,,,,98,98,98,0,,,,,20,7,,,,,,,,,,,,,,,
2019,130,E917267,2,04/30/2019,5:35,30,4,,57,Skagit,0,1,0,4,1,2,1,0,8,7,,,,12,0,1,221.2,1,0,1,1,1,1,1,0,0,97,8,I-5,,-122.3360056,48.34301667,1,7,98,98,7,70,4,0,0,1,5,12,1,1,1,3,2,1,1,53,0,24,1,1995,0,0,12,,,,,,1,1,42,1,0,,0,0,3,0,11,0,,,,,0,0,3,3,1,0,0,0,0,96,,,,,,0,,,,,,98273,53,73,185,6,1,0,0,0,0,,0,,,,,,0,,,20,0,0,0,8,9,8,,,0,0,0,8,0,8,95,,,96,,,8,95,995,,,,,,,,,,,,,,,,,,,,,,,,,,,,,,0,0,0,0,0,0,0,0,0,0,0,0,0,0,0,0,1,0,0,0,0,1,1,0,1,0,0,0,0,1,1,0,0,0,0,,0,0,0,0,0,0,0,0,0,0,0,0,0,0,0,0,,,,,,41-45,36-45,Interstate,R,Tuesday,Belt Used,PV,Not Fatal,0,0,0,0,State Route,State Patrol,Washington State Patrol,0,1,0,0,0,,,,,,0,0,0,,,,,,,,,,,0,0,0,0,,,,,20,7,,,,,,,,,,,,,,,
2019,312,E958461,2,09/02/2019,17:46,2,9,,73,Whatcom,0,1,0,1,1,2,1,0,4,2,,,,12,0,2,14.1,2,0,7,4,1,1,3,0,0,0,0,SR-542,DEMING RD,-122.2096028,48.821075,0,2,69,62,4,55,67,1,0,1,2,12,1,1,2,1,1,3,9,95,0,7,880,2017,0,0,12,,,,,,1,1,37,1,0,,0,0,3,0,11,0,,,,,0,0,0,3,1,0,0,0,0,96,,,,,,0,,,,,,98273,53,64,161,6,1,0,0,0,0,,0,,,,,,0,,,8,0,0,0,8,9,8,,,0,0,0,8,0,8,95,,,96,,,8,95,995,,,,,,,,,,,,,,,,,,,,,,,,,,,,,,0,0,0,1,1,1,0,1,0,0,0,0,0,1,0,0,0,0,1,0,0,0,0,0,0,0,0,0,0,1,1,0,0,0,0,,0,0,0,0,0,0,0,0,0,0,0,0,0,0,0,0,,,,,,36-40,36-45,State route,R,Monday,,MHTRUCK,Not Fatal,1,0,0,0,State Route,State Patrol,Washington State Patrol,0,1,0,0,0,,,,,,0,0,0,,,,,,,,,,,98,98,98,0,,,,,20,7,,,,,,,,,,,,,,,
2020,13,EA04977,205,01/16/2020,11:39,16,1,,57,Skagit,1410,10,,1,2,2,1,0,4,2,11:39,11:46,11:50,12,0,6,0,2,0,2,5,2,4,6,0,0,3,3,N 18TH ST,E Fir St,-122.318925,48.42839167,0,1,68,15,2,25,4,0,0,1,5,12,1,2,3,1,11,3,1,53,0,24,1,1992,0,,12,,,,,,1,1,28,1,0,,0,0,3,0,11,0,,,,,0,0,3,3,1,38,,,,96,,,,,,98,,,,,,98273,53,71,121,6,1,0,0,1,0,,97,,,,,,0,04/15/2016,04/15/2016,20,0,0,0,8,9,8,,,0,,,8,8,2,1,,,1,,,2,1,0,,,,,,,,,,,,,,,,,,,,,,,,,,,,,,0,0,0,1,0,0,0,0,0,0,0,0,0,0,0,0,0,0,1,1,0,0,0,0,0,0,0,0,0,1,1,0,0,0,0,,0,0,0,0,0,0,0,0,0,0,1,0,0,0,0,0,,,,,,26-30,26-35,City street,U,Thursday,Belt Used,PV,Not Fatal,1,0,0,0,City Street,Municipal/City Police,Mount Vernon Police Department,0,0,0,1,0,,,,,,0,0,0,,,,,,,,,,,0,0,0,0,,,,,20,7,,,,,,,,1,0,,,,,,
2020,267,EA53000,2,08/05/2020,12:09,5,8,,57,Skagit,0,1,,1,1,1,2,0,2,2,,,,12,0,2,50.8,1,0,1,2,2,1,3,0,0,0,0,SR-20,,-122.5137222,48.45450833,0,2,52,54,3,55,14,0,0,1,2,12,1,2,2,3,1,1,1,53,0,49,401,2000,0,,12,,,,,,1,1,62,2,7,,4,7,3,0,11,0,08/05/2020,12:09,5053036820,36820,0,0,3,3,1,0,,,,96,,,,,,0,,,,,,98273,53,64,116,6,1,0,0,1,0,,0,,,,,,0,08/15/2016,08/15/2016,1,0,0,0,0,9,8,,,0,,,8,8,2,1,,,1,,,2,1,0,,,,,,,,,,,,,,,,,,,,,,,,,,,,,,0,0,0,0,0,0,1,1,0,0,0,0,0,0,0,0,0,0,0,0,0,0,0,0,0,1,1,1,0,1,0,0,0,0,0,,1,0,0,0,0,0,0,0,0,0,0,0,0,0,0,0,,,,,,61-65,56-65,State route,U,Wednesday,Belt Used,PV,White,0,0,0,1,State Route,State Patrol,Washington State Patrol,0,1,0,0,0,,,,,,0,0,0,,,,,,,,,,,98,98,98,1,,,,,20,7,,,,,,,,1,0,,,,,,
2020,310,EA59760,2,08/23/2020,11:15,23,8,,73,Whatcom,0,1,,1,1,1,1,0,3,2,11:20,12:04,,12,0,2,143.4,1,0,1,4,1,1,3,0,0,0,0,SR-20,,-120.8815778,48.67960833,0,2,51,62,4,55,34,1,0,1,2,12,3,2,2,1,14,2,1,53,0,7,482,2012,0,,12,,,,,,1,1,55,1,0,,0,0,3,0,11,0,,,,,0,0,3,3,1,0,,,,96,,,,,,0,,,,,,98273,53,68,290,6,1,0,0,0,0,,0,,,,,,0,,,20,0,0,0,8,9,8,,,0,,,8,8,0,0,,,0,,,0,0,996,,,,,,,,,,,,,,,,,,,,,,,,,,,,,,0,0,0,0,0,0,1,1,0,0,0,0,1,0,0,0,0,0,0,0,0,0,0,0,0,0,0,0,1,1,0,0,0,0,0,,0,0,0,0,0,0,0,0,0,0,0,0,0,0,0,0,,,,,,51-55,46-55,State route,R,Sunday,Belt Used,PV,Not Fatal,0,1,1,0,State Route,State Patrol,Washington State Patrol,0,1,0,0,0,,,,,,0,0,0,,,,,,,,,,,98,98,98,0,,,,,20,7,,,,,,,,1,0,,,,,,
2021,192,EB42084,2,06/12/2021,18:20,12,6,,29,Island,0,1,,1,1,2,1,0,2,2,,,,42,0,0,,1,0,1,6,1,2,4,0,0,0,0,CR-RACE RD,,-122.5908972,48.18120278,0,2,98,98,7,35,80,0,0,1,5,12,3,4,2,1,14,1,2,53,0,72,706,2018,0,,12,,,,,,1,1,25,1,0,,2,0,20,7,11,0,,,,,0,0,0,3,1,0,,,,96,,,,,,98,,,,,,98273,53,79,280,6,1,0,0,0,0,,0,,,,,,0,,,20,8,0,0,8,9,8,,,0,,,8,8,0,0,,,0,,,0,0,996,,,,,,,,,,,,,,,,,,,,,,,,,,,,,,0,0,1,0,1,1,1,1,1,0,0,0,1,0,0,0,0,0,0,0,0,0,0,1,1,0,0,0,1,0,0,0,0,0,0,0,0,0,0,0,0,0,0,0,0,0,0,0,0,0,0,0,,,,,,21-25,16-25,County road,R,Saturday,,MC,Not Fatal,0,1,0,0,County Road,State Patrol,Washington State Patrol,1,0,1,0,0,,,,,,0,0,0,,,,,,,,,,,0,0,0,0,,,,,5,,,,,,,,,1,0,,,RACE RD,1.341,NULL,
2021,277,EB55485,2,08/03/2021,18:36,3,8,,57,Skagit,0,1,,1,1,2,1,0,7,2,,,,57,0,0,232.5,1,0,1,1,1,1,1,0,0,0,0,I-5,,-122.3371889,48.5037,0,1,6,9,1,70,34,0,0,1,2,57,1,1,2,3,6,1,1,53,0,49,472,2004,0,,64,57,65,57,,,1,1,36,2,7,,4,7,20,7,11,0,08/03/2021,18:36,53038869,38869,0,0,0,3,1,33,,,,96,,,,,,98,,,,,,98273,53,69,250,6,1,0,3,0,2,,0,,,,,,4,06/15/2017,02/15/2021,20,1,9,0,0,9,8,,,0,,,8,8,2,996,996,695,1,1,1,2,1,0,,,,,,,,,,,,,,,,,,,,,,,,,,,,,,0,0,1,0,0,0,1,1,1,0,0,0,1,1,0,0,0,0,0,1,0,0,0,0,0,0,0,0,0,1,0,0,0,1,0,,1,0,0,0,0,0,1,1,0,1,0,0,0,0,1,0,,,,,,36-40,36-45,Interstate,R,Tuesday,Not Used,PV,White,0,0,0,0,State Route,State Patrol,Washington State Patrol,0,1,0,0,0,thc,50,carboxy-thc,99,,0,0,0,1,,,,,605,,,,,98,98,98,1,,,,,20,,,,,,,,nms,1,0,,,,,,
2021,277,EB55485,2,08/03/2021,18:36,3,8,,57,Skagit,0,1,,1,1,2,1,0,7,2,,,,57,0,0,232.5,1,0,1,1,1,1,1,0,0,0,0,I-5,,-122.3371889,48.5037,0,2,98,8,1,70,4,0,0,1,2,57,1,1,2,3,1,6,2,53,0,7,24,2012,0,,64,57,,,,,1,1,33,1,0,,0,0,3,0,11,0,,,,,0,0,0,0,1,0,,,,96,,,,,,98,,,,,,98273,53,67,200,0,0,0,1,1,3,,97,,,,,,0,01/15/2017,11/15/2020,8,0,0,0,8,9,8,,,0,,,8,8,8,95,,,96,,,2,1,997,,,,,,,,,,,,,,,,,,,,,,,,,,,,,,0,0,1,0,0,0,1,1,1,0,0,0,1,1,0,0,0,0,0,1,0,0,0,0,0,0,0,0,0,1,0,0,0,0,0,,0,0,0,0,0,0,0,0,0,0,0,1,0,0,0,0,,,,,,31-35,26-35,Interstate,R,Tuesday,Belt Used,PV,Not Fatal,0,0,0,0,State Route,State Patrol,Washington State Patrol,0,1,0,0,0,,,,,,0,0,1,,,,,,,,,,,98,98,98,0,,,,,20,,,,,,,,,1,0,,,,,,
2021,443,EB75870,2,10/07/2021,10:44,7,10,,57,Skagit,0,1,,1,1,2,1,0,2,2,,,,12,0,6,54.7,2,0,3,3,1,1,3,0,0,0,0,SR-20,SR-536,-122.4312556,48.44628611,0,1,78,16,2,55,80,0,0,1,2,12,2,1,2,1,10,1,1,53,0,73,706,2021,0,,12,,,,,,1,1,27,1,7,,4,0,20,7,11,5,11/03/2021,16:06,1.96053E+11,56848,0,0,0,3,1,38,,,,96,,,,,,98,,,,,,98273,53,75,300,6,1,0,1,0,1,,0,,,,,,0,05/15/2018,05/15/2018,20,8,0,0,0,9,8,,,0,,,8,8,0,0,,,0,,,0,0,996,,,,,,,,,,,,,,,,,,,,,,,,,,,,,,0,0,0,1,1,0,0,0,0,0,0,0,0,1,0,0,0,0,1,0,0,0,0,0,0,1,0,0,1,1,0,0,0,0,1,0,0,0,0,0,0,0,0,0,0,0,1,0,0,0,0,0,,,,,,26-30,26-35,State route,R,Thursday,,MC,White,0,0,0,0,State Route,State Patrol,Washington State Patrol,0,1,0,0,0,,,,,,0,0,0,,,,,,,,,,,98,98,98,1,,,,,5,,,,,,,,,1,0,,,,,,
2021,406,EB76902,2,10/08/2021,10:44,8,10,,57,Skagit,0,1,,1,1,1,1,0,2,2,,,,12,0,6,,2,0,2,5,1,2,4,0,0,20,3,CR-MINKLER RD,HOEN RD,-122.1398389,48.52522778,0,1,89,17,2,35,4,0,0,1,2,12,1,1,2,1,4,1,2,53,0,48,38,2012,0,,12,,,,,,1,1,69,2,7,,4,7,3,0,11,0,10/08/2021,10:44,53050961,50961,0,0,3,3,1,38,,,,96,,,,,,98,,,,,,98273,53,63,160,6,1,0,0,0,0,,0,,,,,,0,,,1,0,0,0,0,9,8,,,0,,,8,8,2,996,996,,1,1,,2,1,0,,,,,,,,,,,,,,,,,,,,,,,,,,,,,,0,0,0,1,0,0,1,1,0,0,0,0,0,0,0,0,0,0,1,0,0,1,1,0,1,1,0,0,0,1,0,0,0,0,0,,1,0,0,0,0,0,1,1,0,0,1,0,0,0,1,0,,,,,,66-70,66-75,County road,R,Friday,Belt Used,PV,White,1,0,0,0,County Road,State Patrol,Washington State Patrol,0,0,1,0,0,,,,,,0,0,0,,,,,,,,,,,98,98,98,1,,,,,20,,,,,,,,,1,0,,,MINKLER ROAD,3.64,HOEHN ROAD,4.553
2017,213,E693720,2,06/21/2017,3:17,21,6,0,57,Skagit,50,1,0,3,1,2,1,1,1,1,,,,8,0,0,51.9,3,0,2,3,2,1,3,0,0,2,3,SR-20,COMMERCIAL AVE,-122.6126361,48.51261389,0,1,13,80,5,25,66,1,0,1,5,8,1,1,4,1,11,1,3,53,0,82,881,2005,0,0,8,,,,,,1,1,51,1,0,0,0,0,3,0,11,0,,,,,6,1,0,3,1,0,0,0,0,0,,,,,,0,,,,,,98274,53,73,240,6,1,0,1,0,0,0,0,,,,,,0,05/15/2015,05/15/2015,20,0,0,0,8,9,2,,,0,0,0,0,0,0,0,0,0,0,0,0,0,0,996,,,,,,,,,,,,,,,,,,,,,,,,,,,,,,0,0,0,1,0,0,0,0,0,1,0,1,0,0,0,0,0,0,0,0,0,0,0,0,0,0,0,0,0,0,1,1,0,0,0,,0,0,0,0,0,0,0,0,0,0,0,0,0,0,0,0,,,,,,51-55,46-55,State route,U,Wednesday,,MHTRUCK,Not Fatal,1,0,0,0,State Route,State Patrol,Washington State Patrol Headquarter,0,1,0,0,0,,,,,,,,,,,,,,,,,,,,,,,,,,,,,,,,,,,,,,,,,,,