year,case,par,repjur,crash_dt,crash_tm,accday,accmon,holiday,county,co_char,city,weather,weather2,lightcond,surfcond,surftype,numfatal,nmforms,pforms,vforms,not_tm,arr_tm,hosp_tm,fhevent,hitrun,manncol,milepnt,reljunc,reljuncinter,intersectiontype,funcsystem,landuse,ownership,route,schlbus,spejur,contdev,devfunc,trafid1,trafid2,x,y,wk_zone,vnumber,crashtype,criticalevent,criticaleventcat,spdlim,body,trailer,emerg,hazcargo,leave,mhevent,roadalgn,roadprof,traflane,trafflow,vehmanvr,numoccs,regowner,regstate,spuse,make,model,modelyr,vrf1,vrf2,seqevent1,seqevent2,seqevent3,seqevent4,seqevent5,seqevent6,pnumber,ptype,age,sex,hispanic,race,injury,diedscene,restraint,restraintmisuse,seatpos,takehosp,death_dt,death_tm,cert,cernum_wa,commlic,licendor,licrestrict,liccomp,drivpres,drf1,drf2,drf3,drf4,distract1,distract2,distract3,distract4,distract5,distract6,dricond1,dricond2,dricond3,dricond4,dricond5,dricond6,dzip,licstate,drhgt_in,weight,noncdl,noncdltype,prevdwi,prevoth,prevacc,prevspd,prevsus,driviol1,driviol2,driviol3,driviol4,driviol5,driviol6,spdrel,first_dt,last_dt,airbag,ejection,ejectpath,extricat,injurwrk,methalc,methdrug,nmlocat,strikveh,prf1,prf2,prf3,druginv,alcinvol,drugsts,drugres1,drugres2,drugres3,drugtst1,drugtst2,drugtst3,alcsts,alctst,alcres,nmact1,nmact2,nmact3,nmact4,nmact5,nmact6,nmprior1,nmprior2,nmprior3,nmprior4,nmprior5,nmprior6,nmcond1,nmcond2,nmcond3,nmcond4,nmcond5,nmcond6,nmsafe_helmet,nmsafe_pads,nmsafe_oth,nmprev_ref,nmprev_lgt,nmprev_oth,crashlocation,nmcrashtype,crosswalk,schoolzone,sidewalk,train_inv,wildlife_inv,rotr_fars,intersect_fars,dd_inv,aid_inv,dpd_inv,id_inv,mj_inv,impnm_inv,ainm_inv,dpnm_inv,speed_inv,unlic_inv,unendmc_inv,drowsy_inv,drdist_inv,nmdist_inv,fty_inv,unrestfat_inv,dr1617_inv,dr1820_inv,dr1620_inv,dr2125_inv,dr1625_inv,dr65_inv,dr70_inv,dr75_inv,mc_inv,pv_inv,ht_inv,ped_inv,bike_inv,unrest_fat,mc_fat,unhelmet_mc,pv_fat,ht_fat,ped_fat,bike_fat,dr_alc7,dr_alc8,dr_drug,dr_imp,dr_dist,dr_spd,dr_fty,dr_unlic,dr_alc7only,dr_alc8only,dr_drugonly,dr_drink,nm_imp,nm_alc7,nm_alc8,nm_drug,nm_dist,agegrp1,agegrp2,roadclass,urbrur,dayweek,restuse,vehtype,race_me,intersect,lanedep,oppdir,wrongway,rep_typ,investag,repag_long,rotr,st_rd,cty_rd,city_rd,oth_rd,drug_thc,thc_res,drug_cthc,cthc_res,drug_cann,prevpersemin,prevperse,prevsusoth,drugtst4,drugtst5,drugtst6,drugtst7,drugtst8,drugres4,drugres5,drugres6,drugres7,drugres8,adspresent,adsengaged,adslevel,race1,race2,race3,race4,race5,helmet,helmetmisuse,nmdistract1,nmdistract2,nmdistract3,nmdistract4,nmdistract5,nmdistract6,lab,isedtcase,crf1,crf2,crf3,CoRoadName,CoMP,IntCoRoadName,IntCoMP
2018,115,E791931,205,04/16/2018,20:54,16,4,0,57,Skagit,1410,2,0,2,2,2,2,0,3,2,20:53,21:03,,12,0,6,0,1,0,1,4,2,4,6,0,0,0,0,LITTLE MOUNTAIN RD,,-122.3047056,48.4019,0,2,98,50,3,35,14,0,0,1,7,12,2,1,2,1,14,1,3,53,0,37,402,2017,0,0,12,,,,,,1,1,28,1,0,0,2,0,3,0,11,2,,,,,0,0,0,3,1,0,0,0,0,96,,,,,,0,,,,,,98274,53,72,240,6,1,0,2,2,0,,0,,,,,,0,09/15/2013,02/15/2017,8,0,0,0,8,9,8,,,0,0,0,8,0,2,605,695,,1,1,,2,1,0,,,,,,,,,,,,,,,,,,,,,,,,,,,,,,0,0,0,0,1,1,1,1,1,0,0,0,0,0,0,0,0,0,0,0,0,0,0,0,0,0,0,0,0,1,0,0,0,0,0,,0,0,0,0,0,0,1,1,0,0,0,0,0,0,1,0,,,,,,26-30,26-35,City street,U,Monday,Belt Used,PV,Not Fatal,0,1,1,0,City Street,Municipal/City Police,Mount Vernon Police Department,0,0,0,1,0,thc,1.2,carboxy-thc,34,,0,0,1,,,,,,,,,,,,,,,,,,,,,,,,,,,,,,,,,,,
2018,144,E800965,205,05/14/2018,3:25,14,5,0,57,Skagit,1410,1,0,2,1,2,1,1,1,1,3:31,3:39,,8,0,0,0,1,0,1,4,2,4,6,0,0,0,0,E DIVISION ST,,-122.2983861,48.42096944,0,1,13,80,5,25,4,0,0,1,7,8,1,1,3,5,1,1,1,53,0,37,32,2008,0,0,8,,,,,,1,1,47,2,0,0,0,0,3,0,11,0,,,,,0,0,0,3,1,0,0,0,0,0,,,,,,0,,,,,,98274,53,62,165,6,1,0,0,0,0,,0,,,,,,0,,,20,0,0,0,8,9,8,,,0,0,0,8,0,8,95,,,96,,,8,95,995,,,,,,,,,,,,,,,,,,,,,,,,,,,,,,0,0,0,0,0,0,0,0,0,0,0,0,0,0,0,0,0,0,0,0,0,0,0,0,0,0,0,0,0,1,0,1,0,0,0,,0,0,0,0,0,0,0,0,0,0,0,0,0,0,0,0,,,,,,46-50,46-55,City street,U,Monday,Belt Used,PV,Not Fatal,0,0,0,0,City Street,Municipal/City Police,Mount Vernon Police Department,0,0,0,1,0,,,,,,0,0,0,,,,,,,,,,,,,,,,,,,,,,,,,,,,,,,,,,,
2018,238,E822709,2,07/01/2018,16:06,1,7,0,61,Snohomish,0,1,0,1,1,2,1,0,7,5,16:03,16:07,16:35,12,0,2,208.2,1,0,1,1,1,1,1,0,0,0,0,I-5,,-122.1965389,48.18052222,0,3,98,90,6,70,4,0,0,1,5,54,1,1,3,3,1,1,2,53,0,7,20,2005,0,0,54,,,,,,1,1,16,1,0,0,0,0,3,0,11,0,,,,,0,0,0,2,1,0,0,0,0,96,,,,,,0,,,,,,98274,53,65,122,1,2,0,2,1,2,,97,,,,,,0,02/15/2018,05/15/2018,20,0,0,0,8,9,8,,,0,0,0,8,0,8,95,,,96,,,8,95,995,,,,,,,,,,,,,,,,,,,,,,,,,,,,,,0,0,0,0,1,1,1,1,1,0,0,0,0,1,0,0,0,0,0,0,1,0,1,0,1,0,0,0,0,1,0,0,0,0,0,,0,0,0,0,0,0,0,0,0,0,0,1,0,0,0,0,,,,,,16-17,16-25,Interstate,R,Sunday,Belt Used,PV,Not Fatal,0,0,0,1,State Route,State Patrol,Washington State Patrol,0,1,0,0,0,,,,,,0,0,2,,,,,,,,,,,,,,,,,,,,,,,,,,,,,,,,,,,
2018,284,E829556,2,08/09/2018,23:13,9,8,0,57,Skagit,0,1,0,2,1,2,1,0,6,5,23:07,23:17,23:54,12,0,1,233.4,1,0,1,1,1,1,1,0,0,0,0,I-5,,-122.3392944,48.50786944,0,1,20,50,3,70,34,0,0,1,2,12,1,2,2,3,1,1,2,53,0,20,481,2000,0,0,12,,,,,,1,1,20,1,0,0,1,0,3,0,11,5,,,,,0,0,0,3,1,0,0,0,0,93,,,,,,99,,,,,,98274,53,69,146,6,1,0,2,1,5,,23,,,,,,4,10/15/2014,05/15/2018,20,0,0,0,8,9,2,,,0,0,0,0,1,2,1,,,1,,,2,1,0,,,,,,,,,,,,,,,,,,,,,,,,,,,,,,0,0,0,0,1,0,0,0,0,0,0,0,1,0,0,0,1,0,0,0,0,1,1,1,1,0,0,0,0,1,0,0,0,0,0,,0,0,0,0,0,0,0,0,1,1,0,0,0,0,0,1,,,,,,18-20,16-25,Interstate,R,Thursday,Belt Used,PV,Not Fatal,0,0,0,0,State Route,State Patrol,Washington State Patrol,0,1,0,0,0,,,,,,0,0,0,,,,,,,,,,,,,,,,,,,,,,,,,,,,,,,,,,,
2020,383,EA68726,2,09/22/2020,20:30,22,9,,57,Skagit,0,10,,2,1,2,1,0,1,1,21:50,21:56,,59,0,0,1.2,1,0,1,5,1,2,4,0,0,0,0,CR-BOW HILL RD,,-122.3562778,48.5589,0,1,6,12,2,50,80,0,0,1,2,59,2,1,2,1,14,1,1,53,0,72,706,2005,0,,68,64,59,1,,,1,1,58,1,7,,4,7,20,7,11,0,09/22/2020,20:30,53044777,44777,0,0,0,3,1,0,,,,96,,,,,,9,,,,,,98274,53,71,190,6,1,0,0,0,1,,0,,,,,,4,08/15/2017,06/15/2017,20,8,0,0,0,1,8,,,0,,,0,1,2,1,,,1,,,2,1,0.148,,,,,,,,,,,,,,,,,,,,,,,,,,,,,,0,0,1,0,1,1,0,1,0,0,0,0,1,0,0,0,0,0,0,0,0,0,0,0,0,0,0,0,1,0,0,0,0,0,1,0,0,0,0,0,0,1,0,1,0,1,0,0,0,1,0,1,,,,,,56-60,56-65,County road,R,Tuesday,,MC,White,0,1,0,0,County Road,State Patrol,Washington State Patrol,1,0,1,0,0,,,,,,0,0,1,,,,,,,,,,,0,0,0,1,,,,,5,0,,,,,,,,1,0,,,BOW HILL ROAD,1.174,,
2021,616,EA99060,2,01/16/2021,18:15,16,1,,57,Skagit,0,1,,3,1,2,1,0,1,1,,,,42,0,0,,1,0,1,7,1,2,4,0,0,0,0,CR-PACIFIC HWY,,-122.3189861,48.30686111,0,1,6,12,2,50,5,0,0,1,5,42,2,1,2,1,14,1,1,53,0,41,51,2014,0,,68,64,42,,,,1,1,73,1,7,,4,0,3,0,11,1,02/03/2021,3:10,1.96053E+11,6778,6,0,0,3,1,0,,,,92,,,,,,98,,,,,,98274,53,73,185,6,1,0,0,0,0,,0,,,,,,0,,,8,0,0,0,0,9,8,,,0,,,9,9,0,0,,,0,,,0,0,996,,,,,,,,,,,,,,,,,,,,,,,,,,,,,,0,0,1,0,0,0,0,0,0,0,0,0,0,0,0,0,1,0,0,0,0,0,0,0,0,1,1,0,0,1,0,0,0,0,0,,1,0,0,0,0,0,0,0,1,0,0,0,0,0,0,0,,,,,,71-75,66-75,County road,R,Saturday,Belt Used,PV,White,0,1,0,0,County Road,State Patrol,Washington State Patrol,1,0,1,0,0,,,,,,0,0,0,,,,,,,,,,,98,98,98,1,,,,,20,,,,,,,,,1,0,,,PACIFIC HIGHWAY,0.023,NULL,
2021,128,EB28873,2,05/05/2021,22:03,5,5,,57,Skagit,0,10,,2,1,2,1,0,1,1,,,,42,0,0,42.8,1,0,1,5,1,1,3,0,0,0,0,SR-9,,-122.2031861,48.34709444,0,1,6,12,2,50,80,0,0,1,2,42,2,1,2,1,14,1,2,53,0,76,706,2007,0,,68,64,42,2,,,1,1,37,1,7,,4,7,20,7,11,0,05/05/2021,22:03,53022012,22012,0,0,3,2,1,0,,,,96,,,,,,9,,,,,,98274,53,70,175,1,1,0,1,0,1,,0,,,,,,4,11/15/2019,01/15/2020,20,8,0,0,0,9,8,,,0,,,1,8,2,401,417,151,15,15,15,2,7,0,,,,,,,,,,,,,,,,,,,,,,,,,,,,,,0,0,1,0,0,0,1,1,0,0,0,0,1,1,1,0,0,0,0,0,0,0,0,0,0,0,0,0,1,0,0,0,0,0,1,0,0,0,0,0,0,0,1,1,0,1,0,1,0,0,1,0,,,,,,36-40,36-45,State route,R,Wednesday,,MC,White,0,1,0,0,State Route,State Patrol,Washington State Patrol,1,1,0,0,0,,,,,,0,0,2,15,,,,,996,,,,,0,0,0,1,,,,,5,,,,,,,,,1,0,,,,,,
2021,202,EB43981,3,06/18/2021,13:32,18,6,,53,Pierce,0,1,,1,1,2,1,0,3,3,,,,12,0,1,8.2,1,0,1,2,2,1,3,0,0,0,0,SR-167,,-122.2579111,47.20224444,0,1,20,50,3,60,67,0,0,1,2,12,1,1,2,2,1,1,1,53,0,12,880,2012,0,,12,12,,,,,1,1,81,2,7,,4,7,3,0,11,0,06/18/2021,13:32,53029902,29902,0,0,0,3,1,26,,,,96,,,,,,98,,,,,,98274,53,67,190,6,1,0,0,2,0,,0,,,,,,4,01/15/2017,12/15/2018,8,0,0,0,0,9,8,,,0,,,8,8,2,1,,,1,,,2,1,0,,,,,,,,,,,,,,,,,,,,,,,,,,,,,,0,0,0,0,0,0,0,0,0,0,0,0,1,0,0,0,0,0,0,0,0,0,0,0,0,1,1,1,0,1,1,0,0,0,0,,0,1,0,0,0,0,0,0,0,1,0,0,0,0,0,0,,,,,,81+,76+,State route,U,Friday,,MHTRUCK,White,0,0,0,0,State Route,State Patrol,Washington State Patrol,0,1,0,0,0,,,,,,0,0,0,,,,,,,,,,,98,98,98,1,,,,,20,,,,,,,,,1,0,,,,,,
2017,208,E683774,39,06/19/2017,15:03,19,6,0,61,Snohomish,0,1,0,1,1,2,1,0,1,2,,,,42,0,0,0.1,1,0,1,5,2,2,4,0,0,0,0,CR-ADMIRALTY WAY,121ST ST SW,-122.2519472,47.88837778,0,1,2,6,1,35,80,0,0,1,2,42,1,1,2,1,1,1,2,53,0,73,705,2006,0,0,63,42,14,,,,1,1,25,1,7,2,4,7,19,0,11,0,06/19/2017,15:03,69053027723,27723,0,0,0,3,1,0,0,0,0,96,,,,,,99,,,,,,98275,53,69,160,6,1,0,0,1,0,0,0,,,,,,4,03/15/2017,03/15/2017,20,8,0,0,0,9,8,,,0,0,0,8,9,2,605,0,0,1,0,0,2,1,0,,,,,,,,,,,,,,,,,,,,,,,,,,,,,,0,0,0,0,0,0,1,1,1,0,0,0,1,0,0,0,0,0,0,0,0,0,0,1,1,0,0,0,1,1,0,0,0,0,1,0,0,0,0,0,0,0,1,1,0,1,0,0,0,0,1,0,,,,,,21-25,16-25,County road,U,Monday,,MC,Black,0,1,0,0,County Road,County Sheriff,Snohomish County Sheriff's Office,1,0,1,0,0,thc,19,carboxy-thc,13,,,,,,,,,,,,,,,,,,,,,,,,,,,,,,,,,,,,,,,
2018,13,E757962,189,01/12/2018,2:40,12,1,0,61,Snohomish,1280,10,0,3,2,8,1,0,2,2,2:39,3:01,3:24,31,0,0,0.1,1,0,1,3,2,1,3,0,0,0,0,SR-528,,-122.1837333,48.04900833,0,1,2,13,2,98,4,0,0,1,7,12,8,8,3,3,99,1,1,53,0,49,40,2003,0,0,63,31,12,,,,1,1,60,1,7,1,4,7,99,0,11,0,01/12/2018,2:48,1.28053E+11,1842,0,0,3,3,1,0,0,0,0,92,,,,,,99,,,,,,98275,53,65,235,6,1,0,0,2,2,,0,,,,,,0,09/15/2013,08/15/2017,8,0,0,0,0,9,8,,,0,0,0,8,9,2,313,351,,1,1,,2,1,0.4,,,,,,,,,,,,,,,,,,,,,,,,,,,,,,0,0,0,0,1,1,1,1,0,0,0,0,0,0,0,0,1,0,0,0,0,0,0,0,0,0,0,0,0,1,0,0,0,0,0,,1,0,0,0,0,1,1,1,1,0,0,0,0,0,0,1,,,,,,56-60,56-65,State route,U,Friday,Unknown,PV,White,1,0,0,0,State Route,Municipal/City Police,Marysville Police Department,0,1,0,0,0,,,,,,0,0,0,,,,,,,,,,,,,,,,,,,,,,,,,,,,,,,,,,,
2017,497,E770794,7,11/05/2017,1:58,5,11,0,33,King,170,2,0,3,2,2,1,0,1,1,,,,41,0,0,24.8,1,0,1,1,2,1,1,0,0,0,0,I-405,,-122.1898278,47.77061667,0,1,2,13,2,60,3,0,0,1,2,42,1,1,3,3,1,1,2,53,0,55,42,2012,0,0,63,41,42,1,42,,1,1,20,2,7,1,4,7,3,0,11,0,11/05/2017,1:58,17053047743,47743,0,0,0,3,1,0,0,0,0,92,,,,,,9,,,,,,98275,53,61,111,6,1,0,0,0,0,0,0,,,,,,4,,,8,0,0,0,0,1,8,,,0,0,0,8,1,2,1,0,0,1,0,0,2,1,0.12,,,,,,,,,,,,,,,,,,,,,,,,,,,,,,0,0,0,0,1,1,0,1,0,0,0,0,1,0,0,0,1,0,0,0,0,1,1,0,1,0,0,0,0,1,0,0,0,0,0,,1,0,0,0,0,1,0,1,1,1,0,0,0,1,0,1,,,,,,18-20,16-25,Interstate,U,Sunday,Belt Used,PV,White,0,1,0,0,State Route,State Patrol,Washington State Patrol Headquarter,1,1,0,0,0,,,,,,,,,,,,,,,,,,,,,,,,,,,,,,,,,,,,,,,,,,,
2018,483,E880661,2,12/30/2018,18:07,30,12,0,61,Snohomish,0,1,0,2,1,1,1,1,6,3,18:05,18:16,,8,0,0,213.5,1,0,1,1,1,1,1,0,0,0,0,I-5,,-122.2502056,48.24739444,0,1,13,80,5,70,6,0,0,1,5,8,1,1,3,3,1,2,2,53,0,30,40,2005,0,0,8,,,,,,1,1,55,1,0,0,0,0,3,0,11,0,,,,,0,0,3,3,1,0,0,0,0,96,,,,,,0,,,,,,98275,53,78,225,6,1,0,0,0,1,,0,,,,,,0,07/15/2018,07/15/2018,20,0,0,0,8,9,8,,,0,0,0,8,0,8,95,,,96,,,8,95,995,,,,,,,,,,,,,,,,,,,,,,,,,,,,,,0,0,0,0,0,0,0,0,0,0,0,0,0,0,0,0,0,0,0,0,0,0,0,0,0,0,0,0,0,1,0,1,0,0,0,,0,0,0,0,0,0,0,0,0,0,0,0,0,0,0,0,,,,,,51-55,46-55,Interstate,R,Sunday,Belt Used,PV,Not Fatal,0,0,0,0,State Route,State Patrol,Washington State Patrol,0,1,0,0,0,,,,,,0,0,0,,,,,,,,,,,,,,,,,,,,,,,,,,,,,,,,,,,
2019,83,E905622,2,03/24/2019,1:18,24,3,,57,Skagit,0,1,0,2,1,2,1,1,1,1,,,,8,1,0,1.6,1,0,1,7,2,2,4,0,3,0,0,CR-INDIAN RD,,-122.5217667,48.40038333,0,1,13,80,5,35,2,0,0,1,5,8,1,2,8,8,1,1,2,53,0,54,37,2001,0,0,8,,,,,,1,1,44,2,0,,0,0,99,7,11,0,,,,,0,0,0,3,1,0,0,0,0,92,,,,,,99,,,,,,98275,53,67,172,6,1,0,0,0,0,,7,,,,,,0,,,20,0,0,0,8,9,8,,,0,0,0,8,9,8,95,,,96,,,8,95,995,,,,,,,,,,,,,,,,,,,,,,,,,,,,,,0,0,0,0,0,0,0,0,0,1,1,0,0,0,0,0,1,0,0,0,0,0,0,0,0,0,0,0,0,1,0,1,0,0,0,,0,0,0,0,0,0,0,0,1,0,0,0,0,0,0,0,,,,,,41-45,36-45,County road,U,Sunday,Unknown,PV,Not Fatal,0,0,0,0,County Road,State Patrol,Washington State Patrol,0,0,1,0,0,,,,,,0,0,0,,,,,,,,,,,98,98,98,0,,,,,20,7,,,,,,,,,,,,,,,
2020,543,EA44374,122,06/25/2020,18:42,25,6,,61,Snohomish,690,1,,1,1,2,1,0,8,3,19:02,19:07,19:22,33,0,0,1.1,1,0,1,3,2,1,3,0,0,0,0,SR-526,,-122.2795611,47.92243056,0,2,98,62,4,60,34,0,0,1,5,12,3,1,2,2,14,5,1,53,0,12,481,2019,0,,12,12,,,,,1,1,36,1,0,,1,0,3,0,11,5,,,,,0,0,0,3,1,0,,,,96,,,,,,0,,,,,,98275,53,66,175,6,1,0,1,0,1,,0,,,,,,0,06/15/2020,03/15/2020,99,0,0,0,8,9,8,,,0,,,8,8,0,0,,,0,,,0,0,996,,,,,,,,,,,,,,,,,,,,,,,,,,,,,,0,0,1,0,0,0,1,1,0,0,0,0,1,0,0,0,0,0,0,0,1,0,1,0,1,0,0,0,0,1,0,0,0,0,0,,0,0,0,0,0,0,0,0,0,0,0,0,0,0,0,0,,,,,,36-40,36-45,State route,U,Thursday,Belt Used,PV,Not Fatal,0,1,1,0,State Route,Municipal/City Police,Everett Police Department,0,1,0,0,0,,,,,,0,0,0,,,,,,,,,,,98,98,98,0,,,,,20,7,,,,,,,,1,0,,,,,,
2020,512,EA95217,122,12/19/2020,19:51,19,12,,61,Snohomish,690,2,,3,2,2,1,1,1,1,,,,8,0,0,0,3,0,2,3,2,4,6,0,0,3,3,EVERGREEN WAY,75TH ST SE,-122.2207806,47.93009167,0,1,13,80,5,35,14,0,0,1,5,8,1,1,3,1,11,1,1,53,0,37,402,2012,0,,8,,,,,,1,1,27,1,0,,0,0,99,7,11,0,,,,,0,0,3,3,1,10,38,,,0,,,,,,0,,,,,,98275,53,74,185,6,1,0,0,0,0,,97,,,,,,0,,,20,0,0,0,8,9,8,,,0,,,8,8,0,0,,,0,,,0,0,996,,,,,,,,,,,,,,,,,,,,,,,,,,,,,,0,0,0,1,0,0,0,0,0,1,1,1,0,0,0,0,0,0,1,0,0,0,0,0,0,0,0,0,0,1,0,1,0,0,0,,0,0,0,0,0,0,0,0,0,0,1,0,0,0,0,0,,,,,,26-30,26-35,City street,U,Saturday,Unknown,PV,Not Fatal,1,0,0,0,City Street,Municipal/City Police,Everett Police Department,0,0,0,1,0,,,,,,0,0,0,,,,,,,,,,,98,98,98,0,,,,,20,7,,,,,,,,1,0,,,,,,
2017,524,E751656,2,12/18/2017,5:20,18,12,0,29,Island,0,10,0,3,2,2,2,0,2,2,,,,12,0,2,24.9,1,0,1,3,1,1,3,0,0,0,0,SR-20,,-122.7391917,48.23135,0,1,50,10,2,50,5,0,0,1,2,12,2,2,2,1,14,1,1,53,0,41,55,2011,0,0,68,12,,,,,1,1,79,1,7,1,4,7,3,0,11,0,12/18/2017,5:20,47053054886,54886,0,0,0,3,1,28,0,0,0,0,,,,,,1,,,,,,98277,53,73,185,6,1,0,0,1,0,1,0,,,,,,0,01/15/2013,10/15/2013,1,0,0,0,0,9,8,,,0,0,0,8,0,2,605,0,0,1,0,0,2,1,0,,,,,,,,,,,,,,,,,,,,,,,,,,,,,,0,0,0,0,0,0,1,1,1,0,0,0,0,0,0,0,0,0,0,0,0,0,0,0,0,1,1,1,0,1,0,0,0,0,0,,1,0,0,0,0,0,1,1,0,0,0,0,0,0,1,0,,,,,,76-80,76+,State route,R,Monday,Belt Used,PV,White,0,1,1,0,State Route,State Patrol,Washington State Patrol Headquarter,0,1,0,0,0,,,carboxy-thc,8.5,,,,,,,,,,,,,,,,,,,,,,,,,,,,,,,,,,,,,,,
2017,524,E751656,2,12/18/2017,5:20,18,12,0,29,Island,0,10,0,3,2,2,2,0,2,2,,,,12,0,2,24.9,1,0,1,3,1,1,3,0,0,0,0,SR-20,,-122.7391917,48.23135,0,2,51,62,4,50,4,0,0,1,2,12,3,2,2,1,14,1,2,53,0,49,40,2000,0,0,12,,,,,,1,1,59,2,7,1,4,7,3,0,11,0,12/18/2017,5:20,47053054884,54884,0,0,3,3,1,0,0,0,0,0,,,,,,0,,,,,,98277,53,64,185,6,1,0,0,0,0,0,0,,,,,,0,,,1,0,0,0,0,9,8,,,0,0,0,8,0,2,605,0,0,1,1,0,2,1,0,,,,,,,,,,,,,,,,,,,,,,,,,,,,,,0,0,0,0,0,0,1,1,1,0,0,0,0,0,0,0,0,0,0,0,0,0,0,0,0,1,1,1,0,1,0,0,0,0,0,,1,0,0,0,0,0,1,1,0,0,0,0,0,0,1,0,,,,,,56-60,56-65,State route,R,Monday,Belt Used,PV,White,0,1,1,0,State Route,State Patrol,Washington State Patrol Headquarter,0,1,0,0,0,thc,1,carboxy-thc,6,,,,,,,,,,,,,,,,,,,,,,,,,,,,,,,,,,,,,,,
2017,537,E752997,2,12/29/2017,6:08,29,12,0,29,Island,0,2,0,2,2,2,1,0,2,2,,,,12,0,2,2.3,1,0,1,6,1,2,4,0,0,0,0,CR-SILVER LAKE RD,,-122.5621528,48.31818611,0,1,50,10,2,50,34,0,0,1,2,12,2,2,2,1,14,1,1,53,0,20,471,1994,0,0,68,12,,,,,1,1,38,1,99,99,4,7,20,0,11,0,12/29/2017,6:21,1.55053E+11,56346,0,0,3,3,1,28,0,0,0,96,,,,,,9,,,,,,98277,53,75,225,6,1,0,3,5,5,2,0,,,,,,0,03/15/2013,04/15/2017,20,0,0,0,0,9,2,,,0,0,0,1,0,2,177,401,417,1,1,1,2,1,0,,,,,,,,,,,,,,,,,,,,,,,,,,,,,,0,0,0,0,0,0,1,1,0,0,0,0,0,0,0,0,0,0,0,0,0,0,0,0,0,0,0,0,0,0,0,0,0,1,0,,0,0,0,0,0,0,1,1,0,0,0,0,0,0,1,0,,,,,,36-40,36-45,County road,R,Friday,Not Used,PV,Oth/Unk,0,1,1,0,County Road,State Patrol,Washington State Patrol Headquarter,0,0,1,0,0,,,,,,,,,,,,,,,,,,,,,,,,,,,,,,,,,,,,,,,,,,,
2018,134,E800700,2,05/13/2018,12:44,13,5,0,73,Whatcom,0,1,0,1,1,1,1,0,1,1,12:49,13:34,13:52,42,0,0,126,1,0,1,4,1,1,3,0,0,0,0,SR-20,,-121.1502472,48.71197778,0,1,1,13,2,55,80,0,0,1,7,42,3,2,2,1,14,1,2,53,0,53,706,2007,0,0,63,42,,,,,1,1,22,1,1,98,4,0,5,0,11,5,05/13/2018,14:17,53022202,22202,0,0,0,3,1,0,0,0,0,96,,,,,,99,,,,,,98277,53,69,200,6,1,0,2,0,5,,0,,,,,,4,08/15/2013,07/15/2017,20,8,0,0,0,9,8,,,0,0,0,8,9,2,1,,,1,,,2,1,0,,,,,,,,,,,,,,,,,,,,,,,,,,,,,,0,0,1,0,0,0,0,0,0,0,0,0,1,0,0,0,0,0,0,0,0,0,0,1,1,0,0,0,1,0,0,0,0,0,1,0,0,0,0,0,0,0,0,0,0,1,0,0,0,0,0,0,,,,,,21-25,16-25,State route,R,Sunday,,MC,Hispanic,0,1,0,0,State Route,State Patrol,Washington State Patrol Headquarter,1,1,0,0,0,,,,,,0,0,0,,,,,,,,,,,,,,,,,,,,,,,,,,,,,,,,,,,
2018,161,E806233,2,06/04/2018,14:54,4,6,0,57,Skagit,0,1,0,1,1,2,1,0,2,2,,,,12,0,6,45.7,2,0,3,3,1,1,3,0,0,0,0,SR-20,CAMPBELL LAKE RD,-122.6029389,48.4457,0,2,83,67,4,50,14,0,0,1,7,12,3,8,4,1,14,1,3,53,0,12,401,2015,0,0,12,,,,,,1,1,56,1,0,0,1,0,3,0,11,0,,,,,0,0,0,3,1,0,0,0,0,96,,,,,,0,,,,,,98277,53,74,210,6,1,0,0,0,0,,0,,,,,,0,,,1,0,0,0,8,9,8,,,0,0,0,8,0,8,95,,,96,,,8,95,995,,,,,,,,,,,,,,,,,,,,,,,,,,,,,,0,0,0,1,0,0,0,0,0,0,0,0,0,0,0,0,0,0,1,0,0,0,0,0,0,1,1,1,0,1,0,0,0,0,0,,0,0,0,0,0,0,0,0,0,0,0,0,0,0,0,0,,,,,,56-60,56-65,State route,R,Monday,Belt Used,PV,Not Fatal,1,0,0,0,State Route,State Patrol,Washington State Patrol,0,1,0,0,0,,,,,,0,0,0,,,,,,,,,,,,,,,,,,,,,,,,,,,,,,,,,,,
2019,202,E935247,2,06/29/2019,14:30,29,6,,29,Island,0,1,0,1,1,2,1,0,6,2,,,,12,0,6,36,2,0,2,3,2,1,3,0,0,20,3,SR-20,FROSTAD,-122.6126167,48.34795278,0,1,87,17,2,45,14,0,0,1,7,12,4,2,2,1,14,3,2,53,0,2,403,2009,0,0,12,,,,,,1,1,57,2,0,,1,0,20,7,11,4,,,,,0,0,3,3,1,38,91,0,0,96,,,,,,9,,,,,,98277,53,64,140,6,1,0,2,1,2,,1,3,,,,,0,08/15/2014,02/15/2018,20,0,0,0,8,9,2,,,0,0,0,1,0,8,95,,,96,,,8,95,995,,,,,,,,,,,,,,,,,,,,,,,,,,,,,,0,0,0,1,0,0,0,0,0,0,0,0,0,0,0,0,0,0,1,1,0,0,0,0,0,0,0,0,0,1,0,0,0,0,0,,0,0,0,0,0,0,0,0,0,0,1,0,0,0,0,0,,,,,,56-60,56-65,State route,U,Saturday,Not Used,PV,Not Fatal,1,0,0,0,State Route,State Patrol,Washington State Patrol,0,1,0,0,0,,,,,,0,0,0,,,,,,,,,,,98,98,98,0,,,,,20,7,,,,,,,,,,,,,,,