year,case,par,repjur,crash_dt,crash_tm,accday,accmon,holiday,county,co_char,city,weather,weather2,lightcond,surfcond,surftype,numfatal,nmforms,pforms,vforms,not_tm,arr_tm,hosp_tm,fhevent,hitrun,manncol,milepnt,reljunc,reljuncinter,intersectiontype,funcsystem,landuse,ownership,route,schlbus,spejur,contdev,devfunc,trafid1,trafid2,x,y,wk_zone,vnumber,crashtype,criticalevent,criticaleventcat,spdlim,body,trailer,emerg,hazcargo,leave,mhevent,roadalgn,roadprof,traflane,trafflow,vehmanvr,numoccs,regowner,regstate,spuse,make,model,modelyr,vrf1,vrf2,seqevent1,seqevent2,seqevent3,seqevent4,seqevent5,seqevent6,pnumber,ptype,age,sex,hispanic,race,injury,diedscene,restraint,restraintmisuse,seatpos,takehosp,death_dt,death_tm,cert,cernum_wa,commlic,licendor,licrestrict,liccomp,drivpres,drf1,drf2,drf3,drf4,distract1,distract2,distract3,distract4,distract5,distract6,dricond1,dricond2,dricond3,dricond4,dricond5,dricond6,dzip,licstate,drhgt_in,weight,noncdl,noncdltype,prevdwi,prevoth,prevacc,prevspd,prevsus,driviol1,driviol2,driviol3,driviol4,driviol5,driviol6,spdrel,first_dt,last_dt,airbag,ejection,ejectpath,extricat,injurwrk,methalc,methdrug,nmlocat,strikveh,prf1,prf2,prf3,druginv,alcinvol,drugsts,drugres1,drugres2,drugres3,drugtst1,drugtst2,drugtst3,alcsts,alctst,alcres,nmact1,nmact2,nmact3,nmact4,nmact5,nmact6,nmprior1,nmprior2,nmprior3,nmprior4,nmprior5,nmprior6,nmcond1,nmcond2,nmcond3,nmcond4,nmcond5,nmcond6,nmsafe_helmet,nmsafe_pads,nmsafe_oth,nmprev_ref,nmprev_lgt,nmprev_oth,crashlocation,nmcrashtype,crosswalk,schoolzone,sidewalk,train_inv,wildlife_inv,rotr_fars,intersect_fars,dd_inv,aid_inv,dpd_inv,id_inv,mj_inv,impnm_inv,ainm_inv,dpnm_inv,speed_inv,unlic_inv,unendmc_inv,drowsy_inv,drdist_inv,nmdist_inv,fty_inv,unrestfat_inv,dr1617_inv,dr1820_inv,dr1620_inv,dr2125_inv,dr1625_inv,dr65_inv,dr70_inv,dr75_inv,mc_inv,pv_inv,ht_inv,ped_inv,bike_inv,unrest_fat,mc_fat,unhelmet_mc,pv_fat,ht_fat,ped_fat,bike_fat,dr_alc7,dr_alc8,dr_drug,dr_imp,dr_dist,dr_spd,dr_fty,dr_unlic,dr_alc7only,dr_alc8only,dr_drugonly,dr_drink,nm_imp,nm_alc7,nm_alc8,nm_drug,nm_dist,agegrp1,agegrp2,roadclass,urbrur,dayweek,restuse,vehtype,race_me,intersect,lanedep,oppdir,wrongway,rep_typ,investag,repag_long,rotr,st_rd,cty_rd,city_rd,oth_rd,drug_thc,thc_res,drug_cthc,cthc_res,drug_cann,prevpersemin,prevperse,prevsusoth,drugtst4,drugtst5,drugtst6,drugtst7,drugtst8,drugres4,drugres5,drugres6,drugres7,drugres8,adspresent,adsengaged,adslevel,race1,race2,race3,race4,race5,helmet,helmetmisuse,nmdistract1,nmdistract2,nmdistract3,nmdistract4,nmdistract5,nmdistract6,lab,isedtcase,crf1,crf2,crf3,CoRoadName,CoMP,IntCoRoadName,IntCoMP
2019,202,E935247,2,06/29/2019,14:30,29,6,,29,Island,0,1,0,1,1,2,1,0,6,2,,,,12,0,6,36,2,0,2,3,2,1,3,0,0,0,0,SR-20,FROSTAD,-122.6126167,48.34795278,0,2,86,66,4,55,14,0,0,1,7,12,2,2,3,1,14,3,2,53,0,2,404,2011,0,0,12,,,,,,1,1,53,1,0,,3,0,3,0,11,4,,,,,0,0,0,3,1,0,0,0,0,96,,,,,,0,,,,,,98277,53,69,170,6,1,0,0,0,0,,0,,,,,,0,,,1,0,0,0,8,9,8,,,0,0,0,8,0,8,95,,,96,,,8,95,995,,,,,,,,,,,,,,,,,,,,,,,,,,,,,,0,0,0,1,0,0,0,0,0,0,0,0,0,0,0,0,0,0,1,1,0,0,0,0,0,0,0,0,0,1,0,0,0,0,0,,0,0,0,0,0,0,0,0,0,0,0,0,0,0,0,0,,,,,,51-55,46-55,State route,U,Saturday,Belt Used,PV,Not Fatal,1,0,0,0,State Route,State Patrol,Washington State Patrol,0,1,0,0,0,,,,,,0,0,0,,,,,,,,,,,98,98,98,0,,,,,20,7,,,,,,,,,,,,,,,
2019,307,E957223,2,08/31/2019,21:00,31,8,,29,Island,1550,1,0,3,1,2,1,0,2,2,,,,12,0,6,33,2,0,2,3,2,1,3,0,0,3,3,SR-20,NE 16TH AVE,-122.638,48.31122222,0,1,68,15,2,35,34,0,0,1,7,12,1,2,3,1,11,1,3,53,0,20,481,2017,0,0,12,,,,,,1,1,51,1,0,,0,0,3,0,11,0,,,,,0,0,3,3,1,38,0,0,0,96,,,,,,0,,,,,,98277,53,75,220,6,1,0,0,1,0,,97,,,,,,0,05/15/2015,05/15/2015,20,0,0,0,8,9,8,,,0,0,0,8,0,0,0,,,0,,,0,0,996,,,,,,,,,,,,,,,,,,,,,,,,,,,,,,0,0,0,1,1,0,0,0,0,0,0,0,0,1,1,0,0,0,1,0,0,0,0,0,0,0,0,0,1,1,0,0,0,0,0,,0,0,0,0,0,0,0,0,0,0,1,0,0,0,0,0,,,,,,51-55,46-55,State route,U,Saturday,Belt Used,PV,Not Fatal,1,0,0,0,State Route,State Patrol,Washington State Patrol,0,1,0,0,0,,,,,,0,0,0,,,,,,,,,,,98,98,98,0,,,,,20,7,,,,,,,,,,,,,,,
2019,307,E957223,2,08/31/2019,21:00,31,8,,29,Island,1550,1,0,3,1,2,1,0,2,2,,,,12,0,6,33,2,0,2,3,2,1,3,0,0,3,3,SR-20,NE 16TH AVE,-122.638,48.31122222,0,2,69,62,4,35,80,0,0,1,2,12,1,2,3,1,1,1,2,53,0,73,705,2008,0,0,12,,,,,,1,1,27,1,7,,4,0,20,7,11,4,08/31/2019,22:20,1.55053E+11,39683,0,0,0,2,1,0,0,0,0,96,,,,,,9,,,,,,98277,53,73,160,1,1,1,1,1,5,,0,,,,,,0,03/15/2016,04/15/2019,20,8,0,0,0,1,8,,,0,0,0,8,1,0,0,,,0,,,2,1,0.05,,,,,,,,,,,,,,,,,,,,,,,,,,,,,,0,0,0,1,1,0,0,0,0,0,0,0,0,1,1,0,0,0,1,0,0,0,0,0,0,0,0,0,1,1,0,0,0,0,1,0,0,0,0,0,1,0,0,0,0,0,0,1,1,0,0,1,,,,,,26-30,26-35,State route,U,Saturday,,MC,Black,1,0,0,0,State Route,State Patrol,Washington State Patrol,0,1,0,0,0,,,,,,0,1,1,,,,,,,,,,,0,0,0,2,,,,,5,0,,,,,,,,,,,,,,,
2019,320,E957866,2,09/07/2019,15:10,7,9,,29,Island,0,10,0,1,1,2,1,0,4,2,,,,1,0,0,9.8,8,0,1,5,2,2,4,0,0,0,0,CR-AULT FIELD RD,,-122.6671361,48.32586944,0,2,98,98,7,35,73,0,0,1,5,12,1,1,3,5,10,3,2,53,0,98,850,1987,0,0,12,,,,,,1,1,48,1,0,,0,0,3,0,11,0,,,,,0,0,0,3,1,48,0,0,0,96,,,,,,0,,,,,,98277,53,67,180,6,1,0,0,0,0,,0,,,,,,0,,,20,0,0,0,8,9,8,,,0,0,0,8,0,8,95,,,96,,,8,95,995,,,,,,,,,,,,,,,,,,,,,,,,,,,,,,0,0,0,0,0,0,0,0,0,0,0,0,0,0,0,0,1,0,1,0,0,0,0,1,1,0,0,0,1,0,0,0,0,0,0,,0,0,0,0,0,0,0,0,0,0,0,0,0,0,0,0,,,,,,46-50,46-55,County road,U,Saturday,,MHOME,Not Fatal,0,0,0,0,County Road,State Patrol,Washington State Patrol,0,0,1,0,0,,,,,,0,0,0,,,,,,,,,,,0,0,0,0,,,,,20,7,,,,,,,,,,,,,,,
2019,424,E987951,2,11/19/2019,15:43,19,11,,57,Skagit,0,1,0,1,1,2,1,0,3,2,,,,12,0,6,0.5,2,0,2,5,2,2,4,0,0,0,0,CR-HIGGINS AIRPORT WAY,OVENELL RD,-122.4135444,48.45760278,0,1,69,62,4,50,2,0,0,1,7,12,1,1,2,1,1,2,1,53,0,20,16,2001,0,0,12,,,,,,1,1,43,1,7,,4,7,3,0,11,0,11/19/2019,15:43,53051473,51473,0,0,0,3,1,0,0,0,0,96,,,,,,99,,,,,,98277,53,71,200,6,1,0,1,1,0,,0,,,,,,4,10/15/2015,06/15/2017,8,0,0,0,0,9,8,,,0,0,0,8,9,2,996,996,,1,1,,2,1,0,,,,,,,,,,,,,,,,,,,,,,,,,,,,,,0,0,0,1,0,0,1,1,0,0,0,0,1,0,0,0,0,0,1,0,0,0,0,0,0,0,0,0,0,1,1,0,0,0,0,,1,0,0,0,0,0,1,1,0,1,0,0,0,0,1,0,,,,,,41-45,36-45,County road,U,Tuesday,Belt Used,PV,White,1,0,0,0,County Road,State Patrol,Washington State Patrol,0,0,1,0,0,,,,,,0,0,1,,,,,,,,,,,98,98,98,1,,,,,20,7,,,,,,,,,,,,,,,
2020,4,EA01383,2,01/03/2020,2:40,3,1,,57,Skagit,0,10,,2,2,2,1,0,3,2,2:40,2:55,,12,0,6,41.9,1,0,1,3,1,1,3,0,0,0,0,SR-20,,-122.6488639,48.41132778,0,1,66,8,1,30,4,0,0,1,7,12,1,2,2,1,1,1,1,53,0,20,22,2005,0,,68,68,68,12,,,1,1,19,1,7,,4,7,3,0,11,0,01/03/2020,2:40,53000122,122,0,0,0,3,1,8,28,,,96,,,,,,98,,,,,,98277,53,67,128,6,2,0,0,1,1,,0,,,,,,0,09/15/2017,02/15/2019,20,0,0,0,0,1,8,,,0,,,1,1,2,695,605,,1,1,,2,1,0.152,,,,,,,,,,,,,,,,,,,,,,,,,,,,,,0,0,0,0,1,1,1,1,1,0,0,0,0,0,0,0,0,0,0,0,0,1,1,1,1,0,0,0,0,1,0,0,0,0,0,,1,0,0,0,0,1,1,1,0,0,0,0,0,0,0,1,,,,,,18-20,16-25,State route,R,Friday,Belt Used,PV,Multiracial,0,1,1,0,State Route,State Patrol,Washington State Patrol,0,1,0,0,0,thc,11,carboxy-thc,100,,0,0,0,,,,,,,,,,,98,98,98,201,202,,,,20,7,,,,,,,nms,1,0,,,,,,
2020,145,EA34578,2,05/03/2020,19:13,3,5,,29,Island,0,1,,1,1,2,1,0,2,2,19:14,19:21,,12,0,6,1.8,8,0,1,3,2,2,4,0,0,0,0,CR-W CRESCENT HARBOR RD,,-122.6287583,48.30835833,0,1,98,10,2,50,80,0,0,1,2,12,1,2,2,1,6,1,1,53,0,76,706,2002,0,,68,12,,,,,1,1,35,1,7,,4,7,20,7,11,0,05/03/2020,19:13,53021073,21073,0,0,0,3,1,8,33,,,96,,,,,,98,,,,,,98277,53,76,235,6,1,0,2,1,3,,0,,,,,,4,11/15/2016,03/15/2017,20,8,0,0,0,1,8,,,0,,,8,1,2,402,695,605,1,1,1,2,1,0.087,,,,,,,,,,,,,,,,,,,,,,,,,,,,,,0,0,0,0,1,1,1,1,1,0,0,0,1,0,0,0,0,0,0,0,0,0,0,0,0,0,0,0,1,0,1,0,0,0,1,1,0,0,0,0,0,1,1,1,0,1,0,0,0,0,0,1,,,,,,31-35,26-35,County road,U,Sunday,,MC,White,0,0,0,0,County Road,State Patrol,Washington State Patrol,0,0,1,0,0,thc,7.8,carboxy-thc,12,,0,0,2,,,,,,,,,,,0,0,0,1,,,,,16,0,,,,,,,nms,1,0,,,,,,
2020,145,EA34578,2,05/03/2020,19:13,3,5,,29,Island,0,1,,1,1,2,1,0,2,2,19:14,19:21,,12,0,6,1.8,8,0,1,3,2,2,4,0,0,0,0,CR-W CRESCENT HARBOR RD,,-122.6287583,48.30835833,0,2,98,60,4,50,67,1,0,1,5,12,1,2,2,1,11,1,1,53,0,7,880,2001,0,,12,,,,,,1,1,50,2,0,,0,0,3,0,11,0,,,,,0,0,0,3,1,0,,,,96,,,,,,0,,,,,,98277,53,68,211,6,1,0,0,1,0,,0,,,,,,0,08/15/2016,08/15/2016,20,0,0,0,8,9,8,,,0,,,8,8,0,0,,,0,,,0,0,996,,,,,,,,,,,,,,,,,,,,,,,,,,,,,,0,0,0,0,1,1,1,1,1,0,0,0,1,0,0,0,0,0,0,0,0,0,0,0,0,0,0,0,1,0,1,0,0,0,0,,0,0,0,0,0,0,0,0,0,0,0,0,0,0,0,0,,,,,,46-50,46-55,County road,U,Sunday,,MHTRUCK,Not Fatal,0,0,0,0,County Road,State Patrol,Washington State Patrol,0,0,1,0,0,,,,,,0,0,0,,,,,,,,,,,98,98,98,0,,,,,20,7,,,,,,,,1,0,,,,,,
2020,182,EA41179,2,06/12/2020,21:56,12,6,,57,Skagit,50,2,,2,2,1,1,1,3,1,,,,15,0,0,48,2,0,2,3,2,1,3,0,0,3,3,SR-20,CHRISTIANSEN RD,-122.5709806,48.46281944,0,1,13,83,5,55,4,0,0,1,2,15,1,1,2,3,1,3,1,53,0,34,34,2013,0,,15,,,,,,1,1,21,2,0,,1,0,3,0,11,0,,,,,0,0,0,3,1,0,,,,96,,,,,,0,,,,,,98277,53,61,128,6,1,0,0,0,2,,0,,,,,,0,01/15/2016,09/15/2018,20,0,0,0,8,1,8,,,0,,,8,0,2,1,,,1,,,2,1,0,,,,,,,,,,,,,,,,,,,,,,,,,,,,,,0,0,0,1,0,0,0,0,0,1,1,1,0,0,0,0,0,0,0,0,0,0,0,1,1,0,0,0,0,1,0,1,0,0,0,,0,0,0,0,0,0,0,0,0,0,0,0,0,0,0,0,,,,,,21-25,16-25,State route,U,Friday,Belt Used,PV,Not Fatal,1,0,0,0,State Route,State Patrol,Washington State Patrol,0,1,0,0,0,,,,,,0,0,0,,,,,,,,,,,98,98,98,0,,,,,20,7,,,,,,,,1,0,,,,,,
2020,187,EA41882,2,06/20/2020,4:55,20,6,,57,Skagit,0,10,,2,2,2,1,0,2,2,4:53,5:01,5:50,12,0,2,41.7,1,0,1,3,1,1,3,0,0,0,0,SR-20,,-122.6459056,48.40942778,1,1,50,10,2,30,4,0,0,1,2,12,2,1,2,1,14,1,1,53,0,30,40,2001,0,,68,12,,,,,1,1,28,1,7,,4,7,20,7,11,0,06/20/2020,4:55,53030877,30877,0,0,3,3,1,0,,,,96,,,,,,9,,,,,,98277,53,70,165,6,1,1,1,2,2,,0,,,,,,3,01/15/2016,10/15/2018,20,0,0,0,0,1,8,,,0,,,1,1,2,401,417,695,1,1,1,2,1,0.027,,,,,,,,,,,,,,,,,,,,,,,,,,,,,,0,0,0,0,1,0,1,1,1,0,0,0,1,0,0,0,0,0,0,1,0,1,1,0,1,0,0,0,0,1,0,0,0,1,0,,1,0,0,0,1,0,1,1,0,1,0,0,0,0,0,1,,,,,,26-30,26-35,State route,R,Saturday,Not Used,PV,Black,0,1,1,0,State Route,State Patrol,Washington State Patrol,0,1,0,0,0,thc,1.1,carboxy-thc,5.5,,0,0,1,1,,,,,605,,,,,98,98,98,2,,,,,20,7,,,,,,,nms,1,0,,,,,,
2020,267,EA53000,2,08/05/2020,12:09,5,8,,57,Skagit,0,1,,1,1,1,2,0,2,2,,,,12,0,2,50.8,1,0,1,2,2,1,3,0,0,0,0,SR-20,,-122.5137222,48.45450833,0,1,52,54,3,55,14,0,0,1,2,12,1,2,2,3,1,1,1,53,0,49,403,2015,0,,12,,,,,,1,1,76,1,7,,4,7,3,0,11,0,08/05/2020,12:09,5053036274,36274,0,0,3,3,1,51,,,,96,,,,,,9,,,,,,98277,53,74,300,6,1,0,0,0,0,,0,,,,,,0,,,8,0,0,0,0,9,1,,,0,,,1,8,2,996,996,996,1,1,1,2,1,0,,,,,,,,,,,,,,,,,,,,,,,,,,,,,,0,0,0,0,0,0,1,1,0,0,0,0,0,0,0,0,0,0,0,0,0,0,0,0,0,1,1,1,0,1,0,0,0,0,0,,1,0,0,0,0,0,1,1,0,0,0,0,0,0,1,0,,,,,,76-80,76+,State route,U,Wednesday,Belt Used,PV,White,0,0,0,1,State Route,State Patrol,Washington State Patrol,0,1,0,0,0,,,,,,0,0,0,1,1,,,,996,996,,,,98,98,98,1,,,,,20,7,,,,,,,,1,0,,,,,,
2020,453,EA82947,8,11/12/2020,17:15,12,11,,29,Island,1550,1,,2,1,2,1,0,3,2,17:30,17:35,,12,0,6,0,2,0,3,4,2,4,6,0,0,20,3,SE REGATTA DR,SE 8th Ave,-122.6358222,48.29200278,0,1,82,15,2,30,4,0,0,1,2,12,1,2,2,1,11,2,1,53,0,42,43,1998,0,,12,,,,,,1,1,93,1,7,,4,0,20,7,11,0,11/12/2020,22:57,47053053127,53127,0,0,3,3,1,38,,,,96,,,,,,98,,,,,,98277,53,72,204,6,1,0,0,0,0,,46,,,,,,0,,,20,0,0,0,0,9,8,,,0,,,8,8,8,95,,,96,,,8,95,995,,,,,,,,,,,,,,,,,,,,,,,,,,,,,,0,0,0,1,0,0,0,0,0,0,0,0,0,0,0,0,0,0,1,1,0,0,0,0,0,1,1,1,0,1,0,0,0,1,0,,1,0,0,0,0,0,0,0,0,0,1,0,0,0,0,0,,,,,,81+,76+,City street,U,Thursday,Not Used,PV,White,1,0,0,0,City Street,State Patrol,Washington State Patrol,0,0,0,1,0,,,,,,0,0,0,,,,,,,,,,,0,0,0,1,,,,,20,7,,,,,,,,1,0,,,,,,
2020,453,EA82947,8,11/12/2020,17:15,12,11,,29,Island,1550,1,,2,1,2,1,0,3,2,17:30,17:35,,12,0,6,0,2,0,3,4,2,4,6,0,0,0,0,SE REGATTA DR,SE 8th Ave,-122.6358222,48.29200278,0,2,83,67,4,30,34,0,0,1,5,12,1,2,2,1,1,1,1,53,0,20,481,2003,0,,12,,,,,,1,1,52,1,0,,0,0,3,0,11,0,,,,,0,0,0,3,1,0,,,,96,,,,,,98,,,,,,98277,53,68,132,6,1,0,0,1,1,,0,,,,,,0,11/15/2016,11/15/2018,20,0,0,0,8,9,8,,,0,,,8,8,8,95,,,96,,,8,95,995,,,,,,,,,,,,,,,,,,,,,,,,,,,,,,0,0,0,1,0,0,0,0,0,0,0,0,0,0,0,0,0,0,1,1,0,0,0,0,0,1,1,1,0,1,0,0,0,0,0,,0,0,0,0,0,0,0,0,0,0,0,0,0,0,0,0,,,,,,51-55,46-55,City street,U,Thursday,Belt Used,PV,Not Fatal,1,0,0,0,City Street,State Patrol,Washington State Patrol,0,0,0,1,0,,,,,,0,0,0,,,,,,,,,,,98,98,98,0,,,,,20,7,,,,,,,,1,0,,,,,,
2020,491,EA89833,2,12/14/2020,17:32,14,12,,29,Island,0,1,,2,2,2,1,0,1,1,,,,1,0,0,36.8,1,0,1,3,2,1,3,0,0,0,0,SR-20,,-122.6176139,48.35806111,0,1,1,13,2,50,4,0,0,1,2,1,3,2,2,1,14,1,1,53,0,37,31,2001,0,,63,1,,,,,1,1,43,2,7,,4,7,3,0,11,0,12/14/2020,17:32,53058825,58825,0,0,3,3,1,0,,,,92,,,,,,98,,,,,,98277,53,68,180,6,1,0,0,0,0,,0,,,,,,0,,,20,0,0,0,0,9,8,,,0,,,8,8,8,95,,,96,,,8,95,995,,,,,,,,,,,,,,,,,,,,,,,,,,,,,,0,0,1,0,0,0,0,0,0,0,0,0,0,0,0,0,1,0,0,0,0,0,0,0,0,0,0,0,0,1,0,0,0,0,0,,1,0,0,0,0,0,0,0,1,0,0,0,0,0,0,0,,,,,,41-45,36-45,State route,U,Monday,Belt Used,PV,White,0,1,0,0,State Route,State Patrol,Washington State Patrol,1,1,0,0,0,,,,,,0,0,0,,,,,,,,,,,98,98,98,1,,,,,20,7,,,,,,,,1,0,,,,,,
2021,33,EB04026,2,02/02/2021,16:12,2,2,,57,Skagit,0,10,,1,1,2,1,0,4,4,,,,12,0,1,46.1,3,0,3,3,1,1,3,0,0,0,0,SR-20,TIBBLES LN,-122.5956611,48.44827778,0,1,20,50,3,50,5,0,0,1,2,12,1,2,2,1,6,1,2,53,0,30,42,1998,0,,12,68,12,,,,1,1,28,2,7,,4,7,3,0,11,0,02/02/2021,16:12,53005863,5863,0,0,3,3,1,33,,,,96,,,,,,9,,,,,,98277,53,65,160,6,1,0,0,0,0,,0,,,,,,0,,,1,0,0,0,0,9,8,,,0,,,1,8,2,695,605,,1,1,,2,1,0,,,,,,,,,,,,,,,,,,,,,,,,,,,,,,0,0,0,1,0,0,1,1,1,0,0,0,0,0,0,0,0,0,0,0,0,0,0,1,1,1,0,0,0,1,1,0,0,0,0,,1,0,0,0,0,0,1,1,0,0,0,0,0,0,1,0,,,,,,26-30,26-35,State route,R,Tuesday,Belt Used,PV,White,1,0,0,0,State Route,State Patrol,Washington State Patrol,0,1,0,0,0,thc,65,carboxy-thc,130,,0,0,0,,,,,,,,,,,0,0,0,1,,,,,20,,,,,,,,,1,0,,,,,,
2021,81,EB18722,2,03/31/2021,11:20,31,3,,29,Island,0,1,,1,1,2,1,0,4,2,,,,12,0,6,23.2,1,0,1,3,1,1,3,0,0,0,0,SR-20,,-122.7225194,48.21002222,0,1,66,8,1,55,14,0,0,1,2,12,3,1,4,1,6,2,1,53,0,63,402,2008,0,,68,12,,,,,1,1,44,2,7,,4,0,3,0,11,0,03/31/2021,13:29,53016673,16673,0,0,0,3,1,33,58,,,96,,,,,,98,,,,,,98277,53,66,125,6,1,0,0,0,0,,0,,,,,,3,,,1,0,0,0,0,9,8,,,0,,,8,8,2,316,996,996,1,1,1,2,1,0,,,,,,,,,,,,,,,,,,,,,,,,,,,,,,0,0,0,0,0,0,1,1,1,0,0,0,1,0,0,0,0,0,0,0,1,0,1,0,1,0,0,0,0,1,0,0,0,0,0,,1,0,0,0,0,0,1,1,0,1,0,0,0,0,1,0,,,,,,41-45,36-45,State route,R,Wednesday,Belt Used,PV,White,0,1,1,0,State Route,State Patrol,Washington State Patrol,0,1,0,0,0,thc,36,,,,0,0,0,1,1,1,,,695,605,996,996,,98,98,98,1,,,,,20,,,,,,,,nms,1,0,,,,,,
2021,152,EB29648,3,05/04/2021,23:40,4,5,,53,Pierce,1124,1,,3,1,2,1,0,2,2,,,,25,0,0,125,1,0,1,1,2,1,1,0,0,0,0,I-5,,-122.5211806,47.13924444,1,1,6,9,1,60,80,0,0,1,2,25,3,1,4,3,6,1,1,53,0,72,706,2016,0,,64,25,12,2,,,1,1,28,1,7,,4,0,20,7,11,5,05/05/2021,0:57,76353021960,21960,0,0,0,3,1,8,,,,96,,,,,,9,,,,,,98277,53,78,240,6,1,0,0,0,1,,0,,,,,,3,11/15/2019,11/15/2019,20,8,0,0,0,9,8,,,0,,,8,1,2,605,,,1,,,2,1,0.188,,,,,,,,,,,,,,,,,,,,,,,,,,,,,,0,0,1,0,1,1,1,1,1,0,0,0,1,0,0,0,0,0,0,0,0,0,0,0,0,0,0,0,1,0,1,0,0,0,1,0,0,0,0,0,0,1,1,1,0,1,0,0,0,0,0,1,,,,,,26-30,26-35,Interstate,U,Tuesday,,MC,White,0,1,0,0,State Route,State Patrol,Washington State Patrol,1,1,0,0,0,thc,1.8,,,,0,0,0,,,,,,,,,,,0,0,0,1,,,,,5,,,,,,,,nms,1,0,,,,,,
2021,245,EB51784,1,07/23/2021,11:29,23,7,,77,Yakima,0,1,,1,1,2,1,0,3,2,,,,12,0,6,2.5,8,0,1,5,1,1,3,0,0,0,0,SR-821,,-120.4671694,46.70946944,0,1,98,98,7,45,80,0,0,1,5,12,1,1,2,1,6,1,1,53,0,72,706,2009,0,,12,,,,,,1,1,56,1,7,,4,7,20,7,11,0,07/23/2021,11:29,53036239,36239,0,0,0,3,1,38,,,,96,,,,,,98,,,,,,98277,53,71,260,6,1,0,0,0,0,,0,,,,,,0,,,20,8,0,0,0,9,8,,,0,,,8,8,2,1,,,1,,,2,1,0,,,,,,,,,,,,,,,,,,,,,,,,,,,,,,0,0,0,0,0,0,0,0,0,0,0,0,0,0,0,0,0,0,1,0,0,1,1,0,1,0,0,0,1,1,0,0,0,0,1,0,0,0,0,0,0,0,0,0,0,0,1,0,0,0,0,0,,,,,,56-60,56-65,State route,R,Friday,,MC,White,0,0,0,0,State Route,State Patrol,Washington State Patrol,0,1,0,0,0,,,,,,0,0,0,,,,,,,,,,,0,0,0,1,,,,,5,,,,,,,,,1,0,,,,,,
2019,32,E888548,7,01/25/2019,20:23,25,1,,7,Chelan,0,1,0,2,1,2,1,0,2,2,,,,12,0,1,80.7,1,0,1,3,1,1,2,0,0,0,0,US-2,,-120.8172306,47.77440556,0,1,24,51,3,60,6,0,0,1,7,1,1,1,2,1,1,1,1,53,0,48,34,1998,0,0,12,1,,,,,1,1,47,1,7,,4,0,20,7,11,4,01/25/2019,23:12,2.49053E+11,4519,0,0,0,3,1,0,0,0,0,96,,,,,,9,,,,,,98279,53,69,165,6,1,0,0,1,0,,0,,,,,,0,08/15/2016,08/15/2016,1,0,0,0,0,1,8,,,0,0,0,8,1,8,95,,,96,,,2,1,0.09,,,,,,,,,,,,,,,,,,,,,,,,,,,,,,0,0,0,0,1,1,0,1,0,0,0,0,0,0,0,0,0,0,0,1,0,0,0,0,0,0,0,0,0,1,0,0,0,1,0,,1,0,0,0,0,1,0,1,0,0,0,0,0,1,0,1,,,,,,46-50,46-55,US highway,R,Friday,Not Used,PV,White,0,0,0,0,State Route,State Patrol,Washington State Patrol,0,1,0,0,0,,,,,,0,0,0,,,,,,,,,,,0,0,0,1,,,,,20,7,,,,,,,,,,,,,,,
2018,71,E779577,2,03/10/2018,16:37,10,3,0,61,Snohomish,0,1,0,1,1,1,1,0,1,1,,,,1,0,0,1.9,1,0,1,5,2,1,3,0,0,0,0,SR-531,,-122.2783611,48.15645556,0,1,7,13,2,35,4,0,0,1,7,1,3,4,2,1,14,1,1,53,0,20,16,2005,0,0,63,69,68,64,1,42,1,1,75,1,7,1,4,7,20,0,11,0,03/10/2018,16:37,53011742,11742,0,0,0,0,1,0,0,0,0,96,,,,,,99,,,,,,98282,53,70,195,0,0,0,0,0,0,,0,,,,,,4,,,20,2,9,0,0,9,8,,,0,0,0,8,0,2,1,,,1,,,2,1,0,,,,,,,,,,,,,,,,,,,,,,,,,,,,,,0,0,0,0,0,0,0,0,0,0,0,0,1,1,0,0,0,0,0,1,0,0,0,0,0,1,1,1,0,1,0,0,0,1,0,,1,0,0,0,0,0,0,0,0,1,0,1,0,0,0,0,,,,,,71-75,66-75,State route,U,Saturday,Not Used,PV,White,0,1,0,0,State Route,State Patrol,Washington State Patrol Headquarter,1,1,0,0,0,,,,,,0,0,0,,,,,,,,,,,,,,,,,,,,,,,,,,,,,,,,,,,
2018,229,E819370,2,07/03/2018,20:13,3,7,5,61,Snohomish,0,1,0,1,1,2,1,0,2,2,20:10,20:20,,12,0,2,29,1,0,1,4,1,1,3,0,0,0,0,SR-530,,-121.6542139,48.27298056,0,1,50,10,2,98,34,0,0,1,7,12,1,1,2,1,1,1,1,53,0,20,481,2002,0,0,68,12,,,,,1,1,69,1,7,1,4,7,3,0,11,0,07/03/2018,20:13,53029929,29929,0,0,0,3,1,28,0,0,0,96,,,,,,0,,,,,,98282,53,75,240,6,1,0,0,0,0,,0,,,,,,0,,,8,0,0,0,0,9,8,,,0,0,0,8,0,2,321,351,996,1,1,1,2,1,0,,,,,,,,,,,,,,,,,,,,,,,,,,,,,,0,0,0,0,0,0,1,1,0,0,0,0,0,0,0,0,0,0,0,0,0,0,0,0,0,1,0,0,0,1,1,0,0,0,0,,1,0,0,0,0,0,1,1,0,0,0,0,0,0,1,0,,,,,,66-70,66-75,State route,R,Tuesday,Belt Used,PV,White,0,1,1,0,State Route,State Patrol,Washington State Patrol,0,1,0,0,0,,,,,,0,0,0,,,,,,,,,,,,,,,,,,,,,,,,,,,,,,,,,,,