year,case,par,repjur,crash_dt,crash_tm,accday,accmon,holiday,county,co_char,city,weather,weather2,lightcond,surfcond,surftype,numfatal,nmforms,pforms,vforms,not_tm,arr_tm,hosp_tm,fhevent,hitrun,manncol,milepnt,reljunc,reljuncinter,intersectiontype,funcsystem,landuse,ownership,route,schlbus,spejur,contdev,devfunc,trafid1,trafid2,x,y,wk_zone,vnumber,crashtype,criticalevent,criticaleventcat,spdlim,body,trailer,emerg,hazcargo,leave,mhevent,roadalgn,roadprof,traflane,trafflow,vehmanvr,numoccs,regowner,regstate,spuse,make,model,modelyr,vrf1,vrf2,seqevent1,seqevent2,seqevent3,seqevent4,seqevent5,seqevent6,pnumber,ptype,age,sex,hispanic,race,injury,diedscene,restraint,restraintmisuse,seatpos,takehosp,death_dt,death_tm,cert,cernum_wa,commlic,licendor,licrestrict,liccomp,drivpres,drf1,drf2,drf3,drf4,distract1,distract2,distract3,distract4,distract5,distract6,dricond1,dricond2,dricond3,dricond4,dricond5,dricond6,dzip,licstate,drhgt_in,weight,noncdl,noncdltype,prevdwi,prevoth,prevacc,prevspd,prevsus,driviol1,driviol2,driviol3,driviol4,driviol5,driviol6,spdrel,first_dt,last_dt,airbag,ejection,ejectpath,extricat,injurwrk,methalc,methdrug,nmlocat,strikveh,prf1,prf2,prf3,druginv,alcinvol,drugsts,drugres1,drugres2,drugres3,drugtst1,drugtst2,drugtst3,alcsts,alctst,alcres,nmact1,nmact2,nmact3,nmact4,nmact5,nmact6,nmprior1,nmprior2,nmprior3,nmprior4,nmprior5,nmprior6,nmcond1,nmcond2,nmcond3,nmcond4,nmcond5,nmcond6,nmsafe_helmet,nmsafe_pads,nmsafe_oth,nmprev_ref,nmprev_lgt,nmprev_oth,crashlocation,nmcrashtype,crosswalk,schoolzone,sidewalk,train_inv,wildlife_inv,rotr_fars,intersect_fars,dd_inv,aid_inv,dpd_inv,id_inv,mj_inv,impnm_inv,ainm_inv,dpnm_inv,speed_inv,unlic_inv,unendmc_inv,drowsy_inv,drdist_inv,nmdist_inv,fty_inv,unrestfat_inv,dr1617_inv,dr1820_inv,dr1620_inv,dr2125_inv,dr1625_inv,dr65_inv,dr70_inv,dr75_inv,mc_inv,pv_inv,ht_inv,ped_inv,bike_inv,unrest_fat,mc_fat,unhelmet_mc,pv_fat,ht_fat,ped_fat,bike_fat,dr_alc7,dr_alc8,dr_drug,dr_imp,dr_dist,dr_spd,dr_fty,dr_unlic,dr_alc7only,dr_alc8only,dr_drugonly,dr_drink,nm_imp,nm_alc7,nm_alc8,nm_drug,nm_dist,agegrp1,agegrp2,roadclass,urbrur,dayweek,restuse,vehtype,race_me,intersect,lanedep,oppdir,wrongway,rep_typ,investag,repag_long,rotr,st_rd,cty_rd,city_rd,oth_rd,drug_thc,thc_res,drug_cthc,cthc_res,drug_cann,prevpersemin,prevperse,prevsusoth,drugtst4,drugtst5,drugtst6,drugtst7,drugtst8,drugres4,drugres5,drugres6,drugres7,drugres8,adspresent,adsengaged,adslevel,race1,race2,race3,race4,race5,helmet,helmetmisuse,nmdistract1,nmdistract2,nmdistract3,nmdistract4,nmdistract5,nmdistract6,lab,isedtcase,crf1,crf2,crf3,CoRoadName,CoMP,IntCoRoadName,IntCoMP
2018,238,E822709,2,07/01/2018,16:06,1,7,0,61,Snohomish,0,1,0,1,1,2,1,0,7,5,16:03,16:07,16:35,12,0,2,208.2,1,0,1,1,1,1,1,0,0,0,0,I-5,,-122.1965389,48.18052222,0,4,98,90,6,70,14,0,0,1,5,54,1,1,3,3,1,1,1,53,0,49,401,2017,0,0,54,,,,,,1,1,51,2,0,0,0,0,3,0,11,0,,,,,0,0,0,3,1,0,0,0,0,96,,,,,,0,,,,,,98282,53,69,190,6,1,0,0,0,0,,0,,,,,,0,,,20,0,0,0,8,9,8,,,0,0,0,8,0,8,95,,,96,,,8,95,995,,,,,,,,,,,,,,,,,,,,,,,,,,,,,,0,0,0,0,1,1,1,1,1,0,0,0,0,1,0,0,0,0,0,0,1,0,1,0,1,0,0,0,0,1,0,0,0,0,0,,0,0,0,0,0,0,0,0,0,0,0,0,0,0,0,0,,,,,,51-55,46-55,Interstate,R,Sunday,Belt Used,PV,Not Fatal,0,0,0,1,State Route,State Patrol,Washington State Patrol,0,1,0,0,0,,,,,,0,0,0,,,,,,,,,,,,,,,,,,,,,,,,,,,,,,,,,,,
2018,446,E858418,2,11/06/2018,12:02,6,11,0,29,Island,0,10,0,1,2,2,1,0,2,2,12:04,12:08,13:18,12,0,6,2.7,2,0,2,5,1,2,4,0,0,20,3,CR-N CAMANO DR,UTSALADY RD,-122.4814972,48.25010833,0,1,89,17,2,35,4,0,0,1,7,12,4,2,2,1,14,1,1,53,0,42,48,2006,0,0,12,63,38,,,,1,1,83,1,7,1,4,0,3,0,11,5,11/09/2018,2:20,1.96053E+11,49801,0,0,0,3,1,38,0,0,0,92,,,,,,0,,,,,,98282,53,72,260,6,1,0,1,0,1,,0,,,,,,0,01/15/2016,07/15/2016,2,0,0,0,0,9,8,,,0,0,0,8,0,2,177,348,,1,1,,2,1,0,,,,,,,,,,,,,,,,,,,,,,,,,,,,,,0,0,0,1,0,0,1,1,0,0,0,0,0,0,0,0,1,0,1,0,0,0,0,0,0,1,1,1,0,1,0,0,0,0,0,,1,0,0,0,0,0,1,1,1,0,1,0,0,0,1,0,,,,,,81+,76+,County road,R,Tuesday,Belt Used,PV,White,1,0,0,0,County Road,State Patrol,Washington State Patrol,0,0,1,0,0,,,,,,0,0,0,,,,,,,,,,,,,,,,,,,,,,,,,,,,,,,,,,,
2019,443,E994471,2,12/04/2019,21:57,4,12,,29,Island,0,1,0,3,1,2,1,0,1,1,,,,30,0,0,9999.9,1,0,1,5,1,2,4,0,0,0,0,CR-SE CAMANO DR,,-122.4603667,48.14683889,0,1,1,13,2,40,6,0,0,1,2,1,3,1,2,1,14,1,1,53,0,48,34,2002,0,0,63,30,1,,,,1,1,40,2,7,,4,7,20,7,11,0,12/04/2019,21:57,53053606,53606,0,0,3,3,1,0,0,0,0,96,,,,,,9,,,,,,98282,53,58,111,6,1,0,1,0,0,,0,,,,,,4,01/15/2018,01/15/2018,8,2,9,0,0,1,8,,,0,0,0,8,1,2,695,605,,1,1,,2,1,0.299,,,,,,,,,,,,,,,,,,,,,,,,,,,,,,0,0,1,0,1,1,1,1,1,0,0,0,1,0,0,0,0,0,0,1,0,0,0,0,0,0,0,0,0,1,0,0,0,1,0,,1,0,0,0,0,1,1,1,0,1,0,0,0,0,0,1,,,,,,36-40,36-45,County road,R,Wednesday,Not Used,PV,Oth/Unk,0,1,0,0,County Road,State Patrol,Washington State Patrol,1,0,1,0,0,thc,0.78,carboxy-thc,14,,0,0,0,,,,,,,,,,,98,98,98,99,,,,,20,7,,,,,,,nms,,,,,,,,
2020,10,EA04228,2,01/01/2020,20:10,1,1,,29,Island,0,6,,2,2,2,1,0,1,1,20:04,20:08,,42,0,0,10,1,0,1,6,1,2,4,0,0,0,0,CR-S CAMANO DR,,-122.4455111,48.11166667,0,1,2,9,1,50,6,0,0,1,2,42,2,1,2,1,6,1,1,53,0,12,13,1995,0,,68,68,63,42,,,1,1,61,1,7,,4,7,20,7,11,0,01/01/2020,20:10,53000701,701,0,0,0,3,1,33,,,,96,,,,,,98,,,,,,98282,53,73,190,6,1,0,2,1,0,,0,,,,,,0,08/15/2016,08/15/2017,20,0,0,0,0,1,8,,,0,,,8,1,2,124,996,,1,1,,2,1,0.188,,,,,,,,,,,,,,,,,,,,,,,,,,,,,,0,0,0,0,1,1,1,1,0,0,0,0,0,0,0,0,0,0,0,1,0,0,0,0,0,0,0,0,0,1,0,0,0,1,0,,1,0,0,0,0,1,1,1,0,0,0,0,0,0,0,1,,,,,,61-65,56-65,County road,R,Wednesday,Not Used,PV,White,0,1,0,0,County Road,State Patrol,Washington State Patrol,1,0,1,0,0,,,,,,0,0,0,,,,,,,,,,,0,0,0,1,,,,,20,7,,,,,,,,1,0,,,,,,
2020,55,EA22120,8,02/14/2020,18:12,14,2,,45,Mason,0,10,,2,2,2,1,0,5,2,18:14,18:31,19:12,12,0,6,8.7,1,0,1,4,1,1,3,0,0,0,0,SR-108,,-123.1489028,47.10342778,0,2,66,62,4,50,14,0,0,1,2,12,2,1,2,1,14,4,2,53,0,49,402,2020,0,,12,,,,,,1,1,37,1,0,,1,0,3,0,11,5,,,,,0,0,3,3,1,0,,,,96,,,,,,0,,,,,,98282,53,71,185,6,1,0,0,0,0,,0,,,,,,0,,,8,0,0,0,8,9,8,,,0,,,8,8,0,0,,,0,,,0,0,996,,,,,,,,,,,,,,,,,,,,,,,,,,,,,,0,0,0,0,0,0,1,1,1,0,0,0,1,0,0,0,0,0,0,0,0,0,0,1,1,0,0,0,0,1,0,0,0,0,0,,0,0,0,0,0,0,0,0,0,0,0,0,0,0,0,0,,,,,,36-40,36-45,State route,R,Friday,Belt Used,PV,Not Fatal,0,1,1,0,State Route,State Patrol,Washington State Patrol,0,1,0,0,0,,,,,,0,0,0,,,,,,,,,,,98,98,98,0,,,,,20,7,,,,,,,,1,0,,,,,,
2020,99,EA29532,2,04/17/2020,15:20,17,4,,61,Snohomish,0,1,,1,1,2,1,0,2,2,15:20,15:26,,12,0,6,31.4,2,0,3,5,1,1,3,0,0,0,0,SR-9,252ND ST NE,-122.1433083,48.22460556,0,1,68,15,2,50,14,0,0,1,2,12,1,1,2,1,11,1,2,53,0,2,404,2006,0,,12,,,,,,1,1,29,1,0,,0,0,3,0,11,0,,,,,0,0,0,2,1,38,,,,96,,,,,,0,,,,,,98282,53,70,185,1,1,0,1,0,0,,46,,,,,,0,06/15/2015,06/15/2018,20,0,0,0,8,3,8,,,0,,,8,8,0,0,,,0,,,0,0,996,,,,,,,,,,,,,,,,,,,,,,,,,,,,,,0,0,0,1,1,0,0,0,0,0,0,0,0,1,0,0,0,0,1,0,0,0,0,0,0,0,0,0,1,1,0,0,0,0,0,,0,0,0,0,0,0,0,0,0,0,1,1,0,0,0,0,,,,,,26-30,26-35,State route,R,Friday,Belt Used,PV,Not Fatal,1,0,0,0,State Route,State Patrol,Washington State Patrol,0,1,0,0,0,,,,,,0,0,6,,,,,,,,,,,98,98,98,0,,,,,20,7,,,,,,,,1,0,,,,,,
2020,269,EA53654,2,07/26/2020,19:55,26,7,,29,Island,0,1,,1,1,2,1,0,2,2,19:42,19:49,20:06,12,0,2,10,1,0,1,5,1,2,4,0,0,0,0,CR-SW CAMANO DR,,-122.5166306,48.16032778,0,1,50,9,1,50,80,0,0,1,2,12,2,1,2,1,14,1,1,53,0,72,706,2019,0,,68,12,,,,,1,1,45,1,7,,4,0,20,7,11,1,07/26/2020,20:35,53035281,35281,0,0,0,3,1,28,,,,96,,,,,,9,,,,,,98282,53,75,235,6,1,0,0,0,1,,0,,,,,,4,01/15/2020,01/15/2020,20,8,0,0,0,1,8,,,0,,,0,1,2,1,,,1,,,2,1,0.421,,,,,,,,,,,,,,,,,,,,,,,,,,,,,,0,0,0,0,1,1,0,1,0,0,0,0,1,0,0,0,0,0,0,0,0,0,0,0,0,0,0,0,1,1,0,0,0,0,1,0,0,0,0,0,0,1,0,1,0,1,0,0,0,1,0,1,,,,,,41-45,36-45,County road,R,Sunday,,MC,White,0,1,1,0,County Road,State Patrol,Washington State Patrol,0,0,1,0,0,,,,,,0,0,0,,,,,,,,,,,0,0,0,1,,,,,5,0,,,,,,,,1,0,,,,,,
2020,269,EA53654,2,07/26/2020,19:55,26,7,,29,Island,0,1,,1,1,2,1,0,2,2,19:42,19:49,20:06,12,0,2,10,1,0,1,5,1,2,4,0,0,0,0,CR-SW CAMANO DR,,-122.5166306,48.16032778,0,2,51,62,4,50,20,0,0,1,2,12,3,1,2,1,14,1,1,53,0,7,442,2011,0,,12,,,,,,1,1,37,1,0,,1,0,3,0,11,0,,,,,0,0,0,3,1,0,,,,96,,,,,,0,,,,,,98282,53,74,190,6,1,0,0,0,0,,0,,,,,,0,,,1,0,0,0,8,3,8,,,0,,,8,8,2,1,,,1,,,2,1,0,,,,,,,,,,,,,,,,,,,,,,,,,,,,,,0,0,0,0,1,1,0,1,0,0,0,0,1,0,0,0,0,0,0,0,0,0,0,0,0,0,0,0,1,1,0,0,0,0,0,,0,0,0,0,0,0,0,0,0,0,0,0,0,0,0,0,,,,,,36-40,36-45,County road,R,Sunday,Belt Used,PV,Not Fatal,0,1,1,0,County Road,State Patrol,Washington State Patrol,0,0,1,0,0,,,,,,0,0,0,,,,,,,,,,,98,98,98,0,,,,,20,7,,,,,,,,1,0,,,,,,
2020,507,EA93632,2,12/24/2020,4:20,24,12,,61,Snohomish,0,1,,2,1,2,1,1,1,1,,,,8,0,0,210.5,1,0,1,1,1,1,1,0,0,0,0,I-5,,-122.2176556,48.21269167,0,1,13,80,5,60,14,0,0,1,5,8,1,2,3,3,1,1,1,53,0,55,402,2018,0,,8,,,,,,1,1,50,2,0,,0,0,3,0,11,0,,,,,0,0,0,3,1,0,,,,96,,,,,,0,,,,,,98282,53,67,185,6,1,0,0,0,0,,0,,,,,,0,,,20,0,0,0,8,3,2,,,0,,,8,8,0,0,,,0,,,0,0,996,,,,,,,,,,,,,,,,,,,,,,,,,,,,,,0,0,0,0,0,0,0,0,0,1,0,1,0,0,0,0,0,0,0,0,0,0,0,0,0,0,0,0,0,1,0,1,0,0,0,,0,0,0,0,0,0,0,0,0,0,0,0,0,0,0,0,,,,,,46-50,46-55,Interstate,R,Thursday,Belt Used,PV,Not Fatal,0,0,0,0,State Route,State Patrol,Washington State Patrol,0,1,0,0,0,,,,,,0,0,0,,,,,,,,,,,98,98,98,0,,,,,20,7,,,,,,,,1,0,,,,,,
2021,3,EA95083,2,01/02/2021,10:50,2,1,,29,Island,0,2,,1,2,2,1,0,3,1,,,,30,0,0,,1,0,1,5,1,2,4,0,0,0,0,CR-SE CAMANO DR,,-122.4607556,48.14726111,0,1,2,6,1,40,4,0,0,1,2,30,2,1,2,1,14,3,2,53,0,49,40,2004,0,,63,30,,,,,1,1,20,1,7,,4,7,3,0,11,0,01/02/2021,10:50,53000212,212,0,0,0,0,1,0,,,,96,,,,,,9,,,,,,98282,53,66,136,0,0,0,0,0,0,,0,,,,,,3,,,1,0,0,0,0,9,8,,,0,,,1,9,2,695,605,,1,1,,2,1,0,,,,,,,,,,,,,,,,,,,,,,,,,,,,,,0,0,0,0,0,0,1,1,1,0,0,0,1,1,0,0,0,0,0,0,0,1,1,0,1,0,0,0,0,1,0,0,0,0,0,,1,0,0,0,0,0,1,1,0,1,0,1,0,0,1,0,,,,,,18-20,16-25,County road,R,Saturday,Belt Used,PV,White,0,1,0,0,County Road,State Patrol,Washington State Patrol,1,0,1,0,0,thc,18,carboxy-thc,54,,0,0,0,,,,,,,,,,,98,98,98,1,,,,,20,,,,,,,,nms,1,0,,,EAST CAMANO DR,9.03,HARTMAN PL,0
2021,299,EB57796,2,08/12/2021,0:30,12,8,,61,Snohomish,690,1,,2,1,2,1,0,1,1,,,,24,0,0,194.1,5,1,1,1,2,1,1,0,0,0,0,I-5 RAMP,,-122.1853028,47.98218056,0,1,1,9,1,98,80,0,0,1,5,24,2,1,2,6,14,1,1,53,0,72,706,2017,0,,63,24,,,,,1,1,35,1,7,,4,7,20,7,11,0,08/12/2021,0:30,69053039738,39738,0,0,0,3,1,0,,,,96,,,,,,9,,,,,,98282,53,72,195,6,1,0,0,0,0,,0,,,,,,4,,,20,8,0,0,0,9,8,,,0,,,8,1,2,605,124,996,1,1,1,2,1,0.14,,,,,,,,,,,,,,,,,,,,,,,,,,,,,,0,0,1,0,1,1,1,1,1,0,0,0,1,0,0,0,0,0,0,0,0,0,0,0,0,0,0,0,1,0,0,0,0,0,1,0,0,0,0,0,0,1,1,1,0,1,0,0,0,0,0,1,,,,,,31-35,26-35,Interstate,U,Thursday,,MC,White,0,1,0,0,State Route,State Patrol,Washington State Patrol,1,1,0,0,0,thc,0.69,,,,0,0,0,,,,,,,,,,,0,0,0,1,,,,,5,,,,,,,,nms,1,0,,,,,,
2021,491,EB93812,2,11/25/2021,15:52,25,11,,61,Snohomish,0,2,,1,2,2,1,0,8,5,,,,12,0,1,7.6,1,0,1,4,1,1,3,0,0,0,0,SR-532,,-122.2942583,48.23639167,0,5,98,62,4,55,14,0,0,1,5,12,1,1,3,1,1,3,1,53,0,49,401,2001,0,,12,,,,,,1,1,31,1,0,,0,0,3,0,11,0,,,,,0,0,0,0,1,0,,,,96,,,,,,0,,,,,,98282,53,64,130,0,0,0,0,1,2,,0,,,,,,0,09/15/2019,01/15/2021,20,0,0,0,8,9,8,,,0,,,8,8,8,95,,,96,,,0,0,996,,,,,,,,,,,,,,,,,,,,,,,,,,,,,,0,0,0,0,0,0,0,0,0,0,0,0,1,1,0,0,0,0,0,0,0,0,0,0,0,0,0,0,0,1,0,0,0,0,0,,0,0,0,0,0,0,0,0,0,0,0,1,0,0,0,0,,,,,,31-35,26-35,State route,R,Thursday,Belt Used,PV,Not Fatal,0,0,0,0,State Route,State Patrol,Washington State Patrol,0,1,0,0,0,,,,,,0,0,0,,,,,,,,,,,98,98,98,0,,,,,20,,,,,,,,,1,0,,,,,,
2017,116,E664778,2,04/22/2017,14:27,22,4,0,57,Skagit,0,2,0,1,2,2,1,0,2,2,,,,12,0,2,45.9,1,0,1,4,2,1,3,0,0,0,0,SR-9,,-122.23005,48.38553611,0,1,50,10,2,50,80,0,0,1,2,12,2,2,2,1,14,1,1,53,0,72,706,2006,0,0,68,12,,,,,1,1,22,1,7,1,4,7,5,0,11,0,04/22/2017,14:27,1.41053E+11,18713,0,0,3,3,1,28,0,0,0,0,,,,,,0,,,,,,98284,53,74,360,6,1,0,0,0,1,0,0,,,,,,0,08/15/2014,08/15/2014,20,8,0,0,0,9,8,,,0,0,0,8,0,2,1,0,0,1,0,0,2,1,0,,,,,,,,,,,,,,,,,,,,,,,,,,,,,,0,0,0,0,0,0,0,0,0,0,0,0,0,0,0,0,0,0,0,0,0,0,0,1,1,0,0,0,1,1,0,0,0,0,1,0,0,0,0,0,0,0,0,0,0,0,0,0,0,0,0,0,,,,,,21-25,16-25,State route,U,Saturday,,MC,White,0,0,0,0,State Route,State Patrol,Washington State Patrol Headquarter,0,1,0,0,0,,,,,,,,,,,,,,,,,,,,,,,,,,,,,,,,,,,,,,,,,,,
2017,139,E669280,2,05/05/2017,22:07,5,5,0,57,Skagit,0,10,0,2,2,2,1,0,3,2,22:09,22:17,22:40,12,0,2,1.6,1,0,1,4,2,1,3,0,0,0,0,SR-536,,-122.3990806,48.44282222,0,1,50,10,2,45,34,0,0,1,2,12,1,1,2,1,1,1,1,53,0,12,471,1999,0,0,68,12,,,,,1,1,30,1,0,0,3,0,3,0,11,4,,,,,0,0,3,3,1,28,0,0,0,96,,,,,,9,,,,,,98284,53,72,220,6,1,1,1,0,0,9,97,,,,,,0,10/15/2012,03/15/2015,20,0,0,0,8,9,8,,,0,0,0,8,1,2,695,0,0,1,0,0,2,1,0.25,,,,,,,,,,,,,,,,,,,,,,,,,,,,,,0,0,0,0,1,1,1,1,1,0,0,0,0,0,0,0,0,0,0,1,0,0,0,1,1,0,0,0,0,1,0,0,0,0,0,,0,0,0,0,0,1,1,1,0,0,0,0,0,0,0,1,,,,,,26-30,26-35,State route,U,Friday,Belt Used,PV,Not Fatal,0,1,1,0,State Route,State Patrol,Washington State Patrol Headquarter,0,1,0,0,0,,,carboxy-thc,888,,,,,,,,,,,,,,,,,,,,,,,,,,,,,,,,,,,,,,,
2017,331,E706887,2,08/26/2017,20:02,26,8,0,57,Skagit,0,1,0,5,1,2,1,0,1,1,19:56,20:15,,31,0,0,5.7,1,0,1,6,1,2,4,0,0,0,0,CR-PRAIRIE RD,,-122.2594722,48.583325,0,1,1,13,2,50,80,0,0,1,2,31,1,2,2,1,1,1,1,53,0,76,706,2003,0,0,63,31,38,35,,,1,1,28,1,7,1,4,7,5,0,11,0,08/26/2017,20:02,53037237,37237,0,0,1,3,1,0,0,0,0,96,,,,,,99,,,,,,98284,53,69,195,6,1,0,0,0,0,0,0,,,,,,3,,,20,8,0,0,0,1,8,,,0,0,0,8,1,2,1,0,0,1,0,0,2,1,0.26,,,,,,,,,,,,,,,,,,,,,,,,,,,,,,0,0,1,0,1,1,0,1,0,0,0,0,1,0,0,0,0,0,0,0,0,0,0,0,0,0,0,0,1,0,0,0,0,0,1,0,0,0,0,0,0,1,0,1,0,1,0,0,0,1,0,1,,,,,,26-30,26-35,County road,R,Saturday,,MC,White,0,1,0,0,County Road,State Patrol,Washington State Patrol Headquarter,1,0,1,0,0,,,,,,,,,,,,,,,,,,,,,,,,,,,,,,,,,,,,,,,,,,,
2017,482,E740769,2,11/22/2017,18:59,22,11,8,57,Skagit,230,10,0,2,1,2,1,1,1,1,,,,8,1,0,0.2,20,1,1,1,2,1,1,0,0,0,0,I-5 RAMP Q122935,,-122.3355611,48.45479444,0,1,13,80,5,98,34,0,0,1,5,8,2,1,1,6,14,1,9,53,0,7,482,2014,0,0,8,,,,,,1,1,23,1,0,0,0,0,99,0,11,0,,,,,0,0,0,2,1,0,0,0,0,93,,,,,,99,,,,,,98284,53,71,130,1,1,1,0,1,0,2,97,,,,,,0,08/15/2016,12/15/2016,99,0,0,0,8,9,8,,,0,0,0,8,9,0,0,0,0,0,0,0,0,0,996,,,,,,,,,,,,,,,,,,,,,,,,,,,,,,0,0,0,0,0,0,0,0,0,0,0,0,0,1,0,0,1,0,0,0,0,0,0,1,1,0,0,0,0,0,0,1,0,0,0,,0,0,0,0,0,0,0,0,1,0,0,1,0,0,0,0,,,,,,21-25,16-25,Interstate,U,Wednesday,Unknown,PV,Not Fatal,0,0,0,0,State Route,State Patrol,Washington State Patrol Headquarter,0,1,0,0,0,,,,,,,,,,,,,,,,,,,,,,,,,,,,,,,,,,,,,,,,,,,
2017,519,E748889,2,12/18/2017,13:40,18,12,0,57,Skagit,0,10,0,1,1,2,1,0,3,3,13:39,13:45,14:21,12,0,6,58.3,2,0,2,3,2,1,3,0,0,3,3,SR-20,PULVER RD,-122.3570611,48.46559722,0,1,89,17,2,35,4,0,0,1,2,12,1,1,3,1,1,1,2,53,0,49,32,1997,0,0,12,12,,,,,1,1,49,2,1,7,4,0,20,0,11,4,12/18/2017,14:19,1.41053E+11,54565,0,0,0,3,1,38,39,0,0,96,,,,,,9,,,,,,98284,53,62,285,6,1,0,0,0,0,0,0,,,,,,0,,,20,0,0,0,0,9,1,,,0,0,0,1,9,2,401,417,0,1,1,0,2,1,0,,,,,,,,,,,,,,,,,,,,,,,,,,,,,,0,0,0,1,0,0,1,1,0,0,0,0,0,0,0,0,0,0,1,1,0,0,0,0,0,1,0,0,0,1,0,0,0,1,0,,1,0,0,0,0,0,1,1,0,0,1,0,0,0,1,0,,,,,,46-50,46-55,State route,U,Monday,Not Used,PV,Hispanic,1,0,0,0,State Route,State Patrol,Washington State Patrol Headquarter,0,1,0,0,0,,,,,,,,,,,,,,,,,,,,,,,,,,,,,,,,,,,,,,,,,,,
2018,26,E764610,2,01/15/2018,17:54,15,1,2,57,Skagit,0,1,0,2,1,2,1,0,2,2,,,,12,0,6,4.9,2,0,2,4,1,2,4,0,0,0,0,CR-JOSH WILSON RD,FARM TO MARKET RD,-122.4444083,48.48668056,0,2,88,66,4,50,34,0,0,1,7,12,8,8,2,1,1,1,3,53,0,7,482,2001,0,0,12,,,,,,1,1,28,1,0,0,0,0,3,0,11,0,,,,,0,0,3,2,1,0,0,0,0,96,,,,,,0,,,,,,98284,53,69,180,1,1,1,0,1,3,,0,,,,,,0,04/15/2015,05/15/2017,20,0,0,0,8,9,2,,,0,0,0,0,0,2,1,,,1,,,2,1,0,,,,,,,,,,,,,,,,,,,,,,,,,,,,,,0,0,0,1,0,0,0,0,0,0,0,0,0,1,0,0,1,0,0,0,0,0,0,0,0,0,0,0,0,1,0,0,0,0,0,,0,0,0,0,0,0,0,0,0,0,0,1,0,0,0,0,,,,,,26-30,26-35,County road,R,Monday,Belt Used,PV,Not Fatal,1,0,0,0,County Road,State Patrol,Washington State Patrol Headquarter,0,0,1,0,0,,,,,,0,1,0,,,,,,,,,,,,,,,,,,,,,,,,,,,,,,,,,,,
2018,158,E806457,2,06/01/2018,22:48,1,6,0,57,Skagit,0,1,0,2,1,2,2,0,4,1,22:45,22:54,23:28,43,0,0,58.5,1,0,1,4,1,1,3,0,0,0,0,SR-9,,-122.2245111,48.57047222,0,1,7,6,1,50,15,0,0,1,2,39,1,1,2,1,1,4,2,53,0,23,421,2003,0,0,68,64,43,39,,,1,1,30,1,7,2,4,7,20,0,11,0,06/01/2018,22:48,1.97053E+11,24967,0,0,3,2,1,0,0,0,0,96,,,,,,9,,,,,,98284,53,69,290,1,1,0,0,1,2,,0,,,,,,4,09/15/2014,04/15/2018,8,0,0,0,0,1,8,,,0,0,0,8,1,2,996,,,1,,,2,1,0.15,,,,,,,,,,,,,,,,,,,,,,,,,,,,,,0,0,0,0,1,1,1,1,0,0,0,0,1,1,0,0,0,0,0,1,0,0,0,0,0,0,0,0,0,1,0,0,0,1,0,,1,0,0,0,0,1,1,1,0,1,0,1,0,0,0,1,,,,,,26-30,26-35,State route,R,Friday,Not Used,PV,Black,0,1,0,0,State Route,State Patrol,Washington State Patrol,1,1,0,0,0,,,,,,0,0,2,,,,,,,,,,,,,,,,,,,,,,,,,,,,,,,,,,,
2018,195,E811460,2,06/18/2018,19:38,18,6,0,57,Skagit,0,1,0,1,1,2,1,0,4,2,19:34,19:41,20:16,12,0,98,1.2,2,0,3,6,2,2,4,0,0,0,0,CR-MINKLER RD,PEAVEY RD,-122.1884472,48.51529167,0,2,68,54,3,50,34,0,0,1,2,12,1,1,2,1,11,1,1,53,0,23,481,1999,0,0,12,,,,,,1,1,73,1,0,0,1,0,3,0,11,5,,,,,0,0,3,3,1,0,0,0,0,0,,,,,,0,,,,,,98284,53,77,232,6,1,0,0,0,0,,0,,,,,,0,,,8,0,0,0,8,9,8,,,0,0,0,8,0,2,1,,,1,,,2,1,0,,,,,,,,,,,,,,,,,,,,,,,,,,,,,,0,0,0,1,1,1,0,1,0,0,0,0,1,0,0,0,0,0,0,0,0,1,1,0,1,1,1,0,0,1,0,0,0,0,0,,0,0,0,0,0,0,0,0,0,0,0,0,0,0,0,0,,,,,,71-75,66-75,County road,U,Monday,Belt Used,PV,Not Fatal,1,0,0,0,County Road,State Patrol,Washington State Patrol Headquarter,0,0,1,0,0,,,,,,0,0,0,,,,,,,,,,,,,,,,,,,,,,,,,,,,,,,,,,,
2018,261,E823432,2,07/31/2018,17:40,31,7,0,73,Whatcom,110,1,0,1,1,1,1,0,2,2,17:40,17:49,,12,0,1,256.5,1,0,1,1,2,1,1,0,0,0,0,I-5,,-122.4911333,48.78310278,0,2,29,53,3,60,15,0,0,1,5,12,1,2,2,3,2,1,2,53,0,23,421,2001,0,0,12,,,,,,1,1,46,1,0,0,0,0,3,0,11,0,,,,,6,0,0,3,1,0,0,0,0,96,,,,,,0,,,,,,98284,53,67,195,6,1,0,0,1,0,,0,,,,,,0,10/15/2017,10/15/2017,20,0,0,0,8,9,8,,,0,0,0,8,0,8,95,,,96,,,8,95,995,,,,,,,,,,,,,,,,,,,,,,,,,,,,,,0,0,0,0,0,0,1,1,1,0,0,0,1,0,0,0,1,0,0,0,0,0,0,0,0,0,0,0,1,1,0,0,0,0,0,,0,0,0,0,0,0,0,0,0,0,0,0,0,0,0,0,,,,,,46-50,46-55,Interstate,U,Tuesday,Belt Used,PV,Not Fatal,0,0,0,0,State Route,State Patrol,Washington State Patrol,0,1,0,0,0,,,,,,0,0,0,,,,,,,,,,,,,,,,,,,,,,,,,,,,,,,,,,,