year,case,par,repjur,crash_dt,crash_tm,accday,accmon,holiday,county,co_char,city,weather,weather2,lightcond,surfcond,surftype,numfatal,nmforms,pforms,vforms,not_tm,arr_tm,hosp_tm,fhevent,hitrun,manncol,milepnt,reljunc,reljuncinter,intersectiontype,funcsystem,landuse,ownership,route,schlbus,spejur,contdev,devfunc,trafid1,trafid2,x,y,wk_zone,vnumber,crashtype,criticalevent,criticaleventcat,spdlim,body,trailer,emerg,hazcargo,leave,mhevent,roadalgn,roadprof,traflane,trafflow,vehmanvr,numoccs,regowner,regstate,spuse,make,model,modelyr,vrf1,vrf2,seqevent1,seqevent2,seqevent3,seqevent4,seqevent5,seqevent6,pnumber,ptype,age,sex,hispanic,race,injury,diedscene,restraint,restraintmisuse,seatpos,takehosp,death_dt,death_tm,cert,cernum_wa,commlic,licendor,licrestrict,liccomp,drivpres,drf1,drf2,drf3,drf4,distract1,distract2,distract3,distract4,distract5,distract6,dricond1,dricond2,dricond3,dricond4,dricond5,dricond6,dzip,licstate,drhgt_in,weight,noncdl,noncdltype,prevdwi,prevoth,prevacc,prevspd,prevsus,driviol1,driviol2,driviol3,driviol4,driviol5,driviol6,spdrel,first_dt,last_dt,airbag,ejection,ejectpath,extricat,injurwrk,methalc,methdrug,nmlocat,strikveh,prf1,prf2,prf3,druginv,alcinvol,drugsts,drugres1,drugres2,drugres3,drugtst1,drugtst2,drugtst3,alcsts,alctst,alcres,nmact1,nmact2,nmact3,nmact4,nmact5,nmact6,nmprior1,nmprior2,nmprior3,nmprior4,nmprior5,nmprior6,nmcond1,nmcond2,nmcond3,nmcond4,nmcond5,nmcond6,nmsafe_helmet,nmsafe_pads,nmsafe_oth,nmprev_ref,nmprev_lgt,nmprev_oth,crashlocation,nmcrashtype,crosswalk,schoolzone,sidewalk,train_inv,wildlife_inv,rotr_fars,intersect_fars,dd_inv,aid_inv,dpd_inv,id_inv,mj_inv,impnm_inv,ainm_inv,dpnm_inv,speed_inv,unlic_inv,unendmc_inv,drowsy_inv,drdist_inv,nmdist_inv,fty_inv,unrestfat_inv,dr1617_inv,dr1820_inv,dr1620_inv,dr2125_inv,dr1625_inv,dr65_inv,dr70_inv,dr75_inv,mc_inv,pv_inv,ht_inv,ped_inv,bike_inv,unrest_fat,mc_fat,unhelmet_mc,pv_fat,ht_fat,ped_fat,bike_fat,dr_alc7,dr_alc8,dr_drug,dr_imp,dr_dist,dr_spd,dr_fty,dr_unlic,dr_alc7only,dr_alc8only,dr_drugonly,dr_drink,nm_imp,nm_alc7,nm_alc8,nm_drug,nm_dist,agegrp1,agegrp2,roadclass,urbrur,dayweek,restuse,vehtype,race_me,intersect,lanedep,oppdir,wrongway,rep_typ,investag,repag_long,rotr,st_rd,cty_rd,city_rd,oth_rd,drug_thc,thc_res,drug_cthc,cthc_res,drug_cann,prevpersemin,prevperse,prevsusoth,drugtst4,drugtst5,drugtst6,drugtst7,drugtst8,drugres4,drugres5,drugres6,drugres7,drugres8,adspresent,adsengaged,adslevel,race1,race2,race3,race4,race5,helmet,helmetmisuse,nmdistract1,nmdistract2,nmdistract3,nmdistract4,nmdistract5,nmdistract6,lab,isedtcase,crf1,crf2,crf3,CoRoadName,CoMP,IntCoRoadName,IntCoMP
2018,316,E831476,2,08/18/2018,16:26,18,8,0,57,Skagit,0,5,0,1,1,2,1,0,1,1,16:10,16:24,,24,0,0,1.4,1,0,1,96,6,96,4,0,0,0,0,CR-BAKER LAKE RD,,-121.9074833,48.53666667,0,1,1,13,2,50,84,0,0,1,5,24,3,2,2,1,14,1,1,53,0,98,703,2012,0,0,63,24,,,,,1,1,58,2,7,1,4,7,5,0,11,0,08/18/2018,16:26,53037028,37028,0,0,3,3,1,0,0,0,0,92,,,,,,0,,,,,,98284,53,65,180,6,1,0,0,0,0,,0,,,,,,0,,,20,8,0,0,0,9,8,,,0,0,0,8,0,2,1,,,1,,,2,1,0,,,,,,,,,,,,,,,,,,,,,,,,,,,,,,0,0,1,0,0,0,0,0,0,0,0,0,0,0,0,0,1,0,0,0,0,0,0,0,0,0,0,0,1,0,0,0,0,0,1,0,0,0,0,0,0,0,0,0,1,0,0,0,0,0,0,0,,,,,,56-60,56-65,County road,,Saturday,,OTHMC,White,0,1,0,0,County Road,State Patrol,Washington State Patrol,1,0,1,0,0,,,,,,0,0,0,,,,,,,,,,,,,,,,,,,,,,,,,,,,,,,,,,,
2019,121,E915428,2,04/25/2019,18:08,25,4,,57,Skagit,0,10,0,1,1,2,1,0,7,2,,,,12,0,6,1.4,2,0,2,5,1,1,3,0,0,0,0,SR- 11,PULVER RD,-122.3564444,48.50010556,0,2,89,66,4,50,34,0,0,1,2,1,1,1,2,1,1,4,1,53,0,12,481,2005,0,0,12,1,,,,,1,1,31,1,7,,4,7,3,0,11,0,04/25/2019,18:08,53019265,19265,0,0,0,3,1,0,0,0,0,96,,,,,,99,,,,,,98284,53,73,190,6,1,0,0,0,0,,0,,,,,,0,03/15/2017,03/15/2017,20,0,0,0,0,9,8,,,0,0,0,8,9,8,95,,,96,,,8,95,995,,,,,,,,,,,,,,,,,,,,,,,,,,,,,,0,0,0,1,0,0,1,1,1,0,0,0,0,0,0,0,0,0,1,0,1,0,1,0,1,0,0,0,0,1,0,0,0,0,0,,1,0,0,0,0,0,0,0,0,0,0,0,0,0,0,0,,,,,,31-35,26-35,State route,R,Thursday,Belt Used,PV,White,1,0,0,0,State Route,State Patrol,Washington State Patrol,0,1,0,0,0,,,,,,0,0,1,,,,,,,,,,,98,98,98,1,,,,,20,7,,,,,,,,,,,,,,,
2019,130,E917267,2,04/30/2019,5:35,30,4,,57,Skagit,0,1,0,4,1,2,1,0,8,7,,,,12,0,1,221.2,1,0,1,1,1,1,1,0,0,97,8,I-5,,-122.3360056,48.34301667,1,2,29,53,3,70,20,0,0,1,2,12,1,1,1,3,2,1,2,53,0,20,441,2005,0,0,12,12,12,12,,,1,1,33,1,7,,4,7,99,7,11,0,04/30/2019,5:35,53020689,20689,0,0,0,3,1,0,0,0,0,96,,,,,,99,,,,,,98284,53,70,225,6,1,0,0,0,0,,0,,,,,,0,,,99,0,0,0,0,9,8,,,0,0,0,8,9,2,1,,,1,,,2,1,0,,,,,,,,,,,,,,,,,,,,,,,,,,,,,,0,0,0,0,0,0,0,0,0,0,0,0,0,0,0,0,1,0,0,0,0,1,1,0,1,0,0,0,0,1,1,0,0,0,0,,1,0,0,0,0,0,0,0,0,0,0,0,0,0,0,0,,,,,,31-35,26-35,Interstate,R,Tuesday,Unknown,PV,White,0,0,0,0,State Route,State Patrol,Washington State Patrol,0,1,0,0,0,,,,,,0,0,0,,,,,,,,,,,98,98,98,1,,,,,20,7,,,,,,,,,,,,,,,
2019,130,E917267,2,04/30/2019,5:35,30,4,,57,Skagit,0,1,0,4,1,2,1,0,8,7,,,,12,0,1,221.2,1,0,1,1,1,1,1,0,0,97,8,I-5,,-122.3360056,48.34301667,1,3,98,98,7,70,2,0,0,1,7,12,1,1,1,3,2,1,1,53,0,20,9,1993,0,0,12,,,,,,1,1,58,1,0,,0,0,3,0,11,0,,,,,0,0,3,3,1,0,0,0,0,96,,,,,,0,,,,,,98284,53,71,205,6,1,0,0,0,0,,0,,,,,,0,,,20,0,0,0,8,9,8,,,0,0,0,8,0,8,95,,,96,,,8,95,995,,,,,,,,,,,,,,,,,,,,,,,,,,,,,,0,0,0,0,0,0,0,0,0,0,0,0,0,0,0,0,1,0,0,0,0,1,1,0,1,0,0,0,0,1,1,0,0,0,0,,0,0,0,0,0,0,0,0,0,0,0,0,0,0,0,0,,,,,,56-60,56-65,Interstate,R,Tuesday,Belt Used,PV,Not Fatal,0,0,0,0,State Route,State Patrol,Washington State Patrol,0,1,0,0,0,,,,,,0,0,0,,,,,,,,,,,0,0,0,0,,,,,20,7,,,,,,,,,,,,,,,
2019,130,E917267,2,04/30/2019,5:35,30,4,,57,Skagit,0,1,0,4,1,2,1,0,8,7,,,,12,0,1,221.2,1,0,1,1,1,1,1,0,0,97,8,I-5,,-122.3360056,48.34301667,1,5,98,98,7,70,4,0,0,1,7,12,1,1,1,3,2,1,2,53,0,63,32,2009,0,0,12,12,64,24,,,1,1,37,1,0,,0,0,3,0,11,0,,,,,0,0,0,3,1,0,0,0,0,96,,,,,,0,,,,,,98284,53,71,190,6,1,0,0,0,0,,0,,,,,,0,,,1,0,0,0,8,9,8,,,0,0,0,8,0,8,95,,,96,,,8,95,995,,,,,,,,,,,,,,,,,,,,,,,,,,,,,,0,0,0,0,0,0,0,0,0,0,0,0,0,0,0,0,1,0,0,0,0,1,1,0,1,0,0,0,0,1,1,0,0,0,0,,0,0,0,0,0,0,0,0,0,0,0,0,0,0,0,0,,,,,,36-40,36-45,Interstate,R,Tuesday,Belt Used,PV,Not Fatal,0,0,0,0,State Route,State Patrol,Washington State Patrol,0,1,0,0,0,,,,,,0,0,0,,,,,,,,,,,98,98,98,0,,,,,20,7,,,,,,,,,,,,,,,
2019,153,E924278,2,05/25/2019,2:15,25,5,,73,Whatcom,0,10,0,2,1,2,1,0,1,5,,,,14,0,0,1.4,1,0,1,7,2,2,4,0,0,0,0,CR-YEW STREET RD,,-122.4437167,48.72496111,0,1,11,11,2,35,34,0,0,1,2,1,3,1,2,1,14,1,1,53,0,7,482,2011,0,0,63,14,1,14,42,14,1,1,25,1,7,,4,7,20,7,11,0,05/25/2019,2:15,53023997,23997,6,0,0,3,1,0,0,0,0,93,,,,,,99,,,,,,98284,53,69,180,6,1,0,0,0,3,,0,,,,,,3,06/15/2014,04/15/2017,8,0,0,0,0,1,8,,,0,0,0,8,1,2,1,,,1,,,2,1,0.25,,,,,,,,,,,,,,,,,,,,,,,,,,,,,,0,0,0,0,1,1,0,1,0,0,0,0,1,0,0,0,1,0,0,1,0,0,0,1,1,0,0,0,0,1,0,0,0,1,0,,1,0,0,0,0,1,0,1,1,1,0,0,0,1,0,1,,,,,,21-25,16-25,County road,U,Saturday,Not Used,PV,White,0,1,0,0,County Road,State Patrol,Washington State Patrol,1,0,1,0,0,,,,,,0,0,0,,,,,,,,,,,98,98,98,1,,,,,20,7,,,,,,,,,,,,,,,
2019,379,E975944,2,10/20/2019,10:26,20,10,,57,Skagit,0,2,0,1,2,2,1,0,3,3,,,,57,0,0,231.8,1,0,1,1,1,1,1,0,0,0,0,I-5,,-122.3353111,48.49469722,0,1,6,12,2,70,34,0,0,1,7,1,1,1,2,3,1,1,1,53,0,12,471,2003,0,0,64,57,65,67,12,1,1,1,69,1,7,,4,7,20,7,11,0,10/20/2019,10:26,53040062,40062,0,0,3,2,1,0,0,0,0,0,,,,,,1,,,,,,98284,53,72,155,1,1,0,0,1,0,,0,,,,,,0,08/15/2019,08/15/2019,1,1,9,0,0,9,8,,,0,0,0,0,0,2,1,,,1,,,2,1,0,,,,,,,,,,,,,,,,,,,,,,,,,,,,,,0,0,1,0,0,0,0,0,0,0,0,0,0,1,0,0,0,0,0,1,0,0,0,1,1,1,0,0,0,1,0,0,0,1,0,,1,0,0,0,0,0,0,0,0,0,0,1,0,0,0,0,,,,,,66-70,66-75,Interstate,R,Sunday,Not Used,PV,White,0,1,0,0,State Route,State Patrol,Washington State Patrol,1,1,0,0,0,,,,,,0,0,0,,,,,,,,,,,98,98,98,1,,,,,20,7,,,,,,,,,,,,,,,
2020,113,EA31480,2,04/30/2020,14:25,30,4,,57,Skagit,1970,10,,1,1,2,1,0,5,3,14:30,14:35,15:17,12,0,6,0,2,0,2,5,2,4,6,0,0,20,3,WARNER ST,Township St,-122.2259056,48.50239167,0,1,87,17,2,25,4,0,0,1,2,1,1,1,2,1,1,3,2,53,0,54,35,2001,0,,12,1,64,14,,,1,1,26,1,0,,1,0,20,7,11,0,,,,,0,0,0,2,1,8,,,,96,,,,,,9,,,,,,98284,53,74,180,1,1,0,1,1,1,,1,,,,,,3,10/15/2015,12/15/2019,1,0,0,0,8,9,8,,,0,,,1,8,2,177,401,417,1,1,1,2,1,0,,,,,,,,,,,,,,,,,,,,,,,,,,,,,,0,0,0,1,0,0,1,1,0,0,0,0,1,1,0,0,0,0,0,1,0,0,0,0,0,0,0,0,0,1,0,0,0,0,0,,0,0,0,0,0,0,1,1,0,1,0,1,0,0,1,0,,,,,,26-30,26-35,City street,U,Thursday,Not Used,PV,Not Fatal,1,0,0,0,City Street,State Patrol,Washington State Patrol,0,0,0,1,0,,,,,,0,0,7,,,,,,,,,,,98,98,98,0,,,,,20,7,,,,,,,,1,0,,,,,,
2020,113,EA31480,2,04/30/2020,14:25,30,4,,57,Skagit,1970,10,,1,1,2,1,0,5,3,14:30,14:35,15:17,12,0,6,0,2,0,2,5,2,4,6,0,0,0,0,WARNER ST,Township St,-122.2259056,48.50239167,0,2,86,66,4,25,4,0,0,1,2,12,1,1,2,1,1,2,1,53,0,14,6,1994,0,,12,,,,,,1,1,40,1,0,,0,0,3,0,11,0,,,,,0,0,3,3,1,0,,,,0,,,,,,0,,,,,,98284,53,74,290,6,1,0,1,0,0,,0,,,,,,0,04/15/2017,04/15/2017,20,0,0,0,8,9,8,,,0,,,8,8,0,0,,,0,,,0,0,996,,,,,,,,,,,,,,,,,,,,,,,,,,,,,,0,0,0,1,0,0,1,1,0,0,0,0,1,1,0,0,0,0,0,1,0,0,0,0,0,0,0,0,0,1,0,0,0,0,0,,0,0,0,0,0,0,0,0,0,0,0,0,0,0,0,0,,,,,,36-40,36-45,City street,U,Thursday,Belt Used,PV,Not Fatal,1,0,0,0,City Street,State Patrol,Washington State Patrol,0,0,0,1,0,,,,,,0,0,0,,,,,,,,,,,0,0,0,0,,,,,20,7,,,,,,,,1,0,,,,,,
2021,76,EB17427,2,03/16/2021,12:53,16,3,,57,Skagit,0,1,,1,1,2,1,0,2,2,,,,12,0,2,,1,0,1,4,1,2,4,0,0,0,0,CR-HIGGINS AIRPORT WAY,,-122.4135583,48.45470833,0,2,51,62,4,50,61,0,0,1,2,12,1,1,2,1,1,1,3,53,0,38,882,2020,0,,12,,,,,,1,1,69,1,0,,2,0,3,0,11,5,,,,,0,0,3,3,1,0,,,,96,,,,,,98,,,,,,98284,53,72,220,6,1,0,0,2,2,,0,,,,,,0,05/15/2017,02/15/2020,20,0,0,0,8,9,8,,,0,,,8,8,2,1,,,1,,,2,1,0,,,,,,,,,,,,,,,,,,,,,,,,,,,,,,0,0,0,0,0,0,1,1,1,0,0,0,0,0,0,0,1,0,0,0,0,0,0,1,1,1,0,0,0,1,1,0,0,0,0,,0,0,0,0,0,0,0,0,0,0,0,0,0,0,0,0,,,,,,66-70,66-75,County road,R,Tuesday,,MHTRUCK,Not Fatal,0,1,1,0,County Road,State Patrol,Washington State Patrol,0,0,1,0,0,,,,,,0,0,0,,,,,,,,,,,98,98,98,0,,,,,20,,,,,,,,,1,0,,,HIGGINS AIRPORT WAY,0.28,NULL,
2021,443,EB75870,2,10/07/2021,10:44,7,10,,57,Skagit,0,1,,1,1,2,1,0,2,2,,,,12,0,6,54.7,2,0,3,3,1,1,3,0,0,0,0,SR-20,SR-536,-122.4312556,48.44628611,0,2,79,67,4,55,34,0,0,1,2,12,2,1,2,3,15,1,2,53,0,49,472,2006,0,,12,,,,,,1,1,67,1,0,,0,0,3,0,11,0,,,,,0,0,3,2,1,38,,,,96,,,,,,9,,,,,,98284,53,71,170,3,1,0,0,0,1,,12,,,,,,0,04/15/2019,04/15/2019,20,0,0,0,8,9,8,,,0,,,8,1,8,95,,,96,,,2,1,997,,,,,,,,,,,,,,,,,,,,,,,,,,,,,,0,0,0,1,1,0,0,0,0,0,0,0,0,1,0,0,0,0,1,0,0,0,0,0,0,1,0,0,1,1,0,0,0,0,0,,0,0,0,0,0,0,0,0,0,0,1,1,0,0,0,1,,,,,,66-70,66-75,State route,R,Thursday,Belt Used,PV,Not Fatal,0,0,0,0,State Route,State Patrol,Washington State Patrol,0,1,0,0,0,,,,,,0,0,0,,,,,,,,,,,98,98,98,0,,,,,20,,,,,,,,,1,0,,,,,,
2021,477,EB91089,2,11/17/2021,6:03,17,11,,57,Skagit,1970,1,,2,4,2,1,0,2,2,,,,12,0,6,75.2,1,0,1,4,1,1,3,0,0,0,0,SR-20,,-122.028375,48.53016667,0,2,98,62,4,55,34,0,0,1,2,12,1,1,2,2,1,1,1,53,0,35,472,2012,0,,12,,,,,,1,1,43,1,7,,4,7,3,0,11,0,11/17/2021,6:03,1.97053E+11,59233,0,0,0,3,1,0,,,,96,,,,,,0,,,,,,98284,53,70,190,6,1,0,0,0,0,,0,,,,,,0,,,8,0,0,0,0,9,8,,,0,,,8,8,2,1,,,1,,,2,1,0,,,,,,,,,,,,,,,,,,,,,,,,,,,,,,0,0,0,0,0,0,0,0,0,0,0,0,0,0,0,0,0,0,0,0,0,0,0,0,0,0,0,0,0,1,0,0,0,0,0,,1,0,0,0,0,0,0,0,0,0,0,0,0,0,0,0,,,,,,41-45,36-45,State route,R,Wednesday,Belt Used,PV,White,0,1,1,0,State Route,State Patrol,Washington State Patrol,0,1,0,0,0,,,,,,0,0,0,,,,,,,,,,,98,98,98,1,,,,,20,,,,,,,,,1,0,,,,,,
2021,543,EC04290,2,12/21/2021,6:26,21,12,,73,Whatcom,0,10,,2,4,1,1,1,2,3,,,,12,0,7,246.2,1,0,1,1,1,1,1,0,0,0,0,I-5,,-122.3988722,48.68792778,0,2,48,61,4,60,34,0,0,1,2,8,1,2,2,3,1,1,1,53,0,49,472,2011,0,,12,63,14,8,,,1,1,29,1,0,,0,0,3,0,11,0,,,,,0,0,3,3,1,0,,,,96,,,,,,98,,,,,,98284,53,69,160,6,1,0,0,0,0,,0,,,,,,0,,,8,0,0,0,8,9,8,,,0,,,8,8,8,95,,,96,,,8,95,995,,,,,,,,,,,,,,,,,,,,,,,,,,,,,,0,0,0,0,0,0,0,0,0,0,0,0,1,0,0,0,0,0,0,0,0,1,1,0,1,0,0,0,0,1,0,1,0,0,0,,0,0,0,0,0,0,0,0,0,0,0,0,0,0,0,0,,,,,,26-30,26-35,Interstate,R,Tuesday,Belt Used,PV,Not Fatal,0,0,0,0,State Route,State Patrol,Washington State Patrol,0,1,0,0,0,,,,,,0,0,0,,,,,,,,,,,98,98,98,0,,,,,20,,,,,,,,,1,15,19,,,,,
2021,625,3907086,263,07/28/2021,12:00,28,7,,33,King,1960,1,,1,1,1,1,1,1,1,,,,8,0,0,0,3,0,2,4,2,4,6,0,0,3,3,LENORA ST,5th Ave,-122.3405222,47.61447222,0,1,13,80,5,25,61,0,0,1,5,8,1,1,3,4,11,1,3,53,0,12,881,2006,0,,8,,,,,,1,1,29,1,0,,0,0,3,0,11,0,,,,,0,0,3,3,1,38,,,,92,,,,,,98,,,,,,98290,53,68,145,6,1,0,1,0,0,,2,,,,,,0,05/15/2017,05/15/2017,20,0,0,0,8,9,2,,,0,,,8,8,0,0,,,0,,,0,0,996,,,,,,,,,,,,,,,,,,,,,,,,,,,,,,0,0,0,1,0,0,0,0,0,0,0,0,0,0,0,0,1,0,1,0,0,0,0,0,0,0,0,0,0,0,1,1,0,0,0,,0,0,0,0,0,0,0,0,1,0,1,0,0,0,0,0,,,,,,26-30,26-35,City street,U,Wednesday,,MHTRUCK,Not Fatal,1,0,0,0,City Street,Municipal/City Police,Seattle Police Department,0,0,0,1,0,,,,,,0,0,0,,,,,,,,,,,98,98,98,0,,,,,20,,,,,,,,,1,0,,,,,,
2017,253,E692481,197,07/15/2017,23:00,15,7,0,61,Snohomish,1338,1,0,3,1,2,1,0,2,2,,,,42,0,0,0,1,0,1,5,2,4,6,0,0,0,0,VILLAGE GREEN DR,,-122.2087861,47.86709444,0,1,7,9,1,25,4,0,0,1,2,12,3,2,2,1,14,1,2,53,0,20,2,2004,0,0,68,64,42,1,12,,1,1,24,1,7,2,4,7,20,0,11,0,07/15/2017,23:14,1.33853E+11,32084,0,0,3,2,1,0,0,0,0,96,,,,,,99,,,,,,98290,53,72,180,1,1,1,4,1,1,8,0,,,,,,9,03/15/2013,11/15/2016,99,1,9,0,0,9,8,,,0,0,0,8,1,2,177,996,996,1,1,1,2,1,0,,,,,,,,,,,,,,,,,,,,,,,,,,,,,,0,0,0,0,1,0,1,1,0,0,0,0,0,1,0,0,0,0,0,1,0,0,0,1,1,0,0,0,0,1,0,0,0,1,0,,1,0,0,0,0,0,1,1,0,0,0,1,0,0,1,1,,,,,,21-25,16-25,City street,U,Saturday,Not Used,PV,Black,0,1,0,0,City Street,Municipal/City Police,Mill Creek Police Department,1,0,0,1,0,,,,,,,,,,,,,,,,,,,,,,,,,,,,,,,,,,,,,,,,,,,
2017,330,E712811,2,08/26/2017,10:24,26,8,0,61,Snohomish,0,1,0,1,1,2,1,0,1,1,,,,1,0,0,2.8,1,0,1,3,2,1,2,0,0,0,0,US-2,,-122.1362583,47.97395833,0,1,98,8,1,55,80,0,0,1,2,1,1,1,2,1,1,1,1,53,0,76,706,2000,0,0,1,,,,,,1,1,69,1,7,1,4,0,5,0,11,4,08/26/2017,11:12,69053038740,38740,0,0,0,3,1,0,0,0,0,92,,,,,,99,,,,,,98290,53,70,280,6,1,0,0,0,0,0,0,,,,,,0,,,20,8,0,0,0,9,8,,,0,0,0,8,9,2,1,0,0,1,0,0,2,1,0,,,,,,,,,,,,,,,,,,,,,,,,,,,,,,0,0,0,0,0,0,0,0,0,0,0,0,0,0,0,0,1,0,0,0,0,0,0,0,0,1,0,0,1,0,0,0,0,0,1,0,0,0,0,0,0,0,0,0,1,0,0,0,0,0,0,0,,,,,,66-70,66-75,US highway,U,Saturday,,MC,White,0,0,0,0,State Route,State Patrol,Washington State Patrol Headquarter,0,1,0,0,0,,,,,,,,,,,,,,,,,,,,,,,,,,,,,,,,,,,,,,,,,,,
2018,14,E758603,184,01/11/2018,22:49,11,1,0,61,Snohomish,590,2,0,3,2,2,1,1,2,2,,,,8,0,0,39.1,1,0,1,3,2,1,3,0,0,0,0,SR-99,,-122.3085417,47.828725,0,2,98,80,5,45,34,0,0,1,5,8,1,2,7,1,1,1,1,53,0,23,481,1999,0,0,8,,,,,,1,1,25,1,0,0,0,0,3,0,11,0,,,,,0,0,3,3,1,0,0,0,0,96,,,,,,0,,,,,,98290,53,67,175,6,1,0,0,1,2,,0,,,,,,0,07/15/2013,02/15/2017,20,0,0,0,8,9,8,,,0,0,0,8,0,8,95,,,96,,,8,95,995,,,,,,,,,,,,,,,,,,,,,,,,,,,,,,0,0,0,0,1,0,1,1,1,1,1,1,0,0,0,0,0,1,0,0,0,1,1,1,1,0,0,0,0,1,0,1,0,0,0,,0,0,0,0,0,0,0,0,0,0,0,0,0,0,0,0,,,,,,21-25,16-25,State route,U,Thursday,Belt Used,PV,Not Fatal,0,0,0,0,State Route,Municipal/City Police,Lynnwood Police Department,0,1,0,0,0,,,,,,0,0,0,,,,,,,,,,,,,,,,,,,,,,,,,,,,,,,,,,,
2018,70,E778675,39,03/10/2018,15:02,10,3,0,61,Snohomish,0,1,0,1,1,2,1,0,2,2,15:02,15:12,,12,0,2,0.2,1,0,1,7,1,2,4,0,0,0,0,CR-183RD AVE SE,,-121.9844,47.96607778,0,2,51,62,4,25,34,0,0,1,7,12,1,3,8,1,1,1,1,53,0,7,482,2017,0,0,12,,,,,,1,1,68,1,0,0,0,0,3,0,11,0,,,,,8,0,0,3,1,0,0,0,0,96,,,,,,0,,,,,,98290,53,70,200,6,1,0,0,0,0,,0,,,,,,0,,,20,0,0,0,8,9,8,,,0,0,0,8,0,8,95,,,96,,,8,95,995,,,,,,,,,,,,,,,,,,,,,,,,,,,,,,0,0,0,0,0,0,0,0,0,0,0,0,0,0,1,0,0,0,0,0,1,0,1,0,1,1,0,0,1,1,0,0,0,0,0,,0,0,0,0,0,0,0,0,0,0,0,0,0,0,0,0,,,,,,66-70,66-75,County road,R,Saturday,Belt Used,PV,Not Fatal,0,1,1,0,County Road,County Sheriff,Snohomish County Sheriff's Office,0,0,1,0,0,,,,,,0,0,0,,,,,,,,,,,,,,,,,,,,,,,,,,,,,,,,,,,
2018,90,E782633,39,03/24/2018,10:49,24,3,0,61,Snohomish,0,4,0,1,3,2,1,0,2,1,,,,30,0,0,4.3,1,0,1,5,1,2,4,0,0,0,0,CR-WOODS CREEK RD,,-121.9002722,47.92121667,0,1,2,6,1,35,4,0,0,1,7,30,1,2,2,1,1,2,1,53,0,63,38,2010,0,0,63,30,,,,,1,1,32,2,0,0,2,0,3,0,11,5,,,,,0,0,3,3,1,87,0,0,0,96,,,,,,0,,,,,,98290,53,66,160,6,1,0,0,0,0,,97,,,,,,4,,,20,0,0,0,8,9,8,,,0,0,0,8,0,8,95,,,96,,,8,95,995,,,,,,,,,,,,,,,,,,,,,,,,,,,,,,0,0,0,0,0,0,0,0,0,0,0,0,1,0,0,0,0,0,0,0,0,0,0,0,0,0,0,0,0,1,0,0,0,0,0,,0,0,0,0,0,0,0,0,0,1,0,0,0,0,0,0,,,,,,31-35,26-35,County road,R,Saturday,Belt Used,PV,Not Fatal,0,1,0,0,County Road,County Sheriff,Snohomish County Sheriff's Office,1,0,1,0,0,,,,,,0,0,0,,,,,,,,,,,,,,,,,,,,,,,,,,,,,,,,,,,
2018,207,E813614,2,06/11/2018,22:02,11,6,0,61,Snohomish,0,1,0,2,1,2,2,0,12,4,,,,12,0,2,7.1,1,0,1,3,2,1,2,0,0,0,0,US-2,,-122.0701389,47.93648611,0,2,51,62,4,60,20,0,0,1,7,12,2,1,2,1,14,1,2,53,0,7,442,2008,0,0,12,,,,,,1,1,55,2,1,98,4,7,3,0,11,0,06/11/2018,22:02,2.03053E+11,26729,0,0,0,3,1,0,0,0,0,96,,,,,,9,,,,,,98290,53,64,165,6,1,0,0,0,0,,0,,,,,,0,,,8,0,0,0,0,1,8,,,0,0,0,8,1,2,1,,,1,,,2,1,0.2,,,,,,,,,,,,,,,,,,,,,,,,,,,,,,0,0,0,0,1,1,1,1,1,0,0,0,0,1,0,0,0,0,0,0,0,0,0,1,1,0,0,0,0,1,0,0,0,0,0,,1,0,0,0,0,1,0,1,0,0,0,0,0,1,0,1,,,,,,51-55,46-55,US highway,U,Monday,Belt Used,PV,Hispanic,0,1,1,0,State Route,State Patrol,Washington State Patrol,0,1,0,0,0,,,,,,0,0,0,,,,,,,,,,,,,,,,,,,,,,,,,,,,,,,,,,,
2018,311,E835692,6,09/03/2018,15:23,3,9,6,37,Kittitas,0,1,0,1,1,2,2,0,9,1,15:26,15:35,15:48,24,0,0,107.5,1,0,1,1,2,1,1,0,0,0,0,I-90,,-120.5456861,46.97478611,0,1,6,1,1,60,65,1,0,1,2,21,1,2,3,3,1,9,1,53,0,98,850,2007,0,0,61,64,24,21,3,,1,1,62,1,0,0,3,0,3,0,11,1,,,,,6,0,0,3,1,80,0,0,0,96,,,,,,0,,,,,,98290,53,71,260,6,1,0,0,0,1,,0,,,,,,0,05/15/2015,05/15/2015,99,0,0,0,8,9,2,,,0,0,0,0,0,8,95,,,96,,,8,95,995,,,,,,,,,,,,,,,,,,,,,,,,,,,,,,0,0,1,0,0,0,0,0,0,0,0,0,0,0,0,0,0,0,0,0,0,0,0,0,0,0,0,0,0,0,0,0,0,0,0,,0,0,0,0,0,0,0,0,0,0,0,0,0,0,0,0,,,,,,61-65,56-65,Interstate,U,Monday,,MHOME,Not Fatal,0,1,0,0,State Route,State Patrol,Washington State Patrol,1,1,0,0,0,,,,,,0,0,0,,,,,,,,,,,,,,,,,,,,,,,,,,,,,,,,,,,
2018,413,E856061,2,10/17/2018,6:00,17,10,0,61,Snohomish,0,2,0,2,2,2,1,0,4,4,,,,12,0,8,6.8,1,0,1,3,1,1,2,0,0,0,0,US-2,,-122.0702694,47.93606944,0,1,64,10,2,60,14,0,0,1,2,12,1,1,2,1,1,1,1,53,0,35,402,2001,0,0,68,12,12,12,,,1,1,34,1,7,1,4,0,3,0,11,4,10/17/2018,18:05,69053045541,45541,0,0,0,3,1,28,0,0,0,92,,,,,,0,,,,,,98290,53,68,144,6,1,0,1,1,4,,0,,,,,,0,10/15/2013,04/15/2018,20,0,0,0,0,9,8,,,0,0,0,8,0,8,95,,,96,,,8,95,995,,,,,,,,,,,,,,,,,,,,,,,,,,,,,,0,0,0,0,0,0,0,0,0,0,0,0,0,0,0,0,1,0,0,0,0,0,0,0,0,0,0,0,0,1,0,0,0,0,0,,1,0,0,0,0,0,0,0,1,0,0,0,0,0,0,0,,,,,,31-35,26-35,US highway,R,Wednesday,Belt Used,PV,White,0,1,1,0,State Route,State Patrol,Washington State Patrol,0,1,0,0,0,,,,,,0,0,0,,,,,,,,,,,,,,,,,,,,,,,,,,,,,,,,,,,