year,case,par,repjur,crash_dt,crash_tm,accday,accmon,holiday,county,co_char,city,weather,weather2,lightcond,surfcond,surftype,numfatal,nmforms,pforms,vforms,not_tm,arr_tm,hosp_tm,fhevent,hitrun,manncol,milepnt,reljunc,reljuncinter,intersectiontype,funcsystem,landuse,ownership,route,schlbus,spejur,contdev,devfunc,trafid1,trafid2,x,y,wk_zone,vnumber,crashtype,criticalevent,criticaleventcat,spdlim,body,trailer,emerg,hazcargo,leave,mhevent,roadalgn,roadprof,traflane,trafflow,vehmanvr,numoccs,regowner,regstate,spuse,make,model,modelyr,vrf1,vrf2,seqevent1,seqevent2,seqevent3,seqevent4,seqevent5,seqevent6,pnumber,ptype,age,sex,hispanic,race,injury,diedscene,restraint,restraintmisuse,seatpos,takehosp,death_dt,death_tm,cert,cernum_wa,commlic,licendor,licrestrict,liccomp,drivpres,drf1,drf2,drf3,drf4,distract1,distract2,distract3,distract4,distract5,distract6,dricond1,dricond2,dricond3,dricond4,dricond5,dricond6,dzip,licstate,drhgt_in,weight,noncdl,noncdltype,prevdwi,prevoth,prevacc,prevspd,prevsus,driviol1,driviol2,driviol3,driviol4,driviol5,driviol6,spdrel,first_dt,last_dt,airbag,ejection,ejectpath,extricat,injurwrk,methalc,methdrug,nmlocat,strikveh,prf1,prf2,prf3,druginv,alcinvol,drugsts,drugres1,drugres2,drugres3,drugtst1,drugtst2,drugtst3,alcsts,alctst,alcres,nmact1,nmact2,nmact3,nmact4,nmact5,nmact6,nmprior1,nmprior2,nmprior3,nmprior4,nmprior5,nmprior6,nmcond1,nmcond2,nmcond3,nmcond4,nmcond5,nmcond6,nmsafe_helmet,nmsafe_pads,nmsafe_oth,nmprev_ref,nmprev_lgt,nmprev_oth,crashlocation,nmcrashtype,crosswalk,schoolzone,sidewalk,train_inv,wildlife_inv,rotr_fars,intersect_fars,dd_inv,aid_inv,dpd_inv,id_inv,mj_inv,impnm_inv,ainm_inv,dpnm_inv,speed_inv,unlic_inv,unendmc_inv,drowsy_inv,drdist_inv,nmdist_inv,fty_inv,unrestfat_inv,dr1617_inv,dr1820_inv,dr1620_inv,dr2125_inv,dr1625_inv,dr65_inv,dr70_inv,dr75_inv,mc_inv,pv_inv,ht_inv,ped_inv,bike_inv,unrest_fat,mc_fat,unhelmet_mc,pv_fat,ht_fat,ped_fat,bike_fat,dr_alc7,dr_alc8,dr_drug,dr_imp,dr_dist,dr_spd,dr_fty,dr_unlic,dr_alc7only,dr_alc8only,dr_drugonly,dr_drink,nm_imp,nm_alc7,nm_alc8,nm_drug,nm_dist,agegrp1,agegrp2,roadclass,urbrur,dayweek,restuse,vehtype,race_me,intersect,lanedep,oppdir,wrongway,rep_typ,investag,repag_long,rotr,st_rd,cty_rd,city_rd,oth_rd,drug_thc,thc_res,drug_cthc,cthc_res,drug_cann,prevpersemin,prevperse,prevsusoth,drugtst4,drugtst5,drugtst6,drugtst7,drugtst8,drugres4,drugres5,drugres6,drugres7,drugres8,adspresent,adsengaged,adslevel,race1,race2,race3,race4,race5,helmet,helmetmisuse,nmdistract1,nmdistract2,nmdistract3,nmdistract4,nmdistract5,nmdistract6,lab,isedtcase,crf1,crf2,crf3,CoRoadName,CoMP,IntCoRoadName,IntCoMP
2019,62,E899434,7,02/18/2019,3:54,18,2,,33,King,1820,1,0,3,1,2,1,0,2,2,,,,12,0,2,11.6,1,0,1,3,2,1,3,0,0,0,0,SR-520,,-122.1305361,47.66606111,0,1,52,54,3,98,14,0,0,1,2,12,2,2,5,3,14,1,1,53,0,48,401,2015,0,0,12,,,,,,1,1,39,1,7,,4,7,3,0,11,0,02/18/2019,3:54,1.82053E+11,8709,0,0,0,3,1,51,0,0,0,96,,,,,,99,,,,,,98290,53,70,180,6,1,0,1,0,2,,0,,,,,,0,12/15/2014,04/15/2017,8,0,0,0,0,1,8,,,0,0,0,8,1,2,695,605,,1,1,,2,1,0.15,,,,,,,,,,,,,,,,,,,,,,,,,,,,,,0,0,0,0,1,1,1,1,1,0,0,0,0,0,0,0,0,0,0,0,0,0,0,0,0,1,0,0,0,1,1,0,0,0,0,,1,0,0,0,0,1,1,1,0,0,0,0,0,0,0,1,,,,,,36-40,36-45,State route,U,Monday,Belt Used,PV,Multiracial,0,0,0,1,State Route,State Patrol,Washington State Patrol,0,1,0,0,0,thc,24,carboxy-thc,55,,0,0,1,,,,,,,,,,,98,98,98,204,268,,,,20,7,,,,,,,,,,,,,,,
2019,237,E941558,172,07/17/2019,12:00,17,7,,61,Snohomish,1120,1,0,1,1,2,1,0,5,2,,,,12,0,2,1.6,1,0,1,3,2,1,3,0,0,0,0,SR-204,,-122.1199028,47.996125,0,1,50,10,2,98,5,0,0,1,7,12,1,3,3,1,1,1,2,53,0,12,32,2014,0,0,68,12,,,,,1,1,47,1,7,,4,0,3,0,11,5,07/17/2019,13:12,69053031876,31876,0,0,0,3,1,28,0,0,0,96,,,,,,99,,,,,,98290,53,74,235,6,1,0,0,0,0,,0,,,,,,0,,,8,0,0,1,0,9,8,,,0,0,0,8,9,2,401,417,695,1,1,1,2,1,0,,,,,,,,,,,,,,,,,,,,,,,,,,,,,,0,0,0,0,0,0,1,1,1,0,0,0,0,1,0,0,0,0,0,0,0,1,1,0,1,0,0,0,0,1,0,0,0,0,0,,1,0,0,0,0,0,1,1,0,0,0,0,0,0,1,0,,,,,,46-50,46-55,State route,U,Wednesday,Belt Used,PV,White,0,1,1,0,State Route,Municipal/City Police,Lake Stevens Police Department,0,1,0,0,0,,,carboxy-thc,13,,0,0,0,,,,,,,,,,,98,98,98,1,,,,,20,7,,,,,,,nms,,,,,,,,
2019,264,E945003,2,07/05/2019,0:02,5,7,,61,Snohomish,0,1,0,2,1,2,1,0,4,2,,,,12,0,2,2.4,1,0,1,7,1,2,4,0,0,0,0,CR-NEWBERG RD,,-122.0050972,48.02346389,0,1,50,10,2,35,34,0,0,1,7,12,1,2,2,1,6,3,1,53,0,20,471,1984,0,0,68,12,,,,,1,1,44,1,0,,0,0,99,7,11,0,,,,,0,0,0,3,1,33,0,0,0,96,,,,,,9,,,,,,98290,53,70,180,6,1,0,1,1,0,,97,,,,,,0,10/15/2015,10/15/2015,20,0,0,0,8,9,8,,,0,0,0,8,1,8,95,,,96,,,8,95,995,,,,,,,,,,,,,,,,,,,,,,,,,,,,,,0,0,0,0,1,1,1,1,0,0,0,0,0,0,1,0,0,0,0,0,0,0,0,0,0,0,0,0,1,1,0,0,0,0,0,,0,0,0,0,0,0,0,0,0,0,0,0,0,0,0,1,,,,,,41-45,36-45,County road,R,Friday,Unknown,PV,Not Fatal,0,1,1,0,County Road,County Sheriff,Snohomish County Sheriff's Office,0,0,1,0,0,,,,,,0,0,0,,,,,,,,,,,0,0,0,0,,,,,20,7,,,,,,,,,,,,,,,
2019,328,E960514,2,09/08/2019,5:15,8,9,,61,Snohomish,1215,2,0,3,2,2,1,0,2,2,,,,25,0,0,180.7,1,0,1,1,2,1,1,0,0,0,0,I-5,,-122.2926722,47.81394444,0,1,98,12,2,60,3,0,0,1,2,12,1,1,4,3,1,1,2,53,0,55,36,2008,0,0,64,25,69,12,,,1,1,26,1,1,,4,7,99,7,11,0,09/08/2019,5:15,1.21553E+11,40517,0,0,0,3,1,51,0,0,0,96,,,,,,9,,,,,,98290,53,73,215,6,1,0,0,0,3,,0,,,,,,0,01/15/2015,07/15/2019,8,0,0,0,0,1,8,,,0,0,0,1,1,2,402,,,1,,,2,1,0.2,,,,,,,,,,,,,,,,,,,,,,,,,,,,,,0,0,0,0,1,1,1,1,0,0,0,0,0,0,0,0,0,0,0,0,0,0,0,0,0,1,1,1,0,1,0,0,0,0,0,,1,0,0,0,0,1,1,1,0,0,0,0,0,0,0,1,,,,,,26-30,26-35,Interstate,U,Sunday,Unknown,PV,Hispanic,0,0,0,1,State Route,State Patrol,Washington State Patrol,0,1,0,0,0,,,,,,0,0,0,,,,,,,,,,,98,98,98,298,,,,,20,7,,,,,,,,,,,,,,,
2020,127,EA32570,25,05/07/2020,8:24,7,5,,33,King,0,1,,1,1,2,1,0,3,2,8:26,8:31,,12,0,2,0.2,2,0,3,3,2,1,3,0,0,3,3,SR-104,HOME DEPOT/COSTCO ENTRY,-122.342525,47.77761389,0,1,68,15,2,35,14,0,0,1,2,12,1,1,5,1,11,2,1,53,0,7,402,2001,0,,12,,,,,,1,1,60,1,0,,0,0,3,0,11,0,,,,,0,0,0,3,1,38,,,,15,,,,,,98,,,,,,98290,53,65,160,6,1,0,1,0,1,,97,,,,,,0,03/15/2018,06/15/2019,20,0,0,0,8,9,8,,,0,,,8,8,0,0,,,0,,,0,0,996,,,,,,,,,,,,,,,,,,,,,,,,,,,,,,0,0,0,1,0,0,1,1,1,0,0,0,0,0,0,0,1,0,1,0,0,0,0,0,0,0,0,0,1,1,0,0,0,0,0,,0,0,0,0,0,0,0,0,1,0,1,0,0,0,0,0,,,,,,56-60,56-65,State route,U,Thursday,Belt Used,PV,Not Fatal,1,0,0,0,State Route,County Sheriff,King County Police,0,1,0,0,0,,,,,,0,0,0,,,,,,,,,,,98,98,98,0,,,,,20,7,,,,,,,,1,0,,,,,,
2020,168,EA39075,35,06/09/2020,6:11,9,6,,53,Pierce,0,2,,2,2,2,1,0,1,1,,,,42,0,0,10.5,1,0,1,4,1,2,4,0,0,0,0,CR-ORVILLE RD E,,-122.2109361,47.02218056,0,1,1,13,2,35,4,0,0,1,5,42,1,1,2,1,1,1,3,53,0,35,50,2019,0,,63,42,1,,,,1,1,69,1,7,,4,7,3,0,11,0,06/09/2020,6:11,53028962,28962,0,0,3,3,1,0,,,,96,,,,,,98,,,,,,98290,53,68,150,6,1,0,1,0,0,,0,,,,,,0,12/15/2015,12/15/2015,8,0,0,0,0,9,8,,,0,,,8,8,2,401,417,,1,1,,2,1,0,,,,,,,,,,,,,,,,,,,,,,,,,,,,,,0,0,1,0,0,0,1,1,0,0,0,0,0,0,0,0,0,0,0,0,0,0,0,0,0,1,0,0,0,1,0,0,0,0,0,,1,0,0,0,0,0,1,1,0,0,0,0,0,0,1,0,,,,,,66-70,66-75,County road,R,Tuesday,Belt Used,PV,White,0,1,0,0,County Road,County Sheriff,Law Enforcement Support Agency,1,0,1,0,0,,,,,,0,0,0,,,,,,,,,,,98,98,98,1,,,,,20,7,,,,,,,,1,0,,,ORVILLE RD E,10.48,,
2020,345,EA62527,21,09/05/2020,19:20,5,9,,25,Grant,0,1,,1,1,4,2,0,2,2,19:29,19:51,,12,0,2,3.2,1,0,1,7,1,2,4,0,0,0,0,CR-SAND DUNES RD SE,,-119.3003306,47.06604444,0,2,51,62,4,35,80,0,0,1,5,12,3,1,2,1,14,1,1,53,0,37,703,1975,0,,12,,,,,,1,1,54,1,7,,4,7,20,7,11,0,09/05/2020,19:20,53042094,42094,0,0,0,2,1,0,,,,96,,,,,,98,,,,,,98290,53,71,158,6,1,0,0,0,0,,0,,,,,,3,,,20,8,0,0,0,9,8,,,0,,,8,8,8,95,,,96,,,8,95,995,,,,,,,,,,,,,,,,,,,,,,,,,,,,,,0,0,0,0,0,0,0,0,0,0,0,0,1,1,1,0,0,0,0,0,0,0,0,1,1,0,0,0,1,0,0,0,0,0,1,0,0,0,0,0,0,0,0,0,0,1,0,0,0,0,0,0,,,,,,51-55,46-55,County road,R,Saturday,,MC,White,0,1,1,0,County Road,County Sheriff,Grant County Sheriff's Office,0,0,1,0,0,,,,,,0,0,0,,,,,,,,,,,0,0,0,1,,,,,5,0,,,,,,,,1,0,,,SAND DUNES RD,3.18,,
2020,518,EB04925,39,11/21/2020,20:38,21,11,,61,Snohomish,0,1,,2,1,2,1,0,1,1,20:40,20:46,,42,0,0,0.4,1,0,1,6,1,2,4,0,0,0,0,CR-TROMBLEY,,-121.985825,47.91488333,0,1,1,13,2,35,4,0,0,1,2,42,4,2,8,1,14,1,1,53,0,52,46,2006,0,,63,42,,,,,1,1,26,1,7,,4,7,3,0,11,0,11/21/2020,20:38,53056753,56753,0,0,0,3,1,0,,,,96,,,,,,9,,,,,,98290,53,72,200,6,1,0,1,1,2,,0,,,,,,4,05/15/2016,01/15/2016,8,0,0,0,0,9,8,,,0,,,1,1,2,695,605,,1,1,,2,1,0.202,,,,,,,,,,,,,,,,,,,,,,,,,,,,,,0,0,1,0,1,1,1,1,1,0,0,0,1,0,0,0,0,0,0,0,0,0,0,0,0,0,0,0,0,1,0,0,0,0,0,,1,0,0,0,0,1,1,1,0,1,0,0,0,0,0,1,,,,,,26-30,26-35,County road,R,Saturday,Belt Used,PV,White,0,1,0,0,County Road,County Sheriff,Snohomish County Sheriff's Office,1,0,1,0,0,thc,31,carboxy-thc,14,,0,0,0,,,,,,,,,,,98,98,98,1,,,,,20,7,,,,,,,nms,1,0,,,TROMBLEY RD,0.373,,
2021,363,EB70595,39,09/21/2021,20:54,21,9,,61,Snohomish,0,1,,2,1,2,1,0,1,1,,,,1,0,0,0.1,1,0,1,4,2,2,4,0,0,0,0,CR-OK MILL RD,,-122.0347833,47.98718889,0,1,1,9,1,35,80,0,0,1,5,1,3,1,2,1,14,1,1,53,0,72,706,2008,0,,63,1,,,,,1,1,30,1,1,,4,7,20,7,11,0,09/21/2021,20:54,53048283,48283,0,0,0,2,1,0,,,,92,,,,,,98,,,,,,98290,53,72,175,1,1,0,0,0,0,,0,,,,,,0,,,20,8,0,0,0,9,8,,,0,,,8,8,2,695,605,,1,1,,2,1,0.16,,,,,,,,,,,,,,,,,,,,,,,,,,,,,,0,0,1,0,1,1,1,1,1,0,0,0,0,1,1,0,1,0,0,0,0,0,0,0,0,0,0,0,1,0,0,0,0,0,1,0,0,0,0,0,0,1,1,1,1,0,0,1,0,0,0,1,,,,,,26-30,26-35,County road,U,Tuesday,,MC,Hispanic,0,1,0,0,County Road,County Sheriff,Snohomish County Sheriff's Office,1,0,1,0,0,thc,50,carboxy-thc,26,,0,0,0,,,,,,,,,,,0,0,0,1,,,,,5,,,,,,,,nms,1,0,,,OK MILL RD,0.133,145TH AVE SE,0
2021,374,EB72403,122,09/20/2021,1:25,20,9,,61,Snohomish,690,10,,2,2,2,1,0,4,2,,,,12,0,1,5.3,1,0,1,2,2,1,3,0,0,4,3,SR-529,,-122.1877972,48.01571944,0,2,29,53,3,55,14,0,0,1,2,12,1,1,2,3,2,3,1,53,0,35,402,2000,0,,12,,,,,,1,1,21,2,0,,0,0,3,0,11,0,,,,,0,0,0,3,1,0,,,,96,,,,,,98,,,,,,98290,53,64,140,6,2,0,0,2,0,,0,,,,,,0,08/15/2017,02/15/2019,20,0,0,0,8,9,8,,,0,,,8,8,0,0,,,0,,,0,0,996,,,,,,,,,,,,,,,,,,,,,,,,,,,,,,0,0,0,0,1,1,1,1,1,0,0,0,1,0,1,0,0,0,0,0,0,0,0,1,1,0,0,0,1,1,0,0,0,0,0,,0,0,0,0,0,0,0,0,0,0,0,0,0,0,0,0,,,,,,21-25,16-25,State route,U,Monday,Belt Used,PV,Not Fatal,0,0,0,0,State Route,Municipal/City Police,Everett Police Department,0,1,0,0,0,,,,,,0,0,0,,,,,,,,,,,98,98,98,0,,,,,20,,,,,,,,,1,0,,,,,,
2021,489,EB93257,4,11/21/2021,3:30,21,11,,1,Adams,0,1,,3,4,2,1,0,1,1,,,,51,0,0,0.1,1,0,1,1,1,1,1,0,0,0,0,I-90,,-118.3736333,47.11353056,0,1,0,6,1,70,34,1,0,1,2,1,2,1,4,2,14,1,1,16,0,12,481,2002,0,,51,64,1,,,,1,1,37,1,7,,4,7,20,7,11,0,11/21/2021,3:30,53062112,62112,0,0,0,0,1,0,,,,96,,,,,,98,,,,,,98290,53,72,220,0,0,1,3,1,2,,0,,,,,,4,01/15/2018,06/15/2021,20,1,9,0,0,9,8,,,0,,,8,8,0,0,,,0,,,0,0,996,,,,,,,,,,,,,,,,,,,,,,,,,,,,,,0,0,0,0,0,0,0,0,0,0,0,0,1,1,0,0,0,0,0,1,0,0,0,0,0,0,0,0,0,1,0,0,0,1,0,,1,0,0,0,0,0,0,0,0,1,0,1,0,0,0,0,,,,,,36-40,36-45,Interstate,R,Sunday,Not Used,PV,White,0,0,0,0,State Route,State Patrol,Washington State Patrol,0,1,0,0,0,,,,,,0,1,1,,,,,,,,,,,98,98,98,1,,,,,20,,,,,,,,,1,0,,,,,,
2021,96,3881451,263,03/24/2021,16:49,24,3,,33,King,1960,2,,1,2,2,1,1,1,1,,,,9,0,0,0,2,0,2,7,2,4,6,0,0,3,3,CORSON AVE S,S Michigan St,-122.3214806,47.54750556,0,1,13,83,5,25,66,1,0,1,5,9,1,1,4,1,10,1,3,53,0,84,881,2020,0,,9,,,,,,1,1,64,1,0,,0,0,3,0,11,0,,,,,6,1,3,3,1,0,,,,96,,,,,,98,,,,,,98292,53,68,170,6,1,0,1,0,1,,0,,,,,,0,10/15/2019,05/15/2019,20,0,0,0,8,9,8,,,0,,,8,8,0,0,,,0,,,0,0,996,,,,,,,,,,,,,,,,,,,,,,,,,,,,,,0,0,0,1,0,0,0,0,0,1,0,1,0,0,0,0,0,1,0,0,0,0,0,0,0,0,0,0,0,0,1,0,1,0,0,,0,0,0,0,0,0,0,0,0,0,0,0,0,0,0,0,,,,,,61-65,56-65,City street,U,Wednesday,,MHTRUCK,Not Fatal,1,0,0,0,City Street,Municipal/City Police,Seattle Police Department,0,0,0,1,0,,,,,,0,0,0,,,,,,,,,,,98,98,98,0,,,,,20,,,,,,,,,1,0,,,,,,
2017,98,E658576,282,03/17/2017,6:44,17,3,0,61,Snohomish,2140,1,0,3,1,2,1,1,1,1,,,,8,0,0,5.3,3,0,2,4,2,1,3,0,0,3,3,SR-532,PIONEER HWY,-122.3442667,48.23989444,0,1,13,80,5,45,34,0,0,1,5,8,1,2,5,1,1,1,1,53,0,20,481,1979,0,0,8,,,,,,1,1,73,1,0,0,0,0,3,0,11,0,,,,,0,0,3,3,1,0,0,0,0,1,,,,,,0,,,,,,98292,53,70,230,6,1,0,0,0,0,0,0,,,,,,0,,,20,0,0,0,8,9,8,,,0,0,0,8,0,0,0,0,0,0,0,0,0,0,996,,,,,,,,,,,,,,,,,,,,,,,,,,,,,,0,0,0,1,0,0,0,0,0,1,0,1,0,0,0,0,1,0,0,0,0,0,0,0,0,1,1,0,0,0,0,1,0,0,0,,0,0,0,0,0,0,0,0,1,0,0,0,0,0,0,0,,,,,,71-75,66-75,State route,U,Friday,Belt Used,PV,Not Fatal,0,0,0,0,State Route,Municipal/City Police,Stanwood Police Department,0,1,0,0,0,,,,,,,,,,,,,,,,,,,,,,,,,,,,,,,,,,,,,,,,,,,
2017,242,E690054,39,07/06/2017,6:00,6,7,0,61,Snohomish,0,1,0,4,1,2,1,0,2,2,,,,12,0,6,3.4,1,0,1,7,1,2,4,0,0,0,0,CR-268TH ST NW,,-122.2572944,48.23893333,0,1,93,56,3,98,80,0,0,1,5,12,1,2,2,1,1,1,1,53,0,72,706,2015,0,0,12,,,,,,1,1,31,1,7,1,4,7,5,0,11,0,07/06/2017,6:00,53029863,29863,0,0,0,2,1,0,0,0,0,96,,,,,,99,,,,,,98292,53,67,280,3,1,0,5,1,2,0,0,,,,,,3,12/15/2013,10/15/2016,20,8,0,0,0,9,8,,,0,0,0,8,9,2,1,0,0,1,0,0,2,1,0,,,,,,,,,,,,,,,,,,,,,,,,,,,,,,0,0,0,0,0,0,0,0,0,0,0,0,1,1,1,0,0,0,0,0,0,0,0,0,0,0,0,0,1,0,0,0,0,0,1,0,0,0,0,0,0,0,0,0,0,1,0,1,0,0,0,0,,,,,,31-35,26-35,County road,R,Thursday,,MC,White,0,0,0,0,County Road,County Sheriff,Snohomish County Sheriff's Office,0,0,1,0,0,,,,,,,,,,,,,,,,,,,,,,,,,,,,,,,,,,,,,,,,,,,
2017,514,E747067,39,12/10/2017,19:02,10,12,0,61,Snohomish,0,1,0,2,2,2,1,0,1,1,,,,42,0,0,0,1,0,1,96,6,96,8,0,3,0,0,126TH ST NW,,-122.2836472,48.11014444,0,1,6,12,2,98,4,0,0,1,5,1,2,2,2,1,14,1,2,53,0,14,17,2002,0,0,68,64,42,1,,,1,1,33,1,7,1,4,7,20,0,11,0,12/10/2017,19:02,53054046,54046,0,0,0,2,1,0,0,0,0,96,,,,,,99,,,,,,98292,53,75,190,1,1,0,4,2,2,11,0,,,,,,4,05/15/2013,02/15/2017,20,0,0,0,0,9,8,,,0,0,0,8,9,2,1,0,0,1,0,0,2,1,0.28,,,,,,,,,,,,,,,,,,,,,,,,,,,,,,0,0,1,0,1,1,0,1,0,0,0,0,1,1,0,0,0,0,0,1,0,0,0,0,0,0,0,0,0,1,0,0,0,1,0,,1,0,0,0,0,1,0,1,0,1,0,1,0,1,0,1,,,,,,31-35,26-35,Other,,Sunday,Not Used,PV,White,0,1,0,0,Other,County Sheriff,Snohomish County Sheriff's Office,1,0,0,0,1,,,,,,,,,,,,,,,,,,,,,,,,,,,,,,,,,,,,,,,,,,,
2018,257,E821699,2,07/24/2018,12:11,24,7,0,57,Skagit,0,1,0,1,1,2,2,0,2,1,,,,42,0,0,5.2,1,0,1,5,1,2,4,0,0,0,0,CR-BAKER LAKE RD,,-121.7988583,48.56723333,0,1,6,12,2,50,34,0,0,1,2,42,2,1,2,1,14,2,1,53,0,12,471,1999,0,0,68,64,42,,,,1,1,74,1,7,1,4,7,3,0,11,0,07/24/2018,12:11,53033388,33388,0,0,3,3,1,0,0,0,0,92,,,,,,99,,,,,,98292,53,72,210,6,1,0,0,0,0,,0,,,,,,0,,,1,0,0,0,0,9,8,,,0,0,0,8,9,2,1,,,1,,,2,1,0,,,,,,,,,,,,,,,,,,,,,,,,,,,,,,0,0,1,0,0,0,0,0,0,0,0,0,0,0,0,0,1,0,0,0,0,0,0,0,0,1,1,0,0,1,0,0,0,0,0,,1,0,0,0,0,0,0,0,1,0,0,0,0,0,0,0,,,,,,71-75,66-75,County road,R,Tuesday,Belt Used,PV,White,0,1,0,0,County Road,State Patrol,Washington State Patrol Headquarter,1,0,1,0,0,,,,,,0,0,0,,,,,,,,,,,,,,,,,,,,,,,,,,,,,,,,,,,
2018,284,E829556,2,08/09/2018,23:13,9,8,0,57,Skagit,0,1,0,2,1,2,1,0,6,5,23:07,23:17,23:54,12,0,1,233.4,1,0,1,1,1,1,1,0,0,0,0,I-5,,-122.3392944,48.50786944,0,2,21,53,3,70,4,0,0,1,2,12,1,2,2,3,5,1,2,53,0,12,37,2002,0,0,12,12,,,,,1,1,22,1,7,1,4,7,3,0,11,0,08/09/2018,23:13,53035503,35503,0,0,0,3,1,0,0,0,0,0,,,,,,99,,,,,,98292,53,72,130,6,1,0,0,0,0,,0,,,,,,0,,,20,0,0,0,0,9,8,,,0,0,0,8,9,2,1,,,1,,,2,1,0,,,,,,,,,,,,,,,,,,,,,,,,,,,,,,0,0,0,0,1,0,0,0,0,0,0,0,1,0,0,0,1,0,0,0,0,1,1,1,1,0,0,0,0,1,0,0,0,0,0,,1,0,0,0,0,0,0,0,0,0,0,0,0,0,0,0,,,,,,21-25,16-25,Interstate,R,Thursday,Belt Used,PV,White,0,0,0,0,State Route,State Patrol,Washington State Patrol,0,1,0,0,0,,,,,,0,0,0,,,,,,,,,,,,,,,,,,,,,,,,,,,,,,,,,,,
2018,336,E839476,39,09/12/2018,10:56,12,9,0,61,Snohomish,0,2,0,1,2,2,1,0,2,2,10:53,11:10,11:53,12,0,6,2.9,2,0,2,7,1,2,4,0,0,0,0,CR-268TH ST NW,28TH AVE NW,-122.2697417,48.23906944,0,2,88,66,4,98,6,0,0,1,5,12,1,2,2,1,1,1,2,53,0,48,45,2017,0,0,12,,,,,,1,1,19,2,0,0,2,0,3,0,11,5,,,,,0,0,0,3,1,0,0,0,0,96,,,,,,0,,,,,,98292,53,65,135,6,1,0,0,2,2,,0,,,,,,0,02/15/2014,01/15/2018,8,0,0,0,8,9,8,,,0,0,0,8,0,8,95,,,96,,,8,95,995,,,,,,,,,,,,,,,,,,,,,,,,,,,,,,0,0,0,1,0,0,1,1,0,0,0,0,0,0,0,0,0,0,0,1,0,1,1,0,1,0,0,0,0,1,0,0,0,0,0,,0,0,0,0,0,0,0,0,0,0,0,0,0,0,0,0,,,,,,18-20,16-25,County road,R,Wednesday,Belt Used,PV,Not Fatal,1,0,0,0,County Road,County Sheriff,Snohomish County Sheriff's Office,0,0,1,0,0,,,,,,0,0,2,,,,,,,,,,,,,,,,,,,,,,,,,,,,,,,,,,,
2018,446,E858418,2,11/06/2018,12:02,6,11,0,29,Island,0,10,0,1,2,2,1,0,2,2,12:04,12:08,13:18,12,0,6,2.7,2,0,2,5,1,2,4,0,0,0,0,CR-N CAMANO DR,UTSALADY RD,-122.4814972,48.25010833,0,2,88,66,4,35,34,0,0,1,7,12,8,8,2,1,1,1,1,53,0,20,481,2006,0,0,12,,,,,,1,1,52,1,0,0,1,0,3,0,11,6,,,,,0,0,3,3,1,0,0,0,0,0,,,,,,0,,,,,,98292,53,74,250,6,1,0,0,0,0,,0,,,,,,0,,,20,0,0,0,8,9,8,,,0,0,0,8,0,8,95,,,96,,,8,95,995,,,,,,,,,,,,,,,,,,,,,,,,,,,,,,0,0,0,1,0,0,1,1,0,0,0,0,0,0,0,0,1,0,1,0,0,0,0,0,0,1,1,1,0,1,0,0,0,0,0,,0,0,0,0,0,0,0,0,0,0,0,0,0,0,0,0,,,,,,51-55,46-55,County road,R,Tuesday,Belt Used,PV,Not Fatal,1,0,0,0,County Road,State Patrol,Washington State Patrol,0,0,1,0,0,,,,,,0,0,0,,,,,,,,,,,,,,,,,,,,,,,,,,,,,,,,,,,
2019,171,E927748,2,06/06/2019,9:09,6,6,,61,Snohomish,0,1,0,1,1,2,1,0,2,2,,,,12,0,2,20.3,1,0,1,4,1,1,3,0,0,0,0,SR-530,,-121.8381278,48.27735556,0,2,51,62,4,55,63,0,0,1,7,12,1,1,2,1,1,1,3,53,0,86,881,2019,0,0,12,,,,,,1,1,60,2,0,,0,0,3,0,11,0,,,,,6,1,3,3,1,0,0,0,0,96,,,,,,0,,,,,,98292,53,71,147,6,1,0,2,0,0,,0,,,,,,0,10/15/2014,09/15/2015,20,0,0,0,8,9,8,,,0,0,0,8,0,0,0,,,0,,,0,0,996,,,,,,,,,,,,,,,,,,,,,,,,,,,,,,0,0,0,0,0,0,1,1,0,0,0,0,0,0,0,1,0,0,0,1,0,0,0,0,0,0,0,0,0,1,1,0,0,0,0,,0,0,0,0,0,0,0,0,0,0,0,0,0,0,0,0,,,,,,56-60,56-65,State route,R,Thursday,,MHTRUCK,Not Fatal,0,1,1,0,State Route,State Patrol,Washington State Patrol,0,1,0,0,0,,,,,,0,0,0,,,,,,,,,,,98,98,98,0,,,,,20,7,,,,,,,,,,,,,,,