year,case,par,repjur,crash_dt,crash_tm,accday,accmon,holiday,county,co_char,city,weather,weather2,lightcond,surfcond,surftype,numfatal,nmforms,pforms,vforms,not_tm,arr_tm,hosp_tm,fhevent,hitrun,manncol,milepnt,reljunc,reljuncinter,intersectiontype,funcsystem,landuse,ownership,route,schlbus,spejur,contdev,devfunc,trafid1,trafid2,x,y,wk_zone,vnumber,crashtype,criticalevent,criticaleventcat,spdlim,body,trailer,emerg,hazcargo,leave,mhevent,roadalgn,roadprof,traflane,trafflow,vehmanvr,numoccs,regowner,regstate,spuse,make,model,modelyr,vrf1,vrf2,seqevent1,seqevent2,seqevent3,seqevent4,seqevent5,seqevent6,pnumber,ptype,age,sex,hispanic,race,injury,diedscene,restraint,restraintmisuse,seatpos,takehosp,death_dt,death_tm,cert,cernum_wa,commlic,licendor,licrestrict,liccomp,drivpres,drf1,drf2,drf3,drf4,distract1,distract2,distract3,distract4,distract5,distract6,dricond1,dricond2,dricond3,dricond4,dricond5,dricond6,dzip,licstate,drhgt_in,weight,noncdl,noncdltype,prevdwi,prevoth,prevacc,prevspd,prevsus,driviol1,driviol2,driviol3,driviol4,driviol5,driviol6,spdrel,first_dt,last_dt,airbag,ejection,ejectpath,extricat,injurwrk,methalc,methdrug,nmlocat,strikveh,prf1,prf2,prf3,druginv,alcinvol,drugsts,drugres1,drugres2,drugres3,drugtst1,drugtst2,drugtst3,alcsts,alctst,alcres,nmact1,nmact2,nmact3,nmact4,nmact5,nmact6,nmprior1,nmprior2,nmprior3,nmprior4,nmprior5,nmprior6,nmcond1,nmcond2,nmcond3,nmcond4,nmcond5,nmcond6,nmsafe_helmet,nmsafe_pads,nmsafe_oth,nmprev_ref,nmprev_lgt,nmprev_oth,crashlocation,nmcrashtype,crosswalk,schoolzone,sidewalk,train_inv,wildlife_inv,rotr_fars,intersect_fars,dd_inv,aid_inv,dpd_inv,id_inv,mj_inv,impnm_inv,ainm_inv,dpnm_inv,speed_inv,unlic_inv,unendmc_inv,drowsy_inv,drdist_inv,nmdist_inv,fty_inv,unrestfat_inv,dr1617_inv,dr1820_inv,dr1620_inv,dr2125_inv,dr1625_inv,dr65_inv,dr70_inv,dr75_inv,mc_inv,pv_inv,ht_inv,ped_inv,bike_inv,unrest_fat,mc_fat,unhelmet_mc,pv_fat,ht_fat,ped_fat,bike_fat,dr_alc7,dr_alc8,dr_drug,dr_imp,dr_dist,dr_spd,dr_fty,dr_unlic,dr_alc7only,dr_alc8only,dr_drugonly,dr_drink,nm_imp,nm_alc7,nm_alc8,nm_drug,nm_dist,agegrp1,agegrp2,roadclass,urbrur,dayweek,restuse,vehtype,race_me,intersect,lanedep,oppdir,wrongway,rep_typ,investag,repag_long,rotr,st_rd,cty_rd,city_rd,oth_rd,drug_thc,thc_res,drug_cthc,cthc_res,drug_cann,prevpersemin,prevperse,prevsusoth,drugtst4,drugtst5,drugtst6,drugtst7,drugtst8,drugres4,drugres5,drugres6,drugres7,drugres8,adspresent,adsengaged,adslevel,race1,race2,race3,race4,race5,helmet,helmetmisuse,nmdistract1,nmdistract2,nmdistract3,nmdistract4,nmdistract5,nmdistract6,lab,isedtcase,crf1,crf2,crf3,CoRoadName,CoMP,IntCoRoadName,IntCoMP
2019,263,E933707,39,06/23/2019,0:14,23,6,,61,Snohomish,0,10,0,3,1,2,1,0,3,2,,,,12,0,2,1.3,2,0,3,5,1,2,4,0,0,0,0,CR-236TH ST NE,32ND AVE NE,-122.1871333,48.21002222,0,2,51,62,4,35,4,0,0,1,7,12,1,2,2,1,1,1,1,53,0,12,37,2001,0,0,12,,,,,,1,1,61,2,7,,4,0,3,0,11,4,07/06/2019,8:53,69053030431,30431,0,0,0,3,1,0,0,0,0,96,,,,,,0,,,,,,98292,53,67,175,6,1,0,0,1,1,,0,,,,,,0,08/15/2016,05/15/2018,8,0,0,0,0,9,8,,,0,0,0,8,9,2,348,,,1,,,2,1,0,,,,,,,,,,,,,,,,,,,,,,,,,,,,,,0,0,0,1,0,0,1,1,0,0,0,0,0,1,0,0,1,0,0,0,0,0,0,0,0,0,0,0,0,1,0,0,0,0,0,,1,0,0,0,0,0,1,1,0,0,0,0,0,0,1,0,,,,,,61-65,56-65,County road,R,Sunday,Belt Used,PV,Multiracial,0,1,1,0,County Road,County Sheriff,Snohomish County Sheriff's Office,0,0,1,0,0,,,,,,0,0,0,,,,,,,,,,,98,98,98,201,298,,,,20,7,,,,,,,,,,,,,,,
2019,285,E943557,7,07/24/2019,9:33,24,7,,33,King,1830,1,0,1,1,2,1,0,3,3,,,,12,0,1,2.3,1,0,1,1,2,1,1,0,0,0,0,I-405,,-122.2184306,47.46775278,0,2,21,53,3,60,62,0,0,1,7,12,3,2,5,3,5,1,3,53,0,12,881,2000,0,0,12,12,,,,,1,1,34,1,0,,3,0,3,0,11,4,,,,,0,0,0,3,1,0,0,0,0,0,,,,,,0,,,,,,98292,53,71,233,6,1,0,0,0,0,,0,,,,,,0,,,20,0,0,0,8,9,8,,,0,0,0,8,0,8,95,,,96,,,8,95,995,,,,,,,,,,,,,,,,,,,,,,,,,,,,,,0,0,0,0,0,0,1,1,0,0,0,0,1,0,0,0,1,0,0,0,0,0,0,0,0,1,1,0,0,1,1,0,0,0,0,,0,0,0,0,0,0,0,0,0,0,0,0,0,0,0,0,,,,,,31-35,26-35,Interstate,U,Wednesday,,MHTRUCK,Not Fatal,0,0,0,0,State Route,State Patrol,Washington State Patrol,0,1,0,0,0,,,,,,0,0,0,,,,,,,,,,,98,98,98,0,,,,,20,7,,,,,,,,,,,,,,,
2019,420,E987256,2,11/16/2019,0:01,16,11,,61,Snohomish,0,1,0,2,2,2,1,0,1,2,,,,31,0,0,2.5,1,0,1,5,2,1,3,0,0,0,0,SR-531,,-122.2668222,48.15569722,0,1,1,13,2,35,14,0,0,1,7,14,3,4,2,1,14,1,1,53,0,49,402,2009,0,0,63,31,38,19,14,,1,1,33,2,7,,4,7,20,7,11,0,11/16/2019,0:01,53051215,51215,0,0,0,3,1,0,0,0,0,96,,,,,,99,,,,,,98292,53,71,168,6,1,1,1,1,0,,0,,,,,,3,01/15/2017,01/15/2018,8,0,0,0,0,1,8,,,0,0,0,8,1,2,996,996,,1,1,,2,1,0.2,,,,,,,,,,,,,,,,,,,,,,,,,,,,,,0,0,1,0,1,1,1,1,0,0,0,0,1,0,0,0,0,0,0,1,0,0,0,0,0,0,0,0,0,1,0,0,0,1,0,,1,0,0,0,0,1,1,1,0,1,0,0,0,0,0,1,,,,,,31-35,26-35,State route,U,Saturday,Not Used,PV,White,0,1,0,0,State Route,State Patrol,Washington State Patrol,1,1,0,0,0,,,,,,0,1,1,,,,,,,,,,,98,98,98,1,,,,,20,7,,,,,,,,,,,,,,,
2019,453,E997746,39,12/14/2019,18:23,14,12,,61,Snohomish,0,10,0,2,2,2,1,1,1,1,,,,8,0,0,7.2,1,0,1,5,2,2,4,0,3,0,0,CR-140TH ST NE,,-122.2229528,48.12295833,0,1,13,80,5,35,34,0,0,1,5,8,1,2,2,1,1,1,1,53,0,12,471,1996,0,0,8,,,,,,1,1,85,1,0,,0,0,3,0,11,0,,,,,0,0,3,3,1,0,0,0,0,96,,,,,,0,,,,,,98292,53,66,210,6,1,0,0,1,0,,0,,,,,,0,06/15/2016,06/15/2016,20,0,0,0,8,9,8,,,0,0,0,8,0,8,95,,,96,,,8,95,995,,,,,,,,,,,,,,,,,,,,,,,,,,,,,,0,0,0,0,0,0,0,0,0,1,1,1,0,0,0,0,0,0,0,0,0,0,0,0,0,1,1,1,0,1,0,1,0,0,0,,0,0,0,0,0,0,0,0,0,0,0,0,0,0,0,0,,,,,,81+,76+,County road,U,Saturday,Belt Used,PV,Not Fatal,0,0,0,0,County Road,County Sheriff,Snohomish County Sheriff's Office,0,0,1,0,0,,,,,,0,0,0,,,,,,,,,,,0,0,0,0,,,,,20,7,,,,,,,,,,,,,,,
2020,14,EA05178,2,01/09/2020,1:35,9,1,,57,Skagit,0,10,,2,4,2,1,0,1,1,1:33,1:46,,53,0,0,8,1,0,1,5,1,1,3,0,0,0,0,SR-011,,-122.4220361,48.58089444,0,1,7,11,2,50,2,0,0,1,2,1,1,1,2,1,1,1,1,53,0,20,22,2007,0,,63,69,68,64,53,1,1,1,25,2,1,,4,7,20,7,11,0,01/09/2020,1:35,53001176,1176,0,0,3,3,1,58,,,,96,,,,,,9,,,,,,98292,53,64,125,6,1,0,1,0,3,,0,,,,,,4,06/15/2016,11/15/2018,1,1,9,0,0,9,8,,,0,,,8,1,2,695,605,,1,1,,2,1,0.145,,,,,,,,,,,,,,,,,,,,,,,,,,,,,,0,0,0,0,1,1,1,1,1,0,0,0,1,0,0,0,0,0,0,1,0,0,0,1,1,0,0,0,0,1,0,0,0,1,0,,1,0,0,0,0,1,1,1,0,1,0,0,0,0,0,1,,,,,,21-25,16-25,State route,R,Thursday,Not Used,PV,Hispanic,0,1,0,0,State Route,State Patrol,Washington State Patrol,1,1,0,0,0,thc,23,carboxy-thc,97,,0,0,1,,,,,,,,,,,98,98,98,201,298,,,,20,7,,,,,,,nms,1,0,,,,,,
2021,32,EB01125,39,01/22/2021,19:39,22,1,,61,Snohomish,0,1,,2,1,2,1,1,2,1,,,,8,0,0,3.7,1,0,1,6,1,2,4,0,0,0,0,CR-220TH ST NW,,-122.2739806,48.19554444,0,1,13,80,5,35,14,0,0,1,5,8,1,1,2,1,1,2,1,53,0,2,404,2019,0,,8,,,,,,1,1,45,1,0,,0,0,3,0,11,0,,,,,0,0,0,3,1,0,,,,96,,,,,,0,,,,,,98292,53,67,170,6,1,0,0,0,0,,0,,,,,,0,,,20,0,0,0,8,9,8,,,0,,,8,0,0,0,,,0,,,0,0,996,,,,,,,,,,,,,,,,,,,,,,,,,,,,,,0,0,0,0,0,0,0,0,0,0,0,0,0,0,0,0,0,0,0,0,0,0,0,0,0,0,0,0,0,1,0,1,0,0,0,,0,0,0,0,0,0,0,0,0,0,0,0,0,0,0,0,,,,,,41-45,36-45,County road,R,Friday,Belt Used,PV,Not Fatal,0,0,0,0,County Road,County Sheriff,Snohomish County Sheriff's Office,0,0,1,0,0,,,,,,0,0,0,,,,,,,,,,,98,98,98,0,,,,,20,,,,,,,,,1,0,,,220TH ST NW,3.727,NULL,
2021,491,EB93812,2,11/25/2021,15:52,25,11,,61,Snohomish,0,2,,1,2,2,1,0,8,5,,,,12,0,1,7.6,1,0,1,4,1,1,3,0,0,0,0,SR-532,,-122.2942583,48.23639167,0,3,98,62,4,55,4,0,0,1,2,12,1,1,3,1,1,1,1,53,0,49,43,2005,0,,12,12,,,,,1,1,46,1,0,,3,0,3,0,11,0,,,,,0,0,0,3,1,0,,,,96,,,,,,0,,,,,,98292,53,69,200,6,1,0,0,1,0,,0,,,,,,0,08/15/2017,08/15/2017,8,0,0,0,8,9,8,,,0,,,8,8,8,95,,,96,,,0,0,996,,,,,,,,,,,,,,,,,,,,,,,,,,,,,,0,0,0,0,0,0,0,0,0,0,0,0,1,1,0,0,0,0,0,0,0,0,0,0,0,0,0,0,0,1,0,0,0,0,0,,0,0,0,0,0,0,0,0,0,0,0,0,0,0,0,0,,,,,,46-50,46-55,State route,R,Thursday,Belt Used,PV,Not Fatal,0,0,0,0,State Route,State Patrol,Washington State Patrol,0,1,0,0,0,,,,,,0,0,0,,,,,,,,,,,98,98,98,0,,,,,20,,,,,,,,,1,0,,,,,,
2018,339,E840297,2,09/13/2018,8:02,13,9,0,61,Snohomish,0,2,0,1,2,2,1,0,2,2,7:59,8:08,8:21,12,0,2,10.9,1,0,1,3,1,1,2,0,0,0,0,US-2,,-122.0340194,47.89755556,0,2,51,62,4,60,34,1,0,1,2,12,1,1,2,1,1,1,2,53,0,23,481,1985,0,0,12,,,,,,1,1,55,1,7,1,4,7,3,0,11,0,09/13/2018,8:02,53040162,40162,0,0,3,3,1,0,0,0,0,96,,,,,,99,,,,,,98293,53,67,180,6,1,0,0,0,0,,0,,,,,,0,,,20,0,0,0,0,9,8,,,0,0,0,8,0,2,1,,,1,,,2,1,0,,,,,,,,,,,,,,,,,,,,,,,,,,,,,,0,0,0,0,0,0,0,0,0,0,0,0,1,0,0,0,0,0,0,0,0,0,0,0,0,0,0,0,0,1,1,0,0,0,0,,1,0,0,0,0,0,0,0,0,0,0,0,0,0,0,0,,,,,,51-55,46-55,US highway,R,Thursday,Belt Used,PV,White,0,1,1,0,State Route,State Patrol,Washington State Patrol,0,1,0,0,0,,,,,,0,0,0,,,,,,,,,,,,,,,,,,,,,,,,,,,,,,,,,,,
2017,325,E704729,6,08/24/2017,10:40,24,8,0,37,Kittitas,0,5,0,1,1,2,1,0,7,4,,,,12,0,1,123.3,1,0,1,1,1,1,1,0,0,0,0,I-90,,-120.2225722,46.94285556,0,3,98,52,3,70,34,1,0,1,2,12,1,2,2,3,1,2,1,53,0,12,481,2011,0,0,12,12,,,,,1,1,61,2,0,0,3,0,3,0,11,5,,,,,0,0,0,3,1,0,0,0,0,0,,,,,,0,,,,,,98294,53,66,190,6,1,0,0,0,0,0,0,,,,,,0,,,1,0,0,0,8,9,2,,,0,0,0,0,0,0,0,0,0,0,0,0,0,0,996,,,,,,,,,,,,,,,,,,,,,,,,,,,,,,0,0,0,0,0,0,0,0,0,0,0,0,0,0,0,0,0,0,0,0,0,0,0,1,1,0,0,0,0,1,1,0,0,0,0,,0,0,0,0,0,0,0,0,0,0,0,0,0,0,0,0,,,,,,61-65,56-65,Interstate,R,Thursday,Belt Used,PV,Not Fatal,0,0,0,0,State Route,State Patrol,Washington State Patrol Headquarter,0,1,0,0,0,,,,,,,,,,,,,,,,,,,,,,,,,,,,,,,,,,,,,,,,,,,
2020,403,EA72111,122,10/09/2020,20:42,9,10,,61,Snohomish,690,2,,3,2,2,1,0,1,1,20:45,20:53,,39,0,0,0,3,0,3,3,2,1,3,0,0,3,3,SR-526 RAMP 526X00143,AIRPORT RD,-122.2718611,47.92230556,0,1,14,14,2,45,15,0,0,1,2,39,1,1,4,1,1,1,2,53,0,23,421,2001,0,,71,39,,,,,1,1,37,2,7,,4,7,20,7,11,0,10/09/2020,20:42,69053048211,48211,0,0,0,3,1,0,,,,92,,,,,,98,,,,,,98294,53,70,165,6,1,0,0,1,0,,0,,,,,,0,11/15/2018,11/15/2018,1,0,0,0,0,9,8,,,0,,,8,8,2,695,605,,1,1,,2,1,0.171,,,,,,,,,,,,,,,,,,,,,,,,,,,,,,0,0,0,1,1,1,1,1,1,0,0,0,0,0,0,0,1,0,0,1,0,0,0,0,0,0,0,0,0,1,0,0,0,1,0,,1,0,0,0,0,1,1,1,1,0,0,0,0,0,0,1,,,,,,36-40,36-45,State route,U,Friday,Not Used,PV,White,1,0,0,0,State Route,Municipal/City Police,Everett Police Department,0,1,0,0,0,thc,34,carboxy-thc,41,,0,0,0,,,,,,,,,,,98,98,98,1,,,,,20,7,,,,,,,nms,1,0,,,,,,
2020,222,EA45808,2,07/03/2020,12:43,3,7,,73,Whatcom,0,2,,1,2,2,1,0,3,2,12:44,13:02,13:32,12,0,2,2.5,2,0,3,3,2,1,3,0,0,0,0,SR-546,VINUP RD,-122.4298056,48.96424167,0,2,51,62,4,45,15,0,0,1,2,12,1,1,2,1,1,2,2,53,0,49,422,2002,0,,12,,,,,,1,1,67,2,7,,4,7,3,0,11,0,07/03/2020,12:43,53030903,30903,0,0,0,3,1,0,,,,96,,,,,,0,,,,,,98295,53,68,178,6,1,0,0,0,0,,0,,,,,,0,,,8,0,0,0,0,9,8,,,0,,,8,8,2,155,,,1,,,2,1,0,,,,,,,,,,,,,,,,,,,,,,,,,,,,,,0,0,0,1,0,0,1,1,0,0,0,0,0,0,0,0,0,0,1,0,0,0,0,0,0,1,0,0,0,1,1,0,0,0,0,,1,0,0,0,0,0,1,1,0,0,0,0,0,0,1,0,,,,,,66-70,66-75,State route,U,Friday,Belt Used,PV,API,1,0,0,0,State Route,State Patrol,Washington State Patrol,0,1,0,0,0,,,,,,0,0,0,,,,,,,,,,,98,98,98,7,,,,,20,7,,,,,,,,1,0,,,,,,
2021,232,EB49284,3,06/21/2021,7:01,21,6,,53,Pierce,0,1,,1,1,2,1,0,2,2,,,,12,0,1,39.1,3,0,2,4,1,1,3,0,0,3,3,SR-7,304TH ST E,-122.3579167,46.98021667,0,2,21,60,4,98,66,1,0,1,5,12,1,1,3,1,5,1,3,53,0,85,881,2015,0,,12,,,,,,1,1,64,1,0,,0,0,3,0,11,0,,,,,6,1,3,3,1,0,,,,0,,,,,,98,,,,,,98295,53,70,200,6,1,0,1,1,0,,0,,,,,,0,04/15/2020,11/15/2021,20,0,0,0,8,9,8,,,0,,,8,8,8,95,,,96,,,8,95,995,,,,,,,,,,,,,,,,,,,,,,,,,,,,,,0,0,0,1,0,0,1,1,0,0,0,0,0,0,0,0,1,0,0,1,0,0,0,0,0,0,0,0,0,1,1,0,0,0,0,,0,0,0,0,0,0,0,0,0,0,0,0,0,0,0,0,,,,,,61-65,56-65,State route,R,Monday,,MHTRUCK,Not Fatal,1,0,0,0,State Route,State Patrol,Washington State Patrol,0,1,0,0,0,,,,,,0,0,0,,,,,,,,,,,98,98,98,0,,,,,20,,,,,,,,,1,0,,,,,,
2017,9,E632204,4,01/08/2017,16:39,8,1,0,1,Adams,0,3,0,2,4,2,1,0,2,2,16:35,17:11,18:33,12,0,2,69.9,1,0,1,3,1,1,3,0,0,0,0,SR-26,,-118.576325,46.79465,0,1,50,10,2,65,4,0,0,1,2,12,1,1,2,1,1,1,2,53,0,54,35,2003,0,0,68,12,,,,,1,1,20,2,7,1,4,0,3,0,11,4,01/08/2017,18:39,1.87053E+11,2201,0,0,0,3,1,28,0,0,0,96,,,,,,0,,,,,,98296,53,71,175,6,1,0,0,0,0,0,0,,,,,,0,,,8,0,0,0,0,9,8,,,0,0,0,8,0,2,1,0,0,1,0,0,2,1,0,,,,,,,,,,,,,,,,,,,,,,,,,,,,,,0,0,0,0,0,0,0,0,0,0,0,0,0,0,0,0,0,0,0,0,0,1,1,0,1,0,0,0,0,1,0,0,0,0,0,,1,0,0,0,0,0,0,0,0,0,0,0,0,0,0,0,,,,,,18-20,16-25,State route,R,Sunday,Belt Used,PV,White,0,1,1,0,State Route,State Patrol,Washington State Patrol,0,1,0,0,0,,,,,,,,,,,,,,,,,,,,,,,,,,,,,,,,,,,,,,,,,,,
2017,518,E747528,247,12/15/2017,3:59,15,12,0,33,King,1820,10,0,3,2,2,1,1,1,1,,,,8,0,0,0,1,0,1,3,2,4,6,0,0,0,0,AVONDALE RD,,-122.0927194,47.70104722,0,1,13,80,5,40,14,0,0,1,2,8,1,1,8,1,1,1,1,53,0,48,401,2014,0,0,8,,,,,,1,1,57,2,0,0,0,0,3,0,11,0,,,,,0,0,3,3,1,0,0,0,0,92,,,,,,0,,,,,,98296,53,66,200,6,1,0,0,0,0,0,0,,,,,,0,,,20,0,0,0,8,9,8,,,0,0,0,8,0,0,0,0,0,0,0,0,0,0,996,,,,,,,,,,,,,,,,,,,,,,,,,,,,,,0,0,0,0,0,0,0,0,0,0,0,0,0,0,0,0,1,0,0,0,0,0,0,0,0,0,0,0,0,1,0,1,0,0,0,,0,0,0,0,0,0,0,0,1,0,0,0,0,0,0,0,,,,,,56-60,56-65,City street,U,Friday,Belt Used,PV,Not Fatal,0,0,0,0,City Street,Municipal/City Police,Redmond Police Department,0,0,0,1,0,,,,,,,,,,,,,,,,,,,,,,,,,,,,,,,,,,,,,,,,,,,
2018,325,E837725,39,09/07/2018,5:45,7,9,0,61,Snohomish,0,1,0,2,1,2,1,0,2,2,5:55,6:06,,12,0,1,0.8,1,0,1,5,2,2,4,0,0,0,0,CR-SPRINGHETTI RD,,-122.0988833,47.88552222,0,1,24,51,3,98,80,0,0,1,5,12,1,1,2,1,1,1,1,53,0,73,706,2008,0,0,12,,,,,,1,1,48,1,7,1,4,7,19,0,11,0,09/07/2018,5:45,53039915,39915,0,0,0,3,1,0,0,0,0,96,,,,,,99,,,,,,98296,53,69,180,6,1,0,0,0,0,,0,,,,,,4,,,20,8,0,0,0,9,8,,,0,0,0,8,9,2,1,,,1,,,2,1,0,,,,,,,,,,,,,,,,,,,,,,,,,,,,,,0,0,0,0,0,0,0,0,0,0,0,0,1,0,0,0,0,0,0,0,0,0,0,0,0,0,0,0,1,1,0,0,0,0,1,0,0,0,0,0,0,0,0,0,0,1,0,0,0,0,0,0,,,,,,46-50,46-55,County road,U,Friday,,MC,White,0,0,0,0,County Road,County Sheriff,Snohomish County Sheriff's Office,0,0,1,0,0,,,,,,0,0,0,,,,,,,,,,,,,,,,,,,,,,,,,,,,,,,,,,,
2018,325,E837725,39,09/07/2018,5:45,7,9,0,61,Snohomish,0,1,0,2,1,2,1,0,2,2,5:55,6:06,,12,0,1,0.8,1,0,1,5,2,2,4,0,0,0,0,CR-SPRINGHETTI RD,,-122.0988833,47.88552222,0,2,25,53,3,98,4,0,0,1,5,12,1,1,2,1,3,1,1,53,0,37,31,2008,0,0,12,,,,,,1,1,55,1,0,0,0,0,3,0,11,0,,,,,0,0,3,3,1,0,0,0,0,96,,,,,,0,,,,,,98296,53,70,270,6,1,0,0,0,0,,0,,,,,,0,,,20,0,0,0,8,9,8,,,0,0,0,8,0,0,0,,,0,,,0,0,996,,,,,,,,,,,,,,,,,,,,,,,,,,,,,,0,0,0,0,0,0,0,0,0,0,0,0,1,0,0,0,0,0,0,0,0,0,0,0,0,0,0,0,1,1,0,0,0,0,0,,0,0,0,0,0,0,0,0,0,0,0,0,0,0,0,0,,,,,,51-55,46-55,County road,U,Friday,Belt Used,PV,Not Fatal,0,0,0,0,County Road,County Sheriff,Snohomish County Sheriff's Office,0,0,1,0,0,,,,,,0,0,0,,,,,,,,,,,,,,,,,,,,,,,,,,,,,,,,,,,
2018,427,E864200,2,11/17/2018,17:05,17,11,0,73,Whatcom,0,1,0,5,1,2,1,1,1,1,,,,8,0,0,272,1,0,1,1,1,1,1,0,0,0,0,I-5,,-122.6883694,48.95215556,0,1,13,80,5,70,14,0,0,1,7,8,1,1,2,2,1,1,1,95,0,59,403,2008,0,0,8,,,,,,1,1,38,1,0,0,0,0,3,0,11,0,,,,,99,9,9,9,1,0,0,0,0,0,,,,,,0,,,,,,98296,95,,999,9,9,99,99,99,99,,0,,,,,,0,,,20,0,0,0,8,9,8,,,0,0,0,8,0,8,95,,,96,,,8,95,995,,,,,,,,,,,,,,,,,,,,,,,,,,,,,,0,0,0,0,0,0,0,0,0,1,0,1,0,0,0,0,0,0,0,0,0,0,0,0,0,0,0,0,0,1,0,1,0,0,0,,0,0,0,0,0,0,0,0,0,0,0,0,0,0,0,0,,,,,,36-40,36-45,Interstate,R,Saturday,Belt Used,PV,Not Fatal,0,0,0,0,State Route,State Patrol,Washington State Patrol,0,1,0,0,0,,,,,,99,99,99,,,,,,,,,,,,,,,,,,,,,,,,,,,,,,,,,,,
2020,369,EA65735,2,08/15/2020,15:43,15,8,,61,Snohomish,0,1,,1,1,2,1,0,3,2,15:52,16:10,16:29,12,0,2,20.2,1,0,1,3,2,1,3,0,0,0,0,SR-522,,-122.0550333,47.83051667,0,2,51,62,4,55,4,0,0,1,2,12,3,2,1,2,14,2,1,53,0,32,59,2017,0,,12,1,,,,,1,1,27,1,0,,3,0,3,0,11,5,,,,,0,0,0,3,1,0,,,,96,,,,,,0,,,,,,98296,53,72,165,6,1,0,0,2,2,,0,,,,,,0,12/15/2015,12/15/2018,8,0,0,0,8,9,8,,,0,,,8,8,8,95,,,96,,,8,95,995,,,,,,,,,,,,,,,,,,,,,,,,,,,,,,0,0,0,0,1,0,0,0,0,0,0,0,0,0,0,0,1,0,0,0,0,0,0,0,0,0,0,0,0,1,0,0,0,0,0,,0,0,0,0,0,0,0,0,0,0,0,0,0,0,0,0,,,,,,26-30,26-35,State route,U,Saturday,Belt Used,PV,Not Fatal,0,1,1,0,State Route,State Patrol,Washington State Patrol,0,1,0,0,0,,,,,,0,0,0,,,,,,,,,,,98,98,98,0,,,,,20,7,,,,,,,,1,0,,,,,,
2020,504,EA92060,2,12/16/2020,15:59,16,12,,61,Snohomish,0,1,,1,2,2,2,0,3,2,16:01,16:07,,12,0,6,4.3,8,0,1,3,2,1,3,0,0,0,0,SR-9,,-122.12165,47.84145,0,1,68,15,2,45,4,0,0,1,2,12,1,1,3,1,11,2,1,53,0,37,31,1998,0,,12,,,,,,1,1,49,2,7,,4,0,99,7,11,5,12/16/2020,22:28,1.96053E+11,60357,0,0,0,3,1,38,48,,,96,,,,,,98,,,,,,98296,53,59,120,6,1,0,0,0,0,,0,,,,,,0,,,8,0,0,0,0,9,8,,,0,,,8,8,2,695,605,,1,1,,2,1,0,,,,,,,,,,,,,,,,,,,,,,,,,,,,,,0,0,0,0,0,0,1,1,1,0,0,0,0,0,0,0,0,0,1,0,0,0,0,0,0,0,0,0,0,1,0,0,0,0,0,,1,0,0,0,0,0,1,1,0,0,1,0,0,0,1,0,,,,,,46-50,46-55,State route,U,Wednesday,Unknown,PV,White,1,0,0,0,State Route,State Patrol,Washington State Patrol,0,1,0,0,0,thc,6,carboxy-thc,67,,0,0,0,,,,,,,,,,,0,0,0,1,,,,,20,7,,,,,,,nms,1,0,,,,,,
2020,504,EA92060,2,12/16/2020,15:59,16,12,,61,Snohomish,0,1,,1,2,2,2,0,3,2,16:01,16:07,,12,0,6,4.3,8,0,1,3,2,1,3,0,0,0,0,SR-9,,-122.12165,47.84145,0,2,69,62,4,45,34,1,0,1,2,12,1,1,3,1,1,1,1,53,0,20,481,2011,0,,12,,,,,,1,1,58,1,0,,2,0,3,0,11,0,,,,,0,0,3,3,1,0,,,,96,,,,,,0,,,,,,98296,53,75,225,6,1,0,1,0,0,,0,,,,,,0,03/15/2020,03/15/2020,8,0,0,0,8,9,8,,,0,,,8,8,8,95,,,96,,,2,95,997,,,,,,,,,,,,,,,,,,,,,,,,,,,,,,0,0,0,0,0,0,1,1,1,0,0,0,0,0,0,0,0,0,1,0,0,0,0,0,0,0,0,0,0,1,0,0,0,0,0,,0,0,0,0,0,0,0,0,0,0,0,0,0,0,0,0,,,,,,56-60,56-65,State route,U,Wednesday,Belt Used,PV,Not Fatal,1,0,0,0,State Route,State Patrol,Washington State Patrol,0,1,0,0,0,,,,,,0,0,0,,,,,,,,,,,98,98,98,0,,,,,20,7,,,,,,,,1,0,,,,,,
2021,99,EB21651,197,04/10/2021,6:00,10,4,,61,Snohomish,1338,10,,4,2,2,1,0,2,2,,,,12,0,2,0,1,0,1,4,2,4,6,0,0,0,0,35TH AVE SE,,-122.1855083,47.86498333,0,2,51,62,4,35,4,0,0,1,2,12,1,1,3,3,1,1,1,53,0,30,40,2009,0,,12,,,,,,1,1,22,2,0,,1,0,3,0,11,5,,,,,0,0,1,3,1,0,,,,96,,,,,,98,,,,,,98296,53,65,130,6,2,0,0,0,0,,0,,,,,,0,,,8,0,0,0,8,9,8,,,0,,,8,8,8,95,,,96,,,8,95,995,,,,,,,,,,,,,,,,,,,,,,,,,,,,,,0,0,0,0,1,1,1,1,1,0,0,0,0,0,0,0,0,0,0,1,0,0,0,1,1,0,0,0,0,1,0,0,0,0,0,,0,0,0,0,0,0,0,0,0,0,0,0,0,0,0,0,,,,,,21-25,16-25,City street,U,Saturday,Belt Used,PV,Not Fatal,0,1,1,0,City Street,Municipal/City Police,Mill Creek Police Department,0,0,0,1,0,,,,,,0,0,0,,,,,,,,,,,98,98,98,0,,,,,20,,,,,,,,,1,0,,,,,,
2017,32,E636978,35,01/30/2017,12:38,30,1,0,53,Pierce,0,1,0,1,2,1,1,0,1,1,12:38,12:58,,1,0,0,2.1,1,0,1,4,1,2,4,0,0,0,0,CR-ALDER CUTOFF RD E,,-122.2512889,46.83513889,0,1,5,13,2,45,4,0,0,1,2,1,1,1,2,2,1,1,2,53,0,49,32,1989,0,0,63,1,,,,,1,1,53,2,7,1,4,7,99,0,11,0,01/30/2017,12:38,58053005431,5431,0,0,3,3,1,0,0,0,0,96,,,,,,9,,,,,,98304,53,65,125,6,1,0,0,0,0,0,0,,,,,,0,,,20,0,0,0,0,9,8,,,0,0,0,1,1,2,605,0,0,1,0,0,2,1,0.29,,,,,,,,,,,,,,,,,,,,,,,,,,,,,,0,0,1,0,1,1,1,1,1,0,0,0,0,0,0,0,0,0,0,0,0,0,0,0,0,0,0,0,0,1,0,0,0,0,0,,1,0,0,0,0,1,1,1,0,0,0,0,0,0,0,1,,,,,,51-55,46-55,County road,R,Monday,Unknown,PV,White,0,1,0,0,County Road,County Sheriff,Law Enforcement Support Agency,1,0,1,0,0,thc,3.3,,,,,,,,,,,,,,,,,,,,,,,,,,,,,,,,,,,,,,,,,