year,case,par,repjur,crash_dt,crash_tm,accday,accmon,holiday,county,co_char,city,weather,weather2,lightcond,surfcond,surftype,numfatal,nmforms,pforms,vforms,not_tm,arr_tm,hosp_tm,fhevent,hitrun,manncol,milepnt,reljunc,reljuncinter,intersectiontype,funcsystem,landuse,ownership,route,schlbus,spejur,contdev,devfunc,trafid1,trafid2,x,y,wk_zone,vnumber,crashtype,criticalevent,criticaleventcat,spdlim,body,trailer,emerg,hazcargo,leave,mhevent,roadalgn,roadprof,traflane,trafflow,vehmanvr,numoccs,regowner,regstate,spuse,make,model,modelyr,vrf1,vrf2,seqevent1,seqevent2,seqevent3,seqevent4,seqevent5,seqevent6,pnumber,ptype,age,sex,hispanic,race,injury,diedscene,restraint,restraintmisuse,seatpos,takehosp,death_dt,death_tm,cert,cernum_wa,commlic,licendor,licrestrict,liccomp,drivpres,drf1,drf2,drf3,drf4,distract1,distract2,distract3,distract4,distract5,distract6,dricond1,dricond2,dricond3,dricond4,dricond5,dricond6,dzip,licstate,drhgt_in,weight,noncdl,noncdltype,prevdwi,prevoth,prevacc,prevspd,prevsus,driviol1,driviol2,driviol3,driviol4,driviol5,driviol6,spdrel,first_dt,last_dt,airbag,ejection,ejectpath,extricat,injurwrk,methalc,methdrug,nmlocat,strikveh,prf1,prf2,prf3,druginv,alcinvol,drugsts,drugres1,drugres2,drugres3,drugtst1,drugtst2,drugtst3,alcsts,alctst,alcres,nmact1,nmact2,nmact3,nmact4,nmact5,nmact6,nmprior1,nmprior2,nmprior3,nmprior4,nmprior5,nmprior6,nmcond1,nmcond2,nmcond3,nmcond4,nmcond5,nmcond6,nmsafe_helmet,nmsafe_pads,nmsafe_oth,nmprev_ref,nmprev_lgt,nmprev_oth,crashlocation,nmcrashtype,crosswalk,schoolzone,sidewalk,train_inv,wildlife_inv,rotr_fars,intersect_fars,dd_inv,aid_inv,dpd_inv,id_inv,mj_inv,impnm_inv,ainm_inv,dpnm_inv,speed_inv,unlic_inv,unendmc_inv,drowsy_inv,drdist_inv,nmdist_inv,fty_inv,unrestfat_inv,dr1617_inv,dr1820_inv,dr1620_inv,dr2125_inv,dr1625_inv,dr65_inv,dr70_inv,dr75_inv,mc_inv,pv_inv,ht_inv,ped_inv,bike_inv,unrest_fat,mc_fat,unhelmet_mc,pv_fat,ht_fat,ped_fat,bike_fat,dr_alc7,dr_alc8,dr_drug,dr_imp,dr_dist,dr_spd,dr_fty,dr_unlic,dr_alc7only,dr_alc8only,dr_drugonly,dr_drink,nm_imp,nm_alc7,nm_alc8,nm_drug,nm_dist,agegrp1,agegrp2,roadclass,urbrur,dayweek,restuse,vehtype,race_me,intersect,lanedep,oppdir,wrongway,rep_typ,investag,repag_long,rotr,st_rd,cty_rd,city_rd,oth_rd,drug_thc,thc_res,drug_cthc,cthc_res,drug_cann,prevpersemin,prevperse,prevsusoth,drugtst4,drugtst5,drugtst6,drugtst7,drugtst8,drugres4,drugres5,drugres6,drugres7,drugres8,adspresent,adsengaged,adslevel,race1,race2,race3,race4,race5,helmet,helmetmisuse,nmdistract1,nmdistract2,nmdistract3,nmdistract4,nmdistract5,nmdistract6,lab,isedtcase,crf1,crf2,crf3,CoRoadName,CoMP,IntCoRoadName,IntCoMP
2020,309,EA59461,3,08/28/2020,14:07,28,8,,53,Pierce,0,1,,1,1,2,1,0,2,2,14:09,14:17,,12,0,6,46.5,8,0,1,3,2,1,3,0,0,0,0,SR-7,,-122.4223417,47.07418611,0,2,68,15,2,40,21,0,0,1,2,12,1,1,5,1,11,1,3,53,0,20,461,2007,0,,12,,,,,,1,1,65,1,0,,0,0,3,0,11,0,,,,,0,0,3,3,1,0,,,,96,,,,,,0,,,,,,98304,53,76,195,6,1,0,0,0,0,,0,,,,,,0,,,20,0,0,0,8,9,8,,,0,,,8,8,0,0,,,0,,,0,0,996,,,,,,,,,,,,,,,,,,,,,,,,,,,,,,0,0,0,0,0,0,0,0,0,0,0,0,1,1,1,0,0,0,0,0,0,0,0,0,0,1,0,0,1,1,0,0,0,0,0,,0,0,0,0,0,0,0,0,0,0,0,0,0,0,0,0,,,,,,61-65,56-65,State route,U,Friday,Belt Used,PV,Not Fatal,0,0,0,0,State Route,State Patrol,Washington State Patrol,0,1,0,0,0,,,,,,0,0,0,,,,,,,,,,,98,98,98,0,,,,,20,7,,,,,,,,1,0,,,,,,
2021,61,EB12777,8,03/10/2021,18:40,10,3,,9,Clallam,0,1,,5,1,2,1,1,1,1,,,,8,0,0,252.7,1,0,1,3,2,1,2,0,0,0,0,US-101,,-123.3374167,48.100825,0,1,13,80,5,45,5,0,0,1,2,8,1,1,2,3,1,1,1,53,0,20,29,2018,0,,8,,,,,,1,1,72,2,0,,0,0,3,0,11,0,,,,,0,0,3,3,1,0,,,,96,,,,,,98,,,,,,98305,53,59,123,6,1,0,0,0,0,,0,,,,,,0,,,20,0,0,0,8,9,8,,,0,,,8,8,8,95,,,96,,,8,95,995,,,,,,,,,,,,,,,,,,,,,,,,,,,,,,0,0,0,0,0,0,0,0,0,0,0,0,0,0,0,0,0,0,0,0,0,0,0,0,0,1,1,0,0,1,0,1,0,0,0,,0,0,0,0,0,0,0,0,0,0,0,0,0,0,0,0,,,,,,71-75,66-75,US highway,U,Wednesday,Belt Used,PV,Not Fatal,0,0,0,0,State Route,State Patrol,Washington State Patrol,0,1,0,0,0,,,,,,0,0,0,,,,,,,,,,,98,98,98,0,,,,,20,,,,,,,,,1,0,,,,,,
2020,575,TECH J5,8,10/09/2020,12:03,9,10,,9,Clallam,760,98,,1,0,0,1,0,2,2,,,,12,0,6,191.5,2,0,3,3,1,1,2,0,0,0,0,US-101,JOHNSON RD,-124.3876361,47.95698056,0,1,82,15,2,0,98,0,0,1,8,12,0,0,0,0,11,1,9,99,0,97,997,9998,0,,12,,,,,,1,1,70,2,7,,4,0,98,7,11,5,10/17/2020,17:03,1.96053E+11,48471,0,0,3,3,1,38,,,,96,,,,,,98,,,,,,98305,53,61,146,6,1,0,0,2,1,,0,,,,,,0,11/15/2018,04/15/2019,98,0,0,0,0,9,8,,,0,,,8,8,8,95,,,96,,,8,95,995,,,,,,,,,,,,,,,,,,,,,,,,,,,,,,0,0,0,1,0,0,0,0,0,0,0,0,0,0,0,0,0,0,1,0,0,0,0,0,0,1,1,0,0,0,1,0,0,0,0,,0,0,0,0,0,0,0,0,0,0,1,0,0,0,0,0,,,,,,66-70,66-75,US highway,R,Friday,,NR-U,White,0,0,0,0,State Route,,,0,1,0,0,0,,,,,,0,0,0,,,,,,,,,,,98,98,98,1,,,,,20,7,,,,,,,,0,0,,,,,,
2017,391,E716276,127,09/26/2017,20:14,26,9,0,33,King,735,1,0,2,1,2,1,0,2,2,,,,12,0,1,3,1,0,1,3,2,1,3,0,0,0,0,SR-99,,-122.3313167,47.27029722,0,2,25,53,3,50,61,0,0,1,5,12,1,2,4,1,1,1,3,53,0,12,881,1999,0,0,12,,,,,,1,1,40,1,0,0,0,0,3,0,11,0,,,,,0,0,0,3,1,0,0,0,0,0,,,,,,0,,,,,,98310,53,69,195,6,1,0,1,0,1,2,0,,,,,,0,10/15/2013,08/15/2016,20,0,0,0,8,9,8,,,0,0,0,8,0,0,0,0,0,0,0,0,0,0,996,,,,,,,,,,,,,,,,,,,,,,,,,,,,,,0,0,0,0,0,0,1,1,1,0,0,0,1,0,1,0,0,0,0,0,0,0,0,0,0,0,0,0,1,0,1,0,0,0,0,,0,0,0,0,0,0,0,0,0,0,0,0,0,0,0,0,,,,,,36-40,36-45,State route,U,Tuesday,,MHTRUCK,Not Fatal,0,0,0,0,State Route,Municipal/City Police,Federal Way Dept of Public Safety,0,1,0,0,0,,,,,,,,,,,,,,,,,,,,,,,,,,,,,,,,,,,,,,,,,,,
2020,66,EA24161,305,03/15/2020,21:56,15,3,,11,Clark,2370,1,,3,1,2,1,1,1,1,23:23,0:05,,8,0,0,0,3,0,2,3,2,4,6,0,0,3,3,E FOURTH PLAIN BLVD,FORT VANCOUVER WAY,-122.647925,45.63853056,0,1,13,80,5,30,6,0,0,1,2,8,1,1,4,2,1,1,1,53,0,12,24,2008,0,,8,,,,,,1,1,64,1,0,,0,0,3,0,11,0,,,,,0,0,3,3,1,0,,,,96,,,,,,9,,,,,,98310,53,78,200,6,1,0,1,2,9,,97,,,,,,0,09/15/2015,06/15/2019,20,0,0,0,8,9,8,,,0,,,8,1,2,695,605,189,1,1,1,2,1,0.039,,,,,,,,,,,,,,,,,,,,,,,,,,,,,,0,0,0,1,1,0,1,1,1,1,0,1,0,0,0,0,0,0,0,0,0,0,0,0,0,0,0,0,0,1,0,1,0,0,0,,0,0,0,0,1,0,1,1,0,0,0,0,0,0,0,1,,,,,,61-65,56-65,City street,U,Sunday,Belt Used,PV,Not Fatal,1,0,0,0,City Street,Municipal/City Police,Vancouver Police Department,0,0,0,1,0,thc,29,carboxy-thc,888,,0,0,0,1,1,,,,321,351,,,,98,98,98,0,,,,,20,7,,,,,,,,1,0,,,,,,
2017,8,E629981,6,01/07/2017,14:12,7,1,0,37,Kittitas,0,4,0,1,3,1,1,0,8,3,,,,12,0,1,77.4,1,0,1,1,1,1,1,0,0,0,0,I-90,,-121.0397611,47.18249167,0,1,28,52,3,70,14,0,0,1,2,12,3,1,2,3,2,5,2,53,0,12,401,1996,0,0,12,63,25,1,12,,1,1,21,1,0,0,3,0,3,0,11,5,,,,,0,0,0,3,1,0,0,0,0,96,,,,,,0,,,,,,98311,53,76,200,6,1,0,0,1,0,0,23,,,,,,4,06/15/2012,06/15/2012,20,0,0,0,8,9,8,,,0,0,0,8,0,2,1,0,0,1,0,0,2,1,0,,,,,,,,,,,,,,,,,,,,,,,,,,,,,,0,0,0,0,0,0,0,0,0,0,0,0,1,0,0,0,0,0,0,0,0,0,0,1,1,0,0,0,0,1,0,0,0,0,0,,0,0,0,0,0,0,0,0,0,1,0,0,0,0,0,0,,,,,,21-25,16-25,Interstate,R,Saturday,Belt Used,PV,Not Fatal,0,0,0,0,State Route,State Patrol,Washington State Patrol,0,1,0,0,0,,,,,,,,,,,,,,,,,,,,,,,,,,,,,,,,,,,,,,,,,,,
2017,168,E641274,67,02/11/2017,20:20,11,2,0,35,Kitsap,180,1,0,3,2,2,1,0,1,1,,,,39,0,0,0,1,0,1,4,2,4,6,0,0,0,0,KITSAY WA,,-122.6946778,47.57798611,0,1,2,6,1,35,3,0,0,1,5,39,1,1,4,1,1,1,1,53,0,49,34,1991,0,0,63,39,,,,,1,1,21,1,7,1,4,0,3,0,11,1,02/19/2017,23:50,1.96053E+11,8893,0,0,0,3,1,0,0,0,0,96,,,,,,99,,,,,,98311,53,68,145,6,1,0,0,0,2,0,0,,,,,,4,08/15/2015,10/15/2015,1,0,0,0,0,9,8,,,0,0,0,8,9,2,348,522,605,1,1,1,2,1,0,,,,,,,,,,,,,,,,,,,,,,,,,,,,,,0,0,0,0,0,0,1,1,1,0,0,0,1,0,0,0,0,0,0,0,0,0,0,1,1,0,0,0,0,1,0,0,0,0,0,,1,0,0,0,0,0,1,1,0,1,0,0,0,0,1,0,,,,,,21-25,16-25,City street,U,Saturday,Belt Used,PV,White,0,1,0,0,City Street,Municipal/City Police,Bremerton Police Department,1,0,0,1,0,thc,3.6,carboxy-thc,20,,,,,,,,,,,,,,,,,,,,,,,,,,,,,,,,,,,,,,,
2017,84,E653002,26,03/17/2017,5:40,17,3,0,35,Kitsap,0,10,0,3,1,2,1,1,1,1,,,,8,0,0,0,3,0,3,4,2,2,4,0,0,0,0,CR-NW GREAVES WAY,CR-OLD FRONTIER RD NW,-122.7031528,47.65948889,0,1,13,80,5,35,4,0,0,1,2,8,1,2,4,2,1,1,1,53,0,6,14,1990,0,0,8,,,,,,1,1,24,1,0,0,0,0,3,0,11,0,,,,,0,0,0,2,1,38,0,0,0,93,,,,,,0,,,,,,98311,53,68,207,1,1,0,2,0,1,0,0,,,,,,3,02/15/2016,05/15/2016,20,0,0,0,8,9,1,,,0,0,0,0,0,2,605,0,0,1,0,0,2,1,0,,,,,,,,,,,,,,,,,,,,,,,,,,,,,,0,0,0,1,0,0,1,1,1,0,0,0,1,1,0,0,1,0,1,0,0,0,0,1,1,0,0,0,0,1,0,1,0,0,0,,0,0,0,0,0,0,1,1,1,1,1,1,0,0,1,0,,,,,,21-25,16-25,County road,U,Friday,Belt Used,PV,Not Fatal,1,0,0,0,County Road,County Sheriff,Kitsap County Sheriff's Office,0,0,1,0,0,thc,10,carboxy-thc,130,,,,,,,,,,,,,,,,,,,,,,,,,,,,,,,,,,,,,,,
2017,131,E668849,8,04/26/2017,0:50,26,4,0,35,Kitsap,0,10,0,3,2,2,1,0,1,1,,,,43,0,0,4,1,0,1,3,2,1,3,0,0,0,0,SR-303,,-122.6289083,47.62356111,0,1,5,13,2,40,20,0,0,1,2,1,1,2,4,3,1,1,1,53,0,7,442,2001,0,0,63,43,69,63,1,,1,1,37,2,7,2,4,7,3,0,11,0,04/26/2017,0:50,53021124,21124,0,0,0,3,1,0,0,0,0,96,,,,,,9,,,,,,98311,53,65,205,6,1,0,1,1,0,0,0,,,,,,0,03/15/2014,03/15/2014,1,0,0,0,0,1,8,,,0,0,0,8,1,2,1,0,0,1,0,0,2,1,0.21,,,,,,,,,,,,,,,,,,,,,,,,,,,,,,0,0,1,0,1,1,0,1,0,0,0,0,0,0,0,0,0,0,0,0,0,0,0,0,0,0,0,0,0,1,0,0,0,0,0,,1,0,0,0,0,1,0,1,0,0,0,0,0,1,0,1,,,,,,36-40,36-45,State route,U,Wednesday,Belt Used,PV,Black,0,1,0,0,State Route,State Patrol,Washington State Patrol Headquarter,1,1,0,0,0,,,,,,,,,,,,,,,,,,,,,,,,,,,,,,,,,,,,,,,,,,,
2017,323,E704148,160,08/23/2017,6:48,23,8,0,33,King,1030,1,0,1,1,2,1,0,5,4,,,,12,0,7,11.3,3,0,2,3,2,1,3,0,0,3,3,SR-99,S 240 ST,-122.2964528,47.38647222,0,3,98,61,4,45,5,0,0,1,5,12,1,1,3,1,1,1,1,53,0,63,38,2015,0,0,12,,,,,,1,1,39,2,0,0,0,0,3,0,11,0,,,,,0,0,3,3,1,0,0,0,0,0,,,,,,0,,,,,,98311,53,64,150,6,1,0,0,0,1,0,0,,,,,,0,11/15/2015,11/15/2015,20,0,0,0,8,9,8,,,0,0,0,8,0,0,0,0,0,0,0,0,0,0,996,,,,,,,,,,,,,,,,,,,,,,,,,,,,,,0,0,0,1,0,0,0,0,0,0,0,0,0,0,0,0,0,0,0,0,0,0,0,0,0,0,0,0,1,1,0,0,0,0,0,,0,0,0,0,0,0,0,0,0,0,0,0,0,0,0,0,,,,,,36-40,36-45,State route,U,Wednesday,Belt Used,PV,Not Fatal,0,0,0,0,State Route,Municipal/City Police,Kent Police Department,0,1,0,0,0,,,,,,,,,,,,,,,,,,,,,,,,,,,,,,,,,,,,,,,,,,,
2017,475,E733876,26,11/09/2017,11:34,9,11,0,35,Kitsap,0,2,0,1,2,2,1,0,2,2,,,,24,0,0,0.3,1,0,1,4,2,2,4,0,0,0,0,CR-BROWNSVILLE HWY NE,,-122.6310028,47.64835556,0,2,98,62,4,35,2,0,0,1,2,12,3,1,2,1,14,1,1,53,0,58,37,2005,0,0,12,,,,,,1,1,22,1,0,0,1,0,20,0,11,8,,,,,0,0,0,3,1,0,0,0,0,0,,,,,,0,,,,,,98311,53,68,180,6,1,0,0,0,3,0,0,,,,,,0,06/15/2014,12/15/2016,8,0,0,0,8,9,8,,,0,0,0,8,0,0,0,0,0,0,0,0,0,0,996,,,,,,,,,,,,,,,,,,,,,,,,,,,,,,0,0,0,0,0,0,1,1,0,0,0,0,0,0,0,0,1,0,0,1,0,1,1,1,1,0,0,0,0,1,0,0,0,0,0,,0,0,0,0,0,0,0,0,0,0,0,0,0,0,0,0,,,,,,21-25,16-25,County road,U,Thursday,Not Used,PV,Not Fatal,0,1,0,0,County Road,County Sheriff,Kitsap County Sheriff's Office,1,0,1,0,0,,,,,,,,,,,,,,,,,,,,,,,,,,,,,,,,,,,,,,,,,,,
2018,246,E818013,26,07/16/2018,0:00,16,7,0,35,Kitsap,0,1,0,2,1,2,1,0,1,1,,,,42,0,0,1.5,3,0,3,4,2,2,4,0,0,0,0,CR-BROWNSVILLE HWY NE,HOMEPOT PL NE,-122.6199472,47.65746111,0,1,1,6,1,50,34,0,0,1,7,42,1,2,2,1,98,1,1,53,0,35,472,2005,0,0,63,42,1,,,,1,1,30,1,7,1,4,7,3,0,11,0,07/16/2018,0:00,1.73053E+11,31766,0,0,0,3,1,0,0,0,0,96,,,,,,99,,,,,,98311,53,71,180,6,1,0,0,0,1,,0,,,,,,0,05/15/2015,05/15/2015,20,0,0,0,0,9,8,,,0,0,0,8,9,2,401,417,,1,1,,2,1,0,,,,,,,,,,,,,,,,,,,,,,,,,,,,,,0,0,1,1,0,0,1,1,0,0,0,0,0,0,0,0,0,0,0,0,0,0,0,0,0,0,0,0,0,1,0,0,0,0,0,,1,0,0,0,0,0,1,1,0,0,0,0,0,0,1,0,,,,,,26-30,26-35,County road,U,Monday,Belt Used,PV,White,0,1,0,0,County Road,County Sheriff,Kitsap County Sheriff's Office,1,0,1,0,0,,,,,,0,0,0,,,,,,,,,,,,,,,,,,,,,,,,,,,,,,,,,,,
2018,271,E826592,67,08/09/2018,1:45,9,8,0,35,Kitsap,180,1,0,2,1,2,1,1,1,1,,,,8,1,0,0,1,0,1,7,2,4,6,0,0,0,0,NATIONAL AVE N,,-122.6678,47.56423611,0,1,13,11,2,35,4,0,0,1,7,8,1,1,2,1,1,1,1,53,0,37,31,1994,0,0,8,,,,,,1,1,26,1,0,0,0,0,3,0,11,0,,,,,0,0,3,3,1,91,0,0,0,96,,,,,,9,,,,,,98311,53,69,160,6,1,0,2,0,2,,1,,,,,,0,01/15/2016,01/15/2018,20,0,0,0,8,9,2,,,0,0,0,1,1,2,605,695,,1,1,,2,1,0.14,,,,,,,,,,,,,,,,,,,,,,,,,,,,,,0,0,0,0,1,1,1,1,1,1,1,1,0,0,0,0,0,0,0,0,0,0,0,0,0,0,0,0,0,1,0,1,0,0,0,,0,0,0,0,0,1,1,1,0,0,0,0,0,0,0,1,,,,,,26-30,26-35,City street,U,Thursday,Belt Used,PV,Not Fatal,0,0,0,0,City Street,Municipal/City Police,Bremerton Police Department,0,0,0,1,0,thc,9.8,carboxy-thc,120,,0,1,1,,,,,,,,,,,,,,,,,,,,,,,,,,,,,,,,,,,
2018,433,E865455,67,11/19/2018,16:34,19,11,0,35,Kitsap,180,1,0,1,1,2,1,0,3,3,,,,12,0,2,33.5,1,0,1,3,2,1,3,0,0,0,0,SR-3,,-122.7198778,47.52378889,0,1,50,10,2,50,34,0,0,1,7,12,3,1,2,1,14,1,3,53,0,12,481,2008,0,0,68,12,60,54,,,1,1,40,1,0,0,2,0,20,0,11,8,,,,,0,0,0,3,1,28,0,0,0,14,,,,,,9,,,,,,98311,53,70,200,6,1,0,0,0,0,,97,,,,,,0,,,1,0,0,0,8,9,2,,,0,0,0,1,0,2,605,695,,1,1,,2,1,0,,,,,,,,,,,,,,,,,,,,,,,,,,,,,,0,0,0,0,0,0,1,1,1,0,0,0,0,0,0,0,1,0,0,1,0,0,0,0,0,1,1,1,0,1,0,0,0,0,0,,0,0,0,0,0,0,1,1,1,0,0,0,0,0,1,0,,,,,,36-40,36-45,State route,U,Monday,Not Used,PV,Not Fatal,0,1,1,0,State Route,Municipal/City Police,Bremerton Police Department,0,1,0,0,0,thc,14,carboxy-thc,130,,0,0,0,,,,,,,,,,,,,,,,,,,,,,,,,,,,,,,,,,,
2019,3,E882539,26,01/14/2019,6:02,14,1,,35,Kitsap,0,1,0,2,4,2,1,0,3,2,,,,12,0,6,2.8,1,0,1,4,2,2,4,0,0,0,0,CR-ILLAHEE RD NE,,-122.5975194,47.63201944,0,2,66,62,4,25,34,0,0,1,7,12,1,1,2,1,1,2,1,41,0,20,481,2007,0,0,12,,,,,,1,1,27,1,0,,0,0,3,0,11,0,,,,,0,0,0,3,1,0,0,0,0,96,,,,,,0,,,,,,98311,41,71,165,6,1,0,0,0,0,,0,,,,,,0,,,1,0,0,0,8,9,8,,,0,0,0,8,0,2,1,,,1,,,2,1,0,,,,,,,,,,,,,,,,,,,,,,,,,,,,,,0,0,0,0,0,0,0,0,0,0,0,0,1,0,0,0,0,0,0,0,0,0,0,1,1,0,0,0,0,1,0,0,0,0,0,,0,0,0,0,0,0,0,0,0,0,0,0,0,0,0,0,,,,,,26-30,26-35,County road,U,Monday,Belt Used,PV,Not Fatal,0,1,1,0,County Road,County Sheriff,Kitsap County Sheriff's Office,0,0,1,0,0,,,,,,0,0,0,,,,,,,,,,,98,98,98,0,,,,,20,7,,,,,,,,,,,,,,,
2019,181,E929483,26,06/12/2019,0:09,12,6,,35,Kitsap,0,1,0,3,1,2,1,0,1,1,,,,24,0,0,0.4,1,0,1,5,2,2,4,0,0,0,0,CR-HANSBERRY ST NW,,-122.6518861,47.61301389,0,1,6,12,2,30,20,0,0,1,5,24,2,1,2,1,14,1,1,53,0,20,441,1993,0,0,68,64,24,,,,1,1,35,1,7,,4,0,3,0,11,8,06/12/2019,1:25,18053026899,26899,0,0,3,3,1,0,0,0,0,96,,,,,,9,,,,,,98311,53,71,310,6,1,0,0,0,3,,0,,,,,,4,06/15/2015,10/15/2018,20,0,0,0,0,1,8,,,0,0,0,8,1,2,605,695,,1,1,,2,1,0.15,,,,,,,,,,,,,,,,,,,,,,,,,,,,,,0,0,1,0,1,1,1,1,1,0,0,0,1,0,0,0,0,0,0,0,0,0,0,0,0,0,0,0,0,1,0,0,0,0,0,,1,0,0,0,0,1,1,1,0,1,0,0,0,0,0,1,,,,,,31-35,26-35,County road,U,Wednesday,Belt Used,PV,White,0,1,0,0,County Road,County Sheriff,Kitsap County Sheriff's Office,1,0,1,0,0,thc,888,carboxy-thc,51,,0,0,0,,,,,,,,,,,0,0,0,1,,,,,20,7,,,,,,,,,,,,,,,
2019,401,E980699,26,11/08/2019,11:39,8,11,,35,Kitsap,0,1,0,1,1,2,1,0,3,2,,,,12,0,6,3.1,2,0,3,5,2,2,4,0,0,20,3,CR-CLEAR CREEK RD NW,NW CLOSSER DR,-122.691975,47.70833056,0,2,82,15,2,50,4,0,0,1,7,12,1,1,8,1,11,2,2,53,0,20,37,2003,0,0,12,,,,,,1,1,18,2,7,,4,0,3,0,11,1,11/09/2019,3:06,1.96053E+11,50847,0,0,0,3,1,38,0,0,0,96,,,,,,0,,,,,,98311,53,62,115,6,1,0,1,0,0,,0,,,,,,0,12/15/2018,12/15/2018,1,0,0,0,0,9,8,,,0,0,0,8,0,2,1,,,1,,,2,1,0,,,,,,,,,,,,,,,,,,,,,,,,,,,,,,0,0,0,1,0,0,0,0,0,0,0,0,0,0,0,0,0,0,1,0,0,1,1,0,1,0,0,0,0,1,0,0,0,0,0,,1,0,0,0,0,0,0,0,0,0,1,0,0,0,0,0,,,,,,18-20,16-25,County road,U,Friday,Belt Used,PV,White,1,0,0,0,County Road,County Sheriff,Kitsap County Sheriff's Office,0,0,1,0,0,,,,,,0,0,0,,,,,,,,,,,98,98,98,1,,,,,20,7,,,,,,,,,,,,,,,
2020,176,EA39894,40,06/12/2020,2:13,12,6,,63,Spokane,0,1,,2,2,2,1,0,2,1,,,,1,0,0,1.7,1,0,1,5,1,2,4,0,0,0,0,CR-W TRAILS RD,,-117.5259833,47.67868056,0,1,1,87,6,45,4,0,0,1,2,1,1,2,2,1,1,2,1,53,0,37,32,1996,0,,63,1,42,,,,1,1,26,1,2,,4,7,3,0,11,0,06/12/2020,2:38,53027921,27921,0,0,0,2,1,0,,,,92,,,,,,98,,,,,,98311,53,71,155,1,1,0,1,0,3,,0,,,,,,0,07/15/2017,06/15/2019,20,0,0,0,0,9,8,,,0,,,8,8,2,996,996,401,1,1,1,2,1,0,,,,,,,,,,,,,,,,,,,,,,,,,,,,,,0,0,1,0,0,0,1,1,1,0,0,0,0,1,0,0,1,0,0,0,0,0,0,0,0,0,0,0,0,1,0,0,0,0,0,,1,0,0,0,0,0,1,1,1,0,0,1,0,0,1,0,,,,,,26-30,26-35,County road,R,Friday,Belt Used,PV,Hispanic,0,1,0,0,County Road,County Sheriff,Spokane County Sheriff's Office,1,0,1,0,0,thc,2.4,,,,0,0,3,1,1,,,,417,605,,,,0,0,0,201,298,,,,20,7,,,,,,,nms,1,0,,,TRAILS RD,1.7,,
2020,177,EA40321,31,06/14/2020,18:51,14,6,,45,Mason,0,1,,1,1,2,1,0,1,1,18:55,19:07,,30,0,0,3.5,1,0,1,5,1,2,4,0,0,0,0,CR-E BROCKDALE RD,,-123.1068028,47.2653,0,1,7,13,2,45,4,0,0,1,2,30,3,1,2,1,14,1,1,53,0,37,32,1992,0,,63,69,68,64,30,42,1,1,33,1,7,,4,7,3,0,11,0,06/14/2020,18:51,53027659,27659,0,0,0,2,1,58,,,,96,,,,,,98,,,,,,98311,53,72,190,1,1,0,1,0,3,,0,,,,,,3,07/15/2017,06/15/2019,1,0,0,0,0,9,8,,,0,,,8,8,2,401,417,605,1,1,1,2,1,0.206,,,,,,,,,,,,,,,,,,,,,,,,,,,,,,0,0,0,0,1,1,1,1,1,0,0,0,1,1,0,0,0,0,0,0,0,0,0,0,0,0,0,0,0,1,0,0,0,0,0,,1,0,0,0,0,1,1,1,0,1,0,1,0,0,0,1,,,,,,31-35,26-35,County road,R,Sunday,Belt Used,PV,White,0,1,0,0,County Road,County Sheriff,Mason County Sheriff's Office,1,0,1,0,0,thc,1.9,,,,0,0,3,,,,,,,,,,,0,0,0,1,,,,,20,7,,,,,,,nms,1,0,,,BROCKDALE RD,3.528,,
2021,382,3888998,263,08/10/2021,13:44,10,8,,33,King,1960,1,,1,1,1,1,1,2,1,,,,8,0,0,0,1,0,1,5,2,4,6,0,0,0,0,CALIFORNIA AVE SW,,-122.3868639,47.55904722,0,1,13,80,5,25,34,0,0,1,5,8,1,1,3,1,15,2,1,53,0,12,481,2012,0,,8,,,,,,1,1,78,1,0,,0,0,3,0,11,0,,,,,0,0,0,3,1,0,,,,96,,,,,,98,,,,,,98312,53,73,250,6,1,0,0,1,0,,0,,,,,,0,07/15/2019,07/15/2019,20,0,0,0,8,9,8,,,0,,,8,8,8,95,,,96,,,8,95,995,,,,,,,,,,,,,,,,,,,,,,,,,,,,,,0,0,0,0,0,0,0,0,0,0,0,0,0,0,0,0,0,0,0,0,0,0,0,0,0,1,1,1,0,1,0,1,0,0,0,,0,0,0,0,0,0,0,0,0,0,0,0,0,0,0,0,,,,,,76-80,76+,City street,U,Tuesday,Belt Used,PV,Not Fatal,1,0,0,0,City Street,Municipal/City Police,Seattle Police Department,0,0,0,1,0,,,,,,0,0,0,,,,,,,,,,,98,98,98,0,,,,,20,,,,,,,,,1,0,,,,,,
2017,21,E634199,8,01/18/2017,0:09,18,1,0,35,Kitsap,0,2,0,2,2,2,1,0,4,2,,,,14,0,0,17.4,1,0,1,3,1,1,3,0,0,0,0,SR-16,,-122.6245306,47.46971389,0,2,98,50,3,60,4,0,0,1,2,14,4,1,2,3,14,3,1,53,0,18,7,2003,0,0,14,,,,,,1,1,29,1,0,0,1,0,3,0,11,0,,,,,0,0,3,3,1,0,0,0,0,93,,,,,,0,,,,,,98312,53,73,280,6,1,0,0,0,0,0,0,,,,,,4,,,1,0,0,0,8,3,2,,,0,0,0,0,0,0,0,0,0,0,0,0,0,0,996,,,,,,,,,,,,,,,,,,,,,,,,,,,,,,0,0,0,0,0,0,0,0,0,0,0,0,1,0,0,0,1,0,0,0,0,0,0,0,0,0,0,0,0,1,0,0,0,0,0,,0,0,0,0,0,0,0,0,1,1,0,0,0,0,0,0,,,,,,26-30,26-35,State route,R,Wednesday,Belt Used,PV,Not Fatal,0,0,0,0,State Route,State Patrol,Washington State Patrol,0,1,0,0,0,,,,,,,,,,,,,,,,,,,,,,,,,,,,,,,,,,,,,,,,,,,