year,case,par,repjur,crash_dt,crash_tm,accday,accmon,holiday,county,co_char,city,weather,weather2,lightcond,surfcond,surftype,numfatal,nmforms,pforms,vforms,not_tm,arr_tm,hosp_tm,fhevent,hitrun,manncol,milepnt,reljunc,reljuncinter,intersectiontype,funcsystem,landuse,ownership,route,schlbus,spejur,contdev,devfunc,trafid1,trafid2,x,y,wk_zone,vnumber,crashtype,criticalevent,criticaleventcat,spdlim,body,trailer,emerg,hazcargo,leave,mhevent,roadalgn,roadprof,traflane,trafflow,vehmanvr,numoccs,regowner,regstate,spuse,make,model,modelyr,vrf1,vrf2,seqevent1,seqevent2,seqevent3,seqevent4,seqevent5,seqevent6,pnumber,ptype,age,sex,hispanic,race,injury,diedscene,restraint,restraintmisuse,seatpos,takehosp,death_dt,death_tm,cert,cernum_wa,commlic,licendor,licrestrict,liccomp,drivpres,drf1,drf2,drf3,drf4,distract1,distract2,distract3,distract4,distract5,distract6,dricond1,dricond2,dricond3,dricond4,dricond5,dricond6,dzip,licstate,drhgt_in,weight,noncdl,noncdltype,prevdwi,prevoth,prevacc,prevspd,prevsus,driviol1,driviol2,driviol3,driviol4,driviol5,driviol6,spdrel,first_dt,last_dt,airbag,ejection,ejectpath,extricat,injurwrk,methalc,methdrug,nmlocat,strikveh,prf1,prf2,prf3,druginv,alcinvol,drugsts,drugres1,drugres2,drugres3,drugtst1,drugtst2,drugtst3,alcsts,alctst,alcres,nmact1,nmact2,nmact3,nmact4,nmact5,nmact6,nmprior1,nmprior2,nmprior3,nmprior4,nmprior5,nmprior6,nmcond1,nmcond2,nmcond3,nmcond4,nmcond5,nmcond6,nmsafe_helmet,nmsafe_pads,nmsafe_oth,nmprev_ref,nmprev_lgt,nmprev_oth,crashlocation,nmcrashtype,crosswalk,schoolzone,sidewalk,train_inv,wildlife_inv,rotr_fars,intersect_fars,dd_inv,aid_inv,dpd_inv,id_inv,mj_inv,impnm_inv,ainm_inv,dpnm_inv,speed_inv,unlic_inv,unendmc_inv,drowsy_inv,drdist_inv,nmdist_inv,fty_inv,unrestfat_inv,dr1617_inv,dr1820_inv,dr1620_inv,dr2125_inv,dr1625_inv,dr65_inv,dr70_inv,dr75_inv,mc_inv,pv_inv,ht_inv,ped_inv,bike_inv,unrest_fat,mc_fat,unhelmet_mc,pv_fat,ht_fat,ped_fat,bike_fat,dr_alc7,dr_alc8,dr_drug,dr_imp,dr_dist,dr_spd,dr_fty,dr_unlic,dr_alc7only,dr_alc8only,dr_drugonly,dr_drink,nm_imp,nm_alc7,nm_alc8,nm_drug,nm_dist,agegrp1,agegrp2,roadclass,urbrur,dayweek,restuse,vehtype,race_me,intersect,lanedep,oppdir,wrongway,rep_typ,investag,repag_long,rotr,st_rd,cty_rd,city_rd,oth_rd,drug_thc,thc_res,drug_cthc,cthc_res,drug_cann,prevpersemin,prevperse,prevsusoth,drugtst4,drugtst5,drugtst6,drugtst7,drugtst8,drugres4,drugres5,drugres6,drugres7,drugres8,adspresent,adsengaged,adslevel,race1,race2,race3,race4,race5,helmet,helmetmisuse,nmdistract1,nmdistract2,nmdistract3,nmdistract4,nmdistract5,nmdistract6,lab,isedtcase,crf1,crf2,crf3,CoRoadName,CoMP,IntCoRoadName,IntCoMP
2017,31,E638169,8,01/27/2017,10:11,27,1,0,35,Kitsap,0,1,0,1,1,2,1,0,2,2,,,,12,0,6,29.3,8,0,1,3,2,1,3,0,0,0,0,SR-3,,-122.7846,47.48164444,0,1,82,15,2,55,4,0,0,1,2,12,1,1,2,1,11,1,1,53,0,13,13,2011,0,0,12,,,,,,1,1,64,2,0,0,1,0,3,0,11,6,,,,,0,0,3,3,1,38,0,0,0,96,,,,,,0,,,,,,98312,53,59,115,6,1,0,0,0,0,0,39,,,,,,0,,,1,0,0,0,8,3,2,,,0,0,0,0,0,0,0,0,0,0,0,0,0,0,996,,,,,,,,,,,,,,,,,,,,,,,,,,,,,,0,0,0,0,0,0,0,0,0,0,0,0,0,0,0,0,0,0,1,0,0,0,0,0,0,0,0,0,0,1,0,0,0,0,0,,0,0,0,0,0,0,0,0,0,0,1,0,0,0,0,0,,,,,,61-65,56-65,State route,U,Friday,Belt Used,PV,Not Fatal,0,0,0,0,State Route,State Patrol,Washington State Patrol,0,1,0,0,0,,,,,,,,,,,,,,,,,,,,,,,,,,,,,,,,,,,,,,,,,,,
2017,31,E638169,8,01/27/2017,10:11,27,1,0,35,Kitsap,0,1,0,1,1,2,1,0,2,2,,,,12,0,6,29.3,8,0,1,3,2,1,3,0,0,0,0,SR-3,,-122.7846,47.48164444,0,2,83,72,4,55,3,0,0,1,2,12,1,1,2,1,1,1,1,53,0,37,31,1991,0,0,12,,,,,,1,1,63,1,99,99,4,7,3,0,11,0,01/27/2017,10:11,53005725,5725,0,0,3,3,1,0,0,0,0,0,,,,,,0,,,,,,98312,53,74,375,6,1,0,0,1,0,0,0,,,,,,0,10/15/2016,10/15/2016,20,0,0,0,0,9,8,,,0,0,0,8,0,2,1,0,0,1,0,0,2,1,0,,,,,,,,,,,,,,,,,,,,,,,,,,,,,,0,0,0,0,0,0,0,0,0,0,0,0,0,0,0,0,0,0,1,0,0,0,0,0,0,0,0,0,0,1,0,0,0,0,0,,1,0,0,0,0,0,0,0,0,0,0,0,0,0,0,0,,,,,,61-65,56-65,State route,U,Friday,Belt Used,PV,Oth/Unk,0,0,0,0,State Route,State Patrol,Washington State Patrol,0,1,0,0,0,,,,,,,,,,,,,,,,,,,,,,,,,,,,,,,,,,,,,,,,,,,
2017,192,E673996,67,05/22/2017,7:32,22,5,0,35,Kitsap,180,1,0,1,1,2,1,0,1,3,,,,14,0,0,0,1,0,1,7,2,4,6,0,0,0,0,BAY VISTA BLVD,,-122.6787139,47.56607222,0,1,6,12,2,98,4,0,0,1,5,14,1,2,2,1,1,1,1,53,0,49,40,1998,0,0,68,64,14,14,,,1,1,90,1,7,1,4,0,3,0,11,5,06/01/2017,18:47,2.23053E+11,17712,0,0,3,3,1,0,0,0,0,96,,,,,,0,,,,,,98312,53,69,168,6,1,0,0,1,0,0,0,,,,,,0,10/15/2012,10/15/2012,20,0,0,0,0,9,8,,,0,0,0,8,0,0,0,0,0,0,0,0,0,0,996,,,,,,,,,,,,,,,,,,,,,,,,,,,,,,0,0,1,0,0,0,0,0,0,0,0,0,0,0,0,0,0,0,0,0,0,0,0,0,0,1,1,1,0,1,0,0,0,0,0,,1,0,0,0,0,0,0,0,0,0,0,0,0,0,0,0,,,,,,81+,76+,City street,U,Monday,Belt Used,PV,White,0,1,0,0,City Street,Municipal/City Police,Bremerton Police Department,1,0,0,1,0,,,,,,,,,,,,,,,,,,,,,,,,,,,,,,,,,,,,,,,,,,,
2018,69,E782562,8,03/13/2018,6:36,13,3,0,35,Kitsap,0,1,0,1,1,2,1,0,3,3,6:34,6:43,,12,0,2,56.7,1,0,1,3,1,1,3,0,0,0,0,SR-3,,-122.6451833,47.81473611,0,3,98,50,3,55,4,0,0,1,2,12,1,1,2,1,1,1,1,53,0,55,35,2013,0,0,12,,,,,,1,1,56,1,0,0,1,0,3,0,11,0,,,,,0,0,3,3,1,0,0,0,0,96,,,,,,0,,,,,,98312,53,72,190,6,1,0,0,0,2,,0,,,,,,0,03/15/2014,07/15/2017,1,0,0,0,8,9,2,,,0,0,0,0,0,0,0,,,0,,,0,0,996,,,,,,,,,,,,,,,,,,,,,,,,,,,,,,0,0,0,0,0,0,0,0,0,0,0,0,0,0,0,0,0,0,0,1,0,0,0,0,0,1,0,0,0,1,1,0,0,0,0,,0,0,0,0,0,0,0,0,0,0,0,0,0,0,0,0,,,,,,56-60,56-65,State route,R,Tuesday,Belt Used,PV,Not Fatal,0,0,0,1,State Route,State Patrol,Washington State Patrol Headquarter,0,1,0,0,0,,,,,,0,0,0,,,,,,,,,,,,,,,,,,,,,,,,,,,,,,,,,,,
2018,194,E810448,26,06/19/2018,0:51,19,6,0,35,Kitsap,0,1,0,3,1,2,1,0,3,2,0:58,1:17,2:19,12,0,6,2,2,0,2,5,1,2,4,0,0,0,0,CR-HANSVILLE RD NE,NE LITTLE BOSTON RD,-122.5412389,47.87143889,0,1,68,15,2,45,6,0,0,1,7,30,1,2,3,1,11,1,1,53,0,48,45,2005,0,0,12,64,30,43,1,,1,1,38,1,0,0,3,0,99,0,11,5,,,,,0,0,0,3,1,0,0,0,0,96,,,,,,0,,,,,,98312,53,67,200,6,1,0,0,0,0,,0,,,,,,0,,,8,0,0,1,8,9,8,,,0,0,0,8,0,8,95,,,96,,,8,95,995,,,,,,,,,,,,,,,,,,,,,,,,,,,,,,0,0,0,1,0,0,1,1,0,0,0,0,1,0,0,0,0,0,0,0,0,1,1,0,1,0,0,0,0,1,0,0,0,0,0,,0,0,0,0,0,0,0,0,0,0,0,0,0,0,0,0,,,,,,36-40,36-45,County road,R,Tuesday,Unknown,PV,Not Fatal,1,0,0,0,County Road,County Sheriff,Kitsap County Sheriff's Office,0,0,1,0,0,,,,,,0,0,0,,,,,,,,,,,,,,,,,,,,,,,,,,,,,,,,,,,
2018,258,E821957,26,07/25/2018,16:22,25,7,0,35,Kitsap,0,1,0,1,1,2,1,0,2,2,,,,12,0,2,4.6,1,0,1,5,1,2,4,0,0,0,0,CR-NW HOLLY RD,,-122.7598028,47.60418056,0,1,50,10,2,98,4,0,0,1,7,12,2,2,2,1,14,1,1,53,0,37,31,2012,0,0,68,12,,,,,1,1,24,1,7,1,4,7,20,0,11,0,07/25/2018,16:22,53034079,34079,0,0,3,3,1,28,0,0,0,96,,,,,,99,,,,,,98312,53,73,390,6,1,0,0,0,0,,0,,,,,,0,,,1,0,0,0,0,9,8,,,0,0,0,8,9,2,1,,,1,,,2,1,0,,,,,,,,,,,,,,,,,,,,,,,,,,,,,,0,0,0,0,0,0,0,0,0,0,0,0,0,0,0,0,0,0,0,1,0,0,0,1,1,1,0,0,0,1,0,0,0,1,0,,1,0,0,0,0,0,0,0,0,0,0,0,0,0,0,0,,,,,,21-25,16-25,County road,R,Wednesday,Not Used,PV,White,0,1,1,0,County Road,County Sheriff,Kitsap County Sheriff's Office,0,0,1,0,0,,,,,,0,0,0,,,,,,,,,,,,,,,,,,,,,,,,,,,,,,,,,,,
2018,258,E821957,26,07/25/2018,16:22,25,7,0,35,Kitsap,0,1,0,1,1,2,1,0,2,2,,,,12,0,2,4.6,1,0,1,5,1,2,4,0,0,0,0,CR-NW HOLLY RD,,-122.7598028,47.60418056,0,2,51,62,4,40,34,0,0,1,7,12,3,2,2,1,14,1,1,53,0,12,481,2000,0,0,12,,,,,,1,1,68,1,0,0,2,0,3,0,11,8,,,,,0,0,3,3,1,0,0,0,0,96,,,,,,0,,,,,,98312,53,71,200,6,1,0,0,0,0,,0,,,,,,0,,,8,0,0,0,8,9,8,,,0,0,0,8,0,2,1,,,1,,,2,1,0,,,,,,,,,,,,,,,,,,,,,,,,,,,,,,0,0,0,0,0,0,0,0,0,0,0,0,0,0,0,0,0,0,0,1,0,0,0,1,1,1,0,0,0,1,0,0,0,0,0,,0,0,0,0,0,0,0,0,0,0,0,0,0,0,0,0,,,,,,66-70,66-75,County road,R,Wednesday,Belt Used,PV,Not Fatal,0,1,1,0,County Road,County Sheriff,Kitsap County Sheriff's Office,0,0,1,0,0,,,,,,0,0,0,,,,,,,,,,,,,,,,,,,,,,,,,,,,,,,,,,,
2018,259,E822207,26,07/26/2018,8:11,26,7,0,35,Kitsap,0,1,0,1,1,2,1,0,1,1,,,,42,0,0,0.5,1,0,1,4,2,2,4,0,0,0,0,CR-ILLAHEE RD NE,,-122.6012278,47.60386389,0,1,2,13,2,35,4,0,0,1,7,42,1,2,2,1,1,1,2,53,0,35,39,1987,0,0,63,69,68,68,63,42,1,1,23,2,7,1,4,7,1,0,11,0,07/26/2018,8:11,53033047,33047,0,0,0,3,1,58,0,0,0,96,,,,,,9,,,,,,98312,53,66,140,6,1,0,0,0,0,,0,,,,,,4,,,20,0,0,0,0,1,1,,,0,0,0,1,0,2,605,695,996,1,1,1,2,1,0,,,,,,,,,,,,,,,,,,,,,,,,,,,,,,0,0,0,0,0,0,1,1,1,0,0,0,1,0,0,0,0,0,0,0,0,0,0,1,1,0,0,0,0,1,0,0,0,0,0,,1,0,0,0,0,0,1,1,0,1,0,0,0,0,1,0,,,,,,21-25,16-25,County road,U,Thursday,Belt Used,PV,White,0,1,0,0,County Road,County Sheriff,Kitsap County Sheriff's Office,1,0,1,0,0,thc,45,carboxy-thc,35,,0,0,0,,,,,,,,,,,,,,,,,,,,,,,,,,,,,,,,,,,
2018,266,E824918,26,08/05/2018,13:18,5,8,0,35,Kitsap,0,1,0,1,1,7,1,0,1,1,,,,32,0,0,5.4,1,0,1,5,1,2,4,0,0,0,0,CR-SEABECK HOLLY RD NW,,-122.8875278,47.57308889,0,1,6,12,2,25,3,0,0,1,7,42,2,1,2,1,14,1,1,53,0,49,34,1985,0,0,68,64,32,67,42,,1,1,51,1,7,1,4,7,3,0,11,0,08/05/2018,13:18,53034917,34917,0,0,0,3,1,0,0,0,0,96,,,,,,99,,,,,,98312,53,71,220,6,1,0,0,0,1,,0,,,,,,4,01/15/2018,01/15/2018,20,0,0,0,0,9,8,,,0,0,0,8,9,2,605,695,387,1,1,1,2,1,0,,,,,,,,,,,,,,,,,,,,,,,,,,,,,,0,0,1,0,0,0,1,1,1,0,0,0,1,0,0,0,0,0,0,0,0,0,0,0,0,0,0,0,0,1,0,0,0,0,0,,1,0,0,0,0,0,1,1,0,1,0,0,0,0,1,0,,,,,,51-55,46-55,County road,R,Sunday,Belt Used,PV,White,0,1,0,0,County Road,County Sheriff,Kitsap County Sheriff's Office,1,0,1,0,0,thc,80,carboxy-thc,888,,0,0,0,,,,,,,,,,,,,,,,,,,,,,,,,,,,,,,,,,,
2018,321,E836878,67,09/07/2018,23:34,7,9,0,35,Kitsap,180,2,0,3,2,2,1,0,2,2,,,,33,0,0,1.5,1,0,1,3,2,1,3,0,0,0,0,SR-304,,-122.6534889,47.56333889,0,2,98,62,4,30,5,0,0,1,5,12,3,1,2,3,14,1,2,53,0,49,46,2010,0,0,12,,,,,,1,1,43,1,0,0,0,0,3,0,11,0,,,,,0,0,3,3,1,0,0,0,0,96,,,,,,0,,,,,,98312,53,67,230,6,1,0,0,0,0,,0,,,,,,0,,,20,0,0,0,8,9,8,,,0,0,0,8,0,8,95,,,96,,,8,95,995,,,,,,,,,,,,,,,,,,,,,,,,,,,,,,0,0,1,0,1,1,1,1,1,0,0,0,1,0,0,0,0,0,0,0,0,0,0,0,0,0,0,0,1,1,0,0,0,0,0,,0,0,0,0,0,0,0,0,0,0,0,0,0,0,0,0,,,,,,41-45,36-45,State route,U,Friday,Belt Used,PV,Not Fatal,0,1,0,0,State Route,Municipal/City Police,Bremerton Police Department,1,1,0,0,0,,,,,,0,0,0,,,,,,,,,,,,,,,,,,,,,,,,,,,,,,,,,,,
2019,88,E906643,26,03/28/2019,21:16,28,3,,35,Kitsap,0,1,0,2,1,2,1,0,1,1,,,,24,0,0,0.4,1,0,1,4,2,2,4,0,0,0,0,CR-SEABECK HWY NW,,-122.7214361,47.58863056,0,1,1,13,2,35,80,0,0,1,7,24,3,2,2,1,14,1,1,53,0,37,705,2018,0,0,63,24,,,,,1,1,21,1,7,,4,7,20,7,11,0,03/28/2019,21:16,53014691,14691,0,0,0,3,1,0,0,0,0,96,,,,,,9,,,,,,98312,53,70,160,6,1,0,1,0,1,,0,,,,,,4,06/15/2017,08/15/2017,20,8,0,0,0,9,8,,,0,0,0,8,1,2,1,,,1,,,2,1,0.33,,,,,,,,,,,,,,,,,,,,,,,,,,,,,,0,0,1,0,1,1,0,1,0,0,0,0,1,0,0,0,0,0,0,0,0,0,0,1,1,0,0,0,1,0,0,0,0,0,1,0,0,0,0,0,0,1,0,1,0,1,0,0,0,1,0,1,,,,,,21-25,16-25,County road,U,Thursday,,MC,White,0,1,0,0,County Road,County Sheriff,Kitsap County Sheriff's Office,1,0,1,0,0,,,,,,0,0,0,,,,,,,,,,,0,0,0,1,,,,,19,0,,,,,,,,,,,,,,,
2019,396,E963305,8,09/18/2019,23:12,18,9,,35,Kitsap,180,1,0,2,1,2,1,0,2,2,,,,12,0,2,33.7,1,0,1,3,2,1,3,0,0,0,0,SR-3,,-122.7156,47.52390556,0,1,98,10,2,55,34,0,0,1,7,1,1,2,3,2,1,1,2,53,0,12,471,1988,0,0,12,1,,,,,1,1,22,2,0,,2,0,3,0,11,8,,,,,0,0,0,2,1,51,91,0,0,96,,,,,,9,,,,,,98312,53,63,130,1,1,0,0,0,1,,9,11,71,,,,0,05/15/2019,05/15/2019,20,0,0,0,8,9,8,,,0,0,0,8,1,2,1,,,1,,,2,1,0.21,,,,,,,,,,,,,,,,,,,,,,,,,,,,,,0,0,0,0,1,1,0,1,0,0,0,0,0,1,0,0,1,0,0,0,0,0,0,1,1,0,0,0,0,1,0,0,0,0,0,,0,0,0,0,0,1,0,1,0,0,0,1,0,1,0,1,,,,,,21-25,16-25,State route,U,Wednesday,Belt Used,PV,Not Fatal,0,0,0,1,State Route,State Patrol,Washington State Patrol,0,1,0,0,0,,,,,,0,0,1,,,,,,,,,,,0,0,0,0,,,,,20,7,,,,,,,,,,,,,,,
2020,234,EA18725,26,02/26/2020,12:24,26,2,,35,Kitsap,0,1,,1,1,2,1,0,4,2,12:32,12:59,13:47,12,0,6,1.6,8,0,1,5,2,2,4,0,0,0,0,CR-SEABECK HWY NW,,-122.7350389,47.597225,0,2,69,62,4,35,80,0,0,1,5,12,1,1,2,1,1,1,1,53,0,72,706,1996,0,,12,,,,,,1,1,57,1,7,,4,0,20,7,11,1,02/26/2020,14:12,1.96053E+11,9717,0,0,0,3,1,0,,,,96,,,,,,0,,,,,,98312,53,74,245,6,1,0,1,0,0,,0,,,,,,0,05/15/2018,05/15/2018,20,8,0,0,0,9,8,,,0,,,8,8,2,155,,,1,,,2,1,0.029,,,,,,,,,,,,,,,,,,,,,,,,,,,,,,0,0,0,0,1,0,1,1,0,0,0,0,0,0,0,0,0,0,0,0,0,0,0,0,0,0,0,0,1,1,0,0,0,0,1,0,0,0,0,0,1,0,1,1,0,0,0,0,0,0,0,1,,,,,,56-60,56-65,County road,U,Wednesday,,MC,White,0,0,0,0,County Road,County Sheriff,Kitsap County Sheriff's Office,0,0,1,0,0,,,,,,0,0,0,,,,,,,,,,,0,0,0,1,,,,,5,0,,,,,,,,0,0,,,SEABECK HIGHWAY NW,1.614,,
2020,149,EA35085,11,05/01/2020,23:25,1,5,,5,Benton,0,10,,2,1,2,1,0,1,1,23:36,23:57,,38,0,0,8.8,1,0,1,5,1,2,4,0,0,0,0,CR-S PLYMOUTH RD,,-119.3713889,46.057825,0,1,2,13,2,50,15,0,0,1,2,1,3,1,2,1,14,1,1,53,0,23,421,2007,0,,63,38,1,,,,1,1,39,1,7,,4,7,20,7,11,0,05/01/2020,23:25,53021101,21101,0,0,0,2,1,0,,,,96,,,,,,98,,,,,,98312,53,77,220,1,1,0,0,0,1,,0,,,,,,3,02/15/2018,12/15/2019,20,1,9,0,0,9,8,,,0,,,8,8,2,695,605,,1,1,,2,1,0.15,,,,,,,,,,,,,,,,,,,,,,,,,,,,,,0,0,0,0,1,1,1,1,1,0,0,0,1,1,0,0,0,0,0,1,0,0,0,0,0,0,0,0,0,1,0,0,0,1,0,,1,0,0,0,0,1,1,1,0,1,0,1,0,0,0,1,,,,,,36-40,36-45,County road,R,Friday,Not Used,PV,Black,0,1,0,0,County Road,County Sheriff,Benton County Sheriff's Office,1,0,1,0,0,thc,4.3,carboxy-thc,9.9,,0,0,2,,,,,,,,,,,98,98,98,2,,,,,20,7,,,,,,,,1,0,,,PLYMOUTH RD,8.78,,
2020,190,EA42263,8,06/10/2020,21:19,10,6,,45,Mason,0,1,,5,1,2,1,0,1,1,,,,42,0,0,318.8,1,0,1,3,1,1,2,0,0,0,0,US-101,,-123.0433806,47.54768056,0,1,1,13,2,50,6,0,0,1,2,42,1,1,2,1,1,1,2,53,0,48,38,2015,0,,63,42,,,,,1,1,43,1,7,,4,7,20,7,11,0,06/10/2020,21:19,53026951,26951,0,0,3,2,1,0,,,,96,,,,,,98,,,,,,98320,53,72,260,1,1,2,1,0,4,,0,,,,,,0,12/15/2016,06/15/2019,8,0,0,0,0,1,1,,,0,,,1,0,2,401,417,,1,1,,2,1,0,,,,,,,,,,,,,,,,,,,,,,,,,,,,,,0,0,1,0,0,0,1,1,0,0,0,0,0,1,0,0,0,0,0,1,0,0,0,0,0,0,0,0,0,1,0,0,0,1,0,,1,0,0,0,0,0,1,1,0,0,0,1,0,0,1,0,,,,,,41-45,36-45,US highway,R,Wednesday,Not Used,PV,White,0,1,0,0,State Route,State Patrol,Washington State Patrol,1,1,0,0,0,,,,,,0,0,11,,,,,,,,,,,98,98,98,1,,,,,20,7,,,,,,,,1,0,,,,,,
2017,88,E654164,22,03/22/2017,11:47,22,3,0,27,Grays Harbor,0,2,0,1,2,2,1,0,2,2,11:41,11:57,,12,0,6,3.8,2,0,2,6,1,2,4,0,0,0,0,CR-ELMA-HICKLIN RD,CR-SUMMIT RD,-123.2669917,47.07885556,0,1,87,54,3,40,66,1,0,1,2,12,1,1,2,1,1,1,3,53,0,87,884,2014,0,0,12,,,,,,1,1,59,1,0,0,1,0,3,0,11,8,,,,,6,1,1,3,1,0,0,0,0,0,,,,,,0,,,,,,98321,53,67,200,6,1,0,2,0,0,0,0,,,,,,0,03/15/2016,05/15/2016,99,0,0,0,8,9,8,,,0,0,0,8,0,0,0,0,0,0,0,0,0,0,996,,,,,,,,,,,,,,,,,,,,,,,,,,,,,,0,0,0,1,0,0,0,0,0,0,0,0,0,0,0,0,0,0,1,0,0,0,0,0,0,1,1,1,0,0,1,0,0,0,0,,0,0,0,0,0,0,0,0,0,0,0,0,0,0,0,0,,,,,,56-60,56-65,County road,R,Wednesday,,MHTRUCK,Not Fatal,1,0,0,0,County Road,County Sheriff,Grays Harbor County Sheriff's Offic,0,0,1,0,0,,,,,,,,,,,,,,,,,,,,,,,,,,,,,,,,,,,,,,,,,,,
2019,142,E886418,55,01/22/2019,18:47,22,1,,33,King,100,2,0,3,2,2,1,1,1,1,,,,8,0,0,0.9,1,0,1,3,2,1,3,0,0,0,0,SR-164,,-122.2124556,47.29356667,0,1,13,80,5,45,34,0,0,1,7,8,1,1,5,5,1,1,1,53,0,12,481,1998,0,0,8,,,,,,1,1,57,2,0,,0,0,3,0,11,0,,,,,0,0,3,3,1,0,0,0,0,96,,,,,,0,,,,,,98321,53,65,300,6,1,0,0,0,0,,0,,,,,,0,,,20,0,0,0,8,9,8,,,0,0,0,8,0,2,1,,,1,,,2,1,0,,,,,,,,,,,,,,,,,,,,,,,,,,,,,,0,0,0,0,0,0,0,0,0,0,0,0,0,0,0,0,0,1,0,0,0,0,0,0,0,0,0,0,0,1,0,1,0,0,0,,0,0,0,0,0,0,0,0,0,0,0,0,0,0,0,0,,,,,,56-60,56-65,State route,U,Tuesday,Belt Used,PV,Not Fatal,0,0,0,0,State Route,Municipal/City Police,Auburn Police Department,0,1,0,0,0,,,,,,0,0,0,,,,,,,,,,,0,0,0,0,,,,,20,7,,,,,,,,,,,,,,,
2019,59,E899099,3,03/04/2019,16:36,4,3,,53,Pierce,0,1,0,1,1,2,1,0,3,2,,,,12,0,2,19.3,1,0,1,4,2,1,3,0,0,0,0,SR-165,,-122.0548778,47.13677222,0,2,51,62,4,50,34,0,0,1,2,12,3,1,2,1,14,2,1,53,0,49,472,2002,0,0,12,,,,,,1,1,42,1,0,,0,0,3,0,11,0,,,,,0,0,3,3,1,0,0,0,0,96,,,,,,0,,,,,,98321,53,70,185,6,1,0,0,2,0,,0,,,,,,0,05/15/2016,01/15/2019,1,0,0,0,8,9,8,,,0,0,0,8,0,8,95,,,96,,,8,95,995,,,,,,,,,,,,,,,,,,,,,,,,,,,,,,0,0,0,0,1,0,0,0,0,0,0,0,1,0,0,0,0,0,0,0,0,0,0,0,0,0,0,0,1,1,0,0,0,0,0,,0,0,0,0,0,0,0,0,0,0,0,0,0,0,0,0,,,,,,41-45,36-45,State route,U,Monday,Belt Used,PV,Not Fatal,0,1,1,0,State Route,State Patrol,Washington State Patrol,0,1,0,0,0,,,,,,0,0,0,,,,,,,,,,,98,98,98,0,,,,,20,7,,,,,,,,,,,,,,,
2019,176,E929083,5,06/01/2019,16:42,1,6,,41,Lewis,0,1,0,1,1,2,1,0,2,1,,,,34,0,0,8.5,1,0,1,4,1,1,3,0,0,0,0,SR-7,,-122.2002111,46.65438889,0,1,1,13,2,55,34,1,0,1,7,34,1,2,2,1,1,2,1,53,0,20,481,2005,0,0,63,34,32,,,,1,1,74,1,7,,4,7,3,0,11,0,06/01/2019,16:42,53024959,24959,0,0,3,3,1,0,0,0,0,96,,,,,,1,,,,,,98321,53,67,155,6,1,0,0,0,0,,0,,,,,,0,,,20,0,0,0,0,9,8,,,0,0,0,8,9,2,1,,,1,,,2,1,0,,,,,,,,,,,,,,,,,,,,,,,,,,,,,,0,0,1,0,0,0,0,0,0,0,0,0,0,0,0,0,0,0,0,0,0,0,0,0,0,1,1,0,0,1,0,0,0,0,0,,1,0,0,0,0,0,0,0,0,0,0,0,0,0,0,0,,,,,,71-75,66-75,State route,R,Saturday,Belt Used,PV,White,0,1,0,0,State Route,State Patrol,Washington State Patrol,1,1,0,0,0,,,,,,0,0,0,,,,,,,,,,,98,98,98,1,,,,,20,7,,,,,,,,,,,,,,,
2019,386,E976671,188,10/22/2019,13:01,22,10,,33,King,1264,2,0,1,2,1,1,0,2,2,,,,12,0,6,11.7,2,0,2,3,2,1,3,0,0,3,3,SR-169,SE 264TH ST,-122.0217917,47.36520833,0,2,69,62,4,35,63,0,0,1,7,12,1,1,5,1,1,1,3,53,0,87,881,2006,0,0,12,,,,,,1,1,31,1,0,,0,0,20,7,11,0,,,,,6,1,0,3,1,0,0,0,0,96,,,,,,0,,,,,,98321,53,70,165,6,1,0,1,2,0,,0,,,,,,0,09/15/2016,06/15/2017,20,0,0,0,8,9,8,,,0,0,0,8,0,8,95,,,96,,,8,95,995,,,,,,,,,,,,,,,,,,,,,,,,,,,,,,0,0,0,1,0,0,0,0,0,0,0,0,0,0,0,0,0,0,1,0,0,0,0,0,0,1,1,1,0,1,1,0,0,0,0,,0,0,0,0,0,0,0,0,0,0,0,0,0,0,0,0,,,,,,31-35,26-35,State route,U,Tuesday,,MHTRUCK,Not Fatal,1,0,0,0,State Route,Municipal/City Police,Maple Valley Police Dept,0,1,0,0,0,,,,,,0,0,0,,,,,,,,,,,98,98,98,0,,,,,20,7,,,,,,,,,,,,,,,
2020,562,EA76827,35,10/30/2020,22:03,30,10,,53,Pierce,0,2,,2,2,2,1,0,2,1,,,,42,0,0,9999.8,1,0,1,98,1,64,8,0,0,0,0,NF RD 70,,-121.5799556,47.11816389,0,1,1,13,2,25,34,0,0,1,2,42,3,1,2,2,14,2,2,53,0,20,481,2006,0,,63,42,,,,,1,1,21,1,0,,0,0,3,0,11,0,,,,,0,0,0,3,1,0,,,,96,,,,,,98,,,,,,98321,53,68,130,6,1,0,0,0,0,,97,,,,,,4,,,20,0,0,0,8,9,8,,,0,,,8,8,8,95,,,96,,,8,95,995,,,,,,,,,,,,,,,,,,,,,,,,,,,,,,0,0,1,0,0,0,0,0,0,0,0,0,1,0,0,0,0,0,0,0,0,0,0,1,1,0,0,0,0,1,0,0,0,0,0,,0,0,0,0,0,0,0,0,0,1,0,0,0,0,0,0,,,,,,21-25,16-25,Other,R,Friday,Belt Used,PV,Not Fatal,0,1,0,0,Other,County Sheriff,Law Enforcement Support Agency,1,0,0,0,1,,,,,,0,0,0,,,,,,,,,,,98,98,98,0,,,,,20,7,,,,,,,,1,0,,,,,,