year,case,par,repjur,crash_dt,crash_tm,accday,accmon,holiday,county,co_char,city,weather,weather2,lightcond,surfcond,surftype,numfatal,nmforms,pforms,vforms,not_tm,arr_tm,hosp_tm,fhevent,hitrun,manncol,milepnt,reljunc,reljuncinter,intersectiontype,funcsystem,landuse,ownership,route,schlbus,spejur,contdev,devfunc,trafid1,trafid2,x,y,wk_zone,vnumber,crashtype,criticalevent,criticaleventcat,spdlim,body,trailer,emerg,hazcargo,leave,mhevent,roadalgn,roadprof,traflane,trafflow,vehmanvr,numoccs,regowner,regstate,spuse,make,model,modelyr,vrf1,vrf2,seqevent1,seqevent2,seqevent3,seqevent4,seqevent5,seqevent6,pnumber,ptype,age,sex,hispanic,race,injury,diedscene,restraint,restraintmisuse,seatpos,takehosp,death_dt,death_tm,cert,cernum_wa,commlic,licendor,licrestrict,liccomp,drivpres,drf1,drf2,drf3,drf4,distract1,distract2,distract3,distract4,distract5,distract6,dricond1,dricond2,dricond3,dricond4,dricond5,dricond6,dzip,licstate,drhgt_in,weight,noncdl,noncdltype,prevdwi,prevoth,prevacc,prevspd,prevsus,driviol1,driviol2,driviol3,driviol4,driviol5,driviol6,spdrel,first_dt,last_dt,airbag,ejection,ejectpath,extricat,injurwrk,methalc,methdrug,nmlocat,strikveh,prf1,prf2,prf3,druginv,alcinvol,drugsts,drugres1,drugres2,drugres3,drugtst1,drugtst2,drugtst3,alcsts,alctst,alcres,nmact1,nmact2,nmact3,nmact4,nmact5,nmact6,nmprior1,nmprior2,nmprior3,nmprior4,nmprior5,nmprior6,nmcond1,nmcond2,nmcond3,nmcond4,nmcond5,nmcond6,nmsafe_helmet,nmsafe_pads,nmsafe_oth,nmprev_ref,nmprev_lgt,nmprev_oth,crashlocation,nmcrashtype,crosswalk,schoolzone,sidewalk,train_inv,wildlife_inv,rotr_fars,intersect_fars,dd_inv,aid_inv,dpd_inv,id_inv,mj_inv,impnm_inv,ainm_inv,dpnm_inv,speed_inv,unlic_inv,unendmc_inv,drowsy_inv,drdist_inv,nmdist_inv,fty_inv,unrestfat_inv,dr1617_inv,dr1820_inv,dr1620_inv,dr2125_inv,dr1625_inv,dr65_inv,dr70_inv,dr75_inv,mc_inv,pv_inv,ht_inv,ped_inv,bike_inv,unrest_fat,mc_fat,unhelmet_mc,pv_fat,ht_fat,ped_fat,bike_fat,dr_alc7,dr_alc8,dr_drug,dr_imp,dr_dist,dr_spd,dr_fty,dr_unlic,dr_alc7only,dr_alc8only,dr_drugonly,dr_drink,nm_imp,nm_alc7,nm_alc8,nm_drug,nm_dist,agegrp1,agegrp2,roadclass,urbrur,dayweek,restuse,vehtype,race_me,intersect,lanedep,oppdir,wrongway,rep_typ,investag,repag_long,rotr,st_rd,cty_rd,city_rd,oth_rd,drug_thc,thc_res,drug_cthc,cthc_res,drug_cann,prevpersemin,prevperse,prevsusoth,drugtst4,drugtst5,drugtst6,drugtst7,drugtst8,drugres4,drugres5,drugres6,drugres7,drugres8,adspresent,adsengaged,adslevel,race1,race2,race3,race4,race5,helmet,helmetmisuse,nmdistract1,nmdistract2,nmdistract3,nmdistract4,nmdistract5,nmdistract6,lab,isedtcase,crf1,crf2,crf3,CoRoadName,CoMP,IntCoRoadName,IntCoMP
2018,185,E765451,242,02/02/2018,17:54,2,2,0,53,Pierce,1770,1,0,3,1,2,1,0,3,2,,,,12,0,2,5.4,8,0,1,3,2,1,3,0,0,0,0,SR-167,,-122.30865,47.20251389,0,2,69,62,4,98,16,0,0,1,5,12,1,1,4,1,1,1,1,53,0,12,423,2001,0,0,12,,,,,,1,1,39,1,0,0,0,0,3,0,11,0,,,,,0,0,0,3,1,0,0,0,0,96,,,,,,0,,,,,,98323,53,75,200,6,1,0,0,0,0,,0,,,,,,0,,,99,0,0,0,8,3,8,,,0,0,0,8,1,8,95,,,96,,,8,95,995,,,,,,,,,,,,,,,,,,,,,,,,,,,,,,0,0,0,0,1,0,0,0,0,0,0,0,0,1,0,0,1,0,1,0,0,0,0,0,0,0,0,0,0,1,0,0,0,0,0,,0,0,0,0,0,0,0,0,0,0,0,0,0,0,0,1,,,,,,36-40,36-45,State route,U,Friday,Belt Used,PV,Not Fatal,0,0,0,0,State Route,Municipal/City Police,Puyallup Police Department,0,1,0,0,0,,,,,,0,0,0,,,,,,,,,,,,,,,,,,,,,,,,,,,,,,,,,,,
2018,105,E790267,8,04/16/2018,11:25,16,4,0,31,Jefferson,0,2,0,1,2,2,1,0,1,1,,,,42,0,0,5.2,1,0,1,3,1,1,3,0,0,0,0,SR-20,,-122.8254194,48.03348333,0,1,1,13,2,50,34,0,0,1,7,42,1,4,2,1,1,1,3,53,0,20,473,2012,0,0,63,42,,,,,1,1,72,1,7,1,4,7,3,0,11,0,04/16/2018,12:44,53018076,18076,6,0,3,3,1,0,0,0,0,93,,,,,,99,,,,,,98325,53,74,240,6,1,0,0,0,0,,0,,,,,,0,,,1,0,0,0,1,9,8,,,0,0,0,8,9,2,1,,,1,,,2,1,0,,,,,,,,,,,,,,,,,,,,,,,,,,,,,,0,0,1,0,0,0,0,0,0,0,0,0,0,0,0,0,1,0,0,0,0,0,0,0,0,1,1,0,0,1,0,0,0,0,0,,1,0,0,0,0,0,0,0,1,0,0,0,0,0,0,0,,,,,,71-75,66-75,State route,R,Monday,Belt Used,PV,White,0,1,0,0,State Route,State Patrol,Washington State Patrol Headquarter,1,1,0,0,0,,,,,,0,0,0,,,,,,,,,,,,,,,,,,,,,,,,,,,,,,,,,,,
2018,147,E801942,8,05/17/2018,17:02,17,5,0,31,Jefferson,0,1,0,1,1,1,1,0,7,6,16:47,17:08,17:48,12,0,8,14.3,1,0,1,3,1,1,3,0,0,0,0,SR-104,,-122.6197722,47.85721944,0,2,65,62,4,40,63,0,0,1,5,12,1,1,2,1,1,1,3,53,0,85,881,2017,0,0,12,,,,,,1,1,52,1,0,0,0,0,3,0,11,0,,,,,6,3,3,3,1,0,0,0,0,96,,,,,,0,,,,,,98325,53,71,185,6,1,0,0,0,0,,0,,,,,,0,,,20,0,0,0,8,9,8,,,0,0,0,8,0,8,95,,,96,,,8,95,995,,,,,,,,,,,,,,,,,,,,,,,,,,,,,,0,0,0,0,0,0,1,1,0,0,0,0,0,0,0,0,1,0,0,0,0,0,0,0,0,1,0,0,0,1,1,0,0,0,0,,0,0,0,0,0,0,0,0,0,0,0,0,0,0,0,0,,,,,,51-55,46-55,State route,R,Thursday,,MHTRUCK,Not Fatal,0,0,0,1,State Route,State Patrol,Washington State Patrol Headquarter,0,1,0,0,0,,,,,,0,0,0,,,,,,,,,,,,,,,,,,,,,,,,,,,,,,,,,,,
2019,397,E968496,5,10/02/2019,1:19,2,10,,15,Cowlitz,0,1,0,2,1,2,1,1,1,1,,,,8,0,0,0.2,20,1,1,1,1,1,1,0,0,0,0,I-5 RAMP,,-122.8579639,46.03962222,0,1,13,80,5,98,34,0,0,1,5,8,1,1,1,6,1,1,1,53,0,12,471,2000,0,0,8,,,,,,1,1,55,1,0,,0,0,3,0,11,0,,,,,0,0,0,3,1,0,0,0,0,96,,,,,,0,,,,,,98325,53,72,220,6,1,0,0,0,0,,0,,,,,,0,,,20,0,0,0,8,9,2,,,0,0,0,0,0,2,1,,,1,,,2,1,0,,,,,,,,,,,,,,,,,,,,,,,,,,,,,,0,0,0,0,0,0,0,0,0,0,0,0,0,0,0,0,0,0,0,0,0,0,0,0,0,0,0,0,0,1,0,1,0,0,0,,0,0,0,0,0,0,0,0,0,0,0,0,0,0,0,0,,,,,,51-55,46-55,Interstate,R,Wednesday,Belt Used,PV,Not Fatal,0,0,0,0,State Route,State Patrol,Washington State Patrol,0,1,0,0,0,,,,,,0,0,0,,,,,,,,,,,98,98,98,0,,,,,20,7,,,,,,,,,,,,,,,
2020,109,EA31214,24,04/17/2020,18:08,17,4,,31,Jefferson,0,10,,1,1,1,1,0,2,1,18:09,18:16,,1,0,0,4.7,1,0,1,5,1,2,4,0,0,0,0,CR-CENTER RD,,-122.7855528,47.94600556,0,1,7,13,2,55,4,0,0,1,2,1,3,1,2,1,14,2,2,53,0,20,2,2007,0,,63,69,68,64,1,,1,1,27,2,0,,0,0,1,0,11,0,,,,,0,0,0,0,1,0,,,,96,,,,,,9,,,,,,98325,53,65,140,3,7,0,0,0,0,,97,,,,,,3,,,1,0,0,0,8,9,8,,,0,,,8,1,2,402,996,,1,1,,2,1,0.19,,,,,,,,,,,,,,,,,,,,,,,,,,,,,,0,0,0,0,1,1,1,1,0,0,0,0,1,1,0,0,0,0,0,1,0,0,0,0,0,0,0,0,0,1,0,0,0,0,0,,0,0,0,0,0,1,1,1,0,1,0,1,0,0,0,1,,,,,,26-30,26-35,County road,R,Friday,Belt Used,PV,Not Fatal,0,1,0,0,County Road,County Sheriff,Jefferson County Sheriff's Office,1,0,1,0,0,,,,,,0,0,0,,,,,,,,,,,98,98,98,0,,,,,20,7,,,,,,,,1,0,,,CENTER RD,4.658,,
2021,530,EB46806,8,07/05/2021,10:59,5,7,,31,Jefferson,0,1,,1,1,2,1,1,1,1,,,,9,0,0,8.2,1,0,1,3,1,1,3,0,0,0,0,SR-20,,-122.8180083,48.077625,0,1,13,83,5,50,67,1,0,1,5,9,1,1,2,1,1,1,1,53,0,7,880,1996,0,,63,9,,,,,1,1,81,1,0,,0,0,3,0,11,0,,,,,0,0,0,3,1,0,,,,96,,,,,,0,,,,,,98325,53,71,180,6,1,0,1,0,0,,97,,,,,,0,08/15/2018,08/15/2018,20,0,0,0,8,9,2,,,0,,,8,8,0,0,,,0,,,0,0,996,,,,,,,,,,,,,,,,,,,,,,,,,,,,,,0,0,0,0,0,0,0,0,0,0,0,0,0,0,0,0,0,0,0,0,0,0,0,0,0,1,1,1,0,0,1,0,1,0,0,,0,0,0,0,0,0,0,0,0,0,0,0,0,0,0,0,,,,,,81+,76+,State route,R,Monday,,MHTRUCK,Not Fatal,0,0,0,0,State Route,State Patrol,Washington State Patrol,0,1,0,0,0,,,,,,0,0,0,,,,,,,,,,,0,0,0,0,,,,,20,,,,,,,,,1,0,,,,,,
2021,228,EB48690,13,07/05/2021,2:30,5,7,,9,Clallam,0,2,,2,2,2,1,0,2,1,,,,42,0,0,,1,0,1,5,1,2,4,0,0,0,0,CR-HOKO OZETTE RD,,-124.5735944,48.15105833,0,1,6,13,2,35,14,0,0,1,2,42,3,1,2,1,14,2,1,53,0,41,402,2002,0,,63,69,68,64,42,,1,1,54,2,7,,4,7,20,7,11,0,07/05/2021,2:30,53033233,33233,0,0,0,3,1,58,,,,96,,,,,,9,,,,,,98326,53,68,160,6,1,0,0,0,2,,0,,,,,,0,01/15/2017,03/15/2019,1,0,0,0,0,9,8,,,0,,,1,8,2,177,124,996,1,1,1,2,1,0,,,,,,,,,,,,,,,,,,,,,,,,,,,,,,0,0,1,0,0,0,1,1,1,0,0,0,0,0,0,0,0,0,0,1,0,0,0,0,0,0,0,0,0,1,0,0,0,1,0,,1,0,0,0,0,0,1,1,0,0,0,0,0,0,1,0,,,,,,51-55,46-55,County road,R,Monday,Not Used,PV,AIAN,0,1,0,0,County Road,County Sheriff,Clallam County Sheriff's Office,1,0,1,0,0,thc,1.8,,,,0,0,1,1,1,1,,,605,151,996,,,98,98,98,3,,,,,20,,,,,,,,nms,1,0,,,HOKO OZETTE RD.,15.32,NULL,
2017,464,E745012,3,11/02/2017,13:27,2,11,0,53,Pierce,0,1,0,1,1,2,2,0,3,2,,,,12,0,2,0.1,1,0,1,1,2,1,1,0,0,0,0,I-5 RAMP R111933,,-122.6296,47.09141944,0,2,51,54,3,60,6,0,0,1,2,12,1,2,3,3,1,2,1,53,0,53,33,2003,0,0,12,,,,,,1,1,82,1,7,1,4,0,3,0,11,4,11/08/2017,13:38,2.23053E+11,48334,0,0,0,3,1,0,0,0,0,0,,,,,,0,,,,,,98327,53,69,185,6,1,0,0,0,0,0,0,,,,,,0,,,8,0,0,0,0,9,8,,,0,0,0,8,0,0,0,0,0,0,0,0,0,0,996,,,,,,,,,,,,,,,,,,,,,,,,,,,,,,0,0,0,0,0,0,0,0,0,0,0,0,0,0,0,0,1,0,0,0,0,0,0,0,0,1,1,1,0,1,0,0,0,0,0,,1,0,0,0,0,0,0,0,0,0,0,0,0,0,0,0,,,,,,81+,76+,Interstate,U,Thursday,Belt Used,PV,White,0,0,0,1,State Route,State Patrol,Washington State Patrol Headquarter,0,1,0,0,0,,,,,,,,,,,,,,,,,,,,,,,,,,,,,,,,,,,,,,,,,,,
2020,358,EA64517,3,09/02/2020,12:12,2,9,,53,Pierce,1124,1,,1,1,2,1,0,7,4,,,,12,0,1,0.3,1,0,1,3,2,1,3,0,0,0,0,SR-512,,-122.4735083,47.16163889,0,3,98,98,7,45,4,0,0,1,2,12,1,1,4,3,2,1,2,53,0,37,31,2002,0,,12,12,,,,,1,1,47,1,0,,1,0,3,0,11,0,,,,,0,0,0,3,1,0,,,,96,,,,,,98,,,,,,98327,53,64,180,6,1,0,0,0,0,,0,,,,,,0,,,20,0,0,0,8,9,8,,,0,,,8,8,8,95,,,96,,,8,95,995,,,,,,,,,,,,,,,,,,,,,,,,,,,,,,0,0,0,0,0,0,1,1,0,0,0,0,1,1,0,0,0,0,0,0,0,0,0,1,1,0,0,0,0,1,0,0,0,0,0,,0,0,0,0,0,0,0,0,0,0,0,0,0,0,0,0,,,,,,46-50,46-55,State route,U,Wednesday,Belt Used,PV,Not Fatal,0,0,0,0,State Route,State Patrol,Washington State Patrol,0,1,0,0,0,,,,,,0,0,0,,,,,,,,,,,98,98,98,0,,,,,20,7,,,,,,,,1,0,,,,,,
2018,224,E818652,26,07/14/2018,6:58,14,7,0,35,Kitsap,0,1,0,1,1,2,1,1,1,1,,,,8,1,0,2.5,1,0,1,5,1,2,4,0,0,0,0,CR-SIDNEY RD SW,,-122.6613167,47.43795278,0,1,13,13,2,45,4,0,0,1,5,8,1,1,2,1,1,99,2,53,0,20,25,2016,0,0,63,8,,,,,1,1,29,2,0,0,0,0,99,0,11,0,,,,,0,0,0,0,1,91,0,0,0,96,,,,,,2,,,,,,98328,53,63,120,0,0,0,0,0,0,,1,7,,,,,0,02/15/2018,02/15/2018,20,0,0,0,8,9,8,,,0,0,0,8,9,8,95,,,96,,,8,95,995,,,,,,,,,,,,,,,,,,,,,,,,,,,,,,0,0,0,0,0,0,0,0,0,0,0,0,0,1,0,1,0,0,0,0,0,0,0,0,0,0,0,0,0,1,0,1,0,0,0,,0,0,0,0,0,0,0,0,0,0,0,1,0,0,0,0,,,,,,26-30,26-35,County road,R,Saturday,Unknown,PV,Not Fatal,0,0,0,0,County Road,County Sheriff,Kitsap County Sheriff's Office,0,0,1,0,0,,,,,,0,0,1,,,,,,,,,,,,,,,,,,,,,,,,,,,,,,,,,,,
2018,370,E849453,3,10/13/2018,21:23,13,10,0,53,Pierce,0,1,0,2,1,2,1,0,1,1,21:20,21:29,,24,0,0,47.4,1,0,1,3,2,1,3,0,0,0,0,SR-7,,-122.4351361,47.083675,0,1,1,11,2,40,34,0,0,1,2,24,1,1,4,1,1,1,1,53,0,12,481,2017,0,0,63,24,42,,,,1,1,78,1,7,1,4,7,20,0,11,0,10/13/2018,21:23,53045064,45064,6,0,0,3,1,0,0,0,0,96,,,,,,9,,,,,,98328,53,76,225,6,1,0,0,0,0,,0,,,,,,0,,,20,0,0,0,0,1,8,,,0,0,0,8,1,2,1,,,1,,,2,1,0.18,,,,,,,,,,,,,,,,,,,,,,,,,,,,,,0,0,1,0,1,1,0,1,0,0,0,0,0,0,0,0,0,0,0,1,0,0,0,0,0,1,1,1,0,1,0,0,0,1,0,,1,0,0,0,0,1,0,1,0,0,0,0,0,1,0,1,,,,,,76-80,76+,State route,U,Saturday,Not Used,PV,White,0,1,0,0,State Route,State Patrol,Washington State Patrol,1,1,0,0,0,,,,,,0,0,0,,,,,,,,,,,,,,,,,,,,,,,,,,,,,,,,,,,
2019,151,E923527,35,05/18/2019,1:51,18,5,,53,Pierce,0,1,0,2,1,1,1,0,1,1,,,,41,0,0,2.1,1,0,1,4,1,2,4,0,0,0,0,CR-ALDER CUTOFF RD E,,-122.2605972,46.82301667,0,1,6,12,2,45,34,0,0,1,7,1,1,1,2,1,1,1,1,53,0,7,482,2010,0,0,68,64,41,1,,,1,1,28,1,7,,4,7,20,7,11,0,05/18/2019,1:51,53023347,23347,6,0,3,3,1,0,0,0,0,96,,,,,,99,,,,,,98328,53,69,200,6,1,0,0,1,0,,0,,,,,,3,05/15/2018,05/15/2018,8,0,0,0,0,9,8,,,0,0,0,8,9,2,1,,,1,,,2,1,0.18,,,,,,,,,,,,,,,,,,,,,,,,,,,,,,0,0,1,0,1,1,0,1,0,0,0,0,1,0,0,0,0,0,0,1,0,0,0,0,0,0,0,0,0,1,0,0,0,1,0,,1,0,0,0,0,1,0,1,0,1,0,0,0,1,0,1,,,,,,26-30,26-35,County road,R,Saturday,Not Used,PV,White,0,1,0,0,County Road,County Sheriff,Law Enforcement Support Agency,1,0,1,0,0,,,,,,0,0,0,,,,,,,,,,,98,98,98,1,,,,,20,7,,,,,,,,,,,,,,,
2019,407,E982343,3,11/11/2019,21:30,11,11,,53,Pierce,0,8,0,3,1,2,1,1,1,1,,,,8,0,0,12.6,1,0,1,4,1,1,3,0,0,0,0,SR-161,,-122.2977833,46.97174444,0,1,13,80,5,50,61,0,0,1,5,8,1,1,3,1,1,1,3,53,0,12,881,1999,0,0,63,8,,,,,1,1,49,1,0,,0,0,3,0,11,0,,,,,0,0,0,3,1,0,0,0,0,96,,,,,,0,,,,,,98328,53,71,220,6,1,0,0,0,0,,0,,,,,,0,,,20,0,0,0,8,9,8,,,0,0,0,8,0,8,95,,,96,,,8,95,995,,,,,,,,,,,,,,,,,,,,,,,,,,,,,,0,0,0,0,0,0,0,0,0,0,0,0,0,0,0,0,0,0,0,0,0,0,0,0,0,0,0,0,0,0,1,1,0,0,0,,0,0,0,0,0,0,0,0,0,0,0,0,0,0,0,0,,,,,,46-50,46-55,State route,R,Monday,,MHTRUCK,Not Fatal,0,0,0,0,State Route,State Patrol,Washington State Patrol,0,1,0,0,0,,,,,,0,0,0,,,,,,,,,,,0,0,0,0,,,,,20,7,,,,,,,,,,,,,,,
2020,3,EA01295,3,01/06/2020,17:51,6,1,,53,Pierce,0,2,,3,2,2,1,1,1,1,,,,8,0,0,46.9,2,0,2,3,2,1,3,0,0,0,0,SR-7,B ST,-122.4284833,47.07876944,0,1,13,80,5,40,14,0,0,1,7,8,1,1,5,5,1,1,1,53,0,12,401,2010,0,,8,,,,,,1,1,81,1,0,,0,0,3,0,11,0,,,,,0,0,3,3,1,0,,,,96,,,,,,0,,,,,,98328,53,63,196,6,1,0,0,0,0,,0,,,,,,0,,,20,0,0,0,8,9,8,,,0,,,8,8,2,1,,,1,,,2,1,0,,,,,,,,,,,,,,,,,,,,,,,,,,,,,,0,0,0,1,0,0,0,0,0,1,0,1,0,0,0,0,0,0,0,0,0,0,0,0,0,1,1,1,0,1,0,1,0,0,0,,0,0,0,0,0,0,0,0,0,0,0,0,0,0,0,0,,,,,,81+,76+,State route,U,Monday,Belt Used,PV,Not Fatal,1,0,0,0,State Route,State Patrol,Washington State Patrol,0,1,0,0,0,,,,,,0,0,0,,,,,,,,,,,98,98,98,0,,,,,20,7,,,,,,,,1,0,,,,,,
2020,16,EA06709,3,01/20/2020,19:05,20,1,,53,Pierce,0,1,,2,1,2,1,0,4,2,19:15,19:39,20:20,12,0,2,29.3,1,0,1,4,1,1,3,0,0,0,0,SR-7,,-122.3259667,46.86493611,0,2,51,62,4,50,34,0,0,1,2,12,3,1,2,1,14,3,1,53,0,37,471,2006,0,,12,,,,,,1,1,67,1,0,,3,0,3,0,11,5,,,,,0,0,0,3,1,0,,,,96,,,,,,0,,,,,,98328,53,73,210,6,1,0,0,2,1,,0,,,,,,0,12/15/2017,01/15/2019,8,0,0,0,8,9,8,,,0,,,8,8,0,0,,,0,,,0,0,996,,,,,,,,,,,,,,,,,,,,,,,,,,,,,,0,0,0,0,0,0,0,0,0,0,0,0,0,0,0,0,1,0,0,0,0,0,0,1,1,1,0,0,0,1,0,0,0,0,0,,0,0,0,0,0,0,0,0,0,0,0,0,0,0,0,0,,,,,,66-70,66-75,State route,R,Monday,Belt Used,PV,Not Fatal,0,1,1,0,State Route,State Patrol,Washington State Patrol,0,1,0,0,0,,,,,,0,0,0,,,,,,,,,,,98,98,98,0,,,,,20,7,,,,,,,,1,0,,,,,,
2020,420,EA74969,42,10/24/2020,22:52,24,10,,67,Thurston,0,1,,2,1,2,2,0,3,2,,,,12,0,2,3.2,1,0,1,5,1,2,4,0,0,0,0,CR-BALD HILL RD SE,,-122.5420722,46.90020556,0,1,51,62,4,98,4,0,0,1,5,12,3,1,2,1,14,1,1,53,0,49,40,2009,0,,12,,,,,,1,1,72,2,0,,2,0,3,0,11,0,,,,,0,0,3,3,1,0,,,,96,,,,,,0,,,,,,98328,53,61,105,6,1,0,0,0,1,,0,,,,,,0,05/15/2018,05/15/2018,1,0,0,0,8,9,8,,,0,,,8,8,0,0,,,0,,,0,0,996,,,,,,,,,,,,,,,,,,,,,,,,,,,,,,0,0,0,0,0,0,0,0,0,0,0,0,0,0,0,0,0,0,0,0,0,0,0,0,0,1,1,0,1,1,0,0,0,0,0,,0,0,0,0,0,0,0,0,0,0,0,0,0,0,0,0,,,,,,71-75,66-75,County road,R,Saturday,Belt Used,PV,Not Fatal,0,1,1,0,County Road,County Sheriff,Thurston County Sheriff's Office,0,0,1,0,0,,,,,,0,0,0,,,,,,,,,,,98,98,98,0,,,,,20,7,,,,,,,,1,0,,,BALD HILL RD SE,3.2,,
2021,142,EB32331,35,05/21/2021,23:26,21,5,,53,Pierce,0,1,,2,1,2,1,0,1,1,,,,43,0,0,3.3,1,0,1,3,2,2,4,0,0,0,0,CR-152ND ST E,,-122.3761278,47.11816667,0,1,6,12,2,35,4,0,0,1,2,43,2,1,2,1,14,1,1,53,0,35,47,2003,0,,68,64,43,,,,1,1,24,1,99,,4,0,99,7,11,5,05/22/2021,0:39,1.95853E+11,24836,0,0,9,2,1,0,,,,92,,,,,,98,,,,,,98328,53,73,195,1,1,1,3,1,0,,0,,,,,,0,06/15/2016,07/15/2019,99,0,0,0,0,9,8,,,0,,,8,8,2,402,407,522,1,1,1,2,1,0.277,,,,,,,,,,,,,,,,,,,,,,,,,,,,,,0,0,1,0,1,1,1,1,0,0,0,0,0,1,0,0,1,0,0,0,0,0,0,1,1,0,0,0,0,1,0,0,0,0,0,,1,0,0,0,0,1,1,1,1,0,0,1,0,0,0,1,,,,,,21-25,16-25,County road,U,Friday,Unknown,PV,API,0,1,0,0,County Road,County Sheriff,Law Enforcement Support Agency,1,0,1,0,0,,,,,,0,2,3,1,,,,,996,,,,,98,98,98,58,,,,,20,,,,,,,,,1,0,,,BROOKDALE RD E,3.32,BROOKDALE RD E,2.82
2021,144,EB32701,3,05/08/2021,22:28,8,5,,53,Pierce,0,10,,2,1,2,1,0,1,1,,,,42,0,0,32.7,1,0,1,4,1,1,3,0,0,0,0,SR-7,,-122.3572472,46.88852778,0,1,2,6,1,50,2,0,0,1,2,42,3,2,2,1,14,1,1,53,0,20,9,2000,0,,63,42,,,,,1,1,39,1,7,,4,7,3,0,11,0,05/08/2021,22:42,53023906,23906,0,0,0,3,1,0,,,,96,,,,,,98,,,,,,98328,53,66,150,6,1,0,0,1,3,,0,,,,,,4,07/15/2017,10/15/2020,20,2,9,0,0,9,8,,,0,,,8,8,2,695,605,,1,1,,2,1,0.22,,,,,,,,,,,,,,,,,,,,,,,,,,,,,,0,0,0,0,1,1,1,1,1,0,0,0,1,0,0,0,0,0,0,0,0,0,0,0,0,0,0,0,0,1,0,0,0,0,0,,1,0,0,0,0,1,1,1,0,1,0,0,0,0,0,1,,,,,,36-40,36-45,State route,R,Saturday,Belt Used,PV,White,0,1,0,0,State Route,State Patrol,Washington State Patrol,1,1,0,0,0,thc,17,carboxy-thc,40,,0,0,1,,,,,,,,,,,98,98,98,1,,,,,20,,,,,,,,nms,1,0,,,,,,
2021,173,EB38704,35,06/12/2021,23:20,12,6,,53,Pierce,0,2,,3,2,2,1,0,3,2,,,,12,0,1,3.5,1,0,1,3,2,2,4,0,0,0,0,CR-SPANAWAY LOOP RD S,,-122.4590444,47.13788333,0,2,25,53,3,40,4,0,0,1,2,12,1,1,4,1,1,2,2,53,0,42,48,1998,0,,12,,,,,,1,1,72,1,7,,4,0,3,0,11,5,06/13/2021,0:04,2.23053E+11,28466,0,0,0,3,1,0,,,,96,,,,,,98,,,,,,98328,53,73,240,6,1,0,0,0,0,,0,,,,,,0,,,1,0,0,0,0,9,8,,,0,,,8,8,2,996,996,996,1,1,1,2,1,0.067,,,,,,,,,,,,,,,,,,,,,,,,,,,,,,0,0,0,0,1,1,1,1,1,0,0,0,0,0,0,0,0,0,0,0,0,0,0,1,1,1,1,0,0,1,0,0,0,0,0,,1,0,0,0,1,0,1,1,0,0,0,0,0,0,0,1,,,,,,71-75,66-75,County road,U,Saturday,Belt Used,PV,White,0,0,0,0,County Road,County Sheriff,Law Enforcement Support Agency,0,0,1,0,0,,,,,,0,0,0,1,,,,,423,,,,,0,0,0,1,,,,,20,,,,,,,,,1,0,,,SPANAWAY LOOP RD S,3.46,NULL,
2021,264,EB54177,35,08/02/2021,19:40,2,8,,53,Pierce,0,1,,1,1,1,1,0,1,1,,,,38,0,0,0.4,1,0,1,6,1,2,4,0,0,0,0,CR-LEBOR DEVORE RD E,,-122.3199167,46.972225,0,1,6,12,2,35,80,0,0,1,2,38,1,1,2,1,1,1,2,53,0,73,705,2007,0,,68,64,38,,,,1,1,46,2,7,,4,7,20,7,11,0,08/02/2021,19:40,53038254,38254,0,0,0,2,1,0,,,,92,,,,,,9,,,,,,98328,53,65,141,6,1,0,0,0,2,,0,,,,,,0,08/15/2020,01/15/2020,20,8,0,0,0,9,8,,,0,,,1,8,2,401,417,,1,1,,2,1,0,,,,,,,,,,,,,,,,,,,,,,,,,,,,,,0,0,1,0,0,0,1,1,0,0,0,0,0,0,1,0,1,0,0,0,0,0,0,0,0,0,0,0,1,0,0,0,0,0,1,1,0,0,0,0,0,0,1,1,1,0,0,0,0,0,1,0,,,,,,46-50,46-55,County road,R,Monday,,MC,White,0,1,0,0,County Road,County Sheriff,Law Enforcement Support Agency,1,0,1,0,0,,,,,,0,0,0,,,,,,,,,,,0,0,0,1,,,,,17,,,,,,,,,1,0,,,LEBOR DEVORE RD E,0.39,NULL,
2021,546,EC04851,3,12/24/2021,19:18,24,12,,53,Pierce,0,2,,3,2,1,1,0,5,3,,,,12,0,6,36.1,2,0,2,4,1,1,3,0,0,3,3,SR-7,SR-702,-122.3573917,46.93663889,0,3,98,62,4,45,14,0,0,1,2,12,1,1,2,1,1,3,1,53,0,2,404,2013,0,,12,,,,,,1,1,57,1,0,,1,0,3,0,11,0,,,,,0,0,3,3,1,0,,,,96,,,,,,98,,,,,,98328,53,73,240,6,1,0,0,0,0,,0,,,,,,0,,,20,0,0,0,8,9,8,,,0,,,8,8,0,0,,,0,,,0,0,996,,,,,,,,,,,,,,,,,,,,,,,,,,,,,,0,0,0,1,1,1,1,1,1,0,0,0,0,1,0,0,0,0,0,0,0,0,0,1,1,0,0,0,0,1,0,0,0,0,0,,0,0,0,0,0,0,0,0,0,0,0,0,0,0,0,0,,,,,,56-60,56-65,State route,R,Friday,Belt Used,PV,Not Fatal,1,0,0,0,State Route,State Patrol,Washington State Patrol,0,1,0,0,0,,,,,,0,0,0,,,,,,,,,,,98,98,98,0,,,,,20,,,,,,,,,1,0,,,,,,