year,case,par,repjur,crash_dt,crash_tm,accday,accmon,holiday,county,co_char,city,weather,weather2,lightcond,surfcond,surftype,numfatal,nmforms,pforms,vforms,not_tm,arr_tm,hosp_tm,fhevent,hitrun,manncol,milepnt,reljunc,reljuncinter,intersectiontype,funcsystem,landuse,ownership,route,schlbus,spejur,contdev,devfunc,trafid1,trafid2,x,y,wk_zone,vnumber,crashtype,criticalevent,criticaleventcat,spdlim,body,trailer,emerg,hazcargo,leave,mhevent,roadalgn,roadprof,traflane,trafflow,vehmanvr,numoccs,regowner,regstate,spuse,make,model,modelyr,vrf1,vrf2,seqevent1,seqevent2,seqevent3,seqevent4,seqevent5,seqevent6,pnumber,ptype,age,sex,hispanic,race,injury,diedscene,restraint,restraintmisuse,seatpos,takehosp,death_dt,death_tm,cert,cernum_wa,commlic,licendor,licrestrict,liccomp,drivpres,drf1,drf2,drf3,drf4,distract1,distract2,distract3,distract4,distract5,distract6,dricond1,dricond2,dricond3,dricond4,dricond5,dricond6,dzip,licstate,drhgt_in,weight,noncdl,noncdltype,prevdwi,prevoth,prevacc,prevspd,prevsus,driviol1,driviol2,driviol3,driviol4,driviol5,driviol6,spdrel,first_dt,last_dt,airbag,ejection,ejectpath,extricat,injurwrk,methalc,methdrug,nmlocat,strikveh,prf1,prf2,prf3,druginv,alcinvol,drugsts,drugres1,drugres2,drugres3,drugtst1,drugtst2,drugtst3,alcsts,alctst,alcres,nmact1,nmact2,nmact3,nmact4,nmact5,nmact6,nmprior1,nmprior2,nmprior3,nmprior4,nmprior5,nmprior6,nmcond1,nmcond2,nmcond3,nmcond4,nmcond5,nmcond6,nmsafe_helmet,nmsafe_pads,nmsafe_oth,nmprev_ref,nmprev_lgt,nmprev_oth,crashlocation,nmcrashtype,crosswalk,schoolzone,sidewalk,train_inv,wildlife_inv,rotr_fars,intersect_fars,dd_inv,aid_inv,dpd_inv,id_inv,mj_inv,impnm_inv,ainm_inv,dpnm_inv,speed_inv,unlic_inv,unendmc_inv,drowsy_inv,drdist_inv,nmdist_inv,fty_inv,unrestfat_inv,dr1617_inv,dr1820_inv,dr1620_inv,dr2125_inv,dr1625_inv,dr65_inv,dr70_inv,dr75_inv,mc_inv,pv_inv,ht_inv,ped_inv,bike_inv,unrest_fat,mc_fat,unhelmet_mc,pv_fat,ht_fat,ped_fat,bike_fat,dr_alc7,dr_alc8,dr_drug,dr_imp,dr_dist,dr_spd,dr_fty,dr_unlic,dr_alc7only,dr_alc8only,dr_drugonly,dr_drink,nm_imp,nm_alc7,nm_alc8,nm_drug,nm_dist,agegrp1,agegrp2,roadclass,urbrur,dayweek,restuse,vehtype,race_me,intersect,lanedep,oppdir,wrongway,rep_typ,investag,repag_long,rotr,st_rd,cty_rd,city_rd,oth_rd,drug_thc,thc_res,drug_cthc,cthc_res,drug_cann,prevpersemin,prevperse,prevsusoth,drugtst4,drugtst5,drugtst6,drugtst7,drugtst8,drugres4,drugres5,drugres6,drugres7,drugres8,adspresent,adsengaged,adslevel,race1,race2,race3,race4,race5,helmet,helmetmisuse,nmdistract1,nmdistract2,nmdistract3,nmdistract4,nmdistract5,nmdistract6,lab,isedtcase,crf1,crf2,crf3,CoRoadName,CoMP,IntCoRoadName,IntCoMP
2017,160,E674040,35,05/23/2017,16:08,23,5,0,53,Pierce,0,1,0,1,1,2,1,0,4,3,16:08,16:27,17:23,12,1,1,0.6,1,0,1,5,1,2,4,0,0,0,0,CR-WRIGHT BLISS RD KPN,,-122.7642917,47.37764167,0,1,24,51,3,40,4,0,0,1,2,12,1,2,2,1,1,1,1,53,0,35,43,2012,0,0,12,68,12,,,,1,1,49,1,0,0,0,0,99,0,11,0,,,,,0,0,3,3,1,0,0,0,0,96,,,,,,9,,,,,,98329,53,71,200,6,1,0,0,0,1,0,97,,,,,,3,08/15/2016,08/15/2016,99,0,0,0,8,1,8,,,0,0,0,8,1,2,695,0,0,1,0,0,2,1,0.086,,,,,,,,,,,,,,,,,,,,,,,,,,,,,,0,0,0,0,1,1,1,1,1,0,0,0,1,1,0,0,0,0,0,0,0,0,0,0,0,1,0,0,0,1,0,0,0,0,0,,0,0,0,0,0,1,1,1,0,1,0,0,0,0,0,1,,,,,,46-50,46-55,County road,R,Tuesday,Unknown,PV,Not Fatal,0,0,0,0,County Road,County Sheriff,Law Enforcement Support Agency,0,0,1,0,0,,,carboxy-thc,14,,,,,,,,,,,,,,,,,,,,,,,,,,,,,,,,,,,,,,,
2017,160,E674040,35,05/23/2017,16:08,23,5,0,53,Pierce,0,1,0,1,1,2,1,0,4,3,16:08,16:27,17:23,12,0,1,0.6,1,0,1,5,1,2,4,0,0,0,0,CR-WRIGHT BLISS RD KPN,,-122.7642917,47.37764167,0,2,25,53,3,40,95,0,0,1,2,12,1,2,2,1,1,2,0,53,0,98,998,9999,0,0,12,,,,,,1,1,65,1,7,1,4,7,20,0,11,0,05/23/2017,16:08,80053024604,24604,0,0,0,0,1,0,0,0,0,0,,,,,,9,,,,,,98329,53,70,200,0,0,0,0,0,0,0,0,,,,,,0,,,20,1,9,0,0,1,8,,,0,0,0,8,1,2,605,0,0,1,0,0,2,1,0.031,,,,,,,,,,,,,,,,,,,,,,,,,,,,,,0,0,0,0,1,1,1,1,1,0,0,0,1,1,0,0,0,0,0,0,0,0,0,0,0,1,0,0,0,1,0,0,0,0,0,,0,0,0,0,1,0,1,1,0,0,0,1,0,0,0,1,,,,,,61-65,56-65,County road,R,Tuesday,,OTHVT,White,0,0,0,0,County Road,County Sheriff,Law Enforcement Support Agency,0,0,1,0,0,thc,12,carboxy-thc,16,,,,,,,,,,,,,,,,,,,,,,,,,,,,,,,,,,,,,,,
2017,269,E695748,35,07/21/2017,20:28,21,7,0,53,Pierce,0,1,0,2,1,2,1,0,1,1,,,,42,0,0,8.5,1,0,1,5,1,2,4,0,0,0,0,CR-KEY PENINSULA HWY,,-122.7620972,47.23209444,0,1,6,12,2,45,4,0,0,1,2,30,2,1,2,1,14,1,2,53,0,20,37,2010,0,0,68,64,42,30,,,1,1,37,2,7,1,4,0,20,0,11,4,07/26/2017,9:25,2.23053E+11,32588,0,0,3,2,1,0,0,0,0,96,,,,,,9,,,,,,98329,53,63,110,1,1,0,1,0,0,1,0,,,,,,3,04/15/2016,07/15/2016,20,0,0,0,0,9,1,,,0,0,0,1,0,2,417,0,0,1,0,0,2,1,0,,,,,,,,,,,,,,,,,,,,,,,,,,,,,,0,0,1,0,0,0,1,1,0,0,0,0,1,1,0,0,0,0,0,1,0,0,0,0,0,0,0,0,0,1,0,0,0,1,0,,1,0,0,0,0,0,1,1,0,1,0,1,0,0,1,0,,,,,,36-40,36-45,County road,R,Friday,Not Used,PV,White,0,1,0,0,County Road,County Sheriff,Law Enforcement Support Agency,1,0,1,0,0,,,,,,,,,,,,,,,,,,,,,,,,,,,,,,,,,,,,,,,,,,,
2018,452,E870976,7,12/08/2018,1:18,8,12,0,53,Pierce,0,1,0,2,2,2,1,1,1,1,1:15,1:24,,8,0,0,12.3,1,0,1,3,2,1,3,0,0,0,0,SR-302,,-122.683,47.3881,0,1,13,80,5,50,4,0,0,1,7,8,1,1,2,1,1,1,2,53,0,35,47,2007,0,0,8,,,,,,1,1,17,1,0,0,0,0,3,0,11,0,,,,,0,0,1,3,1,0,0,0,0,96,,,,,,0,,,,,,98329,53,71,150,6,2,0,0,0,0,,0,,,,,,0,,,20,0,0,0,8,9,2,,,0,0,0,0,0,2,1,,,1,,,2,1,0,,,,,,,,,,,,,,,,,,,,,,,,,,,,,,0,0,0,0,0,0,0,0,0,1,1,1,0,0,0,0,0,0,0,0,1,0,1,0,1,0,0,0,0,1,0,1,0,0,0,,0,0,0,0,0,0,0,0,0,0,0,0,0,0,0,0,,,,,,16-17,16-25,State route,U,Saturday,Belt Used,PV,Not Fatal,0,0,0,0,State Route,State Patrol,Washington State Patrol,0,1,0,0,0,,,,,,0,0,0,,,,,,,,,,,,,,,,,,,,,,,,,,,,,,,,,,,
2019,60,E899233,290,02/15/2019,10:47,15,2,,53,Pierce,2230,2,0,1,2,2,1,0,3,3,,,,12,0,1,0.6,1,0,1,3,2,1,3,0,3,0,0,SR-167,,-122.3958806,47.23703889,0,2,29,53,3,35,66,1,0,1,5,12,1,1,4,1,2,1,3,18,0,82,881,2015,0,0,12,,,,,,1,1,44,1,0,,0,0,3,0,11,0,,,,,6,1,3,3,1,0,0,0,0,0,,,,,,0,,,,,,98329,53,68,175,6,1,0,2,0,0,,0,,,,,,0,03/15/2015,10/15/2018,20,0,0,0,8,9,8,,,0,0,0,8,0,8,95,,,96,,,8,95,995,,,,,,,,,,,,,,,,,,,,,,,,,,,,,,0,0,0,0,0,0,0,0,0,0,0,0,0,0,0,0,0,0,0,1,0,0,0,0,0,1,1,1,0,1,1,0,0,0,0,,0,0,0,0,0,0,0,0,0,0,0,0,0,0,0,0,,,,,,41-45,36-45,State route,U,Friday,,MHTRUCK,Not Fatal,0,0,0,0,State Route,Municipal/City Police,Tacoma Police Department,0,1,0,0,0,,,,,,0,0,0,,,,,,,,,,,98,98,98,0,,,,,20,7,,,,,,,,,,,,,,,
2019,148,E922494,35,05/18/2019,0:55,18,5,,53,Pierce,0,1,0,2,1,2,1,0,1,1,,,,42,0,0,1.5,1,0,1,5,1,2,4,0,0,0,0,CR-118TH AVE NW,,-122.6948306,47.39670278,0,1,6,6,1,35,4,0,0,1,5,42,1,3,2,1,1,1,1,53,0,41,50,2018,0,0,68,64,67,42,18,18,1,1,26,1,7,,4,7,20,7,11,0,05/18/2019,0:55,53022660,22660,0,0,0,3,1,0,0,0,0,96,,,,,,9,,,,,,98329,53,71,200,6,1,1,4,1,2,,0,,,,,,3,12/15/2014,07/15/2018,2,1,9,0,0,1,1,,,0,0,0,1,1,2,605,695,,1,1,,2,1,0.025,,,,,,,,,,,,,,,,,,,,,,,,,,,,,,0,0,1,0,1,0,1,1,1,0,0,0,1,0,0,0,0,0,0,1,0,0,0,0,0,0,0,0,0,1,0,0,0,1,0,,1,0,0,0,1,0,1,1,0,1,0,0,0,0,0,1,,,,,,26-30,26-35,County road,R,Saturday,Not Used,PV,White,0,1,0,0,County Road,County Sheriff,Law Enforcement Support Agency,1,0,1,0,0,thc,53,carboxy-thc,89,,0,1,1,,,,,,,,,,,98,98,98,1,,,,,20,7,,,,,,,,,,,,,,,
2020,31,EA17742,35,02/17/2020,15:00,17,2,,53,Pierce,0,1,,1,1,2,1,0,3,2,16:01,16:15,16:53,12,0,1,2.5,2,0,2,4,2,2,4,0,0,0,0,CR-Key Peninsula Hwy N,134TH AVE NW,-122.7162778,47.37059444,0,2,21,53,3,45,14,0,0,1,5,12,1,1,2,1,5,2,1,53,0,49,401,2010,0,,12,,,,,,1,1,37,2,0,,1,0,3,0,11,5,,,,,0,0,0,3,1,0,,,,96,,,,,,0,,,,,,98329,53,67,160,6,1,0,0,0,0,,0,,,,,,0,,,20,0,0,0,8,9,8,,,0,,,8,8,8,95,,,96,,,8,95,995,,,,,,,,,,,,,,,,,,,,,,,,,,,,,,0,0,0,1,0,0,0,0,0,0,0,0,0,0,0,0,0,0,0,0,0,0,0,0,0,1,1,1,0,1,0,0,0,0,0,,0,0,0,0,0,0,0,0,0,0,0,0,0,0,0,0,,,,,,36-40,36-45,County road,U,Monday,Belt Used,PV,Not Fatal,1,0,0,0,County Road,County Sheriff,Law Enforcement Support Agency,0,0,1,0,0,,,,,,0,0,0,,,,,,,,,,,98,98,98,0,,,,,20,7,,,,,,,,1,0,,,KEY PENINSULA HWY NW,2.51,134 AVE NW,0.17
2021,13,EA99067,35,01/17/2021,21:14,17,1,,53,Pierce,0,5,,2,1,1,1,1,1,1,,,,8,0,0,6.3,1,0,1,4,1,2,4,0,0,0,0,CR-KEY PENINSULA HWY SW,,-122.7648583,47.25771944,0,1,13,80,5,45,4,0,0,1,5,8,1,2,2,1,1,1,2,53,0,49,40,1998,0,,8,,,,,,1,1,19,2,0,,0,0,3,0,11,0,,,,,0,0,0,3,1,0,,,,0,,,,,,0,,,,,,98329,53,62,120,6,1,0,1,2,0,,0,,,,,,0,11/15/2017,09/15/2018,20,0,0,0,8,9,8,,,0,,,8,8,8,95,,,96,,,8,95,995,,,,,,,,,,,,,,,,,,,,,,,,,,,,,,0,0,0,0,0,0,0,0,0,1,0,1,0,0,0,0,0,0,0,0,0,1,1,0,1,0,0,0,0,1,0,1,0,0,0,,0,0,0,0,0,0,0,0,0,0,0,0,0,0,0,0,,,,,,18-20,16-25,County road,R,Sunday,Belt Used,PV,Not Fatal,0,0,0,0,County Road,County Sheriff,Law Enforcement Support Agency,0,0,1,0,0,,,,,,0,0,0,,,,,,,,,,,0,0,0,0,,,,,20,,,,,,,,,1,0,,,KEY PENINSULA HWY SW,6.25,NULL,
2021,589,EB37894,135,06/02/2021,13:05,2,6,,53,Pierce,800,1,,1,1,2,1,0,4,3,,,,12,0,1,0,3,0,3,4,2,4,6,0,0,3,3,PIONEER WAY,Kimball Dr,-122.5885389,47.32261389,0,3,98,98,7,25,6,0,0,1,5,12,8,8,4,1,11,2,1,53,0,48,34,2002,0,,12,,,,,,1,1,31,2,0,,0,0,3,0,11,0,,,,,0,0,0,3,1,0,,,,96,,,,,,98,,,,,,98329,53,67,125,6,1,0,0,0,0,,0,,,,,,0,,,20,0,0,0,8,9,8,,,0,,,8,8,8,95,,,96,,,8,95,995,,,,,,,,,,,,,,,,,,,,,,,,,,,,,,0,0,0,1,0,0,0,0,0,0,0,0,0,0,0,0,0,0,0,0,0,0,0,0,0,1,1,1,0,1,0,0,0,0,0,,0,0,0,0,0,0,0,0,0,0,0,0,0,0,0,0,,,,,,31-35,26-35,City street,U,Wednesday,Belt Used,PV,Not Fatal,1,0,0,0,City Street,Municipal/City Police,Gig Harbor Police Department,0,0,0,1,0,,,,,,0,0,0,,,,,,,,,,,98,98,98,0,,,,,20,,,,,,,,,1,0,,,,,,
2021,225,EB48287,8,06/20/2021,19:44,20,6,,35,Kitsap,0,1,,1,1,2,1,0,1,1,,,,24,0,0,27,1,0,1,2,1,1,3,0,0,0,0,SR-16,,-122.7001194,47.52738889,0,1,1,13,2,40,80,0,0,1,2,24,3,1,7,5,14,1,2,53,0,72,706,2008,0,,63,24,,,,,1,1,59,1,7,,4,7,20,7,11,0,06/20/2021,19:44,53031032,31032,0,0,0,3,1,0,,,,96,,,,,,9,,,,,,98329,53,68,130,6,1,0,0,0,0,,0,,,,,,4,,,20,8,0,0,0,1,8,,,0,,,8,1,2,1,,,1,,,2,1,0.15,,,,,,,,,,,,,,,,,,,,,,,,,,,,,,0,0,1,0,1,1,0,1,0,0,0,0,1,0,0,0,0,0,0,0,0,0,0,0,0,0,0,0,1,0,0,0,0,0,1,0,0,0,0,0,0,1,0,1,0,1,0,0,0,1,0,1,,,,,,56-60,56-65,State route,R,Sunday,,MC,API,0,1,0,0,State Route,State Patrol,Washington State Patrol,1,1,0,0,0,,,,,,0,0,0,,,,,,,,,,,0,0,0,5,,,,,5,,,,,,,,,1,0,,,,,,
2021,624,EB52044,57,07/26/2021,9:59,26,7,,11,Clark,107,1,,1,1,2,1,0,4,3,,,,12,0,1,8.6,1,0,1,2,2,1,3,0,0,50,3,SR-503,,-122.5474778,45.79109167,0,1,28,52,3,55,63,0,0,1,2,12,8,8,2,1,1,1,3,53,0,85,881,2007,0,,12,,,,,,1,1,57,1,0,,0,0,3,0,11,0,,,,,6,3,0,3,1,0,,,,92,,,,,,98,,,,,,98329,53,72,250,6,1,0,0,0,0,,97,,,,,,0,,,20,0,0,0,8,2,3,,,0,,,8,0,0,0,,,0,,,2,10,0,,,,,,,,,,,,,,,,,,,,,,,,,,,,,,0,0,0,0,0,0,0,0,0,0,0,0,0,0,0,0,1,0,0,0,1,0,1,0,1,0,0,0,0,1,1,0,0,0,0,,0,0,0,0,0,0,0,0,1,0,0,0,0,0,0,0,,,,,,56-60,56-65,State route,U,Monday,,MHTRUCK,Not Fatal,1,0,0,0,State Route,Municipal/City Police,Battleground Police Department,0,1,0,0,0,,,,,,0,0,0,,,,,,,,,,,98,98,98,0,,,,,20,,,,,,,,,1,0,,,,,,
2018,3,E756648,3,01/03/2018,20:10,3,1,0,53,Pierce,0,1,0,2,1,2,1,0,3,2,20:07,20:19,20:35,12,0,2,8.3,1,0,1,3,2,1,3,0,0,0,0,SR-410,,-122.1120639,47.16531944,0,1,50,10,2,98,34,0,0,1,2,12,1,1,2,1,1,1,1,53,0,12,481,1989,0,0,68,12,,,,,1,1,39,1,7,99,4,0,3,0,11,5,01/03/2018,21:50,16053000201,201,0,0,3,3,1,28,0,0,0,96,,,,,,9,,,,,,98331,53,67,150,6,1,0,0,1,2,,0,,,,,,0,02/15/2015,09/15/2017,20,0,0,0,0,9,2,,,0,0,0,1,9,2,605,695,996,1,1,1,2,1,0,,,,,,,,,,,,,,,,,,,,,,,,,,,,,,0,0,0,0,0,0,1,1,1,0,0,0,0,0,0,0,0,0,0,0,0,0,0,0,0,0,0,0,0,1,0,0,0,0,0,,1,0,0,0,0,0,1,1,0,0,0,0,0,0,1,0,,,,,,36-40,36-45,State route,U,Wednesday,Belt Used,PV,Oth/Unk,0,1,1,0,State Route,State Patrol,Washington State Patrol Headquarter,0,1,0,0,0,thc,10,carboxy-thc,41,,0,0,0,1,,,,,996,,,,,,,,,,,,,,,,,,,,,,,,,,,,,
2018,396,E856916,8,10/12/2018,21:30,12,10,0,31,Jefferson,0,1,0,2,1,2,1,0,3,1,,,,34,0,0,174.6,1,0,1,3,1,1,2,0,0,0,0,US-101,,-124.24955,47.78778333,0,1,1,13,2,55,4,0,0,1,2,34,3,1,2,1,14,3,1,53,0,20,25,2013,0,0,63,34,,,,,1,1,54,1,0,0,1,0,3,0,11,8,,,,,0,0,0,2,1,91,0,0,0,96,,,,,,9,,,,,,98331,53,64,230,1,1,1,1,0,0,,1,11,14,,,,0,03/15/2017,09/15/2018,1,0,0,0,8,9,8,,,0,0,0,8,1,2,1,,,1,,,2,1,0.12,,,,,,,,,,,,,,,,,,,,,,,,,,,,,,0,0,1,0,1,1,0,1,0,0,0,0,0,1,0,0,0,0,0,1,0,0,0,0,0,0,0,0,0,1,0,0,0,0,0,,0,0,0,0,0,1,0,1,0,0,0,1,0,1,0,1,,,,,,51-55,46-55,US highway,R,Friday,Belt Used,PV,Not Fatal,0,1,0,0,State Route,State Patrol,Washington State Patrol,1,1,0,0,0,,,,,,0,1,1,,,,,,,,,,,,,,,,,,,,,,,,,,,,,,,,,,,
2019,116,E914827,8,04/21/2019,17:53,21,4,,27,Grays Harbor,0,1,0,1,1,2,1,0,1,1,,,,1,0,0,137,1,0,1,3,1,1,2,0,3,0,0,US-101,,-124.0936972,47.48767778,0,1,1,13,2,60,2,0,0,1,2,1,1,1,2,1,1,1,1,53,0,37,32,1997,0,0,63,1,42,,,,1,1,79,1,7,,4,7,2,0,11,0,04/21/2019,17:53,53018696,18696,0,0,0,3,1,0,0,0,0,92,,,,,,99,,,,,,98331,53,68,170,6,1,0,0,0,0,,0,,,,,,0,,,1,1,9,0,0,9,8,,,0,0,0,8,1,2,1,,,1,,,2,1,0,,,,,,,,,,,,,,,,,,,,,,,,,,,,,,0,0,1,0,1,0,0,0,0,0,0,0,0,0,0,0,1,0,0,0,0,0,0,0,0,1,1,1,0,1,0,0,0,0,0,,1,0,0,0,0,0,0,0,1,0,0,0,0,0,0,1,,,,,,76-80,76+,US highway,R,Sunday,Belt Used,PV,White,0,1,0,0,State Route,State Patrol,Washington State Patrol,1,1,0,0,0,,,,,,0,0,0,,,,,,,,,,,0,0,0,1,,,,,20,7,,,,,,,,,,,,,,,
2019,117,E914828,8,04/20/2019,23:20,20,4,,27,Grays Harbor,0,10,0,2,1,2,1,0,4,3,,,,12,0,7,37.9,1,0,1,3,1,1,2,0,0,0,0,US-12,,-123.1738194,46.82799167,0,2,98,62,4,55,4,0,0,1,2,12,1,1,2,1,1,1,2,53,0,49,40,2012,0,0,12,,,,,,1,1,49,1,0,,0,0,3,0,11,0,,,,,0,0,0,0,1,0,0,0,0,96,,,,,,99,,,,,,98331,53,61,110,0,0,0,0,0,0,,0,,,,,,0,,,2,0,0,0,8,9,8,,,0,0,0,8,0,8,95,,,96,,,8,95,995,,,,,,,,,,,,,,,,,,,,,,,,,,,,,,0,0,0,0,1,1,0,1,0,0,0,0,1,1,0,0,0,0,0,1,0,0,0,0,0,0,0,0,0,1,0,0,0,0,0,,0,0,0,0,0,0,0,0,0,0,0,1,0,0,0,0,,,,,,46-50,46-55,US highway,R,Saturday,Belt Used,PV,Not Fatal,0,0,0,0,State Route,State Patrol,Washington State Patrol,0,1,0,0,0,,,,,,0,0,0,,,,,,,,,,,98,98,98,0,,,,,20,7,,,,,,,,,,,,,,,
2021,157,EB34616,8,05/28/2021,10:43,28,5,,9,Clallam,0,1,,1,1,2,1,0,1,1,,,,1,0,0,55.7,1,0,1,5,1,1,3,0,0,0,0,SR-112,,-123.6447,48.11789444,0,1,7,13,2,55,20,0,0,1,2,1,2,1,2,1,14,1,2,53,0,9,442,1994,0,,63,69,68,64,1,38,1,1,41,1,7,,4,7,99,7,11,0,05/28/2021,10:43,53026754,26754,0,0,0,0,1,58,,,,92,,,,,,9,,,,,,98331,53,68,155,0,0,0,3,0,2,,0,,,,,,0,11/15/2016,12/15/2019,20,0,0,0,0,9,8,,,0,,,1,8,2,996,177,157,1,1,1,2,1,0,,,,,,,,,,,,,,,,,,,,,,,,,,,,,,0,0,0,0,0,0,1,1,1,0,0,0,0,1,0,0,1,0,0,0,0,0,0,0,0,0,0,0,0,1,0,0,0,0,0,,1,0,0,0,0,0,1,1,1,0,0,1,0,0,1,0,,,,,,41-45,36-45,State route,R,Friday,Unknown,PV,White,0,1,0,0,State Route,State Patrol,Washington State Patrol,1,1,0,0,0,thc,1,carboxy-thc,5.7,,0,0,0,1,1,1,,,695,605,124,996,401,0,0,0,1,,,,,20,,,,,,,,nms,1,0,,,,,,
2021,369,EB70995,8,09/20/2021,9:43,20,9,,9,Clallam,0,10,,1,1,2,1,0,2,2,,,,12,0,1,196.5,2,0,3,3,1,1,2,0,0,20,3,US-101,MAXFIELD ROAD,-124.3904028,48.02108056,0,1,76,53,3,60,4,0,0,1,2,12,8,2,8,1,11,1,2,53,0,24,1,2000,0,,12,,,,,,1,1,70,2,7,,4,7,3,0,11,0,09/20/2021,9:43,53048267,48267,0,0,3,3,1,38,,,,96,,,,,,98,,,,,,98331,53,62,220,6,1,0,0,0,0,,0,,,,,,0,,,20,0,0,0,0,9,8,,,0,,,8,0,2,1,,,1,,,2,1,0,,,,,,,,,,,,,,,,,,,,,,,,,,,,,,0,0,0,1,0,0,0,0,0,0,0,0,0,0,0,0,0,0,1,0,0,0,0,1,1,1,1,0,0,1,1,0,0,0,0,,1,0,0,0,0,0,0,0,0,0,1,0,0,0,0,0,,,,,,66-70,66-75,US highway,R,Monday,Belt Used,PV,White,1,0,0,0,State Route,State Patrol,Washington State Patrol,0,1,0,0,0,,,,,,0,0,0,,,,,,,,,,,98,98,98,1,,,,,20,,,,,,,,,1,0,,,,,,
2021,369,EB70995,8,09/20/2021,9:43,20,9,,9,Clallam,0,10,,1,1,2,1,0,2,2,,,,12,0,1,196.5,2,0,3,3,1,1,2,0,0,0,0,US-101,MAXFIELD ROAD,-124.3904028,48.02108056,0,2,77,65,4,60,63,0,0,1,5,12,3,2,2,1,14,1,3,53,0,85,881,1989,0,,12,,,,,,1,1,21,1,0,,0,0,20,7,11,0,,,,,6,3,0,3,1,0,,,,96,,,,,,98,,,,,,98331,53,75,285,6,1,0,0,0,0,,0,,,,,,0,,,20,0,0,0,8,9,2,,,0,,,8,8,8,95,,,96,,,2,1,997,,,,,,,,,,,,,,,,,,,,,,,,,,,,,,0,0,0,1,0,0,0,0,0,0,0,0,0,0,0,0,0,0,1,0,0,0,0,1,1,1,1,0,0,1,1,0,0,0,0,,0,0,0,0,0,0,0,0,0,0,0,0,0,0,0,0,,,,,,21-25,16-25,US highway,R,Monday,,MHTRUCK,Not Fatal,1,0,0,0,State Route,State Patrol,Washington State Patrol,0,1,0,0,0,,,,,,0,0,0,,,,,,,,,,,0,0,0,0,,,,,20,,,,,,,,,1,0,,,,,,
2021,380,EB73152,13,09/18/2021,3:00,18,9,,9,Clallam,0,2,,2,2,2,3,0,5,1,,,,42,0,0,9999.8,1,0,1,7,1,64,8,0,0,0,0,SITKUM SOLDUC RD,,-124.3017889,47.96591389,0,1,6,12,2,98,34,0,0,1,2,42,2,2,8,1,14,5,2,53,0,20,481,2016,0,,68,64,42,,,,1,1,18,1,7,,4,7,20,7,11,0,09/18/2021,3:00,53048820,48820,0,0,0,3,1,0,,,,96,,,,,,9,,,,,,98331,53,68,145,6,2,0,1,1,0,,0,,,,,,4,11/15/2019,09/15/2019,8,0,0,0,0,9,8,,,0,,,8,1,2,996,996,,1,1,,2,1,0.165,,,,,,,,,,,,,,,,,,,,,,,,,,,,,,0,0,1,0,1,1,1,1,0,0,0,0,1,0,0,0,0,0,0,1,0,1,1,0,1,0,0,0,0,1,0,0,0,1,0,,1,0,0,0,0,1,1,1,0,1,0,0,0,0,0,1,,,,,,18-20,16-25,Other,R,Saturday,Not Used,PV,White,0,1,0,0,Other,County Sheriff,Clallam County Sheriff's Office,1,0,0,0,1,,,,,,0,0,0,,,,,,,,,,,98,98,98,1,,,,,20,,,,,,,,,1,0,,,,,,
2021,429,EB81597,8,10/20/2021,7:20,20,10,,27,Grays Harbor,0,2,,4,2,2,3,0,4,2,,,,12,0,8,111.1,1,0,1,3,1,1,2,0,0,0,0,US-101,,-123.9261778,47.25309444,0,1,64,10,2,60,63,1,0,1,2,12,1,1,2,1,1,1,3,53,0,85,881,2022,0,,68,12,,,,,1,1,19,1,0,,2,0,3,0,11,0,,,,,6,1,1,3,1,28,,,,96,,,,,,98,,,,,,98331,53,76,280,6,1,0,0,0,0,,0,,,,,,0,,,20,0,0,0,8,9,2,,,0,,,8,8,0,0,,,0,,,0,0,996,,,,,,,,,,,,,,,,,,,,,,,,,,,,,,0,0,0,0,0,0,0,0,0,0,0,0,0,0,0,0,0,0,0,1,0,1,1,0,1,0,0,0,0,1,1,0,0,0,0,,0,0,0,0,0,0,0,0,0,0,0,0,0,0,0,0,,,,,,18-20,16-25,US highway,R,Wednesday,,MHTRUCK,Not Fatal,0,1,1,0,State Route,State Patrol,Washington State Patrol,0,1,0,0,0,,,,,,0,0,0,,,,,,,,,,,98,98,98,0,,,,,20,,,,,,,,,1,0,,,,,,
2020,575,TECH J5,8,10/09/2020,12:03,9,10,,9,Clallam,760,98,,1,98,2,1,0,2,2,,,,12,0,6,191.5,2,0,3,3,1,1,2,0,0,0,0,US-101,JOHNSON RD,-124.3876361,47.95698056,0,2,83,67,4,98,66,0,0,1,5,12,3,8,2,1,14,1,3,53,0,85,881,1998,0,,12,,,,,,1,1,58,1,0,,0,0,98,7,11,0,,,,,8,2,0,2,1,24,,,,96,,,,,,98,,,,,,98331,53,75,245,6,1,0,0,0,0,,73,82,,,,,0,,,98,0,0,0,8,9,8,,,0,,,8,8,8,95,,,96,,,8,95,995,,,,,,,,,,,,,,,,,,,,,,,,,,,,,,0,0,0,1,0,0,0,0,0,0,0,0,0,0,0,0,0,0,1,0,0,0,0,0,0,1,1,0,0,0,1,0,0,0,0,,0,0,0,0,0,0,0,0,0,0,0,0,0,0,0,0,,,,,,56-60,56-65,US highway,R,Friday,,MHTRUCK,Not Fatal,0,0,0,0,State Route,,,0,1,0,0,0,,,,,,0,0,0,,,,,,,,,,,0,0,0,0,,,,,20,7,,,,,,,,0,0,,,,,,