year,case,par,repjur,crash_dt,crash_tm,accday,accmon,holiday,county,co_char,city,weather,weather2,lightcond,surfcond,surftype,numfatal,nmforms,pforms,vforms,not_tm,arr_tm,hosp_tm,fhevent,hitrun,manncol,milepnt,reljunc,reljuncinter,intersectiontype,funcsystem,landuse,ownership,route,schlbus,spejur,contdev,devfunc,trafid1,trafid2,x,y,wk_zone,vnumber,crashtype,criticalevent,criticaleventcat,spdlim,body,trailer,emerg,hazcargo,leave,mhevent,roadalgn,roadprof,traflane,trafflow,vehmanvr,numoccs,regowner,regstate,spuse,make,model,modelyr,vrf1,vrf2,seqevent1,seqevent2,seqevent3,seqevent4,seqevent5,seqevent6,pnumber,ptype,age,sex,hispanic,race,injury,diedscene,restraint,restraintmisuse,seatpos,takehosp,death_dt,death_tm,cert,cernum_wa,commlic,licendor,licrestrict,liccomp,drivpres,drf1,drf2,drf3,drf4,distract1,distract2,distract3,distract4,distract5,distract6,dricond1,dricond2,dricond3,dricond4,dricond5,dricond6,dzip,licstate,drhgt_in,weight,noncdl,noncdltype,prevdwi,prevoth,prevacc,prevspd,prevsus,driviol1,driviol2,driviol3,driviol4,driviol5,driviol6,spdrel,first_dt,last_dt,airbag,ejection,ejectpath,extricat,injurwrk,methalc,methdrug,nmlocat,strikveh,prf1,prf2,prf3,druginv,alcinvol,drugsts,drugres1,drugres2,drugres3,drugtst1,drugtst2,drugtst3,alcsts,alctst,alcres,nmact1,nmact2,nmact3,nmact4,nmact5,nmact6,nmprior1,nmprior2,nmprior3,nmprior4,nmprior5,nmprior6,nmcond1,nmcond2,nmcond3,nmcond4,nmcond5,nmcond6,nmsafe_helmet,nmsafe_pads,nmsafe_oth,nmprev_ref,nmprev_lgt,nmprev_oth,crashlocation,nmcrashtype,crosswalk,schoolzone,sidewalk,train_inv,wildlife_inv,rotr_fars,intersect_fars,dd_inv,aid_inv,dpd_inv,id_inv,mj_inv,impnm_inv,ainm_inv,dpnm_inv,speed_inv,unlic_inv,unendmc_inv,drowsy_inv,drdist_inv,nmdist_inv,fty_inv,unrestfat_inv,dr1617_inv,dr1820_inv,dr1620_inv,dr2125_inv,dr1625_inv,dr65_inv,dr70_inv,dr75_inv,mc_inv,pv_inv,ht_inv,ped_inv,bike_inv,unrest_fat,mc_fat,unhelmet_mc,pv_fat,ht_fat,ped_fat,bike_fat,dr_alc7,dr_alc8,dr_drug,dr_imp,dr_dist,dr_spd,dr_fty,dr_unlic,dr_alc7only,dr_alc8only,dr_drugonly,dr_drink,nm_imp,nm_alc7,nm_alc8,nm_drug,nm_dist,agegrp1,agegrp2,roadclass,urbrur,dayweek,restuse,vehtype,race_me,intersect,lanedep,oppdir,wrongway,rep_typ,investag,repag_long,rotr,st_rd,cty_rd,city_rd,oth_rd,drug_thc,thc_res,drug_cthc,cthc_res,drug_cann,prevpersemin,prevperse,prevsusoth,drugtst4,drugtst5,drugtst6,drugtst7,drugtst8,drugres4,drugres5,drugres6,drugres7,drugres8,adspresent,adsengaged,adslevel,race1,race2,race3,race4,race5,helmet,helmetmisuse,nmdistract1,nmdistract2,nmdistract3,nmdistract4,nmdistract5,nmdistract6,lab,isedtcase,crf1,crf2,crf3,CoRoadName,CoMP,IntCoRoadName,IntCoMP
2017,24,E634770,35,01/22/2017,1:59,22,1,0,53,Pierce,0,2,0,2,2,2,1,0,1,1,1:57,2:07,,1,0,0,0.3,1,0,1,4,2,2,4,0,0,0,0,CR-LOMBARD DR NW,,-122.6267472,47.3275,0,1,98,12,2,35,14,0,0,1,2,1,1,1,2,1,1,1,1,53,0,12,401,2000,0,0,68,64,1,,,,1,1,54,2,7,1,4,7,20,0,11,0,01/22/2017,1:59,80053006143,6143,0,0,9,3,1,0,0,0,0,96,,,,,,9,,,,,,98332,53,65,170,6,1,0,0,0,0,0,0,,,,,,0,,,1,1,9,0,0,1,1,,,0,0,0,1,1,2,155,300,387,1,1,1,2,1,0.25,,,,,,,,,,,,,,,,,,,,,,,,,,,,,,0,0,0,0,1,1,1,1,0,0,0,0,0,0,0,0,0,0,0,1,0,0,0,0,0,0,0,0,0,1,0,0,0,1,0,,1,0,0,0,0,1,1,1,0,0,0,0,0,0,0,1,,,,,,51-55,46-55,County road,U,Sunday,Not Used,PV,White,0,0,0,0,County Road,County Sheriff,Law Enforcement Support Agency,0,0,1,0,0,,,,,,,,,,,,,,,,,,,,,,,,,,,,,,,,,,,,,,,,,,,
2021,198,EB43551,35,06/28/2021,21:14,28,6,,53,Pierce,0,1,,5,1,2,1,0,5,1,,,,42,0,0,0.6,1,0,1,5,1,2,4,0,0,0,0,CR-BLISS COCHRANE ROAD,,-122.7799528,47.36244167,0,1,6,12,2,35,34,0,0,1,2,1,1,2,2,1,1,5,2,53,0,12,471,2003,0,,68,64,42,1,,,1,1,17,1,0,,1,0,3,0,11,0,,,,,0,0,2,3,1,73,,,,96,,,,,,98,,,,,,98332,53,73,275,6,2,0,0,0,0,,97,,,,,,0,,,8,0,0,0,8,9,8,,,0,,,8,8,8,95,,,96,,,8,95,995,,,,,,,,,,,,,,,,,,,,,,,,,,,,,,0,0,1,0,0,0,0,0,0,0,0,0,0,0,0,0,0,0,0,1,1,0,1,0,1,0,0,0,0,1,0,0,0,0,0,,0,0,0,0,0,0,0,0,0,0,0,0,0,0,0,0,,,,,,16-17,16-25,County road,R,Monday,Belt Used,PV,Not Fatal,0,1,0,0,County Road,County Sheriff,Law Enforcement Support Agency,1,0,1,0,0,,,,,,0,0,0,,,,,,,,,,,98,98,98,0,,,,,20,,,,,,,,,1,0,,,BLISS COCHRANE RD NW,0.61,NULL,
2021,226,EB48319,26,07/10/2021,21:45,10,7,,35,Kitsap,0,1,,1,1,2,1,0,1,1,,,,42,0,0,,1,0,1,5,1,2,4,0,0,0,0,CR-BETHEL BURLEY RD SE,,-122.6312167,47.42445,0,1,6,12,2,45,34,0,0,1,2,42,1,1,2,1,1,1,1,53,0,20,481,2000,0,,68,64,42,,,,1,1,62,1,7,,4,7,3,0,11,0,07/10/2021,21:45,53033885,33885,0,0,0,2,1,0,,,,96,,,,,,98,,,,,,98332,53,70,190,1,1,1,0,0,0,,0,,,,,,0,03/15/2021,03/15/2021,20,0,0,0,0,9,8,,,0,,,8,8,2,996,996,,1,1,,2,1,0.169,,,,,,,,,,,,,,,,,,,,,,,,,,,,,,0,0,1,0,1,1,1,1,0,0,0,0,0,1,0,0,0,0,0,0,0,0,0,0,0,0,0,0,0,1,0,0,0,0,0,,1,0,0,0,0,1,1,1,0,0,0,1,0,0,0,1,,,,,,61-65,56-65,County road,R,Saturday,Belt Used,PV,White,0,1,0,0,County Road,County Sheriff,Kitsap County Sheriff's Office,1,0,1,0,0,,,,,,0,1,0,,,,,,,,,,,98,98,98,1,,,,,20,,,,,,,,,1,0,,,BETHEL BURLEY RD SE,1.496,NULL,
2021,243,EB51414,26,07/22/2021,15:20,22,7,,35,Kitsap,0,1,,1,1,2,1,0,3,2,,,,1,0,0,0.7,8,0,1,4,2,2,4,0,0,0,0,CR-BETHEL BURLEY RD SE,,-122.6277778,47.41304444,0,2,98,8,1,45,80,0,0,1,2,12,2,1,2,1,14,1,1,53,0,72,706,2003,0,,1,12,,,,,1,1,52,1,7,,4,0,20,7,11,4,07/22/2021,16:26,2.23053E+11,36601,0,0,0,3,1,0,,,,96,,,,,,98,,,,,,98332,53,71,290,6,1,0,0,0,0,,0,,,,,,0,,,20,8,0,0,0,9,8,,,0,,,8,8,8,95,,,96,,,8,95,995,,,,,,,,,,,,,,,,,,,,,,,,,,,,,,0,0,0,0,0,0,0,0,0,0,0,0,0,0,0,0,0,0,1,0,0,0,0,0,0,1,1,0,1,1,0,0,0,0,1,0,0,0,0,0,0,0,0,0,0,0,0,0,0,0,0,0,,,,,,51-55,46-55,County road,U,Thursday,,MC,White,1,0,0,0,County Road,County Sheriff,Kitsap County Sheriff's Office,0,0,1,0,0,,,,,,0,0,0,,,,,,,,,,,0,0,0,1,,,,,19,,,,,,,,,1,0,,,BETHEL BURLEY RD SE,0.67,OLYMPIC DR SE,0
2017,249,E689336,129,07/07/2017,2:11,7,7,0,53,Pierce,747,1,0,2,1,2,1,1,2,2,,,,8,0,0,0,1,0,1,3,2,4,6,0,3,0,0,PACIFIC HWY E,,-122.3955944,47.24321944,0,2,13,80,5,35,4,0,0,1,2,8,1,1,5,5,1,1,3,53,0,12,16,2010,0,0,8,,,,,,1,1,38,1,0,0,0,0,3,0,11,0,,,,,0,0,0,3,1,0,0,0,0,92,,,,,,0,,,,,,98333,53,66,165,6,1,0,0,0,0,0,97,,,,,,0,,,20,0,0,0,8,9,8,,,0,0,0,8,0,0,0,0,0,0,0,0,0,0,996,,,,,,,,,,,,,,,,,,,,,,,,,,,,,,0,0,0,0,0,0,0,0,0,1,0,1,1,0,0,0,1,0,0,0,0,1,1,0,1,0,0,0,0,1,0,1,0,0,0,,0,0,0,0,0,0,0,0,1,0,0,0,0,0,0,0,,,,,,36-40,36-45,City street,U,Friday,Belt Used,PV,Not Fatal,0,0,0,0,City Street,Municipal/City Police,Fife Police Department,0,0,0,1,0,,,,,,,,,,,,,,,,,,,,,,,,,,,,,,,,,,,,,,,,,,,
2018,153,E806043,199,05/30/2018,13:27,30,5,0,53,Pierce,1350,1,0,1,1,2,2,0,3,2,13:28,14:18,15:03,12,0,6,1.6,2,0,2,3,2,1,3,0,3,3,3,SR-99,PORTER WAY,-122.335375,47.25121389,0,2,89,66,4,25,14,0,0,1,7,12,8,8,2,2,1,2,1,53,0,37,402,2014,0,0,12,,,,,,1,1,86,1,7,1,4,0,1,0,11,4,05/30/2018,14:33,2.23053E+11,24572,0,0,3,3,1,0,0,0,0,0,,,,,,0,,,,,,98333,53,70,200,6,1,0,0,1,0,,0,,,,,,0,02/15/2014,02/15/2014,8,0,0,0,0,9,8,,,0,0,0,8,0,2,1,,,1,,,2,1,0,,,,,,,,,,,,,,,,,,,,,,,,,,,,,,0,0,0,1,0,0,0,0,0,0,0,0,0,0,0,0,1,0,0,0,0,0,0,0,0,1,1,1,0,1,1,0,0,0,0,,1,0,0,0,0,0,0,0,0,0,0,0,0,0,0,0,,,,,,81+,76+,State route,U,Wednesday,Belt Used,PV,White,1,0,0,0,State Route,Municipal/City Police,Milton Police Department,0,1,0,0,0,,,,,,0,0,0,,,,,,,,,,,,,,,,,,,,,,,,,,,,,,,,,,,
2017,172,3694126,263,03/13/2017,19:50,13,3,0,33,King,1960,1,0,3,1,2,1,0,3,3,,,,12,0,1,0,1,0,1,3,2,4,6,0,0,0,0,HOLMAN RD NW,,-122.364775,47.70033889,0,1,24,12,2,35,14,0,0,1,2,12,1,2,5,5,1,2,2,53,0,35,402,2007,0,0,68,64,69,68,12,63,1,1,59,1,0,0,0,0,98,0,11,0,,,,,0,0,0,3,1,0,0,0,0,6,,,,,,99,,,,,,98335,53,68,190,6,1,0,0,0,0,0,97,,,,,,3,,,98,0,0,0,8,9,2,,,0,0,0,0,9,0,0,0,0,0,0,0,0,0,996,,,,,,,,,,,,,,,,,,,,,,,,,,,,,,0,0,0,0,0,0,1,1,1,0,0,0,1,0,0,0,1,0,0,0,0,0,0,0,0,0,0,0,0,1,0,0,0,0,0,,0,0,0,0,0,0,0,0,1,1,0,0,0,0,0,0,,,,,,56-60,56-65,City street,U,Monday,Unknown,PV,Not Fatal,0,1,0,0,City Street,Municipal/City Police,Seattle Police Department,1,0,0,1,0,,,,,,,,,,,,,,,,,,,,,,,,,,,,,,,,,,,,,,,,,,,
2017,57,E643387,3,02/14/2017,17:20,14,2,0,53,Pierce,0,10,0,5,1,2,1,0,4,3,,,,24,0,0,1.8,3,0,3,3,2,1,3,0,3,0,0,SR-167,GRATZER RD E,-122.3788639,47.23043056,0,2,98,62,4,50,34,0,0,1,2,12,1,1,5,5,1,1,1,53,0,20,481,2011,0,0,12,12,,,,,1,1,57,1,0,0,0,0,3,0,11,0,,,,,0,0,0,3,1,0,0,0,0,0,,,,,,0,,,,,,98335,53,72,225,6,1,0,0,0,0,0,0,,,,,,0,,,20,0,0,0,8,9,8,,,0,0,0,8,0,0,0,0,0,0,0,0,0,0,996,,,,,,,,,,,,,,,,,,,,,,,,,,,,,,0,0,0,1,0,0,1,1,0,0,0,0,0,1,0,0,0,0,0,0,0,0,0,0,0,0,0,0,0,1,0,0,0,0,0,,0,0,0,0,0,0,0,0,0,0,0,0,0,0,0,0,,,,,,56-60,56-65,State route,U,Tuesday,Belt Used,PV,Not Fatal,0,1,0,0,State Route,State Patrol,Washington State Patrol Headquarter,1,1,0,0,0,,,,,,,,,,,,,,,,,,,,,,,,,,,,,,,,,,,,,,,,,,,
2017,419,E721081,26,10/08/2017,11:05,8,10,7,35,Kitsap,0,1,0,1,1,2,1,0,3,2,,,,12,0,6,2.2,2,0,2,7,1,2,4,0,0,20,3,CR-SE PRUCE RD,WILLOW RD SE,-122.6366111,47.41430556,0,1,87,17,2,30,4,0,0,1,5,12,1,1,2,1,1,2,2,53,0,37,31,1999,0,0,12,68,64,1,,,1,1,18,2,0,0,3,0,3,0,11,4,,,,,0,0,0,3,1,39,0,0,0,93,,,,,,0,,,,,,98335,53,71,150,6,1,0,0,0,0,0,97,,,,,,0,,,1,0,0,0,8,9,8,,,0,0,0,8,0,2,695,0,0,1,0,0,2,1,0,,,,,,,,,,,,,,,,,,,,,,,,,,,,,,0,0,0,1,0,0,1,1,1,0,0,0,0,0,0,0,1,0,0,1,0,1,1,0,1,0,0,0,0,1,0,0,0,0,0,,0,0,0,0,0,0,1,1,1,0,0,0,0,0,1,0,,,,,,18-20,16-25,County road,R,Sunday,Belt Used,PV,Not Fatal,1,0,0,0,County Road,County Sheriff,Kitsap County Sheriff's Office,0,0,1,0,0,,,carboxy-thc,8.4,,,,,,,,,,,,,,,,,,,,,,,,,,,,,,,,,,,,,,,
2018,248,E820253,3,07/22/2018,17:27,22,7,0,53,Pierce,0,1,0,1,1,2,1,0,2,1,,,,42,0,0,26.6,1,0,1,4,1,1,3,0,0,0,0,SR-7,,-122.3179778,46.84316944,0,1,1,13,2,50,14,1,0,1,2,42,1,1,2,1,1,2,1,53,0,35,402,2007,0,0,63,42,,,,,1,1,29,1,0,0,2,0,20,0,11,8,,,,,0,0,0,3,1,0,0,0,0,3,,,,,,0,,,,,,98335,53,63,140,6,1,0,3,0,7,,0,,,,,,0,08/15/2013,05/15/2017,1,0,0,0,8,9,8,,,0,0,0,8,0,8,95,,,96,,,8,95,995,,,,,,,,,,,,,,,,,,,,,,,,,,,,,,0,0,1,0,0,0,0,0,0,0,0,0,0,0,0,0,1,0,0,1,0,0,0,0,0,0,0,0,0,1,0,0,0,0,0,,0,0,0,0,0,0,0,0,1,0,0,0,0,0,0,0,,,,,,26-30,26-35,State route,R,Sunday,Not Used,PV,Not Fatal,0,1,0,0,State Route,State Patrol,Washington State Patrol,1,1,0,0,0,,,,,,0,0,4,,,,,,,,,,,,,,,,,,,,,,,,,,,,,,,,,,,
2018,398,E857161,42,11/04/2018,12:34,4,11,0,67,Thurston,0,10,0,1,2,2,1,0,1,1,,,,1,0,0,5.6,1,0,1,5,1,2,4,0,0,0,0,CR-WADDELL CREEK RD SW,,-123.04815,46.95570833,0,1,98,6,1,35,80,0,0,1,7,1,3,2,2,1,14,1,1,53,0,37,706,2007,0,0,1,,,,,,1,1,82,1,7,1,4,7,19,0,11,0,11/04/2018,12:34,53048755,48755,0,0,0,3,1,0,0,0,0,96,,,,,,0,,,,,,98335,53,72,195,6,1,0,0,0,0,,0,,,,,,4,,,20,8,0,0,0,9,8,,,0,0,0,8,0,2,1,,,1,,,2,1,0,,,,,,,,,,,,,,,,,,,,,,,,,,,,,,0,0,0,0,0,0,0,0,0,0,0,0,1,0,0,0,0,0,0,0,0,0,0,0,0,1,1,1,1,0,0,0,0,0,1,0,0,0,0,0,0,0,0,0,0,1,0,0,0,0,0,0,,,,,,81+,76+,County road,R,Sunday,,MC,White,0,0,0,0,County Road,County Sheriff,Thurston County Sheriff's Office,0,0,1,0,0,,,,,,0,0,0,,,,,,,,,,,,,,,,,,,,,,,,,,,,,,,,,,,
2020,556,EA56133,290,08/12/2020,8:47,12,8,,53,Pierce,2230,10,,1,1,2,1,1,1,1,8:47,8:53,9:05,9,0,0,0,8,0,1,3,2,4,6,0,0,0,0,S UNION AVE,,-122.4820722,47.24009444,0,1,13,83,5,30,1,0,0,1,2,9,1,1,2,2,1,1,1,53,0,12,4,2003,0,,9,,,,,,1,1,62,2,0,,0,0,3,0,11,0,,,,,0,0,0,3,1,0,,,,96,,,,,,98,,,,,,98335,53,65,145,6,1,0,0,0,0,,0,,,,,,0,,,20,0,0,0,8,9,8,,,0,,,8,8,8,95,,,96,,,8,95,995,,,,,,,,,,,,,,,,,,,,,,,,,,,,,,0,0,0,0,0,0,0,0,0,0,0,0,0,0,0,0,0,0,0,0,0,0,0,0,0,0,0,0,0,1,0,0,1,0,0,,0,0,0,0,0,0,0,0,0,0,0,0,0,0,0,0,,,,,,61-65,56-65,City street,U,Wednesday,Belt Used,PV,Not Fatal,0,0,0,0,City Street,Municipal/City Police,Tacoma Police Department,0,0,0,1,0,,,,,,0,0,0,,,,,,,,,,,98,98,98,0,,,,,20,7,,,,,,,,1,0,,,,,,
2020,291,EA56983,3,08/14/2020,20:35,14,8,,53,Pierce,800,1,,1,1,2,1,0,1,1,20:35,20:42,,57,0,0,12.4,1,0,1,3,2,1,3,0,0,0,0,SR-16,,-122.6123278,47.35324444,0,1,7,8,1,60,10,0,0,1,2,57,1,1,2,3,6,1,1,53,0,20,38,2005,0,,64,57,,,,,1,1,53,1,7,,4,7,3,0,11,0,08/14/2020,20:35,80053038166,38166,0,0,0,3,1,33,,,,96,,,,,,9,,,,,,98335,53,74,235,6,1,0,0,0,0,,0,,,,,,4,,,20,0,0,0,0,1,8,,,0,,,9,1,2,996,402,695,1,1,1,2,1,0.26,,,,,,,,,,,,,,,,,,,,,,,,,,,,,,0,0,0,0,1,1,1,1,1,0,0,0,1,0,0,0,0,0,0,0,0,0,0,0,0,0,0,0,0,1,0,0,0,0,0,,1,0,0,0,0,1,1,1,0,1,0,0,0,0,0,1,,,,,,51-55,46-55,State route,U,Friday,Belt Used,PV,White,0,1,0,0,State Route,State Patrol,Washington State Patrol,1,1,0,0,0,thc,2.4,carboxy-thc,5.7,,0,0,0,1,,,,,605,,,,,98,98,98,1,,,,,20,7,,,,,,,nms,1,0,,,,,,
2020,474,EA86958,3,12/04/2020,5:04,4,12,,67,Thurston,0,10,,2,2,2,1,0,2,2,,,,12,0,2,358.9,1,0,1,3,2,1,2,0,0,0,0,US-101,,-123.0187972,47.06656667,0,1,52,54,3,60,34,0,0,1,2,12,2,2,2,3,14,1,1,53,0,35,472,2008,0,,12,,,,,,1,1,53,1,0,,1,0,3,0,11,5,,,,,0,0,3,3,1,51,91,,,96,,,,,,9,,,,,,98335,53,72,179,6,1,0,3,2,1,,1,,,,,,0,06/15/2016,06/15/2018,1,0,0,0,8,9,8,,,0,,,1,8,2,695,605,,1,1,,2,1,0,,,,,,,,,,,,,,,,,,,,,,,,,,,,,,0,0,0,0,0,0,1,1,1,0,0,0,0,0,0,0,0,0,0,1,0,0,0,0,0,0,0,0,0,1,0,0,0,0,0,,0,0,0,0,0,0,1,1,0,0,0,0,0,0,1,0,,,,,,51-55,46-55,US highway,U,Friday,Belt Used,PV,Not Fatal,0,0,0,1,State Route,State Patrol,Washington State Patrol,0,1,0,0,0,thc,16,carboxy-thc,75,,0,0,3,,,,,,,,,,,98,98,98,0,,,,,20,7,,,,,,,,1,0,,,,,,
2021,80,EB18553,7,03/19/2021,3:23,19,3,,33,King,0,10,,6,1,1,1,1,1,1,,,,8,0,0,10.8,1,0,1,2,2,1,3,0,0,0,0,SR-018,,-122.1395194,47.34770833,0,1,13,80,5,60,66,1,0,1,2,8,1,2,2,3,1,1,3,18,0,82,881,2018,0,,8,,,,,,1,1,64,1,0,,0,0,3,0,11,0,,,,,6,1,3,3,1,0,,,,96,,,,,,98,,,,,,98335,53,71,190,6,1,0,0,0,0,,0,,,,,,0,,,20,0,0,0,8,9,8,,,0,,,8,8,8,95,,,96,,,8,95,995,,,,,,,,,,,,,,,,,,,,,,,,,,,,,,0,0,0,0,0,0,0,0,0,0,0,0,0,0,0,0,0,0,0,0,0,0,0,0,0,0,0,0,0,0,1,1,0,0,0,,0,0,0,0,0,0,0,0,0,0,0,0,0,0,0,0,,,,,,61-65,56-65,State route,U,Friday,,MHTRUCK,Not Fatal,0,0,0,0,State Route,State Patrol,Washington State Patrol,0,1,0,0,0,,,,,,0,0,0,,,,,,,,,,,98,98,98,0,,,,,20,,,,,,,,,1,0,,,,,,
2021,589,EB37894,135,06/02/2021,13:05,2,6,,53,Pierce,800,1,,1,1,2,1,0,4,3,,,,12,0,1,0,3,0,3,4,2,4,6,0,0,3,3,PIONEER WAY,Kimball Dr,-122.5885389,47.32261389,0,2,21,53,3,25,14,0,0,1,2,12,8,8,4,1,5,1,1,53,0,37,402,2015,0,,12,12,,,,,1,1,39,2,0,,1,0,3,0,11,8,,,,,0,0,0,3,1,0,,,,96,,,,,,98,,,,,,98335,53,63,120,6,1,0,0,0,0,,0,,,,,,0,,,20,0,0,0,8,9,8,,,0,,,8,8,8,95,,,96,,,8,95,995,,,,,,,,,,,,,,,,,,,,,,,,,,,,,,0,0,0,1,0,0,0,0,0,0,0,0,0,0,0,0,0,0,0,0,0,0,0,0,0,1,1,1,0,1,0,0,0,0,0,,0,0,0,0,0,0,0,0,0,0,0,0,0,0,0,0,,,,,,36-40,36-45,City street,U,Wednesday,Belt Used,PV,Not Fatal,1,0,0,0,City Street,Municipal/City Police,Gig Harbor Police Department,0,0,0,1,0,,,,,,0,0,0,,,,,,,,,,,98,98,98,0,,,,,20,,,,,,,,,1,0,,,,,,
2020,409,EA72701,29,10/09/2020,22:25,9,10,,41,Lewis,0,1,,2,1,2,1,1,2,2,22:25,22:46,,8,0,0,7,1,0,1,6,1,64,8,0,0,0,0,NFD ROAD 23,,-121.7626278,46.43071944,0,2,98,80,5,35,34,0,0,1,5,8,2,2,2,1,14,1,1,53,0,12,481,1998,0,,8,,,,,,1,1,23,1,0,,0,0,3,0,11,0,,,,,0,0,0,3,1,0,,,,96,,,,,,0,,,,,,98336,53,71,140,6,1,0,1,0,0,,0,,,,,,0,02/15/2018,02/15/2018,20,0,0,0,8,3,8,,,0,,,8,8,8,95,,,96,,,2,98,0,,,,,,,,,,,,,,,,,,,,,,,,,,,,,,0,0,0,0,0,0,0,0,0,0,0,0,0,0,0,0,1,0,0,0,1,0,1,1,1,0,0,0,0,1,0,1,0,0,0,,0,0,0,0,0,0,0,0,0,0,0,0,0,0,0,0,,,,,,21-25,16-25,Other,R,Friday,Belt Used,PV,Not Fatal,0,1,0,0,Other,County Sheriff,Lewis County Sheriff's Office,1,0,0,0,1,,,,,,0,0,0,,,,,,,,,,,0,0,0,0,,,,,20,7,,,,,,,,1,0,,,,,,
2017,25,E634964,8,01/20/2017,13:15,20,1,0,31,Jefferson,0,10,0,1,1,2,1,0,5,3,,,,12,0,2,3.6,1,0,1,4,1,1,3,0,0,0,0,SR-19,,-122.734225,47.94018889,0,3,98,62,4,50,4,0,0,1,2,1,3,1,2,1,14,2,1,53,0,37,31,2002,0,0,63,1,,,,,1,1,24,1,0,0,1,0,3,0,11,5,,,,,0,0,0,3,1,0,0,0,0,0,,,,,,0,,,,,,98337,53,65,148,6,1,0,0,0,5,0,76,,,,,,0,07/15/2013,07/15/2016,20,0,0,0,8,9,8,,,0,0,0,8,0,0,0,0,0,0,0,0,0,0,996,,,,,,,,,,,,,,,,,,,,,,,,,,,,,,0,0,0,0,0,0,1,1,0,0,0,0,0,1,0,0,0,0,0,0,0,0,0,1,1,1,0,0,0,1,1,0,0,0,0,,0,0,0,0,0,0,0,0,0,0,0,0,0,0,0,0,,,,,,21-25,16-25,State route,R,Friday,Belt Used,PV,Not Fatal,0,1,1,0,State Route,State Patrol,Washington State Patrol,0,1,0,0,0,,,,,,,,,,,,,,,,,,,,,,,,,,,,,,,,,,,,,,,,,,,
2018,488,E866907,8,11/26/2018,17:40,26,11,0,35,Kitsap,0,2,0,2,2,2,1,0,7,1,,,,24,0,0,25.7,1,0,1,3,1,1,3,0,0,0,0,SR-16,,-122.6761861,47.52813056,0,1,2,6,1,60,20,0,0,1,7,24,3,2,2,3,14,7,1,53,0,49,442,1999,0,0,63,24,69,64,24,,1,1,30,1,0,0,0,0,3,0,11,0,,,,,0,0,0,3,1,0,0,0,0,96,,,,,,0,,,,,,98337,53,64,132,6,1,0,2,0,0,,97,,,,,,4,04/15/2016,10/15/2018,20,0,0,0,8,9,2,,,0,0,0,0,0,8,95,,,96,,,8,95,995,,,,,,,,,,,,,,,,,,,,,,,,,,,,,,0,0,0,0,0,0,0,0,0,0,0,0,1,0,0,0,0,0,0,1,0,0,0,0,0,0,0,0,0,1,0,0,0,0,0,,0,0,0,0,0,0,0,0,0,1,0,0,0,0,0,0,,,,,,26-30,26-35,State route,R,Monday,Belt Used,PV,Not Fatal,0,1,0,0,State Route,State Patrol,Washington State Patrol,1,1,0,0,0,,,,,,0,0,0,,,,,,,,,,,,,,,,,,,,,,,,,,,,,,,,,,,
2019,18,E885651,8,01/09/2019,5:19,9,1,,45,Mason,0,2,0,4,2,2,2,0,3,2,,,,12,0,2,339.5,1,0,1,3,1,1,2,0,0,0,0,US-101,,-123.17315,47.28797222,0,1,50,10,2,55,4,0,0,1,2,12,1,2,2,1,1,2,1,53,0,24,1,1996,0,0,68,12,,,,,1,1,65,1,7,,4,7,3,0,11,0,01/09/2019,5:19,53001542,1542,0,0,3,3,1,28,0,0,0,96,,,,,,99,,,,,,98337,53,75,220,6,1,0,0,0,0,,0,,,,,,0,01/15/2015,03/15/2016,1,0,0,0,0,9,8,,,0,0,0,8,9,2,401,417,,1,1,,2,1,0,,,,,,,,,,,,,,,,,,,,,,,,,,,,,,0,0,0,0,0,0,1,1,0,0,0,0,0,0,0,0,0,0,0,0,0,0,0,0,0,1,0,0,0,1,1,0,0,0,0,,1,0,0,0,0,0,1,1,0,0,0,0,0,0,1,0,,,,,,61-65,56-65,US highway,R,Wednesday,Belt Used,PV,White,0,1,1,0,State Route,State Patrol,Washington State Patrol,0,1,0,0,0,,,,,,0,0,2,,,,,,,,,,,0,0,0,1,,,,,20,7,,,,,,,,,,,,,,,
2021,558,EC09139,8,12/31/2021,18:36,31,12,,35,Kitsap,0,10,,2,2,2,1,0,2,2,,,,12,0,2,10.3,1,0,1,3,2,1,3,0,0,0,0,SR-305,,-122.6255639,47.72135833,0,2,51,62,4,50,5,0,0,1,2,12,1,1,2,1,1,1,2,53,0,49,46,2005,0,,12,63,52,,,,1,1,50,2,7,,4,7,3,0,11,0,12/31/2021,18:36,53068179,68179,0,0,0,3,1,0,,,,96,,,,,,0,,,,,,98337,53,61,180,6,1,0,1,1,0,,0,,,,,,0,10/15/2018,02/15/2018,8,0,0,0,0,9,8,,,0,,,8,8,2,695,605,996,1,1,1,2,1,0,,,,,,,,,,,,,,,,,,,,,,,,,,,,,,0,0,0,0,1,0,1,1,1,0,0,0,0,0,0,0,0,0,0,0,0,0,0,0,0,0,0,0,0,1,0,0,0,0,0,,1,0,0,0,0,0,1,1,0,0,0,0,0,0,1,0,,,,,,46-50,46-55,State route,U,Friday,Belt Used,PV,White,0,1,1,0,State Route,State Patrol,Washington State Patrol,0,1,0,0,0,thc,1.3,carboxy-thc,7.2,,0,0,0,1,1,1,,,996,401,417,,,98,98,98,1,,,,,20,,,,,,,,nms,1,0,,,,,,