year,case,par,repjur,crash_dt,crash_tm,accday,accmon,holiday,county,co_char,city,weather,weather2,lightcond,surfcond,surftype,numfatal,nmforms,pforms,vforms,not_tm,arr_tm,hosp_tm,fhevent,hitrun,manncol,milepnt,reljunc,reljuncinter,intersectiontype,funcsystem,landuse,ownership,route,schlbus,spejur,contdev,devfunc,trafid1,trafid2,x,y,wk_zone,vnumber,crashtype,criticalevent,criticaleventcat,spdlim,body,trailer,emerg,hazcargo,leave,mhevent,roadalgn,roadprof,traflane,trafflow,vehmanvr,numoccs,regowner,regstate,spuse,make,model,modelyr,vrf1,vrf2,seqevent1,seqevent2,seqevent3,seqevent4,seqevent5,seqevent6,pnumber,ptype,age,sex,hispanic,race,injury,diedscene,restraint,restraintmisuse,seatpos,takehosp,death_dt,death_tm,cert,cernum_wa,commlic,licendor,licrestrict,liccomp,drivpres,drf1,drf2,drf3,drf4,distract1,distract2,distract3,distract4,distract5,distract6,dricond1,dricond2,dricond3,dricond4,dricond5,dricond6,dzip,licstate,drhgt_in,weight,noncdl,noncdltype,prevdwi,prevoth,prevacc,prevspd,prevsus,driviol1,driviol2,driviol3,driviol4,driviol5,driviol6,spdrel,first_dt,last_dt,airbag,ejection,ejectpath,extricat,injurwrk,methalc,methdrug,nmlocat,strikveh,prf1,prf2,prf3,druginv,alcinvol,drugsts,drugres1,drugres2,drugres3,drugtst1,drugtst2,drugtst3,alcsts,alctst,alcres,nmact1,nmact2,nmact3,nmact4,nmact5,nmact6,nmprior1,nmprior2,nmprior3,nmprior4,nmprior5,nmprior6,nmcond1,nmcond2,nmcond3,nmcond4,nmcond5,nmcond6,nmsafe_helmet,nmsafe_pads,nmsafe_oth,nmprev_ref,nmprev_lgt,nmprev_oth,crashlocation,nmcrashtype,crosswalk,schoolzone,sidewalk,train_inv,wildlife_inv,rotr_fars,intersect_fars,dd_inv,aid_inv,dpd_inv,id_inv,mj_inv,impnm_inv,ainm_inv,dpnm_inv,speed_inv,unlic_inv,unendmc_inv,drowsy_inv,drdist_inv,nmdist_inv,fty_inv,unrestfat_inv,dr1617_inv,dr1820_inv,dr1620_inv,dr2125_inv,dr1625_inv,dr65_inv,dr70_inv,dr75_inv,mc_inv,pv_inv,ht_inv,ped_inv,bike_inv,unrest_fat,mc_fat,unhelmet_mc,pv_fat,ht_fat,ped_fat,bike_fat,dr_alc7,dr_alc8,dr_drug,dr_imp,dr_dist,dr_spd,dr_fty,dr_unlic,dr_alc7only,dr_alc8only,dr_drugonly,dr_drink,nm_imp,nm_alc7,nm_alc8,nm_drug,nm_dist,agegrp1,agegrp2,roadclass,urbrur,dayweek,restuse,vehtype,race_me,intersect,lanedep,oppdir,wrongway,rep_typ,investag,repag_long,rotr,st_rd,cty_rd,city_rd,oth_rd,drug_thc,thc_res,drug_cthc,cthc_res,drug_cann,prevpersemin,prevperse,prevsusoth,drugtst4,drugtst5,drugtst6,drugtst7,drugtst8,drugres4,drugres5,drugres6,drugres7,drugres8,adspresent,adsengaged,adslevel,race1,race2,race3,race4,race5,helmet,helmetmisuse,nmdistract1,nmdistract2,nmdistract3,nmdistract4,nmdistract5,nmdistract6,lab,isedtcase,crf1,crf2,crf3,CoRoadName,CoMP,IntCoRoadName,IntCoMP
2019,498,3762692,263,12/16/2019,14:19,16,12,,33,King,1960,10,0,1,1,2,1,0,2,2,,,,14,1,0,0,3,0,2,7,2,4,6,0,0,3,3,NE 125TH ST,35TH AVE NE,-122.2905889,47.71924722,0,1,11,6,1,98,4,0,0,1,7,14,1,2,2,1,1,2,5,53,0,48,34,1995,0,0,14,,,,,,1,1,28,2,0,,0,0,99,7,11,0,,,,,0,0,0,2,1,39,0,0,0,96,,,,,,99,,,,,,98338,53,66,185,1,1,0,0,2,1,,1,,,,,,4,09/15/2015,08/15/2016,8,0,0,0,8,9,8,,,0,0,0,8,9,8,95,,,96,,,8,95,995,,,,,,,,,,,,,,,,,,,,,,,,,,,,,,0,0,0,1,0,0,0,0,0,0,0,0,1,1,0,0,0,0,0,0,0,0,0,0,0,0,0,0,0,1,1,0,0,0,0,,0,0,0,0,0,0,0,0,0,1,0,1,0,0,0,0,,,,,,26-30,26-35,City street,U,Monday,Unknown,PV,Not Fatal,1,0,0,0,City Street,Municipal/City Police,Seattle Police Department,0,0,0,1,0,,,,,,0,0,2,,,,,,,,,,,0,0,0,0,,,,,20,7,,,,,,,,,,,,,,,
2017,224,E689120,129,06/29/2017,9:38,29,6,0,53,Pierce,747,1,0,1,1,2,1,0,5,5,9:42,9:52,10:25,12,0,6,0,2,0,2,3,2,4,6,0,3,3,3,PACIFIC HWY E,ALEXANDER AVE E,-122.3728639,47.24311944,0,5,98,98,7,35,14,0,0,1,2,54,1,1,5,1,5,1,1,53,0,59,403,2013,0,0,54,,,,,,1,1,67,1,0,0,0,0,3,0,11,0,,,,,0,0,0,3,1,0,0,0,0,0,,,,,,0,,,,,,98338,53,74,250,6,1,0,0,0,0,0,0,,,,,,0,,,20,0,0,0,8,9,8,,,0,0,0,8,0,0,0,0,0,0,0,0,0,0,996,,,,,,,,,,,,,,,,,,,,,,,,,,,,,,0,0,0,1,0,0,1,1,0,0,0,0,1,1,0,0,0,0,0,0,0,0,0,0,0,1,0,0,0,1,0,0,0,0,0,,0,0,0,0,0,0,0,0,0,0,0,0,0,0,0,0,,,,,,66-70,66-75,City street,U,Thursday,Belt Used,PV,Not Fatal,1,0,0,0,City Street,Municipal/City Police,Fife Police Department,0,0,0,1,0,,,,,,,,,,,,,,,,,,,,,,,,,,,,,,,,,,,,,,,,,,,
2017,303,E701231,3,08/13/2017,13:58,13,8,0,67,Thurston,0,1,0,1,1,2,1,1,1,1,,,,9,0,0,30.7,1,0,1,4,2,1,3,0,0,0,0,SR-507,,-122.5691694,46.93229167,0,1,13,11,2,45,34,0,0,1,2,9,1,2,2,1,1,1,2,53,0,7,472,1998,0,0,63,9,,,,,1,1,56,1,0,0,0,0,3,0,11,0,,,,,0,0,0,2,1,91,0,0,0,93,,,,,,0,,,,,,98338,53,71,255,1,1,0,3,2,1,6,2,,,,,,0,10/15/2012,09/15/2016,20,0,0,0,8,9,2,,,0,0,0,0,0,0,0,0,0,0,0,0,0,0,996,,,,,,,,,,,,,,,,,,,,,,,,,,,,,,0,0,0,0,0,0,0,0,0,0,0,0,0,1,0,0,1,0,0,0,0,0,0,0,0,0,0,0,0,0,0,0,1,0,0,,0,0,0,0,0,0,0,0,1,0,0,1,0,0,0,0,,,,,,56-60,56-65,State route,U,Sunday,Belt Used,PV,Not Fatal,0,0,0,0,State Route,State Patrol,Washington State Patrol Headquarter,0,1,0,0,0,,,,,,,,,,,,,,,,,,,,,,,,,,,,,,,,,,,,,,,,,,,
2018,264,E823902,4,07/30/2018,21:02,30,7,0,63,Spokane,0,1,0,5,1,2,1,0,4,3,21:02,21:22,22:15,12,0,1,256.5,1,0,1,1,1,1,1,0,0,0,0,I-90,,-117.7740861,47.44777778,0,2,25,53,3,70,34,0,0,1,2,12,1,1,2,2,1,2,1,53,0,20,482,2002,0,0,12,63,24,67,35,,1,1,59,1,0,0,1,0,3,0,11,5,,,,,0,0,0,3,1,0,0,0,0,0,,,,,,0,,,,,,98338,53,69,190,6,1,0,0,0,1,,0,,,,,,0,06/15/2015,06/15/2015,8,0,0,0,8,9,8,,,0,0,0,8,0,8,95,,,96,,,8,95,995,,,,,,,,,,,,,,,,,,,,,,,,,,,,,,0,0,0,0,1,1,1,1,1,0,0,0,1,0,0,0,0,0,0,0,0,0,0,0,0,0,0,0,0,1,1,0,0,0,0,,0,0,0,0,0,0,0,0,0,0,0,0,0,0,0,0,,,,,,56-60,56-65,Interstate,R,Monday,Belt Used,PV,Not Fatal,0,0,0,0,State Route,State Patrol,Washington State Patrol,0,1,0,0,0,,,,,,0,0,0,,,,,,,,,,,,,,,,,,,,,,,,,,,,,,,,,,,
2019,128,E916778,288,04/27/2019,1:35,27,4,,53,Pierce,2210,1,0,2,1,2,1,0,2,2,,,,12,0,2,0,1,0,1,7,1,4,6,0,0,0,0,W VALLEY HWY E,,-122.2551194,47.22839444,0,1,50,54,3,35,2,0,0,1,7,2,2,1,2,1,14,1,1,53,0,34,34,1999,0,0,12,2,,,,,1,1,24,2,7,,4,7,99,7,11,0,04/27/2019,1:35,2.21053E+11,19458,0,0,0,3,1,51,0,0,0,96,,,,,,99,,,,,,98338,53,67,143,6,1,0,1,0,2,,0,,,,,,0,08/15/2014,11/15/2016,99,0,0,0,0,9,8,,,0,0,0,8,9,2,1,,,1,,,2,1,0.27,,,,,,,,,,,,,,,,,,,,,,,,,,,,,,0,0,0,0,1,1,1,1,0,0,0,0,0,0,0,0,0,0,0,0,0,0,0,1,1,0,0,0,0,1,0,0,0,0,0,,1,0,0,0,0,1,0,1,0,0,0,0,0,1,0,1,,,,,,21-25,16-25,City street,R,Saturday,Unknown,PV,White,0,0,0,1,City Street,Municipal/City Police,Sumner Police Department,0,0,0,1,0,,,,,,0,0,2,,,,,,,,,,,0,0,0,1,,,,,20,7,,,,,,,,,,,,,,,
2019,234,E941099,3,06/25/2019,14:57,25,6,,53,Pierce,0,1,0,1,1,2,2,0,3,2,,,,12,0,6,16.9,2,0,3,3,2,1,3,0,0,0,0,SR-161,244TH CT W,-122.2958,47.03495278,0,1,68,15,2,55,3,0,0,1,7,12,1,3,3,1,11,2,2,53,0,30,47,2000,0,0,12,2,,,,,1,1,16,1,7,,4,7,99,7,11,0,06/25/2019,14:57,53028777,28777,0,0,3,3,1,38,0,0,0,17,,,,,,99,,,,,,98338,53,66,130,6,2,0,0,0,0,,0,,,,,,0,,,99,0,0,0,0,9,8,,,0,0,0,8,9,2,1,,,1,,,2,1,0,,,,,,,,,,,,,,,,,,,,,,,,,,,,,,0,0,0,1,0,0,0,0,0,0,0,0,0,0,0,0,1,0,1,0,1,0,1,0,1,0,0,0,0,1,1,0,0,0,0,,1,0,0,0,0,0,0,0,1,0,1,0,0,0,0,0,,,,,,16-17,16-25,State route,U,Tuesday,Unknown,PV,White,1,0,0,0,State Route,State Patrol,Washington State Patrol,0,1,0,0,0,,,,,,0,0,0,,,,,,,,,,,98,98,98,1,,,,,20,7,,,,,,,,,,,,,,,
2020,193,EA16566,297,02/08/2020,11:40,8,2,,33,King,2310,10,,1,2,2,1,0,2,1,11:48,12:01,12:23,1,0,0,0,3,0,2,3,2,4,6,0,0,0,0,E MARGINAL WAY S,S 86TH PL,-122.3031806,47.52676667,0,1,98,8,1,35,80,0,0,1,2,1,1,1,5,1,3,2,1,53,0,72,706,2006,0,,1,,,,,,1,1,62,1,7,,4,0,20,7,11,5,02/19/2020,9:53,1.96053E+11,8097,0,0,3,3,1,6,,,,96,,,,,,98,,,,,,98338,53,73,260,6,1,0,1,2,0,,0,,,,,,0,03/15/2017,07/15/2019,20,8,0,0,0,9,8,,,0,,,8,8,2,1,,,1,,,2,1,0,,,,,,,,,,,,,,,,,,,,,,,,,,,,,,0,0,0,1,0,0,0,0,0,0,0,0,0,0,0,0,0,0,0,0,0,0,0,0,0,0,0,0,1,0,0,0,0,0,1,1,0,0,0,0,0,0,0,0,0,0,0,0,0,0,0,0,,,,,,61-65,56-65,City street,U,Saturday,,MC,White,0,0,0,0,City Street,Municipal/City Police,Tukwila Police Department,0,0,0,1,0,,,,,,0,0,0,,,,,,,,,,,0,0,0,1,,,,,16,0,,,,,,,,0,0,,,,,,
2020,120,EA32098,35,05/01/2020,13:49,1,5,,53,Pierce,0,1,,1,1,2,1,0,1,1,,,,98,0,0,1.8,1,0,1,6,1,2,4,0,0,0,0,CR-TISCH RD S,,-122.515725,46.96060556,0,1,1,13,2,35,90,0,0,1,5,98,2,1,2,1,14,1,1,53,0,98,739,2007,0,,63,98,,,,,1,1,18,1,7,,4,7,20,7,11,0,05/01/2020,13:49,53021407,21407,0,0,0,0,1,0,,,,96,,,,,,9,,,,,,98338,53,69,112,0,0,0,0,0,0,,0,,,,,,4,,,20,1,9,0,0,9,8,,,0,,,1,8,2,695,605,,1,1,,2,1,0,,,,,,,,,,,,,,,,,,,,,,,,,,,,,,0,0,1,0,0,0,1,1,1,0,0,0,1,1,0,0,0,0,0,0,0,1,1,0,1,0,0,0,0,0,0,0,0,0,0,,0,0,0,0,0,0,1,1,0,1,0,1,0,0,1,0,,,,,,18-20,16-25,County road,R,Friday,,OTHVT,White,0,1,0,0,County Road,County Sheriff,Law Enforcement Support Agency,1,0,1,0,0,thc,7.3,carboxy-thc,17,,0,0,0,,,,,,,,,,,0,0,0,1,,,,,19,0,,,,,,,,1,0,,,TISCH RD S,1.75,,
2020,317,EA60275,3,08/18/2020,14:47,18,8,,53,Pierce,0,1,,1,0,0,1,0,4,3,,,,12,0,6,18.3,8,0,1,3,2,1,3,0,0,0,0,SR-161,,-122.2947667,47.05485278,0,1,76,15,2,0,20,0,0,1,2,12,0,0,0,0,11,1,1,53,0,9,442,1997,0,,12,68,12,,,,1,1,79,1,7,,4,0,99,7,11,5,08/21/2020,16:45,2.23053E+11,39557,0,0,3,3,1,38,,,,96,,,,,,98,,,,,,98338,53,70,180,6,1,0,0,0,0,,0,,,,,,0,,,20,0,0,0,0,9,8,,,0,,,8,8,0,0,,,0,,,0,0,996,,,,,,,,,,,,,,,,,,,,,,,,,,,,,,0,0,0,0,0,0,0,0,0,0,0,0,0,0,0,0,0,0,1,0,0,0,0,0,0,1,1,1,0,1,0,0,0,0,0,,1,0,0,0,0,0,0,0,0,0,1,0,0,0,0,0,,,,,,76-80,76+,State route,U,Tuesday,Unknown,PV,White,0,0,0,0,State Route,State Patrol,Washington State Patrol,0,1,0,0,0,,,,,,0,0,0,,,,,,,,,,,0,0,0,1,,,,,20,7,,,,,,,,1,0,,,,,,
2020,472,EA86312,7,12/01/2020,23:35,1,12,,33,King,1640,1,,3,1,2,2,0,7,7,,,,12,0,2,13.2,1,0,1,3,2,1,3,0,0,0,0,SR-167,,-122.2607278,47.26889167,0,4,98,98,7,60,66,2,0,1,2,12,1,1,2,3,1,1,3,53,0,87,881,2017,0,,12,2,,,,,1,1,33,1,0,,0,0,3,0,11,0,,,,,6,1,0,3,1,0,,,,96,,,,,,0,,,,,,98338,53,69,290,6,1,0,0,0,0,,0,,,,,,0,,,99,0,0,0,8,9,8,,,0,,,8,8,0,0,,,0,,,0,0,996,,,,,,,,,,,,,,,,,,,,,,,,,,,,,,0,0,0,0,1,0,0,0,0,0,0,0,0,0,0,0,0,0,0,0,0,0,0,1,1,0,0,0,1,1,1,0,0,0,0,,0,0,0,0,0,0,0,0,0,0,0,0,0,0,0,0,,,,,,31-35,26-35,State route,U,Tuesday,,MHTRUCK,Not Fatal,0,0,0,1,State Route,State Patrol,Washington State Patrol,0,1,0,0,0,,,,,,0,0,0,,,,,,,,,,,98,98,98,0,,,,,20,7,,,,,,,,1,14,,,,,,
2021,21,EB00697,35,01/09/2021,7:33,9,1,,53,Pierce,0,10,,4,4,2,1,0,1,1,,,,34,0,0,6.6,1,0,1,4,2,2,4,0,0,0,0,CR-224TH ST E,,-122.2590222,47.05268056,0,1,2,6,1,45,34,0,0,1,5,34,1,2,2,1,1,1,2,53,0,49,472,1996,0,,63,34,1,,,,1,1,29,2,7,,4,7,20,7,11,0,01/09/2021,7:33,53001182,1182,0,0,3,3,1,87,,,,96,,,,,,98,,,,,,98338,53,61,140,6,1,0,0,1,0,,0,,,,,,4,10/15/2016,10/15/2016,20,0,0,0,0,9,8,,,0,,,8,8,2,695,600,,1,1,,2,1,0,,,,,,,,,,,,,,,,,,,,,,,,,,,,,,0,0,0,0,0,0,1,1,1,0,0,0,1,0,0,0,0,0,0,1,0,0,0,0,0,0,0,0,0,1,0,0,0,1,0,,1,0,0,0,0,0,1,1,0,1,0,0,0,0,1,0,,,,,,26-30,26-35,County road,U,Saturday,Not Used,PV,White,0,1,0,0,County Road,County Sheriff,Law Enforcement Support Agency,1,0,1,0,0,thc,50,carboxy-thc,42,,0,0,0,,,,,,,,,,,0,0,0,1,,,,,20,,,,,,,,nms,1,0,,,224 ST E,6.59,NULL,
2021,74,EB16509,35,03/24/2021,21:19,24,3,,53,Pierce,0,2,,2,2,2,1,0,1,1,,,,42,0,0,9,1,0,1,4,1,2,4,0,0,0,0,CR-ORVILLE RD E,,-122.2004028,47.00528056,0,1,2,9,1,45,34,0,0,1,2,42,2,1,2,1,14,1,1,53,0,12,481,2015,0,,63,42,1,,,,1,1,43,1,7,,4,0,20,7,11,0,03/24/2021,21:48,53014621,14621,6,0,0,3,1,0,,,,96,,,,,,98,,,,,,98338,53,72,270,6,1,0,1,0,1,,0,,,,,,3,11/15/2017,11/15/2018,8,0,0,0,0,9,8,,,0,,,8,8,2,1,,,1,,,2,1,0.17,,,,,,,,,,,,,,,,,,,,,,,,,,,,,,0,0,0,0,1,1,0,1,0,0,0,0,1,0,0,0,0,0,0,1,0,0,0,0,0,0,0,0,0,1,0,0,0,1,0,,1,0,0,0,0,1,0,1,0,1,0,0,0,1,0,1,,,,,,41-45,36-45,County road,R,Wednesday,Not Used,PV,White,0,1,0,0,County Road,County Sheriff,Law Enforcement Support Agency,1,0,1,0,0,,,,,,0,0,1,,,,,,,,,,,98,98,98,1,,,,,20,,,,,,,,,1,0,,,ORVILLE RD E,9.3,NULL,
2021,97,EB18345,3,03/24/2021,12:47,24,3,,53,Pierce,0,10,,1,2,2,1,0,2,2,,,,12,0,2,19.9,3,0,3,3,2,1,3,0,0,0,0,SR-161,196TH ST E,-122.2940528,47.07763333,0,1,68,15,2,45,34,0,0,1,2,12,1,2,5,5,11,1,2,53,0,49,472,2006,0,,68,12,,,,,1,1,47,2,0,,2,0,3,0,11,5,,,,,0,0,0,3,1,38,,,,96,,,,,,98,,,,,,98338,53,64,115,6,1,0,0,0,1,,49,,,,,,0,04/15/2016,09/15/2018,1,0,0,0,8,9,8,,,0,,,8,8,8,95,,,96,,,8,95,995,,,,,,,,,,,,,,,,,,,,,,,,,,,,,,0,0,0,1,0,0,0,0,0,0,0,0,0,0,0,0,0,0,1,0,0,0,0,0,0,1,1,0,0,1,0,0,0,0,0,,0,0,0,0,0,0,0,0,0,0,1,0,0,0,0,0,,,,,,46-50,46-55,State route,U,Wednesday,Belt Used,PV,Not Fatal,0,0,0,0,State Route,State Patrol,Washington State Patrol,0,1,0,0,0,,,,,,0,0,1,,,,,,,,,,,98,98,98,0,,,,,20,,,,,,,,,1,0,,,,,,
2021,97,EB18345,3,03/24/2021,12:47,24,3,,53,Pierce,0,10,,1,2,2,1,0,2,2,,,,12,0,2,19.9,3,0,3,3,2,1,3,0,0,0,0,SR-161,196TH ST E,-122.2940528,47.07763333,0,2,69,62,4,45,20,0,0,1,2,12,1,2,5,5,1,1,1,53,0,20,444,2006,0,,12,,,,,,1,1,70,2,7,,4,0,3,0,11,5,04/11/2021,17:13,2.23053E+11,17341,0,0,0,3,1,0,,,,96,,,,,,98,,,,,,98338,53,63,143,6,1,0,0,0,0,,0,,,,,,0,,,8,0,0,0,0,9,8,,,0,,,8,8,8,95,,,96,,,8,95,995,,,,,,,,,,,,,,,,,,,,,,,,,,,,,,0,0,0,1,0,0,0,0,0,0,0,0,0,0,0,0,0,0,1,0,0,0,0,0,0,1,1,0,0,1,0,0,0,0,0,,1,0,0,0,0,0,0,0,0,0,0,0,0,0,0,0,,,,,,66-70,66-75,State route,U,Wednesday,Belt Used,PV,White,0,0,0,0,State Route,State Patrol,Washington State Patrol,0,1,0,0,0,,,,,,0,0,0,,,,,,,,,,,98,98,98,1,,,,,20,,,,,,,,,1,0,,,,,,
2021,79,EB18517,35,03/31/2021,13:49,31,3,,53,Pierce,0,1,,1,1,2,1,0,4,1,,,,30,0,0,0.5,3,0,3,4,2,2,4,0,3,0,0,CR-PIONEER WAY E,STEWART AVE E,-122.3518667,47.20146111,0,1,7,8,1,40,4,0,0,1,2,30,1,1,2,1,6,4,3,94,0,37,32,2002,0,,68,64,30,,,,1,1,17,1,0,,3,0,3,0,11,5,,,,,0,0,3,3,1,33,,,,96,,,,,,98,,,,,,98338,53,63,170,6,2,0,0,0,0,,97,,,,,,3,,,1,0,0,0,8,9,8,,,0,,,8,8,8,95,,,96,,,8,95,995,,,,,,,,,,,,,,,,,,,,,,,,,,,,,,0,0,0,1,0,0,0,0,0,0,0,0,1,0,0,0,0,0,0,0,1,0,1,0,1,0,0,0,0,1,0,0,0,0,0,,0,0,0,0,0,0,0,0,0,1,0,0,0,0,0,0,,,,,,16-17,16-25,County road,U,Wednesday,Belt Used,PV,Not Fatal,1,0,0,0,County Road,County Sheriff,Law Enforcement Support Agency,0,0,1,0,0,,,,,,0,0,0,,,,,,,,,,,98,98,98,0,,,,,20,,,,,,,,,1,0,,,PIONEER WAY E,0.45,STEWART AVE E,0
2021,444,EB78476,3,10/11/2021,5:41,11,10,,53,Pierce,0,10,,3,2,2,1,0,2,2,,,,12,0,2,51.9,3,0,3,3,2,1,3,0,0,0,0,SR-7,118TH ST S,-122.434325,47.14967778,0,1,50,10,2,35,4,0,0,1,2,12,1,2,5,5,1,1,1,53,0,12,23,2017,0,,68,12,,,,,1,1,56,1,7,,4,0,20,7,11,5,10/25/2021,13:10,2.23053E+11,54678,0,0,0,3,1,28,,,,96,,,,,,9,,,,,,98338,53,70,220,6,1,0,1,0,1,,0,,,,,,0,07/15/2019,09/15/2021,8,0,0,0,0,9,8,,,0,,,8,1,8,95,,,96,,,2,98,0.34,,,,,,,,,,,,,,,,,,,,,,,,,,,,,,0,0,0,1,1,1,0,1,0,0,0,0,0,0,0,0,0,0,0,1,0,0,0,0,0,0,0,0,0,1,0,0,0,1,0,,1,0,0,0,0,1,0,1,0,0,0,0,0,1,0,1,,,,,,56-60,56-65,State route,U,Monday,Not Used,PV,White,0,1,1,0,State Route,State Patrol,Washington State Patrol,0,1,0,0,0,,,,,,0,0,0,,,,,,,,,,,98,98,98,1,,,,,20,,,,,,,,,1,0,,,,,,
2021,432,EB82027,35,10/25/2021,16:40,25,10,,53,Pierce,0,2,,1,2,2,1,0,2,2,,,,12,0,2,0.3,1,0,1,5,2,2,4,0,0,0,0,CR-240TH ST E,,-122.367325,47.03846111,0,1,50,6,1,35,4,0,0,1,2,12,1,1,2,1,3,1,1,53,0,59,35,2002,0,,68,12,,,,,1,1,27,1,7,,4,7,99,7,11,0,10/25/2021,16:40,53055108,55108,0,0,0,3,1,28,,,,96,,,,,,98,,,,,,98338,53,76,280,6,1,0,1,0,1,,0,,,,,,3,05/15/2017,02/15/2021,8,0,0,0,0,9,8,,,0,,,8,8,2,996,695,605,1,1,1,2,1,0,,,,,,,,,,,,,,,,,,,,,,,,,,,,,,0,0,0,0,0,0,1,1,1,0,0,0,1,0,0,0,0,0,0,0,0,0,0,0,0,0,0,0,0,1,1,0,0,0,0,,1,0,0,0,0,0,1,1,0,1,0,0,0,0,1,0,,,,,,26-30,26-35,County road,U,Monday,Unknown,PV,Multiracial,0,1,1,0,County Road,County Sheriff,Law Enforcement Support Agency,0,0,1,0,0,thc,50,,,,0,0,0,,,,,,,,,,,98,98,98,278,201,207,,,20,,,,,,,,nms,1,0,,,240 ST E,0.29,NULL,
2021,531,EB91021,35,11/15/2021,20:45,15,11,,53,Pierce,0,1,,2,2,2,1,0,2,2,,,,12,0,7,0.3,1,0,1,4,2,2,4,0,0,0,0,CR-260TH ST E,,-122.3641583,47.02024722,0,1,48,52,3,35,2,0,0,1,5,12,1,1,2,1,1,1,2,53,0,35,34,1975,0,,12,,,,,,1,1,17,1,0,,2,0,99,7,11,5,,,,,0,0,0,3,1,0,,,,96,,,,,,98,,,,,,98338,53,69,220,6,2,0,0,0,0,,0,,,,,,3,,,20,0,0,0,8,9,8,,,0,,,8,8,9,999,,,99,,,8,95,995,,,,,,,,,,,,,,,,,,,,,,,,,,,,,,0,0,0,0,0,0,0,0,0,0,0,0,1,1,1,0,0,0,0,0,1,0,1,0,1,0,0,0,1,1,0,0,0,0,0,,0,0,0,0,0,0,0,0,0,1,0,0,0,0,0,0,,,,,,16-17,16-25,County road,U,Monday,Unknown,PV,Not Fatal,0,0,0,0,County Road,County Sheriff,Law Enforcement Support Agency,0,0,1,0,0,,,,,,0,0,0,,,,,,,,,,,0,0,0,0,,,,,20,,,,,,,,,1,0,,,260 ST E,0.25,NULL,
2021,602,EB97839,248,12/06/2021,9:22,6,12,,33,King,1830,10,,1,2,2,1,1,1,1,,,,8,0,0,,1,0,1,3,2,4,6,0,0,0,0,S GRADY WAY,,-122.2123028,47.471,0,1,13,80,5,98,61,0,0,1,2,8,8,8,2,1,11,1,3,53,0,12,870,2010,0,,8,,,,,,1,1,59,1,0,,0,0,3,0,11,0,,,,,0,0,3,3,1,0,,,,92,,,,,,98,,,,,,98338,53,75,228,6,1,0,0,0,0,,0,,,,,,0,,,20,0,0,0,8,9,8,,,0,,,8,8,8,95,,,96,,,8,95,995,,,,,,,,,,,,,,,,,,,,,,,,,,,,,,0,0,0,0,0,0,0,0,0,0,0,0,0,0,0,0,1,0,0,0,0,0,0,0,0,0,0,0,0,0,1,1,0,0,0,,0,0,0,0,0,0,0,0,1,0,0,0,0,0,0,0,,,,,,56-60,56-65,City street,U,Monday,,MHTRUCK,Not Fatal,1,0,0,0,City Street,Municipal/City Police,Renton Police Department,0,0,0,1,0,,,,,,0,0,0,,,,,,,,,,,98,98,98,0,,,,,20,,,,,,,,,1,0,,,,,,
2021,516,EB98844,262,12/04/2021,18:29,4,12,,33,King,1958,2,,3,2,1,2,0,3,2,,,,12,0,2,0,1,0,1,4,2,4,6,0,0,0,0,DES MOINES MEMORIAL DR S,,-122.3146139,47.47854167,0,1,50,10,2,35,4,0,0,1,2,12,1,1,2,1,1,1,2,53,0,54,36,2006,0,,68,12,,,,,1,1,65,2,7,,4,7,20,7,11,0,12/04/2021,18:29,1.95853E+11,62832,0,0,3,2,1,28,,,,96,,,,,,9,,,,,,98338,53,63,125,1,1,2,2,3,0,,0,,,,,,0,11/15/2016,12/15/2021,8,0,0,0,0,9,8,,,0,,,8,1,2,189,188,,1,1,,2,1,0.188,,,,,,,,,,,,,,,,,,,,,,,,,,,,,,0,0,0,0,1,1,1,1,0,0,0,0,0,1,0,0,0,0,0,1,0,1,1,0,1,1,0,0,0,1,0,0,0,1,0,,1,0,0,0,0,1,1,1,0,0,0,1,0,0,0,1,,,,,,61-65,56-65,City street,U,Saturday,Not Used,PV,White,0,1,1,0,City Street,Municipal/City Police,SeaTac Police Department,0,0,0,1,0,,,,,,0,2,0,,,,,,,,,,,98,98,98,1,,,,,20,,,,,,,,,1,0,,,,,,
2019,80,E903805,8,03/19/2019,6:40,19,3,,35,Kitsap,0,1,0,4,1,2,1,0,2,2,,,,12,0,6,33.8,2,0,2,3,2,1,3,0,0,0,0,SR-3,DIVISION AVE,-122.7130889,47.52397222,0,2,69,62,4,50,80,0,0,1,2,12,1,2,4,1,1,1,1,53,0,73,706,2001,0,0,12,,,,,,1,1,55,1,7,,4,7,20,7,11,0,03/19/2019,6:40,53012940,12940,0,0,0,3,1,0,0,0,0,96,,,,,,99,,,,,,98339,53,67,200,6,1,0,0,0,0,,0,,,,,,0,,,20,8,0,0,0,9,8,,,0,0,0,8,9,2,1,,,1,,,2,1,0,,,,,,,,,,,,,,,,,,,,,,,,,,,,,,0,0,0,1,0,0,0,0,0,0,0,0,0,0,0,0,1,0,1,0,0,0,0,0,0,0,0,0,1,1,0,0,0,0,1,0,0,0,0,0,0,0,0,0,0,0,0,0,0,0,0,0,,,,,,51-55,46-55,State route,U,Tuesday,,MC,White,1,0,0,0,State Route,State Patrol,Washington State Patrol,0,1,0,0,0,,,,,,0,0,0,,,,,,,,,,,0,0,0,1,,,,,5,0,,,,,,,,,,,,,,,