year,case,par,repjur,crash_dt,crash_tm,accday,accmon,holiday,county,co_char,city,weather,weather2,lightcond,surfcond,surftype,numfatal,nmforms,pforms,vforms,not_tm,arr_tm,hosp_tm,fhevent,hitrun,manncol,milepnt,reljunc,reljuncinter,intersectiontype,funcsystem,landuse,ownership,route,schlbus,spejur,contdev,devfunc,trafid1,trafid2,x,y,wk_zone,vnumber,crashtype,criticalevent,criticaleventcat,spdlim,body,trailer,emerg,hazcargo,leave,mhevent,roadalgn,roadprof,traflane,trafflow,vehmanvr,numoccs,regowner,regstate,spuse,make,model,modelyr,vrf1,vrf2,seqevent1,seqevent2,seqevent3,seqevent4,seqevent5,seqevent6,pnumber,ptype,age,sex,hispanic,race,injury,diedscene,restraint,restraintmisuse,seatpos,takehosp,death_dt,death_tm,cert,cernum_wa,commlic,licendor,licrestrict,liccomp,drivpres,drf1,drf2,drf3,drf4,distract1,distract2,distract3,distract4,distract5,distract6,dricond1,dricond2,dricond3,dricond4,dricond5,dricond6,dzip,licstate,drhgt_in,weight,noncdl,noncdltype,prevdwi,prevoth,prevacc,prevspd,prevsus,driviol1,driviol2,driviol3,driviol4,driviol5,driviol6,spdrel,first_dt,last_dt,airbag,ejection,ejectpath,extricat,injurwrk,methalc,methdrug,nmlocat,strikveh,prf1,prf2,prf3,druginv,alcinvol,drugsts,drugres1,drugres2,drugres3,drugtst1,drugtst2,drugtst3,alcsts,alctst,alcres,nmact1,nmact2,nmact3,nmact4,nmact5,nmact6,nmprior1,nmprior2,nmprior3,nmprior4,nmprior5,nmprior6,nmcond1,nmcond2,nmcond3,nmcond4,nmcond5,nmcond6,nmsafe_helmet,nmsafe_pads,nmsafe_oth,nmprev_ref,nmprev_lgt,nmprev_oth,crashlocation,nmcrashtype,crosswalk,schoolzone,sidewalk,train_inv,wildlife_inv,rotr_fars,intersect_fars,dd_inv,aid_inv,dpd_inv,id_inv,mj_inv,impnm_inv,ainm_inv,dpnm_inv,speed_inv,unlic_inv,unendmc_inv,drowsy_inv,drdist_inv,nmdist_inv,fty_inv,unrestfat_inv,dr1617_inv,dr1820_inv,dr1620_inv,dr2125_inv,dr1625_inv,dr65_inv,dr70_inv,dr75_inv,mc_inv,pv_inv,ht_inv,ped_inv,bike_inv,unrest_fat,mc_fat,unhelmet_mc,pv_fat,ht_fat,ped_fat,bike_fat,dr_alc7,dr_alc8,dr_drug,dr_imp,dr_dist,dr_spd,dr_fty,dr_unlic,dr_alc7only,dr_alc8only,dr_drugonly,dr_drink,nm_imp,nm_alc7,nm_alc8,nm_drug,nm_dist,agegrp1,agegrp2,roadclass,urbrur,dayweek,restuse,vehtype,race_me,intersect,lanedep,oppdir,wrongway,rep_typ,investag,repag_long,rotr,st_rd,cty_rd,city_rd,oth_rd,drug_thc,thc_res,drug_cthc,cthc_res,drug_cann,prevpersemin,prevperse,prevsusoth,drugtst4,drugtst5,drugtst6,drugtst7,drugtst8,drugres4,drugres5,drugres6,drugres7,drugres8,adspresent,adsengaged,adslevel,race1,race2,race3,race4,race5,helmet,helmetmisuse,nmdistract1,nmdistract2,nmdistract3,nmdistract4,nmdistract5,nmdistract6,lab,isedtcase,crf1,crf2,crf3,CoRoadName,CoMP,IntCoRoadName,IntCoMP
2017,523,E750315,8,12/15/2017,7:30,15,12,0,35,Kitsap,1730,10,0,4,1,2,1,1,1,1,7:35,7:41,,8,0,0,0,3,0,3,4,2,4,6,0,0,0,0,FRONT ST,TORVAL CANYON RD,-122.6505472,47.74563889,0,1,13,80,5,25,4,0,0,1,5,8,1,2,2,1,1,1,1,53,0,35,47,2012,0,0,8,,,,,,1,1,61,1,0,0,0,0,3,0,11,0,,,,,0,0,0,3,1,38,0,0,0,1,,,,,,99,,,,,,98340,53,70,180,6,1,0,0,0,1,0,46,,,,,,0,03/15/2014,03/15/2014,20,0,0,0,8,9,8,,,0,0,0,8,0,0,0,0,0,0,0,0,0,0,996,,,,,,,,,,,,,,,,,,,,,,,,,,,,,,0,0,0,1,0,0,0,0,0,0,0,0,0,0,0,0,1,0,1,0,0,0,0,0,0,0,0,0,0,1,0,1,0,0,0,,0,0,0,0,0,0,0,0,1,0,1,0,0,0,0,0,,,,,,61-65,56-65,City street,U,Friday,Belt Used,PV,Not Fatal,1,0,0,0,City Street,State Patrol,Washington State Patrol Headquarter,0,0,0,1,0,,,,,,,,,,,,,,,,,,,,,,,,,,,,,,,,,,,,,,,,,,,
2018,147,E801942,8,05/17/2018,17:02,17,5,0,31,Jefferson,0,1,0,1,1,1,1,0,7,6,16:47,17:08,17:48,12,0,8,14.3,1,0,1,3,1,1,3,0,0,0,0,SR-104,,-122.6197722,47.85721944,0,1,64,10,2,40,34,0,0,1,7,12,1,1,2,1,1,1,1,53,0,23,481,2010,0,0,68,12,12,12,12,12,1,1,47,1,0,0,3,0,3,0,11,5,,,,,0,0,0,3,1,28,0,0,0,92,,,,,,99,,,,,,98340,53,67,145,6,1,0,0,0,0,,97,,,,,,0,,,8,0,0,0,8,9,8,,,0,0,0,8,9,2,348,,,1,,,2,1,0,,,,,,,,,,,,,,,,,,,,,,,,,,,,,,0,0,0,0,0,0,1,1,0,0,0,0,0,0,0,0,1,0,0,0,0,0,0,0,0,1,0,0,0,1,1,0,0,0,0,,0,0,0,0,0,0,1,1,1,0,0,0,0,0,1,0,,,,,,46-50,46-55,State route,R,Thursday,Belt Used,PV,Not Fatal,0,0,0,1,State Route,State Patrol,Washington State Patrol Headquarter,0,1,0,0,0,,,,,,0,0,0,,,,,,,,,,,,,,,,,,,,,,,,,,,,,,,,,,,
2020,486,EA88835,6,10/26/2020,17:58,26,10,,25,Grant,0,10,,3,1,2,1,0,2,2,,,,12,0,6,25.3,2,0,2,3,1,1,3,0,0,20,3,SR-26,SR-262,-119.4753278,46.86253056,0,1,86,17,2,98,4,0,0,1,2,12,1,1,2,1,1,1,2,53,0,49,40,1997,0,,12,,,,,,1,1,31,1,1,,4,7,99,7,11,0,10/26/2020,17:58,53050711,50711,0,0,0,0,1,39,,,,96,,,,,,9,,,,,,98344,53,,999,0,0,1,1,0,0,,0,,,,,,0,07/15/2017,07/15/2017,8,0,0,0,0,1,8,,,0,,,8,1,8,95,,,96,,,2,1,0.2,,,,,,,,,,,,,,,,,,,,,,,,,,,,,,0,0,0,1,1,1,0,1,0,0,0,0,0,1,0,0,0,0,0,0,0,0,0,0,0,0,0,0,0,1,1,0,0,0,0,,1,0,0,0,0,1,0,1,0,0,0,1,0,1,0,1,,,,,,31-35,26-35,State route,R,Monday,Unknown,PV,Hispanic,1,0,0,0,State Route,State Patrol,Washington State Patrol,0,1,0,0,0,,,,,,0,1,0,,,,,,,,,,,0,0,0,298,,,,,20,7,,,,,,,,1,0,,,,,,
2021,431,EB81853,26,10/24/2021,15:59,24,10,,35,Kitsap,0,10,,1,1,2,1,1,1,1,,,,8,0,0,,3,0,2,7,1,2,4,0,0,20,3,CR-ELWHA TER NE,GRANDVIEW BLVD,-122.6272889,47.70431111,0,1,13,80,5,25,6,0,0,1,5,8,4,2,2,1,10,1,1,53,0,52,47,2004,0,,8,,,,,,1,1,64,8,0,,0,0,3,0,11,0,,,,,0,0,0,3,1,0,,,,93,,,,,,98,,,,,,98345,53,66,190,6,1,0,1,1,1,,0,,,,,,0,12/15/2017,07/15/2019,20,0,0,0,8,9,2,,,0,,,8,8,8,95,,,96,,,8,95,995,,,,,,,,,,,,,,,,,,,,,,,,,,,,,,0,0,0,1,0,0,0,0,0,0,0,0,0,0,0,0,1,0,0,0,0,0,0,0,0,0,0,0,0,1,0,1,0,0,0,,0,0,0,0,0,0,0,0,1,0,0,0,0,0,0,0,,,,,,61-65,56-65,County road,R,Sunday,Belt Used,PV,Not Fatal,1,0,0,0,County Road,County Sheriff,Kitsap County Sheriff's Office,0,0,1,0,0,,,,,,0,0,0,,,,,,,,,,,98,98,98,0,,,,,20,,,,,,,,,1,0,,,GRANDVIEW BLVD (NE),0.038,NULL,
2018,397,E857085,26,11/03/2018,11:17,3,11,0,35,Kitsap,0,2,0,1,2,2,1,0,1,1,,,,31,0,0,1,1,0,1,5,1,2,4,0,0,0,0,CR-HANSVILLE RD NE,,-122.5415028,47.82380278,0,1,1,13,2,45,34,0,0,1,7,42,1,2,2,1,1,1,1,53,0,20,481,1998,0,0,63,31,42,,,,1,1,71,1,7,3,4,7,3,0,11,0,11/03/2018,11:17,53048297,48297,0,0,3,3,1,0,0,0,0,96,,,,,,99,,,,,,98346,53,70,260,6,1,0,0,0,0,,0,,,,,,0,,,1,0,0,0,0,9,8,,,0,0,0,8,9,2,996,,,1,,,2,1,0,,,,,,,,,,,,,,,,,,,,,,,,,,,,,,0,0,1,0,0,0,1,1,0,0,0,0,0,0,0,0,0,0,0,0,0,0,0,0,0,1,1,0,0,1,0,0,0,0,0,,1,0,0,0,0,0,1,1,0,0,0,0,0,0,1,0,,,,,,71-75,66-75,County road,R,Saturday,Belt Used,PV,AIAN,0,1,0,0,County Road,County Sheriff,Kitsap County Sheriff's Office,1,0,1,0,0,,,,,,0,0,0,,,,,,,,,,,,,,,,,,,,,,,,,,,,,,,,,,,
2019,528,E995792,238,12/14/2019,8:35,14,12,,35,Kitsap,1730,10,0,1,2,2,1,0,2,1,,,,1,0,0,0,1,0,1,4,2,4,6,0,0,0,0,FJORD DR NE,,-122.6361556,47.72301389,0,1,7,6,1,25,4,0,0,1,7,3,2,2,2,1,14,2,1,53,0,41,49,2004,0,0,68,64,67,1,3,,1,1,19,1,7,,4,0,99,7,11,5,12/15/2019,17:54,2.23053E+11,55398,0,0,0,3,1,58,0,0,0,96,,,,,,99,,,,,,98346,53,73,185,6,2,0,0,0,1,,0,,,,,,3,08/15/2019,08/15/2019,20,0,0,0,0,9,8,,,0,0,0,8,9,2,348,605,,1,1,,2,1,0,,,,,,,,,,,,,,,,,,,,,,,,,,,,,,0,0,0,0,0,0,1,1,1,0,0,0,1,0,0,0,0,0,0,0,0,1,1,0,1,0,0,0,0,1,0,0,0,0,0,,1,0,0,0,0,0,1,1,0,1,0,0,0,0,1,0,,,,,,18-20,16-25,City street,U,Saturday,Unknown,PV,White,0,1,0,0,County Road,Municipal/City Police,Poulsbo Police Department,1,0,1,0,0,,,,,,0,0,0,,,,,,,,,,,98,98,98,1,,,,,20,7,,,,,,,,,,,,,,,
2020,212,EA44532,8,06/27/2020,0:30,27,6,,27,Grays Harbor,0,10,,2,1,2,1,0,2,1,0:42,1:01,1:57,42,0,0,24.3,1,0,1,5,1,1,3,0,0,0,0,SR-109,,-124.1831861,47.15524444,0,1,1,13,2,50,4,0,0,1,2,42,3,1,2,1,14,2,1,53,0,35,43,2004,0,,63,42,,,,,1,1,27,1,0,,2,0,3,0,11,5,,,,,0,0,0,3,1,91,,,,96,,,,,,9,,,,,,98346,53,69,140,6,1,0,0,0,1,,1,,,,,,4,02/15/2018,02/15/2018,1,0,0,0,8,9,8,,,0,,,8,1,8,95,,,96,,,8,95,995,,,,,,,,,,,,,,,,,,,,,,,,,,,,,,0,0,1,0,1,0,0,0,0,0,0,0,1,0,0,0,0,0,0,0,0,0,0,0,0,0,0,0,0,1,0,0,0,0,0,,0,0,0,0,0,0,0,0,0,1,0,0,0,0,0,1,,,,,,26-30,26-35,State route,R,Saturday,Belt Used,PV,Not Fatal,0,1,0,0,State Route,State Patrol,Washington State Patrol,1,1,0,0,0,,,,,,0,0,0,,,,,,,,,,,98,98,98,0,,,,,20,7,,,,,,,,1,0,,,,,,
2020,228,EA47362,26,07/10/2020,0:15,10,7,,35,Kitsap,0,1,,2,1,2,1,0,1,1,,,,42,0,0,1.9,1,0,1,5,1,2,4,0,0,0,0,CR-MILLER BAY RD NE,,-122.5617722,47.76666111,0,1,7,9,1,45,4,0,0,1,2,42,1,1,2,1,1,1,2,53,0,51,46,2000,0,,68,64,42,,,,1,1,37,2,7,,4,7,20,7,11,0,07/10/2020,0:15,53031570,31570,0,0,0,3,1,0,,,,96,,,,,,9,,,,,,98346,53,61,223,6,1,0,0,0,0,,0,,,,,,0,,,1,0,0,0,0,9,8,,,0,,,8,1,2,124,996,,1,1,,2,1,0.173,,,,,,,,,,,,,,,,,,,,,,,,,,,,,,0,0,0,0,1,1,1,1,0,0,0,0,0,0,0,0,0,0,0,1,0,0,0,0,0,0,0,0,0,1,0,0,0,1,0,,1,0,0,0,0,1,1,1,0,0,0,0,0,0,0,1,,,,,,36-40,36-45,County road,R,Friday,Not Used,PV,AIAN,0,1,0,0,County Road,County Sheriff,Kitsap County Sheriff's Office,1,0,1,0,0,,,,,,0,0,0,,,,,,,,,,,98,98,98,3,,,,,20,7,,,,,,,,1,0,,,MILLER BAY RD NE,1.938,,
2021,312,EB60816,7,08/19/2021,23:39,19,8,,33,King,0,1,,2,1,2,1,0,3,2,,,,12,0,1,25.8,1,0,1,2,2,1,3,0,0,0,0,SR-18,,-121.8979861,47.47393333,0,2,25,53,3,55,14,1,0,1,5,12,1,2,2,3,1,1,1,53,0,2,407,2016,0,,12,,,,,,1,1,37,1,0,,0,0,3,0,11,0,,,,,0,0,0,3,1,0,,,,96,,,,,,98,,,,,,98346,53,70,180,6,1,0,0,0,0,,0,,,,,,0,,,20,0,0,0,8,9,8,,,0,,,8,8,0,0,,,0,,,0,0,996,,,,,,,,,,,,,,,,,,,,,,,,,,,,,,0,0,0,0,1,1,1,1,1,0,0,0,1,0,0,0,0,0,0,0,0,0,0,0,0,0,0,0,1,1,0,0,0,0,0,,0,0,0,0,0,0,0,0,0,0,0,0,0,0,0,0,,,,,,36-40,36-45,State route,U,Thursday,Belt Used,PV,Not Fatal,0,0,0,0,State Route,State Patrol,Washington State Patrol,0,1,0,0,0,,,,,,0,0,0,,,,,,,,,,,98,98,98,0,,,,,20,,,,,,,,,1,0,,,,,,
2017,160,E674040,35,05/23/2017,16:08,23,5,0,53,Pierce,0,1,0,1,1,2,1,0,4,3,16:08,16:27,17:23,12,0,1,0.6,1,0,1,5,1,2,4,0,0,0,0,CR-WRIGHT BLISS RD KPN,,-122.7642917,47.37764167,0,3,98,62,4,40,4,0,0,1,2,12,1,2,2,1,1,1,1,53,0,20,2,2013,0,0,12,,,,,,1,1,68,2,0,0,1,0,3,0,11,8,,,,,0,0,0,3,1,0,0,0,0,0,,,,,,0,,,,,,98349,53,66,180,6,1,0,0,0,0,0,0,,,,,,0,,,8,0,0,0,8,9,8,,,0,0,0,8,0,0,0,0,0,0,0,0,0,0,996,,,,,,,,,,,,,,,,,,,,,,,,,,,,,,0,0,0,0,1,1,1,1,1,0,0,0,1,1,0,0,0,0,0,0,0,0,0,0,0,1,0,0,0,1,0,0,0,0,0,,0,0,0,0,0,0,0,0,0,0,0,0,0,0,0,0,,,,,,66-70,66-75,County road,R,Tuesday,Belt Used,PV,Not Fatal,0,0,0,0,County Road,County Sheriff,Law Enforcement Support Agency,0,0,1,0,0,,,,,,,,,,,,,,,,,,,,,,,,,,,,,,,,,,,,,,,,,,,
2019,214,E937515,35,07/06/2019,15:27,6,7,,53,Pierce,0,1,0,1,1,2,1,0,2,1,,,,1,0,0,2.1,3,0,3,5,1,2,4,0,0,0,0,CR-WHITEMAN ROAD KP S,33RD ST SW,-122.7907861,47.22729444,0,1,7,9,1,40,20,0,0,1,7,1,3,2,2,1,14,2,1,53,0,12,443,2005,0,0,63,69,68,64,1,,1,1,62,2,0,,1,0,20,7,11,8,,,,,0,0,3,3,1,0,0,0,0,96,,,,,,0,,,,,,98349,53,63,136,6,1,0,0,0,0,,0,,,,,,0,,,20,0,0,0,8,9,8,,,0,0,0,8,0,8,95,,,96,,,8,95,995,,,,,,,,,,,,,,,,,,,,,,,,,,,,,,0,0,0,1,0,0,0,0,0,0,0,0,0,0,0,0,0,0,0,1,0,0,0,0,0,0,0,0,0,1,0,0,0,0,0,,0,0,0,0,0,0,0,0,0,0,0,0,0,0,0,0,,,,,,61-65,56-65,County road,R,Saturday,Not Used,PV,Not Fatal,0,1,0,0,County Road,County Sheriff,Law Enforcement Support Agency,1,0,1,0,0,,,,,,0,0,0,,,,,,,,,,,98,98,98,0,,,,,20,7,,,,,,,,,,,,,,,
2019,506,E942491,3,07/13/2019,12:43,13,7,,53,Pierce,2230,1,0,1,1,2,1,0,2,2,,,,38,0,0,0,8,0,1,7,2,4,6,0,0,0,0,N 9TH ST,N MILDRED ST,-122.5225528,47.25786111,0,2,98,71,4,60,5,0,0,1,5,12,1,1,3,3,1,1,1,53,0,63,38,2017,0,0,12,,,,,,1,1,38,1,0,,0,0,3,0,11,0,,,,,0,0,3,3,1,0,0,0,0,0,,,,,,0,,,,,,98349,53,74,260,6,1,0,0,0,0,,0,,,,,,0,,,20,0,0,0,8,9,8,,,0,0,0,8,0,8,95,,,96,,,8,95,995,,,,,,,,,,,,,,,,,,,,,,,,,,,,,,0,0,0,0,0,0,0,0,0,0,0,0,0,0,0,0,0,0,0,0,0,0,0,0,0,1,0,0,0,1,0,0,0,0,0,,0,0,0,0,0,0,0,0,0,0,0,0,0,0,0,0,,,,,,36-40,36-45,City street,U,Saturday,Belt Used,PV,Not Fatal,0,0,0,0,City Street,State Patrol,Washington State Patrol,0,0,0,1,0,,,,,,0,0,0,,,,,,,,,,,98,98,98,0,,,,,20,7,,,,,,,,,,,,,,,
2019,430,E990638,3,11/29/2019,19:40,29,11,,45,Mason,0,1,0,2,1,2,1,0,2,2,,,,12,0,2,4.8,1,0,1,4,1,1,3,0,0,0,0,SR-302,,-122.805625,47.36002778,0,1,50,10,2,98,4,0,0,1,2,12,3,2,2,1,14,1,2,53,0,13,1,1996,0,0,68,12,,,,,1,1,48,2,7,,4,7,3,0,11,0,11/29/2019,19:40,53053246,53246,0,0,0,2,1,28,0,0,0,93,,,,,,99,,,,,,98349,53,62,124,1,1,0,0,1,3,,0,,,,,,0,08/15/2017,08/15/2019,8,0,0,0,0,9,8,,,0,0,0,8,9,2,321,351,300,1,1,1,2,1,0,,,,,,,,,,,,,,,,,,,,,,,,,,,,,,0,0,0,0,0,0,1,1,1,0,0,0,0,1,0,0,1,0,0,0,0,0,0,0,0,0,0,0,0,1,0,0,0,0,0,,1,0,0,0,0,0,1,1,1,0,0,1,0,0,1,0,,,,,,46-50,46-55,State route,R,Friday,Belt Used,PV,White,0,1,1,0,State Route,State Patrol,Washington State Patrol,0,1,0,0,0,thc,9.2,carboxy-thc,5.7,,0,0,1,1,1,1,,,189,188,695,605,151,0,0,0,1,,,,,20,7,,,,,,,nms,,,,,,,,
2020,240,EA48948,35,07/17/2020,21:31,17,7,,53,Pierce,0,1,,2,1,2,1,0,1,1,,,,93,0,0,1.8,1,0,1,5,2,2,4,0,0,0,0,CR-CRAMER ROAD KP N,,-122.7226306,47.35701944,0,1,7,13,2,35,34,0,0,1,2,93,4,1,2,1,14,1,2,53,0,12,481,1992,0,,63,69,68,64,93,,1,1,34,2,7,,4,7,20,7,11,0,07/17/2020,21:31,53033542,33542,0,0,3,2,1,58,,,,96,,,,,,0,,,,,,98349,53,65,150,1,1,0,1,0,0,,0,,,,,,0,11/15/2019,11/15/2019,20,1,2,0,0,9,8,,,0,,,8,8,2,401,417,695,1,1,1,2,1,0,,,,,,,,,,,,,,,,,,,,,,,,,,,,,,0,0,0,0,0,0,1,1,1,0,0,0,0,1,0,0,0,0,0,1,0,0,0,0,0,0,0,0,0,1,0,0,0,1,0,,1,0,0,0,0,0,1,1,0,0,0,1,0,0,1,0,,,,,,31-35,26-35,County road,U,Friday,Not Used,PV,White,0,1,0,0,County Road,County Sheriff,Law Enforcement Support Agency,1,0,1,0,0,thc,18,carboxy-thc,51,,0,0,1,1,,,,,605,,,,,0,0,0,1,,,,,20,7,,,,,,,nms,1,0,,,CRAMER RD NW,1.77,,
2021,51,EB11532,7,02/25/2021,19:25,25,2,,33,King,100,10,,3,1,1,1,0,2,2,,,,12,0,2,6.8,1,0,1,2,2,1,3,0,0,0,0,SR-18,,-122.1838972,47.29860556,0,1,52,54,3,60,14,0,0,1,2,12,4,1,2,3,14,1,1,53,0,20,403,2005,0,,12,,,,,,1,1,39,1,0,,3,0,99,7,11,5,,,,,0,0,0,2,1,6,51,,,96,,,,,,9,,,,,,98349,53,68,175,1,1,0,4,0,1,,97,,,,,,0,01/15/2017,04/15/2021,1,0,0,0,8,9,8,,,0,,,1,0,2,401,417,695,1,1,1,2,1,0,,,,,,,,,,,,,,,,,,,,,,,,,,,,,,0,0,0,0,0,0,1,1,1,0,0,0,0,1,0,0,0,0,0,0,0,0,0,0,0,0,0,0,0,1,0,0,0,0,0,,0,0,0,0,0,0,1,1,0,0,0,1,0,0,1,0,,,,,,36-40,36-45,State route,U,Thursday,Unknown,PV,Not Fatal,0,0,0,1,State Route,State Patrol,Washington State Patrol,0,1,0,0,0,thc,4.7,carboxy-thc,63,,0,0,1,1,1,1,,,605,321,351,,,98,98,98,0,,,,,20,,,,,,,,,1,0,,,,,,
2021,256,EB52782,35,07/28/2021,22:58,28,7,,53,Pierce,0,1,,2,1,2,1,1,1,1,,,,8,0,0,0.8,3,0,3,5,1,2,4,0,0,0,0,CR-WRIGHT BLISS RD NW,109TH CT NW,-122.7639917,47.35787222,0,1,13,80,5,45,6,0,0,1,2,8,1,1,2,1,1,1,2,53,0,49,49,2006,0,,8,,,,,,1,1,63,1,0,,1,0,3,0,11,0,,,,,0,0,3,2,1,0,,,,96,,,,,,98,,,,,,98349,53,76,220,1,1,0,0,0,0,,0,,,,,,0,,,8,0,0,0,8,9,8,,,0,,,8,8,8,95,,,96,,,8,95,995,,,,,,,,,,,,,,,,,,,,,,,,,,,,,,0,0,0,1,0,0,0,0,0,0,0,0,0,1,0,0,0,0,0,0,0,0,0,0,0,0,0,0,0,1,0,1,0,0,0,,0,0,0,0,0,0,0,0,0,0,0,1,0,0,0,0,,,,,,61-65,56-65,County road,R,Wednesday,Belt Used,PV,Not Fatal,0,0,0,0,County Road,County Sheriff,Law Enforcement Support Agency,0,0,1,0,0,,,,,,0,0,0,,,,,,,,,,,98,98,98,0,,,,,20,,,,,,,,,1,0,,,WRIGHT BLISS RD NW,0.76,NULL,
2021,601,EB60921,35,08/23/2021,21:39,23,8,,53,Pierce,0,1,,2,1,1,1,0,1,1,,,,42,0,0,0.3,1,0,1,6,1,2,4,0,0,0,0,CR-TIEDMAN ROAD KP N,,-122.7964694,47.25771389,0,1,1,9,1,35,14,0,0,1,2,42,1,1,2,1,1,1,2,53,0,23,401,2007,0,,63,42,,,,,1,1,41,1,7,,4,0,3,0,11,5,09/09/2021,20:11,2.23053E+11,45564,0,0,0,2,1,0,,,,96,,,,,,98,,,,,,98349,53,70,157,1,1,0,5,0,0,,0,,,,,,0,10/15/2016,12/15/2017,1,0,0,0,0,9,8,,,0,,,8,8,8,95,,,96,,,8,95,995,,,,,,,,,,,,,,,,,,,,,,,,,,,,,,0,0,1,0,0,0,0,0,0,0,0,0,0,1,0,0,0,0,0,0,0,0,0,0,0,0,0,0,0,1,0,0,0,0,0,,1,0,0,0,0,0,0,0,0,0,0,1,0,0,0,0,,,,,,41-45,36-45,County road,R,Monday,Belt Used,PV,White,0,1,0,0,County Road,County Sheriff,Law Enforcement Support Agency,1,0,1,0,0,,,,,,0,0,1,,,,,,,,,,,98,98,98,1,,,,,20,,,,,,,,,1,0,,,TIEDEMAN RD NW,0.3,NULL,
2021,539,EC03270,35,12/20/2021,1:47,20,12,,53,Pierce,0,2,,2,2,2,1,0,1,1,,,,42,0,0,7.1,1,0,1,5,1,2,4,0,0,0,0,CR-KEY PENINSULA HWY SW,,-122.7708361,47.241725,0,1,1,13,2,40,8,0,0,1,2,42,1,1,2,1,1,1,1,53,0,12,398,1968,0,,63,42,,,,,1,1,51,1,7,,4,7,99,7,11,0,12/20/2021,2:15,53066686,66686,0,0,0,3,1,0,,,,92,,,,,,98,,,,,,98349,53,75,180,6,1,0,0,0,0,,0,,,,,,0,,,99,0,0,0,0,9,8,,,0,,,8,8,2,605,,,1,,,2,1,0.225,,,,,,,,,,,,,,,,,,,,,,,,,,,,,,0,0,1,0,1,1,1,1,1,0,0,0,0,0,0,0,1,0,0,0,0,0,0,0,0,0,0,0,0,1,0,0,0,0,0,,1,0,0,0,0,1,1,1,1,0,0,0,0,0,0,1,,,,,,51-55,46-55,County road,R,Monday,Unknown,PV,White,0,1,0,0,County Road,County Sheriff,Law Enforcement Support Agency,1,0,1,0,0,thc,1.6,,,,0,0,0,,,,,,,,,,,0,0,0,1,,,,,20,,,,,,,,nms,1,0,,,KEY PENINSULA HWY SW,7.14,NULL,
2019,396,E963305,8,09/18/2019,23:12,18,9,,35,Kitsap,180,1,0,2,1,2,1,0,2,2,,,,12,0,2,33.7,1,0,1,3,2,1,3,0,0,0,0,SR-3,,-122.7156,47.52390556,0,2,98,54,3,55,34,0,0,1,7,12,1,2,3,2,1,1,2,53,0,20,471,1991,0,0,12,,,,,,1,1,32,1,7,,4,0,99,7,11,4,09/20/2019,14:26,1.96053E+11,42033,0,0,3,3,1,0,0,0,0,92,,,,,,99,,,,,,98351,53,73,145,6,1,0,1,1,0,,0,,,,,,0,03/15/2016,03/15/2016,20,0,0,0,0,9,8,,,0,0,0,8,9,2,1,,,1,,,2,1,0,,,,,,,,,,,,,,,,,,,,,,,,,,,,,,0,0,0,0,1,1,0,1,0,0,0,0,0,1,0,0,1,0,0,0,0,0,0,1,1,0,0,0,0,1,0,0,0,0,0,,1,0,0,0,0,0,0,0,1,0,0,0,0,0,0,0,,,,,,31-35,26-35,State route,U,Wednesday,Unknown,PV,White,0,0,0,1,State Route,State Patrol,Washington State Patrol,0,1,0,0,0,,,,,,0,0,0,,,,,,,,,,,0,0,0,1,,,,,20,7,,,,,,,,,,,,,,,
2020,115,EA31740,3,05/02/2020,5:04,2,5,,53,Pierce,0,2,,2,2,2,1,0,2,1,4:09,4:16,,52,0,0,10.9,3,0,3,3,2,1,3,0,0,0,0,SR-302,131ST ST KP N,-122.7079694,47.37727778,0,1,1,13,2,45,34,0,0,1,2,42,1,4,2,1,1,2,2,53,0,7,472,1999,0,,63,52,67,42,1,,1,1,39,1,7,,4,7,20,7,11,0,05/02/2020,5:04,53021086,21086,0,0,0,2,1,0,,,,96,,,,,,9,,,,,,98352,53,72,160,1,1,0,1,1,2,,0,,,,,,0,01/15/2016,07/15/2018,20,2,9,0,0,1,1,,,0,,,1,1,2,401,417,128,1,1,1,2,1,0,,,,,,,,,,,,,,,,,,,,,,,,,,,,,,0,0,1,1,1,0,1,1,0,0,0,0,0,1,0,0,0,0,0,1,0,0,0,0,0,0,0,0,0,1,0,0,0,1,0,,1,0,0,0,0,0,1,1,0,0,0,1,0,0,1,1,,,,,,36-40,36-45,State route,U,Saturday,Not Used,PV,White,0,1,0,0,State Route,State Patrol,Washington State Patrol,1,1,0,0,0,,,,,,0,0,2,1,,,,,177,,,,,0,0,0,1,,,,,20,7,,,,,,,,1,0,,,,,,
2017,333,3752234,160,08/17/2017,20:28,17,8,0,33,King,1030,1,0,5,1,2,1,0,2,2,,,,12,0,2,0,1,0,1,4,2,4,6,0,0,0,0,MILITARY RD S,,-122.2917722,47.36603889,0,1,50,10,2,98,2,0,0,1,2,12,2,1,2,1,14,1,1,53,0,12,3,2000,0,0,12,,,,,,1,1,49,1,7,1,4,7,99,0,11,0,08/17/2017,20:28,1.03053E+11,36150,0,0,0,3,1,51,0,0,0,96,,,,,,99,,,,,,98354,53,71,135,6,1,1,1,0,0,1,0,,,,,,3,03/15/2015,08/15/2015,8,0,0,0,0,9,8,,,0,0,0,8,9,2,1,0,0,1,0,0,2,1,0.22,,,,,,,,,,,,,,,,,,,,,,,,,,,,,,0,0,0,0,1,1,0,1,0,0,0,0,1,0,0,0,0,0,0,0,0,0,0,1,1,0,0,0,0,1,0,0,0,0,0,,1,0,0,0,0,1,0,1,0,1,0,0,0,1,0,1,,,,,,46-50,46-55,City street,U,Thursday,Unknown,PV,White,0,1,1,0,City Street,Municipal/City Police,Kent Police Department,0,0,0,1,0,,,,,,,,,,,,,,,,,,,,,,,,,,,,,,,,,,,,,,,,,,,