year,case,par,repjur,crash_dt,crash_tm,accday,accmon,holiday,county,co_char,city,weather,weather2,lightcond,surfcond,surftype,numfatal,nmforms,pforms,vforms,not_tm,arr_tm,hosp_tm,fhevent,hitrun,manncol,milepnt,reljunc,reljuncinter,intersectiontype,funcsystem,landuse,ownership,route,schlbus,spejur,contdev,devfunc,trafid1,trafid2,x,y,wk_zone,vnumber,crashtype,criticalevent,criticaleventcat,spdlim,body,trailer,emerg,hazcargo,leave,mhevent,roadalgn,roadprof,traflane,trafflow,vehmanvr,numoccs,regowner,regstate,spuse,make,model,modelyr,vrf1,vrf2,seqevent1,seqevent2,seqevent3,seqevent4,seqevent5,seqevent6,pnumber,ptype,age,sex,hispanic,race,injury,diedscene,restraint,restraintmisuse,seatpos,takehosp,death_dt,death_tm,cert,cernum_wa,commlic,licendor,licrestrict,liccomp,drivpres,drf1,drf2,drf3,drf4,distract1,distract2,distract3,distract4,distract5,distract6,dricond1,dricond2,dricond3,dricond4,dricond5,dricond6,dzip,licstate,drhgt_in,weight,noncdl,noncdltype,prevdwi,prevoth,prevacc,prevspd,prevsus,driviol1,driviol2,driviol3,driviol4,driviol5,driviol6,spdrel,first_dt,last_dt,airbag,ejection,ejectpath,extricat,injurwrk,methalc,methdrug,nmlocat,strikveh,prf1,prf2,prf3,druginv,alcinvol,drugsts,drugres1,drugres2,drugres3,drugtst1,drugtst2,drugtst3,alcsts,alctst,alcres,nmact1,nmact2,nmact3,nmact4,nmact5,nmact6,nmprior1,nmprior2,nmprior3,nmprior4,nmprior5,nmprior6,nmcond1,nmcond2,nmcond3,nmcond4,nmcond5,nmcond6,nmsafe_helmet,nmsafe_pads,nmsafe_oth,nmprev_ref,nmprev_lgt,nmprev_oth,crashlocation,nmcrashtype,crosswalk,schoolzone,sidewalk,train_inv,wildlife_inv,rotr_fars,intersect_fars,dd_inv,aid_inv,dpd_inv,id_inv,mj_inv,impnm_inv,ainm_inv,dpnm_inv,speed_inv,unlic_inv,unendmc_inv,drowsy_inv,drdist_inv,nmdist_inv,fty_inv,unrestfat_inv,dr1617_inv,dr1820_inv,dr1620_inv,dr2125_inv,dr1625_inv,dr65_inv,dr70_inv,dr75_inv,mc_inv,pv_inv,ht_inv,ped_inv,bike_inv,unrest_fat,mc_fat,unhelmet_mc,pv_fat,ht_fat,ped_fat,bike_fat,dr_alc7,dr_alc8,dr_drug,dr_imp,dr_dist,dr_spd,dr_fty,dr_unlic,dr_alc7only,dr_alc8only,dr_drugonly,dr_drink,nm_imp,nm_alc7,nm_alc8,nm_drug,nm_dist,agegrp1,agegrp2,roadclass,urbrur,dayweek,restuse,vehtype,race_me,intersect,lanedep,oppdir,wrongway,rep_typ,investag,repag_long,rotr,st_rd,cty_rd,city_rd,oth_rd,drug_thc,thc_res,drug_cthc,cthc_res,drug_cann,prevpersemin,prevperse,prevsusoth,drugtst4,drugtst5,drugtst6,drugtst7,drugtst8,drugres4,drugres5,drugres6,drugres7,drugres8,adspresent,adsengaged,adslevel,race1,race2,race3,race4,race5,helmet,helmetmisuse,nmdistract1,nmdistract2,nmdistract3,nmdistract4,nmdistract5,nmdistract6,lab,isedtcase,crf1,crf2,crf3,CoRoadName,CoMP,IntCoRoadName,IntCoMP
2017,224,E689120,129,06/29/2017,9:38,29,6,0,53,Pierce,747,1,0,1,1,2,1,0,5,5,9:42,9:52,10:25,12,0,6,0,2,0,2,3,2,4,6,0,3,3,3,PACIFIC HWY E,ALEXANDER AVE E,-122.3728639,47.24311944,0,3,98,98,7,35,6,0,0,1,2,12,1,1,5,1,1,1,1,53,0,63,37,2016,0,0,12,,,,,,1,1,60,1,0,0,2,0,3,0,11,8,,,,,6,0,3,3,1,0,0,0,0,0,,,,,,0,,,,,,98354,53,69,180,6,1,0,0,0,0,1,0,,,,,,0,05/15/2015,05/15/2015,8,0,0,0,8,9,8,,,0,0,0,8,0,0,0,0,0,0,0,0,0,0,996,,,,,,,,,,,,,,,,,,,,,,,,,,,,,,0,0,0,1,0,0,1,1,0,0,0,0,1,1,0,0,0,0,0,0,0,0,0,0,0,1,0,0,0,1,0,0,0,0,0,,0,0,0,0,0,0,0,0,0,0,0,0,0,0,0,0,,,,,,56-60,56-65,City street,U,Thursday,Belt Used,PV,Not Fatal,1,0,0,0,City Street,Municipal/City Police,Fife Police Department,0,0,0,1,0,,,,,,,,,,,,,,,,,,,,,,,,,,,,,,,,,,,,,,,,,,,
2018,63,E778332,242,03/11/2018,14:55,11,3,0,53,Pierce,1770,1,0,1,1,2,1,0,3,3,,,,12,0,1,0,3,0,2,4,2,4,6,0,0,0,0,9TH ST SW,S HILL PARK DR,-122.3040833,47.16074167,0,3,98,53,3,35,4,0,0,1,5,12,1,2,5,1,5,1,1,53,0,37,32,2000,0,0,12,,,,,,1,1,56,1,0,0,1,0,99,0,11,0,,,,,0,0,0,3,1,0,0,0,0,0,,,,,,0,,,,,,98354,53,77,230,6,1,0,0,0,1,,0,,,,,,0,05/15/2015,05/15/2015,20,0,0,0,8,9,8,,,0,0,0,8,0,8,95,,,96,,,8,95,995,,,,,,,,,,,,,,,,,,,,,,,,,,,,,,0,0,0,1,0,0,0,0,0,0,0,0,1,0,0,0,1,0,0,1,0,0,0,0,0,1,1,1,0,1,0,0,0,0,0,,0,0,0,0,0,0,0,0,0,0,0,0,0,0,0,0,,,,,,56-60,56-65,City street,U,Sunday,Unknown,PV,Not Fatal,0,0,0,0,State Route,Municipal/City Police,Puyallup Police Department,0,1,0,0,0,,,,,,0,0,0,,,,,,,,,,,,,,,,,,,,,,,,,,,,,,,,,,,
2020,526,EA16333,127,02/03/2020,9:26,3,2,,33,King,735,1,,1,2,2,1,0,4,4,9:40,9:44,10:02,12,0,11,2.8,1,0,1,3,2,1,3,0,0,0,0,SR-99,,-122.3332,47.26825,0,3,98,62,4,50,15,0,0,1,5,12,1,2,4,1,1,1,1,53,0,37,421,2017,0,,12,,,,,,1,1,50,2,7,,4,7,3,0,11,0,02/03/2020,9:26,73553005644,5644,0,0,0,3,1,0,,,,96,,,,,,0,,,,,,98354,53,63,125,6,1,0,0,0,0,,0,,,,,,0,,,8,0,0,1,0,9,8,,,0,,,8,8,2,1,,,1,,,2,1,0,,,,,,,,,,,,,,,,,,,,,,,,,,,,,,0,0,0,0,0,0,1,1,0,0,0,0,0,0,0,0,0,0,0,0,0,0,0,0,0,0,0,0,0,1,1,0,0,0,0,,1,0,0,0,0,0,0,0,0,0,0,0,0,0,0,0,,,,,,46-50,46-55,State route,U,Monday,Belt Used,PV,White,0,0,0,0,State Route,Municipal/City Police,Federal Way Dept of Public Safety,0,1,0,0,0,,,,,,0,0,0,,,,,,,,,,,98,98,98,1,,,,,20,7,,,,,,,,0,0,,,,,,
2021,212,EB45852,129,07/04/2021,13:56,4,7,,53,Pierce,747,1,,1,1,2,1,0,3,2,,,,12,0,6,0,2,0,3,3,2,4,6,0,3,20,3,PACIFIC HWY E,46th Ave E,-122.3673861,47.24308889,0,1,89,17,2,20,4,0,0,1,2,12,1,1,2,1,1,1,1,53,0,49,40,2001,0,,12,,,,,,1,1,84,2,7,,4,7,99,7,11,0,07/04/2021,13:56,74753033178,33178,0,0,0,3,1,38,,,,96,,,,,,98,,,,,,98354,53,66,130,6,1,0,0,0,0,,0,,,,,,0,,,1,0,0,0,0,9,8,,,0,,,8,8,2,996,,,1,,,2,1,0,,,,,,,,,,,,,,,,,,,,,,,,,,,,,,0,0,0,1,0,0,1,1,0,0,0,0,0,1,0,0,0,0,1,0,0,0,0,0,0,1,1,1,0,1,0,0,0,0,0,,1,0,0,0,0,0,1,1,0,0,1,0,0,0,1,0,,,,,,81+,76+,City street,U,Sunday,Unknown,PV,API,1,0,0,0,City Street,Municipal/City Police,Fife Police Department,0,0,0,1,0,,,,,,0,0,0,,,,,,,,,,,98,98,98,28,,,,,20,,,,,,,,,1,0,,,,,,
2021,476,EB91189,7,11/09/2021,16:45,9,11,,33,King,1960,2,,1,2,2,1,0,3,3,,,,12,0,8,9.2,1,0,1,2,2,1,3,0,0,0,0,SR-18,,-122.1591722,47.32913889,0,3,98,54,3,60,34,0,0,1,5,12,1,1,2,3,1,1,1,53,0,7,472,2001,0,,12,,,,,,1,1,54,1,0,,2,0,3,0,11,5,,,,,6,0,0,3,1,0,,,,96,,,,,,0,,,,,,98354,53,70,190,6,1,0,0,0,0,,0,,,,,,0,,,8,0,0,0,8,9,8,,,0,,,8,8,8,95,,,96,,,0,0,996,,,,,,,,,,,,,,,,,,,,,,,,,,,,,,0,0,0,0,0,0,1,1,0,0,0,0,0,1,0,0,1,0,0,0,0,0,0,0,0,0,0,0,0,1,0,0,0,0,0,,0,0,0,0,0,0,0,0,0,0,0,0,0,0,0,0,,,,,,51-55,46-55,State route,U,Tuesday,Belt Used,PV,Not Fatal,0,0,0,1,State Route,State Patrol,Washington State Patrol,0,1,0,0,0,,,,,,0,0,0,,,,,,,,,,,98,98,98,0,,,,,20,,,,,,,,,1,0,,,,,,
2019,124,E915971,3,04/30/2019,12:00,30,4,,53,Pierce,0,1,0,1,1,2,1,0,2,2,,,,12,0,2,23.6,1,0,1,4,1,1,3,0,0,0,0,SR-7,,-122.2995083,46.81351111,0,2,51,62,4,50,63,0,0,1,5,12,3,4,2,1,14,1,1,53,0,85,881,2004,0,0,12,,,,,,1,1,58,1,0,,0,0,3,0,11,0,,,,,6,1,0,3,1,0,0,0,0,96,,,,,,0,,,,,,98355,53,72,160,6,1,0,0,0,1,,0,,,,,,0,05/15/2015,05/15/2015,20,0,0,0,8,9,8,,,0,0,0,8,0,8,95,,,96,,,8,95,995,,,,,,,,,,,,,,,,,,,,,,,,,,,,,,0,0,0,0,0,0,0,0,0,0,0,0,0,0,0,0,0,0,0,0,0,0,0,0,0,1,1,1,1,0,1,0,0,0,0,,0,0,0,0,0,0,0,0,0,0,0,0,0,0,0,0,,,,,,56-60,56-65,State route,R,Tuesday,,MHTRUCK,Not Fatal,0,1,1,0,State Route,State Patrol,Washington State Patrol,0,1,0,0,0,,,,,,0,0,0,,,,,,,,,,,98,98,98,0,,,,,20,7,,,,,,,,,,,,,,,
2017,59,E643606,8,02/16/2017,16:51,16,2,0,9,Clallam,0,5,0,1,2,2,1,1,4,1,16:58,17:12,,8,0,0,234.7,1,0,1,3,1,1,2,0,0,0,0,US-101,,-123.6625778,48.07295556,0,1,13,80,5,60,6,0,0,1,2,8,1,1,2,1,1,4,2,53,0,20,24,2009,0,0,8,,,,,,1,1,26,2,0,0,0,0,3,0,11,0,,,,,0,0,0,3,1,0,0,0,0,0,,,,,,98,,,,,,98357,53,65,119,6,1,0,0,0,1,0,0,,,,,,0,02/15/2012,02/15/2012,20,0,0,0,8,9,8,,,0,0,0,8,8,8,95,0,0,6,0,0,8,95,995,,,,,,,,,,,,,,,,,,,,,,,,,,,,,,0,0,0,0,0,0,0,0,0,0,0,0,0,0,0,0,0,0,0,0,0,0,0,0,0,0,0,0,0,1,0,1,0,0,0,,0,0,0,0,0,0,0,0,0,0,0,0,0,0,0,0,,,,,,26-30,26-35,US highway,R,Thursday,Belt Used,PV,Not Fatal,0,0,0,0,State Route,State Patrol,Washington State Patrol Headquarter,0,1,0,0,0,,,,,,,,,,,,,,,,,,,,,,,,,,,,,,,,,,,,,,,,,,,
2018,147,E801942,8,05/17/2018,17:02,17,5,0,31,Jefferson,0,1,0,1,1,1,1,0,7,6,16:47,17:08,17:48,12,0,8,14.3,1,0,1,3,1,1,3,0,0,0,0,SR-104,,-122.6197722,47.85721944,0,6,98,62,4,40,4,0,0,1,5,12,1,1,2,1,1,1,1,53,0,41,50,2017,0,0,12,,,,,,1,1,40,1,0,0,0,0,3,0,11,0,,,,,0,0,3,3,1,0,0,0,0,96,,,,,,0,,,,,,98357,53,72,260,6,1,0,0,0,1,,0,,,,,,0,10/15/2014,10/15/2014,99,0,0,0,8,9,8,,,0,0,0,8,0,0,0,,,0,,,0,0,996,,,,,,,,,,,,,,,,,,,,,,,,,,,,,,0,0,0,0,0,0,1,1,0,0,0,0,0,0,0,0,1,0,0,0,0,0,0,0,0,1,0,0,0,1,1,0,0,0,0,,0,0,0,0,0,0,0,0,0,0,0,0,0,0,0,0,,,,,,36-40,36-45,State route,R,Thursday,Belt Used,PV,Not Fatal,0,0,0,1,State Route,State Patrol,Washington State Patrol Headquarter,0,1,0,0,0,,,,,,0,0,0,,,,,,,,,,,,,,,,,,,,,,,,,,,,,,,,,,,
2020,276,EA54393,8,08/04/2020,17:28,4,8,,9,Clallam,0,1,,1,1,2,1,0,7,2,18:09,18:37,19:16,12,0,6,54.8,1,0,1,5,1,1,3,0,0,0,0,SR-112,,-123.6632528,48.11891667,0,1,66,10,2,55,14,0,0,1,2,12,1,1,2,1,15,6,2,53,0,20,403,2003,0,,68,12,,,,,1,1,44,1,0,,2,0,20,7,11,5,,,,,0,0,0,2,1,28,,,,96,,,,,,9,,,,,,98357,53,78,225,1,1,0,0,0,0,,3,,,,,,4,08/15/2015,08/15/2015,20,0,0,0,8,9,8,,,0,,,1,8,2,124,996,401,1,1,1,2,1,0,,,,,,,,,,,,,,,,,,,,,,,,,,,,,,0,0,0,0,0,0,1,1,0,0,0,0,1,1,0,0,0,0,0,1,0,0,0,0,0,1,0,0,0,1,0,0,0,0,0,,0,0,0,0,0,0,1,1,0,1,0,1,0,0,1,0,,,,,,41-45,36-45,State route,R,Tuesday,Not Used,PV,Not Fatal,0,1,1,0,State Route,State Patrol,Washington State Patrol,0,1,0,0,0,,,,,,0,0,1,1,,,,,417,,,,,98,98,98,0,,,,,20,7,,,,,,,,1,0,,,,,,
2021,140,EB31925,6,04/21/2021,20:18,21,4,,25,Grant,0,1,,5,1,2,1,0,2,2,,,,12,0,2,14.2,1,0,1,2,1,1,3,0,0,0,0,SR-26,,-119.7030194,46.899025,0,2,51,62,4,60,34,0,0,1,2,12,1,1,2,1,1,1,3,53,0,23,481,2016,0,,12,,,,,,1,1,20,1,0,,3,0,3,0,11,5,,,,,6,0,3,3,1,0,,,,96,,,,,,98,,,,,,98357,53,70,195,6,1,0,0,1,1,,0,,,,,,0,08/15/2020,03/15/2020,8,0,0,0,8,9,8,,,0,,,8,8,0,0,,,0,,,0,0,996,,,,,,,,,,,,,,,,,,,,,,,,,,,,,,0,0,0,0,0,0,1,1,0,0,0,0,0,0,0,0,0,0,0,0,0,1,1,0,1,1,1,0,0,1,0,0,0,0,0,,0,0,0,0,0,0,0,0,0,0,0,0,0,0,0,0,,,,,,18-20,16-25,State route,R,Wednesday,Belt Used,PV,Not Fatal,0,1,1,0,State Route,State Patrol,Washington State Patrol,0,1,0,0,0,,,,,,0,0,0,,,,,,,,,,,98,98,98,0,,,,,20,,,,,,,,,1,0,,,,,,
2017,459,E733425,26,10/31/2017,8:00,31,10,0,35,Kitsap,0,99,0,9,99,2,1,0,1,1,,,,18,0,0,0.9,1,0,1,7,1,2,4,0,0,0,0,CR-FAGERUD RD SE,,-122.5834917,47.425375,0,1,6,12,2,35,4,0,0,1,2,18,2,1,2,1,14,1,1,53,0,20,25,2014,0,0,68,64,18,,,,1,1,89,2,7,1,4,7,3,0,11,0,10/31/2017,8:00,53047708,47708,0,0,1,3,1,0,0,0,0,92,,,,,,99,,,,,,98359,53,62,122,6,1,0,0,0,0,0,0,,,,,,0,,,1,0,0,1,0,9,8,,,0,0,0,8,9,2,1,0,0,1,0,0,2,1,0,,,,,,,,,,,,,,,,,,,,,,,,,,,,,,0,0,1,0,0,0,0,0,0,0,0,0,0,0,0,0,1,0,0,0,0,0,0,0,0,1,1,1,0,1,0,0,0,0,0,,1,0,0,0,0,0,0,0,1,0,0,0,0,0,0,0,,,,,,81+,76+,County road,R,Tuesday,Belt Used,PV,White,0,1,0,0,County Road,County Sheriff,Kitsap County Sheriff's Office,1,0,1,0,0,,,,,,,,,,,,,,,,,,,,,,,,,,,,,,,,,,,,,,,,,,,
2017,483,E754695,8,11/20/2017,22:15,20,11,0,35,Kitsap,0,1,0,2,1,2,1,0,3,3,22:16,22:28,,1,0,0,0.3,5,1,1,3,1,1,3,0,0,0,0,SR-16 RAMP Q101864,,-122.6248528,47.40727222,0,1,98,6,1,98,80,0,0,1,2,12,1,1,1,6,1,1,1,53,0,98,705,1997,0,0,1,12,12,,,,1,1,32,1,7,1,4,0,5,0,11,1,11/21/2017,11:51,1.96053E+11,51126,0,0,0,3,1,0,0,0,0,96,,,,,,99,,,,,,98359,53,69,155,6,1,0,0,1,0,0,0,,,,,,4,05/15/2014,05/15/2014,20,8,0,0,0,9,8,,,0,0,0,8,1,2,695,0,0,1,0,0,2,1,0,,,,,,,,,,,,,,,,,,,,,,,,,,,,,,0,0,0,0,1,0,1,1,1,0,0,0,1,0,0,0,0,0,0,0,0,0,0,0,0,0,0,0,1,0,1,0,0,0,1,0,0,0,0,0,0,0,1,1,0,1,0,0,0,0,1,1,,,,,,31-35,26-35,State route,R,Monday,,MC,White,0,1,0,0,State Route,State Patrol,Washington State Patrol Headquarter,1,1,0,0,0,,,carboxy-thc,10,,,,,,,,,,,,,,,,,,,,,,,,,,,,,,,,,,,,,,,
2019,199,E934932,26,06/27/2019,16:26,27,6,,35,Kitsap,0,1,0,1,1,2,1,0,3,2,,,,12,0,2,2.2,1,0,1,5,1,2,4,0,0,0,0,CR-SE BURLEY OLALLA RD,,-122.5843806,47.43116667,0,2,51,62,4,40,34,0,0,1,7,12,3,2,2,1,14,2,1,53,0,12,481,2001,0,0,12,,,,,,1,1,41,1,0,,1,0,3,0,11,8,,,,,6,0,0,3,1,0,0,0,0,96,,,,,,0,,,,,,98359,53,72,265,6,1,0,0,0,0,,0,,,,,,0,,,1,0,0,0,8,9,8,,,0,0,0,8,0,8,95,,,96,,,8,95,995,,,,,,,,,,,,,,,,,,,,,,,,,,,,,,0,0,0,0,1,0,1,1,1,0,0,0,0,0,0,0,0,0,0,0,0,0,0,0,0,0,0,0,0,1,0,0,0,0,0,,0,0,0,0,0,0,0,0,0,0,0,0,0,0,0,0,,,,,,41-45,36-45,County road,R,Thursday,Belt Used,PV,Not Fatal,0,1,1,0,County Road,County Sheriff,Kitsap County Sheriff's Office,0,0,1,0,0,,,,,,0,0,0,,,,,,,,,,,98,98,98,0,,,,,20,7,,,,,,,,,,,,,,,
2017,94,E658363,5,03/27/2017,21:02,27,3,0,41,Lewis,0,2,0,2,2,2,1,0,1,1,21:20,21:51,23:05,24,0,0,88.9,1,0,1,3,1,1,2,0,0,0,0,US-12,,-122.4403028,46.54231944,0,1,1,13,2,55,80,0,0,1,2,24,3,1,2,1,14,1,2,53,0,72,706,2001,0,0,63,24,,,,,1,1,56,1,7,1,4,0,16,0,11,1,03/27/2017,23:17,2.37053E+11,15243,6,0,0,3,1,0,0,0,0,96,,,,,,9,,,,,,98360,53,72,240,6,1,0,1,0,1,0,0,,,,,,0,11/15/2012,07/15/2013,20,8,0,0,0,1,8,,,0,0,0,8,1,2,1,0,0,1,0,0,2,1,0.16,,,,,,,,,,,,,,,,,,,,,,,,,,,,,,0,0,1,0,1,1,0,1,0,0,0,0,0,0,0,0,0,0,0,0,0,0,0,0,0,0,0,0,1,0,0,0,0,0,1,1,0,0,0,0,0,1,0,1,0,0,0,0,0,1,0,1,,,,,,56-60,56-65,US highway,R,Monday,,MC,White,0,1,0,0,State Route,State Patrol,Washington State Patrol Headquarter,1,1,0,0,0,,,,,,,,,,,,,,,,,,,,,,,,,,,,,,,,,,,,,,,,,,,
2017,142,E669260,35,05/06/2017,18:28,6,5,0,53,Pierce,0,1,0,1,1,2,1,0,1,1,18:24,18:31,,42,0,0,0.4,3,0,3,6,1,2,4,0,0,0,0,CR-PATTERSON RD E,213TH AVE CT E,-122.1509556,47.08992778,0,1,6,12,2,35,14,0,0,1,2,42,3,2,2,1,14,1,1,53,0,12,401,1995,0,0,68,64,42,,,,1,1,58,1,7,1,4,7,20,0,11,0,05/06/2017,19:22,1.62053E+11,20964,0,0,0,3,1,0,0,0,0,96,,,,,,99,,,,,,98360,53,72,245,6,1,0,0,0,0,0,0,,,,,,4,,,20,0,0,0,0,9,8,,,0,0,0,8,9,2,1,0,0,1,0,0,2,1,0.26,,,,,,,,,,,,,,,,,,,,,,,,,,,,,,0,0,1,1,1,1,0,1,0,0,0,0,1,0,0,0,0,0,0,1,0,0,0,0,0,0,0,0,0,1,0,0,0,1,0,,1,0,0,0,0,1,0,1,0,1,0,0,0,1,0,1,,,,,,56-60,56-65,County road,R,Saturday,Not Used,PV,White,0,1,0,0,County Road,County Sheriff,Law Enforcement Support Agency,1,0,1,0,0,,,,,,,,,,,,,,,,,,,,,,,,,,,,,,,,,,,,,,,,,,,
2019,129,E917036,3,05/04/2019,14:58,4,5,,53,Pierce,0,1,0,9,1,2,1,0,1,1,,,,1,0,0,8.6,1,0,1,4,2,1,3,0,0,0,0,SR-162,,-122.1869139,47.08185556,0,1,7,6,1,50,2,0,0,1,2,1,3,1,2,1,14,1,2,53,0,49,38,1991,0,0,63,69,68,64,1,3,1,1,70,1,7,,4,7,2,0,11,0,05/04/2019,14:58,53020553,20553,0,0,0,2,1,0,0,0,0,93,,,,,,99,,,,,,98360,53,69,160,1,1,0,0,0,0,,0,,,,,,4,11/15/2015,11/15/2015,20,0,0,0,0,9,8,,,0,0,0,8,9,2,996,401,417,1,1,1,2,1,0.141,,,,,,,,,,,,,,,,,,,,,,,,,,,,,,0,0,0,0,1,1,1,1,1,0,0,0,1,1,0,0,1,0,0,0,0,0,0,0,0,1,1,0,0,1,0,0,0,0,0,,1,0,0,0,0,1,1,1,1,1,0,1,0,0,0,1,,,,,,66-70,66-75,State route,U,Saturday,Belt Used,PV,White,0,1,0,0,State Route,State Patrol,Washington State Patrol,1,1,0,0,0,thc,11,carboxy-thc,32,,0,0,1,1,1,,,,695,605,,,,0,0,0,1,,,,,20,7,,,,,,,nms,,,,,,,,
2019,277,E944819,3,07/27/2019,19:58,27,7,,53,Pierce,0,1,0,1,1,2,1,0,1,1,,,,53,0,0,45.4,1,0,1,3,2,1,3,0,0,0,0,SR-7,,-122.40725,47.06209167,0,1,2,51,3,50,14,0,0,1,2,1,1,1,5,5,1,1,1,53,0,48,401,1998,0,0,63,53,31,35,67,1,1,1,36,1,7,,4,7,3,0,11,0,07/27/2019,19:58,53034878,34878,0,0,0,3,1,58,0,0,0,96,,,,,,99,,,,,,98360,53,69,170,6,1,0,1,0,1,,0,,,,,,4,08/15/2014,08/15/2017,20,0,0,0,0,9,8,,,0,0,0,8,9,2,321,351,605,1,1,1,2,1,0.105,,,,,,,,,,,,,,,,,,,,,,,,,,,,,,0,0,0,0,1,1,1,1,1,0,0,0,1,0,0,0,0,0,0,0,0,0,0,0,0,0,0,0,0,1,0,0,0,0,0,,1,0,0,0,0,1,1,1,0,1,0,0,0,0,0,1,,,,,,36-40,36-45,State route,U,Saturday,Belt Used,PV,White,0,1,0,0,State Route,State Patrol,Washington State Patrol,1,1,0,0,0,thc,50,carboxy-thc,190,,0,0,1,1,,,,,695,,,,,0,0,0,1,,,,,20,7,,,,,,,nms,,,,,,,,
2019,417,E985970,35,11/22/2019,5:54,22,11,,53,Pierce,0,1,0,2,1,2,1,0,2,2,,,,12,0,2,12.2,1,0,1,4,1,2,4,0,0,0,0,CR-ORTING KAPOWSIN HWY,,-122.2519528,47.02861389,0,1,50,10,2,45,4,0,0,1,5,12,1,1,2,1,1,1,1,53,0,30,40,2015,0,0,68,68,68,12,,,1,1,42,1,7,,4,7,3,0,11,0,11/22/2019,5:54,53051608,51608,0,0,3,3,1,28,58,0,0,96,,,,,,99,,,,,,98360,53,70,190,6,1,0,0,0,0,,0,,,,,,0,,,2,0,0,0,0,9,8,,,0,0,0,8,9,2,1,,,1,,,2,1,0,,,,,,,,,,,,,,,,,,,,,,,,,,,,,,0,0,0,0,0,0,0,0,0,0,0,0,0,0,0,0,0,0,0,0,0,0,0,0,0,0,0,0,0,1,1,0,0,0,0,,1,0,0,0,0,0,0,0,0,0,0,0,0,0,0,0,,,,,,41-45,36-45,County road,R,Friday,Belt Used,PV,White,0,1,1,0,County Road,County Sheriff,Law Enforcement Support Agency,0,0,1,0,0,,,,,,0,0,0,,,,,,,,,,,98,98,98,1,,,,,20,7,,,,,,,,,,,,,,,
2020,526,EA16333,127,02/03/2020,9:26,3,2,,33,King,735,1,,1,2,2,1,0,4,4,9:40,9:44,10:02,12,0,11,2.8,1,0,1,3,2,1,3,0,0,0,0,SR-99,,-122.3332,47.26825,0,1,32,8,1,50,66,1,0,1,2,12,1,2,4,1,1,1,3,53,0,87,881,1991,0,,12,68,12,12,,,1,1,51,1,0,,1,0,3,0,11,5,,,,,6,1,0,3,1,28,,,,96,,,,,,98,,,,,,98360,53,69,210,6,1,0,2,5,2,,97,,,,,,0,12/15/2016,03/15/2019,20,0,0,0,8,9,8,,,0,,,8,8,2,402,,,1,,,2,1,0,,,,,,,,,,,,,,,,,,,,,,,,,,,,,,0,0,0,0,0,0,1,1,0,0,0,0,0,0,0,0,0,0,0,0,0,0,0,0,0,0,0,0,0,1,1,0,0,0,0,,0,0,0,0,0,0,1,1,0,0,0,0,0,0,1,0,,,,,,51-55,46-55,State route,U,Monday,,MHTRUCK,Not Fatal,0,0,0,0,State Route,Municipal/City Police,Federal Way Dept of Public Safety,0,1,0,0,0,,,,,,0,0,2,,,,,,,,,,,0,0,0,0,,,,,20,7,,,,,,,,0,0,,,,,,
2020,472,EA86312,7,12/01/2020,23:35,1,12,,33,King,1640,1,,3,1,2,2,0,7,7,,,,12,0,2,13.2,1,0,1,3,2,1,3,0,0,0,0,SR-167,,-122.2607278,47.26889167,0,3,98,98,7,60,66,2,0,1,5,12,1,1,2,3,1,1,3,53,0,87,881,2017,0,,12,,,,,,1,1,30,1,0,,0,0,3,0,11,0,,,,,6,1,0,3,1,0,,,,96,,,,,,0,,,,,,98360,53,70,240,6,1,0,0,0,0,,0,,,,,,0,,,20,0,0,0,8,9,8,,,0,,,8,8,0,0,,,0,,,0,0,996,,,,,,,,,,,,,,,,,,,,,,,,,,,,,,0,0,0,0,1,0,0,0,0,0,0,0,0,0,0,0,0,0,0,0,0,0,0,1,1,0,0,0,1,1,1,0,0,0,0,,0,0,0,0,0,0,0,0,0,0,0,0,0,0,0,0,,,,,,26-30,26-35,State route,U,Tuesday,,MHTRUCK,Not Fatal,0,0,0,1,State Route,State Patrol,Washington State Patrol,0,1,0,0,0,,,,,,0,0,0,,,,,,,,,,,98,98,98,0,,,,,20,7,,,,,,,,1,14,,,,,,
2020,483,EA88463,288,11/05/2020,16:36,5,11,,53,Pierce,2210,2,,1,2,2,1,0,2,2,16:35,16:45,17:45,12,0,2,9999.8,1,0,1,4,2,4,6,0,0,0,0,E VALLEY HWY E,,-122.2269194,47.22680833,0,2,51,62,4,35,6,0,0,1,2,12,2,1,2,1,14,1,1,53,0,63,37,2013,0,,12,,,,,,1,1,40,2,0,,2,0,3,0,11,8,,,,,0,0,0,3,1,0,,,,96,,,,,,98,,,,,,98360,53,63,110,6,1,0,0,1,0,,0,,,,,,0,06/15/2017,06/15/2017,1,0,0,0,8,9,8,,,0,,,8,8,8,95,,,96,,,8,95,995,,,,,,,,,,,,,,,,,,,,,,,,,,,,,,0,0,0,0,0,0,0,0,0,0,0,0,0,0,0,0,1,0,0,0,0,0,0,0,0,0,0,0,0,1,0,0,0,0,0,,0,0,0,0,0,0,0,0,0,0,0,0,0,0,0,0,,,,,,36-40,36-45,City street,U,Thursday,Belt Used,PV,Not Fatal,0,1,1,0,City Street,Municipal/City Police,Sumner Police Department,0,0,0,1,0,,,,,,0,0,0,,,,,,,,,,,98,98,98,0,,,,,20,7,,,,,,,,1,0,,,,,,