year,case,par,repjur,crash_dt,crash_tm,accday,accmon,holiday,county,co_char,city,weather,weather2,lightcond,surfcond,surftype,numfatal,nmforms,pforms,vforms,not_tm,arr_tm,hosp_tm,fhevent,hitrun,manncol,milepnt,reljunc,reljuncinter,intersectiontype,funcsystem,landuse,ownership,route,schlbus,spejur,contdev,devfunc,trafid1,trafid2,x,y,wk_zone,vnumber,crashtype,criticalevent,criticaleventcat,spdlim,body,trailer,emerg,hazcargo,leave,mhevent,roadalgn,roadprof,traflane,trafflow,vehmanvr,numoccs,regowner,regstate,spuse,make,model,modelyr,vrf1,vrf2,seqevent1,seqevent2,seqevent3,seqevent4,seqevent5,seqevent6,pnumber,ptype,age,sex,hispanic,race,injury,diedscene,restraint,restraintmisuse,seatpos,takehosp,death_dt,death_tm,cert,cernum_wa,commlic,licendor,licrestrict,liccomp,drivpres,drf1,drf2,drf3,drf4,distract1,distract2,distract3,distract4,distract5,distract6,dricond1,dricond2,dricond3,dricond4,dricond5,dricond6,dzip,licstate,drhgt_in,weight,noncdl,noncdltype,prevdwi,prevoth,prevacc,prevspd,prevsus,driviol1,driviol2,driviol3,driviol4,driviol5,driviol6,spdrel,first_dt,last_dt,airbag,ejection,ejectpath,extricat,injurwrk,methalc,methdrug,nmlocat,strikveh,prf1,prf2,prf3,druginv,alcinvol,drugsts,drugres1,drugres2,drugres3,drugtst1,drugtst2,drugtst3,alcsts,alctst,alcres,nmact1,nmact2,nmact3,nmact4,nmact5,nmact6,nmprior1,nmprior2,nmprior3,nmprior4,nmprior5,nmprior6,nmcond1,nmcond2,nmcond3,nmcond4,nmcond5,nmcond6,nmsafe_helmet,nmsafe_pads,nmsafe_oth,nmprev_ref,nmprev_lgt,nmprev_oth,crashlocation,nmcrashtype,crosswalk,schoolzone,sidewalk,train_inv,wildlife_inv,rotr_fars,intersect_fars,dd_inv,aid_inv,dpd_inv,id_inv,mj_inv,impnm_inv,ainm_inv,dpnm_inv,speed_inv,unlic_inv,unendmc_inv,drowsy_inv,drdist_inv,nmdist_inv,fty_inv,unrestfat_inv,dr1617_inv,dr1820_inv,dr1620_inv,dr2125_inv,dr1625_inv,dr65_inv,dr70_inv,dr75_inv,mc_inv,pv_inv,ht_inv,ped_inv,bike_inv,unrest_fat,mc_fat,unhelmet_mc,pv_fat,ht_fat,ped_fat,bike_fat,dr_alc7,dr_alc8,dr_drug,dr_imp,dr_dist,dr_spd,dr_fty,dr_unlic,dr_alc7only,dr_alc8only,dr_drugonly,dr_drink,nm_imp,nm_alc7,nm_alc8,nm_drug,nm_dist,agegrp1,agegrp2,roadclass,urbrur,dayweek,restuse,vehtype,race_me,intersect,lanedep,oppdir,wrongway,rep_typ,investag,repag_long,rotr,st_rd,cty_rd,city_rd,oth_rd,drug_thc,thc_res,drug_cthc,cthc_res,drug_cann,prevpersemin,prevperse,prevsusoth,drugtst4,drugtst5,drugtst6,drugtst7,drugtst8,drugres4,drugres5,drugres6,drugres7,drugres8,adspresent,adsengaged,adslevel,race1,race2,race3,race4,race5,helmet,helmetmisuse,nmdistract1,nmdistract2,nmdistract3,nmdistract4,nmdistract5,nmdistract6,lab,isedtcase,crf1,crf2,crf3,CoRoadName,CoMP,IntCoRoadName,IntCoMP
2019,19,E885827,29,01/04/2019,0:04,4,1,,41,Lewis,0,2,0,2,2,2,1,0,2,1,,,,1,0,0,0.2,1,0,1,7,1,2,4,0,0,0,0,CR-CANNON RD,,-121.6817778,46.62236667,0,1,1,13,2,35,14,0,0,1,7,1,2,1,2,1,14,2,2,26,0,2,403,2000,0,0,63,1,,,,,1,1,22,1,0,,0,0,20,7,11,0,,,,,0,0,3,3,1,0,0,0,0,96,,,,,,0,,,,,,98361,53,74,155,6,1,0,0,0,0,,97,,,,,,0,,,20,0,0,0,8,9,8,,,0,0,0,8,0,2,695,605,,1,1,,2,1,0,,,,,,,,,,,,,,,,,,,,,,,,,,,,,,0,0,1,0,0,0,1,1,1,0,0,0,0,0,0,0,0,0,0,1,0,0,0,1,1,0,0,0,0,1,0,0,0,0,0,,0,0,0,0,0,0,1,1,0,0,0,0,0,0,1,0,,,,,,21-25,16-25,County road,R,Friday,Not Used,PV,Not Fatal,0,1,0,0,County Road,County Sheriff,Lewis County Sheriff's Office,1,0,1,0,0,thc,5.4,carboxy-thc,59,,0,0,0,,,,,,,,,,,98,98,98,0,,,,,20,7,,,,,,,,,,,,,,,
2017,550,17-0332,8,10/31/2017,6:16,31,10,0,9,Clallam,0,98,0,8,98,2,1,0,1,1,,,,1,0,0,230,1,0,1,3,1,1,2,0,0,0,0,US-101,,-123.7661861,48.07688611,0,1,98,6,1,35,66,1,0,1,2,24,2,8,2,1,14,1,9,99,0,85,881,2004,0,0,68,1,24,,,,1,1,44,1,7,1,4,7,20,0,11,0,10/31/2017,6:16,53047403,47403,6,1,0,3,1,0,0,0,0,96,,,,,,99,,,,,,98362,53,71,230,6,1,0,0,0,0,0,0,,,,,,4,,,98,1,9,0,1,9,8,,,0,0,0,8,9,2,1,0,0,1,0,0,2,1,0,,,,,,,,,,,,,,,,,,,,,,,,,,,,,,0,0,0,0,0,0,0,0,0,0,0,0,1,0,0,0,0,0,0,0,0,0,0,0,0,0,0,0,0,0,1,0,0,0,0,,0,1,0,0,0,0,0,0,0,1,0,0,0,0,0,0,,,,,,41-45,36-45,US highway,R,Tuesday,,MHTRUCK,White,0,0,0,0,State Route,,,0,1,0,0,0,,,,,,,,,,,,,,,,,,,,,,,,,,,,,,,,,,,,,,,,,,,
2017,270,E696023,8,07/28/2017,7:30,28,7,0,9,Clallam,0,1,0,1,1,2,1,0,2,2,,,,12,0,6,54.6,2,0,2,5,1,1,3,0,0,0,0,SR-112,THOMPSON RD,-123.6669611,48.11908889,0,2,88,66,4,55,66,1,0,1,5,12,1,1,2,1,1,1,3,53,0,87,884,1990,0,0,12,,,,,,1,1,60,1,0,0,0,0,3,0,11,0,,,,,6,1,0,3,1,0,0,0,0,0,,,,,,0,,,,,,98362,53,69,180,6,1,0,0,0,0,0,0,,,,,,0,,,20,0,0,0,8,9,8,,,0,0,0,8,0,0,0,0,0,0,0,0,0,0,996,,,,,,,,,,,,,,,,,,,,,,,,,,,,,,0,0,0,1,0,0,0,0,0,0,0,0,0,0,0,0,0,0,1,0,0,0,0,0,0,0,0,0,0,1,1,0,0,0,0,,0,0,0,0,0,0,0,0,0,0,0,0,0,0,0,0,,,,,,56-60,56-65,State route,R,Friday,,MHTRUCK,Not Fatal,1,0,0,0,State Route,State Patrol,Washington State Patrol Headquarter,0,1,0,0,0,,,,,,,,,,,,,,,,,,,,,,,,,,,,,,,,,,,,,,,,,,,
2018,69,E782562,8,03/13/2018,6:36,13,3,0,35,Kitsap,0,1,0,1,1,2,1,0,3,3,6:34,6:43,,12,0,2,56.7,1,0,1,3,1,1,3,0,0,0,0,SR-3,,-122.6451833,47.81473611,0,1,50,10,2,55,21,0,0,1,2,12,1,1,2,1,1,1,1,53,0,20,461,2008,0,0,68,12,12,,,,1,1,65,1,7,1,4,7,20,0,11,0,03/13/2018,6:36,53011787,11787,0,0,3,3,1,28,0,0,0,96,,,,,,99,,,,,,98362,53,72,220,6,1,0,0,0,0,,0,,,,,,0,,,1,0,0,0,0,9,8,,,0,0,0,8,9,2,1,,,1,,,2,1,0,,,,,,,,,,,,,,,,,,,,,,,,,,,,,,0,0,0,0,0,0,0,0,0,0,0,0,0,0,0,0,0,0,0,1,0,0,0,0,0,1,0,0,0,1,1,0,0,1,0,,1,0,0,0,0,0,0,0,0,0,0,0,0,0,0,0,,,,,,61-65,56-65,State route,R,Tuesday,Not Used,PV,White,0,0,0,1,State Route,State Patrol,Washington State Patrol Headquarter,0,1,0,0,0,,,,,,0,0,0,,,,,,,,,,,,,,,,,,,,,,,,,,,,,,,,,,,
2018,205,E813012,8,06/21/2018,17:00,21,6,0,9,Clallam,0,1,0,1,1,2,1,0,2,2,17:17,17:23,,12,0,2,251.7,1,0,1,3,2,1,2,0,0,0,0,US-101,,-123.3548583,48.10292778,0,2,51,62,4,45,34,0,0,1,7,12,3,2,2,1,14,1,2,53,0,7,482,2006,0,0,12,,,,,,1,1,22,1,0,0,0,0,3,0,11,0,,,,,0,0,0,3,1,0,0,0,0,96,,,,,,0,,,,,,98362,53,72,160,6,1,0,0,0,0,,0,,,,,,0,,,20,0,0,0,8,9,2,,,0,0,0,0,0,8,95,,,96,,,8,95,995,,,,,,,,,,,,,,,,,,,,,,,,,,,,,,0,0,0,0,0,0,0,0,0,0,0,0,0,0,0,0,0,0,0,0,0,1,1,1,1,0,0,0,1,1,0,0,0,0,0,,0,0,0,0,0,0,0,0,0,0,0,0,0,0,0,0,,,,,,21-25,16-25,US highway,U,Thursday,Belt Used,PV,Not Fatal,0,0,0,0,State Route,State Patrol,Washington State Patrol,0,1,0,0,0,,,,,,0,0,0,,,,,,,,,,,,,,,,,,,,,,,,,,,,,,,,,,,
2018,405,E850607,8,10/01/2018,16:55,1,10,0,31,Jefferson,0,10,0,1,2,2,1,0,2,2,,,,12,0,6,2.2,1,0,1,3,1,1,3,0,0,0,0,SR-20,,-122.8453472,47.996825,0,2,62,62,4,50,34,0,0,1,7,12,1,2,2,1,1,1,3,53,0,12,481,1992,0,0,12,63,24,,,,1,1,35,1,0,0,1,0,3,0,11,4,,,,,0,0,0,3,1,0,0,0,0,96,,,,,,0,,,,,,98362,53,69,158,6,1,0,0,0,0,,0,,,,,,0,,,20,0,0,0,8,9,8,,,0,0,0,8,0,8,95,,,96,,,8,95,995,,,,,,,,,,,,,,,,,,,,,,,,,,,,,,0,0,0,0,0,0,0,0,0,0,0,0,1,0,0,0,0,0,0,0,0,0,0,1,1,0,0,0,0,1,0,0,0,0,0,,0,0,0,0,0,0,0,0,0,0,0,0,0,0,0,0,,,,,,31-35,26-35,State route,R,Monday,Belt Used,PV,Not Fatal,0,1,1,0,State Route,State Patrol,Washington State Patrol,0,1,0,0,0,,,,,,0,0,0,,,,,,,,,,,,,,,,,,,,,,,,,,,,,,,,,,,
2019,172,E927874,8,05/29/2019,16:42,29,5,,9,Clallam,1990,1,0,1,1,2,1,0,2,2,,,,12,0,2,263.2,1,0,1,3,2,1,2,0,0,0,0,US-101,,-123.1143806,48.07320278,0,1,51,62,4,55,6,0,0,1,2,12,1,1,2,1,1,1,1,53,0,12,37,2003,0,0,12,,,,,,1,1,27,1,7,,4,7,3,0,11,0,05/29/2019,16:42,1.99053E+11,25381,0,0,3,3,1,0,0,0,0,96,,,,,,99,,,,,,98362,53,72,185,6,1,0,1,1,0,,0,,,,,,0,11/15/2016,11/15/2016,1,0,0,0,0,9,8,,,0,0,0,8,9,2,1,,,1,,,2,1,0,,,,,,,,,,,,,,,,,,,,,,,,,,,,,,0,0,0,0,1,0,0,0,0,0,0,0,0,0,0,0,0,0,0,0,0,0,0,1,1,0,0,0,0,1,0,0,0,0,0,,1,0,0,0,0,0,0,0,0,0,0,0,0,0,0,0,,,,,,26-30,26-35,US highway,U,Wednesday,Belt Used,PV,White,0,1,1,0,State Route,State Patrol,Washington State Patrol,0,1,0,0,0,,,,,,0,0,0,,,,,,,,,,,98,98,98,1,,,,,20,7,,,,,,,,,,,,,,,
2019,172,E927874,8,05/29/2019,16:42,29,5,,9,Clallam,1990,1,0,1,1,2,1,0,2,2,,,,12,0,2,263.2,1,0,1,3,2,1,2,0,0,0,0,US-101,,-123.1143806,48.07320278,0,2,50,10,2,55,14,0,0,1,2,12,1,1,2,1,1,1,1,53,0,41,402,2001,0,0,63,69,68,12,,,1,1,25,1,0,,2,0,3,0,11,8,,,,,0,0,0,3,1,28,91,0,0,96,,,,,,9,,,,,,98362,53,70,165,6,1,0,0,0,0,,1,,,,,,0,,,1,0,0,0,8,9,8,,,0,0,0,8,1,2,1,,,1,,,2,1,0.053,,,,,,,,,,,,,,,,,,,,,,,,,,,,,,0,0,0,0,1,0,0,0,0,0,0,0,0,0,0,0,0,0,0,0,0,0,0,1,1,0,0,0,0,1,0,0,0,0,0,,0,0,0,0,1,0,0,0,0,0,0,0,1,0,0,1,,,,,,21-25,16-25,US highway,U,Wednesday,Belt Used,PV,Not Fatal,0,1,1,0,State Route,State Patrol,Washington State Patrol,0,1,0,0,0,,,,,,0,0,0,,,,,,,,,,,98,98,98,0,,,,,20,7,,,,,,,,,,,,,,,
2019,178,E929213,8,05/23/2019,7:40,23,5,,45,Mason,0,1,0,1,1,2,1,0,2,2,,,,12,0,6,313.9,1,0,1,3,1,1,2,0,0,0,0,US-101,,-122.9901667,47.60419167,0,1,64,13,2,50,63,1,0,1,7,1,1,2,2,1,1,1,3,53,0,85,881,2006,0,0,63,69,68,12,1,,1,1,47,1,0,,3,0,3,0,11,1,,,,,6,1,0,3,1,0,0,0,0,93,,,,,,0,,,,,,98362,53,70,250,6,1,0,3,1,1,,97,,,,,,0,09/15/2014,04/15/2018,20,0,0,0,8,9,8,,,0,0,0,8,0,8,95,,,96,,,8,95,995,,,,,,,,,,,,,,,,,,,,,,,,,,,,,,0,0,0,0,0,0,0,0,0,0,0,0,0,0,0,0,1,0,0,0,0,0,0,0,0,0,0,0,0,1,1,0,0,0,0,,0,0,0,0,0,0,0,0,1,0,0,0,0,0,0,0,,,,,,46-50,46-55,US highway,R,Thursday,,MHTRUCK,Not Fatal,0,1,1,0,State Route,State Patrol,Washington State Patrol,0,1,0,0,0,,,,,,0,0,5,,,,,,,,,,,98,98,98,0,,,,,20,7,,,,,,,,,,,,,,,
2020,245,EA49734,13,07/20/2020,15:13,20,7,,9,Clallam,0,1,,1,1,2,1,0,3,2,15:26,15:55,16:39,12,0,6,3.7,8,0,1,6,1,2,4,0,0,0,0,CR-OBRIEN RD,,-123.3017167,48.09077778,0,2,69,62,4,35,80,0,0,1,2,12,1,2,2,1,1,2,2,53,0,72,706,1991,0,,12,,,,,,1,1,64,1,0,,3,0,20,7,11,5,,,,,0,0,3,3,1,0,,,,96,,,,,,0,,,,,,98362,53,71,180,6,1,0,0,0,0,,0,,,,,,0,,,20,8,0,0,8,9,8,,,0,,,8,8,8,95,,,96,,,8,95,995,,,,,,,,,,,,,,,,,,,,,,,,,,,,,,0,0,0,0,0,0,0,0,0,0,0,0,0,0,0,0,0,0,1,0,0,0,0,0,0,0,0,0,1,1,0,0,0,0,0,0,0,0,0,0,0,0,0,0,0,0,0,0,0,0,0,0,,,,,,61-65,56-65,County road,R,Monday,,MC,Not Fatal,0,0,0,0,County Road,County Sheriff,Clallam County Sheriff's Office,0,0,1,0,0,,,,,,0,0,0,,,,,,,,,,,0,0,0,0,,,,,5,0,,,,,,,,1,0,,,O'BRIEN RD.,3.72,,
2020,329,EA60960,13,08/31/2020,15:49,31,8,,9,Clallam,0,1,,1,1,2,1,0,1,1,,,,11,0,0,0.9,1,0,1,7,1,2,4,0,0,0,0,CR-OLD MILL RD,,-123.4425694,48.07946944,0,1,13,87,6,35,80,0,0,1,2,11,2,2,2,1,14,1,1,53,0,72,706,2007,0,,11,,,,,,1,1,60,8,7,,4,0,20,7,11,5,08/31/2020,18:49,1.70053E+11,41930,0,0,0,3,1,0,,,,96,,,,,,98,,,,,,98362,53,69,200,6,1,0,0,0,0,,0,,,,,,0,,,20,8,0,0,0,9,8,,,0,,,8,8,2,189,522,996,1,1,1,2,1,0.063,,,,,,,,,,,,,,,,,,,,,,,,,,,,,,0,1,0,0,1,0,1,1,1,0,0,0,0,0,0,0,0,0,0,0,0,0,0,0,0,0,0,0,1,0,0,0,0,0,1,0,0,0,0,0,1,0,1,1,0,0,0,0,0,0,0,1,,,,,,56-60,56-65,County road,R,Monday,,MC,White,0,0,0,0,County Road,County Sheriff,Clallam County Sheriff's Office,0,0,1,0,0,thc,0.52,carboxy-thc,7.7,,0,0,0,1,1,,,,695,605,,,,0,0,0,1,,,,,5,0,,,,,,,nms,1,0,,,OLD MILL RD.,0.89,,
2020,516,EB00058,13,06/06/2020,15:35,6,6,,9,Clallam,0,10,,1,2,5,1,0,2,1,15:49,16:53,17:32,1,0,0,1.5,1,0,1,96,6,96,8,0,0,0,0,LOGGING ROAD,,-123.2280333,48.00813333,0,1,98,6,1,98,96,0,0,1,2,1,3,2,8,8,14,2,1,53,0,98,734,2017,0,,1,,,,,,1,1,26,1,7,,4,7,20,7,11,0,06/06/2020,15:35,1.99053E+11,26224,6,0,0,1,1,0,,,,96,,,,,,0,,,,,,98362,53,69,180,6,1,0,3,0,0,,0,,,,,,4,06/15/2017,12/15/2019,20,1,9,0,0,1,8,,,0,,,8,1,2,1,,,1,,,2,1,0.067,,,,,,,,,,,,,,,,,,,,,,,,,,,,,,0,0,0,0,1,0,0,0,0,0,0,0,1,0,0,0,0,0,0,0,0,0,0,0,0,0,0,0,0,0,0,0,0,0,0,,0,0,0,0,1,0,0,0,0,1,0,0,1,0,0,1,,,,,,26-30,26-35,Other,,Saturday,,OTHVT,White,0,1,0,0,Other,County Sheriff,Clallam County Sheriff's Office,1,0,0,0,1,,,,,,0,0,0,,,,,,,,,,,0,0,0,1,,,,,17,7,,,,,,,,1,0,,,,,,
2021,121,EB26318,13,04/20/2021,16:09,20,4,,9,Clallam,0,1,,1,1,2,1,0,1,1,,,,38,0,0,,1,0,1,5,1,2,4,0,0,0,0,CR-MOUNT PLEASANT RD,,-123.3651111,48.086125,0,1,1,13,2,35,4,0,0,1,2,38,1,1,2,1,1,1,1,53,0,49,40,2012,0,,63,38,1,38,42,,1,1,57,1,7,,4,7,3,0,11,0,04/20/2021,16:09,53019264,19264,0,0,0,3,1,0,,,,6,,,,,,98,,,,,,98362,53,67,190,6,1,0,0,0,0,,0,,,,,,3,,,20,0,0,0,0,9,8,,,0,,,9,8,2,1,,,1,,,2,1,0,,,,,,,,,,,,,,,,,,,,,,,,,,,,,,0,0,1,0,0,0,0,0,0,0,0,0,1,0,0,0,1,0,0,0,0,0,0,0,0,0,0,0,0,1,0,0,0,0,0,,1,0,0,0,0,0,0,0,1,1,0,0,0,0,0,0,,,,,,56-60,56-65,County road,R,Tuesday,Belt Used,PV,AIAN,0,1,0,0,County Road,County Sheriff,Clallam County Sheriff's Office,1,0,1,0,0,,,,,,0,0,0,,,,,,,,,,,98,98,98,3,,,,,20,,,,,,,,,1,0,,,MT. PLEASANT RD.,4.4,NULL,
2021,355,EB68443,13,09/06/2021,18:50,6,9,,9,Clallam,0,1,,1,1,2,1,1,1,1,,,,9,0,0,,1,0,1,5,1,2,4,0,0,0,0,CR-OLD OLYMPIC HWY,,-123.2084667,48.10521667,0,1,13,11,2,50,4,0,0,1,2,9,1,1,2,1,6,1,1,53,0,48,38,2006,0,,63,9,,,,,1,1,25,1,0,,0,0,3,0,11,0,,,,,0,0,0,3,1,34,,,,92,,,,,,98,,,,,,98362,53,71,230,6,1,0,0,0,0,,97,,,,,,0,,,20,0,0,0,8,9,8,,,0,,,8,8,2,1,,,1,,,2,1,0,,,,,,,,,,,,,,,,,,,,,,,,,,,,,,0,0,0,0,0,0,0,0,0,0,0,0,0,0,0,0,1,0,0,0,0,0,0,1,1,0,0,0,0,1,0,0,1,0,0,,0,0,0,0,0,0,0,0,1,0,0,0,0,0,0,0,,,,,,21-25,16-25,County road,R,Monday,Belt Used,PV,Not Fatal,0,0,0,0,County Road,County Sheriff,Clallam County Sheriff's Office,0,0,1,0,0,,,,,,0,0,0,,,,,,,,,,,98,98,98,0,,,,,20,,,,,,,,,1,0,,,OLD OLYMPIC HWY.,4.62,NULL,
2017,270,E696023,8,07/28/2017,7:30,28,7,0,9,Clallam,0,1,0,1,1,2,1,0,2,2,,,,12,0,6,54.6,2,0,2,5,1,1,3,0,0,20,3,SR-112,THOMPSON RD,-123.6669611,48.11908889,0,1,89,17,2,25,40,0,0,1,2,12,1,1,2,1,4,1,1,53,0,49,472,1997,0,0,12,,,,,,1,1,57,1,7,1,4,7,3,0,11,0,07/28/2017,8:05,53032893,32893,0,0,0,3,1,38,0,0,0,96,,,,,,99,,,,,,98363,53,71,160,6,1,0,0,0,0,0,0,,,,,,0,,,1,0,0,0,0,9,8,,,0,0,0,8,9,2,1,0,0,1,0,0,2,1,0,,,,,,,,,,,,,,,,,,,,,,,,,,,,,,0,0,0,1,0,0,0,0,0,0,0,0,0,0,0,0,0,0,1,0,0,0,0,0,0,0,0,0,0,1,1,0,0,0,0,,1,0,0,0,0,0,0,0,0,0,1,0,0,0,0,0,,,,,,56-60,56-65,State route,R,Friday,Belt Used,PV,White,1,0,0,0,State Route,State Patrol,Washington State Patrol Headquarter,0,1,0,0,0,,,,,,,,,,,,,,,,,,,,,,,,,,,,,,,,,,,,,,,,,,,
2017,454,E731602,13,10/18/2017,15:48,18,10,0,9,Clallam,0,2,0,1,2,2,1,0,2,2,15:49,15:58,16:51,12,0,6,3.2,2,0,10,5,1,2,4,0,0,0,0,CR-KITCHEN DICK RD,LOTZGESELL RD,-123.1999889,48.13047222,0,1,80,10,2,20,67,0,0,1,2,12,2,1,2,1,10,1,3,53,0,12,880,2006,0,0,68,12,,,,,1,1,50,1,0,0,1,0,99,0,11,8,,,,,0,0,0,3,1,91,0,0,0,96,,,,,,9,,,,,,98363,53,74,205,6,1,0,0,0,1,0,1,,,,,,0,12/15/2016,12/15/2016,1,0,0,0,8,9,8,,,0,0,0,8,1,2,1,0,0,1,0,0,2,1,0.27,,,,,,,,,,,,,,,,,,,,,,,,,,,,,,0,0,0,1,1,1,0,1,0,0,0,0,0,0,0,0,0,0,0,0,0,0,0,0,0,0,0,0,0,1,1,0,0,0,0,,0,0,0,0,0,1,0,1,0,0,0,0,0,1,0,1,,,,,,46-50,46-55,County road,R,Wednesday,Unknown,MHTRUCK,Not Fatal,0,1,1,0,County Road,County Sheriff,Clallam County Sheriff's Office,0,0,1,0,0,,,,,,,,,,,,,,,,,,,,,,,,,,,,,,,,,,,,,,,,,,,
2017,408,E768481,2,09/25/2017,5:30,25,9,0,9,Clallam,0,10,0,2,2,2,1,0,2,2,,,,12,0,8,223.3,1,0,1,3,1,1,2,0,0,0,0,US-101,,-123.8640528,48.05045833,0,2,98,54,3,35,67,0,0,1,2,1,3,2,2,1,14,1,2,53,0,12,880,2016,0,0,12,68,64,42,1,,1,1,55,1,7,1,4,0,3,0,11,8,09/25/2017,5:33,1.70053E+11,41861,5,0,0,3,1,0,0,0,0,0,,,,,,99,,,,,,98363,53,71,180,6,1,0,0,0,2,0,0,,,,,,0,01/15/2015,06/15/2015,2,0,0,0,9,9,8,,,0,0,0,8,0,2,1,0,0,1,0,0,2,1,0,,,,,,,,,,,,,,,,,,,,,,,,,,,,,,0,0,0,0,0,0,0,0,0,0,0,0,0,0,0,0,0,0,0,0,0,0,0,0,0,0,0,0,0,0,1,0,0,0,0,,0,1,0,0,0,0,0,0,0,0,0,0,0,0,0,0,,,,,,51-55,46-55,US highway,R,Monday,Belt Used,MHTRUCK,White,0,1,1,0,State Route,State Patrol,Washington State Patrol Headquarter,0,1,0,0,0,,,,,,,,,,,,,,,,,,,,,,,,,,,,,,,,,,,,,,,,,,,
2018,130,E798156,13,05/13/2018,12:53,13,5,0,9,Clallam,0,1,0,1,1,2,1,0,1,1,12:55,13:06,13:36,1,0,0,1.2,3,0,3,7,1,2,4,0,0,0,0,CR-ELWHA RIVER RD,CROWN Z WATER RD,-123.5499111,48.11168056,0,1,98,8,1,35,80,0,0,1,7,1,2,2,2,1,14,1,1,53,0,73,705,2016,0,0,68,1,,,,,1,1,70,1,7,1,4,0,19,0,11,5,05/13/2018,,1.70053E+11,22356,0,0,3,3,1,26,0,0,0,96,,,,,,99,,,,,,98363,53,74,200,6,1,0,0,0,0,,0,,,,,,0,,,20,8,0,0,0,9,8,,,0,0,0,8,9,2,348,,,1,,,2,1,0,,,,,,,,,,,,,,,,,,,,,,,,,,,,,,0,0,0,1,0,0,1,1,0,0,0,0,0,0,0,0,0,0,0,0,0,0,0,0,0,1,1,0,1,0,0,0,0,0,1,0,0,0,0,0,0,0,1,1,0,0,0,0,0,0,1,0,,,,,,66-70,66-75,County road,R,Sunday,,MC,White,0,0,0,0,County Road,County Sheriff,Clallam County Sheriff's Office,0,0,1,0,0,,,,,,0,0,0,,,,,,,,,,,,,,,,,,,,,,,,,,,,,,,,,,,
2019,18,E885651,8,01/09/2019,5:19,9,1,,45,Mason,0,2,0,4,2,2,2,0,3,2,,,,12,0,2,339.5,1,0,1,3,1,1,2,0,0,0,0,US-101,,-123.17315,47.28797222,0,2,51,62,4,55,66,1,0,1,5,12,1,2,2,1,1,1,3,53,0,85,881,2008,0,0,12,,,,,,1,1,44,1,0,,0,0,3,0,11,0,,,,,6,1,0,3,1,0,0,0,0,96,,,,,,0,,,,,,98363,53,73,240,6,1,0,0,0,0,,0,,,,,,0,,,20,0,0,0,8,9,2,,,0,0,0,0,0,8,95,,,96,,,8,95,995,,,,,,,,,,,,,,,,,,,,,,,,,,,,,,0,0,0,0,0,0,1,1,0,0,0,0,0,0,0,0,0,0,0,0,0,0,0,0,0,1,0,0,0,1,1,0,0,0,0,,0,0,0,0,0,0,0,0,0,0,0,0,0,0,0,0,,,,,,41-45,36-45,US highway,R,Wednesday,,MHTRUCK,Not Fatal,0,1,1,0,State Route,State Patrol,Washington State Patrol,0,1,0,0,0,,,,,,0,0,0,,,,,,,,,,,98,98,98,0,,,,,20,7,,,,,,,,,,,,,,,
2020,48,EA17799,8,02/22/2020,15:55,22,2,,9,Clallam,0,1,,1,1,2,1,0,7,3,16:17,16:35,17:09,12,0,1,268.3,2,0,3,3,1,1,2,0,0,0,0,US-101,LOUELLA RD,-123.0308306,48.03861667,0,2,21,53,3,50,6,0,0,1,2,12,2,1,2,1,5,2,2,53,0,48,38,1993,0,,12,12,,,,,1,1,35,1,0,,2,0,3,0,11,5,,,,,0,0,0,0,1,0,,,,96,,,,,,9,,,,,,98363,53,77,215,0,0,1,0,1,2,,97,,,,,,0,04/15/2016,10/15/2018,1,0,0,0,8,3,8,,,0,,,8,1,2,695,,,1,,,2,1,0,,,,,,,,,,,,,,,,,,,,,,,,,,,,,,0,0,0,1,1,0,1,1,1,0,0,0,0,1,0,0,0,0,0,0,0,0,0,0,0,1,1,0,0,1,0,0,0,0,0,,0,0,0,0,0,0,1,1,0,0,0,1,0,0,1,1,,,,,,31-35,26-35,US highway,R,Saturday,Belt Used,PV,Not Fatal,1,0,0,0,State Route,State Patrol,Washington State Patrol,0,1,0,0,0,,,carboxy-thc,15,,0,0,1,,,,,,,,,,,0,0,0,0,,,,,20,7,,,,,,,,1,0,,,,,,
2020,137,EA34049,8,05/09/2020,16:07,9,5,,35,Kitsap,0,1,,1,1,2,1,0,6,2,16:07,16:11,16:26,12,0,2,8.9,3,0,4,3,2,1,3,0,0,3,3,SR-3,SR-303,-122.6890333,47.66471667,0,2,81,67,4,35,16,0,0,1,2,12,1,1,6,2,5,5,2,53,0,20,431,1997,0,,12,,,,,,1,1,54,2,0,,1,0,3,0,11,4,,,,,0,0,0,3,1,0,,,,96,,,,,,0,,,,,,98363,53,59,140,6,1,0,0,0,0,,0,,,,,,0,,,1,0,0,0,8,9,8,,,0,,,8,8,8,95,,,96,,,8,95,995,,,,,,,,,,,,,,,,,,,,,,,,,,,,,,0,0,0,1,0,0,0,0,0,0,0,0,1,0,0,0,1,0,0,0,0,0,0,0,0,1,1,1,0,1,0,0,0,0,0,,0,0,0,0,0,0,0,0,0,0,0,0,0,0,0,0,,,,,,51-55,46-55,State route,U,Saturday,Belt Used,PV,Not Fatal,1,0,0,0,State Route,State Patrol,Washington State Patrol,0,1,0,0,0,,,,,,0,0,0,,,,,,,,,,,0,0,0,0,,,,,20,7,,,,,,,,1,0,,,,,,