year,case,par,repjur,crash_dt,crash_tm,accday,accmon,holiday,county,co_char,city,weather,weather2,lightcond,surfcond,surftype,numfatal,nmforms,pforms,vforms,not_tm,arr_tm,hosp_tm,fhevent,hitrun,manncol,milepnt,reljunc,reljuncinter,intersectiontype,funcsystem,landuse,ownership,route,schlbus,spejur,contdev,devfunc,trafid1,trafid2,x,y,wk_zone,vnumber,crashtype,criticalevent,criticaleventcat,spdlim,body,trailer,emerg,hazcargo,leave,mhevent,roadalgn,roadprof,traflane,trafflow,vehmanvr,numoccs,regowner,regstate,spuse,make,model,modelyr,vrf1,vrf2,seqevent1,seqevent2,seqevent3,seqevent4,seqevent5,seqevent6,pnumber,ptype,age,sex,hispanic,race,injury,diedscene,restraint,restraintmisuse,seatpos,takehosp,death_dt,death_tm,cert,cernum_wa,commlic,licendor,licrestrict,liccomp,drivpres,drf1,drf2,drf3,drf4,distract1,distract2,distract3,distract4,distract5,distract6,dricond1,dricond2,dricond3,dricond4,dricond5,dricond6,dzip,licstate,drhgt_in,weight,noncdl,noncdltype,prevdwi,prevoth,prevacc,prevspd,prevsus,driviol1,driviol2,driviol3,driviol4,driviol5,driviol6,spdrel,first_dt,last_dt,airbag,ejection,ejectpath,extricat,injurwrk,methalc,methdrug,nmlocat,strikveh,prf1,prf2,prf3,druginv,alcinvol,drugsts,drugres1,drugres2,drugres3,drugtst1,drugtst2,drugtst3,alcsts,alctst,alcres,nmact1,nmact2,nmact3,nmact4,nmact5,nmact6,nmprior1,nmprior2,nmprior3,nmprior4,nmprior5,nmprior6,nmcond1,nmcond2,nmcond3,nmcond4,nmcond5,nmcond6,nmsafe_helmet,nmsafe_pads,nmsafe_oth,nmprev_ref,nmprev_lgt,nmprev_oth,crashlocation,nmcrashtype,crosswalk,schoolzone,sidewalk,train_inv,wildlife_inv,rotr_fars,intersect_fars,dd_inv,aid_inv,dpd_inv,id_inv,mj_inv,impnm_inv,ainm_inv,dpnm_inv,speed_inv,unlic_inv,unendmc_inv,drowsy_inv,drdist_inv,nmdist_inv,fty_inv,unrestfat_inv,dr1617_inv,dr1820_inv,dr1620_inv,dr2125_inv,dr1625_inv,dr65_inv,dr70_inv,dr75_inv,mc_inv,pv_inv,ht_inv,ped_inv,bike_inv,unrest_fat,mc_fat,unhelmet_mc,pv_fat,ht_fat,ped_fat,bike_fat,dr_alc7,dr_alc8,dr_drug,dr_imp,dr_dist,dr_spd,dr_fty,dr_unlic,dr_alc7only,dr_alc8only,dr_drugonly,dr_drink,nm_imp,nm_alc7,nm_alc8,nm_drug,nm_dist,agegrp1,agegrp2,roadclass,urbrur,dayweek,restuse,vehtype,race_me,intersect,lanedep,oppdir,wrongway,rep_typ,investag,repag_long,rotr,st_rd,cty_rd,city_rd,oth_rd,drug_thc,thc_res,drug_cthc,cthc_res,drug_cann,prevpersemin,prevperse,prevsusoth,drugtst4,drugtst5,drugtst6,drugtst7,drugtst8,drugres4,drugres5,drugres6,drugres7,drugres8,adspresent,adsengaged,adslevel,race1,race2,race3,race4,race5,helmet,helmetmisuse,nmdistract1,nmdistract2,nmdistract3,nmdistract4,nmdistract5,nmdistract6,lab,isedtcase,crf1,crf2,crf3,CoRoadName,CoMP,IntCoRoadName,IntCoMP
2020,201,EA43136,8,06/21/2020,5:21,21,6,,9,Clallam,0,10,,4,2,2,1,0,1,1,5:21,5:48,,11,0,0,213.5,1,0,1,3,1,1,2,0,0,0,0,US-101,,-124.0624667,48.06933333,0,1,13,87,6,60,80,0,0,1,2,11,1,1,2,1,1,1,1,53,0,73,705,2017,0,,11,,,,,,1,1,62,1,7,,4,7,20,7,11,0,06/21/2020,5:21,53029049,29049,0,0,0,3,1,0,,,,96,,,,,,0,,,,,,98363,53,70,230,6,1,0,1,1,1,,0,,,,,,0,11/15/2017,11/15/2017,20,8,0,0,0,9,8,,,0,,,8,8,2,605,,,1,,,2,1,0,,,,,,,,,,,,,,,,,,,,,,,,,,,,,,0,1,0,0,0,0,1,1,1,0,0,0,0,0,0,0,0,0,0,0,0,0,0,0,0,0,0,0,1,0,0,0,0,0,1,0,0,0,0,0,0,0,1,1,0,0,0,0,0,0,1,0,,,,,,61-65,56-65,US highway,R,Sunday,,MC,White,0,0,0,0,State Route,State Patrol,Washington State Patrol,0,1,0,0,0,thc,3.1,,,,0,0,0,,,,,,,,,,,0,0,0,1,,,,,5,0,,,,,,,nms,1,0,,,,,,
2020,276,EA54393,8,08/04/2020,17:28,4,8,,9,Clallam,0,1,,1,1,2,1,0,7,2,18:09,18:37,19:16,12,0,6,54.8,1,0,1,5,1,1,3,0,0,0,0,SR-112,,-123.6632528,48.11891667,0,2,66,62,4,55,15,0,0,1,2,12,1,1,2,1,1,1,1,53,0,12,422,1997,0,,12,,,,,,1,1,67,1,0,,2,0,3,0,11,8,,,,,0,0,0,3,1,0,,,,96,,,,,,0,,,,,,98363,53,78,270,6,1,0,0,0,0,,0,,,,,,0,,,20,0,0,0,8,9,8,,,0,,,8,8,8,95,,,96,,,8,95,995,,,,,,,,,,,,,,,,,,,,,,,,,,,,,,0,0,0,0,0,0,1,1,0,0,0,0,1,1,0,0,0,0,0,1,0,0,0,0,0,1,0,0,0,1,0,0,0,0,0,,0,0,0,0,0,0,0,0,0,0,0,0,0,0,0,0,,,,,,66-70,66-75,State route,R,Tuesday,Belt Used,PV,Not Fatal,0,1,1,0,State Route,State Patrol,Washington State Patrol,0,1,0,0,0,,,,,,0,0,0,,,,,,,,,,,0,0,0,0,,,,,20,7,,,,,,,,1,0,,,,,,
2020,454,EA83012,8,11/13/2020,15:08,13,11,,9,Clallam,0,10,,1,2,2,1,0,7,3,15:11,15:14,15:39,12,0,6,260.5,2,0,2,3,2,1,2,0,0,3,3,US-101,CARLSBORG RD,-123.1729667,48.07963333,0,3,98,98,7,45,14,0,0,1,2,12,1,1,2,2,1,4,1,53,0,23,402,2011,0,,12,,,,,,1,1,30,2,0,,2,0,20,7,11,5,,,,,0,0,0,3,1,0,,,,96,,,,,,98,,,,,,98363,53,66,160,6,1,0,1,0,3,,0,,,,,,0,07/15/2016,03/15/2018,20,0,0,0,8,9,8,,,0,,,8,8,8,95,,,96,,,8,95,995,,,,,,,,,,,,,,,,,,,,,,,,,,,,,,0,0,0,1,0,0,0,0,0,0,0,0,1,0,0,0,0,0,0,1,0,0,0,1,1,0,0,0,0,1,0,0,0,0,0,,0,0,0,0,0,0,0,0,0,0,0,0,0,0,0,0,,,,,,26-30,26-35,US highway,U,Friday,Not Used,PV,Not Fatal,1,0,0,0,State Route,State Patrol,Washington State Patrol,0,1,0,0,0,,,,,,0,0,0,,,,,,,,,,,98,98,98,0,,,,,20,7,,,,,,,,1,0,,,,,,
2021,450,EB86461,2,11/02/2021,22:50,2,11,,73,Whatcom,110,2,,2,2,2,1,1,4,3,,,,18,0,0,253.5,1,0,1,1,2,1,1,0,0,0,0,I-5,,-122.462875,48.75261389,0,1,98,80,5,60,4,0,0,1,5,8,1,2,2,3,1,2,2,53,0,12,17,1994,0,,8,,,,,,1,1,21,1,0,,0,0,3,0,11,0,,,,,0,0,0,3,1,0,,,,96,,,,,,98,,,,,,98363,53,64,225,6,1,0,0,0,0,,0,,,,,,0,,,20,0,0,0,8,9,8,,,0,,,8,8,8,95,,,96,,,0,0,996,,,,,,,,,,,,,,,,,,,,,,,,,,,,,,0,0,0,0,0,0,0,0,0,0,0,0,0,0,0,0,1,0,0,0,0,1,1,1,1,1,0,0,0,1,0,1,0,0,0,,0,0,0,0,0,0,0,0,0,0,0,0,0,0,0,0,,,,,,21-25,16-25,Interstate,U,Tuesday,Belt Used,PV,Not Fatal,0,1,0,0,State Route,State Patrol,Washington State Patrol,1,1,0,0,0,,,,,,0,0,0,,,,,,,,,,,0,0,0,0,,,,,20,,,,,,,,,1,19,,,,,,
2018,147,E801942,8,05/17/2018,17:02,17,5,0,31,Jefferson,0,1,0,1,1,1,1,0,7,6,16:47,17:08,17:48,12,0,8,14.3,1,0,1,3,1,1,3,0,0,0,0,SR-104,,-122.6197722,47.85721944,0,4,98,62,4,40,34,0,0,1,5,12,1,1,2,1,1,1,2,53,0,12,471,2005,0,0,12,12,,,,,1,1,65,2,7,1,4,7,3,0,11,0,05/17/2018,17:02,53022787,22787,0,0,0,3,1,0,0,0,0,96,,,,,,0,,,,,,98365,53,68,245,6,1,0,0,0,0,,0,,,,,,0,,,1,0,0,0,0,9,8,,,0,0,0,8,8,8,95,,,96,,,8,95,995,,,,,,,,,,,,,,,,,,,,,,,,,,,,,,0,0,0,0,0,0,1,1,0,0,0,0,0,0,0,0,1,0,0,0,0,0,0,0,0,1,0,0,0,1,1,0,0,0,0,,1,0,0,0,0,0,0,0,0,0,0,0,0,0,0,0,,,,,,61-65,56-65,State route,R,Thursday,Belt Used,PV,White,0,0,0,1,State Route,State Patrol,Washington State Patrol Headquarter,0,1,0,0,0,,,,,,0,0,0,,,,,,,,,,,,,,,,,,,,,,,,,,,,,,,,,,,
2019,65,E899642,1,02/04/2019,14:46,4,2,,77,Yakima,0,4,0,1,4,2,1,0,12,6,,,,12,0,7,21,1,0,1,1,1,1,1,0,0,0,0,I-82,,-120.3964778,46.72549444,0,3,45,61,4,70,15,0,0,1,2,12,1,3,2,3,1,1,1,53,0,54,421,2004,0,0,12,12,,,,,1,1,70,1,0,,0,0,3,0,11,0,,,,,0,0,0,3,1,87,0,0,0,96,,,,,,0,,,,,,98365,53,72,210,6,1,0,0,0,1,,0,,,,,,0,01/15/2016,01/15/2016,8,0,0,0,8,9,8,,,0,0,0,8,0,8,95,,,96,,,8,95,995,,,,,,,,,,,,,,,,,,,,,,,,,,,,,,0,0,0,0,0,0,0,0,0,0,0,0,1,0,0,0,0,0,0,0,0,1,1,0,1,1,1,0,0,1,1,0,0,0,0,,0,0,0,0,0,0,0,0,0,0,0,0,0,0,0,0,,,,,,66-70,66-75,Interstate,R,Monday,Belt Used,PV,Not Fatal,0,0,0,0,State Route,State Patrol,Washington State Patrol,0,1,0,0,0,,,,,,0,0,0,,,,,,,,,,,98,98,98,0,,,,,20,7,,,,,,,,,,,,,,,
2019,139,E919553,8,05/03/2019,14:34,3,5,,31,Jefferson,0,1,0,1,1,2,1,0,2,2,,,,12,0,6,11.3,2,0,2,3,1,1,3,0,0,20,3,SR-104,TEAL LAKE RD,-122.6868833,47.87065,0,1,82,15,2,60,4,0,0,1,2,12,1,1,2,1,11,1,1,53,0,32,51,2013,0,0,12,71,24,,,,1,1,80,1,0,,0,0,3,0,11,0,,,,,0,0,0,3,1,48,0,0,0,96,,,,,,0,,,,,,98365,53,69,220,6,1,0,1,0,0,,46,,,,,,0,07/15/2014,07/15/2014,20,0,0,0,8,9,8,,,0,0,0,8,0,8,95,,,96,,,8,95,995,,,,,,,,,,,,,,,,,,,,,,,,,,,,,,0,0,0,1,0,0,1,1,0,0,0,0,0,0,0,0,0,0,0,0,0,0,0,0,0,1,1,1,1,1,0,0,0,0,0,,0,0,0,0,0,0,0,0,0,0,0,0,0,0,0,0,,,,,,76-80,76+,State route,R,Friday,Belt Used,PV,Not Fatal,1,0,0,0,State Route,State Patrol,Washington State Patrol,0,1,0,0,0,,,,,,0,0,0,,,,,,,,,,,98,98,98,0,,,,,20,7,,,,,,,,,,,,,,,
2020,511,EA94737,8,12/26/2020,13:27,26,12,,9,Clallam,1990,10,,1,1,2,2,0,4,2,13:32,13:55,14:45,12,0,2,266.1,1,0,1,3,2,1,2,0,0,0,0,US-101,,-123.0560417,48.06201944,0,1,50,10,2,55,6,0,0,1,2,12,1,2,2,1,1,2,2,53,0,6,52,2001,0,,68,12,,,,,1,1,40,2,7,,4,7,20,7,11,0,12/26/2020,13:27,1.99053E+11,62559,0,0,3,3,1,28,,,,92,,,,,,98,,,,,,98365,53,66,190,6,1,0,1,0,1,,0,,,,,,0,02/15/2018,04/15/2019,8,0,0,0,0,9,8,,,0,,,8,8,2,1,,,1,,,2,1,0.015,,,,,,,,,,,,,,,,,,,,,,,,,,,,,,0,0,0,0,1,0,0,0,0,0,0,0,0,0,0,0,1,0,0,1,0,0,0,0,0,0,0,0,0,1,1,0,0,1,0,,1,0,0,0,1,0,0,0,1,0,0,0,1,0,0,1,,,,,,36-40,36-45,US highway,U,Saturday,Not Used,PV,White,0,1,1,0,State Route,State Patrol,Washington State Patrol,0,1,0,0,0,,,,,,0,0,1,,,,,,,,,,,98,98,98,1,,,,,20,7,,,,,,,,1,0,,,,,,
2017,344,E708509,3,08/06/2017,18:29,6,8,0,53,Pierce,0,1,0,1,1,2,1,0,5,2,18:26,18:46,19:20,12,0,2,14.8,1,0,1,3,2,1,3,0,0,0,0,SR-302,,-122.6523167,47.37719167,0,2,51,62,4,40,14,0,0,1,5,12,2,2,2,1,14,2,1,53,0,20,401,2002,0,0,12,,,,,,1,1,23,2,0,0,2,0,3,0,11,8,,,,,0,0,0,3,1,0,0,0,0,0,,,,,,0,,,,,,98366,53,64,230,6,1,0,0,0,0,0,0,,,,,,0,,,1,0,0,0,8,9,8,,,0,0,0,8,0,0,0,0,0,0,0,0,0,0,996,,,,,,,,,,,,,,,,,,,,,,,,,,,,,,0,0,0,0,1,1,1,1,1,0,0,0,0,0,0,0,0,0,0,0,0,1,1,1,1,0,0,0,0,1,0,0,0,0,0,,0,0,0,0,0,0,0,0,0,0,0,0,0,0,0,0,,,,,,21-25,16-25,State route,U,Sunday,Belt Used,PV,Not Fatal,0,1,1,0,State Route,State Patrol,Washington State Patrol Headquarter,0,1,0,0,0,,,,,,,,,,,,,,,,,,,,,,,,,,,,,,,,,,,,,,,,,,,
2017,483,E754695,8,11/20/2017,22:15,20,11,0,35,Kitsap,0,1,0,2,1,2,1,0,3,3,22:16,22:28,,1,0,0,0.3,5,1,1,3,1,1,3,0,0,0,0,SR-16 RAMP Q101864,,-122.6248528,47.40727222,0,2,98,60,4,60,63,0,0,1,5,12,1,1,2,3,1,1,3,53,0,84,884,2004,0,0,12,,,,,,1,1,61,1,0,0,0,0,3,0,11,0,,,,,6,2,3,3,1,0,0,0,0,0,,,,,,0,,,,,,98366,53,71,200,6,1,0,1,0,0,0,0,,,,,,0,06/15/2015,06/15/2015,20,0,0,0,8,9,8,,,0,0,0,8,0,0,0,0,0,0,0,0,0,0,996,,,,,,,,,,,,,,,,,,,,,,,,,,,,,,0,0,0,0,1,0,1,1,1,0,0,0,1,0,0,0,0,0,0,0,0,0,0,0,0,0,0,0,1,0,1,0,0,0,0,,0,0,0,0,0,0,0,0,0,0,0,0,0,0,0,0,,,,,,61-65,56-65,State route,R,Monday,,MHTRUCK,Not Fatal,0,1,0,0,State Route,State Patrol,Washington State Patrol Headquarter,1,1,0,0,0,,,,,,,,,,,,,,,,,,,,,,,,,,,,,,,,,,,,,,,,,,,
2017,483,E754695,8,11/20/2017,22:15,20,11,0,35,Kitsap,0,1,0,2,1,2,1,0,3,3,22:16,22:28,,1,0,0,0.3,5,1,1,3,1,1,3,0,0,0,0,SR-16 RAMP Q101864,,-122.6248528,47.40727222,0,3,98,60,4,60,34,0,0,1,5,12,1,1,2,3,1,1,3,53,0,20,481,2014,0,0,12,,,,,,1,1,55,2,0,0,0,0,3,0,11,0,,,,,0,0,3,3,1,0,0,0,0,0,,,,,,0,,,,,,98366,53,68,170,6,1,0,0,0,0,0,0,,,,,,0,,,20,0,0,0,8,9,8,,,0,0,0,8,0,0,0,0,0,0,0,0,0,0,996,,,,,,,,,,,,,,,,,,,,,,,,,,,,,,0,0,0,0,1,0,1,1,1,0,0,0,1,0,0,0,0,0,0,0,0,0,0,0,0,0,0,0,1,0,1,0,0,0,0,,0,0,0,0,0,0,0,0,0,0,0,0,0,0,0,0,,,,,,51-55,46-55,State route,R,Monday,Belt Used,PV,Not Fatal,0,1,0,0,State Route,State Patrol,Washington State Patrol Headquarter,1,1,0,0,0,,,,,,,,,,,,,,,,,,,,,,,,,,,,,,,,,,,,,,,,,,,
2017,541,E758417,3,12/24/2017,23:53,24,12,9,53,Pierce,0,4,0,2,3,2,1,0,1,1,,,,42,0,0,120,1,0,1,1,2,1,1,0,0,0,0,I-5,,-122.5985083,47.10265,0,1,2,13,2,60,4,0,0,1,5,42,1,1,3,3,1,1,2,53,0,37,32,1997,0,0,63,42,,,,,1,1,29,1,7,1,4,0,3,0,11,4,12/25/2017,5:30,76353057123,57123,0,0,3,2,1,0,0,0,0,92,,,,,,99,,,,,,98366,53,75,190,1,1,0,3,0,1,2,0,,,,,,0,12/15/2014,10/15/2015,1,0,0,0,0,9,8,,,0,0,0,8,9,2,177,401,605,1,1,1,2,1,0,,,,,,,,,,,,,,,,,,,,,,,,,,,,,,0,0,0,0,0,0,1,1,1,0,0,0,0,1,0,0,1,0,0,0,0,0,0,0,0,0,0,0,0,1,0,0,0,0,0,,1,0,0,0,0,0,1,1,1,0,0,1,0,0,1,0,,,,,,26-30,26-35,Interstate,U,Sunday,Belt Used,PV,White,0,1,0,0,State Route,State Patrol,Washington State Patrol Headquarter,1,1,0,0,0,thc,1.7,carboxy-thc,11,,,,,,,,,,,,,,,,,,,,,,,,,,,,,,,,,,,,,,,
2018,363,E848125,160,10/09/2018,5:38,9,10,7,33,King,1030,2,0,3,2,2,1,0,2,2,,,,12,0,6,0,8,0,1,7,2,4,6,0,0,0,0,REITH RD S,S 253RD ST,-122.2787694,47.37392778,0,2,69,62,4,35,34,0,0,1,7,12,3,2,2,1,14,1,1,53,0,7,482,2017,0,0,12,,,,,,1,1,44,1,0,0,1,0,3,0,11,8,,,,,0,0,0,3,1,0,0,0,0,96,,,,,,0,,,,,,98366,53,73,310,6,1,0,2,0,0,,0,,,,,,0,02/15/2017,06/15/2018,1,0,0,0,8,9,8,,,0,0,0,8,0,8,95,,,96,,,8,95,995,,,,,,,,,,,,,,,,,,,,,,,,,,,,,,0,0,0,0,0,0,0,0,0,0,0,0,0,0,0,0,0,0,0,0,0,0,0,1,1,0,0,0,0,1,0,0,0,0,0,,0,0,0,0,0,0,0,0,0,0,0,0,0,0,0,0,,,,,,41-45,36-45,City street,U,Tuesday,Belt Used,PV,Not Fatal,0,1,1,0,City Street,Municipal/City Police,Kent Police Department,0,0,0,1,0,,,,,,0,0,0,,,,,,,,,,,,,,,,,,,,,,,,,,,,,,,,,,,
2018,419,E862451,8,11/19/2018,10:30,19,11,0,35,Kitsap,0,1,0,1,1,2,1,0,1,1,,,,42,0,0,18.5,1,0,1,3,1,1,3,0,0,0,0,SR-16,,-122.6224889,47.43967778,0,1,1,13,2,60,55,0,0,1,2,2,1,1,2,3,1,1,3,53,3,12,870,2017,0,0,63,42,2,,,,1,1,75,1,7,1,4,7,2,0,11,0,11/19/2018,10:30,1.71053E+11,50882,6,1,3,3,1,0,0,0,0,92,,,,,,0,,,,,,98366,53,72,230,6,1,0,0,0,0,,0,,,,,,0,,,99,0,0,0,1,9,8,,,0,0,0,8,0,2,1,,,1,,,2,1,0,,,,,,,,,,,,,,,,,,,,,,,,,,,,,,0,0,1,0,0,0,0,0,0,0,0,0,0,0,0,0,1,0,0,0,0,0,0,0,0,1,1,1,0,0,0,0,0,0,0,,0,0,0,0,0,0,0,0,1,0,0,0,0,0,0,0,,,,,,71-75,66-75,State route,R,Monday,,BUS,White,0,1,0,0,State Route,State Patrol,Washington State Patrol,1,1,0,0,0,,,,,,0,0,0,,,,,,,,,,,,,,,,,,,,,,,,,,,,,,,,,,,
2019,417,E985970,35,11/22/2019,5:54,22,11,,53,Pierce,0,1,0,2,1,2,1,0,2,2,,,,12,0,2,12.2,1,0,1,4,1,2,4,0,0,0,0,CR-ORTING KAPOWSIN HWY,,-122.2519528,47.02861389,0,2,51,62,4,45,62,0,0,1,5,12,1,1,2,1,1,1,3,53,0,84,881,1993,0,0,12,,,,,,1,1,27,1,0,,0,0,3,0,11,0,,,,,0,0,0,3,1,0,0,0,0,96,,,,,,0,,,,,,98366,53,67,140,6,1,0,0,0,0,,0,,,,,,0,,,20,0,0,0,8,9,8,,,0,0,0,8,0,8,95,,,96,,,8,95,995,,,,,,,,,,,,,,,,,,,,,,,,,,,,,,0,0,0,0,0,0,0,0,0,0,0,0,0,0,0,0,0,0,0,0,0,0,0,0,0,0,0,0,0,1,1,0,0,0,0,,0,0,0,0,0,0,0,0,0,0,0,0,0,0,0,0,,,,,,26-30,26-35,County road,R,Friday,,MHTRUCK,Not Fatal,0,1,1,0,County Road,County Sheriff,Law Enforcement Support Agency,0,0,1,0,0,,,,,,0,0,0,,,,,,,,,,,0,0,0,0,,,,,20,7,,,,,,,,,,,,,,,
2020,132,EA33333,8,05/04/2020,9:41,4,5,,35,Kitsap,0,1,,1,1,1,1,0,2,2,9:46,9:47,,12,0,6,34.2,2,0,2,3,2,1,3,0,0,3,3,SR-3,SAM CHRISTOPHERSON,-122.704525,47.52563889,0,1,88,17,2,40,80,0,0,1,2,12,1,3,3,1,6,1,2,53,0,53,706,2008,0,,12,,,,,,1,1,35,1,7,,4,7,20,7,11,0,05/04/2020,9:41,53021682,21682,0,0,3,2,1,8,33,39,,96,,,,,,98,,,,,,98366,53,72,170,1,1,1,0,1,2,,0,,,,,,0,06/15/2016,08/15/2019,20,8,0,0,0,9,8,,,0,,,8,8,2,401,417,128,1,1,1,2,1,0,,,,,,,,,,,,,,,,,,,,,,,,,,,,,,0,0,0,1,0,0,1,1,1,0,0,0,0,1,1,0,0,0,0,0,0,0,0,0,0,0,0,0,1,1,0,0,0,0,1,0,0,0,0,0,0,0,1,1,0,0,0,1,0,0,1,0,,,,,,31-35,26-35,State route,U,Monday,,MC,White,1,0,0,0,State Route,State Patrol,Washington State Patrol,0,1,0,0,0,thc,0.55,carboxy-thc,10,,0,1,10,1,1,1,,,177,695,605,,,0,0,0,1,,,,,5,0,,,,,,,nms,1,0,,,,,,
2020,132,EA33333,8,05/04/2020,9:41,4,5,,35,Kitsap,0,1,,1,1,1,1,0,2,2,9:46,9:47,,12,0,6,34.2,2,0,2,3,2,1,3,0,0,3,3,SR-3,SAM CHRISTOPHERSON,-122.704525,47.52563889,0,2,89,66,4,35,14,0,0,1,2,12,1,3,3,1,1,1,2,53,0,48,401,2007,0,,12,,,,,,1,1,52,1,0,,0,0,3,0,11,0,,,,,0,0,0,3,1,0,,,,96,,,,,,0,,,,,,98366,53,67,150,6,1,0,0,0,0,,0,,,,,,0,,,1,0,0,0,8,3,8,,,0,,,8,8,0,0,,,0,,,0,0,996,,,,,,,,,,,,,,,,,,,,,,,,,,,,,,0,0,0,1,0,0,1,1,1,0,0,0,0,1,1,0,0,0,0,0,0,0,0,0,0,0,0,0,1,1,0,0,0,0,0,,0,0,0,0,0,0,0,0,0,0,0,0,0,0,0,0,,,,,,51-55,46-55,State route,U,Monday,Belt Used,PV,Not Fatal,1,0,0,0,State Route,State Patrol,Washington State Patrol,0,1,0,0,0,,,,,,0,0,0,,,,,,,,,,,98,98,98,0,,,,,20,7,,,,,,,,1,0,,,,,,
2020,141,EA34305,26,05/09/2020,14:57,9,5,,35,Kitsap,0,1,,1,1,2,1,1,1,1,14:50,15:03,,9,1,0,4.5,1,0,1,5,2,2,4,0,0,0,0,CR-BETHEL BURLEY RD SE,,-122.6313833,47.46756944,0,1,13,80,5,45,4,0,0,1,2,9,1,2,2,1,1,1,2,30,0,21,21,2003,0,,63,9,,,,,1,1,40,1,0,,0,0,99,7,11,0,,,,,0,0,0,0,1,91,,,,96,,,,,,9,,,,,,98366,53,,999,0,0,0,0,0,1,,1,,,,,,0,05/15/2017,05/15/2017,20,0,0,0,8,3,8,,,0,,,1,8,8,95,,,96,,,8,95,995,,,,,,,,,,,,,,,,,,,,,,,,,,,,,,0,0,0,0,0,0,0,0,0,0,0,0,0,1,0,0,0,0,0,0,0,0,0,0,0,0,0,0,0,1,0,0,1,0,0,,0,0,0,0,0,0,0,0,0,0,0,1,0,0,0,0,,,,,,36-40,36-45,County road,U,Saturday,Unknown,PV,Not Fatal,0,0,0,0,County Road,County Sheriff,Kitsap County Sheriff's Office,0,0,1,0,0,,,,,,0,0,1,,,,,,,,,,,98,98,98,0,,,,,20,7,,,,,,,,1,0,,,BETHEL BURLEY RD SE,4.48,,
2020,500,EA89052,26,12/11/2020,0:54,11,12,,35,Kitsap,0,1,,2,2,2,1,0,3,1,0:57,1:13,1:56,1,0,0,3.5,1,0,1,5,1,2,4,0,0,0,0,CR-BANNER RD SE,,-122.5458667,47.46376389,0,1,6,9,1,45,4,0,0,1,5,1,1,2,2,1,1,3,1,53,0,55,35,2009,0,,68,64,1,,,,1,1,19,1,0,,3,0,99,7,11,0,,,,,0,0,0,3,1,0,,,,96,,,,,,9,,,,,,98366,53,75,160,6,1,0,0,0,1,,97,,,,,,4,09/15/2020,09/15/2020,20,0,0,0,8,9,8,,,0,,,8,1,8,95,,,96,,,8,95,995,,,,,,,,,,,,,,,,,,,,,,,,,,,,,,0,0,1,0,1,0,0,0,0,0,0,0,1,0,0,0,0,0,0,0,0,1,1,0,1,0,0,0,0,1,0,0,0,0,0,,0,0,0,0,0,0,0,0,0,1,0,0,0,0,0,1,,,,,,18-20,16-25,County road,R,Friday,Unknown,PV,Not Fatal,0,1,0,0,County Road,County Sheriff,Kitsap County Sheriff's Office,1,0,1,0,0,,,,,,0,0,0,,,,,,,,,,,98,98,98,0,,,,,20,7,,,,,,,,1,0,,,BANNER RD SE,3.452,,
2021,15,EA99542,8,01/15/2021,13:41,15,1,,45,Mason,0,1,,1,2,2,1,0,3,2,,,,12,0,2,3.8,1,0,1,3,2,1,3,0,0,0,0,SR-3,,-123.0819667,47.21763056,0,2,51,62,4,50,34,0,0,1,2,12,3,1,2,1,14,2,1,53,0,20,481,2014,0,,12,,,,,,1,1,76,1,0,,2,0,3,0,11,0,,,,,0,0,0,3,1,0,,,,96,,,,,,98,,,,,,98366,53,71,210,6,1,0,0,0,0,,0,,,,,,0,,,8,0,0,0,8,9,8,,,0,,,8,8,0,0,,,0,,,0,0,996,,,,,,,,,,,,,,,,,,,,,,,,,,,,,,0,0,0,0,0,0,0,0,0,0,0,0,0,0,0,0,1,0,0,1,0,0,0,0,0,1,1,1,0,1,0,0,0,0,0,,0,0,0,0,0,0,0,0,0,0,0,0,0,0,0,0,,,,,,76-80,76+,State route,U,Friday,Belt Used,PV,Not Fatal,0,1,1,0,State Route,State Patrol,Washington State Patrol,0,1,0,0,0,,,,,,0,0,0,,,,,,,,,,,98,98,98,0,,,,,20,,,,,,,,,1,0,,,,,,
2021,47,EB10644,8,02/19/2021,18:05,19,2,,35,Kitsap,0,10,,2,2,2,1,1,2,3,,,,12,0,6,3.2,8,0,1,4,1,1,3,0,0,0,0,SR-160,,-122.5814528,47.50508611,0,2,98,50,3,45,6,0,0,1,2,12,1,1,2,1,1,1,1,53,0,55,35,2009,0,,12,8,68,12,,,1,1,74,1,0,,1,0,3,0,11,5,,,,,0,0,3,3,1,0,,,,0,,,,,,98,,,,,,98366,53,69,180,6,1,0,0,0,0,,0,,,,,,0,,,1,0,0,0,8,9,8,,,0,,,8,8,8,95,,,96,,,8,95,995,,,,,,,,,,,,,,,,,,,,,,,,,,,,,,0,0,0,0,0,0,0,0,0,0,0,0,0,0,0,0,0,0,0,0,0,0,0,0,0,1,1,0,0,1,0,1,0,0,0,,0,0,0,0,0,0,0,0,0,0,0,0,0,0,0,0,,,,,,71-75,66-75,State route,R,Friday,Belt Used,PV,Not Fatal,0,1,1,0,State Route,State Patrol,Washington State Patrol,0,1,0,0,0,,,,,,0,0,0,,,,,,,,,,,98,98,98,0,,,,,20,,,,,,,,,1,0,,,,,,
2021,243,EB51414,26,07/22/2021,15:20,22,7,,35,Kitsap,0,1,,1,1,2,1,0,3,2,,,,1,0,0,0.7,8,0,1,4,2,2,4,0,0,0,0,CR-BETHEL BURLEY RD SE,,-122.6277778,47.41304444,0,1,98,15,2,45,14,0,0,1,5,12,3,1,2,1,11,2,1,53,0,2,403,2014,0,,12,,,,,,1,1,72,2,0,,0,0,3,0,11,0,,,,,0,0,0,3,1,38,,,,96,,,,,,98,,,,,,98366,53,61,152,6,1,0,0,0,0,,97,,,,,,0,,,20,0,0,0,8,9,8,,,0,,,8,8,2,1,,,1,,,2,1,0,,,,,,,,,,,,,,,,,,,,,,,,,,,,,,0,0,0,0,0,0,0,0,0,0,0,0,0,0,0,0,0,0,1,0,0,0,0,0,0,1,1,0,1,1,0,0,0,0,0,,0,0,0,0,0,0,0,0,0,0,1,0,0,0,0,0,,,,,,71-75,66-75,County road,U,Thursday,Belt Used,PV,Not Fatal,1,0,0,0,County Road,County Sheriff,Kitsap County Sheriff's Office,0,0,1,0,0,,,,,,0,0,0,,,,,,,,,,,98,98,98,0,,,,,20,,,,,,,,,1,0,,,BETHEL BURLEY RD SE,0.67,OLYMPIC DR SE,0