year,case,par,repjur,crash_dt,crash_tm,accday,accmon,holiday,county,co_char,city,weather,weather2,lightcond,surfcond,surftype,numfatal,nmforms,pforms,vforms,not_tm,arr_tm,hosp_tm,fhevent,hitrun,manncol,milepnt,reljunc,reljuncinter,intersectiontype,funcsystem,landuse,ownership,route,schlbus,spejur,contdev,devfunc,trafid1,trafid2,x,y,wk_zone,vnumber,crashtype,criticalevent,criticaleventcat,spdlim,body,trailer,emerg,hazcargo,leave,mhevent,roadalgn,roadprof,traflane,trafflow,vehmanvr,numoccs,regowner,regstate,spuse,make,model,modelyr,vrf1,vrf2,seqevent1,seqevent2,seqevent3,seqevent4,seqevent5,seqevent6,pnumber,ptype,age,sex,hispanic,race,injury,diedscene,restraint,restraintmisuse,seatpos,takehosp,death_dt,death_tm,cert,cernum_wa,commlic,licendor,licrestrict,liccomp,drivpres,drf1,drf2,drf3,drf4,distract1,distract2,distract3,distract4,distract5,distract6,dricond1,dricond2,dricond3,dricond4,dricond5,dricond6,dzip,licstate,drhgt_in,weight,noncdl,noncdltype,prevdwi,prevoth,prevacc,prevspd,prevsus,driviol1,driviol2,driviol3,driviol4,driviol5,driviol6,spdrel,first_dt,last_dt,airbag,ejection,ejectpath,extricat,injurwrk,methalc,methdrug,nmlocat,strikveh,prf1,prf2,prf3,druginv,alcinvol,drugsts,drugres1,drugres2,drugres3,drugtst1,drugtst2,drugtst3,alcsts,alctst,alcres,nmact1,nmact2,nmact3,nmact4,nmact5,nmact6,nmprior1,nmprior2,nmprior3,nmprior4,nmprior5,nmprior6,nmcond1,nmcond2,nmcond3,nmcond4,nmcond5,nmcond6,nmsafe_helmet,nmsafe_pads,nmsafe_oth,nmprev_ref,nmprev_lgt,nmprev_oth,crashlocation,nmcrashtype,crosswalk,schoolzone,sidewalk,train_inv,wildlife_inv,rotr_fars,intersect_fars,dd_inv,aid_inv,dpd_inv,id_inv,mj_inv,impnm_inv,ainm_inv,dpnm_inv,speed_inv,unlic_inv,unendmc_inv,drowsy_inv,drdist_inv,nmdist_inv,fty_inv,unrestfat_inv,dr1617_inv,dr1820_inv,dr1620_inv,dr2125_inv,dr1625_inv,dr65_inv,dr70_inv,dr75_inv,mc_inv,pv_inv,ht_inv,ped_inv,bike_inv,unrest_fat,mc_fat,unhelmet_mc,pv_fat,ht_fat,ped_fat,bike_fat,dr_alc7,dr_alc8,dr_drug,dr_imp,dr_dist,dr_spd,dr_fty,dr_unlic,dr_alc7only,dr_alc8only,dr_drugonly,dr_drink,nm_imp,nm_alc7,nm_alc8,nm_drug,nm_dist,agegrp1,agegrp2,roadclass,urbrur,dayweek,restuse,vehtype,race_me,intersect,lanedep,oppdir,wrongway,rep_typ,investag,repag_long,rotr,st_rd,cty_rd,city_rd,oth_rd,drug_thc,thc_res,drug_cthc,cthc_res,drug_cann,prevpersemin,prevperse,prevsusoth,drugtst4,drugtst5,drugtst6,drugtst7,drugtst8,drugres4,drugres5,drugres6,drugres7,drugres8,adspresent,adsengaged,adslevel,race1,race2,race3,race4,race5,helmet,helmetmisuse,nmdistract1,nmdistract2,nmdistract3,nmdistract4,nmdistract5,nmdistract6,lab,isedtcase,crf1,crf2,crf3,CoRoadName,CoMP,IntCoRoadName,IntCoMP
2021,538,EC02996,26,12/21/2021,0:28,21,12,,35,Kitsap,0,1,,3,1,2,1,0,2,2,,,,12,0,6,0.9,8,0,1,4,2,2,4,0,0,0,0,CR-SE MILE HILL DR,,-122.56865,47.53402222,0,1,68,15,2,45,14,0,0,1,2,12,1,2,4,1,11,1,1,53,0,2,404,1997,0,,12,1,,,,,1,1,40,1,0,,2,0,3,0,11,5,,,,,0,0,0,3,1,0,,,,96,,,,,,98,,,,,,98366,53,72,200,6,1,0,0,0,0,,0,,,,,,0,,,1,0,0,0,8,9,8,,,0,,,8,8,8,95,,,96,,,8,95,995,,,,,,,,,,,,,,,,,,,,,,,,,,,,,,0,0,0,0,1,1,0,1,0,0,0,0,1,0,0,0,0,0,0,0,0,0,0,0,0,0,0,0,0,1,0,0,0,0,0,,0,0,0,0,0,0,0,0,0,0,0,0,0,0,0,0,,,,,,36-40,36-45,County road,U,Tuesday,Belt Used,PV,Not Fatal,0,0,0,0,County Road,County Sheriff,Kitsap County Sheriff's Office,0,0,1,0,0,,,,,,0,0,0,,,,,,,,,,,0,0,0,0,,,,,20,,,,,,,,,1,0,,,MILE HILL DR (SE),0.854,NULL,
2021,538,EC02996,26,12/21/2021,0:28,21,12,,35,Kitsap,0,1,,3,1,2,1,0,2,2,,,,12,0,6,0.9,8,0,1,4,2,2,4,0,0,0,0,CR-SE MILE HILL DR,,-122.56865,47.53402222,0,2,69,62,4,45,2,0,0,1,2,12,1,2,4,1,1,1,1,53,0,32,54,2015,0,,12,68,64,42,,,1,1,46,1,7,,4,7,3,0,11,0,12/21/2021,0:28,53065996,65996,0,0,0,3,1,0,,,,96,,,,,,98,,,,,,98366,53,69,195,6,1,0,1,0,0,,0,,,,,,4,02/15/2020,02/15/2020,1,0,0,0,0,9,8,,,0,,,8,8,2,1,,,1,,,2,1,0.169,,,,,,,,,,,,,,,,,,,,,,,,,,,,,,0,0,0,0,1,1,0,1,0,0,0,0,1,0,0,0,0,0,0,0,0,0,0,0,0,0,0,0,0,1,0,0,0,0,0,,1,0,0,0,0,1,0,1,0,1,0,0,0,1,0,1,,,,,,46-50,46-55,County road,U,Tuesday,Belt Used,PV,White,0,0,0,0,County Road,County Sheriff,Kitsap County Sheriff's Office,0,0,1,0,0,,,,,,0,0,0,,,,,,,,,,,98,98,98,1,,,,,20,,,,,,,,,1,0,,,MILE HILL DR (SE),0.854,NULL,
2021,545,EC04549,236,12/15/2021,18:13,15,12,,35,Kitsap,1710,2,,2,2,2,1,1,1,1,,,,8,0,0,0,1,0,1,4,2,4,6,0,0,0,0,BAY ST,,-122.6252361,47.54301111,0,1,13,80,5,25,14,0,0,1,5,8,1,1,2,1,1,1,1,53,0,20,404,2005,0,,8,,,,,,1,1,72,2,0,,0,0,3,0,11,0,,,,,0,0,0,3,1,0,,,,96,,,,,,98,,,,,,98366,53,61,105,6,1,0,0,0,0,,0,,,,,,0,,,20,0,0,0,8,9,2,,,0,,,8,8,0,0,,,0,,,0,0,996,,,,,,,,,,,,,,,,,,,,,,,,,,,,,,0,0,0,0,0,0,0,0,0,1,0,1,0,0,0,0,0,1,0,0,0,0,0,0,0,1,1,0,0,1,0,1,0,0,0,,0,0,0,0,0,0,0,0,0,0,0,0,0,0,0,0,,,,,,71-75,66-75,City street,U,Wednesday,Belt Used,PV,Not Fatal,0,0,0,0,City Street,Municipal/City Police,Port Orchard Police Department,0,0,0,1,0,,,,,,0,0,0,,,,,,,,,,,98,98,98,0,,,,,20,,,,,,,,,1,0,,,,,,
2017,206,E685188,55,06/19/2017,17:32,19,6,0,33,King,100,1,0,1,1,2,1,0,5,5,17:48,17:53,18:17,12,0,1,0,3,0,2,3,2,1,3,0,0,3,3,SR-167 RAMP LX01577,15TH ST NW,-122.2558361,47.29561944,0,1,98,53,3,35,4,0,0,1,2,12,1,2,2,1,5,1,3,53,0,20,22,2008,0,0,12,,,,,,1,1,33,1,0,0,1,0,3,0,11,8,,,,,0,0,0,3,1,0,0,0,0,0,,,,,,0,,,,,,98367,53,75,325,6,1,0,0,0,1,0,0,,,,,,0,06/15/2012,06/15/2012,20,0,0,0,8,9,8,,,0,0,0,8,0,0,0,0,0,0,0,0,0,0,996,,,,,,,,,,,,,,,,,,,,,,,,,,,,,,0,0,0,1,0,0,1,1,1,0,0,0,1,0,0,0,0,0,0,0,0,0,0,0,0,0,0,0,1,1,0,0,0,0,0,,0,0,0,0,0,0,0,0,0,0,0,0,0,0,0,0,,,,,,31-35,26-35,State route,U,Monday,Belt Used,PV,Not Fatal,1,0,0,0,State Route,Municipal/City Police,Auburn Police Department,0,1,0,0,0,,,,,,,,,,,,,,,,,,,,,,,,,,,,,,,,,,,,,,,,,,,
2017,419,E721081,26,10/08/2017,11:05,8,10,7,35,Kitsap,0,1,0,1,1,2,1,0,3,2,,,,12,0,6,2.2,2,0,2,7,1,2,4,0,0,0,0,CR-SE PRUCE RD,WILLOW RD SE,-122.6366111,47.41430556,0,2,86,66,4,35,34,0,0,1,5,12,1,1,2,1,1,1,1,53,0,12,481,2008,0,0,12,63,1,,,,1,1,43,1,0,0,1,0,3,0,11,4,,,,,0,0,2,2,1,74,0,0,0,0,,,,,,0,,,,,,98367,53,67,180,6,1,0,0,0,0,0,0,,,,,,0,,,1,0,0,0,8,9,8,,,0,0,0,8,0,0,0,0,0,0,0,0,0,0,996,,,,,,,,,,,,,,,,,,,,,,,,,,,,,,0,0,0,1,0,0,1,1,1,0,0,0,0,0,0,0,1,0,0,1,0,1,1,0,1,0,0,0,0,1,0,0,0,0,0,,0,0,0,0,0,0,0,0,0,0,0,0,0,0,0,0,,,,,,41-45,36-45,County road,R,Sunday,Belt Used,PV,Not Fatal,1,0,0,0,County Road,County Sheriff,Kitsap County Sheriff's Office,0,0,1,0,0,,,,,,,,,,,,,,,,,,,,,,,,,,,,,,,,,,,,,,,,,,,
2017,465,E734615,8,11/05/2017,16:53,5,11,0,45,Mason,0,10,0,5,2,2,1,0,2,2,,,,12,0,2,0.6,1,0,1,3,2,1,3,0,0,0,0,SR-3,,-123.0992722,47.187775,0,2,51,62,4,40,4,0,0,1,2,12,3,2,2,1,14,1,1,53,0,22,16,2001,0,0,12,,,,,,1,1,57,2,7,1,4,7,3,0,11,0,11/05/2017,16:54,2.00053E+11,47757,0,0,0,0,1,0,0,0,0,0,,,,,,0,,,,,,98367,53,63,140,0,0,0,0,0,0,0,0,,,,,,0,,,1,0,0,0,0,9,8,,,0,0,0,8,9,2,401,417,0,1,1,0,2,1,0,,,,,,,,,,,,,,,,,,,,,,,,,,,,,,0,0,0,0,1,1,1,1,0,0,0,0,0,1,0,0,0,0,0,0,0,0,0,0,0,0,0,0,0,1,0,0,0,0,0,,1,0,0,0,0,0,1,1,0,0,0,1,0,0,1,0,,,,,,56-60,56-65,State route,U,Sunday,Belt Used,PV,White,0,1,1,0,State Route,State Patrol,Washington State Patrol Headquarter,0,1,0,0,0,,,,,,,,,,,,,,,,,,,,,,,,,,,,,,,,,,,,,,,,,,,
2018,321,E836878,67,09/07/2018,23:34,7,9,0,35,Kitsap,180,2,0,3,2,2,1,0,2,2,,,,33,0,0,1.5,1,0,1,3,2,1,3,0,0,0,0,SR-304,,-122.6534889,47.56333889,0,1,6,6,1,30,80,0,0,1,5,42,2,2,2,2,14,1,1,53,0,37,706,2005,0,0,64,33,42,30,65,12,1,1,27,1,7,1,4,7,19,0,11,0,09/07/2018,23:34,18053039712,39712,0,0,3,3,1,28,0,0,0,96,,,,,,9,,,,,,98367,53,66,160,6,1,0,2,1,1,,0,,,,,,4,11/15/2013,09/15/2018,20,8,0,0,0,9,2,,,0,0,0,1,1,2,605,,,1,,,2,1,0.16,,,,,,,,,,,,,,,,,,,,,,,,,,,,,,0,0,1,0,1,1,1,1,1,0,0,0,1,0,0,0,0,0,0,0,0,0,0,0,0,0,0,0,1,1,0,0,0,0,1,0,0,0,0,0,0,1,1,1,0,1,0,0,0,0,0,1,,,,,,26-30,26-35,State route,U,Friday,,MC,White,0,1,0,0,State Route,Municipal/City Police,Bremerton Police Department,1,1,0,0,0,thc,1.6,,,,0,1,5,,,,,,,,,,,,,,,,,,,,,,,,,,,,,,,,,,,
2019,199,E934932,26,06/27/2019,16:26,27,6,,35,Kitsap,0,1,0,1,1,2,1,0,3,2,,,,12,0,2,2.2,1,0,1,5,1,2,4,0,0,0,0,CR-SE BURLEY OLALLA RD,,-122.5843806,47.43116667,0,1,50,10,2,98,4,0,0,1,7,12,2,2,2,1,14,1,2,53,0,49,40,2011,0,0,68,12,,,,,1,1,57,2,7,,4,7,3,0,11,0,06/27/2019,16:26,53029349,29349,0,0,3,3,1,28,0,0,0,96,,,,,,9,,,,,,98367,53,63,125,6,1,0,0,0,2,,0,,,,,,0,04/15/2016,05/15/2016,8,0,0,0,0,1,1,,,0,0,0,1,1,2,605,695,,1,1,,2,1,0.078,,,,,,,,,,,,,,,,,,,,,,,,,,,,,,0,0,0,0,1,0,1,1,1,0,0,0,0,0,0,0,0,0,0,0,0,0,0,0,0,0,0,0,0,1,0,0,0,0,0,,1,0,0,0,1,0,1,1,0,0,0,0,0,0,0,1,,,,,,56-60,56-65,County road,R,Thursday,Belt Used,PV,White,0,1,1,0,County Road,County Sheriff,Kitsap County Sheriff's Office,0,0,1,0,0,thc,28,carboxy-thc,65,,0,0,0,,,,,,,,,,,98,98,98,1,,,,,20,7,,,,,,,,,,,,,,,
2019,273,E948106,4,08/04/2019,11:49,4,8,,63,Spokane,0,1,0,1,1,2,1,0,5,3,,,,12,0,6,296.4,2,0,2,3,1,1,2,0,0,0,0,US-2,CHATTAROY RD,-117.3540889,47.889375,0,3,98,65,4,60,21,1,0,1,2,1,1,1,3,2,1,2,1,53,0,12,461,2006,0,0,12,64,1,,,,1,1,34,2,0,,2,0,3,0,11,4,,,,,0,0,0,3,1,0,0,0,0,96,,,,,,0,,,,,,98367,53,64,115,6,1,0,0,0,0,,0,,,,,,0,,,20,0,0,0,8,9,8,,,0,0,0,8,0,8,95,,,96,,,8,95,995,,,,,,,,,,,,,,,,,,,,,,,,,,,,,,0,0,0,1,0,0,0,0,0,0,0,0,0,0,0,0,0,0,1,0,0,0,0,0,0,1,1,1,0,1,0,0,0,0,0,,0,0,0,0,0,0,0,0,0,0,0,0,0,0,0,0,,,,,,31-35,26-35,US highway,R,Sunday,Belt Used,PV,Not Fatal,1,0,0,0,State Route,State Patrol,Washington State Patrol,0,1,0,0,0,,,,,,0,0,0,,,,,,,,,,,98,98,98,0,,,,,20,7,,,,,,,,,,,,,,,
2019,281,E949359,8,08/02/2019,22:28,2,8,,45,Mason,2000,1,0,3,1,2,1,1,2,1,,,,8,0,0,1.6,1,0,1,3,2,1,3,0,0,0,0,SR-3,,-123.0916583,47.20078333,0,1,13,80,5,30,5,0,0,1,5,8,1,2,3,5,1,2,1,53,0,49,51,2012,0,0,8,,,,,,1,1,50,2,0,,0,0,3,0,11,0,,,,,0,0,3,3,1,0,0,0,0,96,,,,,,0,,,,,,98367,53,69,200,6,1,0,1,0,2,,0,,,,,,0,07/15/2017,08/15/2018,20,0,0,0,8,9,8,,,0,0,0,8,0,2,1,,,1,,,2,1,0,,,,,,,,,,,,,,,,,,,,,,,,,,,,,,0,0,0,0,0,0,0,0,0,0,0,0,0,0,0,0,0,1,0,0,0,0,0,0,0,0,0,0,0,1,0,1,0,0,0,,0,0,0,0,0,0,0,0,0,0,0,0,0,0,0,0,,,,,,46-50,46-55,State route,U,Friday,Belt Used,PV,Not Fatal,0,0,0,0,State Route,State Patrol,Washington State Patrol,0,1,0,0,0,,,,,,0,0,0,,,,,,,,,,,98,98,98,0,,,,,20,7,,,,,,,,,,,,,,,
2019,348,E967144,8,09/27/2019,15:55,27,9,,35,Kitsap,0,1,0,1,1,2,1,0,2,2,,,,12,0,6,6.1,2,0,3,4,1,1,3,1,0,0,0,SR-160,COTTONWOOD DR SE,-122.5194028,47.504825,0,1,69,62,4,45,80,0,0,1,2,12,1,2,2,1,1,1,1,53,0,37,706,2003,0,0,12,,,,,,1,1,45,1,7,,4,7,20,7,11,0,09/27/2019,15:55,53043515,43515,0,0,0,3,1,0,0,0,0,96,,,,,,99,,,,,,98367,53,73,195,6,1,0,0,1,0,,0,,,,,,4,06/15/2018,06/15/2018,20,8,0,0,0,9,8,,,0,0,0,8,9,2,1,,,1,,,2,1,0,,,,,,,,,,,,,,,,,,,,,,,,,,,,,,0,0,0,1,0,0,0,0,0,0,0,0,1,0,0,0,0,0,0,0,0,0,0,0,0,0,0,0,1,0,0,0,0,0,1,0,0,0,0,0,0,0,0,0,0,1,0,0,0,0,0,0,,,,,,41-45,36-45,State route,R,Friday,,MC,White,1,0,0,0,State Route,State Patrol,Washington State Patrol,0,1,0,0,0,,,,,,0,0,0,,,,,,,,,,,0,0,0,1,,,,,5,0,,,,,,,,,,,,,,,
2019,348,E967144,8,09/27/2019,15:55,27,9,,35,Kitsap,0,1,0,1,1,2,1,0,2,2,,,,12,0,6,6.1,2,0,3,4,1,1,3,1,0,0,0,SR-160,COTTONWOOD DR SE,-122.5194028,47.504825,0,2,68,15,2,45,50,0,0,1,5,12,1,2,2,1,11,1,3,53,2,82,981,2013,0,0,12,,,,,,1,1,61,2,0,,0,0,3,0,11,0,,,,,6,1,0,3,1,0,0,0,0,96,,,,,,0,,,,,,98367,53,67,160,6,1,0,0,1,0,,0,,,,,,0,05/15/2018,05/15/2018,20,0,0,0,8,9,2,,,0,0,0,0,0,2,1,,,1,,,2,1,0,,,,,,,,,,,,,,,,,,,,,,,,,,,,,,0,0,0,1,0,0,0,0,0,0,0,0,1,0,0,0,0,0,0,0,0,0,0,0,0,0,0,0,1,0,0,0,0,0,0,,0,0,0,0,0,0,0,0,0,0,0,0,0,0,0,0,,,,,,61-65,56-65,State route,R,Friday,,BUS,Not Fatal,1,0,0,0,State Route,State Patrol,Washington State Patrol,0,1,0,0,0,,,,,,0,0,0,,,,,,,,,,,98,98,98,0,,,,,20,7,,,,,,,,,,,,,,,
2020,31,EA17742,35,02/17/2020,15:00,17,2,,53,Pierce,0,1,,1,1,2,1,0,3,2,16:01,16:15,16:53,12,0,1,2.5,2,0,2,4,2,2,4,0,0,0,0,CR-Key Peninsula Hwy N,134TH AVE NW,-122.7162778,47.37059444,0,1,20,50,3,45,5,0,0,1,5,12,1,1,2,1,1,1,1,53,0,63,32,2018,0,,12,,,,,,1,1,93,2,7,,4,7,3,0,11,0,02/17/2020,15:00,53009184,9184,0,0,3,3,1,0,,,,96,,,,,,98,,,,,,98367,53,62,139,6,1,0,0,0,0,,0,,,,,,0,,,1,0,0,0,0,9,8,,,0,,,8,8,2,1,,,1,,,2,1,0,,,,,,,,,,,,,,,,,,,,,,,,,,,,,,0,0,0,1,0,0,0,0,0,0,0,0,0,0,0,0,0,0,0,0,0,0,0,0,0,1,1,1,0,1,0,0,0,0,0,,1,0,0,0,0,0,0,0,0,0,0,0,0,0,0,0,,,,,,81+,76+,County road,U,Monday,Belt Used,PV,White,1,0,0,0,County Road,County Sheriff,Law Enforcement Support Agency,0,0,1,0,0,,,,,,0,0,0,,,,,,,,,,,98,98,98,1,,,,,20,7,,,,,,,,1,0,,,KEY PENINSULA HWY NW,2.51,134 AVE NW,0.17
2020,398,EA64388,26,09/15/2020,13:13,15,9,,35,Kitsap,0,1,,1,1,2,1,0,2,2,13:22,13:31,14:08,12,0,6,2.6,2,0,3,5,1,2,4,0,0,20,3,CR-SW LAKEWAY BLVD,SIDNEY RD,-122.6612333,47.4397,0,2,78,16,2,35,34,0,0,1,2,12,1,1,2,1,10,1,1,53,0,20,473,2004,0,,12,,,,,,1,1,83,1,7,,4,0,99,7,11,5,10/12/2020,2:35,2.23053E+11,47391,0,0,3,3,1,39,,,,96,,,,,,0,,,,,,98367,53,68,260,6,1,0,0,0,0,,0,,,,,,0,,,8,0,0,0,0,9,8,,,0,,,8,8,8,95,,,96,,,8,95,995,,,,,,,,,,,,,,,,,,,,,,,,,,,,,,0,0,0,1,0,0,0,0,0,0,0,0,0,0,0,0,0,0,0,0,0,0,0,0,0,1,1,1,0,1,0,0,0,0,0,,1,0,0,0,0,0,0,0,0,0,0,0,0,0,0,0,,,,,,81+,76+,County road,R,Tuesday,Unknown,PV,Multiracial,1,0,0,0,County Road,County Sheriff,Kitsap County Sheriff's Office,0,0,1,0,0,,,,,,0,0,0,,,,,,,,,,,98,98,98,298,,,,,20,7,,,,,,,,1,0,,,SIDNEY RD SW,2.644,LAKEWAY BLVD (SW),0
2020,432,EA78212,7,11/04/2020,23:22,4,11,,33,King,0,10,,2,2,2,1,0,3,2,23:36,23:46,0:16,12,0,2,32.7,1,0,1,3,2,1,3,0,0,0,0,SR-509,,-122.3247056,47.50373056,0,1,52,54,3,60,84,0,0,1,2,12,1,2,2,3,1,1,2,53,0,98,703,2009,0,,12,,,,,,1,1,38,2,7,,4,7,20,7,11,0,11/04/2020,23:22,53052755,52755,0,0,0,2,1,51,,,,96,,,,,,98,,,,,,98367,53,64,100,6,1,2,0,1,0,,0,,,,,,0,01/15/2017,01/15/2017,20,8,0,0,0,9,8,,,0,,,8,8,2,996,695,605,1,1,1,2,1,0.252,,,,,,,,,,,,,,,,,,,,,,,,,,,,,,0,0,0,0,1,1,1,1,1,0,0,0,0,1,1,0,0,0,0,0,0,0,0,0,0,0,0,0,1,1,0,0,0,0,1,0,0,0,0,0,0,1,1,1,0,0,0,0,0,0,0,1,,,,,,36-40,36-45,State route,U,Wednesday,,OTHMC,White,0,0,0,1,State Route,State Patrol,Washington State Patrol,0,1,0,0,0,thc,0.53,carboxy-thc,14,,0,1,1,1,1,1,,,996,996,401,,,0,0,0,1,,,,,5,0,,,,,,,nms,1,0,,,,,,
2020,451,EA82572,7,11/18/2020,4:25,18,11,,33,King,0,2,,3,2,2,1,0,4,2,4:54,5:07,,12,0,1,10.9,1,0,1,3,2,1,3,0,0,0,0,SR-18,,-122.1377083,47.34841667,0,1,20,50,3,60,34,0,0,1,5,12,1,2,2,3,1,1,5,53,0,12,481,2015,0,,12,,,,,,1,1,66,1,0,,0,0,3,0,11,0,,,,,6,0,0,3,1,0,,,,96,,,,,,0,,,,,,98367,53,70,250,6,1,0,0,2,0,,0,,,,,,0,12/15/2016,02/15/2017,8,0,0,0,8,9,8,,,0,,,8,8,0,0,,,0,,,0,0,996,,,,,,,,,,,,,,,,,,,,,,,,,,,,,,0,0,0,0,0,0,0,0,0,0,0,0,0,1,0,0,0,0,0,0,0,0,0,0,0,1,0,0,0,1,0,0,0,0,0,,0,0,0,0,0,0,0,0,0,0,0,0,0,0,0,0,,,,,,66-70,66-75,State route,U,Wednesday,Belt Used,PV,Not Fatal,0,0,0,0,State Route,State Patrol,Washington State Patrol,0,1,0,0,0,,,,,,0,0,0,,,,,,,,,,,98,98,98,0,,,,,20,7,,,,,,,,1,23,,,,,,
2021,15,EA99542,8,01/15/2021,13:41,15,1,,45,Mason,0,1,,1,2,2,1,0,3,2,,,,12,0,2,3.8,1,0,1,3,2,1,3,0,0,0,0,SR-3,,-123.0819667,47.21763056,0,1,50,10,2,50,16,0,0,1,2,12,2,1,2,1,14,1,1,53,0,23,431,2002,0,,68,12,,,,,1,1,62,1,0,,3,0,20,7,11,5,,,,,0,0,0,3,1,28,,,,92,,,,,,1,,,,,,98367,53,72,300,6,1,0,0,0,2,,52,,,,,,0,01/15/2017,07/15/2019,8,0,0,0,8,9,8,,,0,,,8,8,0,0,,,0,,,0,0,996,,,,,,,,,,,,,,,,,,,,,,,,,,,,,,0,0,0,0,0,0,0,0,0,0,0,0,0,0,0,0,1,0,0,1,0,0,0,0,0,1,1,1,0,1,0,0,0,0,0,,0,0,0,0,0,0,0,0,1,0,0,0,0,0,0,0,,,,,,61-65,56-65,State route,U,Friday,Not Used,PV,Not Fatal,0,1,1,0,State Route,State Patrol,Washington State Patrol,0,1,0,0,0,,,,,,0,0,1,,,,,,,,,,,98,98,98,0,,,,,20,,,,,,,,,1,0,,,,,,
2021,47,EB10644,8,02/19/2021,18:05,19,2,,35,Kitsap,0,10,,2,2,2,1,1,2,3,,,,12,0,6,3.2,8,0,1,4,1,1,3,0,0,0,0,SR-160,,-122.5814528,47.50508611,0,3,98,62,4,45,4,0,0,1,2,12,1,1,2,1,5,1,3,53,0,12,17,2009,0,,12,,,,,,1,1,29,1,0,,0,0,3,0,11,0,,,,,0,0,3,3,1,0,,,,0,,,,,,98,,,,,,98367,53,68,136,6,1,0,0,0,0,,0,,,,,,0,,,1,0,0,0,8,9,8,,,0,,,8,8,8,95,,,96,,,8,95,995,,,,,,,,,,,,,,,,,,,,,,,,,,,,,,0,0,0,0,0,0,0,0,0,0,0,0,0,0,0,0,0,0,0,0,0,0,0,0,0,1,1,0,0,1,0,1,0,0,0,,0,0,0,0,0,0,0,0,0,0,0,0,0,0,0,0,,,,,,26-30,26-35,State route,R,Friday,Belt Used,PV,Not Fatal,0,1,1,0,State Route,State Patrol,Washington State Patrol,0,1,0,0,0,,,,,,0,0,0,,,,,,,,,,,98,98,98,0,,,,,20,,,,,,,,,1,0,,,,,,
2021,560,EB17328,26,03/27/2021,23:18,27,3,,35,Kitsap,0,1,,2,1,2,1,1,1,1,,,,8,0,0,2.8,1,0,1,5,1,2,4,0,0,0,0,CR-SIDNEY RD SW,,-122.6611778,47.44194167,0,1,13,80,5,45,14,0,0,1,2,8,1,1,2,1,1,1,2,53,0,7,402,1999,0,,8,,,,,,1,1,39,2,0,,0,0,99,7,11,0,,,,,0,0,0,3,1,0,,,,96,,,,,,9,,,,,,98367,53,64,195,6,1,0,0,0,0,,97,,,,,,0,,,20,0,0,0,8,9,8,,,0,,,8,1,8,95,,,96,,,2,10,0.06,,,,,,,,,,,,,,,,,,,,,,,,,,,,,,0,0,0,0,1,0,0,0,0,1,1,0,0,0,0,0,0,0,0,0,0,0,0,0,0,0,0,0,0,1,0,1,0,0,0,,0,0,0,0,1,0,0,0,0,0,0,0,1,0,0,1,,,,,,36-40,36-45,County road,R,Saturday,Unknown,PV,Not Fatal,0,0,0,0,County Road,County Sheriff,Kitsap County Sheriff's Office,0,0,1,0,0,,,,,,0,0,0,,,,,,,,,,,0,0,0,0,,,,,20,,,,,,,,,1,0,,,SIDNEY RD SW,2.803,NULL,
2017,198,E681707,6,06/12/2017,6:40,12,6,0,47,Okanogan,1600,1,0,1,1,2,1,0,2,2,,,,12,0,2,277.5,1,0,1,3,2,1,2,0,0,98,3,US-97,,-119.5061611,48.41894444,0,2,51,62,4,50,34,1,0,1,2,12,1,1,2,1,1,1,1,53,0,23,472,2008,0,0,12,,,,,,1,1,76,1,0,0,2,0,3,0,11,8,,,,,0,0,0,3,1,0,0,0,0,0,,,,,,0,,,,,,98368,53,67,170,6,1,0,0,0,0,0,0,,,,,,0,,,1,0,0,0,8,9,8,,,0,0,0,8,0,0,0,0,0,0,0,0,0,0,996,,,,,,,,,,,,,,,,,,,,,,,,,,,,,,0,0,0,0,0,0,0,0,0,0,0,0,0,0,0,0,0,0,0,1,0,0,0,0,0,1,1,1,0,1,0,0,0,0,0,,0,0,0,0,0,0,0,0,0,0,0,0,0,0,0,0,,,,,,76-80,76+,US highway,U,Monday,Belt Used,PV,Not Fatal,0,1,1,0,State Route,State Patrol,Washington State Patrol Headquarter,0,1,0,0,0,,,,,,,,,,,,,,,,,,,,,,,,,,,,,,,,,,,,,,,,,,,
2017,179,E683891,1,05/27/2017,22:13,27,5,4,77,Yakima,0,1,0,2,1,2,1,0,1,1,,,,24,0,0,2.6,1,0,1,5,1,2,4,0,0,0,0,CR-NILE RD,,-120.9342306,46.81926111,0,1,2,13,2,35,80,0,0,1,5,24,3,1,2,1,14,1,9,99,0,37,703,2007,0,0,63,24,,,,,1,1,49,1,7,1,4,7,19,0,11,0,05/27/2017,22:13,1.44053E+11,24101,0,0,0,2,1,0,0,0,0,96,,,,,,9,,,,,,98368,53,71,185,6,1,0,1,0,2,0,0,,,,,,0,07/15/2013,01/15/2014,20,8,0,0,0,1,8,,,0,0,0,8,1,2,1,0,0,1,0,0,2,1,0.24,,,,,,,,,,,,,,,,,,,,,,,,,,,,,,0,0,0,0,1,1,0,1,0,0,0,0,0,0,1,0,0,0,0,0,0,0,0,0,0,0,0,0,1,0,0,0,0,0,1,0,0,0,0,0,0,1,0,1,0,0,0,0,0,1,0,1,,,,,,46-50,46-55,County road,R,Saturday,,MC,White,0,1,0,0,County Road,State Patrol,Washington State Patrol Headquarter,1,0,1,0,0,,,,,,,,,,,,,,,,,,,,,,,,,,,,,,,,,,,,,,,,,,,