year,case,par,repjur,crash_dt,crash_tm,accday,accmon,holiday,county,co_char,city,weather,weather2,lightcond,surfcond,surftype,numfatal,nmforms,pforms,vforms,not_tm,arr_tm,hosp_tm,fhevent,hitrun,manncol,milepnt,reljunc,reljuncinter,intersectiontype,funcsystem,landuse,ownership,route,schlbus,spejur,contdev,devfunc,trafid1,trafid2,x,y,wk_zone,vnumber,crashtype,criticalevent,criticaleventcat,spdlim,body,trailer,emerg,hazcargo,leave,mhevent,roadalgn,roadprof,traflane,trafflow,vehmanvr,numoccs,regowner,regstate,spuse,make,model,modelyr,vrf1,vrf2,seqevent1,seqevent2,seqevent3,seqevent4,seqevent5,seqevent6,pnumber,ptype,age,sex,hispanic,race,injury,diedscene,restraint,restraintmisuse,seatpos,takehosp,death_dt,death_tm,cert,cernum_wa,commlic,licendor,licrestrict,liccomp,drivpres,drf1,drf2,drf3,drf4,distract1,distract2,distract3,distract4,distract5,distract6,dricond1,dricond2,dricond3,dricond4,dricond5,dricond6,dzip,licstate,drhgt_in,weight,noncdl,noncdltype,prevdwi,prevoth,prevacc,prevspd,prevsus,driviol1,driviol2,driviol3,driviol4,driviol5,driviol6,spdrel,first_dt,last_dt,airbag,ejection,ejectpath,extricat,injurwrk,methalc,methdrug,nmlocat,strikveh,prf1,prf2,prf3,druginv,alcinvol,drugsts,drugres1,drugres2,drugres3,drugtst1,drugtst2,drugtst3,alcsts,alctst,alcres,nmact1,nmact2,nmact3,nmact4,nmact5,nmact6,nmprior1,nmprior2,nmprior3,nmprior4,nmprior5,nmprior6,nmcond1,nmcond2,nmcond3,nmcond4,nmcond5,nmcond6,nmsafe_helmet,nmsafe_pads,nmsafe_oth,nmprev_ref,nmprev_lgt,nmprev_oth,crashlocation,nmcrashtype,crosswalk,schoolzone,sidewalk,train_inv,wildlife_inv,rotr_fars,intersect_fars,dd_inv,aid_inv,dpd_inv,id_inv,mj_inv,impnm_inv,ainm_inv,dpnm_inv,speed_inv,unlic_inv,unendmc_inv,drowsy_inv,drdist_inv,nmdist_inv,fty_inv,unrestfat_inv,dr1617_inv,dr1820_inv,dr1620_inv,dr2125_inv,dr1625_inv,dr65_inv,dr70_inv,dr75_inv,mc_inv,pv_inv,ht_inv,ped_inv,bike_inv,unrest_fat,mc_fat,unhelmet_mc,pv_fat,ht_fat,ped_fat,bike_fat,dr_alc7,dr_alc8,dr_drug,dr_imp,dr_dist,dr_spd,dr_fty,dr_unlic,dr_alc7only,dr_alc8only,dr_drugonly,dr_drink,nm_imp,nm_alc7,nm_alc8,nm_drug,nm_dist,agegrp1,agegrp2,roadclass,urbrur,dayweek,restuse,vehtype,race_me,intersect,lanedep,oppdir,wrongway,rep_typ,investag,repag_long,rotr,st_rd,cty_rd,city_rd,oth_rd,drug_thc,thc_res,drug_cthc,cthc_res,drug_cann,prevpersemin,prevperse,prevsusoth,drugtst4,drugtst5,drugtst6,drugtst7,drugtst8,drugres4,drugres5,drugres6,drugres7,drugres8,adspresent,adsengaged,adslevel,race1,race2,race3,race4,race5,helmet,helmetmisuse,nmdistract1,nmdistract2,nmdistract3,nmdistract4,nmdistract5,nmdistract6,lab,isedtcase,crf1,crf2,crf3,CoRoadName,CoMP,IntCoRoadName,IntCoMP
2018,7,E756340,8,01/05/2018,10:39,5,1,0,31,Jefferson,0,10,0,1,2,2,1,0,2,2,,,,12,0,2,0.5,1,0,1,3,1,1,3,0,0,0,0,SR-20,,-122.8802361,47.99090556,0,2,51,62,4,50,66,1,0,1,2,12,3,2,2,1,14,1,3,53,0,85,881,2010,0,0,12,,,,,,1,1,42,1,0,0,0,0,3,0,11,0,,,,,6,3,0,3,1,0,0,0,0,96,,,,,,0,,,,,,98368,53,73,235,6,1,0,0,0,0,,0,,,,,,0,,,20,0,0,0,8,9,8,,,0,0,0,8,0,8,95,,,96,,,8,95,995,,,,,,,,,,,,,,,,,,,,,,,,,,,,,,0,0,0,0,0,0,1,1,0,0,0,0,0,0,0,0,0,0,0,0,0,0,0,0,0,0,0,0,0,1,1,0,0,0,0,,0,0,0,0,0,0,0,0,0,0,0,0,0,0,0,0,,,,,,41-45,36-45,State route,R,Friday,,MHTRUCK,Not Fatal,0,1,1,0,State Route,State Patrol,Washington State Patrol Headquarter,0,1,0,0,0,,,,,,0,0,0,,,,,,,,,,,,,,,,,,,,,,,,,,,,,,,,,,,
2018,94,E784570,237,03/28/2018,21:02,28,3,0,31,Jefferson,1720,10,0,1,1,2,1,1,1,1,,,,9,0,0,0,2,0,2,5,2,4,6,0,0,0,0,19TH ST,LANDES ST,-122.7826333,48.11375,0,1,13,83,5,25,4,0,0,1,7,9,1,2,2,1,10,1,1,53,0,55,33,2002,0,0,9,,,,,,1,1,63,1,0,0,0,0,3,0,11,0,,,,,0,0,3,3,1,38,91,0,0,0,,,,,,2,9,,,,,98368,53,75,215,6,1,0,0,0,0,,1,12,,,,,0,,,20,0,0,0,8,9,2,,,0,0,0,1,0,8,95,,,96,,,8,95,995,,,,,,,,,,,,,,,,,,,,,,,,,,,,,,0,0,0,1,0,0,0,0,0,0,0,0,0,0,0,1,0,0,1,0,0,0,0,0,0,0,0,0,0,1,0,0,1,0,0,,0,0,0,0,0,0,0,0,0,0,1,0,0,0,0,0,,,,,,61-65,56-65,City street,U,Wednesday,Belt Used,PV,Not Fatal,1,0,0,0,City Street,Municipal/City Police,Port Townsend Police Department,0,0,0,1,0,,,carboxy-thc,7.6,,0,0,0,,,,,,,,,,,,,,,,,,,,,,,,,,,,,,,,,,,
2018,364,E848331,8,10/07/2018,14:15,7,10,7,31,Jefferson,0,2,0,1,2,2,1,0,3,2,,,,12,0,6,301.4,1,0,1,3,1,1,2,0,0,0,0,US-101,,-122.88295,47.747025,0,2,66,62,4,55,5,0,0,1,7,12,3,5,4,1,14,1,1,53,0,37,39,2009,0,0,12,63,24,24,,,1,1,72,2,7,1,4,7,3,0,11,0,10/07/2018,14:15,53044362,44362,0,0,3,3,1,0,0,0,0,96,,,,,,99,,,,,,98368,53,63,145,6,1,0,0,0,0,,0,,,,,,0,,,8,0,0,0,0,9,2,,,0,0,0,0,0,2,1,,,1,,,2,1,0,,,,,,,,,,,,,,,,,,,,,,,,,,,,,,0,0,0,0,0,0,0,0,0,0,0,0,1,0,0,0,0,0,0,0,0,0,0,0,0,1,1,1,0,1,0,0,0,0,0,,1,0,0,0,0,0,0,0,0,0,0,0,0,0,0,0,,,,,,71-75,66-75,US highway,R,Sunday,Belt Used,PV,White,0,1,1,0,State Route,State Patrol,Washington State Patrol,0,1,0,0,0,,,,,,0,0,0,,,,,,,,,,,,,,,,,,,,,,,,,,,,,,,,,,,
2019,139,E919553,8,05/03/2019,14:34,3,5,,31,Jefferson,0,1,0,1,1,2,1,0,2,2,,,,12,0,6,11.3,2,0,2,3,1,1,3,0,0,0,0,SR-104,TEAL LAKE RD,-122.6868833,47.87065,0,2,83,67,4,60,80,0,0,1,2,12,1,1,2,1,1,1,1,53,0,53,706,2005,0,0,12,,,,,,1,1,72,1,7,,4,7,20,7,11,0,05/03/2019,14:34,53020976,20976,0,0,3,3,1,0,0,0,0,96,,,,,,0,,,,,,98368,53,69,178,6,1,0,0,0,0,,0,,,,,,0,,,20,8,0,0,0,9,8,,,0,0,0,8,9,2,177,,,1,,,2,1,0,,,,,,,,,,,,,,,,,,,,,,,,,,,,,,0,0,0,1,0,0,1,1,0,0,0,0,0,0,0,0,0,0,0,0,0,0,0,0,0,1,1,1,1,1,0,0,0,0,1,0,0,0,0,0,0,0,1,1,0,0,0,0,0,0,1,0,,,,,,71-75,66-75,State route,R,Friday,,MC,White,1,0,0,0,State Route,State Patrol,Washington State Patrol,0,1,0,0,0,,,,,,0,0,0,,,,,,,,,,,0,0,0,1,,,,,5,0,,,,,,,,,,,,,,,
2019,287,E951171,26,08/17/2019,16:43,17,8,,35,Kitsap,0,1,0,1,1,2,1,0,2,2,,,,12,0,2,1.4,2,0,3,5,1,2,4,0,0,0,0,CR-MILLER BAY RD NE,NE WOOD BAY LN,-122.5622028,47.75853333,0,2,51,62,4,45,63,0,0,1,7,12,1,2,2,1,1,1,3,53,0,84,881,2009,0,0,12,,,,,,1,1,60,1,0,,1,0,3,0,11,5,,,,,6,9,0,3,1,0,0,0,0,0,,,,,,0,,,,,,98368,53,67,300,6,1,0,0,0,0,,0,,,,,,0,,,20,0,0,0,8,2,3,,,0,0,0,0,0,8,95,,,96,,,2,10,0,,,,,,,,,,,,,,,,,,,,,,,,,,,,,,0,0,0,1,0,0,1,1,1,0,0,0,0,0,0,0,0,0,0,1,0,0,0,0,0,0,0,0,0,1,1,0,0,0,0,,0,0,0,0,0,0,0,0,0,0,0,0,0,0,0,0,,,,,,56-60,56-65,County road,R,Saturday,,MHTRUCK,Not Fatal,0,1,1,0,County Road,County Sheriff,Kitsap County Sheriff's Office,0,0,1,0,0,,,,,,0,0,0,,,,,,,,,,,98,98,98,0,,,,,20,7,,,,,,,,,,,,,,,
2019,415,E985772,8,11/11/2019,3:40,11,11,,31,Jefferson,0,10,0,2,1,2,3,0,3,1,,,,1,0,0,12.3,1,0,1,4,1,1,3,0,0,0,0,SR-19,,-122.7977444,48.04837778,0,1,2,6,1,40,3,0,0,1,7,1,1,1,2,1,1,3,1,53,0,55,36,2002,0,0,68,68,63,1,42,,1,1,20,1,7,,4,7,3,0,11,0,11/11/2019,3:40,53049821,49821,0,0,0,3,1,0,0,0,0,96,,,,,,9,,,,,,98368,53,72,180,6,1,0,0,0,0,,0,,,,,,4,,,1,0,0,0,0,9,8,,,0,0,0,1,1,8,95,,,96,,,8,95,995,,,,,,,,,,,,,,,,,,,,,,,,,,,,,,0,0,0,0,1,0,0,0,0,0,0,0,1,0,0,0,0,0,0,1,0,1,1,0,1,0,0,0,0,1,0,0,0,0,0,,1,0,0,0,0,0,0,0,0,1,0,0,0,0,0,1,,,,,,18-20,16-25,State route,R,Monday,Belt Used,PV,White,0,1,0,0,State Route,State Patrol,Washington State Patrol,1,1,0,0,0,,,,,,0,0,0,,,,,,,,,,,98,98,98,1,,,,,20,7,,,,,,,,,,,,,,,
2020,48,EA17799,8,02/22/2020,15:55,22,2,,9,Clallam,0,1,,1,1,2,1,0,7,3,16:17,16:35,17:09,12,0,1,268.3,2,0,3,3,1,1,2,0,0,0,0,US-101,LOUELLA RD,-123.0308306,48.03861667,0,1,20,50,3,50,14,0,0,1,5,12,2,1,2,1,14,1,1,53,0,18,401,2005,0,,12,,,,,,1,1,70,2,0,,2,0,3,0,11,5,,,,,0,0,0,3,1,91,,,,96,,,,,,9,,,,,,98368,53,66,150,6,1,0,0,0,3,,1,,,,,,0,09/15/2015,03/15/2019,8,0,0,0,8,3,2,,,0,,,1,8,2,1,,,1,,,2,1,0,,,,,,,,,,,,,,,,,,,,,,,,,,,,,,0,0,0,1,1,0,1,1,1,0,0,0,0,1,0,0,0,0,0,0,0,0,0,0,0,1,1,0,0,1,0,0,0,0,0,,0,0,0,0,0,0,0,0,0,0,0,0,0,0,0,0,,,,,,66-70,66-75,US highway,R,Saturday,Belt Used,PV,Not Fatal,1,0,0,0,State Route,State Patrol,Washington State Patrol,0,1,0,0,0,,,,,,0,0,0,,,,,,,,,,,98,98,98,0,,,,,20,7,,,,,,,,1,0,,,,,,
2018,147,E801942,8,05/17/2018,17:02,17,5,0,31,Jefferson,0,1,0,1,1,1,1,0,7,6,16:47,17:08,17:48,12,0,8,14.3,1,0,1,3,1,1,3,0,0,0,0,SR-104,,-122.6197722,47.85721944,0,3,98,62,4,40,14,0,0,1,5,12,1,1,2,1,1,2,1,53,0,23,401,2005,0,0,12,63,25,,,,1,1,65,1,0,0,0,0,3,0,11,0,,,,,0,0,0,3,1,0,0,0,0,96,,,,,,0,,,,,,98370,53,69,185,6,1,0,0,0,0,,0,,,,,,0,,,20,0,0,0,8,9,8,,,0,0,0,8,0,8,95,,,96,,,8,95,995,,,,,,,,,,,,,,,,,,,,,,,,,,,,,,0,0,0,0,0,0,1,1,0,0,0,0,0,0,0,0,1,0,0,0,0,0,0,0,0,1,0,0,0,1,1,0,0,0,0,,0,0,0,0,0,0,0,0,0,0,0,0,0,0,0,0,,,,,,61-65,56-65,State route,R,Thursday,Belt Used,PV,Not Fatal,0,0,0,1,State Route,State Patrol,Washington State Patrol Headquarter,0,1,0,0,0,,,,,,0,0,0,,,,,,,,,,,,,,,,,,,,,,,,,,,,,,,,,,,
2019,3,E882539,26,01/14/2019,6:02,14,1,,35,Kitsap,0,1,0,2,4,2,1,0,3,2,,,,12,0,6,2.8,1,0,1,4,2,2,4,0,0,0,0,CR-ILLAHEE RD NE,,-122.5975194,47.63201944,0,1,66,6,1,25,4,0,0,1,7,12,3,1,2,1,14,1,1,53,0,30,40,2002,0,0,68,12,,,,,1,1,22,1,7,,4,7,3,0,11,0,01/14/2019,6:02,53002047,2047,0,0,0,3,1,87,0,0,0,96,,,,,,99,,,,,,98370,53,72,200,6,1,0,0,0,0,,0,,,,,,4,,,8,0,0,0,0,9,8,,,0,0,0,8,9,2,1,,,1,,,2,1,0,,,,,,,,,,,,,,,,,,,,,,,,,,,,,,0,0,0,0,0,0,0,0,0,0,0,0,1,0,0,0,0,0,0,0,0,0,0,1,1,0,0,0,0,1,0,0,0,0,0,,1,0,0,0,0,0,0,0,0,1,0,0,0,0,0,0,,,,,,21-25,16-25,County road,U,Monday,Belt Used,PV,White,0,1,1,0,County Road,County Sheriff,Kitsap County Sheriff's Office,0,0,1,0,0,,,,,,0,0,0,,,,,,,,,,,98,98,98,1,,,,,20,7,,,,,,,,,,,,,,,
2019,36,E890328,31,02/02/2019,16:51,2,2,,45,Mason,0,1,0,1,1,2,1,0,5,2,,,,12,0,7,1.8,3,0,3,5,1,2,4,0,0,0,0,CR-E PICKERING RD,STRONG RD,-122.9384,47.26893611,0,2,45,60,4,40,34,0,0,1,7,1,3,2,2,1,14,2,1,53,0,12,481,2015,0,0,12,63,35,1,,,1,1,43,1,0,,1,0,3,0,11,4,,,,,0,0,0,3,1,38,0,0,0,96,,,,,,0,,,,,,98370,53,73,250,6,1,0,0,1,0,,0,,,,,,0,06/15/2016,06/15/2016,8,0,0,0,8,9,8,,,0,0,0,8,9,8,95,,,96,,,8,95,995,,,,,,,,,,,,,,,,,,,,,,,,,,,,,,0,0,0,1,0,0,0,0,0,0,0,0,1,1,0,0,0,0,1,0,0,0,0,0,0,0,0,0,0,1,1,0,0,0,0,,0,0,0,0,0,0,0,0,0,0,1,0,0,0,0,0,,,,,,41-45,36-45,County road,R,Saturday,Belt Used,PV,Not Fatal,1,0,0,0,County Road,County Sheriff,Mason County Sheriff's Office,0,0,1,0,0,,,,,,0,0,0,,,,,,,,,,,98,98,98,0,,,,,20,7,,,,,,,,,,,,,,,
2019,42,E894129,3,02/02/2019,13:46,2,2,,67,Thurston,1590,1,0,1,1,2,1,0,6,2,,,,14,0,0,106.6,1,0,1,1,2,1,1,0,0,0,0,I-5,,-122.8714972,47.039075,0,1,11,11,2,60,6,0,0,1,2,14,1,1,4,3,1,2,2,53,0,12,37,2006,0,0,63,14,,,,,1,1,40,1,0,,1,0,3,0,11,8,,,,,0,0,0,3,1,0,0,0,0,96,,,,,,9,,,,,,98370,53,69,180,6,1,0,0,0,0,,97,,,,,,0,,,8,0,0,0,8,9,2,,,0,0,0,1,9,8,95,,,96,,,8,95,995,,,,,,,,,,,,,,,,,,,,,,,,,,,,,,0,0,0,0,0,0,0,0,0,0,0,0,0,0,0,0,0,0,0,0,0,0,0,0,0,0,0,0,0,1,0,0,0,0,0,,0,0,0,0,0,0,0,0,0,0,0,0,0,0,0,0,,,,,,36-40,36-45,Interstate,U,Saturday,Belt Used,PV,Not Fatal,0,1,0,0,State Route,State Patrol,Washington State Patrol,1,1,0,0,0,,,,,,0,0,0,,,,,,,,,,,98,98,98,0,,,,,20,7,,,,,,,,,,,,,,,
2019,373,E973005,26,10/18/2019,21:30,18,10,,35,Kitsap,0,2,0,2,2,2,1,1,3,3,,,,12,0,6,0.3,4,0,1,5,2,2,4,0,0,0,0,CR-PIONEER WAY NW,,-122.6815028,47.78850278,0,1,98,98,7,50,4,0,0,1,7,8,1,2,2,1,1,1,2,53,0,20,16,1998,0,0,12,12,8,,,,1,1,55,1,0,,9,0,99,7,11,8,,,,,0,0,3,3,1,91,0,0,0,96,,,,,,9,,,,,,98370,53,69,160,6,1,0,1,0,0,,1,12,,,,,0,08/15/2018,08/15/2018,1,0,0,0,8,9,8,,,0,0,0,8,1,2,695,605,,1,1,,2,1,0.23,,,,,,,,,,,,,,,,,,,,,,,,,,,,,,0,0,0,0,1,1,1,1,1,1,0,1,0,1,0,0,0,0,0,0,0,0,0,0,0,0,0,0,0,1,0,1,0,0,0,,0,0,0,0,0,1,1,1,0,0,0,0,0,0,0,1,,,,,,51-55,46-55,County road,U,Friday,Unknown,PV,Not Fatal,0,0,0,0,County Road,County Sheriff,Kitsap County Sheriff's Office,0,0,1,0,0,thc,11,carboxy-thc,71,,0,0,0,,,,,,,,,,,0,0,0,0,,,,,20,7,,,,,,,,,,,,,,,
2019,373,E973005,26,10/18/2019,21:30,18,10,,35,Kitsap,0,2,0,2,2,2,1,1,3,3,,,,12,0,6,0.3,4,0,1,5,2,2,4,0,0,0,0,CR-PIONEER WAY NW,,-122.6815028,47.78850278,0,2,98,98,7,50,34,6,0,1,7,12,1,2,2,1,99,1,2,53,0,12,481,1968,0,0,12,,,,,,1,1,61,1,0,,0,0,99,7,11,0,,,,,0,0,0,2,1,0,0,0,0,96,,,,,,0,,,,,,98370,53,70,180,1,1,0,0,0,0,,0,,,,,,0,10/15/2018,10/15/2018,20,0,0,0,8,9,8,,,0,0,0,8,0,8,95,,,96,,,8,95,995,,,,,,,,,,,,,,,,,,,,,,,,,,,,,,0,0,0,0,1,1,1,1,1,1,0,1,0,1,0,0,0,0,0,0,0,0,0,0,0,0,0,0,0,1,0,1,0,0,0,,0,0,0,0,0,0,0,0,0,0,0,1,0,0,0,0,,,,,,61-65,56-65,County road,U,Friday,Unknown,PV,Not Fatal,0,0,0,0,County Road,County Sheriff,Kitsap County Sheriff's Office,0,0,1,0,0,,,,,,0,0,1,,,,,,,,,,,0,0,0,0,,,,,20,7,,,,,,,,,,,,,,,
2019,422,E987639,8,11/21/2019,4:40,21,11,,31,Jefferson,0,1,0,3,1,2,1,0,1,1,,,,24,0,0,4.1,1,0,1,3,1,1,3,0,0,0,0,SR-104,,-122.8137139,47.92294722,0,1,6,12,2,60,20,0,0,1,7,1,1,2,2,1,1,1,5,53,0,7,442,1994,0,0,68,64,24,1,,,1,1,32,1,7,,4,0,99,7,11,8,11/21/2019,6:17,69053052352,52352,0,0,0,0,1,0,0,0,0,96,,,,,,99,,,,,,98370,53,66,175,0,0,0,1,1,0,,0,,,,,,4,04/15/2019,04/15/2019,1,1,9,0,0,9,8,,,0,0,0,8,9,2,401,417,695,1,1,1,2,1,0,,,,,,,,,,,,,,,,,,,,,,,,,,,,,,0,0,1,0,0,0,1,1,1,0,0,0,1,1,0,0,0,0,0,0,0,0,0,0,0,0,0,0,0,1,0,0,0,0,0,,1,0,0,0,0,0,1,1,0,1,0,1,0,0,1,0,,,,,,31-35,26-35,State route,R,Thursday,Unknown,PV,White,0,1,0,0,State Route,State Patrol,Washington State Patrol,1,1,0,0,0,thc,2.2,carboxy-thc,11,,0,0,0,1,,,,,605,,,,,0,0,0,1,,,,,20,7,,,,,,,nms,,,,,,,,
2020,234,EA18725,26,02/26/2020,12:24,26,2,,35,Kitsap,0,1,,1,1,2,1,0,4,2,12:32,12:59,13:47,12,0,6,1.6,8,0,1,5,2,2,4,0,0,0,0,CR-SEABECK HWY NW,,-122.7350389,47.597225,0,1,68,15,2,35,4,0,0,1,5,12,1,1,2,1,11,3,2,53,0,37,32,1994,0,,12,,,,,,1,1,29,2,0,,0,0,3,0,11,0,,,,,0,0,0,3,1,10,,,,0,,,,,,98,,,,,,98370,53,62,175,6,1,0,1,0,0,,46,,,,,,0,05/15/2018,05/15/2018,1,0,0,0,8,9,8,,,0,,,8,8,8,95,,,96,,,8,95,995,,,,,,,,,,,,,,,,,,,,,,,,,,,,,,0,0,0,0,1,0,1,1,0,0,0,0,0,0,0,0,0,0,0,0,0,0,0,0,0,0,0,0,1,1,0,0,0,0,0,,0,0,0,0,0,0,0,0,0,0,0,0,0,0,0,0,,,,,,26-30,26-35,County road,U,Wednesday,Belt Used,PV,Not Fatal,0,0,0,0,County Road,County Sheriff,Kitsap County Sheriff's Office,0,0,1,0,0,,,,,,0,0,0,,,,,,,,,,,0,0,0,0,,,,,20,7,,,,,,,,0,0,,,SEABECK HIGHWAY NW,1.614,,
2020,137,EA34049,8,05/09/2020,16:07,9,5,,35,Kitsap,0,1,,1,1,2,1,0,6,2,16:07,16:11,16:26,12,0,2,8.9,3,0,4,3,2,1,3,0,0,21,3,SR-3,SR-303,-122.6890333,47.66471667,0,1,80,6,1,35,4,0,0,1,2,12,1,1,3,6,10,1,2,53,0,49,32,2003,0,,68,12,,,,,1,1,79,2,7,,4,0,3,0,11,4,05/10/2020,1:56,1.96053E+11,22538,0,0,0,3,1,0,,,,92,,,,,,98,,,,,,98370,53,64,143,6,1,0,0,0,0,,0,,,,,,4,,,1,0,0,0,0,9,8,,,0,,,8,8,2,1,,,1,,,2,1,0,,,,,,,,,,,,,,,,,,,,,,,,,,,,,,0,0,0,1,0,0,0,0,0,0,0,0,1,0,0,0,1,0,0,0,0,0,0,0,0,1,1,1,0,1,0,0,0,0,0,,1,0,0,0,0,0,0,0,1,1,0,0,0,0,0,0,,,,,,76-80,76+,State route,U,Saturday,Belt Used,PV,White,1,0,0,0,State Route,State Patrol,Washington State Patrol,0,1,0,0,0,,,,,,0,0,0,,,,,,,,,,,98,98,98,1,,,,,20,7,,,,,,,,1,0,,,,,,
2020,282,EA55984,8,07/30/2020,11:00,30,7,,35,Kitsap,0,1,,1,1,2,1,0,3,2,,,,12,0,6,0.3,2,1,2,4,2,1,3,0,0,0,0,SR-3 RAMP 003LX04848,SR-308,-122.6857167,47.70120556,0,2,89,66,4,40,4,0,0,1,2,12,1,2,2,2,1,1,2,53,0,63,38,2016,0,,12,,,,,,1,1,72,2,7,,4,7,3,0,11,0,07/30/2020,11:00,53036159,36159,0,0,0,3,1,0,,,,96,,,,,,0,,,,,,98370,53,64,142,6,1,0,0,0,0,,0,,,,,,0,,,8,0,0,0,0,9,8,,,0,,,8,8,2,996,996,,1,1,,2,1,0,,,,,,,,,,,,,,,,,,,,,,,,,,,,,,0,0,0,1,0,0,1,1,0,0,0,0,0,0,0,0,1,0,1,0,0,0,0,0,0,1,1,0,0,1,0,0,0,0,0,,1,0,0,0,0,0,1,1,0,0,0,0,0,0,1,0,,,,,,71-75,66-75,State route,U,Thursday,Belt Used,PV,White,1,0,0,0,State Route,State Patrol,Washington State Patrol,0,1,0,0,0,,,,,,0,0,0,,,,,,,,,,,98,98,98,1,,,,,20,7,,,,,,,,1,0,,,,,,
2020,444,EA81605,26,11/10/2020,17:01,10,11,,35,Kitsap,0,2,,3,2,2,1,1,1,1,,,,8,1,0,1.2,1,0,1,5,1,2,4,0,3,0,0,CR-SUQUAMISH WAY NE,,-122.5606806,47.72831111,0,1,13,11,2,40,34,0,0,1,5,8,3,2,8,1,14,1,1,53,0,41,471,1996,0,,63,8,,,,,1,1,75,1,0,,0,0,99,7,11,0,,,,,0,0,3,3,1,0,,,,96,,,,,,98,,,,,,98370,53,67,170,6,1,0,1,0,1,,7,,,,,,0,02/15/2019,02/15/2020,1,0,0,0,8,9,8,,,0,,,8,8,0,0,,,0,,,0,0,996,,,,,,,,,,,,,,,,,,,,,,,,,,,,,,0,0,0,0,0,0,0,0,0,1,0,1,0,0,0,0,0,0,0,0,0,0,0,0,0,1,1,1,0,1,0,1,0,0,0,,0,0,0,0,0,0,0,0,0,0,0,0,0,0,0,0,,,,,,71-75,66-75,County road,R,Tuesday,Unknown,PV,Not Fatal,0,0,0,0,County Road,County Sheriff,Kitsap County Sheriff's Office,0,0,1,0,0,,,,,,0,0,0,,,,,,,,,,,0,0,0,0,,,,,20,7,,,,,,,,1,0,,,SUQUAMISH WAY NE,1.161,,
2020,511,EA94737,8,12/26/2020,13:27,26,12,,9,Clallam,1990,10,,1,1,2,2,0,4,2,13:32,13:55,14:45,12,0,2,266.1,1,0,1,3,2,1,2,0,0,0,0,US-101,,-123.0560417,48.06201944,0,2,51,62,4,55,67,0,0,1,2,12,1,2,2,1,1,2,1,53,0,7,880,2018,0,,12,,,,,,1,1,62,1,0,,3,0,3,0,11,5,,,,,0,0,0,3,1,0,,,,96,,,,,,0,,,,,,98370,53,70,160,6,1,0,0,0,0,,0,,,,,,0,,,8,0,0,0,8,9,8,,,0,,,8,8,0,0,,,0,,,0,0,996,,,,,,,,,,,,,,,,,,,,,,,,,,,,,,0,0,0,0,1,0,0,0,0,0,0,0,0,0,0,0,1,0,0,1,0,0,0,0,0,0,0,0,0,1,1,0,0,0,0,,0,0,0,0,0,0,0,0,0,0,0,0,0,0,0,0,,,,,,61-65,56-65,US highway,U,Saturday,,MHTRUCK,Not Fatal,0,1,1,0,State Route,State Patrol,Washington State Patrol,0,1,0,0,0,,,,,,0,0,0,,,,,,,,,,,98,98,98,0,,,,,20,7,,,,,,,,1,0,,,,,,
2021,188,EB00988,8,01/25/2021,7:59,25,1,,35,Kitsap,0,1,,1,1,2,1,0,2,2,,,,12,0,6,54.8,2,0,2,3,1,1,3,0,0,20,3,SR-3,PIONEER HILL RD NW,-122.6512417,47.78395556,0,1,87,17,2,35,20,0,0,1,5,12,1,1,3,1,1,1,2,53,0,37,441,2003,0,,12,,,,,,1,1,23,2,7,,4,0,99,7,11,5,01/26/2021,15:04,1.73053E+11,4213,0,0,0,2,1,39,,,,96,,,,,,98,,,,,,98370,53,69,165,1,1,0,3,1,1,,0,,,,,,0,07/15/2018,10/15/2020,1,0,0,0,0,9,8,,,0,,,8,8,2,151,695,996,1,1,1,2,1,0,,,,,,,,,,,,,,,,,,,,,,,,,,,,,,0,0,0,1,0,0,1,1,1,0,0,0,0,1,0,0,0,0,0,0,0,0,0,1,1,0,0,0,0,1,0,0,0,0,0,,1,0,0,0,0,0,1,1,0,0,0,1,0,0,1,0,,,,,,21-25,16-25,State route,R,Monday,Unknown,PV,White,1,0,0,0,State Route,State Patrol,Washington State Patrol,0,1,0,0,0,thc,2,carboxy-thc,46,,0,0,1,1,1,1,,,605,522,996,401,417,98,98,98,1,,,,,20,,,,,,,,nms,0,0,,,,,,
2021,93,EB20896,26,04/06/2021,17:11,6,4,,35,Kitsap,0,10,,1,1,2,1,2,1,1,,,,8,0,0,1.5,3,0,4,4,2,2,4,0,3,0,0,CR-SUQUAMISH WAY NE,NE SOUTH ST,-122.5531694,47.72969167,0,1,13,80,5,20,20,0,0,1,5,8,1,2,2,1,1,1,1,53,0,6,441,2003,0,,8,8,,,,,1,1,81,1,0,,0,0,3,0,11,0,,,,,0,0,3,3,1,10,,,,0,,,,,,98,,,,,,98370,53,70,221,6,1,0,1,0,0,,0,,,,,,0,01/15/2017,01/15/2017,20,0,0,0,8,3,2,,,0,,,8,8,2,1,,,1,,,2,1,0,,,,,,,,,,,,,,,,,,,,,,,,,,,,,,0,0,0,1,0,0,0,0,0,0,0,0,0,0,0,0,0,0,0,0,0,0,0,0,0,1,1,1,0,1,0,1,0,0,0,,0,0,0,0,0,0,0,0,0,0,0,0,0,0,0,0,,,,,,81+,76+,County road,U,Tuesday,Belt Used,PV,Not Fatal,1,0,0,0,County Road,County Sheriff,Kitsap County Sheriff's Office,0,0,1,0,0,,,,,,0,0,0,,,,,,,,,,,98,98,98,0,,,,,20,,,,,,,,,1,0,,,SUQUAMISH WAY NE,1.538,NULL,