year,case,par,repjur,crash_dt,crash_tm,accday,accmon,holiday,county,co_char,city,weather,weather2,lightcond,surfcond,surftype,numfatal,nmforms,pforms,vforms,not_tm,arr_tm,hosp_tm,fhevent,hitrun,manncol,milepnt,reljunc,reljuncinter,intersectiontype,funcsystem,landuse,ownership,route,schlbus,spejur,contdev,devfunc,trafid1,trafid2,x,y,wk_zone,vnumber,crashtype,criticalevent,criticaleventcat,spdlim,body,trailer,emerg,hazcargo,leave,mhevent,roadalgn,roadprof,traflane,trafflow,vehmanvr,numoccs,regowner,regstate,spuse,make,model,modelyr,vrf1,vrf2,seqevent1,seqevent2,seqevent3,seqevent4,seqevent5,seqevent6,pnumber,ptype,age,sex,hispanic,race,injury,diedscene,restraint,restraintmisuse,seatpos,takehosp,death_dt,death_tm,cert,cernum_wa,commlic,licendor,licrestrict,liccomp,drivpres,drf1,drf2,drf3,drf4,distract1,distract2,distract3,distract4,distract5,distract6,dricond1,dricond2,dricond3,dricond4,dricond5,dricond6,dzip,licstate,drhgt_in,weight,noncdl,noncdltype,prevdwi,prevoth,prevacc,prevspd,prevsus,driviol1,driviol2,driviol3,driviol4,driviol5,driviol6,spdrel,first_dt,last_dt,airbag,ejection,ejectpath,extricat,injurwrk,methalc,methdrug,nmlocat,strikveh,prf1,prf2,prf3,druginv,alcinvol,drugsts,drugres1,drugres2,drugres3,drugtst1,drugtst2,drugtst3,alcsts,alctst,alcres,nmact1,nmact2,nmact3,nmact4,nmact5,nmact6,nmprior1,nmprior2,nmprior3,nmprior4,nmprior5,nmprior6,nmcond1,nmcond2,nmcond3,nmcond4,nmcond5,nmcond6,nmsafe_helmet,nmsafe_pads,nmsafe_oth,nmprev_ref,nmprev_lgt,nmprev_oth,crashlocation,nmcrashtype,crosswalk,schoolzone,sidewalk,train_inv,wildlife_inv,rotr_fars,intersect_fars,dd_inv,aid_inv,dpd_inv,id_inv,mj_inv,impnm_inv,ainm_inv,dpnm_inv,speed_inv,unlic_inv,unendmc_inv,drowsy_inv,drdist_inv,nmdist_inv,fty_inv,unrestfat_inv,dr1617_inv,dr1820_inv,dr1620_inv,dr2125_inv,dr1625_inv,dr65_inv,dr70_inv,dr75_inv,mc_inv,pv_inv,ht_inv,ped_inv,bike_inv,unrest_fat,mc_fat,unhelmet_mc,pv_fat,ht_fat,ped_fat,bike_fat,dr_alc7,dr_alc8,dr_drug,dr_imp,dr_dist,dr_spd,dr_fty,dr_unlic,dr_alc7only,dr_alc8only,dr_drugonly,dr_drink,nm_imp,nm_alc7,nm_alc8,nm_drug,nm_dist,agegrp1,agegrp2,roadclass,urbrur,dayweek,restuse,vehtype,race_me,intersect,lanedep,oppdir,wrongway,rep_typ,investag,repag_long,rotr,st_rd,cty_rd,city_rd,oth_rd,drug_thc,thc_res,drug_cthc,cthc_res,drug_cann,prevpersemin,prevperse,prevsusoth,drugtst4,drugtst5,drugtst6,drugtst7,drugtst8,drugres4,drugres5,drugres6,drugres7,drugres8,adspresent,adsengaged,adslevel,race1,race2,race3,race4,race5,helmet,helmetmisuse,nmdistract1,nmdistract2,nmdistract3,nmdistract4,nmdistract5,nmdistract6,lab,isedtcase,crf1,crf2,crf3,CoRoadName,CoMP,IntCoRoadName,IntCoMP
2021,347,EB66342,238,08/28/2021,16:09,28,8,,35,Kitsap,1730,1,,1,1,2,1,0,2,1,,,,43,0,0,11.4,3,0,2,3,2,1,3,0,0,3,3,SR-305,NE HOSTMARK ST,-122.6370778,47.73374167,0,1,1,13,2,40,4,0,0,1,2,43,1,1,5,1,1,2,1,53,0,59,31,2000,0,,63,43,,,,,1,1,68,2,7,,4,8,3,0,11,1,08/28/2021,17:38,1.96053E+11,43268,0,0,3,3,1,0,,,,96,,,,,,98,,,,,,98370,53,63,160,6,1,0,0,0,0,,0,,,,,,0,,,1,0,0,1,0,9,8,,,0,,,8,8,2,522,996,996,1,1,1,2,1,0,,,,,,,,,,,,,,,,,,,,,,,,,,,,,,0,0,1,1,0,0,1,1,0,0,0,0,0,0,0,0,0,0,0,0,0,0,0,0,0,1,0,0,0,1,0,0,0,0,0,,1,0,0,0,0,0,1,1,0,0,0,0,0,0,1,0,,,,,,66-70,66-75,State route,U,Saturday,Belt Used,PV,White,0,1,0,0,State Route,Municipal/City Police,Poulsbo Police Department,1,1,0,0,0,,,,,,0,0,0,,,,,,,,,,,98,98,98,1,,,,,20,,,,,,,,,1,0,,,,,,
2021,558,EC09139,8,12/31/2021,18:36,31,12,,35,Kitsap,0,10,,2,2,2,1,0,2,2,,,,12,0,2,10.3,1,0,1,3,2,1,3,0,0,0,0,SR-305,,-122.6255639,47.72135833,0,1,50,10,2,50,15,0,0,1,2,12,1,1,2,1,1,1,2,53,0,19,421,2004,0,,68,12,63,24,,,1,1,36,2,0,,1,0,3,0,11,5,,,,,0,0,3,3,1,6,,,,96,,,,,,9,,,,,,98370,53,58,130,6,1,0,0,0,0,,1,,,,,,0,,,1,0,0,0,8,1,8,,,0,,,1,1,2,1,,,1,,,2,1,0,,,,,,,,,,,,,,,,,,,,,,,,,,,,,,0,0,0,0,1,0,1,1,1,0,0,0,0,0,0,0,0,0,0,0,0,0,0,0,0,0,0,0,0,1,0,0,0,0,0,,0,0,0,0,0,0,0,0,0,0,0,0,0,0,0,1,,,,,,36-40,36-45,State route,U,Friday,Belt Used,PV,Not Fatal,0,1,1,0,State Route,State Patrol,Washington State Patrol,0,1,0,0,0,,,,,,0,0,0,,,,,,,,,,,98,98,98,0,,,,,20,,,,,,,,,1,0,,,,,,
2017,76,E647658,242,03/01/2017,16:46,1,3,0,53,Pierce,1770,1,0,1,1,2,1,0,4,3,,,,12,0,6,0,2,0,2,4,2,4,6,0,0,0,0,4TH ST NW,5TH AVE NW,-122.2984111,47.19540278,0,2,69,62,4,30,4,0,0,1,2,12,1,1,2,1,1,2,1,53,0,6,51,2008,0,0,12,12,,,,,1,1,71,2,0,0,3,0,3,0,11,5,,,,,0,0,0,3,1,0,0,0,0,0,,,,,,0,,,,,,98371,53,63,260,6,1,0,0,0,0,0,0,,,,,,0,,,8,0,0,0,8,9,8,,,0,0,0,8,0,0,0,0,0,0,0,0,0,0,996,,,,,,,,,,,,,,,,,,,,,,,,,,,,,,0,0,0,1,0,0,0,0,0,0,0,0,0,0,0,0,1,0,1,0,0,0,0,1,1,1,1,0,0,1,0,0,0,0,0,,0,0,0,0,0,0,0,0,0,0,0,0,0,0,0,0,,,,,,71-75,66-75,City street,U,Wednesday,Belt Used,PV,Not Fatal,1,0,0,0,City Street,Municipal/City Police,Puyallup Police Department,0,0,0,1,0,,,,,,,,,,,,,,,,,,,,,,,,,,,,,,,,,,,,,,,,,,,
2017,76,E647658,242,03/01/2017,16:46,1,3,0,53,Pierce,1770,1,0,1,1,2,1,0,4,3,,,,12,0,6,0,2,0,2,4,2,4,6,0,0,20,3,4TH ST NW,5TH AVE NW,-122.2984111,47.19540278,0,3,98,66,4,25,4,0,0,1,5,12,8,8,2,1,5,1,1,53,0,30,40,2012,0,0,12,,,,,,1,1,38,2,0,0,0,0,3,0,11,0,,,,,0,0,0,3,1,0,0,0,0,0,,,,,,0,,,,,,98371,53,64,180,6,1,0,1,0,0,0,0,,,,,,0,12/15/2013,12/15/2013,20,0,0,0,8,9,8,,,0,0,0,8,0,0,0,0,0,0,0,0,0,0,996,,,,,,,,,,,,,,,,,,,,,,,,,,,,,,0,0,0,1,0,0,0,0,0,0,0,0,0,0,0,0,1,0,1,0,0,0,0,1,1,1,1,0,0,1,0,0,0,0,0,,0,0,0,0,0,0,0,0,0,0,0,0,0,0,0,0,,,,,,36-40,36-45,City street,U,Wednesday,Belt Used,PV,Not Fatal,1,0,0,0,City Street,Municipal/City Police,Puyallup Police Department,0,0,0,1,0,,,,,,,,,,,,,,,,,,,,,,,,,,,,,,,,,,,,,,,,,,,
2017,358,E710024,3,09/09/2017,23:00,9,9,0,53,Pierce,0,2,0,2,2,2,1,1,1,1,,,,8,0,0,44.9,1,0,1,3,1,1,3,0,0,0,0,SR-7,,-122.4008389,47.05613611,0,1,13,80,5,50,4,0,0,1,5,8,1,1,5,5,1,1,1,53,0,20,2,2012,0,0,8,,,,,,1,1,57,2,0,0,0,0,3,0,11,0,,,,,0,0,0,3,1,0,0,0,0,1,,,,,,0,,,,,,98371,53,67,125,6,1,0,1,0,0,0,0,,,,,,0,06/15/2013,06/15/2013,20,0,0,0,8,9,8,,,0,0,0,8,0,0,0,0,0,0,0,0,0,0,996,,,,,,,,,,,,,,,,,,,,,,,,,,,,,,0,0,0,0,0,0,0,0,0,1,0,1,0,0,0,0,1,0,0,0,0,0,0,0,0,0,0,0,0,1,0,1,0,0,0,,0,0,0,0,0,0,0,0,1,0,0,0,0,0,0,0,,,,,,56-60,56-65,State route,R,Saturday,Belt Used,PV,Not Fatal,0,0,0,0,State Route,State Patrol,Washington State Patrol Headquarter,0,1,0,0,0,,,,,,,,,,,,,,,,,,,,,,,,,,,,,,,,,,,,,,,,,,,
2017,528,E750985,4,12/23/2017,1:34,23,12,9,63,Spokane,2110,10,0,3,1,1,1,0,2,2,1:35,1:40,,12,0,2,278.3,1,0,1,1,2,1,1,0,0,0,0,I-90,,-117.43235,47.65215,0,2,51,54,3,60,66,1,0,1,2,12,1,1,3,3,1,1,3,49,0,85,881,2016,0,0,12,,,,,,1,1,54,1,0,0,1,0,3,0,11,4,,,,,6,3,0,3,1,0,0,0,0,0,,,,,,0,,,,,,98371,53,69,185,6,1,0,0,0,0,0,0,,,,,,0,,,20,0,0,0,8,9,8,,,0,0,0,8,0,0,0,0,0,0,0,0,0,0,996,,,,,,,,,,,,,,,,,,,,,,,,,,,,,,0,0,0,0,1,1,0,1,0,0,0,0,0,0,0,0,0,0,0,0,0,0,0,0,0,0,0,0,0,1,1,0,0,0,0,,0,0,0,0,0,0,0,0,0,0,0,0,0,0,0,0,,,,,,51-55,46-55,Interstate,U,Saturday,,MHTRUCK,Not Fatal,0,0,0,1,State Route,State Patrol,Washington State Patrol Headquarter,0,1,0,0,0,,,,,,,,,,,,,,,,,,,,,,,,,,,,,,,,,,,,,,,,,,,
2017,506,E752354,7,12/07/2017,15:44,7,12,0,33,King,0,1,0,1,2,2,1,0,4,3,,,,12,0,2,51.1,1,0,1,3,1,1,2,0,0,0,0,US-2,,-121.3136111,47.71208611,0,2,51,62,4,60,20,0,0,1,2,12,1,2,2,1,1,1,3,53,0,12,444,2016,0,0,12,,,,,,1,1,53,1,0,0,0,0,3,0,11,0,,,,,0,0,0,3,1,0,0,0,0,0,,,,,,0,,,,,,98371,53,71,175,6,1,0,0,0,0,0,0,,,,,,0,,,8,0,0,0,8,9,8,,,0,0,0,8,0,2,1,0,0,1,0,0,2,1,0,,,,,,,,,,,,,,,,,,,,,,,,,,,,,,0,0,0,0,0,0,1,1,0,0,0,0,0,1,1,0,0,0,0,0,0,0,0,0,0,0,0,0,1,1,0,0,0,0,0,,0,0,0,0,0,0,0,0,0,0,0,0,0,0,0,0,,,,,,51-55,46-55,US highway,R,Thursday,Belt Used,PV,Not Fatal,0,1,1,0,State Route,State Patrol,Washington State Patrol Headquarter,0,1,0,0,0,,,,,,,,,,,,,,,,,,,,,,,,,,,,,,,,,,,,,,,,,,,
2018,29,E764929,290,01/27/2018,14:52,27,1,0,53,Pierce,2230,2,0,1,2,2,1,0,4,3,15:03,15:03,15:28,12,0,98,0.4,1,0,1,3,2,1,3,0,3,0,0,SR-167,,-122.3985194,47.23922778,0,2,66,62,4,35,34,0,0,1,7,12,2,2,2,2,14,1,1,53,0,7,482,2002,0,0,12,,,,,,1,1,63,1,0,0,9,0,3,0,11,5,,,,,0,0,0,3,1,0,0,0,0,96,,,,,,0,,,,,,98371,53,75,235,6,1,0,0,0,0,,0,,,,,,0,,,20,0,0,0,8,9,8,,,0,0,0,8,0,8,95,,,96,,,8,95,995,,,,,,,,,,,,,,,,,,,,,,,,,,,,,,0,0,0,0,0,0,1,1,0,0,0,0,0,0,0,0,1,0,0,0,0,0,0,1,1,0,0,0,0,1,0,0,0,0,0,,0,0,0,0,0,0,0,0,0,0,0,0,0,0,0,0,,,,,,61-65,56-65,State route,U,Saturday,Belt Used,PV,Not Fatal,0,1,1,0,State Route,Municipal/City Police,Tacoma Police Department,0,1,0,0,0,,,,,,0,0,0,,,,,,,,,,,,,,,,,,,,,,,,,,,,,,,,,,,
2018,63,E778332,242,03/11/2018,14:55,11,3,0,53,Pierce,1770,1,0,1,1,2,1,0,3,3,,,,12,0,1,0,3,0,2,4,2,4,6,0,0,0,0,9TH ST SW,S HILL PARK DR,-122.3040833,47.16074167,0,1,20,50,3,35,2,0,0,1,7,12,1,2,5,1,1,1,1,53,0,37,32,1994,0,0,12,,,,,,1,1,82,1,7,1,4,0,20,0,11,5,03/11/2018,20:13,2.23053E+11,11371,0,0,0,3,1,0,0,0,0,92,,,,,,99,,,,,,98371,53,72,180,6,1,0,0,0,0,,0,,,,,,4,,,20,0,0,0,0,9,8,,,0,0,0,8,9,8,95,,,96,,,8,95,995,,,,,,,,,,,,,,,,,,,,,,,,,,,,,,0,0,0,1,0,0,0,0,0,0,0,0,1,0,0,0,1,0,0,1,0,0,0,0,0,1,1,1,0,1,0,0,0,1,0,,1,0,0,0,0,0,0,0,1,1,0,0,0,0,0,0,,,,,,81+,76+,City street,U,Sunday,Not Used,PV,White,0,0,0,0,State Route,Municipal/City Police,Puyallup Police Department,0,1,0,0,0,,,,,,0,0,0,,,,,,,,,,,,,,,,,,,,,,,,,,,,,,,,,,,
2019,130,E917267,2,04/30/2019,5:35,30,4,,57,Skagit,0,1,0,4,1,2,1,0,8,7,,,,12,0,1,221.2,1,0,1,1,1,1,1,0,0,97,8,I-5,,-122.3360056,48.34301667,1,1,28,52,3,60,62,0,0,1,2,12,1,1,1,3,1,1,3,53,0,82,881,2017,0,0,12,,,,,,1,1,54,1,0,,0,0,3,0,11,0,,,,,6,1,0,3,1,0,0,0,0,13,,,,,,0,,,,,,98371,53,66,240,6,1,0,0,0,0,,97,,,,,,0,,,99,0,0,0,8,9,2,,,0,0,0,0,0,2,1,,,1,,,2,1,0,,,,,,,,,,,,,,,,,,,,,,,,,,,,,,0,0,0,0,0,0,0,0,0,0,0,0,0,0,0,0,1,0,0,0,0,1,1,0,1,0,0,0,0,1,1,0,0,0,0,,0,0,0,0,0,0,0,0,1,0,0,0,0,0,0,0,,,,,,51-55,46-55,Interstate,R,Tuesday,,MHTRUCK,Not Fatal,0,0,0,0,State Route,State Patrol,Washington State Patrol,0,1,0,0,0,,,,,,0,0,0,,,,,,,,,,,98,98,98,0,,,,,20,7,,,,,,,,,,,,,,,
2019,184,E930127,3,06/10/2019,11:40,10,6,,53,Pierce,0,1,0,1,1,2,1,0,2,2,,,,12,0,2,37.9,1,0,1,4,1,1,3,0,0,0,0,SR-507,,-122.5129,47.01805833,0,2,51,62,4,55,63,1,0,1,7,12,1,1,2,1,1,1,3,53,0,86,881,2000,0,0,12,,,,,,1,1,73,1,0,,1,0,3,0,11,8,,,,,6,1,0,3,1,0,0,0,0,96,,,,,,0,,,,,,98371,53,69,178,6,1,0,1,3,0,,0,,,,,,0,09/15/2014,01/15/2017,20,0,0,0,8,9,8,,,0,0,0,8,0,8,95,,,96,,,8,95,995,,,,,,,,,,,,,,,,,,,,,,,,,,,,,,0,0,0,0,0,0,0,0,0,0,0,0,0,0,0,0,1,0,0,0,0,0,0,0,0,1,1,0,0,1,1,0,0,0,0,,0,0,0,0,0,0,0,0,0,0,0,0,0,0,0,0,,,,,,71-75,66-75,State route,R,Monday,,MHTRUCK,Not Fatal,0,1,1,0,State Route,State Patrol,Washington State Patrol,0,1,0,0,0,,,,,,0,0,0,,,,,,,,,,,98,98,98,0,,,,,20,7,,,,,,,,,,,,,,,
2020,26,EA11449,3,01/30/2020,21:21,30,1,,53,Pierce,0,2,,2,2,2,1,0,2,2,21:25,21:34,22:06,12,0,6,4.6,4,0,1,3,2,1,3,0,3,0,0,SR-167,,-122.3237,47.20729444,0,1,82,15,2,45,4,0,0,1,2,12,1,1,5,5,11,1,2,53,0,55,36,2008,0,,12,,,,,,1,1,58,1,7,,4,7,3,0,11,0,01/30/2020,21:21,1.77053E+11,5198,0,0,3,3,1,38,,,,96,,,,,,9,,,,,,98371,53,70,230,6,1,0,2,0,1,,0,,,,,,0,07/15/2016,07/15/2018,8,0,0,0,0,1,8,,,0,,,8,1,2,1,,,1,,,2,1,0.235,,,,,,,,,,,,,,,,,,,,,,,,,,,,,,0,0,0,0,1,1,0,1,0,0,0,0,0,0,0,0,0,0,1,0,0,0,0,1,1,0,0,0,0,1,0,0,0,0,0,,1,0,0,0,0,1,0,1,0,0,1,0,0,1,0,1,,,,,,56-60,56-65,State route,U,Thursday,Belt Used,PV,White,0,0,0,0,State Route,State Patrol,Washington State Patrol,0,1,0,0,0,,,,,,0,0,0,,,,,,,,,,,98,98,98,1,,,,,20,7,,,,,,,,1,0,,,,,,
2020,130,EA33044,3,05/10/2020,6:55,10,5,,53,Pierce,0,1,,1,1,2,1,0,1,1,,,,35,0,0,10.6,1,0,1,4,2,1,3,0,0,0,0,SR-162,,-122.1544472,47.09616944,0,1,1,6,1,45,80,0,0,1,5,43,3,1,2,1,6,1,1,53,0,72,706,2019,0,,63,35,43,,,,1,1,55,1,7,,4,7,20,7,11,0,05/10/2020,6:55,53021751,21751,0,0,0,3,1,0,,,,96,,,,,,9,,,,,,98371,53,73,240,6,1,0,0,1,0,,0,,,,,,3,01/15/2019,01/15/2019,20,8,0,0,0,9,8,,,0,,,1,8,2,695,605,,1,1,,2,1,0,,,,,,,,,,,,,,,,,,,,,,,,,,,,,,0,0,1,0,0,0,1,1,1,0,0,0,1,0,0,0,0,0,0,0,0,0,0,0,0,0,0,0,1,0,0,0,0,0,1,0,0,0,0,0,0,0,1,1,0,1,0,0,0,0,1,0,,,,,,51-55,46-55,State route,U,Sunday,,MC,White,0,1,0,0,State Route,State Patrol,Washington State Patrol,1,1,0,0,0,thc,18,carboxy-thc,19,,0,0,0,,,,,,,,,,,0,0,0,1,,,,,5,0,,,,,,,,1,0,,,,,,
2020,542,EA42544,35,06/25/2020,1:46,25,6,,53,Pierce,0,1,,3,1,2,1,0,3,2,1:46,1:52,2:17,12,0,6,3.3,2,0,2,5,2,2,4,0,0,3,3,CR-84TH ST E,WALLER RD,-122.3891306,47.18087778,0,1,68,15,2,35,4,0,0,1,2,12,1,1,2,1,11,1,9,99,0,20,2,2010,0,,12,,,,,,1,1,32,2,0,,1,0,3,0,11,0,,,,,0,0,0,0,1,38,48,,,96,,,,,,98,,,,,,98371,53,,999,0,0,99,99,99,99,,97,,,,,,0,,,8,0,0,0,8,9,8,,,0,,,8,8,8,95,,,96,,,8,95,995,,,,,,,,,,,,,,,,,,,,,,,,,,,,,,0,0,0,1,0,0,0,0,0,0,0,0,0,1,0,0,0,0,1,1,0,0,0,0,0,0,0,0,0,1,0,0,0,0,0,,0,0,0,0,0,0,0,0,0,0,1,1,0,0,0,0,,,,,,31-35,26-35,County road,U,Thursday,Belt Used,PV,Not Fatal,1,0,0,0,County Road,County Sheriff,Law Enforcement Support Agency,0,0,1,0,0,,,,,,99,99,99,,,,,,,,,,,98,98,98,0,,,,,20,7,,,,,,,,1,0,,,WALLER RD E,3.31,084 ST E,1.5
2020,300,EA58152,3,08/12/2020,12:38,12,8,,53,Pierce,0,1,,1,1,2,2,0,3,2,12:46,12:52,,12,0,6,48.5,2,0,2,3,2,1,3,0,0,0,0,SR-7,174TH ST S,-122.4348917,47.09929444,0,2,89,66,4,40,34,0,0,1,2,12,1,1,5,5,1,1,3,53,0,12,481,2018,0,,12,63,1,42,,,1,1,58,1,7,,4,7,3,0,11,0,08/12/2020,12:38,53037484,37484,0,0,0,3,1,0,,,,96,,,,,,0,,,,,,98371,53,74,210,6,1,0,1,0,1,,0,,,,,,0,05/15/2017,03/15/2019,8,0,0,0,0,9,8,,,0,,,8,8,2,1,,,1,,,2,1,0.052,,,,,,,,,,,,,,,,,,,,,,,,,,,,,,0,0,0,1,1,0,0,0,0,0,0,0,1,0,0,0,0,0,0,0,1,0,1,0,1,0,0,0,0,1,0,0,0,0,0,,1,0,0,0,1,0,0,0,0,0,0,0,1,0,0,1,,,,,,56-60,56-65,State route,U,Wednesday,Belt Used,PV,White,1,0,0,0,State Route,State Patrol,Washington State Patrol,0,1,0,0,0,,,,,,0,0,0,,,,,,,,,,,98,98,98,1,,,,,20,7,,,,,,,,1,0,,,,,,
2020,528,EA82050,242,11/12/2020,16:04,12,11,,53,Pierce,1770,2,,1,2,2,1,0,2,2,16:04,16:16,16:37,12,0,6,5.4,8,0,1,3,2,1,3,0,0,0,0,SR-167,,-122.2945028,47.19895556,0,1,68,15,2,35,10,0,0,1,5,12,1,1,5,5,11,1,1,53,0,48,44,2003,0,,12,,,,,,1,1,76,2,0,,1,0,3,0,11,5,,,,,0,0,0,3,1,38,48,,,96,,,,,,9,,,,,,98371,53,67,125,6,1,0,0,0,0,,97,,,,,,0,,,20,0,0,0,8,9,8,,,0,,,1,8,8,95,,,96,,,8,95,995,,,,,,,,,,,,,,,,,,,,,,,,,,,,,,0,0,0,0,0,0,1,1,0,0,0,0,0,0,0,0,0,0,1,0,0,0,0,0,0,1,1,1,1,1,0,0,0,0,0,,0,0,0,0,0,0,0,0,0,0,1,0,0,0,0,0,,,,,,76-80,76+,State route,U,Thursday,Belt Used,PV,Not Fatal,0,0,0,0,State Route,Municipal/City Police,Puyallup Police Department,0,1,0,0,0,,,,,,0,0,0,,,,,,,,,,,98,98,98,0,,,,,20,7,,,,,,,,0,0,,,,,,
2020,472,EA86312,7,12/01/2020,23:35,1,12,,33,King,1640,1,,3,1,2,2,0,7,7,,,,12,0,2,13.2,1,0,1,3,2,1,3,0,0,0,0,SR-167,,-122.2607278,47.26889167,0,1,52,54,3,98,34,0,0,1,2,12,1,1,2,3,1,1,2,53,0,20,481,2016,0,,12,12,2,54,54,54,1,1,37,1,7,,4,7,99,7,11,0,12/01/2020,23:35,1.64053E+11,57602,0,0,3,3,1,51,,,,96,,,,,,9,,,,,,98371,53,70,160,6,1,0,0,0,0,,0,,,,,,0,,,99,0,0,0,0,9,8,,,0,,,8,1,2,1,,,1,,,2,1,0,,,,,,,,,,,,,,,,,,,,,,,,,,,,,,0,0,0,0,1,0,0,0,0,0,0,0,0,0,0,0,0,0,0,0,0,0,0,1,1,0,0,0,1,1,1,0,0,0,0,,1,0,0,0,0,0,0,0,0,0,0,0,0,0,0,1,,,,,,36-40,36-45,State route,U,Tuesday,Unknown,PV,White,0,0,0,1,State Route,State Patrol,Washington State Patrol,0,1,0,0,0,,,,,,0,0,0,,,,,,,,,,,98,98,98,1,,,,,20,7,,,,,,,,1,14,,,,,,
2021,300,EB58029,35,08/14/2021,0:01,14,8,,53,Pierce,0,1,,3,1,2,1,1,1,1,,,,8,0,0,6,1,0,1,3,2,2,4,0,0,0,0,CR-CANYON RD E,,-122.3571028,47.16593056,0,1,13,80,5,45,15,0,0,1,5,8,1,1,4,1,1,1,2,53,0,37,421,2003,0,,8,,,,,,1,1,22,2,0,,0,0,3,0,11,0,,,,,0,0,0,3,1,0,,,,96,,,,,,98,,,,,,98371,53,68,125,6,1,0,0,0,0,,0,,,,,,0,,,20,0,0,0,8,9,8,,,0,,,8,8,8,95,,,96,,,8,95,995,,,,,,,,,,,,,,,,,,,,,,,,,,,,,,0,0,0,0,0,0,0,0,0,1,0,1,0,0,0,0,0,0,0,0,0,0,0,1,1,0,0,0,0,1,0,1,0,0,0,,0,0,0,0,0,0,0,0,0,0,0,0,0,0,0,0,,,,,,21-25,16-25,County road,U,Saturday,Belt Used,PV,Not Fatal,0,0,0,0,County Road,County Sheriff,Law Enforcement Support Agency,0,0,1,0,0,,,,,,0,0,0,,,,,,,,,,,98,98,98,0,,,,,20,,,,,,,,,1,0,,,CANYON RD E,5.97,NULL,
2021,582,3834662,263,01/30/2021,17:47,30,1,,33,King,1960,2,,3,2,1,1,0,1,1,,,,30,0,0,0,1,0,1,7,2,4,6,0,0,0,0,16TH AVE SW,,-122.3546667,47.57956667,0,1,1,9,1,25,2,0,0,1,2,30,1,1,2,1,1,1,1,53,0,12,3,2007,0,,63,30,,,,,1,1,56,1,7,,4,8,20,7,11,5,01/30/2021,18:07,1.96053E+11,5043,6,0,0,3,1,0,,,,92,,,,,,98,,,,,,98372,53,73,250,6,1,0,3,1,2,,0,,,,,,0,01/15/2017,02/15/2021,20,0,0,0,0,9,8,,,0,,,9,9,2,128,177,401,1,1,1,2,1,0,,,,,,,,,,,,,,,,,,,,,,,,,,,,,,0,0,1,0,0,0,1,1,0,0,0,0,0,0,0,0,1,0,0,1,0,0,0,0,0,0,0,0,0,1,0,0,0,1,0,,1,0,0,0,0,0,1,1,1,0,0,0,0,0,1,0,,,,,,56-60,56-65,City street,U,Saturday,Not Used,PV,White,0,1,0,0,City Street,Municipal/City Police,Seattle Police Department,1,0,0,1,0,,,,,,0,0,3,1,,,,,417,,,,,98,98,98,1,,,,,20,,,,,,,,,1,0,,,,,,
2021,321,3906392,263,07/23/2021,22:46,23,7,,33,King,1960,1,,3,1,1,1,0,2,2,,,,12,0,1,34,3,0,3,3,2,1,3,0,0,3,3,SR-99,ROOSEVELT WAY N,-122.3450861,47.73357778,0,2,21,53,3,35,66,2,0,1,5,12,1,1,5,5,5,1,3,41,0,82,881,2021,0,,12,,,,,,1,1,38,1,0,,0,0,3,0,11,0,,,,,6,3,0,3,1,0,,,,96,,,,,,98,,,,,,98372,53,75,215,6,1,0,0,0,0,,0,,,,,,0,,,20,0,0,0,8,9,8,,,0,,,8,8,2,605,,,1,,,2,1,0,,,,,,,,,,,,,,,,,,,,,,,,,,,,,,0,0,0,1,0,0,1,1,1,0,0,0,0,0,0,0,0,0,0,0,0,0,0,1,1,0,0,0,0,1,1,0,0,0,0,,0,0,0,0,0,0,1,1,0,0,0,0,0,0,1,0,,,,,,36-40,36-45,State route,U,Friday,,MHTRUCK,Not Fatal,1,0,0,0,State Route,Municipal/City Police,Seattle Police Department,0,1,0,0,0,,,,,,0,0,0,,,,,,,,,,,98,98,98,0,,,,,20,,,,,,,,,1,0,,,,,,
2017,170,E645790,129,02/17/2017,18:54,17,2,3,53,Pierce,747,1,0,3,1,2,1,0,3,2,18:55,18:58,19:31,12,0,1,0,2,0,2,4,2,4,6,0,0,3,3,PACIFIC HWY E,PORT OF TACOMA RD E,-122.3856361,47.24315833,0,1,20,50,3,35,80,0,0,1,5,12,1,1,5,1,1,1,1,53,0,37,705,1998,0,0,12,,,,,,1,1,55,1,7,1,4,0,19,0,11,4,03/04/2017,9:04,2.23053E+11,12145,0,0,0,3,1,0,0,0,0,93,,,,,,0,,,,,,98372,53,73,225,6,1,0,0,0,0,0,0,,,,,,0,,,20,8,0,0,0,9,8,,,0,0,0,8,0,0,0,0,0,0,0,0,0,0,996,,,,,,,,,,,,,,,,,,,,,,,,,,,,,,0,0,0,1,0,0,0,0,0,0,0,0,0,0,0,0,1,0,0,0,0,0,0,0,0,0,0,0,1,1,0,0,0,0,1,0,0,0,0,0,0,0,0,0,1,0,0,0,0,0,0,0,,,,,,51-55,46-55,City street,U,Friday,,MC,White,1,0,0,0,City Street,Municipal/City Police,Fife Police Department,0,0,0,1,0,,,,,,,,,,,,,,,,,,,,,,,,,,,,,,,,,,,,,,,,,,,