year,case,par,repjur,crash_dt,crash_tm,accday,accmon,holiday,county,co_char,city,weather,weather2,lightcond,surfcond,surftype,numfatal,nmforms,pforms,vforms,not_tm,arr_tm,hosp_tm,fhevent,hitrun,manncol,milepnt,reljunc,reljuncinter,intersectiontype,funcsystem,landuse,ownership,route,schlbus,spejur,contdev,devfunc,trafid1,trafid2,x,y,wk_zone,vnumber,crashtype,criticalevent,criticaleventcat,spdlim,body,trailer,emerg,hazcargo,leave,mhevent,roadalgn,roadprof,traflane,trafflow,vehmanvr,numoccs,regowner,regstate,spuse,make,model,modelyr,vrf1,vrf2,seqevent1,seqevent2,seqevent3,seqevent4,seqevent5,seqevent6,pnumber,ptype,age,sex,hispanic,race,injury,diedscene,restraint,restraintmisuse,seatpos,takehosp,death_dt,death_tm,cert,cernum_wa,commlic,licendor,licrestrict,liccomp,drivpres,drf1,drf2,drf3,drf4,distract1,distract2,distract3,distract4,distract5,distract6,dricond1,dricond2,dricond3,dricond4,dricond5,dricond6,dzip,licstate,drhgt_in,weight,noncdl,noncdltype,prevdwi,prevoth,prevacc,prevspd,prevsus,driviol1,driviol2,driviol3,driviol4,driviol5,driviol6,spdrel,first_dt,last_dt,airbag,ejection,ejectpath,extricat,injurwrk,methalc,methdrug,nmlocat,strikveh,prf1,prf2,prf3,druginv,alcinvol,drugsts,drugres1,drugres2,drugres3,drugtst1,drugtst2,drugtst3,alcsts,alctst,alcres,nmact1,nmact2,nmact3,nmact4,nmact5,nmact6,nmprior1,nmprior2,nmprior3,nmprior4,nmprior5,nmprior6,nmcond1,nmcond2,nmcond3,nmcond4,nmcond5,nmcond6,nmsafe_helmet,nmsafe_pads,nmsafe_oth,nmprev_ref,nmprev_lgt,nmprev_oth,crashlocation,nmcrashtype,crosswalk,schoolzone,sidewalk,train_inv,wildlife_inv,rotr_fars,intersect_fars,dd_inv,aid_inv,dpd_inv,id_inv,mj_inv,impnm_inv,ainm_inv,dpnm_inv,speed_inv,unlic_inv,unendmc_inv,drowsy_inv,drdist_inv,nmdist_inv,fty_inv,unrestfat_inv,dr1617_inv,dr1820_inv,dr1620_inv,dr2125_inv,dr1625_inv,dr65_inv,dr70_inv,dr75_inv,mc_inv,pv_inv,ht_inv,ped_inv,bike_inv,unrest_fat,mc_fat,unhelmet_mc,pv_fat,ht_fat,ped_fat,bike_fat,dr_alc7,dr_alc8,dr_drug,dr_imp,dr_dist,dr_spd,dr_fty,dr_unlic,dr_alc7only,dr_alc8only,dr_drugonly,dr_drink,nm_imp,nm_alc7,nm_alc8,nm_drug,nm_dist,agegrp1,agegrp2,roadclass,urbrur,dayweek,restuse,vehtype,race_me,intersect,lanedep,oppdir,wrongway,rep_typ,investag,repag_long,rotr,st_rd,cty_rd,city_rd,oth_rd,drug_thc,thc_res,drug_cthc,cthc_res,drug_cann,prevpersemin,prevperse,prevsusoth,drugtst4,drugtst5,drugtst6,drugtst7,drugtst8,drugres4,drugres5,drugres6,drugres7,drugres8,adspresent,adsengaged,adslevel,race1,race2,race3,race4,race5,helmet,helmetmisuse,nmdistract1,nmdistract2,nmdistract3,nmdistract4,nmdistract5,nmdistract6,lab,isedtcase,crf1,crf2,crf3,CoRoadName,CoMP,IntCoRoadName,IntCoMP
2017,530,E753247,3,12/24/2017,15:41,24,12,9,53,Pierce,0,4,0,3,3,2,1,0,5,1,15:33,15:58,16:39,42,0,0,39.4,1,0,1,4,1,1,3,0,0,0,0,SR-507,,-122.4991278,47.02875278,0,1,6,6,1,55,15,0,0,1,2,42,1,1,2,1,1,5,1,53,0,20,421,2001,0,0,68,64,42,,,,1,1,36,2,0,0,1,0,3,0,11,4,,,,,0,0,0,3,1,87,0,0,0,96,,,,,,0,,,,,,98372,53,61,115,6,1,0,0,0,0,0,0,,,,,,4,,,20,0,0,0,8,9,8,,,0,0,0,8,0,0,0,0,0,0,0,0,0,0,996,,,,,,,,,,,,,,,,,,,,,,,,,,,,,,0,0,1,0,0,0,0,0,0,0,0,0,1,0,0,0,0,0,0,0,0,0,0,0,0,0,0,0,0,1,0,0,0,0,0,,0,0,0,0,0,0,0,0,0,1,0,0,0,0,0,0,,,,,,36-40,36-45,State route,R,Sunday,Belt Used,PV,Not Fatal,0,1,0,0,State Route,State Patrol,Washington State Patrol Headquarter,1,1,0,0,0,,,,,,,,,,,,,,,,,,,,,,,,,,,,,,,,,,,,,,,,,,,
2018,170,E804742,238,06/04/2018,8:30,4,6,0,53,Pierce,1770,1,0,1,1,2,1,0,3,3,,,,12,0,8,5,1,0,1,3,2,1,3,0,3,0,0,SR-167,,-122.3156472,47.20513611,0,1,64,10,2,45,4,0,0,1,5,12,1,1,5,5,1,1,2,53,0,12,13,1997,0,0,68,12,12,,,,1,1,56,1,7,1,4,0,3,0,11,5,06/04/2018,9:04,2.23053E+11,25465,0,0,0,2,1,28,0,0,0,96,,,,,,99,,,,,,98372,53,71,180,1,1,0,4,1,2,,0,,,,,,0,02/15/2014,11/15/2016,8,0,0,1,0,9,8,,,0,0,0,8,9,2,401,417,,1,1,,2,1,0,,,,,,,,,,,,,,,,,,,,,,,,,,,,,,0,0,0,0,0,0,1,1,0,0,0,0,0,1,0,0,0,0,0,0,0,0,0,0,0,0,0,0,0,1,0,0,0,0,0,,1,0,0,0,0,0,1,1,0,0,0,1,0,0,1,0,,,,,,56-60,56-65,State route,U,Monday,Belt Used,PV,White,0,0,0,0,State Route,Municipal/City Police,Puyallup Police Department,0,1,0,0,0,,,,,,0,0,2,,,,,,,,,,,,,,,,,,,,,,,,,,,,,,,,,,,
2018,310,E835661,1,08/29/2018,18:41,29,8,0,71,Walla Walla,0,1,0,1,1,2,1,0,1,1,,,,1,0,0,328.2,1,0,1,3,1,1,2,0,0,0,0,US-12,,-118.4513861,46.05566389,0,1,6,12,2,60,14,0,0,1,2,1,1,1,3,3,1,1,1,53,0,49,401,1995,0,0,64,1,,,,,1,1,61,1,7,1,4,7,20,0,11,0,08/29/2018,18:41,53038194,38194,0,0,0,3,1,58,0,0,0,92,,,,,,99,,,,,,98372,53,71,350,6,1,0,0,0,0,,0,,,,,,0,,,20,1,9,0,0,9,8,,,0,0,0,8,9,8,95,,,96,,,8,95,995,,,,,,,,,,,,,,,,,,,,,,,,,,,,,,0,0,1,0,0,0,0,0,0,0,0,0,0,0,0,0,1,0,0,1,0,0,0,0,0,0,0,0,0,1,0,0,0,1,0,,1,0,0,0,0,0,0,0,1,0,0,0,0,0,0,0,,,,,,61-65,56-65,US highway,R,Wednesday,Not Used,PV,White,0,0,0,0,State Route,State Patrol,Washington State Patrol,0,1,0,0,0,,,,,,0,0,0,,,,,,,,,,,,,,,,,,,,,,,,,,,,,,,,,,,
2018,420,E862525,7,11/11/2018,22:27,11,11,0,33,King,0,1,0,2,1,2,1,1,3,3,,,,8,0,0,13.1,1,0,1,3,2,1,3,0,0,0,0,SR-18,,-122.1015472,47.36828333,0,1,13,80,5,60,14,0,0,1,5,8,1,1,2,3,1,1,1,53,0,12,402,2007,0,0,8,,,,,,1,1,44,1,0,0,0,0,3,0,11,0,,,,,0,0,0,3,1,0,0,0,0,96,,,,,,0,,,,,,98372,53,70,205,6,1,0,0,0,0,,0,,,,,,0,,,20,0,0,0,8,9,8,,,0,0,0,8,0,0,0,,,0,,,0,0,996,,,,,,,,,,,,,,,,,,,,,,,,,,,,,,0,0,0,0,0,0,0,0,0,0,0,0,0,0,0,0,0,0,0,0,0,0,0,0,0,0,0,0,1,1,0,1,0,0,0,,0,0,0,0,0,0,0,0,0,0,0,0,0,0,0,0,,,,,,41-45,36-45,State route,U,Sunday,Belt Used,PV,Not Fatal,0,0,0,0,State Route,State Patrol,Washington State Patrol,0,1,0,0,0,,,,,,0,0,0,,,,,,,,,,,,,,,,,,,,,,,,,,,,,,,,,,,
2019,490,E997525,242,12/25/2019,15:46,25,12,,53,Pierce,1770,1,0,1,1,2,1,0,3,2,,,,12,0,6,6.1,2,0,2,3,2,1,3,0,0,3,3,SR-167,2ND ST NE,-122.2937917,47.19874167,0,2,82,66,4,35,4,0,0,1,7,12,1,1,4,1,11,1,1,53,0,55,33,2006,0,0,12,,,,,,1,1,90,2,7,,4,0,3,0,11,5,12/28/2019,20:41,2.23053E+11,57490,0,0,3,3,1,0,0,0,0,96,,,,,,0,,,,,,98372,53,66,130,6,1,0,1,2,0,,0,,,,,,0,07/15/2015,06/15/2016,8,0,0,0,0,9,8,,,0,0,0,8,0,2,151,,,1,,,2,1,0,,,,,,,,,,,,,,,,,,,,,,,,,,,,,,0,0,0,1,0,0,1,1,0,0,0,0,0,0,0,0,0,0,1,0,0,0,0,1,1,1,1,1,0,1,1,0,0,0,0,,1,0,0,0,0,0,1,1,0,0,0,0,0,0,1,0,,,,,,81+,76+,State route,U,Wednesday,Belt Used,PV,White,1,0,0,0,State Route,Municipal/City Police,Puyallup Police Department,0,1,0,0,0,,,,,,0,0,0,,,,,,,,,,,98,98,98,1,,,,,20,7,,,,,,,,,,,,,,,
2020,18,EA07317,7,01/25/2020,11:21,25,1,,33,King,0,2,,1,2,2,1,0,2,2,11:24,11:35,12:30,12,0,2,27.5,1,0,1,3,1,1,3,0,0,0,0,SR-18,,-121.8864278,47.49559444,0,2,51,62,4,55,66,1,0,1,2,12,1,1,3,1,1,1,2,2,0,87,884,2018,0,,12,,,,,,1,1,46,1,0,,1,0,20,7,11,5,,,,,6,1,0,3,1,0,,,,96,,,,,,0,,,,,,98372,53,73,220,6,1,0,1,0,3,,0,,,,,,0,05/15/2016,05/15/2019,20,0,0,0,8,9,8,,,0,,,8,8,0,0,,,0,,,0,0,996,,,,,,,,,,,,,,,,,,,,,,,,,,,,,,0,0,0,0,0,0,0,0,0,0,0,0,0,0,0,0,0,0,1,0,0,0,0,0,0,0,0,0,0,1,1,0,0,0,0,,0,0,0,0,0,0,0,0,0,0,0,0,0,0,0,0,,,,,,46-50,46-55,State route,R,Saturday,,MHTRUCK,Not Fatal,0,1,1,0,State Route,State Patrol,Washington State Patrol,0,1,0,0,0,,,,,,0,0,0,,,,,,,,,,,98,98,98,0,,,,,20,7,,,,,,,,1,0,,,,,,
2020,461,EA50369,242,07/23/2020,10:41,23,7,,53,Pierce,1770,1,,1,1,2,1,0,2,2,,,,12,0,6,0,2,0,3,5,2,4,6,0,0,0,0,5TH ST NE,5th Ave NE,-122.2876806,47.19549167,0,1,83,67,4,30,80,0,0,1,2,12,1,1,2,1,1,1,2,53,0,37,706,1998,0,,12,,,,,,1,1,40,1,7,,4,0,20,7,11,5,07/29/2020,21:30,1.96053E+11,35755,0,0,3,2,1,0,,,,96,,,,,,98,,,,,,98372,53,68,200,1,1,0,2,0,3,,0,,,,,,3,12/15/2015,08/15/2019,20,8,0,0,0,9,8,,,0,,,8,8,8,95,,,96,,,8,95,995,,,,,,,,,,,,,,,,,,,,,,,,,,,,,,0,0,0,1,0,0,0,0,0,0,0,0,1,1,1,0,0,0,0,0,0,0,0,0,0,0,0,0,1,1,0,0,0,0,1,1,0,0,0,0,0,0,0,0,0,1,0,1,0,0,0,0,,,,,,36-40,36-45,City street,U,Thursday,,MC,White,1,0,0,0,City Street,Municipal/City Police,Puyallup Police Department,0,0,0,1,0,,,,,,0,0,6,,,,,,,,,,,0,0,0,1,,,,,16,0,,,,,,,,1,0,,,,,,
2020,366,EA64658,35,09/18/2020,21:34,18,9,,53,Pierce,0,2,,3,2,2,1,1,1,1,,,,8,0,0,4.9,1,0,1,5,2,2,4,0,0,0,0,CR-78TH AVE E,,-122.3256472,47.08265833,0,1,13,80,5,35,15,0,0,1,5,8,1,3,2,1,1,1,1,53,0,23,421,2007,0,,8,,,,,,1,1,38,1,0,,0,0,3,0,11,0,,,,,0,0,0,2,1,0,,,,96,,,,,,98,,,,,,98372,53,66,130,1,1,0,0,0,0,,0,,,,,,0,,,20,0,0,0,8,9,8,,,0,,,8,8,8,95,,,96,,,8,95,995,,,,,,,,,,,,,,,,,,,,,,,,,,,,,,0,0,0,0,0,0,0,0,0,0,0,0,0,1,0,0,0,0,0,0,0,0,0,0,0,0,0,0,0,1,0,1,0,0,0,,0,0,0,0,0,0,0,0,0,0,0,1,0,0,0,0,,,,,,36-40,36-45,County road,U,Friday,Belt Used,PV,Not Fatal,0,0,0,0,County Road,County Sheriff,Law Enforcement Support Agency,0,0,1,0,0,,,,,,0,0,0,,,,,,,,,,,98,98,98,0,,,,,20,7,,,,,,,,1,0,,,078 AVE E,4.85,,
2021,274,EB55166,297,08/03/2021,19:28,3,8,,33,King,2310,1,,1,1,2,1,0,2,2,,,,12,0,1,0,1,0,1,5,2,4,6,0,0,0,0,SOUTHCENTER PKWY,,-122.2705,47.42638611,0,2,25,53,3,35,80,0,0,1,2,12,1,1,5,5,1,1,1,53,0,73,706,2005,0,,12,,,,,,1,1,30,1,0,,3,0,20,7,11,4,,,,,0,0,0,3,1,0,,,,96,,,,,,98,,,,,,98372,53,71,170,6,1,0,1,1,0,,0,,,,,,0,12/15/2019,12/15/2019,20,8,0,0,8,9,8,,,0,,,8,8,8,95,,,96,,,8,95,995,,,,,,,,,,,,,,,,,,,,,,,,,,,,,,0,0,0,0,0,0,0,0,0,0,0,0,0,0,0,0,0,0,0,0,0,0,0,0,0,0,0,0,1,0,0,0,0,0,0,0,0,0,0,0,0,0,0,0,0,0,0,0,0,0,0,0,,,,,,26-30,26-35,City street,U,Tuesday,,MC,Not Fatal,0,0,0,0,City Street,Municipal/City Police,Tukwila Police Department,0,0,0,1,0,,,,,,0,0,0,,,,,,,,,,,0,0,0,0,,,,,5,,,,,,,,,1,0,,,,,,
2017,15,E631425,35,01/11/2017,20:23,11,1,0,53,Pierce,0,1,0,3,1,2,1,0,1,1,,,,1,0,0,6.2,1,0,1,3,2,2,4,0,0,0,0,CR-CANYON RD E,104TH ST E,-122.3571611,47.16114167,0,1,98,51,3,35,34,0,0,1,2,1,1,1,4,1,1,1,1,53,0,12,481,1989,0,0,68,68,1,,,,1,1,24,1,7,1,4,7,20,0,11,0,01/11/2017,20:23,53002017,2017,0,0,3,2,1,28,0,0,0,96,,,,,,9,,,,,,98373,53,65,155,1,1,2,7,2,3,9,0,,,,,,3,02/15/2012,09/15/2016,20,2,9,0,0,1,8,,,0,0,0,8,1,2,1,0,0,1,0,0,2,1,0.38,,,,,,,,,,,,,,,,,,,,,,,,,,,,,,0,0,0,0,1,1,0,1,0,0,0,0,1,1,0,0,0,0,0,0,0,0,0,1,1,0,0,0,0,0,0,0,0,1,0,,0,0,0,0,0,1,0,1,0,1,0,1,0,1,0,1,,,,,,21-25,16-25,County road,U,Wednesday,Not Used,PV,White,1,0,0,0,County Road,County Sheriff,Law Enforcement Support Agency,0,0,1,0,0,,,,,,,,,,,,,,,,,,,,,,,,,,,,,,,,,,,,,,,,,,,
2017,312,E704620,3,08/18/2017,4:04,18,8,0,53,Pierce,0,1,0,2,1,2,1,1,1,1,4:05,4:14,,8,0,0,7.1,1,0,1,3,2,1,3,0,0,0,0,SR-512,,-122.3260917,47.15818611,0,1,13,80,5,60,34,0,0,1,2,8,1,1,2,3,1,1,3,53,0,20,473,2015,0,0,8,,,,,,1,1,54,1,0,0,0,0,3,0,11,0,,,,,0,0,2,2,1,74,0,0,0,0,,,,,,0,,,,,,98373,53,74,215,6,1,1,2,0,0,2,0,,,,,,0,04/15/2013,11/15/2013,20,0,0,0,8,9,8,,,0,0,0,8,0,0,0,0,0,0,0,0,0,0,996,,,,,,,,,,,,,,,,,,,,,,,,,,,,,,0,0,0,0,0,0,0,0,0,0,0,0,0,0,0,0,0,0,0,0,0,0,0,0,0,0,0,0,0,0,0,1,0,0,0,,0,0,0,0,0,0,0,0,0,0,0,0,0,0,0,0,,,,,,51-55,46-55,State route,U,Friday,Belt Used,PV,Not Fatal,0,0,0,0,State Route,State Patrol,Washington State Patrol Headquarter,0,1,0,0,0,,,,,,,,,,,,,,,,,,,,,,,,,,,,,,,,,,,,,,,,,,,
2017,336,E706403,290,08/29/2017,15:00,29,8,0,53,Pierce,2230,1,0,1,1,2,1,0,3,3,,,,12,0,2,0,1,0,1,4,2,4,6,0,0,0,0,CENTER ST,,-122.4981583,47.234375,0,2,51,62,4,35,4,0,0,1,2,12,3,3,2,1,14,1,1,53,0,30,40,2013,0,0,12,12,,,,,1,1,74,2,0,0,3,0,3,0,11,5,,,,,0,0,0,3,1,0,0,0,0,0,,,,,,0,,,,,,98373,53,62,148,6,1,0,1,2,0,0,0,,,,,,0,05/15/2014,04/15/2015,1,0,0,0,8,9,8,,,0,0,0,8,0,0,0,0,0,0,0,0,0,0,996,,,,,,,,,,,,,,,,,,,,,,,,,,,,,,0,0,0,0,0,0,1,1,0,0,0,0,0,1,0,0,1,0,0,1,0,0,0,0,0,1,1,0,0,1,0,0,0,0,0,,0,0,0,0,0,0,0,0,0,0,0,0,0,0,0,0,,,,,,71-75,66-75,City street,U,Tuesday,Belt Used,PV,Not Fatal,0,1,1,0,City Street,Municipal/City Police,Tacoma Police Department,0,0,0,1,0,,,,,,,,,,,,,,,,,,,,,,,,,,,,,,,,,,,,,,,,,,,
2017,512,E746851,3,12/09/2017,1:48,9,12,0,53,Pierce,0,1,0,2,1,2,1,0,2,2,1:49,2:16,2:55,12,0,2,5.1,1,0,1,3,2,1,3,0,0,0,0,SR-512,,-122.3751972,47.15833611,0,2,51,54,3,60,15,0,0,1,2,12,1,1,2,3,1,1,1,53,0,12,422,2003,0,0,12,,,,,,1,1,24,1,0,0,3,0,3,0,11,4,,,,,0,0,0,3,1,0,0,0,0,0,,,,,,0,,,,,,98373,53,67,170,6,1,0,0,0,0,0,0,,,,,,0,,,1,0,0,0,8,9,8,,,0,0,0,8,9,0,0,0,0,0,0,0,0,0,996,,,,,,,,,,,,,,,,,,,,,,,,,,,,,,0,0,0,0,1,1,0,1,0,0,0,0,0,0,0,0,0,0,0,0,0,0,0,1,1,0,0,0,0,1,0,0,0,0,0,,0,0,0,0,0,0,0,0,0,0,0,0,0,0,0,0,,,,,,21-25,16-25,State route,U,Saturday,Belt Used,PV,Not Fatal,0,0,0,1,State Route,State Patrol,Washington State Patrol Headquarter,0,1,0,0,0,,,,,,,,,,,,,,,,,,,,,,,,,,,,,,,,,,,,,,,,,,,
2018,187,E773266,242,02/25/2018,18:42,25,2,0,53,Pierce,1770,2,0,3,2,2,1,1,1,1,18:42,18:54,19:16,8,0,0,0,1,0,1,7,2,4,6,0,0,0,0,W STEWART,,-122.3027389,47.19411389,0,1,13,80,5,35,4,0,0,1,7,8,1,1,2,1,1,1,1,53,0,12,23,2014,0,0,8,,,,,,1,1,37,1,0,0,0,0,3,0,11,0,,,,,0,0,3,3,1,0,0,0,0,96,,,,,,0,,,,,,98373,53,74,280,6,1,0,0,0,0,,0,,,,,,0,05/15/2013,05/15/2013,20,0,0,0,8,9,8,,,0,0,0,8,0,8,95,,,96,,,8,95,995,,,,,,,,,,,,,,,,,,,,,,,,,,,,,,0,0,0,0,0,0,0,0,0,1,0,1,0,0,0,0,0,0,0,0,0,0,0,0,0,0,0,0,0,1,0,1,0,0,0,,0,0,0,0,0,0,0,0,0,0,0,0,0,0,0,0,,,,,,36-40,36-45,City street,U,Sunday,Belt Used,PV,Not Fatal,0,0,0,0,City Street,Municipal/City Police,Puyallup Police Department,0,0,0,1,0,,,,,,0,0,1,,,,,,,,,,,,,,,,,,,,,,,,,,,,,,,,,,,
2018,96,E786151,35,04/06/2018,23:49,6,4,0,53,Pierce,0,1,0,3,1,2,1,0,2,2,23:49,0:01,,12,0,6,2.1,2,0,2,4,2,2,4,0,0,0,0,CR-VICKERY AVE E,128TH ST E,-122.3784917,47.14024167,0,2,87,66,4,35,4,0,0,1,7,12,1,2,2,1,1,1,1,53,0,37,32,2014,0,0,12,64,40,,,,1,1,57,2,7,1,4,7,3,0,11,0,04/07/2018,0:08,2.23053E+11,17238,0,0,0,3,1,0,0,0,0,96,,,,,,0,,,,,,98373,53,64,260,6,1,0,0,0,1,,0,,,,,,0,08/15/2016,08/15/2016,1,0,0,0,1,9,8,,,0,0,0,8,9,2,1,,,1,,,2,1,0,,,,,,,,,,,,,,,,,,,,,,,,,,,,,,0,0,0,1,0,0,0,0,0,0,0,0,1,0,0,0,0,0,0,0,1,0,1,0,1,0,0,0,0,1,0,0,0,0,0,,1,0,0,0,0,0,0,0,0,0,0,0,0,0,0,0,,,,,,56-60,56-65,County road,U,Friday,Belt Used,PV,White,1,0,0,0,County Road,County Sheriff,Law Enforcement Support Agency,0,0,1,0,0,,,,,,0,0,0,,,,,,,,,,,,,,,,,,,,,,,,,,,,,,,,,,,
2019,204,E919639,65,05/05/2019,19:25,5,5,,53,Pierce,160,1,0,1,1,2,1,0,4,2,,,,12,0,2,5.8,3,0,2,3,2,1,3,0,0,3,3,SR-410,S PRAIRIE RD,-122.16405,47.16939722,0,1,50,10,2,40,4,0,0,1,7,12,1,2,4,1,1,1,1,53,0,35,47,2015,0,0,68,12,,,,,1,1,76,1,7,,4,0,20,7,11,5,05/12/2019,4:55,2.23053E+11,21773,0,0,0,3,1,28,0,0,0,92,,,,,,0,,,,,,98373,53,70,200,6,1,0,0,0,0,,0,,,,,,0,,,20,0,0,0,0,9,8,,,0,0,0,8,0,2,996,996,,1,1,,2,1,0,,,,,,,,,,,,,,,,,,,,,,,,,,,,,,0,0,0,1,0,0,1,1,0,0,0,0,0,1,0,0,1,0,0,1,0,0,0,0,0,1,1,1,0,1,0,0,0,1,0,,1,0,0,0,0,0,1,1,1,0,0,0,0,0,1,0,,,,,,76-80,76+,State route,U,Sunday,Not Used,PV,White,1,0,0,0,State Route,Municipal/City Police,Bonney Lake Police Department,0,1,0,0,0,,,,,,0,0,0,,,,,,,,,,,98,98,98,1,,,,,20,7,,,,,,,,,,,,,,,
2019,302,E955423,35,08/30/2019,20:39,30,8,,53,Pierce,0,1,0,2,1,2,1,0,3,2,,,,12,0,6,4.7,2,0,2,5,2,2,4,0,0,20,3,CR-128TH ST E,78TH AVE E,-122.3254861,47.14029722,0,2,82,66,4,35,34,0,0,1,5,12,1,2,2,1,11,2,2,53,0,12,481,2016,0,0,12,,,,,,1,1,27,1,0,,0,0,3,0,11,0,,,,,0,0,0,3,1,10,0,0,0,96,,,,,,0,,,,,,98373,53,75,300,6,1,0,0,0,2,,0,,,,,,0,01/15/2015,05/15/2015,20,0,0,0,8,9,8,,,0,0,0,8,0,8,95,,,96,,,8,95,995,,,,,,,,,,,,,,,,,,,,,,,,,,,,,,0,0,0,1,0,0,1,1,0,0,0,0,1,0,0,0,0,0,0,0,0,0,0,0,0,0,0,0,1,1,0,0,0,0,0,,0,0,0,0,0,0,0,0,0,0,0,0,0,0,0,0,,,,,,26-30,26-35,County road,U,Friday,Belt Used,PV,Not Fatal,1,0,0,0,County Road,County Sheriff,Law Enforcement Support Agency,0,0,1,0,0,,,,,,0,0,1,,,,,,,,,,,98,98,98,0,,,,,20,7,,,,,,,,,,,,,,,
2019,466,E999528,297,12/31/2019,20:45,31,12,,33,King,2310,10,0,3,2,2,1,0,1,1,,,,42,0,0,0,1,0,1,7,2,4,6,0,0,0,0,S RYAN WAY,,-122.2742472,47.50701944,0,1,6,12,2,25,4,0,0,1,7,42,2,2,2,1,14,1,2,53,0,7,24,2019,0,0,68,64,42,,,,1,1,37,1,7,,4,7,20,7,11,0,12/31/2019,20:45,2.31053E+11,56922,0,0,0,3,1,0,0,0,0,96,,,,,,98,,,,,,98373,53,73,220,6,1,0,0,1,0,,0,,,,,,0,04/15/2019,04/15/2019,8,0,0,0,9,9,8,,,0,0,0,8,8,2,401,417,,1,1,,2,1,0.105,,,,,,,,,,,,,,,,,,,,,,,,,,,,,,0,0,1,0,1,1,1,1,0,0,0,0,0,0,0,0,0,0,0,1,0,0,0,0,0,0,0,0,0,1,0,0,0,1,0,,1,0,0,0,0,1,1,1,0,0,0,0,0,0,0,1,,,,,,36-40,36-45,City street,U,Tuesday,Not Used,PV,White,0,1,0,0,City Street,Municipal/City Police,Tukwila Police Department,1,0,0,1,0,,,,,,0,0,0,,,,,,,,,,,98,98,98,1,,,,,20,7,,,,,,,,,,,,,,,
2020,152,EA33740,269,05/13/2020,14:32,13,5,,33,King,2005,1,,1,1,2,1,0,3,3,14:35,14:38,15:08,12,0,6,0,2,0,2,3,2,4,6,0,0,3,3,NE 175TH ST,10TH AVE NE,-122.3187639,47.75579444,0,1,88,17,2,35,34,0,0,1,2,12,1,2,4,1,1,1,1,53,0,7,482,2018,0,,12,,,,,,1,1,36,1,0,,0,0,3,0,11,0,,,,,0,0,3,3,1,39,,,,96,,,,,,98,,,,,,98373,53,73,160,6,1,0,0,0,0,,97,,,,,,0,07/15/2017,07/15/2017,20,0,0,0,8,9,8,,,0,,,8,8,8,95,,,96,,,8,95,995,,,,,,,,,,,,,,,,,,,,,,,,,,,,,,0,0,0,1,0,0,1,1,1,0,0,0,0,0,0,0,0,0,0,0,0,0,0,0,0,0,0,0,0,1,0,0,0,0,0,,0,0,0,0,0,0,0,0,0,0,0,0,0,0,0,0,,,,,,36-40,36-45,City street,U,Wednesday,Belt Used,PV,Not Fatal,1,0,0,0,City Street,Municipal/City Police,Shoreline Police Department,0,0,0,1,0,,,,,,0,0,1,,,,,,,,,,,98,98,98,0,,,,,20,7,,,,,,,,1,0,,,,,,
2021,28,EB02003,7,01/13/2021,21:34,13,1,,33,King,0,1,,2,1,1,1,0,3,3,,,,12,0,8,37.7,1,0,1,1,1,1,1,0,0,0,0,I-90,,-121.6391722,47.43245833,0,2,66,54,3,60,66,2,0,1,5,12,1,1,3,3,1,1,3,37,0,82,881,2019,0,,12,,,,,,1,1,46,1,0,,0,0,3,0,11,0,,,,,6,3,0,3,1,0,,,,96,,,,,,98,,,,,,98373,53,70,260,6,1,0,0,0,0,,0,,,,,,0,,,20,0,0,0,8,9,8,,,0,,,8,8,0,0,,,0,,,0,0,996,,,,,,,,,,,,,,,,,,,,,,,,,,,,,,0,0,0,0,1,1,0,1,0,0,0,0,0,1,0,0,0,0,0,1,0,0,0,0,0,0,0,0,0,1,1,0,0,0,0,,0,0,0,0,0,0,0,0,0,0,0,0,0,0,0,0,,,,,,46-50,46-55,Interstate,R,Wednesday,,MHTRUCK,Not Fatal,0,0,0,1,State Route,State Patrol,Washington State Patrol,0,1,0,0,0,,,,,,0,0,0,,,,,,,,,,,98,98,98,0,,,,,20,,,,,,,,,1,0,,,,,,
2021,456,EB84667,242,10/30/2021,23:02,30,10,,53,Pierce,1770,1,,3,1,2,1,1,1,1,,,,8,0,0,0,3,0,2,3,2,4,6,0,0,0,0,N MERIDIAN,E Main,-122.2937167,47.19181389,0,1,13,80,5,25,15,0,0,1,5,8,1,1,2,4,1,1,1,53,0,2,422,2020,0,,8,,,,,,1,1,62,2,0,,0,0,3,0,11,0,,,,,0,0,3,3,1,0,,,,96,,,,,,9,,,,,,98373,53,67,165,6,1,0,0,0,0,,2,,,,,,0,,,20,0,0,0,8,9,8,,,0,,,8,1,8,95,,,96,,,2,1,997,,,,,,,,,,,,,,,,,,,,,,,,,,,,,,0,0,0,1,1,0,0,0,0,0,0,0,0,0,0,0,0,1,0,0,0,0,0,0,0,0,0,0,0,1,0,1,0,0,0,,0,0,0,0,0,0,0,0,0,0,0,0,0,0,0,1,,,,,,61-65,56-65,City street,U,Saturday,Belt Used,PV,Not Fatal,1,0,0,0,City Street,Municipal/City Police,Puyallup Police Department,0,0,0,1,0,,,,,,0,0,0,,,,,,,,,,,98,98,98,0,,,,,20,,,,,,,,,1,0,,,,,,