year,case,par,repjur,crash_dt,crash_tm,accday,accmon,holiday,county,co_char,city,weather,weather2,lightcond,surfcond,surftype,numfatal,nmforms,pforms,vforms,not_tm,arr_tm,hosp_tm,fhevent,hitrun,manncol,milepnt,reljunc,reljuncinter,intersectiontype,funcsystem,landuse,ownership,route,schlbus,spejur,contdev,devfunc,trafid1,trafid2,x,y,wk_zone,vnumber,crashtype,criticalevent,criticaleventcat,spdlim,body,trailer,emerg,hazcargo,leave,mhevent,roadalgn,roadprof,traflane,trafflow,vehmanvr,numoccs,regowner,regstate,spuse,make,model,modelyr,vrf1,vrf2,seqevent1,seqevent2,seqevent3,seqevent4,seqevent5,seqevent6,pnumber,ptype,age,sex,hispanic,race,injury,diedscene,restraint,restraintmisuse,seatpos,takehosp,death_dt,death_tm,cert,cernum_wa,commlic,licendor,licrestrict,liccomp,drivpres,drf1,drf2,drf3,drf4,distract1,distract2,distract3,distract4,distract5,distract6,dricond1,dricond2,dricond3,dricond4,dricond5,dricond6,dzip,licstate,drhgt_in,weight,noncdl,noncdltype,prevdwi,prevoth,prevacc,prevspd,prevsus,driviol1,driviol2,driviol3,driviol4,driviol5,driviol6,spdrel,first_dt,last_dt,airbag,ejection,ejectpath,extricat,injurwrk,methalc,methdrug,nmlocat,strikveh,prf1,prf2,prf3,druginv,alcinvol,drugsts,drugres1,drugres2,drugres3,drugtst1,drugtst2,drugtst3,alcsts,alctst,alcres,nmact1,nmact2,nmact3,nmact4,nmact5,nmact6,nmprior1,nmprior2,nmprior3,nmprior4,nmprior5,nmprior6,nmcond1,nmcond2,nmcond3,nmcond4,nmcond5,nmcond6,nmsafe_helmet,nmsafe_pads,nmsafe_oth,nmprev_ref,nmprev_lgt,nmprev_oth,crashlocation,nmcrashtype,crosswalk,schoolzone,sidewalk,train_inv,wildlife_inv,rotr_fars,intersect_fars,dd_inv,aid_inv,dpd_inv,id_inv,mj_inv,impnm_inv,ainm_inv,dpnm_inv,speed_inv,unlic_inv,unendmc_inv,drowsy_inv,drdist_inv,nmdist_inv,fty_inv,unrestfat_inv,dr1617_inv,dr1820_inv,dr1620_inv,dr2125_inv,dr1625_inv,dr65_inv,dr70_inv,dr75_inv,mc_inv,pv_inv,ht_inv,ped_inv,bike_inv,unrest_fat,mc_fat,unhelmet_mc,pv_fat,ht_fat,ped_fat,bike_fat,dr_alc7,dr_alc8,dr_drug,dr_imp,dr_dist,dr_spd,dr_fty,dr_unlic,dr_alc7only,dr_alc8only,dr_drugonly,dr_drink,nm_imp,nm_alc7,nm_alc8,nm_drug,nm_dist,agegrp1,agegrp2,roadclass,urbrur,dayweek,restuse,vehtype,race_me,intersect,lanedep,oppdir,wrongway,rep_typ,investag,repag_long,rotr,st_rd,cty_rd,city_rd,oth_rd,drug_thc,thc_res,drug_cthc,cthc_res,drug_cann,prevpersemin,prevperse,prevsusoth,drugtst4,drugtst5,drugtst6,drugtst7,drugtst8,drugres4,drugres5,drugres6,drugres7,drugres8,adspresent,adsengaged,adslevel,race1,race2,race3,race4,race5,helmet,helmetmisuse,nmdistract1,nmdistract2,nmdistract3,nmdistract4,nmdistract5,nmdistract6,lab,isedtcase,crf1,crf2,crf3,CoRoadName,CoMP,IntCoRoadName,IntCoMP
2017,57,E643387,3,02/14/2017,17:20,14,2,0,53,Pierce,0,10,0,5,1,2,1,0,4,3,,,,24,0,0,1.8,3,0,3,3,2,1,3,0,3,0,0,SR-167,GRATZER RD E,-122.3788639,47.23043056,0,1,2,67,4,50,4,0,0,1,2,12,1,1,5,5,1,2,2,53,0,49,40,1993,0,0,68,68,63,24,69,68,1,1,45,1,7,1,4,7,3,0,11,0,02/14/2017,17:31,2.23053E+11,7915,0,0,0,3,1,0,0,0,0,0,,,,,,0,,,,,,98374,53,71,200,6,1,0,0,0,2,1,0,,,,,,0,08/15/2014,05/15/2016,1,0,0,0,0,9,8,,,0,0,0,8,9,2,996,0,0,1,0,0,2,1,0,,,,,,,,,,,,,,,,,,,,,,,,,,,,,,0,0,0,1,0,0,1,1,0,0,0,0,0,1,0,0,0,0,0,0,0,0,0,0,0,0,0,0,0,1,0,0,0,0,0,,1,0,0,0,0,0,1,1,0,0,0,0,0,0,1,0,,,,,,41-45,36-45,State route,U,Tuesday,Belt Used,PV,White,0,1,0,0,State Route,State Patrol,Washington State Patrol Headquarter,1,1,0,0,0,,,,,,,,,,,,,,,,,,,,,,,,,,,,,,,,,,,,,,,,,,,
2017,267,E695839,35,07/26/2017,17:35,26,7,0,53,Pierce,0,1,0,1,1,2,1,0,2,2,,,,12,0,6,0.9,2,0,3,4,2,2,4,0,0,0,0,CR-GEM HEIGHTS,176RD ST CT E,-122.3048694,47.09855833,0,1,83,67,4,35,80,0,0,1,2,12,1,1,2,1,1,1,2,53,0,73,705,2002,0,0,12,,,,,,1,1,31,1,7,1,4,0,19,0,11,4,07/26/2017,18:18,1.77053E+11,33182,0,0,0,2,1,0,0,0,0,96,,,,,,99,,,,,,98374,53,70,186,1,1,0,1,0,0,1,0,,,,,,3,01/15/2017,05/15/2017,20,8,0,0,0,9,8,,,0,0,0,8,9,2,401,417,0,1,1,0,2,1,0,,,,,,,,,,,,,,,,,,,,,,,,,,,,,,0,0,0,1,0,0,1,1,0,0,0,0,1,1,1,0,0,0,1,0,0,0,0,0,0,0,0,0,1,1,0,0,0,0,1,0,0,0,0,0,0,0,1,1,0,1,0,1,0,0,1,0,,,,,,31-35,26-35,County road,U,Wednesday,,MC,White,1,0,0,0,County Road,County Sheriff,Law Enforcement Support Agency,0,0,1,0,0,,,,,,,,,,,,,,,,,,,,,,,,,,,,,,,,,,,,,,,,,,,
2017,335,E708617,3,08/30/2017,2:27,30,8,0,53,Pierce,0,1,0,3,1,2,1,0,2,2,2:27,2:34,,14,0,0,2.1,5,1,1,3,2,1,3,0,0,0,0,SR-512,SR-7,-122.4397139,47.15817222,0,1,6,12,2,60,3,0,0,1,2,14,1,1,1,6,1,1,1,53,0,30,42,2003,0,0,64,14,,,,,1,1,30,2,7,1,4,7,3,0,11,0,08/30/2017,2:27,2.23053E+11,38026,0,0,0,3,1,0,0,0,0,96,,,,,,9,,,,,,98374,53,61,120,6,1,0,1,2,0,0,0,,,,,,0,01/15/2015,12/15/2016,1,0,0,0,0,1,8,,,0,0,0,8,1,2,1,0,0,1,0,0,2,1,0.2,,,,,,,,,,,,,,,,,,,,,,,,,,,,,,0,0,1,0,1,1,0,1,0,0,0,0,0,0,0,0,0,0,0,0,0,0,0,0,0,0,0,0,0,1,1,0,0,0,0,,1,0,0,0,0,1,0,1,0,0,0,0,0,1,0,1,,,,,,26-30,26-35,State route,U,Wednesday,Belt Used,PV,White,0,1,0,0,State Route,State Patrol,Washington State Patrol Headquarter,1,1,0,0,0,,,,,,,,,,,,,,,,,,,,,,,,,,,,,,,,,,,,,,,,,,,
2018,96,E786151,35,04/06/2018,23:49,6,4,0,53,Pierce,0,1,0,3,1,2,1,0,2,2,23:49,0:01,,12,0,6,2.1,2,0,2,4,2,2,4,0,0,20,3,CR-VICKERY AVE E,128TH ST E,-122.3784917,47.14024167,0,1,86,17,2,35,14,0,0,1,7,12,1,1,2,1,6,1,1,53,0,12,401,2003,0,0,12,63,1,,,,1,1,16,1,0,0,2,0,3,0,11,0,,,,,0,0,1,3,1,39,91,0,0,96,,,,,,0,,,,,,98374,53,70,165,6,2,0,1,1,1,,1,,,,,,3,11/15/2017,12/15/2017,1,0,0,0,8,9,8,,,0,0,0,8,0,8,95,,,96,,,8,95,995,,,,,,,,,,,,,,,,,,,,,,,,,,,,,,0,0,0,1,0,0,0,0,0,0,0,0,1,0,0,0,0,0,0,0,1,0,1,0,1,0,0,0,0,1,0,0,0,0,0,,0,0,0,0,0,0,0,0,0,1,0,0,0,0,0,0,,,,,,16-17,16-25,County road,U,Friday,Belt Used,PV,Not Fatal,1,0,0,0,County Road,County Sheriff,Law Enforcement Support Agency,0,0,1,0,0,,,,,,0,0,0,,,,,,,,,,,,,,,,,,,,,,,,,,,,,,,,,,,
2018,99,E786918,35,04/07/2018,1:55,7,4,0,53,Pierce,0,10,0,2,2,2,1,0,2,1,,,,30,0,0,1.1,1,0,1,4,2,2,4,0,0,0,0,CR-200TH ST E,,-122.2678056,47.07455,0,1,1,13,2,40,67,0,0,1,5,30,1,1,2,1,1,2,1,53,0,23,880,2015,0,0,63,30,,,,,1,1,24,1,7,1,4,7,3,0,11,0,04/07/2018,1:55,1.77053E+11,16254,0,0,3,3,1,0,0,0,0,93,,,,,,9,,,,,,98374,53,70,185,6,1,0,1,0,0,,0,,,,,,0,12/15/2016,12/15/2016,1,0,0,0,0,1,8,,,0,0,0,8,1,2,1,,,1,,,2,1,0.083,,,,,,,,,,,,,,,,,,,,,,,,,,,,,,0,0,1,0,1,1,0,1,0,0,0,0,0,0,0,0,1,0,0,0,0,0,0,1,1,0,0,0,0,0,1,0,0,0,0,,0,1,0,0,0,1,0,1,1,0,0,0,0,1,0,1,,,,,,21-25,16-25,County road,U,Saturday,Belt Used,MHTRUCK,White,0,1,0,0,County Road,County Sheriff,Law Enforcement Support Agency,1,0,1,0,0,,,,,,0,0,0,,,,,,,,,,,,,,,,,,,,,,,,,,,,,,,,,,,
2018,123,E795156,127,05/06/2018,11:18,6,5,0,33,King,735,1,0,1,0,0,1,1,1,1,,,,9,0,0,0,4,0,1,7,2,4,6,0,0,20,3,S 320TH ST,,-122.3120944,47.31516389,0,1,13,98,7,0,62,1,0,1,5,9,0,0,0,0,10,1,2,53,0,52,882,2000,0,0,9,,,,,,1,1,41,1,0,0,0,0,3,0,11,0,,,,,0,0,0,3,1,39,0,0,0,93,,,,,,0,,,,,,98374,53,63,140,6,1,0,1,1,0,,97,,,,,,0,08/15/2014,07/15/2015,20,0,0,0,8,9,8,,,0,0,0,8,0,8,95,,,96,,,8,95,995,,,,,,,,,,,,,,,,,,,,,,,,,,,,,,0,0,0,0,0,0,0,0,0,0,0,0,0,0,0,0,1,0,0,0,0,0,0,0,0,0,0,0,0,0,1,0,1,0,0,,0,0,0,0,0,0,0,0,1,0,0,0,0,0,0,0,,,,,,41-45,36-45,City street,U,Sunday,,MHTRUCK,Not Fatal,0,0,0,0,City Street,Municipal/City Police,Federal Way Dept of Public Safety,0,0,0,1,0,,,,,,0,0,0,,,,,,,,,,,,,,,,,,,,,,,,,,,,,,,,,,,
2018,505,E812564,173,06/21/2018,15:55,21,6,0,53,Pierce,1124,1,0,1,1,2,1,0,6,5,,,,12,0,6,0,2,0,2,3,2,4,6,0,0,3,3,LAKEWOOD DR SW,STEILACOOM BLVD SW,-122.5078278,47.17651389,0,3,98,62,4,35,14,0,0,1,5,12,1,1,4,1,5,1,1,53,0,23,402,2014,0,0,12,12,,,,,1,1,67,2,0,0,1,0,3,0,11,8,,,,,0,0,3,3,1,0,0,0,0,0,,,,,,0,,,,,,98374,53,64,107,6,1,0,0,0,0,,0,,,,,,0,,,8,0,0,0,8,9,8,,,0,0,0,8,0,8,95,,,96,,,8,95,995,,,,,,,,,,,,,,,,,,,,,,,,,,,,,,0,0,0,1,0,0,1,1,0,0,0,0,1,0,0,0,0,0,0,0,0,0,0,1,1,1,0,0,0,1,0,0,0,0,0,,0,0,0,0,0,0,0,0,0,0,0,0,0,0,0,0,,,,,,66-70,66-75,City street,U,Thursday,Belt Used,PV,Not Fatal,1,0,0,0,City Street,Municipal/City Police,Lakewood Police Department,0,0,0,1,0,,,,,,0,0,0,,,,,,,,,,,,,,,,,,,,,,,,,,,,,,,,,,,
2018,210,E814044,290,07/02/2018,16:07,2,7,0,53,Pierce,2230,1,0,1,1,2,1,0,2,2,,,,12,0,6,0,2,0,2,4,2,4,6,0,0,0,0,S OAKES ST,S 58TH ST,-122.4723139,47.20463056,0,2,72,60,4,35,4,0,0,1,7,12,1,1,2,1,11,1,2,53,0,7,29,2014,0,0,12,,,,,,1,1,17,1,0,0,0,0,3,0,11,0,,,,,0,0,3,3,1,0,0,0,0,96,,,,,,0,,,,,,98374,53,70,125,6,2,0,0,0,0,,0,,,,,,0,,,2,0,0,0,8,9,8,,,0,0,0,8,0,8,95,,,96,,,8,95,995,,,,,,,,,,,,,,,,,,,,,,,,,,,,,,0,0,0,1,1,1,1,1,1,0,0,0,0,0,0,0,0,0,0,0,1,0,1,0,1,0,0,0,1,1,0,0,0,0,0,,0,0,0,0,0,0,0,0,0,0,0,0,0,0,0,0,,,,,,16-17,16-25,City street,U,Monday,Belt Used,PV,Not Fatal,1,0,0,0,City Street,Municipal/City Police,Tacoma Police Department,0,0,0,1,0,,,,,,0,0,0,,,,,,,,,,,,,,,,,,,,,,,,,,,,,,,,,,,
2018,277,E828112,7,08/03/2018,2:49,3,8,0,33,King,1030,2,0,2,2,2,1,0,4,4,,,,12,0,2,3.3,1,0,1,3,2,1,3,0,0,0,0,SR-516,,-122.2757111,47.38091944,0,3,98,54,3,60,14,0,0,1,5,54,2,2,2,3,14,1,1,53,0,55,404,2018,0,0,54,,,,,,1,1,20,1,0,0,0,0,3,0,11,0,,,,,0,0,0,3,1,0,0,0,0,96,,,,,,0,,,,,,98374,53,69,150,6,1,0,0,0,0,,0,,,,,,0,,,20,0,0,0,8,9,8,,,0,0,0,8,0,8,95,,,96,,,8,95,995,,,,,,,,,,,,,,,,,,,,,,,,,,,,,,0,0,0,0,1,1,1,1,1,0,0,0,0,0,0,0,0,0,0,0,0,1,1,1,1,0,0,0,0,1,1,0,0,0,0,,0,0,0,0,0,0,0,0,0,0,0,0,0,0,0,0,,,,,,18-20,16-25,State route,U,Friday,Belt Used,PV,Not Fatal,0,0,0,1,State Route,State Patrol,Washington State Patrol,0,1,0,0,0,,,,,,0,0,0,,,,,,,,,,,,,,,,,,,,,,,,,,,,,,,,,,,
2019,41,E894113,155,01/07/2019,23:42,7,1,,33,King,980,1,0,3,1,2,1,0,1,1,,,,33,0,0,0,3,0,4,7,2,4,6,0,0,0,0,FRONT ST S,6TH AVE SE,-122.0269694,47.51632778,0,1,6,10,2,35,4,0,0,1,2,2,1,1,1,2,1,1,1,53,0,18,3,1997,0,0,64,33,67,42,42,2,1,1,28,1,7,,4,7,20,7,11,0,01/07/2019,23:42,98053001570,1570,0,0,0,3,1,0,0,0,0,92,,,,,,99,,,,,,98374,53,69,180,6,1,0,1,0,1,,0,,,,,,0,02/15/2017,01/15/2018,1,0,0,0,0,9,8,,,0,0,0,8,9,2,695,605,,1,1,,2,1,0.241,,,,,,,,,,,,,,,,,,,,,,,,,,,,,,0,0,1,1,1,1,1,1,1,0,0,0,0,0,0,0,1,0,0,1,0,0,0,0,0,0,0,0,0,1,0,0,0,1,0,,1,0,0,0,0,1,1,1,1,0,0,0,0,0,0,1,,,,,,26-30,26-35,City street,U,Monday,Not Used,PV,Black,0,1,0,0,City Street,Municipal/City Police,Issaquah Police Department,1,0,0,1,0,thc,1.8,carboxy-thc,9.1,,0,0,2,,,,,,,,,,,0,0,0,2,,,,,20,7,,,,,,,nms,,,,,,,,
2019,49,E895374,248,02/15/2019,10:34,15,2,,33,King,1830,1,0,1,2,2,1,0,4,3,,,,12,0,2,0,1,0,1,7,2,4,6,0,0,0,0,SW GRADY WAY,,-122.2364806,47.46693889,0,3,98,98,7,35,4,0,0,1,5,12,1,2,4,1,1,1,1,53,0,48,38,2007,0,0,12,,,,,,1,1,34,1,0,,0,0,3,0,11,0,,,,,0,0,0,3,1,0,0,0,0,96,,,,,,0,,,,,,98374,53,67,142,6,1,0,0,0,0,,0,,,,,,0,,,1,0,0,0,8,9,8,,,0,0,0,8,0,8,95,,,96,,,8,95,995,,,,,,,,,,,,,,,,,,,,,,,,,,,,,,0,0,0,0,1,1,1,1,1,0,0,0,0,1,0,0,1,0,0,0,0,0,0,0,0,0,0,0,0,1,0,0,0,0,0,,0,0,0,0,0,0,0,0,0,0,0,0,0,0,0,0,,,,,,31-35,26-35,City street,U,Friday,Belt Used,PV,Not Fatal,0,1,1,0,City Street,Municipal/City Police,Renton Police Department,0,0,0,1,0,,,,,,0,0,0,,,,,,,,,,,98,98,98,0,,,,,20,7,,,,,,,,,,,,,,,
2019,226,E939885,35,07/14/2019,14:20,14,7,,53,Pierce,0,1,0,1,1,2,1,0,2,1,,,,52,0,0,1.4,1,0,1,5,2,2,4,0,0,0,0,CR-PIONEER WAY E,,-122.337075,47.19243611,0,1,7,6,1,35,4,0,0,1,5,52,3,4,2,1,14,2,1,53,0,39,36,2004,0,0,68,64,52,,,,1,1,49,1,0,,2,0,3,0,11,8,,,,,0,0,0,3,1,91,0,0,0,96,,,,,,9,,,,,,98374,53,70,190,6,1,0,0,0,1,,1,,,,,,4,06/15/2015,06/15/2015,20,0,0,0,8,1,8,,,0,0,0,8,1,2,1,,,1,,,2,1,0.19,,,,,,,,,,,,,,,,,,,,,,,,,,,,,,0,0,0,0,1,1,0,1,0,0,0,0,1,0,0,0,0,0,0,0,0,0,0,0,0,0,0,0,0,1,0,0,0,0,0,,0,0,0,0,0,1,0,1,0,1,0,0,0,1,0,1,,,,,,46-50,46-55,County road,U,Sunday,Belt Used,PV,Not Fatal,0,1,0,0,County Road,County Sheriff,Law Enforcement Support Agency,1,0,1,0,0,,,,,,0,0,0,,,,,,,,,,,98,98,98,0,,,,,20,7,,,,,,,,,,,,,,,
2021,48,EB10945,5,02/23/2021,3:08,23,2,,11,Clark,0,10,,2,1,2,1,1,5,4,,,,8,0,0,9.1,1,0,1,1,2,1,1,0,0,0,0,I-5,,-122.6611306,45.74499167,0,1,13,80,5,60,66,1,0,1,2,8,1,1,4,3,1,1,3,18,0,85,881,2013,0,,8,,,,,,1,1,42,1,0,,0,0,3,0,11,0,,,,,6,0,0,3,1,0,,,,96,,,,,,98,,,,,,98374,53,68,178,6,1,0,0,2,0,,0,,,,,,0,12/15/2017,06/15/2018,20,0,0,0,8,9,8,,,0,,,8,8,0,0,,,0,,,0,0,996,,,,,,,,,,,,,,,,,,,,,,,,,,,,,,0,0,0,0,0,0,0,0,0,1,0,1,0,0,0,0,0,0,0,0,0,0,0,0,0,0,0,0,0,1,1,1,0,0,0,,0,0,0,0,0,0,0,0,0,0,0,0,0,0,0,0,,,,,,41-45,36-45,Interstate,U,Tuesday,,MHTRUCK,Not Fatal,0,0,0,0,State Route,State Patrol,Washington State Patrol,0,1,0,0,0,,,,,,0,0,0,,,,,,,,,,,98,98,98,0,,,,,20,,,,,,,,,1,0,,,,,,
2021,88,EB19651,35,04/05/2021,7:29,5,4,,53,Pierce,0,1,,1,1,1,1,0,1,1,,,,1,0,0,0.8,3,0,2,4,2,2,4,0,3,3,3,CR-WALLER RD E,PIONEER WAY E,-122.3891056,47.22809167,0,1,98,9,1,35,66,1,0,1,2,1,3,2,3,1,2,1,3,53,0,86,884,1978,0,,1,79,18,18,18,19,1,1,45,1,7,,4,7,99,7,11,0,04/05/2021,7:29,53016848,16848,6,1,0,3,1,0,,,,96,,,,,,98,,,,,,98374,53,76,330,6,1,0,1,4,0,,0,,,,,,0,08/15/2016,08/15/2020,99,0,0,1,1,9,8,,,0,,,8,8,2,401,,,1,,,2,1,0,,,,,,,,,,,,,,,,,,,,,,,,,,,,,,0,0,0,1,0,0,1,1,0,0,0,0,0,0,0,0,0,0,0,0,0,0,0,0,0,0,0,0,0,0,1,0,0,0,0,,0,1,0,0,0,0,1,1,0,0,0,0,0,0,1,0,,,,,,41-45,36-45,County road,U,Monday,,MHTRUCK,White,0,1,0,0,County Road,County Sheriff,Law Enforcement Support Agency,1,0,1,0,0,,,,,,0,0,0,,,,,,,,,,,0,0,0,1,,,,,20,,,,,,,,,1,0,,,WALLER RD E,0.07,NULL,
2021,166,EB37822,35,06/09/2021,0:36,9,6,,53,Pierce,0,1,,2,1,2,1,1,2,1,,,,8,0,0,4.4,1,0,1,3,2,2,4,0,0,0,0,CR-224TH ST E,,-122.3102861,47.05325833,0,1,13,80,5,45,4,0,0,1,5,8,1,1,2,1,1,2,2,53,0,63,34,2009,0,,8,,,,,,1,1,16,1,0,,0,0,3,0,11,0,,,,,0,0,0,3,1,0,,,,96,,,,,,98,,,,,,98374,53,73,170,6,7,0,0,0,0,,0,,,,,,0,,,20,0,0,0,8,9,8,,,0,,,8,8,0,0,,,0,,,0,0,996,,,,,,,,,,,,,,,,,,,,,,,,,,,,,,0,0,0,0,0,0,0,0,0,1,0,1,0,0,0,0,0,0,0,0,1,0,1,0,1,0,0,0,0,1,0,1,0,0,0,,0,0,0,0,0,0,0,0,0,0,0,0,0,0,0,0,,,,,,16-17,16-25,County road,U,Wednesday,Belt Used,PV,Not Fatal,0,0,0,0,County Road,County Sheriff,Law Enforcement Support Agency,0,0,1,0,0,,,,,,0,0,0,,,,,,,,,,,98,98,98,0,,,,,20,,,,,,,,,1,0,,,224 ST E,4.38,NULL,
2021,396,EB74915,297,09/16/2021,4:35,16,9,,33,King,2310,1,,3,1,2,1,1,1,1,,,,8,0,0,4.4,2,0,2,3,2,1,3,0,0,3,3,SR-181,S 180TH ST,-122.245575,47.44121667,0,1,13,80,5,40,66,1,0,1,5,8,1,1,6,2,1,1,3,53,0,51,881,2000,0,,8,,,,,,1,1,41,1,0,,0,0,3,0,11,0,,,,,6,1,3,3,1,0,,,,96,,,,,,98,,,,,,98374,53,71,155,6,1,0,0,1,0,,0,,,,,,0,05/15/2019,05/15/2019,20,0,0,0,8,9,8,,,0,,,8,8,8,95,,,96,,,8,95,995,,,,,,,,,,,,,,,,,,,,,,,,,,,,,,0,0,0,1,0,0,0,0,0,1,0,1,0,0,0,0,0,0,0,0,0,0,0,0,0,0,0,0,0,0,1,1,0,0,0,,0,0,0,0,0,0,0,0,0,0,0,0,0,0,0,0,,,,,,41-45,36-45,State route,U,Thursday,,MHTRUCK,Not Fatal,1,0,0,0,State Route,Municipal/City Police,Tukwila Police Department,0,1,0,0,0,,,,,,0,0,0,,,,,,,,,,,98,98,98,0,,,,,20,,,,,,,,,1,0,,,,,,
2021,397,EB75190,7,09/29/2021,2:02,29,9,,33,King,100,1,,3,1,2,1,0,6,5,,,,12,0,2,3.9,1,0,1,2,2,1,3,0,0,0,0,SR-18,,-122.2434222,47.30276944,0,2,52,54,3,60,66,1,0,1,2,12,1,1,2,3,1,2,3,53,0,51,881,2005,0,,12,64,25,,,,1,1,33,1,0,,0,0,3,0,11,0,,,,,6,3,0,3,1,0,,,,96,,,,,,98,,,,,,98374,53,73,258,6,1,0,0,0,0,,0,,,,,,0,,,20,0,0,0,8,9,8,,,0,,,8,8,0,0,,,0,,,0,0,996,,,,,,,,,,,,,,,,,,,,,,,,,,,,,,0,0,0,0,1,1,1,1,0,0,0,0,0,0,0,0,0,0,0,1,0,0,0,0,0,0,0,0,0,1,1,0,0,0,0,,0,0,0,0,0,0,0,0,0,0,0,0,0,0,0,0,,,,,,31-35,26-35,State route,U,Wednesday,,MHTRUCK,Not Fatal,0,0,0,1,State Route,State Patrol,Washington State Patrol,0,1,0,0,0,,,,,,0,0,0,,,,,,,,,,,98,98,98,0,,,,,20,,,,,,,,,1,0,,,,,,
2021,314,3835802,263,07/14/2021,11:10,14,7,,33,King,1960,1,,1,1,1,1,1,1,1,,,,8,1,0,0,1,0,1,7,2,4,6,0,0,0,0,37TH AVE S,,-122.2859333,47.51528611,0,1,13,80,5,20,61,0,0,1,5,8,1,2,8,1,1,1,3,53,0,38,882,2012,0,,8,,,,,,1,1,45,1,0,,0,0,99,7,11,0,,,,,0,0,0,3,1,0,,,,96,,,,,,98,,,,,,98375,53,69,250,6,1,0,0,0,0,,0,,,,,,0,,,20,0,0,0,8,9,8,,,0,,,8,8,8,95,,,96,,,8,95,995,,,,,,,,,,,,,,,,,,,,,,,,,,,,,,0,0,0,0,0,0,0,0,0,0,0,0,0,0,0,0,0,1,0,0,0,0,0,0,0,0,0,0,0,0,1,1,0,0,0,,0,0,0,0,0,0,0,0,0,0,0,0,0,0,0,0,,,,,,41-45,36-45,City street,U,Wednesday,,MHTRUCK,Not Fatal,0,0,0,0,City Street,Municipal/City Police,Seattle Police Department,0,0,0,1,0,,,,,,0,0,0,,,,,,,,,,,98,98,98,0,,,,,20,,,,,,,,,1,0,,,,,,
2017,80,E651585,129,03/13/2017,13:03,13,3,0,53,Pierce,747,2,0,1,2,2,1,0,4,4,13:18,13:28,14:02,12,0,1,0,1,0,1,3,2,4,6,0,3,0,0,70TH AVE E,VALLEY AVE E,-122.3363694,47.22796111,0,2,25,60,4,35,4,0,0,1,2,12,1,1,6,1,1,1,1,53,0,20,37,2005,0,0,12,12,,,,,1,1,38,1,7,1,4,7,3,0,11,0,03/13/2017,13:03,74753012461,12461,0,0,0,3,1,0,0,0,0,0,,,,,,0,,,,,,98375,53,75,250,6,1,0,0,0,1,0,0,,,,,,0,03/15/2017,03/15/2017,8,0,0,0,0,9,8,,,0,0,0,8,0,2,1,0,0,1,0,0,2,1,0,,,,,,,,,,,,,,,,,,,,,,,,,,,,,,0,0,0,0,0,0,0,0,0,0,0,0,0,0,0,0,0,0,0,0,0,0,0,0,0,0,0,0,0,1,1,0,0,0,0,,1,0,0,0,0,0,0,0,0,0,0,0,0,0,0,0,,,,,,36-40,36-45,City street,U,Monday,Belt Used,PV,White,1,0,0,0,City Street,Municipal/City Police,Fife Police Department,0,0,0,1,0,,,,,,,,,,,,,,,,,,,,,,,,,,,,,,,,,,,,,,,,,,,
2017,340,E711224,3,08/31/2017,16:14,31,8,0,53,Pierce,1124,1,0,1,1,2,1,0,8,6,,,,12,0,1,0.5,17,1,1,3,2,1,3,0,0,0,0,SR-512,,-122.4679194,47.16010556,0,6,98,60,4,60,80,0,0,1,5,1,1,1,4,3,1,1,2,53,0,76,706,2007,0,0,1,,,,,,1,1,39,1,7,1,4,7,5,0,11,0,08/31/2017,16:14,2.23053E+11,39063,6,0,0,3,1,0,0,0,0,0,,,,,,99,,,,,,98375,53,71,270,6,1,0,0,0,0,0,0,,,,,,0,,,20,8,0,0,0,9,8,,,0,0,0,8,9,2,1,0,0,1,0,0,2,10,0,,,,,,,,,,,,,,,,,,,,,,,,,,,,,,0,0,0,0,0,0,0,0,0,0,0,0,1,1,0,0,1,0,0,0,0,0,0,0,0,0,0,0,1,1,1,0,0,0,1,0,0,0,0,0,0,0,0,0,0,0,0,0,0,0,0,0,,,,,,36-40,36-45,State route,U,Thursday,,MC,White,0,0,0,0,State Route,State Patrol,Washington State Patrol Headquarter,0,1,0,0,0,,,,,,,,,,,,,,,,,,,,,,,,,,,,,,,,,,,,,,,,,,,
2018,307,E832464,7,07/22/2018,1:55,22,7,0,33,King,1030,1,0,3,1,2,1,1,6,4,,,,8,0,0,3.5,1,0,1,3,2,1,3,0,0,0,0,SR-516,,-122.270425,47.37678056,0,1,13,80,5,50,15,0,6,1,7,8,1,2,7,1,1,1,3,53,5,20,421,2016,0,0,8,12,,,,,1,1,45,1,0,0,3,0,20,0,11,8,,,,,0,0,0,3,1,16,0,0,0,96,,,,,,0,,,,,,98375,53,71,230,6,1,0,0,0,0,,0,,,,,,0,,,8,0,0,0,8,9,8,,,0,0,0,8,0,8,95,,,96,,,8,95,995,,,,,,,,,,,,,,,,,,,,,,,,,,,,,,0,0,0,0,0,0,0,0,0,0,0,0,0,0,0,0,0,0,0,0,0,0,0,0,0,0,0,0,0,1,0,1,0,0,0,,0,0,0,0,0,0,0,0,0,0,0,0,0,0,0,0,,,,,,41-45,36-45,State route,U,Sunday,Not Used,PV,Not Fatal,1,0,0,0,State Route,State Patrol,Washington State Patrol Headquarter,0,1,0,0,0,,,,,,0,0,0,,,,,,,,,,,,,,,,,,,,,,,,,,,,,,,,,,,
2018,362,E848117,112,10/11/2018,5:10,11,10,0,53,Pierce,586,1,0,3,1,2,1,0,2,2,5:13,5:19,,1,0,0,33.4,2,0,2,3,2,1,3,0,0,0,0,SR-161,JOVITA BLVD,-122.2938389,47.25094167,0,1,98,6,1,35,80,0,0,1,5,1,1,1,4,1,1,1,2,53,0,76,706,2013,0,0,1,12,,,,,1,1,27,1,7,1,4,7,19,0,11,0,10/11/2018,5:10,58653044745,44745,0,0,0,3,1,0,0,0,0,96,,,,,,0,,,,,,98375,53,76,230,6,1,0,1,1,1,,0,,,,,,4,08/15/2014,07/15/2018,20,8,0,0,0,9,8,,,0,0,0,8,0,2,1,,,1,,,2,1,0,,,,,,,,,,,,,,,,,,,,,,,,,,,,,,0,0,0,1,0,0,0,0,0,0,0,0,1,0,0,0,0,0,0,0,0,0,0,0,0,0,0,0,1,1,0,0,0,0,1,0,0,0,0,0,0,0,0,0,0,1,0,0,0,0,0,0,,,,,,26-30,26-35,State route,U,Thursday,,MC,White,1,0,0,0,State Route,Municipal/City Police,Edgewood Police Department,0,1,0,0,0,,,,,,0,0,0,,,,,,,,,,,,,,,,,,,,,,,,,,,,,,,,,,,