year,case,par,repjur,crash_dt,crash_tm,accday,accmon,holiday,county,co_char,city,weather,weather2,lightcond,surfcond,surftype,numfatal,nmforms,pforms,vforms,not_tm,arr_tm,hosp_tm,fhevent,hitrun,manncol,milepnt,reljunc,reljuncinter,intersectiontype,funcsystem,landuse,ownership,route,schlbus,spejur,contdev,devfunc,trafid1,trafid2,x,y,wk_zone,vnumber,crashtype,criticalevent,criticaleventcat,spdlim,body,trailer,emerg,hazcargo,leave,mhevent,roadalgn,roadprof,traflane,trafflow,vehmanvr,numoccs,regowner,regstate,spuse,make,model,modelyr,vrf1,vrf2,seqevent1,seqevent2,seqevent3,seqevent4,seqevent5,seqevent6,pnumber,ptype,age,sex,hispanic,race,injury,diedscene,restraint,restraintmisuse,seatpos,takehosp,death_dt,death_tm,cert,cernum_wa,commlic,licendor,licrestrict,liccomp,drivpres,drf1,drf2,drf3,drf4,distract1,distract2,distract3,distract4,distract5,distract6,dricond1,dricond2,dricond3,dricond4,dricond5,dricond6,dzip,licstate,drhgt_in,weight,noncdl,noncdltype,prevdwi,prevoth,prevacc,prevspd,prevsus,driviol1,driviol2,driviol3,driviol4,driviol5,driviol6,spdrel,first_dt,last_dt,airbag,ejection,ejectpath,extricat,injurwrk,methalc,methdrug,nmlocat,strikveh,prf1,prf2,prf3,druginv,alcinvol,drugsts,drugres1,drugres2,drugres3,drugtst1,drugtst2,drugtst3,alcsts,alctst,alcres,nmact1,nmact2,nmact3,nmact4,nmact5,nmact6,nmprior1,nmprior2,nmprior3,nmprior4,nmprior5,nmprior6,nmcond1,nmcond2,nmcond3,nmcond4,nmcond5,nmcond6,nmsafe_helmet,nmsafe_pads,nmsafe_oth,nmprev_ref,nmprev_lgt,nmprev_oth,crashlocation,nmcrashtype,crosswalk,schoolzone,sidewalk,train_inv,wildlife_inv,rotr_fars,intersect_fars,dd_inv,aid_inv,dpd_inv,id_inv,mj_inv,impnm_inv,ainm_inv,dpnm_inv,speed_inv,unlic_inv,unendmc_inv,drowsy_inv,drdist_inv,nmdist_inv,fty_inv,unrestfat_inv,dr1617_inv,dr1820_inv,dr1620_inv,dr2125_inv,dr1625_inv,dr65_inv,dr70_inv,dr75_inv,mc_inv,pv_inv,ht_inv,ped_inv,bike_inv,unrest_fat,mc_fat,unhelmet_mc,pv_fat,ht_fat,ped_fat,bike_fat,dr_alc7,dr_alc8,dr_drug,dr_imp,dr_dist,dr_spd,dr_fty,dr_unlic,dr_alc7only,dr_alc8only,dr_drugonly,dr_drink,nm_imp,nm_alc7,nm_alc8,nm_drug,nm_dist,agegrp1,agegrp2,roadclass,urbrur,dayweek,restuse,vehtype,race_me,intersect,lanedep,oppdir,wrongway,rep_typ,investag,repag_long,rotr,st_rd,cty_rd,city_rd,oth_rd,drug_thc,thc_res,drug_cthc,cthc_res,drug_cann,prevpersemin,prevperse,prevsusoth,drugtst4,drugtst5,drugtst6,drugtst7,drugtst8,drugres4,drugres5,drugres6,drugres7,drugres8,adspresent,adsengaged,adslevel,race1,race2,race3,race4,race5,helmet,helmetmisuse,nmdistract1,nmdistract2,nmdistract3,nmdistract4,nmdistract5,nmdistract6,lab,isedtcase,crf1,crf2,crf3,CoRoadName,CoMP,IntCoRoadName,IntCoMP
2017,467,E732281,7,11/01/2017,9:16,1,11,0,33,King,0,2,0,1,2,2,1,0,4,3,8:52,9:05,9:58,12,0,1,3.6,2,0,2,3,1,1,3,0,0,0,0,SR-169,SE 383RD ST,-121.9882861,47.25589444,0,3,98,62,4,50,66,1,0,1,5,12,1,1,2,1,1,1,3,53,0,87,884,2003,0,0,12,12,,,,,1,1,54,1,0,0,0,0,3,0,11,0,,,,,6,1,3,3,1,0,0,0,0,0,,,,,,0,,,,,,98383,53,71,205,6,1,0,0,0,0,0,0,,,,,,0,,,20,0,0,0,8,9,8,,,0,0,0,8,0,0,0,0,0,0,0,0,0,0,996,,,,,,,,,,,,,,,,,,,,,,,,,,,,,,0,0,0,1,0,0,0,0,0,0,0,0,1,0,0,0,1,0,0,0,0,0,0,0,0,1,0,0,0,1,1,0,0,0,0,,0,0,0,0,0,0,0,0,0,0,0,0,0,0,0,0,,,,,,51-55,46-55,State route,R,Wednesday,,MHTRUCK,Not Fatal,1,0,0,0,State Route,State Patrol,Washington State Patrol Headquarter,0,1,0,0,0,,,,,,,,,,,,,,,,,,,,,,,,,,,,,,,,,,,,,,,,,,,
2018,113,E791515,13,04/21/2018,21:48,21,4,0,9,Clallam,0,1,0,2,2,5,1,0,3,1,21:48,22:04,23:42,1,0,0,3.5,1,0,1,99,9,99,9,0,0,0,0,WOODS RD,,-123.0120444,47.98156667,0,1,2,10,2,25,4,0,0,1,7,1,3,2,8,1,14,3,2,53,0,20,34,1995,0,0,68,68,63,1,,,1,1,21,1,7,1,4,7,20,0,11,0,04/21/2018,21:48,53019772,19772,0,0,0,3,1,0,0,0,0,0,,,,,,99,,,,,,98383,53,71,195,6,1,0,3,3,1,,0,,,,,,0,07/15/2015,02/15/2018,20,1,9,0,0,9,8,,,0,0,0,8,9,2,605,695,,1,1,,2,1,0.16,,,,,,,,,,,,,,,,,,,,,,,,,,,,,,0,0,0,0,1,1,1,1,1,0,0,0,0,0,0,0,0,0,0,1,0,0,0,1,1,0,0,0,0,1,0,0,0,1,0,,1,0,0,0,0,1,1,1,0,0,0,0,0,0,0,1,,,,,,21-25,16-25,Unknown,Unk,Saturday,Not Used,PV,White,0,1,0,0,Other,County Sheriff,Clallam County Sheriff's Office,1,0,0,0,1,thc,7.6,carboxy-thc,14,,0,0,0,,,,,,,,,,,,,,,,,,,,,,,,,,,,,,,,,,,
2018,194,E810448,26,06/19/2018,0:51,19,6,0,35,Kitsap,0,1,0,3,1,2,1,0,3,2,0:58,1:17,2:19,12,0,6,2,2,0,2,5,1,2,4,0,0,0,0,CR-HANSVILLE RD NE,NE LITTLE BOSTON RD,-122.5412389,47.87143889,0,2,69,62,4,45,4,0,0,1,7,12,1,2,3,1,1,2,2,53,0,32,43,2007,0,0,12,2,,,,,1,1,18,2,0,0,3,0,99,0,11,5,,,,,0,0,0,3,1,0,0,0,0,96,,,,,,0,,,,,,98383,53,72,140,6,1,0,1,2,0,,97,,,,,,3,04/15/2016,02/15/2018,99,0,0,0,8,9,8,,,0,0,0,8,0,2,177,,,1,,,2,1,0,,,,,,,,,,,,,,,,,,,,,,,,,,,,,,0,0,0,1,0,0,1,1,0,0,0,0,1,0,0,0,0,0,0,0,0,1,1,0,1,0,0,0,0,1,0,0,0,0,0,,0,0,0,0,0,0,1,1,0,1,0,0,0,0,1,0,,,,,,18-20,16-25,County road,R,Tuesday,Unknown,PV,Not Fatal,1,0,0,0,County Road,County Sheriff,Kitsap County Sheriff's Office,0,0,1,0,0,,,,,,0,0,0,,,,,,,,,,,,,,,,,,,,,,,,,,,,,,,,,,,
2019,401,E980699,26,11/08/2019,11:39,8,11,,35,Kitsap,0,1,0,1,1,2,1,0,3,2,,,,12,0,6,3.1,2,0,3,5,2,2,4,0,0,0,0,CR-CLEAR CREEK RD NW,NW CLOSSER DR,-122.691975,47.70833056,0,1,83,67,4,50,34,0,0,1,7,12,1,1,2,1,1,1,1,53,0,49,472,2015,0,0,12,,,,,,1,1,51,1,0,,0,0,20,7,11,0,,,,,0,0,0,3,1,0,0,0,0,96,,,,,,0,,,,,,98383,53,67,235,6,1,0,1,2,1,,0,,,,,,0,04/15/2016,01/15/2019,8,0,0,0,8,9,8,,,0,0,0,8,0,8,95,,,96,,,8,95,995,,,,,,,,,,,,,,,,,,,,,,,,,,,,,,0,0,0,1,0,0,0,0,0,0,0,0,0,0,0,0,0,0,1,0,0,1,1,0,1,0,0,0,0,1,0,0,0,0,0,,0,0,0,0,0,0,0,0,0,0,0,0,0,0,0,0,,,,,,51-55,46-55,County road,U,Friday,Not Used,PV,Not Fatal,1,0,0,0,County Road,County Sheriff,Kitsap County Sheriff's Office,0,0,1,0,0,,,,,,0,0,0,,,,,,,,,,,98,98,98,0,,,,,20,7,,,,,,,,,,,,,,,
2020,217,EA44959,26,07/03/2020,21:45,3,7,,35,Kitsap,0,1,,5,1,2,1,0,3,3,,,,12,0,1,0.2,1,0,1,3,2,2,4,0,0,0,0,CR-SILVERDALE WAY NW,,-122.7007583,47.64053056,0,1,25,53,3,30,4,0,0,1,2,12,1,1,2,1,1,1,1,53,0,53,33,2006,0,,12,,,,,,1,1,61,2,0,,0,0,3,0,11,0,,,,,0,0,3,3,1,0,,,,96,,,,,,0,,,,,,98383,53,64,110,6,1,0,0,0,0,,0,,,,,,0,,,20,0,0,0,8,9,8,,,0,,,8,8,0,0,,,0,,,0,0,996,,,,,,,,,,,,,,,,,,,,,,,,,,,,,,0,0,0,0,1,1,0,1,0,0,0,0,1,0,0,0,0,0,0,0,0,0,0,0,0,0,0,0,1,1,0,0,0,0,0,,0,0,0,0,0,0,0,0,0,0,0,0,0,0,0,0,,,,,,61-65,56-65,County road,U,Friday,Belt Used,PV,Not Fatal,0,0,0,0,County Road,County Sheriff,Kitsap County Sheriff's Office,0,0,1,0,0,,,,,,0,0,0,,,,,,,,,,,98,98,98,0,,,,,20,7,,,,,,,,1,0,,,SILVERDALE WAY NW,0.241,,
2020,217,EA44959,26,07/03/2020,21:45,3,7,,35,Kitsap,0,1,,5,1,2,1,0,3,3,,,,12,0,1,0.2,1,0,1,3,2,2,4,0,0,0,0,CR-SILVERDALE WAY NW,,-122.7007583,47.64053056,0,2,98,62,4,30,4,0,0,1,5,12,1,1,2,1,1,1,1,53,0,55,33,2011,0,,12,,,,,,1,1,61,1,0,,0,0,3,0,11,0,,,,,0,0,3,3,1,0,,,,96,,,,,,0,,,,,,98383,53,68,155,6,1,0,0,0,0,,0,,,,,,0,,,20,0,0,0,8,9,8,,,0,,,8,8,0,0,,,0,,,0,0,996,,,,,,,,,,,,,,,,,,,,,,,,,,,,,,0,0,0,0,1,1,0,1,0,0,0,0,1,0,0,0,0,0,0,0,0,0,0,0,0,0,0,0,1,1,0,0,0,0,0,,0,0,0,0,0,0,0,0,0,0,0,0,0,0,0,0,,,,,,61-65,56-65,County road,U,Friday,Belt Used,PV,Not Fatal,0,0,0,0,County Road,County Sheriff,Kitsap County Sheriff's Office,0,0,1,0,0,,,,,,0,0,0,,,,,,,,,,,98,98,98,0,,,,,20,7,,,,,,,,1,0,,,SILVERDALE WAY NW,0.241,,
2020,217,EA44959,26,07/03/2020,21:45,3,7,,35,Kitsap,0,1,,5,1,2,1,0,3,3,,,,12,0,1,0.2,1,0,1,3,2,2,4,0,0,0,0,CR-SILVERDALE WAY NW,,-122.7007583,47.64053056,0,3,24,51,3,30,80,0,0,1,2,12,1,1,2,1,1,1,1,53,0,73,704,2019,0,,12,68,12,,,,1,1,30,1,7,,4,7,20,7,11,0,07/03/2020,21:45,53031120,31120,0,0,0,3,1,0,,,,96,,,,,,98,,,,,,98383,53,69,205,6,1,0,0,0,0,,0,,,,,,4,,,20,8,0,0,0,9,8,,,0,,,8,8,2,1,,,1,,,2,1,0.176,,,,,,,,,,,,,,,,,,,,,,,,,,,,,,0,0,0,0,1,1,0,1,0,0,0,0,1,0,0,0,0,0,0,0,0,0,0,0,0,0,0,0,1,1,0,0,0,0,1,0,0,0,0,0,0,1,0,1,0,1,0,0,0,1,0,1,,,,,,26-30,26-35,County road,U,Friday,,MC,White,0,0,0,0,County Road,County Sheriff,Kitsap County Sheriff's Office,0,0,1,0,0,,,,,,0,0,0,,,,,,,,,,,0,0,0,1,,,,,5,0,,,,,,,,1,0,,,SILVERDALE WAY NW,0.241,,
2020,415,EA73989,7,10/16/2020,3:51,16,10,,33,King,1830,1,,3,1,2,1,0,2,2,,,,12,1,1,2.3,1,0,1,1,2,1,1,0,0,0,0,I-405,,-122.2177861,47.46795,0,1,24,51,3,60,21,0,0,1,5,12,1,1,3,3,1,1,2,53,0,20,461,2006,0,,12,,,,,,1,1,51,1,0,,0,0,3,0,11,0,,,,,0,0,3,3,1,26,91,,,96,,,,,,98,,,,,,98386,53,68,180,6,1,0,1,1,1,,1,,,,,,0,10/15/2016,03/15/2019,20,0,0,0,8,9,8,,,0,,,8,8,8,95,,,96,,,8,95,995,,,,,,,,,,,,,,,,,,,,,,,,,,,,,,0,0,0,0,0,0,0,0,0,0,0,0,0,0,0,0,0,0,0,0,1,0,1,0,1,0,0,0,1,1,0,0,0,0,0,,0,0,0,0,0,0,0,0,0,0,0,0,0,0,0,0,,,,,,51-55,46-55,Interstate,U,Friday,Belt Used,PV,Not Fatal,0,0,0,0,State Route,State Patrol,Washington State Patrol,0,1,0,0,0,,,,,,0,0,0,,,,,,,,,,,98,98,98,0,,,,,20,7,,,,,,,,1,0,,,,,,
2017,145,E672920,3,05/15/2017,1:10,15,5,0,53,Pierce,1124,1,0,3,1,2,1,0,2,2,,,,12,0,1,124.5,1,0,1,1,2,1,1,0,0,0,0,I-5,,-122.5351028,47.13171389,0,2,20,52,3,60,66,1,0,1,2,12,1,1,4,3,1,1,3,53,0,82,881,2005,0,0,12,63,24,,,,1,1,58,1,0,0,0,0,3,0,11,0,,,,,6,1,0,3,1,0,0,0,0,0,,,,,,0,,,,,,98387,53,72,180,6,1,0,1,0,1,0,0,,,,,,0,12/15/2012,02/15/2013,20,0,0,0,8,3,2,,,0,0,0,0,0,2,1,0,0,1,0,0,2,1,0,,,,,,,,,,,,,,,,,,,,,,,,,,,,,,0,0,0,0,1,1,0,1,0,0,0,0,0,0,0,0,0,0,0,0,0,0,0,0,0,0,0,0,0,1,1,0,0,0,0,,0,0,0,0,0,0,0,0,0,0,0,0,0,0,0,0,,,,,,56-60,56-65,Interstate,U,Monday,,MHTRUCK,Not Fatal,0,0,0,0,State Route,State Patrol,Washington State Patrol Headquarter,0,1,0,0,0,,,,,,,,,,,,,,,,,,,,,,,,,,,,,,,,,,,,,,,,,,,
2017,186,E677561,35,05/31/2017,19:50,31,5,0,53,Pierce,0,1,0,1,1,2,1,0,2,1,,,,1,0,0,2,3,0,2,3,2,2,4,0,0,0,0,CR-152ND ST E,27TH AVE E,-122.3931611,47.11859444,0,1,2,8,1,35,80,0,0,1,2,1,1,1,2,1,1,2,2,51,0,76,706,2010,0,0,63,1,,,,,1,1,49,1,0,0,0,0,19,0,11,0,,,,,0,0,0,2,1,91,0,0,0,96,,,,,,0,,,,,,98387,53,71,235,6,1,0,1,0,1,0,2,,,,,,4,01/15/2016,10/15/2016,20,8,0,0,8,9,8,,,0,0,0,8,0,0,0,0,0,0,0,0,0,0,996,,,,,,,,,,,,,,,,,,,,,,,,,,,,,,0,0,0,1,0,0,0,0,0,0,0,0,1,0,1,0,0,0,0,0,0,0,0,0,0,0,0,0,1,0,0,0,0,0,0,0,0,0,0,0,0,0,0,0,0,1,0,0,0,0,0,0,,,,,,46-50,46-55,County road,U,Wednesday,,MC,Not Fatal,1,0,0,0,County Road,County Sheriff,Law Enforcement Support Agency,0,0,1,0,0,,,,,,,,,,,,,,,,,,,,,,,,,,,,,,,,,,,,,,,,,,,
2017,223,E688983,25,06/30/2017,18:40,30,6,5,33,King,0,1,0,1,1,2,1,0,4,2,,,,12,0,7,0.2,3,0,4,3,2,2,4,0,0,0,0,CR-RAINER AVE S,S 105TH ST,-122.2348556,47.50832222,0,1,98,11,2,35,80,0,0,1,2,19,1,1,3,3,6,1,1,53,0,72,706,2006,0,0,63,69,12,63,19,,1,1,52,1,7,2,4,7,19,0,11,0,06/30/2017,18:40,1.96053E+11,29653,0,0,3,3,1,34,0,0,0,96,,,,,,99,,,,,,98387,53,73,225,6,1,0,0,0,0,0,0,,,,,,0,,,20,8,0,0,0,9,8,,,0,0,0,8,9,2,1,0,0,1,0,0,2,1,0,,,,,,,,,,,,,,,,,,,,,,,,,,,,,,0,0,0,1,0,0,0,0,0,0,0,0,0,0,0,0,0,0,0,0,0,0,0,0,0,0,0,0,1,1,0,0,0,0,1,0,0,0,0,0,0,0,0,0,0,0,0,0,0,0,0,0,,,,,,51-55,46-55,County road,U,Friday,,MC,Black,1,0,0,0,County Road,County Sheriff,King County Police,0,0,1,0,0,,,,,,,,,,,,,,,,,,,,,,,,,,,,,,,,,,,,,,,,,,,
2017,267,E695839,35,07/26/2017,17:35,26,7,0,53,Pierce,0,1,0,1,1,2,1,0,2,2,,,,12,0,6,0.9,2,0,3,4,2,2,4,0,0,20,3,CR-GEM HEIGHTS,176RD ST CT E,-122.3048694,47.09855833,0,2,82,15,2,35,6,0,0,1,2,12,1,1,2,1,11,1,2,53,0,7,27,2014,0,0,12,,,,,,1,1,31,2,0,0,0,0,3,0,11,0,,,,,0,0,0,3,1,38,0,0,0,96,,,,,,0,,,,,,98387,53,67,155,6,1,0,0,1,0,0,97,,,,,,0,10/15/2012,10/15/2012,20,0,0,0,8,9,8,,,0,0,0,8,0,0,0,0,0,0,0,0,0,0,996,,,,,,,,,,,,,,,,,,,,,,,,,,,,,,0,0,0,1,0,0,1,1,0,0,0,0,1,1,1,0,0,0,1,0,0,0,0,0,0,0,0,0,1,1,0,0,0,0,0,,0,0,0,0,0,0,0,0,0,0,1,0,0,0,0,0,,,,,,31-35,26-35,County road,U,Wednesday,Belt Used,PV,Not Fatal,1,0,0,0,County Road,County Sheriff,Law Enforcement Support Agency,0,0,1,0,0,,,,,,,,,,,,,,,,,,,,,,,,,,,,,,,,,,,,,,,,,,,
2017,374,E713128,290,09/19/2017,2:42,19,9,0,53,Pierce,2230,1,0,3,2,2,1,0,1,1,,,,10,0,0,0,6,0,1,4,2,4,6,0,0,65,3,E MILWAUKEE WAY,,-122.4057083,47.25605,0,1,98,17,2,40,2,0,0,1,2,10,1,1,2,1,1,1,1,53,0,54,37,1999,0,0,10,,,,,,1,1,28,1,7,2,4,7,20,0,11,0,09/19/2017,2:42,2.23053E+11,41009,0,0,3,3,1,0,0,0,0,6,,,,,,99,,,,,,98387,53,67,160,6,1,0,1,0,0,0,0,,,,,,0,09/15/2015,09/15/2015,7,0,0,0,0,9,8,,,0,0,0,8,9,2,605,0,0,1,0,0,2,1,0,,,,,,,,,,,,,,,,,,,,,,,,,,,,,,1,0,0,0,0,0,1,1,1,0,0,0,0,0,0,0,1,0,0,1,0,0,0,0,0,0,0,0,0,1,0,0,0,1,0,,1,0,0,0,0,0,1,1,1,0,0,0,0,0,1,0,,,,,,26-30,26-35,City street,U,Tuesday,Not Used,PV,Black,1,0,0,0,City Street,Municipal/City Police,Tacoma Police Department,0,0,0,1,0,thc,2.6,carboxy-thc,8.4,,,,,,,,,,,,,,,,,,,,,,,,,,,,,,,,,,,,,,,
2018,234,E819461,3,07/14/2018,10:45,14,7,0,53,Pierce,0,1,0,1,1,2,1,0,2,2,10:48,11:04,11:37,12,0,6,49,2,0,2,3,2,1,3,0,0,3,3,SR-7,166TH ST S,-122.4347917,47.10655556,0,2,89,66,4,25,4,0,0,1,7,12,1,1,2,1,1,1,1,53,0,41,51,2014,0,0,12,,,,,,1,1,40,1,0,0,3,0,3,0,11,5,,,,,0,0,0,3,1,0,0,0,0,96,,,,,,0,,,,,,98387,53,72,215,6,1,0,0,1,0,,0,,,,,,0,04/15/2017,04/15/2017,8,0,0,0,8,9,8,,,0,0,0,8,0,8,95,,,96,,,8,95,995,,,,,,,,,,,,,,,,,,,,,,,,,,,,,,0,0,0,1,0,0,0,0,0,0,0,0,1,0,0,0,0,0,0,0,0,0,0,0,0,0,0,0,1,1,0,0,0,0,0,,0,0,0,0,0,0,0,0,0,0,0,0,0,0,0,0,,,,,,36-40,36-45,State route,U,Saturday,Belt Used,PV,Not Fatal,1,0,0,0,State Route,State Patrol,Washington State Patrol,0,1,0,0,0,,,,,,0,0,0,,,,,,,,,,,,,,,,,,,,,,,,,,,,,,,,,,,
2018,288,E822181,290,07/25/2018,8:46,25,7,0,53,Pierce,2230,1,0,1,1,2,1,0,2,3,,,,14,0,0,0,1,0,1,7,2,4,6,0,0,0,0,TACOMA AVE S,,-122.4392778,47.22875278,0,1,11,11,2,25,4,0,0,1,7,14,1,1,2,1,1,2,2,53,0,30,46,2000,0,0,14,68,63,38,14,,1,1,36,1,0,0,0,0,99,0,11,0,,,,,0,0,0,2,1,91,0,0,0,93,,,,,,99,,,,,,98387,53,69,215,1,1,0,0,0,0,,2,71,,,,,0,06/15/2016,06/15/2016,1,0,0,0,8,9,8,,,0,0,0,8,9,8,95,,,96,,,8,95,995,,,,,,,,,,,,,,,,,,,,,,,,,,,,,,0,0,0,0,0,0,0,0,0,0,0,0,0,1,0,0,1,0,0,0,0,0,0,0,0,0,0,0,0,1,0,0,0,0,0,,0,0,0,0,0,0,0,0,1,0,0,1,0,0,0,0,,,,,,36-40,36-45,City street,U,Wednesday,Unknown,PV,Not Fatal,0,1,0,0,City Street,Municipal/City Police,Tacoma Police Department,1,0,0,1,0,,,,,,0,0,1,,,,,,,,,,,,,,,,,,,,,,,,,,,,,,,,,,,
2018,273,E827913,3,08/09/2018,10:21,9,8,0,53,Pierce,0,1,0,1,1,2,1,1,1,1,,,,9,1,0,38,1,0,1,4,1,1,3,0,0,0,0,SR-7,,-122.3576972,46.965125,0,1,13,13,2,55,34,0,0,1,5,9,1,2,2,1,1,1,2,53,0,20,481,1986,0,0,63,9,,,,,1,1,37,1,0,0,0,0,99,0,11,0,,,,,0,0,0,0,1,91,0,0,0,92,,,,,,99,,,,,,98387,53,72,196,3,1,0,2,0,2,,1,7,,,,,0,08/15/2014,01/15/2018,20,0,0,0,8,9,8,,,0,0,0,8,9,8,95,,,96,,,8,95,995,,,,,,,,,,,,,,,,,,,,,,,,,,,,,,0,0,0,0,0,0,0,0,0,0,0,0,0,1,0,0,1,0,0,0,0,0,0,0,0,0,0,0,0,1,0,0,1,0,0,,0,0,0,0,0,0,0,0,1,0,0,1,0,0,0,0,,,,,,36-40,36-45,State route,R,Thursday,Unknown,PV,Not Fatal,0,0,0,0,State Route,State Patrol,Washington State Patrol,0,1,0,0,0,,,,,,0,1,2,,,,,,,,,,,,,,,,,,,,,,,,,,,,,,,,,,,
2018,409,E859476,3,11/06/2018,23:05,6,11,0,67,Thurston,2320,1,0,3,1,2,1,0,4,4,,,,1,0,0,0.2,5,1,1,1,2,1,1,0,0,0,0,I-5 RAMP Q109977,,-122.936325,46.95509444,0,4,98,98,7,70,66,1,0,1,5,12,1,1,3,1,1,1,3,18,0,84,884,2018,0,0,12,,,,,,1,1,24,1,0,0,0,0,3,0,11,0,,,,,6,1,0,3,1,0,0,0,0,96,,,,,,0,,,,,,98387,53,74,220,6,1,0,1,1,0,,0,,,,,,0,07/15/2017,09/15/2018,20,0,0,0,8,9,8,,,0,0,0,8,0,8,95,,,96,,,8,95,995,,,,,,,,,,,,,,,,,,,,,,,,,,,,,,0,0,1,0,0,0,0,0,0,0,0,0,1,0,0,0,0,0,0,0,0,0,0,1,1,0,0,0,1,0,1,0,0,0,0,,0,0,0,0,0,0,0,0,0,0,0,0,0,0,0,0,,,,,,21-25,16-25,Interstate,U,Tuesday,,MHTRUCK,Not Fatal,1,0,0,0,State Route,State Patrol,Washington State Patrol,0,1,0,0,0,,,,,,0,0,0,,,,,,,,,,,,,,,,,,,,,,,,,,,,,,,,,,,
2018,447,E860990,7,11/09/2018,22:35,9,11,0,53,Pierce,0,1,0,3,1,2,1,0,2,2,,,,12,0,2,52.1,2,0,3,3,1,1,3,0,0,0,0,SR-7,115TH ST S,-122.4343361,47.15180833,0,1,68,16,2,35,34,0,0,1,2,12,1,2,5,5,11,1,1,53,0,20,481,2005,0,0,68,12,,,,,1,1,46,1,7,1,4,0,20,0,11,4,11/12/2018,9:29,2.23053E+11,50010,0,0,0,3,1,0,0,0,0,96,,,,,,99,,,,,,98387,53,74,210,6,1,0,0,0,0,,0,,,,,,0,,,1,0,0,0,0,9,8,,,0,0,0,8,9,2,1,,,1,,,2,1,0,,,,,,,,,,,,,,,,,,,,,,,,,,,,,,0,0,0,1,1,0,0,0,0,0,0,0,0,0,0,0,0,0,0,1,0,1,1,0,1,0,0,0,0,1,0,0,0,1,0,,1,0,0,0,0,0,0,0,0,0,0,0,0,0,0,0,,,,,,46-50,46-55,State route,R,Friday,Not Used,PV,White,1,0,0,0,State Route,State Patrol,Washington State Patrol,0,1,0,0,0,,,,,,0,0,0,,,,,,,,,,,,,,,,,,,,,,,,,,,,,,,,,,,
2018,462,E872691,35,12/16/2018,6:52,16,12,0,53,Pierce,0,1,0,2,2,2,1,0,2,1,,,,1,0,0,0.5,1,0,1,5,1,2,4,0,0,0,0,CR-264TH ST E,,-122.2173306,47.01738611,0,1,1,11,2,35,14,0,0,1,7,1,3,2,2,1,14,2,2,53,0,2,404,1999,0,0,63,1,,,,,1,1,15,2,0,0,2,0,3,0,11,8,,,,,0,0,0,0,1,0,0,0,0,96,,,,,,9,,,,,,98387,53,,999,0,0,99,99,99,99,,97,,,,,,0,,,20,0,0,0,8,9,1,,,0,0,0,1,9,2,605,,,1,,,8,95,995,,,,,,,,,,,,,,,,,,,,,,,,,,,,,,0,0,1,0,0,0,1,1,1,0,0,0,0,1,0,0,0,0,0,1,0,0,0,0,0,0,0,0,0,1,0,0,0,0,0,,0,0,0,0,0,0,1,1,0,0,0,1,0,0,0,0,,,,,,10ÔÂ15ÈÕ,0-15,County road,R,Sunday,Belt Used,PV,Not Fatal,0,1,0,0,County Road,County Sheriff,Law Enforcement Support Agency,1,0,1,0,0,,,,,,99,99,99,,,,,,,,,,,,,,,,,,,,,,,,,,,,,,,,,,,
2019,124,E915971,3,04/30/2019,12:00,30,4,,53,Pierce,0,1,0,1,1,2,1,0,2,2,,,,12,0,2,23.6,1,0,1,4,1,1,3,0,0,0,0,SR-7,,-122.2995083,46.81351111,0,1,50,9,1,98,80,0,0,1,5,12,2,4,2,1,14,1,1,53,0,76,706,2014,0,0,68,12,,,,,1,1,77,1,7,,4,7,20,7,11,0,04/30/2019,12:00,53019687,19687,0,0,3,3,1,28,0,0,0,96,,,,,,0,,,,,,98387,53,70,185,6,1,0,0,0,0,,69,,,,,,0,,,20,8,0,0,0,9,8,,,0,0,0,8,0,2,1,,,1,,,2,1,0,,,,,,,,,,,,,,,,,,,,,,,,,,,,,,0,0,0,0,0,0,0,0,0,0,0,0,0,0,0,0,0,0,0,0,0,0,0,0,0,1,1,1,1,0,1,0,0,0,1,0,0,0,0,0,0,0,0,0,0,0,0,0,0,0,0,0,,,,,,76-80,76+,State route,R,Tuesday,,MC,White,0,1,1,0,State Route,State Patrol,Washington State Patrol,0,1,0,0,0,,,,,,0,0,0,,,,,,,,,,,0,0,0,1,,,,,5,0,,,,,,,,,,,,,,,
2019,179,E929760,35,06/09/2019,10:05,9,6,,53,Pierce,0,1,0,1,1,2,1,0,2,2,,,,12,0,6,0.6,2,0,3,4,2,2,4,0,0,0,0,CR-MILITARY RD S,BRESEMANN BLVD S,-122.4459639,47.12231667,0,2,69,62,4,35,80,0,0,1,5,12,1,1,2,1,1,1,1,53,0,53,706,2012,0,0,12,,,,,,1,1,22,1,7,,4,0,20,7,11,4,06/09/2019,23:03,2.23053E+11,26305,0,0,0,2,1,0,0,0,0,96,,,,,,9,,,,,,98387,53,70,150,6,1,0,1,0,3,,0,,,,,,3,09/15/2016,05/15/2019,20,8,0,0,0,9,1,,,0,0,0,1,9,2,605,695,,1,1,,2,1,0,,,,,,,,,,,,,,,,,,,,,,,,,,,,,,0,0,0,1,0,0,1,1,1,0,0,0,1,0,1,0,0,0,1,0,0,0,0,1,1,1,1,1,1,1,0,0,0,0,1,0,0,0,0,0,0,0,1,1,0,1,0,0,0,0,1,0,,,,,,21-25,16-25,County road,U,Sunday,,MC,White,1,0,0,0,County Road,County Sheriff,Law Enforcement Support Agency,0,0,1,0,0,thc,7,carboxy-thc,21,,0,0,0,,,,,,,,,,,0,0,0,1,,,,,19,0,,,,,,,,,,,,,,,