year,case,par,repjur,crash_dt,crash_tm,accday,accmon,holiday,county,co_char,city,weather,weather2,lightcond,surfcond,surftype,numfatal,nmforms,pforms,vforms,not_tm,arr_tm,hosp_tm,fhevent,hitrun,manncol,milepnt,reljunc,reljuncinter,intersectiontype,funcsystem,landuse,ownership,route,schlbus,spejur,contdev,devfunc,trafid1,trafid2,x,y,wk_zone,vnumber,crashtype,criticalevent,criticaleventcat,spdlim,body,trailer,emerg,hazcargo,leave,mhevent,roadalgn,roadprof,traflane,trafflow,vehmanvr,numoccs,regowner,regstate,spuse,make,model,modelyr,vrf1,vrf2,seqevent1,seqevent2,seqevent3,seqevent4,seqevent5,seqevent6,pnumber,ptype,age,sex,hispanic,race,injury,diedscene,restraint,restraintmisuse,seatpos,takehosp,death_dt,death_tm,cert,cernum_wa,commlic,licendor,licrestrict,liccomp,drivpres,drf1,drf2,drf3,drf4,distract1,distract2,distract3,distract4,distract5,distract6,dricond1,dricond2,dricond3,dricond4,dricond5,dricond6,dzip,licstate,drhgt_in,weight,noncdl,noncdltype,prevdwi,prevoth,prevacc,prevspd,prevsus,driviol1,driviol2,driviol3,driviol4,driviol5,driviol6,spdrel,first_dt,last_dt,airbag,ejection,ejectpath,extricat,injurwrk,methalc,methdrug,nmlocat,strikveh,prf1,prf2,prf3,druginv,alcinvol,drugsts,drugres1,drugres2,drugres3,drugtst1,drugtst2,drugtst3,alcsts,alctst,alcres,nmact1,nmact2,nmact3,nmact4,nmact5,nmact6,nmprior1,nmprior2,nmprior3,nmprior4,nmprior5,nmprior6,nmcond1,nmcond2,nmcond3,nmcond4,nmcond5,nmcond6,nmsafe_helmet,nmsafe_pads,nmsafe_oth,nmprev_ref,nmprev_lgt,nmprev_oth,crashlocation,nmcrashtype,crosswalk,schoolzone,sidewalk,train_inv,wildlife_inv,rotr_fars,intersect_fars,dd_inv,aid_inv,dpd_inv,id_inv,mj_inv,impnm_inv,ainm_inv,dpnm_inv,speed_inv,unlic_inv,unendmc_inv,drowsy_inv,drdist_inv,nmdist_inv,fty_inv,unrestfat_inv,dr1617_inv,dr1820_inv,dr1620_inv,dr2125_inv,dr1625_inv,dr65_inv,dr70_inv,dr75_inv,mc_inv,pv_inv,ht_inv,ped_inv,bike_inv,unrest_fat,mc_fat,unhelmet_mc,pv_fat,ht_fat,ped_fat,bike_fat,dr_alc7,dr_alc8,dr_drug,dr_imp,dr_dist,dr_spd,dr_fty,dr_unlic,dr_alc7only,dr_alc8only,dr_drugonly,dr_drink,nm_imp,nm_alc7,nm_alc8,nm_drug,nm_dist,agegrp1,agegrp2,roadclass,urbrur,dayweek,restuse,vehtype,race_me,intersect,lanedep,oppdir,wrongway,rep_typ,investag,repag_long,rotr,st_rd,cty_rd,city_rd,oth_rd,drug_thc,thc_res,drug_cthc,cthc_res,drug_cann,prevpersemin,prevperse,prevsusoth,drugtst4,drugtst5,drugtst6,drugtst7,drugtst8,drugres4,drugres5,drugres6,drugres7,drugres8,adspresent,adsengaged,adslevel,race1,race2,race3,race4,race5,helmet,helmetmisuse,nmdistract1,nmdistract2,nmdistract3,nmdistract4,nmdistract5,nmdistract6,lab,isedtcase,crf1,crf2,crf3,CoRoadName,CoMP,IntCoRoadName,IntCoMP
2019,188,E930330,242,06/12/2019,20:06,12,6,,53,Pierce,1770,1,0,1,1,1,1,0,1,1,,,,30,0,0,0,3,0,3,7,2,4,6,0,0,0,0,5TH ST SE,7TH ST SE,-122.2865639,47.16378611,0,1,1,13,2,25,4,0,0,1,7,1,4,1,2,1,14,1,1,53,0,30,40,2002,0,0,63,30,1,,,,1,1,34,1,1,,4,0,99,7,11,5,06/12/2019,20:47,2.23053E+11,27016,0,0,0,3,1,0,0,0,0,96,,,,,,99,,,,,,98387,53,67,150,6,1,0,0,0,0,,0,,,,,,3,,,8,0,0,1,0,9,8,,,0,0,0,8,9,2,1,,,1,,,2,1,0.17,,,,,,,,,,,,,,,,,,,,,,,,,,,,,,0,0,1,1,1,1,0,1,0,0,0,0,1,0,0,0,0,0,0,0,0,0,0,0,0,0,0,0,0,1,0,0,0,0,0,,1,0,0,0,0,1,0,1,0,1,0,0,0,1,0,1,,,,,,31-35,26-35,City street,U,Wednesday,Unknown,PV,Hispanic,0,1,0,0,City Street,Municipal/City Police,Puyallup Police Department,1,0,0,1,0,,,,,,0,0,0,,,,,,,,,,,98,98,98,1,,,,,20,7,,,,,,,,,,,,,,,
2019,201,E935214,6,06/25/2019,12:01,25,6,,37,Kittitas,0,1,0,1,1,2,1,0,1,1,,,,1,0,0,124.9,1,0,1,1,1,1,1,0,0,0,0,I-90,,-120.1863556,46.94491667,0,1,6,12,2,70,80,0,0,1,7,1,1,2,3,2,1,1,1,53,0,72,706,2016,0,0,64,1,,,,,1,1,49,1,7,,4,7,20,7,11,0,06/25/2019,12:01,53028461,28461,0,0,0,3,1,0,0,0,0,96,,,,,,99,,,,,,98387,53,69,210,6,1,0,0,0,0,,0,,,,,,0,,,20,8,0,0,0,9,8,,,0,0,0,8,9,8,95,,,96,,,8,95,995,,,,,,,,,,,,,,,,,,,,,,,,,,,,,,0,0,1,0,0,0,0,0,0,0,0,0,0,0,0,0,0,0,0,0,0,0,0,0,0,0,0,0,1,0,0,0,0,0,1,0,0,0,0,0,0,0,0,0,0,0,0,0,0,0,0,0,,,,,,46-50,46-55,Interstate,R,Tuesday,,MC,White,0,1,0,0,State Route,State Patrol,Washington State Patrol,1,1,0,0,0,,,,,,0,0,0,,,,,,,,,,,0,0,0,1,,,,,19,0,,,,,,,,,,,,,,,
2019,206,E935287,3,06/08/2019,0:33,8,6,,53,Pierce,1124,1,0,3,1,1,1,1,5,3,,,,8,0,0,124.1,1,0,1,1,2,1,1,0,0,0,0,I-5,,-122.5344694,47.13186389,0,1,13,80,5,60,34,0,0,1,5,8,1,1,4,3,1,1,2,53,0,20,481,2001,0,0,8,,,,,,1,1,25,1,0,,0,0,3,0,11,0,,,,,0,0,0,3,1,0,0,0,0,96,,,,,,0,,,,,,98387,53,71,165,6,1,0,0,1,1,,0,,,,,,0,12/15/2017,05/15/2018,20,0,0,0,8,9,8,,,0,0,0,8,0,8,95,,,96,,,8,95,995,,,,,,,,,,,,,,,,,,,,,,,,,,,,,,0,0,0,0,0,0,0,0,0,1,1,0,0,0,0,0,0,0,0,0,0,0,0,1,1,0,0,0,0,1,1,1,0,0,0,,0,0,0,0,0,0,0,0,0,0,0,0,0,0,0,0,,,,,,21-25,16-25,Interstate,U,Saturday,Belt Used,PV,Not Fatal,0,0,0,0,State Route,State Patrol,Washington State Patrol,0,1,0,0,0,,,,,,0,0,0,,,,,,,,,,,98,98,98,0,,,,,20,7,,,,,,,,,,,,,,,
2019,327,E960431,35,09/10/2019,8:38,10,9,,53,Pierce,0,1,0,1,1,2,1,0,6,4,,,,12,0,2,9.2,1,0,1,4,2,2,4,0,0,0,0,CR-CANYON RD E,,-122.3576389,47.1178,0,3,98,61,4,45,4,0,0,1,5,12,1,1,3,2,1,1,1,53,0,42,48,2019,0,0,12,,,,,,1,1,55,1,0,,1,0,3,0,11,8,,,,,0,0,0,3,1,0,0,0,0,96,,,,,,0,,,,,,98387,53,71,165,6,1,0,0,0,0,,0,,,,,,0,,,20,0,0,0,8,9,8,,,0,0,0,8,0,8,95,,,96,,,8,95,995,,,,,,,,,,,,,,,,,,,,,,,,,,,,,,0,0,0,0,1,0,1,1,1,0,0,0,0,1,0,0,0,0,0,0,0,0,0,1,1,0,0,0,0,1,0,0,0,0,0,,0,0,0,0,0,0,0,0,0,0,0,0,0,0,0,0,,,,,,51-55,46-55,County road,U,Tuesday,Belt Used,PV,Not Fatal,0,1,1,0,County Road,County Sheriff,Law Enforcement Support Agency,0,0,1,0,0,,,,,,0,0,0,,,,,,,,,,,98,98,98,0,,,,,20,7,,,,,,,,,,,,,,,
2019,327,E960431,35,09/10/2019,8:38,10,9,,53,Pierce,0,1,0,1,1,2,1,0,6,4,,,,12,0,2,9.2,1,0,1,4,2,2,4,0,0,0,0,CR-CANYON RD E,,-122.3576389,47.1178,0,4,98,61,4,45,4,0,0,1,5,12,1,1,3,2,1,1,2,53,0,52,46,2015,0,0,12,,,,,,1,1,24,2,0,,1,0,3,0,11,8,,,,,0,0,0,3,1,0,0,0,0,96,,,,,,0,,,,,,98387,53,63,155,6,1,0,0,0,0,,0,,,,,,0,,,20,0,0,0,8,9,8,,,0,0,0,8,0,8,95,,,96,,,8,95,995,,,,,,,,,,,,,,,,,,,,,,,,,,,,,,0,0,0,0,1,0,1,1,1,0,0,0,0,1,0,0,0,0,0,0,0,0,0,1,1,0,0,0,0,1,0,0,0,0,0,,0,0,0,0,0,0,0,0,0,0,0,0,0,0,0,0,,,,,,21-25,16-25,County road,U,Tuesday,Belt Used,PV,Not Fatal,0,1,1,0,County Road,County Sheriff,Law Enforcement Support Agency,0,0,1,0,0,,,,,,0,0,0,,,,,,,,,,,98,98,98,0,,,,,20,7,,,,,,,,,,,,,,,
2019,431,E991064,35,12/07/2019,20:50,7,12,,53,Pierce,0,5,0,3,2,2,1,0,2,2,,,,12,0,6,0.4,2,0,2,5,2,2,4,0,0,20,3,CR-YAKIMA AVE S,138TH ST S,-122.4426583,47.13141944,0,1,88,15,2,25,21,0,0,1,5,12,1,1,2,1,1,1,3,53,0,12,461,1996,0,0,12,,,,,,1,1,30,1,0,,9,0,99,7,11,8,,,,,0,0,3,3,1,39,0,0,0,96,,,,,,99,,,,,,98387,53,72,180,6,1,0,1,1,0,,97,,,,,,0,01/15/2015,03/15/2015,20,0,0,0,8,9,8,,,0,0,0,8,9,8,95,,,96,,,8,95,995,,,,,,,,,,,,,,,,,,,,,,,,,,,,,,0,0,0,1,0,0,0,0,0,0,0,0,0,0,0,0,0,0,0,0,0,0,0,0,0,1,0,0,0,1,0,0,0,0,0,,0,0,0,0,0,0,0,0,0,0,0,0,0,0,0,0,,,,,,26-30,26-35,County road,U,Saturday,Unknown,PV,Not Fatal,1,0,0,0,County Road,County Sheriff,Law Enforcement Support Agency,0,0,1,0,0,,,,,,0,0,1,,,,,,,,,,,0,0,0,0,,,,,20,7,,,,,,,,,,,,,,,
2020,53,EA20934,35,03/04/2020,3:35,4,3,,53,Pierce,0,10,,2,2,2,1,0,1,1,,,,42,0,0,1.3,1,0,1,3,2,2,4,0,0,0,0,CR-SPANAWAY LOOP RD S,,-122.4583667,47.10693611,0,1,1,13,2,40,4,0,0,1,5,42,3,1,5,5,14,1,1,53,0,37,32,2007,0,,63,67,42,1,,,1,1,55,1,7,,4,7,3,0,11,0,03/04/2020,3:35,53010312,10312,0,0,0,3,1,0,,,,0,,,,,,1,,,,,,98387,53,67,160,6,1,0,1,0,0,,0,,,,,,3,01/15/2019,01/15/2019,2,0,0,0,0,9,8,,,0,,,8,8,2,401,417,407,1,1,1,2,1,0,,,,,,,,,,,,,,,,,,,,,,,,,,,,,,0,0,1,0,0,0,1,1,0,0,0,0,1,0,0,0,0,0,0,0,0,0,0,0,0,0,0,0,0,1,0,0,0,0,0,,1,0,0,0,0,0,1,1,0,1,0,0,0,0,1,0,,,,,,51-55,46-55,County road,U,Wednesday,Belt Used,PV,Black,0,1,0,0,County Road,County Sheriff,Law Enforcement Support Agency,1,0,1,0,0,,,,,,0,0,0,1,,,,,402,,,,,98,98,98,2,,,,,20,7,,,,,,,,1,0,,,SPANAWAY LOOP RD S,1.32,,
2020,204,EA43739,35,06/18/2020,2:45,18,6,,53,Pierce,0,1,,2,1,2,2,0,2,1,,,,1,0,0,7.1,1,0,1,4,2,2,4,0,0,0,0,CR-72ND ST E,,-122.3492917,47.19172778,0,1,1,13,2,35,2,0,0,1,5,1,3,2,4,1,14,2,2,53,0,37,31,1994,0,,63,1,42,,,,1,1,19,1,7,,4,7,3,0,11,0,06/18/2020,2:45,53028079,28079,0,0,0,0,1,8,23,,,96,,,,,,98,,,,,,98387,53,74,140,0,0,0,4,0,5,,0,,,,,,3,11/15/2017,04/15/2019,20,0,0,0,0,9,8,,,0,,,8,8,2,1,,,1,,,2,1,0.21,,,,,,,,,,,,,,,,,,,,,,,,,,,,,,0,0,1,0,1,1,0,1,0,0,0,0,1,1,0,0,0,0,0,0,0,1,1,0,1,0,0,0,0,1,0,0,0,0,0,,1,0,0,0,0,1,0,1,0,1,0,1,0,1,0,1,,,,,,18-20,16-25,County road,U,Thursday,Belt Used,PV,White,0,1,0,0,County Road,County Sheriff,Law Enforcement Support Agency,1,0,1,0,0,,,,,,0,0,2,,,,,,,,,,,0,0,0,1,,,,,20,7,,,,,,,,1,0,,,072 ST E,7.06,,
2020,317,EA60275,3,08/18/2020,14:47,18,8,,53,Pierce,0,1,,1,1,2,1,0,4,3,,,,12,0,6,18.3,8,0,1,3,2,1,3,0,0,0,0,SR-161,,-122.2947667,47.05485278,0,2,98,98,7,40,34,0,0,1,2,12,1,1,5,5,1,2,1,53,0,23,481,2003,0,,12,,,,,,1,1,49,1,0,,0,0,3,0,11,0,,,,,0,0,0,3,1,0,,,,96,,,,,,0,,,,,,98387,53,68,310,6,1,0,1,1,1,,0,,,,,,0,04/15/2018,04/15/2018,20,0,0,0,8,9,8,,,0,,,8,8,0,0,,,0,,,0,0,996,,,,,,,,,,,,,,,,,,,,,,,,,,,,,,0,0,0,0,0,0,0,0,0,0,0,0,0,0,0,0,0,0,1,0,0,0,0,0,0,1,1,1,0,1,0,0,0,0,0,,0,0,0,0,0,0,0,0,0,0,0,0,0,0,0,0,,,,,,46-50,46-55,State route,U,Tuesday,Belt Used,PV,Not Fatal,0,0,0,0,State Route,State Patrol,Washington State Patrol,0,1,0,0,0,,,,,,0,0,1,,,,,,,,,,,98,98,98,0,,,,,20,7,,,,,,,,1,0,,,,,,
2020,350,EA63827,3,08/19/2020,15:16,19,8,,53,Pierce,0,10,,1,1,2,1,0,6,4,15:14,15:24,16:02,12,0,2,47,1,0,1,3,2,1,3,0,0,0,0,SR-7,,-122.4300917,47.07997222,0,3,98,98,7,40,4,0,0,1,2,12,1,1,5,5,1,1,1,53,0,48,34,1993,0,,12,,,,,,1,1,76,2,0,,0,0,3,0,11,0,,,,,0,0,3,3,1,0,,,,96,,,,,,98,,,,,,98387,53,60,145,6,1,0,0,0,0,,0,,,,,,0,,,20,0,0,0,8,9,8,,,0,,,8,8,8,95,,,96,,,8,95,995,,,,,,,,,,,,,,,,,,,,,,,,,,,,,,0,0,0,0,1,0,1,1,1,0,0,0,0,1,0,0,0,0,0,0,0,0,0,0,0,1,1,1,0,1,0,0,0,0,0,,0,0,0,0,0,0,0,0,0,0,0,0,0,0,0,0,,,,,,76-80,76+,State route,U,Wednesday,Belt Used,PV,Not Fatal,0,1,1,0,State Route,State Patrol,Washington State Patrol,0,1,0,0,0,,,,,,0,0,0,,,,,,,,,,,0,0,0,0,,,,,20,7,,,,,,,,1,0,,,,,,
2020,427,EA77202,290,11/03/2020,0:13,3,11,,53,Pierce,2230,1,,3,1,2,1,0,1,3,,,,14,0,0,0,1,0,1,5,2,4,6,0,0,0,0,S SHERIDAN AVE,,-122.4525389,47.18670833,1,1,98,13,2,30,4,0,0,1,2,14,1,1,2,1,1,1,3,53,0,35,47,2018,0,,63,14,69,68,64,14,1,1,27,2,7,,4,7,20,7,11,0,11/03/2020,0:13,2.23053E+11,51201,0,0,0,2,1,0,,,,96,,,,,,98,,,,,,98387,53,66,130,1,1,0,0,0,0,,0,,,,,,4,,,8,0,0,0,0,9,8,,,0,,,8,8,8,95,,,96,,,8,95,995,,,,,,,,,,,,,,,,,,,,,,,,,,,,,,0,0,0,0,0,0,0,0,0,0,0,0,1,1,0,0,0,0,0,1,0,0,0,0,0,0,0,0,0,1,0,0,0,1,0,,1,0,0,0,0,0,0,0,0,1,0,1,0,0,0,0,,,,,,26-30,26-35,City street,U,Tuesday,Not Used,PV,Multiracial,0,1,0,0,City Street,Municipal/City Police,Tacoma Police Department,1,0,0,1,0,,,,,,0,0,0,,,,,,,,,,,98,98,98,201,202,,,,20,7,,,,,,,,1,0,,,,,,
2021,11,EA98449,3,01/02/2021,12:29,2,1,,53,Pierce,0,2,,1,2,2,2,0,4,2,,,,12,0,6,5.3,2,0,2,4,1,1,3,0,0,4,3,SR-702,8TH AVE,-122.4423944,46.93731667,0,2,86,66,4,55,67,1,0,1,2,12,1,2,2,1,1,2,2,53,0,12,880,2006,0,,12,,,,,,1,1,31,1,0,,0,0,3,0,11,0,,,,,0,0,0,3,1,0,,,,0,,,,,,98,,,,,,98387,53,73,285,6,1,0,1,1,0,,0,,,,,,0,06/15/2016,06/15/2016,20,0,0,0,8,9,8,,,0,,,8,8,8,95,,,96,,,8,95,995,,,,,,,,,,,,,,,,,,,,,,,,,,,,,,0,0,0,1,0,0,1,1,1,0,0,0,0,1,0,0,0,0,1,1,0,0,0,0,0,0,0,0,0,1,1,0,0,0,0,,0,0,0,0,0,0,0,0,0,0,0,0,0,0,0,0,,,,,,31-35,26-35,State route,R,Saturday,,MHTRUCK,Not Fatal,1,0,0,0,State Route,State Patrol,Washington State Patrol,0,1,0,0,0,,,,,,0,0,1,,,,,,,,,,,98,98,98,0,,,,,20,,,,,,,,,1,0,,,,,,
2021,26,EB01130,5,01/25/2021,7:56,25,1,,41,Lewis,0,4,,4,10,2,2,0,3,2,,,,12,0,6,9,1,0,1,4,1,1,3,0,0,0,0,SR-7,,-122.2000278,46.66132778,0,2,66,62,4,55,34,0,0,1,2,12,1,1,2,1,1,1,1,53,0,35,481,2011,0,,12,,,,,,1,1,55,1,0,,3,0,20,7,11,0,,,,,0,0,0,3,1,0,,,,96,,,,,,98,,,,,,98387,53,73,240,6,1,0,0,0,0,,0,,,,,,0,,,8,0,0,0,8,9,8,,,0,,,8,8,2,1,,,1,,,2,1,0,,,,,,,,,,,,,,,,,,,,,,,,,,,,,,0,0,0,0,0,0,1,1,1,0,0,0,1,0,0,0,0,0,0,1,0,0,0,1,1,0,0,0,0,1,0,0,0,0,0,,0,0,0,0,0,0,0,0,0,0,0,0,0,0,0,0,,,,,,51-55,46-55,State route,R,Monday,Not Used,PV,Not Fatal,0,1,1,0,State Route,State Patrol,Washington State Patrol,0,1,0,0,0,,,,,,0,0,0,,,,,,,,,,,98,98,98,0,,,,,20,,,,,,,,,1,0,,,,,,
2021,123,EB26803,3,04/25/2021,20:49,25,4,,53,Pierce,0,10,,5,1,2,1,0,2,2,,,,12,0,11,41.4,1,0,1,3,1,1,3,0,0,0,0,SR-7,,-122.3691556,47.01238333,0,1,98,8,1,55,4,0,0,1,2,12,1,1,2,1,6,1,1,53,0,37,31,1996,0,,68,12,,,,,1,1,30,1,0,,2,0,3,0,11,0,,,,,0,0,0,2,1,28,35,,,96,,,,,,9,,,,,,98387,53,69,130,6,1,0,0,0,0,,1,,,,,,4,,,20,0,0,0,8,9,8,,,0,,,1,8,8,95,,,96,,,8,95,995,,,,,,,,,,,,,,,,,,,,,,,,,,,,,,0,0,0,0,0,0,1,1,1,0,0,0,1,0,0,0,0,0,0,0,0,0,0,0,0,0,0,0,1,1,0,0,0,0,0,,0,0,0,0,0,0,0,0,0,1,0,0,0,0,0,0,,,,,,26-30,26-35,State route,R,Sunday,Belt Used,PV,Not Fatal,0,1,1,0,State Route,State Patrol,Washington State Patrol,0,1,0,0,0,,,,,,0,0,0,,,,,,,,,,,0,0,0,0,,,,,20,,,,,,,,,1,0,,,,,,
2021,161,EB35140,278,05/29/2021,23:41,29,5,,63,Spokane,2110,1,,3,1,2,2,0,5,3,,,,12,0,6,273.3,1,0,1,3,2,1,2,0,0,0,0,US-2,,-117.5159528,47.64308889,0,3,98,62,4,55,14,0,0,1,2,12,1,1,4,1,1,2,1,53,0,52,402,2011,0,,12,,,,,,1,1,65,1,0,,2,0,3,0,11,5,,,,,0,0,0,3,1,0,,,,96,,,,,,98,,,,,,98387,53,62,186,6,1,0,0,0,0,,0,,,,,,0,,,8,0,0,0,8,9,8,,,0,,,8,8,0,0,,,0,,,0,0,996,,,,,,,,,,,,,,,,,,,,,,,,,,,,,,0,0,0,0,0,0,0,0,0,0,0,0,0,0,0,0,1,0,0,1,0,0,0,0,0,1,0,0,0,1,0,0,0,0,0,,0,0,0,0,0,0,0,0,0,0,0,0,0,0,0,0,,,,,,61-65,56-65,US highway,U,Saturday,Belt Used,PV,Not Fatal,0,1,1,0,State Route,Municipal/City Police,Spokane Police Department,0,1,0,0,0,,,,,,0,0,0,,,,,,,,,,,98,98,98,0,,,,,20,,,,,,,,,1,0,,,,,,
2021,337,EB64590,127,09/02/2021,18:47,2,9,,33,King,735,1,,1,1,1,1,0,2,2,,,,12,0,6,0,2,0,3,4,2,4,6,0,0,0,0,SW 320TH ST,43rd Pl SW,-122.3882,47.31517778,0,2,69,62,4,35,2,0,0,1,2,12,1,1,5,5,1,1,1,53,0,37,31,1994,0,,12,,,,,,1,1,27,1,7,,4,7,20,7,11,0,09/02/2021,18:47,73553046545,46545,0,0,0,3,1,0,,,,96,,,,,,98,,,,,,98387,53,66,260,6,1,0,1,1,0,,0,,,,,,0,07/15/2017,09/15/2018,9,0,0,0,0,9,8,,,0,,,8,8,2,1,,,1,,,2,1,0,,,,,,,,,,,,,,,,,,,,,,,,,,,,,,0,0,0,1,0,0,0,0,0,0,0,0,0,1,0,0,0,0,0,1,0,0,0,1,1,0,0,0,0,1,1,0,0,1,0,,1,0,0,0,0,0,0,0,0,0,0,0,0,0,0,0,,,,,,26-30,26-35,City street,U,Thursday,Not Used,PV,API,1,0,0,0,City Street,Municipal/City Police,Federal Way Dept of Public Safety,0,0,0,1,0,,,,,,0,0,0,,,,,,,,,,,0,0,0,38,,,,,20,,,,,,,,,1,0,,,,,,
2021,385,EB73636,29,09/25/2021,9:43,25,9,,41,Lewis,0,1,,1,1,2,1,0,2,2,,,,12,0,2,,1,0,1,5,1,2,4,0,0,0,0,CR-TUCKER RD,,-122.7658083,46.496125,0,1,50,10,2,40,80,0,0,1,5,12,2,2,2,1,14,1,1,53,0,73,705,2014,0,,68,12,,,,,1,1,26,1,7,,4,7,20,7,11,0,09/25/2021,9:43,53050042,50042,0,0,0,3,1,28,,,,96,,,,,,98,,,,,,98387,53,61,195,6,1,0,0,0,0,,0,,,,,,4,,,20,8,0,0,0,9,8,,,0,,,8,8,2,1,,,1,,,2,1,0,,,,,,,,,,,,,,,,,,,,,,,,,,,,,,0,0,0,0,0,0,0,0,0,0,0,0,1,0,0,0,0,0,0,0,0,0,0,0,0,0,0,0,1,1,0,0,0,0,1,0,0,0,0,0,0,0,0,0,0,1,0,0,0,0,0,0,,,,,,26-30,26-35,County road,R,Saturday,,MC,White,0,1,1,0,County Road,County Sheriff,Lewis County Sheriff's Office,0,0,1,0,0,,,,,,0,0,0,,,,,,,,,,,0,0,0,1,,,,,5,,,,,,,,,1,0,,,TUCKER RD,3.047,NULL,
2021,444,EB78476,3,10/11/2021,5:41,11,10,,53,Pierce,0,10,,3,2,2,1,0,2,2,,,,12,0,2,51.9,3,0,3,3,2,1,3,0,0,0,0,SR-7,118TH ST S,-122.434325,47.14967778,0,2,51,62,4,35,14,0,0,1,2,12,1,2,5,5,1,1,0,53,0,51,401,2020,0,,12,,,,,,1,1,55,2,0,,1,0,3,0,11,0,,,,,0,0,0,3,1,0,,,,96,,,,,,98,,,,,,98387,53,64,170,6,1,0,0,0,0,,0,,,,,,0,,,8,0,0,0,8,9,8,,,0,,,8,8,0,0,,,0,,,0,0,996,,,,,,,,,,,,,,,,,,,,,,,,,,,,,,0,0,0,1,1,1,0,1,0,0,0,0,0,0,0,0,0,0,0,1,0,0,0,0,0,0,0,0,0,1,0,0,0,0,0,,0,0,0,0,0,0,0,0,0,0,0,0,0,0,0,0,,,,,,51-55,46-55,State route,U,Monday,Belt Used,PV,Not Fatal,0,1,1,0,State Route,State Patrol,Washington State Patrol,0,1,0,0,0,,,,,,0,0,0,,,,,,,,,,,98,98,98,0,,,,,20,,,,,,,,,1,0,,,,,,
2021,594,EB84557,35,10/31/2021,4:09,31,10,,53,Pierce,0,1,,2,1,1,1,0,1,1,,,,18,0,0,2.3,1,0,1,5,2,2,4,0,0,0,0,CR-MATHIAS RD E,,-122.3424389,47.04239722,0,1,12,90,6,35,80,0,0,1,2,18,1,1,2,1,1,1,2,53,0,37,706,2001,0,,18,,,,,,1,1,38,1,7,,4,0,20,7,11,5,11/08/2021,7:44,2.23053E+11,57919,0,0,0,2,1,0,,,,96,,,,,,98,,,,,,98387,53,73,320,1,1,0,5,1,6,,0,,,,,,3,08/15/2018,10/15/2021,20,8,0,0,0,9,8,,,0,,,8,8,0,0,,,0,,,0,0,996,,,,,,,,,,,,,,,,,,,,,,,,,,,,,,0,0,0,0,0,0,0,0,0,0,0,0,1,1,1,0,0,0,0,0,0,0,0,0,0,0,0,0,1,0,0,0,0,0,1,0,0,0,0,0,0,0,0,0,0,1,0,1,0,0,0,0,,,,,,36-40,36-45,County road,U,Sunday,,MC,White,0,0,0,0,County Road,County Sheriff,Law Enforcement Support Agency,0,0,1,0,0,,,,,,0,0,6,,,,,,,,,,,0,0,0,1,,,,,19,,,,,,,,,1,0,,,MATHIAS RD E,2.28,066 AVE CT E,0
2021,455,EB87134,3,11/08/2021,17:42,8,11,,53,Pierce,2210,1,,2,1,2,1,0,6,3,,,,12,0,1,8.9,1,0,1,2,2,1,3,0,0,0,0,SR-167,,-122.2476583,47.20745833,0,1,24,51,3,60,14,0,0,1,2,12,1,1,2,3,1,2,1,53,0,18,405,2020,0,,12,,,,,,1,1,69,2,0,,3,0,3,0,11,0,,,,,0,0,0,3,1,6,,,,96,,,,,,9,,,,,,98387,53,63,170,6,1,0,0,0,0,,9,,,,,,0,,,8,0,0,0,8,9,8,,,0,,,8,1,8,95,,,96,,,2,1,997,,,,,,,,,,,,,,,,,,,,,,,,,,,,,,0,0,0,0,1,0,0,0,0,0,0,0,0,0,0,0,0,0,0,0,0,0,0,1,1,1,0,0,0,1,0,0,0,0,0,,0,0,0,0,0,0,0,0,0,0,0,0,0,0,0,1,,,,,,66-70,66-75,State route,U,Monday,Belt Used,PV,Not Fatal,0,0,0,0,State Route,State Patrol,Washington State Patrol,0,1,0,0,0,,,,,,0,0,0,,,,,,,,,,,98,98,98,0,,,,,20,,,,,,,,,1,0,,,,,,
2021,531,EB91021,35,11/15/2021,20:45,15,11,,53,Pierce,0,1,,2,2,2,1,0,2,2,,,,12,0,7,0.3,1,0,1,4,2,2,4,0,0,0,0,CR-260TH ST E,,-122.3641583,47.02024722,0,2,48,53,3,35,80,0,0,1,5,12,1,1,2,1,2,1,1,53,0,72,706,2005,0,,12,,,,,,1,1,37,1,7,,4,0,20,7,11,5,11/17/2021,14:12,2.23053E+11,60578,0,0,0,2,1,0,,,,96,,,,,,0,,,,,,98387,53,71,230,1,1,0,0,0,0,,0,,,,,,0,,,20,8,0,0,0,9,8,,,0,,,8,8,2,1,,,1,,,2,1,0,,,,,,,,,,,,,,,,,,,,,,,,,,,,,,0,0,0,0,0,0,0,0,0,0,0,0,1,1,1,0,0,0,0,0,1,0,1,0,1,0,0,0,1,1,0,0,0,0,1,0,0,0,0,0,0,0,0,0,0,0,0,1,0,0,0,0,,,,,,36-40,36-45,County road,U,Monday,,MC,White,0,0,0,0,County Road,County Sheriff,Law Enforcement Support Agency,0,0,1,0,0,,,,,,0,0,0,,,,,,,,,,,0,0,0,1,,,,,5,,,,,,,,,1,0,,,260 ST E,0.25,NULL,