year,case,par,repjur,crash_dt,crash_tm,accday,accmon,holiday,county,co_char,city,weather,weather2,lightcond,surfcond,surftype,numfatal,nmforms,pforms,vforms,not_tm,arr_tm,hosp_tm,fhevent,hitrun,manncol,milepnt,reljunc,reljuncinter,intersectiontype,funcsystem,landuse,ownership,route,schlbus,spejur,contdev,devfunc,trafid1,trafid2,x,y,wk_zone,vnumber,crashtype,criticalevent,criticaleventcat,spdlim,body,trailer,emerg,hazcargo,leave,mhevent,roadalgn,roadprof,traflane,trafflow,vehmanvr,numoccs,regowner,regstate,spuse,make,model,modelyr,vrf1,vrf2,seqevent1,seqevent2,seqevent3,seqevent4,seqevent5,seqevent6,pnumber,ptype,age,sex,hispanic,race,injury,diedscene,restraint,restraintmisuse,seatpos,takehosp,death_dt,death_tm,cert,cernum_wa,commlic,licendor,licrestrict,liccomp,drivpres,drf1,drf2,drf3,drf4,distract1,distract2,distract3,distract4,distract5,distract6,dricond1,dricond2,dricond3,dricond4,dricond5,dricond6,dzip,licstate,drhgt_in,weight,noncdl,noncdltype,prevdwi,prevoth,prevacc,prevspd,prevsus,driviol1,driviol2,driviol3,driviol4,driviol5,driviol6,spdrel,first_dt,last_dt,airbag,ejection,ejectpath,extricat,injurwrk,methalc,methdrug,nmlocat,strikveh,prf1,prf2,prf3,druginv,alcinvol,drugsts,drugres1,drugres2,drugres3,drugtst1,drugtst2,drugtst3,alcsts,alctst,alcres,nmact1,nmact2,nmact3,nmact4,nmact5,nmact6,nmprior1,nmprior2,nmprior3,nmprior4,nmprior5,nmprior6,nmcond1,nmcond2,nmcond3,nmcond4,nmcond5,nmcond6,nmsafe_helmet,nmsafe_pads,nmsafe_oth,nmprev_ref,nmprev_lgt,nmprev_oth,crashlocation,nmcrashtype,crosswalk,schoolzone,sidewalk,train_inv,wildlife_inv,rotr_fars,intersect_fars,dd_inv,aid_inv,dpd_inv,id_inv,mj_inv,impnm_inv,ainm_inv,dpnm_inv,speed_inv,unlic_inv,unendmc_inv,drowsy_inv,drdist_inv,nmdist_inv,fty_inv,unrestfat_inv,dr1617_inv,dr1820_inv,dr1620_inv,dr2125_inv,dr1625_inv,dr65_inv,dr70_inv,dr75_inv,mc_inv,pv_inv,ht_inv,ped_inv,bike_inv,unrest_fat,mc_fat,unhelmet_mc,pv_fat,ht_fat,ped_fat,bike_fat,dr_alc7,dr_alc8,dr_drug,dr_imp,dr_dist,dr_spd,dr_fty,dr_unlic,dr_alc7only,dr_alc8only,dr_drugonly,dr_drink,nm_imp,nm_alc7,nm_alc8,nm_drug,nm_dist,agegrp1,agegrp2,roadclass,urbrur,dayweek,restuse,vehtype,race_me,intersect,lanedep,oppdir,wrongway,rep_typ,investag,repag_long,rotr,st_rd,cty_rd,city_rd,oth_rd,drug_thc,thc_res,drug_cthc,cthc_res,drug_cann,prevpersemin,prevperse,prevsusoth,drugtst4,drugtst5,drugtst6,drugtst7,drugtst8,drugres4,drugres5,drugres6,drugres7,drugres8,adspresent,adsengaged,adslevel,race1,race2,race3,race4,race5,helmet,helmetmisuse,nmdistract1,nmdistract2,nmdistract3,nmdistract4,nmdistract5,nmdistract6,lab,isedtcase,crf1,crf2,crf3,CoRoadName,CoMP,IntCoRoadName,IntCoMP
2021,611,EB97658,130,11/28/2021,6:18,28,11,,53,Pierce,750,1,,3,2,2,1,1,2,2,,,,14,0,0,0,1,0,1,5,2,4,6,0,0,0,0,CLAREMONT ST,,-122.5146472,47.22463611,0,1,11,98,7,25,6,0,0,1,2,14,1,1,2,1,1,2,1,53,0,7,21,2007,0,,14,8,,,,,1,1,24,8,0,,3,0,99,7,11,4,,,,,0,0,0,2,1,0,,,,96,,,,,,9,,,,,,98387,53,63,160,1,1,1,2,1,5,,97,,,,,,4,05/15/2018,12/15/2021,1,0,0,0,8,9,8,,,0,,,8,1,2,1,,,1,,,2,1,0.16,,,,,,,,,,,,,,,,,,,,,,,,,,,,,,0,0,0,0,1,1,0,1,0,0,0,0,1,1,0,0,0,0,0,0,0,0,0,1,1,0,0,0,0,1,0,1,0,0,0,,0,0,0,0,0,1,0,1,0,1,0,1,0,1,0,1,,,,,,21-25,16-25,City street,U,Sunday,Unknown,PV,Not Fatal,0,1,0,0,City Street,Municipal/City Police,Fircrest Police Department,1,0,0,1,0,,,,,,0,1,1,,,,,,,,,,,98,98,98,0,,,,,20,,,,,,,,,1,15,,,,,,
2018,29,E764929,290,01/27/2018,14:52,27,1,0,53,Pierce,2230,2,0,1,2,2,1,0,4,3,15:03,15:03,15:28,12,0,98,0.4,1,0,1,3,2,1,3,0,3,0,0,SR-167,,-122.3985194,47.23922778,0,3,98,62,4,35,6,0,0,1,5,12,2,2,2,2,14,2,1,53,0,48,45,2004,0,0,12,,,,,,1,1,62,2,0,0,0,0,3,0,11,0,,,,,0,0,0,3,1,0,0,0,0,96,,,,,,0,,,,,,98388,53,63,170,6,1,0,0,0,0,,0,,,,,,0,,,20,0,0,0,8,9,8,,,0,0,0,8,0,8,95,,,96,,,8,95,995,,,,,,,,,,,,,,,,,,,,,,,,,,,,,,0,0,0,0,0,0,1,1,0,0,0,0,0,0,0,0,1,0,0,0,0,0,0,1,1,0,0,0,0,1,0,0,0,0,0,,0,0,0,0,0,0,0,0,0,0,0,0,0,0,0,0,,,,,,61-65,56-65,State route,U,Saturday,Belt Used,PV,Not Fatal,0,1,1,0,State Route,Municipal/City Police,Tacoma Police Department,0,1,0,0,0,,,,,,0,0,0,,,,,,,,,,,,,,,,,,,,,,,,,,,,,,,,,,,
2018,505,E812564,173,06/21/2018,15:55,21,6,0,53,Pierce,1124,1,0,1,1,2,1,0,6,5,,,,12,0,6,0,2,0,2,3,2,4,6,0,0,3,3,LAKEWOOD DR SW,STEILACOOM BLVD SW,-122.5078278,47.17651389,0,2,86,66,4,35,34,0,0,1,5,12,1,1,4,1,1,2,1,53,0,23,481,2008,0,0,12,,,,,,1,1,23,1,0,0,0,0,3,0,11,0,,,,,0,0,3,3,1,0,0,0,0,96,,,,,,0,,,,,,98388,53,74,192,6,1,0,5,0,1,,0,,,,,,0,03/15/2015,02/15/2018,1,0,0,0,8,9,8,,,0,0,0,8,0,8,95,,,96,,,8,95,995,,,,,,,,,,,,,,,,,,,,,,,,,,,,,,0,0,0,1,0,0,1,1,0,0,0,0,1,0,0,0,0,0,0,0,0,0,0,1,1,1,0,0,0,1,0,0,0,0,0,,0,0,0,0,0,0,0,0,0,0,0,0,0,0,0,0,,,,,,21-25,16-25,City street,U,Thursday,Belt Used,PV,Not Fatal,1,0,0,0,City Street,Municipal/City Police,Lakewood Police Department,0,0,0,1,0,,,,,,0,0,0,,,,,,,,,,,,,,,,,,,,,,,,,,,,,,,,,,,
2020,214,EA44784,2,07/01/2020,20:22,1,7,,73,Whatcom,740,10,,5,8,1,1,0,3,2,,,,12,0,2,261,1,0,1,1,2,1,1,0,0,0,0,I-5,,-122.5583417,48.82795833,0,1,52,54,3,70,4,0,0,1,2,12,1,1,2,2,1,2,2,53,0,59,34,1998,0,,12,,,,,,1,1,75,1,0,,3,0,3,0,11,5,,,,,8,0,0,3,1,51,,,,96,,,,,,9,,,,,,98388,53,70,230,6,1,0,2,2,0,,1,12,,,,,0,08/15/2019,06/15/2019,1,0,0,0,8,3,8,,,0,,,1,1,2,1,,,1,,,2,1,0.13,,,,,,,,,,,,,,,,,,,,,,,,,,,,,,0,0,0,0,1,1,0,1,0,0,0,0,0,0,0,0,0,0,0,0,0,1,1,0,1,1,1,1,0,1,0,0,0,0,0,,0,0,0,0,0,1,0,1,0,0,0,0,0,1,0,1,,,,,,71-75,66-75,Interstate,U,Wednesday,Belt Used,PV,Not Fatal,0,0,0,1,State Route,State Patrol,Washington State Patrol,0,1,0,0,0,,,,,,0,0,0,,,,,,,,,,,0,0,0,0,,,,,20,7,,,,,,,,1,0,,,,,,
2017,76,E647658,242,03/01/2017,16:46,1,3,0,53,Pierce,1770,1,0,1,1,2,1,0,4,3,,,,12,0,6,0,2,0,2,4,2,4,6,0,0,0,0,4TH ST NW,5TH AVE NW,-122.2984111,47.19540278,0,1,68,15,2,30,34,0,0,1,2,12,1,1,2,1,11,1,2,53,0,12,481,1999,0,0,68,12,,,,,1,1,25,1,0,0,0,0,3,0,11,0,,,,,0,0,0,3,1,38,0,0,0,1,,,,,,0,,,,,,98390,53,74,280,6,1,0,0,0,0,0,97,,,,,,0,,,1,0,0,0,8,9,8,,,0,0,0,8,0,0,0,0,0,0,0,0,0,0,996,,,,,,,,,,,,,,,,,,,,,,,,,,,,,,0,0,0,1,0,0,0,0,0,0,0,0,0,0,0,0,1,0,1,0,0,0,0,1,1,1,1,0,0,1,0,0,0,0,0,,0,0,0,0,0,0,0,0,1,0,1,0,0,0,0,0,,,,,,21-25,16-25,City street,U,Wednesday,Belt Used,PV,Not Fatal,1,0,0,0,City Street,Municipal/City Police,Puyallup Police Department,0,0,0,1,0,,,,,,,,,,,,,,,,,,,,,,,,,,,,,,,,,,,,,,,,,,,
2017,340,E711224,3,08/31/2017,16:14,31,8,0,53,Pierce,1124,1,0,1,1,2,1,0,8,6,,,,12,0,1,0.5,17,1,1,3,2,1,3,0,0,0,0,SR-512,,-122.4679194,47.16010556,0,1,20,50,3,60,66,1,0,1,2,12,1,1,4,3,15,1,1,41,0,85,881,2006,0,0,12,12,,,,,1,1,42,1,0,0,0,0,3,0,11,0,,,,,6,1,0,3,1,0,0,0,0,12,,,,,,0,,,,,,98390,53,72,360,6,1,0,2,0,0,0,97,,,,,,3,12/15/2012,02/15/2013,20,0,0,0,8,9,8,,,0,0,0,8,0,2,1,0,0,1,0,0,2,1,0,,,,,,,,,,,,,,,,,,,,,,,,,,,,,,0,0,0,0,0,0,0,0,0,0,0,0,1,1,0,0,1,0,0,0,0,0,0,0,0,0,0,0,1,1,1,0,0,0,0,,0,0,0,0,0,0,0,0,1,1,0,0,0,0,0,0,,,,,,41-45,36-45,State route,U,Thursday,,MHTRUCK,Not Fatal,0,0,0,0,State Route,State Patrol,Washington State Patrol Headquarter,0,1,0,0,0,,,,,,,,,,,,,,,,,,,,,,,,,,,,,,,,,,,,,,,,,,,
2018,454,E871120,7,12/11/2018,20:30,11,12,0,53,Pierce,1770,10,0,3,2,2,1,1,1,1,,,,8,0,0,5.1,1,0,1,3,2,1,3,0,3,0,0,SR-167,,-122.3147583,47.20486389,0,1,13,80,5,45,34,0,0,1,7,8,2,1,3,5,14,1,1,53,0,35,481,2008,0,0,8,,,,,,1,1,43,1,0,0,0,0,3,0,11,0,,,,,0,0,0,3,1,0,0,0,0,96,,,,,,0,,,,,,98390,53,71,190,6,1,0,0,0,0,,0,,,,,,0,,,20,0,0,1,8,5,8,,,0,0,0,8,1,2,1,,,1,,,2,1,0,,,,,,,,,,,,,,,,,,,,,,,,,,,,,,0,0,0,0,1,0,0,0,0,1,0,1,0,0,0,0,0,1,0,0,0,0,0,0,0,0,0,0,0,1,0,1,0,0,0,,0,0,0,0,0,0,0,0,0,0,0,0,0,0,0,1,,,,,,41-45,36-45,State route,U,Tuesday,Belt Used,PV,Not Fatal,0,0,0,0,State Route,Municipal/City Police,Puyallup Police Department,0,1,0,0,0,,,,,,0,0,0,,,,,,,,,,,,,,,,,,,,,,,,,,,,,,,,,,,
2019,507,E960349,35,09/14/2019,19:30,14,9,,53,Pierce,0,2,0,2,2,2,1,0,1,1,,,,1,0,0,0.3,1,0,1,7,2,2,4,0,0,0,0,CR-HOUSTON RD E,,-122.2546989,47.2008695,0,1,1,13,2,35,80,0,0,1,2,1,3,1,2,1,14,1,1,53,0,72,706,2014,0,0,63,1,,,,,1,1,63,1,7,,4,0,20,7,11,8,10/01/2019,4:50,2.23053E+11,44535,0,0,0,0,1,0,0,0,0,96,,,,,,9,,,,,,98390,53,70,160,0,0,0,0,0,0,,0,,,,,,0,,,20,8,0,0,0,1,8,,,0,0,0,8,1,8,95,,,96,,,2,1,0.1,,,,,,,,,,,,,,,,,,,,,,,,,,,,,,0,0,1,0,1,1,0,1,0,0,0,0,0,1,1,0,0,0,0,0,0,0,0,0,0,0,0,0,1,0,0,0,0,0,1,0,0,0,0,0,0,1,0,1,0,0,0,1,0,1,0,1,,,,,,61-65,56-65,County road,U,Saturday,,MC,White,0,1,0,0,County Road,County Sheriff,Law Enforcement Support Agency,1,0,1,0,0,,,,,,0,0,0,,,,,,,,,,,0,0,0,1,,,,,19,0,,,,,,,,,,,,,,,
2020,483,EA88463,288,11/05/2020,16:36,5,11,,53,Pierce,2210,2,,1,2,2,1,0,2,2,16:35,16:45,17:45,12,0,2,9999.8,1,0,1,4,2,4,6,0,0,0,0,E VALLEY HWY E,,-122.2269194,47.22680833,0,1,50,10,2,35,4,0,0,1,2,12,3,1,2,1,14,1,1,53,0,20,37,2004,0,,68,12,,,,,1,1,51,2,7,,4,0,99,7,11,5,11/10/2020,14:28,2.23053E+11,52650,0,0,0,3,1,28,58,,,92,,,,,,98,,,,,,98390,53,67,160,6,1,0,0,0,0,,0,,,,,,0,,,20,0,0,1,0,9,8,,,0,,,8,8,2,1,,,1,,,2,1,0,,,,,,,,,,,,,,,,,,,,,,,,,,,,,,0,0,0,0,0,0,0,0,0,0,0,0,0,0,0,0,1,0,0,0,0,0,0,0,0,0,0,0,0,1,0,0,0,0,0,,1,0,0,0,0,0,0,0,1,0,0,0,0,0,0,0,,,,,,51-55,46-55,City street,U,Thursday,Unknown,PV,White,0,1,1,0,City Street,Municipal/City Police,Sumner Police Department,0,0,0,1,0,,,,,,0,0,0,,,,,,,,,,,98,98,98,1,,,,,20,7,,,,,,,,1,0,,,,,,
2021,194,EB42907,7,06/18/2021,19:32,18,6,,33,King,1960,1,,1,1,2,1,1,1,1,,,,8,0,0,34.3,1,0,1,2,2,1,3,0,0,0,0,SR-509,,-122.3334889,47.52488056,0,1,13,80,5,60,4,0,0,1,5,8,1,1,3,3,1,1,1,53,0,37,32,2010,0,,8,,,,,,1,1,33,1,0,,0,0,3,0,11,0,,,,,6,0,3,3,1,0,,,,96,,,,,,98,,,,,,98390,53,71,230,6,1,0,1,1,0,,0,,,,,,0,12/15/2019,12/15/2019,20,0,0,0,8,9,8,,,0,,,8,8,0,0,,,0,,,0,0,996,,,,,,,,,,,,,,,,,,,,,,,,,,,,,,0,0,0,0,0,0,0,0,0,1,0,1,0,0,0,0,0,0,0,0,0,0,0,0,0,0,0,0,0,1,0,1,0,0,0,,0,0,0,0,0,0,0,0,0,0,0,0,0,0,0,0,,,,,,31-35,26-35,State route,U,Friday,Belt Used,PV,Not Fatal,0,0,0,0,State Route,State Patrol,Washington State Patrol,0,1,0,0,0,,,,,,0,0,0,,,,,,,,,,,98,98,98,0,,,,,20,,,,,,,,,1,23,,,,,,
2019,357,3796019,263,10/08/2019,7:05,8,10,,33,King,1960,1,0,4,1,1,1,0,3,2,,,,12,0,6,0,2,0,3,7,2,4,6,0,0,0,0,AIRPORT WAY S,S HINDS ST,-122.3216472,47.57351944,0,2,65,62,4,30,66,1,0,1,2,12,2,1,5,1,14,1,3,37,0,82,881,2020,0,0,12,,,,,,1,1,57,1,0,,1,0,3,0,11,8,,,,,6,1,0,3,1,0,0,0,0,96,,,,,,0,,,,,,98391,53,72,214,6,1,0,0,0,0,,0,,,,,,0,,,20,0,0,0,8,9,8,,,0,0,0,8,0,8,95,,,96,,,8,95,995,,,,,,,,,,,,,,,,,,,,,,,,,,,,,,0,0,0,1,0,0,1,1,0,0,0,0,1,1,0,0,0,0,0,0,0,0,0,1,1,0,0,0,0,1,1,0,0,0,0,,0,0,0,0,0,0,0,0,0,0,0,0,0,0,0,0,,,,,,56-60,56-65,City street,U,Tuesday,,MHTRUCK,Not Fatal,0,1,1,0,City Street,Municipal/City Police,Seattle Police Department,0,0,0,1,0,,,,,,0,0,0,,,,,,,,,,,98,98,98,0,,,,,20,7,,,,,,,,,,,,,,,
2017,155,E680840,7,05/15/2017,18:59,15,5,0,33,King,1640,1,0,1,2,2,1,0,4,4,,,,12,0,1,0.3,20,0,1,3,2,1,3,0,0,0,0,SR-167 RAMP R101262,,-122.2598056,47.27323889,0,2,29,53,3,98,5,0,0,1,2,12,1,2,1,6,2,1,2,53,0,20,28,2013,0,0,12,12,12,,,,1,1,33,1,7,1,4,7,3,0,11,0,05/15/2017,18:59,1.64053E+11,22965,0,0,0,3,1,0,0,0,0,0,,,,,,9,,,,,,98391,53,69,148,6,1,0,1,1,6,4,0,,,,,,0,09/15/2013,06/15/2015,1,0,0,0,0,9,1,,,0,0,0,1,9,2,605,0,0,1,0,0,2,10,0,,,,,,,,,,,,,,,,,,,,,,,,,,,,,,0,0,0,0,0,0,1,1,1,0,0,0,1,1,0,0,1,0,0,0,0,0,0,0,0,0,0,0,0,1,1,0,0,0,0,,1,0,0,0,0,0,1,1,0,0,0,0,0,0,1,0,,,,,,31-35,26-35,State route,U,Monday,Belt Used,PV,White,1,0,0,0,State Route,State Patrol,Washington State Patrol Headquarter,0,1,0,0,0,thc,5,carboxy-thc,16,,,,,,,,,,,,,,,,,,,,,,,,,,,,,,,,,,,,,,,
2018,69,E782562,8,03/13/2018,6:36,13,3,0,35,Kitsap,0,1,0,1,1,2,1,0,3,3,6:34,6:43,,12,0,2,56.7,1,0,1,3,1,1,3,0,0,0,0,SR-3,,-122.6451833,47.81473611,0,2,51,62,4,55,66,1,0,1,2,12,1,1,2,1,1,1,3,53,0,82,881,2016,0,0,12,,,,,,1,1,32,1,0,0,2,0,3,0,11,0,,,,,6,1,1,3,1,0,0,0,0,96,,,,,,0,,,,,,98391,53,72,300,6,1,0,0,0,0,,0,,,,,,0,,,20,0,0,0,8,9,2,,,0,0,0,0,0,0,0,,,0,,,0,0,996,,,,,,,,,,,,,,,,,,,,,,,,,,,,,,0,0,0,0,0,0,0,0,0,0,0,0,0,0,0,0,0,0,0,1,0,0,0,0,0,1,0,0,0,1,1,0,0,0,0,,0,0,0,0,0,0,0,0,0,0,0,0,0,0,0,0,,,,,,31-35,26-35,State route,R,Tuesday,,MHTRUCK,Not Fatal,0,0,0,1,State Route,State Patrol,Washington State Patrol Headquarter,0,1,0,0,0,,,,,,0,0,0,,,,,,,,,,,,,,,,,,,,,,,,,,,,,,,,,,,
2018,172,E807140,35,06/09/2018,16:20,9,6,0,53,Pierce,0,1,0,1,1,2,1,0,3,2,,,,12,0,6,1.1,1,0,1,5,1,2,4,0,0,0,0,CR-NISQUALLY RD SW,,-122.6951056,47.07114444,0,1,66,6,1,40,8,0,0,1,5,12,2,1,2,1,14,1,1,53,0,48,38,2014,0,0,68,12,,,,,1,1,29,1,7,1,4,7,99,0,11,0,06/09/2018,16:20,53953025836,25836,0,0,0,3,1,28,0,0,0,96,,,,,,9,,,,,,98391,53,71,185,6,1,0,0,0,2,,0,,,,,,3,11/15/2015,02/15/2017,99,0,0,0,0,1,8,,,0,0,0,8,1,2,605,695,,1,1,,2,1,0.077,,,,,,,,,,,,,,,,,,,,,,,,,,,,,,0,0,0,0,1,0,1,1,1,0,0,0,1,0,0,0,0,0,0,0,0,0,0,0,0,1,0,0,0,1,0,0,0,0,0,,1,0,0,0,1,0,1,1,0,1,0,0,0,0,0,1,,,,,,26-30,26-35,County road,R,Saturday,Unknown,PV,White,0,1,1,0,County Road,County Sheriff,Law Enforcement Support Agency,0,0,1,0,0,thc,25,carboxy-thc,79,,0,0,0,,,,,,,,,,,,,,,,,,,,,,,,,,,,,,,,,,,
2018,505,E812564,173,06/21/2018,15:55,21,6,0,53,Pierce,1124,1,0,1,1,2,1,0,6,5,,,,12,0,6,0,2,0,2,3,2,4,6,0,0,3,3,LAKEWOOD DR SW,STEILACOOM BLVD SW,-122.5078278,47.17651389,0,4,98,98,7,35,14,0,0,1,5,12,1,1,4,1,5,1,1,53,0,55,401,2004,0,0,12,12,,,,,1,1,44,2,0,0,0,0,3,0,11,0,,,,,0,0,0,3,1,0,0,0,0,0,,,,,,0,,,,,,98391,53,62,140,6,1,0,0,0,0,,0,,,,,,0,,,1,0,0,0,8,9,8,,,0,0,0,8,0,8,95,,,96,,,8,95,995,,,,,,,,,,,,,,,,,,,,,,,,,,,,,,0,0,0,1,0,0,1,1,0,0,0,0,1,0,0,0,0,0,0,0,0,0,0,1,1,1,0,0,0,1,0,0,0,0,0,,0,0,0,0,0,0,0,0,0,0,0,0,0,0,0,0,,,,,,41-45,36-45,City street,U,Thursday,Belt Used,PV,Not Fatal,1,0,0,0,City Street,Municipal/City Police,Lakewood Police Department,0,0,0,1,0,,,,,,0,0,0,,,,,,,,,,,,,,,,,,,,,,,,,,,,,,,,,,,
2018,219,E816547,55,07/04/2018,9:00,4,7,5,33,King,100,10,0,1,1,2,1,1,1,1,,,,9,0,0,0,2,0,3,5,2,4,6,0,0,0,0,4TH ST SE,D ST SE,-122.2228861,47.30420278,0,1,13,83,5,25,63,0,0,1,7,9,1,1,8,8,11,1,3,53,0,89,890,2012,42,0,9,,,,,,1,1,50,1,0,0,0,0,3,0,11,0,,,,,6,1,3,3,1,0,0,0,0,96,,,,,,0,,,,,,98391,53,67,210,6,1,0,0,0,0,,0,,,,,,0,,,20,0,0,0,8,9,8,,,0,0,0,8,0,2,1,,,1,,,2,1,0,,,,,,,,,,,,,,,,,,,,,,,,,,,,,,0,0,0,1,0,0,0,0,0,1,0,1,0,0,0,0,0,0,0,0,0,0,0,0,0,0,0,0,0,0,1,0,1,0,0,,0,0,0,0,0,0,0,0,0,0,0,0,0,0,0,0,,,,,,46-50,46-55,City street,U,Wednesday,,MHTRUCK,Not Fatal,1,0,0,0,City Street,Municipal/City Police,Auburn Police Department,0,0,0,1,0,,,,,,0,0,0,,,,,,,,,,,,,,,,,,,,,,,,,,,,,,,,,,,
2018,277,E828112,7,08/03/2018,2:49,3,8,0,33,King,1030,2,0,2,2,2,1,0,4,4,,,,12,0,2,3.3,1,0,1,3,2,1,3,0,0,0,0,SR-516,,-122.2757111,47.38091944,0,2,51,54,3,60,61,0,0,1,2,12,2,2,2,3,14,1,3,53,0,20,881,2008,0,0,12,64,25,,,,1,1,54,1,0,0,0,0,3,0,11,0,,,,,0,0,3,3,1,0,0,0,0,96,,,,,,9,,,,,,98391,53,75,285,6,1,0,3,0,0,,12,,,,,,0,10/15/2014,09/15/2016,20,0,0,0,8,9,2,,,0,0,0,0,1,0,0,,,0,,,2,2,0.115,,,,,,,,,,,,,,,,,,,,,,,,,,,,,,0,0,0,0,1,1,1,1,1,0,0,0,0,0,0,0,0,0,0,0,0,1,1,1,1,0,0,0,0,1,1,0,0,0,0,,0,0,0,0,0,1,0,1,0,0,0,0,0,1,0,1,,,,,,51-55,46-55,State route,U,Friday,,MHTRUCK,Not Fatal,0,0,0,1,State Route,State Patrol,Washington State Patrol,0,1,0,0,0,,,,,,0,0,0,,,,,,,,,,,,,,,,,,,,,,,,,,,,,,,,,,,
2018,353,E846824,35,10/07/2018,19:50,7,10,7,53,Pierce,0,1,0,3,1,2,1,1,2,1,,,,8,0,0,2.8,1,0,1,5,2,2,4,0,0,0,0,CR-108TH ST S,,-122.4348,47.15930833,0,1,13,80,5,35,4,0,0,1,5,8,1,1,2,1,1,2,1,53,0,30,40,2006,0,0,8,,,,,,1,1,34,2,0,0,0,0,3,0,11,0,,,,,0,0,3,3,1,0,0,0,0,96,,,,,,0,,,,,,98391,53,62,130,6,1,0,0,0,3,,0,,,,,,0,01/15/2014,12/15/2015,20,0,0,0,8,9,8,,,0,0,0,8,0,8,95,,,96,,,8,95,995,,,,,,,,,,,,,,,,,,,,,,,,,,,,,,0,0,0,0,0,0,0,0,0,1,1,0,0,0,0,0,0,1,0,0,0,0,0,0,0,0,0,0,0,1,0,1,0,0,0,,0,0,0,0,0,0,0,0,0,0,0,0,0,0,0,0,,,,,,31-35,26-35,County road,U,Sunday,Belt Used,PV,Not Fatal,0,0,0,0,County Road,County Sheriff,Law Enforcement Support Agency,0,0,1,0,0,,,,,,0,0,2,,,,,,,,,,,,,,,,,,,,,,,,,,,,,,,,,,,
2019,17,E884708,6,01/04/2019,4:55,4,1,,37,Kittitas,0,5,0,3,4,2,1,0,7,5,,,,25,0,0,60.2,1,0,1,1,1,1,1,0,0,0,0,I-90,,-121.320175,47.3181,0,1,98,6,1,55,63,1,0,1,2,1,1,1,2,3,1,1,3,53,0,82,881,2011,0,0,63,25,1,60,54,12,1,1,48,1,0,,3,0,3,0,11,5,,,,,6,1,3,3,1,58,0,0,0,96,,,,,,99,,,,,,98391,53,65,145,6,1,0,0,0,2,,97,,,,,,4,01/15/2015,10/15/2017,99,9,0,0,8,9,8,,,0,0,0,8,0,8,95,,,96,,,8,95,995,,,,,,,,,,,,,,,,,,,,,,,,,,,,,,0,0,0,0,0,0,0,0,0,0,0,0,1,0,0,0,0,0,0,0,0,0,0,0,0,1,0,0,0,1,1,0,0,0,0,,0,0,0,0,0,0,0,0,0,1,0,0,0,0,0,0,,,,,,46-50,46-55,Interstate,R,Friday,,MHTRUCK,Not Fatal,0,1,0,0,State Route,State Patrol,Washington State Patrol,1,1,0,0,0,,,,,,0,0,0,,,,,,,,,,,98,98,98,0,,,,,20,7,,,,,,,,,,,,,,,
2019,31,E888005,35,01/29/2019,17:45,29,1,,53,Pierce,0,1,0,2,1,2,1,0,5,3,,,,12,0,1,1.4,1,0,1,5,2,2,4,0,0,0,0,CR-SUMNER TAPPS HWY E,,-122.2131667,47.21765556,0,1,24,51,3,45,34,0,0,1,7,12,2,3,2,1,14,1,1,53,0,12,471,2009,0,0,12,,,,,,1,1,61,1,0,,0,0,3,0,11,0,,,,,6,0,3,3,1,0,0,0,0,96,,,,,,9,,,,,,98391,53,71,220,6,1,0,5,1,0,,97,,,,,,0,04/15/2014,06/15/2017,1,0,0,0,8,1,8,,,0,0,0,8,1,2,1,,,1,,,2,1,0.16,,,,,,,,,,,,,,,,,,,,,,,,,,,,,,0,0,0,0,1,1,0,1,0,0,0,0,0,0,0,0,0,0,0,1,1,0,1,0,1,0,0,0,0,1,0,0,0,0,0,,0,0,0,0,0,1,0,1,0,0,0,0,0,1,0,1,,,,,,61-65,56-65,County road,U,Tuesday,Belt Used,PV,Not Fatal,1,0,0,0,County Road,County Sheriff,Law Enforcement Support Agency,0,0,1,0,0,,,,,,0,0,0,,,,,,,,,,,98,98,98,0,,,,,20,7,,,,,,,,,,,,,,,
2019,31,E888005,35,01/29/2019,17:45,29,1,,53,Pierce,0,1,0,2,1,2,1,0,5,3,,,,12,0,1,1.4,1,0,1,5,2,2,4,0,0,0,0,CR-SUMNER TAPPS HWY E,,-122.2131667,47.21765556,0,2,25,53,3,45,3,0,0,1,7,12,2,3,2,1,14,2,1,53,0,20,34,1989,0,0,12,12,,,,,1,1,61,1,0,,3,0,3,0,11,5,,,,,6,0,0,3,1,0,0,0,0,96,,,,,,0,,,,,,98391,53,72,240,6,1,0,0,0,0,,0,,,,,,0,,,1,0,0,0,8,9,8,,,0,0,0,8,0,8,95,,,96,,,8,95,995,,,,,,,,,,,,,,,,,,,,,,,,,,,,,,0,0,0,0,1,1,0,1,0,0,0,0,0,0,0,0,0,0,0,1,1,0,1,0,1,0,0,0,0,1,0,0,0,0,0,,0,0,0,0,0,0,0,0,0,0,0,0,0,0,0,0,,,,,,61-65,56-65,County road,U,Tuesday,Belt Used,PV,Not Fatal,1,0,0,0,County Road,County Sheriff,Law Enforcement Support Agency,0,0,1,0,0,,,,,,0,0,0,,,,,,,,,,,0,0,0,0,,,,,20,7,,,,,,,,,,,,,,,
2019,31,E888005,35,01/29/2019,17:45,29,1,,53,Pierce,0,1,0,2,1,2,1,0,5,3,,,,12,0,1,1.4,1,0,1,5,2,2,4,0,0,0,0,CR-SUMNER TAPPS HWY E,,-122.2131667,47.21765556,0,3,98,62,4,45,3,0,0,1,7,12,3,3,2,1,14,2,2,53,0,49,33,1992,0,0,12,,,,,,1,1,17,2,0,,1,0,3,0,11,8,,,,,0,0,0,3,1,0,0,0,0,96,,,,,,0,,,,,,98391,53,64,130,6,2,0,0,0,0,,0,,,,,,0,,,1,0,0,0,8,9,8,,,0,0,0,8,0,8,95,,,96,,,8,95,995,,,,,,,,,,,,,,,,,,,,,,,,,,,,,,0,0,0,0,1,1,0,1,0,0,0,0,0,0,0,0,0,0,0,1,1,0,1,0,1,0,0,0,0,1,0,0,0,0,0,,0,0,0,0,0,0,0,0,0,0,0,0,0,0,0,0,,,,,,16-17,16-25,County road,U,Tuesday,Belt Used,PV,Not Fatal,1,0,0,0,County Road,County Sheriff,Law Enforcement Support Agency,0,0,1,0,0,,,,,,0,0,0,,,,,,,,,,,0,0,0,0,,,,,20,7,,,,,,,,,,,,,,,