year,case,par,repjur,crash_dt,crash_tm,accday,accmon,holiday,county,co_char,city,weather,weather2,lightcond,surfcond,surftype,numfatal,nmforms,pforms,vforms,not_tm,arr_tm,hosp_tm,fhevent,hitrun,manncol,milepnt,reljunc,reljuncinter,intersectiontype,funcsystem,landuse,ownership,route,schlbus,spejur,contdev,devfunc,trafid1,trafid2,x,y,wk_zone,vnumber,crashtype,criticalevent,criticaleventcat,spdlim,body,trailer,emerg,hazcargo,leave,mhevent,roadalgn,roadprof,traflane,trafflow,vehmanvr,numoccs,regowner,regstate,spuse,make,model,modelyr,vrf1,vrf2,seqevent1,seqevent2,seqevent3,seqevent4,seqevent5,seqevent6,pnumber,ptype,age,sex,hispanic,race,injury,diedscene,restraint,restraintmisuse,seatpos,takehosp,death_dt,death_tm,cert,cernum_wa,commlic,licendor,licrestrict,liccomp,drivpres,drf1,drf2,drf3,drf4,distract1,distract2,distract3,distract4,distract5,distract6,dricond1,dricond2,dricond3,dricond4,dricond5,dricond6,dzip,licstate,drhgt_in,weight,noncdl,noncdltype,prevdwi,prevoth,prevacc,prevspd,prevsus,driviol1,driviol2,driviol3,driviol4,driviol5,driviol6,spdrel,first_dt,last_dt,airbag,ejection,ejectpath,extricat,injurwrk,methalc,methdrug,nmlocat,strikveh,prf1,prf2,prf3,druginv,alcinvol,drugsts,drugres1,drugres2,drugres3,drugtst1,drugtst2,drugtst3,alcsts,alctst,alcres,nmact1,nmact2,nmact3,nmact4,nmact5,nmact6,nmprior1,nmprior2,nmprior3,nmprior4,nmprior5,nmprior6,nmcond1,nmcond2,nmcond3,nmcond4,nmcond5,nmcond6,nmsafe_helmet,nmsafe_pads,nmsafe_oth,nmprev_ref,nmprev_lgt,nmprev_oth,crashlocation,nmcrashtype,crosswalk,schoolzone,sidewalk,train_inv,wildlife_inv,rotr_fars,intersect_fars,dd_inv,aid_inv,dpd_inv,id_inv,mj_inv,impnm_inv,ainm_inv,dpnm_inv,speed_inv,unlic_inv,unendmc_inv,drowsy_inv,drdist_inv,nmdist_inv,fty_inv,unrestfat_inv,dr1617_inv,dr1820_inv,dr1620_inv,dr2125_inv,dr1625_inv,dr65_inv,dr70_inv,dr75_inv,mc_inv,pv_inv,ht_inv,ped_inv,bike_inv,unrest_fat,mc_fat,unhelmet_mc,pv_fat,ht_fat,ped_fat,bike_fat,dr_alc7,dr_alc8,dr_drug,dr_imp,dr_dist,dr_spd,dr_fty,dr_unlic,dr_alc7only,dr_alc8only,dr_drugonly,dr_drink,nm_imp,nm_alc7,nm_alc8,nm_drug,nm_dist,agegrp1,agegrp2,roadclass,urbrur,dayweek,restuse,vehtype,race_me,intersect,lanedep,oppdir,wrongway,rep_typ,investag,repag_long,rotr,st_rd,cty_rd,city_rd,oth_rd,drug_thc,thc_res,drug_cthc,cthc_res,drug_cann,prevpersemin,prevperse,prevsusoth,drugtst4,drugtst5,drugtst6,drugtst7,drugtst8,drugres4,drugres5,drugres6,drugres7,drugres8,adspresent,adsengaged,adslevel,race1,race2,race3,race4,race5,helmet,helmetmisuse,nmdistract1,nmdistract2,nmdistract3,nmdistract4,nmdistract5,nmdistract6,lab,isedtcase,crf1,crf2,crf3,CoRoadName,CoMP,IntCoRoadName,IntCoMP
2019,60,E899233,290,02/15/2019,10:47,15,2,,53,Pierce,2230,2,0,1,2,2,1,0,3,3,,,,12,0,1,0.6,1,0,1,3,2,1,3,0,3,0,0,SR-167,,-122.3958806,47.23703889,0,1,28,52,3,35,4,0,0,1,7,12,1,1,4,1,1,1,1,53,0,7,41,2001,0,0,12,12,,,,,1,1,76,1,7,,4,0,20,7,11,4,02/21/2019,5:57,1.96053E+11,9056,0,0,0,3,1,0,0,0,0,96,,,,,,99,,,,,,98391,53,68,160,6,1,0,0,4,1,,0,,,,,,0,10/15/2014,07/15/2018,1,0,0,0,0,9,8,,,0,0,0,8,9,2,1,,,1,,,2,1,0,,,,,,,,,,,,,,,,,,,,,,,,,,,,,,0,0,0,0,0,0,0,0,0,0,0,0,0,0,0,0,0,0,0,1,0,0,0,0,0,1,1,1,0,1,1,0,0,1,0,,1,0,0,0,0,0,0,0,0,0,0,0,0,0,0,0,,,,,,76-80,76+,State route,U,Friday,Not Used,PV,White,0,0,0,0,State Route,Municipal/City Police,Tacoma Police Department,0,1,0,0,0,,,,,,0,0,0,,,,,,,,,,,98,98,98,1,,,,,20,7,,,,,,,,,,,,,,,
2019,122,E915551,35,04/28/2019,15:42,28,4,,53,Pierce,0,1,0,1,1,2,1,0,3,2,,,,12,0,2,0,1,0,1,5,2,2,4,0,0,0,0,CR-218TH AVE E,,-122.140525,47.22048611,0,1,50,10,2,40,34,0,0,1,7,12,2,1,2,1,14,1,1,53,0,20,482,2005,0,0,68,12,,,,,1,1,33,1,0,,2,0,3,0,11,8,,,,,0,0,0,3,1,28,91,0,0,96,,,,,,9,,,,,,98391,53,66,185,6,1,0,0,0,0,,1,,,,,,0,,,1,0,0,0,8,9,8,,,0,0,0,8,1,2,1,,,1,,,2,1,0.044,,,,,,,,,,,,,,,,,,,,,,,,,,,,,,0,0,0,0,1,0,0,0,0,0,0,0,0,0,0,0,0,0,0,0,0,0,0,0,0,0,0,0,0,1,0,0,0,0,0,,0,0,0,0,1,0,0,0,0,0,0,0,1,0,0,1,,,,,,31-35,26-35,County road,U,Sunday,Belt Used,PV,Not Fatal,0,1,1,0,County Road,County Sheriff,Law Enforcement Support Agency,0,0,1,0,0,,,,,,0,0,0,,,,,,,,,,,98,98,98,0,,,,,20,7,,,,,,,,,,,,,,,
2019,204,E919639,65,05/05/2019,19:25,5,5,,53,Pierce,160,1,0,1,1,2,1,0,4,2,,,,12,0,2,5.8,3,0,2,3,2,1,3,0,0,3,3,SR-410,S PRAIRIE RD,-122.16405,47.16939722,0,2,51,62,4,40,14,0,0,1,7,12,1,2,4,2,2,3,1,53,0,12,401,2014,0,0,12,,,,,,1,1,33,1,0,,2,0,3,0,11,5,,,,,0,0,3,2,1,0,0,0,0,96,,,,,,0,,,,,,98391,53,68,185,1,1,0,0,0,0,,97,,,,,,0,03/15/2019,03/15/2019,8,0,0,0,8,9,8,,,0,0,0,8,0,8,95,,,96,,,8,95,995,,,,,,,,,,,,,,,,,,,,,,,,,,,,,,0,0,0,1,0,0,1,1,0,0,0,0,0,1,0,0,1,0,0,1,0,0,0,0,0,1,1,1,0,1,0,0,0,0,0,,0,0,0,0,0,0,0,0,0,0,0,1,0,0,0,0,,,,,,31-35,26-35,State route,U,Sunday,Belt Used,PV,Not Fatal,1,0,0,0,State Route,Municipal/City Police,Bonney Lake Police Department,0,1,0,0,0,,,,,,0,0,1,,,,,,,,,,,98,98,98,0,,,,,20,7,,,,,,,,,,,,,,,
2019,318,E953447,112,08/25/2019,1:34,25,8,,53,Pierce,586,1,0,2,1,2,1,0,1,1,,,,1,0,0,0,3,0,3,7,2,4,6,0,0,0,0,48TH ST E,EDGEWOOD DR E,-122.2607417,47.21384722,0,1,1,13,2,25,20,0,0,1,7,1,3,2,2,1,14,1,1,53,0,9,442,1999,0,0,63,1,,,,,1,1,22,1,7,,4,0,20,7,11,5,08/27/2019,11:45,2.23053E+11,39484,0,0,0,3,1,0,0,0,0,96,,,,,,99,,,,,,98391,53,69,185,6,1,0,0,1,0,,0,,,,,,0,09/15/2017,09/15/2017,1,1,9,0,0,9,8,,,0,0,0,8,9,2,605,,,1,,,2,1,0.14,,,,,,,,,,,,,,,,,,,,,,,,,,,,,,0,0,1,1,1,1,1,1,1,0,0,0,0,0,0,0,0,0,0,1,0,0,0,1,1,0,0,0,0,1,0,0,0,1,0,,1,0,0,0,0,1,1,1,0,0,0,0,0,0,0,1,,,,,,21-25,16-25,City street,U,Sunday,Not Used,PV,White,0,1,0,0,City Street,Municipal/City Police,Edgewood Police Department,1,0,0,1,0,,,carboxy-thc,10,,0,0,0,,,,,,,,,,,0,0,0,1,,,,,20,7,,,,,,,,,,,,,,,
2019,352,E968056,160,10/02/2019,14:39,2,10,,33,King,1030,1,0,1,1,2,1,0,2,2,,,,12,0,2,4.9,2,0,2,3,2,1,3,0,0,3,3,SR-516,SR-167,-122.2458472,47.37803333,0,2,68,63,4,35,61,0,0,1,7,12,1,1,5,1,11,1,3,53,0,12,881,2015,0,0,12,,,,,,1,1,27,1,0,,0,0,1,0,11,0,,,,,6,1,0,3,1,0,0,0,0,93,,,,,,0,,,,,,98391,53,67,287,6,1,0,0,0,0,,0,,,,,,0,,,20,0,0,0,8,9,8,,,0,0,0,8,0,2,1,,,1,,,2,1,0,,,,,,,,,,,,,,,,,,,,,,,,,,,,,,0,0,0,1,0,0,0,0,0,0,0,0,1,0,1,0,1,0,0,0,0,0,0,1,1,0,0,0,1,0,1,0,0,0,0,,0,0,0,0,0,0,0,0,1,0,0,0,0,0,0,0,,,,,,26-30,26-35,State route,U,Wednesday,,MHTRUCK,Not Fatal,1,0,0,0,State Route,Municipal/City Police,Kent Police Department,0,1,0,0,0,,,,,,0,0,0,,,,,,,,,,,98,98,98,0,,,,,20,7,,,,,,,,,,,,,,,
2019,490,E997525,242,12/25/2019,15:46,25,12,,53,Pierce,1770,1,0,1,1,2,1,0,3,2,,,,12,0,6,6.1,2,0,2,3,2,1,3,0,0,3,3,SR-167,2ND ST NE,-122.2937917,47.19874167,0,1,83,17,2,35,67,0,0,1,5,12,1,1,4,1,1,2,2,53,0,23,880,2017,0,0,12,,,,,,1,1,24,1,0,,0,0,3,0,11,0,,,,,0,0,0,3,1,38,0,0,0,96,,,,,,0,,,,,,98391,53,70,150,6,1,0,0,0,2,,39,,,,,,0,03/15/2015,11/15/2015,20,0,0,1,8,9,8,,,0,0,0,8,0,8,95,,,96,,,8,95,995,,,,,,,,,,,,,,,,,,,,,,,,,,,,,,0,0,0,1,0,0,1,1,0,0,0,0,0,0,0,0,0,0,1,0,0,0,0,1,1,1,1,1,0,1,1,0,0,0,0,,0,0,0,0,0,0,0,0,0,0,1,0,0,0,0,0,,,,,,21-25,16-25,State route,U,Wednesday,,MHTRUCK,Not Fatal,1,0,0,0,State Route,Municipal/City Police,Puyallup Police Department,0,1,0,0,0,,,,,,0,0,0,,,,,,,,,,,98,98,98,0,,,,,20,7,,,,,,,,,,,,,,,
2019,459,E998475,35,12/27/2019,1:10,27,12,,53,Pierce,0,2,0,2,2,2,1,0,3,2,,,,12,0,6,2.1,1,0,1,5,2,2,4,0,0,0,0,CR-214TH AVE E,,-122.1440722,47.19038889,0,1,98,98,7,40,7,0,0,1,7,12,1,1,2,1,12,1,2,53,0,30,42,1994,0,0,12,,,,,,1,1,29,1,7,,4,7,3,0,11,0,12/27/2019,1:11,53057739,57739,0,0,3,3,1,0,0,0,0,96,,,,,,99,,,,,,98391,53,72,160,6,1,0,1,1,0,,0,,,,,,0,10/15/2017,10/15/2017,20,0,0,0,0,1,1,,,0,0,0,1,1,2,695,,,1,,,2,1,0.195,,,,,,,,,,,,,,,,,,,,,,,,,,,,,,0,0,0,0,1,1,1,1,1,0,0,0,0,0,0,0,0,0,0,0,0,0,0,1,1,0,0,0,0,1,0,0,0,0,0,,1,0,0,0,0,1,1,1,0,0,0,0,0,0,0,1,,,,,,26-30,26-35,County road,U,Friday,Belt Used,PV,White,0,1,1,0,County Road,County Sheriff,Law Enforcement Support Agency,0,0,1,0,0,,,carboxy-thc,20,,0,0,1,,,,,,,,,,,0,0,0,1,,,,,20,7,,,,,,,nms,,,,,,,,
2020,22,EA08634,7,01/13/2020,22:15,13,1,,33,King,1030,4,,3,4,1,1,0,1,1,,,,42,0,0,146.8,1,0,1,1,2,1,1,0,0,0,0,I-5,,-122.2961583,47.35826389,0,1,2,6,1,60,14,0,0,1,2,42,2,1,5,3,14,1,2,53,0,12,401,2003,0,,63,42,1,,,,1,1,24,2,7,,4,7,3,0,11,0,01/13/2020,22:15,1.03053E+11,2190,0,0,0,3,1,0,,,,5,,,,,,98,,,,,,98391,53,63,140,6,1,0,0,0,0,,0,,,,,,4,,,20,0,0,0,0,9,8,,,0,,,8,8,2,605,,,1,,,2,1,0,,,,,,,,,,,,,,,,,,,,,,,,,,,,,,0,0,0,0,0,0,1,1,1,0,0,0,1,0,0,0,1,0,0,0,0,0,0,1,1,0,0,0,0,1,0,0,0,0,0,,1,0,0,0,0,0,1,1,1,1,0,0,0,0,1,0,,,,,,21-25,16-25,Interstate,U,Monday,Belt Used,PV,White,0,1,0,0,State Route,State Patrol,Washington State Patrol,1,1,0,0,0,thc,2.4,,,,0,0,0,,,,,,,,,,,98,98,98,1,,,,,20,7,,,,,,,nms,1,0,,,,,,
2020,138,EA34127,3,05/07/2020,21:40,7,5,,67,Thurston,0,1,,2,1,2,1,0,1,1,,,,38,0,0,1.5,1,0,1,5,1,2,4,0,0,0,0,CR-RESERVATION RD SE,,-122.6988111,47.03037778,0,1,2,8,1,50,1,0,0,1,2,1,1,1,2,1,6,1,1,53,0,30,42,1989,0,,68,68,63,38,35,42,1,1,30,1,7,,4,7,3,0,11,0,05/07/2020,21:40,53022839,22839,0,0,0,3,1,58,,,,96,,,,,,98,,,,,,98391,53,72,140,6,1,0,0,0,0,,0,,,,,,3,,,20,0,0,0,0,9,8,,,0,,,8,8,2,1,,,1,,,2,1,0.22,,,,,,,,,,,,,,,,,,,,,,,,,,,,,,0,0,0,0,1,1,0,1,0,0,0,0,1,0,0,0,0,0,0,0,0,0,0,0,0,0,0,0,0,1,0,0,0,0,0,,1,0,0,0,0,1,0,1,0,1,0,0,0,1,0,1,,,,,,26-30,26-35,County road,R,Thursday,Belt Used,PV,White,0,1,0,0,County Road,State Patrol,Washington State Patrol,1,0,1,0,0,,,,,,0,0,0,,,,,,,,,,,0,0,0,1,,,,,20,7,,,,,,,,1,0,,,RESERVATION RD SE,1.458,,
2020,319,EA44131,25,06/25/2020,22:43,25,6,,33,King,0,1,,2,1,2,1,0,2,2,22:49,23:19,0:15,12,0,2,7.5,1,0,1,5,1,2,4,0,0,0,0,CR-CUMBERLAND KANASKET,,-121.9137417,47.29377222,0,1,50,9,1,40,5,0,0,1,2,12,1,1,2,1,1,1,1,53,0,41,51,2005,0,,68,12,,,,,1,1,24,2,7,,4,0,20,7,11,1,07/03/2020,8:19,1.96053E+11,30579,0,0,3,3,1,58,,,,96,,,,,,98,,,,,,98391,53,63,110,6,1,0,4,1,1,,0,,,,,,3,06/15/2016,05/15/2019,8,0,0,0,0,9,8,,,0,,,8,8,2,151,,,1,,,2,1,0,,,,,,,,,,,,,,,,,,,,,,,,,,,,,,0,0,0,0,0,0,1,1,0,0,0,0,1,0,0,0,0,0,0,1,0,0,0,1,1,0,0,0,0,1,0,0,0,1,0,,1,0,0,0,0,0,1,1,0,1,0,0,0,0,1,0,,,,,,21-25,16-25,County road,R,Thursday,Not Used,PV,White,0,1,1,0,County Road,County Sheriff,King County Police,0,0,1,0,0,,,,,,0,0,2,,,,,,,,,,,98,98,98,1,,,,,20,7,,,,,,,,1,0,,,CUMBERLAND-KANASKAT RD SE,7.505,,
2020,430,EA77640,120,10/31/2020,0:15,31,10,,33,King,670,1,,3,1,2,1,0,4,1,0:41,1:04,1:48,30,0,0,0,1,0,1,4,2,4,6,0,0,0,0,ROOSEVELT AVE,,-121.9925889,47.19922778,0,1,6,13,2,40,34,0,0,1,2,30,4,1,2,1,14,4,1,53,0,12,481,2013,0,,63,69,64,30,,,1,1,29,1,0,,3,0,99,7,11,5,,,,,0,0,0,3,1,0,,,,96,,,,,,9,,,,,,98391,53,72,250,6,1,0,0,0,1,,97,,,,,,3,04/15/2017,04/15/2017,8,9,0,0,8,3,2,,,0,,,8,1,2,402,,,1,,,2,1,0.17,,,,,,,,,,,,,,,,,,,,,,,,,,,,,,0,0,1,0,1,1,1,1,0,0,0,0,1,0,0,0,0,0,0,0,0,0,0,0,0,0,0,0,0,1,0,0,0,0,0,,0,0,0,0,0,1,1,1,0,1,0,0,0,0,0,1,,,,,,26-30,26-35,City street,U,Saturday,Unknown,PV,Not Fatal,0,1,0,0,City Street,Municipal/City Police,Enumclaw Police Department,1,0,0,1,0,,,,,,0,0,0,,,,,,,,,,,98,98,98,0,,,,,20,7,,,,,,,,1,0,,,,,,
2021,135,EB30980,35,05/12/2021,15:48,12,5,,53,Pierce,0,1,,1,1,2,1,0,3,2,,,,12,0,2,1.7,2,0,3,5,2,2,4,0,0,0,0,CR-S TAPPS DR E,175TH AVE CT E,-122.1957389,47.209975,0,1,50,10,2,35,4,0,0,1,2,12,3,1,2,1,14,1,1,53,0,63,38,2017,0,,68,12,,,,,1,1,38,1,0,,2,0,3,0,11,0,,,,,0,0,0,3,1,28,,,,0,,,,,,2,,,,,,98391,53,72,195,6,1,0,1,0,1,,1,,,,,,0,09/15/2018,05/15/2018,1,0,0,0,8,9,8,,,0,,,8,8,8,95,,,96,,,8,95,995,,,,,,,,,,,,,,,,,,,,,,,,,,,,,,0,0,0,1,0,0,0,0,0,0,0,0,0,0,0,1,0,0,0,0,0,0,0,0,0,0,0,0,1,1,0,0,0,0,0,,0,0,0,0,0,0,0,0,0,0,0,0,0,0,0,0,,,,,,36-40,36-45,County road,U,Wednesday,Belt Used,PV,Not Fatal,0,1,1,0,County Road,County Sheriff,Law Enforcement Support Agency,0,0,1,0,0,,,,,,0,0,0,,,,,,,,,,,98,98,98,0,,,,,20,,,,,,,,,1,0,,,SOUTH TAPPS DR E,1.68,NULL,
2021,135,EB30980,35,05/12/2021,15:48,12,5,,53,Pierce,0,1,,1,1,2,1,0,3,2,,,,12,0,2,1.7,2,0,3,5,2,2,4,0,0,0,0,CR-S TAPPS DR E,175TH AVE CT E,-122.1957389,47.209975,0,2,51,62,4,35,80,0,0,1,5,12,2,1,2,1,14,2,1,53,0,72,706,2016,0,,12,,,,,,1,1,58,1,6,,4,0,20,7,11,5,05/12/2021,17:17,2.23053E+11,24926,0,0,0,3,1,0,,,,96,,,,,,98,,,,,,98391,53,71,195,6,1,0,0,1,0,,0,,,,,,0,06/15/2017,06/15/2017,20,8,0,0,0,9,8,,,0,,,8,8,2,1,,,1,,,2,1,0,,,,,,,,,,,,,,,,,,,,,,,,,,,,,,0,0,0,1,0,0,0,0,0,0,0,0,0,0,0,1,0,0,0,0,0,0,0,0,0,0,0,0,1,1,0,0,0,0,1,0,0,0,0,0,0,0,0,0,0,0,0,0,0,0,0,0,,,,,,56-60,56-65,County road,U,Wednesday,,MC,Hispanic,0,1,1,0,County Road,County Sheriff,Law Enforcement Support Agency,0,0,1,0,0,,,,,,0,0,0,,,,,,,,,,,0,0,0,98,,,,,19,,,,,,,,,1,0,,,SOUTH TAPPS DR E,1.68,NULL,
2021,201,EB43920,7,06/07/2021,3:54,7,6,,33,King,0,2,,2,2,2,1,0,3,2,,,,12,0,2,11,1,0,1,3,1,1,3,0,0,0,0,SR-900,,-122.0771333,47.51391944,0,2,51,62,4,40,63,0,0,1,2,12,3,2,2,1,14,1,3,53,0,82,898,2021,0,,12,,,,,,1,1,48,1,0,,0,0,3,0,11,0,,,,,6,1,3,3,1,0,,,,96,,,,,,98,,,,,,98391,53,70,169,6,1,0,0,0,0,,0,,,,,,0,,,20,0,0,0,8,9,8,,,0,,,8,8,0,0,,,0,,,0,0,996,,,,,,,,,,,,,,,,,,,,,,,,,,,,,,0,0,0,0,0,0,1,1,0,0,0,0,1,0,0,0,0,0,0,0,0,0,0,0,0,0,0,0,0,1,1,0,0,0,0,,0,0,0,0,0,0,0,0,0,0,0,0,0,0,0,0,,,,,,46-50,46-55,State route,R,Monday,,MHTRUCK,Not Fatal,0,1,1,0,State Route,State Patrol,Washington State Patrol,0,1,0,0,0,,,,,,0,0,0,,,,,,,,,,,98,98,98,0,,,,,20,,,,,,,,,1,0,,,,,,
2021,246,EB52007,3,07/18/2021,18:07,18,7,,53,Pierce,2230,1,,1,1,1,2,0,2,1,,,,25,0,0,0.2,5,1,1,1,2,1,1,0,0,0,0,I-705 RAMP,,-122.4322139,47.23595,0,1,6,12,2,98,80,0,0,1,2,25,2,1,2,6,14,2,1,53,0,72,706,2007,0,,64,25,,,,,1,1,56,1,7,,4,7,20,7,11,0,07/18/2021,18:07,2.23053E+11,34882,0,0,3,2,1,0,,,,96,,,,,,9,,,,,,98391,53,68,160,1,1,0,1,1,1,,0,,,,,,0,02/15/2018,10/15/2020,20,8,0,0,0,9,8,,,0,,,8,1,2,996,401,417,1,1,1,2,1,0.176,,,,,,,,,,,,,,,,,,,,,,,,,,,,,,0,0,1,0,1,1,1,1,0,0,0,0,0,1,1,0,0,0,0,0,0,0,0,0,0,0,0,0,1,0,0,0,0,0,1,0,0,0,0,0,0,1,1,1,0,0,0,1,0,0,0,1,,,,,,56-60,56-65,Interstate,U,Sunday,,MC,White,0,1,0,0,State Route,State Patrol,Washington State Patrol,1,1,0,0,0,,,,,,0,1,1,,,,,,,,,,,0,0,0,1,,,,,5,,,,,,,,,1,0,,,,,,
2021,305,EB58842,248,08/16/2021,17:01,16,8,,33,King,1830,1,,1,1,1,1,0,6,4,,,,12,0,6,0,2,0,2,4,2,4,6,0,0,3,3,LIND AVE SW,SW 16th St,-122.2233417,47.46608056,0,2,86,66,4,35,63,0,5,1,2,12,1,1,4,1,1,3,3,94,7,98,898,2015,0,,12,,,,,,1,1,55,1,0,,0,0,3,0,11,0,,,,,6,3,0,3,1,95,,,,96,,,,,,98,,,,,,98391,53,69,200,6,1,0,0,0,0,,0,,,,,,0,,,20,0,0,0,8,9,8,,,0,,,8,8,8,95,,,96,,,8,95,995,,,,,,,,,,,,,,,,,,,,,,,,,,,,,,0,0,0,1,0,0,0,0,0,0,0,0,0,0,0,0,0,0,0,0,0,0,0,0,0,1,0,0,0,1,1,0,0,0,0,,0,0,0,0,0,0,0,0,0,0,0,0,0,0,0,0,,,,,,51-55,46-55,City street,U,Monday,,MHTRUCK,Not Fatal,1,0,0,0,City Street,Municipal/City Police,Renton Police Department,0,0,0,1,0,,,,,,0,0,0,,,,,,,,,,,98,98,98,0,,,,,20,,,,,,,,,1,10,,,,,,
2021,335,EB64306,3,08/14/2021,12:05,14,8,,53,Pierce,0,10,,1,1,2,1,0,1,1,,,,1,0,0,9.8,3,0,2,3,2,1,3,0,0,0,0,SR-410,262ND ST E,-122.0803972,47.16220556,0,1,1,13,2,55,82,0,0,1,2,1,1,1,2,1,11,1,1,53,0,72,706,2010,0,,63,1,,,,,1,1,53,2,7,,4,7,20,7,11,0,08/14/2021,12:05,53040612,40612,0,0,0,2,1,48,,,,96,,,,,,98,,,,,,98391,53,64,155,6,1,1,1,0,0,,0,,,,,,0,01/15/2017,01/15/2017,20,8,0,0,0,9,8,,,0,,,8,8,2,1,,,1,,,2,1,0.127,,,,,,,,,,,,,,,,,,,,,,,,,,,,,,0,0,1,1,1,1,0,1,0,0,0,0,0,0,1,0,0,0,0,0,0,0,0,0,0,0,0,0,1,0,0,0,0,0,1,0,0,0,0,0,0,1,0,1,0,0,0,0,0,1,0,1,,,,,,51-55,46-55,State route,U,Saturday,,MC,White,1,0,0,0,State Route,State Patrol,Washington State Patrol,0,1,0,0,0,,,,,,0,1,1,,,,,,,,,,,0,0,0,1,,,,,5,,,,,,,,,1,0,,,,,,
2021,414,EB78244,3,08/14/2021,8:08,14,8,,53,Pierce,2230,1,,1,1,2,1,0,2,2,,,,12,0,6,2.9,2,0,2,2,2,1,3,0,3,3,3,SR-509,ALEXANDER AVE,-122.373025,47.24734444,0,1,88,17,2,50,66,1,0,1,5,12,1,1,3,2,1,1,3,4,0,82,881,2020,0,,12,,,,,,1,1,34,1,0,,0,0,3,0,11,0,,,,,6,1,0,3,1,39,,,,92,,,,,,98,,,,,,98391,53,69,257,6,1,0,0,0,0,,2,,,,,,0,,,20,0,0,0,8,9,2,,,0,,,8,8,2,1,,,1,,,2,1,0,,,,,,,,,,,,,,,,,,,,,,,,,,,,,,0,0,0,1,0,0,1,1,0,0,0,0,0,0,0,0,1,0,0,0,0,0,0,0,0,1,1,1,0,1,1,0,0,0,0,,0,0,0,0,0,0,0,0,1,0,0,0,0,0,0,0,,,,,,31-35,26-35,State route,U,Saturday,,MHTRUCK,Not Fatal,1,0,0,0,State Route,State Patrol,Washington State Patrol,0,1,0,0,0,,,,,,0,0,0,,,,,,,,,,,98,98,98,0,,,,,20,,,,,,,,,1,0,,,,,,
2021,466,EB89247,3,11/06/2021,12:35,6,11,,53,Pierce,0,2,,1,2,2,1,0,2,1,,,,42,0,0,5.5,1,0,1,2,2,1,3,0,0,0,0,SR-512,,-122.3642583,47.15828056,0,1,3,11,2,60,4,0,0,1,2,42,1,1,2,3,1,2,2,53,0,35,47,2005,0,,63,42,,,,,1,1,48,2,0,,2,0,20,7,11,5,,,,,0,0,3,2,1,6,,,,96,,,,,,9,,,,,,98391,53,70,200,1,1,0,1,1,0,,1,,,,,,0,05/15/2017,05/15/2017,8,0,0,0,8,9,8,,,0,,,1,8,2,300,401,151,1,1,1,2,1,0,,,,,,,,,,,,,,,,,,,,,,,,,,,,,,0,0,0,0,0,0,1,1,0,0,0,0,0,1,0,0,0,0,0,1,0,0,0,0,0,0,0,0,0,1,0,0,0,0,0,,0,0,0,0,0,0,1,1,0,0,0,1,0,0,1,0,,,,,,46-50,46-55,State route,U,Saturday,Not Used,PV,Not Fatal,0,1,0,0,State Route,State Patrol,Washington State Patrol,1,1,0,0,0,,,,,,0,0,0,1,1,1,,,996,417,177,351,996,98,98,98,0,,,,,20,,,,,,,,,1,0,,,,,,
2021,476,EB91189,7,11/09/2021,16:45,9,11,,33,King,1960,2,,1,2,2,1,0,3,3,,,,12,0,8,9.2,1,0,1,2,2,1,3,0,0,0,0,SR-18,,-122.1591722,47.32913889,0,2,66,54,3,60,34,0,0,1,5,12,1,1,2,3,1,1,2,53,0,49,472,1998,0,,12,,,,,,1,1,54,1,0,,0,0,3,0,11,0,,,,,0,0,3,3,1,0,,,,96,,,,,,0,,,,,,98391,53,75,280,6,1,0,2,0,0,,0,,,,,,0,02/15/2018,02/15/2021,20,0,0,0,8,9,8,,,0,,,8,8,8,95,,,96,,,0,0,996,,,,,,,,,,,,,,,,,,,,,,,,,,,,,,0,0,0,0,0,0,1,1,0,0,0,0,0,1,0,0,1,0,0,0,0,0,0,0,0,0,0,0,0,1,0,0,0,0,0,,0,0,0,0,0,0,0,0,0,0,0,0,0,0,0,0,,,,,,51-55,46-55,State route,U,Tuesday,Belt Used,PV,Not Fatal,0,0,0,1,State Route,State Patrol,Washington State Patrol,0,1,0,0,0,,,,,,0,0,0,,,,,,,,,,,0,0,0,0,,,,,20,,,,,,,,,1,0,,,,,,
2017,193,E677673,26,06/03/2017,8:59,3,6,0,35,Kitsap,0,1,0,1,1,2,1,0,1,1,,,,42,0,0,0.5,1,0,1,5,1,2,4,0,3,0,0,CR-COLUMBIA ST NE,,-122.5690806,47.73680833,0,1,6,12,2,35,34,0,0,1,2,42,2,2,2,1,14,1,1,53,0,20,471,1996,0,0,63,69,68,64,42,,1,1,46,1,7,1,4,7,3,0,11,0,06/03/2017,8:59,53025377,25377,0,0,0,3,1,0,0,0,0,96,,,,,,99,,,,,,98392,53,69,185,6,1,0,0,2,1,0,0,,,,,,4,05/15/2016,04/15/2017,20,0,0,0,0,9,8,,,0,0,0,8,9,2,1,0,0,1,0,0,2,1,0,,,,,,,,,,,,,,,,,,,,,,,,,,,,,,0,0,1,0,0,0,0,0,0,0,0,0,1,0,0,0,0,0,0,0,0,0,0,0,0,0,0,0,0,0,0,0,0,0,0,,0,0,0,0,0,0,0,0,0,1,0,0,0,0,0,0,,,,,,46-50,46-55,County road,R,Saturday,Belt Used,PV,White,0,1,0,0,County Road,County Sheriff,Kitsap County Sheriff's Office,1,0,1,0,0,,,,,,,,,,,,,,,,,,,,,,,,,,,,,,,,,,,,,,,,,,,