year,case,par,repjur,crash_dt,crash_tm,accday,accmon,holiday,county,co_char,city,weather,weather2,lightcond,surfcond,surftype,numfatal,nmforms,pforms,vforms,not_tm,arr_tm,hosp_tm,fhevent,hitrun,manncol,milepnt,reljunc,reljuncinter,intersectiontype,funcsystem,landuse,ownership,route,schlbus,spejur,contdev,devfunc,trafid1,trafid2,x,y,wk_zone,vnumber,crashtype,criticalevent,criticaleventcat,spdlim,body,trailer,emerg,hazcargo,leave,mhevent,roadalgn,roadprof,traflane,trafflow,vehmanvr,numoccs,regowner,regstate,spuse,make,model,modelyr,vrf1,vrf2,seqevent1,seqevent2,seqevent3,seqevent4,seqevent5,seqevent6,pnumber,ptype,age,sex,hispanic,race,injury,diedscene,restraint,restraintmisuse,seatpos,takehosp,death_dt,death_tm,cert,cernum_wa,commlic,licendor,licrestrict,liccomp,drivpres,drf1,drf2,drf3,drf4,distract1,distract2,distract3,distract4,distract5,distract6,dricond1,dricond2,dricond3,dricond4,dricond5,dricond6,dzip,licstate,drhgt_in,weight,noncdl,noncdltype,prevdwi,prevoth,prevacc,prevspd,prevsus,driviol1,driviol2,driviol3,driviol4,driviol5,driviol6,spdrel,first_dt,last_dt,airbag,ejection,ejectpath,extricat,injurwrk,methalc,methdrug,nmlocat,strikveh,prf1,prf2,prf3,druginv,alcinvol,drugsts,drugres1,drugres2,drugres3,drugtst1,drugtst2,drugtst3,alcsts,alctst,alcres,nmact1,nmact2,nmact3,nmact4,nmact5,nmact6,nmprior1,nmprior2,nmprior3,nmprior4,nmprior5,nmprior6,nmcond1,nmcond2,nmcond3,nmcond4,nmcond5,nmcond6,nmsafe_helmet,nmsafe_pads,nmsafe_oth,nmprev_ref,nmprev_lgt,nmprev_oth,crashlocation,nmcrashtype,crosswalk,schoolzone,sidewalk,train_inv,wildlife_inv,rotr_fars,intersect_fars,dd_inv,aid_inv,dpd_inv,id_inv,mj_inv,impnm_inv,ainm_inv,dpnm_inv,speed_inv,unlic_inv,unendmc_inv,drowsy_inv,drdist_inv,nmdist_inv,fty_inv,unrestfat_inv,dr1617_inv,dr1820_inv,dr1620_inv,dr2125_inv,dr1625_inv,dr65_inv,dr70_inv,dr75_inv,mc_inv,pv_inv,ht_inv,ped_inv,bike_inv,unrest_fat,mc_fat,unhelmet_mc,pv_fat,ht_fat,ped_fat,bike_fat,dr_alc7,dr_alc8,dr_drug,dr_imp,dr_dist,dr_spd,dr_fty,dr_unlic,dr_alc7only,dr_alc8only,dr_drugonly,dr_drink,nm_imp,nm_alc7,nm_alc8,nm_drug,nm_dist,agegrp1,agegrp2,roadclass,urbrur,dayweek,restuse,vehtype,race_me,intersect,lanedep,oppdir,wrongway,rep_typ,investag,repag_long,rotr,st_rd,cty_rd,city_rd,oth_rd,drug_thc,thc_res,drug_cthc,cthc_res,drug_cann,prevpersemin,prevperse,prevsusoth,drugtst4,drugtst5,drugtst6,drugtst7,drugtst8,drugres4,drugres5,drugres6,drugres7,drugres8,adspresent,adsengaged,adslevel,race1,race2,race3,race4,race5,helmet,helmetmisuse,nmdistract1,nmdistract2,nmdistract3,nmdistract4,nmdistract5,nmdistract6,lab,isedtcase,crf1,crf2,crf3,CoRoadName,CoMP,IntCoRoadName,IntCoMP
2017,224,E689120,129,06/29/2017,9:38,29,6,0,53,Pierce,747,1,0,1,1,2,1,0,5,5,9:42,9:52,10:25,12,0,6,0,2,0,2,3,2,4,6,0,3,3,3,PACIFIC HWY E,ALEXANDER AVE E,-122.3728639,47.24311944,0,2,82,66,4,25,4,0,0,1,2,12,1,1,3,1,11,1,1,53,0,35,39,2014,0,0,12,12,12,,,,1,1,53,2,7,1,4,7,3,0,11,0,06/29/2017,9:38,74753029555,29555,0,0,3,3,1,0,0,0,0,0,,,,,,0,,,,,,98392,53,66,145,6,1,0,0,0,0,0,0,,,,,,0,,,8,0,0,0,0,9,8,,,0,0,0,8,0,2,401,0,0,1,0,0,2,1,0,,,,,,,,,,,,,,,,,,,,,,,,,,,,,,0,0,0,1,0,0,1,1,0,0,0,0,1,1,0,0,0,0,0,0,0,0,0,0,0,1,0,0,0,1,0,0,0,0,0,,1,0,0,0,0,0,1,1,0,0,0,0,0,0,1,0,,,,,,51-55,46-55,City street,U,Thursday,Belt Used,PV,White,1,0,0,0,City Street,Municipal/City Police,Fife Police Department,0,0,0,1,0,,,,,,,,,,,,,,,,,,,,,,,,,,,,,,,,,,,,,,,,,,,
2017,398,E721337,31,09/28/2017,19:30,28,9,0,45,Mason,0,1,0,2,1,2,1,0,2,1,,,,16,0,0,1.4,1,0,1,6,1,2,4,0,0,0,0,CR-E NORTH BAY RD,,-122.8303222,47.40468889,0,1,0,98,7,50,1,0,0,1,2,16,3,1,2,1,14,2,1,53,0,45,31,2005,0,0,16,,,,,,1,1,54,1,7,78,4,7,3,0,11,0,09/28/2017,19:30,53042775,42775,0,0,3,3,1,0,0,0,0,0,,,,,,0,,,,,,98394,53,73,225,6,1,0,0,0,0,0,0,,,,,,0,,,20,0,0,0,0,9,8,,,0,0,0,8,0,2,1,0,0,1,0,0,2,1,0.025,,,,,,,,,,,,,,,,,,,,,,,,,,,,,,0,0,0,0,1,0,0,0,0,0,0,0,0,0,0,0,0,0,0,0,0,0,0,0,0,0,0,0,0,1,0,0,0,0,0,,1,0,0,0,1,0,0,0,0,0,0,0,1,0,0,1,,,,,,51-55,46-55,County road,R,Thursday,Belt Used,PV,API,0,0,0,0,County Road,County Sheriff,Mason County Sheriff's Office,0,0,1,0,0,,,,,,,,,,,,,,,,,,,,,,,,,,,,,,,,,,,,,,,,,,,
2019,457,E998114,2,12/04/2019,1:40,4,12,,61,Snohomish,0,1,0,2,2,2,1,1,2,1,,,,8,0,0,27.4,1,0,1,3,2,1,2,0,0,0,0,US-2,,-121.7124417,47.86214167,0,1,13,80,5,50,4,0,0,1,7,8,1,1,2,1,1,2,2,53,0,41,49,2004,0,0,8,,,,,,1,1,32,2,0,,0,0,20,7,11,0,,,,,0,0,0,3,1,91,0,0,0,96,,,,,,9,,,,,,98394,53,59,105,6,1,0,0,1,3,,1,,,,,,0,02/15/2016,12/15/2016,20,0,0,0,8,9,8,,,0,0,0,8,1,8,95,,,96,,,8,95,995,,,,,,,,,,,,,,,,,,,,,,,,,,,,,,0,0,0,0,1,0,0,0,0,1,1,0,0,0,0,0,0,0,0,0,0,0,0,0,0,0,0,0,0,1,0,1,0,0,0,,0,0,0,0,0,0,0,0,0,0,0,0,0,0,0,1,,,,,,31-35,26-35,US highway,U,Wednesday,Not Used,PV,Not Fatal,0,0,0,0,State Route,State Patrol,Washington State Patrol,0,1,0,0,0,,,,,,0,0,0,,,,,,,,,,,98,98,98,0,,,,,20,7,,,,,,,,,,,,,,,
2020,428,EA67096,39,09/25/2020,19:51,25,9,,61,Snohomish,0,2,,2,2,2,1,0,1,1,19:54,20:05,20:55,42,0,0,8.5,1,0,1,5,1,2,4,0,0,0,0,CR-311TH AVE SE,,-121.8147083,47.85246944,0,1,6,12,2,35,15,0,0,1,2,42,1,2,2,1,1,1,1,53,0,20,421,2004,0,,68,64,42,,,,1,1,20,2,7,,4,0,20,7,11,5,09/26/2020,1:50,69053044837,44837,0,0,0,3,1,0,,,,92,,,,,,98,,,,,,98394,53,69,135,6,1,0,1,1,2,,0,,,,,,0,01/15/2017,05/15/2019,20,2,1,1,0,9,8,,,0,,,8,8,2,401,417,,1,1,,2,1,0,,,,,,,,,,,,,,,,,,,,,,,,,,,,,,0,0,1,0,0,0,1,1,0,0,0,0,0,0,0,0,1,0,0,1,0,1,1,0,1,0,0,0,0,1,0,0,0,1,0,,1,0,0,0,0,0,1,1,1,0,0,0,0,0,1,0,,,,,,18-20,16-25,County road,R,Friday,Not Used,PV,White,0,1,0,0,County Road,County Sheriff,Snohomish County Sheriff's Office,1,0,1,0,0,,,,,,0,0,1,,,,,,,,,,,98,98,98,1,,,,,20,7,,,,,,,,1,0,,,311TH AVE SE,8.54,,
2021,446,EB84744,3,10/27/2021,6:39,27,10,,53,Pierce,0,10,,3,2,2,1,0,3,3,,,,14,0,0,121.1,1,0,1,1,2,1,1,0,0,0,0,I-5,,-122.586425,47.10486667,0,3,98,64,4,60,14,0,0,1,5,12,1,1,4,3,1,1,1,53,0,38,402,1999,0,,12,,,,,,1,1,25,1,0,,0,0,3,0,11,0,,,,,0,0,0,3,1,0,,,,96,,,,,,98,,,,,,98396,53,71,150,6,1,0,0,0,1,,0,,,,,,0,09/15/2020,09/15/2020,20,0,0,0,8,9,8,,,0,,,8,8,0,0,,,0,,,0,0,996,,,,,,,,,,,,,,,,,,,,,,,,,,,,,,0,0,0,0,0,0,1,1,0,0,0,0,0,1,0,0,0,0,0,0,0,0,0,1,1,0,0,0,0,1,1,0,0,0,0,,0,0,0,0,0,0,0,0,0,0,0,0,0,0,0,0,,,,,,21-25,16-25,Interstate,U,Wednesday,Belt Used,PV,Not Fatal,0,1,0,0,State Route,State Patrol,Washington State Patrol,1,1,0,0,0,,,,,,0,0,0,,,,,,,,,,,0,0,0,0,,,,,20,,,,,,,,,1,0,,,,,,
2019,293,E924722,3,05/06/2019,18:02,6,5,,53,Pierce,2230,1,0,1,1,2,1,0,1,1,,,,30,0,0,0.1,5,1,1,1,2,1,1,0,0,0,0,I-705 RAMP S100010,A ST,-122.4331083,47.23483889,0,1,6,12,2,98,14,0,0,1,2,3,2,2,1,6,14,1,2,53,0,2,404,1995,0,0,64,30,1,64,3,,1,1,63,1,3,,4,0,99,7,11,8,05/24/2019,19:30,2.23053E+11,24366,0,0,0,2,1,0,0,0,0,93,,,,,,99,,,,,,98402,53,65,150,1,1,1,1,0,0,,0,,,,,,4,08/15/2014,04/15/2016,20,0,0,0,0,9,8,,,0,0,0,8,9,8,95,,,96,,,8,95,995,,,,,,,,,,,,,,,,,,,,,,,,,,,,,,0,0,1,0,0,0,0,0,0,0,0,0,1,1,0,0,1,0,0,0,0,0,0,0,0,0,0,0,0,1,0,0,0,0,0,,1,0,0,0,0,0,0,0,1,1,0,1,0,0,0,0,,,,,,61-65,56-65,Interstate,U,Monday,Unknown,PV,Hispanic,0,1,0,0,State Route,State Patrol,Washington State Patrol,1,1,0,0,0,,,,,,0,1,4,,,,,,,,,,,0,0,0,298,,,,,20,7,,,,,,,,,,,,,,,
2021,56,EB11870,35,03/07/2021,11:07,7,3,,53,Pierce,0,10,,1,99,2,1,0,2,2,,,,12,0,2,7.8,2,0,2,4,2,2,4,0,0,3,3,CR-128TH ST E,CANYON RD E,-122.3574028,47.13988056,0,1,79,17,2,35,4,0,0,1,2,12,1,1,3,1,1,1,1,53,0,55,33,2017,0,,12,,,,,,1,1,32,1,0,,1,0,99,7,11,5,,,,,0,0,3,3,1,8,,,,96,,,,,,9,,,,,,98402,53,73,240,6,1,0,0,0,0,,97,,,,,,3,,,99,0,0,0,8,9,8,,,0,,,1,8,2,337,401,417,1,1,1,2,1,0,,,,,,,,,,,,,,,,,,,,,,,,,,,,,,0,0,0,1,0,0,1,1,0,0,0,0,1,0,0,0,0,0,0,0,0,0,0,0,0,0,0,0,0,1,0,0,0,0,0,,0,0,0,0,0,0,1,1,0,1,0,0,0,0,1,0,,,,,,31-35,26-35,County road,U,Sunday,Unknown,PV,Not Fatal,1,0,0,0,County Road,County Sheriff,Law Enforcement Support Agency,0,0,1,0,0,thc,5.4,carboxy-thc,45,,0,0,0,,,,,,,,,,,98,98,98,0,,,,,20,,,,,,,,,1,0,,,CANYON RD E,7.77,128 ST E,3.15
2018,124,E795721,25,05/02/2018,17:13,2,5,0,33,King,1958,1,0,1,1,2,1,1,3,3,,,,8,0,0,12.9,1,0,1,3,2,1,3,0,0,0,0,SR-99,,-122.2983278,47.40849444,0,3,98,60,4,40,21,0,0,1,5,12,1,1,3,2,1,1,3,53,0,20,461,1999,0,0,12,,,,,,1,1,49,1,0,0,0,0,3,0,11,0,,,,,0,0,3,3,1,0,0,0,0,96,,,,,,0,,,,,,98403,53,68,187,6,1,0,0,0,0,,0,,,,,,0,,,20,0,0,0,8,9,8,,,0,0,0,8,0,8,95,,,96,,,8,95,995,,,,,,,,,,,,,,,,,,,,,,,,,,,,,,0,0,0,0,1,1,1,1,1,1,0,1,1,1,0,0,0,0,0,0,0,0,0,1,1,0,0,0,0,1,0,1,0,0,0,,0,0,0,0,0,0,0,0,0,0,0,0,0,0,0,0,,,,,,46-50,46-55,State route,U,Wednesday,Belt Used,PV,Not Fatal,1,0,0,0,State Route,Municipal/City Police,SeaTac Police Department,0,1,0,0,0,,,,,,0,0,0,,,,,,,,,,,,,,,,,,,,,,,,,,,,,,,,,,,
2018,262,E823631,290,07/20/2018,20:10,20,7,0,53,Pierce,2230,1,0,1,1,2,1,0,1,1,,,,30,0,0,0,1,0,1,7,2,4,6,0,0,0,0,S 12TH ST,,-122.4639139,47.25008889,0,1,1,6,1,30,80,0,0,1,7,30,3,2,3,5,14,1,2,53,0,73,705,2007,0,0,63,30,,,,,1,1,39,1,7,2,4,0,19,0,11,4,07/20/2018,20:46,2.23053E+11,32235,0,0,0,2,1,0,0,0,0,96,,,,,,99,,,,,,98403,53,73,210,1,1,0,0,0,0,,0,,,,,,3,,,20,8,0,0,0,9,8,,,0,0,0,8,9,2,605,,,1,,,2,1,0.1,,,,,,,,,,,,,,,,,,,,,,,,,,,,,,0,0,1,0,1,1,1,1,1,0,0,0,1,1,1,0,0,0,0,0,0,0,0,0,0,0,0,0,1,0,0,0,0,0,1,0,0,0,0,0,0,1,1,1,0,1,0,1,0,0,0,1,,,,,,36-40,36-45,City street,U,Friday,,MC,Black,0,1,0,0,City Street,Municipal/City Police,Tacoma Police Department,1,0,0,1,0,thc,8.3,,,,0,0,0,,,,,,,,,,,,,,,,,,,,,,,,,,,,,,,,,,,
2018,333,E839009,3,09/17/2018,22:12,17,9,0,53,Pierce,2230,1,0,2,1,2,1,1,1,1,,,,8,0,0,2.6,1,0,1,3,2,1,3,0,3,0,0,SR-509,,-122.3801944,47.2473,0,1,13,80,5,60,4,0,0,1,7,8,1,1,2,3,1,1,1,53,0,49,32,2011,0,0,8,,,,,,1,1,26,1,0,0,0,0,3,0,11,0,,,,,0,0,0,3,1,0,0,0,0,96,,,,,,99,,,,,,98403,53,65,250,6,1,0,1,0,3,,0,,,,,,0,01/15/2014,06/15/2018,8,0,0,0,8,9,8,,,0,0,0,8,9,2,695,605,,1,1,,2,1,0,,,,,,,,,,,,,,,,,,,,,,,,,,,,,,0,0,0,0,0,0,1,1,1,1,0,1,0,0,0,0,0,0,0,0,0,0,0,0,0,0,0,0,0,1,0,1,0,0,0,,0,0,0,0,0,0,1,1,0,0,0,0,0,0,1,0,,,,,,26-30,26-35,State route,U,Monday,Belt Used,PV,Not Fatal,0,0,0,0,State Route,State Patrol,Washington State Patrol,0,1,0,0,0,thc,5.6,carboxy-thc,37,,0,0,0,,,,,,,,,,,,,,,,,,,,,,,,,,,,,,,,,,,
2021,315,EB60893,290,08/22/2021,13:28,22,8,,53,Pierce,2230,10,,1,1,2,1,0,2,2,,,,12,0,6,0,2,0,2,4,2,4,6,0,0,0,0,S 56TH ST,S I St,-122.4458611,47.20638611,0,2,69,62,4,30,80,0,0,1,2,12,1,1,2,1,1,1,1,53,0,37,705,1989,0,,12,,,,,,1,1,40,1,7,,4,7,20,7,11,0,08/22/2021,13:28,2.23053E+11,41925,0,0,0,3,1,0,,,,96,,,,,,98,,,,,,98403,53,71,200,6,1,0,0,0,0,,0,,,,,,0,,,20,8,0,0,0,9,8,,,0,,,8,8,2,1,,,1,,,2,1,0,,,,,,,,,,,,,,,,,,,,,,,,,,,,,,0,0,0,1,0,0,0,0,0,0,0,0,0,0,0,0,0,0,1,0,0,0,0,0,0,0,0,0,1,1,0,0,0,0,1,0,0,0,0,0,0,0,0,0,0,0,0,0,0,0,0,0,,,,,,36-40,36-45,City street,U,Sunday,,MC,White,1,0,0,0,City Street,Municipal/City Police,Tacoma Police Department,0,0,0,1,0,,,,,,0,0,0,,,,,,,,,,,0,0,0,1,,,,,5,,,,,,,,,1,0,,,,,,
2017,80,E651585,129,03/13/2017,13:03,13,3,0,53,Pierce,747,2,0,1,2,2,1,0,4,4,13:18,13:28,14:02,12,0,1,0,1,0,1,3,2,4,6,0,3,0,0,70TH AVE E,VALLEY AVE E,-122.3363694,47.22796111,0,1,24,52,3,35,5,0,0,1,2,12,1,1,6,1,15,1,1,53,0,37,37,2010,0,0,68,12,,,,,1,1,26,1,0,0,1,0,3,0,11,5,,,,,0,0,3,3,1,0,0,0,0,96,,,,,,99,,,,,,98404,53,72,200,6,1,0,0,0,0,0,0,,,,,,9,,,8,0,0,0,8,9,8,,,0,0,0,8,9,2,1,0,0,1,0,0,2,1,0,,,,,,,,,,,,,,,,,,,,,,,,,,,,,,0,0,0,0,0,0,0,0,0,0,0,0,0,0,0,0,0,0,0,0,0,0,0,0,0,0,0,0,0,1,1,0,0,0,0,,0,0,0,0,0,0,0,0,0,0,0,0,0,0,0,0,,,,,,26-30,26-35,City street,U,Monday,Belt Used,PV,Not Fatal,1,0,0,0,City Street,Municipal/City Police,Fife Police Department,0,0,0,1,0,,,,,,,,,,,,,,,,,,,,,,,,,,,,,,,,,,,,,,,,,,,
2017,224,E689120,129,06/29/2017,9:38,29,6,0,53,Pierce,747,1,0,1,1,2,1,0,5,5,9:42,9:52,10:25,12,0,6,0,2,0,2,3,2,4,6,0,3,3,3,PACIFIC HWY E,ALEXANDER AVE E,-122.3728639,47.24311944,0,4,98,98,7,35,4,0,0,1,5,12,1,1,5,1,5,1,1,53,0,12,23,2015,0,0,12,,,,,,1,1,38,2,0,0,1,0,3,0,11,8,,,,,0,0,0,3,1,0,0,0,0,0,,,,,,0,,,,,,98404,53,67,205,6,1,0,1,1,1,0,0,,,,,,0,04/15/2015,05/15/2015,20,0,0,0,8,9,8,,,0,0,0,8,8,0,0,0,0,0,0,0,0,0,996,,,,,,,,,,,,,,,,,,,,,,,,,,,,,,0,0,0,1,0,0,1,1,0,0,0,0,1,1,0,0,0,0,0,0,0,0,0,0,0,1,0,0,0,1,0,0,0,0,0,,0,0,0,0,0,0,0,0,0,0,0,0,0,0,0,0,,,,,,36-40,36-45,City street,U,Thursday,Belt Used,PV,Not Fatal,1,0,0,0,City Street,Municipal/City Police,Fife Police Department,0,0,0,1,0,,,,,,,,,,,,,,,,,,,,,,,,,,,,,,,,,,,,,,,,,,,
2017,367,E710735,3,09/05/2017,11:38,5,9,0,53,Pierce,2230,1,0,1,1,1,1,0,1,1,,,,43,0,0,58,5,1,1,3,2,1,3,0,0,0,0,SR-7,,-122.4307361,47.23245556,0,1,7,12,2,60,80,0,0,1,2,43,2,2,2,6,14,1,1,53,0,72,706,2017,0,0,64,43,,,,,1,1,60,1,7,1,4,7,19,0,11,0,09/05/2017,11:38,2.23053E+11,39425,0,0,0,3,1,0,0,0,0,92,,,,,,99,,,,,,98404,53,74,200,6,1,0,2,5,2,0,0,,,,,,0,12/15/2013,02/15/2017,20,8,0,0,0,9,8,,,0,0,0,8,9,2,189,407,605,1,1,1,2,1,0,,,,,,,,,,,,,,,,,,,,,,,,,,,,,,0,0,0,0,0,0,1,1,1,0,0,0,0,0,0,0,1,0,0,0,0,0,0,0,0,0,0,0,1,0,0,0,0,0,1,0,0,0,0,0,0,0,1,1,1,0,0,0,0,0,1,0,,,,,,56-60,56-65,State route,U,Tuesday,,MC,White,0,1,0,0,State Route,State Patrol,Washington State Patrol Headquarter,1,1,0,0,0,thc,2.8,,,,,,,,,,,,,,,,,,,,,,,,,,,,,,,,,,,,,,,,,
2017,455,E732289,16,10/27/2017,9:26,27,10,0,15,Cowlitz,0,1,0,1,1,4,2,0,2,1,,,,10,0,0,0,6,0,1,7,2,4,6,0,0,65,3,HORSESHOE BEND ESTATE,PLEASANT HILL RD,-122.8886528,46.23833889,0,1,98,98,7,10,4,0,0,1,2,10,1,1,8,1,3,2,2,53,0,49,43,1996,0,0,10,,,,,,1,1,29,1,6,3,4,7,20,0,11,0,10/27/2017,9:26,28053046833,46833,0,0,0,0,1,38,0,0,0,93,,,,,,99,,,,,,98404,53,74,275,0,0,0,0,0,0,7,0,,,,,,0,05/15/2013,07/15/2017,20,0,0,0,0,9,8,,,0,0,0,8,9,2,401,417,0,1,1,0,2,1,0,,,,,,,,,,,,,,,,,,,,,,,,,,,,,,1,0,0,0,0,0,1,1,0,0,0,0,0,1,0,0,1,0,1,1,0,0,0,0,0,0,0,0,0,1,0,0,0,1,0,,1,0,0,0,0,0,1,1,1,0,1,1,0,0,1,0,,,,,,26-30,26-35,City street,U,Friday,Not Used,PV,Hispanic,1,0,0,0,Other,County Sheriff,Cowlitz County Sheriff's Office,0,0,0,0,1,,,,,,,,,,,,,,,,,,,,,,,,,,,,,,,,,,,,,,,,,,,
2018,5,E755994,127,01/05/2018,13:50,5,1,0,33,King,735,2,0,1,2,2,1,0,6,3,14:04,14:07,14:59,12,0,6,7.7,2,0,2,3,2,1,3,0,0,3,3,SR-99,SR-509,-122.3121389,47.33585833,0,1,69,17,2,45,4,0,0,1,7,12,8,8,8,1,1,4,1,53,0,19,3,1999,0,0,12,68,12,,,,1,1,20,1,7,2,4,7,3,0,11,0,01/05/2018,13:50,73553002489,2489,0,0,0,0,1,0,0,0,0,96,,,,,,99,,,,,,98404,53,70,140,0,0,0,0,0,0,,0,,,,,,4,,,20,0,0,0,0,9,8,,,0,0,0,8,9,2,605,695,,1,1,,2,1,0,,,,,,,,,,,,,,,,,,,,,,,,,,,,,,0,0,0,1,0,0,1,1,1,0,0,0,1,1,0,0,0,0,0,0,0,1,1,0,1,0,0,0,0,1,0,0,0,0,0,,1,0,0,0,0,0,1,1,0,1,0,1,0,0,1,0,,,,,,18-20,16-25,State route,U,Friday,Belt Used,PV,Black,1,0,0,0,State Route,Municipal/City Police,Federal Way Dept of Public Safety,0,1,0,0,0,thc,3.5,carboxy-thc,31,,0,0,0,,,,,,,,,,,,,,,,,,,,,,,,,,,,,,,,,,,
2018,106,E789793,290,04/18/2018,22:37,18,4,0,53,Pierce,2230,10,0,3,1,2,1,0,2,2,,,,12,0,1,0,1,0,1,4,2,4,6,0,0,0,0,MCKINLEY AVE E,,-122.4209361,47.18000278,0,1,24,51,3,30,4,0,0,1,2,12,1,1,3,1,1,1,1,53,0,55,35,2018,0,0,12,,,,,,1,1,25,2,0,0,0,0,99,0,11,0,,,,,0,0,0,3,1,0,0,0,0,92,,,,,,99,,,,,,98404,53,66,140,6,1,0,0,0,0,,97,,,,,,4,,,8,0,0,0,8,9,8,,,0,0,0,8,9,2,1,,,1,,,2,1,0,,,,,,,,,,,,,,,,,,,,,,,,,,,,,,0,0,0,0,0,0,0,0,0,0,0,0,1,0,0,0,1,0,0,0,0,0,0,1,1,0,0,0,0,1,0,0,0,0,0,,0,0,0,0,0,0,0,0,1,1,0,0,0,0,0,0,,,,,,21-25,16-25,City street,U,Wednesday,Unknown,PV,Not Fatal,0,0,0,0,City Street,Municipal/City Police,Tacoma Police Department,0,0,0,1,0,,,,,,0,0,0,,,,,,,,,,,,,,,,,,,,,,,,,,,,,,,,,,,
2018,131,E798346,290,05/15/2018,21:03,15,5,0,53,Pierce,2230,1,0,3,1,2,1,0,3,2,,,,12,0,6,0,2,0,2,4,2,4,6,0,0,3,3,E MCKINLEY AVE,E 56TH ST,-122.4208944,47.20634722,0,2,89,66,4,35,4,0,0,1,2,12,8,8,3,1,1,2,1,53,0,21,23,1999,0,0,12,,,,,,1,1,67,2,7,7,4,7,3,0,11,0,05/15/2018,21:03,2.23053E+11,23201,0,0,3,3,1,0,0,0,0,96,,,,,,0,,,,,,98404,53,60,119,6,1,0,2,1,0,,0,,,,,,0,08/15/2014,08/15/2015,1,0,0,0,0,9,8,,,0,0,0,8,0,2,1,,,1,,,2,1,0,,,,,,,,,,,,,,,,,,,,,,,,,,,,,,0,0,0,1,0,0,0,0,0,0,0,0,1,0,0,0,0,0,0,0,0,0,0,0,0,1,0,0,0,1,0,0,0,0,0,,1,0,0,0,0,0,0,0,0,0,0,0,0,0,0,0,,,,,,66-70,66-75,City street,U,Tuesday,Belt Used,PV,API,1,0,0,0,City Street,Municipal/City Police,Tacoma Police Department,0,0,0,1,0,,,,,,0,0,0,,,,,,,,,,,,,,,,,,,,,,,,,,,,,,,,,,,
2018,196,E804034,3,05/28/2018,2:44,28,5,4,53,Pierce,0,1,0,2,1,2,1,0,1,1,,,,24,0,0,138.9,1,0,1,1,2,1,1,0,0,0,0,I-5,,-122.3337806,47.24835833,0,1,2,13,2,60,14,0,0,1,2,30,1,1,5,3,1,1,2,53,0,2,404,2002,0,0,63,24,30,,,,1,1,35,1,7,68,4,7,99,0,11,0,05/28/2018,2:44,1.35053E+11,30282,0,0,3,3,1,0,0,0,0,96,,,,,,99,,,,,,98404,53,68,170,6,1,0,0,0,0,,0,,,,,,0,,,8,0,0,0,0,9,8,,,0,0,0,8,9,8,95,,,96,,,8,95,995,,,,,,,,,,,,,,,,,,,,,,,,,,,,,,0,0,0,0,0,0,0,0,0,0,0,0,0,0,0,0,0,0,0,0,0,0,0,0,0,0,0,0,0,1,0,0,0,0,0,,1,0,0,0,0,0,0,0,0,0,0,0,0,0,0,0,,,,,,31-35,26-35,Interstate,U,Monday,Unknown,PV,API,0,1,0,0,State Route,State Patrol,Washington State Patrol,1,1,0,0,0,,,,,,0,0,0,,,,,,,,,,,,,,,,,,,,,,,,,,,,,,,,,,,
2018,170,E804742,238,06/04/2018,8:30,4,6,0,53,Pierce,1770,1,0,1,1,2,1,0,3,3,,,,12,0,8,5,1,0,1,3,2,1,3,0,3,0,0,SR-167,,-122.3156472,47.20513611,0,3,98,62,4,45,20,0,0,1,5,12,1,1,5,5,1,1,1,53,0,37,441,2000,0,0,12,,,,,,1,1,35,2,0,0,1,0,3,0,11,8,,,,,0,0,0,2,1,0,0,0,0,96,,,,,,99,,,,,,98404,53,61,180,1,1,0,0,0,1,,97,,,,,,0,06/15/2013,07/15/2016,8,0,0,0,8,9,8,,,0,0,0,8,9,8,95,,,96,,,8,95,995,,,,,,,,,,,,,,,,,,,,,,,,,,,,,,0,0,0,0,0,0,1,1,0,0,0,0,0,1,0,0,0,0,0,0,0,0,0,0,0,0,0,0,0,1,0,0,0,0,0,,0,0,0,0,0,0,0,0,0,0,0,1,0,0,0,0,,,,,,31-35,26-35,State route,U,Monday,Belt Used,PV,Not Fatal,0,0,0,0,State Route,Municipal/City Police,Puyallup Police Department,0,1,0,0,0,,,,,,0,0,3,,,,,,,,,,,,,,,,,,,,,,,,,,,,,,,,,,,
2018,275,E828062,3,07/24/2018,2:31,24,7,0,53,Pierce,1770,1,0,2,1,2,1,0,1,1,,,,1,0,0,8.7,1,0,1,3,2,1,3,0,0,0,0,SR-512,,-122.2976389,47.16069167,0,1,1,11,2,60,80,0,0,1,2,1,3,1,2,3,14,1,1,53,0,72,706,2012,0,0,63,1,,,,,1,1,51,1,7,1,4,7,5,0,11,0,07/24/2018,2:31,1.77053E+11,32691,0,0,0,3,1,0,0,0,0,96,,,,,,99,,,,,,98404,53,69,215,6,1,1,0,4,1,,0,,,,,,4,10/15/2014,05/15/2016,20,8,0,0,0,9,8,,,0,0,0,8,9,2,605,695,,1,1,,2,1,0.19,,,,,,,,,,,,,,,,,,,,,,,,,,,,,,0,0,1,0,1,1,1,1,1,0,0,0,1,0,0,0,0,0,0,0,0,0,0,0,0,0,0,0,1,0,0,0,0,0,1,0,0,0,0,0,0,1,1,1,0,1,0,0,0,0,0,1,,,,,,51-55,46-55,State route,U,Tuesday,,MC,White,0,1,0,0,State Route,State Patrol,Washington State Patrol,1,1,0,0,0,thc,1.4,carboxy-thc,15,,0,1,0,,,,,,,,,,,,,,,,,,,,,,,,,,,,,,,,,,,