year,case,par,repjur,crash_dt,crash_tm,accday,accmon,holiday,county,co_char,city,weather,weather2,lightcond,surfcond,surftype,numfatal,nmforms,pforms,vforms,not_tm,arr_tm,hosp_tm,fhevent,hitrun,manncol,milepnt,reljunc,reljuncinter,intersectiontype,funcsystem,landuse,ownership,route,schlbus,spejur,contdev,devfunc,trafid1,trafid2,x,y,wk_zone,vnumber,crashtype,criticalevent,criticaleventcat,spdlim,body,trailer,emerg,hazcargo,leave,mhevent,roadalgn,roadprof,traflane,trafflow,vehmanvr,numoccs,regowner,regstate,spuse,make,model,modelyr,vrf1,vrf2,seqevent1,seqevent2,seqevent3,seqevent4,seqevent5,seqevent6,pnumber,ptype,age,sex,hispanic,race,injury,diedscene,restraint,restraintmisuse,seatpos,takehosp,death_dt,death_tm,cert,cernum_wa,commlic,licendor,licrestrict,liccomp,drivpres,drf1,drf2,drf3,drf4,distract1,distract2,distract3,distract4,distract5,distract6,dricond1,dricond2,dricond3,dricond4,dricond5,dricond6,dzip,licstate,drhgt_in,weight,noncdl,noncdltype,prevdwi,prevoth,prevacc,prevspd,prevsus,driviol1,driviol2,driviol3,driviol4,driviol5,driviol6,spdrel,first_dt,last_dt,airbag,ejection,ejectpath,extricat,injurwrk,methalc,methdrug,nmlocat,strikveh,prf1,prf2,prf3,druginv,alcinvol,drugsts,drugres1,drugres2,drugres3,drugtst1,drugtst2,drugtst3,alcsts,alctst,alcres,nmact1,nmact2,nmact3,nmact4,nmact5,nmact6,nmprior1,nmprior2,nmprior3,nmprior4,nmprior5,nmprior6,nmcond1,nmcond2,nmcond3,nmcond4,nmcond5,nmcond6,nmsafe_helmet,nmsafe_pads,nmsafe_oth,nmprev_ref,nmprev_lgt,nmprev_oth,crashlocation,nmcrashtype,crosswalk,schoolzone,sidewalk,train_inv,wildlife_inv,rotr_fars,intersect_fars,dd_inv,aid_inv,dpd_inv,id_inv,mj_inv,impnm_inv,ainm_inv,dpnm_inv,speed_inv,unlic_inv,unendmc_inv,drowsy_inv,drdist_inv,nmdist_inv,fty_inv,unrestfat_inv,dr1617_inv,dr1820_inv,dr1620_inv,dr2125_inv,dr1625_inv,dr65_inv,dr70_inv,dr75_inv,mc_inv,pv_inv,ht_inv,ped_inv,bike_inv,unrest_fat,mc_fat,unhelmet_mc,pv_fat,ht_fat,ped_fat,bike_fat,dr_alc7,dr_alc8,dr_drug,dr_imp,dr_dist,dr_spd,dr_fty,dr_unlic,dr_alc7only,dr_alc8only,dr_drugonly,dr_drink,nm_imp,nm_alc7,nm_alc8,nm_drug,nm_dist,agegrp1,agegrp2,roadclass,urbrur,dayweek,restuse,vehtype,race_me,intersect,lanedep,oppdir,wrongway,rep_typ,investag,repag_long,rotr,st_rd,cty_rd,city_rd,oth_rd,drug_thc,thc_res,drug_cthc,cthc_res,drug_cann,prevpersemin,prevperse,prevsusoth,drugtst4,drugtst5,drugtst6,drugtst7,drugtst8,drugres4,drugres5,drugres6,drugres7,drugres8,adspresent,adsengaged,adslevel,race1,race2,race3,race4,race5,helmet,helmetmisuse,nmdistract1,nmdistract2,nmdistract3,nmdistract4,nmdistract5,nmdistract6,lab,isedtcase,crf1,crf2,crf3,CoRoadName,CoMP,IntCoRoadName,IntCoMP
2018,278,E829063,6,08/04/2018,14:40,4,8,0,25,Grant,0,1,0,1,1,2,1,0,2,1,14:59,15:10,,1,0,0,82.8,1,0,1,4,2,1,3,0,0,0,0,SR-17,,-119.4343722,47.57333333,0,1,6,12,2,60,15,0,0,1,7,1,1,1,2,1,1,2,2,53,0,12,422,1999,0,0,68,64,1,,,,1,1,37,1,0,0,2,0,20,0,11,4,,,,,0,0,0,3,1,91,0,0,0,3,,,,,,9,,,,,,98404,53,70,220,6,1,0,1,0,2,,1,,,,,,0,06/15/2017,03/15/2018,20,1,9,0,8,1,1,,,0,0,0,1,1,2,177,,,1,,,2,1,0.13,,,,,,,,,,,,,,,,,,,,,,,,,,,,,,0,0,1,0,1,1,1,1,0,0,0,0,0,0,0,0,1,0,0,1,0,0,0,0,0,0,0,0,0,1,0,0,0,0,0,,0,0,0,0,0,1,1,1,1,0,0,0,0,0,0,1,,,,,,36-40,36-45,State route,U,Saturday,Not Used,PV,Not Fatal,0,1,0,0,State Route,State Patrol,Washington State Patrol,1,1,0,0,0,,,,,,0,0,0,,,,,,,,,,,,,,,,,,,,,,,,,,,,,,,,,,,
2018,412,E860831,173,11/14/2018,12:28,14,11,0,53,Pierce,1124,10,0,1,1,2,1,1,1,1,,,,8,0,0,0,3,0,3,7,2,4,6,0,0,3,3,BRIDGEPORT WAY SW,86TH ST SW,-122.5181056,47.17949722,0,1,1,98,7,35,14,0,0,1,5,8,1,1,4,1,1,1,1,53,0,7,402,2001,0,0,63,8,38,,,,1,1,43,1,0,0,2,0,2,0,11,8,,,,,0,0,0,3,1,91,0,0,0,96,,,,,,99,,,,,,98404,53,75,230,6,1,0,0,0,0,,1,,,,,,4,,,20,0,0,0,8,9,8,,,0,0,0,8,1,2,695,,,1,,,2,1,0,,,,,,,,,,,,,,,,,,,,,,,,,,,,,,0,0,1,1,1,0,1,1,1,0,0,0,1,0,0,0,0,0,0,0,0,0,0,0,0,0,0,0,0,1,0,1,0,0,0,,0,0,0,0,0,0,1,1,0,1,0,0,0,0,1,1,,,,,,41-45,36-45,City street,U,Wednesday,Belt Used,PV,Not Fatal,1,0,0,0,City Street,Municipal/City Police,Lakewood Police Department,0,0,0,1,0,,,carboxy-thc,5.6,,0,0,0,,,,,,,,,,,,,,,,,,,,,,,,,,,,,,,,,,,
2018,448,E868699,25,11/22/2018,13:07,22,11,8,33,King,0,1,0,1,1,2,1,0,3,2,,,,12,0,2,0.2,1,0,1,4,1,2,4,0,0,0,0,CR-SE PETROVITSKY RD,,-122.0789944,47.42122778,0,1,50,10,2,98,4,0,0,1,7,12,2,2,2,1,14,1,1,53,0,7,41,2001,0,0,68,12,,,,,1,1,57,1,7,1,4,7,99,0,11,0,11/22/2018,13:07,53051340,51340,0,0,0,3,1,28,0,0,0,96,,,,,,9,,,,,,98404,53,68,140,6,1,0,2,1,4,,0,,,,,,0,07/15/2014,05/15/2018,8,0,0,0,0,9,1,,,0,0,0,1,9,2,401,417,996,1,1,1,2,1,0,,,,,,,,,,,,,,,,,,,,,,,,,,,,,,0,0,0,0,0,0,1,1,0,0,0,0,0,0,0,0,0,0,0,0,1,0,1,0,1,0,0,0,0,1,0,0,0,0,0,,1,0,0,0,0,0,1,1,0,0,0,0,0,0,1,0,,,,,,56-60,56-65,County road,R,Thursday,Unknown,PV,White,0,1,1,0,County Road,County Sheriff,King County Police,0,0,1,0,0,,,,,,0,0,0,1,,,,,996,,,,,,,,,,,,,,,,,,,,,,,,,,,,,
2019,515,E902970,290,03/17/2019,8:24,17,3,,53,Pierce,2230,1,0,1,1,2,1,0,3,3,,,,12,0,6,0,2,0,2,4,2,4,6,0,0,0,0,TACOMA AVE,S 36TH ST,-122.4391194,47.22632778,0,2,89,66,4,35,34,0,0,1,7,12,1,1,2,1,1,1,1,53,0,12,481,2006,0,0,12,63,38,,,,1,1,60,1,0,,1,0,3,0,11,5,,,,,0,0,0,3,1,0,0,0,0,96,,,,,,0,,,,,,98404,53,65,190,6,1,0,0,1,0,,0,,,,,,0,03/15/2019,03/15/2019,20,0,0,0,8,9,8,,,0,0,0,8,0,8,95,,,96,,,8,95,995,,,,,,,,,,,,,,,,,,,,,,,,,,,,,,0,0,0,1,0,0,1,1,0,0,0,0,0,1,0,0,0,0,0,0,0,0,0,0,0,0,0,0,0,1,0,0,0,0,0,,0,0,0,0,0,0,0,0,0,0,0,0,0,0,0,0,,,,,,56-60,56-65,City street,U,Sunday,Belt Used,PV,Not Fatal,1,0,0,0,City Street,Municipal/City Police,Tacoma Police Department,0,0,0,1,0,,,,,,0,0,0,,,,,,,,,,,98,98,98,0,,,,,20,7,,,,,,,,,,,,,,,
2020,133,EA33505,290,05/09/2020,12:53,9,5,,53,Pierce,2230,1,,1,1,2,1,0,5,4,12:52,12:55,,12,0,7,0,1,0,1,5,2,4,6,0,0,0,0,MCKINLEY AVE,,-122.4209917,47.18280278,0,2,48,53,3,30,4,0,0,1,2,12,1,1,2,1,1,1,1,53,0,58,38,2011,0,,12,,,,,,1,1,21,1,0,,0,0,99,7,11,0,,,,,0,0,0,3,1,0,,,,92,,,,,,98,,,,,,98404,53,70,165,6,1,0,0,0,0,,0,,,,,,0,,,20,0,0,0,8,9,8,,,0,,,8,8,8,95,,,96,,,8,95,995,,,,,,,,,,,,,,,,,,,,,,,,,,,,,,0,0,0,0,1,1,1,1,1,0,0,0,0,0,0,0,1,0,0,0,1,0,1,1,1,0,0,0,1,1,0,0,0,0,0,,0,0,0,0,0,0,0,0,1,0,0,0,0,0,0,0,,,,,,21-25,16-25,City street,U,Saturday,Unknown,PV,Not Fatal,0,0,0,0,City Street,Municipal/City Police,Tacoma Police Department,0,0,0,1,0,,,,,,0,0,0,,,,,,,,,,,98,98,98,0,,,,,20,7,,,,,,,,1,0,,,,,,
2020,133,EA33505,290,05/09/2020,12:53,9,5,,53,Pierce,2230,1,,1,1,2,1,0,5,4,12:52,12:55,,12,0,7,0,1,0,1,5,2,4,6,0,0,0,0,MCKINLEY AVE,,-122.4209917,47.18280278,0,3,98,62,4,30,34,0,0,1,2,12,1,1,2,1,1,1,2,53,0,35,471,1989,0,,12,68,64,38,,,1,1,16,1,0,,1,0,99,7,11,5,,,,,0,0,1,3,1,0,,,,96,,,,,,0,,,,,,98404,53,74,140,6,2,0,0,0,0,,0,,,,,,0,,,20,0,0,0,8,9,8,,,0,,,8,8,8,95,,,96,,,8,95,995,,,,,,,,,,,,,,,,,,,,,,,,,,,,,,0,0,0,0,1,1,1,1,1,0,0,0,0,0,0,0,1,0,0,0,1,0,1,1,1,0,0,0,1,1,0,0,0,0,0,,0,0,0,0,0,0,0,0,0,0,0,0,0,0,0,0,,,,,,16-17,16-25,City street,U,Saturday,Unknown,PV,Not Fatal,0,0,0,0,City Street,Municipal/City Police,Tacoma Police Department,0,0,0,1,0,,,,,,0,0,0,,,,,,,,,,,0,0,0,0,,,,,20,7,,,,,,,,1,0,,,,,,
2020,230,EA47878,35,07/14/2020,21:20,14,7,,53,Pierce,0,1,,2,1,2,1,0,2,1,21:30,21:40,22:17,17,0,0,0.9,1,0,1,5,2,2,4,0,3,0,0,CR-WALLER RD E,,-122.3862111,47.21433056,0,1,1,13,2,35,4,0,0,1,5,17,3,2,2,1,14,2,2,53,0,30,46,2000,0,,63,17,1,,,,1,1,55,1,0,,9,0,3,0,11,5,,,,,0,0,0,3,1,0,,,,96,,,,,,9,,,,,,98404,53,67,195,6,1,0,0,0,0,,97,,,,,,0,,,20,0,0,0,8,9,8,,,0,,,1,8,2,151,,,1,,,2,1,0,,,,,,,,,,,,,,,,,,,,,,,,,,,,,,0,0,1,0,0,0,1,1,0,0,0,0,0,0,0,0,0,0,0,0,0,0,0,0,0,0,0,0,0,1,0,0,0,0,0,,0,0,0,0,0,0,1,1,0,0,0,0,0,0,1,0,,,,,,51-55,46-55,County road,U,Tuesday,Belt Used,PV,Not Fatal,0,1,0,0,County Road,County Sheriff,Law Enforcement Support Agency,1,0,1,0,0,,,,,,0,0,0,,,,,,,,,,,98,98,98,0,,,,,20,7,,,,,,,,1,0,,,WALLER RD E,0.94,,
2020,300,EA58152,3,08/12/2020,12:38,12,8,,53,Pierce,0,1,,1,1,2,2,0,3,2,12:46,12:52,,12,0,6,48.5,2,0,2,3,2,1,3,0,0,20,3,SR-7,174TH ST S,-122.4348917,47.09929444,0,1,88,17,2,35,3,0,0,1,2,12,1,1,2,1,1,2,2,53,0,54,38,2006,0,,12,63,1,43,,,1,1,17,1,0,,3,0,3,0,11,0,,,,,0,0,3,3,1,8,39,,,96,,,,,,98,,,,,,98404,53,72,148,6,2,0,0,0,0,,2,,,,,,2,,,20,0,0,0,8,9,8,,,0,,,8,8,0,0,,,0,,,0,0,996,,,,,,,,,,,,,,,,,,,,,,,,,,,,,,0,0,0,1,1,0,0,0,0,0,0,0,1,0,0,0,0,0,0,0,1,0,1,0,1,0,0,0,0,1,0,0,0,0,0,,0,0,0,0,0,0,0,0,0,1,0,0,0,0,0,0,,,,,,16-17,16-25,State route,U,Wednesday,Belt Used,PV,Not Fatal,1,0,0,0,State Route,State Patrol,Washington State Patrol,0,1,0,0,0,,,,,,0,0,0,,,,,,,,,,,98,98,98,0,,,,,20,7,,,,,,,,1,0,,,,,,
2020,358,EA64517,3,09/02/2020,12:12,2,9,,53,Pierce,1124,1,,1,1,2,1,0,7,4,,,,12,0,1,0.3,1,0,1,3,2,1,3,0,0,0,0,SR-512,,-122.4735083,47.16163889,0,1,28,52,3,45,4,0,0,1,2,12,1,1,4,3,1,1,2,53,0,49,40,2003,0,,12,12,,,,,1,1,28,1,0,,0,0,3,0,11,0,,,,,0,0,0,2,1,0,,,,96,,,,,,98,,,,,,98404,53,72,180,1,1,0,2,1,2,,97,,,,,,4,06/15/2017,09/15/2020,20,0,0,0,8,3,8,,,0,,,8,8,8,95,,,96,,,8,95,995,,,,,,,,,,,,,,,,,,,,,,,,,,,,,,0,0,0,0,0,0,1,1,0,0,0,0,1,1,0,0,0,0,0,0,0,0,0,1,1,0,0,0,0,1,0,0,0,0,0,,0,0,0,0,0,0,0,0,0,1,0,1,0,0,0,0,,,,,,26-30,26-35,State route,U,Wednesday,Belt Used,PV,Not Fatal,0,0,0,0,State Route,State Patrol,Washington State Patrol,0,1,0,0,0,,,,,,0,0,3,,,,,,,,,,,98,98,98,0,,,,,20,7,,,,,,,,1,0,,,,,,
2020,558,EA67727,290,09/29/2020,18:30,29,9,,53,Pierce,2230,1,,5,1,2,1,0,6,3,,,,12,0,6,0,2,0,2,7,2,4,6,0,0,0,0,S 7TH ST,S Madison St,-122.4904639,47.25442222,0,1,88,17,2,25,34,0,0,1,5,12,1,1,8,1,1,3,9,99,0,7,482,2015,0,,12,14,,,,,1,1,18,1,0,,1,0,3,0,11,0,,,,,0,0,0,0,1,0,,,,96,,,,,,98,,,,,,98404,53,74,320,0,0,0,0,0,0,,97,,,,,,3,,,8,0,0,0,8,9,8,,,0,,,8,8,8,95,,,96,,,8,95,995,,,,,,,,,,,,,,,,,,,,,,,,,,,,,,0,0,0,1,0,0,0,0,0,0,0,0,1,1,0,0,1,0,0,0,0,1,1,0,1,0,0,0,0,1,1,0,0,0,0,,0,0,0,0,0,0,0,0,0,1,0,1,0,0,0,0,,,,,,18-20,16-25,City street,U,Tuesday,Belt Used,PV,Not Fatal,1,0,0,0,City Street,Municipal/City Police,Tacoma Police Department,0,0,0,1,0,,,,,,0,0,0,,,,,,,,,,,98,98,98,0,,,,,20,7,,,,,,,,1,0,,,,,,
2020,558,EA67727,290,09/29/2020,18:30,29,9,,53,Pierce,2230,1,,5,1,2,1,0,6,3,,,,12,0,6,0,2,0,2,7,2,4,6,0,0,0,0,S 7TH ST,S Madison St,-122.4904639,47.25442222,0,2,89,17,2,25,6,0,0,1,5,12,1,1,8,1,1,3,2,53,0,48,34,1997,0,,12,,,,,,1,1,45,1,7,,4,0,3,0,11,5,10/05/2020,19:30,1.96053E+11,48968,0,0,3,2,1,0,,,,92,,,,,,98,,,,,,98404,53,69,150,1,1,0,1,0,0,,97,,,,,,0,02/15/2018,02/15/2018,8,0,0,0,0,9,8,,,0,,,8,8,8,95,,,96,,,8,95,995,,,,,,,,,,,,,,,,,,,,,,,,,,,,,,0,0,0,1,0,0,0,0,0,0,0,0,1,1,0,0,1,0,0,0,0,1,1,0,1,0,0,0,0,1,1,0,0,0,0,,1,0,0,0,0,0,0,0,1,0,0,1,0,0,0,0,,,,,,41-45,36-45,City street,U,Tuesday,Belt Used,PV,Black,1,0,0,0,City Street,Municipal/City Police,Tacoma Police Department,0,0,0,1,0,,,,,,0,0,1,,,,,,,,,,,0,0,0,2,,,,,20,7,,,,,,,,1,0,,,,,,
2021,72,EB15552,35,03/19/2021,17:05,19,3,,53,Pierce,0,1,,1,1,2,1,0,3,2,,,,12,0,6,1.5,2,0,2,4,2,2,4,0,0,3,3,CR-WOODLAND AVE E,72ND ST E,-122.3364194,47.19138333,0,1,86,17,2,35,4,0,0,1,2,12,2,2,4,1,14,2,1,53,0,49,40,1997,0,,12,,,,,,1,1,47,1,0,,9,0,3,0,11,5,,,,,0,0,0,0,1,39,,,,96,,,,,,9,,,,,,98404,53,69,145,0,0,0,0,0,0,,2,11,,,,,3,,,1,0,0,0,8,9,8,,,0,,,8,1,8,95,,,96,,,2,1,0.19,,,,,,,,,,,,,,,,,,,,,,,,,,,,,,0,0,0,1,1,1,1,1,0,0,0,0,1,1,0,0,0,0,0,0,0,0,0,0,0,0,0,0,0,1,0,0,0,0,0,,0,0,0,0,0,1,0,1,0,1,0,1,0,1,0,1,,,,,,46-50,46-55,County road,U,Friday,Belt Used,PV,Not Fatal,1,0,0,0,County Road,County Sheriff,Law Enforcement Support Agency,0,0,1,0,0,,,,,,0,0,0,,,,,,,,,,,0,0,0,0,,,,,20,,,,,,,,,1,0,,,PIONEER WAY E,1.45,072 ST E,7.73
2021,634,EB30534,303,05/15/2021,21:04,15,5,,53,Pierce,2337,1,,3,1,1,1,0,5,1,,,,39,0,0,0,3,0,6,4,2,4,6,0,0,0,0,GRANDVIEW DR W,Olympic Blvd W,-122.557925,47.22204444,0,1,1,9,1,25,4,0,0,1,2,39,1,1,2,1,1,5,2,53,0,19,21,2007,0,,64,69,63,39,2,,1,1,29,1,0,,3,0,20,7,11,0,,,,,0,0,0,0,1,0,,,,96,,,,,,98,,,,,,98404,53,69,192,0,0,0,0,0,0,,97,,,,,,3,,,8,0,0,0,8,9,8,,,0,,,8,8,2,1,,,1,,,2,1,0.13,,,,,,,,,,,,,,,,,,,,,,,,,,,,,,0,0,1,1,1,1,0,1,0,0,0,0,1,1,0,0,0,0,0,1,0,0,0,0,0,0,0,0,0,1,0,0,0,0,0,,0,0,0,0,0,1,0,1,0,1,0,1,0,1,0,1,,,,,,26-30,26-35,City street,U,Saturday,Not Used,PV,Not Fatal,0,0,0,0,City Street,Municipal/City Police,University Place Police Department,0,0,0,1,0,,,,,,0,0,0,,,,,,,,,,,98,98,98,0,,,,,20,,,,,,,,,1,0,,,,,,
2021,151,EB33553,3,05/07/2021,3:48,7,5,,53,Pierce,1350,1,,3,1,2,1,1,4,2,,,,8,0,0,139.3,1,0,1,1,2,1,1,0,0,0,0,I-5,,-122.3313667,47.25476944,0,1,13,80,5,60,4,0,0,1,5,8,1,1,5,3,1,2,1,53,0,20,22,2006,0,,8,,,,,,1,1,29,2,0,,0,0,3,0,11,0,,,,,0,0,0,3,1,0,,,,96,,,,,,98,,,,,,98404,53,66,200,6,1,0,0,0,0,,0,,,,,,0,,,20,0,0,0,8,9,8,,,0,,,8,8,0,0,,,0,,,0,0,996,,,,,,,,,,,,,,,,,,,,,,,,,,,,,,0,0,0,0,0,0,0,0,0,0,0,0,0,0,0,0,0,0,0,0,0,0,0,0,0,0,0,0,0,1,0,1,0,0,0,,0,0,0,0,0,0,0,0,0,0,0,0,0,0,0,0,,,,,,26-30,26-35,Interstate,U,Friday,Belt Used,PV,Not Fatal,0,0,0,0,State Route,State Patrol,Washington State Patrol,0,1,0,0,0,,,,,,0,0,0,,,,,,,,,,,98,98,98,0,,,,,20,,,,,,,,,1,0,,,,,,
2021,608,EB39478,35,06/15/2021,6:12,15,6,,53,Pierce,0,10,,4,2,2,1,0,3,2,,,,12,0,2,4,1,0,1,3,2,2,4,0,0,0,0,CR-SPANAWAY LOOP RD S,,-122.4604417,47.14588056,0,1,50,10,2,40,34,0,0,1,2,12,2,1,2,1,14,1,2,53,0,7,472,1993,0,,68,12,,,,,1,1,33,1,7,,4,0,20,7,11,5,06/21/2021,6:08,2.23053E+11,30563,0,0,0,3,1,28,,,,92,,,,,,98,,,,,,98404,53,69,188,6,1,0,3,1,2,,2,,,,,,0,05/15/2018,10/15/2021,20,0,0,0,0,9,8,,,0,,,8,8,2,996,401,417,1,1,1,2,1,0,,,,,,,,,,,,,,,,,,,,,,,,,,,,,,0,0,0,0,0,0,1,1,0,0,0,0,0,0,0,0,1,0,0,1,0,0,0,1,1,0,0,0,0,1,0,0,0,1,0,,1,0,0,0,0,0,1,1,1,0,0,0,0,0,1,0,,,,,,31-35,26-35,County road,U,Tuesday,Not Used,PV,White,0,1,1,0,County Road,County Sheriff,Law Enforcement Support Agency,0,0,1,0,0,,,,,,0,0,5,1,1,,,,151,996,,,,0,0,0,1,,,,,20,,,,,,,,,1,0,,,SPANAWAY LOOP RD S,4.03,NULL,
2021,252,EB52161,262,06/23/2021,22:10,23,6,,33,King,1958,1,,3,1,2,3,0,3,2,,,,12,0,2,,2,0,3,4,2,4,6,0,0,0,0,MILITARY RD S,S 209th St,-122.2881778,47.41455278,0,2,51,62,4,35,15,0,0,1,2,12,1,2,2,1,1,2,2,53,0,12,422,2006,0,,12,,,,,,1,1,21,1,1,,4,0,20,7,11,5,06/24/2021,16:20,1.96053E+11,32433,0,0,0,2,1,0,,,,96,,,,,,98,,,,,,98404,53,73,360,1,1,0,2,3,3,,0,,,,,,0,01/15/2019,06/15/2021,8,0,0,0,0,9,8,,,0,,,8,8,2,695,605,996,1,1,1,2,1,0,,,,,,,,,,,,,,,,,,,,,,,,,,,,,,0,0,0,1,0,0,1,1,1,0,0,0,0,1,0,0,0,0,0,1,0,0,0,1,1,0,0,0,0,1,0,0,0,1,0,,1,0,0,0,0,0,1,1,0,0,0,1,0,0,1,0,,,,,,21-25,16-25,City street,U,Wednesday,Not Used,PV,Hispanic,0,1,1,0,City Street,Municipal/City Police,SeaTac Police Department,0,0,0,1,0,,,,,,0,0,2,,,,,,,,,,,98,98,98,98,,,,,20,,,,,,,,,1,0,,,,,,
2021,281,EB55845,35,08/06/2021,1:31,6,8,,53,Pierce,0,8,,2,2,2,2,0,2,1,,,,21,0,0,4.9,1,0,1,4,2,2,4,0,0,0,0,CR-WALLER RD E,,-122.3888861,47.15834722,0,1,6,6,1,35,2,0,0,1,2,21,1,1,2,1,1,2,2,53,0,12,3,2006,0,,68,64,21,,,,1,1,46,1,7,,4,7,20,7,11,0,08/06/2021,1:31,53038512,38512,0,0,3,2,1,0,,,,96,,,,,,98,,,,,,98404,53,70,194,1,1,0,1,3,2,,0,,,,,,4,05/15/2016,08/15/2021,8,0,0,0,0,9,8,,,0,,,8,8,2,996,996,401,1,1,1,2,1,0,,,,,,,,,,,,,,,,,,,,,,,,,,,,,,0,0,1,0,0,0,1,1,0,0,0,0,1,1,0,0,0,0,0,1,0,0,0,0,0,0,0,0,0,1,0,0,0,1,0,,1,0,0,0,0,0,1,1,0,1,0,1,0,0,1,0,,,,,,46-50,46-55,County road,U,Friday,Not Used,PV,White,0,1,0,0,County Road,County Sheriff,Law Enforcement Support Agency,1,0,1,0,0,,,,,,0,0,4,1,,,,,417,,,,,98,98,98,1,,,,,20,,,,,,,,,1,0,,,WALLER RD E,4.87,NULL,
2021,598,EB56571,290,08/05/2021,5:54,5,8,,53,Pierce,2230,1,,1,0,0,1,0,2,2,,,,12,0,2,0,8,0,1,3,2,4,6,0,0,0,0,E PORTLAND AVE,,-122.4082056,47.22915556,0,1,82,15,2,0,34,0,0,1,5,12,0,0,0,0,11,1,1,53,0,20,481,2013,0,,12,,,,,,1,1,52,1,0,,0,0,3,0,11,0,,,,,0,0,0,0,1,38,,,,96,,,,,,98,,,,,,98404,53,66,165,0,0,0,0,0,0,,46,,,,,,0,,,20,0,0,0,8,9,8,,,0,,,8,8,8,95,,,96,,,8,95,995,,,,,,,,,,,,,,,,,,,,,,,,,,,,,,0,0,0,0,0,0,0,0,0,0,0,0,0,1,0,0,0,0,1,0,0,0,0,0,0,0,0,0,1,1,0,0,0,0,0,,0,0,0,0,0,0,0,0,0,0,1,1,0,0,0,0,,,,,,51-55,46-55,City street,U,Thursday,Belt Used,PV,Not Fatal,0,0,0,0,City Street,Municipal/City Police,Tacoma Police Department,0,0,0,1,0,,,,,,0,0,0,,,,,,,,,,,98,98,98,0,,,,,20,,,,,,,,,0,0,,,,,,
2021,315,EB60893,290,08/22/2021,13:28,22,8,,53,Pierce,2230,10,,1,1,2,1,0,2,2,,,,12,0,6,0,2,0,2,4,2,4,6,0,0,0,0,S 56TH ST,S I St,-122.4458611,47.20638611,0,1,68,15,2,30,4,0,0,1,2,12,1,1,2,1,11,1,2,53,0,42,48,2001,0,,12,,,,,,1,1,36,1,0,,0,0,3,0,11,0,,,,,0,0,3,3,1,38,,,,96,,,,,,98,,,,,,98404,53,71,165,6,1,0,1,0,3,,97,,,,,,0,08/15/2017,09/15/2021,20,0,0,0,8,2,8,,,0,,,8,0,8,95,,,96,,,2,10,0,,,,,,,,,,,,,,,,,,,,,,,,,,,,,,0,0,0,1,0,0,0,0,0,0,0,0,0,0,0,0,0,0,1,0,0,0,0,0,0,0,0,0,1,1,0,0,0,0,0,,0,0,0,0,0,0,0,0,0,0,1,0,0,0,0,0,,,,,,36-40,36-45,City street,U,Sunday,Belt Used,PV,Not Fatal,1,0,0,0,City Street,Municipal/City Police,Tacoma Police Department,0,0,0,1,0,,,,,,0,0,0,,,,,,,,,,,98,98,98,0,,,,,20,,,,,,,,,1,0,,,,,,
2021,414,EB78244,3,08/14/2021,8:08,14,8,,53,Pierce,2230,1,,1,1,2,1,0,2,2,,,,12,0,6,2.9,2,0,2,2,2,1,3,0,3,3,3,SR-509,ALEXANDER AVE,-122.373025,47.24734444,0,2,89,66,4,35,34,0,0,1,2,12,1,1,3,1,1,1,2,53,0,12,471,1994,0,,12,,,,,,1,1,78,1,7,,4,7,3,0,11,0,08/14/2021,8:08,2.23053E+11,40426,0,0,0,3,1,0,,,,96,,,,,,98,,,,,,98404,53,65,110,6,1,0,0,0,0,,0,,,,,,0,,,20,0,0,0,0,9,8,,,0,,,8,8,2,996,,,1,,,2,1,0,,,,,,,,,,,,,,,,,,,,,,,,,,,,,,0,0,0,1,0,0,1,1,0,0,0,0,0,0,0,0,1,0,0,0,0,0,0,0,0,1,1,1,0,1,1,0,0,0,0,,1,0,0,0,0,0,1,1,0,0,0,0,0,0,1,0,,,,,,76-80,76+,State route,U,Saturday,Belt Used,PV,API,1,0,0,0,State Route,State Patrol,Washington State Patrol,0,1,0,0,0,,,,,,0,0,0,,,,,,,,,,,0,0,0,48,,,,,20,,,,,,,,,1,0,,,,,,
2021,473,EB90345,3,11/04/2021,23:52,4,11,,53,Pierce,0,10,,2,2,2,1,1,3,1,,,,8,0,0,1.8,1,0,1,3,2,1,3,0,3,0,0,SR-167,,-122.3740611,47.2286,0,1,13,80,5,50,34,0,0,1,2,8,1,1,5,5,1,3,2,53,0,23,481,2017,0,,8,,,,,,1,1,21,2,0,,0,0,3,0,11,0,,,,,0,0,0,3,1,0,,,,96,,,,,,0,,,,,,98404,53,65,160,6,1,0,0,0,0,,0,,,,,,0,,,8,0,0,0,8,9,8,,,0,,,8,8,8,95,,,96,,,8,95,995,,,,,,,,,,,,,,,,,,,,,,,,,,,,,,0,0,0,0,0,0,0,0,0,1,0,1,0,0,0,0,0,1,0,0,0,0,0,1,1,0,0,0,0,1,0,1,0,0,0,,0,0,0,0,0,0,0,0,0,0,0,0,0,0,0,0,,,,,,21-25,16-25,State route,U,Thursday,Belt Used,PV,Not Fatal,0,0,0,0,State Route,State Patrol,Washington State Patrol,0,1,0,0,0,,,,,,0,0,0,,,,,,,,,,,98,98,98,0,,,,,20,,,,,,,,,1,0,,,,,,