year,case,par,repjur,crash_dt,crash_tm,accday,accmon,holiday,county,co_char,city,weather,weather2,lightcond,surfcond,surftype,numfatal,nmforms,pforms,vforms,not_tm,arr_tm,hosp_tm,fhevent,hitrun,manncol,milepnt,reljunc,reljuncinter,intersectiontype,funcsystem,landuse,ownership,route,schlbus,spejur,contdev,devfunc,trafid1,trafid2,x,y,wk_zone,vnumber,crashtype,criticalevent,criticaleventcat,spdlim,body,trailer,emerg,hazcargo,leave,mhevent,roadalgn,roadprof,traflane,trafflow,vehmanvr,numoccs,regowner,regstate,spuse,make,model,modelyr,vrf1,vrf2,seqevent1,seqevent2,seqevent3,seqevent4,seqevent5,seqevent6,pnumber,ptype,age,sex,hispanic,race,injury,diedscene,restraint,restraintmisuse,seatpos,takehosp,death_dt,death_tm,cert,cernum_wa,commlic,licendor,licrestrict,liccomp,drivpres,drf1,drf2,drf3,drf4,distract1,distract2,distract3,distract4,distract5,distract6,dricond1,dricond2,dricond3,dricond4,dricond5,dricond6,dzip,licstate,drhgt_in,weight,noncdl,noncdltype,prevdwi,prevoth,prevacc,prevspd,prevsus,driviol1,driviol2,driviol3,driviol4,driviol5,driviol6,spdrel,first_dt,last_dt,airbag,ejection,ejectpath,extricat,injurwrk,methalc,methdrug,nmlocat,strikveh,prf1,prf2,prf3,druginv,alcinvol,drugsts,drugres1,drugres2,drugres3,drugtst1,drugtst2,drugtst3,alcsts,alctst,alcres,nmact1,nmact2,nmact3,nmact4,nmact5,nmact6,nmprior1,nmprior2,nmprior3,nmprior4,nmprior5,nmprior6,nmcond1,nmcond2,nmcond3,nmcond4,nmcond5,nmcond6,nmsafe_helmet,nmsafe_pads,nmsafe_oth,nmprev_ref,nmprev_lgt,nmprev_oth,crashlocation,nmcrashtype,crosswalk,schoolzone,sidewalk,train_inv,wildlife_inv,rotr_fars,intersect_fars,dd_inv,aid_inv,dpd_inv,id_inv,mj_inv,impnm_inv,ainm_inv,dpnm_inv,speed_inv,unlic_inv,unendmc_inv,drowsy_inv,drdist_inv,nmdist_inv,fty_inv,unrestfat_inv,dr1617_inv,dr1820_inv,dr1620_inv,dr2125_inv,dr1625_inv,dr65_inv,dr70_inv,dr75_inv,mc_inv,pv_inv,ht_inv,ped_inv,bike_inv,unrest_fat,mc_fat,unhelmet_mc,pv_fat,ht_fat,ped_fat,bike_fat,dr_alc7,dr_alc8,dr_drug,dr_imp,dr_dist,dr_spd,dr_fty,dr_unlic,dr_alc7only,dr_alc8only,dr_drugonly,dr_drink,nm_imp,nm_alc7,nm_alc8,nm_drug,nm_dist,agegrp1,agegrp2,roadclass,urbrur,dayweek,restuse,vehtype,race_me,intersect,lanedep,oppdir,wrongway,rep_typ,investag,repag_long,rotr,st_rd,cty_rd,city_rd,oth_rd,drug_thc,thc_res,drug_cthc,cthc_res,drug_cann,prevpersemin,prevperse,prevsusoth,drugtst4,drugtst5,drugtst6,drugtst7,drugtst8,drugres4,drugres5,drugres6,drugres7,drugres8,adspresent,adsengaged,adslevel,race1,race2,race3,race4,race5,helmet,helmetmisuse,nmdistract1,nmdistract2,nmdistract3,nmdistract4,nmdistract5,nmdistract6,lab,isedtcase,crf1,crf2,crf3,CoRoadName,CoMP,IntCoRoadName,IntCoMP
2021,492,EB93792,290,11/25/2021,15:45,25,11,,53,Pierce,2230,2,,1,2,2,1,1,1,1,,,,8,0,0,0,1,0,1,7,2,4,6,0,0,0,0,E 56TH ST,,-122.4011667,47.20608056,0,1,13,80,5,98,6,0,0,1,5,8,1,1,8,1,1,1,1,53,0,12,24,2012,0,,8,,,,,,1,1,24,1,0,,0,0,99,7,11,0,,,,,0,0,0,3,1,0,,,,96,,,,,,0,,,,,,98404,53,72,195,6,1,0,0,0,1,,0,,,,,,0,04/15/2019,04/15/2019,20,0,0,0,8,9,8,,,0,,,8,8,2,1,,,1,,,8,95,995,,,,,,,,,,,,,,,,,,,,,,,,,,,,,,0,0,0,0,0,0,0,0,0,0,0,0,0,0,0,0,0,1,0,0,0,0,0,1,1,0,0,0,0,1,0,1,0,0,0,,0,0,0,0,0,0,0,0,0,0,0,0,0,0,0,0,,,,,,21-25,16-25,City street,U,Thursday,Unknown,PV,Not Fatal,0,0,0,0,City Street,Municipal/City Police,Tacoma Police Department,0,0,0,1,0,,,,,,0,0,0,,,,,,,,,,,98,98,98,0,,,,,20,,,,,,,,,1,0,,,,,,
2017,365,E715833,8,09/09/2017,1:58,9,9,0,35,Kitsap,1730,10,0,2,1,2,1,0,3,2,,,,12,0,2,10.7,1,0,1,3,2,1,3,0,0,0,0,SR-305,,-122.6333556,47.72409722,0,2,51,62,4,40,34,0,0,1,2,12,3,1,2,1,14,1,1,53,0,12,481,2013,0,0,12,,,,,,1,1,59,1,0,0,1,0,3,0,11,5,,,,,0,0,3,3,1,0,0,0,0,96,,,,,,9,,,,,,98405,53,75,245,6,1,0,0,0,0,0,0,,,,,,0,,,8,0,0,0,8,1,8,,,0,0,0,8,1,2,605,0,0,1,0,0,2,1,0.13,,,,,,,,,,,,,,,,,,,,,,,,,,,,,,0,0,0,0,1,1,1,1,1,0,0,0,0,1,0,0,0,0,0,1,0,0,0,0,0,0,0,0,0,1,0,0,0,0,0,,0,0,0,0,0,1,1,1,0,0,0,0,0,0,0,1,,,,,,56-60,56-65,State route,U,Saturday,Belt Used,PV,Not Fatal,0,1,1,0,State Route,State Patrol,Washington State Patrol Headquarter,0,1,0,0,0,thc,7.3,carboxy-thc,28,,,,,,,,,,,,,,,,,,,,,,,,,,,,,,,,,,,,,,,
2017,471,E735207,3,11/09/2017,18:12,9,11,0,53,Pierce,0,2,0,3,2,2,1,1,1,1,18:10,18:14,,8,0,0,52,1,0,1,3,2,1,3,0,0,0,0,SR-7,,-122.4342111,47.16280556,0,1,13,80,5,35,14,0,0,1,5,8,1,1,5,5,1,1,1,53,0,2,404,1999,0,0,8,,,,,,1,1,49,1,0,0,0,0,3,0,11,0,,,,,0,0,3,2,1,0,0,0,0,0,,,,,,0,,,,,,98405,53,69,245,3,1,0,2,5,2,1,99,,,,,,0,02/15/2014,04/15/2017,20,0,0,0,8,9,8,,,0,0,0,8,0,9,999,0,0,9,0,0,9,99,999,,,,,,,,,,,,,,,,,,,,,,,,,,,,,,0,0,0,0,0,0,0,0,0,1,0,1,0,1,0,0,0,0,0,0,0,0,0,0,0,0,0,0,0,1,0,1,0,0,0,,0,0,0,0,0,0,0,0,0,0,0,1,0,0,0,0,,,,,,46-50,46-55,State route,U,Thursday,Belt Used,PV,Not Fatal,0,0,0,0,State Route,State Patrol,Washington State Patrol Headquarter,0,1,0,0,0,,,,,,,,,,,,,,,,,,,,,,,,,,,,,,,,,,,,,,,,,,,
2019,506,E942491,3,07/13/2019,12:43,13,7,,53,Pierce,2230,1,0,1,1,2,1,0,2,2,,,,38,0,0,0,8,0,1,7,2,4,6,0,0,0,0,N 9TH ST,N MILDRED ST,-122.5225528,47.25786111,0,1,14,8,1,98,14,0,0,1,2,12,1,1,2,1,98,1,1,53,0,12,401,1999,0,0,71,38,41,12,25,,1,1,66,1,7,,4,0,99,7,11,4,07/13/2019,14:25,2.23053E+11,31618,0,0,3,3,1,0,0,0,0,0,,,,,,1,,,,,,98405,53,75,210,6,1,0,0,0,0,,0,,,,,,0,,,1,0,0,0,0,9,8,,,0,0,0,8,9,8,95,,,96,,,8,95,995,,,,,,,,,,,,,,,,,,,,,,,,,,,,,,0,0,0,0,0,0,0,0,0,0,0,0,0,0,0,0,0,0,0,0,0,0,0,0,0,1,0,0,0,1,0,0,0,0,0,,1,0,0,0,0,0,0,0,0,0,0,0,0,0,0,0,,,,,,66-70,66-75,City street,U,Saturday,Unknown,PV,White,0,0,0,0,City Street,State Patrol,Washington State Patrol,0,0,0,1,0,,,,,,0,0,0,,,,,,,,,,,0,0,0,1,,,,,20,7,,,,,,,,,,,,,,,
2019,472,E992886,297,12/11/2019,18:35,11,12,,33,King,2310,2,0,3,6,2,1,1,3,2,,,,8,0,0,0,3,0,2,7,2,4,6,0,0,0,0,S 124TH ST,46TH AVE S,-122.276,47.49231667,0,2,98,98,7,25,34,0,0,1,5,8,1,1,2,1,1,1,1,53,0,12,481,2016,0,0,8,,,,,,1,1,24,1,0,,0,0,3,0,11,0,,,,,0,0,0,3,1,0,0,0,0,96,,,,,,98,,,,,,98405,53,68,195,6,1,0,0,2,0,,0,,,,,,0,11/15/2016,08/15/2018,20,0,0,0,8,9,8,,,0,0,0,8,8,8,95,,,96,,,8,95,995,,,,,,,,,,,,,,,,,,,,,,,,,,,,,,0,0,0,1,0,0,0,0,0,1,1,0,0,0,0,0,0,0,1,0,0,0,0,1,1,1,1,0,0,1,0,1,0,0,0,,0,0,0,0,0,0,0,0,0,0,0,0,0,0,0,0,,,,,,21-25,16-25,City street,U,Wednesday,Belt Used,PV,Not Fatal,1,0,0,0,City Street,Municipal/City Police,Tukwila Police Department,0,0,0,1,0,,,,,,0,0,0,,,,,,,,,,,98,98,98,0,,,,,20,7,,,,,,,,,,,,,,,
2020,218,EA45303,290,07/06/2020,15:38,6,7,,53,Pierce,2230,1,,1,1,2,1,0,2,2,15:45,15:48,16:24,12,0,2,0,1,0,1,4,2,4,6,0,0,0,0,S 56TH ST,,-122.4548667,47.20649722,0,1,50,10,2,30,2,0,0,1,2,12,1,1,5,5,1,1,2,53,0,37,31,1999,0,,68,12,,,,,1,1,39,1,7,,4,7,99,7,11,0,07/06/2020,15:38,2.23053E+11,31638,0,0,0,2,1,28,,,,96,,,,,,98,,,,,,98405,53,71,200,6,1,0,0,0,0,,0,,,,,,4,04/15/2020,04/15/2020,1,0,0,0,0,9,8,,,0,,,8,8,2,401,417,128,1,1,1,2,1,0,,,,,,,,,,,,,,,,,,,,,,,,,,,,,,0,0,0,0,0,0,1,1,1,0,0,0,1,0,0,0,0,0,0,0,0,0,0,0,0,0,0,0,0,1,0,0,0,0,0,,1,0,0,0,0,0,1,1,0,1,0,0,0,0,1,0,,,,,,36-40,36-45,City street,U,Monday,Unknown,PV,White,0,1,1,0,City Street,Municipal/City Police,Tacoma Police Department,0,0,0,1,0,thc,27,carboxy-thc,27,,0,0,1,1,1,1,,,177,157,695,605,,0,0,0,1,,,,,20,7,,,,,,,0,1,0,,,,,,
2021,571,EB44305,290,06/28/2021,16:28,28,6,,53,Pierce,2230,1,,1,1,2,1,0,2,2,,,,12,0,1,0,3,0,2,7,2,4,6,0,0,20,3,S WASHINGTON ST,6th Ave,-122.4851083,47.25526389,0,1,20,50,3,35,14,0,0,1,2,12,1,1,2,1,10,1,1,53,0,12,401,1996,0,,12,,,,,,1,1,70,1,7,,4,0,20,7,11,4,06/28/2021,17:42,2.23053E+11,35598,0,0,0,0,1,26,,,,96,,,,,,9,,,,,,98405,53,68,220,0,0,0,0,0,0,,0,,,,,,0,,,20,0,0,0,0,9,8,,,0,,,1,8,2,401,417,151,1,1,1,2,1,0,,,,,,,,,,,,,,,,,,,,,,,,,,,,,,0,0,0,1,0,0,1,1,0,0,0,0,0,1,0,0,0,0,0,1,0,0,0,0,0,1,1,0,0,1,0,0,0,1,0,,1,0,0,0,0,0,1,1,0,0,0,1,0,0,1,0,,,,,,66-70,66-75,City street,U,Monday,Not Used,PV,White,1,0,0,0,City Street,Municipal/City Police,Tacoma Police Department,0,0,0,1,0,,,,,,0,0,0,,,,,,,,,,,0,0,0,1,,,,,20,,,,,,,,,1,0,,,,,,
2021,317,EB61224,3,08/02/2021,16:14,2,8,,53,Pierce,2230,1,,1,1,2,1,0,1,1,,,,25,0,0,0.3,5,1,1,1,2,1,1,0,0,0,0,I-5 RAMP,,-122.4632194,47.22911389,0,1,1,12,2,98,4,0,0,1,2,25,2,2,2,6,14,1,1,53,0,37,32,2005,0,,64,69,63,25,1,,1,1,34,1,7,,4,7,99,7,11,0,08/02/2021,16:14,2.23053E+11,37451,0,0,3,3,1,0,,,,92,,,,,,98,,,,,,98405,53,68,200,6,1,0,4,0,4,,0,,,,,,0,06/15/2017,11/15/2021,8,1,9,0,0,9,8,,,0,,,8,8,2,402,605,,1,1,,2,1,0.156,,,,,,,,,,,,,,,,,,,,,,,,,,,,,,0,0,1,0,1,1,1,1,1,0,0,0,0,0,0,0,1,0,0,0,0,0,0,0,0,0,0,0,0,1,0,0,0,0,0,,1,0,0,0,0,1,1,1,1,0,0,0,0,0,0,1,,,,,,31-35,26-35,Interstate,U,Monday,Unknown,PV,Black,0,1,0,0,State Route,State Patrol,Washington State Patrol,1,1,0,0,0,thc,8.1,,,,0,0,3,,,,,,,,,,,98,98,98,2,,,,,20,,,,,,,,nms,1,0,,,,,,
2021,628,EC01621,290,12/17/2021,16:45,17,12,,53,Pierce,2230,2,,3,2,2,1,0,5,3,,,,12,0,6,,2,0,2,3,2,4,6,0,0,20,3,S ORCHARD ST,48th St W,-122.5052333,47.21381111,0,2,82,66,4,30,4,0,0,1,2,12,1,2,5,5,11,1,1,53,0,7,24,2010,0,,12,,,,,,1,1,26,2,0,,0,0,3,0,11,0,,,,,0,0,0,3,1,0,,,,96,,,,,,0,,,,,,98405,53,73,250,6,1,0,0,0,0,,0,,,,,,0,,,8,0,0,0,8,9,8,,,0,,,8,8,8,95,,,96,,,8,95,995,,,,,,,,,,,,,,,,,,,,,,,,,,,,,,0,0,0,1,0,0,0,0,0,0,0,0,1,1,1,0,0,0,0,0,0,0,0,0,0,0,0,0,1,1,0,0,0,0,0,,0,0,0,0,0,0,0,0,0,0,0,0,0,0,0,0,,,,,,26-30,26-35,City street,U,Friday,Belt Used,PV,Not Fatal,1,0,0,0,City Street,Municipal/City Police,Tacoma Police Department,0,0,0,1,0,,,,,,0,0,0,,,,,,,,,,,98,98,98,0,,,,,20,,,,,,,,,1,0,,,,,,
2017,344,E708509,3,08/06/2017,18:29,6,8,0,53,Pierce,0,1,0,1,1,2,1,0,5,2,18:26,18:46,19:20,12,0,2,14.8,1,0,1,3,2,1,3,0,0,0,0,SR-302,,-122.6523167,47.37719167,0,1,50,10,2,40,2,0,0,1,2,12,3,2,2,1,14,3,2,53,0,37,31,2003,0,0,68,12,,,,,1,1,19,2,0,0,2,0,3,0,11,8,,,,,0,0,0,3,1,28,91,0,0,96,,,,,,9,,,,,,98406,53,65,136,6,1,0,0,0,0,0,1,,,,,,0,,,1,0,0,0,8,9,8,,,0,0,0,8,1,2,402,605,0,1,1,0,2,1,0.12,,,,,,,,,,,,,,,,,,,,,,,,,,,,,,0,0,0,0,1,1,1,1,1,0,0,0,0,0,0,0,0,0,0,0,0,1,1,1,1,0,0,0,0,1,0,0,0,0,0,,0,0,0,0,0,1,1,1,0,0,0,0,0,0,0,1,,,,,,18-20,16-25,State route,U,Sunday,Belt Used,PV,Not Fatal,0,1,1,0,State Route,State Patrol,Washington State Patrol Headquarter,0,1,0,0,0,thc,8.8,carboxy-thc,48,,,,,,,,,,,,,,,,,,,,,,,,,,,,,,,,,,,,,,,
2018,237,E819564,35,07/19/2018,14:54,19,7,0,53,Pierce,0,1,0,1,1,2,2,0,6,3,14:55,15:09,,12,0,2,3.2,2,0,2,4,2,2,4,0,0,20,3,CR-GOLDEN GIVEN RD E,85TH ST E,-122.4156806,47.17999167,0,1,83,17,2,35,80,0,0,1,7,12,1,1,2,1,1,2,2,53,0,53,706,1991,0,0,12,60,54,,,,1,1,48,1,7,1,4,7,19,0,11,0,07/19/2018,14:54,53032516,32516,0,0,0,2,1,39,0,0,0,96,,,,,,99,,,,,,98406,53,70,223,1,1,0,0,1,0,,0,,,,,,3,05/15/2014,02/15/2016,20,8,0,0,0,9,8,,,0,0,0,8,9,2,401,417,,1,1,,2,1,0,,,,,,,,,,,,,,,,,,,,,,,,,,,,,,0,0,0,1,0,0,1,1,0,0,0,0,1,1,1,0,0,0,0,0,0,0,0,0,0,1,0,0,1,1,0,0,0,0,1,0,0,0,0,0,0,0,1,1,0,1,0,1,0,0,1,0,,,,,,46-50,46-55,County road,U,Thursday,,MC,White,1,0,0,0,County Road,County Sheriff,Law Enforcement Support Agency,0,0,1,0,0,,,,,,0,0,2,,,,,,,,,,,,,,,,,,,,,,,,,,,,,,,,,,,
2019,267,E946872,3,08/03/2019,18:12,3,8,,53,Pierce,2230,1,0,1,1,2,1,0,4,3,,,,12,0,98,0.1,1,0,1,1,2,1,1,0,0,0,0,I-5,,-122.4269722,47.23494722,0,1,98,12,2,60,20,0,0,1,2,12,1,1,2,2,15,1,2,53,0,12,442,2002,0,0,64,12,69,12,64,24,1,1,62,2,0,,0,0,3,0,11,0,,,,,0,0,0,3,1,91,0,0,0,96,,,,,,9,,,,,,98406,53,66,150,6,1,0,0,0,0,,1,11,,,,,0,,,1,0,0,0,8,9,8,,,0,0,0,8,1,2,1,,,1,,,2,1,0.13,,,,,,,,,,,,,,,,,,,,,,,,,,,,,,0,0,0,0,1,1,0,1,0,0,0,0,0,0,0,0,0,0,0,0,0,0,0,1,1,0,0,0,1,1,0,0,0,0,0,,0,0,0,0,0,1,0,1,0,0,0,0,0,1,0,1,,,,,,61-65,56-65,Interstate,U,Saturday,Belt Used,PV,Not Fatal,0,0,0,0,State Route,State Patrol,Washington State Patrol,0,1,0,0,0,,,,,,0,0,0,,,,,,,,,,,98,98,98,0,,,,,20,7,,,,,,,,,,,,,,,
2020,218,EA45303,290,07/06/2020,15:38,6,7,,53,Pierce,2230,1,,1,1,2,1,0,2,2,15:45,15:48,16:24,12,0,2,0,1,0,1,4,2,4,6,0,0,0,0,S 56TH ST,,-122.4548667,47.20649722,0,2,51,62,4,30,34,0,0,1,2,12,1,1,5,5,1,1,1,53,0,20,473,2005,0,,12,,,,,,1,1,43,2,0,,3,0,99,7,11,5,,,,,0,0,0,3,1,0,,,,96,,,,,,0,,,,,,98406,53,61,110,6,1,0,1,1,0,,0,,,,,,0,03/15/2017,03/15/2017,1,0,0,0,8,9,8,,,0,,,8,8,8,95,,,96,,,8,95,995,,,,,,,,,,,,,,,,,,,,,,,,,,,,,,0,0,0,0,0,0,1,1,1,0,0,0,1,0,0,0,0,0,0,0,0,0,0,0,0,0,0,0,0,1,0,0,0,0,0,,0,0,0,0,0,0,0,0,0,0,0,0,0,0,0,0,,,,,,41-45,36-45,City street,U,Monday,Unknown,PV,Not Fatal,0,1,1,0,City Street,Municipal/City Police,Tacoma Police Department,0,0,0,1,0,,,,,,0,0,1,,,,,,,,,,,98,98,98,0,,,,,20,7,,,,,,,,1,0,,,,,,
2020,527,EB10973,199,01/03/2020,16:47,3,1,,53,Pierce,1350,2,,5,2,2,1,1,1,1,,,,8,0,0,2,1,0,1,3,2,1,3,0,3,0,0,SR-99,,-122.3362278,47.25696389,0,1,13,80,5,45,6,0,0,1,5,8,1,1,5,5,1,1,1,53,0,48,45,2016,0,,8,,,,,,1,1,51,1,0,,0,0,3,0,11,0,,,,,0,0,3,3,1,0,,,,96,,,,,,98,,,,,,98406,53,72,205,6,1,0,0,0,1,,0,,,,,,0,02/15/2019,02/15/2019,20,0,0,0,8,9,8,,,0,,,8,8,8,95,,,96,,,2,98,0,,,,,,,,,,,,,,,,,,,,,,,,,,,,,,0,0,0,0,0,0,0,0,0,1,0,1,0,0,0,0,0,0,0,0,0,0,0,0,0,0,0,0,0,1,0,1,0,0,0,,0,0,0,0,0,0,0,0,0,0,0,0,0,0,0,0,,,,,,51-55,46-55,State route,U,Friday,Belt Used,PV,Not Fatal,0,0,0,0,State Route,Municipal/City Police,Milton Police Department,0,1,0,0,0,,,,,,0,0,0,,,,,,,,,,,98,98,98,0,,,,,20,7,,,,,,,,0,0,,,,,,
2021,393,EB74821,3,09/27/2021,20:37,27,9,,53,Pierce,2230,2,,3,2,2,1,0,1,1,,,,35,0,0,2.9,1,0,1,2,2,1,3,0,0,0,0,SR-16,,-122.5077833,47.24625278,0,1,1,13,2,60,4,0,0,1,2,35,1,1,4,3,15,1,2,6,0,35,43,2019,0,,63,35,42,,,,1,1,33,1,1,,4,7,3,0,11,0,09/27/2021,20:37,2.23053E+11,51486,0,0,0,0,1,0,,,,96,,,,,,98,,,,,,98406,53,,999,0,0,0,0,0,0,,0,,,,,,4,,,8,0,0,0,0,9,8,,,0,,,8,8,2,1,,,1,,,2,1,0.187,,,,,,,,,,,,,,,,,,,,,,,,,,,,,,0,0,1,0,1,1,0,1,0,0,0,0,1,1,0,0,0,0,0,0,0,0,0,0,0,0,0,0,0,1,0,0,0,0,0,,1,0,0,0,0,1,0,1,0,1,0,1,0,1,0,1,,,,,,31-35,26-35,State route,U,Monday,Belt Used,PV,Hispanic,0,1,0,0,State Route,State Patrol,Washington State Patrol,1,1,0,0,0,,,,,,0,0,0,,,,,,,,,,,98,98,98,98,,,,,20,,,,,,,,,1,0,,,,,,
2017,166,E631361,290,01/12/2017,15:20,12,1,0,53,Pierce,2230,1,0,1,1,2,1,0,1,1,15:21,15:52,16:10,33,0,0,0,3,0,2,3,2,4,6,0,0,0,0,N 21ST ST,FERDINAND,-122.5023278,47.26735278,0,1,6,12,2,30,4,0,0,1,5,1,1,2,2,3,1,1,1,53,0,49,32,2003,0,0,64,33,25,1,,,1,1,84,2,7,58,4,0,3,0,11,5,01/19/2017,0:55,2.23053E+11,3210,0,0,3,3,1,0,0,0,0,93,,,,,,0,,,,,,98407,53,61,130,6,1,0,0,0,0,0,0,,,,,,0,,,1,0,0,0,0,9,8,,,0,0,0,8,0,0,0,0,0,0,0,0,0,0,996,,,,,,,,,,,,,,,,,,,,,,,,,,,,,,0,0,1,1,0,0,0,0,0,0,0,0,0,0,0,0,1,0,0,0,0,0,0,0,0,1,1,1,0,1,0,0,0,0,0,,1,0,0,0,0,0,0,0,1,0,0,0,0,0,0,0,,,,,,81+,76+,City street,U,Thursday,Belt Used,PV,API,0,1,0,0,City Street,Municipal/City Police,Tacoma Police Department,1,0,0,1,0,,,,,,,,,,,,,,,,,,,,,,,,,,,,,,,,,,,,,,,,,,,
2017,153,E680077,8,05/15/2017,8:42,15,5,0,45,Mason,0,10,0,1,2,2,1,0,4,3,8:46,9:24,10:06,12,0,1,7.4,1,0,1,3,1,1,3,0,0,0,0,SR-3,,-123.0280528,47.25756944,0,2,25,53,3,50,34,0,0,1,2,12,1,2,2,1,1,1,2,53,0,35,481,2009,0,0,12,,,,,,1,1,34,2,0,0,1,0,3,0,11,8,,,,,0,0,0,3,1,0,0,0,0,0,,,,,,0,,,,,,98407,53,66,135,6,1,0,0,1,0,0,0,,,,,,0,01/15/2015,01/15/2015,20,0,0,0,8,9,8,,,0,0,0,8,0,0,0,0,0,0,0,0,0,0,996,,,,,,,,,,,,,,,,,,,,,,,,,,,,,,0,0,0,0,0,0,1,1,0,0,0,0,0,0,0,0,1,0,0,0,0,0,0,0,0,0,0,0,0,0,0,0,0,0,0,,0,0,0,0,0,0,0,0,0,0,0,0,0,0,0,0,,,,,,31-35,26-35,State route,R,Monday,Belt Used,PV,Not Fatal,0,0,0,0,State Route,State Patrol,Washington State Patrol Headquarter,0,1,0,0,0,,,,,,,,,,,,,,,,,,,,,,,,,,,,,,,,,,,,,,,,,,,
2018,386,E844987,290,10/03/2018,19:00,3,10,0,53,Pierce,2230,1,0,5,1,2,1,0,2,2,,,,12,0,6,0,2,0,3,4,2,4,6,0,0,0,0,N NARROWS DR,N JACKSON AVE,-122.53705,47.26473333,0,2,83,67,4,35,80,0,0,1,7,12,3,8,2,1,14,1,1,53,0,73,705,2008,0,0,12,,,,,,1,1,33,1,7,1,4,7,19,0,11,0,10/03/2018,19:00,2.23053E+11,43458,0,0,0,3,1,0,0,0,0,96,,,,,,0,,,,,,98407,53,75,210,6,1,0,0,0,0,,0,,,,,,0,,,20,8,0,0,0,9,8,,,0,0,0,8,0,2,1,,,1,,,2,1,0,,,,,,,,,,,,,,,,,,,,,,,,,,,,,,0,0,0,1,0,0,0,0,0,0,0,0,0,0,0,0,0,0,1,0,0,0,0,0,0,0,0,0,1,1,0,0,0,0,1,0,0,0,0,0,0,0,0,0,0,0,0,0,0,0,0,0,,,,,,31-35,26-35,City street,U,Wednesday,,MC,White,1,0,0,0,City Street,Municipal/City Police,Tacoma Police Department,0,0,0,1,0,,,,,,0,0,0,,,,,,,,,,,,,,,,,,,,,,,,,,,,,,,,,,,
2019,180,E928835,290,06/10/2019,12:36,10,6,,53,Pierce,2230,1,0,1,0,0,1,1,1,1,,,,8,0,0,0,8,0,1,7,2,4,6,0,0,0,0,N 26TH ST,N HIGHLAND ST,-122.5133222,47.27111944,0,1,13,80,5,0,14,0,0,1,5,8,0,0,0,0,11,1,1,53,0,2,404,2002,0,0,8,,,,,,1,1,74,1,0,,0,0,3,0,11,0,,,,,0,0,3,3,1,0,0,0,0,93,,,,,,0,,,,,,98407,53,68,200,6,1,0,0,0,0,,0,,,,,,0,,,20,0,0,0,8,9,8,,,0,0,0,8,0,8,95,,,96,,,8,95,995,,,,,,,,,,,,,,,,,,,,,,,,,,,,,,0,0,0,0,0,0,0,0,0,1,0,1,0,0,0,0,1,0,0,0,0,0,0,0,0,1,1,0,0,1,0,1,0,0,0,,0,0,0,0,0,0,0,0,1,0,0,0,0,0,0,0,,,,,,71-75,66-75,City street,U,Monday,Belt Used,PV,Not Fatal,0,0,0,0,City Street,Municipal/City Police,Tacoma Police Department,0,0,0,1,0,,,,,,0,0,0,,,,,,,,,,,98,98,98,0,,,,,20,7,,,,,,,,,,,,,,,
2019,219,E938697,7,06/23/2019,2:12,23,6,,33,King,735,1,0,2,1,1,1,0,2,2,,,,24,0,0,144.5,1,0,1,1,2,1,1,0,0,0,0,I-5,,-122.2942111,47.32418333,0,2,98,98,7,60,5,0,0,1,7,12,1,1,5,3,1,1,1,53,0,37,39,2008,0,0,12,,,,,,1,1,25,2,0,,2,0,3,0,11,8,,,,,0,0,0,3,1,0,0,0,0,96,,,,,,0,,,,,,98407,53,68,150,6,1,0,0,1,1,,0,,,,,,0,09/15/2016,09/15/2016,1,0,0,0,8,9,8,,,0,0,0,8,0,8,95,,,96,,,8,95,995,,,,,,,,,,,,,,,,,,,,,,,,,,,,,,0,0,1,0,1,1,1,1,1,0,0,0,0,0,0,0,0,0,0,0,0,0,0,1,1,0,0,0,0,1,0,0,0,0,0,,0,0,0,0,0,0,0,0,0,0,0,0,0,0,0,0,,,,,,21-25,16-25,Interstate,U,Sunday,Belt Used,PV,Not Fatal,0,1,0,0,State Route,State Patrol,Washington State Patrol,1,1,0,0,0,,,,,,0,0,0,,,,,,,,,,,98,98,98,0,,,,,20,7,,,,,,,,,,,,,,,
2019,330,E961241,127,09/12/2019,16:04,12,9,,33,King,735,1,0,1,1,2,1,0,1,1,,,,33,0,0,0,3,0,2,7,2,4,6,0,0,3,3,SW 356TH ST,8TH AVE SW,-122.3452389,47.28195556,0,1,6,12,2,40,80,0,0,1,7,30,2,2,5,5,14,1,1,53,0,50,705,2012,0,0,68,64,33,69,30,,1,1,42,1,7,,4,7,20,7,11,0,09/12/2019,16:04,73553040734,40734,0,0,3,3,1,0,0,0,0,17,,,,,,99,,,,,,98407,53,71,170,6,1,0,0,1,1,,0,,,,,,4,08/15/2016,08/15/2016,20,8,0,0,0,9,8,,,0,0,0,8,9,2,996,996,,1,1,,2,1,0.28,,,,,,,,,,,,,,,,,,,,,,,,,,,,,,0,0,1,1,1,1,1,1,0,0,0,0,1,0,0,0,1,0,0,0,0,0,0,0,0,0,0,0,1,0,0,0,0,0,1,0,0,0,0,0,0,1,1,1,1,1,0,0,0,0,0,1,,,,,,41-45,36-45,City street,U,Thursday,,MC,White,0,1,0,0,City Street,Municipal/City Police,Federal Way Dept of Public Safety,1,0,0,1,0,,,,,,0,0,0,,,,,,,,,,,0,0,0,1,,,,,19,0,,,,,,,,,,,,,,,