year,case,par,repjur,crash_dt,crash_tm,accday,accmon,holiday,county,co_char,city,weather,weather2,lightcond,surfcond,surftype,numfatal,nmforms,pforms,vforms,not_tm,arr_tm,hosp_tm,fhevent,hitrun,manncol,milepnt,reljunc,reljuncinter,intersectiontype,funcsystem,landuse,ownership,route,schlbus,spejur,contdev,devfunc,trafid1,trafid2,x,y,wk_zone,vnumber,crashtype,criticalevent,criticaleventcat,spdlim,body,trailer,emerg,hazcargo,leave,mhevent,roadalgn,roadprof,traflane,trafflow,vehmanvr,numoccs,regowner,regstate,spuse,make,model,modelyr,vrf1,vrf2,seqevent1,seqevent2,seqevent3,seqevent4,seqevent5,seqevent6,pnumber,ptype,age,sex,hispanic,race,injury,diedscene,restraint,restraintmisuse,seatpos,takehosp,death_dt,death_tm,cert,cernum_wa,commlic,licendor,licrestrict,liccomp,drivpres,drf1,drf2,drf3,drf4,distract1,distract2,distract3,distract4,distract5,distract6,dricond1,dricond2,dricond3,dricond4,dricond5,dricond6,dzip,licstate,drhgt_in,weight,noncdl,noncdltype,prevdwi,prevoth,prevacc,prevspd,prevsus,driviol1,driviol2,driviol3,driviol4,driviol5,driviol6,spdrel,first_dt,last_dt,airbag,ejection,ejectpath,extricat,injurwrk,methalc,methdrug,nmlocat,strikveh,prf1,prf2,prf3,druginv,alcinvol,drugsts,drugres1,drugres2,drugres3,drugtst1,drugtst2,drugtst3,alcsts,alctst,alcres,nmact1,nmact2,nmact3,nmact4,nmact5,nmact6,nmprior1,nmprior2,nmprior3,nmprior4,nmprior5,nmprior6,nmcond1,nmcond2,nmcond3,nmcond4,nmcond5,nmcond6,nmsafe_helmet,nmsafe_pads,nmsafe_oth,nmprev_ref,nmprev_lgt,nmprev_oth,crashlocation,nmcrashtype,crosswalk,schoolzone,sidewalk,train_inv,wildlife_inv,rotr_fars,intersect_fars,dd_inv,aid_inv,dpd_inv,id_inv,mj_inv,impnm_inv,ainm_inv,dpnm_inv,speed_inv,unlic_inv,unendmc_inv,drowsy_inv,drdist_inv,nmdist_inv,fty_inv,unrestfat_inv,dr1617_inv,dr1820_inv,dr1620_inv,dr2125_inv,dr1625_inv,dr65_inv,dr70_inv,dr75_inv,mc_inv,pv_inv,ht_inv,ped_inv,bike_inv,unrest_fat,mc_fat,unhelmet_mc,pv_fat,ht_fat,ped_fat,bike_fat,dr_alc7,dr_alc8,dr_drug,dr_imp,dr_dist,dr_spd,dr_fty,dr_unlic,dr_alc7only,dr_alc8only,dr_drugonly,dr_drink,nm_imp,nm_alc7,nm_alc8,nm_drug,nm_dist,agegrp1,agegrp2,roadclass,urbrur,dayweek,restuse,vehtype,race_me,intersect,lanedep,oppdir,wrongway,rep_typ,investag,repag_long,rotr,st_rd,cty_rd,city_rd,oth_rd,drug_thc,thc_res,drug_cthc,cthc_res,drug_cann,prevpersemin,prevperse,prevsusoth,drugtst4,drugtst5,drugtst6,drugtst7,drugtst8,drugres4,drugres5,drugres6,drugres7,drugres8,adspresent,adsengaged,adslevel,race1,race2,race3,race4,race5,helmet,helmetmisuse,nmdistract1,nmdistract2,nmdistract3,nmdistract4,nmdistract5,nmdistract6,lab,isedtcase,crf1,crf2,crf3,CoRoadName,CoMP,IntCoRoadName,IntCoMP
2020,16,EA06709,3,01/20/2020,19:05,20,1,,53,Pierce,0,1,,2,1,2,1,0,4,2,19:15,19:39,20:20,12,0,2,29.3,1,0,1,4,1,1,3,0,0,0,0,SR-7,,-122.3259667,46.86493611,0,1,50,10,2,50,4,0,0,1,2,12,2,1,2,1,14,1,1,53,0,30,40,2016,0,,68,12,,,,,1,1,21,1,0,,3,0,3,0,11,5,,,,,0,0,0,3,1,91,,,,9,,,,,,0,,,,,,98407,53,74,190,6,1,0,2,1,0,,2,,,,,,0,12/15/2017,08/15/2018,8,0,0,0,8,9,8,,,0,,,8,8,0,0,,,0,,,0,0,996,,,,,,,,,,,,,,,,,,,,,,,,,,,,,,0,0,0,0,0,0,0,0,0,0,0,0,0,0,0,0,1,0,0,0,0,0,0,1,1,1,0,0,0,1,0,0,0,0,0,,0,0,0,0,0,0,0,0,1,0,0,0,0,0,0,0,,,,,,21-25,16-25,State route,R,Monday,Belt Used,PV,Not Fatal,0,1,1,0,State Route,State Patrol,Washington State Patrol,0,1,0,0,0,,,,,,0,0,0,,,,,,,,,,,98,98,98,0,,,,,20,7,,,,,,,,1,0,,,,,,
2020,129,EA32709,7,05/08/2020,1:13,8,5,,33,King,100,1,,3,1,2,1,0,2,2,1:15,1:23,1:52,12,0,2,18.3,1,0,1,3,2,1,3,0,0,0,0,SR-167,,-122.2446861,47.32770278,0,1,52,54,3,98,6,0,0,1,2,12,1,1,3,3,1,1,1,53,0,49,47,2003,0,,12,,,,,,1,1,33,2,7,,4,7,3,0,11,0,05/08/2020,1:13,10053022458,22458,0,0,3,3,1,51,,,,96,,,,,,9,,,,,,98407,53,62,190,6,1,0,0,1,0,,0,,,,,,0,12/15/2018,12/15/2018,8,0,0,0,0,1,8,,,0,,,1,1,2,695,605,,1,1,,2,1,0.24,,,,,,,,,,,,,,,,,,,,,,,,,,,,,,0,0,0,0,1,1,1,1,1,0,0,0,0,0,0,0,0,0,0,0,0,0,0,0,0,0,0,0,0,1,0,0,0,0,0,,1,0,0,0,0,1,1,1,0,0,0,0,0,0,0,1,,,,,,31-35,26-35,State route,U,Friday,Belt Used,PV,White,0,0,0,1,State Route,State Patrol,Washington State Patrol,0,1,0,0,0,thc,12,carboxy-thc,888,,0,0,0,,,,,,,,,,,98,98,98,1,,,,,20,7,,,,,,,,1,0,,,,,,
2020,476,EA87388,290,12/07/2020,20:27,7,12,,53,Pierce,2230,10,,3,1,2,1,0,3,2,,,,42,0,0,55.4,1,0,1,3,2,1,3,0,0,0,0,SR-7,,-122.4338667,47.19988611,0,1,1,13,2,35,34,0,0,1,5,42,1,1,5,5,1,2,2,53,0,20,481,1995,0,,63,42,69,12,,,1,1,56,1,0,,3,0,3,0,11,5,,,,,0,0,3,2,1,0,,,,96,,,,,,9,,,,,,98407,53,69,165,1,1,0,1,0,0,,97,,,,,,0,08/15/2016,08/15/2018,1,0,0,0,8,9,8,,,0,,,1,8,8,95,,,96,,,8,95,995,,,,,,,,,,,,,,,,,,,,,,,,,,,,,,0,0,1,0,0,0,0,0,0,0,0,0,0,1,0,0,0,0,0,0,0,0,0,0,0,1,0,0,0,1,1,0,0,0,0,,0,0,0,0,0,0,0,0,0,0,0,1,0,0,0,0,,,,,,56-60,56-65,State route,U,Monday,Belt Used,PV,Not Fatal,0,1,0,0,State Route,Municipal/City Police,Tacoma Police Department,1,1,0,0,0,,,,,,0,0,2,,,,,,,,,,,0,0,0,0,,,,,20,7,,,,,,,,1,0,,,,,,
2021,370,EB71298,7,09/18/2021,15:45,18,9,,33,King,0,2,,1,2,1,3,0,3,2,,,,12,0,6,21.3,1,0,1,1,1,1,1,0,0,0,0,I-90,,-121.9285444,47.52013889,0,1,98,9,1,70,4,0,0,1,2,12,1,2,4,2,1,2,1,53,0,13,13,2016,0,,64,65,12,,,,1,1,42,1,1,,4,7,3,0,11,0,09/18/2021,15:45,53047466,47466,0,0,0,3,1,28,58,,,96,,,,,,98,,,,,,98407,53,68,210,6,1,0,0,0,0,,0,,,,,,4,,,99,0,0,0,0,9,8,,,0,,,8,8,2,124,996,695,1,1,1,2,1,0,,,,,,,,,,,,,,,,,,,,,,,,,,,,,,0,0,0,0,0,0,1,1,1,0,0,0,1,0,0,0,0,0,0,0,0,0,0,0,0,0,0,0,0,1,0,0,0,0,0,,1,0,0,0,0,0,1,1,0,1,0,0,0,0,1,0,,,,,,41-45,36-45,Interstate,R,Saturday,Belt Used,PV,Hispanic,0,1,0,0,State Route,State Patrol,Washington State Patrol,1,1,0,0,0,thc,14,carboxy-thc,24,,0,0,0,1,,,,,605,,,,,98,98,98,1,,,,,20,,,,,,,,nms,1,0,,,,,,
2018,366,E848776,7,10/06/2018,1:28,6,10,7,33,King,0,1,0,2,2,2,1,0,1,1,,,,24,0,0,20.8,1,0,1,3,1,1,3,0,0,0,0,SR-18,,-121.9764111,47.43555556,0,1,7,6,1,55,4,0,0,1,7,1,3,2,2,3,14,1,1,53,0,49,32,1989,0,0,64,24,1,,,,1,1,26,2,7,1,4,7,3,0,11,0,10/06/2018,1:28,53044435,44435,0,0,0,2,1,0,0,0,0,96,,,,,,99,,,,,,98408,53,61,130,1,1,0,0,0,4,,0,,,,,,4,08/15/2018,09/15/2018,20,0,0,0,0,9,8,,,0,0,0,8,9,2,605,695,,1,1,,2,1,0,,,,,,,,,,,,,,,,,,,,,,,,,,,,,,0,0,0,0,0,0,1,1,1,0,0,0,1,1,0,0,0,0,0,0,0,0,0,0,0,0,0,0,0,1,0,0,0,0,0,,1,0,0,0,0,0,1,1,0,1,0,1,0,0,1,0,,,,,,26-30,26-35,State route,R,Saturday,Belt Used,PV,White,0,1,0,0,State Route,State Patrol,Washington State Patrol,1,1,0,0,0,thc,3.1,carboxy-thc,25,,0,0,0,,,,,,,,,,,,,,,,,,,,,,,,,,,,,,,,,,,
2019,108,E899539,290,03/05/2019,16:52,5,3,,53,Pierce,2230,1,0,1,1,1,1,0,2,2,,,,12,0,6,0,2,0,2,7,2,4,6,0,0,0,0,S ASOTIN ST,S 49TH ST,-122.4564056,47.21299722,0,1,87,17,2,25,2,0,0,1,5,12,1,1,2,1,1,1,2,53,0,12,3,2010,0,0,12,,,,,,1,1,32,1,0,,0,0,3,0,11,0,,,,,0,0,3,3,1,38,0,0,0,93,,,,,,0,,,,,,98408,53,65,145,6,1,0,0,0,0,,46,,,,,,0,,,20,0,0,0,8,9,8,,,0,0,0,8,0,8,95,,,96,,,8,95,995,,,,,,,,,,,,,,,,,,,,,,,,,,,,,,0,0,0,1,0,0,0,0,0,0,0,0,0,0,0,0,1,0,1,0,0,0,0,0,0,1,1,1,0,1,0,0,0,0,0,,0,0,0,0,0,0,0,0,1,0,1,0,0,0,0,0,,,,,,31-35,26-35,City street,U,Tuesday,Belt Used,PV,Not Fatal,1,0,0,0,City Street,Municipal/City Police,Tacoma Police Department,0,0,0,1,0,,,,,,0,0,0,,,,,,,,,,,98,98,98,0,,,,,20,7,,,,,,,,,,,,,,,
2019,108,E899539,290,03/05/2019,16:52,5,3,,53,Pierce,2230,1,0,1,1,1,1,0,2,2,,,,12,0,6,0,2,0,2,7,2,4,6,0,0,0,0,S ASOTIN ST,S 49TH ST,-122.4564056,47.21299722,0,2,86,66,4,25,6,0,0,1,5,12,1,1,2,1,1,1,2,53,0,6,52,2002,0,0,12,,,,,,1,1,76,2,7,,4,0,3,0,11,6,03/07/2019,14:06,2.23053E+11,11510,0,0,3,3,1,0,0,0,0,96,,,,,,0,,,,,,98408,53,64,170,6,1,0,0,0,0,,0,,,,,,0,,,1,0,0,0,0,9,8,,,0,0,0,8,0,8,95,,,96,,,8,95,995,,,,,,,,,,,,,,,,,,,,,,,,,,,,,,0,0,0,1,0,0,0,0,0,0,0,0,0,0,0,0,1,0,1,0,0,0,0,0,0,1,1,1,0,1,0,0,0,0,0,,1,0,0,0,0,0,0,0,0,0,0,0,0,0,0,0,,,,,,76-80,76+,City street,U,Tuesday,Belt Used,PV,White,1,0,0,0,City Street,Municipal/City Police,Tacoma Police Department,0,0,0,1,0,,,,,,0,0,0,,,,,,,,,,,98,98,98,1,,,,,20,7,,,,,,,,,,,,,,,
2020,133,EA33505,290,05/09/2020,12:53,9,5,,53,Pierce,2230,1,,1,1,2,1,0,5,4,12:52,12:55,,12,0,7,0,1,0,1,5,2,4,6,0,0,0,0,MCKINLEY AVE,,-122.4209917,47.18280278,0,1,48,51,3,30,80,0,0,1,2,12,1,1,2,1,6,1,1,53,0,72,706,2005,0,,12,68,12,12,,,1,1,41,1,7,,4,7,20,7,11,0,05/09/2020,12:53,2.23053E+11,23475,0,0,0,3,1,8,,,,96,,,,,,98,,,,,,98408,53,76,220,6,1,0,1,0,1,,0,,,,,,0,11/15/2017,02/15/2017,20,8,0,0,0,9,8,,,0,,,8,8,2,695,605,,1,1,,2,1,0.21,,,,,,,,,,,,,,,,,,,,,,,,,,,,,,0,0,0,0,1,1,1,1,1,0,0,0,0,0,0,0,1,0,0,0,1,0,1,1,1,0,0,0,1,1,0,0,0,0,1,0,0,0,0,0,0,1,1,1,0,0,0,0,0,0,0,1,,,,,,41-45,36-45,City street,U,Saturday,,MC,White,0,0,0,0,City Street,Municipal/City Police,Tacoma Police Department,0,0,0,1,0,thc,25,carboxy-thc,37,,0,0,2,,,,,,,,,,,0,0,0,1,,,,,19,0,,,,,,,,1,0,,,,,,
2020,350,EA63827,3,08/19/2020,15:16,19,8,,53,Pierce,0,10,,1,1,2,1,0,6,4,15:14,15:24,16:02,12,0,2,47,1,0,1,3,2,1,3,0,0,0,0,SR-7,,-122.4300917,47.07997222,0,1,51,62,4,40,15,0,0,1,2,12,1,1,5,5,1,3,1,53,0,20,421,2005,0,,12,68,12,,,,1,1,59,2,0,,1,0,3,0,11,5,,,,,0,0,0,3,1,0,,,,96,,,,,,0,,,,,,98408,53,69,158,6,1,0,0,2,0,,0,,,,,,0,08/15/2016,06/15/2018,8,0,0,0,8,9,8,,,0,,,8,8,0,0,,,0,,,0,0,996,,,,,,,,,,,,,,,,,,,,,,,,,,,,,,0,0,0,0,1,0,1,1,1,0,0,0,0,1,0,0,0,0,0,0,0,0,0,0,0,1,1,1,0,1,0,0,0,0,0,,0,0,0,0,0,0,0,0,0,0,0,0,0,0,0,0,,,,,,56-60,56-65,State route,U,Wednesday,Belt Used,PV,Not Fatal,0,1,1,0,State Route,State Patrol,Washington State Patrol,0,1,0,0,0,,,,,,0,0,0,,,,,,,,,,,98,98,98,0,,,,,20,7,,,,,,,,1,0,,,,,,
2021,100,EB21855,35,04/08/2021,12:15,8,4,,53,Pierce,0,1,,1,1,2,1,0,2,2,,,,12,0,2,7.4,1,0,1,3,2,2,4,0,0,0,0,CR-CANYON RD E,,-122.3573667,47.14634167,0,2,52,54,3,45,66,1,0,1,2,12,1,1,6,1,1,1,3,53,0,82,881,2001,0,,12,,,,,,1,1,58,1,0,,0,0,3,0,11,0,,,,,6,1,3,3,1,0,,,,96,,,,,,98,,,,,,98408,53,73,200,6,1,0,0,0,0,,0,,,,,,0,,,20,0,0,0,8,9,8,,,0,,,8,8,8,95,,,96,,,8,95,995,,,,,,,,,,,,,,,,,,,,,,,,,,,,,,0,0,0,0,0,0,1,1,0,0,0,0,0,1,0,0,0,0,0,0,0,0,0,0,0,0,0,0,0,1,1,0,0,0,0,,0,0,0,0,0,0,0,0,0,0,0,0,0,0,0,0,,,,,,56-60,56-65,County road,U,Thursday,,MHTRUCK,Not Fatal,0,1,1,0,County Road,County Sheriff,Law Enforcement Support Agency,0,0,1,0,0,,,,,,0,0,0,,,,,,,,,,,98,98,98,0,,,,,20,,,,,,,,,1,0,,,CANYON RD E,7.37,NULL,
2021,284,EB55918,290,08/07/2021,23:32,7,8,,53,Pierce,2230,1,,3,1,2,2,0,5,2,,,,12,0,6,0,2,0,2,3,2,4,6,0,0,3,3,S 72ND ST,S Yakima Ave,-122.4432528,47.19190556,0,2,87,66,4,30,4,0,0,1,2,12,1,2,3,1,1,2,2,53,0,9,20,2001,0,,12,63,38,,,,1,1,63,1,7,,4,7,3,0,11,0,08/07/2021,23:32,2.23053E+11,38442,0,0,0,3,1,0,,,,96,,,,,,98,,,,,,98408,53,72,175,6,1,0,0,0,0,,0,,,,,,0,,,1,0,0,0,0,9,8,,,0,,,8,8,8,95,,,96,,,8,95,995,,,,,,,,,,,,,,,,,,,,,,,,,,,,,,0,0,0,1,1,0,1,1,1,0,0,0,0,1,0,0,0,0,1,0,0,0,0,1,1,0,0,0,0,1,0,0,0,0,0,,1,0,0,0,0,0,0,0,0,0,0,0,0,0,0,0,,,,,,61-65,56-65,City street,U,Saturday,Belt Used,PV,White,1,0,0,0,City Street,Municipal/City Police,Tacoma Police Department,0,0,0,1,0,,,,,,0,0,0,,,,,,,,,,,98,98,98,1,,,,,20,,,,,,,,,1,0,,,,,,
2021,310,EB60039,290,08/19/2021,19:56,19,8,,53,Pierce,2230,1,,1,1,2,2,0,10,4,,,,12,0,6,0,2,0,3,1,2,1,1,0,0,3,3,I-5 RAMP,S HOSMER ST,-122.4631722,47.17924444,0,4,98,62,4,35,34,0,0,1,2,12,1,1,5,5,2,1,2,53,0,7,482,2010,0,,12,,,,,,1,1,46,1,0,,1,0,3,0,11,5,,,,,0,0,0,3,1,0,,,,96,,,,,,98,,,,,,98408,53,68,225,6,1,0,0,0,0,,0,,,,,,0,,,1,0,0,0,8,9,8,,,0,,,8,8,8,95,,,96,,,8,95,995,,,,,,,,,,,,,,,,,,,,,,,,,,,,,,0,0,0,1,0,0,1,1,0,0,0,0,1,1,0,0,0,0,1,0,0,0,0,0,0,0,0,0,0,1,0,0,0,0,0,,0,0,0,0,0,0,0,0,0,0,0,0,0,0,0,0,,,,,,46-50,46-55,Interstate,U,Thursday,Belt Used,PV,Not Fatal,1,0,0,0,State Route,Municipal/City Police,Tacoma Police Department,0,1,0,0,0,,,,,,0,0,0,,,,,,,,,,,98,98,98,0,,,,,20,,,,,,,,,1,0,,,,,,
2021,386,EB73928,7,10/01/2021,14:13,1,10,,33,King,735,1,,1,1,1,1,0,2,2,,,,12,0,1,142.1,1,0,1,1,2,1,1,0,0,0,0,I-5,,-122.3060694,47.29043889,0,1,24,6,1,60,80,0,0,1,2,12,1,1,5,3,1,1,1,53,0,37,705,2009,0,,12,,,,,,1,1,47,1,7,,4,0,20,7,11,5,10/01/2021,15:37,73553054706,54706,0,0,0,3,1,0,,,,96,,,,,,98,,,,,,98408,53,66,145,6,1,0,0,0,3,,0,,,,,,4,02/15/2017,04/15/2020,20,8,0,0,0,9,8,,,0,,,8,8,2,996,348,996,1,1,1,2,1,0,,,,,,,,,,,,,,,,,,,,,,,,,,,,,,0,0,0,0,0,0,1,1,0,0,0,0,1,0,0,0,0,0,0,0,0,0,0,1,1,0,0,0,1,1,0,0,0,0,1,0,0,0,0,0,0,0,1,1,0,1,0,0,0,0,1,0,,,,,,46-50,46-55,Interstate,U,Friday,,MC,Multiracial,0,0,0,0,State Route,State Patrol,Washington State Patrol,0,1,0,0,0,,,,,,0,0,0,1,1,,,,996,151,,,,0,0,0,278,201,204,,,5,,,,,,,,,1,0,,,,,,
2017,209,E683703,3,06/16/2017,22:57,16,6,0,53,Pierce,2230,1,0,3,1,2,1,0,4,2,,,,14,0,0,0.1,1,0,1,1,2,1,1,0,0,0,0,I-5 RAMP Q113002,,-122.4622139,47.19157222,1,1,11,13,2,60,4,0,0,1,2,14,2,2,2,3,14,1,2,53,0,12,13,2001,0,0,63,14,,,,,1,1,30,1,7,2,4,0,20,0,11,8,06/17/2017,0:04,2.23053E+11,28062,0,0,0,2,1,0,0,0,0,92,,,,,,99,,,,,,98409,53,75,180,1,1,0,2,0,0,4,0,,,,,,0,01/15/2013,06/15/2017,8,0,0,0,0,9,8,,,0,0,0,8,9,0,0,0,0,0,0,0,0,0,996,,,,,,,,,,,,,,,,,,,,,,,,,,,,,,0,0,0,0,0,0,0,0,0,0,0,0,0,1,0,0,1,0,0,1,0,0,0,0,0,0,0,0,0,1,1,0,0,1,0,,1,0,0,0,0,0,0,0,1,0,0,1,0,0,0,0,,,,,,26-30,26-35,Interstate,U,Friday,Not Used,PV,Black,0,1,0,0,State Route,State Patrol,Washington State Patrol Headquarter,1,1,0,0,0,,,,,,,,,,,,,,,,,,,,,,,,,,,,,,,,,,,,,,,,,,,
2017,268,E696573,173,07/29/2017,12:30,29,7,0,53,Pierce,1124,1,0,1,1,2,1,0,2,2,,,,12,0,6,0,2,0,3,3,2,4,6,0,0,3,3,S TACOMA WAY,STELLACOOM BLVD SW,-122.4838167,47.17665,0,2,82,66,4,35,5,0,0,1,5,12,1,2,6,1,11,1,1,53,0,37,39,2007,0,0,12,,,,,,1,1,22,2,0,0,1,0,3,0,11,8,,,,,0,0,3,3,1,0,0,0,0,0,,,,,,0,,,,,,98409,53,62,190,6,1,0,0,0,0,0,0,,,,,,0,,,2,0,0,0,8,9,8,,,0,0,0,8,0,0,0,0,0,0,0,0,0,0,996,,,,,,,,,,,,,,,,,,,,,,,,,,,,,,0,0,0,1,0,0,1,1,1,0,0,0,1,1,1,0,0,0,0,0,0,0,0,1,1,0,0,0,1,1,0,0,0,0,0,,0,0,0,0,0,0,0,0,0,0,0,0,0,0,0,0,,,,,,21-25,16-25,City street,U,Saturday,Belt Used,PV,Not Fatal,1,0,0,0,City Street,Municipal/City Police,Lakewood Police Department,0,0,0,1,0,,,,,,,,,,,,,,,,,,,,,,,,,,,,,,,,,,,,,,,,,,,
2017,336,E706403,290,08/29/2017,15:00,29,8,0,53,Pierce,2230,1,0,1,1,2,1,0,3,3,,,,12,0,2,0,1,0,1,4,2,4,6,0,0,0,0,CENTER ST,,-122.4981583,47.234375,0,3,98,50,3,35,2,0,0,1,5,12,3,3,2,1,14,1,1,53,0,49,44,2000,0,0,12,,,,,,1,1,36,2,0,0,0,0,3,0,11,0,,,,,0,0,0,3,1,0,0,0,0,0,,,,,,0,,,,,,98409,53,67,130,6,1,0,1,1,0,4,0,,,,,,0,04/15/2013,06/15/2014,20,0,0,0,8,9,8,,,0,0,0,8,0,0,0,0,0,0,0,0,0,0,996,,,,,,,,,,,,,,,,,,,,,,,,,,,,,,0,0,0,0,0,0,1,1,0,0,0,0,0,1,0,0,1,0,0,1,0,0,0,0,0,1,1,0,0,1,0,0,0,0,0,,0,0,0,0,0,0,0,0,0,0,0,0,0,0,0,0,,,,,,36-40,36-45,City street,U,Tuesday,Belt Used,PV,Not Fatal,0,1,1,0,City Street,Municipal/City Police,Tacoma Police Department,0,0,0,1,0,,,,,,,,,,,,,,,,,,,,,,,,,,,,,,,,,,,,,,,,,,,
2018,157,E800090,290,05/21/2018,11:50,21,5,0,53,Pierce,2230,1,0,1,1,2,1,0,2,2,,,,12,0,6,0,2,0,2,3,1,4,6,0,3,0,0,E 26TH,PORTLAND AVE,-122.4108778,47.24056667,0,2,89,66,4,35,6,0,0,1,5,12,8,8,6,5,1,1,1,53,0,12,24,2008,0,0,12,,,,,,1,1,75,2,7,1,4,0,3,0,11,4,06/02/2018,14:30,2.23053E+11,25586,0,0,3,3,1,0,0,0,0,96,,,,,,0,,,,,,98409,53,68,175,6,1,0,0,0,0,,0,,,,,,0,,,1,0,0,0,0,9,8,,,0,0,0,8,0,8,95,,,96,,,8,95,995,,,,,,,,,,,,,,,,,,,,,,,,,,,,,,0,0,0,1,0,0,0,0,0,0,0,0,0,0,0,0,0,0,1,0,0,0,0,0,0,1,1,1,0,1,0,0,0,0,0,,1,0,0,0,0,0,0,0,0,0,0,0,0,0,0,0,,,,,,71-75,66-75,City street,R,Monday,Belt Used,PV,White,1,0,0,0,City Street,Municipal/City Police,Tacoma Police Department,0,0,0,1,0,,,,,,0,0,0,,,,,,,,,,,,,,,,,,,,,,,,,,,,,,,,,,,
2018,210,E814044,290,07/02/2018,16:07,2,7,0,53,Pierce,2230,1,0,1,1,2,1,0,2,2,,,,12,0,6,0,2,0,2,4,2,4,6,0,0,0,0,S OAKES ST,S 58TH ST,-122.4723139,47.20463056,0,1,73,17,2,35,84,0,0,1,7,12,1,1,2,1,6,1,1,53,0,98,703,2016,0,0,12,,,,,,1,1,46,1,7,1,4,7,19,0,11,0,07/02/2018,16:07,2.23053E+11,30541,0,0,3,3,1,33,0,0,0,96,,,,,,99,,,,,,98409,53,72,195,6,1,0,0,0,0,,0,,,,,,0,,,20,8,0,0,0,9,8,,,0,0,0,8,9,2,605,695,,1,1,,2,1,0.22,,,,,,,,,,,,,,,,,,,,,,,,,,,,,,0,0,0,1,1,1,1,1,1,0,0,0,0,0,0,0,0,0,0,0,1,0,1,0,1,0,0,0,1,1,0,0,0,0,1,0,0,0,0,0,0,1,1,1,0,0,0,0,0,0,0,1,,,,,,46-50,46-55,City street,U,Monday,,OTHMC,White,1,0,0,0,City Street,Municipal/City Police,Tacoma Police Department,0,0,0,1,0,thc,28,carboxy-thc,25,,0,0,0,,,,,,,,,,,,,,,,,,,,,,,,,,,,,,,,,,,
2018,422,E852372,290,10/19/2018,23:49,19,10,0,53,Pierce,2230,5,0,3,2,2,1,1,1,1,,,,8,0,0,0,1,0,1,4,2,4,6,0,0,0,0,6TH AVE,,-122.5183333,47.25541111,0,1,13,80,5,30,14,0,0,1,5,8,1,2,5,5,1,1,1,53,0,12,401,2003,0,0,8,,,,,,1,1,23,1,0,0,0,0,3,0,11,0,,,,,0,0,0,3,1,0,0,0,0,96,,,,,,0,,,,,,98409,53,74,175,6,1,0,0,1,1,,0,,,,,,0,04/15/2014,10/15/2016,20,0,0,0,8,9,8,,,0,0,0,8,0,0,0,,,0,,,0,0,996,,,,,,,,,,,,,,,,,,,,,,,,,,,,,,0,0,0,0,0,0,0,0,0,1,1,0,0,0,0,0,0,0,0,0,0,0,0,1,1,0,0,0,0,1,0,1,0,0,0,,0,0,0,0,0,0,0,0,0,0,0,0,0,0,0,0,,,,,,21-25,16-25,City street,U,Friday,Belt Used,PV,Not Fatal,0,0,0,0,City Street,Municipal/City Police,Tacoma Police Department,0,0,0,1,0,,,,,,0,0,0,,,,,,,,,,,,,,,,,,,,,,,,,,,,,,,,,,,
2019,90,E880511,290,01/07/2019,6:20,7,1,,53,Pierce,2230,1,0,3,2,2,1,0,3,1,,,,42,0,0,0,1,0,1,4,2,4,6,0,0,0,0,S TYLER ST,,-122.4937667,47.21943889,0,1,2,5,1,30,4,0,0,1,7,42,2,1,3,5,14,3,1,53,0,12,16,2004,0,0,63,42,,,,,1,1,26,1,0,,1,0,20,7,11,8,,,,,0,0,0,2,1,0,0,0,0,96,,,,,,99,,,,,,98409,53,67,130,1,1,0,3,1,2,,0,,,,,,0,09/15/2014,06/15/2018,1,0,0,0,8,9,8,,,0,0,0,8,9,8,95,,,96,,,8,95,995,,,,,,,,,,,,,,,,,,,,,,,,,,,,,,0,0,0,0,0,0,0,0,0,0,0,0,0,1,0,0,0,0,0,0,0,0,0,0,0,0,0,0,0,1,0,0,0,0,0,,0,0,0,0,0,0,0,0,0,0,0,1,0,0,0,0,,,,,,26-30,26-35,City street,U,Monday,Not Used,PV,Not Fatal,0,1,0,0,City Street,Municipal/City Police,Tacoma Police Department,1,0,0,1,0,,,,,,0,0,3,,,,,,,,,,,98,98,98,0,,,,,20,7,,,,,,,,,,,,,,,
2019,17,E884708,6,01/04/2019,4:55,4,1,,37,Kittitas,0,5,0,3,4,2,1,0,7,5,,,,25,0,0,60.2,1,0,1,1,1,1,1,0,0,0,0,I-90,,-121.320175,47.3181,0,2,98,98,7,55,66,1,0,1,2,12,1,1,2,3,1,1,3,53,0,51,881,9999,0,0,12,,,,,,1,1,49,1,0,,2,0,2,0,11,8,,,,,6,3,0,3,1,0,0,0,0,96,,,,,,0,,,,,,98409,53,68,173,6,1,0,1,1,0,,0,,,,,,0,10/15/2014,09/15/2017,8,0,0,0,8,9,8,,,0,0,0,8,0,8,95,,,96,,,8,95,995,,,,,,,,,,,,,,,,,,,,,,,,,,,,,,0,0,0,0,0,0,0,0,0,0,0,0,1,0,0,0,0,0,0,0,0,0,0,0,0,1,0,0,0,1,1,0,0,0,0,,0,0,0,0,0,0,0,0,0,0,0,0,0,0,0,0,,,,,,46-50,46-55,Interstate,R,Friday,,MHTRUCK,Not Fatal,0,1,0,0,State Route,State Patrol,Washington State Patrol,1,1,0,0,0,,,,,,0,0,0,,,,,,,,,,,98,98,98,0,,,,,20,7,,,,,,,,,,,,,,,