year,case,par,repjur,crash_dt,crash_tm,accday,accmon,holiday,county,co_char,city,weather,weather2,lightcond,surfcond,surftype,numfatal,nmforms,pforms,vforms,not_tm,arr_tm,hosp_tm,fhevent,hitrun,manncol,milepnt,reljunc,reljuncinter,intersectiontype,funcsystem,landuse,ownership,route,schlbus,spejur,contdev,devfunc,trafid1,trafid2,x,y,wk_zone,vnumber,crashtype,criticalevent,criticaleventcat,spdlim,body,trailer,emerg,hazcargo,leave,mhevent,roadalgn,roadprof,traflane,trafflow,vehmanvr,numoccs,regowner,regstate,spuse,make,model,modelyr,vrf1,vrf2,seqevent1,seqevent2,seqevent3,seqevent4,seqevent5,seqevent6,pnumber,ptype,age,sex,hispanic,race,injury,diedscene,restraint,restraintmisuse,seatpos,takehosp,death_dt,death_tm,cert,cernum_wa,commlic,licendor,licrestrict,liccomp,drivpres,drf1,drf2,drf3,drf4,distract1,distract2,distract3,distract4,distract5,distract6,dricond1,dricond2,dricond3,dricond4,dricond5,dricond6,dzip,licstate,drhgt_in,weight,noncdl,noncdltype,prevdwi,prevoth,prevacc,prevspd,prevsus,driviol1,driviol2,driviol3,driviol4,driviol5,driviol6,spdrel,first_dt,last_dt,airbag,ejection,ejectpath,extricat,injurwrk,methalc,methdrug,nmlocat,strikveh,prf1,prf2,prf3,druginv,alcinvol,drugsts,drugres1,drugres2,drugres3,drugtst1,drugtst2,drugtst3,alcsts,alctst,alcres,nmact1,nmact2,nmact3,nmact4,nmact5,nmact6,nmprior1,nmprior2,nmprior3,nmprior4,nmprior5,nmprior6,nmcond1,nmcond2,nmcond3,nmcond4,nmcond5,nmcond6,nmsafe_helmet,nmsafe_pads,nmsafe_oth,nmprev_ref,nmprev_lgt,nmprev_oth,crashlocation,nmcrashtype,crosswalk,schoolzone,sidewalk,train_inv,wildlife_inv,rotr_fars,intersect_fars,dd_inv,aid_inv,dpd_inv,id_inv,mj_inv,impnm_inv,ainm_inv,dpnm_inv,speed_inv,unlic_inv,unendmc_inv,drowsy_inv,drdist_inv,nmdist_inv,fty_inv,unrestfat_inv,dr1617_inv,dr1820_inv,dr1620_inv,dr2125_inv,dr1625_inv,dr65_inv,dr70_inv,dr75_inv,mc_inv,pv_inv,ht_inv,ped_inv,bike_inv,unrest_fat,mc_fat,unhelmet_mc,pv_fat,ht_fat,ped_fat,bike_fat,dr_alc7,dr_alc8,dr_drug,dr_imp,dr_dist,dr_spd,dr_fty,dr_unlic,dr_alc7only,dr_alc8only,dr_drugonly,dr_drink,nm_imp,nm_alc7,nm_alc8,nm_drug,nm_dist,agegrp1,agegrp2,roadclass,urbrur,dayweek,restuse,vehtype,race_me,intersect,lanedep,oppdir,wrongway,rep_typ,investag,repag_long,rotr,st_rd,cty_rd,city_rd,oth_rd,drug_thc,thc_res,drug_cthc,cthc_res,drug_cann,prevpersemin,prevperse,prevsusoth,drugtst4,drugtst5,drugtst6,drugtst7,drugtst8,drugres4,drugres5,drugres6,drugres7,drugres8,adspresent,adsengaged,adslevel,race1,race2,race3,race4,race5,helmet,helmetmisuse,nmdistract1,nmdistract2,nmdistract3,nmdistract4,nmdistract5,nmdistract6,lab,isedtcase,crf1,crf2,crf3,CoRoadName,CoMP,IntCoRoadName,IntCoMP
2019,267,E946872,3,08/03/2019,18:12,3,8,,53,Pierce,2230,1,0,1,1,2,1,0,4,3,,,,12,0,98,0.1,1,0,1,1,2,1,1,0,0,0,0,I-5,,-122.4269722,47.23494722,0,2,98,98,7,60,80,0,0,1,2,12,1,1,2,2,98,1,1,53,0,53,705,2005,0,0,12,,,,,,1,1,24,1,7,,4,7,20,7,11,0,08/03/2019,18:12,2.23053E+11,34731,0,0,0,3,1,0,0,0,0,0,,,,,,99,,,,,,98409,53,70,190,6,1,0,0,0,2,,0,,,,,,0,08/15/2015,10/15/2015,20,8,0,0,0,9,8,,,0,0,0,8,9,2,1,,,1,,,2,1,0,,,,,,,,,,,,,,,,,,,,,,,,,,,,,,0,0,0,0,1,1,0,1,0,0,0,0,0,0,0,0,0,0,0,0,0,0,0,1,1,0,0,0,1,1,0,0,0,0,1,0,0,0,0,0,0,0,0,0,0,0,0,0,0,0,0,0,,,,,,21-25,16-25,Interstate,U,Saturday,,MC,Black,0,0,0,0,State Route,State Patrol,Washington State Patrol,0,1,0,0,0,,,,,,0,0,0,,,,,,,,,,,0,0,0,2,,,,,5,0,,,,,,,,,,,,,,,
2019,486,E996301,3,12/21/2019,3:16,21,12,,53,Pierce,0,2,0,3,2,2,1,0,1,1,,,,38,0,0,5.5,1,0,1,4,2,2,4,0,0,0,0,CR-112TH ST E,,-122.4115139,47.15511389,0,1,1,13,2,35,15,0,0,1,7,2,1,2,5,5,1,1,3,53,5,20,421,2012,0,0,63,38,18,19,2,,1,1,25,1,7,,4,7,3,0,11,0,12/21/2019,3:16,53056336,56336,0,0,0,3,1,16,0,0,0,96,,,,,,0,,,,,,98409,53,73,185,6,1,0,0,0,0,,0,,,,,,4,,,8,0,0,0,1,9,8,,,0,0,0,8,0,2,1,,,1,,,2,1,0,,,,,,,,,,,,,,,,,,,,,,,,,,,,,,0,0,1,0,0,0,0,0,0,0,0,0,1,0,0,0,0,0,0,0,0,0,0,1,1,0,0,0,0,1,0,0,0,0,0,,1,0,0,0,0,0,0,0,0,1,0,0,0,0,0,0,,,,,,21-25,16-25,County road,U,Saturday,Belt Used,PV,White,0,1,0,0,County Road,State Patrol,Washington State Patrol,1,0,1,0,0,,,,,,0,0,0,,,,,,,,,,,98,98,98,1,,,,,20,7,,,,,,,,,,,,,,,
2020,501,EA91837,303,12/20/2020,0:56,20,12,,53,Pierce,2337,10,,2,2,2,1,0,2,2,,,,12,1,2,0,1,0,1,5,2,4,6,0,0,0,0,35TH ST W,,-122.5298361,47.22820833,0,1,50,10,2,35,4,0,0,1,2,12,1,2,2,1,1,1,2,53,0,19,21,2006,0,,68,12,,,,,1,1,17,1,0,,1,0,3,0,11,0,,,,,0,0,3,3,1,8,28,,,96,,,,,,98,,,,,,98409,53,67,240,6,2,0,1,0,1,,97,,,,,,0,01/15/2020,01/15/2020,8,0,0,0,8,9,8,,,0,,,8,8,2,695,605,,1,1,,2,1,0.018,,,,,,,,,,,,,,,,,,,,,,,,,,,,,,0,0,0,0,1,0,1,1,1,0,0,0,0,0,0,0,0,0,0,0,1,1,1,0,1,0,0,0,0,1,0,0,0,0,0,,0,0,0,0,1,0,1,1,0,0,0,0,0,0,0,1,,,,,,16-17,16-25,City street,U,Sunday,Belt Used,PV,Not Fatal,0,1,1,0,City Street,Municipal/City Police,University Place Police Department,0,0,0,1,0,thc,15,carboxy-thc,888,,0,0,0,,,,,,,,,,,98,98,98,0,,,,,20,7,,,,,,,,1,0,,,,,,
2021,107,EB23232,6,04/16/2021,14:40,16,4,,37,Kittitas,0,1,,1,1,1,1,0,2,1,,,,1,0,0,75.5,1,0,1,1,1,1,1,0,0,0,0,I-90,,-121.0691139,47.20010278,0,1,2,1,1,70,34,0,0,1,2,1,1,1,2,3,1,2,2,53,0,7,481,1985,0,,61,63,1,38,42,,1,1,51,1,7,,4,7,20,7,11,0,04/16/2021,14:40,53019870,19870,0,0,0,2,1,80,,,,96,,,,,,98,,,,,,98409,53,70,190,1,1,0,3,1,0,,0,,,,,,0,04/15/2017,06/15/2021,20,1,9,0,0,9,8,,,0,,,1,8,8,95,,,96,,,8,95,995,,,,,,,,,,,,,,,,,,,,,,,,,,,,,,0,0,0,0,0,0,0,0,0,0,0,0,0,1,0,0,0,0,0,1,0,0,0,0,0,0,0,0,0,1,0,0,0,1,0,,1,0,0,0,0,0,0,0,0,0,0,1,0,0,0,0,,,,,,51-55,46-55,Interstate,R,Friday,Not Used,PV,White,0,1,0,0,State Route,State Patrol,Washington State Patrol,1,1,0,0,0,,,,,,0,0,3,,,,,,,,,,,0,0,0,1,,,,,20,,,,,,,,,1,0,,,,,,
2021,572,EB67838,55,09/11/2021,0:21,11,9,,33,King,100,1,,2,1,2,2,0,4,2,,,,12,0,6,0,1,0,1,3,2,4,6,0,0,0,0,15TH ST NW,,-122.2418861,47.32225278,0,1,64,9,1,35,15,0,0,1,2,12,1,1,5,1,1,2,2,53,0,45,421,2004,0,,68,12,,,,,1,1,25,1,0,,3,0,20,7,11,5,,,,,0,0,0,3,1,6,8,,,96,,,,,,98,,,,,,98409,53,70,203,6,1,0,0,0,0,,1,,,,,,3,,,2,9,0,1,8,9,8,,,0,,,8,8,9,999,,,99,,,9,99,999,,,,,,,,,,,,,,,,,,,,,,,,,,,,,,0,0,0,0,1,0,1,1,1,0,0,0,1,1,0,0,0,0,0,0,0,0,0,1,1,0,0,0,0,1,0,0,0,0,0,,0,0,0,0,0,0,0,0,0,1,0,0,0,0,0,0,,,,,,21-25,16-25,City street,U,Saturday,Not Used,PV,Not Fatal,0,1,1,0,City Street,Municipal/City Police,Auburn Police Department,0,0,0,1,0,,,,,,0,0,0,,,,,,,,,,,98,98,98,0,,,,,20,,,,,,,,,0,0,,,,,,
2018,106,E789793,290,04/18/2018,22:37,18,4,0,53,Pierce,2230,10,0,3,1,2,1,0,2,2,,,,12,0,1,0,1,0,1,4,2,4,6,0,0,0,0,MCKINLEY AVE E,,-122.4209361,47.18000278,0,2,25,53,3,30,5,0,0,1,5,12,1,1,3,1,1,1,1,53,0,49,46,2008,0,0,12,,,,,,1,1,60,2,7,1,4,7,3,0,11,0,04/18/2018,22:37,2.23053E+11,18973,0,0,3,3,1,0,0,0,0,96,,,,,,0,,,,,,98418,53,66,260,6,1,0,0,0,0,,0,,,,,,0,,,8,0,0,0,1,9,8,,,0,0,0,8,0,2,1,,,1,,,2,1,0,,,,,,,,,,,,,,,,,,,,,,,,,,,,,,0,0,0,0,0,0,0,0,0,0,0,0,1,0,0,0,1,0,0,0,0,0,0,1,1,0,0,0,0,1,0,0,0,0,0,,1,0,0,0,0,0,0,0,0,0,0,0,0,0,0,0,,,,,,56-60,56-65,City street,U,Wednesday,Belt Used,PV,White,0,0,0,0,City Street,Municipal/City Police,Tacoma Police Department,0,0,0,1,0,,,,,,0,0,0,,,,,,,,,,,,,,,,,,,,,,,,,,,,,,,,,,,
2018,178,E808823,42,06/16/2018,15:56,16,6,0,67,Thurston,0,1,0,1,1,2,1,0,1,1,,,,1,0,0,0.9,1,0,1,5,1,2,4,0,0,0,0,CR-SPURGEON CREEK RD SE,,-122.7677583,46.955275,0,1,2,13,2,50,80,0,0,1,7,1,2,2,2,1,14,1,1,53,0,76,705,2011,0,0,63,1,18,30,,,1,1,36,1,1,1,4,0,19,0,11,4,06/16/2018,18:54,1.59053E+11,27348,0,0,0,3,1,0,0,0,0,96,,,,,,99,,,,,,98418,53,68,150,6,1,0,1,1,0,,0,,,,,,4,06/15/2016,09/15/2017,20,8,0,0,0,9,8,,,0,0,0,8,9,2,605,695,,1,1,,2,1,0,,,,,,,,,,,,,,,,,,,,,,,,,,,,,,0,0,0,0,0,0,1,1,1,0,0,0,1,0,0,0,0,0,0,0,0,0,0,0,0,0,0,0,1,0,0,0,0,0,1,0,0,0,0,0,0,0,1,1,0,1,0,0,0,0,1,0,,,,,,36-40,36-45,County road,R,Saturday,,MC,Hispanic,0,0,0,0,County Road,County Sheriff,Thurston County Sheriff's Office,0,0,1,0,0,thc,2.9,carboxy-thc,6.8,,0,0,0,,,,,,,,,,,,,,,,,,,,,,,,,,,,,,,,,,,
2018,299,E822515,290,07/28/2018,23:32,28,7,0,53,Pierce,2230,1,0,3,1,2,1,0,4,2,,,,12,0,6,56.7,2,0,2,3,2,1,3,0,0,0,0,SR-7,S 43RD ST,-122.4340333,47.21834722,0,1,69,17,2,35,80,0,0,1,7,12,1,1,4,1,1,1,1,39,0,37,705,2013,0,0,12,,,,,,1,1,47,1,7,1,4,0,19,0,11,4,08/07/2018,15:42,2.23053E+11,34842,0,0,0,2,1,0,0,0,0,96,,,,,,99,,,,,,98418,53,71,180,6,1,0,0,0,0,,0,,,,,,4,,,20,8,0,0,0,9,8,,,0,0,0,8,9,8,95,,,96,,,8,95,995,,,,,,,,,,,,,,,,,,,,,,,,,,,,,,0,0,0,1,0,0,0,0,0,0,0,0,1,0,1,0,0,0,0,0,1,0,1,0,1,0,0,0,1,1,0,0,0,0,1,0,0,0,0,0,0,0,0,0,0,1,0,0,0,0,0,0,,,,,,46-50,46-55,State route,U,Saturday,,MC,White,1,0,0,0,State Route,Municipal/City Police,Tacoma Police Department,0,1,0,0,0,,,,,,0,0,0,,,,,,,,,,,,,,,,,,,,,,,,,,,,,,,,,,,
2021,441,EB84527,290,11/01/2021,22:19,1,11,,53,Pierce,2230,2,,3,0,0,1,0,2,2,,,,12,0,6,,8,0,1,3,2,4,6,0,3,0,0,E PORTLAND AVE,,-122.4076833,47.216125,0,2,82,66,4,0,4,0,0,1,2,12,0,0,0,0,11,1,1,53,0,32,43,2014,0,,12,,,,,,1,1,24,1,1,,4,7,3,0,11,0,11/01/2021,22:19,2.23053E+11,56490,0,0,0,0,1,0,,,,96,,,,,,0,,,,,,98418,53,64,200,0,0,0,0,0,0,,0,,,,,,0,,,8,0,0,0,0,9,8,,,0,,,8,8,2,1,,,1,,,2,1,0.222,,,,,,,,,,,,,,,,,,,,,,,,,,,,,,0,0,0,0,1,1,0,1,0,0,0,0,0,1,0,0,0,0,0,0,0,0,0,1,1,0,0,0,0,1,0,0,0,0,0,,1,0,0,0,0,1,0,1,0,0,0,1,0,1,0,1,,,,,,21-25,16-25,City street,U,Monday,Belt Used,PV,Hispanic,0,0,0,0,City Street,Municipal/City Police,Tacoma Police Department,0,0,0,1,0,,,,,,0,0,0,,,,,,,,,,,98,98,98,298,,,,,20,,,,,,,,,1,0,,,,,,
2021,469,EB89572,242,11/14/2021,2:31,14,11,,53,Pierce,1770,2,,3,2,2,1,1,1,1,,,,8,0,0,25.6,1,0,1,3,2,1,3,0,0,0,0,SR-161,,-122.2933806,47.15997222,0,1,98,13,2,35,4,0,0,1,5,18,3,2,7,2,14,1,1,53,0,24,7,2007,0,,63,8,18,18,,,1,1,24,2,0,,0,0,99,7,11,0,,,,,0,0,0,2,1,0,,,,96,,,,,,9,,,,,,98418,53,64,210,1,1,0,0,0,0,,1,,,,,,4,,,20,0,0,0,8,9,8,,,0,,,8,1,2,695,605,,1,1,,2,1,0.091,,,,,,,,,,,,,,,,,,,,,,,,,,,,,,0,0,0,0,1,1,1,1,1,1,0,1,1,1,0,0,0,0,0,0,0,0,0,1,1,0,0,0,0,1,0,1,0,0,0,,0,0,0,0,0,1,1,1,0,1,0,1,0,0,0,1,,,,,,21-25,16-25,State route,U,Sunday,Unknown,PV,Not Fatal,0,1,0,0,State Route,Municipal/City Police,Puyallup Police Department,1,1,0,0,0,thc,5,carboxy-thc,38,,0,0,0,,,,,,,,,,,98,98,98,0,,,,,20,,,,,,,,,1,0,,,,,,
2019,475,E982845,1,11/11/2019,18:04,11,11,,77,Yakima,0,1,0,2,1,2,1,0,1,1,,,,1,0,0,39.8,1,0,1,1,2,1,1,0,0,0,0,I-82,,-120.4574806,46.51834444,0,1,6,12,2,70,80,0,0,1,7,1,2,1,2,2,14,1,9,91,0,98,706,2001,0,0,64,1,,,,,1,1,53,1,7,,4,0,20,7,11,8,11/19/2019,6:57,2.59053E+11,51693,5,0,0,2,1,0,0,0,0,96,,,,,,99,,,,,,98421,53,70,238,1,1,0,0,0,0,,71,,,,,,0,,,20,8,0,0,0,9,8,,,0,0,0,8,9,8,95,,,96,,,8,95,995,,,,,,,,,,,,,,,,,,,,,,,,,,,,,,0,0,1,0,0,0,0,0,0,0,0,0,0,1,1,0,0,0,0,0,0,0,0,0,0,0,0,0,1,0,0,0,0,0,1,0,0,0,0,0,0,0,0,0,0,0,0,1,0,0,0,0,,,,,,51-55,46-55,Interstate,U,Monday,,MC,White,0,1,0,0,State Route,State Patrol,Washington State Patrol,1,1,0,0,0,,,,,,0,0,0,,,,,,,,,,,0,0,0,1,,,,,5,0,,,,,,,,,,,,,,,
2018,185,E765451,242,02/02/2018,17:54,2,2,0,53,Pierce,1770,1,0,3,1,2,1,0,3,2,,,,12,0,2,5.4,8,0,1,3,2,1,3,0,0,0,0,SR-167,,-122.30865,47.20251389,0,1,68,15,2,98,4,0,0,1,2,12,1,1,4,1,11,2,1,53,0,35,47,2015,0,0,12,,,,,,1,1,63,2,0,0,1,0,3,0,11,5,,,,,0,0,3,2,1,10,38,0,0,93,,,,,,0,,,,,,98422,53,65,180,1,1,0,0,1,0,,46,71,76,,,,0,10/15/2014,07/15/2017,8,0,0,0,8,9,8,,,0,0,0,8,0,8,95,,,96,,,8,95,995,,,,,,,,,,,,,,,,,,,,,,,,,,,,,,0,0,0,0,1,0,0,0,0,0,0,0,0,1,0,0,1,0,1,0,0,0,0,0,0,0,0,0,0,1,0,0,0,0,0,,0,0,0,0,0,0,0,0,1,0,1,1,0,0,0,0,,,,,,61-65,56-65,State route,U,Friday,Belt Used,PV,Not Fatal,0,0,0,0,State Route,Municipal/City Police,Puyallup Police Department,0,1,0,0,0,,,,,,0,0,2,,,,,,,,,,,,,,,,,,,,,,,,,,,,,,,,,,,
2018,277,E828112,7,08/03/2018,2:49,3,8,0,33,King,1030,2,0,2,2,2,1,0,4,4,,,,12,0,2,3.3,1,0,1,3,2,1,3,0,0,0,0,SR-516,,-122.2757111,47.38091944,0,4,98,54,3,60,14,0,0,1,7,12,2,2,2,3,14,1,1,53,0,49,403,2013,0,0,12,,,,,,1,1,27,2,0,0,0,0,3,0,11,0,,,,,0,0,0,3,1,0,0,0,0,96,,,,,,0,,,,,,98422,53,66,164,6,1,0,0,0,1,,0,,,,,,0,04/15/2017,04/15/2017,1,0,0,0,8,9,8,,,0,0,0,8,0,8,95,,,96,,,8,95,995,,,,,,,,,,,,,,,,,,,,,,,,,,,,,,0,0,0,0,1,1,1,1,1,0,0,0,0,0,0,0,0,0,0,0,0,1,1,1,1,0,0,0,0,1,1,0,0,0,0,,0,0,0,0,0,0,0,0,0,0,0,0,0,0,0,0,,,,,,26-30,26-35,State route,U,Friday,Belt Used,PV,Not Fatal,0,0,0,1,State Route,State Patrol,Washington State Patrol,0,1,0,0,0,,,,,,0,0,0,,,,,,,,,,,,,,,,,,,,,,,,,,,,,,,,,,,
2018,420,E862525,7,11/11/2018,22:27,11,11,0,33,King,0,1,0,2,1,2,1,1,3,3,,,,8,0,0,13.1,1,0,1,3,2,1,3,0,0,0,0,SR-18,,-122.1015472,47.36828333,0,3,98,80,5,60,80,0,0,1,5,8,1,1,2,3,1,1,1,53,0,72,706,2018,0,0,8,,,,,,1,1,48,1,0,0,0,0,19,0,11,0,,,,,0,0,0,3,1,0,0,0,0,96,,,,,,0,,,,,,98422,53,75,200,6,1,0,0,0,0,,0,,,,,,0,,,20,8,0,0,8,9,8,,,0,0,0,8,0,0,0,,,0,,,0,0,996,,,,,,,,,,,,,,,,,,,,,,,,,,,,,,0,0,0,0,0,0,0,0,0,0,0,0,0,0,0,0,0,0,0,0,0,0,0,0,0,0,0,0,1,1,0,1,0,0,0,0,0,0,0,0,0,0,0,0,0,0,0,0,0,0,0,0,,,,,,46-50,46-55,State route,U,Sunday,,MC,Not Fatal,0,0,0,0,State Route,State Patrol,Washington State Patrol,0,1,0,0,0,,,,,,0,0,0,,,,,,,,,,,,,,,,,,,,,,,,,,,,,,,,,,,
2019,426,E988647,7,11/24/2019,9:55,24,11,,33,King,735,10,0,1,1,1,1,0,2,1,,,,42,0,0,0,1,0,1,7,2,4,6,0,0,0,0,1ST AVE S,,-122.3341306,47.29406389,0,1,98,9,1,98,5,0,0,1,7,42,3,1,2,2,14,2,1,53,0,37,39,2013,0,0,64,42,,,,,1,1,41,2,7,,4,7,20,7,11,0,11/24/2019,9:55,73553053127,53127,0,0,0,2,1,37,50,0,0,96,,,,,,99,,,,,,98422,53,67,190,1,1,0,0,0,1,,0,,,,,,4,11/15/2015,11/15/2015,8,0,0,0,0,9,8,,,0,0,0,8,9,2,1,,,1,,,2,1,0,,,,,,,,,,,,,,,,,,,,,,,,,,,,,,0,0,0,0,0,0,0,0,0,0,0,0,1,1,0,0,0,0,0,1,0,0,0,0,0,0,0,0,0,1,0,0,0,1,0,,1,0,0,0,0,0,0,0,0,1,0,1,0,0,0,0,,,,,,41-45,36-45,City street,U,Sunday,Not Used,PV,White,0,0,0,1,City Street,State Patrol,Washington State Patrol,0,0,0,1,0,,,,,,0,0,1,,,,,,,,,,,98,98,98,1,,,,,20,7,,,,,,,,,,,,,,,
2020,227,EA47157,55,07/11/2020,0:16,11,7,,33,King,100,1,,3,1,2,1,0,2,2,0:17,0:22,,12,0,6,0,2,0,2,3,2,4,6,0,0,3,3,W VALLEY HWY N,15th St NW,-122.2498667,47.32250278,0,2,87,66,4,40,66,1,0,1,5,12,1,1,5,1,1,1,3,18,0,51,881,2019,0,,12,,,,,,1,1,58,8,0,,0,0,3,0,11,0,,,,,6,1,0,3,1,0,,,,96,,,,,,0,,,,,,98422,53,72,190,6,1,0,0,0,0,,0,,,,,,0,,,20,0,0,0,8,9,8,,,0,,,8,8,0,0,,,0,,,0,0,996,,,,,,,,,,,,,,,,,,,,,,,,,,,,,,0,0,0,1,0,0,1,1,0,0,0,0,0,0,0,0,0,0,0,0,0,0,0,0,0,0,0,0,0,1,1,0,0,0,0,,0,0,0,0,0,0,0,0,0,0,0,0,0,0,0,0,,,,,,56-60,56-65,City street,U,Saturday,,MHTRUCK,Not Fatal,1,0,0,0,City Street,Municipal/City Police,Auburn Police Department,0,0,0,1,0,,,,,,0,0,0,,,,,,,,,,,98,98,98,0,,,,,20,7,,,,,,,,1,0,,,,,,
2020,374,EA67404,127,09/25/2020,4:34,25,9,,33,King,735,2,,3,2,2,1,1,1,1,4:38,4:43,5:29,8,0,0,0,1,0,1,3,2,4,6,0,0,0,0,S 320TH ST,,-122.3020139,47.31511389,0,1,13,80,5,35,1,0,0,1,5,8,8,8,7,5,1,1,1,53,0,58,37,2009,0,,8,,,,,,1,1,33,2,0,,0,0,3,0,11,0,,,,,0,0,3,3,1,0,,,,96,,,,,,98,,,,,,98422,53,64,165,6,1,0,0,0,0,,0,,,,,,0,,,20,0,0,0,8,9,8,,,0,,,8,8,8,95,,,96,,,8,95,995,,,,,,,,,,,,,,,,,,,,,,,,,,,,,,0,0,0,0,0,0,0,0,0,1,1,0,0,0,0,0,0,1,0,0,0,0,0,0,0,0,0,0,0,1,0,1,0,0,0,,0,0,0,0,0,0,0,0,0,0,0,0,0,0,0,0,,,,,,31-35,26-35,City street,U,Friday,Belt Used,PV,Not Fatal,0,0,0,0,City Street,Municipal/City Police,Federal Way Dept of Public Safety,0,0,0,1,0,,,,,,0,0,0,,,,,,,,,,,98,98,98,0,,,,,20,7,,,,,,,,1,0,,,,,,
2020,463,EA76935,127,10/29/2020,15:14,29,10,,33,King,735,1,,1,1,2,1,0,2,2,15:15,15:24,16:13,1,0,0,0,8,0,1,3,2,4,6,0,0,0,0,21ST AVE SW,,-122.3609778,47.30009167,0,1,98,15,2,98,6,0,0,1,2,12,1,2,5,1,11,1,1,53,0,48,45,2018,0,,12,,,,,,1,1,81,2,0,,0,0,3,0,11,0,,,,,0,0,3,3,1,38,,,,96,,,,,,98,,,,,,98422,53,60,138,6,1,0,0,0,0,,2,,,,,,0,,,20,0,0,0,8,9,8,,,0,,,8,8,8,95,,,96,,,8,95,995,,,,,,,,,,,,,,,,,,,,,,,,,,,,,,0,0,0,0,0,0,0,0,0,0,0,0,0,0,1,0,0,0,1,0,0,0,0,0,0,1,1,1,1,1,0,0,0,0,0,,0,0,0,0,0,0,0,0,0,0,1,0,0,0,0,0,,,,,,81+,76+,City street,U,Thursday,Belt Used,PV,Not Fatal,0,0,0,0,City Street,Municipal/City Police,Federal Way Dept of Public Safety,0,0,0,1,0,,,,,,0,0,0,,,,,,,,,,,98,98,98,0,,,,,20,7,,,,,,,,1,0,,,,,,
2020,463,EA76935,127,10/29/2020,15:14,29,10,,33,King,735,1,,1,1,2,1,0,2,2,15:15,15:24,16:13,1,0,0,0,8,0,1,3,2,4,6,0,0,0,0,21ST AVE SW,,-122.3609778,47.30009167,0,2,98,8,1,98,80,0,0,1,2,12,1,2,5,1,1,1,2,53,0,37,705,2004,0,,1,12,,,,,1,1,30,1,7,,4,0,20,7,11,5,11/03/2020,7:57,1.96053E+11,51396,0,0,0,2,1,0,,,,96,,,,,,98,,,,,,98422,53,74,235,6,1,0,1,1,0,,0,,,,,,0,02/15/2016,02/15/2016,20,8,0,0,0,9,8,,,0,,,8,8,8,95,,,96,,,8,95,995,,,,,,,,,,,,,,,,,,,,,,,,,,,,,,0,0,0,0,0,0,0,0,0,0,0,0,0,0,1,0,0,0,1,0,0,0,0,0,0,1,1,1,1,1,0,0,0,0,1,0,0,0,0,0,0,0,0,0,0,0,0,0,0,0,0,0,,,,,,26-30,26-35,City street,U,Thursday,,MC,White,0,0,0,0,City Street,Municipal/City Police,Federal Way Dept of Public Safety,0,0,0,1,0,,,,,,0,0,0,,,,,,,,,,,0,0,0,1,,,,,5,0,,,,,,,,1,0,,,,,,
2021,172,EB38485,127,06/08/2021,17:19,8,6,,33,King,735,1,,1,1,2,1,0,2,2,,,,12,0,1,2.7,3,0,4,3,2,1,3,0,0,0,0,SR-99,1ST AVE S,-122.3347944,47.26606389,0,1,24,51,3,50,67,0,0,1,2,12,1,8,4,1,1,1,1,53,0,12,880,2011,0,,12,,,,,,1,1,64,1,7,,4,7,3,0,11,0,06/08/2021,17:19,73553027114,27114,0,0,0,3,1,0,,,,92,,,,,,98,,,,,,98422,53,70,250,6,1,0,0,0,0,,0,,,,,,0,,,20,0,0,0,0,9,8,,,0,,,8,8,2,1,,,1,,,2,1,0.214,,,,,,,,,,,,,,,,,,,,,,,,,,,,,,0,0,0,1,1,1,0,1,0,0,0,0,0,0,0,0,1,0,0,0,0,0,0,0,0,1,1,1,0,0,1,0,0,0,0,,0,1,0,0,0,1,0,1,1,0,0,0,0,1,0,1,,,,,,61-65,56-65,State route,U,Tuesday,,MHTRUCK,White,1,0,0,0,State Route,Municipal/City Police,Federal Way Dept of Public Safety,0,1,0,0,0,,,,,,0,0,0,,,,,,,,,,,98,98,98,1,,,,,20,,,,,,,,,1,0,,,,,,
2021,591,EB56434,290,08/09/2021,9:51,9,8,,53,Pierce,2230,1,,1,1,2,1,0,3,2,,,,12,0,6,0,2,1,2,4,2,1,6,0,3,3,3,E 27TH ST,PORTLAND AVE,-122.4106306,47.23962778,0,1,87,17,2,35,4,0,0,1,2,12,1,1,6,1,1,1,2,53,0,12,17,2005,0,,12,,,,,,1,1,54,1,7,,4,0,99,7,11,5,08/17/2021,9:40,2.23053E+11,41263,0,0,0,0,1,39,,,,96,,,,,,98,,,,,,98422,53,73,190,0,0,0,0,0,0,,39,,,,,,0,,,20,0,0,0,0,9,8,,,0,,,8,8,8,95,,,96,,,8,95,995,,,,,,,,,,,,,,,,,,,,,,,,,,,,,,0,0,0,1,0,0,0,0,0,0,0,0,0,1,0,0,0,0,0,0,0,0,0,0,0,1,1,0,0,1,0,0,0,0,0,,1,0,0,0,0,0,0,0,0,0,0,1,0,0,0,0,,,,,,51-55,46-55,City street,U,Monday,Unknown,PV,AIAN,1,0,0,0,State Route,Municipal/City Police,Tacoma Police Department,0,1,0,0,0,,,,,,0,0,0,,,,,,,,,,,98,98,98,3,,,,,20,,,,,,,,,1,0,,,,,,