year,case,par,repjur,crash_dt,crash_tm,accday,accmon,holiday,county,co_char,city,weather,weather2,lightcond,surfcond,surftype,numfatal,nmforms,pforms,vforms,not_tm,arr_tm,hosp_tm,fhevent,hitrun,manncol,milepnt,reljunc,reljuncinter,intersectiontype,funcsystem,landuse,ownership,route,schlbus,spejur,contdev,devfunc,trafid1,trafid2,x,y,wk_zone,vnumber,crashtype,criticalevent,criticaleventcat,spdlim,body,trailer,emerg,hazcargo,leave,mhevent,roadalgn,roadprof,traflane,trafflow,vehmanvr,numoccs,regowner,regstate,spuse,make,model,modelyr,vrf1,vrf2,seqevent1,seqevent2,seqevent3,seqevent4,seqevent5,seqevent6,pnumber,ptype,age,sex,hispanic,race,injury,diedscene,restraint,restraintmisuse,seatpos,takehosp,death_dt,death_tm,cert,cernum_wa,commlic,licendor,licrestrict,liccomp,drivpres,drf1,drf2,drf3,drf4,distract1,distract2,distract3,distract4,distract5,distract6,dricond1,dricond2,dricond3,dricond4,dricond5,dricond6,dzip,licstate,drhgt_in,weight,noncdl,noncdltype,prevdwi,prevoth,prevacc,prevspd,prevsus,driviol1,driviol2,driviol3,driviol4,driviol5,driviol6,spdrel,first_dt,last_dt,airbag,ejection,ejectpath,extricat,injurwrk,methalc,methdrug,nmlocat,strikveh,prf1,prf2,prf3,druginv,alcinvol,drugsts,drugres1,drugres2,drugres3,drugtst1,drugtst2,drugtst3,alcsts,alctst,alcres,nmact1,nmact2,nmact3,nmact4,nmact5,nmact6,nmprior1,nmprior2,nmprior3,nmprior4,nmprior5,nmprior6,nmcond1,nmcond2,nmcond3,nmcond4,nmcond5,nmcond6,nmsafe_helmet,nmsafe_pads,nmsafe_oth,nmprev_ref,nmprev_lgt,nmprev_oth,crashlocation,nmcrashtype,crosswalk,schoolzone,sidewalk,train_inv,wildlife_inv,rotr_fars,intersect_fars,dd_inv,aid_inv,dpd_inv,id_inv,mj_inv,impnm_inv,ainm_inv,dpnm_inv,speed_inv,unlic_inv,unendmc_inv,drowsy_inv,drdist_inv,nmdist_inv,fty_inv,unrestfat_inv,dr1617_inv,dr1820_inv,dr1620_inv,dr2125_inv,dr1625_inv,dr65_inv,dr70_inv,dr75_inv,mc_inv,pv_inv,ht_inv,ped_inv,bike_inv,unrest_fat,mc_fat,unhelmet_mc,pv_fat,ht_fat,ped_fat,bike_fat,dr_alc7,dr_alc8,dr_drug,dr_imp,dr_dist,dr_spd,dr_fty,dr_unlic,dr_alc7only,dr_alc8only,dr_drugonly,dr_drink,nm_imp,nm_alc7,nm_alc8,nm_drug,nm_dist,agegrp1,agegrp2,roadclass,urbrur,dayweek,restuse,vehtype,race_me,intersect,lanedep,oppdir,wrongway,rep_typ,investag,repag_long,rotr,st_rd,cty_rd,city_rd,oth_rd,drug_thc,thc_res,drug_cthc,cthc_res,drug_cann,prevpersemin,prevperse,prevsusoth,drugtst4,drugtst5,drugtst6,drugtst7,drugtst8,drugres4,drugres5,drugres6,drugres7,drugres8,adspresent,adsengaged,adslevel,race1,race2,race3,race4,race5,helmet,helmetmisuse,nmdistract1,nmdistract2,nmdistract3,nmdistract4,nmdistract5,nmdistract6,lab,isedtcase,crf1,crf2,crf3,CoRoadName,CoMP,IntCoRoadName,IntCoMP
2017,41,E648561,3,01/09/2017,11:34,9,1,0,53,Pierce,0,1,0,1,1,2,1,0,3,2,,,,12,0,1,0.7,1,0,1,7,2,2,4,0,0,0,0,CR-113TH ST S,,-122.4350528,47.13638889,0,1,20,50,3,25,14,0,0,1,5,12,1,1,2,1,1,1,2,53,0,49,401,1995,0,0,12,,,,,,1,1,30,2,0,0,0,0,3,0,11,0,,,,,0,0,0,3,1,0,0,0,0,93,,,,,,0,,,,,,98424,53,66,125,6,1,0,1,0,0,1,97,,,,,,0,02/15/2015,07/15/2016,20,0,0,0,8,9,8,,,0,0,0,8,0,0,0,0,0,0,0,0,0,0,996,,,,,,,,,,,,,,,,,,,,,,,,,,,,,,0,0,0,0,0,0,0,0,0,0,0,0,0,0,0,0,1,0,0,0,0,0,0,0,0,0,0,0,0,1,0,0,0,0,0,,0,0,0,0,0,0,0,0,1,0,0,0,0,0,0,0,,,,,,26-30,26-35,County road,U,Monday,Belt Used,PV,Not Fatal,0,0,0,0,County Road,County Sheriff,Law Enforcement Support Agency,0,0,1,0,0,,,,,,,,,,,,,,,,,,,,,,,,,,,,,,,,,,,,,,,,,,,
2017,80,E651585,129,03/13/2017,13:03,13,3,0,53,Pierce,747,2,0,1,2,2,1,0,4,4,13:18,13:28,14:02,12,0,1,0,1,0,1,3,2,4,6,0,3,0,0,70TH AVE E,VALLEY AVE E,-122.3363694,47.22796111,0,3,98,50,3,35,15,0,0,1,3,12,1,1,6,1,5,1,1,53,0,20,421,2007,0,0,12,12,,,,,1,1,38,2,0,0,1,0,3,0,11,8,,,,,0,0,0,3,1,0,0,0,0,0,,,,,,0,,,,,,98424,53,67,135,6,1,0,0,1,0,0,0,,,,,,0,05/15/2016,05/15/2016,20,0,0,0,8,9,8,,,0,0,0,8,0,8,95,0,0,6,0,0,8,95,995,,,,,,,,,,,,,,,,,,,,,,,,,,,,,,0,0,0,0,0,0,0,0,0,0,0,0,0,0,0,0,0,0,0,0,0,0,0,0,0,0,0,0,0,1,1,0,0,0,0,,0,0,0,0,0,0,0,0,0,0,0,0,0,0,0,0,,,,,,36-40,36-45,City street,U,Monday,Belt Used,PV,Not Fatal,1,0,0,0,City Street,Municipal/City Police,Fife Police Department,0,0,0,1,0,,,,,,,,,,,,,,,,,,,,,,,,,,,,,,,,,,,,,,,,,,,
2019,183,E930005,129,06/01/2019,13:28,1,6,,53,Pierce,747,1,0,1,1,2,1,0,2,2,,,,12,0,2,0,3,0,2,7,2,4,6,0,3,0,0,12TH ST E,54TH AVE E,-122.357675,47.24625278,0,2,51,62,4,25,15,0,0,1,7,12,1,1,3,1,1,1,1,53,0,54,421,2014,0,0,12,,,,,,1,1,49,2,0,,3,0,3,0,11,8,,,,,0,0,3,3,1,0,0,0,0,96,,,,,,0,,,,,,98424,53,60,160,6,1,0,0,0,0,,0,,,,,,0,,,8,0,0,0,8,9,8,,,0,0,0,8,0,8,95,,,96,,,8,95,995,,,,,,,,,,,,,,,,,,,,,,,,,,,,,,0,0,0,1,1,1,0,1,0,0,0,0,1,1,0,0,0,0,0,0,0,0,0,0,0,0,0,0,0,1,0,0,0,0,0,,0,0,0,0,0,0,0,0,0,0,0,0,0,0,0,0,,,,,,46-50,46-55,City street,U,Saturday,Belt Used,PV,Not Fatal,0,1,1,0,City Street,Municipal/City Police,Fife Police Department,0,0,0,1,0,,,,,,0,0,0,,,,,,,,,,,98,98,98,0,,,,,20,7,,,,,,,,,,,,,,,
2019,193,E934410,6,06/26/2019,9:35,26,6,,37,Kittitas,0,1,0,1,1,2,1,0,3,3,,,,12,0,2,147.1,1,0,1,3,1,1,2,0,0,28,3,US-97,,-120.6110389,47.33145278,1,1,50,10,2,60,1,0,0,1,7,12,2,2,3,1,14,1,1,53,0,30,47,2016,0,0,68,12,,,,,1,1,75,2,7,,4,7,3,0,11,0,06/26/2019,9:35,53029032,29032,0,0,0,3,1,28,0,0,0,96,,,,,,99,,,,,,98424,53,64,168,6,1,0,2,2,0,,0,,,,,,0,11/15/2015,12/15/2015,1,0,0,0,0,9,8,,,0,0,0,8,9,8,95,,,96,,,8,95,995,,,,,,,,,,,,,,,,,,,,,,,,,,,,,,0,0,0,0,0,0,0,0,0,0,0,0,0,0,0,0,0,0,0,0,0,0,0,0,0,1,1,1,0,1,1,0,0,0,0,,1,0,0,0,0,0,0,0,0,0,0,0,0,0,0,0,,,,,,71-75,66-75,US highway,R,Wednesday,Belt Used,PV,White,0,1,1,0,State Route,State Patrol,Washington State Patrol,0,1,0,0,0,,,,,,0,0,0,,,,,,,,,,,98,98,98,1,,,,,20,7,,,,,,,,,,,,,,,
2019,374,E974167,290,10/22/2019,12:20,22,10,,53,Pierce,2230,10,0,1,2,2,1,0,4,2,,,,12,0,2,0,1,0,1,7,2,4,6,0,3,0,0,NORPOINT WAY NE,,-122.3709639,47.272125,0,1,50,10,2,40,4,0,0,1,7,12,3,2,3,2,14,3,1,53,0,49,40,2003,0,0,68,12,,,,,1,1,56,2,7,,4,7,99,7,11,0,10/22/2019,12:20,2.23053E+11,46736,0,0,3,3,1,28,0,0,0,96,,,,,,99,,,,,,98424,53,59,105,6,1,0,0,2,0,,0,,,,,,0,09/15/2017,06/15/2018,8,0,0,0,0,9,8,,,0,0,0,8,1,2,996,996,996,1,1,1,2,1,0,,,,,,,,,,,,,,,,,,,,,,,,,,,,,,0,0,0,0,1,0,1,1,1,0,0,0,0,0,0,0,0,0,0,0,0,0,0,0,0,1,1,1,0,1,0,0,0,0,0,,1,0,0,0,0,0,1,1,0,0,0,0,0,0,1,1,,,,,,56-60,56-65,City street,U,Tuesday,Unknown,PV,Multiracial,0,1,1,0,City Street,Municipal/City Police,Tacoma Police Department,0,0,0,1,0,thc,3,carboxy-thc,9.7,,0,0,0,1,1,1,,,996,401,417,605,695,98,98,98,201,298,,,,20,7,,,,,,,nms,,,,,,,,
2021,186,EB41625,127,06/15/2021,19:08,15,6,,33,King,735,1,,5,1,2,2,0,5,2,,,,12,0,6,2.7,3,0,3,3,2,1,3,0,0,0,0,SR-99,374TH ST,-122.3347333,47.26611667,0,2,66,62,4,98,21,0,0,1,2,12,8,8,4,1,1,2,1,53,0,7,463,2019,0,,12,,,,,,1,1,79,1,0,,3,0,3,0,11,5,,,,,0,0,3,3,1,0,,,,96,,,,,,98,,,,,,98424,53,68,165,6,1,0,0,0,0,,0,,,,,,0,,,1,0,0,0,8,9,8,,,0,,,8,8,8,95,,,96,,,8,95,995,,,,,,,,,,,,,,,,,,,,,,,,,,,,,,0,0,0,1,0,0,0,0,0,0,0,0,1,1,0,0,0,0,0,1,0,0,0,0,0,1,1,1,0,1,0,0,0,0,0,,0,0,0,0,0,0,0,0,0,0,0,0,0,0,0,0,,,,,,76-80,76+,State route,U,Tuesday,Belt Used,PV,Not Fatal,1,0,0,0,State Route,Municipal/City Police,Federal Way Dept of Public Safety,0,1,0,0,0,,,,,,0,0,0,,,,,,,,,,,98,98,98,0,,,,,20,,,,,,,,,1,0,,,,,,
2021,212,EB45852,129,07/04/2021,13:56,4,7,,53,Pierce,747,1,,1,1,2,1,0,3,2,,,,12,0,6,0,2,0,3,3,2,4,6,0,3,0,0,PACIFIC HWY E,46th Ave E,-122.3673861,47.24308889,0,2,88,66,4,35,14,0,0,1,2,12,1,1,5,5,1,2,2,53,0,7,403,2008,0,,12,,,,,,1,1,36,2,0,,0,0,20,7,11,0,,,,,0,0,0,2,1,0,,,,96,,,,,,98,,,,,,98424,53,60,124,1,1,0,1,0,0,,0,,,,,,0,01/15/2017,01/15/2017,8,0,0,0,8,9,8,,,0,,,8,8,0,0,,,0,,,0,0,996,,,,,,,,,,,,,,,,,,,,,,,,,,,,,,0,0,0,1,0,0,1,1,0,0,0,0,0,1,0,0,0,0,1,0,0,0,0,0,0,1,1,1,0,1,0,0,0,0,0,,0,0,0,0,0,0,0,0,0,0,0,1,0,0,0,0,,,,,,36-40,36-45,City street,U,Sunday,Not Used,PV,Not Fatal,1,0,0,0,City Street,Municipal/City Police,Fife Police Department,0,0,0,1,0,,,,,,0,0,0,,,,,,,,,,,98,98,98,0,,,,,20,,,,,,,,,1,0,,,,,,
2019,70,E902965,122,03/16/2019,5:57,16,3,,61,Snohomish,690,10,0,3,1,2,1,0,3,2,,,,12,0,2,46.7,1,0,1,3,2,1,3,0,0,0,0,SR-99,,-122.2483583,47.90018056,0,2,51,62,4,98,4,0,0,1,7,12,1,2,5,5,1,1,1,53,0,49,32,2013,0,0,12,,,,,,1,1,27,1,7,,4,7,20,7,11,0,03/16/2019,5:57,69053012868,12868,0,0,0,3,1,0,0,0,0,96,,,,,,0,,,,,,98433,53,67,165,6,1,0,0,0,0,,0,,,,,,0,,,8,0,0,0,0,9,8,,,0,0,0,8,9,2,1,,,1,,,2,1,0.12,,,,,,,,,,,,,,,,,,,,,,,,,,,,,,0,0,0,0,1,1,1,1,0,0,0,0,0,0,0,0,1,0,0,1,0,1,1,0,1,0,0,0,0,1,0,0,0,1,0,,1,0,0,0,0,1,0,1,0,0,0,0,0,1,0,1,,,,,,26-30,26-35,State route,U,Saturday,Not Used,PV,Multiracial,0,1,1,0,State Route,Municipal/City Police,Everett Police Department,0,1,0,0,0,,,,,,0,0,0,,,,,,,,,,,98,98,98,268,,,,,20,7,,,,,,,,,,,,,,,
2019,280,E948778,349,07/31/2019,22:13,31,7,,53,Pierce,0,1,0,3,1,2,1,0,1,1,,,,33,0,0,0,1,0,1,96,6,96,8,0,2,0,0,41ST DIVISION DR,,-122.5901028,47.10625833,0,1,6,10,2,35,80,0,0,1,7,1,2,2,2,2,14,1,1,53,0,50,706,2017,0,0,64,33,1,30,,,1,1,41,1,7,,4,7,20,7,11,0,07/31/2019,22:45,53034341,34341,0,0,0,3,1,0,0,0,0,96,,,,,,0,,,,,,98433,53,72,205,6,1,0,0,0,0,,0,,,,,,4,,,20,8,0,0,0,9,8,,,0,0,0,8,0,8,95,,,96,,,8,95,995,,,,,,,,,,,,,,,,,,,,,,,,,,,,,,0,0,1,0,0,0,0,0,0,0,0,0,1,0,0,0,0,0,0,0,0,0,0,0,0,0,0,0,1,0,0,0,0,0,1,0,0,0,0,0,0,0,0,0,0,1,0,0,0,0,0,0,,,,,,41-45,36-45,Other,,Wednesday,,MC,White,0,1,0,0,Other,Municipal/City Police,"Hdqtrs, 1st Military Police Brigade",1,0,0,0,1,,,,,,0,0,0,,,,,,,,,,,0,0,0,1,,,,,19,0,,,,,,,,,,,,,,,
2021,606,EB24863,35,04/24/2021,23:33,24,4,,53,Pierce,0,2,,2,2,2,1,1,2,1,,,,8,0,0,4,1,0,1,3,2,2,4,0,0,0,0,CR-BROOKDALE RD E,,-122.3633111,47.11259444,0,1,13,80,5,35,6,0,0,1,2,8,1,1,2,1,1,2,2,53,0,51,43,2004,0,,8,,,,,,1,1,40,1,0,,0,0,3,0,11,0,,,,,0,0,3,3,1,0,,,,96,,,,,,98,,,,,,98439,53,71,165,6,1,0,0,0,0,,0,,,,,,0,,,20,0,0,0,8,9,8,,,0,,,8,8,8,95,,,96,,,8,95,995,,,,,,,,,,,,,,,,,,,,,,,,,,,,,,0,0,0,0,0,0,0,0,0,0,0,0,0,0,0,0,0,0,0,0,0,0,0,0,0,0,0,0,0,1,0,1,0,0,0,,0,0,0,0,0,0,0,0,0,0,0,0,0,0,0,0,,,,,,36-40,36-45,County road,U,Saturday,Belt Used,PV,Not Fatal,0,0,0,0,County Road,County Sheriff,Law Enforcement Support Agency,0,0,1,0,0,,,,,,0,0,0,,,,,,,,,,,98,98,98,0,,,,,20,,,,,,,,,1,0,,,BROOKDALE RD E,4,NULL,
2019,349,E967503,129,09/28/2019,21:00,28,9,,53,Pierce,747,10,0,3,1,2,1,0,3,2,,,,12,0,6,0,8,0,1,7,2,4,6,0,3,0,0,PACIFIC HWY E,,-122.36895,47.24309167,0,1,68,15,2,35,34,0,0,1,7,12,1,1,5,5,11,1,1,53,0,20,481,2001,0,0,12,,,,,,1,1,32,1,0,,1,0,3,0,11,8,,,,,0,0,0,3,1,38,0,0,0,96,,,,,,9,,,,,,98443,53,73,156,6,1,0,1,1,0,,1,12,,,,,0,02/15/2016,05/15/2018,20,0,0,0,8,9,8,,,0,0,0,8,1,2,401,417,695,1,1,1,2,1,0.071,,,,,,,,,,,,,,,,,,,,,,,,,,,,,,0,0,0,0,1,0,1,1,1,0,0,0,0,0,0,0,0,0,1,0,0,0,0,0,0,0,0,0,0,1,0,0,0,0,0,,0,0,0,0,1,0,1,1,0,0,1,0,0,0,0,1,,,,,,31-35,26-35,City street,U,Saturday,Belt Used,PV,Not Fatal,0,0,0,0,City Street,Municipal/City Police,Fife Police Department,0,0,0,1,0,,,carboxy-thc,6.7,,0,0,0,,,,,,,,,,,98,98,98,0,,,,,20,7,,,,,,,,,,,,,,,
2021,202,EB43981,3,06/18/2021,13:32,18,6,,53,Pierce,0,1,,1,1,2,1,0,3,3,,,,12,0,1,8.2,1,0,1,2,2,1,3,0,0,0,0,SR-167,,-122.2579111,47.20224444,0,2,21,53,3,60,14,0,0,1,2,12,1,1,2,2,5,1,1,53,0,41,403,2020,0,,12,63,1,,,,1,1,55,1,0,,0,0,3,0,11,0,,,,,0,0,3,3,1,0,,,,0,,,,,,98,,,,,,98443,53,67,165,6,1,0,0,0,0,,0,,,,,,0,,,8,0,0,0,8,9,8,,,0,,,8,8,8,95,,,96,,,2,1,997,,,,,,,,,,,,,,,,,,,,,,,,,,,,,,0,0,0,0,0,0,0,0,0,0,0,0,1,0,0,0,0,0,0,0,0,0,0,0,0,1,1,1,0,1,1,0,0,0,0,,0,0,0,0,0,0,0,0,0,0,0,0,0,0,0,0,,,,,,51-55,46-55,State route,U,Friday,Belt Used,PV,Not Fatal,0,0,0,0,State Route,State Patrol,Washington State Patrol,0,1,0,0,0,,,,,,0,0,0,,,,,,,,,,,98,98,98,0,,,,,20,,,,,,,,,1,0,,,,,,
2021,187,3835781,263,05/28/2021,21:07,28,5,,33,King,1960,1,,3,1,1,1,0,1,1,,,,25,0,0,0,5,0,1,2,2,4,6,0,0,0,0,W SEATTLE BRG E,,-122.3279028,47.57078611,0,1,6,12,2,60,80,0,0,1,2,25,2,2,2,6,14,1,2,53,0,73,706,2015,0,,64,25,69,25,,,1,1,31,1,7,,4,7,20,7,11,0,05/28/2021,21:07,1.96053E+11,26085,3,0,0,2,1,48,,,,96,,,,,,98,,,,,,98444,53,74,230,6,1,0,3,1,0,,0,,,,,,0,02/15/2016,08/15/2021,20,8,0,0,0,9,8,,,0,,,8,8,2,695,605,,1,1,,2,1,0.079,,,,,,,,,,,,,,,,,,,,,,,,,,,,,,0,0,1,0,1,0,1,1,1,0,0,0,0,0,1,0,0,0,0,0,0,0,0,0,0,0,0,0,1,0,0,0,0,0,1,0,0,0,0,0,1,0,1,1,0,0,0,0,0,0,0,1,,,,,,31-35,26-35,City street,U,Friday,,MC,White,0,1,0,0,City Street,Municipal/City Police,Seattle Police Department,1,0,0,1,0,thc,50,carboxy-thc,320,,0,0,4,,,,,,,,,,,0,0,0,1,,,,,5,,,,,,,,nms,1,0,,,,,,
2020,552,3847800,263,07/26/2020,16:40,26,7,,33,King,1960,1,,1,1,2,1,0,4,2,16:41,16:51,17:10,14,0,0,0,1,0,1,7,2,4,6,0,0,0,0,30TH AVE,,-122.2937861,47.61865556,0,1,11,11,2,98,61,0,0,1,8,14,1,2,8,1,1,1,3,53,0,38,883,2016,0,,14,,,,,,1,1,32,1,0,,0,0,99,7,11,0,,,,,0,0,0,3,1,0,,,,96,,,,,,98,,,,,,98444,53,62,130,6,1,0,0,0,0,,97,,,,,,0,,,99,0,0,0,8,9,8,,,0,,,8,8,8,95,,,96,,,8,95,995,,,,,,,,,,,,,,,,,,,,,,,,,,,,,,0,0,0,0,0,0,0,0,0,0,0,0,0,0,0,0,0,0,0,0,0,0,0,0,0,0,0,0,0,1,1,0,0,0,0,,0,0,0,0,0,0,0,0,0,0,0,0,0,0,0,0,,,,,,31-35,26-35,City street,U,Sunday,,MHTRUCK,Not Fatal,0,1,0,0,City Street,Municipal/City Police,Seattle Police Department,1,0,0,1,0,,,,,,0,0,0,,,,,,,,,,,98,98,98,0,,,,,20,7,,,,,,,,0,0,,,,,,
2021,552,3895585,263,10/08/2021,21:26,8,10,,33,King,1960,1,,3,1,2,1,1,1,1,,,,15,0,0,0,1,0,1,3,2,4,6,0,0,0,0,AIRPORT WAY S,,-122.3232806,47.55953889,0,1,13,83,5,30,4,0,0,1,2,15,1,1,4,1,1,1,1,53,0,12,23,2012,0,,68,15,,,,,1,1,28,1,0,,0,0,99,7,11,0,,,,,0,0,0,3,1,0,,,,96,,,,,,98,,,,,,98444,53,75,220,6,1,0,0,0,0,,0,,,,,,0,,,20,0,0,0,8,9,2,,,0,,,8,0,8,95,,,96,,,8,95,995,,,,,,,,,,,,,,,,,,,,,,,,,,,,,,0,0,0,0,0,0,0,0,0,1,1,1,0,0,0,0,0,0,0,0,0,0,0,0,0,0,0,0,0,1,0,1,0,0,0,,0,0,0,0,0,0,0,0,0,0,0,0,0,0,0,0,,,,,,26-30,26-35,City street,U,Friday,Unknown,PV,Not Fatal,0,0,0,0,City Street,Municipal/City Police,Seattle Police Department,0,0,0,1,0,,,,,,0,0,0,,,,,,,,,,,98,98,98,0,,,,,20,,,,,,,,,1,0,,,,,,
2017,41,E648561,3,01/09/2017,11:34,9,1,0,53,Pierce,0,1,0,1,1,2,1,0,3,2,,,,12,0,1,0.7,1,0,1,7,2,2,4,0,0,0,0,CR-113TH ST S,,-122.4350528,47.13638889,0,2,21,80,5,25,4,0,0,1,5,12,1,1,2,1,5,2,1,53,0,63,38,2015,0,0,12,,,,,,1,1,41,2,0,0,0,0,3,0,11,0,,,,,0,0,0,3,1,0,0,0,0,0,,,,,,0,,,,,,98444,53,65,210,6,1,0,0,2,0,0,0,,,,,,0,12/15/2012,08/15/2016,20,0,0,0,8,9,8,,,0,0,0,8,0,0,0,0,0,0,0,0,0,0,996,,,,,,,,,,,,,,,,,,,,,,,,,,,,,,0,0,0,0,0,0,0,0,0,0,0,0,0,0,0,0,1,0,0,0,0,0,0,0,0,0,0,0,0,1,0,0,0,0,0,,0,0,0,0,0,0,0,0,0,0,0,0,0,0,0,0,,,,,,41-45,36-45,County road,U,Monday,Belt Used,PV,Not Fatal,0,0,0,0,County Road,County Sheriff,Law Enforcement Support Agency,0,0,1,0,0,,,,,,,,,,,,,,,,,,,,,,,,,,,,,,,,,,,,,,,,,,,
2017,75,E648586,35,03/04/2017,22:55,4,3,0,53,Pierce,0,10,0,3,2,2,1,0,2,2,,,,12,0,6,7,8,0,1,3,2,2,4,0,0,0,0,CR-112TH ST S,,-122.4397083,47.15543611,0,1,68,15,2,35,15,0,0,1,2,12,1,1,3,5,11,1,1,53,0,20,421,2005,0,0,12,,,,,,1,1,53,2,0,0,0,0,20,0,11,0,,,,,0,0,0,3,1,38,0,0,0,96,,,,,,0,,,,,,98444,53,63,155,6,1,0,0,0,0,0,2,,,,,,0,,,20,0,0,0,8,9,8,,,0,0,0,8,0,0,0,0,0,0,0,0,0,0,996,,,,,,,,,,,,,,,,,,,,,,,,,,,,,,0,0,0,0,1,1,1,1,1,0,0,0,0,0,0,0,0,0,1,0,0,0,0,0,0,0,0,0,1,1,0,0,0,0,0,,0,0,0,0,0,0,0,0,0,0,1,0,0,0,0,0,,,,,,51-55,46-55,County road,U,Saturday,Not Used,PV,Not Fatal,1,0,0,0,County Road,County Sheriff,Law Enforcement Support Agency,0,0,1,0,0,,,,,,,,,,,,,,,,,,,,,,,,,,,,,,,,,,,,,,,,,,,
2017,175,E661438,160,04/14/2017,3:53,14,4,0,33,King,1030,1,0,3,1,2,1,0,2,2,,,,12,0,6,2.1,2,0,2,3,2,1,3,0,0,20,3,SR-181,S 216TH ST,-122.2494167,47.40851944,0,2,87,66,4,25,14,0,0,1,5,1,8,8,2,1,3,1,1,53,0,37,401,1998,0,0,12,68,64,1,,,1,1,42,1,7,98,4,0,20,0,11,5,04/17/2017,9:37,1.96053E+11,18256,0,0,0,3,1,0,0,0,0,0,,,,,,0,,,,,,98444,53,64,150,6,1,0,1,0,0,1,0,,,,,,0,05/15/2012,01/15/2013,1,0,0,0,0,9,8,,,0,0,0,8,9,2,996,0,0,1,0,0,2,1,0,,,,,,,,,,,,,,,,,,,,,,,,,,,,,,0,0,0,1,0,0,1,1,0,0,0,0,1,0,0,0,0,0,0,1,0,1,1,0,1,0,0,0,0,1,0,0,0,1,0,,1,0,0,0,0,0,1,1,0,0,0,0,0,0,1,0,,,,,,41-45,36-45,State route,U,Friday,Not Used,PV,Oth/Unk,1,0,0,0,State Route,Municipal/City Police,Kent Police Department,0,1,0,0,0,,,,,,,,,,,,,,,,,,,,,,,,,,,,,,,,,,,,,,,,,,,
2017,249,E689336,129,07/07/2017,2:11,7,7,0,53,Pierce,747,1,0,2,1,2,1,1,2,2,,,,8,0,0,0,1,0,1,3,2,4,6,0,3,0,0,PACIFIC HWY E,,-122.3955944,47.24321944,0,1,98,80,5,35,2,0,0,1,2,8,1,1,5,5,15,1,2,53,0,34,34,2007,0,0,8,,,,,,1,1,18,1,0,0,0,0,3,0,11,0,,,,,0,0,3,3,1,0,0,0,0,96,,,,,,0,,,,,,98444,53,65,123,6,1,0,1,1,0,0,0,,,,,,4,05/15/2016,05/15/2016,1,0,0,0,8,9,8,,,0,0,0,8,0,0,0,0,0,0,0,0,0,0,996,,,,,,,,,,,,,,,,,,,,,,,,,,,,,,0,0,0,0,0,0,0,0,0,1,0,1,1,0,0,0,1,0,0,0,0,1,1,0,1,0,0,0,0,1,0,1,0,0,0,,0,0,0,0,0,0,0,0,0,1,0,0,0,0,0,0,,,,,,18-20,16-25,City street,U,Friday,Belt Used,PV,Not Fatal,0,0,0,0,City Street,Municipal/City Police,Fife Police Department,0,0,0,1,0,,,,,,,,,,,,,,,,,,,,,,,,,,,,,,,,,,,,,,,,,,,
2017,203,E710630,35,05/28/2017,16:10,28,5,4,53,Pierce,0,1,0,1,1,2,1,0,1,1,,,,38,0,0,8,1,0,1,3,2,2,4,0,0,0,0,CR-112TH ST S,,-122.4573583,47.15562778,0,1,6,12,2,35,62,0,0,1,2,42,1,1,5,5,1,1,3,53,0,23,881,1995,0,0,68,64,38,42,,,1,1,40,1,7,38,4,7,20,0,11,0,05/28/2017,16:27,2.23053E+11,24437,0,0,0,2,1,0,0,0,0,96,,,,,,9,,,,,,98444,53,72,200,1,1,0,0,0,0,0,0,,,,,,0,,,20,0,0,0,0,1,8,,,0,0,0,8,1,2,401,417,605,1,1,1,2,1,0.031,,,,,,,,,,,,,,,,,,,,,,,,,,,,,,0,0,1,0,1,0,1,1,1,0,0,0,0,1,0,0,0,0,0,0,0,0,0,0,0,0,0,0,0,0,1,0,0,0,0,,0,1,0,0,1,0,1,1,0,0,0,1,0,0,0,1,,,,,,36-40,36-45,County road,U,Sunday,,MHTRUCK,API,0,1,0,0,County Road,County Sheriff,Law Enforcement Support Agency,1,0,1,0,0,thc,3,carboxy-thc,11,,,,,,,,,,,,,,,,,,,,,,,,,,,,,,,,,,,,,,,
2018,47,E772016,290,02/22/2018,19:15,22,2,0,53,Pierce,2230,1,0,3,1,2,1,1,1,1,,,,8,1,0,0,1,0,1,3,2,4,6,0,0,0,0,S HOSMER ST,,-122.4631833,47.17814444,0,1,13,80,5,35,49,0,0,1,5,8,1,1,4,1,1,99,9,99,0,2,999,9999,0,0,8,,,,,,1,1,36,1,0,0,0,0,99,0,11,0,,,,,0,0,0,2,1,0,0,0,0,96,,,,,,99,,,,,,98444,53,65,150,1,1,0,0,0,0,,97,,,,,,4,,,99,0,0,0,8,9,8,,,0,0,0,8,9,8,95,,,96,,,8,95,995,,,,,,,,,,,,,,,,,,,,,,,,,,,,,,0,0,0,0,0,0,0,0,0,1,1,1,1,1,0,0,0,0,0,0,0,0,0,0,0,0,0,0,0,1,0,1,0,0,0,,0,0,0,0,0,0,0,0,0,1,0,1,0,0,0,0,,,,,,36-40,36-45,City street,U,Thursday,Unknown,PV,Not Fatal,0,0,0,0,City Street,Municipal/City Police,Tacoma Police Department,0,0,0,1,0,,,,,,0,0,0,,,,,,,,,,,,,,,,,,,,,,,,,,,,,,,,,,,