year,case,par,repjur,crash_dt,crash_tm,accday,accmon,holiday,county,co_char,city,weather,weather2,lightcond,surfcond,surftype,numfatal,nmforms,pforms,vforms,not_tm,arr_tm,hosp_tm,fhevent,hitrun,manncol,milepnt,reljunc,reljuncinter,intersectiontype,funcsystem,landuse,ownership,route,schlbus,spejur,contdev,devfunc,trafid1,trafid2,x,y,wk_zone,vnumber,crashtype,criticalevent,criticaleventcat,spdlim,body,trailer,emerg,hazcargo,leave,mhevent,roadalgn,roadprof,traflane,trafflow,vehmanvr,numoccs,regowner,regstate,spuse,make,model,modelyr,vrf1,vrf2,seqevent1,seqevent2,seqevent3,seqevent4,seqevent5,seqevent6,pnumber,ptype,age,sex,hispanic,race,injury,diedscene,restraint,restraintmisuse,seatpos,takehosp,death_dt,death_tm,cert,cernum_wa,commlic,licendor,licrestrict,liccomp,drivpres,drf1,drf2,drf3,drf4,distract1,distract2,distract3,distract4,distract5,distract6,dricond1,dricond2,dricond3,dricond4,dricond5,dricond6,dzip,licstate,drhgt_in,weight,noncdl,noncdltype,prevdwi,prevoth,prevacc,prevspd,prevsus,driviol1,driviol2,driviol3,driviol4,driviol5,driviol6,spdrel,first_dt,last_dt,airbag,ejection,ejectpath,extricat,injurwrk,methalc,methdrug,nmlocat,strikveh,prf1,prf2,prf3,druginv,alcinvol,drugsts,drugres1,drugres2,drugres3,drugtst1,drugtst2,drugtst3,alcsts,alctst,alcres,nmact1,nmact2,nmact3,nmact4,nmact5,nmact6,nmprior1,nmprior2,nmprior3,nmprior4,nmprior5,nmprior6,nmcond1,nmcond2,nmcond3,nmcond4,nmcond5,nmcond6,nmsafe_helmet,nmsafe_pads,nmsafe_oth,nmprev_ref,nmprev_lgt,nmprev_oth,crashlocation,nmcrashtype,crosswalk,schoolzone,sidewalk,train_inv,wildlife_inv,rotr_fars,intersect_fars,dd_inv,aid_inv,dpd_inv,id_inv,mj_inv,impnm_inv,ainm_inv,dpnm_inv,speed_inv,unlic_inv,unendmc_inv,drowsy_inv,drdist_inv,nmdist_inv,fty_inv,unrestfat_inv,dr1617_inv,dr1820_inv,dr1620_inv,dr2125_inv,dr1625_inv,dr65_inv,dr70_inv,dr75_inv,mc_inv,pv_inv,ht_inv,ped_inv,bike_inv,unrest_fat,mc_fat,unhelmet_mc,pv_fat,ht_fat,ped_fat,bike_fat,dr_alc7,dr_alc8,dr_drug,dr_imp,dr_dist,dr_spd,dr_fty,dr_unlic,dr_alc7only,dr_alc8only,dr_drugonly,dr_drink,nm_imp,nm_alc7,nm_alc8,nm_drug,nm_dist,agegrp1,agegrp2,roadclass,urbrur,dayweek,restuse,vehtype,race_me,intersect,lanedep,oppdir,wrongway,rep_typ,investag,repag_long,rotr,st_rd,cty_rd,city_rd,oth_rd,drug_thc,thc_res,drug_cthc,cthc_res,drug_cann,prevpersemin,prevperse,prevsusoth,drugtst4,drugtst5,drugtst6,drugtst7,drugtst8,drugres4,drugres5,drugres6,drugres7,drugres8,adspresent,adsengaged,adslevel,race1,race2,race3,race4,race5,helmet,helmetmisuse,nmdistract1,nmdistract2,nmdistract3,nmdistract4,nmdistract5,nmdistract6,lab,isedtcase,crf1,crf2,crf3,CoRoadName,CoMP,IntCoRoadName,IntCoMP
2018,68,E777381,3,03/08/2018,2:10,8,3,0,53,Pierce,1124,10,0,3,2,2,3,0,4,2,,,,12,1,7,125.3,1,0,1,1,2,1,1,0,0,0,0,I-5,,-122.5209583,47.13935278,0,1,48,6,1,60,4,0,0,1,2,12,1,1,4,3,1,1,2,53,0,35,39,2002,0,0,12,,,,,,1,1,23,1,0,0,0,0,3,0,11,0,,,,,0,0,0,0,1,91,0,0,0,96,,,,,,99,,,,,,98444,53,68,160,0,0,0,0,0,0,,1,,,,,,3,,,1,0,0,0,8,9,8,,,0,0,0,8,9,2,300,605,695,1,1,1,2,1,0,,,,,,,,,,,,,,,,,,,,,,,,,,,,,,0,0,0,0,0,0,1,1,1,0,0,0,1,1,0,0,0,0,0,1,0,0,0,1,1,0,0,0,0,1,0,0,0,0,0,,0,0,0,0,0,0,1,1,0,1,0,1,0,0,1,0,,,,,,21-25,16-25,Interstate,U,Thursday,Belt Used,PV,Not Fatal,0,0,0,0,State Route,State Patrol,Washington State Patrol Headquarter,0,1,0,0,0,thc,3.8,carboxy-thc,57,,0,0,0,,,,,,,,,,,,,,,,,,,,,,,,,,,,,,,,,,,
2018,89,E783025,297,03/26/2018,22:10,26,3,0,33,King,2310,10,0,3,2,2,1,1,1,1,,,,8,0,0,0,1,0,1,5,2,4,6,0,0,0,0,S 133RD ST,,-122.2767944,47.485,0,1,13,80,5,35,4,0,0,1,7,8,1,1,4,1,1,1,1,53,0,35,47,2008,0,0,8,,,,,,1,1,38,1,0,0,0,0,3,0,11,0,,,,,0,0,0,3,1,0,0,0,0,96,,,,,,0,,,,,,98444,53,68,220,6,1,0,0,0,0,,0,,,,,,0,,,20,0,0,0,8,9,8,,,0,0,0,8,0,8,95,,,96,,,8,95,995,,,,,,,,,,,,,,,,,,,,,,,,,,,,,,0,0,0,0,0,0,0,0,0,0,0,0,0,0,0,0,0,0,0,0,0,0,0,0,0,0,0,0,0,1,0,1,0,0,0,,0,0,0,0,0,0,0,0,0,0,0,0,0,0,0,0,,,,,,36-40,36-45,City street,U,Monday,Belt Used,PV,Not Fatal,0,0,0,0,City Street,Municipal/City Police,Tukwila Police Department,0,0,0,1,0,,,,,,0,0,0,,,,,,,,,,,,,,,,,,,,,,,,,,,,,,,,,,,
2018,505,E812564,173,06/21/2018,15:55,21,6,0,53,Pierce,1124,1,0,1,1,2,1,0,6,5,,,,12,0,6,0,2,0,2,3,2,4,6,0,0,3,3,LAKEWOOD DR SW,STEILACOOM BLVD SW,-122.5078278,47.17651389,0,1,87,17,2,35,4,0,0,1,5,12,1,1,4,1,1,1,2,53,0,41,51,2012,0,0,12,12,,,,,1,1,36,1,7,1,4,0,3,0,11,4,06/24/2018,6:02,2.23053E+11,28043,0,0,0,3,1,37,39,0,0,96,,,,,,99,,,,,,98444,53,68,160,6,1,0,1,0,0,,0,,,,,,3,11/15/2017,11/15/2017,8,0,0,0,0,9,8,,,0,0,0,8,9,2,401,417,,1,1,,2,1,0,,,,,,,,,,,,,,,,,,,,,,,,,,,,,,0,0,0,1,0,0,1,1,0,0,0,0,1,0,0,0,0,0,0,0,0,0,0,1,1,1,0,0,0,1,0,0,0,0,0,,1,0,0,0,0,0,1,1,0,1,0,0,0,0,1,0,,,,,,36-40,36-45,City street,U,Thursday,Belt Used,PV,White,1,0,0,0,City Street,Municipal/City Police,Lakewood Police Department,0,0,0,1,0,,,,,,0,0,1,,,,,,,,,,,,,,,,,,,,,,,,,,,,,,,,,,,
2018,237,E819564,35,07/19/2018,14:54,19,7,0,53,Pierce,0,1,0,1,1,2,2,0,6,3,14:55,15:09,,12,0,2,3.2,2,0,2,4,2,2,4,0,0,20,3,CR-GOLDEN GIVEN RD E,85TH ST E,-122.4156806,47.17999167,0,2,82,66,4,35,4,0,0,1,7,12,1,1,2,1,11,2,1,53,0,37,31,2005,0,0,12,,,,,,1,1,40,2,0,0,0,0,3,0,11,0,,,,,0,0,0,3,1,0,0,0,0,96,,,,,,0,,,,,,98444,53,66,130,6,1,0,0,0,1,,0,,,,,,0,08/15/2013,08/15/2013,1,0,0,0,8,9,8,,,0,0,0,8,0,8,95,,,96,,,8,95,995,,,,,,,,,,,,,,,,,,,,,,,,,,,,,,0,0,0,1,0,0,1,1,0,0,0,0,1,1,1,0,0,0,0,0,0,0,0,0,0,1,0,0,1,1,0,0,0,0,0,,0,0,0,0,0,0,0,0,0,0,0,0,0,0,0,0,,,,,,36-40,36-45,County road,U,Thursday,Belt Used,PV,Not Fatal,1,0,0,0,County Road,County Sheriff,Law Enforcement Support Agency,0,0,1,0,0,,,,,,0,0,0,,,,,,,,,,,,,,,,,,,,,,,,,,,,,,,,,,,
2018,237,E819564,35,07/19/2018,14:54,19,7,0,53,Pierce,0,1,0,1,1,2,2,0,6,3,14:55,15:09,,12,0,2,3.2,2,0,2,4,2,2,4,0,0,20,3,CR-GOLDEN GIVEN RD E,85TH ST E,-122.4156806,47.17999167,0,3,98,90,6,35,4,0,0,1,7,54,1,1,2,1,5,2,1,53,0,59,31,2005,0,0,54,,,,,,1,1,68,2,0,0,0,0,3,0,11,0,,,,,0,0,0,3,1,0,0,0,0,96,,,,,,0,,,,,,98444,53,61,132,6,1,0,0,0,0,,0,,,,,,0,,,20,0,0,0,8,9,8,,,0,0,0,8,0,8,95,,,96,,,8,95,995,,,,,,,,,,,,,,,,,,,,,,,,,,,,,,0,0,0,1,0,0,1,1,0,0,0,0,1,1,1,0,0,0,0,0,0,0,0,0,0,1,0,0,1,1,0,0,0,0,0,,0,0,0,0,0,0,0,0,0,0,0,0,0,0,0,0,,,,,,66-70,66-75,County road,U,Thursday,Belt Used,PV,Not Fatal,1,0,0,0,County Road,County Sheriff,Law Enforcement Support Agency,0,0,1,0,0,,,,,,0,0,0,,,,,,,,,,,,,,,,,,,,,,,,,,,,,,,,,,,
2018,382,E853089,7,10/13/2018,3:01,13,10,0,33,King,735,1,0,2,1,1,1,0,2,2,,,,14,0,0,142.2,1,0,1,1,2,1,1,0,0,0,0,I-5,,-122.3053417,47.29287222,0,1,98,98,7,98,4,0,0,1,2,14,1,1,5,3,1,2,1,53,0,12,23,2012,0,0,14,,,,,,1,1,36,1,0,0,3,0,3,0,11,4,,,,,0,0,3,3,1,51,0,0,0,96,,,,,,9,,,,,,98444,53,71,150,6,1,0,0,0,0,,97,,,,,,4,,,8,0,0,0,8,1,8,,,0,0,0,8,1,2,1,,,1,,,2,1,0.26,,,,,,,,,,,,,,,,,,,,,,,,,,,,,,0,0,0,0,1,1,0,1,0,0,0,0,1,0,0,0,0,0,0,0,0,0,0,0,0,0,0,0,0,1,0,0,0,0,0,,0,0,0,0,0,1,0,1,0,1,0,0,0,1,0,1,,,,,,36-40,36-45,Interstate,U,Saturday,Belt Used,PV,Not Fatal,0,0,0,1,State Route,State Patrol,Washington State Patrol,0,1,0,0,0,,,,,,0,0,0,,,,,,,,,,,,,,,,,,,,,,,,,,,,,,,,,,,
2019,23,E884741,3,01/11/2019,20:25,11,1,,53,Pierce,0,1,0,3,1,2,1,0,6,4,,,,12,0,1,48.3,3,0,2,3,2,1,3,0,0,3,3,SR-7,176TH ST E,-122.4349444,47.09713333,0,1,20,50,3,40,4,0,0,1,7,12,1,1,4,2,1,1,2,53,0,37,32,1998,0,0,12,,,,,,1,1,64,1,7,,4,0,20,7,11,4,01/11/2019,21:15,2.23053E+11,2925,0,0,3,3,1,0,0,0,0,96,,,,,,9,,,,,,98444,53,74,250,6,1,0,1,0,0,,0,,,,,,0,01/15/2015,01/15/2015,1,0,0,0,0,9,8,,,0,0,0,1,9,2,996,996,401,1,1,1,2,1,0,,,,,,,,,,,,,,,,,,,,,,,,,,,,,,0,0,0,1,0,0,1,1,0,0,0,0,0,0,0,0,0,0,0,1,0,0,0,1,1,0,0,0,0,1,0,0,0,1,0,,1,0,0,0,0,0,1,1,0,0,0,0,0,0,1,0,,,,,,61-65,56-65,State route,U,Friday,Not Used,PV,White,1,0,0,0,State Route,State Patrol,Washington State Patrol,0,1,0,0,0,,,,,,0,0,0,1,1,1,,,417,124,996,,,0,0,0,1,,,,,20,7,,,,,,,,,,,,,,,
2019,23,E884741,3,01/11/2019,20:25,11,1,,53,Pierce,0,1,0,3,1,2,1,0,6,4,,,,12,0,1,48.3,3,0,2,3,2,1,3,0,0,3,3,SR-7,176TH ST E,-122.4349444,47.09713333,0,3,98,53,3,40,6,0,0,1,7,12,1,1,4,2,5,3,2,53,0,52,47,2013,0,0,12,12,,,,,1,1,26,2,0,,0,0,3,0,11,0,,,,,0,0,0,3,1,0,0,0,0,0,,,,,,0,,,,,,98444,53,64,135,6,1,0,0,0,1,,0,,,,,,0,05/15/2014,05/15/2014,20,0,0,0,8,9,8,,,0,0,0,8,0,8,95,,,96,,,8,95,995,,,,,,,,,,,,,,,,,,,,,,,,,,,,,,0,0,0,1,0,0,1,1,0,0,0,0,0,0,0,0,0,0,0,1,0,0,0,1,1,0,0,0,0,1,0,0,0,0,0,,0,0,0,0,0,0,0,0,0,0,0,0,0,0,0,0,,,,,,26-30,26-35,State route,U,Friday,Belt Used,PV,Not Fatal,1,0,0,0,State Route,State Patrol,Washington State Patrol,0,1,0,0,0,,,,,,0,0,0,,,,,,,,,,,98,98,98,0,,,,,20,7,,,,,,,,,,,,,,,
2019,513,E889136,290,02/03/2019,18:30,3,2,,53,Pierce,2230,10,0,3,2,2,1,0,1,1,,,,43,0,0,0,3,0,6,7,2,4,6,0,0,98,3,S PARK AVE,S 59TH ST,-122.4418778,47.20367222,0,1,6,12,2,25,5,0,0,1,7,43,1,1,2,1,1,1,1,53,0,63,33,2008,0,0,64,43,,,,,1,1,85,2,7,,4,0,99,7,11,8,02/04/2019,13:50,2.23053E+11,5107,0,0,0,3,1,0,0,0,0,92,,,,,,99,,,,,,98444,53,62,160,6,1,0,0,0,0,,0,,,,,,0,,,1,0,0,0,0,9,8,,,0,0,0,8,9,2,1,,,1,,,2,1,0,,,,,,,,,,,,,,,,,,,,,,,,,,,,,,0,0,1,1,0,0,0,0,0,0,0,0,0,0,0,0,1,0,0,0,0,0,0,0,0,1,1,1,0,1,0,0,0,0,0,,1,0,0,0,0,0,0,0,1,0,0,0,0,0,0,0,,,,,,81+,76+,City street,U,Sunday,Unknown,PV,White,1,0,0,0,City Street,Municipal/City Police,Tacoma Police Department,0,0,0,1,0,,,,,,0,0,0,,,,,,,,,,,98,98,98,1,,,,,20,7,,,,,,,,,,,,,,,
2019,515,E902970,290,03/17/2019,8:24,17,3,,53,Pierce,2230,1,0,1,1,2,1,0,3,3,,,,12,0,6,0,2,0,2,4,2,4,6,0,0,20,3,TACOMA AVE,S 36TH ST,-122.4391194,47.22632778,0,1,88,17,2,35,2,0,0,1,7,12,1,2,2,1,1,2,2,53,0,37,32,1990,0,0,12,14,,,,,1,1,36,2,7,,4,0,99,7,11,5,03/22/2019,6:07,2.23053E+11,15907,0,0,0,2,1,39,0,0,0,96,,,,,,99,,,,,,98444,53,63,170,1,1,0,2,1,0,,37,75,,,,,0,09/15/2016,03/15/2019,20,0,0,0,0,9,8,,,0,0,0,8,9,2,401,417,,1,1,,2,1,0,,,,,,,,,,,,,,,,,,,,,,,,,,,,,,0,0,0,1,0,0,1,1,0,0,0,0,0,1,0,0,0,0,0,0,0,0,0,0,0,0,0,0,0,1,0,0,0,0,0,,1,0,0,0,0,0,1,1,0,0,0,1,0,0,1,0,,,,,,36-40,36-45,City street,U,Sunday,Unknown,PV,Multiracial,1,0,0,0,City Street,Municipal/City Police,Tacoma Police Department,0,0,0,1,0,,,,,,0,0,3,,,,,,,,,,,0,0,0,207,206,,,,20,7,,,,,,,,,,,,,,,
2019,349,E967503,129,09/28/2019,21:00,28,9,,53,Pierce,747,10,0,3,1,2,1,0,3,2,,,,12,0,6,0,8,0,1,7,2,4,6,0,3,0,0,PACIFIC HWY E,,-122.36895,47.24309167,0,2,69,62,4,35,2,0,0,1,7,12,1,1,5,5,1,2,1,53,0,49,42,1992,0,0,12,,,,,,1,1,60,2,0,,1,0,3,0,11,8,,,,,0,0,3,3,1,0,0,0,0,96,,,,,,0,,,,,,98444,53,61,220,6,1,0,0,1,1,,0,,,,,,0,09/15/2016,01/15/2017,20,0,0,0,8,9,8,,,0,0,0,8,0,8,95,,,96,,,8,95,995,,,,,,,,,,,,,,,,,,,,,,,,,,,,,,0,0,0,0,1,0,1,1,1,0,0,0,0,0,0,0,0,0,1,0,0,0,0,0,0,0,0,0,0,1,0,0,0,0,0,,0,0,0,0,0,0,0,0,0,0,0,0,0,0,0,0,,,,,,56-60,56-65,City street,U,Saturday,Belt Used,PV,Not Fatal,0,0,0,0,City Street,Municipal/City Police,Fife Police Department,0,0,0,1,0,,,,,,0,0,0,,,,,,,,,,,0,0,0,0,,,,,20,7,,,,,,,,,,,,,,,
2019,431,E991064,35,12/07/2019,20:50,7,12,,53,Pierce,0,5,0,3,2,2,1,0,2,2,,,,12,0,6,0.4,2,0,2,5,2,2,4,0,0,0,0,CR-YAKIMA AVE S,138TH ST S,-122.4426583,47.13141944,0,2,89,66,4,35,14,0,0,1,5,12,1,1,2,1,1,1,1,53,0,12,402,2005,0,0,12,,,,,,1,1,69,2,1,,4,7,3,0,11,0,12/07/2019,20:50,53054322,54322,0,0,0,3,1,0,0,0,0,96,,,,,,99,,,,,,98444,53,60,130,6,1,0,0,0,0,,0,,,,,,0,,,20,0,0,0,0,9,8,,,0,0,0,8,9,2,1,,,1,,,2,1,0,,,,,,,,,,,,,,,,,,,,,,,,,,,,,,0,0,0,1,0,0,0,0,0,0,0,0,0,0,0,0,0,0,0,0,0,0,0,0,0,1,0,0,0,1,0,0,0,0,0,,1,0,0,0,0,0,0,0,0,0,0,0,0,0,0,0,,,,,,66-70,66-75,County road,U,Saturday,Belt Used,PV,Hispanic,1,0,0,0,County Road,County Sheriff,Law Enforcement Support Agency,0,0,1,0,0,,,,,,0,0,0,,,,,,,,,,,98,98,98,1,,,,,20,7,,,,,,,,,,,,,,,
2019,495,E995033,160,12/16/2019,13:04,16,12,,33,King,1030,10,0,1,1,2,1,0,2,2,,,,12,0,6,0.7,2,0,2,3,2,1,3,0,0,20,3,SR-181,OBERTO DR,-122.2482528,47.38850833,0,1,89,17,2,98,15,0,0,1,5,12,1,3,2,1,1,1,2,53,0,54,421,2016,0,0,12,,,,,,1,1,52,1,0,,0,0,99,7,11,0,,,,,0,0,0,3,1,38,91,0,0,96,,,,,,0,,,,,,98444,53,67,122,6,1,0,0,0,0,,2,,,,,,0,,,20,0,0,0,8,9,8,,,0,0,0,8,0,8,95,,,96,,,8,95,995,,,,,,,,,,,,,,,,,,,,,,,,,,,,,,0,0,0,1,0,0,0,0,0,0,0,0,0,0,0,0,0,0,1,0,0,0,0,0,0,0,0,0,1,1,0,0,0,0,0,,0,0,0,0,0,0,0,0,0,0,1,0,0,0,0,0,,,,,,51-55,46-55,State route,U,Monday,Unknown,PV,Not Fatal,1,0,0,0,State Route,Municipal/City Police,Kent Police Department,0,1,0,0,0,,,,,,0,0,0,,,,,,,,,,,98,98,98,0,,,,,20,7,,,,,,,,,,,,,,,
2020,82,EA26421,3,02/29/2020,22:22,29,2,,53,Pierce,747,1,,3,1,2,1,0,1,1,,,,25,0,0,136.1,1,0,1,1,2,1,1,0,0,0,0,I-5,,-122.3852778,47.24134722,1,1,1,6,1,50,4,0,0,1,2,25,1,1,3,3,1,1,2,53,0,14,17,1999,0,,63,25,69,1,,,1,1,44,2,7,,4,7,3,0,11,0,02/29/2020,22:22,74753009933,9933,0,0,0,3,1,58,,,,96,,,,,,9,,,,,,98444,53,62,150,6,1,0,0,0,0,,0,,,,,,4,,,20,1,9,0,0,1,8,,,0,,,8,1,2,1,,,1,,,2,1,0.316,,,,,,,,,,,,,,,,,,,,,,,,,,,,,,0,0,1,0,1,1,0,1,0,0,0,0,1,0,0,0,0,0,0,0,0,0,0,0,0,0,0,0,0,1,0,0,0,0,0,,1,0,0,0,0,1,0,1,0,1,0,0,0,1,0,1,,,,,,41-45,36-45,Interstate,U,Saturday,Belt Used,PV,White,0,1,0,0,State Route,State Patrol,Washington State Patrol,1,1,0,0,0,,,,,,0,0,0,,,,,,,,,,,0,0,0,1,,,,,20,7,,,,,,,,1,0,,,,,,
2020,133,EA33505,290,05/09/2020,12:53,9,5,,53,Pierce,2230,1,,1,1,2,1,0,5,4,12:52,12:55,,12,0,7,0,1,0,1,5,2,4,6,0,0,0,0,MCKINLEY AVE,,-122.4209917,47.18280278,0,4,98,62,4,30,2,0,0,1,2,12,1,1,2,1,1,2,1,53,0,12,13,1999,0,,12,,,,,,1,1,54,1,0,,0,0,99,7,11,0,,,,,0,0,0,3,1,0,,,,96,,,,,,0,,,,,,98444,53,68,160,6,1,0,0,0,0,,0,,,,,,0,,,20,0,0,0,8,9,8,,,0,,,8,8,8,95,,,96,,,8,95,995,,,,,,,,,,,,,,,,,,,,,,,,,,,,,,0,0,0,0,1,1,1,1,1,0,0,0,0,0,0,0,1,0,0,0,1,0,1,1,1,0,0,0,1,1,0,0,0,0,0,,0,0,0,0,0,0,0,0,0,0,0,0,0,0,0,0,,,,,,51-55,46-55,City street,U,Saturday,Unknown,PV,Not Fatal,0,0,0,0,City Street,Municipal/City Police,Tacoma Police Department,0,0,0,1,0,,,,,,0,0,0,,,,,,,,,,,0,0,0,0,,,,,20,7,,,,,,,,1,0,,,,,,
2020,148,EA34904,5,05/09/2020,20:00,9,5,,41,Lewis,0,1,,5,1,2,1,0,4,2,19:58,19:59,20:19,12,0,6,105.9,8,0,1,3,1,1,2,0,0,0,0,US-12,,-122.1317333,46.53006944,0,1,98,10,2,55,80,0,0,1,2,12,1,1,2,1,6,1,2,53,0,72,706,2017,0,,68,12,,,,,1,1,38,1,7,,4,0,20,7,11,5,05/10/2020,15:41,1.96053E+11,21966,0,0,3,2,1,0,,,,92,,,,,,98,,,,,,98444,53,68,215,1,1,1,2,0,1,,0,,,,,,0,10/15/2017,02/15/2017,20,8,0,0,0,9,8,,,0,,,8,8,8,95,,,96,,,8,95,995,,,,,,,,,,,,,,,,,,,,,,,,,,,,,,0,0,0,0,0,0,0,0,0,0,0,0,0,1,1,0,1,0,0,0,0,0,0,0,0,0,0,0,1,1,0,0,0,0,1,0,0,0,0,0,0,0,0,0,1,0,0,1,0,0,0,0,,,,,,36-40,36-45,US highway,R,Saturday,,MC,White,0,0,0,0,State Route,State Patrol,Washington State Patrol,0,1,0,0,0,,,,,,0,1,2,,,,,,,,,,,0,0,0,1,,,,,19,0,,,,,,,,1,0,,,,,,
2020,155,EA36385,290,05/26/2020,10:05,26,5,,53,Pierce,2230,1,,1,1,1,1,0,2,2,10:05,10:12,10:33,12,0,6,0,2,0,2,3,2,1,3,0,0,20,3,SR-509,S 27th St,-122.4349556,47.23706667,0,1,89,17,2,25,34,0,0,1,2,12,1,3,2,1,4,1,3,53,0,12,481,2017,0,,12,,,,,,1,1,79,1,0,,0,0,3,0,11,0,,,,,0,0,0,3,1,38,,,,96,,,,,,98,,,,,,98444,53,73,190,6,1,0,1,0,0,,97,,,,,,0,04/15/2018,04/15/2018,8,0,0,0,8,9,8,,,0,,,8,8,8,95,,,96,,,8,95,995,,,,,,,,,,,,,,,,,,,,,,,,,,,,,,0,0,0,1,0,0,1,1,1,0,0,0,0,0,1,0,0,0,1,0,0,0,0,0,0,1,1,1,1,1,0,0,0,0,0,,0,0,0,0,0,0,0,0,0,0,1,0,0,0,0,0,,,,,,76-80,76+,State route,U,Tuesday,Belt Used,PV,Not Fatal,1,0,0,0,City Street,Municipal/City Police,Tacoma Police Department,0,0,0,1,0,,,,,,0,0,0,,,,,,,,,,,98,98,98,0,,,,,20,7,,,,,,,,1,0,,,,,,
2020,259,EA51565,7,07/14/2020,17:46,14,7,,33,King,1830,1,,1,1,1,1,0,1,1,,,,25,0,0,3,1,0,1,1,2,1,1,0,0,0,0,I-405,,-122.2050917,47.47099167,0,1,7,8,1,60,80,0,0,1,2,25,2,2,4,3,15,1,1,53,0,72,706,2013,0,,64,25,,,,,1,1,59,1,7,,4,7,20,7,11,0,07/14/2020,17:46,1.83053E+11,32543,6,0,3,3,1,0,,,,96,,,,,,98,,,,,,98444,53,73,200,6,1,0,0,0,0,,0,,,,,,4,,,20,8,0,0,0,9,8,,,0,,,8,8,2,1,,,1,,,2,1,0,,,,,,,,,,,,,,,,,,,,,,,,,,,,,,0,0,0,0,0,0,0,0,0,0,0,0,1,0,0,0,0,0,0,0,0,0,0,0,0,0,0,0,1,0,0,0,0,0,1,0,0,0,0,0,0,0,0,0,0,1,0,0,0,0,0,0,,,,,,56-60,56-65,Interstate,U,Tuesday,,MC,White,0,1,0,0,State Route,State Patrol,Washington State Patrol,1,1,0,0,0,,,,,,0,0,0,,,,,,,,,,,0,0,0,1,,,,,5,0,,,,,,,,1,0,,,,,,
2020,292,EA57119,290,08/20/2020,23:38,20,8,,53,Pierce,2230,2,,3,2,2,2,0,3,3,,,,43,0,0,0,3,0,5,7,2,4,6,0,0,0,0,S PARK AVE,S 88th St,-122.4419778,47.17738056,0,1,14,14,2,25,4,0,0,1,2,43,1,1,2,2,1,2,2,53,0,22,2,2003,0,,71,43,63,14,14,,1,1,47,1,1,,4,7,20,7,11,0,08/20/2020,23:38,2.23053E+11,39184,0,0,3,2,1,0,,,,96,,,,,,98,,,,,,98444,53,64,140,1,1,0,0,0,1,,0,,,,,,3,04/15/2017,04/15/2017,1,0,0,0,0,9,8,,,0,,,8,8,2,996,,,1,,,2,1,0.186,,,,,,,,,,,,,,,,,,,,,,,,,,,,,,0,0,0,1,1,1,1,1,0,0,0,0,1,1,0,0,0,0,0,1,0,0,0,0,0,0,0,0,0,1,0,0,0,1,0,,1,0,0,0,0,1,1,1,0,1,0,1,0,0,0,1,,,,,,46-50,46-55,City street,U,Thursday,Not Used,PV,Hispanic,1,0,0,0,City Street,Municipal/City Police,Tacoma Police Department,0,0,0,1,0,,,,,,0,0,1,,,,,,,,,,,98,98,98,98,,,,,20,7,,,,,,,,1,0,,,,,,
2020,350,EA63827,3,08/19/2020,15:16,19,8,,53,Pierce,0,10,,1,1,2,1,0,6,4,15:14,15:24,16:02,12,0,2,47,1,0,1,3,2,1,3,0,0,0,0,SR-7,,-122.4300917,47.07997222,0,4,50,10,2,40,2,0,0,1,2,12,1,1,5,5,1,1,2,53,0,20,22,2008,0,,68,12,68,12,,,1,1,71,1,7,,4,7,3,0,11,0,08/19/2020,,53040044,40044,0,0,0,2,1,28,,,,96,,,,,,9,,,,,,98444,53,76,231,1,1,0,1,1,1,,0,,,,,,0,07/15/2017,06/15/2020,20,0,0,0,0,9,1,,,0,,,1,1,2,996,695,605,1,1,1,2,1,0,,,,,,,,,,,,,,,,,,,,,,,,,,,,,,0,0,0,0,1,0,1,1,1,0,0,0,0,1,0,0,0,0,0,0,0,0,0,0,0,1,1,1,0,1,0,0,0,0,0,,1,0,0,0,0,0,1,1,0,0,0,1,0,0,1,1,,,,,,71-75,66-75,State route,U,Wednesday,Belt Used,PV,White,0,1,1,0,State Route,State Patrol,Washington State Patrol,0,1,0,0,0,thc,6.2,carboxy-thc,9.7,,0,0,2,,,,,,,,,,,98,98,98,1,,,,,20,7,,,,,,,nms,1,0,,,,,,
2020,386,EA69768,55,10/04/2020,22:31,4,10,,33,King,100,1,,3,1,2,1,0,1,1,,,,10,0,0,0,6,0,1,5,2,4,6,0,0,65,3,W MAIN ST,,-122.2389722,47.30771667,0,1,98,98,7,25,4,0,0,1,2,10,1,1,2,1,5,1,1,53,0,55,36,2013,0,,10,,,,,,1,1,51,2,7,,4,7,3,0,11,0,10/04/2020,22:31,10053046438,46438,0,0,0,3,1,38,39,,,96,,,,,,98,,,,,,98444,53,66,129,6,1,0,0,0,0,,0,,,,,,0,,,8,1,9,0,9,9,8,,,0,,,8,8,2,1,,,1,,,2,1,0,,,,,,,,,,,,,,,,,,,,,,,,,,,,,,1,0,0,0,0,0,0,0,0,0,0,0,0,0,0,0,0,0,1,0,0,0,0,0,0,0,0,0,0,1,0,0,0,0,0,,1,0,0,0,0,0,0,0,0,0,1,0,0,0,0,0,,,,,,51-55,46-55,City street,U,Sunday,Belt Used,PV,Multiracial,1,0,0,0,City Street,Municipal/City Police,Auburn Police Department,0,0,0,1,0,,,,,,0,0,0,,,,,,,,,,,98,98,98,202,298,,,,20,7,,,,,,,,1,0,,,,,,