year,case,par,repjur,crash_dt,crash_tm,accday,accmon,holiday,county,co_char,city,weather,weather2,lightcond,surfcond,surftype,numfatal,nmforms,pforms,vforms,not_tm,arr_tm,hosp_tm,fhevent,hitrun,manncol,milepnt,reljunc,reljuncinter,intersectiontype,funcsystem,landuse,ownership,route,schlbus,spejur,contdev,devfunc,trafid1,trafid2,x,y,wk_zone,vnumber,crashtype,criticalevent,criticaleventcat,spdlim,body,trailer,emerg,hazcargo,leave,mhevent,roadalgn,roadprof,traflane,trafflow,vehmanvr,numoccs,regowner,regstate,spuse,make,model,modelyr,vrf1,vrf2,seqevent1,seqevent2,seqevent3,seqevent4,seqevent5,seqevent6,pnumber,ptype,age,sex,hispanic,race,injury,diedscene,restraint,restraintmisuse,seatpos,takehosp,death_dt,death_tm,cert,cernum_wa,commlic,licendor,licrestrict,liccomp,drivpres,drf1,drf2,drf3,drf4,distract1,distract2,distract3,distract4,distract5,distract6,dricond1,dricond2,dricond3,dricond4,dricond5,dricond6,dzip,licstate,drhgt_in,weight,noncdl,noncdltype,prevdwi,prevoth,prevacc,prevspd,prevsus,driviol1,driviol2,driviol3,driviol4,driviol5,driviol6,spdrel,first_dt,last_dt,airbag,ejection,ejectpath,extricat,injurwrk,methalc,methdrug,nmlocat,strikveh,prf1,prf2,prf3,druginv,alcinvol,drugsts,drugres1,drugres2,drugres3,drugtst1,drugtst2,drugtst3,alcsts,alctst,alcres,nmact1,nmact2,nmact3,nmact4,nmact5,nmact6,nmprior1,nmprior2,nmprior3,nmprior4,nmprior5,nmprior6,nmcond1,nmcond2,nmcond3,nmcond4,nmcond5,nmcond6,nmsafe_helmet,nmsafe_pads,nmsafe_oth,nmprev_ref,nmprev_lgt,nmprev_oth,crashlocation,nmcrashtype,crosswalk,schoolzone,sidewalk,train_inv,wildlife_inv,rotr_fars,intersect_fars,dd_inv,aid_inv,dpd_inv,id_inv,mj_inv,impnm_inv,ainm_inv,dpnm_inv,speed_inv,unlic_inv,unendmc_inv,drowsy_inv,drdist_inv,nmdist_inv,fty_inv,unrestfat_inv,dr1617_inv,dr1820_inv,dr1620_inv,dr2125_inv,dr1625_inv,dr65_inv,dr70_inv,dr75_inv,mc_inv,pv_inv,ht_inv,ped_inv,bike_inv,unrest_fat,mc_fat,unhelmet_mc,pv_fat,ht_fat,ped_fat,bike_fat,dr_alc7,dr_alc8,dr_drug,dr_imp,dr_dist,dr_spd,dr_fty,dr_unlic,dr_alc7only,dr_alc8only,dr_drugonly,dr_drink,nm_imp,nm_alc7,nm_alc8,nm_drug,nm_dist,agegrp1,agegrp2,roadclass,urbrur,dayweek,restuse,vehtype,race_me,intersect,lanedep,oppdir,wrongway,rep_typ,investag,repag_long,rotr,st_rd,cty_rd,city_rd,oth_rd,drug_thc,thc_res,drug_cthc,cthc_res,drug_cann,prevpersemin,prevperse,prevsusoth,drugtst4,drugtst5,drugtst6,drugtst7,drugtst8,drugres4,drugres5,drugres6,drugres7,drugres8,adspresent,adsengaged,adslevel,race1,race2,race3,race4,race5,helmet,helmetmisuse,nmdistract1,nmdistract2,nmdistract3,nmdistract4,nmdistract5,nmdistract6,lab,isedtcase,crf1,crf2,crf3,CoRoadName,CoMP,IntCoRoadName,IntCoMP
2020,417,EA74128,290,10/15/2020,22:32,15,10,,53,Pierce,2230,1,,3,1,2,1,0,1,1,,,,30,0,0,0,3,0,2,3,2,1,3,0,0,0,0,SR-509,S 28TH ST,-122.4347417,47.23613056,0,1,6,6,1,25,2,0,0,1,2,30,1,2,5,5,6,1,2,53,0,18,5,1997,0,,68,64,30,,,,1,1,62,1,7,,4,7,3,0,11,0,10/15/2020,22:32,2.23053E+11,48674,0,0,0,0,1,0,,,,96,,,,,,98,,,,,,98444,53,68,160,0,0,0,0,0,0,,0,,,,,,4,,,1,0,0,0,0,9,8,,,0,,,8,8,2,407,402,,1,1,,2,1,0,,,,,,,,,,,,,,,,,,,,,,,,,,,,,,0,0,1,1,0,0,1,1,0,0,0,0,1,1,0,0,0,0,0,0,0,0,0,0,0,0,0,0,0,1,0,0,0,0,0,,1,0,0,0,0,0,1,1,0,1,0,1,0,0,1,0,,,,,,61-65,56-65,State route,U,Thursday,Belt Used,PV,Black,1,0,0,0,State Route,Municipal/City Police,Tacoma Police Department,0,1,0,0,0,,,,,,0,0,0,,,,,,,,,,,0,0,0,2,,,,,20,7,,,,,,,,1,0,,,,,,
2020,501,EA91837,303,12/20/2020,0:56,20,12,,53,Pierce,2337,10,,2,2,2,1,0,2,2,,,,12,0,2,0,1,0,1,5,2,4,6,0,0,0,0,35TH ST W,,-122.5298361,47.22820833,0,2,51,62,4,35,4,0,0,1,2,12,1,2,2,1,1,1,1,53,0,41,51,2008,0,,12,,,,,,1,1,19,2,2,,4,7,3,0,11,0,12/20/2020,0:56,2.33753E+11,62687,0,0,3,3,1,0,,,,96,,,,,,98,,,,,,98444,53,64,165,6,1,0,0,0,0,,0,,,,,,0,,,1,0,0,0,0,9,8,,,0,,,8,8,2,695,605,,1,1,,2,1,0,,,,,,,,,,,,,,,,,,,,,,,,,,,,,,0,0,0,0,1,0,1,1,1,0,0,0,0,0,0,0,0,0,0,0,1,1,1,0,1,0,0,0,0,1,0,0,0,0,0,,1,0,0,0,0,0,1,1,0,0,0,0,0,0,1,0,,,,,,18-20,16-25,City street,U,Sunday,Belt Used,PV,Hispanic,0,1,1,0,City Street,Municipal/City Police,University Place Police Department,0,0,0,1,0,thc,10,carboxy-thc,48,,0,0,0,,,,,,,,,,,98,98,98,2,,,,,20,7,,,,,,,nms,1,0,,,,,,
2020,508,EA93821,2,12/24/2020,6:39,24,12,,61,Snohomish,690,1,,2,4,2,1,0,4,4,6:45,6:57,,25,0,0,195,1,0,1,1,2,1,1,0,0,0,0,I-5,,-122.1788028,47.99383056,0,3,98,50,3,60,14,0,0,1,2,12,1,2,3,3,1,1,1,41,0,37,402,2007,0,,12,,,,,,1,1,50,2,0,,1,0,3,0,11,5,,,,,0,0,0,3,1,0,,,,96,,,,,,98,,,,,,98444,53,66,160,6,1,0,0,1,0,,0,,,,,,0,08/15/2019,08/15/2019,20,0,0,0,8,9,8,,,0,,,8,8,8,95,,,96,,,8,95,995,,,,,,,,,,,,,,,,,,,,,,,,,,,,,,0,0,0,0,0,0,0,0,0,0,0,0,1,1,0,0,0,0,0,1,0,0,0,0,0,0,0,0,0,1,0,0,0,0,0,,0,0,0,0,0,0,0,0,0,0,0,0,0,0,0,0,,,,,,46-50,46-55,Interstate,U,Thursday,Belt Used,PV,Not Fatal,0,1,0,0,State Route,State Patrol,Washington State Patrol,1,1,0,0,0,,,,,,0,0,0,,,,,,,,,,,98,98,98,0,,,,,20,7,,,,,,,,1,0,,,,,,
2021,56,EB11870,35,03/07/2021,11:07,7,3,,53,Pierce,0,10,,1,99,2,1,0,2,2,,,,12,0,2,7.8,2,0,2,4,2,2,4,0,0,3,3,CR-128TH ST E,CANYON RD E,-122.3574028,47.13988056,0,2,78,66,4,35,14,0,0,1,2,12,1,1,7,1,10,1,1,53,0,41,403,2020,0,,12,,,,,,1,1,31,2,7,,4,7,3,0,11,0,03/07/2021,11:07,53013088,13088,0,0,3,3,1,0,,,,96,,,,,,98,,,,,,98444,53,65,130,6,1,0,0,0,0,,0,,,,,,0,,,8,0,0,0,0,9,8,,,0,,,8,8,2,1,,,1,,,2,1,0,,,,,,,,,,,,,,,,,,,,,,,,,,,,,,0,0,0,1,0,0,1,1,0,0,0,0,1,0,0,0,0,0,0,0,0,0,0,0,0,0,0,0,0,1,0,0,0,0,0,,1,0,0,0,0,0,0,0,0,0,0,0,0,0,0,0,,,,,,31-35,26-35,County road,U,Sunday,Belt Used,PV,White,1,0,0,0,County Road,County Sheriff,Law Enforcement Support Agency,0,0,1,0,0,,,,,,0,0,0,,,,,,,,,,,98,98,98,1,,,,,20,,,,,,,,,1,0,,,CANYON RD E,7.77,128 ST E,3.15
2021,65,EB13444,3,02/26/2021,16:50,26,2,,53,Pierce,0,1,,1,1,2,1,0,4,3,,,,12,0,1,128.8,1,0,1,1,2,1,1,0,0,0,0,I-5,,-122.4658556,47.17815833,0,2,29,53,3,60,4,0,0,1,5,12,1,1,4,3,2,1,2,53,0,35,43,2019,0,,12,12,,,,,1,1,81,2,7,,4,0,3,0,11,0,02/26/2021,17:19,2.23053E+11,10348,0,0,0,3,1,0,,,,96,,,,,,98,,,,,,98444,53,62,140,6,1,0,0,2,0,,0,,,,,,0,01/15/2020,02/15/2021,8,0,0,0,0,9,8,,,0,,,8,8,2,136,155,996,1,1,1,2,1,0,,,,,,,,,,,,,,,,,,,,,,,,,,,,,,0,0,0,0,0,0,1,1,0,0,0,0,1,0,0,0,0,0,0,0,0,1,1,0,1,1,1,1,0,1,1,0,0,0,0,,1,0,0,0,0,0,1,1,0,0,0,0,0,0,1,0,,,,,,81+,76+,Interstate,U,Friday,Belt Used,PV,White,0,0,0,0,State Route,State Patrol,Washington State Patrol,0,1,0,0,0,,,,,,0,0,0,,,,,,,,,,,98,98,98,1,,,,,20,,,,,,,,,1,0,,,,,,
2021,258,EB37109,3,05/10/2021,8:40,10,5,,53,Pierce,2230,1,,1,1,2,1,1,1,1,,,,8,0,0,,1,0,1,1,2,1,1,0,0,0,0,I-705,,-122.4509389,47.23008611,0,1,13,80,5,60,4,0,0,1,5,8,1,2,4,3,1,1,1,53,0,32,43,2011,0,,8,,,,,,1,1,29,2,0,,0,0,3,0,11,0,,,,,0,0,0,3,1,0,,,,6,,,,,,98,,,,,,98444,53,62,200,6,1,0,0,0,0,,1,,,,,,0,,,20,0,0,0,8,9,8,,,0,,,8,8,0,0,,,0,,,0,0,996,,,,,,,,,,,,,,,,,,,,,,,,,,,,,,0,0,0,0,0,0,0,0,0,0,0,0,0,0,0,0,1,0,0,0,0,0,0,0,0,0,0,0,0,1,0,1,0,0,0,,0,0,0,0,0,0,0,0,1,0,0,0,0,0,0,0,,,,,,26-30,26-35,Interstate,U,Monday,Belt Used,PV,Not Fatal,0,0,0,0,State Route,State Patrol,Washington State Patrol,0,1,0,0,0,,,,,,0,0,0,,,,,,,,,,,98,98,98,0,,,,,20,,,,,,,,,0,23,,,,,,
2021,173,EB38704,35,06/12/2021,23:20,12,6,,53,Pierce,0,2,,3,2,2,1,0,3,2,,,,12,0,1,3.5,1,0,1,3,2,2,4,0,0,0,0,CR-SPANAWAY LOOP RD S,,-122.4590444,47.13788333,0,1,24,51,3,40,14,0,0,1,2,12,1,1,4,1,1,1,1,53,0,34,402,2011,0,,12,,,,,,1,1,22,1,0,,1,0,3,0,11,5,,,,,0,0,0,3,1,0,,,,96,,,,,,9,,,,,,98444,53,72,160,6,1,0,1,0,1,,1,,,,,,0,09/15/2019,02/15/2019,1,0,0,0,8,9,8,,,0,,,8,1,2,695,605,,1,1,,2,1,0.24,,,,,,,,,,,,,,,,,,,,,,,,,,,,,,0,0,0,0,1,1,1,1,1,0,0,0,0,0,0,0,0,0,0,0,0,0,0,1,1,1,1,0,0,1,0,0,0,0,0,,0,0,0,0,0,1,1,1,0,0,0,0,0,0,0,1,,,,,,21-25,16-25,County road,U,Saturday,Belt Used,PV,Not Fatal,0,0,0,0,County Road,County Sheriff,Law Enforcement Support Agency,0,0,1,0,0,thc,1.1,carboxy-thc,9.5,,0,0,1,,,,,,,,,,,98,98,98,0,,,,,20,,,,,,,,,1,0,,,SPANAWAY LOOP RD S,3.46,NULL,
2021,207,EB45515,290,07/04/2021,13:48,4,7,,53,Pierce,2230,1,,1,1,2,1,0,2,2,,,,12,0,6,0,2,0,3,3,2,1,6,0,0,20,3,S HOSMER,S 82ND ST,-122.4632111,47.18285278,0,1,82,15,2,35,14,0,0,1,5,12,1,1,2,1,11,1,2,53,0,23,402,2012,0,,12,,,,,,1,1,36,1,0,,0,0,3,0,11,0,,,,,0,0,0,0,1,0,,,,96,,,,,,98,,,,,,98444,53,66,170,0,0,0,1,0,0,,97,,,,,,0,01/15/2018,01/15/2018,8,0,0,0,8,9,8,,,0,,,8,8,8,95,,,96,,,8,95,995,,,,,,,,,,,,,,,,,,,,,,,,,,,,,,0,0,0,1,0,0,1,1,1,0,0,0,0,1,1,0,0,0,0,0,0,0,0,0,0,0,0,0,1,1,0,0,0,0,0,,0,0,0,0,0,0,0,0,0,0,0,1,0,0,0,0,,,,,,36-40,36-45,City street,U,Sunday,Belt Used,PV,Not Fatal,1,0,0,0,State Route,Municipal/City Police,Tacoma Police Department,0,1,0,0,0,,,,,,0,0,0,,,,,,,,,,,98,98,98,0,,,,,20,,,,,,,,,1,0,,,,,,
2021,247,EB52010,35,07/21/2021,16:40,21,7,,53,Pierce,0,1,,1,1,2,1,0,3,2,,,,12,0,6,5.5,2,0,2,3,2,2,4,0,0,3,3,CR-STEELE ST S,SALES RD S,-122.4672167,47.16259444,0,1,86,17,2,35,4,0,0,1,2,12,1,1,5,5,1,2,2,53,0,54,31,1990,0,,12,,,,,,1,1,20,1,0,,0,0,3,0,11,0,,,,,0,0,0,0,1,38,39,,,96,,,,,,98,,,,,,98444,53,71,135,0,0,1,5,0,0,,2,,,,,,0,04/15/2019,06/15/2021,20,0,0,0,8,9,8,,,0,,,8,8,8,95,,,96,,,8,95,995,,,,,,,,,,,,,,,,,,,,,,,,,,,,,,0,0,0,1,0,0,0,0,0,0,0,0,0,1,0,0,0,0,1,0,0,1,1,0,1,0,0,0,0,1,0,0,0,0,0,,0,0,0,0,0,0,0,0,0,0,1,1,0,0,0,0,,,,,,18-20,16-25,County road,U,Wednesday,Belt Used,PV,Not Fatal,1,0,0,0,County Road,County Sheriff,Law Enforcement Support Agency,0,0,1,0,0,,,,,,0,0,0,,,,,,,,,,,0,0,0,0,,,,,20,,,,,,,,,1,0,,,STEELE ST S,5.51,SALES RD S,1.14
2021,247,EB52010,35,07/21/2021,16:40,21,7,,53,Pierce,0,1,,1,1,2,1,0,3,2,,,,12,0,6,5.5,2,0,2,3,2,2,4,0,0,3,3,CR-STEELE ST S,SALES RD S,-122.4672167,47.16259444,0,2,87,66,4,35,34,0,0,1,2,12,1,1,3,5,1,1,1,53,0,7,482,2014,0,,12,,,,,,1,1,60,1,0,,0,0,3,0,11,0,,,,,6,0,0,3,1,0,,,,96,,,,,,98,,,,,,98444,53,73,185,6,1,0,3,0,1,,0,,,,,,0,06/15/2019,03/15/2021,20,0,0,0,8,9,8,,,0,,,8,8,8,95,,,96,,,8,95,995,,,,,,,,,,,,,,,,,,,,,,,,,,,,,,0,0,0,1,0,0,0,0,0,0,0,0,0,1,0,0,0,0,1,0,0,1,1,0,1,0,0,0,0,1,0,0,0,0,0,,0,0,0,0,0,0,0,0,0,0,0,0,0,0,0,0,,,,,,56-60,56-65,County road,U,Wednesday,Belt Used,PV,Not Fatal,1,0,0,0,County Road,County Sheriff,Law Enforcement Support Agency,0,0,1,0,0,,,,,,0,0,0,,,,,,,,,,,98,98,98,0,,,,,20,,,,,,,,,1,0,,,STEELE ST S,5.51,SALES RD S,1.14
2021,271,EB54942,3,07/29/2021,20:10,29,7,,53,Pierce,2230,1,,1,1,1,1,0,1,1,,,,25,0,0,58,19,1,1,2,2,1,3,0,0,0,0,SR-7,,-122.428925,47.23037222,0,1,6,12,2,98,80,0,0,1,2,25,2,2,4,3,14,1,1,53,0,72,706,2020,0,,64,25,69,1,,,1,1,53,1,7,,4,7,20,7,11,0,07/29/2021,20:31,2.23053E+11,37094,0,0,3,2,1,0,,,,96,,,,,,98,,,,,,98444,53,70,185,6,1,0,0,0,1,,0,,,,,,4,11/15/2019,11/15/2019,20,8,0,0,0,9,8,,,0,,,8,8,0,0,,,0,,,0,0,996,,,,,,,,,,,,,,,,,,,,,,,,,,,,,,0,0,1,0,0,0,0,0,0,0,0,0,1,0,1,0,0,0,0,0,0,0,0,0,0,0,0,0,1,0,0,0,0,0,1,1,0,0,0,0,0,0,0,0,0,1,0,0,0,0,0,0,,,,,,51-55,46-55,State route,U,Thursday,,MC,White,1,0,0,0,State Route,State Patrol,Washington State Patrol,0,1,0,0,0,,,,,,0,0,0,,,,,,,,,,,0,0,0,1,,,,,16,,,,,,,,,1,0,,,,,,
2021,455,EB87134,3,11/08/2021,17:42,8,11,,53,Pierce,2210,1,,2,1,2,1,0,6,3,,,,12,0,1,8.9,1,0,1,2,2,1,3,0,0,0,0,SR-167,,-122.2476583,47.20745833,0,2,25,53,3,60,1,0,0,1,2,12,1,1,2,3,1,1,3,53,0,59,36,2002,0,,12,12,,,,,1,1,46,1,0,,2,0,3,0,11,0,,,,,0,0,0,3,1,0,,,,96,,,,,,0,,,,,,98444,53,72,175,6,1,0,0,0,0,,0,,,,,,0,,,8,0,0,0,8,9,8,,,0,,,8,8,8,95,,,96,,,8,95,995,,,,,,,,,,,,,,,,,,,,,,,,,,,,,,0,0,0,0,1,0,0,0,0,0,0,0,0,0,0,0,0,0,0,0,0,0,0,1,1,1,0,0,0,1,0,0,0,0,0,,0,0,0,0,0,0,0,0,0,0,0,0,0,0,0,0,,,,,,46-50,46-55,State route,U,Monday,Belt Used,PV,Not Fatal,0,0,0,0,State Route,State Patrol,Washington State Patrol,0,1,0,0,0,,,,,,0,0,0,,,,,,,,,,,98,98,98,0,,,,,20,,,,,,,,,1,0,,,,,,
2021,578,EC02007,7,11/24/2021,19:45,24,11,,33,King,1030,1,,3,1,1,1,1,1,1,,,,8,0,0,25.7,1,0,1,2,2,1,3,0,0,0,0,SR-167,,-122.2175833,47.44054167,0,1,13,80,5,60,66,0,0,1,2,8,1,1,3,3,1,1,3,40,0,82,881,2021,0,,8,,,,,,1,1,61,1,0,,0,0,3,0,11,0,,,,,6,1,3,3,1,0,,,,96,,,,,,0,,,,,,98444,53,69,338,6,1,0,0,0,0,,0,,,,,,0,,,20,0,0,0,8,9,8,,,0,,,8,8,8,95,,,96,,,0,0,996,,,,,,,,,,,,,,,,,,,,,,,,,,,,,,0,0,0,0,0,0,0,0,0,1,1,0,0,0,0,0,0,0,0,0,0,0,0,0,0,0,0,0,0,0,1,1,0,0,0,,0,0,0,0,0,0,0,0,0,0,0,0,0,0,0,0,,,,,,61-65,56-65,State route,U,Wednesday,,MHTRUCK,Not Fatal,0,0,0,0,State Route,State Patrol,Washington State Patrol,0,1,0,0,0,,,,,,0,0,0,,,,,,,,,,,98,98,98,0,,,,,20,,,,,,,,,1,0,,,,,,
2019,428,3384575,160,10/15/2019,22:47,15,10,,33,King,1030,1,0,3,1,2,1,0,1,1,,,,33,0,0,9.9,1,0,1,3,2,1,3,0,0,0,0,SR-99,,-122.3052,47.36584444,0,1,1,13,2,45,80,0,0,1,7,1,1,3,6,2,6,1,1,53,0,37,706,1999,0,0,63,33,1,,,,1,1,46,1,7,,4,7,20,7,11,0,10/15/2019,22:47,1.03053E+11,45882,0,0,0,2,1,33,0,0,0,96,,,,,,99,,,,,,98445,53,72,217,1,1,0,1,0,0,,0,,,,,,3,06/15/2017,04/15/2019,20,8,0,0,0,9,8,,,0,0,0,8,9,2,1,,,1,,,2,1,0,,,,,,,,,,,,,,,,,,,,,,,,,,,,,,0,0,1,0,0,0,0,0,0,0,0,0,1,1,1,0,0,0,0,0,0,0,0,0,0,0,0,0,1,0,0,0,0,0,1,0,0,0,0,0,0,0,0,0,0,1,0,1,0,0,0,0,,,,,,46-50,46-55,State route,U,Tuesday,,MC,Black,0,1,0,0,State Route,Municipal/City Police,Kent Police Department,1,1,0,0,0,,,,,,0,0,3,,,,,,,,,,,0,0,0,2,,,,,19,0,,,,,,,,,,,,,,,
2017,25,E634964,8,01/20/2017,13:15,20,1,0,31,Jefferson,0,10,0,1,1,2,1,0,5,3,,,,12,0,2,3.6,1,0,1,4,1,1,3,0,0,0,0,SR-19,,-122.734225,47.94018889,0,2,51,62,4,50,61,0,0,1,2,12,3,1,2,1,14,2,3,53,0,23,882,2005,0,0,12,,,,,,1,1,22,1,0,0,1,0,3,0,11,5,,,,,0,0,0,3,1,0,0,0,0,0,,,,,,0,,,,,,98445,53,66,125,6,1,0,0,0,2,0,0,,,,,,0,04/15/2013,05/15/2015,20,0,0,0,8,9,8,,,0,0,0,8,0,0,0,0,0,0,0,0,0,0,996,,,,,,,,,,,,,,,,,,,,,,,,,,,,,,0,0,0,0,0,0,1,1,0,0,0,0,0,1,0,0,0,0,0,0,0,0,0,1,1,1,0,0,0,1,1,0,0,0,0,,0,0,0,0,0,0,0,0,0,0,0,0,0,0,0,0,,,,,,21-25,16-25,State route,R,Friday,,MHTRUCK,Not Fatal,0,1,1,0,State Route,State Patrol,Washington State Patrol,0,1,0,0,0,,,,,,,,,,,,,,,,,,,,,,,,,,,,,,,,,,,,,,,,,,,
2017,75,E648586,35,03/04/2017,22:55,4,3,0,53,Pierce,0,10,0,3,2,2,1,0,2,2,,,,12,0,6,7,8,0,1,3,2,2,4,0,0,0,0,CR-112TH ST S,,-122.4397083,47.15543611,0,2,69,62,4,35,80,0,0,1,2,12,1,1,3,5,1,1,1,53,0,53,705,2001,0,0,12,,,,,,1,1,38,1,1,1,4,0,19,0,11,4,03/05/2017,1:50,2.23053E+11,11302,0,0,3,3,1,0,0,0,0,0,,,,,,0,,,,,,98445,53,66,186,6,1,0,0,0,1,0,0,,,,,,0,06/15/2016,06/15/2016,20,8,0,0,0,9,8,,,0,0,0,8,0,2,605,0,0,1,0,0,2,1,0.091,,,,,,,,,,,,,,,,,,,,,,,,,,,,,,0,0,0,0,1,1,1,1,1,0,0,0,0,0,0,0,0,0,1,0,0,0,0,0,0,0,0,0,1,1,0,0,0,0,1,0,0,0,0,0,0,1,1,1,0,0,0,0,0,0,0,1,,,,,,36-40,36-45,County road,U,Saturday,,MC,Hispanic,1,0,0,0,County Road,County Sheriff,Law Enforcement Support Agency,0,0,1,0,0,thc,12,carboxy-thc,110,,,,,,,,,,,,,,,,,,,,,,,,,,,,,,,,,,,,,,,
2017,113,E662427,290,04/16/2017,23:07,16,4,0,53,Pierce,2230,1,0,3,1,2,1,2,1,1,,,,8,0,0,0,2,0,2,3,2,4,6,0,0,0,0,E 72ND ST,E I ST,-122.4191167,47.19174444,0,1,13,80,5,35,14,0,0,1,2,8,1,1,5,5,1,1,1,53,0,48,402,2006,0,0,8,8,,,,,1,1,66,2,0,0,0,0,3,0,11,0,,,,,0,0,0,3,1,0,0,0,0,93,,,,,,0,,,,,,98445,53,67,190,6,1,0,1,2,0,0,0,,,,,,0,08/15/2012,11/15/2013,20,0,0,0,8,9,8,,,0,0,0,8,0,0,0,0,0,0,0,0,0,0,996,,,,,,,,,,,,,,,,,,,,,,,,,,,,,,0,0,0,1,0,0,0,0,0,1,1,0,0,0,0,0,1,1,0,0,0,0,0,0,0,1,0,0,0,1,0,1,0,0,0,,0,0,0,0,0,0,0,0,1,0,0,0,0,0,0,0,,,,,,66-70,66-75,City street,U,Sunday,Belt Used,PV,Not Fatal,1,0,0,0,City Street,Municipal/City Police,Tacoma Police Department,0,0,0,1,0,,,,,,,,,,,,,,,,,,,,,,,,,,,,,,,,,,,,,,,,,,,
2017,301,E700076,243,08/01/2017,8:15,1,8,0,25,Grant,1780,1,0,1,1,2,1,0,2,2,8:16,8:21,8:38,12,0,6,33.8,2,0,2,4,2,1,3,0,0,3,3,SR-28,SR-281,-119.8533806,47.23343889,0,2,82,66,4,35,34,0,0,1,2,12,1,1,8,1,11,1,1,53,0,20,481,2016,0,0,12,,,,,,1,1,75,1,0,0,1,0,3,0,11,5,,,,,0,0,3,3,1,0,0,0,0,0,,,,,,0,,,,,,98445,53,70,200,6,1,0,0,0,0,0,0,,,,,,0,,,2,0,0,0,8,9,8,,,0,0,0,8,0,0,0,0,0,0,0,0,0,0,996,,,,,,,,,,,,,,,,,,,,,,,,,,,,,,0,0,0,1,0,0,0,0,0,0,0,0,0,0,0,0,0,0,0,1,0,0,0,0,0,1,1,1,0,1,0,0,0,0,0,,0,0,0,0,0,0,0,0,0,0,0,0,0,0,0,0,,,,,,71-75,66-75,State route,U,Tuesday,Belt Used,PV,Not Fatal,1,0,0,0,State Route,Municipal/City Police,Quincy Police Department,0,1,0,0,0,,,,,,,,,,,,,,,,,,,,,,,,,,,,,,,,,,,,,,,,,,,
2018,165,E811099,3,06/09/2018,4:23,9,6,0,53,Pierce,800,1,0,2,1,2,1,0,2,2,,,,12,0,7,12.9,1,0,1,3,2,1,3,0,0,0,0,SR-16,,-122.6146528,47.35910556,0,1,45,61,4,60,4,0,0,1,7,12,1,1,2,3,1,1,1,53,0,35,47,2015,0,0,12,,,,,,1,1,63,1,0,0,1,0,3,0,11,8,,,,,0,0,0,3,1,0,0,0,0,96,,,,,,0,,,,,,98445,53,74,210,6,1,0,0,0,0,,0,,,,,,0,,,20,0,0,0,8,9,8,,,0,0,0,8,1,8,95,,,96,,,8,95,995,,,,,,,,,,,,,,,,,,,,,,,,,,,,,,0,0,0,0,1,0,0,0,0,0,0,0,1,0,0,0,1,0,0,0,0,1,1,0,1,0,0,0,0,1,0,0,0,0,0,,0,0,0,0,0,0,0,0,0,0,0,0,0,0,0,1,,,,,,61-65,56-65,State route,U,Saturday,Belt Used,PV,Not Fatal,0,0,0,0,State Route,State Patrol,Washington State Patrol,0,1,0,0,0,,,,,,0,0,0,,,,,,,,,,,,,,,,,,,,,,,,,,,,,,,,,,,
2018,346,E815070,35,07/05/2018,17:27,5,7,0,53,Pierce,0,1,0,1,1,2,1,0,1,1,,,,30,0,0,3.6,1,0,1,3,2,2,4,0,0,0,0,CR-BROOKDALE RD E,,-122.3699194,47.115775,0,1,1,13,2,35,80,0,0,1,7,30,1,1,2,1,15,1,2,53,0,76,706,2005,0,0,63,30,,,,,1,1,22,1,7,1,4,0,19,0,11,4,07/11/2018,15:42,2.23053E+11,30731,0,0,0,3,1,0,0,0,0,96,,,,,,99,,,,,,98445,53,69,150,6,1,0,1,2,1,,0,,,,,,4,06/15/2016,02/15/2018,20,8,0,0,0,9,8,,,0,0,0,8,9,8,95,,,96,,,8,95,995,,,,,,,,,,,,,,,,,,,,,,,,,,,,,,0,0,1,0,0,0,0,0,0,0,0,0,1,0,0,0,0,0,0,0,0,0,0,1,1,0,0,0,1,0,0,0,0,0,1,0,0,0,0,0,0,0,0,0,0,1,0,0,0,0,0,0,,,,,,21-25,16-25,County road,U,Thursday,,MC,White,0,1,0,0,County Road,County Sheriff,Law Enforcement Support Agency,1,0,1,0,0,,,,,,0,0,0,,,,,,,,,,,,,,,,,,,,,,,,,,,,,,,,,,,
2018,234,E819461,3,07/14/2018,10:45,14,7,0,53,Pierce,0,1,0,1,1,2,1,0,2,2,10:48,11:04,11:37,12,0,6,49,2,0,2,3,2,1,3,0,0,3,3,SR-7,166TH ST S,-122.4347917,47.10655556,0,1,88,17,2,40,80,0,0,1,7,12,1,1,5,1,1,1,1,53,0,72,706,2009,0,0,12,,,,,,1,1,54,1,7,1,4,0,19,0,11,4,07/14/2018,13:36,2.10053E+11,31632,0,0,3,3,1,39,0,0,0,96,,,,,,0,,,,,,98445,53,74,240,6,1,0,0,0,0,,0,,,,,,4,,,20,8,0,0,0,9,8,,,0,0,0,8,0,8,95,,,96,,,8,95,995,,,,,,,,,,,,,,,,,,,,,,,,,,,,,,0,0,0,1,0,0,0,0,0,0,0,0,1,0,0,0,0,0,0,0,0,0,0,0,0,0,0,0,1,1,0,0,0,0,1,0,0,0,0,0,0,0,0,0,0,1,0,0,0,0,0,0,,,,,,51-55,46-55,State route,U,Saturday,,MC,White,1,0,0,0,State Route,State Patrol,Washington State Patrol,0,1,0,0,0,,,,,,0,0,0,,,,,,,,,,,,,,,,,,,,,,,,,,,,,,,,,,,
2018,407,E859114,3,11/02/2018,13:19,2,11,0,53,Pierce,1124,1,0,1,1,1,1,0,3,2,,,,12,0,6,128.1,1,0,1,1,2,1,1,0,0,0,0,I-5,,-122.4726333,47.17031389,0,2,45,61,4,60,15,0,0,1,7,12,1,1,4,3,1,2,1,53,0,23,421,2005,0,0,12,64,25,25,69,,1,1,79,1,0,0,0,0,3,0,11,0,,,,,0,0,3,3,1,0,0,0,0,0,,,,,,0,,,,,,98445,53,67,220,6,1,0,0,0,0,,0,,,,,,0,,,20,0,0,0,8,9,8,,,0,0,0,8,0,8,95,,,96,,,8,95,995,,,,,,,,,,,,,,,,,,,,,,,,,,,,,,0,0,0,0,0,0,1,1,0,0,0,0,0,0,0,0,1,0,0,0,0,0,0,0,0,1,1,1,0,1,0,0,0,0,0,,0,0,0,0,0,0,0,0,0,0,0,0,0,0,0,0,,,,,,76-80,76+,Interstate,U,Friday,Belt Used,PV,Not Fatal,0,0,0,0,State Route,State Patrol,Washington State Patrol,0,1,0,0,0,,,,,,0,0,0,,,,,,,,,,,,,,,,,,,,,,,,,,,,,,,,,,,