year,case,par,repjur,crash_dt,crash_tm,accday,accmon,holiday,county,co_char,city,weather,weather2,lightcond,surfcond,surftype,numfatal,nmforms,pforms,vforms,not_tm,arr_tm,hosp_tm,fhevent,hitrun,manncol,milepnt,reljunc,reljuncinter,intersectiontype,funcsystem,landuse,ownership,route,schlbus,spejur,contdev,devfunc,trafid1,trafid2,x,y,wk_zone,vnumber,crashtype,criticalevent,criticaleventcat,spdlim,body,trailer,emerg,hazcargo,leave,mhevent,roadalgn,roadprof,traflane,trafflow,vehmanvr,numoccs,regowner,regstate,spuse,make,model,modelyr,vrf1,vrf2,seqevent1,seqevent2,seqevent3,seqevent4,seqevent5,seqevent6,pnumber,ptype,age,sex,hispanic,race,injury,diedscene,restraint,restraintmisuse,seatpos,takehosp,death_dt,death_tm,cert,cernum_wa,commlic,licendor,licrestrict,liccomp,drivpres,drf1,drf2,drf3,drf4,distract1,distract2,distract3,distract4,distract5,distract6,dricond1,dricond2,dricond3,dricond4,dricond5,dricond6,dzip,licstate,drhgt_in,weight,noncdl,noncdltype,prevdwi,prevoth,prevacc,prevspd,prevsus,driviol1,driviol2,driviol3,driviol4,driviol5,driviol6,spdrel,first_dt,last_dt,airbag,ejection,ejectpath,extricat,injurwrk,methalc,methdrug,nmlocat,strikveh,prf1,prf2,prf3,druginv,alcinvol,drugsts,drugres1,drugres2,drugres3,drugtst1,drugtst2,drugtst3,alcsts,alctst,alcres,nmact1,nmact2,nmact3,nmact4,nmact5,nmact6,nmprior1,nmprior2,nmprior3,nmprior4,nmprior5,nmprior6,nmcond1,nmcond2,nmcond3,nmcond4,nmcond5,nmcond6,nmsafe_helmet,nmsafe_pads,nmsafe_oth,nmprev_ref,nmprev_lgt,nmprev_oth,crashlocation,nmcrashtype,crosswalk,schoolzone,sidewalk,train_inv,wildlife_inv,rotr_fars,intersect_fars,dd_inv,aid_inv,dpd_inv,id_inv,mj_inv,impnm_inv,ainm_inv,dpnm_inv,speed_inv,unlic_inv,unendmc_inv,drowsy_inv,drdist_inv,nmdist_inv,fty_inv,unrestfat_inv,dr1617_inv,dr1820_inv,dr1620_inv,dr2125_inv,dr1625_inv,dr65_inv,dr70_inv,dr75_inv,mc_inv,pv_inv,ht_inv,ped_inv,bike_inv,unrest_fat,mc_fat,unhelmet_mc,pv_fat,ht_fat,ped_fat,bike_fat,dr_alc7,dr_alc8,dr_drug,dr_imp,dr_dist,dr_spd,dr_fty,dr_unlic,dr_alc7only,dr_alc8only,dr_drugonly,dr_drink,nm_imp,nm_alc7,nm_alc8,nm_drug,nm_dist,agegrp1,agegrp2,roadclass,urbrur,dayweek,restuse,vehtype,race_me,intersect,lanedep,oppdir,wrongway,rep_typ,investag,repag_long,rotr,st_rd,cty_rd,city_rd,oth_rd,drug_thc,thc_res,drug_cthc,cthc_res,drug_cann,prevpersemin,prevperse,prevsusoth,drugtst4,drugtst5,drugtst6,drugtst7,drugtst8,drugres4,drugres5,drugres6,drugres7,drugres8,adspresent,adsengaged,adslevel,race1,race2,race3,race4,race5,helmet,helmetmisuse,nmdistract1,nmdistract2,nmdistract3,nmdistract4,nmdistract5,nmdistract6,lab,isedtcase,crf1,crf2,crf3,CoRoadName,CoMP,IntCoRoadName,IntCoMP
2019,11,E883197,35,01/15/2019,19:45,15,1,,53,Pierce,0,1,0,2,1,2,1,1,1,1,,,,8,1,0,1.2,1,0,1,3,2,2,4,0,0,0,0,CR-152ND ST E,,-122.4095694,47.11878333,0,1,13,11,2,35,99,0,0,1,5,8,1,1,2,1,1,1,9,99,0,99,999,9999,0,0,63,8,,,,,1,1,18,1,0,,0,0,99,7,11,0,,,,,0,0,0,3,1,0,0,0,0,96,,,,,,99,,,,,,98445,53,69,160,6,1,0,0,1,0,,97,,,,,,0,05/15/2018,05/15/2018,20,0,0,0,8,9,8,,,0,0,0,8,9,8,95,,,96,,,8,95,995,,,,,,,,,,,,,,,,,,,,,,,,,,,,,,0,0,0,0,0,0,0,0,0,1,0,1,0,0,0,0,0,0,0,0,0,1,1,0,1,0,0,0,0,0,0,1,0,0,0,,0,0,0,0,0,0,0,0,0,0,0,0,0,0,0,0,,,,,,18-20,16-25,County road,U,Tuesday,,NR-U,Not Fatal,0,0,0,0,County Road,County Sheriff,Law Enforcement Support Agency,0,0,1,0,0,,,,,,0,0,0,,,,,,,,,,,98,98,98,0,,,,,20,7,,,,,,,,,,,,,,,
2019,147,E921488,25,05/09/2019,20:21,9,5,,33,King,0,1,0,5,1,2,1,0,1,1,,,,24,0,0,6.8,3,0,2,5,1,2,4,0,0,40,3,CR-SE 400TH WAY,SE 392ND,-121.9709694,47.24963056,0,1,1,13,2,45,80,0,0,1,5,24,3,3,2,1,14,1,1,53,0,72,706,2007,0,0,63,24,,,,,1,1,42,1,7,,4,7,20,7,11,0,05/09/2019,20:21,53021443,21443,0,0,0,3,1,0,0,0,0,92,,,,,,99,,,,,,98445,53,70,200,6,1,0,0,1,2,,0,,,,,,4,10/15/2018,03/15/2019,20,8,0,0,0,9,8,,,0,0,0,8,9,2,1,,,1,,,2,1,0.039,,,,,,,,,,,,,,,,,,,,,,,,,,,,,,0,0,1,1,1,0,0,0,0,0,0,0,1,0,0,0,1,0,0,0,0,0,0,0,0,0,0,0,1,0,0,0,0,0,1,0,0,0,0,0,1,0,0,0,1,1,0,0,1,0,0,1,,,,,,41-45,36-45,County road,R,Thursday,,MC,White,0,1,0,0,County Road,County Sheriff,King County Police,1,0,1,0,0,,,,,,0,0,0,,,,,,,,,,,0,0,0,1,,,,,19,0,,,,,,,,,,,,,,,
2019,179,E929760,35,06/09/2019,10:05,9,6,,53,Pierce,0,1,0,1,1,2,1,0,2,2,,,,12,0,6,0.6,2,0,3,4,2,2,4,0,0,0,0,CR-MILITARY RD S,BRESEMANN BLVD S,-122.4459639,47.12231667,0,1,68,15,2,35,4,0,0,1,5,12,1,1,2,1,11,1,1,53,0,18,18,1994,0,0,12,,,,,,1,1,80,1,0,,0,0,3,0,11,0,,,,,0,0,0,3,1,38,0,0,0,96,,,,,,0,,,,,,98445,53,68,180,6,1,0,0,0,0,,97,,,,,,0,,,20,0,0,0,8,9,8,,,0,0,0,8,0,8,95,,,96,,,8,95,995,,,,,,,,,,,,,,,,,,,,,,,,,,,,,,0,0,0,1,0,0,1,1,1,0,0,0,1,0,1,0,0,0,1,0,0,0,0,1,1,1,1,1,1,1,0,0,0,0,0,,0,0,0,0,0,0,0,0,0,0,1,0,0,0,0,0,,,,,,76-80,76+,County road,U,Sunday,Belt Used,PV,Not Fatal,1,0,0,0,County Road,County Sheriff,Law Enforcement Support Agency,0,0,1,0,0,,,,,,0,0,0,,,,,,,,,,,0,0,0,0,,,,,20,7,,,,,,,,,,,,,,,
2019,309,E953543,7,08/15/2019,21:26,15,8,,33,King,170,1,0,3,1,2,1,0,2,2,,,,12,0,6,24.4,1,0,1,1,2,1,1,0,0,0,0,I-405,,-122.1886444,47.76725833,0,2,98,98,7,60,5,0,0,1,7,12,1,1,3,3,1,1,1,53,0,12,27,2013,0,0,12,,,,,,1,1,26,1,0,,1,0,3,0,11,8,,,,,0,0,3,3,1,0,0,0,0,96,,,,,,0,,,,,,98445,53,69,200,6,1,0,0,0,0,,0,,,,,,0,,,8,0,0,0,8,9,8,,,0,0,0,8,0,8,95,,,96,,,8,95,995,,,,,,,,,,,,,,,,,,,,,,,,,,,,,,0,0,0,0,1,1,1,1,0,0,0,0,0,1,0,0,0,0,0,0,0,0,0,0,0,1,0,0,0,1,0,0,0,0,0,,0,0,0,0,0,0,0,0,0,0,0,0,0,0,0,0,,,,,,26-30,26-35,Interstate,U,Thursday,Belt Used,PV,Not Fatal,0,1,1,0,State Route,State Patrol,Washington State Patrol,0,1,0,0,0,,,,,,0,0,0,,,,,,,,,,,98,98,98,0,,,,,20,7,,,,,,,,,,,,,,,
2019,302,E955423,35,08/30/2019,20:39,30,8,,53,Pierce,0,1,0,2,1,2,1,0,3,2,,,,12,0,6,4.7,2,0,2,5,2,2,4,0,0,0,0,CR-128TH ST E,78TH AVE E,-122.3254861,47.14029722,0,1,83,17,2,35,80,0,0,1,7,12,1,2,2,1,1,1,1,53,0,37,706,2004,0,0,12,,,,,,1,1,54,1,7,,4,7,20,7,11,0,08/30/2019,20:39,53038781,38781,0,0,0,3,1,0,0,0,0,96,,,,,,9,,,,,,98445,53,70,190,6,1,0,0,0,0,,0,,,,,,3,,,20,8,0,0,0,9,8,,,0,0,0,1,9,2,401,417,,1,1,,2,1,0,,,,,,,,,,,,,,,,,,,,,,,,,,,,,,0,0,0,1,0,0,1,1,0,0,0,0,1,0,0,0,0,0,0,0,0,0,0,0,0,0,0,0,1,1,0,0,0,0,1,0,0,0,0,0,0,0,1,1,0,1,0,0,0,0,1,0,,,,,,51-55,46-55,County road,U,Friday,,MC,White,1,0,0,0,County Road,County Sheriff,Law Enforcement Support Agency,0,0,1,0,0,,,,,,0,0,0,,,,,,,,,,,0,0,0,1,,,,,19,0,,,,,,,,,,,,,,,
2019,495,E995033,160,12/16/2019,13:04,16,12,,33,King,1030,10,0,1,1,2,1,0,2,2,,,,12,0,6,0.7,2,0,2,3,2,1,3,0,0,0,0,SR-181,OBERTO DR,-122.2482528,47.38850833,0,2,88,66,4,35,80,0,0,1,7,12,1,3,5,1,1,1,1,53,0,72,706,2017,0,0,12,,,,,,1,1,49,1,7,,4,0,20,7,11,4,12/22/2019,17:27,1.96053E+11,56617,0,0,3,3,1,0,0,0,0,96,,,,,,0,,,,,,98445,53,70,270,6,1,0,0,0,0,,0,,,,,,0,,,20,8,0,0,0,9,8,,,0,0,0,8,0,8,95,,,96,,,8,95,995,,,,,,,,,,,,,,,,,,,,,,,,,,,,,,0,0,0,1,0,0,0,0,0,0,0,0,0,0,0,0,0,0,1,0,0,0,0,0,0,0,0,0,1,1,0,0,0,0,1,0,0,0,0,0,0,0,0,0,0,0,0,0,0,0,0,0,,,,,,46-50,46-55,State route,U,Monday,,MC,White,1,0,0,0,State Route,Municipal/City Police,Kent Police Department,0,1,0,0,0,,,,,,0,0,0,,,,,,,,,,,0,0,0,1,,,,,19,0,,,,,,,,,,,,,,,
2020,169,EA39076,35,06/08/2020,15:30,8,6,,53,Pierce,0,1,,1,1,2,1,0,2,2,15:32,15:38,,12,0,2,0,1,0,1,5,2,2,4,0,0,0,0,CR-38TH AVE E,,-122.3765028,47.105175,0,2,51,62,4,35,61,0,0,1,5,12,3,1,2,1,14,1,3,53,0,12,870,2016,0,,12,,,,,,1,1,31,1,0,,0,0,3,0,11,0,,,,,0,0,0,3,1,0,,,,96,,,,,,0,,,,,,98445,53,68,185,6,1,0,0,0,1,,0,,,,,,0,06/15/2019,06/15/2019,20,0,0,0,8,9,8,,,0,,,8,8,8,95,,,96,,,8,95,995,,,,,,,,,,,,,,,,,,,,,,,,,,,,,,0,0,0,0,0,0,0,0,0,0,0,0,0,0,1,0,0,0,0,0,0,0,0,0,0,0,0,0,1,0,1,0,0,0,0,,0,0,0,0,0,0,0,0,0,0,0,0,0,0,0,0,,,,,,31-35,26-35,County road,U,Monday,,MHTRUCK,Not Fatal,0,1,1,0,County Road,County Sheriff,Law Enforcement Support Agency,0,0,1,0,0,,,,,,0,0,0,,,,,,,,,,,98,98,98,0,,,,,20,7,,,,,,,,1,0,,,038 AVE E,0.02,,
2020,203,EA43667,242,06/26/2020,3:30,26,6,,53,Pierce,1770,1,,2,1,2,2,0,4,1,3:31,3:40,4:16,1,0,0,0,3,0,2,4,2,4,6,0,0,20,3,31ST AVE SW,Fruitland Ave E,-122.3281306,47.16211389,0,1,1,6,1,35,4,0,0,1,5,1,1,2,2,1,1,4,2,53,0,37,31,2007,0,,67,63,1,,,,1,1,16,2,0,,2,0,3,0,11,5,,,,,0,0,2,3,1,73,,,,96,,,,,,9,,,,,,98445,53,64,180,6,2,0,0,0,0,,1,,,,,,4,,,8,0,0,0,8,9,8,,,0,,,1,8,2,695,,,1,,,2,1,0,,,,,,,,,,,,,,,,,,,,,,,,,,,,,,0,0,1,1,0,0,1,1,1,0,0,0,1,0,0,0,0,0,0,1,1,0,1,0,1,0,0,0,0,1,0,0,0,0,0,,0,0,0,0,0,0,1,1,0,1,0,0,0,0,1,0,,,,,,16-17,16-25,City street,U,Friday,Belt Used,PV,Not Fatal,1,0,0,0,City Street,Municipal/City Police,Puyallup Police Department,0,0,0,1,0,,,carboxy-thc,7.8,,0,0,0,,,,,,,,,,,98,98,98,0,,,,,20,7,,,,,,,,1,0,,,,,,
2020,358,EA64517,3,09/02/2020,12:12,2,9,,53,Pierce,1124,1,,1,1,2,1,0,7,4,,,,12,0,1,0.3,1,0,1,3,2,1,3,0,0,0,0,SR-512,,-122.4735083,47.16163889,0,4,98,98,7,45,34,0,0,1,2,12,1,1,4,3,1,4,1,53,0,49,472,2017,0,,12,,,,,,1,1,35,1,0,,0,0,3,0,11,0,,,,,0,0,3,3,1,0,,,,96,,,,,,98,,,,,,98445,53,69,185,6,1,0,0,1,0,,0,,,,,,0,06/15/2018,06/15/2018,20,0,0,0,8,9,8,,,0,,,8,8,8,95,,,96,,,8,95,995,,,,,,,,,,,,,,,,,,,,,,,,,,,,,,0,0,0,0,0,0,1,1,0,0,0,0,1,1,0,0,0,0,0,0,0,0,0,1,1,0,0,0,0,1,0,0,0,0,0,,0,0,0,0,0,0,0,0,0,0,0,0,0,0,0,0,,,,,,31-35,26-35,State route,U,Wednesday,Belt Used,PV,Not Fatal,0,0,0,0,State Route,State Patrol,Washington State Patrol,0,1,0,0,0,,,,,,0,0,0,,,,,,,,,,,98,98,98,0,,,,,20,7,,,,,,,,1,0,,,,,,
2020,478,EA88054,35,12/08/2020,17:50,8,12,,53,Pierce,0,2,,3,2,2,1,1,2,1,17:50,17:55,,8,0,0,6.2,1,0,1,3,2,2,4,0,0,0,0,CR-112TH ST E,,-122.4235667,47.15527778,0,1,13,80,5,35,20,0,0,1,5,8,1,1,5,5,1,2,1,53,0,23,441,1994,0,,8,,,,,,1,1,77,1,0,,0,0,3,0,11,0,,,,,0,0,0,3,1,0,,,,96,,,,,,0,,,,,,98445,53,72,220,6,1,0,0,0,0,,0,,,,,,0,,,20,0,0,0,8,9,8,,,0,,,8,8,8,95,,,96,,,8,95,995,,,,,,,,,,,,,,,,,,,,,,,,,,,,,,0,0,0,0,0,0,0,0,0,1,1,0,0,0,0,0,0,0,0,0,0,0,0,0,0,1,1,1,0,1,0,1,0,0,0,,0,0,0,0,0,0,0,0,0,0,0,0,0,0,0,0,,,,,,76-80,76+,County road,U,Tuesday,Belt Used,PV,Not Fatal,0,0,0,0,County Road,County Sheriff,Law Enforcement Support Agency,0,0,1,0,0,,,,,,0,0,0,,,,,,,,,,,0,0,0,0,,,,,20,7,,,,,,,,1,0,,,112 ST E,6.18,,
2021,18,EB00140,35,01/01/2021,16:51,1,1,,53,Pierce,0,2,,2,2,2,1,1,3,1,,,,8,0,0,0.3,3,0,2,3,2,2,4,0,0,0,0,CR-160TH ST E,58TH AVE E,-122.35205,47.11095556,0,1,13,80,5,35,4,0,0,1,5,8,1,1,3,3,1,3,1,53,0,58,41,2018,0,,8,,,,,,1,1,20,1,0,,0,0,3,0,11,0,,,,,0,0,0,3,1,0,,,,92,,,,,,98,,,,,,98445,53,69,120,6,1,0,2,1,1,,0,,,,,,0,10/15/2018,06/15/2020,20,0,0,0,8,9,8,,,0,,,8,8,8,95,,,96,,,8,95,995,,,,,,,,,,,,,,,,,,,,,,,,,,,,,,0,0,0,1,0,0,0,0,0,0,0,0,0,0,0,0,1,1,0,0,0,1,1,0,1,0,0,0,0,1,0,1,0,0,0,,0,0,0,0,0,0,0,0,1,0,0,0,0,0,0,0,,,,,,18-20,16-25,County road,U,Friday,Belt Used,PV,Not Fatal,1,0,0,0,County Road,County Sheriff,Law Enforcement Support Agency,0,0,1,0,0,,,,,,0,0,0,,,,,,,,,,,98,98,98,0,,,,,20,,,,,,,,,1,0,,,160 ST E,0.25,NULL,
2021,65,EB13444,3,02/26/2021,16:50,26,2,,53,Pierce,0,1,,1,1,2,1,0,4,3,,,,12,0,1,128.8,1,0,1,1,2,1,1,0,0,0,0,I-5,,-122.4658556,47.17815833,0,3,98,98,7,60,34,0,0,1,5,12,1,1,4,3,5,2,2,53,0,12,471,1998,0,,12,,,,,,1,1,19,1,0,,0,0,3,0,11,0,,,,,0,0,3,3,1,0,,,,96,,,,,,98,,,,,,98445,53,70,190,6,1,0,0,1,1,,0,,,,,,0,09/15/2019,10/15/2020,20,0,0,0,8,9,8,,,0,,,8,8,0,0,,,0,,,0,0,996,,,,,,,,,,,,,,,,,,,,,,,,,,,,,,0,0,0,0,0,0,1,1,0,0,0,0,1,0,0,0,0,0,0,0,0,1,1,0,1,1,1,1,0,1,1,0,0,0,0,,0,0,0,0,0,0,0,0,0,0,0,0,0,0,0,0,,,,,,18-20,16-25,Interstate,U,Friday,Belt Used,PV,Not Fatal,0,0,0,0,State Route,State Patrol,Washington State Patrol,0,1,0,0,0,,,,,,0,0,0,,,,,,,,,,,0,0,0,0,,,,,20,,,,,,,,,1,0,,,,,,
2021,598,EB56571,290,08/05/2021,5:54,5,8,,53,Pierce,2230,1,,1,1,2,1,0,2,2,,,,12,0,2,0,8,0,1,3,2,4,6,0,0,0,0,E PORTLAND AVE,,-122.4082056,47.22915556,0,2,83,72,4,35,80,0,0,1,5,12,1,1,5,5,1,1,1,53,0,37,706,2004,0,,12,,,,,,1,1,38,1,7,,4,0,20,7,11,0,08/06/2021,14:35,2.23053E+11,38838,0,0,0,3,1,0,,,,96,,,,,,98,,,,,,98445,53,72,165,6,1,0,0,0,3,,0,,,,,,0,02/15/2016,09/15/2020,20,8,0,0,0,9,8,,,0,,,8,8,2,1,,,1,,,2,1,0,,,,,,,,,,,,,,,,,,,,,,,,,,,,,,0,0,0,0,0,0,0,0,0,0,0,0,0,1,0,0,0,0,1,0,0,0,0,0,0,0,0,0,1,1,0,0,0,0,1,0,0,0,0,0,0,0,0,0,0,0,0,0,0,0,0,0,,,,,,36-40,36-45,City street,U,Thursday,,MC,White,0,0,0,0,City Street,Municipal/City Police,Tacoma Police Department,0,0,0,1,0,,,,,,0,0,2,,,,,,,,,,,0,0,0,1,,,,,5,,,,,,,,,0,0,,,,,,
2021,329,EB63186,3,08/10/2021,20:54,10,8,,53,Pierce,0,1,,3,1,2,1,0,2,2,,,,12,0,1,44.7,1,0,1,3,2,1,3,0,0,0,0,SR-7,,-122.3981333,47.05349722,0,2,25,53,3,50,4,0,0,1,5,12,1,1,5,5,1,1,9,99,0,41,49,2005,0,,12,,,,,,1,1,38,1,0,,0,0,3,0,11,0,,,,,0,0,0,2,1,0,,,,96,,,,,,98,,,,,,98445,53,72,180,1,1,0,3,0,3,,0,,,,,,0,12/15/2016,09/15/2017,20,0,0,0,8,9,8,,,0,,,8,8,8,95,,,96,,,8,95,995,,,,,,,,,,,,,,,,,,,,,,,,,,,,,,0,0,0,0,1,1,0,1,0,0,0,0,1,1,0,0,0,0,0,0,0,0,0,0,0,0,0,0,0,1,0,0,0,0,0,,0,0,0,0,0,0,0,0,0,0,0,1,0,0,0,0,,,,,,36-40,36-45,State route,U,Tuesday,Belt Used,PV,Not Fatal,0,0,0,0,State Route,State Patrol,Washington State Patrol,0,1,0,0,0,,,,,,0,0,5,,,,,,,,,,,98,98,98,0,,,,,20,,,,,,,,,1,0,,,,,,
2021,503,EB94672,290,11/28/2021,5:45,28,11,,53,Pierce,2230,10,,3,1,2,1,1,1,1,,,,8,1,0,,1,0,1,3,2,4,6,0,3,0,0,E PORTLAND AVE,,-122.4076722,47.21663056,0,1,13,80,5,35,34,0,0,1,5,8,1,2,5,5,1,99,1,53,0,12,481,2017,0,,8,,,,,,1,1,32,1,0,,9,0,99,7,11,0,,,,,0,0,3,2,1,0,,,,96,,,,,,9,,,,,,98445,53,71,200,1,1,0,1,0,0,,97,,,,,,0,04/15/2017,04/15/2017,99,9,0,0,8,9,8,,,0,,,8,1,2,1,,,1,,,2,1,0.18,,,,,,,,,,,,,,,,,,,,,,,,,,,,,,0,0,0,0,1,1,0,1,0,0,0,0,0,1,0,0,0,0,0,0,0,0,0,0,0,0,0,0,0,1,0,1,0,0,0,,0,0,0,0,0,1,0,1,0,0,0,1,0,1,0,1,,,,,,31-35,26-35,City street,U,Sunday,Unknown,PV,Not Fatal,0,0,0,0,City Street,Municipal/City Police,Tacoma Police Department,0,0,0,1,0,,,,,,0,0,0,,,,,,,,,,,98,98,98,0,,,,,20,,,,,,,,,1,0,,,,,,
2017,196,E680052,3,06/04/2017,13:38,4,6,0,53,Pierce,0,10,0,1,1,2,1,0,1,1,13:38,13:47,14:35,24,0,0,16.6,1,0,1,4,2,1,3,0,0,0,0,SR-162,,-122.0722861,47.14238611,0,1,6,12,2,50,80,0,0,1,5,24,3,2,2,1,14,1,1,53,0,98,706,2016,0,0,68,64,24,,,,1,1,25,1,7,1,4,0,19,0,11,5,06/04/2017,15:01,2.01753E+11,25453,0,0,0,3,1,0,0,0,0,96,,,,,,99,,,,,,98446,53,71,176,6,1,0,0,0,0,0,0,,,,,,4,,,20,8,0,0,0,9,8,,,0,0,0,8,9,2,522,0,0,1,0,0,2,1,0,,,,,,,,,,,,,,,,,,,,,,,,,,,,,,0,0,1,0,0,0,1,1,0,0,0,0,1,0,0,0,0,0,0,0,0,0,0,1,1,0,0,0,1,0,0,0,0,0,1,0,0,0,0,0,0,0,1,1,0,1,0,0,0,0,1,0,,,,,,21-25,16-25,State route,U,Sunday,,MC,White,0,1,0,0,State Route,State Patrol,Washington State Patrol Headquarter,1,1,0,0,0,,,,,,,,,,,,,,,,,,,,,,,,,,,,,,,,,,,,,,,,,,,
2017,268,E696573,173,07/29/2017,12:30,29,7,0,53,Pierce,1124,1,0,1,1,2,1,0,2,2,,,,12,0,6,0,2,0,3,3,2,4,6,0,0,3,3,S TACOMA WAY,STELLACOOM BLVD SW,-122.4838167,47.17665,0,1,83,17,2,35,80,0,0,1,2,12,1,2,5,1,1,1,2,53,0,76,705,2002,0,0,12,,,,,,1,1,42,1,7,1,4,0,19,0,11,4,07/29/2017,13:31,1.12453E+11,33302,0,0,0,2,1,37,0,0,0,96,,,,,,99,,,,,,98446,53,64,160,1,1,0,0,0,0,0,0,,,,,,3,,,20,8,0,0,0,9,8,,,0,0,0,8,9,2,401,417,605,1,1,1,2,1,0,,,,,,,,,,,,,,,,,,,,,,,,,,,,,,0,0,0,1,0,0,1,1,1,0,0,0,1,1,1,0,0,0,0,0,0,0,0,1,1,0,0,0,1,1,0,0,0,0,1,0,0,0,0,0,0,0,1,1,0,1,0,1,0,0,1,0,,,,,,41-45,36-45,City street,U,Saturday,,MC,White,1,0,0,0,City Street,Municipal/City Police,Lakewood Police Department,0,0,0,1,0,thc,11,carboxy-thc,20,,,,,,,,,,,,,,,,,,,,,,,,,,,,,,,,,,,,,,,
2018,359,E839859,173,09/19/2018,17:58,19,9,0,53,Pierce,1124,1,0,1,1,2,1,0,6,2,,,,12,0,6,0,8,0,1,3,2,4,6,0,0,0,0,LAKEWOOD DR SW,,-122.5086056,47.18325278,0,2,69,62,4,20,14,0,0,1,7,12,1,1,4,1,1,1,9,99,0,2,404,2018,0,0,12,1,,,,,1,1,25,2,0,0,0,0,3,0,11,0,,,,,0,0,0,3,1,0,0,0,0,96,,,,,,0,,,,,,98446,53,67,155,6,1,0,0,0,0,,0,,,,,,0,,,8,0,0,0,8,9,2,,,0,0,0,0,0,8,95,,,96,,,8,95,995,,,,,,,,,,,,,,,,,,,,,,,,,,,,,,0,0,0,0,0,0,0,0,0,0,0,0,0,0,0,0,0,0,1,0,0,1,1,1,1,0,0,0,0,1,0,0,0,0,0,,0,0,0,0,0,0,0,0,0,0,0,0,0,0,0,0,,,,,,21-25,16-25,City street,U,Wednesday,Belt Used,PV,Not Fatal,0,0,0,0,City Street,Municipal/City Police,Lakewood Police Department,0,0,0,1,0,,,,,,0,0,0,,,,,,,,,,,,,,,,,,,,,,,,,,,,,,,,,,,
2020,169,EA39076,35,06/08/2020,15:30,8,6,,53,Pierce,0,1,,1,1,2,1,0,2,2,15:32,15:38,,12,0,2,0,1,0,1,5,2,2,4,0,0,0,0,CR-38TH AVE E,,-122.3765028,47.105175,0,1,50,10,2,35,80,0,0,1,2,12,2,1,2,1,14,1,1,53,0,76,706,2012,0,,68,12,,,,,1,1,58,1,7,,4,7,20,7,11,0,06/08/2020,15:30,53026582,26582,0,0,0,2,1,0,,,,96,,,,,,98,,,,,,98446,53,68,195,6,1,0,0,1,0,,0,,,,,,0,08/15/2017,08/15/2017,20,8,0,0,0,9,8,,,0,,,8,8,2,1,,,1,,,2,1,0,,,,,,,,,,,,,,,,,,,,,,,,,,,,,,0,0,0,0,0,0,0,0,0,0,0,0,0,0,1,0,0,0,0,0,0,0,0,0,0,0,0,0,1,0,1,0,0,0,1,0,0,0,0,0,0,0,0,0,0,0,0,0,0,0,0,0,,,,,,56-60,56-65,County road,U,Monday,,MC,White,0,1,1,0,County Road,County Sheriff,Law Enforcement Support Agency,0,0,1,0,0,,,,,,0,0,0,,,,,,,,,,,0,0,0,1,,,,,19,0,,,,,,,,1,0,,,038 AVE E,0.02,,
2020,542,EA42544,35,06/25/2020,1:46,25,6,,53,Pierce,0,1,,3,1,2,1,0,3,2,1:46,1:52,2:17,12,0,6,3.3,2,0,2,5,2,2,4,0,0,3,3,CR-84TH ST E,WALLER RD,-122.3891306,47.18087778,0,2,69,62,4,35,8,0,0,1,2,12,1,1,2,1,1,2,9,99,0,35,43,2001,0,,12,,,,,,1,1,60,1,7,,4,0,20,7,11,5,06/30/2020,15:06,2.23053E+11,30765,0,0,0,2,1,0,,,,96,,,,,,0,,,,,,98446,53,68,280,1,1,0,1,2,0,,0,,,,,,0,08/15/2016,02/15/2018,8,0,0,0,0,9,8,,,0,,,8,8,8,95,,,96,,,8,95,995,,,,,,,,,,,,,,,,,,,,,,,,,,,,,,0,0,0,1,0,0,0,0,0,0,0,0,0,1,0,0,0,0,1,1,0,0,0,0,0,0,0,0,0,1,0,0,0,1,0,,1,0,0,0,0,0,0,0,0,0,0,1,0,0,0,0,,,,,,56-60,56-65,County road,U,Thursday,Not Used,PV,Multiracial,1,0,0,0,County Road,County Sheriff,Law Enforcement Support Agency,0,0,1,0,0,,,,,,0,0,6,,,,,,,,,,,98,98,98,202,201,,,,20,7,,,,,,,,1,0,,,WALLER RD E,3.31,084 ST E,1.5
2020,282,EA55984,8,07/30/2020,11:00,30,7,,35,Kitsap,0,1,,1,1,2,1,0,3,2,,,,12,0,6,0.3,2,1,2,4,2,1,3,0,0,20,3,SR-3 RAMP 003LX04848,SR-308,-122.6857167,47.70120556,0,1,88,17,2,98,34,0,0,1,2,12,1,2,1,6,4,2,2,53,0,7,482,2009,0,,12,,,,,,1,1,30,1,0,,0,0,3,0,11,0,,,,,0,0,0,3,1,38,,,,10,,,,,,98,,,,,,98446,53,73,220,6,1,0,0,1,0,,2,76,,,,,0,06/15/2017,06/15/2017,20,0,0,0,8,3,8,,,0,,,8,8,0,0,,,0,,,0,0,996,,,,,,,,,,,,,,,,,,,,,,,,,,,,,,0,0,0,1,0,0,1,1,0,0,0,0,0,0,0,0,1,0,1,0,0,0,0,0,0,1,1,0,0,1,0,0,0,0,0,,0,0,0,0,0,0,0,0,1,0,1,0,0,0,0,0,,,,,,26-30,26-35,State route,U,Thursday,Belt Used,PV,Not Fatal,1,0,0,0,State Route,State Patrol,Washington State Patrol,0,1,0,0,0,,,,,,0,0,0,,,,,,,,,,,98,98,98,0,,,,,20,7,,,,,,,,1,0,,,,,,