year,case,par,repjur,crash_dt,crash_tm,accday,accmon,holiday,county,co_char,city,weather,weather2,lightcond,surfcond,surftype,numfatal,nmforms,pforms,vforms,not_tm,arr_tm,hosp_tm,fhevent,hitrun,manncol,milepnt,reljunc,reljuncinter,intersectiontype,funcsystem,landuse,ownership,route,schlbus,spejur,contdev,devfunc,trafid1,trafid2,x,y,wk_zone,vnumber,crashtype,criticalevent,criticaleventcat,spdlim,body,trailer,emerg,hazcargo,leave,mhevent,roadalgn,roadprof,traflane,trafflow,vehmanvr,numoccs,regowner,regstate,spuse,make,model,modelyr,vrf1,vrf2,seqevent1,seqevent2,seqevent3,seqevent4,seqevent5,seqevent6,pnumber,ptype,age,sex,hispanic,race,injury,diedscene,restraint,restraintmisuse,seatpos,takehosp,death_dt,death_tm,cert,cernum_wa,commlic,licendor,licrestrict,liccomp,drivpres,drf1,drf2,drf3,drf4,distract1,distract2,distract3,distract4,distract5,distract6,dricond1,dricond2,dricond3,dricond4,dricond5,dricond6,dzip,licstate,drhgt_in,weight,noncdl,noncdltype,prevdwi,prevoth,prevacc,prevspd,prevsus,driviol1,driviol2,driviol3,driviol4,driviol5,driviol6,spdrel,first_dt,last_dt,airbag,ejection,ejectpath,extricat,injurwrk,methalc,methdrug,nmlocat,strikveh,prf1,prf2,prf3,druginv,alcinvol,drugsts,drugres1,drugres2,drugres3,drugtst1,drugtst2,drugtst3,alcsts,alctst,alcres,nmact1,nmact2,nmact3,nmact4,nmact5,nmact6,nmprior1,nmprior2,nmprior3,nmprior4,nmprior5,nmprior6,nmcond1,nmcond2,nmcond3,nmcond4,nmcond5,nmcond6,nmsafe_helmet,nmsafe_pads,nmsafe_oth,nmprev_ref,nmprev_lgt,nmprev_oth,crashlocation,nmcrashtype,crosswalk,schoolzone,sidewalk,train_inv,wildlife_inv,rotr_fars,intersect_fars,dd_inv,aid_inv,dpd_inv,id_inv,mj_inv,impnm_inv,ainm_inv,dpnm_inv,speed_inv,unlic_inv,unendmc_inv,drowsy_inv,drdist_inv,nmdist_inv,fty_inv,unrestfat_inv,dr1617_inv,dr1820_inv,dr1620_inv,dr2125_inv,dr1625_inv,dr65_inv,dr70_inv,dr75_inv,mc_inv,pv_inv,ht_inv,ped_inv,bike_inv,unrest_fat,mc_fat,unhelmet_mc,pv_fat,ht_fat,ped_fat,bike_fat,dr_alc7,dr_alc8,dr_drug,dr_imp,dr_dist,dr_spd,dr_fty,dr_unlic,dr_alc7only,dr_alc8only,dr_drugonly,dr_drink,nm_imp,nm_alc7,nm_alc8,nm_drug,nm_dist,agegrp1,agegrp2,roadclass,urbrur,dayweek,restuse,vehtype,race_me,intersect,lanedep,oppdir,wrongway,rep_typ,investag,repag_long,rotr,st_rd,cty_rd,city_rd,oth_rd,drug_thc,thc_res,drug_cthc,cthc_res,drug_cann,prevpersemin,prevperse,prevsusoth,drugtst4,drugtst5,drugtst6,drugtst7,drugtst8,drugres4,drugres5,drugres6,drugres7,drugres8,adspresent,adsengaged,adslevel,race1,race2,race3,race4,race5,helmet,helmetmisuse,nmdistract1,nmdistract2,nmdistract3,nmdistract4,nmdistract5,nmdistract6,lab,isedtcase,crf1,crf2,crf3,CoRoadName,CoMP,IntCoRoadName,IntCoMP
2020,476,EA87388,290,12/07/2020,20:27,7,12,,53,Pierce,2230,10,,3,1,2,1,0,3,2,,,,42,0,0,55.4,1,0,1,3,2,1,3,0,0,0,0,SR-7,,-122.4338667,47.19988611,0,2,98,61,4,35,67,0,0,1,5,12,1,1,5,5,1,1,1,53,0,12,880,2018,0,,12,,,,,,1,1,67,1,0,,0,0,3,0,11,0,,,,,0,0,0,3,1,0,,,,96,,,,,,98,,,,,,98446,53,71,240,6,1,0,0,0,0,,0,,,,,,0,,,20,0,0,0,8,9,8,,,0,,,8,8,8,95,,,96,,,8,95,995,,,,,,,,,,,,,,,,,,,,,,,,,,,,,,0,0,1,0,0,0,0,0,0,0,0,0,0,1,0,0,0,0,0,0,0,0,0,0,0,1,0,0,0,1,1,0,0,0,0,,0,0,0,0,0,0,0,0,0,0,0,0,0,0,0,0,,,,,,66-70,66-75,State route,U,Monday,,MHTRUCK,Not Fatal,0,1,0,0,State Route,Municipal/City Police,Tacoma Police Department,1,1,0,0,0,,,,,,0,0,0,,,,,,,,,,,98,98,98,0,,,,,20,7,,,,,,,,1,0,,,,,,
2021,607,EB28406,35,05/07/2021,22:50,7,5,,53,Pierce,0,1,,3,1,1,1,1,3,1,,,,8,0,0,5,1,0,1,3,2,2,4,0,0,0,0,CR-176TH ST E,,-122.3302222,47.09652222,0,1,13,80,5,45,4,0,0,1,2,8,1,1,2,2,1,3,2,53,0,55,33,2007,0,,8,,,,,,1,1,34,1,0,,0,0,3,0,11,0,,,,,0,0,0,3,1,0,,,,96,,,,,,98,,,,,,98446,53,72,155,6,1,0,0,0,0,,0,,,,,,0,,,20,0,0,0,8,9,8,,,0,,,8,8,8,95,,,96,,,8,95,995,,,,,,,,,,,,,,,,,,,,,,,,,,,,,,0,0,0,0,0,0,0,0,0,1,0,1,0,0,0,0,0,0,0,0,0,0,0,0,0,0,0,0,0,1,0,1,0,0,0,,0,0,0,0,0,0,0,0,0,0,0,0,0,0,0,0,,,,,,31-35,26-35,County road,U,Friday,Belt Used,PV,Not Fatal,0,0,0,0,County Road,County Sheriff,Law Enforcement Support Agency,0,0,1,0,0,,,,,,0,0,0,,,,,,,,,,,98,98,98,0,,,,,20,,,,,,,,,1,0,,,176 ST E,4.95,NULL,
2021,589,EB37894,135,06/02/2021,13:05,2,6,,53,Pierce,800,1,,1,1,2,1,0,4,3,,,,12,0,1,0,3,0,3,4,2,4,6,0,0,3,3,PIONEER WAY,Kimball Dr,-122.5885389,47.32261389,0,1,20,50,3,25,2,0,0,1,2,12,8,8,4,1,1,1,1,53,0,37,32,2015,0,,12,,,,,,1,1,77,1,7,,4,0,3,0,11,0,06/22/2021,18:31,1.95853E+11,29789,0,0,3,3,1,0,,,,96,,,,,,1,,,,,,98446,53,71,215,6,1,0,0,0,1,,0,,,,,,0,06/15/2017,06/15/2017,1,0,0,0,0,9,8,,,0,,,8,8,8,95,,,96,,,8,95,995,,,,,,,,,,,,,,,,,,,,,,,,,,,,,,0,0,0,1,0,0,0,0,0,0,0,0,0,0,0,0,0,0,0,0,0,0,0,0,0,1,1,1,0,1,0,0,0,0,0,,1,0,0,0,0,0,0,0,0,0,0,0,0,0,0,0,,,,,,76-80,76+,City street,U,Wednesday,Belt Used,PV,White,1,0,0,0,City Street,Municipal/City Police,Gig Harbor Police Department,0,0,0,1,0,,,,,,0,0,0,,,,,,,,,,,98,98,98,1,,,,,20,,,,,,,,,1,0,,,,,,
2018,192,E809550,35,06/14/2018,12:20,14,6,0,53,Pierce,0,1,0,1,1,2,1,0,1,1,12:25,12:30,,42,0,0,2.3,1,0,1,5,2,2,4,0,0,0,0,CR-108TH ST S,,-122.4439694,47.159175,0,1,2,6,1,35,10,0,0,1,5,42,1,1,2,1,6,1,1,53,0,20,7,1987,0,0,63,69,68,68,63,42,1,1,41,1,7,2,4,7,99,0,11,0,06/14/2018,12:45,2.23053E+11,26778,0,0,3,3,1,0,0,0,0,96,,,,,,9,,,,,,98455,53,72,175,6,1,1,0,0,0,,0,,,,,,3,01/15/2014,05/15/2014,20,0,0,0,0,9,1,,,0,0,0,1,0,2,605,695,,1,1,,2,1,0,,,,,,,,,,,,,,,,,,,,,,,,,,,,,,0,0,0,0,0,0,1,1,1,0,0,0,1,0,0,0,0,0,0,0,0,0,0,0,0,0,0,0,0,1,0,0,0,0,0,,1,0,0,0,0,0,1,1,0,1,0,0,0,0,1,0,,,,,,41-45,36-45,County road,U,Thursday,Unknown,PV,Black,0,1,0,0,County Road,County Sheriff,Law Enforcement Support Agency,1,0,1,0,0,thc,6.4,carboxy-thc,9.8,,0,1,0,,,,,,,,,,,,,,,,,,,,,,,,,,,,,,,,,,,
2017,2,E627989,26,01/02/2017,17:14,2,1,1,35,Kitsap,0,1,0,2,1,2,1,0,1,1,,,,24,0,0,2,1,0,1,5,1,2,4,0,0,0,0,CR-SE BURLEY OLALLA RD,,-122.583225,47.43134167,0,1,1,13,2,40,34,0,0,1,5,42,3,6,2,1,14,1,1,53,0,12,471,2003,0,0,63,69,68,64,68,63,1,1,74,1,7,1,4,7,20,0,11,0,01/02/2017,17:14,1.71053E+11,519,0,0,0,3,1,0,0,0,0,92,,,,,,99,,,,,,98465,53,70,185,6,1,0,0,0,0,0,0,,,,,,0,,,1,0,0,1,0,9,8,,,0,0,0,8,9,2,1,0,0,1,0,0,2,1,0.19,,,,,,,,,,,,,,,,,,,,,,,,,,,,,,0,0,1,0,1,1,0,1,0,0,0,0,0,0,0,0,1,0,0,0,0,0,0,0,0,1,1,0,0,0,0,0,0,1,0,,0,0,0,0,0,1,0,1,1,0,0,0,0,1,0,1,,,,,,71-75,66-75,County road,R,Monday,Not Used,PV,White,0,1,0,0,County Road,County Sheriff,Kitsap County Sheriff's Office,1,0,1,0,0,,,,,,,,,,,,,,,,,,,,,,,,,,,,,,,,,,,,,,,,,,,
2017,118,E664738,7,04/15/2017,5:09,15,4,0,33,King,735,1,0,2,2,2,1,0,1,1,,,,43,0,0,145.6,1,0,1,1,2,1,1,0,0,0,0,I-5,,-122.2932694,47.34043889,0,1,6,12,2,60,4,0,0,1,2,25,1,1,5,3,1,1,1,53,0,49,40,1998,0,0,64,43,25,31,,,1,1,22,2,7,2,4,7,20,0,11,0,04/15/2017,5:09,73553018328,18328,0,0,3,2,1,0,0,0,0,96,,,,,,9,,,,,,98465,53,61,131,1,1,0,2,2,6,4,0,,,,,,0,08/15/2012,10/15/2014,1,0,0,0,0,1,1,,,0,0,0,1,1,2,605,0,0,1,0,0,2,1,0.14,,,,,,,,,,,,,,,,,,,,,,,,,,,,,,0,0,1,0,1,1,1,1,1,0,0,0,0,1,0,0,0,0,0,1,0,0,0,1,1,0,0,0,0,1,0,0,0,1,0,,1,0,0,0,0,1,1,1,0,0,0,1,0,0,0,1,,,,,,21-25,16-25,Interstate,U,Saturday,Not Used,PV,Black,0,1,0,0,State Route,State Patrol,Washington State Patrol Headquarter,1,1,0,0,0,thc,1.1,carboxy-thc,8.3,,,,,,,,,,,,,,,,,,,,,,,,,,,,,,,,,,,,,,,
2020,171,EA39593,3,05/23/2020,2:11,23,5,,53,Pierce,2230,1,,3,1,2,1,0,1,1,2:09,2:14,,25,0,0,0.2,5,0,1,3,2,1,3,0,0,0,0,SR-16 RAMP 016P100257,,-122.5063361,47.24591667,0,1,6,12,2,60,4,0,0,1,7,25,2,1,1,6,14,1,1,53,0,34,37,2006,0,,64,25,,,,,1,1,23,1,7,,4,7,20,7,11,0,05/23/2020,2:11,2.23053E+11,24109,0,0,0,3,1,0,,,,96,,,,,,9,,,,,,98465,53,74,220,6,1,0,1,1,0,,0,,,,,,4,10/15/2015,07/15/2016,7,0,0,0,0,1,8,,,0,,,8,1,2,1,,,1,,,2,1,0.12,,,,,,,,,,,,,,,,,,,,,,,,,,,,,,0,0,1,0,1,1,0,1,0,0,0,0,1,0,0,0,0,0,0,1,0,0,0,1,1,0,0,0,0,1,0,0,0,1,0,,1,0,0,0,0,1,0,1,0,1,0,0,0,1,0,1,,,,,,21-25,16-25,State route,U,Saturday,Not Used,PV,White,0,1,0,0,State Route,State Patrol,Washington State Patrol,1,1,0,0,0,,,,,,0,0,0,,,,,,,,,,,98,98,98,1,,,,,20,7,,,,,,,,1,0,,,,,,
2021,72,EB15552,35,03/19/2021,17:05,19,3,,53,Pierce,0,1,,1,1,2,1,0,3,2,,,,12,0,6,1.5,2,0,2,4,2,2,4,0,0,3,3,CR-WOODLAND AVE E,72ND ST E,-122.3364194,47.19138333,0,2,87,66,4,35,14,0,0,1,2,12,1,2,2,1,1,1,1,53,0,49,401,1999,0,,12,,,,,,1,1,63,2,7,,4,7,3,0,11,0,03/19/2021,17:05,53014021,14021,6,0,0,3,1,0,,,,96,,,,,,98,,,,,,98465,53,67,165,6,1,0,0,0,0,,0,,,,,,0,,,20,0,0,0,0,9,8,,,0,,,8,8,2,337,996,996,1,1,1,2,1,0,,,,,,,,,,,,,,,,,,,,,,,,,,,,,,0,0,0,1,1,1,1,1,0,0,0,0,1,1,0,0,0,0,0,0,0,0,0,0,0,0,0,0,0,1,0,0,0,0,0,,1,0,0,0,0,0,1,1,0,0,0,0,0,0,1,0,,,,,,61-65,56-65,County road,U,Friday,Belt Used,PV,White,1,0,0,0,County Road,County Sheriff,Law Enforcement Support Agency,0,0,1,0,0,,,,,,0,0,0,,,,,,,,,,,0,0,0,1,,,,,20,,,,,,,,,1,0,,,PIONEER WAY E,1.45,072 ST E,7.73
2021,308,EB59940,5,08/10/2021,20:31,10,8,,15,Cowlitz,0,1,,1,1,2,1,1,1,1,,,,8,0,0,23.3,1,0,1,1,1,1,1,0,0,0,0,I-5,,-122.7638389,45.93380833,0,1,13,80,5,60,66,1,0,1,5,8,1,1,3,3,1,1,3,18,0,82,881,2020,0,,8,,,,,,1,1,51,1,0,,0,0,3,0,11,0,,,,,6,1,0,3,1,0,,,,96,,,,,,98,,,,,,98465,53,76,300,6,1,0,0,0,0,,0,,,,,,0,,,20,0,0,0,8,9,2,,,0,,,8,8,8,95,,,96,,,8,95,995,,,,,,,,,,,,,,,,,,,,,,,,,,,,,,0,0,0,0,0,0,0,0,0,0,0,0,0,0,0,0,0,0,0,0,0,0,0,0,0,0,0,0,0,0,1,1,0,0,0,,0,0,0,0,0,0,0,0,0,0,0,0,0,0,0,0,,,,,,51-55,46-55,Interstate,R,Tuesday,,MHTRUCK,Not Fatal,0,0,0,0,State Route,State Patrol,Washington State Patrol,0,1,0,0,0,,,,,,0,0,0,,,,,,,,,,,98,98,98,0,,,,,20,,,,,,,,,1,0,,,,,,
2021,310,EB60039,290,08/19/2021,19:56,19,8,,53,Pierce,2230,1,,1,1,2,2,0,10,4,,,,12,0,6,0,2,0,3,1,2,1,1,0,0,3,3,I-5 RAMP,S HOSMER ST,-122.4631722,47.17924444,0,3,98,62,4,35,4,0,0,1,2,12,1,1,5,5,5,3,1,53,0,49,40,1997,0,,12,,,,,,1,1,30,1,0,,0,0,3,0,11,0,,,,,0,0,3,3,1,0,,,,96,,,,,,98,,,,,,98465,53,67,148,6,1,0,0,0,0,,0,,,,,,0,,,20,0,0,0,8,9,8,,,0,,,8,8,8,95,,,96,,,8,95,995,,,,,,,,,,,,,,,,,,,,,,,,,,,,,,0,0,0,1,0,0,1,1,0,0,0,0,1,1,0,0,0,0,1,0,0,0,0,0,0,0,0,0,0,1,0,0,0,0,0,,0,0,0,0,0,0,0,0,0,0,0,0,0,0,0,0,,,,,,26-30,26-35,Interstate,U,Thursday,Belt Used,PV,Not Fatal,1,0,0,0,State Route,Municipal/City Police,Tacoma Police Department,0,1,0,0,0,,,,,,0,0,0,,,,,,,,,,,0,0,0,0,,,,,20,,,,,,,,,1,0,,,,,,
2017,97,E656985,7,03/17/2017,23:16,17,3,0,33,King,1958,2,0,2,2,2,1,0,10,3,,,,12,0,7,150.1,1,0,1,1,2,1,1,0,0,0,0,I-5,,-122.2916222,47.39523611,0,2,45,61,4,60,5,0,0,1,5,12,4,2,5,3,14,4,1,53,0,41,51,2011,0,0,12,,,,,,1,1,44,2,0,0,0,0,3,0,11,0,,,,,0,0,0,3,1,0,0,0,0,0,,,,,,0,,,,,,98466,53,66,160,6,1,0,0,0,0,0,0,,,,,,0,,,20,0,0,0,8,9,8,,,0,0,0,8,0,0,0,0,0,0,0,0,0,0,996,,,,,,,,,,,,,,,,,,,,,,,,,,,,,,0,0,0,0,1,0,1,1,1,0,0,0,0,1,0,0,1,0,0,0,0,1,1,0,1,0,0,0,0,1,0,0,0,0,0,,0,0,0,0,0,0,0,0,0,0,0,0,0,0,0,0,,,,,,41-45,36-45,Interstate,U,Friday,Belt Used,PV,Not Fatal,0,0,0,0,State Route,State Patrol,Washington State Patrol Headquarter,0,1,0,0,0,,,,,,,,,,,,,,,,,,,,,,,,,,,,,,,,,,,,,,,,,,,
2017,336,E706403,290,08/29/2017,15:00,29,8,0,53,Pierce,2230,1,0,1,1,2,1,0,3,3,,,,12,0,2,0,1,0,1,4,2,4,6,0,0,0,0,CENTER ST,,-122.4981583,47.234375,0,1,50,10,2,35,4,0,0,1,5,12,2,3,2,1,14,1,1,53,0,55,35,2005,0,0,68,12,,,,,1,1,44,1,7,1,4,7,20,0,11,0,08/29/2017,15:00,2.23053E+11,37659,0,0,0,2,1,28,0,0,0,92,,,,,,99,,,,,,98466,53,73,165,1,1,0,0,1,1,2,0,,,,,,0,10/15/2016,06/15/2017,1,0,0,0,0,9,8,,,0,0,0,8,9,2,401,417,0,1,1,0,2,1,0,,,,,,,,,,,,,,,,,,,,,,,,,,,,,,0,0,0,0,0,0,1,1,0,0,0,0,0,1,0,0,1,0,0,1,0,0,0,0,0,1,1,0,0,1,0,0,0,1,0,,1,0,0,0,0,0,1,1,1,0,0,1,0,0,1,0,,,,,,41-45,36-45,City street,U,Tuesday,Not Used,PV,White,0,1,1,0,City Street,Municipal/City Police,Tacoma Police Department,0,0,0,1,0,,,,,,,,,,,,,,,,,,,,,,,,,,,,,,,,,,,,,,,,,,,
2017,340,E711224,3,08/31/2017,16:14,31,8,0,53,Pierce,1124,1,0,1,1,2,1,0,8,6,,,,12,0,1,0.5,17,1,1,3,2,1,3,0,0,0,0,SR-512,,-122.4679194,47.16010556,0,2,21,53,3,60,6,0,0,1,2,12,1,1,4,3,5,3,1,53,0,41,54,2011,0,0,12,12,,,,,1,1,30,2,0,0,3,0,3,0,11,4,,,,,0,0,0,3,1,0,0,0,0,0,,,,,,0,,,,,,98466,53,69,165,6,1,0,0,0,0,0,0,,,,,,0,,,1,0,0,0,8,9,8,,,0,0,0,8,0,0,0,0,0,0,0,0,0,0,996,,,,,,,,,,,,,,,,,,,,,,,,,,,,,,0,0,0,0,0,0,0,0,0,0,0,0,1,1,0,0,1,0,0,0,0,0,0,0,0,0,0,0,1,1,1,0,0,0,0,,0,0,0,0,0,0,0,0,0,0,0,0,0,0,0,0,,,,,,26-30,26-35,State route,U,Thursday,Belt Used,PV,Not Fatal,0,0,0,0,State Route,State Patrol,Washington State Patrol Headquarter,0,1,0,0,0,,,,,,,,,,,,,,,,,,,,,,,,,,,,,,,,,,,,,,,,,,,
2018,20,E762683,290,01/19/2018,19:02,19,1,0,53,Pierce,2230,2,0,3,2,2,1,1,2,1,,,,8,0,0,0,1,0,1,4,2,4,6,0,0,0,0,6TH AVE,,-122.5192389,47.25544167,0,1,13,80,5,30,34,0,0,1,5,8,1,1,2,3,1,2,1,53,0,7,482,2014,0,0,8,,,,,,1,1,62,1,0,0,0,0,3,0,11,0,,,,,0,0,3,3,1,0,0,0,0,96,,,,,,0,,,,,,98466,53,72,220,6,1,0,0,2,0,,0,,,,,,0,09/15/2014,08/15/2017,20,0,0,0,8,9,8,,,0,0,0,8,0,8,95,,,96,,,8,95,995,,,,,,,,,,,,,,,,,,,,,,,,,,,,,,0,0,0,0,0,0,0,0,0,0,0,0,0,0,0,0,0,0,0,0,0,0,0,0,0,0,0,0,0,1,0,1,0,0,0,,0,0,0,0,0,0,0,0,0,0,0,0,0,0,0,0,,,,,,61-65,56-65,City street,U,Friday,Belt Used,PV,Not Fatal,0,0,0,0,City Street,Municipal/City Police,Tacoma Police Department,0,0,0,1,0,,,,,,0,0,0,,,,,,,,,,,,,,,,,,,,,,,,,,,,,,,,,,,
2018,157,E800090,290,05/21/2018,11:50,21,5,0,53,Pierce,2230,1,0,1,1,2,1,0,2,2,,,,12,0,6,0,2,0,2,3,1,4,6,0,3,0,0,E 26TH,PORTLAND AVE,-122.4108778,47.24056667,0,1,88,17,2,35,34,0,0,1,5,12,1,1,8,2,1,1,1,53,0,12,481,2012,0,0,12,,,,,,1,1,64,1,0,0,0,0,3,0,11,0,,,,,0,0,0,3,1,38,0,0,0,96,,,,,,0,,,,,,98466,53,69,185,6,1,0,0,1,1,,46,,,,,,0,09/15/2014,05/15/2016,1,0,0,0,8,9,8,,,0,0,0,8,0,8,95,,,96,,,8,95,995,,,,,,,,,,,,,,,,,,,,,,,,,,,,,,0,0,0,1,0,0,0,0,0,0,0,0,0,0,0,0,0,0,1,0,0,0,0,0,0,1,1,1,0,1,0,0,0,0,0,,0,0,0,0,0,0,0,0,0,0,1,0,0,0,0,0,,,,,,61-65,56-65,City street,R,Monday,Belt Used,PV,Not Fatal,1,0,0,0,City Street,Municipal/City Police,Tacoma Police Department,0,0,0,1,0,,,,,,0,0,0,,,,,,,,,,,,,,,,,,,,,,,,,,,,,,,,,,,
2019,69,E901420,290,03/08/2019,13:11,8,3,,53,Pierce,2230,1,0,1,1,2,1,1,1,1,,,,9,0,0,3.8,1,0,1,3,2,1,3,0,3,0,0,SR-509,,-122.3601917,47.25653333,0,1,13,83,5,50,6,0,0,1,7,9,1,1,2,2,1,1,3,53,0,49,46,2015,0,0,9,,,,,,1,1,32,1,0,,0,0,99,7,11,0,,,,,0,0,0,3,1,0,0,0,0,96,,,,,,0,,,,,,98466,53,71,200,6,1,0,0,2,0,,0,,,,,,0,05/15/2014,09/15/2016,20,0,0,0,8,9,8,,,0,0,0,8,0,8,95,,,96,,,8,95,995,,,,,,,,,,,,,,,,,,,,,,,,,,,,,,0,0,0,0,0,0,0,0,0,1,0,1,0,0,0,0,0,1,0,0,0,0,0,0,0,0,0,0,0,1,0,0,1,0,0,,0,0,0,0,0,0,0,0,0,0,0,0,0,0,0,0,,,,,,31-35,26-35,State route,U,Friday,Unknown,PV,Not Fatal,0,0,0,0,State Route,Municipal/City Police,Tacoma Police Department,0,1,0,0,0,,,,,,0,0,0,,,,,,,,,,,98,98,98,0,,,,,20,7,,,,,,,,,,,,,,,
2019,230,E940384,35,07/14/2019,23:26,14,7,,53,Pierce,0,1,0,3,1,2,1,0,2,2,,,,12,0,2,10.4,1,0,1,4,2,2,4,0,0,0,0,CR-CANYON RD E,,-122.3570861,47.10069167,0,2,51,54,3,40,6,0,0,1,7,12,1,1,5,5,1,1,2,53,0,48,45,2006,0,0,12,,,,,,1,1,23,2,0,,0,0,3,0,11,0,,,,,0,0,0,3,1,10,0,0,0,96,,,,,,0,,,,,,98466,53,64,127,6,1,0,0,0,1,,0,,,,,,0,02/15/2015,02/15/2015,1,0,0,0,8,9,8,,,0,0,0,8,0,8,95,,,96,,,8,95,995,,,,,,,,,,,,,,,,,,,,,,,,,,,,,,0,0,0,0,1,1,0,1,0,0,0,0,0,0,0,0,0,0,0,0,0,0,0,1,1,0,0,0,1,1,0,0,0,0,0,,0,0,0,0,0,0,0,0,0,0,0,0,0,0,0,0,,,,,,21-25,16-25,County road,U,Sunday,Belt Used,PV,Not Fatal,0,1,1,0,County Road,County Sheriff,Law Enforcement Support Agency,0,0,1,0,0,,,,,,0,0,0,,,,,,,,,,,98,98,98,0,,,,,20,7,,,,,,,,,,,,,,,
2019,403,E981543,35,11/12/2019,20:27,12,11,,53,Pierce,0,2,0,2,2,2,1,0,2,1,,,,40,0,0,0.8,1,0,1,5,2,2,4,0,3,0,0,CR-PIONEER WAY E,,-122.3384389,47.19317222,0,1,2,6,1,35,4,0,0,1,7,40,2,1,2,1,14,2,2,53,0,63,33,2007,0,0,63,40,41,,,,1,1,62,2,1,,4,7,3,0,11,0,11/12/2019,20:27,53050520,50520,0,0,0,2,1,0,0,0,0,96,,,,,,0,,,,,,98466,53,62,150,1,1,0,0,0,0,,0,,,,,,4,,,20,0,0,0,0,9,8,,,0,0,0,8,0,2,996,996,401,1,1,1,2,1,0,,,,,,,,,,,,,,,,,,,,,,,,,,,,,,0,0,0,0,0,0,1,1,0,0,0,0,1,1,0,0,0,0,0,0,0,0,0,0,0,0,0,0,0,1,0,0,0,0,0,,1,0,0,0,0,0,1,1,0,1,0,1,0,0,1,0,,,,,,61-65,56-65,County road,U,Tuesday,Belt Used,PV,Hispanic,0,1,0,0,County Road,County Sheriff,Law Enforcement Support Agency,1,0,1,0,0,,,,,,0,0,0,1,,,,,417,,,,,98,98,98,1,,,,,20,7,,,,,,,,,,,,,,,
2020,70,EA25184,206,01/06/2020,7:42,6,1,,61,Snohomish,1407,10,,1,1,2,1,0,1,1,,,,30,0,0,0,1,0,1,4,2,4,6,0,0,0,0,44TH AVE W,,-122.2923194,47.79980556,0,1,6,8,1,30,14,0,0,1,2,2,1,1,4,1,1,1,2,53,0,35,401,2008,0,,68,64,30,38,39,19,1,1,27,2,7,,4,7,99,7,11,0,01/06/2020,7:42,1.40753E+11,2936,0,0,0,2,1,0,,,,0,,,,,,1,,,,,,98466,53,64,115,1,1,0,0,2,0,,0,,,,,,0,07/15/2018,02/15/2019,99,0,0,0,0,9,8,,,0,,,8,8,2,695,605,,1,1,,2,1,0,,,,,,,,,,,,,,,,,,,,,,,,,,,,,,0,0,1,0,0,0,1,1,1,0,0,0,0,1,0,0,0,0,0,0,0,0,0,0,0,0,0,0,0,1,0,0,0,0,0,,1,0,0,0,0,0,1,1,0,0,0,1,0,0,1,0,,,,,,26-30,26-35,City street,U,Monday,Unknown,PV,Multiracial,0,1,0,0,City Street,Municipal/City Police,Mountlake Terrace Police Department,1,0,0,1,0,thc,41,carboxy-thc,160,,0,0,1,,,,,,,,,,,98,98,98,201,203,,,,20,7,,,,,,,nms,1,0,,,,,,
2020,351,EA63845,303,09/08/2020,17:15,8,9,,53,Pierce,2337,1,,1,1,2,1,0,1,1,,,,33,0,0,0,1,0,1,4,2,4,6,0,0,0,0,64TH ST W/CHAMBERS CREEK RD W,,-122.5674667,47.19893889,0,1,1,13,2,30,80,0,0,1,5,1,3,1,2,1,14,1,2,53,0,53,706,2018,0,,63,33,1,,,,1,1,33,1,7,,4,7,20,7,11,0,09/08/2020,17:15,2.33753E+11,42784,0,0,3,2,1,0,,,,96,,,,,,98,,,,,,98466,53,65,150,1,1,2,2,1,2,,0,,,,,,3,12/15/2015,12/15/2016,20,8,0,0,0,1,8,,,0,,,1,1,2,695,605,996,1,1,1,2,1,0.163,,,,,,,,,,,,,,,,,,,,,,,,,,,,,,0,0,1,0,1,1,1,1,1,0,0,0,1,1,1,0,0,0,0,0,0,0,0,0,0,0,0,0,1,0,0,0,0,0,1,0,0,0,0,0,0,1,1,1,0,1,0,1,0,0,0,1,,,,,,31-35,26-35,City street,U,Tuesday,,MC,White,0,0,0,0,City Street,Municipal/City Police,University Place Police Department,0,0,0,1,0,thc,17,carboxy-thc,160,,0,1,3,,,,,,,,,,,0,0,0,1,,,,,19,0,,,,,,,nms,1,0,,,,,,
2021,75,EB17222,303,03/27/2021,19:40,27,3,,53,Pierce,2337,1,,5,1,2,1,0,2,2,,,,12,0,6,0,2,0,3,3,2,4,6,0,0,3,3,BRIDGEPORT WAY W,67th Ave W,-122.5274889,47.19933333,0,1,69,17,2,35,80,0,0,1,2,12,1,2,4,1,1,1,1,53,0,73,705,2006,0,,12,,,,,,1,1,26,1,7,,4,8,20,7,11,5,03/27/2021,20:11,2.23053E+11,15210,6,0,0,2,1,0,,,,96,,,,,,98,,,,,,98466,53,68,180,6,1,0,0,0,1,,0,,,,,,3,02/15/2017,02/15/2017,20,8,0,0,0,9,8,,,0,,,8,8,8,95,,,96,,,8,95,995,,,,,,,,,,,,,,,,,,,,,,,,,,,,,,0,0,0,1,0,0,0,0,0,0,0,0,1,0,1,0,0,0,0,0,0,0,0,0,0,0,0,0,1,1,0,0,0,0,1,0,0,0,0,0,0,0,0,0,0,1,0,0,0,0,0,0,,,,,,26-30,26-35,City street,U,Saturday,,MC,White,1,0,0,0,City Street,Municipal/City Police,University Place Police Department,0,0,0,1,0,,,,,,0,0,0,,,,,,,,,,,0,0,0,1,,,,,98,,,,,,,,,1,0,,,,,,