year,case,par,repjur,crash_dt,crash_tm,accday,accmon,holiday,county,co_char,city,weather,weather2,lightcond,surfcond,surftype,numfatal,nmforms,pforms,vforms,not_tm,arr_tm,hosp_tm,fhevent,hitrun,manncol,milepnt,reljunc,reljuncinter,intersectiontype,funcsystem,landuse,ownership,route,schlbus,spejur,contdev,devfunc,trafid1,trafid2,x,y,wk_zone,vnumber,crashtype,criticalevent,criticaleventcat,spdlim,body,trailer,emerg,hazcargo,leave,mhevent,roadalgn,roadprof,traflane,trafflow,vehmanvr,numoccs,regowner,regstate,spuse,make,model,modelyr,vrf1,vrf2,seqevent1,seqevent2,seqevent3,seqevent4,seqevent5,seqevent6,pnumber,ptype,age,sex,hispanic,race,injury,diedscene,restraint,restraintmisuse,seatpos,takehosp,death_dt,death_tm,cert,cernum_wa,commlic,licendor,licrestrict,liccomp,drivpres,drf1,drf2,drf3,drf4,distract1,distract2,distract3,distract4,distract5,distract6,dricond1,dricond2,dricond3,dricond4,dricond5,dricond6,dzip,licstate,drhgt_in,weight,noncdl,noncdltype,prevdwi,prevoth,prevacc,prevspd,prevsus,driviol1,driviol2,driviol3,driviol4,driviol5,driviol6,spdrel,first_dt,last_dt,airbag,ejection,ejectpath,extricat,injurwrk,methalc,methdrug,nmlocat,strikveh,prf1,prf2,prf3,druginv,alcinvol,drugsts,drugres1,drugres2,drugres3,drugtst1,drugtst2,drugtst3,alcsts,alctst,alcres,nmact1,nmact2,nmact3,nmact4,nmact5,nmact6,nmprior1,nmprior2,nmprior3,nmprior4,nmprior5,nmprior6,nmcond1,nmcond2,nmcond3,nmcond4,nmcond5,nmcond6,nmsafe_helmet,nmsafe_pads,nmsafe_oth,nmprev_ref,nmprev_lgt,nmprev_oth,crashlocation,nmcrashtype,crosswalk,schoolzone,sidewalk,train_inv,wildlife_inv,rotr_fars,intersect_fars,dd_inv,aid_inv,dpd_inv,id_inv,mj_inv,impnm_inv,ainm_inv,dpnm_inv,speed_inv,unlic_inv,unendmc_inv,drowsy_inv,drdist_inv,nmdist_inv,fty_inv,unrestfat_inv,dr1617_inv,dr1820_inv,dr1620_inv,dr2125_inv,dr1625_inv,dr65_inv,dr70_inv,dr75_inv,mc_inv,pv_inv,ht_inv,ped_inv,bike_inv,unrest_fat,mc_fat,unhelmet_mc,pv_fat,ht_fat,ped_fat,bike_fat,dr_alc7,dr_alc8,dr_drug,dr_imp,dr_dist,dr_spd,dr_fty,dr_unlic,dr_alc7only,dr_alc8only,dr_drugonly,dr_drink,nm_imp,nm_alc7,nm_alc8,nm_drug,nm_dist,agegrp1,agegrp2,roadclass,urbrur,dayweek,restuse,vehtype,race_me,intersect,lanedep,oppdir,wrongway,rep_typ,investag,repag_long,rotr,st_rd,cty_rd,city_rd,oth_rd,drug_thc,thc_res,drug_cthc,cthc_res,drug_cann,prevpersemin,prevperse,prevsusoth,drugtst4,drugtst5,drugtst6,drugtst7,drugtst8,drugres4,drugres5,drugres6,drugres7,drugres8,adspresent,adsengaged,adslevel,race1,race2,race3,race4,race5,helmet,helmetmisuse,nmdistract1,nmdistract2,nmdistract3,nmdistract4,nmdistract5,nmdistract6,lab,isedtcase,crf1,crf2,crf3,CoRoadName,CoMP,IntCoRoadName,IntCoMP
2021,310,EB60039,290,08/19/2021,19:56,19,8,,53,Pierce,2230,1,,1,1,2,2,0,10,4,,,,12,0,6,0,2,0,3,1,2,1,1,0,0,3,3,I-5 RAMP,S HOSMER ST,-122.4631722,47.17924444,0,1,83,17,2,35,4,0,0,1,2,12,1,1,5,5,6,2,2,53,0,37,31,1999,0,,12,12,12,,,,1,1,44,1,7,,4,7,99,7,11,0,08/19/2021,19:56,2.23053E+11,42392,0,0,0,2,1,38,,,,96,,,,,,98,,,,,,98466,53,72,190,1,1,0,0,0,0,,0,,,,,,4,,,1,0,0,0,0,9,8,,,0,,,8,8,2,177,401,417,1,1,1,2,1,0,,,,,,,,,,,,,,,,,,,,,,,,,,,,,,0,0,0,1,0,0,1,1,0,0,0,0,1,1,0,0,0,0,1,0,0,0,0,0,0,0,0,0,0,1,0,0,0,0,0,,1,0,0,0,0,0,1,1,0,1,1,1,0,0,1,0,,,,,,41-45,36-45,Interstate,U,Thursday,Unknown,PV,White,1,0,0,0,State Route,Municipal/City Police,Tacoma Police Department,0,1,0,0,0,,,,,,0,0,0,1,1,,,,151,996,,,,0,0,0,1,,,,,20,,,,,,,,,1,0,,,,,,
2021,310,EB60039,290,08/19/2021,19:56,19,8,,53,Pierce,2230,1,,1,1,2,2,0,10,4,,,,12,0,6,0,2,0,3,1,2,1,1,0,0,3,3,I-5 RAMP,S HOSMER ST,-122.4631722,47.17924444,0,2,82,66,4,30,4,0,0,1,2,12,1,1,2,6,11,4,2,53,0,32,42,2014,0,,12,,,,,,1,1,35,1,0,,1,0,3,0,11,0,,,,,0,0,0,2,1,0,,,,96,,,,,,98,,,,,,98466,53,73,150,4,1,0,0,0,0,,0,,,,,,0,,,1,0,0,0,8,9,8,,,0,,,8,8,8,95,,,96,,,8,95,995,,,,,,,,,,,,,,,,,,,,,,,,,,,,,,0,0,0,1,0,0,1,1,0,0,0,0,1,1,0,0,0,0,1,0,0,0,0,0,0,0,0,0,0,1,0,0,0,0,0,,0,0,0,0,0,0,0,0,0,0,0,1,0,0,0,0,,,,,,31-35,26-35,Interstate,U,Thursday,Belt Used,PV,Not Fatal,1,0,0,0,State Route,Municipal/City Police,Tacoma Police Department,0,1,0,0,0,,,,,,0,0,0,,,,,,,,,,,98,98,98,0,,,,,20,,,,,,,,,1,0,,,,,,
2021,458,EB86194,290,11/05/2021,21:35,5,11,,53,Pierce,2230,1,,3,2,2,1,0,2,2,,,,12,0,6,,2,0,3,3,2,4,6,0,0,3,3,S ORCHARD ST,Emerson St,-122.5051583,47.22106667,0,2,82,66,4,35,5,0,0,1,2,12,1,2,4,1,11,1,1,53,0,49,51,2010,0,,12,,,,,,1,1,35,2,0,,1,0,3,0,11,0,,,,,0,0,3,3,1,0,,,,96,,,,,,0,,,,,,98466,53,66,200,6,1,0,0,0,0,,0,,,,,,0,,,8,0,0,0,8,9,8,,,0,,,8,8,8,95,,,96,,,8,95,995,,,,,,,,,,,,,,,,,,,,,,,,,,,,,,0,0,0,1,0,0,0,0,0,0,0,0,1,0,0,0,0,0,0,0,0,0,0,0,0,0,0,0,1,1,0,0,0,0,0,,0,0,0,0,0,0,0,0,0,0,0,0,0,0,0,0,,,,,,31-35,26-35,City street,U,Friday,Belt Used,PV,Not Fatal,1,0,0,0,City Street,Municipal/City Police,Tacoma Police Department,0,0,0,1,0,,,,,,0,0,0,,,,,,,,,,,98,98,98,0,,,,,20,,,,,,,,,1,0,,,,,,
2021,628,EC01621,290,12/17/2021,16:45,17,12,,53,Pierce,2230,2,,3,2,2,1,0,5,3,,,,12,0,6,,2,0,2,3,2,4,6,0,0,20,3,S ORCHARD ST,48th St W,-122.5052333,47.21381111,0,1,83,17,2,30,80,0,0,1,2,12,1,2,5,5,1,1,5,53,0,37,706,2008,0,,12,12,,,,,1,1,47,1,7,,4,0,20,7,11,0,12/20/2021,9:02,1.96053E+11,68591,0,0,0,0,1,0,,,,96,,,,,,98,,,,,,98466,53,72,260,0,0,0,0,0,0,,0,,,,,,3,,,20,8,0,0,0,9,8,,,0,,,8,8,8,95,,,96,,,8,95,995,,,,,,,,,,,,,,,,,,,,,,,,,,,,,,0,0,0,1,0,0,0,0,0,0,0,0,1,1,1,0,0,0,0,0,0,0,0,0,0,0,0,0,1,1,0,0,0,0,1,0,0,0,0,0,0,0,0,0,0,1,0,1,0,0,0,0,,,,,,46-50,46-55,City street,U,Friday,,MC,White,1,0,0,0,City Street,Municipal/City Police,Tacoma Police Department,0,0,0,1,0,,,,,,0,0,0,,,,,,,,,,,0,0,0,1,,,,,99,,,,,,,,,1,0,,,,,,
2021,546,EC04851,3,12/24/2021,19:18,24,12,,53,Pierce,0,2,,3,2,1,1,0,5,3,,,,12,0,6,36.1,2,0,2,4,1,1,3,0,0,3,3,SR-7,SR-702,-122.3573917,46.93663889,0,1,86,17,2,50,34,0,0,1,2,12,1,1,2,1,1,1,1,53,0,12,471,1997,0,,12,,,,,,1,1,21,1,0,,2,0,20,7,11,0,,,,,0,0,0,2,1,39,,,,96,,,,,,9,,,,,,98466,53,70,155,1,1,0,2,2,1,,12,,,,,,0,04/15/2018,07/15/2021,20,0,0,0,8,9,8,,,0,,,1,1,2,695,605,,1,1,,2,1,0.13,,,,,,,,,,,,,,,,,,,,,,,,,,,,,,0,0,0,1,1,1,1,1,1,0,0,0,0,1,0,0,0,0,0,0,0,0,0,1,1,0,0,0,0,1,0,0,0,0,0,,0,0,0,0,0,1,1,1,0,0,0,1,0,0,0,1,,,,,,21-25,16-25,State route,R,Friday,Not Used,PV,Not Fatal,1,0,0,0,State Route,State Patrol,Washington State Patrol,0,1,0,0,0,thc,11,carboxy-thc,85,,0,0,0,,,,,,,,,,,0,0,0,0,,,,,20,,,,,,,,,1,0,,,,,,
2018,359,E839859,173,09/19/2018,17:58,19,9,0,53,Pierce,1124,1,0,1,1,2,1,0,6,2,,,,12,0,6,0,8,0,1,3,2,4,6,0,0,0,0,LAKEWOOD DR SW,,-122.5086056,47.18325278,0,1,68,15,2,20,4,0,0,1,7,12,1,1,4,1,11,5,2,53,0,37,32,2001,0,0,12,,,,,,1,1,18,2,0,0,0,0,3,0,11,0,,,,,0,0,0,3,1,38,0,0,0,96,,,,,,0,,,,,,98467,53,64,130,6,7,0,0,0,0,,97,,,,,,0,,,20,0,0,0,8,9,8,,,0,0,0,8,0,8,95,,,96,,,8,95,995,,,,,,,,,,,,,,,,,,,,,,,,,,,,,,0,0,0,0,0,0,0,0,0,0,0,0,0,0,0,0,0,0,1,0,0,1,1,1,1,0,0,0,0,1,0,0,0,0,0,,0,0,0,0,0,0,0,0,0,0,1,0,0,0,0,0,,,,,,18-20,16-25,City street,U,Wednesday,Belt Used,PV,Not Fatal,0,0,0,0,City Street,Municipal/City Police,Lakewood Police Department,0,0,0,1,0,,,,,,0,0,0,,,,,,,,,,,,,,,,,,,,,,,,,,,,,,,,,,,
2019,374,E974167,290,10/22/2019,12:20,22,10,,53,Pierce,2230,10,0,1,2,2,1,0,4,2,,,,12,0,2,0,1,0,1,7,2,4,6,0,3,0,0,NORPOINT WAY NE,,-122.3709639,47.272125,0,2,51,62,4,40,21,0,0,1,7,12,2,2,3,2,14,1,1,53,0,12,461,2008,0,0,12,,,,,,1,1,79,2,0,,1,0,3,0,11,8,,,,,0,0,0,3,1,0,0,0,0,96,,,,,,0,,,,,,98467,53,61,124,6,1,0,0,0,0,,0,,,,,,0,,,8,0,0,0,8,9,8,,,0,0,0,8,0,8,95,,,96,,,8,95,995,,,,,,,,,,,,,,,,,,,,,,,,,,,,,,0,0,0,0,1,0,1,1,1,0,0,0,0,0,0,0,0,0,0,0,0,0,0,0,0,1,1,1,0,1,0,0,0,0,0,,0,0,0,0,0,0,0,0,0,0,0,0,0,0,0,0,,,,,,76-80,76+,City street,U,Tuesday,Belt Used,PV,Not Fatal,0,1,1,0,City Street,Municipal/City Police,Tacoma Police Department,0,0,0,1,0,,,,,,0,0,0,,,,,,,,,,,98,98,98,0,,,,,20,7,,,,,,,,,,,,,,,
2020,336,EA61472,3,09/04/2020,23:21,4,9,,53,Pierce,1124,1,,3,1,2,1,1,2,2,23:21,23:26,,8,0,0,0.6,1,0,1,3,2,1,3,0,0,0,0,SR-512,,-122.4686056,47.16041944,0,2,98,80,5,45,14,0,0,1,5,8,1,1,4,3,1,1,1,53,0,48,401,2017,0,,8,,,,,,1,1,74,2,0,,0,0,99,7,11,0,,,,,0,0,0,3,1,0,,,,96,,,,,,98,,,,,,98467,53,64,150,6,1,0,0,0,0,,0,,,,,,0,,,20,0,0,0,8,9,8,,,0,,,8,8,0,0,,,0,,,0,0,996,,,,,,,,,,,,,,,,,,,,,,,,,,,,,,0,0,0,0,0,0,0,0,0,1,0,1,0,0,0,0,0,0,0,0,0,0,0,0,0,1,1,0,0,1,0,1,0,0,0,,0,0,0,0,0,0,0,0,0,0,0,0,0,0,0,0,,,,,,71-75,66-75,State route,U,Friday,Unknown,PV,Not Fatal,0,0,0,0,State Route,State Patrol,Washington State Patrol,0,1,0,0,0,,,,,,0,0,0,,,,,,,,,,,98,98,98,0,,,,,20,7,,,,,,,,1,0,,,,,,
2021,254,EB52442,35,07/27/2021,19:58,27,7,,53,Pierce,0,1,,5,1,2,1,0,3,2,,,,12,0,6,2.2,2,0,3,3,2,2,4,0,0,20,3,CR-LAKEWOOD DR W,68TH ST W,-122.5086972,47.19619722,0,2,82,15,2,40,4,0,0,1,5,12,1,1,2,1,11,2,1,53,0,41,51,2017,0,,12,,,,,,1,1,25,1,0,,1,0,3,0,11,0,,,,,6,0,0,3,1,0,,,,96,,,,,,98,,,,,,98467,53,63,165,6,1,0,1,1,1,,0,,,,,,0,07/15/2018,10/15/2020,8,0,0,0,8,9,8,,,0,,,8,8,8,95,,,96,,,8,95,995,,,,,,,,,,,,,,,,,,,,,,,,,,,,,,0,0,0,1,1,0,1,1,1,0,0,0,0,0,1,0,0,0,0,0,0,0,0,1,1,0,0,0,1,1,0,0,0,0,0,,0,0,0,0,0,0,0,0,0,0,0,0,0,0,0,0,,,,,,21-25,16-25,County road,U,Tuesday,Belt Used,PV,Not Fatal,1,0,0,0,County Road,County Sheriff,Law Enforcement Support Agency,0,0,1,0,0,,,,,,0,0,1,,,,,,,,,,,98,98,98,0,,,,,20,,,,,,,,,1,0,,,LAKEWOOD DR W,2.21,068 ST W,0
2021,628,EC01621,290,12/17/2021,16:45,17,12,,53,Pierce,2230,2,,3,2,2,1,0,5,3,,,,12,0,6,,2,0,2,3,2,4,6,0,0,20,3,S ORCHARD ST,48th St W,-122.5052333,47.21381111,0,3,98,62,4,30,15,0,0,1,2,12,1,2,5,5,1,3,1,53,0,2,422,2020,0,,12,,,,,,1,1,44,2,0,,0,0,3,0,11,0,,,,,0,0,0,3,1,0,,,,96,,,,,,0,,,,,,98467,53,64,150,6,1,0,0,0,0,,0,,,,,,0,,,8,0,0,0,8,9,8,,,0,,,8,8,8,95,,,96,,,8,95,995,,,,,,,,,,,,,,,,,,,,,,,,,,,,,,0,0,0,1,0,0,0,0,0,0,0,0,1,1,1,0,0,0,0,0,0,0,0,0,0,0,0,0,1,1,0,0,0,0,0,,0,0,0,0,0,0,0,0,0,0,0,0,0,0,0,0,,,,,,41-45,36-45,City street,U,Friday,Belt Used,PV,Not Fatal,1,0,0,0,City Street,Municipal/City Police,Tacoma Police Department,0,0,0,1,0,,,,,,0,0,0,,,,,,,,,,,98,98,98,0,,,,,20,,,,,,,,,1,0,,,,,,
2018,83,E788400,7,03/16/2018,1:50,16,3,0,33,King,735,10,0,3,1,2,1,0,2,2,,,,14,0,0,140.9,1,0,1,1,2,1,1,0,0,0,0,I-5,,-122.3146889,47.27326389,0,1,11,13,2,60,4,0,0,1,2,14,1,1,5,3,1,1,1,53,0,63,32,2007,0,0,63,14,,,,,1,1,24,1,1,98,4,7,3,0,11,0,03/16/2018,1:50,73553012700,12700,0,0,0,3,1,0,0,0,0,92,,,,,,99,,,,,,98498,53,69,200,6,1,0,2,0,1,,0,,,,,,0,07/15/2013,02/15/2018,8,0,0,0,0,9,8,,,0,0,0,8,9,2,1,,,1,,,2,1,0.12,,,,,,,,,,,,,,,,,,,,,,,,,,,,,,0,0,0,0,1,1,0,1,0,0,0,0,0,0,0,0,1,0,0,0,0,0,0,1,1,0,0,0,0,1,1,0,0,0,0,,1,0,0,0,0,1,0,1,1,0,0,0,0,1,0,1,,,,,,21-25,16-25,Interstate,U,Friday,Belt Used,PV,Hispanic,0,1,0,0,State Route,State Patrol,Washington State Patrol Headquarter,1,1,0,0,0,,,,,,0,0,0,,,,,,,,,,,,,,,,,,,,,,,,,,,,,,,,,,,
2019,192,E919375,173,05/11/2019,20:40,11,5,,53,Pierce,1124,1,0,1,1,2,1,0,2,1,,,,1,0,0,0,1,0,1,5,2,4,6,0,0,0,0,DURANGO ST SW,,-122.4874861,47.18309444,0,1,6,12,2,35,2,0,0,1,7,1,1,1,2,1,1,2,1,53,0,35,48,2007,0,0,68,64,1,19,,,1,1,20,1,7,,4,0,99,7,11,5,05/17/2019,16:23,2.23053E+11,23274,0,0,3,3,1,0,0,0,0,96,,,,,,99,,,,,,98498,53,67,140,6,1,0,0,1,0,,0,,,,,,4,03/15/2019,03/15/2019,8,0,0,0,0,9,8,,,0,0,0,8,9,8,95,,,96,,,8,95,995,,,,,,,,,,,,,,,,,,,,,,,,,,,,,,0,0,1,0,0,0,0,0,0,0,0,0,1,0,0,0,0,0,0,0,0,1,1,0,1,0,0,0,0,1,0,0,0,0,0,,1,0,0,0,0,0,0,0,0,1,0,0,0,0,0,0,,,,,,18-20,16-25,City street,U,Saturday,Unknown,PV,API,0,1,0,0,City Street,Municipal/City Police,Lakewood Police Department,1,0,0,1,0,,,,,,0,0,0,,,,,,,,,,,98,98,98,7,,,,,20,7,,,,,,,,,,,,,,,
2020,350,EA63827,3,08/19/2020,15:16,19,8,,53,Pierce,0,10,,1,1,2,1,0,6,4,15:14,15:24,16:02,12,0,2,47,1,0,1,3,2,1,3,0,0,0,0,SR-7,,-122.4300917,47.07997222,0,2,98,98,7,40,14,0,0,1,2,12,1,1,5,5,1,1,1,53,0,2,403,2014,0,,12,,,,,,1,1,48,1,0,,0,0,3,0,11,0,,,,,0,0,0,3,1,0,,,,96,,,,,,98,,,,,,98498,53,69,250,6,1,0,0,1,0,,0,,,,,,0,06/15/2017,06/15/2017,8,0,0,0,8,9,8,,,0,,,8,8,8,95,,,96,,,8,95,995,,,,,,,,,,,,,,,,,,,,,,,,,,,,,,0,0,0,0,1,0,1,1,1,0,0,0,0,1,0,0,0,0,0,0,0,0,0,0,0,1,1,1,0,1,0,0,0,0,0,,0,0,0,0,0,0,0,0,0,0,0,0,0,0,0,0,,,,,,46-50,46-55,State route,U,Wednesday,Belt Used,PV,Not Fatal,0,1,1,0,State Route,State Patrol,Washington State Patrol,0,1,0,0,0,,,,,,0,0,0,,,,,,,,,,,98,98,98,0,,,,,20,7,,,,,,,,1,0,,,,,,
2021,68,EB14232,3,03/05/2021,22:22,5,3,,53,Pierce,1124,10,,3,1,1,1,0,2,2,,,,12,0,1,128.4,1,0,1,1,2,1,1,0,0,0,0,I-5,,-122.4697194,47.17320556,0,2,25,53,3,60,52,0,0,1,5,12,4,1,4,3,14,1,3,53,3,92,988,2012,0,,12,,,,,,1,1,37,1,0,,0,0,3,0,11,0,,,,,6,3,0,3,1,0,,,,96,,,,,,98,,,,,,98498,53,69,220,6,1,0,0,1,0,,0,,,,,,0,04/15/2018,04/15/2018,20,0,0,0,8,9,8,,,0,,,8,8,0,0,,,0,,,0,0,996,,,,,,,,,,,,,,,,,,,,,,,,,,,,,,0,0,0,0,1,1,0,1,0,0,0,0,1,0,0,0,0,0,0,1,0,0,0,0,0,0,0,0,0,1,0,0,0,0,0,,0,0,0,0,0,0,0,0,0,0,0,0,0,0,0,0,,,,,,36-40,36-45,Interstate,U,Friday,,BUS,Not Fatal,0,0,0,0,State Route,State Patrol,Washington State Patrol,0,1,0,0,0,,,,,,0,0,0,,,,,,,,,,,98,98,98,0,,,,,20,,,,,,,,,1,0,,,,,,
2021,151,EB33553,3,05/07/2021,3:48,7,5,,53,Pierce,1350,1,,3,1,2,1,1,4,2,,,,8,0,0,139.3,1,0,1,1,2,1,1,0,0,0,0,I-5,,-122.3313667,47.25476944,0,2,98,80,5,60,4,0,0,1,5,8,1,1,5,3,1,2,1,53,0,34,34,2008,0,,8,,,,,,1,1,44,2,0,,0,0,3,0,11,0,,,,,0,0,0,3,1,10,,,,0,,,,,,98,,,,,,98498,53,68,155,6,1,0,0,1,1,,0,,,,,,0,05/15/2017,05/15/2020,20,0,0,0,8,9,8,,,0,,,8,8,0,0,,,0,,,0,0,996,,,,,,,,,,,,,,,,,,,,,,,,,,,,,,0,0,0,0,0,0,0,0,0,0,0,0,0,0,0,0,0,0,0,0,0,0,0,0,0,0,0,0,0,1,0,1,0,0,0,,0,0,0,0,0,0,0,0,0,0,0,0,0,0,0,0,,,,,,41-45,36-45,Interstate,U,Friday,Belt Used,PV,Not Fatal,0,0,0,0,State Route,State Patrol,Washington State Patrol,0,1,0,0,0,,,,,,0,0,0,,,,,,,,,,,98,98,98,0,,,,,20,,,,,,,,,1,0,,,,,,
2021,207,EB45515,290,07/04/2021,13:48,4,7,,53,Pierce,2230,1,,1,1,2,1,0,2,2,,,,12,0,6,0,2,0,3,3,2,1,6,0,0,0,0,S HOSMER,S 82ND ST,-122.4632111,47.18285278,0,2,83,67,4,35,80,0,0,1,5,12,1,1,5,5,1,1,1,53,0,53,706,2020,0,,12,,,,,,1,1,42,1,7,,4,7,20,7,11,0,07/04/2021,13:48,2.23053E+11,32296,0,0,0,2,1,0,,,,96,,,,,,98,,,,,,98498,53,68,163,1,1,1,2,0,1,,0,,,,,,0,06/15/2017,12/15/2021,20,8,0,0,0,9,8,,,0,,,8,8,2,695,605,,1,1,,2,1,0,,,,,,,,,,,,,,,,,,,,,,,,,,,,,,0,0,0,1,0,0,1,1,1,0,0,0,0,1,1,0,0,0,0,0,0,0,0,0,0,0,0,0,1,1,0,0,0,0,1,0,0,0,0,0,0,0,1,1,0,0,0,1,0,0,1,0,,,,,,41-45,36-45,City street,U,Sunday,,MC,Black,1,0,0,0,State Route,Municipal/City Police,Tacoma Police Department,0,1,0,0,0,thc,8.4,carboxy-thc,12,,0,1,0,,,,,,,,,,,0,0,0,2,,,,,5,,,,,,,,nms,1,0,,,,,,
2021,284,EB55918,290,08/07/2021,23:32,7,8,,53,Pierce,2230,1,,3,1,2,2,0,5,2,,,,12,0,6,0,2,0,2,3,2,4,6,0,0,3,3,S 72ND ST,S Yakima Ave,-122.4432528,47.19190556,0,1,86,17,2,35,4,0,0,1,2,12,1,2,5,1,1,3,1,53,0,35,47,2017,0,,12,63,38,,,,1,1,21,1,0,,1,0,3,0,11,5,,,,,0,0,0,0,1,38,,,,96,,,,,,9,,,,,,98498,53,,999,0,0,0,0,0,0,,1,12,,,,,0,,,1,0,0,0,8,9,8,,,0,,,8,1,2,695,605,,1,1,,2,1,0,,,,,,,,,,,,,,,,,,,,,,,,,,,,,,0,0,0,1,1,0,1,1,1,0,0,0,0,1,0,0,0,0,1,0,0,0,0,1,1,0,0,0,0,1,0,0,0,0,0,,0,0,0,0,0,0,1,1,0,0,1,1,0,0,1,1,,,,,,21-25,16-25,City street,U,Saturday,Belt Used,PV,Not Fatal,1,0,0,0,City Street,Municipal/City Police,Tacoma Police Department,0,0,0,1,0,thc,11,carboxy-thc,54,,0,0,0,,,,,,,,,,,98,98,98,0,,,,,20,,,,,,,,,1,0,,,,,,
2017,145,E672920,3,05/15/2017,1:10,15,5,0,53,Pierce,1124,1,0,3,1,2,1,0,2,2,,,,12,0,1,124.5,1,0,1,1,2,1,1,0,0,0,0,I-5,,-122.5351028,47.13171389,0,1,21,18,2,60,4,0,0,1,2,12,1,1,4,3,7,1,2,53,0,49,40,2000,0,0,12,63,24,,,,1,1,27,1,4,98,4,7,3,0,11,0,05/15/2017,1:10,1.12453E+11,23317,0,0,0,3,1,0,0,0,0,96,,,,,,9,,,,,,98499,53,60,135,6,1,1,0,0,0,0,0,,,,,,0,10/15/2014,10/15/2014,20,0,0,0,0,1,8,,,0,0,0,8,1,2,1,0,0,1,0,0,2,1,0.18,,,,,,,,,,,,,,,,,,,,,,,,,,,,,,0,0,0,0,1,1,0,1,0,0,0,0,0,0,0,0,0,0,0,0,0,0,0,0,0,0,0,0,0,1,1,0,0,0,0,,1,0,0,0,0,1,0,1,0,0,0,0,0,1,0,1,,,,,,26-30,26-35,Interstate,U,Monday,Belt Used,PV,Hispanic,0,0,0,0,State Route,State Patrol,Washington State Patrol Headquarter,0,1,0,0,0,,,,,,,,,,,,,,,,,,,,,,,,,,,,,,,,,,,,,,,,,,,
2017,141,E674098,35,05/11/2017,11:15,11,5,0,53,Pierce,2230,2,0,1,6,2,1,0,4,4,11:12,11:22,11:34,12,0,1,129.6,1,0,1,1,2,1,1,0,0,0,0,I-5,,-122.4644944,47.18220278,0,2,21,53,3,60,61,0,0,1,2,12,1,1,4,3,5,1,3,53,0,12,881,2015,0,0,12,12,,,,,1,1,22,1,0,0,1,0,3,0,11,8,,,,,0,0,0,3,1,0,0,0,0,0,,,,,,0,,,,,,98499,53,81,250,6,1,0,0,0,1,0,0,,,,,,0,12/15/2015,12/15/2015,20,0,0,0,8,9,8,,,0,0,0,8,0,0,0,0,0,0,0,0,0,0,996,,,,,,,,,,,,,,,,,,,,,,,,,,,,,,0,0,0,0,0,0,0,0,0,0,0,0,1,0,0,0,0,0,0,0,0,0,0,1,1,1,0,0,0,1,1,0,0,0,0,,0,0,0,0,0,0,0,0,0,0,0,0,0,0,0,0,,,,,,21-25,16-25,Interstate,U,Thursday,,MHTRUCK,Not Fatal,0,0,0,0,State Route,State Patrol,Washington State Patrol Headquarter,0,1,0,0,0,,,,,,,,,,,,,,,,,,,,,,,,,,,,,,,,,,,,,,,,,,,
2017,365,E715833,8,09/09/2017,1:58,9,9,0,35,Kitsap,1730,10,0,2,1,1,1,0,3,2,,,,12,0,2,10.7,1,0,1,3,2,1,3,0,0,0,0,SR-305,,-122.6333556,47.72409722,0,1,50,10,2,40,14,0,0,1,2,12,1,1,2,1,1,2,1,53,0,49,401,1990,0,0,68,12,1,,,,1,1,30,1,7,1,4,7,20,0,11,0,09/09/2017,1:58,1.73053E+11,40412,0,0,0,2,1,28,0,0,0,96,,,,,,9,,,,,,98499,53,69,200,1,1,0,0,0,0,0,0,,,,,,0,,,20,0,0,0,0,1,8,,,0,0,0,8,1,2,605,0,0,1,0,0,2,1,0.18,,,,,,,,,,,,,,,,,,,,,,,,,,,,,,0,0,0,0,1,1,1,1,1,0,0,0,0,1,0,0,0,0,0,1,0,0,0,0,0,0,0,0,0,1,0,0,0,1,0,,1,0,0,0,0,1,1,1,0,0,0,1,0,0,0,1,,,,,,26-30,26-35,State route,U,Saturday,Not Used,PV,White,0,1,1,0,State Route,State Patrol,Washington State Patrol Headquarter,0,1,0,0,0,thc,6.1,carboxy-thc,35,,,,,,,,,,,,,,,,,,,,,,,,,,,,,,,,,,,,,,,
2017,391,E716276,127,09/26/2017,20:14,26,9,0,33,King,735,1,0,2,1,2,1,0,2,2,,,,12,0,1,3,1,0,1,3,2,1,3,0,0,0,0,SR-99,,-122.3313167,47.27029722,0,1,24,51,3,50,80,0,0,1,2,12,1,2,4,1,1,1,1,53,0,73,706,1998,0,0,12,,,,,,1,1,46,1,7,1,4,7,19,0,11,0,09/26/2017,20:14,73553042233,42233,0,0,0,2,1,0,0,0,0,96,,,,,,99,,,,,,98499,53,69,185,6,1,0,0,0,0,0,0,,,,,,4,,,20,8,0,0,0,9,8,,,0,0,0,8,9,2,401,417,605,1,1,1,2,1,0,,,,,,,,,,,,,,,,,,,,,,,,,,,,,,0,0,0,0,0,0,1,1,1,0,0,0,1,0,1,0,0,0,0,0,0,0,0,0,0,0,0,0,1,0,1,0,0,0,1,0,0,0,0,0,0,0,1,1,0,1,0,0,0,0,1,0,,,,,,46-50,46-55,State route,U,Tuesday,,MC,White,0,0,0,0,State Route,Municipal/City Police,Federal Way Dept of Public Safety,0,1,0,0,0,thc,888,carboxy-thc,888,,,,,,,,,,,,,,,,,,,,,,,,,,,,,,,,,,,,,,,