year,case,par,repjur,crash_dt,crash_tm,accday,accmon,holiday,county,co_char,city,weather,weather2,lightcond,surfcond,surftype,numfatal,nmforms,pforms,vforms,not_tm,arr_tm,hosp_tm,fhevent,hitrun,manncol,milepnt,reljunc,reljuncinter,intersectiontype,funcsystem,landuse,ownership,route,schlbus,spejur,contdev,devfunc,trafid1,trafid2,x,y,wk_zone,vnumber,crashtype,criticalevent,criticaleventcat,spdlim,body,trailer,emerg,hazcargo,leave,mhevent,roadalgn,roadprof,traflane,trafflow,vehmanvr,numoccs,regowner,regstate,spuse,make,model,modelyr,vrf1,vrf2,seqevent1,seqevent2,seqevent3,seqevent4,seqevent5,seqevent6,pnumber,ptype,age,sex,hispanic,race,injury,diedscene,restraint,restraintmisuse,seatpos,takehosp,death_dt,death_tm,cert,cernum_wa,commlic,licendor,licrestrict,liccomp,drivpres,drf1,drf2,drf3,drf4,distract1,distract2,distract3,distract4,distract5,distract6,dricond1,dricond2,dricond3,dricond4,dricond5,dricond6,dzip,licstate,drhgt_in,weight,noncdl,noncdltype,prevdwi,prevoth,prevacc,prevspd,prevsus,driviol1,driviol2,driviol3,driviol4,driviol5,driviol6,spdrel,first_dt,last_dt,airbag,ejection,ejectpath,extricat,injurwrk,methalc,methdrug,nmlocat,strikveh,prf1,prf2,prf3,druginv,alcinvol,drugsts,drugres1,drugres2,drugres3,drugtst1,drugtst2,drugtst3,alcsts,alctst,alcres,nmact1,nmact2,nmact3,nmact4,nmact5,nmact6,nmprior1,nmprior2,nmprior3,nmprior4,nmprior5,nmprior6,nmcond1,nmcond2,nmcond3,nmcond4,nmcond5,nmcond6,nmsafe_helmet,nmsafe_pads,nmsafe_oth,nmprev_ref,nmprev_lgt,nmprev_oth,crashlocation,nmcrashtype,crosswalk,schoolzone,sidewalk,train_inv,wildlife_inv,rotr_fars,intersect_fars,dd_inv,aid_inv,dpd_inv,id_inv,mj_inv,impnm_inv,ainm_inv,dpnm_inv,speed_inv,unlic_inv,unendmc_inv,drowsy_inv,drdist_inv,nmdist_inv,fty_inv,unrestfat_inv,dr1617_inv,dr1820_inv,dr1620_inv,dr2125_inv,dr1625_inv,dr65_inv,dr70_inv,dr75_inv,mc_inv,pv_inv,ht_inv,ped_inv,bike_inv,unrest_fat,mc_fat,unhelmet_mc,pv_fat,ht_fat,ped_fat,bike_fat,dr_alc7,dr_alc8,dr_drug,dr_imp,dr_dist,dr_spd,dr_fty,dr_unlic,dr_alc7only,dr_alc8only,dr_drugonly,dr_drink,nm_imp,nm_alc7,nm_alc8,nm_drug,nm_dist,agegrp1,agegrp2,roadclass,urbrur,dayweek,restuse,vehtype,race_me,intersect,lanedep,oppdir,wrongway,rep_typ,investag,repag_long,rotr,st_rd,cty_rd,city_rd,oth_rd,drug_thc,thc_res,drug_cthc,cthc_res,drug_cann,prevpersemin,prevperse,prevsusoth,drugtst4,drugtst5,drugtst6,drugtst7,drugtst8,drugres4,drugres5,drugres6,drugres7,drugres8,adspresent,adsengaged,adslevel,race1,race2,race3,race4,race5,helmet,helmetmisuse,nmdistract1,nmdistract2,nmdistract3,nmdistract4,nmdistract5,nmdistract6,lab,isedtcase,crf1,crf2,crf3,CoRoadName,CoMP,IntCoRoadName,IntCoMP
2017,425,E720304,173,10/07/2017,17:24,7,10,0,53,Pierce,1124,1,0,1,0,0,1,1,1,1,,,,8,0,0,9999.9,8,0,1,7,2,2,4,0,0,0,0,CR-GRANGE ST W,,-122.5162944,47.18605278,0,1,13,80,5,0,4,0,0,1,5,8,0,0,0,0,10,1,1,53,0,55,33,2016,0,0,8,,,,,,1,1,70,2,0,0,0,0,3,0,11,0,,,,,0,0,0,3,1,0,0,0,0,0,,,,,,0,,,,,,98499,53,67,220,6,1,0,0,0,0,0,0,,,,,,0,,,20,0,0,0,8,9,8,,,0,0,0,8,0,0,0,0,0,0,0,0,0,0,996,,,,,,,,,,,,,,,,,,,,,,,,,,,,,,0,0,0,0,0,0,0,0,0,1,1,1,0,0,0,0,0,0,0,0,0,0,0,0,0,1,1,0,0,1,0,1,0,0,0,,0,0,0,0,0,0,0,0,0,0,0,0,0,0,0,0,,,,,,66-70,66-75,County road,U,Saturday,Belt Used,PV,Not Fatal,0,0,0,0,City Street,Municipal/City Police,Lakewood Police Department,0,0,0,1,0,,,,,,,,,,,,,,,,,,,,,,,,,,,,,,,,,,,,,,,,,,,
2017,503,E743130,35,12/03/2017,21:00,3,12,0,53,Pierce,0,1,0,2,2,2,1,0,3,2,21:04,21:20,21:50,12,0,2,1.3,1,0,1,3,2,2,4,0,0,0,0,CR-SPANAWAY LP S,,-122.4585417,47.10825833,0,1,50,10,2,40,8,0,0,1,2,12,2,1,2,2,14,2,2,53,0,48,38,2012,0,0,68,12,,,,,1,1,23,1,0,0,0,0,3,0,11,0,,,,,0,0,0,3,1,28,0,0,0,96,,,,,,9,,,,,,98499,53,68,159,6,1,0,0,1,1,1,2,,,,,,0,12/15/2013,11/15/2017,1,0,0,0,8,1,8,,,0,0,0,8,1,2,1,0,0,1,0,0,2,1,0.22,,,,,,,,,,,,,,,,,,,,,,,,,,,,,,0,0,0,0,1,1,0,1,0,0,0,0,0,0,0,0,0,0,0,1,0,0,0,1,1,0,0,0,0,1,0,0,0,0,0,,0,0,0,0,0,1,0,1,0,0,0,0,0,1,0,1,,,,,,21-25,16-25,County road,U,Sunday,Belt Used,PV,Not Fatal,0,1,1,0,County Road,County Sheriff,Law Enforcement Support Agency,0,0,1,0,0,,,,,,,,,,,,,,,,,,,,,,,,,,,,,,,,,,,,,,,,,,,
2017,542,E750745,35,12/16/2017,7:44,16,12,0,53,Pierce,0,10,0,4,2,1,1,0,3,2,7:42,8:01,8:37,12,0,2,4.5,1,0,1,3,2,2,4,0,0,0,0,CR-116TH ST S,,-122.4622167,47.15140556,0,2,51,62,4,35,67,1,0,1,5,12,1,1,4,1,1,1,3,53,0,12,880,2015,0,0,12,,,,,,1,1,36,1,0,0,0,0,3,0,11,0,,,,,0,0,0,3,1,0,0,0,0,0,,,,,,0,,,,,,98499,53,68,220,6,1,0,1,0,0,0,0,,,,,,0,07/15/2017,07/15/2017,1,0,0,0,8,9,8,,,0,0,0,8,0,0,0,0,0,0,0,0,0,0,996,,,,,,,,,,,,,,,,,,,,,,,,,,,,,,0,0,0,0,0,0,1,1,1,0,0,0,1,1,0,0,0,0,0,0,0,0,0,0,0,0,0,0,0,1,1,0,0,0,0,,0,0,0,0,0,0,0,0,0,0,0,0,0,0,0,0,,,,,,36-40,36-45,County road,U,Saturday,Belt Used,MHTRUCK,Not Fatal,0,1,1,0,County Road,County Sheriff,Law Enforcement Support Agency,0,0,1,0,0,,,,,,,,,,,,,,,,,,,,,,,,,,,,,,,,,,,,,,,,,,,
2018,156,E797175,173,05/12/2018,14:45,12,5,0,53,Pierce,1124,1,0,1,1,2,1,1,1,1,,,,8,0,0,0,3,0,2,4,2,4,6,0,0,20,3,150TH ST SW,WOODBROOK DR SW,-122.5261222,47.12125,0,1,13,80,5,35,4,0,0,1,7,8,1,1,2,2,10,1,1,53,0,37,31,1998,0,0,8,,,,,,1,1,70,1,0,0,0,0,3,0,11,0,,,,,0,0,0,3,1,0,0,0,0,92,,,,,,0,,,,,,98499,53,70,140,6,1,0,0,0,0,,97,,,,,,0,,,20,0,0,0,8,9,8,,,0,0,0,8,0,8,95,,,96,,,8,95,995,,,,,,,,,,,,,,,,,,,,,,,,,,,,,,0,0,0,1,0,0,0,0,0,0,0,0,0,0,0,0,1,0,0,0,0,0,0,0,0,1,1,0,0,1,0,1,0,0,0,,0,0,0,0,0,0,0,0,1,0,0,0,0,0,0,0,,,,,,66-70,66-75,City street,U,Saturday,Belt Used,PV,Not Fatal,1,0,0,0,City Street,Municipal/City Police,Lakewood Police Department,0,0,0,1,0,,,,,,0,0,0,,,,,,,,,,,,,,,,,,,,,,,,,,,,,,,,,,,
2018,244,E819958,5,07/14/2018,16:36,14,7,0,15,Cowlitz,0,1,0,1,1,2,3,0,6,1,16:25,17:17,18:10,1,0,0,27.6,1,0,1,1,1,1,1,0,0,0,0,I-5,,-122.8221389,45.97777222,0,1,1,13,2,70,15,0,0,1,2,1,1,1,3,3,1,6,2,53,0,49,422,2002,0,0,63,1,,,,,1,1,36,2,0,0,2,0,3,0,11,5,,,,,0,0,0,3,1,0,0,0,0,3,,,,,,0,,,,,,98499,53,66,410,6,1,0,2,0,1,,97,,,,,,0,10/15/2015,12/15/2017,20,0,0,0,8,9,8,,,0,0,0,8,0,8,95,,,96,,,8,95,995,,,,,,,,,,,,,,,,,,,,,,,,,,,,,,0,0,1,0,0,0,0,0,0,0,0,0,0,0,0,0,1,0,0,1,0,0,0,0,0,0,0,0,0,1,0,0,0,0,0,,0,0,0,0,0,0,0,0,1,0,0,0,0,0,0,0,,,,,,36-40,36-45,Interstate,R,Saturday,Belt Used,PV,Not Fatal,0,1,0,0,State Route,State Patrol,Washington State Patrol,1,1,0,0,0,,,,,,0,0,0,,,,,,,,,,,,,,,,,,,,,,,,,,,,,,,,,,,
2018,327,E837994,3,09/07/2018,17:28,7,9,0,67,Thurston,0,10,0,5,1,2,1,0,4,4,,,,12,0,8,6.3,1,0,1,4,2,1,3,0,0,0,0,SR-510,,-122.6943444,47.01323056,0,1,64,10,2,45,4,0,0,1,2,12,2,1,2,1,14,1,1,53,0,20,22,2005,0,0,68,12,12,,,,1,1,49,2,7,1,4,7,20,0,11,0,09/07/2018,17:28,53040576,40576,0,0,0,3,1,28,0,0,0,96,,,,,,99,,,,,,98499,53,66,200,6,1,0,1,2,5,,0,,,,,,0,01/15/2015,09/15/2016,8,0,0,0,0,9,8,,,0,0,0,8,9,2,401,417,,1,1,,2,1,0,,,,,,,,,,,,,,,,,,,,,,,,,,,,,,0,0,0,0,0,0,1,1,0,0,0,0,0,0,0,0,0,0,0,1,0,0,0,0,0,1,0,0,0,1,0,0,0,1,0,,1,0,0,0,0,0,1,1,0,0,0,0,0,0,1,0,,,,,,46-50,46-55,State route,U,Friday,Not Used,PV,White,0,1,1,0,State Route,State Patrol,Washington State Patrol,0,1,0,0,0,,,,,,0,0,0,,,,,,,,,,,,,,,,,,,,,,,,,,,,,,,,,,,
2019,220,E938714,3,07/03/2019,20:55,3,7,,53,Pierce,2230,10,0,1,1,2,1,0,2,2,,,,12,0,1,131.4,1,0,1,1,2,1,1,0,0,0,0,I-5,,-122.4628667,47.21535,1,2,28,52,3,60,4,0,0,1,2,1,1,1,5,3,1,1,2,53,0,24,7,2003,0,0,12,63,1,38,,,1,1,29,1,7,,4,0,20,7,11,4,07/03/2019,21:30,2.23053E+11,29854,0,0,0,2,1,0,0,0,0,96,,,,,,99,,,,,,98499,53,66,150,1,1,1,0,0,2,,0,,,,,,3,10/15/2014,03/15/2019,20,1,9,0,0,9,8,,,0,0,0,8,1,2,605,,,1,,,2,1,0.18,,,,,,,,,,,,,,,,,,,,,,,,,,,,,,0,0,0,0,1,1,1,1,1,0,0,0,1,1,0,0,0,0,0,1,0,0,0,0,0,0,0,0,0,1,0,0,0,1,0,,1,0,0,0,0,1,1,1,0,1,0,1,0,0,0,1,,,,,,26-30,26-35,Interstate,U,Wednesday,Not Used,PV,White,0,0,0,0,State Route,State Patrol,Washington State Patrol,0,1,0,0,0,thc,1.6,,,,0,1,4,,,,,,,,,,,98,98,98,1,,,,,20,7,,,,,,,,,,,,,,,
2019,298,E954177,3,08/22/2019,2:22,22,8,,53,Pierce,1350,2,0,2,2,2,1,0,5,2,,,,25,0,0,139.2,1,0,1,1,2,1,1,0,0,0,0,I-5,,-122.3325722,47.25273611,0,1,6,12,2,60,4,0,0,1,7,12,2,2,5,3,14,3,1,53,0,20,22,2009,0,0,64,25,69,12,,,1,1,18,2,0,,1,0,20,7,11,4,,,,,0,0,3,3,1,91,0,0,0,0,,,,,,9,,,,,,98499,53,65,143,6,1,0,0,1,0,,1,12,,,,,0,05/15/2019,05/15/2019,20,0,0,0,8,9,8,,,0,0,0,8,1,2,337,695,605,1,1,1,2,1,0.19,,,,,,,,,,,,,,,,,,,,,,,,,,,,,,0,0,1,0,1,1,1,1,1,0,0,0,0,0,0,0,0,0,0,1,0,1,1,0,1,0,0,0,0,1,0,0,0,0,0,,0,0,0,0,0,1,1,1,0,0,0,0,0,0,0,1,,,,,,18-20,16-25,Interstate,U,Thursday,Not Used,PV,Not Fatal,0,1,0,0,State Route,State Patrol,Washington State Patrol,1,1,0,0,0,thc,7.5,carboxy-thc,41,,0,0,0,,,,,,,,,,,98,98,98,0,,,,,20,7,,,,,,,,,,,,,,,
2019,444,E997028,173,12/09/2019,2:15,9,12,,53,Pierce,1124,2,0,2,0,0,1,1,1,1,,,,8,0,0,0,8,0,1,7,2,4,6,0,0,0,0,EDGEWATER DR SW,,-122.5327389,47.18090833,0,1,92,80,5,0,4,0,0,1,7,8,0,0,0,0,13,1,1,53,0,63,38,2019,0,0,8,,,,,,1,1,29,2,0,,0,0,99,7,11,0,,,,,0,0,0,3,1,91,0,0,0,96,,,,,,9,,,,,,98499,53,62,115,6,1,0,0,0,0,,1,,,,,,0,,,20,0,0,0,8,9,8,,,0,0,0,8,1,8,95,,,96,,,2,1,0.28,,,,,,,,,,,,,,,,,,,,,,,,,,,,,,0,0,0,0,1,1,0,1,0,0,0,0,0,0,0,0,0,0,0,0,0,0,0,0,0,0,0,0,0,1,0,1,0,0,0,,0,0,0,0,0,1,0,1,0,0,0,0,0,1,0,1,,,,,,26-30,26-35,City street,U,Monday,Unknown,PV,Not Fatal,0,0,0,0,City Street,Municipal/City Police,Lakewood Police Department,0,0,0,1,0,,,,,,0,0,0,,,,,,,,,,,98,98,98,0,,,,,20,7,,,,,,,,,,,,,,,
2020,86,EA28579,3,04/10/2020,13:00,10,4,,53,Pierce,0,1,,1,1,2,1,0,4,2,13:08,13:15,13:36,12,0,6,6.6,2,0,2,4,2,2,4,0,0,0,0,CR-112TH ST S,B ST S,-122.4329139,47.15541111,0,1,89,17,2,40,4,0,0,1,2,12,1,1,4,1,1,3,1,53,0,37,31,1998,0,,12,,,,,,1,1,31,2,1,,4,8,3,0,11,4,04/10/2020,13:24,2.23053E+11,17502,0,0,0,3,1,38,,,,96,,,,,,98,,,,,,98499,53,59,119,6,1,0,2,0,0,,0,,,,,,0,07/15/2015,06/15/2018,20,0,0,0,0,9,8,,,0,,,8,8,0,0,,,0,,,0,0,996,,,,,,,,,,,,,,,,,,,,,,,,,,,,,,0,0,0,1,0,0,0,0,0,0,0,0,0,0,0,0,0,0,1,0,0,0,0,0,0,0,0,0,0,1,0,0,0,0,0,,1,0,0,0,0,0,0,0,0,0,1,0,0,0,0,0,,,,,,31-35,26-35,County road,U,Friday,Belt Used,PV,Hispanic,1,0,0,0,County Road,State Patrol,Washington State Patrol,0,0,1,0,0,,,,,,0,0,0,,,,,,,,,,,0,0,0,98,,,,,20,7,,,,,,,,1,0,,,112 ST S,6.63,B ST S,0
2020,135,EA33684,3,05/09/2020,14:51,9,5,,53,Pierce,800,1,,1,1,2,1,0,2,1,14:50,14:59,15:40,1,0,0,12.7,1,0,1,3,2,1,3,0,0,0,0,SR-16,,-122.6144556,47.35795833,0,1,98,9,1,60,80,0,0,1,2,1,1,1,2,3,15,2,1,53,0,72,706,2006,0,,1,,,,,,1,1,55,1,7,,4,0,20,7,11,5,05/09/2020,21:16,2.23053E+11,22543,0,0,3,2,1,0,,,,96,,,,,,98,,,,,,98499,53,72,175,6,1,0,0,0,0,,0,,,,,,0,,,20,8,0,0,0,9,8,,,0,,,8,8,8,95,,,96,,,8,95,995,,,,,,,,,,,,,,,,,,,,,,,,,,,,,,0,0,0,0,0,0,0,0,0,0,0,0,0,0,1,0,0,0,0,0,0,0,0,0,0,0,0,0,1,0,0,0,0,0,1,1,0,0,0,0,0,0,0,0,0,0,0,0,0,0,0,0,,,,,,51-55,46-55,State route,U,Saturday,,MC,White,0,0,0,0,State Route,State Patrol,Washington State Patrol,0,1,0,0,0,,,,,,0,0,0,,,,,,,,,,,0,0,0,1,,,,,16,0,,,,,,,,1,0,,,,,,
2020,180,EA40788,173,06/18/2020,0:44,18,6,,53,Pierce,1124,1,,3,1,2,1,1,1,1,,,,8,0,0,0,1,0,1,3,2,1,6,0,0,0,0,BRIDGEPORT WAY SW,,-122.5043694,47.14773056,0,1,13,80,5,35,4,0,0,1,2,8,1,2,4,1,1,1,1,53,0,7,24,2007,0,,8,,,,,,1,1,41,1,0,,0,0,3,0,11,0,,,,,0,0,0,3,1,0,,,,92,,,,,,98,,,,,,98499,53,75,175,6,1,0,0,0,0,,0,,,,,,0,,,20,0,0,0,8,9,8,,,0,,,8,8,0,0,,,0,,,0,0,996,,,,,,,,,,,,,,,,,,,,,,,,,,,,,,0,0,0,0,0,0,0,0,0,1,0,1,0,0,0,0,1,0,0,0,0,0,0,0,0,0,0,0,0,1,0,1,0,0,0,,0,0,0,0,0,0,0,0,1,0,0,0,0,0,0,0,,,,,,41-45,36-45,City street,U,Thursday,Belt Used,PV,Not Fatal,0,0,0,0,State Route,Municipal/City Police,Lakewood Police Department,0,1,0,0,0,,,,,,0,0,0,,,,,,,,,,,98,98,98,0,,,,,20,7,,,,,,,,1,0,,,,,,
2020,565,EA86753,290,12/05/2020,12:15,5,12,,53,Pierce,2230,1,,1,1,2,1,0,1,3,,,,30,0,0,0,1,0,1,3,2,4,6,0,0,0,0,S TACOMA WAY,,-122.4837722,47.20905,0,1,1,13,2,25,34,0,0,1,5,14,1,1,2,2,1,1,1,53,0,20,481,2001,0,,63,30,14,14,30,,1,1,73,1,7,,4,0,3,0,11,5,12/25/2020,11:41,2.23053E+11,61896,0,0,3,2,1,0,,,,96,,,,,,98,,,,,,98499,53,72,164,1,1,0,1,0,0,,0,,,,,,0,06/15/2017,02/15/2019,1,0,0,0,0,9,8,,,0,,,8,8,8,95,,,96,,,8,95,995,,,,,,,,,,,,,,,,,,,,,,,,,,,,,,0,0,1,0,0,0,0,0,0,0,0,0,0,1,0,0,0,0,0,0,0,0,0,0,0,1,1,0,0,1,0,0,0,0,0,,1,0,0,0,0,0,0,0,0,0,0,1,0,0,0,0,,,,,,71-75,66-75,City street,U,Saturday,Belt Used,PV,White,0,1,0,0,City Street,Municipal/City Police,Tacoma Police Department,1,0,0,1,0,,,,,,0,0,1,,,,,,,,,,,98,98,98,1,,,,,20,7,,,,,,,,1,14,,,,,,
2021,183,EB41199,5,06/18/2021,15:45,18,6,,41,Lewis,0,1,,1,1,2,1,0,2,2,,,,12,0,1,117.1,2,0,2,3,1,1,2,0,0,0,0,US-12,YOUNG RD,-121.9078,46.53407222,0,2,25,53,3,45,14,0,0,1,5,12,1,1,2,1,11,1,1,53,0,35,401,2006,0,,12,,,,,,1,1,27,2,0,,0,0,3,0,11,0,,,,,0,0,0,3,1,0,,,,96,,,,,,98,,,,,,98499,53,61,170,6,1,0,0,1,1,,0,,,,,,0,08/15/2017,06/15/2020,20,0,0,0,8,9,8,,,0,,,8,8,0,0,,,0,,,0,0,996,,,,,,,,,,,,,,,,,,,,,,,,,,,,,,0,0,0,1,0,0,1,1,0,0,0,0,0,0,0,0,0,0,0,0,0,0,0,0,0,1,0,0,1,1,0,0,0,0,0,,0,0,0,0,0,0,0,0,0,0,0,0,0,0,0,0,,,,,,26-30,26-35,US highway,R,Friday,Belt Used,PV,Not Fatal,1,0,0,0,State Route,State Patrol,Washington State Patrol,0,1,0,0,0,,,,,,0,0,0,,,,,,,,,,,98,98,98,0,,,,,20,,,,,,,,,1,0,,,,,,
2021,234,EB50231,173,07/15/2021,15:09,15,7,,53,Pierce,1124,1,,1,1,2,1,0,3,1,,,,33,0,0,0,3,0,2,4,2,4,6,0,0,0,0,84TH ST S,Pine St S,-122.4738611,47.18116111,0,1,1,13,2,35,14,0,0,1,2,1,1,1,5,5,1,3,1,53,0,49,401,1998,0,,63,33,38,1,,,1,1,26,1,1,,4,0,20,7,11,5,07/15/2021,15:54,76353037616,37616,0,0,0,3,1,0,,,,92,,,,,,98,,,,,,98499,53,67,160,6,1,0,0,0,3,,0,,,,,,0,01/15/2016,12/15/2018,20,1,9,0,0,9,8,,,0,,,8,8,2,522,,,1,,,2,1,0,,,,,,,,,,,,,,,,,,,,,,,,,,,,,,0,0,1,1,0,0,1,1,0,0,0,0,0,0,0,0,1,0,0,1,0,0,0,0,0,0,0,0,0,1,0,0,0,1,0,,1,0,0,0,0,0,1,1,1,0,0,0,0,0,1,0,,,,,,26-30,26-35,City street,U,Thursday,Not Used,PV,Hispanic,0,1,0,0,City Street,Municipal/City Police,Lakewood Police Department,1,0,0,1,0,,,,,,0,0,0,,,,,,,,,,,0,0,0,1,,,,,20,,,,,,,,,1,0,,,,,,
2021,353,EB68431,349,06/05/2021,15:01,5,6,,53,Pierce,0,1,,1,1,2,1,0,7,3,,,,1,0,0,,1,0,1,4,1,2,8,0,0,0,0,CR-NORTH GATE RD,,-122.5950611,47.13862222,0,1,98,9,1,45,80,0,0,1,5,12,2,1,2,1,14,1,2,53,0,72,706,2011,0,,1,68,12,12,,,1,1,40,2,7,,4,7,20,7,11,0,06/05/2021,15:01,53027754,27754,0,0,0,2,1,28,,,,96,,,,,,98,,,,,,98499,53,68,150,6,1,0,0,0,5,,0,,,,,,0,08/15/2016,12/15/2019,20,8,0,0,0,9,8,,,0,,,8,8,9,999,,,99,,,9,99,999,,,,,,,,,,,,,,,,,,,,,,,,,,,,,,0,0,0,0,0,0,0,0,0,0,0,0,0,0,1,0,0,0,0,0,0,0,0,0,0,1,0,0,1,1,0,0,0,0,1,0,0,0,0,0,0,0,0,0,0,0,0,0,0,0,0,0,,,,,,36-40,36-45,Other,R,Saturday,,MC,White,0,0,0,0,Other,Municipal/City Police,"Hdqtrs, 1st Military Police Brigade",0,0,0,0,1,,,,,,0,0,1,,,,,,,,,,,0,0,0,1,,,,,5,,,,,,,,,1,0,,,,,,
2021,476,EB91189,7,11/09/2021,16:45,9,11,,33,King,1960,2,,1,2,2,1,0,3,3,,,,12,0,8,9.2,1,0,1,2,2,1,3,0,0,0,0,SR-18,,-122.1591722,47.32913889,0,1,66,54,3,60,6,0,0,1,5,12,1,1,2,3,1,1,1,53,0,49,49,2005,0,,12,12,,,,,1,1,39,1,7,,4,7,3,0,11,0,11/09/2021,16:45,1.96053E+11,58542,0,0,3,2,1,51,,,,92,,,,,,98,,,,,,98499,53,72,270,1,1,0,2,3,7,,0,,,,,,0,05/15/2017,05/15/2020,8,0,0,0,0,9,8,,,0,,,8,8,2,401,417,,1,1,,2,1,0,,,,,,,,,,,,,,,,,,,,,,,,,,,,,,0,0,0,0,0,0,1,1,0,0,0,0,0,1,0,0,1,0,0,0,0,0,0,0,0,0,0,0,0,1,0,0,0,0,0,,1,0,0,0,0,0,1,1,1,0,0,1,0,0,1,0,,,,,,36-40,36-45,State route,U,Tuesday,Belt Used,PV,White,0,0,0,1,State Route,State Patrol,Washington State Patrol,0,1,0,0,0,,,,,,0,0,0,,,,,,,,,,,98,98,98,1,,,,,20,,,,,,,,,1,0,,,,,,
2021,509,EB96787,3,11/25/2021,2:15,25,11,,53,Pierce,2230,2,,3,2,2,1,0,4,2,,,,12,0,1,134.8,1,0,1,1,2,1,1,0,0,0,0,I-5,,-122.4131083,47.23894167,1,2,25,53,3,50,4,0,0,1,2,12,4,2,3,3,14,3,2,53,0,59,31,2004,0,,12,,,,,,1,1,65,1,0,,2,0,3,0,11,5,,,,,0,0,0,3,1,0,,,,0,,,,,,0,,,,,,98499,53,71,160,6,1,0,0,1,0,,0,,,,,,0,07/15/2019,07/15/2019,20,0,0,0,8,9,8,,,0,,,8,8,8,95,,,96,,,0,0,996,,,,,,,,,,,,,,,,,,,,,,,,,,,,,,0,0,0,0,1,0,0,0,0,0,0,0,0,0,0,0,0,0,0,0,0,0,0,1,1,1,0,0,0,1,0,0,0,0,0,,0,0,0,0,0,0,0,0,0,0,0,0,0,0,0,0,,,,,,61-65,56-65,Interstate,U,Thursday,Belt Used,PV,Not Fatal,0,0,0,0,State Route,State Patrol,Washington State Patrol,0,1,0,0,0,,,,,,0,0,1,,,,,,,,,,,98,98,98,0,,,,,20,,,,,,,,,1,0,,,,,,
2021,522,EC00259,7,12/10/2021,6:41,10,12,,33,King,735,10,,2,1,1,1,1,1,1,,,,8,0,0,144.8,1,0,1,1,2,1,1,0,0,0,0,I-5,,-122.2937472,47.32900556,0,1,13,80,5,60,21,0,0,1,5,8,1,1,5,3,1,1,2,53,0,12,462,2018,0,,8,,,,,,1,1,46,1,0,,0,0,3,0,11,0,,,,,0,0,0,3,1,0,,,,96,,,,,,98,,,,,,98499,53,74,295,6,1,0,0,0,0,,0,,,,,,0,,,20,0,0,0,8,9,8,,,0,,,8,8,8,95,,,96,,,8,95,995,,,,,,,,,,,,,,,,,,,,,,,,,,,,,,0,0,0,0,0,0,0,0,0,1,0,1,0,0,0,0,0,0,0,0,0,0,0,0,0,0,0,0,0,1,0,1,0,0,0,,0,0,0,0,0,0,0,0,0,0,0,0,0,0,0,0,,,,,,46-50,46-55,Interstate,U,Friday,Belt Used,PV,Not Fatal,0,0,0,0,State Route,State Patrol,Washington State Patrol,0,1,0,0,0,,,,,,0,0,0,,,,,,,,,,,98,98,98,0,,,,,20,,,,,,,,,1,0,,,,,,
2017,363,E661997,42,04/16/2017,11:13,16,4,0,67,Thurston,0,1,0,1,1,2,1,0,3,2,11:21,12:00,12:36,12,0,2,0,1,0,1,5,2,2,4,0,0,0,0,CR-JOHNSON POINT RD NE,,-122.8227889,47.09072778,0,1,50,10,2,40,4,0,0,1,2,12,1,2,2,1,15,1,2,53,0,24,1,1999,0,0,68,12,,,,,1,1,20,2,7,1,4,0,20,0,11,4,04/26/2017,22:00,1.96053E+11,20059,0,0,0,3,1,28,0,0,0,96,,,,,,0,,,,,,98501,53,63,125,6,1,0,0,0,0,0,0,,,,,,4,,,20,0,0,0,0,9,8,,,0,0,0,8,0,0,0,0,0,0,0,0,0,0,996,,,,,,,,,,,,,,,,,,,,,,,,,,,,,,0,0,0,0,0,0,0,0,0,0,0,0,1,0,0,0,0,0,0,1,0,1,1,0,1,1,1,0,0,1,0,0,0,1,0,,1,0,0,0,0,0,0,0,0,1,0,0,0,0,0,0,,,,,,18-20,16-25,County road,U,Sunday,Not Used,PV,White,0,1,1,0,County Road,County Sheriff,Thurston County Sheriff's Office,0,0,1,0,0,,,,,,,,,,,,,,,,,,,,,,,,,,,,,,,,,,,,,,,,,,,
2017,246,E688682,42,07/04/2017,8:04,4,7,5,67,Thurston,0,1,0,1,1,2,1,0,5,4,8:07,8:35,10:07,12,0,2,7.3,1,0,1,4,2,2,4,0,0,0,0,CR-OLD HWY 99,,-122.9401111,46.83217778,0,4,98,98,7,50,34,0,0,1,5,54,1,1,2,1,1,2,2,53,0,20,481,2010,0,0,54,,,,,,1,1,21,1,0,0,0,0,3,0,11,0,,,,,0,0,0,3,1,0,0,0,0,0,,,,,,0,,,,,,98501,53,71,165,6,1,0,0,0,0,0,0,,,,,,0,,,20,0,0,0,8,9,8,,,0,0,0,8,0,0,0,0,0,0,0,0,0,0,996,,,,,,,,,,,,,,,,,,,,,,,,,,,,,,0,0,0,0,0,0,1,1,0,0,0,0,0,0,0,0,0,0,0,1,0,0,0,1,1,0,0,0,0,1,1,0,0,0,0,,0,0,0,0,0,0,0,0,0,0,0,0,0,0,0,0,,,,,,21-25,16-25,County road,U,Tuesday,Belt Used,PV,Not Fatal,0,1,1,0,County Road,County Sheriff,Thurston County Sheriff's Office,0,0,1,0,0,,,,,,,,,,,,,,,,,,,,,,,,,,,,,,,,,,,,,,,,,,,