year,case,par,repjur,crash_dt,crash_tm,accday,accmon,holiday,county,co_char,city,weather,weather2,lightcond,surfcond,surftype,numfatal,nmforms,pforms,vforms,not_tm,arr_tm,hosp_tm,fhevent,hitrun,manncol,milepnt,reljunc,reljuncinter,intersectiontype,funcsystem,landuse,ownership,route,schlbus,spejur,contdev,devfunc,trafid1,trafid2,x,y,wk_zone,vnumber,crashtype,criticalevent,criticaleventcat,spdlim,body,trailer,emerg,hazcargo,leave,mhevent,roadalgn,roadprof,traflane,trafflow,vehmanvr,numoccs,regowner,regstate,spuse,make,model,modelyr,vrf1,vrf2,seqevent1,seqevent2,seqevent3,seqevent4,seqevent5,seqevent6,pnumber,ptype,age,sex,hispanic,race,injury,diedscene,restraint,restraintmisuse,seatpos,takehosp,death_dt,death_tm,cert,cernum_wa,commlic,licendor,licrestrict,liccomp,drivpres,drf1,drf2,drf3,drf4,distract1,distract2,distract3,distract4,distract5,distract6,dricond1,dricond2,dricond3,dricond4,dricond5,dricond6,dzip,licstate,drhgt_in,weight,noncdl,noncdltype,prevdwi,prevoth,prevacc,prevspd,prevsus,driviol1,driviol2,driviol3,driviol4,driviol5,driviol6,spdrel,first_dt,last_dt,airbag,ejection,ejectpath,extricat,injurwrk,methalc,methdrug,nmlocat,strikveh,prf1,prf2,prf3,druginv,alcinvol,drugsts,drugres1,drugres2,drugres3,drugtst1,drugtst2,drugtst3,alcsts,alctst,alcres,nmact1,nmact2,nmact3,nmact4,nmact5,nmact6,nmprior1,nmprior2,nmprior3,nmprior4,nmprior5,nmprior6,nmcond1,nmcond2,nmcond3,nmcond4,nmcond5,nmcond6,nmsafe_helmet,nmsafe_pads,nmsafe_oth,nmprev_ref,nmprev_lgt,nmprev_oth,crashlocation,nmcrashtype,crosswalk,schoolzone,sidewalk,train_inv,wildlife_inv,rotr_fars,intersect_fars,dd_inv,aid_inv,dpd_inv,id_inv,mj_inv,impnm_inv,ainm_inv,dpnm_inv,speed_inv,unlic_inv,unendmc_inv,drowsy_inv,drdist_inv,nmdist_inv,fty_inv,unrestfat_inv,dr1617_inv,dr1820_inv,dr1620_inv,dr2125_inv,dr1625_inv,dr65_inv,dr70_inv,dr75_inv,mc_inv,pv_inv,ht_inv,ped_inv,bike_inv,unrest_fat,mc_fat,unhelmet_mc,pv_fat,ht_fat,ped_fat,bike_fat,dr_alc7,dr_alc8,dr_drug,dr_imp,dr_dist,dr_spd,dr_fty,dr_unlic,dr_alc7only,dr_alc8only,dr_drugonly,dr_drink,nm_imp,nm_alc7,nm_alc8,nm_drug,nm_dist,agegrp1,agegrp2,roadclass,urbrur,dayweek,restuse,vehtype,race_me,intersect,lanedep,oppdir,wrongway,rep_typ,investag,repag_long,rotr,st_rd,cty_rd,city_rd,oth_rd,drug_thc,thc_res,drug_cthc,cthc_res,drug_cann,prevpersemin,prevperse,prevsusoth,drugtst4,drugtst5,drugtst6,drugtst7,drugtst8,drugres4,drugres5,drugres6,drugres7,drugres8,adspresent,adsengaged,adslevel,race1,race2,race3,race4,race5,helmet,helmetmisuse,nmdistract1,nmdistract2,nmdistract3,nmdistract4,nmdistract5,nmdistract6,lab,isedtcase,crf1,crf2,crf3,CoRoadName,CoMP,IntCoRoadName,IntCoMP
2017,360,E710179,169,09/10/2017,20:17,10,9,0,67,Thurston,1102,1,0,3,1,2,1,1,3,1,,,,8,0,0,0,1,0,1,3,2,4,6,0,0,0,0,COLLEGE ST SE,AVERY LN SE,-122.8231722,46.99884722,0,1,13,80,5,35,15,0,0,1,5,8,1,1,8,1,1,3,2,53,0,20,421,2007,0,0,8,,,,,,1,1,33,2,0,0,0,0,3,0,11,0,,,,,0,0,0,3,1,0,0,0,0,92,,,,,,0,,,,,,98501,53,68,130,6,1,0,0,0,0,0,0,,,,,,0,,,20,0,0,0,8,9,2,,,0,0,0,0,0,0,0,0,0,0,0,0,0,0,996,,,,,,,,,,,,,,,,,,,,,,,,,,,,,,0,0,0,0,0,0,0,0,0,0,0,0,0,0,0,0,1,1,0,0,0,0,0,0,0,0,0,0,0,1,0,1,0,0,0,,0,0,0,0,0,0,0,0,1,0,0,0,0,0,0,0,,,,,,31-35,26-35,City street,U,Sunday,Belt Used,PV,Not Fatal,1,0,0,0,City Street,Municipal/City Police,Lacey Police Department,0,0,0,1,0,,,,,,,,,,,,,,,,,,,,,,,,,,,,,,,,,,,,,,,,,,,
2018,111,E793810,6,04/21/2018,0:00,21,4,0,7,Chelan,0,1,0,2,1,2,1,0,1,1,,,,24,0,0,162.1,1,0,1,3,1,1,2,0,0,0,0,US-97,,-120.6589278,47.46626667,0,1,6,12,2,60,80,0,0,1,7,24,1,1,2,1,1,1,1,53,0,37,706,2006,0,0,68,64,24,,,,1,1,49,1,7,1,4,7,16,0,11,0,04/21/2018,0:00,53018805,18805,0,0,0,3,1,0,0,0,0,96,,,,,,9,,,,,,98501,53,75,210,6,1,0,0,0,2,,0,,,,,,0,08/15/2017,12/15/2017,20,8,0,0,0,1,8,,,0,0,0,8,1,2,605,,,1,,,2,1,0.17,,,,,,,,,,,,,,,,,,,,,,,,,,,,,,0,0,1,0,1,1,1,1,1,0,0,0,0,0,0,0,0,0,0,0,0,0,0,0,0,0,0,0,1,0,0,0,0,0,1,1,0,0,0,0,0,1,1,1,0,0,0,0,0,0,0,1,,,,,,46-50,46-55,US highway,R,Saturday,,MC,White,0,1,0,0,State Route,State Patrol,Washington State Patrol Headquarter,1,1,0,0,0,thc,10,,,,0,0,0,,,,,,,,,,,,,,,,,,,,,,,,,,,,,,,,,,,
2018,128,E797090,42,05/11/2018,20:06,11,5,0,67,Thurston,0,1,0,1,1,2,1,0,1,1,,,,30,0,0,0.7,1,0,1,7,1,2,4,0,0,0,0,CR-SHERMAN VALLEY RD SW,,-123.0772389,46.95499444,0,1,6,12,2,35,80,0,0,1,7,30,2,1,2,1,14,1,1,53,0,73,706,2003,0,0,68,64,30,,,,1,1,32,1,1,98,4,7,5,0,11,0,05/11/2018,20:06,53022842,22842,0,0,0,3,1,0,0,0,0,96,,,,,,99,,,,,,98501,53,66,165,6,1,0,1,1,2,,0,,,,,,4,11/15/2013,06/15/2017,20,8,0,0,0,9,8,,,0,0,0,8,9,2,1,,,1,,,2,1,0,,,,,,,,,,,,,,,,,,,,,,,,,,,,,,0,0,1,0,0,0,0,0,0,0,0,0,1,0,0,0,0,0,0,0,0,0,0,0,0,0,0,0,1,0,0,0,0,0,1,0,0,0,0,0,0,0,0,0,0,1,0,0,0,0,0,0,,,,,,31-35,26-35,County road,R,Friday,,MC,Hispanic,0,1,0,0,County Road,County Sheriff,Thurston County Sheriff's Office,1,0,1,0,0,,,,,,0,0,0,,,,,,,,,,,,,,,,,,,,,,,,,,,,,,,,,,,
2018,337,E839884,222,07/20/2018,22:09,20,7,0,67,Thurston,1590,1,0,3,1,5,1,0,1,1,,,,42,0,0,0,3,0,3,7,2,4,6,0,0,0,0,NORTH ST SE,CAIN RD SE,-122.8732083,47.01653611,0,1,14,14,2,98,14,0,0,1,7,42,8,8,2,1,1,1,1,53,0,20,404,2015,0,0,71,42,,,,,1,1,56,1,7,1,4,7,3,0,11,0,07/20/2018,22:09,1.59053E+11,33720,0,0,0,3,1,0,0,0,0,96,,,,,,9,,,,,,98501,53,77,325,6,1,0,0,0,0,,0,,,,,,0,,,8,0,0,0,0,9,8,,,0,0,0,8,1,2,996,996,,1,1,,2,1,0.21,,,,,,,,,,,,,,,,,,,,,,,,,,,,,,0,0,0,1,1,1,1,1,0,0,0,0,0,0,0,0,0,0,0,0,0,0,0,0,0,0,0,0,0,1,0,0,0,0,0,,1,0,0,0,0,1,1,1,0,0,0,0,0,0,0,1,,,,,,56-60,56-65,City street,U,Friday,Belt Used,PV,White,1,0,0,0,City Street,Municipal/City Police,Olympia Police Department,0,0,0,1,0,,,,,,0,0,0,,,,,,,,,,,,,,,,,,,,,,,,,,,,,,,,,,,
2018,469,E874030,222,12/18/2018,6:27,18,12,0,67,Thurston,1590,2,0,3,2,2,1,1,1,1,,,,8,0,0,0,1,0,1,7,2,4,6,0,0,0,0,FONES RD SE,WOODLAND TRAIL,-122.8469,47.04002778,0,1,13,80,5,35,4,0,0,1,7,8,1,1,3,1,1,1,2,53,0,37,31,1994,0,0,8,,,,,,1,1,33,1,0,0,0,0,3,0,11,0,,,,,0,0,3,3,1,0,0,0,0,93,,,,,,0,,,,,,98501,53,72,180,6,1,0,0,0,1,,97,,,,,,0,04/15/2018,12/15/2018,20,0,0,0,8,9,8,,,0,0,0,8,0,8,95,,,96,,,8,95,995,,,,,,,,,,,,,,,,,,,,,,,,,,,,,,0,0,0,0,0,0,0,0,0,0,0,0,0,0,0,0,1,0,0,0,0,0,0,0,0,0,0,0,0,1,0,1,0,0,0,,0,0,0,0,0,0,0,0,1,0,0,0,0,0,0,0,,,,,,31-35,26-35,City street,U,Tuesday,Belt Used,PV,Not Fatal,1,0,0,0,City Street,Municipal/City Police,Olympia Police Department,0,0,0,1,0,,,,,,0,0,1,,,,,,,,,,,,,,,,,,,,,,,,,,,,,,,,,,,
2019,120,E915297,3,04/09/2019,20:22,9,4,,67,Thurston,0,1,0,3,1,2,1,0,5,2,,,,12,0,6,2.8,2,0,2,4,2,1,3,0,0,0,0,SR-510,ROCKCRESS DR,-122.7427583,47.03591944,0,2,69,62,4,50,80,0,0,1,7,12,1,1,3,1,1,1,2,53,0,76,705,2004,0,0,12,,,,,,1,1,33,1,7,,4,7,20,7,11,0,04/09/2019,20:22,53016616,16616,0,0,0,2,1,0,0,0,0,96,,,,,,99,,,,,,98501,53,67,200,1,1,0,0,0,0,,0,,,,,,0,05/15/2014,03/15/2016,20,8,0,0,0,9,8,,,0,0,0,8,9,8,95,,,96,,,8,95,995,,,,,,,,,,,,,,,,,,,,,,,,,,,,,,0,0,0,1,1,0,0,0,0,0,0,0,0,1,1,0,0,0,1,0,0,0,0,0,0,0,0,0,1,1,0,0,0,0,1,0,0,0,0,0,0,0,0,0,0,0,0,1,0,0,0,0,,,,,,31-35,26-35,State route,U,Tuesday,,MC,API,1,0,0,0,State Route,State Patrol,Washington State Patrol,0,1,0,0,0,,,,,,0,0,3,,,,,,,,,,,0,0,0,68,,,,,5,0,,,,,,,,,,,,,,,
2019,144,E920450,6,05/11/2019,11:57,11,5,,47,Okanogan,0,1,0,1,1,2,1,0,3,2,,,,12,0,8,278.7,1,0,1,4,1,1,3,0,0,29,3,SR-20,,-119.1203222,48.68777222,0,2,65,62,4,60,34,1,0,1,7,12,3,2,2,1,14,2,1,53,0,20,481,2018,0,0,12,,,,,,1,1,64,1,0,,0,0,3,0,11,0,,,,,0,0,3,3,1,0,0,0,0,96,,,,,,0,,,,,,98501,53,72,200,6,1,0,0,0,0,,0,,,,,,0,,,20,0,0,0,8,9,8,,,0,0,0,8,0,8,95,,,96,,,8,95,995,,,,,,,,,,,,,,,,,,,,,,,,,,,,,,0,0,0,0,0,0,0,0,0,0,0,0,1,0,0,0,0,0,0,0,0,0,0,0,0,0,0,0,1,1,0,0,0,0,0,,0,0,0,0,0,0,0,0,0,0,0,0,0,0,0,0,,,,,,61-65,56-65,State route,R,Saturday,Belt Used,PV,Not Fatal,0,1,1,0,State Route,State Patrol,Washington State Patrol,0,1,0,0,0,,,,,,0,0,0,,,,,,,,,,,98,98,98,0,,,,,20,7,,,,,,,,,,,,,,,
2019,213,E937123,42,06/29/2019,2:43,29,6,,67,Thurston,0,1,0,2,1,1,1,0,2,2,,,,12,0,2,8.2,1,0,1,4,2,2,4,0,0,0,0,CR-YELM HWY SE,,-122.7474222,46.9855,0,2,51,62,4,50,34,0,0,1,5,12,4,2,2,1,14,1,1,53,0,7,482,2010,0,0,12,,,,,,1,1,47,2,0,,1,0,3,0,11,4,,,,,0,0,3,3,1,91,0,0,0,96,,,,,,9,,,,,,98501,53,68,135,6,1,1,1,0,0,,1,,,,,,4,03/15/2015,03/15/2015,8,0,0,0,8,9,8,,,0,0,0,8,1,8,95,,,96,,,8,95,995,,,,,,,,,,,,,,,,,,,,,,,,,,,,,,0,0,0,0,1,1,1,1,1,0,0,0,1,0,0,0,1,0,0,1,0,0,0,0,0,0,0,0,0,1,0,0,0,0,0,,0,0,0,0,0,0,0,0,0,1,0,0,0,0,0,1,,,,,,46-50,46-55,County road,U,Saturday,Belt Used,PV,Not Fatal,0,1,1,0,County Road,County Sheriff,Thurston County Sheriff's Office,0,0,1,0,0,,,,,,0,1,1,,,,,,,,,,,98,98,98,0,,,,,20,7,,,,,,,,,,,,,,,
2019,271,E947666,8,08/03/2019,11:57,3,8,,31,Jefferson,0,1,0,1,1,2,2,0,2,2,,,,12,0,2,313.1,1,0,1,3,1,1,2,0,0,0,0,US-101,,-122.9839389,47.61368611,0,1,50,10,2,50,80,0,0,1,2,12,2,2,2,1,14,1,1,53,0,72,706,2019,0,0,68,12,,,,,1,1,71,1,7,,4,7,20,7,11,0,08/03/2019,11:57,53035036,35036,0,0,3,3,1,28,0,0,0,96,,,,,,99,,,,,,98501,53,68,225,6,1,0,0,0,0,,0,,,,,,0,,,20,8,0,0,0,9,8,,,0,0,0,8,9,8,95,,,96,,,8,95,995,,,,,,,,,,,,,,,,,,,,,,,,,,,,,,0,0,0,0,0,0,0,0,0,0,0,0,0,0,0,0,0,0,0,0,0,0,0,0,0,1,1,0,1,0,0,0,0,0,1,0,0,0,0,0,0,0,0,0,0,0,0,0,0,0,0,0,,,,,,71-75,66-75,US highway,R,Saturday,,MC,White,0,1,1,0,State Route,State Patrol,Washington State Patrol,0,1,0,0,0,,,,,,0,0,0,,,,,,,,,,,0,0,0,1,,,,,5,0,,,,,,,,,,,,,,,
2019,345,E965465,8,09/22/2019,5:56,22,9,,27,Grays Harbor,0,2,0,4,2,2,1,0,1,1,,,,42,0,0,4.8,1,0,1,3,1,1,3,0,0,0,0,SR-8,,-123.3104944,47.04732778,0,1,1,13,2,60,3,0,0,1,2,42,3,1,2,3,14,1,2,53,0,35,48,2004,0,0,63,42,1,,,,1,1,24,1,7,,4,7,3,0,11,0,09/22/2019,5:56,53041621,41621,0,0,0,3,1,0,0,0,0,96,,,,,,99,,,,,,98501,53,67,165,6,1,0,0,0,0,,0,,,,,,0,,,1,0,0,0,0,9,8,,,0,0,0,8,9,2,300,695,605,1,1,1,2,1,0,,,,,,,,,,,,,,,,,,,,,,,,,,,,,,0,0,1,0,0,0,1,1,1,0,0,0,0,0,0,0,0,0,0,0,0,0,0,1,1,0,0,0,0,1,0,0,0,0,0,,1,0,0,0,0,0,1,1,0,0,0,0,0,0,1,0,,,,,,21-25,16-25,State route,R,Sunday,Belt Used,PV,White,0,1,0,0,State Route,State Patrol,Washington State Patrol,1,1,0,0,0,thc,2.8,carboxy-thc,12,,0,0,0,,,,,,,,,,,98,98,98,1,,,,,20,7,,,,,,,nms,,,,,,,,
2020,547,EA51909,31,07/21/2020,17:56,21,7,,45,Mason,0,1,,1,1,2,1,0,1,1,18:01,18:18,18:47,42,0,0,2,1,0,1,5,1,2,4,0,0,0,0,CR-SE LYNCH RD,,-123.0569889,47.15383889,0,1,7,13,2,35,4,0,0,1,2,42,3,1,2,1,14,1,1,53,0,12,16,2011,0,,63,69,68,64,42,,1,1,82,1,7,,4,0,3,0,11,1,08/07/2020,18:42,1.96053E+11,36852,0,0,3,3,1,0,,,,92,,,,,,1,,,,,,98501,53,72,210,6,1,0,1,1,0,,0,,,,,,0,05/15/2016,08/15/2019,8,0,0,0,0,5,8,,,0,,,8,0,8,95,,,96,,,8,95,995,,,,,,,,,,,,,,,,,,,,,,,,,,,,,,0,0,0,0,0,0,0,0,0,0,0,0,0,0,0,0,1,0,0,0,0,0,0,0,0,1,1,1,0,1,0,0,0,0,0,,1,0,0,0,0,0,0,0,1,0,0,0,0,0,0,0,,,,,,81+,76+,County road,R,Tuesday,Belt Used,PV,White,0,1,0,0,County Road,County Sheriff,Mason County Sheriff's Office,1,0,1,0,0,,,,,,0,0,0,,,,,,,,,,,98,98,98,1,,,,,20,7,,,,,,,,1,0,,,LYNCH RD,2,,
2020,317,EA60275,3,08/18/2020,14:47,18,8,,53,Pierce,0,1,,1,1,2,1,0,4,3,,,,12,0,6,18.3,8,0,1,3,2,1,3,0,0,0,0,SR-161,,-122.2947667,47.05485278,0,3,77,65,4,98,14,0,0,1,7,12,1,1,5,5,1,1,9,99,0,55,402,2016,0,,12,,,,,,1,1,69,1,0,,0,0,3,0,11,0,,,,,0,0,0,3,1,0,,,,96,,,,,,0,,,,,,98501,53,62,140,6,1,0,0,0,0,,0,,,,,,0,,,20,0,0,0,8,9,8,,,0,,,8,8,0,0,,,0,,,0,0,996,,,,,,,,,,,,,,,,,,,,,,,,,,,,,,0,0,0,0,0,0,0,0,0,0,0,0,0,0,0,0,0,0,1,0,0,0,0,0,0,1,1,1,0,1,0,0,0,0,0,,0,0,0,0,0,0,0,0,0,0,0,0,0,0,0,0,,,,,,66-70,66-75,State route,U,Tuesday,Belt Used,PV,Not Fatal,0,0,0,0,State Route,State Patrol,Washington State Patrol,0,1,0,0,0,,,,,,0,0,0,,,,,,,,,,,98,98,98,0,,,,,20,7,,,,,,,,1,0,,,,,,
2020,325,EA60411,3,08/29/2020,3:07,29,8,,67,Thurston,0,1,,2,1,2,1,0,3,2,,,,12,0,2,114.6,1,0,1,1,2,1,1,0,0,0,0,I-5,,-122.7110417,47.068925,0,1,52,54,3,60,4,0,0,1,2,12,1,1,3,3,1,1,2,53,0,35,39,2003,0,,12,,,,,,1,1,17,1,7,,4,7,20,7,11,0,08/29/2020,3:07,53040049,40049,0,0,2,3,1,38,51,73,,96,,,,,,9,,,,,,98501,53,67,140,6,2,0,0,0,0,,0,,,,,,0,,,1,0,0,0,0,9,8,,,0,,,1,1,2,528,,,1,,,2,1,0,,,,,,,,,,,,,,,,,,,,,,,,,,,,,,0,0,0,0,1,0,1,1,0,0,0,0,0,0,0,0,0,0,1,1,1,0,1,0,1,0,0,0,0,1,0,0,0,1,0,,1,0,0,0,0,0,1,1,0,0,1,0,0,0,1,1,,,,,,16-17,16-25,Interstate,U,Saturday,Not Used,PV,White,0,0,0,1,State Route,State Patrol,Washington State Patrol,0,1,0,0,0,,,,,,0,0,0,,,,,,,,,,,98,98,98,1,,,,,20,7,,,,,,,,1,0,,,,,,
2020,365,EA65166,3,09/19/2020,21:36,19,9,,67,Thurston,0,2,,2,2,2,1,0,3,2,21:28,21:39,,12,1,1,16.2,1,0,1,5,1,2,4,0,0,0,0,CR-OLD HIGHWAY 99 SE,,-122.8600806,46.92220556,0,1,24,51,3,50,15,0,0,1,2,12,1,1,2,1,1,1,1,53,0,2,422,2016,0,,12,68,64,42,,,1,1,37,1,0,,0,0,3,0,11,0,,,,,0,0,3,3,1,91,,,,96,,,,,,98,,,,,,98501,53,68,155,6,1,0,0,0,0,,1,7,,,,,3,,,8,0,0,0,8,9,8,,,0,,,8,8,2,695,605,,1,1,,2,1,0.19,,,,,,,,,,,,,,,,,,,,,,,,,,,,,,0,0,0,0,1,1,1,1,1,0,0,0,1,0,0,0,0,0,0,0,0,0,0,0,0,0,0,0,0,1,0,0,0,0,0,,0,0,0,0,0,1,1,1,0,1,0,0,0,0,0,1,,,,,,36-40,36-45,County road,R,Saturday,Belt Used,PV,Not Fatal,0,0,0,0,County Road,State Patrol,Washington State Patrol,0,0,1,0,0,thc,1,carboxy-thc,7.5,,0,0,0,,,,,,,,,,,98,98,98,0,,,,,20,7,,,,,,,,1,0,,,OLD HWY 99 SW,16.222,,
2020,365,EA65166,3,09/19/2020,21:36,19,9,,67,Thurston,0,2,,2,2,2,1,0,3,2,21:28,21:39,,12,0,1,16.2,1,0,1,5,1,2,4,0,0,0,0,CR-OLD HIGHWAY 99 SE,,-122.8600806,46.92220556,0,2,25,53,3,50,4,0,0,1,2,12,1,1,2,1,1,2,1,53,0,35,47,2007,0,,12,68,64,42,,,1,1,51,1,0,,3,0,3,0,11,4,,,,,0,0,0,3,1,0,,,,96,,,,,,0,,,,,,98501,53,68,150,6,1,0,0,0,1,,0,,,,,,0,10/15/2016,10/15/2016,8,0,0,0,8,3,8,,,0,,,8,8,0,0,,,0,,,0,0,996,,,,,,,,,,,,,,,,,,,,,,,,,,,,,,0,0,0,0,1,1,1,1,1,0,0,0,1,0,0,0,0,0,0,0,0,0,0,0,0,0,0,0,0,1,0,0,0,0,0,,0,0,0,0,0,0,0,0,0,0,0,0,0,0,0,0,,,,,,51-55,46-55,County road,R,Saturday,Belt Used,PV,Not Fatal,0,0,0,0,County Road,State Patrol,Washington State Patrol,0,0,1,0,0,,,,,,0,0,0,,,,,,,,,,,98,98,98,0,,,,,20,7,,,,,,,,1,0,,,OLD HWY 99 SW,16.222,,
2020,451,EA82572,7,11/18/2020,4:25,18,11,,33,King,0,2,,3,2,2,1,0,4,2,4:54,5:07,,12,0,1,10.9,1,0,1,3,2,1,3,0,0,0,0,SR-18,,-122.1377083,47.34841667,0,2,21,53,3,60,4,0,0,1,5,12,1,2,2,3,5,3,5,53,0,37,32,1998,0,,12,,,,,,1,1,47,1,0,,1,0,99,7,11,5,,,,,0,0,0,2,1,54,91,,,96,,,,,,98,,,,,,98501,53,72,200,1,1,1,1,0,1,,1,,,,,,0,05/15/2015,12/15/2020,8,0,0,0,8,3,8,,,0,,,8,8,0,0,,,0,,,0,0,996,,,,,,,,,,,,,,,,,,,,,,,,,,,,,,0,0,0,0,0,0,0,0,0,0,0,0,0,1,0,0,0,0,0,0,0,0,0,0,0,1,0,0,0,1,0,0,0,0,0,,0,0,0,0,0,0,0,0,0,0,0,1,0,0,0,0,,,,,,46-50,46-55,State route,U,Wednesday,Unknown,PV,Not Fatal,0,0,0,0,State Route,State Patrol,Washington State Patrol,0,1,0,0,0,,,,,,0,0,6,,,,,,,,,,,0,0,0,0,,,,,20,7,,,,,,,,1,23,,,,,,
2021,620,EB31981,298,05/13/2021,15:03,13,5,,67,Thurston,2320,1,,1,1,2,1,0,2,2,,,,12,0,2,0,8,0,1,4,2,4,6,0,0,0,0,HENDERSON BLVD SE,,-122.8809889,47.00308611,0,1,68,15,2,35,14,0,0,1,2,12,1,1,4,1,11,1,1,53,0,49,402,2018,0,,12,,,,,,1,1,68,2,0,,2,0,3,0,11,0,,,,,0,0,0,3,1,10,38,48,,0,,,,,,98,,,,,,98501,53,64,143,6,1,0,0,0,0,,49,,,,,,0,,,8,0,0,0,8,9,8,,,0,,,8,8,8,95,,,96,,,8,95,995,,,,,,,,,,,,,,,,,,,,,,,,,,,,,,0,0,0,0,1,0,1,1,0,0,0,0,0,0,0,0,0,0,1,0,0,0,0,0,0,1,0,0,1,1,0,0,0,0,0,,0,0,0,0,0,0,0,0,0,0,1,0,0,0,0,0,,,,,,66-70,66-75,City street,U,Thursday,Belt Used,PV,Not Fatal,0,0,0,0,City Street,Municipal/City Police,Tumwater Police Department,0,0,0,1,0,,,,,,0,0,0,,,,,,,,,,,98,98,98,0,,,,,20,,,,,,,,,1,0,,,,,,
2021,328,EB63125,222,08/27/2021,7:45,27,8,,67,Thurston,1590,1,,1,1,2,1,0,1,1,,,,42,0,0,0,1,0,1,5,2,4,6,0,0,0,0,WHEELER AVE SE,,-122.8816083,47.03503889,0,1,7,6,1,98,4,0,0,1,2,42,2,4,2,1,14,1,0,41,0,55,35,1999,0,,68,64,42,,,,1,1,25,1,7,,4,7,20,7,11,0,08/27/2021,7:45,1.59053E+11,43282,0,0,0,0,1,0,,,,96,,,,,,98,,,,,,98501,53,70,145,0,0,0,0,0,0,,0,,,,,,4,,,1,0,0,0,0,9,8,,,0,,,8,8,2,177,401,417,1,1,1,2,1,0,,,,,,,,,,,,,,,,,,,,,,,,,,,,,,0,0,0,0,0,0,1,1,0,0,0,0,1,1,0,0,0,0,0,1,0,0,0,1,1,0,0,0,0,1,0,0,0,1,0,,1,0,0,0,0,0,1,1,0,1,0,1,0,0,1,0,,,,,,21-25,16-25,City street,U,Friday,Not Used,PV,AIAN,0,1,0,0,City Street,Municipal/City Police,Olympia Police Department,1,0,0,1,0,,,,,,0,0,0,,,,,,,,,,,0,0,0,3,,,,,20,,,,,,,,,1,0,,,,,,
2021,439,EB83918,42,10/22/2021,18:55,22,10,,67,Thurston,0,10,,2,2,2,1,0,2,2,,,,12,0,6,9,2,0,3,5,1,2,4,0,0,20,3,CR-110TH AVE SW,DELPHI RD SW,-123.0130611,46.92856667,0,1,82,15,2,50,34,0,0,1,5,12,1,1,2,1,11,1,2,53,0,12,481,2004,0,,12,,,,,,1,1,16,1,0,,0,0,3,0,11,0,,,,,0,0,1,3,1,38,,,,96,,,,,,98,,,,,,98501,53,72,155,6,2,0,0,0,0,,97,,,,,,0,,,20,0,0,0,8,9,8,,,0,,,8,8,0,0,,,0,,,0,0,996,,,,,,,,,,,,,,,,,,,,,,,,,,,,,,0,0,0,1,0,0,1,1,1,0,0,0,0,0,1,0,1,0,1,0,1,0,1,0,1,0,0,0,1,1,0,0,0,0,0,,0,0,0,0,0,0,0,0,0,0,1,0,0,0,0,0,,,,,,16-17,16-25,County road,R,Friday,Belt Used,PV,Not Fatal,1,0,0,0,County Road,County Sheriff,Thurston County Sheriff's Office,0,0,1,0,0,,,,,,0,0,0,,,,,,,,,,,98,98,98,0,,,,,20,,,,,,,,,1,0,,,110TH AVE SW,9,DELPHI RD SW,0
2017,252,E692354,35,07/14/2017,11:18,14,7,0,53,Pierce,0,1,0,1,1,2,1,0,3,2,,,,12,0,1,122.7,1,0,1,1,2,1,1,0,0,0,0,I-5,,-122.5574056,47.11813333,0,2,29,53,3,60,3,0,0,1,5,12,1,2,3,3,2,2,1,53,0,69,54,2011,0,0,12,,,,,,1,1,45,2,0,0,0,0,3,0,11,0,,,,,0,0,3,3,1,0,0,0,0,0,,,,,,0,,,,,,98502,53,67,118,6,1,0,0,0,0,0,0,,,,,,0,,,20,0,0,0,8,9,8,,,0,0,0,8,0,0,0,0,0,0,0,0,0,0,996,,,,,,,,,,,,,,,,,,,,,,,,,,,,,,0,0,0,0,0,0,1,1,0,0,0,0,1,0,0,0,1,0,0,0,0,0,0,1,1,0,0,0,1,1,0,0,0,0,0,,0,0,0,0,0,0,0,0,0,0,0,0,0,0,0,0,,,,,,41-45,36-45,Interstate,U,Friday,Belt Used,PV,Not Fatal,0,0,0,0,State Route,State Patrol,Washington State Patrol Headquarter,0,1,0,0,0,,,,,,,,,,,,,,,,,,,,,,,,,,,,,,,,,,,,,,,,,,,
2017,272,E696362,5,07/23/2017,20:25,23,7,0,41,Lewis,0,1,0,5,1,2,2,0,2,1,20:21,21:44,,42,0,0,81.4,1,0,1,3,1,1,2,0,0,0,0,US-12,,-122.5779333,46.51337778,0,1,1,13,2,55,14,0,0,1,2,3,3,2,2,1,14,2,1,53,0,32,401,2013,0,0,63,42,3,,,,1,1,44,1,7,1,4,7,99,0,11,0,07/23/2017,20:25,53032464,32464,0,0,0,3,1,0,0,0,0,96,,,,,,9,,,,,,98502,53,71,150,6,1,0,0,0,2,1,0,,,,,,4,09/15/2013,01/15/2016,99,0,0,0,0,1,1,,,0,0,0,1,1,2,128,177,605,1,1,1,2,1,0.026,,,,,,,,,,,,,,,,,,,,,,,,,,,,,,0,0,1,0,1,0,1,1,1,0,0,0,1,0,0,0,0,0,0,0,0,0,0,0,0,0,0,0,0,1,0,0,0,0,0,,1,0,0,0,1,0,1,1,0,1,0,0,0,0,0,1,,,,,,41-45,36-45,US highway,R,Sunday,Unknown,PV,White,0,1,0,0,State Route,State Patrol,Washington State Patrol Headquarter,1,1,0,0,0,thc,4.6,carboxy-thc,19,,,,,,,,,,,,,,,,,,,,,,,,,,,,,,,,,,,,,,,