year,case,par,repjur,crash_dt,crash_tm,accday,accmon,holiday,county,co_char,city,weather,weather2,lightcond,surfcond,surftype,numfatal,nmforms,pforms,vforms,not_tm,arr_tm,hosp_tm,fhevent,hitrun,manncol,milepnt,reljunc,reljuncinter,intersectiontype,funcsystem,landuse,ownership,route,schlbus,spejur,contdev,devfunc,trafid1,trafid2,x,y,wk_zone,vnumber,crashtype,criticalevent,criticaleventcat,spdlim,body,trailer,emerg,hazcargo,leave,mhevent,roadalgn,roadprof,traflane,trafflow,vehmanvr,numoccs,regowner,regstate,spuse,make,model,modelyr,vrf1,vrf2,seqevent1,seqevent2,seqevent3,seqevent4,seqevent5,seqevent6,pnumber,ptype,age,sex,hispanic,race,injury,diedscene,restraint,restraintmisuse,seatpos,takehosp,death_dt,death_tm,cert,cernum_wa,commlic,licendor,licrestrict,liccomp,drivpres,drf1,drf2,drf3,drf4,distract1,distract2,distract3,distract4,distract5,distract6,dricond1,dricond2,dricond3,dricond4,dricond5,dricond6,dzip,licstate,drhgt_in,weight,noncdl,noncdltype,prevdwi,prevoth,prevacc,prevspd,prevsus,driviol1,driviol2,driviol3,driviol4,driviol5,driviol6,spdrel,first_dt,last_dt,airbag,ejection,ejectpath,extricat,injurwrk,methalc,methdrug,nmlocat,strikveh,prf1,prf2,prf3,druginv,alcinvol,drugsts,drugres1,drugres2,drugres3,drugtst1,drugtst2,drugtst3,alcsts,alctst,alcres,nmact1,nmact2,nmact3,nmact4,nmact5,nmact6,nmprior1,nmprior2,nmprior3,nmprior4,nmprior5,nmprior6,nmcond1,nmcond2,nmcond3,nmcond4,nmcond5,nmcond6,nmsafe_helmet,nmsafe_pads,nmsafe_oth,nmprev_ref,nmprev_lgt,nmprev_oth,crashlocation,nmcrashtype,crosswalk,schoolzone,sidewalk,train_inv,wildlife_inv,rotr_fars,intersect_fars,dd_inv,aid_inv,dpd_inv,id_inv,mj_inv,impnm_inv,ainm_inv,dpnm_inv,speed_inv,unlic_inv,unendmc_inv,drowsy_inv,drdist_inv,nmdist_inv,fty_inv,unrestfat_inv,dr1617_inv,dr1820_inv,dr1620_inv,dr2125_inv,dr1625_inv,dr65_inv,dr70_inv,dr75_inv,mc_inv,pv_inv,ht_inv,ped_inv,bike_inv,unrest_fat,mc_fat,unhelmet_mc,pv_fat,ht_fat,ped_fat,bike_fat,dr_alc7,dr_alc8,dr_drug,dr_imp,dr_dist,dr_spd,dr_fty,dr_unlic,dr_alc7only,dr_alc8only,dr_drugonly,dr_drink,nm_imp,nm_alc7,nm_alc8,nm_drug,nm_dist,agegrp1,agegrp2,roadclass,urbrur,dayweek,restuse,vehtype,race_me,intersect,lanedep,oppdir,wrongway,rep_typ,investag,repag_long,rotr,st_rd,cty_rd,city_rd,oth_rd,drug_thc,thc_res,drug_cthc,cthc_res,drug_cann,prevpersemin,prevperse,prevsusoth,drugtst4,drugtst5,drugtst6,drugtst7,drugtst8,drugres4,drugres5,drugres6,drugres7,drugres8,adspresent,adsengaged,adslevel,race1,race2,race3,race4,race5,helmet,helmetmisuse,nmdistract1,nmdistract2,nmdistract3,nmdistract4,nmdistract5,nmdistract6,lab,isedtcase,crf1,crf2,crf3,CoRoadName,CoMP,IntCoRoadName,IntCoMP
2017,328,E705434,3,08/27/2017,3:49,27,8,0,67,Thurston,0,1,0,2,1,2,1,0,10,7,,,,12,0,1,93.8,1,0,1,1,1,1,1,0,0,0,0,I-5,,-122.9669722,46.87550833,0,4,98,53,3,60,34,0,0,1,2,12,1,1,3,3,5,2,1,53,0,49,472,2012,0,0,12,12,12,,,,1,1,69,2,0,0,0,0,3,0,11,0,,,,,0,0,3,3,1,0,0,0,0,0,,,,,,0,,,,,,98502,53,67,300,6,1,0,0,0,0,0,0,,,,,,0,,,20,0,0,0,8,9,2,,,0,0,0,0,0,0,0,0,0,0,0,0,0,0,996,,,,,,,,,,,,,,,,,,,,,,,,,,,,,,0,0,0,0,0,0,0,0,0,0,0,0,0,1,0,0,1,0,0,0,0,0,0,0,0,1,0,0,0,1,1,0,0,0,0,,0,0,0,0,0,0,0,0,0,0,0,0,0,0,0,0,,,,,,66-70,66-75,Interstate,R,Sunday,Belt Used,PV,Not Fatal,0,0,0,0,State Route,State Patrol,Washington State Patrol Headquarter,0,1,0,0,0,,,,,,,,,,,,,,,,,,,,,,,,,,,,,,,,,,,,,,,,,,,
2018,109,E790608,42,04/20/2018,15:47,20,4,0,67,Thurston,0,1,0,1,1,2,1,0,1,1,,,,35,0,0,2,1,0,1,5,1,2,4,0,0,0,0,CR-STEAMBOAT ISLAND RD,,-123.00675,47.10473611,0,1,1,13,2,50,14,0,0,1,2,42,3,1,2,1,14,1,1,53,0,42,401,2015,0,0,63,35,67,42,,,1,1,56,2,7,1,4,7,3,0,11,0,04/20/2018,16:09,53018891,18891,0,0,0,3,1,0,0,0,0,92,,,,,,99,,,,,,98502,53,56,95,6,1,0,0,1,0,,0,,,,,,4,06/15/2015,06/15/2015,20,0,0,0,0,9,8,,,0,0,0,8,9,2,1,,,1,,,2,1,0.24,,,,,,,,,,,,,,,,,,,,,,,,,,,,,,0,0,1,0,1,1,0,1,0,0,0,0,1,0,0,0,1,0,0,0,0,0,0,0,0,0,0,0,0,1,0,0,0,0,0,,1,0,0,0,0,1,0,1,1,1,0,0,0,1,0,1,,,,,,56-60,56-65,County road,R,Friday,Belt Used,PV,White,0,1,0,0,County Road,County Sheriff,Thurston County Sheriff's Office,1,0,1,0,0,,,,,,0,0,0,,,,,,,,,,,,,,,,,,,,,,,,,,,,,,,,,,,
2019,166,E906586,222,03/31/2019,9:33,31,3,,67,Thurston,1590,1,0,1,1,1,1,1,1,1,,,,8,0,0,0,3,0,3,3,2,4,6,0,0,0,0,CAPITOL WAY SE,8TH AVE,-122.9011472,47.04150556,0,1,13,80,5,98,4,0,0,1,5,8,1,2,4,1,11,1,1,53,0,49,40,2018,0,0,8,,,,,,1,1,33,1,0,,0,0,99,7,11,0,,,,,0,0,3,3,1,0,0,0,0,96,,,,,,0,,,,,,98502,53,64,100,6,1,0,0,0,0,,97,,,,,,0,,,20,0,0,0,8,9,8,,,0,0,0,8,0,8,95,,,96,,,8,95,995,,,,,,,,,,,,,,,,,,,,,,,,,,,,,,0,0,0,1,0,0,0,0,0,0,0,0,0,0,0,0,0,0,0,0,0,0,0,0,0,0,0,0,0,1,0,1,0,0,0,,0,0,0,0,0,0,0,0,0,0,0,0,0,0,0,0,,,,,,31-35,26-35,City street,U,Sunday,Unknown,PV,Not Fatal,1,0,0,0,City Street,Municipal/City Police,Olympia Police Department,0,0,0,1,0,,,,,,0,0,0,,,,,,,,,,,98,98,98,0,,,,,20,7,,,,,,,,,,,,,,,
2019,117,E914828,8,04/20/2019,23:20,20,4,,27,Grays Harbor,0,10,0,2,1,2,1,0,4,3,,,,12,0,7,37.9,1,0,1,3,1,1,2,0,0,0,0,US-12,,-123.1738194,46.82799167,0,1,46,51,3,55,4,0,0,1,2,1,1,1,2,1,6,2,2,53,0,37,32,2002,0,0,68,68,12,1,12,,1,1,38,1,7,,4,7,20,7,11,0,04/20/2019,23:20,53019608,19608,0,0,3,2,1,33,0,0,0,96,,,,,,9,,,,,,98502,53,72,297,1,1,0,1,1,0,,0,,,,,,3,09/15/2014,10/15/2016,8,2,9,0,0,1,8,,,0,0,0,8,1,2,1,,,1,,,2,1,0.14,,,,,,,,,,,,,,,,,,,,,,,,,,,,,,0,0,0,0,1,1,0,1,0,0,0,0,1,1,0,0,0,0,0,1,0,0,0,0,0,0,0,0,0,1,0,0,0,1,0,,1,0,0,0,0,1,0,1,0,1,0,1,0,1,0,1,,,,,,36-40,36-45,US highway,R,Saturday,Not Used,PV,White,0,0,0,0,State Route,State Patrol,Washington State Patrol,0,1,0,0,0,,,,,,0,0,6,,,,,,,,,,,98,98,98,1,,,,,20,7,,,,,,,,,,,,,,,
2019,323,E958440,42,09/09/2019,17:50,9,9,,67,Thurston,0,10,0,5,2,2,1,0,2,1,,,,42,0,0,0.2,1,0,1,7,1,2,4,0,0,0,0,CR-SUMMIT LAKE RD NW,,-123.1054778,47.03587222,0,1,1,13,2,35,4,0,0,1,7,42,1,2,2,1,1,2,2,53,0,19,23,2017,0,0,63,42,,,,,1,1,27,2,7,,4,0,3,0,11,4,09/09/2019,20:40,1.96053E+11,41110,0,0,0,3,1,0,0,0,0,96,,,,,,9,,,,,,98502,53,64,130,6,1,0,0,0,0,,0,,,,,,3,,,8,0,0,0,0,9,8,,,0,0,0,8,1,2,348,,,1,,,2,1,0.16,,,,,,,,,,,,,,,,,,,,,,,,,,,,,,0,0,1,0,1,1,1,1,0,0,0,0,1,0,0,0,0,0,0,0,0,0,0,0,0,0,0,0,0,1,0,0,0,0,0,,1,0,0,0,0,1,1,1,0,1,0,0,0,0,0,1,,,,,,26-30,26-35,County road,R,Monday,Belt Used,PV,Multiracial,0,1,0,0,County Road,County Sheriff,Thurston County Sheriff's Office,1,0,1,0,0,,,,,,0,0,0,,,,,,,,,,,98,98,98,201,268,,,,20,7,,,,,,,,,,,,,,,
2019,413,E981655,222,11/04/2019,10:30,4,11,,67,Thurston,1590,1,0,1,1,2,2,0,2,1,,,,38,0,0,0,8,0,1,7,2,4,6,0,0,0,0,W BAY DR NW,HARBOR VIEW DR NW,-122.9148333,47.05812778,0,1,98,17,2,30,14,0,0,1,7,1,1,4,2,1,1,2,1,53,0,2,405,2005,0,0,71,38,41,1,,,1,1,77,8,7,,4,7,20,7,11,0,11/04/2019,10:30,1.59053E+11,49105,0,0,3,3,1,0,0,0,0,96,,,,,,0,,,,,,98502,53,66,320,6,1,0,0,0,0,,0,,,,,,0,,,1,0,0,0,0,9,8,,,0,0,0,8,0,2,996,996,996,1,1,1,2,1,0,,,,,,,,,,,,,,,,,,,,,,,,,,,,,,0,0,0,0,0,0,1,1,0,0,0,0,0,0,0,0,0,0,0,1,0,0,0,0,0,1,1,1,0,1,0,0,0,1,0,,1,0,0,0,0,0,1,1,0,0,0,0,0,0,1,0,,,,,,76-80,76+,City street,U,Monday,Not Used,PV,White,0,0,0,0,City Street,Municipal/City Police,Olympia Police Department,0,0,0,1,0,,,,,,0,0,0,1,1,1,,,996,996,996,996,996,98,98,98,1,,,,,20,7,,,,,,,,,,,,,,,
2020,71,EA25233,3,03/08/2020,22:10,8,3,,67,Thurston,2320,1,,3,1,2,1,0,1,1,,,,1,0,0,0.2,5,1,1,1,2,1,1,0,0,0,0,I-5,,-122.9118806,47.0014,0,1,6,12,2,98,4,0,0,1,2,1,2,2,1,6,14,1,1,53,0,30,40,2018,0,,64,1,42,,,,1,1,30,2,7,,4,7,3,0,11,0,03/08/2020,22:19,2.32053E+11,11458,0,0,0,3,1,0,,,,92,,,,,,98,,,,,,98502,53,66,150,6,1,0,2,1,0,,0,,,,,,4,03/15/2018,01/15/2018,8,0,0,0,0,9,8,,,0,,,8,8,2,1,,,1,,,2,1,0.219,,,,,,,,,,,,,,,,,,,,,,,,,,,,,,0,0,1,0,1,1,0,1,0,0,0,0,1,0,0,0,1,0,0,0,0,0,0,0,0,0,0,0,0,1,0,0,0,0,0,,1,0,0,0,0,1,0,1,1,1,0,0,0,1,0,1,,,,,,26-30,26-35,Interstate,U,Sunday,Belt Used,PV,White,0,1,0,0,State Route,State Patrol,Washington State Patrol,1,1,0,0,0,,,,,,0,0,0,,,,,,,,,,,98,98,98,1,,,,,20,7,,,,,,,,1,0,,,,,,
2020,431,EA78019,5,10/26/2020,6:35,26,10,,41,Lewis,0,1,,2,1,2,1,0,3,2,6:41,7:13,7:43,24,0,0,91.9,1,0,1,2,1,1,2,0,0,0,0,US-12,,-122.3822639,46.53411389,0,1,1,13,2,55,6,0,0,1,2,12,1,2,2,1,1,1,1,53,0,49,46,2016,0,,63,24,69,68,12,,1,1,43,1,0,,3,0,3,0,11,5,,,,,0,0,0,3,1,8,,,,96,,,,,,98,,,,,,98502,53,71,175,6,1,0,0,0,0,,97,,,,,,0,,,8,0,0,0,8,3,8,,,0,,,8,8,0,0,,,0,,,0,0,996,,,,,,,,,,,,,,,,,,,,,,,,,,,,,,0,0,1,0,0,0,0,0,0,0,0,0,0,1,0,0,0,0,0,0,0,0,0,1,1,0,0,0,0,1,0,0,0,0,0,,0,0,0,0,0,0,0,0,0,0,0,0,0,0,0,0,,,,,,41-45,36-45,US highway,R,Monday,Belt Used,PV,Not Fatal,0,1,0,0,State Route,State Patrol,Washington State Patrol,1,1,0,0,0,,,,,,0,0,0,,,,,,,,,,,98,98,98,0,,,,,20,7,,,,,,,,1,0,,,,,,
2021,22,EB00762,3,01/07/2021,0:49,7,1,,67,Thurston,1590,10,,3,1,2,1,1,1,1,,,,8,0,0,0.1,20,0,1,1,2,1,1,0,0,0,0,I-5 RAMP,,-122.8780667,47.03620278,0,1,13,80,5,60,4,0,0,1,2,8,1,1,2,6,1,1,1,53,0,55,36,2013,0,,8,,,,,,1,1,71,1,0,,1,0,3,0,11,0,,,,,0,0,3,3,1,0,,,,96,,,,,,98,,,,,,98502,53,67,220,6,1,0,1,0,4,,0,,,,,,0,11/15/2016,09/15/2020,1,0,0,0,8,3,2,,,0,,,8,8,0,0,,,0,,,0,0,996,,,,,,,,,,,,,,,,,,,,,,,,,,,,,,0,0,0,0,0,0,0,0,0,1,0,1,0,0,0,0,0,0,0,0,0,0,0,0,0,1,1,0,0,1,0,1,0,0,0,,0,0,0,0,0,0,0,0,0,0,0,0,0,0,0,0,,,,,,71-75,66-75,Interstate,U,Thursday,Belt Used,PV,Not Fatal,0,0,0,0,State Route,State Patrol,Washington State Patrol,0,1,0,0,0,,,,,,0,0,0,,,,,,,,,,,98,98,98,0,,,,,20,,,,,,,,,1,0,,,,,,
2021,68,EB14232,3,03/05/2021,22:22,5,3,,53,Pierce,1124,10,,3,1,1,1,0,2,2,,,,12,0,1,128.4,1,0,1,1,2,1,1,0,0,0,0,I-5,,-122.4697194,47.17320556,0,1,24,51,3,60,4,0,0,1,2,12,4,1,4,3,14,1,1,53,0,49,40,2016,0,,12,,,,,,1,1,44,2,7,,4,0,20,7,11,5,03/06/2021,1:38,76353012335,12335,0,0,0,3,1,0,,,,96,,,,,,9,,,,,,98502,53,63,115,6,1,0,0,1,0,,0,,,,,,3,12/15/2016,12/15/2016,8,0,0,0,0,1,8,,,0,,,9,1,2,1,,,1,,,2,1,0.18,,,,,,,,,,,,,,,,,,,,,,,,,,,,,,0,0,0,0,1,1,0,1,0,0,0,0,1,0,0,0,0,0,0,1,0,0,0,0,0,0,0,0,0,1,0,0,0,1,0,,1,0,0,0,0,1,0,1,0,1,0,0,0,1,0,1,,,,,,41-45,36-45,Interstate,U,Friday,Not Used,PV,API,0,0,0,0,State Route,State Patrol,Washington State Patrol,0,1,0,0,0,,,,,,0,0,0,,,,,,,,,,,98,98,98,28,,,,,20,,,,,,,,,1,0,,,,,,
2021,222,EB48095,169,07/12/2021,0:11,12,7,,67,Thurston,1102,1,,3,1,2,1,0,1,1,,,,42,0,0,0,1,0,1,4,2,4,6,0,0,0,0,CARPENTER RD SE,,-122.7965833,47.04771111,0,1,1,13,2,35,80,0,0,1,2,42,3,1,2,1,14,1,1,53,0,73,705,2007,0,,63,42,,,,,1,1,21,1,7,,4,0,20,7,11,5,07/12/2021,0:56,1.10253E+11,34815,0,0,0,2,1,8,,,,96,,,,,,98,,,,,,98502,53,72,165,6,1,0,0,1,1,,0,,,,,,3,12/15/2019,06/15/2020,20,8,0,0,0,9,8,,,0,,,8,8,2,695,605,401,1,1,1,2,1,0.15,,,,,,,,,,,,,,,,,,,,,,,,,,,,,,0,0,1,0,1,1,1,1,1,0,0,0,1,0,1,0,0,0,0,0,0,0,0,1,1,0,0,0,1,0,0,0,0,0,1,0,0,0,0,0,0,1,1,1,0,1,0,0,0,0,0,1,,,,,,21-25,16-25,City street,U,Monday,,MC,Multiracial,0,1,0,0,City Street,Municipal/City Police,Lacey Police Department,1,0,0,1,0,thc,8.8,carboxy-thc,63,,0,0,2,,,,,,,,,,,0,0,0,202,201,,,,19,,,,,,,,,1,0,,,,,,
2021,640,Inciden,42,10/15/2021,14:55,15,10,,67,Thurston,0,10,,1,1,2,1,0,1,1,,,,42,0,0,,1,0,1,5,1,2,4,0,0,0,0,CR-STEAMBOAT ISLAND RD NW,,-123.0058917,47.11046944,0,1,6,8,1,50,14,0,0,1,2,42,1,8,2,1,1,1,1,53,0,55,402,2007,0,,68,64,42,1,2,,1,1,87,1,7,,4,0,3,0,11,1,10/15/2021,16:42,1.96053E+11,53325,0,0,0,3,1,0,,,,96,,,,,,1,,,,,,98502,53,69,160,6,1,0,0,0,0,,0,,,,,,0,,,98,0,0,0,0,5,8,,,0,,,8,0,2,996,522,,1,1,,2,1,0,,,,,,,,,,,,,,,,,,,,,,,,,,,,,,0,0,1,0,0,0,1,1,0,0,0,0,0,0,0,0,0,0,0,0,0,0,0,0,0,1,1,1,0,1,0,0,0,0,0,,1,0,0,0,0,0,1,1,0,0,0,0,0,0,1,0,,,,,,81+,76+,County road,R,Friday,Belt Used,PV,White,0,0,0,0,County Road,,,0,0,1,0,0,,,,,,0,0,0,,,,,,,,,,,98,98,98,1,,,,,20,,,,,,,,,0,0,,,,,,
2017,201,E682134,42,06/17/2017,2:20,17,6,0,67,Thurston,0,1,0,2,1,2,1,0,1,1,,,,42,0,0,6.6,1,0,1,5,2,2,4,0,0,0,0,CR-CARPENTER RD NE,,-122.801925,47.08325,0,1,1,13,2,50,3,0,0,1,2,42,1,4,2,1,1,1,2,53,0,55,42,2013,0,0,68,63,42,1,,,1,1,17,1,7,1,4,7,3,0,11,0,06/17/2017,2:20,53027541,27541,0,0,0,3,1,0,0,0,0,99,,,,,,99,,,,,,98503,53,70,140,6,2,0,0,0,0,0,0,,,,,,5,,,8,0,0,0,0,9,8,,,0,0,0,8,9,2,1,0,0,1,0,0,2,1,0.24,,,,,,,,,,,,,,,,,,,,,,,,,,,,,,0,0,1,0,1,1,0,1,0,0,0,0,1,0,0,0,0,0,0,0,1,0,1,0,1,0,0,0,0,1,0,0,0,0,0,,1,0,0,0,0,1,0,1,0,1,0,0,0,1,0,1,,,,,,16-17,16-25,County road,U,Saturday,Belt Used,PV,White,0,1,0,0,County Road,County Sheriff,Thurston County Sheriff's Office,1,0,1,0,0,,,,,,,,,,,,,,,,,,,,,,,,,,,,,,,,,,,,,,,,,,,
2018,191,E764286,42,01/30/2018,13:03,30,1,0,67,Thurston,1102,1,0,1,2,2,1,1,1,1,,,,8,0,0,0,3,0,3,4,1,4,4,0,0,20,3,CR-CARPENTER RD SE,32ND AVE SE,-122.7808389,47.01815833,0,1,13,11,2,35,6,0,0,1,5,8,4,2,2,1,10,1,2,53,0,20,24,2012,0,0,63,8,,,,,1,1,25,2,0,0,0,0,3,0,11,0,,,,,0,0,0,3,1,10,0,0,0,96,,,,,,0,,,,,,98503,53,67,205,6,1,0,0,0,2,,0,,,,,,0,03/15/2015,07/15/2017,20,0,0,0,8,9,8,,,0,0,0,8,0,8,95,,,96,,,8,95,995,,,,,,,,,,,,,,,,,,,,,,,,,,,,,,0,0,0,1,0,0,0,0,0,0,0,0,0,0,0,0,0,0,0,0,0,0,0,1,1,0,0,0,0,1,0,1,0,0,0,,0,0,0,0,0,0,0,0,0,0,0,0,0,0,0,0,,,,,,21-25,16-25,County road,R,Tuesday,Belt Used,PV,Not Fatal,1,0,0,0,City Street,County Sheriff,Thurston County Sheriff's Office,0,0,0,1,0,,,,,,0,0,0,,,,,,,,,,,,,,,,,,,,,,,,,,,,,,,,,,,
2018,188,E777184,29,03/03/2018,13:37,3,3,0,41,Lewis,0,1,0,1,1,2,1,0,1,1,13:44,13:56,14:43,38,0,0,1,1,0,1,7,1,2,4,0,0,0,0,CR-TEITZEL RD,,-122.8834944,46.74491667,0,1,1,13,2,35,80,0,0,1,5,38,3,1,2,1,14,1,1,53,0,73,706,2013,0,0,63,38,,,,,1,1,76,1,7,1,4,0,19,0,11,5,03/04/2018,20:46,2.23053E+11,10293,6,0,3,3,1,0,0,0,0,93,,,,,,0,,,,,,98503,53,72,205,6,1,0,0,1,0,,0,,,,,,0,10/15/2015,10/15/2015,20,8,0,0,0,9,8,,,0,0,0,8,0,8,95,,,96,,,8,95,995,,,,,,,,,,,,,,,,,,,,,,,,,,,,,,0,0,1,0,0,0,0,0,0,0,0,0,0,0,0,0,1,0,0,0,0,0,0,0,0,1,1,1,1,0,0,0,0,0,1,0,0,0,0,0,0,0,0,0,1,0,0,0,0,0,0,0,,,,,,76-80,76+,County road,R,Saturday,,MC,White,0,1,0,0,County Road,County Sheriff,Lewis County Sheriff's Office,1,0,1,0,0,,,,,,0,0,0,,,,,,,,,,,,,,,,,,,,,,,,,,,,,,,,,,,
2018,379,E843470,169,09/27/2018,13:30,27,9,0,67,Thurston,1102,1,0,1,1,2,1,0,4,2,,,,12,0,6,0,2,0,2,7,2,4,6,0,0,0,0,COLLEGE ST SE,BELAIR DR SE,-122.8231944,47.02075,0,1,68,15,2,35,14,0,0,1,5,12,1,1,4,1,11,2,1,53,0,49,402,2013,0,0,12,64,31,,,,1,1,79,2,0,0,1,0,3,0,11,5,,,,,0,0,3,3,1,10,38,48,0,96,,,,,,0,,,,,,98503,53,63,155,6,1,0,0,0,0,,46,,,,,,0,,,8,0,0,0,8,9,8,,,0,0,0,8,0,8,95,,,96,,,8,95,995,,,,,,,,,,,,,,,,,,,,,,,,,,,,,,0,0,0,1,0,0,0,0,0,0,0,0,0,1,0,0,0,0,1,0,0,0,0,1,1,1,1,1,0,1,0,0,0,0,0,,0,0,0,0,0,0,0,0,0,0,1,0,0,0,0,0,,,,,,76-80,76+,City street,U,Thursday,Belt Used,PV,Not Fatal,1,0,0,0,City Street,Municipal/City Police,Lacey Police Department,0,0,0,1,0,,,,,,0,0,0,,,,,,,,,,,,,,,,,,,,,,,,,,,,,,,,,,,
2018,390,E855368,7,10/12/2018,5:09,12,10,0,33,King,0,1,0,2,1,2,2,0,3,2,,,,12,0,2,21.6,1,0,1,3,1,1,3,0,0,0,0,SR-18,,-121.9634167,47.439625,0,1,50,10,2,55,34,0,0,1,2,12,1,2,3,1,1,1,1,53,0,7,482,2003,0,0,68,12,,,,,1,1,36,1,0,0,1,0,3,0,11,8,,,,,0,0,0,3,1,28,91,0,0,96,,,,,,9,,,,,,98503,53,72,200,6,1,0,0,2,5,,1,,,,,,0,01/15/2014,05/15/2017,8,0,0,0,8,9,2,,,0,0,0,1,1,2,177,401,417,1,1,1,2,1,0,,,,,,,,,,,,,,,,,,,,,,,,,,,,,,0,0,0,0,1,0,1,1,0,0,0,0,0,0,0,0,0,0,0,0,0,0,0,0,0,0,0,0,0,1,0,0,0,0,0,,0,0,0,0,0,0,1,1,0,0,0,0,0,0,1,1,,,,,,36-40,36-45,State route,R,Friday,Belt Used,PV,Not Fatal,0,1,1,0,State Route,State Patrol,Washington State Patrol,0,1,0,0,0,,,,,,0,0,5,,,,,,,,,,,,,,,,,,,,,,,,,,,,,,,,,,,
2019,65,E899642,1,02/04/2019,14:46,4,2,,77,Yakima,0,4,0,1,4,2,1,0,12,6,,,,12,0,7,21,1,0,1,1,1,1,1,0,0,0,0,I-82,,-120.3964778,46.72549444,0,4,47,10,2,70,20,0,0,1,5,12,1,3,2,3,15,2,3,53,0,7,442,2014,0,0,12,,,,,,1,1,37,2,0,,0,0,3,0,11,0,,,,,0,0,0,3,1,87,0,0,0,96,,,,,,0,,,,,,98503,53,63,130,6,1,0,0,0,0,,0,,,,,,0,,,20,0,0,0,8,9,8,,,0,0,0,8,0,8,95,,,96,,,8,95,995,,,,,,,,,,,,,,,,,,,,,,,,,,,,,,0,0,0,0,0,0,0,0,0,0,0,0,1,0,0,0,0,0,0,0,0,1,1,0,1,1,1,0,0,1,1,0,0,0,0,,0,0,0,0,0,0,0,0,0,0,0,0,0,0,0,0,,,,,,36-40,36-45,Interstate,R,Monday,Belt Used,PV,Not Fatal,0,0,0,0,State Route,State Patrol,Washington State Patrol,0,1,0,0,0,,,,,,0,0,0,,,,,,,,,,,98,98,98,0,,,,,20,7,,,,,,,,,,,,,,,
2019,82,E905389,298,03/21/2019,1:05,21,3,,67,Thurston,2320,1,0,3,1,2,1,0,2,1,,,,30,0,0,0,1,0,1,7,2,4,6,0,0,0,0,LAKE PARK DR SW,,-122.9187778,47.00219444,0,1,2,6,1,25,2,0,0,1,7,30,2,1,2,1,14,2,2,53,0,37,32,1991,0,0,63,30,,,,,1,1,23,1,0,,0,0,99,7,11,0,,,,,0,0,3,3,1,91,0,0,0,93,,,,,,9,,,,,,98503,53,66,138,6,1,0,1,0,2,,1,,,,,,4,05/15/2015,08/15/2018,20,0,0,0,8,9,8,,,0,0,0,8,1,2,1,,,1,,,2,1,0.25,,,,,,,,,,,,,,,,,,,,,,,,,,,,,,0,0,0,0,1,1,0,1,0,0,0,0,1,0,0,0,1,0,0,0,0,0,0,1,1,0,0,0,0,1,0,0,0,0,0,,0,0,0,0,0,1,0,1,1,1,0,0,0,1,0,1,,,,,,21-25,16-25,City street,U,Thursday,Unknown,PV,Not Fatal,0,1,0,0,City Street,Municipal/City Police,Tumwater Police Department,1,0,0,1,0,,,,,,0,0,0,,,,,,,,,,,0,0,0,0,,,,,20,7,,,,,,,,,,,,,,,
2019,117,E914828,8,04/20/2019,23:20,20,4,,27,Grays Harbor,0,10,0,2,1,2,1,0,4,3,,,,12,0,7,37.9,1,0,1,3,1,1,2,0,0,0,0,US-12,,-123.1738194,46.82799167,0,3,45,60,4,55,4,0,0,1,7,12,1,1,2,1,1,1,1,53,0,37,31,2014,0,0,12,,,,,,1,1,26,2,0,,3,0,3,0,11,8,,,,,0,0,0,3,1,0,0,0,0,96,,,,,,0,,,,,,98503,53,67,155,6,1,0,1,0,1,,0,,,,,,0,01/15/2015,11/15/2017,8,0,0,0,8,9,8,,,0,0,0,8,9,8,95,,,96,,,8,95,995,,,,,,,,,,,,,,,,,,,,,,,,,,,,,,0,0,0,0,1,1,0,1,0,0,0,0,1,1,0,0,0,0,0,1,0,0,0,0,0,0,0,0,0,1,0,0,0,0,0,,0,0,0,0,0,0,0,0,0,0,0,0,0,0,0,0,,,,,,26-30,26-35,US highway,R,Saturday,Belt Used,PV,Not Fatal,0,0,0,0,State Route,State Patrol,Washington State Patrol,0,1,0,0,0,,,,,,0,0,2,,,,,,,,,,,98,98,98,0,,,,,20,7,,,,,,,,,,,,,,,
2019,120,E915297,3,04/09/2019,20:22,9,4,,67,Thurston,0,1,0,3,1,2,1,0,5,2,,,,12,0,6,2.8,2,0,2,4,2,1,3,0,0,0,0,SR-510,ROCKCRESS DR,-122.7427583,47.03591944,0,1,68,15,2,50,4,0,0,1,2,12,1,1,3,1,11,4,1,53,0,41,51,2004,0,0,12,,,,,,1,1,36,1,0,,0,0,3,0,11,0,,,,,0,0,3,3,1,38,91,0,0,96,,,,,,9,,,,,,98503,53,71,165,6,1,0,0,0,0,,1,,,,,,0,,,20,0,0,0,8,1,8,,,0,0,0,8,1,2,1,,,1,,,2,1,0.044,,,,,,,,,,,,,,,,,,,,,,,,,,,,,,0,0,0,1,1,0,0,0,0,0,0,0,0,1,1,0,0,0,1,0,0,0,0,0,0,0,0,0,1,1,0,0,0,0,0,,0,0,0,0,1,0,0,0,0,0,1,0,1,0,0,1,,,,,,36-40,36-45,State route,U,Tuesday,Belt Used,PV,Not Fatal,1,0,0,0,State Route,State Patrol,Washington State Patrol,0,1,0,0,0,,,,,,0,0,0,,,,,,,,,,,98,98,98,0,,,,,20,7,,,,,,,,,,,,,,,