year,case,par,repjur,crash_dt,crash_tm,accday,accmon,holiday,county,co_char,city,weather,weather2,lightcond,surfcond,surftype,numfatal,nmforms,pforms,vforms,not_tm,arr_tm,hosp_tm,fhevent,hitrun,manncol,milepnt,reljunc,reljuncinter,intersectiontype,funcsystem,landuse,ownership,route,schlbus,spejur,contdev,devfunc,trafid1,trafid2,x,y,wk_zone,vnumber,crashtype,criticalevent,criticaleventcat,spdlim,body,trailer,emerg,hazcargo,leave,mhevent,roadalgn,roadprof,traflane,trafflow,vehmanvr,numoccs,regowner,regstate,spuse,make,model,modelyr,vrf1,vrf2,seqevent1,seqevent2,seqevent3,seqevent4,seqevent5,seqevent6,pnumber,ptype,age,sex,hispanic,race,injury,diedscene,restraint,restraintmisuse,seatpos,takehosp,death_dt,death_tm,cert,cernum_wa,commlic,licendor,licrestrict,liccomp,drivpres,drf1,drf2,drf3,drf4,distract1,distract2,distract3,distract4,distract5,distract6,dricond1,dricond2,dricond3,dricond4,dricond5,dricond6,dzip,licstate,drhgt_in,weight,noncdl,noncdltype,prevdwi,prevoth,prevacc,prevspd,prevsus,driviol1,driviol2,driviol3,driviol4,driviol5,driviol6,spdrel,first_dt,last_dt,airbag,ejection,ejectpath,extricat,injurwrk,methalc,methdrug,nmlocat,strikveh,prf1,prf2,prf3,druginv,alcinvol,drugsts,drugres1,drugres2,drugres3,drugtst1,drugtst2,drugtst3,alcsts,alctst,alcres,nmact1,nmact2,nmact3,nmact4,nmact5,nmact6,nmprior1,nmprior2,nmprior3,nmprior4,nmprior5,nmprior6,nmcond1,nmcond2,nmcond3,nmcond4,nmcond5,nmcond6,nmsafe_helmet,nmsafe_pads,nmsafe_oth,nmprev_ref,nmprev_lgt,nmprev_oth,crashlocation,nmcrashtype,crosswalk,schoolzone,sidewalk,train_inv,wildlife_inv,rotr_fars,intersect_fars,dd_inv,aid_inv,dpd_inv,id_inv,mj_inv,impnm_inv,ainm_inv,dpnm_inv,speed_inv,unlic_inv,unendmc_inv,drowsy_inv,drdist_inv,nmdist_inv,fty_inv,unrestfat_inv,dr1617_inv,dr1820_inv,dr1620_inv,dr2125_inv,dr1625_inv,dr65_inv,dr70_inv,dr75_inv,mc_inv,pv_inv,ht_inv,ped_inv,bike_inv,unrest_fat,mc_fat,unhelmet_mc,pv_fat,ht_fat,ped_fat,bike_fat,dr_alc7,dr_alc8,dr_drug,dr_imp,dr_dist,dr_spd,dr_fty,dr_unlic,dr_alc7only,dr_alc8only,dr_drugonly,dr_drink,nm_imp,nm_alc7,nm_alc8,nm_drug,nm_dist,agegrp1,agegrp2,roadclass,urbrur,dayweek,restuse,vehtype,race_me,intersect,lanedep,oppdir,wrongway,rep_typ,investag,repag_long,rotr,st_rd,cty_rd,city_rd,oth_rd,drug_thc,thc_res,drug_cthc,cthc_res,drug_cann,prevpersemin,prevperse,prevsusoth,drugtst4,drugtst5,drugtst6,drugtst7,drugtst8,drugres4,drugres5,drugres6,drugres7,drugres8,adspresent,adsengaged,adslevel,race1,race2,race3,race4,race5,helmet,helmetmisuse,nmdistract1,nmdistract2,nmdistract3,nmdistract4,nmdistract5,nmdistract6,lab,isedtcase,crf1,crf2,crf3,CoRoadName,CoMP,IntCoRoadName,IntCoMP
2020,44,EA14683,55,02/10/2020,19:20,10,2,,33,King,100,10,,3,1,2,1,0,4,3,19:28,19:35,20:18,12,0,1,0,3,0,4,3,2,4,6,0,0,3,3,15TH ST NW,WA-167,-122.2436222,47.32238056,0,2,21,53,3,35,14,0,0,1,2,12,1,1,2,2,5,1,1,53,0,2,403,2012,0,,12,12,,,,,1,1,62,1,0,,1,0,3,0,11,5,,,,,0,0,3,3,1,0,,,,96,,,,,,0,,,,,,98503,53,70,165,6,1,0,0,0,0,,0,,,,,,0,,,20,0,0,0,8,9,8,,,0,,,8,8,0,0,,,0,,,0,0,996,,,,,,,,,,,,,,,,,,,,,,,,,,,,,,0,0,0,1,1,1,0,1,0,0,0,0,0,0,0,0,0,0,0,1,0,1,1,0,1,0,0,0,0,1,0,0,0,0,0,,0,0,0,0,0,0,0,0,0,0,0,0,0,0,0,0,,,,,,61-65,56-65,City street,U,Monday,Belt Used,PV,Not Fatal,1,0,0,0,City Street,Municipal/City Police,Auburn Police Department,0,0,0,1,0,,,,,,0,0,0,,,,,,,,,,,98,98,98,0,,,,,20,7,,,,,,,,1,0,,,,,,
2020,155,EA36385,290,05/26/2020,10:05,26,5,,53,Pierce,2230,1,,1,1,1,1,0,2,2,10:05,10:12,10:33,12,0,6,0,2,0,2,3,2,1,3,0,0,0,0,SR-509,S 27th St,-122.4349556,47.23706667,0,2,88,66,4,25,80,0,0,1,2,12,1,3,5,1,1,1,1,53,0,34,706,2006,0,,12,,,,,,1,1,26,1,7,,4,0,20,7,11,5,05/26/2020,10:56,2.23053E+11,24643,0,0,0,2,1,0,,,,96,,,,,,0,,,,,,98503,53,77,250,6,1,0,0,0,0,,0,,,,,,0,12/15/2015,06/15/2016,20,8,0,0,0,9,8,,,0,,,8,8,2,401,417,695,1,1,1,2,1,0,,,,,,,,,,,,,,,,,,,,,,,,,,,,,,0,0,0,1,0,0,1,1,1,0,0,0,0,0,1,0,0,0,1,0,0,0,0,0,0,1,1,1,1,1,0,0,0,0,1,0,0,0,0,0,0,0,1,1,0,0,0,0,0,0,1,0,,,,,,26-30,26-35,State route,U,Tuesday,,MC,Multiracial,1,0,0,0,City Street,Municipal/City Police,Tacoma Police Department,0,0,0,1,0,thc,6.1,carboxy-thc,27,,0,0,2,1,,,,,605,,,,,0,0,0,202,201,,,,19,0,,,,,,,nms,1,0,,,,,,
2020,545,EA50520,3,07/24/2020,16:40,24,7,,53,Pierce,2230,1,,1,1,2,1,0,1,1,,,,1,0,0,0.9,20,1,1,1,2,1,1,0,0,0,0,I-5,,-122.4626361,47.22665556,0,1,98,9,1,98,80,0,0,1,2,1,2,2,3,6,15,1,1,53,0,72,706,2012,0,,1,,,,,,1,1,51,1,7,,4,0,20,7,11,5,08/06/2020,14:42,2.23053E+11,37570,0,0,0,3,1,28,,,,96,,,,,,0,,,,,,98503,53,73,350,6,1,0,0,0,0,,69,,,,,,0,,,20,8,0,0,0,9,8,,,0,,,8,8,0,0,,,0,,,0,0,996,,,,,,,,,,,,,,,,,,,,,,,,,,,,,,0,0,0,0,0,0,0,0,0,0,0,0,0,0,0,0,0,0,0,0,0,0,0,0,0,0,0,0,1,0,0,0,0,0,1,0,0,0,0,0,0,0,0,0,0,0,0,0,0,0,0,0,,,,,,51-55,46-55,Interstate,U,Friday,,MC,White,1,0,0,0,State Route,State Patrol,Washington State Patrol,0,1,0,0,0,,,,,,0,0,0,,,,,,,,,,,0,0,0,1,,,,,19,0,,,,,,,,1,0,,,,,,
2020,285,EA56288,5,08/09/2020,14:07,9,8,,41,Lewis,0,1,,1,1,2,1,0,2,2,14:09,14:31,,12,0,2,21.3,1,0,1,5,1,1,3,0,0,0,0,SR-508,,-122.4740806,46.60551667,0,1,50,10,2,50,80,0,0,1,2,12,2,2,2,1,14,1,1,53,0,37,705,2007,0,,68,12,,,,,1,1,33,1,7,,4,7,20,7,11,0,08/09/2020,14:07,53037076,37076,0,0,0,3,1,28,,,,96,,,,,,98,,,,,,98503,53,69,160,6,1,0,0,1,0,,0,,,,,,0,10/15/2017,10/15/2017,20,8,0,0,0,9,8,,,0,,,8,8,2,1,,,1,,,2,1,0,,,,,,,,,,,,,,,,,,,,,,,,,,,,,,0,0,0,0,0,0,0,0,0,0,0,0,0,1,0,0,0,0,0,0,0,0,0,0,0,0,0,0,1,1,0,0,0,0,1,0,0,0,0,0,0,0,0,0,0,0,0,0,0,0,0,0,,,,,,31-35,26-35,State route,R,Sunday,,MC,White,0,1,1,0,State Route,State Patrol,Washington State Patrol,0,1,0,0,0,,,,,,0,0,0,,,,,,,,,,,0,0,0,1,,,,,5,0,,,,,,,,1,0,,,,,,
2021,60,EB12645,42,03/08/2021,12:26,8,3,,67,Thurston,0,10,,1,1,2,1,0,1,1,,,,5,0,0,4.8,1,0,1,3,2,2,4,0,0,0,0,CR-PACIFIC AVE SE,,-122.7722389,47.039475,0,1,0,13,2,45,80,0,0,1,5,31,3,1,2,1,14,1,1,53,0,71,706,2007,0,,63,5,30,31,,,1,1,34,1,7,,4,7,20,7,11,0,03/08/2021,12:26,53012515,12515,0,0,0,3,1,0,,,,96,,,,,,98,,,,,,98503,53,68,195,6,1,0,0,0,0,,0,,,,,,0,,,20,8,0,0,0,9,8,,,0,,,8,8,2,695,605,,1,1,,2,1,0.22,,,,,,,,,,,,,,,,,,,,,,,,,,,,,,0,0,0,0,1,1,1,1,1,0,0,0,0,0,0,0,0,0,0,0,0,0,0,0,0,0,0,0,1,0,0,0,0,0,1,0,0,0,0,0,0,1,1,1,0,0,0,0,0,0,0,1,,,,,,31-35,26-35,County road,U,Monday,,MC,White,0,1,0,0,County Road,County Sheriff,Thurston County Sheriff's Office,1,0,1,0,0,thc,4.7,carboxy-thc,18,,0,0,0,,,,,,,,,,,0,0,0,1,,,,,5,,,,,,,,nms,1,0,,,PACIFIC AVE SE,4.837,NULL,
2021,71,EB15307,3,03/20/2021,16:10,20,3,,67,Thurston,0,1,,1,1,2,2,0,6,4,,,,12,0,6,7.2,1,0,1,4,1,1,3,0,0,0,0,SR-510,,-122.6801694,47.00545,0,4,98,98,7,45,4,0,0,1,5,54,1,1,2,1,1,1,2,53,0,49,40,2011,0,,54,,,,,,1,1,17,2,0,,0,0,3,0,11,0,,,,,0,0,1,3,1,0,,,,96,,,,,,98,,,,,,98503,53,67,150,6,2,0,0,0,0,,0,,,,,,0,,,20,0,0,0,8,3,2,,,0,,,8,8,0,0,,,0,,,0,0,996,,,,,,,,,,,,,,,,,,,,,,,,,,,,,,0,0,0,0,0,0,1,1,0,0,0,0,0,1,0,0,0,0,0,0,1,0,1,0,1,0,0,0,0,1,0,0,0,0,0,,0,0,0,0,0,0,0,0,0,0,0,0,0,0,0,0,,,,,,16-17,16-25,State route,R,Saturday,Belt Used,PV,Not Fatal,0,1,1,0,State Route,State Patrol,Washington State Patrol,0,1,0,0,0,,,,,,0,0,0,,,,,,,,,,,98,98,98,0,,,,,20,,,,,,,,,1,14,,,,,,
2021,130,EB29229,8,04/18/2021,1:15,18,4,,45,Mason,0,1,,3,1,2,1,0,1,1,,,,30,0,0,338.5,1,0,1,3,1,1,2,0,0,0,0,US-101,,-123.1812583,47.30081111,0,1,1,13,2,55,4,0,0,1,2,3,1,2,2,1,1,1,1,53,0,55,35,2010,0,,63,30,1,3,,,1,1,77,1,7,,4,7,3,0,11,0,04/18/2021,1:15,53018367,18367,0,0,0,3,1,0,,,,96,,,,,,9,,,,,,98503,53,62,125,6,1,0,0,0,0,,0,,,,,,0,,,20,0,0,0,0,9,8,,,0,,,1,1,2,1,,,1,,,2,1,0,,,,,,,,,,,,,,,,,,,,,,,,,,,,,,0,0,1,0,1,0,0,0,0,0,0,0,0,0,0,0,0,0,0,0,0,0,0,0,0,1,1,1,0,1,0,0,0,0,0,,1,0,0,0,0,0,0,0,0,0,0,0,0,0,0,1,,,,,,76-80,76+,US highway,R,Sunday,Belt Used,PV,White,0,1,0,0,State Route,State Patrol,Washington State Patrol,1,1,0,0,0,,,,,,0,0,0,,,,,,,,,,,98,98,98,1,,,,,20,,,,,,,,,1,0,,,,,,
2021,148,EB32896,4,05/16/2021,14:11,16,5,,67,Thurston,0,1,,1,1,2,1,0,2,1,,,,35,0,0,4.4,3,0,6,4,2,1,3,0,0,0,0,SR-510,MERIDAN RD,-122.7268833,47.01827222,0,1,1,13,2,50,34,0,0,1,2,35,3,1,1,3,14,2,1,53,0,7,482,1999,0,,63,35,,,,,1,1,81,1,0,,3,0,3,0,11,4,,,,,0,0,3,3,1,0,,,,92,,,,,,98,,,,,,98503,53,65,180,6,1,0,0,1,0,,97,,,,,,4,08/15/2019,08/15/2019,20,0,0,0,8,9,8,,,0,,,8,8,2,1,,,1,,,2,1,0,,,,,,,,,,,,,,,,,,,,,,,,,,,,,,0,0,1,1,0,0,0,0,0,0,0,0,1,0,0,0,1,0,0,0,0,0,0,0,0,1,1,1,0,1,0,0,0,0,0,,0,0,0,0,0,0,0,0,1,1,0,0,0,0,0,0,,,,,,81+,76+,State route,U,Sunday,Belt Used,PV,Not Fatal,1,0,0,0,State Route,State Patrol,Washington State Patrol,0,1,0,0,0,,,,,,0,0,0,,,,,,,,,,,0,0,0,0,,,,,20,,,,,,,,,1,0,,,,,,
2021,639,EB48605,263,04/21/2021,17:32,21,4,,33,King,1960,1,,1,1,2,1,0,2,2,,,,12,0,1,0,3,0,2,3,2,4,6,0,0,0,0,RAINER AVE S,S GRAND ST,-122.3048944,47.58708611,0,1,20,50,3,98,4,0,0,1,5,12,8,8,5,5,1,1,3,53,0,37,31,2005,0,,12,63,30,,,,1,1,87,1,7,,4,0,20,7,11,4,05/20/2021,1:10,1.10253E+11,24910,0,0,3,3,1,0,,,,96,,,,,,1,,,,,,98503,53,68,210,6,1,0,0,0,0,,0,,,,,,0,,,8,0,0,0,0,9,8,,,0,,,8,8,8,95,,,96,,,8,95,995,,,,,,,,,,,,,,,,,,,,,,,,,,,,,,0,0,0,1,0,0,0,0,0,0,0,0,0,0,0,0,0,0,0,1,0,0,0,0,0,1,1,1,0,1,0,0,0,1,0,,1,0,0,0,0,0,0,0,0,0,0,0,0,0,0,0,,,,,,81+,76+,City street,U,Wednesday,Not Used,PV,White,0,0,0,0,City Street,Municipal/City Police,Seattle Police Department,0,0,0,1,0,,,,,,0,0,0,,,,,,,,,,,98,98,98,1,,,,,20,,,,,,,,,0,0,,,,,,
2021,439,EB83918,42,10/22/2021,18:55,22,10,,67,Thurston,0,10,,2,2,2,1,0,2,2,,,,12,0,6,9,2,0,3,5,1,2,4,0,0,0,0,CR-110TH AVE SW,DELPHI RD SW,-123.0130611,46.92856667,0,2,83,67,4,50,80,0,0,1,5,12,1,1,2,1,1,1,1,53,0,37,706,1994,0,,12,,,,,,1,1,62,1,7,,4,0,20,7,11,0,10/22/2021,23:32,2.23053E+11,57395,0,0,0,2,1,0,,,,92,,,,,,98,,,,,,98503,53,67,125,6,1,0,0,1,0,,0,,,,,,0,04/15/2019,04/15/2019,20,8,0,0,0,9,8,,,0,,,8,8,2,348,695,605,1,1,1,2,1,0,,,,,,,,,,,,,,,,,,,,,,,,,,,,,,0,0,0,1,0,0,1,1,1,0,0,0,0,0,1,0,1,0,1,0,1,0,1,0,1,0,0,0,1,1,0,0,0,0,1,1,0,0,0,0,0,0,1,1,1,0,0,0,0,0,1,0,,,,,,61-65,56-65,County road,R,Friday,,MC,White,1,0,0,0,County Road,County Sheriff,Thurston County Sheriff's Office,0,0,1,0,0,thc,14,carboxy-thc,19,,0,0,0,1,1,,,,401,417,,,,0,0,0,1,,,,,16,,,,,,,,nms,1,0,,,110TH AVE SW,9,DELPHI RD SW,0
2021,450,EB86461,2,11/02/2021,22:50,2,11,,73,Whatcom,110,2,,2,2,2,1,1,4,3,,,,18,0,0,253.5,1,0,1,1,2,1,1,0,0,0,0,I-5,,-122.462875,48.75261389,0,3,12,90,6,60,4,0,0,1,5,25,1,2,2,3,1,1,2,53,0,20,22,2005,0,,18,64,25,,,,1,1,20,1,0,,0,0,3,0,11,0,,,,,0,0,3,3,1,0,,,,92,,,,,,98,,,,,,98503,53,73,170,6,1,0,1,1,0,,0,,,,,,0,11/15/2019,03/15/2021,20,0,0,0,8,9,8,,,0,,,8,8,8,95,,,96,,,0,0,996,,,,,,,,,,,,,,,,,,,,,,,,,,,,,,0,0,0,0,0,0,0,0,0,0,0,0,0,0,0,0,1,0,0,0,0,1,1,1,1,1,0,0,0,1,0,1,0,0,0,,0,0,0,0,0,0,0,0,1,0,0,0,0,0,0,0,,,,,,18-20,16-25,Interstate,U,Tuesday,Belt Used,PV,Not Fatal,0,1,0,0,State Route,State Patrol,Washington State Patrol,1,1,0,0,0,,,,,,0,0,0,,,,,,,,,,,98,98,98,0,,,,,20,,,,,,,,,1,19,,,,,,
2018,1,E754460,222,01/01/2018,17:50,1,1,1,67,Thurston,1590,1,0,3,1,2,1,0,2,2,,,,12,0,6,0,2,0,2,3,2,4,6,0,0,3,3,MARTIN WAY E,SLEATER KINNEY RD NE,-122.8337333,47.04793611,0,1,69,17,2,35,80,0,0,1,5,12,1,1,8,1,1,1,1,53,0,72,706,2003,0,0,12,,,,,,1,1,64,1,7,1,4,7,19,0,11,0,01/01/2018,17:50,1.10253E+11,432,0,0,0,3,1,0,0,0,0,96,,,,,,99,,,,,,98506,53,69,190,6,1,0,0,0,1,,0,,,,,,0,09/15/2014,09/15/2014,20,8,0,0,0,9,8,,,0,0,0,8,9,2,605,,,1,,,2,1,0.074,,,,,,,,,,,,,,,,,,,,,,,,,,,,,,0,0,0,1,1,0,1,1,1,0,0,0,0,0,0,0,0,0,0,0,0,0,0,1,1,0,0,0,1,1,0,0,0,0,1,0,0,0,0,0,1,0,1,1,0,0,0,0,0,0,0,1,,,,,,61-65,56-65,City street,U,Monday,,MC,White,1,0,0,0,City Street,Municipal/City Police,Olympia Police Department,0,0,0,1,0,thc,1.9,,,,0,0,0,,,,,,,,,,,,,,,,,,,,,,,,,,,,,,,,,,,
2018,200,E811422,222,06/16/2018,20:23,16,6,0,67,Thurston,1590,1,0,1,1,2,1,0,5,2,,,,12,0,6,0,2,0,4,5,2,4,6,0,0,20,3,BETHEL ST NE,ETHRIDGE AVE NE,-122.884725,47.06006667,0,2,89,17,2,98,14,0,0,1,7,12,8,8,2,1,1,3,2,53,0,41,403,2016,0,0,12,,,,,,1,1,50,2,0,0,0,0,3,0,11,0,,,,,6,0,0,3,1,0,0,0,0,96,,,,,,0,,,,,,98506,53,74,230,6,1,0,0,0,0,,0,,,,,,0,,,20,0,0,0,8,9,8,,,0,0,0,8,1,8,95,,,96,,,8,95,995,,,,,,,,,,,,,,,,,,,,,,,,,,,,,,0,0,0,1,1,0,1,1,0,0,0,0,1,0,0,0,0,0,0,0,0,0,0,0,0,0,0,0,1,1,0,0,0,0,0,,0,0,0,0,0,0,0,0,0,0,0,0,0,0,0,1,,,,,,46-50,46-55,City street,U,Saturday,Belt Used,PV,Not Fatal,1,0,0,0,City Street,Municipal/City Police,Olympia Police Department,0,0,0,1,0,,,,,,0,0,0,,,,,,,,,,,,,,,,,,,,,,,,,,,,,,,,,,,
2018,241,E820775,1,07/11/2018,16:11,11,7,0,77,Yakima,0,1,0,1,1,1,1,0,2,1,16:19,16:48,17:47,35,0,0,70,1,0,1,1,1,1,1,0,0,0,0,I-82,,-119.9595111,46.29718333,0,1,6,3,1,70,14,0,0,1,2,1,1,1,2,2,15,2,2,53,0,23,401,1995,0,0,64,35,1,,,,1,1,33,2,0,0,3,0,20,0,11,5,,,,,0,0,0,3,1,80,0,0,0,96,,,,,,9,,,,,,98506,53,66,140,6,1,0,2,0,0,,12,89,,,,,4,10/15/2013,06/15/2016,20,0,0,1,8,9,8,,,0,0,0,8,9,2,401,417,605,1,1,1,2,1,0,,,,,,,,,,,,,,,,,,,,,,,,,,,,,,0,0,1,0,0,0,1,1,1,0,0,0,1,0,0,0,0,0,0,1,0,0,0,0,0,0,0,0,0,1,0,0,0,0,0,,0,0,0,0,0,0,1,1,0,1,0,0,0,0,1,0,,,,,,31-35,26-35,Interstate,R,Wednesday,Not Used,PV,Not Fatal,0,1,0,0,State Route,State Patrol,Washington State Patrol,1,1,0,0,0,thc,1.8,carboxy-thc,22,,0,0,2,1,,,,,695,,,,,,,,,,,,,,,,,,,,,,,,,,,,,
2021,71,EB15307,3,03/20/2021,16:10,20,3,,67,Thurston,0,1,,1,1,2,2,0,6,4,,,,12,0,6,7.2,1,0,1,4,1,1,3,0,0,0,0,SR-510,,-122.6801694,47.00545,0,1,66,13,2,45,4,0,0,1,2,12,1,1,2,1,1,2,2,53,0,35,43,2006,0,,63,69,68,12,12,54,1,1,36,2,7,,4,7,3,0,11,0,03/20/2021,16:10,53014572,14572,0,0,0,2,1,8,28,58,,96,,,,,,9,,,,,,98506,53,61,145,1,1,0,1,0,0,,0,,,,,,0,04/15/2017,07/15/2019,1,0,0,0,0,9,8,,,0,,,1,8,2,401,417,,1,1,,2,1,0,,,,,,,,,,,,,,,,,,,,,,,,,,,,,,0,0,0,0,0,0,1,1,0,0,0,0,0,1,0,0,0,0,0,0,1,0,1,0,1,0,0,0,0,1,0,0,0,0,0,,1,0,0,0,0,0,1,1,0,0,0,1,0,0,1,0,,,,,,36-40,36-45,State route,R,Saturday,Belt Used,PV,White,0,1,1,0,State Route,State Patrol,Washington State Patrol,0,1,0,0,0,,,,,,0,0,1,,,,,,,,,,,98,98,98,1,,,,,20,,,,,,,,,1,14,,,,,,
2021,191,EB42078,5,06/22/2021,20:45,22,6,,15,Cowlitz,0,1,,1,1,2,1,1,1,1,,,,8,0,0,24.3,1,0,1,1,1,1,1,0,0,0,0,I-5,,-122.7786028,45.94416111,0,1,13,80,5,70,14,0,0,1,2,8,1,1,3,3,1,1,1,53,0,59,403,2019,0,,8,,,,,,1,1,69,1,0,,0,0,3,0,11,0,,,,,0,0,3,3,1,0,,,,96,,,,,,98,,,,,,98506,53,73,152,6,1,0,0,0,1,,0,,,,,,0,11/15/2017,11/15/2017,20,0,0,0,8,9,2,,,0,,,8,8,0,0,,,0,,,0,0,996,,,,,,,,,,,,,,,,,,,,,,,,,,,,,,0,0,0,0,0,0,0,0,0,0,0,0,0,0,0,0,0,0,0,0,0,0,0,0,0,1,0,0,0,1,0,1,0,0,0,,0,0,0,0,0,0,0,0,0,0,0,0,0,0,0,0,,,,,,66-70,66-75,Interstate,R,Tuesday,Belt Used,PV,Not Fatal,0,0,0,0,State Route,State Patrol,WASHINGTON STATE PATROL,0,1,0,0,0,,,,,,0,0,0,,,,,,,,,,,98,98,98,0,,,,,20,,,,,,,,,1,0,,,,,,
2021,319,EB61849,25,08/24/2021,13:01,24,8,,33,King,0,1,,1,1,1,1,0,2,2,,,,12,0,6,2.3,1,0,1,4,1,2,4,0,0,0,0,CR-SE AUBURN BLACK DIAM,,-122.1441278,47.31617222,0,2,66,62,4,40,61,0,0,1,5,12,1,2,2,1,1,1,3,53,0,12,881,2012,0,,12,,,,,,1,1,40,1,0,,0,0,99,7,11,0,,,,,0,0,0,2,1,0,,,,96,,,,,,98,,,,,,98506,53,66,150,1,1,1,1,0,6,,0,,,,,,0,04/15/2017,03/15/2021,20,0,0,0,8,9,8,,,0,,,8,8,0,0,,,0,,,0,0,996,,,,,,,,,,,,,,,,,,,,,,,,,,,,,,0,0,0,0,0,0,1,1,1,0,0,0,1,1,0,0,0,0,0,0,0,0,0,0,0,0,0,0,1,0,1,0,0,0,0,,0,0,0,0,0,0,0,0,0,0,0,1,0,0,0,0,,,,,,36-40,36-45,County road,R,Tuesday,,MHTRUCK,Not Fatal,0,1,1,0,County Road,County Sheriff,King County Police,0,0,1,0,0,,,,,,0,1,2,,,,,,,,,,,98,98,98,0,,,,,20,,,,,,,,,1,0,,,AUBURN BLACK DIAMOND RD,2.28,NULL,
2018,63,E778332,242,03/11/2018,14:55,11,3,0,53,Pierce,1770,1,0,1,1,2,1,0,3,3,,,,12,0,1,0,3,0,2,4,2,4,6,0,0,0,0,9TH ST SW,S HILL PARK DR,-122.3040833,47.16074167,0,2,21,53,3,35,4,0,0,1,7,12,1,2,5,1,5,1,1,53,0,34,34,2014,0,0,12,12,,,,,1,1,45,2,0,0,1,0,3,0,11,0,,,,,0,0,0,3,1,0,0,0,0,96,,,,,,0,,,,,,98507,53,66,135,6,1,0,0,1,0,,0,,,,,,0,06/15/2017,06/15/2017,20,0,0,0,8,9,8,,,0,0,0,8,0,8,95,,,96,,,8,95,995,,,,,,,,,,,,,,,,,,,,,,,,,,,,,,0,0,0,1,0,0,0,0,0,0,0,0,1,0,0,0,1,0,0,1,0,0,0,0,0,1,1,1,0,1,0,0,0,0,0,,0,0,0,0,0,0,0,0,0,0,0,0,0,0,0,0,,,,,,41-45,36-45,City street,U,Sunday,Belt Used,PV,Not Fatal,0,0,0,0,State Route,Municipal/City Police,Puyallup Police Department,0,1,0,0,0,,,,,,0,0,0,,,,,,,,,,,,,,,,,,,,,,,,,,,,,,,,,,,
2020,62,EA23540,278,03/03/2020,0:11,3,3,,63,Spokane,2110,1,,3,1,2,1,0,1,1,0:13,0:17,,59,0,0,0,1,0,1,3,2,4,6,0,0,0,0,N HAMILTON ST,,-117.3965222,47.67706667,0,1,1,13,2,98,6,0,0,1,2,19,1,1,5,1,1,1,1,53,0,18,24,2012,0,,63,59,46,19,,,1,1,57,1,7,,4,7,99,7,11,0,03/03/2020,0:11,2.11053E+11,10821,0,0,0,3,1,0,,,,92,,,,,,98,,,,,,98507,53,66,200,6,1,0,0,0,0,,0,,,,,,0,,,1,0,0,0,0,9,8,,,0,,,8,8,2,1,,,1,,,2,1,0.089,,,,,,,,,,,,,,,,,,,,,,,,,,,,,,0,0,1,0,1,1,0,1,0,0,0,0,0,0,0,0,1,0,0,0,0,0,0,0,0,0,0,0,0,1,0,0,0,0,0,,1,0,0,0,0,1,0,1,1,0,0,0,0,1,0,1,,,,,,56-60,56-65,City street,U,Tuesday,Unknown,PV,White,0,1,0,0,City Street,Municipal/City Police,Spokane Police Department,1,0,0,1,0,,,,,,0,0,0,,,,,,,,,,,98,98,98,1,,,,,20,7,,,,,,,,1,0,,,,,,
2021,100,EB21855,35,04/08/2021,12:15,8,4,,53,Pierce,0,1,,1,1,2,1,0,2,2,,,,12,0,2,7.4,1,0,1,3,2,2,4,0,0,0,0,CR-CANYON RD E,,-122.3573667,47.14634167,0,1,52,54,3,45,4,0,0,1,2,12,1,1,6,1,1,1,2,53,0,14,21,2007,0,,12,,,,,,1,1,42,2,7,,4,7,3,0,11,0,04/08/2021,12:15,53017480,17480,0,0,3,2,1,51,,,,96,,,,,,9,,,,,,98507,53,69,230,1,1,0,0,4,3,,0,,,,,,0,01/15/2016,08/15/2021,1,0,0,0,0,9,8,,,0,,,1,8,2,996,418,996,1,1,1,2,1,0,,,,,,,,,,,,,,,,,,,,,,,,,,,,,,0,0,0,0,0,0,1,1,0,0,0,0,0,1,0,0,0,0,0,0,0,0,0,0,0,0,0,0,0,1,1,0,0,0,0,,1,0,0,0,0,0,1,1,0,0,0,1,0,0,1,0,,,,,,41-45,36-45,County road,U,Thursday,Belt Used,PV,White,0,1,1,0,County Road,County Sheriff,Law Enforcement Support Agency,0,0,1,0,0,,,,,,0,0,1,1,1,1,,,996,996,996,,,98,98,98,1,,,,,20,,,,,,,,,1,0,,,CANYON RD E,7.37,NULL,
2019,327,E960431,35,09/10/2019,8:38,10,9,,53,Pierce,0,1,0,1,1,2,1,0,6,4,,,,12,0,2,9.2,1,0,1,4,2,2,4,0,0,0,0,CR-CANYON RD E,,-122.3576389,47.1178,0,1,50,12,2,45,34,0,0,1,5,12,1,1,3,2,1,1,1,53,0,7,482,1994,0,0,64,65,12,,,,1,1,44,1,7,,4,7,3,0,11,0,09/10/2019,8:38,53040422,40422,0,0,0,2,1,28,0,0,0,96,,,,,,99,,,,,,98508,53,69,170,1,1,0,2,1,0,,0,,,,,,0,12/15/2016,02/15/2019,20,0,0,0,0,9,8,,,0,0,0,8,9,2,401,417,996,1,1,1,2,1,0.047,,,,,,,,,,,,,,,,,,,,,,,,,,,,,,0,0,0,0,1,0,1,1,1,0,0,0,0,1,0,0,0,0,0,0,0,0,0,1,1,0,0,0,0,1,0,0,0,0,0,,1,0,0,0,1,0,1,1,0,0,0,1,0,0,0,1,,,,,,41-45,36-45,County road,U,Tuesday,Belt Used,PV,White,0,1,1,0,County Road,County Sheriff,Law Enforcement Support Agency,0,0,1,0,0,thc,7.7,carboxy-thc,14,,0,0,3,1,1,,,,695,605,,,,0,0,0,1,,,,,20,7,,,,,,,,,,,,,,,