year,case,par,repjur,crash_dt,crash_tm,accday,accmon,holiday,county,co_char,city,weather,weather2,lightcond,surfcond,surftype,numfatal,nmforms,pforms,vforms,not_tm,arr_tm,hosp_tm,fhevent,hitrun,manncol,milepnt,reljunc,reljuncinter,intersectiontype,funcsystem,landuse,ownership,route,schlbus,spejur,contdev,devfunc,trafid1,trafid2,x,y,wk_zone,vnumber,crashtype,criticalevent,criticaleventcat,spdlim,body,trailer,emerg,hazcargo,leave,mhevent,roadalgn,roadprof,traflane,trafflow,vehmanvr,numoccs,regowner,regstate,spuse,make,model,modelyr,vrf1,vrf2,seqevent1,seqevent2,seqevent3,seqevent4,seqevent5,seqevent6,pnumber,ptype,age,sex,hispanic,race,injury,diedscene,restraint,restraintmisuse,seatpos,takehosp,death_dt,death_tm,cert,cernum_wa,commlic,licendor,licrestrict,liccomp,drivpres,drf1,drf2,drf3,drf4,distract1,distract2,distract3,distract4,distract5,distract6,dricond1,dricond2,dricond3,dricond4,dricond5,dricond6,dzip,licstate,drhgt_in,weight,noncdl,noncdltype,prevdwi,prevoth,prevacc,prevspd,prevsus,driviol1,driviol2,driviol3,driviol4,driviol5,driviol6,spdrel,first_dt,last_dt,airbag,ejection,ejectpath,extricat,injurwrk,methalc,methdrug,nmlocat,strikveh,prf1,prf2,prf3,druginv,alcinvol,drugsts,drugres1,drugres2,drugres3,drugtst1,drugtst2,drugtst3,alcsts,alctst,alcres,nmact1,nmact2,nmact3,nmact4,nmact5,nmact6,nmprior1,nmprior2,nmprior3,nmprior4,nmprior5,nmprior6,nmcond1,nmcond2,nmcond3,nmcond4,nmcond5,nmcond6,nmsafe_helmet,nmsafe_pads,nmsafe_oth,nmprev_ref,nmprev_lgt,nmprev_oth,crashlocation,nmcrashtype,crosswalk,schoolzone,sidewalk,train_inv,wildlife_inv,rotr_fars,intersect_fars,dd_inv,aid_inv,dpd_inv,id_inv,mj_inv,impnm_inv,ainm_inv,dpnm_inv,speed_inv,unlic_inv,unendmc_inv,drowsy_inv,drdist_inv,nmdist_inv,fty_inv,unrestfat_inv,dr1617_inv,dr1820_inv,dr1620_inv,dr2125_inv,dr1625_inv,dr65_inv,dr70_inv,dr75_inv,mc_inv,pv_inv,ht_inv,ped_inv,bike_inv,unrest_fat,mc_fat,unhelmet_mc,pv_fat,ht_fat,ped_fat,bike_fat,dr_alc7,dr_alc8,dr_drug,dr_imp,dr_dist,dr_spd,dr_fty,dr_unlic,dr_alc7only,dr_alc8only,dr_drugonly,dr_drink,nm_imp,nm_alc7,nm_alc8,nm_drug,nm_dist,agegrp1,agegrp2,roadclass,urbrur,dayweek,restuse,vehtype,race_me,intersect,lanedep,oppdir,wrongway,rep_typ,investag,repag_long,rotr,st_rd,cty_rd,city_rd,oth_rd,drug_thc,thc_res,drug_cthc,cthc_res,drug_cann,prevpersemin,prevperse,prevsusoth,drugtst4,drugtst5,drugtst6,drugtst7,drugtst8,drugres4,drugres5,drugres6,drugres7,drugres8,adspresent,adsengaged,adslevel,race1,race2,race3,race4,race5,helmet,helmetmisuse,nmdistract1,nmdistract2,nmdistract3,nmdistract4,nmdistract5,nmdistract6,lab,isedtcase,crf1,crf2,crf3,CoRoadName,CoMP,IntCoRoadName,IntCoMP
2021,232,EB49284,3,06/21/2021,7:01,21,6,,53,Pierce,0,1,,1,1,2,1,0,2,2,,,,12,0,1,39.1,3,0,2,4,1,1,3,0,0,0,0,SR-7,304TH ST E,-122.3579167,46.98021667,0,1,20,10,2,55,14,0,0,1,2,12,1,1,3,1,1,1,1,53,0,41,402,2004,0,,12,,,,,,1,1,56,1,7,,4,0,20,7,11,5,06/21/2021,9:11,58053030562,30562,6,0,0,3,1,0,,,,92,,,,,,98,,,,,,98508,53,72,205,6,1,0,0,0,0,,0,,,,,,0,,,8,0,0,0,0,9,8,,,0,,,8,8,2,522,401,417,1,1,1,2,1,0,,,,,,,,,,,,,,,,,,,,,,,,,,,,,,0,0,0,1,0,0,1,1,0,0,0,0,0,0,0,0,1,0,0,1,0,0,0,0,0,0,0,0,0,1,1,0,0,1,0,,1,0,0,0,0,0,1,1,1,0,0,0,0,0,1,0,,,,,,56-60,56-65,State route,R,Monday,Not Used,PV,White,1,0,0,0,State Route,State Patrol,Washington State Patrol,0,1,0,0,0,,,,,,0,0,0,,,,,,,,,,,98,98,98,1,,,,,20,,,,,,,,,1,0,,,,,,
2017,83,E652776,222,03/17/2017,21:18,17,3,0,67,Thurston,1590,2,0,3,2,2,1,0,1,1,,,,42,0,0,0,1,0,1,4,2,4,6,0,0,0,0,EAST BAY DR,,-122.8935083,47.05632222,0,1,7,9,1,30,80,0,0,1,5,42,1,1,2,2,6,1,1,53,0,53,704,2014,0,0,64,42,,,,,1,1,25,1,7,99,4,0,19,0,11,3,03/17/2017,22:05,1.59053E+11,13757,0,0,0,3,1,0,0,0,0,96,,,,,,99,,,,,,98512,53,71,165,6,1,0,1,0,0,0,0,,,,,,3,03/15/2017,03/15/2017,20,8,0,0,0,9,8,,,0,0,0,8,9,2,1,0,0,1,0,0,2,1,0.16,,,,,,,,,,,,,,,,,,,,,,,,,,,,,,0,0,0,0,1,1,0,1,0,0,0,0,1,0,0,0,0,0,0,0,0,0,0,1,1,0,0,0,1,0,0,0,0,0,1,0,0,0,0,0,0,1,0,1,0,1,0,0,0,1,0,1,,,,,,21-25,16-25,City street,U,Friday,,MC,Oth/Unk,0,1,0,0,City Street,Municipal/City Police,Olympia Police Department,1,0,0,1,0,,,,,,,,,,,,,,,,,,,,,,,,,,,,,,,,,,,,,,,,,,,
2017,134,E668067,42,05/02/2017,6:04,2,5,0,67,Thurston,0,2,0,4,2,2,1,0,2,2,,,,12,0,6,12.9,1,0,1,5,1,2,4,0,0,0,0,CR-OLD HIGHWAY 99,,-122.8443306,46.87245556,0,1,64,10,2,50,71,0,0,1,2,12,1,2,2,1,1,1,3,53,0,12,881,1998,0,0,68,12,,,,,1,1,31,1,0,0,1,0,3,0,11,8,,,,,6,1,0,3,1,0,0,0,0,96,,,,,,0,,,,,,98512,53,73,208,6,1,0,2,1,0,0,0,,,,,,0,10/15/2015,02/15/2017,20,0,0,0,8,9,8,,,0,0,0,8,0,0,0,0,0,0,0,0,0,0,996,,,,,,,,,,,,,,,,,,,,,,,,,,,,,,0,0,0,0,0,0,0,0,0,0,0,0,0,0,0,0,0,0,0,0,0,0,0,0,0,0,0,0,0,1,1,0,0,0,0,,0,0,0,0,0,0,0,0,0,0,0,0,0,0,0,0,,,,,,31-35,26-35,County road,R,Tuesday,,MHTRUCK,Not Fatal,0,1,1,0,County Road,County Sheriff,Thurston County Sheriff's Office,0,0,1,0,0,,,,,,,,,,,,,,,,,,,,,,,,,,,,,,,,,,,,,,,,,,,
2017,141,E674098,35,05/11/2017,11:15,11,5,0,53,Pierce,2230,2,0,1,6,2,1,0,4,4,11:12,11:22,11:34,12,0,1,129.6,1,0,1,1,2,1,1,0,0,0,0,I-5,,-122.4644944,47.18220278,0,4,98,98,7,60,14,0,0,1,2,12,1,1,4,3,5,1,1,53,0,55,401,2013,0,0,12,,,,,,1,1,67,2,0,0,1,0,3,0,11,8,,,,,0,0,3,3,1,0,0,0,0,0,,,,,,0,,,,,,98512,53,68,140,6,1,0,2,1,0,0,0,,,,,,0,11/15/2015,01/15/2016,20,0,0,0,8,9,8,,,0,0,0,8,0,0,0,0,0,0,0,0,0,0,996,,,,,,,,,,,,,,,,,,,,,,,,,,,,,,0,0,0,0,0,0,0,0,0,0,0,0,1,0,0,0,0,0,0,0,0,0,0,1,1,1,0,0,0,1,1,0,0,0,0,,0,0,0,0,0,0,0,0,0,0,0,0,0,0,0,0,,,,,,66-70,66-75,Interstate,U,Thursday,Belt Used,PV,Not Fatal,0,0,0,0,State Route,State Patrol,Washington State Patrol Headquarter,0,1,0,0,0,,,,,,,,,,,,,,,,,,,,,,,,,,,,,,,,,,,,,,,,,,,
2018,17,E761445,150,01/11/2018,16:08,11,1,0,27,Grays Harbor,930,1,0,1,2,2,1,0,2,2,,,,12,0,6,2,1,0,1,4,2,1,3,0,0,0,0,SR-109,,-123.9280861,46.98278056,0,2,66,62,4,50,4,0,0,1,2,12,1,3,2,1,1,1,1,53,0,6,51,2013,0,0,12,,,,,,1,1,48,1,0,0,2,0,3,0,11,5,,,,,0,0,0,3,1,0,0,0,0,96,,,,,,0,,,,,,98512,53,72,185,6,1,0,1,0,0,,0,,,,,,0,05/15/2013,05/15/2013,8,0,0,0,8,9,8,,,0,0,0,8,0,8,95,,,96,,,8,95,995,,,,,,,,,,,,,,,,,,,,,,,,,,,,,,0,0,0,0,0,0,0,0,0,0,0,0,1,0,0,0,0,0,0,0,0,0,0,0,0,0,0,0,0,1,0,0,0,0,0,,0,0,0,0,0,0,0,0,0,0,0,0,0,0,0,0,,,,,,46-50,46-55,State route,U,Thursday,Belt Used,PV,Not Fatal,0,1,1,0,State Route,Municipal/City Police,Hoquiam Police Department,0,1,0,0,0,,,,,,0,0,0,,,,,,,,,,,,,,,,,,,,,,,,,,,,,,,,,,,
2018,66,E777656,42,03/10/2018,17:42,10,3,0,67,Thurston,0,1,0,1,1,2,1,0,1,1,,,,24,0,0,1.5,1,0,1,5,1,2,4,0,0,0,0,CR-GATE RD SW,,-123.1071667,46.84892222,0,1,2,6,1,35,80,0,0,1,5,24,3,3,2,1,14,1,1,53,0,72,706,1999,0,0,63,24,,,,,1,1,55,1,7,1,4,7,19,0,11,0,03/10/2018,17:42,53011904,11904,0,0,0,3,1,0,0,0,0,96,,,,,,99,,,,,,98512,53,71,185,6,1,0,1,0,0,,0,,,,,,3,12/15/2015,12/15/2015,20,8,0,0,0,9,8,,,0,0,0,8,1,2,1,,,1,,,2,1,0,,,,,,,,,,,,,,,,,,,,,,,,,,,,,,0,0,0,0,1,0,0,0,0,0,0,0,1,0,0,0,0,0,0,0,0,0,0,0,0,0,0,0,1,0,0,0,0,0,1,0,0,0,0,0,0,0,0,0,0,1,0,0,0,0,0,1,,,,,,51-55,46-55,County road,R,Saturday,,MC,White,0,1,0,0,County Road,County Sheriff,Thurston County Sheriff's Office,1,0,1,0,0,,,,,,0,0,0,,,,,,,,,,,,,,,,,,,,,,,,,,,,,,,,,,,
2018,108,E790691,42,04/14/2018,18:00,14,4,0,67,Thurston,0,2,0,1,2,2,1,0,5,2,,,,12,0,2,0.3,1,0,1,5,2,2,4,0,0,0,0,CR-BLACK LAKE BLVD,,-122.9835806,46.99770278,0,1,50,10,2,35,4,0,0,1,7,12,1,1,2,1,6,3,1,53,0,37,31,1992,0,0,68,12,,,,,1,1,21,2,7,1,4,7,3,0,11,0,04/14/2018,18:00,53017607,17607,0,0,0,3,1,33,0,0,0,96,,,,,,99,,,,,,98512,53,62,105,6,1,0,2,0,0,,0,,,,,,0,07/15/2017,12/15/2017,1,0,0,0,0,9,8,,,0,0,0,8,9,2,996,996,996,1,1,1,2,1,0,,,,,,,,,,,,,,,,,,,,,,,,,,,,,,0,0,0,0,0,0,1,1,0,0,0,0,0,0,0,0,0,0,0,0,0,0,0,1,1,0,0,0,0,1,0,0,0,0,0,,1,0,0,0,0,0,1,1,0,0,0,0,0,0,1,0,,,,,,21-25,16-25,County road,U,Saturday,Belt Used,PV,White,0,1,1,0,County Road,County Sheriff,Thurston County Sheriff's Office,0,0,1,0,0,,,,,,0,0,0,,,,,,,,,,,,,,,,,,,,,,,,,,,,,,,,,,,
2018,108,E790691,42,04/14/2018,18:00,14,4,0,67,Thurston,0,2,0,1,2,2,1,0,5,2,,,,12,0,2,0.3,1,0,1,5,2,2,4,0,0,0,0,CR-BLACK LAKE BLVD,,-122.9835806,46.99770278,0,2,51,62,4,35,5,0,0,1,7,12,1,1,2,1,1,2,1,53,0,20,26,2012,0,0,12,,,,,,1,1,31,2,0,0,0,0,20,0,11,0,,,,,0,0,0,3,1,0,0,0,0,96,,,,,,0,,,,,,98512,53,64,125,6,1,0,0,0,2,,0,,,,,,0,07/15/2015,01/15/2018,8,0,0,0,8,9,8,,,0,0,0,8,9,8,95,,,96,,,8,95,995,,,,,,,,,,,,,,,,,,,,,,,,,,,,,,0,0,0,0,0,0,1,1,0,0,0,0,0,0,0,0,0,0,0,0,0,0,0,1,1,0,0,0,0,1,0,0,0,0,0,,0,0,0,0,0,0,0,0,0,0,0,0,0,0,0,0,,,,,,31-35,26-35,County road,U,Saturday,Not Used,PV,Not Fatal,0,1,1,0,County Road,County Sheriff,Thurston County Sheriff's Office,0,0,1,0,0,,,,,,0,0,1,,,,,,,,,,,,,,,,,,,,,,,,,,,,,,,,,,,
2018,200,E811422,222,06/16/2018,20:23,16,6,0,67,Thurston,1590,1,0,1,1,2,1,0,5,2,,,,12,0,6,0,2,0,4,5,2,4,6,0,0,0,0,BETHEL ST NE,ETHRIDGE AVE NE,-122.884725,47.06006667,0,1,88,66,4,98,80,0,0,1,7,12,1,1,2,1,1,2,1,53,0,53,706,2001,0,0,12,,,,,,1,1,26,1,0,0,3,0,19,0,11,8,,,,,0,0,0,3,1,0,0,0,0,96,,,,,,99,,,,,,98512,53,75,250,6,1,0,0,4,1,,0,,,,,,4,02/15/2015,05/15/2018,20,8,0,0,8,9,8,,,0,0,0,8,1,2,522,,,1,,,2,1,0.07,,,,,,,,,,,,,,,,,,,,,,,,,,,,,,0,0,0,1,1,0,1,1,0,0,0,0,1,0,0,0,0,0,0,0,0,0,0,0,0,0,0,0,1,1,0,0,0,0,0,0,0,0,0,0,1,0,1,1,0,1,0,0,0,0,0,1,,,,,,26-30,26-35,City street,U,Saturday,,MC,Not Fatal,1,0,0,0,City Street,Municipal/City Police,Olympia Police Department,0,0,0,1,0,,,,,,0,0,0,,,,,,,,,,,,,,,,,,,,,,,,,,,,,,,,,,,
2018,218,E817585,3,07/06/2018,11:55,6,7,0,67,Thurston,2320,1,0,1,1,2,1,1,1,1,,,,24,0,0,0,1,0,1,5,2,4,6,0,0,0,0,CLEVELAND AVE SE,,-122.8986611,47.01674167,0,1,6,12,2,35,21,0,0,1,5,8,2,1,4,1,14,1,1,53,0,20,461,1991,0,0,68,64,24,69,68,63,1,1,34,1,0,0,0,0,3,0,11,0,,,,,0,0,0,3,1,91,0,0,0,96,,,,,,1,,,,,,98512,53,75,280,6,1,0,0,0,1,,2,,,,,,0,04/15/2016,04/15/2016,20,0,0,0,8,9,2,,,0,0,0,0,0,8,95,,,96,,,8,95,995,,,,,,,,,,,,,,,,,,,,,,,,,,,,,,0,0,1,0,0,0,0,0,0,0,0,0,0,0,0,0,0,0,0,0,0,0,0,0,0,0,0,0,0,1,0,1,0,0,0,,0,0,0,0,0,0,0,0,0,0,0,0,0,0,0,0,,,,,,31-35,26-35,City street,U,Friday,Belt Used,PV,Not Fatal,0,1,0,0,City Street,State Patrol,Washington State Patrol,1,0,0,1,0,,,,,,0,0,0,,,,,,,,,,,,,,,,,,,,,,,,,,,,,,,,,,,
2019,71,E902989,42,03/15/2019,8:22,15,3,,67,Thurston,0,1,0,1,1,2,1,0,1,1,,,,38,0,0,13,1,0,1,4,2,2,4,0,0,0,0,CR-LITTLEROCK RD SW,,-122.9512778,46.97059167,0,1,1,13,2,50,14,0,0,1,7,38,1,1,2,1,1,1,1,53,0,2,403,1998,0,0,63,38,,,,,1,1,38,1,7,,4,7,20,7,11,0,03/15/2019,,53012409,12409,0,0,0,3,1,0,0,0,0,92,,,,,,99,,,,,,98512,53,68,210,6,1,1,1,1,0,,0,,,,,,0,04/15/2016,03/15/2017,20,0,0,0,0,9,8,,,0,0,0,8,9,2,695,605,,1,1,,2,1,0.25,,,,,,,,,,,,,,,,,,,,,,,,,,,,,,0,0,1,0,1,1,1,1,1,0,0,0,0,0,0,0,1,0,0,1,0,0,0,0,0,0,0,0,0,1,0,0,0,1,0,,1,0,0,0,0,1,1,1,1,0,0,0,0,0,0,1,,,,,,36-40,36-45,County road,U,Friday,Not Used,PV,White,0,1,0,0,County Road,County Sheriff,Thurston County Sheriff's Office,1,0,1,0,0,thc,5.2,carboxy-thc,28,,0,1,3,,,,,,,,,,,0,0,0,1,,,,,20,7,,,,,,,,,,,,,,,
2019,138,E918296,3,05/01/2019,6:05,1,5,,67,Thurston,0,1,0,4,1,2,1,0,2,2,,,,12,0,6,43.2,2,0,3,3,1,1,2,0,0,0,0,US-12,DENMARK ST SW,-123.0655583,46.81566111,0,1,68,15,2,50,4,0,0,1,2,12,1,1,2,1,11,1,1,53,0,21,21,2000,0,0,12,,,,,,1,1,80,2,0,,0,0,3,0,11,0,,,,,0,0,3,3,1,38,0,0,0,96,,,,,,0,,,,,,98512,53,62,134,6,1,0,0,0,0,,97,,,,,,0,,,8,0,0,0,8,9,8,,,0,0,0,8,0,8,95,,,96,,,8,95,995,,,,,,,,,,,,,,,,,,,,,,,,,,,,,,0,0,0,1,0,0,0,0,0,0,0,0,0,0,1,0,0,0,1,0,0,0,0,0,0,1,1,1,1,1,0,0,0,0,0,,0,0,0,0,0,0,0,0,0,0,1,0,0,0,0,0,,,,,,76-80,76+,US highway,R,Wednesday,Belt Used,PV,Not Fatal,1,0,0,0,State Route,State Patrol,Washington State Patrol,0,1,0,0,0,,,,,,0,0,0,,,,,,,,,,,98,98,98,0,,,,,20,7,,,,,,,,,,,,,,,
2019,178,E929213,8,05/23/2019,7:40,23,5,,45,Mason,0,1,0,1,1,2,1,0,2,2,,,,12,0,6,313.9,1,0,1,3,1,1,2,0,0,0,0,US-101,,-122.9901667,47.60419167,0,2,65,62,4,50,34,0,0,1,2,12,1,2,2,1,1,1,1,53,0,7,482,2014,0,0,12,,,,,,1,1,61,1,7,,4,7,3,0,11,0,05/23/2019,7:40,53023525,23525,6,0,0,3,1,0,0,0,0,96,,,,,,99,,,,,,98512,53,72,165,6,1,0,0,0,0,,0,,,,,,0,,,8,0,0,0,0,9,8,,,0,0,0,8,9,2,1,,,1,,,2,1,0,,,,,,,,,,,,,,,,,,,,,,,,,,,,,,0,0,0,0,0,0,0,0,0,0,0,0,0,0,0,0,1,0,0,0,0,0,0,0,0,0,0,0,0,1,1,0,0,0,0,,1,0,0,0,0,0,0,0,0,0,0,0,0,0,0,0,,,,,,61-65,56-65,US highway,R,Thursday,Belt Used,PV,White,0,1,1,0,State Route,State Patrol,Washington State Patrol,0,1,0,0,0,,,,,,0,0,0,,,,,,,,,,,98,98,98,1,,,,,20,7,,,,,,,,,,,,,,,
2019,527,E977114,42,10/30/2019,6:28,30,10,,67,Thurston,0,1,0,3,1,2,1,0,3,2,,,,12,0,6,9999.9,2,0,3,5,1,2,4,1,0,20,3,CR-LITTLEROCK RD SW,110TH AVE SW,-122.9922444,46.92733611,0,1,82,15,2,50,14,0,0,1,2,12,1,1,2,1,11,2,2,53,0,37,403,2003,0,0,12,,,,,,1,1,59,2,0,,3,0,3,0,11,8,,,,,0,0,0,3,1,38,0,0,0,96,,,,,,0,,,,,,98512,53,61,180,6,1,0,0,0,0,,46,,,,,,0,,,20,0,0,0,8,9,8,,,0,0,0,8,0,8,95,,,96,,,8,95,995,,,,,,,,,,,,,,,,,,,,,,,,,,,,,,0,0,0,1,0,0,0,0,0,0,0,0,0,0,0,0,0,0,1,0,0,0,0,0,0,0,0,0,0,1,0,0,0,0,0,,0,0,0,0,0,0,0,0,0,0,1,0,0,0,0,0,,,,,,56-60,56-65,County road,R,Wednesday,Belt Used,PV,Not Fatal,1,0,0,0,County Road,County Sheriff,Thurston County Sheriff's Office,0,0,1,0,0,,,,,,0,0,0,,,,,,,,,,,98,98,98,0,,,,,20,7,,,,,,,,,,,,,,,
2020,45,EA15060,3,02/12/2020,23:57,12,2,,67,Thurston,0,5,,2,1,2,2,0,5,3,,,,12,0,2,89.4,1,0,1,1,2,1,1,0,0,0,0,I-5,,-122.9991833,46.81609444,0,1,52,54,3,70,4,0,0,1,2,12,1,1,3,3,1,2,1,53,0,55,33,2013,0,,12,60,54,,,,1,1,43,2,7,,4,7,3,0,11,0,02/12/2020,23:57,53007171,7171,0,0,3,3,1,51,,,,96,,,,,,98,,,,,,98512,53,60,125,6,1,0,1,1,0,,0,,,,,,4,11/15/2016,09/15/2016,8,0,0,0,0,9,8,,,0,,,8,8,2,1,,,1,,,2,1,0.255,,,,,,,,,,,,,,,,,,,,,,,,,,,,,,0,0,0,0,1,1,0,1,0,0,0,0,1,0,0,0,0,0,0,1,0,0,0,0,0,0,0,0,0,1,1,0,0,0,0,,1,0,0,0,0,1,0,1,0,1,0,0,0,1,0,1,,,,,,41-45,36-45,Interstate,U,Wednesday,Belt Used,PV,API,0,0,0,1,State Route,State Patrol,Washington State Patrol,0,1,0,0,0,,,,,,0,0,0,,,,,,,,,,,98,98,98,68,,,,,20,7,,,,,,,,1,14,,,,,,
2020,409,EA72701,29,10/09/2020,22:25,9,10,,41,Lewis,0,1,,2,1,2,1,1,2,2,22:25,22:46,,8,0,0,7,1,0,1,6,1,64,8,0,0,0,0,NFD ROAD 23,,-121.7626278,46.43071944,0,1,13,80,5,35,34,0,0,1,5,8,2,2,2,1,14,1,2,53,0,49,471,1993,0,,8,,,,,,1,1,17,1,0,,0,0,3,0,11,0,,,,,0,0,0,3,1,0,,,,92,,,,,,0,,,,,,98512,53,67,120,6,2,0,0,0,0,,0,,,,,,0,,,20,0,0,0,8,3,8,,,0,,,8,8,8,95,,,96,,,2,95,0,,,,,,,,,,,,,,,,,,,,,,,,,,,,,,0,0,0,0,0,0,0,0,0,0,0,0,0,0,0,0,1,0,0,0,1,0,1,1,1,0,0,0,0,1,0,1,0,0,0,,0,0,0,0,0,0,0,0,1,0,0,0,0,0,0,0,,,,,,16-17,16-25,Other,R,Friday,Belt Used,PV,Not Fatal,0,1,0,0,Other,County Sheriff,Lewis County Sheriff's Office,1,0,0,0,1,,,,,,0,0,0,,,,,,,,,,,0,0,0,0,,,,,20,7,,,,,,,,1,0,,,,,,
2020,514,EA86530,42,12/02/2020,12:11,2,12,,67,Thurston,0,1,,1,1,2,1,1,1,1,,,,18,0,0,11.4,3,0,3,5,2,2,4,0,0,98,3,CR-LITTLEROCK RD SW,93RD AVE SW,-122.9724083,46.95286944,1,1,98,98,7,50,34,0,0,1,5,8,1,1,2,1,1,1,1,53,0,12,471,2011,0,,63,18,8,,,,1,1,74,1,0,,0,0,3,0,11,0,,,,,0,0,3,3,1,10,,,,0,,,,,,0,,,,,,98512,53,72,200,6,1,0,0,0,0,,97,,,,,,0,03/15/2020,03/15/2020,1,0,0,0,8,9,8,,,0,,,8,8,0,0,,,0,,,0,0,996,,,,,,,,,,,,,,,,,,,,,,,,,,,,,,0,0,0,1,0,0,0,0,0,1,0,1,0,0,0,0,0,1,0,0,0,0,0,0,0,1,1,0,0,1,0,1,0,0,0,,0,0,0,0,0,0,0,0,0,0,0,0,0,0,0,0,,,,,,71-75,66-75,County road,U,Wednesday,Belt Used,PV,Not Fatal,0,0,0,0,County Road,County Sheriff,Thurston County Sheriff's Office,0,0,1,0,0,,,,,,0,0,1,,,,,,,,,,,98,98,98,0,,,,,20,7,,,,,,,,1,0,,,LITTLEROCK RD SW,11.42,93RD AVE SW,10.96
2021,620,EB31981,298,05/13/2021,15:03,13,5,,67,Thurston,2320,1,,1,1,2,1,0,2,2,,,,12,0,2,0,8,0,1,4,2,4,6,0,0,0,0,HENDERSON BLVD SE,,-122.8809889,47.00308611,0,2,69,62,4,35,80,0,0,1,2,12,1,1,4,1,1,1,1,53,0,76,706,1999,0,,12,,,,,,1,1,69,1,7,,4,0,20,7,11,1,05/17/2021,8:45,1.96053E+11,25236,0,0,0,3,1,0,,,,96,,,,,,98,,,,,,98512,53,69,200,6,1,0,0,0,0,,0,,,,,,0,,,20,8,0,0,0,9,8,,,0,,,8,8,2,348,189,996,1,1,1,2,1,0.052,,,,,,,,,,,,,,,,,,,,,,,,,,,,,,0,0,0,0,1,0,1,1,0,0,0,0,0,0,0,0,0,0,1,0,0,0,0,0,0,1,0,0,1,1,0,0,0,0,1,1,0,0,0,0,1,0,1,1,0,0,0,0,0,0,0,1,,,,,,66-70,66-75,City street,U,Thursday,,MC,White,0,0,0,0,City Street,Municipal/City Police,Tumwater Police Department,0,0,0,1,0,,,,,,0,0,0,1,,,,,522,,,,,0,0,0,1,,,,,16,,,,,,,,,1,0,,,,,,
2021,535,EC02897,8,12/16/2021,20:36,16,12,,27,Grays Harbor,0,5,,2,2,2,1,0,3,2,,,,12,0,8,37.4,1,0,1,3,1,1,2,0,0,0,0,US-12,,-123.1843333,46.82982222,0,1,64,10,2,55,4,0,0,1,2,12,1,1,2,1,1,2,1,53,0,41,35,2002,0,,68,12,64,42,,,1,1,31,2,0,,3,0,99,7,11,5,,,,,0,0,0,3,1,28,,,,96,,,,,,9,,,,,,98512,53,67,150,6,1,0,0,0,4,,0,,,,,,0,11/15/2019,07/15/2020,20,0,0,0,8,9,8,,,0,,,8,1,0,0,,,0,,,0,0,996,,,,,,,,,,,,,,,,,,,,,,,,,,,,,,0,0,0,0,1,0,0,0,0,0,0,0,0,1,0,0,0,0,0,0,0,0,0,0,0,0,0,0,0,1,1,0,0,0,0,,0,0,0,0,0,0,0,0,0,0,0,0,0,0,0,1,,,,,,31-35,26-35,US highway,R,Thursday,Unknown,PV,Not Fatal,0,1,1,0,State Route,State Patrol,Washington State Patrol,0,1,0,0,0,,,,,,0,0,1,,,,,,,,,,,98,98,98,0,,,,,20,,,,,,,,,1,0,,,,,,
2017,64,E645622,42,02/22/2017,7:16,22,2,0,67,Thurston,0,1,0,4,2,2,1,0,3,2,,,,12,0,6,6.4,2,0,2,3,2,2,4,0,0,20,3,CR-YELM HWY SE,CANTERWOOD DR SE,-122.7898639,46.98894167,0,1,82,15,2,50,4,0,0,1,2,12,1,1,2,2,11,2,2,53,0,30,40,2000,0,0,12,,,,,,1,1,18,1,0,0,0,0,3,0,11,0,,,,,0,0,0,3,1,48,0,0,0,96,,,,,,0,,,,,,98513,53,66,140,6,1,0,0,0,0,0,97,,,,,,0,,,1,0,0,0,8,9,8,,,0,0,0,8,0,0,0,0,0,0,0,0,0,0,996,,,,,,,,,,,,,,,,,,,,,,,,,,,,,,0,0,0,1,0,0,0,0,0,0,0,0,0,0,0,0,0,0,0,1,0,1,1,0,1,1,0,0,0,1,0,0,0,0,0,,0,0,0,0,0,0,0,0,0,0,0,0,0,0,0,0,,,,,,18-20,16-25,County road,U,Wednesday,Belt Used,PV,Not Fatal,1,0,0,0,County Road,County Sheriff,Thurston County Sheriff's Office,0,0,1,0,0,,,,,,,,,,,,,,,,,,,,,,,,,,,,,,,,,,,,,,,,,,,
2017,64,E645622,42,02/22/2017,7:16,22,2,0,67,Thurston,0,1,0,4,2,2,1,0,3,2,,,,12,0,6,6.4,2,0,2,3,2,2,4,0,0,0,0,CR-YELM HWY SE,CANTERWOOD DR SE,-122.7898639,46.98894167,0,2,83,67,4,50,4,0,0,1,2,12,1,1,3,1,1,1,2,53,0,35,47,2005,0,0,12,,,,,,1,1,69,2,7,1,4,7,20,0,11,0,02/22/2017,7:16,1.10253E+11,9487,0,0,3,3,1,0,0,0,0,0,,,,,,0,,,,,,98513,53,68,200,6,1,0,1,0,2,1,0,,,,,,0,06/15/2012,07/15/2013,20,0,0,0,0,9,8,,,0,0,0,8,9,2,1,0,0,1,0,0,2,1,0,,,,,,,,,,,,,,,,,,,,,,,,,,,,,,0,0,0,1,0,0,0,0,0,0,0,0,0,0,0,0,0,0,0,1,0,1,1,0,1,1,0,0,0,1,0,0,0,1,0,,1,0,0,0,0,0,0,0,0,0,0,0,0,0,0,0,,,,,,66-70,66-75,County road,U,Wednesday,Not Used,PV,White,1,0,0,0,County Road,County Sheriff,Thurston County Sheriff's Office,0,0,1,0,0,,,,,,,,,,,,,,,,,,,,,,,,,,,,,,,,,,,,,,,,,,,