year,case,par,repjur,crash_dt,crash_tm,accday,accmon,holiday,county,co_char,city,weather,weather2,lightcond,surfcond,surftype,numfatal,nmforms,pforms,vforms,not_tm,arr_tm,hosp_tm,fhevent,hitrun,manncol,milepnt,reljunc,reljuncinter,intersectiontype,funcsystem,landuse,ownership,route,schlbus,spejur,contdev,devfunc,trafid1,trafid2,x,y,wk_zone,vnumber,crashtype,criticalevent,criticaleventcat,spdlim,body,trailer,emerg,hazcargo,leave,mhevent,roadalgn,roadprof,traflane,trafflow,vehmanvr,numoccs,regowner,regstate,spuse,make,model,modelyr,vrf1,vrf2,seqevent1,seqevent2,seqevent3,seqevent4,seqevent5,seqevent6,pnumber,ptype,age,sex,hispanic,race,injury,diedscene,restraint,restraintmisuse,seatpos,takehosp,death_dt,death_tm,cert,cernum_wa,commlic,licendor,licrestrict,liccomp,drivpres,drf1,drf2,drf3,drf4,distract1,distract2,distract3,distract4,distract5,distract6,dricond1,dricond2,dricond3,dricond4,dricond5,dricond6,dzip,licstate,drhgt_in,weight,noncdl,noncdltype,prevdwi,prevoth,prevacc,prevspd,prevsus,driviol1,driviol2,driviol3,driviol4,driviol5,driviol6,spdrel,first_dt,last_dt,airbag,ejection,ejectpath,extricat,injurwrk,methalc,methdrug,nmlocat,strikveh,prf1,prf2,prf3,druginv,alcinvol,drugsts,drugres1,drugres2,drugres3,drugtst1,drugtst2,drugtst3,alcsts,alctst,alcres,nmact1,nmact2,nmact3,nmact4,nmact5,nmact6,nmprior1,nmprior2,nmprior3,nmprior4,nmprior5,nmprior6,nmcond1,nmcond2,nmcond3,nmcond4,nmcond5,nmcond6,nmsafe_helmet,nmsafe_pads,nmsafe_oth,nmprev_ref,nmprev_lgt,nmprev_oth,crashlocation,nmcrashtype,crosswalk,schoolzone,sidewalk,train_inv,wildlife_inv,rotr_fars,intersect_fars,dd_inv,aid_inv,dpd_inv,id_inv,mj_inv,impnm_inv,ainm_inv,dpnm_inv,speed_inv,unlic_inv,unendmc_inv,drowsy_inv,drdist_inv,nmdist_inv,fty_inv,unrestfat_inv,dr1617_inv,dr1820_inv,dr1620_inv,dr2125_inv,dr1625_inv,dr65_inv,dr70_inv,dr75_inv,mc_inv,pv_inv,ht_inv,ped_inv,bike_inv,unrest_fat,mc_fat,unhelmet_mc,pv_fat,ht_fat,ped_fat,bike_fat,dr_alc7,dr_alc8,dr_drug,dr_imp,dr_dist,dr_spd,dr_fty,dr_unlic,dr_alc7only,dr_alc8only,dr_drugonly,dr_drink,nm_imp,nm_alc7,nm_alc8,nm_drug,nm_dist,agegrp1,agegrp2,roadclass,urbrur,dayweek,restuse,vehtype,race_me,intersect,lanedep,oppdir,wrongway,rep_typ,investag,repag_long,rotr,st_rd,cty_rd,city_rd,oth_rd,drug_thc,thc_res,drug_cthc,cthc_res,drug_cann,prevpersemin,prevperse,prevsusoth,drugtst4,drugtst5,drugtst6,drugtst7,drugtst8,drugres4,drugres5,drugres6,drugres7,drugres8,adspresent,adsengaged,adslevel,race1,race2,race3,race4,race5,helmet,helmetmisuse,nmdistract1,nmdistract2,nmdistract3,nmdistract4,nmdistract5,nmdistract6,lab,isedtcase,crf1,crf2,crf3,CoRoadName,CoMP,IntCoRoadName,IntCoMP
2017,150,E671874,173,05/17/2017,0:20,17,5,0,53,Pierce,1124,10,0,3,2,2,1,0,2,1,,,,30,0,0,0,3,0,3,4,2,4,6,0,0,0,0,108TH ST SW,DOUGLAS DR SW,-122.5090806,47.15948056,0,1,1,13,2,25,34,0,0,1,2,30,1,1,2,1,1,2,2,53,0,49,471,1994,0,0,63,30,59,59,,,1,1,21,1,0,0,1,0,99,0,11,8,,,,,0,0,0,3,1,0,0,0,0,92,,,,,,99,,,,,,98513,53,71,200,6,1,0,0,0,0,0,0,,,,,,3,,,99,0,0,0,8,9,8,,,0,0,0,8,9,2,1,0,0,1,0,0,2,1,0.16,,,,,,,,,,,,,,,,,,,,,,,,,,,,,,0,0,1,1,1,1,0,1,0,0,0,0,1,0,0,0,1,0,0,0,0,0,0,1,1,0,0,0,0,0,0,0,0,0,0,,0,0,0,0,0,1,0,1,1,1,0,0,0,1,0,1,,,,,,21-25,16-25,City street,U,Wednesday,Unknown,PV,Not Fatal,0,1,0,0,City Street,Municipal/City Police,Lakewood Police Department,1,0,0,1,0,,,,,,,,,,,,,,,,,,,,,,,,,,,,,,,,,,,,,,,,,,,
2017,314,E706379,2,08/19/2017,11:12,19,8,0,73,Whatcom,0,1,0,1,1,2,1,0,1,1,,,,17,0,0,125.9,1,0,1,4,1,1,3,0,0,0,0,SR-20,,-121.1493417,48.71223056,0,1,7,12,2,50,80,0,0,1,2,17,3,3,2,1,14,1,1,53,0,76,706,2009,0,0,68,64,17,,,,1,1,36,1,7,98,4,7,5,0,11,0,08/19/2017,11:12,53036380,36380,0,0,3,3,1,0,0,0,0,96,,,,,,99,,,,,,98513,53,67,210,6,1,0,0,0,0,0,0,,,,,,4,,,20,8,0,0,0,9,8,,,0,0,0,8,0,2,1,0,0,1,0,0,2,1,0,,,,,,,,,,,,,,,,,,,,,,,,,,,,,,0,0,0,0,0,0,0,0,0,0,0,0,1,0,0,0,0,0,0,0,0,0,0,0,0,0,0,0,1,0,0,0,0,0,1,0,0,0,0,0,0,0,0,0,0,1,0,0,0,0,0,0,,,,,,36-40,36-45,State route,R,Saturday,,MC,Oth/Unk,0,1,0,0,State Route,State Patrol,Washington State Patrol Headquarter,1,1,0,0,0,,,,,,,,,,,,,,,,,,,,,,,,,,,,,,,,,,,,,,,,,,,
2017,340,E711224,3,08/31/2017,16:14,31,8,0,53,Pierce,1124,1,0,1,1,2,1,0,8,6,,,,12,0,1,0.5,17,1,1,3,2,1,3,0,0,0,0,SR-512,,-122.4679194,47.16010556,0,3,98,53,3,60,67,1,0,1,2,12,1,1,4,3,5,1,1,53,0,7,880,2004,0,0,12,12,,,,,1,1,26,1,0,0,0,0,3,0,11,0,,,,,0,0,0,3,1,0,0,0,0,0,,,,,,0,,,,,,98513,53,74,243,6,1,0,0,0,4,0,0,,,,,,0,07/15/2013,10/15/2016,20,0,0,0,8,9,8,,,0,0,0,8,0,2,1,0,0,1,0,0,2,1,0,,,,,,,,,,,,,,,,,,,,,,,,,,,,,,0,0,0,0,0,0,0,0,0,0,0,0,1,1,0,0,1,0,0,0,0,0,0,0,0,0,0,0,1,1,1,0,0,0,0,,0,0,0,0,0,0,0,0,0,0,0,0,0,0,0,0,,,,,,26-30,26-35,State route,U,Thursday,Belt Used,MHTRUCK,Not Fatal,0,0,0,0,State Route,State Patrol,Washington State Patrol Headquarter,0,1,0,0,0,,,,,,,,,,,,,,,,,,,,,,,,,,,,,,,,,,,,,,,,,,,
2018,148,E802094,169,05/26/2018,15:06,26,5,4,67,Thurston,1102,1,0,1,1,2,1,0,1,1,,,,1,0,0,0,1,0,1,3,2,4,6,0,0,0,0,MARTIN WAY E,,-122.7515694,47.05932222,0,1,98,98,7,40,80,0,0,1,7,1,1,1,5,5,1,1,1,53,0,77,706,2014,0,0,1,,,,,,1,1,51,1,7,1,4,7,19,0,11,0,05/26/2018,15:06,1.10253E+11,23738,0,0,0,2,1,0,0,0,0,96,,,,,,99,,,,,,98513,53,69,180,1,1,0,0,1,5,,0,,,,,,0,02/15/2015,05/15/2018,20,8,0,0,0,9,8,,,0,0,0,8,9,2,401,417,,1,1,,2,1,0,,,,,,,,,,,,,,,,,,,,,,,,,,,,,,0,0,0,0,0,0,1,1,0,0,0,0,0,1,1,0,0,0,0,0,0,0,0,0,0,0,0,0,1,0,0,0,0,0,1,0,0,0,0,0,0,0,1,1,0,0,0,1,0,0,1,0,,,,,,51-55,46-55,City street,U,Saturday,,MC,White,0,0,0,0,City Street,Municipal/City Police,Lacey Police Department,0,0,0,1,0,,,,,,0,0,3,,,,,,,,,,,,,,,,,,,,,,,,,,,,,,,,,,,
2018,172,E807140,35,06/09/2018,16:20,9,6,0,53,Pierce,0,1,0,1,1,2,1,0,3,2,,,,12,0,6,1.1,1,0,1,5,1,2,4,0,0,0,0,CR-NISQUALLY RD SW,,-122.6951056,47.07114444,0,2,66,62,4,40,15,0,0,1,5,12,8,8,2,1,1,2,3,53,0,20,421,2013,0,0,12,,,,,,1,1,65,1,0,0,0,0,3,0,11,0,,,,,0,0,3,3,1,0,0,0,0,96,,,,,,0,,,,,,98513,53,76,230,6,1,0,1,1,0,,0,,,,,,0,03/15/2015,09/15/2017,1,0,0,0,8,9,8,,,0,0,0,8,0,8,95,,,96,,,8,95,995,,,,,,,,,,,,,,,,,,,,,,,,,,,,,,0,0,0,0,1,0,1,1,1,0,0,0,1,0,0,0,0,0,0,0,0,0,0,0,0,1,0,0,0,1,0,0,0,0,0,,0,0,0,0,0,0,0,0,0,0,0,0,0,0,0,0,,,,,,61-65,56-65,County road,R,Saturday,Belt Used,PV,Not Fatal,0,1,1,0,County Road,County Sheriff,Law Enforcement Support Agency,0,0,1,0,0,,,,,,0,0,0,,,,,,,,,,,,,,,,,,,,,,,,,,,,,,,,,,,
2018,451,E868930,222,12/04/2018,11:51,4,12,0,67,Thurston,1590,1,0,1,1,2,1,1,1,1,,,,15,0,0,0,4,0,1,7,2,4,6,0,0,0,0,MARTIN WAY E,ENSIGN RD NE,-122.8558361,47.04649444,0,1,13,83,5,35,67,0,0,1,7,15,1,1,4,1,10,1,1,53,0,7,880,2006,0,0,15,,,,,,1,1,46,1,0,0,0,0,3,0,11,0,,,,,0,0,0,3,1,10,0,0,0,93,,,,,,0,,,,,,98513,53,66,150,6,1,0,0,0,0,,97,,,,,,0,,,20,0,0,0,8,9,8,,,0,0,0,8,0,8,95,,,96,,,8,95,995,,,,,,,,,,,,,,,,,,,,,,,,,,,,,,0,0,0,0,0,0,0,0,0,1,0,1,0,0,0,0,1,0,0,0,0,0,0,0,0,0,0,0,0,0,1,1,0,0,0,,0,0,0,0,0,0,0,0,1,0,0,0,0,0,0,0,,,,,,46-50,46-55,City street,U,Tuesday,Belt Used,MHTRUCK,Not Fatal,0,0,0,0,City Street,Municipal/City Police,Olympia Police Department,0,0,0,1,0,,,,,,0,0,0,,,,,,,,,,,,,,,,,,,,,,,,,,,,,,,,,,,
2019,213,E937123,42,06/29/2019,2:43,29,6,,67,Thurston,0,1,0,2,1,1,1,0,2,2,,,,12,0,2,8.2,1,0,1,4,2,2,4,0,0,0,0,CR-YELM HWY SE,,-122.7474222,46.9855,0,1,50,10,2,50,6,0,0,1,7,12,4,2,2,1,14,1,1,53,0,63,37,2014,0,0,68,12,,,,,1,1,37,1,1,,4,7,20,7,11,0,06/29/2019,2:43,53030080,30080,0,0,0,3,1,28,0,0,0,92,,,,,,99,,,,,,98513,53,71,295,6,1,0,0,0,0,,0,,,,,,0,,,8,0,0,0,0,9,8,,,0,0,0,8,1,2,605,695,,1,1,,2,1,0.24,,,,,,,,,,,,,,,,,,,,,,,,,,,,,,0,0,0,0,1,1,1,1,1,0,0,0,1,0,0,0,1,0,0,1,0,0,0,0,0,0,0,0,0,1,0,0,0,1,0,,1,0,0,0,0,1,1,1,1,0,0,0,0,0,0,1,,,,,,36-40,36-45,County road,U,Saturday,Not Used,PV,Hispanic,0,1,1,0,County Road,County Sheriff,Thurston County Sheriff's Office,0,0,1,0,0,thc,13,carboxy-thc,57,,0,0,0,,,,,,,,,,,98,98,98,298,,,,,20,7,,,,,,,,,,,,,,,
2019,441,E994060,47,12/12/2019,20:45,12,12,,27,Grays Harbor,10,2,0,3,2,2,1,0,1,1,,,,39,0,0,0,3,0,3,7,2,4,6,0,0,0,0,N B ST   ROBERT GRAY ELEMENTAR,3RD AVE,-123.8142444,46.98606944,0,1,14,14,2,25,4,0,0,1,7,39,1,2,2,1,1,1,1,53,0,12,17,1993,0,0,71,39,,,,,1,1,37,1,7,,4,7,20,7,11,0,12/12/2019,20:45,1053055372,55372,6,0,0,3,1,0,0,0,0,92,,,,,,99,,,,,,98513,53,69,160,6,1,0,2,1,1,,0,,,,,,0,01/15/2018,08/15/2019,1,1,9,0,0,9,8,,,0,0,0,8,9,2,401,417,,1,1,,2,1,0,,,,,,,,,,,,,,,,,,,,,,,,,,,,,,0,0,0,1,0,0,1,1,0,0,0,0,0,0,0,0,1,0,0,1,0,0,0,0,0,0,0,0,0,1,0,0,0,1,0,,1,0,0,0,0,0,1,1,1,0,0,0,0,0,1,0,,,,,,36-40,36-45,City street,U,Thursday,Not Used,PV,White,1,0,0,0,City Street,Municipal/City Police,Aberdeen Police Department,0,0,0,1,0,,,,,,0,0,1,,,,,,,,,,,0,0,0,1,,,,,20,7,,,,,,,,,,,,,,,
2020,140,EA34295,169,05/14/2020,19:02,14,5,,67,Thurston,1102,10,,1,1,2,1,0,3,1,,,,5,0,0,0,1,0,1,7,2,4,6,0,0,0,0,EMMITT LN SE,,-122.8250056,46.99498056,0,1,0,98,7,0,34,0,0,1,3,5,1,1,8,8,1,3,1,53,0,20,481,2009,0,,5,5,,,,,1,1,43,1,0,,0,0,3,0,11,0,,,,,0,0,0,3,1,0,,,,92,,,,,,0,,,,,,98513,53,66,240,6,1,0,0,0,4,,97,,,,,,0,09/15/2015,10/15/2019,20,0,0,0,8,2,8,,,0,,,8,0,0,0,,,0,,,2,10,0,,,,,,,,,,,,,,,,,,,,,,,,,,,,,,0,0,0,0,0,0,0,0,0,0,0,0,0,0,0,0,1,0,0,1,0,0,0,0,0,0,0,0,0,1,0,0,0,0,0,,0,0,0,0,0,0,0,0,1,0,0,0,0,0,0,0,,,,,,41-45,36-45,City street,U,Thursday,Belt Used,PV,Not Fatal,0,0,0,0,City Street,Municipal/City Police,Lacey Police Department,0,0,0,1,0,,,,,,0,0,1,,,,,,,,,,,98,98,98,0,,,,,20,7,,,,,,,,1,0,,,,,,
2020,358,EA64517,3,09/02/2020,12:12,2,9,,53,Pierce,1124,1,,1,1,2,1,0,7,4,,,,12,0,1,0.3,1,0,1,3,2,1,3,0,0,0,0,SR-512,,-122.4735083,47.16163889,0,2,29,53,3,45,4,0,0,1,2,12,1,1,4,3,2,1,1,53,0,48,34,1999,0,,12,,,,,,1,1,23,1,7,,4,0,2,0,11,5,09/04/2020,8:55,2.23053E+11,41500,0,0,3,3,1,0,,,,96,,,,,,98,,,,,,98513,53,77,155,6,1,0,0,1,0,,0,,,,,,0,04/15/2020,04/15/2020,20,0,0,0,0,9,8,,,0,,,8,8,2,401,417,,1,1,,2,1,0,,,,,,,,,,,,,,,,,,,,,,,,,,,,,,0,0,0,0,0,0,1,1,0,0,0,0,1,1,0,0,0,0,0,0,0,0,0,1,1,0,0,0,0,1,0,0,0,0,0,,1,0,0,0,0,0,1,1,0,0,0,0,0,0,1,0,,,,,,21-25,16-25,State route,U,Wednesday,Belt Used,PV,White,0,0,0,0,State Route,State Patrol,Washington State Patrol,0,1,0,0,0,,,,,,0,0,0,,,,,,,,,,,0,0,0,1,,,,,20,7,,,,,,,,1,0,,,,,,
2021,353,EB68431,349,06/05/2021,15:01,5,6,,53,Pierce,0,1,,1,1,2,1,0,7,3,,,,1,0,0,,1,0,1,4,1,2,8,0,0,0,0,CR-NORTH GATE RD,,-122.5950611,47.13862222,0,2,98,62,4,45,20,0,0,1,2,12,3,1,2,1,14,2,3,53,0,6,443,2020,0,,12,,,,,,1,1,67,1,0,,0,0,3,0,11,0,,,,,0,0,0,3,1,0,,,,96,,,,,,98,,,,,,98513,53,74,200,6,1,0,0,0,0,,0,,,,,,0,,,20,0,0,0,8,9,8,,,0,,,8,8,2,1,,,1,,,2,1,0,,,,,,,,,,,,,,,,,,,,,,,,,,,,,,0,0,0,0,0,0,0,0,0,0,0,0,0,0,1,0,0,0,0,0,0,0,0,0,0,1,0,0,1,1,0,0,0,0,0,,0,0,0,0,0,0,0,0,0,0,0,0,0,0,0,0,,,,,,66-70,66-75,Other,R,Saturday,Belt Used,PV,Not Fatal,0,0,0,0,Other,Municipal/City Police,"Hdqtrs, 1st Military Police Brigade",0,0,0,0,1,,,,,,0,0,0,,,,,,,,,,,98,98,98,0,,,,,20,,,,,,,,,1,0,,,,,,
2021,412,EB77843,222,10/06/2021,10:05,6,10,,67,Thurston,1590,1,,1,2,2,2,0,6,4,,,,12,0,6,0,2,0,2,4,2,4,6,0,0,3,3,COOPER POINT RD SW,Capitol Mall Dr SW,-122.9391778,47.03991944,0,1,88,17,2,98,14,0,0,1,5,12,8,8,4,1,1,1,1,53,0,18,402,2004,0,,12,12,,,,,1,1,41,1,0,,9,0,3,0,11,8,,,,,0,0,0,3,1,26,,,,96,,,,,,98,,,,,,98513,53,67,130,6,1,0,0,1,0,,97,,,,,,0,08/15/2017,08/15/2017,20,0,0,0,8,9,8,,,0,,,8,8,8,95,,,96,,,8,95,995,,,,,,,,,,,,,,,,,,,,,,,,,,,,,,0,0,0,1,1,0,1,1,0,0,0,0,0,0,0,0,0,0,0,0,0,0,0,0,0,1,1,1,0,1,0,0,0,0,0,,0,0,0,0,0,0,0,0,0,0,0,0,0,0,0,0,,,,,,41-45,36-45,City street,U,Wednesday,Belt Used,PV,Not Fatal,1,0,0,0,City Street,Municipal/City Police,Olympia Police Department,0,0,0,1,0,,,,,,0,0,0,,,,,,,,,,,98,98,98,0,,,,,20,,,,,,,,,1,0,,,,,,
2017,99,E659938,5,03/30/2017,21:12,30,3,0,41,Lewis,0,1,0,2,1,2,1,0,2,1,21:09,21:18,21:52,1,0,0,3.3,1,0,1,5,1,1,3,0,0,0,0,SR-508,,-122.8228806,46.57561944,0,1,2,13,2,55,34,0,0,1,2,1,1,1,2,1,1,2,1,53,0,12,481,1999,0,0,63,69,68,64,67,1,1,1,53,1,7,1,4,7,3,0,11,0,03/30/2017,21:12,1.45053E+11,16901,0,0,3,3,1,58,0,0,0,96,,,,,,9,,,,,,98516,53,67,170,6,1,0,0,0,1,0,0,,,,,,0,02/15/2015,02/15/2015,20,0,0,0,0,1,8,,,0,0,0,8,1,2,996,996,0,1,1,0,2,1,0.18,,,,,,,,,,,,,,,,,,,,,,,,,,,,,,0,0,0,0,1,1,1,1,0,0,0,0,0,0,0,0,0,0,0,0,0,0,0,0,0,0,0,0,0,0,0,0,0,0,0,,0,0,0,0,0,1,1,1,0,0,0,0,0,0,0,1,,,,,,51-55,46-55,State route,R,Thursday,Belt Used,PV,White,0,1,0,0,State Route,State Patrol,Washington State Patrol Headquarter,1,1,0,0,0,,,,,,,,,,,,,,,,,,,,,,,,,,,,,,,,,,,,,,,,,,,
2017,363,E661997,42,04/16/2017,11:13,16,4,0,67,Thurston,0,1,0,1,1,2,1,0,3,2,11:21,12:00,12:36,12,0,2,0,1,0,1,5,2,2,4,0,0,0,0,CR-JOHNSON POINT RD NE,,-122.8227889,47.09072778,0,2,51,62,4,40,14,0,0,1,2,12,3,2,2,1,14,2,1,53,0,49,403,2006,0,0,12,,,,,,1,1,73,1,0,0,3,0,3,0,11,8,,,,,0,0,3,3,1,0,0,0,0,0,,,,,,0,,,,,,98516,53,70,170,6,1,0,0,0,1,0,0,,,,,,0,01/15/2014,01/15/2014,1,0,0,0,8,9,8,,,0,0,0,8,0,0,0,0,0,0,0,0,0,0,996,,,,,,,,,,,,,,,,,,,,,,,,,,,,,,0,0,0,0,0,0,0,0,0,0,0,0,1,0,0,0,0,0,0,1,0,1,1,0,1,1,1,0,0,1,0,0,0,0,0,,0,0,0,0,0,0,0,0,0,0,0,0,0,0,0,0,,,,,,71-75,66-75,County road,U,Sunday,Belt Used,PV,Not Fatal,0,1,1,0,County Road,County Sheriff,Thurston County Sheriff's Office,0,0,1,0,0,,,,,,,,,,,,,,,,,,,,,,,,,,,,,,,,,,,,,,,,,,,
2018,1,E754460,222,01/01/2018,17:50,1,1,1,67,Thurston,1590,1,0,3,1,2,1,0,2,2,,,,12,0,6,0,2,0,2,3,2,4,6,0,0,3,3,MARTIN WAY E,SLEATER KINNEY RD NE,-122.8337333,47.04793611,0,2,68,15,2,35,14,0,0,1,5,12,1,1,7,1,11,1,1,53,0,2,404,2005,0,0,12,,,,,,1,1,23,1,0,0,0,0,3,0,11,0,,,,,0,0,0,3,1,0,0,0,0,96,,,,,,0,,,,,,98516,53,68,150,6,1,0,3,1,3,,0,,,,,,0,09/15/2013,02/15/2017,1,0,0,0,8,9,8,,,0,0,0,8,0,8,95,,,96,,,8,95,995,,,,,,,,,,,,,,,,,,,,,,,,,,,,,,0,0,0,1,1,0,1,1,1,0,0,0,0,0,0,0,0,0,0,0,0,0,0,1,1,0,0,0,1,1,0,0,0,0,0,,0,0,0,0,0,0,0,0,0,0,0,0,0,0,0,0,,,,,,21-25,16-25,City street,U,Monday,Belt Used,PV,Not Fatal,1,0,0,0,City Street,Municipal/City Police,Olympia Police Department,0,0,0,1,0,,,,,,0,0,1,,,,,,,,,,,,,,,,,,,,,,,,,,,,,,,,,,,
2018,494,E887160,222,11/04/2018,17:56,4,11,0,67,Thurston,1590,1,0,3,1,2,1,1,1,1,,,,8,0,0,0,1,0,1,7,2,4,6,0,0,0,0,LILLY RD NE,12TH AVE NE,-122.8444139,47.05673333,0,1,13,80,5,35,2,0,0,1,5,8,1,1,3,5,1,1,1,53,0,37,31,2017,0,0,8,,,,,,1,1,96,2,0,0,0,0,3,0,11,0,,,,,0,0,0,3,1,0,0,0,0,96,,,,,,0,,,,,,98516,53,62,130,6,1,0,0,0,0,,0,,,,,,0,,,20,0,0,0,8,9,8,,,0,0,0,8,0,8,95,,,96,,,8,95,995,,,,,,,,,,,,,,,,,,,,,,,,,,,,,,0,0,0,0,0,0,0,0,0,0,0,0,0,0,0,0,0,0,0,0,0,0,0,0,0,1,1,1,0,1,0,1,0,0,0,,0,0,0,0,0,0,0,0,0,0,0,0,0,0,0,0,,,,,,81+,76+,City street,U,Sunday,Belt Used,PV,Not Fatal,0,0,0,0,City Street,Municipal/City Police,Olympia Police Department,0,0,0,1,0,,,,,,0,0,0,,,,,,,,,,,,,,,,,,,,,,,,,,,,,,,,,,,
2020,34,EA10140,42,02/01/2020,13:46,1,2,,67,Thurston,0,1,,1,1,2,1,0,1,1,,,,42,0,0,4.5,1,0,1,5,1,2,4,0,0,0,0,CR-RAINIER RD SE,,-122.755,46.93015,0,1,1,13,2,50,4,0,0,1,5,42,1,1,2,1,1,1,1,53,0,37,31,2003,0,,63,42,,,,,1,1,39,1,7,,4,7,20,7,11,0,02/01/2020,13:46,53005380,5380,0,0,0,3,1,0,,,,96,,,,,,0,,,,,,98516,53,70,165,6,1,0,0,0,0,,0,,,,,,0,,,8,2,9,0,0,9,8,,,0,,,8,8,2,695,,,1,,,2,1,0.141,,,,,,,,,,,,,,,,,,,,,,,,,,,,,,0,0,1,0,1,1,1,1,1,0,0,0,0,0,0,0,0,0,0,1,0,0,0,0,0,0,0,0,0,1,0,0,0,1,0,,1,0,0,0,0,1,1,1,0,0,0,0,0,0,0,1,,,,,,36-40,36-45,County road,R,Saturday,Not Used,PV,White,0,1,0,0,County Road,County Sheriff,Thurston County Sheriff's Office,1,0,1,0,0,thc,8.9,,,,0,0,0,,,,,,,,,,,98,98,98,1,,,,,20,7,,,,,,,nms,1,0,,,RAINIER RD SE,4.515,,
2020,436,EA79152,3,10/30/2020,10:24,30,10,,67,Thurston,0,2,,1,2,2,1,0,2,2,,,,1,0,0,95.2,5,1,1,1,1,1,1,0,0,0,0,I-5,,-122.9608667,46.89611111,0,2,98,6,1,98,80,0,0,1,2,12,2,2,1,6,16,1,1,53,0,37,705,2001,0,,1,12,,,,,1,1,29,1,7,,4,7,20,7,11,0,10/30/2020,10:24,53053150,53150,0,0,3,3,1,0,,,,96,,,,,,98,,,,,,98516,53,67,160,6,1,1,0,0,1,,0,,,,,,4,01/15/2016,01/15/2020,20,8,0,0,0,9,8,,,0,,,8,8,2,1,,,1,,,2,1,0,,,,,,,,,,,,,,,,,,,,,,,,,,,,,,0,0,0,0,0,0,0,0,0,0,0,0,1,0,0,0,0,0,0,0,0,0,0,0,0,0,0,0,1,0,1,0,0,0,1,0,0,0,0,0,0,0,0,0,0,1,0,0,0,0,0,0,,,,,,26-30,26-35,Interstate,R,Friday,,MC,Multiracial,1,0,0,0,State Route,State Patrol,Washington State Patrol,0,1,0,0,0,,,,,,0,1,0,,,,,,,,,,,0,0,0,201,268,,,,5,0,,,,,,,,1,0,,,,,,
2021,132,EB29540,42,05/10/2021,17:36,10,5,,67,Thurston,0,1,,1,1,2,1,0,5,1,,,,30,0,0,7.8,1,0,1,5,2,2,4,0,0,0,0,CR-MARVIN RD NE,,-122.7807222,47.107875,0,1,7,12,2,50,4,0,0,1,2,30,1,1,2,1,6,5,1,53,0,37,31,1995,0,,68,64,69,68,63,30,1,1,30,1,7,,4,7,20,7,11,0,05/10/2021,17:36,53024353,24353,0,0,0,2,1,33,,,,96,,,,,,98,,,,,,98516,53,67,160,1,1,0,3,2,8,,0,,,,,,3,06/15/2016,06/15/2020,20,0,0,0,0,9,8,,,0,,,8,8,2,1,,,1,,,2,1,0,,,,,,,,,,,,,,,,,,,,,,,,,,,,,,0,0,0,0,0,0,0,0,0,0,0,0,1,1,0,0,0,0,0,1,0,0,0,0,0,0,0,0,0,1,0,0,0,1,0,,1,0,0,0,0,0,0,0,0,1,0,1,0,0,0,0,,,,,,26-30,26-35,County road,U,Monday,Not Used,PV,Black,0,1,0,0,County Road,County Sheriff,Thurston County Sheriff's Office,1,0,1,0,0,,,,,,0,0,9,,,,,,,,,,,0,0,0,2,,,,,20,,,,,,,,,1,0,,,MARVIN RD NE,7.767,NULL,
2017,62,E645035,47,02/14/2017,16:56,14,2,0,27,Grays Harbor,10,1,0,1,1,2,1,0,1,1,,,,43,0,0,0.1,3,0,2,4,2,1,3,0,0,3,3,SR-105 SPUR BOONE,W SCOTT ST,-123.8023694,46.96966944,0,1,6,12,2,30,2,0,0,1,2,30,1,1,2,1,1,1,1,53,0,55,37,2001,0,0,68,64,43,30,,,1,1,53,1,7,1,4,7,20,0,11,0,02/14/2017,16:56,1053008177,8177,0,0,0,0,1,0,0,0,0,96,,,,,,99,,,,,,98520,53,70,190,0,0,0,0,0,0,0,0,,,,,,4,,,8,0,0,0,0,9,8,,,0,0,0,8,9,2,1,0,0,1,0,0,2,1,0.022,,,,,,,,,,,,,,,,,,,,,,,,,,,,,,0,0,1,1,1,0,0,0,0,0,0,0,1,1,0,0,0,0,0,1,0,0,0,0,0,0,0,0,0,1,0,0,0,1,0,,1,0,0,0,1,0,0,0,0,1,0,1,1,0,0,1,,,,,,51-55,46-55,State route,U,Tuesday,Not Used,PV,White,0,1,0,0,State Route,Municipal/City Police,Aberdeen Police Department,1,1,0,0,0,,,,,,,,,,,,,,,,,,,,,,,,,,,,,,,,,,,,,,,,,,,
2017,252,E692354,35,07/14/2017,11:18,14,7,0,53,Pierce,0,1,0,1,1,2,1,0,3,2,,,,12,0,1,122.7,1,0,1,1,2,1,1,0,0,0,0,I-5,,-122.5574056,47.11813333,0,1,28,52,3,60,80,0,0,1,2,12,1,2,3,3,1,1,1,53,0,98,706,2006,0,0,12,,,,,,1,1,22,1,7,1,4,7,5,0,11,0,07/14/2017,11:30,53031421,31421,0,0,0,3,1,26,0,0,0,93,,,,,,0,,,,,,98520,53,68,170,6,1,0,1,1,1,0,0,,,,,,4,08/15/2013,09/15/2016,20,8,0,0,0,9,8,,,0,0,0,8,0,2,996,0,0,1,0,0,2,1,0,,,,,,,,,,,,,,,,,,,,,,,,,,,,,,0,0,0,0,0,0,1,1,0,0,0,0,1,0,0,0,1,0,0,0,0,0,0,1,1,0,0,0,1,1,0,0,0,0,1,0,0,0,0,0,0,0,1,1,1,1,0,0,0,0,1,0,,,,,,21-25,16-25,Interstate,U,Friday,,MC,White,0,0,0,0,State Route,State Patrol,Washington State Patrol Headquarter,0,1,0,0,0,,,,,,,,,,,,,,,,,,,,,,,,,,,,,,,,,,,,,,,,,,,