year,case,par,repjur,crash_dt,crash_tm,accday,accmon,holiday,county,co_char,city,weather,weather2,lightcond,surfcond,surftype,numfatal,nmforms,pforms,vforms,not_tm,arr_tm,hosp_tm,fhevent,hitrun,manncol,milepnt,reljunc,reljuncinter,intersectiontype,funcsystem,landuse,ownership,route,schlbus,spejur,contdev,devfunc,trafid1,trafid2,x,y,wk_zone,vnumber,crashtype,criticalevent,criticaleventcat,spdlim,body,trailer,emerg,hazcargo,leave,mhevent,roadalgn,roadprof,traflane,trafflow,vehmanvr,numoccs,regowner,regstate,spuse,make,model,modelyr,vrf1,vrf2,seqevent1,seqevent2,seqevent3,seqevent4,seqevent5,seqevent6,pnumber,ptype,age,sex,hispanic,race,injury,diedscene,restraint,restraintmisuse,seatpos,takehosp,death_dt,death_tm,cert,cernum_wa,commlic,licendor,licrestrict,liccomp,drivpres,drf1,drf2,drf3,drf4,distract1,distract2,distract3,distract4,distract5,distract6,dricond1,dricond2,dricond3,dricond4,dricond5,dricond6,dzip,licstate,drhgt_in,weight,noncdl,noncdltype,prevdwi,prevoth,prevacc,prevspd,prevsus,driviol1,driviol2,driviol3,driviol4,driviol5,driviol6,spdrel,first_dt,last_dt,airbag,ejection,ejectpath,extricat,injurwrk,methalc,methdrug,nmlocat,strikveh,prf1,prf2,prf3,druginv,alcinvol,drugsts,drugres1,drugres2,drugres3,drugtst1,drugtst2,drugtst3,alcsts,alctst,alcres,nmact1,nmact2,nmact3,nmact4,nmact5,nmact6,nmprior1,nmprior2,nmprior3,nmprior4,nmprior5,nmprior6,nmcond1,nmcond2,nmcond3,nmcond4,nmcond5,nmcond6,nmsafe_helmet,nmsafe_pads,nmsafe_oth,nmprev_ref,nmprev_lgt,nmprev_oth,crashlocation,nmcrashtype,crosswalk,schoolzone,sidewalk,train_inv,wildlife_inv,rotr_fars,intersect_fars,dd_inv,aid_inv,dpd_inv,id_inv,mj_inv,impnm_inv,ainm_inv,dpnm_inv,speed_inv,unlic_inv,unendmc_inv,drowsy_inv,drdist_inv,nmdist_inv,fty_inv,unrestfat_inv,dr1617_inv,dr1820_inv,dr1620_inv,dr2125_inv,dr1625_inv,dr65_inv,dr70_inv,dr75_inv,mc_inv,pv_inv,ht_inv,ped_inv,bike_inv,unrest_fat,mc_fat,unhelmet_mc,pv_fat,ht_fat,ped_fat,bike_fat,dr_alc7,dr_alc8,dr_drug,dr_imp,dr_dist,dr_spd,dr_fty,dr_unlic,dr_alc7only,dr_alc8only,dr_drugonly,dr_drink,nm_imp,nm_alc7,nm_alc8,nm_drug,nm_dist,agegrp1,agegrp2,roadclass,urbrur,dayweek,restuse,vehtype,race_me,intersect,lanedep,oppdir,wrongway,rep_typ,investag,repag_long,rotr,st_rd,cty_rd,city_rd,oth_rd,drug_thc,thc_res,drug_cthc,cthc_res,drug_cann,prevpersemin,prevperse,prevsusoth,drugtst4,drugtst5,drugtst6,drugtst7,drugtst8,drugres4,drugres5,drugres6,drugres7,drugres8,adspresent,adsengaged,adslevel,race1,race2,race3,race4,race5,helmet,helmetmisuse,nmdistract1,nmdistract2,nmdistract3,nmdistract4,nmdistract5,nmdistract6,lab,isedtcase,crf1,crf2,crf3,CoRoadName,CoMP,IntCoRoadName,IntCoMP
2017,329,E709896,8,08/25/2017,22:52,25,8,0,27,Grays Harbor,0,1,0,2,1,2,1,1,2,1,,,,8,0,0,13.9,1,0,1,3,2,1,2,0,0,0,0,US-12,,-123.5375389,46.98810833,0,1,13,80,5,60,15,0,0,1,5,8,1,1,2,3,1,2,3,53,0,62,423,2016,0,0,8,,,,,,1,1,55,2,0,0,0,0,3,0,11,0,,,,,0,0,0,3,1,0,0,0,0,0,,,,,,0,,,,,,98520,53,70,180,6,1,0,0,0,0,0,0,,,,,,0,,,20,0,0,0,8,9,2,,,0,0,0,0,0,0,0,0,0,0,0,0,0,0,996,,,,,,,,,,,,,,,,,,,,,,,,,,,,,,0,0,0,0,0,0,0,0,0,1,1,1,0,0,0,0,0,0,0,0,0,0,0,0,0,0,0,0,0,1,0,1,0,0,0,,0,0,0,0,0,0,0,0,0,0,0,0,0,0,0,0,,,,,,51-55,46-55,US highway,U,Friday,Belt Used,PV,Not Fatal,0,0,0,0,State Route,State Patrol,Washington State Patrol Headquarter,0,1,0,0,0,,,,,,,,,,,,,,,,,,,,,,,,,,,,,,,,,,,,,,,,,,,
2017,406,E719375,8,09/30/2017,21:35,30,9,0,27,Grays Harbor,0,2,0,2,2,2,1,0,6,2,,,,12,0,2,3.6,1,0,1,4,1,1,3,0,0,0,0,SR-109,,-123.9594083,46.98282778,0,2,51,62,4,40,4,0,0,1,2,12,3,2,2,1,14,4,2,53,0,7,20,2002,0,0,12,,,,,,1,1,29,1,0,0,3,0,3,0,11,5,,,,,0,0,3,3,1,0,0,0,0,0,,,,,,0,,,,,,98520,53,70,180,6,1,0,1,0,0,0,0,,,,,,0,07/15/2014,07/15/2014,1,0,0,0,8,9,8,,,0,0,0,8,0,0,0,0,0,0,0,0,0,0,996,,,,,,,,,,,,,,,,,,,,,,,,,,,,,,0,0,0,0,1,1,1,1,1,0,0,0,1,0,0,0,0,0,0,0,0,0,0,0,0,0,0,0,0,1,0,0,0,0,0,,0,0,0,0,0,0,0,0,0,0,0,0,0,0,0,0,,,,,,26-30,26-35,State route,R,Saturday,Belt Used,PV,Not Fatal,0,1,1,0,State Route,State Patrol,Washington State Patrol Headquarter,0,1,0,0,0,,,,,,,,,,,,,,,,,,,,,,,,,,,,,,,,,,,,,,,,,,,
2017,478,E738191,22,11/21/2017,21:45,21,11,0,27,Grays Harbor,0,2,0,2,2,2,1,0,1,1,,,,30,0,0,7.7,1,0,1,5,1,2,4,0,0,0,0,CR-OCEAN BEACH RD,,-124.0440167,47.07201667,0,1,7,9,1,50,4,0,0,1,2,30,1,1,2,1,1,1,2,53,0,48,38,2002,0,0,68,64,30,,,,1,1,29,2,7,4,4,7,3,0,11,0,11/21/2017,21:45,53050944,50944,0,0,0,3,1,0,0,0,0,96,,,,,,99,,,,,,98520,53,59,145,6,1,0,0,0,0,0,0,,,,,,0,,,20,0,0,0,0,9,8,,,0,0,0,8,9,2,167,605,0,1,1,0,2,1,0,,,,,,,,,,,,,,,,,,,,,,,,,,,,,,0,0,0,0,0,0,1,1,1,0,0,0,0,0,0,0,0,0,0,0,0,0,0,0,0,0,0,0,0,1,0,0,0,0,0,,1,0,0,0,0,0,1,1,0,0,0,0,0,0,1,0,,,,,,26-30,26-35,County road,R,Tuesday,Belt Used,PV,API,0,1,0,0,County Road,County Sheriff,Grays Harbor County Sheriff's Offic,1,0,1,0,0,thc,16,carboxy-thc,120,,,,,,,,,,,,,,,,,,,,,,,,,,,,,,,,,,,,,,,
2018,67,E777589,8,03/04/2018,2:44,4,3,0,27,Grays Harbor,0,5,0,2,8,1,2,0,5,2,,,,12,0,6,8.9,1,0,1,3,1,1,2,0,0,0,0,US-12,,-123.6290028,46.97656389,0,2,98,60,4,60,3,0,0,1,2,12,1,1,4,1,1,4,2,53,0,54,31,1991,0,0,12,,,,,,1,1,36,1,7,1,4,7,3,0,11,0,03/04/2018,2:44,1.37053E+11,10385,0,0,3,2,1,0,0,0,0,96,,,,,,0,,,,,,98520,53,70,200,1,1,0,2,1,2,,0,,,,,,0,08/15/2014,06/15/2017,20,0,0,0,0,9,8,,,0,0,0,8,9,2,177,401,417,1,1,1,2,1,0,,,,,,,,,,,,,,,,,,,,,,,,,,,,,,0,0,0,0,0,0,1,1,0,0,0,0,0,1,0,0,0,0,0,1,0,0,0,0,0,0,0,0,0,1,1,0,0,0,0,,1,0,0,0,0,0,1,1,0,0,0,1,0,0,1,0,,,,,,36-40,36-45,US highway,R,Sunday,Belt Used,PV,White,0,0,0,0,State Route,State Patrol,Washington State Patrol Headquarter,0,1,0,0,0,,,,,,0,0,0,1,1,,,,313,351,,,,,,,,,,,,,,,,,,,,,,,,,,,,
2019,113,E913639,47,04/15/2019,13:23,15,4,,27,Grays Harbor,10,10,0,1,1,2,1,0,3,3,,,,12,0,2,0.6,1,0,1,3,2,1,2,0,0,0,0,US-12,,-123.8026278,46.97734722,0,1,50,10,2,30,34,0,0,1,5,12,1,1,5,5,1,1,1,53,0,7,482,1997,0,0,68,12,12,,,,1,1,69,1,7,,4,7,3,0,11,0,04/15/2019,13:23,1053017787,17787,6,0,3,3,1,28,0,0,0,96,,,,,,99,,,,,,98520,53,70,185,6,1,0,0,0,0,,0,,,,,,0,,,1,0,0,0,0,9,8,,,0,0,0,8,9,2,1,,,1,,,2,1,0,,,,,,,,,,,,,,,,,,,,,,,,,,,,,,0,0,0,0,0,0,0,0,0,0,0,0,0,0,0,0,0,0,0,0,0,0,0,0,0,1,0,0,0,1,1,0,0,0,0,,1,0,0,0,0,0,0,0,0,0,0,0,0,0,0,0,,,,,,66-70,66-75,US highway,U,Monday,Belt Used,PV,White,0,1,1,0,State Route,Municipal/City Police,Aberdeen Police Department,0,1,0,0,0,,,,,,0,0,0,,,,,,,,,,,0,0,0,1,,,,,20,7,,,,,,,,,,,,,,,
2019,113,E913639,47,04/15/2019,13:23,15,4,,27,Grays Harbor,10,10,0,1,1,2,1,0,3,3,,,,12,0,2,0.6,1,0,1,3,2,1,2,0,0,0,0,US-12,,-123.8026278,46.97734722,0,2,98,62,4,30,66,1,0,1,5,12,1,1,5,5,1,1,3,53,0,87,884,2014,0,0,12,,,,,,1,1,61,1,0,,0,0,3,0,11,0,,,,,6,3,0,3,1,0,0,0,0,96,,,,,,0,,,,,,98520,53,72,225,6,1,0,1,2,1,,0,,,,,,0,01/15/2016,08/15/2017,20,0,0,0,8,9,8,,,0,0,0,8,0,8,95,,,96,,,8,95,995,,,,,,,,,,,,,,,,,,,,,,,,,,,,,,0,0,0,0,0,0,0,0,0,0,0,0,0,0,0,0,0,0,0,0,0,0,0,0,0,1,0,0,0,1,1,0,0,0,0,,0,0,0,0,0,0,0,0,0,0,0,0,0,0,0,0,,,,,,61-65,56-65,US highway,U,Monday,,MHTRUCK,Not Fatal,0,1,1,0,State Route,Municipal/City Police,Aberdeen Police Department,0,1,0,0,0,,,,,,0,0,0,,,,,,,,,,,98,98,98,0,,,,,20,7,,,,,,,,,,,,,,,
2019,113,E913639,47,04/15/2019,13:23,15,4,,27,Grays Harbor,10,10,0,1,1,2,1,0,3,3,,,,12,0,2,0.6,1,0,1,3,2,1,2,0,0,0,0,US-12,,-123.8026278,46.97734722,0,3,51,62,4,30,6,0,0,1,5,12,1,1,5,5,5,1,1,53,0,49,46,2017,0,0,12,,,,,,1,1,27,1,0,,0,0,3,0,11,0,,,,,0,0,0,3,1,0,0,0,0,0,,,,,,0,,,,,,98520,53,66,230,6,1,0,0,0,0,,0,,,,,,0,,,99,0,0,0,8,9,8,,,0,0,0,8,0,8,95,,,96,,,8,95,995,,,,,,,,,,,,,,,,,,,,,,,,,,,,,,0,0,0,0,0,0,0,0,0,0,0,0,0,0,0,0,0,0,0,0,0,0,0,0,0,1,0,0,0,1,1,0,0,0,0,,0,0,0,0,0,0,0,0,0,0,0,0,0,0,0,0,,,,,,26-30,26-35,US highway,U,Monday,Belt Used,PV,Not Fatal,0,1,1,0,State Route,Municipal/City Police,Aberdeen Police Department,0,1,0,0,0,,,,,,0,0,0,,,,,,,,,,,98,98,98,0,,,,,20,7,,,,,,,,,,,,,,,
2019,395,E979909,8,10/11/2019,23:22,11,10,,27,Grays Harbor,0,1,0,2,1,2,1,0,1,1,,,,1,0,0,1.1,1,0,1,3,2,1,3,0,0,0,0,SR-8,,-123.367225,47.0121,0,1,6,6,1,60,5,0,0,1,7,1,1,1,2,3,15,1,5,53,0,48,38,2008,0,0,64,1,57,,,,1,1,19,2,6,,4,7,20,7,11,0,10/11/2019,23:22,53045820,45820,0,0,0,0,1,37,0,0,0,96,,,,,,99,,,,,,98520,53,64,112,0,0,0,0,0,0,,0,,,,,,4,,,8,1,9,0,0,9,8,,,0,0,0,8,9,2,996,996,401,1,1,1,2,1,0,,,,,,,,,,,,,,,,,,,,,,,,,,,,,,0,0,1,0,0,0,1,1,0,0,0,0,1,1,0,0,0,0,0,1,0,1,1,0,1,0,0,0,0,1,0,0,0,1,0,,1,0,0,0,0,0,1,1,0,1,0,1,0,0,1,0,,,,,,18-20,16-25,State route,U,Friday,Not Used,PV,Hispanic,0,1,0,0,State Route,State Patrol,Washington State Patrol,1,1,0,0,0,,,,,,0,0,0,1,1,1,,,417,128,177,157,,98,98,98,1,,,,,20,7,,,,,,,,,,,,,,,
2021,14,EA99218,4,01/18/2021,6:55,18,1,,1,Adams,0,5,,3,4,2,1,0,2,1,,,,38,0,0,229.5,1,0,1,1,1,1,1,0,0,0,0,I-90,,-118.2149278,47.21461667,0,1,2,6,1,60,34,1,0,1,2,1,1,2,2,2,1,2,1,53,0,20,481,2006,0,,63,38,1,,,,1,1,26,1,6,,4,7,20,7,11,0,01/18/2021,6:55,53002943,2943,0,0,0,3,1,87,,,,96,,,,,,99,,,,,,98520,53,72,250,6,1,0,1,0,0,,0,,,,,,4,05/15/2017,05/15/2017,20,1,9,0,9,9,8,,,0,,,1,9,2,695,605,,1,1,,2,1,0,,,,,,,,,,,,,,,,,,,,,,,,,,,,,,0,0,0,0,0,0,1,1,1,0,0,0,1,0,0,0,0,0,0,1,0,0,0,0,0,0,0,0,0,1,0,0,0,1,0,,1,0,0,0,0,0,1,1,0,1,0,0,0,0,1,0,,,,,,26-30,26-35,Interstate,R,Monday,Not Used,PV,Hispanic,0,1,0,0,State Route,State Patrol,Washington State Patrol,1,1,0,0,0,,,carboxy-thc,220,,0,0,0,,,,,,,,,,,98,98,98,1,,,,,20,,,,,,,,nms,1,0,,,,,,
2021,170,EB38174,8,06/07/2021,16:38,7,6,,27,Grays Harbor,0,1,,1,1,2,2,0,2,2,,,,12,0,2,39.6,1,0,1,4,1,1,3,0,0,0,0,SR-105,,-123.9581083,46.917725,0,1,50,10,2,55,4,0,0,1,2,12,1,1,2,1,1,1,1,53,0,35,47,2009,0,,68,12,,,,,1,1,29,1,6,,4,7,20,7,11,0,06/07/2021,16:38,53029632,29632,0,0,0,3,1,28,,,,92,,,,,,98,,,,,,98520,53,63,160,6,1,0,0,1,0,,0,,,,,,0,01/15/2021,01/15/2021,8,0,0,0,0,9,8,,,0,,,8,8,2,996,,,1,,,2,1,0,,,,,,,,,,,,,,,,,,,,,,,,,,,,,,0,0,0,0,0,0,1,1,0,0,0,0,0,0,0,0,1,0,0,1,0,0,0,0,0,0,0,0,0,1,0,0,0,1,0,,1,0,0,0,0,0,1,1,1,0,0,0,0,0,1,0,,,,,,26-30,26-35,State route,R,Monday,Not Used,PV,Hispanic,0,1,1,0,State Route,State Patrol,Washington State Patrol,0,1,0,0,0,,,,,,0,0,0,,,,,,,,,,,98,98,98,98,,,,,20,,,,,,,,,1,0,,,,,,
2021,231,EB49255,47,07/10/2021,1:22,10,7,,27,Grays Harbor,10,1,,3,1,2,1,0,5,1,,,,25,0,0,2.9,3,0,4,3,2,1,2,0,0,0,0,US-101,SIMPSON AVE,-123.831375,46.97486111,0,1,6,12,2,30,14,0,0,1,5,25,2,1,2,4,14,5,2,53,0,49,401,2015,0,,68,64,25,1,,,1,1,24,2,0,,0,0,3,0,11,0,,,,,0,0,0,3,1,0,,,,96,,,,,,98,,,,,,98520,53,62,165,6,1,0,0,1,2,,97,,,,,,2,06/15/2016,09/15/2020,1,0,0,0,8,9,8,,,0,,,8,8,2,1,,,1,,,2,1,0.16,,,,,,,,,,,,,,,,,,,,,,,,,,,,,,0,0,1,1,1,1,0,1,0,0,0,0,1,0,0,0,0,0,0,0,0,0,0,1,1,0,0,0,0,1,0,0,0,0,0,,0,0,0,0,0,1,0,1,0,1,0,0,0,1,0,1,,,,,,21-25,16-25,US highway,U,Saturday,Belt Used,PV,Not Fatal,0,1,0,0,State Route,Municipal/City Police,Aberdeen Police Department,1,1,0,0,0,,,,,,0,0,0,,,,,,,,,,,98,98,98,0,,,,,20,,,,,,,,,1,0,,,,,,
2021,429,EB81597,8,10/20/2021,7:20,20,10,,27,Grays Harbor,0,2,,4,2,2,3,0,4,2,,,,12,0,8,111.1,1,0,1,3,1,1,2,0,0,0,0,US-101,,-123.9261778,47.25309444,0,2,65,62,4,60,14,0,0,1,2,1,1,1,2,1,1,3,2,53,0,35,402,2000,0,,12,1,,,,,1,1,51,1,4,,4,7,20,7,11,0,10/20/2021,7:20,53056135,56135,0,0,0,3,1,0,,,,96,,,,,,98,,,,,,98520,53,65,170,6,1,0,1,0,0,,0,,,,,,0,05/15/2020,05/15/2020,20,1,9,0,0,9,8,,,0,,,8,8,2,1,,,1,,,2,1,0,,,,,,,,,,,,,,,,,,,,,,,,,,,,,,0,0,0,0,0,0,0,0,0,0,0,0,0,0,0,0,0,0,0,1,0,1,1,0,1,0,0,0,0,1,1,0,0,1,0,,1,0,0,0,0,0,0,0,0,0,0,0,0,0,0,0,,,,,,51-55,46-55,US highway,R,Wednesday,Not Used,PV,Hispanic,0,1,1,0,State Route,State Patrol,Washington State Patrol,0,1,0,0,0,,,,,,0,0,0,,,,,,,,,,,98,98,98,298,,,,,20,,,,,,,,,1,0,,,,,,
2021,464,EB88476,8,11/03/2021,17:53,3,11,,27,Grays Harbor,0,2,,2,6,2,2,0,6,3,,,,12,0,8,8.3,1,0,1,3,1,1,2,0,0,0,0,US-12,,-123.6441417,46.97655833,0,2,65,62,4,55,14,0,0,1,2,12,1,1,4,1,1,1,1,53,0,63,402,2019,0,,12,,,,,,1,1,41,1,7,,4,7,3,0,11,0,11/03/2021,17:53,53057531,57531,0,0,3,3,1,0,,,,96,,,,,,0,,,,,,98520,53,70,250,6,1,0,0,0,0,,0,,,,,,0,,,1,0,0,0,0,9,8,,,0,,,8,8,2,1,,,1,,,2,1,0,,,,,,,,,,,,,,,,,,,,,,,,,,,,,,0,0,0,0,0,0,0,0,0,0,0,0,0,0,0,0,0,0,0,0,0,0,0,0,0,0,0,0,0,1,0,0,0,0,0,,1,0,0,0,0,0,0,0,0,0,0,0,0,0,0,0,,,,,,41-45,36-45,US highway,R,Wednesday,Belt Used,PV,White,0,1,1,0,State Route,State Patrol,Washington State Patrol,0,1,0,0,0,,,,,,0,0,0,,,,,,,,,,,98,98,98,1,,,,,20,,,,,,,,,1,0,,,,,,
2021,464,EB88476,8,11/03/2021,17:53,3,11,,27,Grays Harbor,0,2,,2,6,2,2,0,6,3,,,,12,0,8,8.3,1,0,1,3,1,1,2,0,0,0,0,US-12,,-123.6441417,46.97655833,0,3,98,62,4,55,14,0,0,1,2,12,1,1,4,1,1,2,1,53,0,35,401,1994,0,,12,,,,,,1,1,33,1,1,,4,7,3,0,11,0,11/03/2021,17:53,53058497,58497,0,0,0,3,1,0,,,,96,,,,,,0,,,,,,98520,53,70,150,6,1,0,0,0,0,,0,,,,,,0,,,1,0,0,0,0,9,8,,,0,,,8,8,2,1,,,1,,,2,1,0,,,,,,,,,,,,,,,,,,,,,,,,,,,,,,0,0,0,0,0,0,0,0,0,0,0,0,0,0,0,0,0,0,0,0,0,0,0,0,0,0,0,0,0,1,0,0,0,0,0,,1,0,0,0,0,0,0,0,0,0,0,0,0,0,0,0,,,,,,31-35,26-35,US highway,R,Wednesday,Belt Used,PV,Hispanic,0,1,1,0,State Route,State Patrol,Washington State Patrol,0,1,0,0,0,,,,,,0,0,0,,,,,,,,,,,0,0,0,298,,,,,20,,,,,,,,,1,0,,,,,,
2018,18,E762010,8,01/23/2018,17:17,23,1,0,35,Kitsap,180,3,0,2,2,2,1,1,1,1,,,,8,0,0,33.7,1,0,1,3,2,1,3,0,0,0,0,SR-3,,-122.7136722,47.52398889,0,1,13,80,5,50,4,0,0,1,5,8,1,1,2,1,1,1,1,53,0,6,51,2014,0,0,8,,,,,,1,1,65,2,0,0,0,0,3,0,11,0,,,,,0,0,0,3,1,0,0,0,0,96,,,,,,0,,,,,,98524,53,62,170,6,1,0,0,0,0,,0,,,,,,0,,,20,0,0,0,8,9,2,,,0,0,0,0,0,2,996,996,996,1,1,1,2,1,0,,,,,,,,,,,,,,,,,,,,,,,,,,,,,,0,0,0,0,0,0,1,1,0,1,0,1,0,0,0,0,0,0,0,0,0,0,0,0,0,1,0,0,0,1,0,1,0,0,0,,0,0,0,0,0,0,1,1,0,0,0,0,0,0,1,0,,,,,,61-65,56-65,State route,U,Tuesday,Belt Used,PV,Not Fatal,0,0,0,0,State Route,State Patrol,Washington State Patrol Headquarter,0,1,0,0,0,,,,,,0,0,0,,,,,,,,,,,,,,,,,,,,,,,,,,,,,,,,,,,
2019,127,E916672,8,04/17/2019,14:49,17,4,,45,Mason,0,1,0,1,1,2,1,0,2,2,,,,12,0,2,3.7,1,0,1,3,2,1,3,0,0,0,0,SR-3,,-123.0829611,47.21666389,0,2,51,62,4,50,4,0,0,1,7,12,3,1,2,1,14,1,1,53,0,12,37,2009,0,0,12,,,,,,1,1,85,2,7,,4,0,3,0,11,8,04/17/2019,16:29,1.96053E+11,17917,0,0,0,3,1,0,0,0,0,96,,,,,,0,,,,,,98524,53,66,130,6,1,0,0,0,0,,0,,,,,,0,,,8,0,0,0,0,9,8,,,0,0,0,8,0,2,348,155,151,1,1,1,2,1,0,,,,,,,,,,,,,,,,,,,,,,,,,,,,,,0,0,0,0,0,0,1,1,1,0,0,0,0,0,0,1,0,0,0,0,0,0,0,0,0,1,1,1,0,1,0,0,0,0,0,,1,0,0,0,0,0,1,1,0,0,0,0,0,0,1,0,,,,,,81+,76+,State route,U,Wednesday,Belt Used,PV,White,0,1,1,0,State Route,State Patrol,Washington State Patrol,0,1,0,0,0,,,,,,0,0,0,,,,,,,,,,,98,98,98,1,,,,,20,7,,,,,,,,,,,,,,,
2019,430,E990638,3,11/29/2019,19:40,29,11,,45,Mason,0,1,0,2,1,2,1,0,2,2,,,,12,0,2,4.8,1,0,1,4,1,1,3,0,0,0,0,SR-302,,-122.805625,47.36002778,0,2,51,62,4,40,14,0,0,1,2,12,2,2,2,1,14,1,1,53,0,49,401,2010,0,0,12,,,,,,1,1,44,2,0,,1,0,3,0,11,4,,,,,0,0,0,3,1,0,0,0,0,96,,,,,,0,,,,,,98524,53,64,125,6,1,0,0,0,0,,0,,,,,,0,,,8,0,0,0,8,9,8,,,0,0,0,8,0,8,95,,,96,,,8,95,995,,,,,,,,,,,,,,,,,,,,,,,,,,,,,,0,0,0,0,0,0,1,1,1,0,0,0,0,1,0,0,1,0,0,0,0,0,0,0,0,0,0,0,0,1,0,0,0,0,0,,0,0,0,0,0,0,0,0,0,0,0,0,0,0,0,0,,,,,,41-45,36-45,State route,R,Friday,Belt Used,PV,Not Fatal,0,1,1,0,State Route,State Patrol,Washington State Patrol,0,1,0,0,0,,,,,,0,0,0,,,,,,,,,,,98,98,98,0,,,,,20,7,,,,,,,,,,,,,,,
2020,17,EA06826,8,01/04/2020,16:28,4,1,,45,Mason,0,2,,2,2,2,2,0,5,2,16:32,16:39,,12,0,2,0.4,1,0,1,5,1,2,4,0,0,0,0,CR-NE BELFAIR TAHUYA RD,,-122.896775,47.43155,0,2,51,62,4,35,34,0,0,1,2,12,3,2,2,1,14,4,2,53,0,12,471,1998,0,,12,,,,,,1,1,17,1,0,,3,0,3,0,11,4,,,,,99,9,9,9,1,0,,,,96,,,,,,0,,,,,,98524,99,,999,9,9,99,99,99,99,,0,,,,,,0,,,1,0,0,0,8,9,8,,,0,,,8,8,0,0,,,0,,,0,0,996,,,,,,,,,,,,,,,,,,,,,,,,,,,,,,0,0,0,0,1,1,0,1,0,0,0,0,0,0,0,0,0,0,0,1,1,0,1,0,1,0,0,0,0,1,1,0,0,0,0,,0,0,0,0,0,0,0,0,0,0,0,0,0,0,0,0,,,,,,16-17,16-25,County road,R,Saturday,Belt Used,PV,Not Fatal,0,1,1,0,County Road,State Patrol,Washington State Patrol,0,0,1,0,0,,,,,,99,99,99,,,,,,,,,,,0,0,0,0,,,,,20,7,,,,,,,,1,0,,,BELFAIR TAHUYA RD,0.383,,
2017,112,E660182,8,04/06/2017,4:57,6,4,0,35,Kitsap,0,2,0,2,2,2,1,0,1,1,,,,42,0,0,16.4,1,0,1,3,1,1,3,0,0,0,0,SR-16,,-122.6250472,47.40931944,0,1,1,13,2,60,14,0,0,1,2,42,4,1,2,3,14,1,1,53,0,7,402,2000,0,0,63,42,42,,,,1,1,39,2,7,1,4,0,3,0,11,4,04/16/2017,12:45,2.23053E+11,18034,0,0,0,3,1,0,0,0,0,96,,,,,,99,,,,,,98528,53,61,130,6,1,0,1,2,2,1,0,,,,,,0,09/15/2014,03/15/2017,8,0,0,0,0,9,8,,,0,0,0,8,9,0,0,0,0,0,0,0,0,0,996,,,,,,,,,,,,,,,,,,,,,,,,,,,,,,0,0,1,0,0,0,0,0,0,0,0,0,0,0,0,0,0,0,0,0,0,0,0,0,0,0,0,0,0,1,0,0,0,0,0,,1,0,0,0,0,0,0,0,0,0,0,0,0,0,0,0,,,,,,36-40,36-45,State route,R,Thursday,Belt Used,PV,White,0,1,0,0,State Route,State Patrol,Washington State Patrol Headquarter,1,1,0,0,0,,,,,,,,,,,,,,,,,,,,,,,,,,,,,,,,,,,,,,,,,,,
2017,406,E719375,8,09/30/2017,21:35,30,9,0,27,Grays Harbor,0,2,0,2,2,2,1,0,6,2,,,,12,0,2,3.6,1,0,1,4,1,1,3,0,0,0,0,SR-109,,-123.9594083,46.98282778,0,1,50,10,2,40,4,0,0,1,2,12,2,2,2,1,6,2,1,53,0,34,35,1998,0,0,68,12,63,1,,,1,1,30,1,0,0,0,0,3,0,11,0,,,,,0,0,0,3,1,28,0,0,0,96,,,,,,9,,,,,,98528,53,76,290,6,1,0,0,1,6,0,97,,,,,,4,04/15/2014,09/15/2015,1,0,0,0,8,9,2,,,0,0,0,1,1,2,695,0,0,1,0,0,2,1,0.11,,,,,,,,,,,,,,,,,,,,,,,,,,,,,,0,0,0,0,1,1,1,1,1,0,0,0,1,0,0,0,0,0,0,0,0,0,0,0,0,0,0,0,0,1,0,0,0,0,0,,0,0,0,0,0,1,1,1,0,1,0,0,0,0,0,1,,,,,,26-30,26-35,State route,R,Saturday,Belt Used,PV,Not Fatal,0,1,1,0,State Route,State Patrol,Washington State Patrol Headquarter,0,1,0,0,0,,,carboxy-thc,11,,,,,,,,,,,,,,,,,,,,,,,,,,,,,,,,,,,,,,,
2018,110,E790526,67,04/20/2018,4:51,20,4,0,35,Kitsap,0,1,0,3,1,2,1,0,1,1,,,,38,0,0,1.5,1,0,1,4,2,2,6,0,0,0,0,TRACYTON BEACH RD,,-122.6466583,47.58658056,0,1,7,10,2,30,4,0,0,1,7,1,1,1,2,1,1,1,1,53,0,41,50,2004,0,0,68,68,68,64,38,1,1,1,37,1,7,1,4,7,3,0,11,0,04/20/2018,4:51,18053018518,18518,0,0,0,3,1,58,0,0,0,96,,,,,,9,,,,,,98528,53,74,245,6,1,0,0,0,0,,0,,,,,,4,,,8,0,0,1,0,9,8,,,0,0,0,8,1,2,401,417,996,1,1,1,2,1,0,,,,,,,,,,,,,,,,,,,,,,,,,,,,,,0,0,0,0,1,0,1,1,0,0,0,0,1,0,0,0,0,0,0,0,0,0,0,0,0,0,0,0,0,1,0,0,0,0,0,,1,0,0,0,0,0,1,1,0,1,0,0,0,0,1,1,,,,,,36-40,36-45,City street,U,Friday,Belt Used,PV,White,0,1,0,0,County Road,Municipal/City Police,Bremerton Police Department,1,0,1,0,0,,,,,,0,0,0,1,,,,,996,,,,,,,,,,,,,,,,,,,,,,,,,,,,,