year,case,par,repjur,crash_dt,crash_tm,accday,accmon,holiday,county,co_char,city,weather,weather2,lightcond,surfcond,surftype,numfatal,nmforms,pforms,vforms,not_tm,arr_tm,hosp_tm,fhevent,hitrun,manncol,milepnt,reljunc,reljuncinter,intersectiontype,funcsystem,landuse,ownership,route,schlbus,spejur,contdev,devfunc,trafid1,trafid2,x,y,wk_zone,vnumber,crashtype,criticalevent,criticaleventcat,spdlim,body,trailer,emerg,hazcargo,leave,mhevent,roadalgn,roadprof,traflane,trafflow,vehmanvr,numoccs,regowner,regstate,spuse,make,model,modelyr,vrf1,vrf2,seqevent1,seqevent2,seqevent3,seqevent4,seqevent5,seqevent6,pnumber,ptype,age,sex,hispanic,race,injury,diedscene,restraint,restraintmisuse,seatpos,takehosp,death_dt,death_tm,cert,cernum_wa,commlic,licendor,licrestrict,liccomp,drivpres,drf1,drf2,drf3,drf4,distract1,distract2,distract3,distract4,distract5,distract6,dricond1,dricond2,dricond3,dricond4,dricond5,dricond6,dzip,licstate,drhgt_in,weight,noncdl,noncdltype,prevdwi,prevoth,prevacc,prevspd,prevsus,driviol1,driviol2,driviol3,driviol4,driviol5,driviol6,spdrel,first_dt,last_dt,airbag,ejection,ejectpath,extricat,injurwrk,methalc,methdrug,nmlocat,strikveh,prf1,prf2,prf3,druginv,alcinvol,drugsts,drugres1,drugres2,drugres3,drugtst1,drugtst2,drugtst3,alcsts,alctst,alcres,nmact1,nmact2,nmact3,nmact4,nmact5,nmact6,nmprior1,nmprior2,nmprior3,nmprior4,nmprior5,nmprior6,nmcond1,nmcond2,nmcond3,nmcond4,nmcond5,nmcond6,nmsafe_helmet,nmsafe_pads,nmsafe_oth,nmprev_ref,nmprev_lgt,nmprev_oth,crashlocation,nmcrashtype,crosswalk,schoolzone,sidewalk,train_inv,wildlife_inv,rotr_fars,intersect_fars,dd_inv,aid_inv,dpd_inv,id_inv,mj_inv,impnm_inv,ainm_inv,dpnm_inv,speed_inv,unlic_inv,unendmc_inv,drowsy_inv,drdist_inv,nmdist_inv,fty_inv,unrestfat_inv,dr1617_inv,dr1820_inv,dr1620_inv,dr2125_inv,dr1625_inv,dr65_inv,dr70_inv,dr75_inv,mc_inv,pv_inv,ht_inv,ped_inv,bike_inv,unrest_fat,mc_fat,unhelmet_mc,pv_fat,ht_fat,ped_fat,bike_fat,dr_alc7,dr_alc8,dr_drug,dr_imp,dr_dist,dr_spd,dr_fty,dr_unlic,dr_alc7only,dr_alc8only,dr_drugonly,dr_drink,nm_imp,nm_alc7,nm_alc8,nm_drug,nm_dist,agegrp1,agegrp2,roadclass,urbrur,dayweek,restuse,vehtype,race_me,intersect,lanedep,oppdir,wrongway,rep_typ,investag,repag_long,rotr,st_rd,cty_rd,city_rd,oth_rd,drug_thc,thc_res,drug_cthc,cthc_res,drug_cann,prevpersemin,prevperse,prevsusoth,drugtst4,drugtst5,drugtst6,drugtst7,drugtst8,drugres4,drugres5,drugres6,drugres7,drugres8,adspresent,adsengaged,adslevel,race1,race2,race3,race4,race5,helmet,helmetmisuse,nmdistract1,nmdistract2,nmdistract3,nmdistract4,nmdistract5,nmdistract6,lab,isedtcase,crf1,crf2,crf3,CoRoadName,CoMP,IntCoRoadName,IntCoMP
2018,433,E865455,67,11/19/2018,16:34,19,11,0,35,Kitsap,180,1,0,1,1,2,1,0,3,3,,,,12,0,2,33.5,1,0,1,3,2,1,3,0,0,0,0,SR-3,,-122.7198778,47.52378889,0,2,51,62,4,50,4,0,0,1,7,12,2,1,2,1,14,1,1,53,0,12,17,2008,0,0,12,,,,,,1,1,85,1,7,1,4,0,20,0,11,4,11/19/2018,17:08,2.23053E+11,50526,0,0,0,3,1,0,0,0,0,96,,,,,,0,,,,,,98528,53,72,190,6,1,0,0,2,0,,0,,,,,,0,01/15/2018,08/15/2018,1,0,0,0,0,9,8,,,0,0,0,8,0,2,1,,,1,,,2,1,0,,,,,,,,,,,,,,,,,,,,,,,,,,,,,,0,0,0,0,0,0,1,1,1,0,0,0,0,0,0,0,1,0,0,1,0,0,0,0,0,1,1,1,0,1,0,0,0,1,0,,1,0,0,0,0,0,0,0,0,0,0,0,0,0,0,0,,,,,,81+,76+,State route,U,Monday,Not Used,PV,White,0,1,1,0,State Route,Municipal/City Police,Bremerton Police Department,0,1,0,0,0,,,,,,0,0,0,,,,,,,,,,,,,,,,,,,,,,,,,,,,,,,,,,,
2019,80,E903805,8,03/19/2019,6:40,19,3,,35,Kitsap,0,1,0,4,1,2,1,0,2,2,,,,12,0,6,33.8,2,0,2,3,2,1,3,0,0,0,0,SR-3,DIVISION AVE,-122.7130889,47.52397222,0,1,68,15,2,50,34,0,0,1,5,12,1,2,4,1,11,1,3,53,0,20,481,2004,0,0,12,,,,,,1,1,37,1,0,,0,0,3,0,11,0,,,,,0,0,0,3,1,38,0,0,0,93,,,,,,0,,,,,,98528,53,69,200,6,1,0,0,0,0,,46,,,,,,0,,,20,0,0,0,8,9,8,,,0,0,0,8,0,8,95,,,96,,,8,95,995,,,,,,,,,,,,,,,,,,,,,,,,,,,,,,0,0,0,1,0,0,0,0,0,0,0,0,0,0,0,0,1,0,1,0,0,0,0,0,0,0,0,0,1,1,0,0,0,0,0,,0,0,0,0,0,0,0,0,1,0,1,0,0,0,0,0,,,,,,36-40,36-45,State route,U,Tuesday,Belt Used,PV,Not Fatal,1,0,0,0,State Route,State Patrol,Washington State Patrol,0,1,0,0,0,,,,,,0,0,0,,,,,,,,,,,98,98,98,0,,,,,20,7,,,,,,,,,,,,,,,
2019,509,E944659,31,07/28/2019,22:17,28,7,,45,Mason,0,1,0,2,1,7,1,0,1,1,,,,1,0,0,9999.9,1,0,1,5,1,2,4,0,0,0,0,CR-BEAR CREEK DEWATTO,,-122.8377278,47.50793611,0,1,1,13,2,45,80,0,0,1,5,1,3,2,2,1,14,1,1,53,0,72,706,1997,0,0,63,1,,,,,1,1,58,1,7,,4,0,20,7,11,1,08/01/2019,14:04,1.96053E+11,34853,0,0,0,3,1,0,0,0,0,92,,,,,,99,,,,,,98528,53,67,180,6,1,0,0,0,0,,0,,,,,,0,,,20,8,0,0,0,9,8,,,0,0,0,8,9,2,321,,,1,,,2,1,0.14,,,,,,,,,,,,,,,,,,,,,,,,,,,,,,0,0,1,0,1,1,1,1,0,0,0,0,0,0,0,0,1,0,0,0,0,0,0,0,0,0,0,0,1,0,0,0,0,0,1,0,0,0,0,0,0,1,1,1,1,0,0,0,0,0,0,1,,,,,,56-60,56-65,County road,R,Sunday,,MC,White,0,1,0,0,County Road,County Sheriff,Mason County Sheriff's Office,1,0,1,0,0,,,,,,0,0,0,,,,,,,,,,,0,0,0,1,,,,,19,0,,,,,,,,,,,,,,,
2020,17,EA06826,8,01/04/2020,16:28,4,1,,45,Mason,0,2,,2,2,2,2,0,5,2,16:32,16:39,,12,0,2,0.4,1,0,1,5,1,2,4,0,0,0,0,CR-NE BELFAIR TAHUYA RD,,-122.896775,47.43155,0,1,50,10,2,35,67,0,0,1,2,12,2,2,2,1,14,1,1,53,0,12,880,2013,0,,68,12,,,,,1,1,51,1,0,,0,0,3,0,11,0,,,,,0,0,0,3,1,28,,,,96,,,,,,9,,,,,,98528,53,75,200,6,1,0,0,0,0,,97,,,,,,0,,,1,0,0,0,8,9,8,,,0,,,8,1,2,1,,,1,,,2,1,0.23,,,,,,,,,,,,,,,,,,,,,,,,,,,,,,0,0,0,0,1,1,0,1,0,0,0,0,0,0,0,0,0,0,0,1,1,0,1,0,1,0,0,0,0,1,1,0,0,0,0,,0,0,0,0,0,1,0,1,0,0,0,0,0,1,0,1,,,,,,51-55,46-55,County road,R,Saturday,,MHTRUCK,Not Fatal,0,1,1,0,County Road,State Patrol,Washington State Patrol,0,0,1,0,0,,,,,,0,0,0,,,,,,,,,,,98,98,98,0,,,,,20,7,,,,,,,,1,0,,,BELFAIR TAHUYA RD,0.383,,
2021,188,EB00988,8,01/25/2021,7:59,25,1,,35,Kitsap,0,1,,1,1,2,1,0,2,2,,,,12,0,6,54.8,2,0,2,3,1,1,3,0,0,0,0,SR-3,PIONEER HILL RD NW,-122.6512417,47.78395556,0,2,86,66,4,50,34,0,0,1,2,12,1,1,3,1,1,1,2,53,0,12,481,2001,0,,12,,,,,,1,1,23,1,0,,2,0,3,0,11,0,,,,,0,0,0,3,1,0,,,,96,,,,,,98,,,,,,98528,53,61,180,6,1,0,0,0,0,,0,,,,,,0,,,1,0,0,0,8,9,8,,,0,,,8,8,8,95,,,96,,,8,95,995,,,,,,,,,,,,,,,,,,,,,,,,,,,,,,0,0,0,1,0,0,1,1,1,0,0,0,0,1,0,0,0,0,0,0,0,0,0,1,1,0,0,0,0,1,0,0,0,0,0,,0,0,0,0,0,0,0,0,0,0,0,0,0,0,0,0,,,,,,21-25,16-25,State route,R,Monday,Belt Used,PV,Not Fatal,1,0,0,0,State Route,State Patrol,Washington State Patrol,0,1,0,0,0,,,,,,0,0,0,,,,,,,,,,,98,98,98,0,,,,,20,,,,,,,,,0,0,,,,,,
2017,122,E665546,29,04/24/2017,15:24,24,4,0,41,Lewis,0,10,0,1,2,2,1,0,1,1,,,,35,0,0,6.7,1,0,1,5,1,2,4,0,0,0,0,CR-CENTRALIA ALPHA RD,,-122.8211194,46.65982222,0,1,1,13,2,50,34,0,0,1,2,1,1,1,2,1,1,1,2,53,0,23,481,2004,0,0,63,35,1,,,,1,1,64,1,7,1,4,7,3,0,11,0,04/24/2017,15:24,53019724,19724,6,0,3,3,1,0,0,0,0,96,,,,,,99,,,,,,98531,53,73,210,6,1,0,1,1,0,0,0,,,,,,0,09/15/2013,09/15/2013,20,0,0,0,0,9,8,,,0,0,0,8,9,2,605,0,0,1,0,0,2,1,0,,,,,,,,,,,,,,,,,,,,,,,,,,,,,,0,0,1,0,0,0,1,1,1,0,0,0,0,0,0,0,0,0,0,0,0,0,0,0,0,0,0,0,0,0,0,0,0,0,0,,0,0,0,0,0,0,1,1,0,0,0,0,0,0,1,0,,,,,,61-65,56-65,County road,R,Monday,Belt Used,PV,White,0,1,0,0,County Road,County Sheriff,Lewis County Sheriff's Office,1,0,1,0,0,thc,1.2,carboxy-thc,6.2,,,,,,,,,,,,,,,,,,,,,,,,,,,,,,,,,,,,,,,
2017,163,E674810,42,05/17/2017,23:18,17,5,0,67,Thurston,0,1,0,2,1,2,1,0,2,2,,,,12,0,2,1,1,0,1,5,2,2,4,0,0,0,0,CR-OLD HWY 99 SW,,-123.0089722,46.77752778,0,2,51,62,4,40,4,0,0,1,2,12,1,1,2,1,1,1,2,53,0,63,33,2003,0,0,12,,,,,,1,1,18,2,7,1,4,7,20,0,11,0,05/17/2017,23:18,53023282,23282,0,0,3,3,1,0,0,0,0,0,,,,,,0,,,,,,98531,53,62,160,6,1,0,0,0,0,0,0,,,,,,0,,,8,0,0,0,0,9,8,,,0,0,0,8,0,2,996,996,0,1,1,0,2,1,0,,,,,,,,,,,,,,,,,,,,,,,,,,,,,,0,0,0,0,0,0,1,1,0,0,0,0,0,0,0,0,0,0,0,1,0,1,1,1,1,0,0,0,0,1,0,0,0,1,0,,1,0,0,0,0,0,1,1,0,0,0,0,0,0,1,0,,,,,,18-20,16-25,County road,U,Wednesday,Not Used,PV,White,0,0,0,1,County Road,County Sheriff,Thurston County Sheriff's Office,0,0,1,0,0,,,,,,,,,,,,,,,,,,,,,,,,,,,,,,,,,,,,,,,,,,,
2017,276,E697769,82,07/27/2017,20:26,27,7,0,41,Lewis,300,1,0,1,1,2,1,1,1,1,,,,8,0,0,0,3,0,2,3,2,4,6,0,0,0,0,W MAIN ST,IRON ST,-122.9575667,46.71689722,0,1,13,80,5,25,6,0,0,1,5,8,1,1,2,1,1,1,1,53,0,35,43,1984,0,0,8,,,,,,1,1,69,1,0,0,0,0,3,0,11,0,,,,,0,0,0,3,1,0,0,0,0,1,,,,,,0,,,,,,98531,53,69,160,6,1,0,1,0,0,0,0,,,,,,0,04/15/2014,04/15/2014,20,0,0,0,8,9,8,,,0,0,0,8,0,0,0,0,0,0,0,0,0,0,996,,,,,,,,,,,,,,,,,,,,,,,,,,,,,,0,0,0,1,0,0,0,0,0,0,0,0,0,0,0,0,1,0,0,0,0,0,0,0,0,1,0,0,0,1,0,1,0,0,0,,0,0,0,0,0,0,0,0,1,0,0,0,0,0,0,0,,,,,,66-70,66-75,City street,U,Thursday,Belt Used,PV,Not Fatal,1,0,0,0,City Street,Municipal/City Police,Centralia Police Department,0,0,0,1,0,,,,,,,,,,,,,,,,,,,,,,,,,,,,,,,,,,,,,,,,,,,
2017,370,E712928,22,09/18/2017,7:38,18,9,0,27,Grays Harbor,0,1,0,1,1,7,1,0,1,1,,,,1,0,0,10.1,1,0,1,5,1,2,4,0,0,0,0,CR-S BANK RD,,-123.3272833,46.93439722,0,1,98,12,2,45,3,0,0,1,2,1,1,1,2,1,1,1,1,53,0,12,37,2001,0,0,68,64,69,1,,,1,1,32,1,7,1,4,7,20,0,11,0,09/18/2017,7:38,53040390,40390,0,0,0,3,1,0,0,0,0,93,,,,,,0,,,,,,98531,53,72,148,6,1,0,0,0,2,0,0,,,,,,4,05/15/2016,07/15/2017,1,1,9,0,1,9,8,,,0,0,0,8,0,2,605,996,0,1,1,0,2,1,0,,,,,,,,,,,,,,,,,,,,,,,,,,,,,,0,0,0,0,0,0,1,1,1,0,0,0,1,0,0,0,1,0,0,1,0,0,0,0,0,0,0,0,0,1,0,0,0,1,0,,1,0,0,0,0,0,1,1,1,1,0,0,0,0,1,0,,,,,,31-35,26-35,County road,R,Monday,Not Used,PV,White,0,1,0,0,County Road,County Sheriff,Grays Harbor County Sheriff's Offic,1,0,1,0,0,thc,6.9,carboxy-thc,10,,,,,,,,,,,,,,,,,,,,,,,,,,,,,,,,,,,,,,,
2017,382,E715263,5,09/22/2017,10:40,22,9,0,41,Lewis,0,1,0,1,1,2,1,0,1,1,,,,35,0,0,27.2,1,0,1,4,1,1,3,0,0,0,0,SR-6,,-123.3126944,46.55978889,0,1,1,13,2,55,34,1,0,1,2,35,1,1,2,1,1,1,1,53,0,12,471,2006,0,0,63,35,42,,,,1,1,68,1,7,1,4,7,3,0,11,0,09/22/2017,11:09,1.68053E+11,42314,0,0,3,3,1,0,0,0,0,96,,,,,,0,,,,,,98531,53,72,220,6,1,0,0,0,0,0,0,,,,,,0,,,1,0,0,0,0,9,8,,,0,0,0,8,9,2,1,0,0,1,0,0,2,1,0,,,,,,,,,,,,,,,,,,,,,,,,,,,,,,0,0,1,0,0,0,0,0,0,0,0,0,0,0,0,0,0,0,0,0,0,0,0,0,0,1,0,0,0,0,0,0,0,0,0,,0,0,0,0,0,0,0,0,0,0,0,0,0,0,0,0,,,,,,66-70,66-75,State route,R,Friday,Belt Used,PV,White,0,1,0,0,State Route,State Patrol,Washington State Patrol Headquarter,1,1,0,0,0,,,,,,,,,,,,,,,,,,,,,,,,,,,,,,,,,,,,,,,,,,,
2018,118,E793894,42,04/24/2018,2:32,24,4,0,67,Thurston,0,1,0,2,1,2,1,0,1,1,,,,42,0,0,3.1,1,0,1,5,1,2,4,0,0,0,0,CR-SARGENT RD SW,,-123.0521111,46.83370556,0,1,2,13,2,50,3,0,0,1,7,42,3,1,2,1,14,1,2,53,0,54,38,2002,0,0,68,68,63,42,,,1,1,32,1,7,1,4,7,3,0,11,0,04/24/2018,2:32,53019054,19054,0,0,0,3,1,0,0,0,0,96,,,,,,99,,,,,,98531,53,71,155,6,1,0,0,0,0,,0,,,,,,4,,,2,0,0,0,0,9,8,,,0,0,0,8,9,2,605,695,,1,1,,2,1,0.31,,,,,,,,,,,,,,,,,,,,,,,,,,,,,,0,0,0,0,1,1,1,1,1,0,0,0,1,0,0,0,0,0,0,0,0,0,0,0,0,0,0,0,0,1,0,0,0,0,0,,1,0,0,0,0,1,1,1,0,1,0,0,0,0,0,1,,,,,,31-35,26-35,County road,R,Tuesday,Belt Used,PV,White,0,1,0,0,County Road,County Sheriff,Thurston County Sheriff's Office,1,0,1,0,0,thc,888,carboxy-thc,23,,0,0,0,,,,,,,,,,,,,,,,,,,,,,,,,,,,,,,,,,,
2018,250,E820291,1,07/16/2018,23:06,16,7,0,77,Yakima,0,1,0,2,1,2,1,0,1,1,,,,35,0,0,58.5,1,0,1,1,2,1,1,0,0,0,0,I-82,,-120.1778111,46.34558611,0,1,6,6,1,70,4,0,0,1,2,35,1,1,2,3,1,1,1,53,0,20,2,2012,0,0,64,67,35,,,,1,1,46,1,7,1,4,7,3,0,11,0,07/16/2018,23:06,85053031928,31928,0,0,0,3,1,0,0,0,0,92,,,,,,99,,,,,,98531,53,70,175,6,1,0,1,1,1,,0,,,,,,4,10/15/2013,05/15/2017,8,0,0,0,0,9,1,,,0,0,0,1,9,2,605,695,,1,1,,2,1,0,,,,,,,,,,,,,,,,,,,,,,,,,,,,,,0,0,1,0,0,0,1,1,1,0,0,0,1,0,0,0,1,0,0,0,0,0,0,0,0,0,0,0,0,1,0,0,0,0,0,,1,0,0,0,0,0,1,1,1,1,0,0,0,0,1,0,,,,,,46-50,46-55,Interstate,U,Monday,Belt Used,PV,White,0,1,0,0,State Route,State Patrol,Washington State Patrol Headquarter,1,1,0,0,0,thc,9.4,carboxy-thc,48,,0,0,0,,,,,,,,,,,,,,,,,,,,,,,,,,,,,,,,,,,
2018,377,E851684,3,10/02/2018,13:58,2,10,0,67,Thurston,0,1,0,1,1,2,1,0,1,1,,,,25,0,0,99.9,1,0,1,1,2,1,1,0,0,0,0,I-5,,-122.9353639,46.96036111,0,1,6,6,1,70,4,0,0,1,7,3,1,1,3,3,6,1,1,53,0,55,35,2001,0,0,64,25,69,63,31,1,1,1,26,1,7,1,4,0,3,0,11,4,10/02/2018,17:44,1.59053E+11,43568,0,0,0,3,1,0,0,0,0,96,,,,,,99,,,,,,98531,53,73,185,6,1,0,5,0,9,,0,,,,,,4,01/15/2014,05/15/2018,20,0,0,0,0,9,8,,,0,0,0,8,9,2,605,695,,1,1,,2,1,0.18,,,,,,,,,,,,,,,,,,,,,,,,,,,,,,0,0,1,0,1,1,1,1,1,0,0,0,1,0,0,0,0,0,0,0,0,0,0,0,0,0,0,0,0,1,0,0,0,0,0,,1,0,0,0,0,1,1,1,0,1,0,0,0,0,0,1,,,,,,26-30,26-35,Interstate,U,Tuesday,Belt Used,PV,White,0,1,0,0,State Route,State Patrol,Washington State Patrol,1,1,0,0,0,thc,10,carboxy-thc,48,,0,0,0,,,,,,,,,,,,,,,,,,,,,,,,,,,,,,,,,,,
2018,410,E859813,42,11/03/2018,19:45,3,11,0,67,Thurston,0,2,0,2,2,2,1,0,3,2,,,,12,0,2,4.8,1,0,1,7,1,2,4,0,0,0,0,CR-188TH AVE SW,,-123.1019278,46.81454167,0,1,50,10,2,35,80,0,0,1,7,12,1,1,2,1,6,2,1,53,0,72,706,2009,0,0,68,12,,,,,1,1,63,1,7,1,4,7,19,0,11,0,11/03/2018,19:45,53048343,48343,0,0,0,2,1,28,0,0,0,96,,,,,,99,,,,,,98531,53,72,218,6,1,0,0,0,0,,0,,,,,,0,,,20,8,0,0,0,9,8,,,0,0,0,8,9,2,695,417,,1,1,,2,1,0,,,,,,,,,,,,,,,,,,,,,,,,,,,,,,0,0,0,0,0,0,1,1,1,0,0,0,0,0,1,0,0,0,0,0,0,0,0,0,0,1,1,1,1,1,0,0,0,0,1,0,0,0,0,0,0,0,1,1,0,0,0,0,0,0,1,0,,,,,,61-65,56-65,County road,R,Saturday,,MC,White,0,1,1,0,County Road,County Sheriff,Thurston County Sheriff's Office,0,0,1,0,0,,,carboxy-thc,12,,0,0,0,,,,,,,,,,,,,,,,,,,,,,,,,,,,,,,,,,,
2018,410,E859813,42,11/03/2018,19:45,3,11,0,67,Thurston,0,2,0,2,2,2,1,0,3,2,,,,12,0,2,4.8,1,0,1,7,1,2,4,0,0,0,0,CR-188TH AVE SW,,-123.1019278,46.81454167,0,2,51,62,4,35,2,0,0,1,7,12,1,1,2,1,1,1,1,53,0,21,1,1975,0,0,12,,,,,,1,1,82,1,0,0,2,0,3,0,11,8,,,,,0,0,0,3,1,0,0,0,0,96,,,,,,0,,,,,,98531,53,70,205,6,1,0,0,0,0,,0,,,,,,0,,,20,0,0,0,8,9,8,,,0,0,0,8,0,8,95,,,96,,,8,95,995,,,,,,,,,,,,,,,,,,,,,,,,,,,,,,0,0,0,0,0,0,1,1,1,0,0,0,0,0,1,0,0,0,0,0,0,0,0,0,0,1,1,1,1,1,0,0,0,0,0,,0,0,0,0,0,0,0,0,0,0,0,0,0,0,0,0,,,,,,81+,76+,County road,R,Saturday,Belt Used,PV,Not Fatal,0,1,1,0,County Road,County Sheriff,Thurston County Sheriff's Office,0,0,1,0,0,,,,,,0,0,0,,,,,,,,,,,,,,,,,,,,,,,,,,,,,,,,,,,
2019,46,E894941,129,02/19/2019,5:10,19,2,,53,Pierce,747,10,0,2,2,2,1,0,3,2,,,,12,0,2,0,1,0,1,7,2,4,6,0,3,0,0,70TH AVE E,,-122.3361139,47.24146944,0,2,51,62,4,35,66,1,0,1,7,12,3,2,2,1,14,1,3,53,0,51,881,2011,0,0,12,,,,,,1,1,60,1,0,,0,0,3,0,11,0,,,,,6,1,0,3,1,0,0,0,0,96,,,,,,0,,,,,,98531,53,72,220,6,1,0,1,1,0,,0,,,,,,0,11/15/2016,11/15/2016,20,0,0,0,8,9,8,,,0,0,0,8,0,8,95,,,96,,,8,95,995,,,,,,,,,,,,,,,,,,,,,,,,,,,,,,0,0,0,0,1,1,1,1,1,0,0,0,1,0,0,0,0,0,0,0,0,0,0,0,0,0,0,0,0,1,1,0,0,0,0,,0,0,0,0,0,0,0,0,0,0,0,0,0,0,0,0,,,,,,56-60,56-65,City street,U,Tuesday,,MHTRUCK,Not Fatal,0,1,1,0,City Street,Municipal/City Police,Fife Police Department,0,0,0,1,0,,,,,,0,0,0,,,,,,,,,,,98,98,98,0,,,,,20,7,,,,,,,,,,,,,,,
2019,73,E903900,3,03/15/2019,6:15,15,3,,67,Thurston,0,5,0,2,1,2,1,0,5,4,,,,12,0,2,40.1,1,0,1,3,1,1,2,0,0,0,0,US-12,,-123.1288444,46.82513333,0,4,98,98,7,55,4,0,0,1,5,54,1,1,2,1,1,1,1,53,0,37,31,2012,0,0,54,,,,,,1,1,52,8,0,,0,0,3,0,11,0,,,,,0,0,0,3,1,0,0,0,0,96,,,,,,0,,,,,,98531,53,61,170,6,1,0,0,1,0,,0,,,,,,0,05/15/2015,05/15/2015,20,0,0,0,8,9,8,,,0,0,0,8,0,8,95,,,96,,,8,95,995,,,,,,,,,,,,,,,,,,,,,,,,,,,,,,0,0,0,0,0,0,1,1,1,0,0,0,0,1,0,0,0,0,0,0,0,0,0,1,1,0,0,0,0,1,0,0,0,0,0,,0,0,0,0,0,0,0,0,0,0,0,0,0,0,0,0,,,,,,51-55,46-55,US highway,R,Friday,Belt Used,PV,Not Fatal,0,1,1,0,State Route,State Patrol,Washington State Patrol,0,1,0,0,0,,,,,,0,0,0,,,,,,,,,,,98,98,98,0,,,,,20,7,,,,,,,,,,,,,,,
2019,285,E943557,7,07/24/2019,9:33,24,7,,33,King,1830,1,0,1,1,2,1,0,3,3,,,,12,0,1,2.3,1,0,1,1,2,1,1,0,0,0,0,I-405,,-122.2184306,47.46775278,0,1,20,50,3,60,34,0,0,1,2,12,3,2,5,3,14,1,1,53,0,12,481,1998,0,0,12,,,,,,1,1,49,1,7,,4,0,3,0,11,4,07/29/2019,11:22,1.96053E+11,35057,0,0,3,3,1,26,0,0,0,93,,,,,,0,,,,,,98531,53,71,250,6,1,0,2,1,1,,23,,,,,,4,07/15/2016,04/15/2019,1,0,0,0,0,9,8,,,0,0,0,8,0,2,996,,,1,,,2,1,0,,,,,,,,,,,,,,,,,,,,,,,,,,,,,,0,0,0,0,0,0,1,1,0,0,0,0,1,0,0,0,1,0,0,0,0,0,0,0,0,1,1,0,0,1,1,0,0,0,0,,1,0,0,0,0,0,1,1,1,1,0,0,0,0,1,0,,,,,,46-50,46-55,Interstate,U,Wednesday,Belt Used,PV,White,0,0,0,0,State Route,State Patrol,Washington State Patrol,0,1,0,0,0,,,,,,0,0,0,,,,,,,,,,,0,0,0,1,,,,,20,7,,,,,,,,,,,,,,,
2019,393,E978797,82,11/02/2019,11:03,2,11,,41,Lewis,300,1,0,1,1,2,1,0,1,2,,,,14,0,0,0,1,0,1,7,2,4,6,0,0,0,0,YEW ST,,-122.9685056,46.71450556,0,1,11,11,2,25,4,0,0,1,7,14,1,1,2,2,1,1,1,53,0,51,42,1994,0,0,63,14,,,,,1,1,54,2,7,,4,0,99,7,11,8,11/04/2019,10:23,2.23053E+11,48840,0,0,0,2,1,0,0,0,0,92,,,,,,99,,,,,,98531,53,63,171,1,1,0,1,0,0,,97,,,,,,0,11/15/2015,10/15/2018,20,0,0,0,0,9,8,,,0,0,0,8,9,2,401,417,,1,1,,2,1,0.2,,,,,,,,,,,,,,,,,,,,,,,,,,,,,,0,0,0,0,1,1,1,1,0,0,0,0,0,1,0,0,1,0,0,0,0,0,0,0,0,0,0,0,0,1,0,0,0,0,0,,1,0,0,0,0,1,1,1,1,0,0,1,0,0,0,1,,,,,,51-55,46-55,City street,U,Saturday,Unknown,PV,White,0,1,0,0,City Street,Municipal/City Police,Centralia Police Department,1,0,0,1,0,,,,,,0,0,9,,,,,,,,,,,0,0,0,1,,,,,20,7,,,,,,,,,,,,,,,
2020,398,EA64388,26,09/15/2020,13:13,15,9,,35,Kitsap,0,1,,1,1,2,1,0,2,2,13:22,13:31,14:08,12,0,6,2.6,2,0,3,5,1,2,4,0,0,0,0,CR-SW LAKEWAY BLVD,SIDNEY RD,-122.6612333,47.4397,0,1,79,65,4,45,15,0,0,1,2,12,1,1,2,1,1,1,1,53,0,41,421,2019,0,,12,68,64,38,43,,1,1,52,2,0,,1,0,3,0,11,5,,,,,0,0,3,3,1,0,,,,96,,,,,,0,,,,,,98531,53,67,175,6,1,0,0,0,0,,0,,,,,,0,,,8,0,0,0,8,9,8,,,0,,,8,8,0,0,,,0,,,0,0,996,,,,,,,,,,,,,,,,,,,,,,,,,,,,,,0,0,0,1,0,0,0,0,0,0,0,0,0,0,0,0,0,0,0,0,0,0,0,0,0,1,1,1,0,1,0,0,0,0,0,,0,0,0,0,0,0,0,0,0,0,0,0,0,0,0,0,,,,,,51-55,46-55,County road,R,Tuesday,Belt Used,PV,Not Fatal,1,0,0,0,County Road,County Sheriff,Kitsap County Sheriff's Office,0,0,1,0,0,,,,,,0,0,0,,,,,,,,,,,98,98,98,0,,,,,20,7,,,,,,,,1,0,,,SIDNEY RD SW,2.644,LAKEWAY BLVD (SW),0
2020,402,EA71846,242,09/25/2020,21:29,25,9,,53,Pierce,1770,1,,2,1,2,1,1,1,1,,,,8,0,0,25.4,1,0,1,3,2,1,3,0,0,0,0,SR-161,,-122.2929806,47.15792778,0,1,13,80,5,35,34,0,0,1,5,8,1,1,6,5,1,1,1,53,0,20,481,2001,0,,8,,,,,,1,1,28,1,0,,0,0,3,0,11,0,,,,,0,0,0,3,1,0,,,,96,,,,,,98,,,,,,98531,53,72,220,6,1,0,0,0,0,,0,,,,,,0,,,20,0,0,0,8,3,2,,,0,,,8,8,8,95,,,96,,,8,95,995,,,,,,,,,,,,,,,,,,,,,,,,,,,,,,0,0,0,0,0,0,0,0,0,0,0,0,0,0,0,0,0,0,0,0,0,0,0,0,0,0,0,0,0,1,0,1,0,0,0,,0,0,0,0,0,0,0,0,0,0,0,0,0,0,0,0,,,,,,26-30,26-35,State route,U,Friday,Belt Used,PV,Not Fatal,0,0,0,0,State Route,Municipal/City Police,Puyallup Police Department,0,1,0,0,0,,,,,,0,0,0,,,,,,,,,,,98,98,98,0,,,,,20,7,,,,,,,,1,0,,,,,,