year,case,par,repjur,crash_dt,crash_tm,accday,accmon,holiday,county,co_char,city,weather,weather2,lightcond,surfcond,surftype,numfatal,nmforms,pforms,vforms,not_tm,arr_tm,hosp_tm,fhevent,hitrun,manncol,milepnt,reljunc,reljuncinter,intersectiontype,funcsystem,landuse,ownership,route,schlbus,spejur,contdev,devfunc,trafid1,trafid2,x,y,wk_zone,vnumber,crashtype,criticalevent,criticaleventcat,spdlim,body,trailer,emerg,hazcargo,leave,mhevent,roadalgn,roadprof,traflane,trafflow,vehmanvr,numoccs,regowner,regstate,spuse,make,model,modelyr,vrf1,vrf2,seqevent1,seqevent2,seqevent3,seqevent4,seqevent5,seqevent6,pnumber,ptype,age,sex,hispanic,race,injury,diedscene,restraint,restraintmisuse,seatpos,takehosp,death_dt,death_tm,cert,cernum_wa,commlic,licendor,licrestrict,liccomp,drivpres,drf1,drf2,drf3,drf4,distract1,distract2,distract3,distract4,distract5,distract6,dricond1,dricond2,dricond3,dricond4,dricond5,dricond6,dzip,licstate,drhgt_in,weight,noncdl,noncdltype,prevdwi,prevoth,prevacc,prevspd,prevsus,driviol1,driviol2,driviol3,driviol4,driviol5,driviol6,spdrel,first_dt,last_dt,airbag,ejection,ejectpath,extricat,injurwrk,methalc,methdrug,nmlocat,strikveh,prf1,prf2,prf3,druginv,alcinvol,drugsts,drugres1,drugres2,drugres3,drugtst1,drugtst2,drugtst3,alcsts,alctst,alcres,nmact1,nmact2,nmact3,nmact4,nmact5,nmact6,nmprior1,nmprior2,nmprior3,nmprior4,nmprior5,nmprior6,nmcond1,nmcond2,nmcond3,nmcond4,nmcond5,nmcond6,nmsafe_helmet,nmsafe_pads,nmsafe_oth,nmprev_ref,nmprev_lgt,nmprev_oth,crashlocation,nmcrashtype,crosswalk,schoolzone,sidewalk,train_inv,wildlife_inv,rotr_fars,intersect_fars,dd_inv,aid_inv,dpd_inv,id_inv,mj_inv,impnm_inv,ainm_inv,dpnm_inv,speed_inv,unlic_inv,unendmc_inv,drowsy_inv,drdist_inv,nmdist_inv,fty_inv,unrestfat_inv,dr1617_inv,dr1820_inv,dr1620_inv,dr2125_inv,dr1625_inv,dr65_inv,dr70_inv,dr75_inv,mc_inv,pv_inv,ht_inv,ped_inv,bike_inv,unrest_fat,mc_fat,unhelmet_mc,pv_fat,ht_fat,ped_fat,bike_fat,dr_alc7,dr_alc8,dr_drug,dr_imp,dr_dist,dr_spd,dr_fty,dr_unlic,dr_alc7only,dr_alc8only,dr_drugonly,dr_drink,nm_imp,nm_alc7,nm_alc8,nm_drug,nm_dist,agegrp1,agegrp2,roadclass,urbrur,dayweek,restuse,vehtype,race_me,intersect,lanedep,oppdir,wrongway,rep_typ,investag,repag_long,rotr,st_rd,cty_rd,city_rd,oth_rd,drug_thc,thc_res,drug_cthc,cthc_res,drug_cann,prevpersemin,prevperse,prevsusoth,drugtst4,drugtst5,drugtst6,drugtst7,drugtst8,drugres4,drugres5,drugres6,drugres7,drugres8,adspresent,adsengaged,adslevel,race1,race2,race3,race4,race5,helmet,helmetmisuse,nmdistract1,nmdistract2,nmdistract3,nmdistract4,nmdistract5,nmdistract6,lab,isedtcase,crf1,crf2,crf3,CoRoadName,CoMP,IntCoRoadName,IntCoMP
2021,55,EB11869,3,03/05/2021,22:21,5,3,,67,Thurston,0,10,,2,1,2,1,1,1,2,,,,12,0,1,97,1,0,1,1,1,1,1,0,0,0,0,I-5,,-122.9479306,46.91946111,0,2,98,50,3,70,4,0,0,1,2,8,1,1,4,3,1,1,9,99,0,41,35,2002,0,,12,8,64,25,,,1,1,22,1,0,,0,0,3,0,11,0,,,,,0,0,0,3,1,0,,,,96,,,,,,98,,,,,,98531,53,68,164,6,1,0,0,0,0,,0,,,,,,0,,,1,0,0,0,8,9,2,,,0,,,8,8,0,0,,,0,,,0,0,996,,,,,,,,,,,,,,,,,,,,,,,,,,,,,,0,0,0,0,0,0,0,0,0,1,1,0,0,0,0,0,0,0,0,0,0,0,0,1,1,0,0,0,0,1,0,1,0,0,0,,0,0,0,0,0,0,0,0,0,0,0,0,0,0,0,0,,,,,,21-25,16-25,Interstate,R,Friday,Belt Used,PV,Not Fatal,0,0,0,0,State Route,State Patrol,Washington State Patrol,0,1,0,0,0,,,,,,0,0,0,,,,,,,,,,,98,98,98,0,,,,,20,,,,,,,,,1,23,,,,,,
2021,244,EB51688,3,07/25/2021,16:57,25,7,,67,Thurston,0,1,,1,1,2,1,0,2,2,,,,12,0,6,40.6,2,0,2,3,1,1,2,0,0,0,0,US-12,FORSTROM ST SW,-123.1181194,46.82405556,0,2,86,66,4,55,80,0,0,1,2,12,1,1,2,1,1,1,1,53,0,73,705,2007,0,,12,,,,,,1,1,62,1,7,,4,7,20,7,11,0,07/25/2021,17:20,53035962,35962,6,0,0,3,1,0,,,,96,,,,,,98,,,,,,98531,53,72,220,6,1,0,0,0,0,,0,,,,,,0,,,20,8,0,0,0,9,8,,,0,,,8,8,2,1,,,1,,,2,1,0,,,,,,,,,,,,,,,,,,,,,,,,,,,,,,0,0,0,1,0,0,0,0,0,0,0,0,0,0,0,0,0,0,1,0,0,0,0,0,0,1,0,0,1,1,0,0,0,0,1,0,0,0,0,0,0,0,0,0,0,0,0,0,0,0,0,0,,,,,,61-65,56-65,US highway,R,Sunday,,MC,White,1,0,0,0,State Route,State Patrol,Washington State Patrol,0,1,0,0,0,,,,,,0,0,0,,,,,,,,,,,0,0,0,1,,,,,5,,,,,,,,,1,0,,,,,,
2017,14,E631092,83,01/06/2017,6:01,6,1,0,41,Lewis,310,1,0,2,1,2,1,1,1,1,6:03,6:19,,8,0,0,0,3,0,2,3,2,4,6,0,0,0,0,S MARKET BLVD,4TH ST,-122.96055,46.65916389,0,1,13,80,5,25,6,0,0,1,2,8,1,1,3,5,1,1,2,53,0,53,33,2006,0,0,8,,,,,,1,1,22,2,0,0,0,0,3,0,11,0,,,,,0,0,0,3,1,0,0,0,0,93,,,,,,0,,,,,,98532,53,63,180,6,1,0,0,0,1,0,97,,,,,,0,12/15/2014,12/15/2014,20,0,0,0,8,3,2,,,0,0,0,0,0,0,0,0,0,0,0,0,0,0,996,,,,,,,,,,,,,,,,,,,,,,,,,,,,,,0,0,0,1,0,0,0,0,0,0,0,0,0,0,0,0,1,0,0,0,0,0,0,1,1,0,0,0,0,1,0,1,0,0,0,,0,0,0,0,0,0,0,0,1,0,0,0,0,0,0,0,,,,,,21-25,16-25,City street,U,Friday,Belt Used,PV,Not Fatal,1,0,0,0,City Street,Municipal/City Police,Chehalis Police Department,0,0,0,1,0,,,,,,,,,,,,,,,,,,,,,,,,,,,,,,,,,,,,,,,,,,,
2017,121,E667256,5,04/25/2017,5:08,25,4,0,41,Lewis,0,10,0,4,2,2,1,0,3,3,,,,12,0,1,80.2,1,0,1,1,2,1,1,0,0,0,0,I-5,,-122.970175,46.68926944,0,2,24,51,3,60,80,0,0,1,2,12,1,1,2,3,6,1,1,53,0,72,706,2012,0,0,12,12,,,,,1,1,57,1,7,1,4,7,5,0,11,0,04/25/2017,5:33,31053019685,19685,6,0,0,3,1,0,0,0,0,96,,,,,,99,,,,,,98532,53,74,220,6,1,0,0,0,0,0,0,,,,,,0,,,20,8,0,0,0,9,8,,,0,0,0,8,0,2,1,0,0,1,0,0,2,1,0,,,,,,,,,,,,,,,,,,,,,,,,,,,,,,0,0,0,0,0,0,0,0,0,0,0,0,0,0,0,0,1,0,0,0,0,0,0,0,0,0,0,0,1,0,1,0,0,0,1,0,0,0,0,0,0,0,0,0,0,0,0,0,0,0,0,0,,,,,,56-60,56-65,Interstate,U,Tuesday,,MC,White,0,0,0,0,State Route,State Patrol,Washington State Patrol Headquarter,0,1,0,0,0,,,,,,,,,,,,,,,,,,,,,,,,,,,,,,,,,,,,,,,,,,,
2017,428,E723014,1,10/13/2017,6:25,13,10,0,77,Yakima,0,1,0,4,1,2,1,0,3,2,6:28,6:44,7:21,12,0,6,69.8,2,0,2,3,1,1,2,0,3,0,0,US-97,JONES RD,-120.4351167,46.46251111,0,2,69,62,4,55,34,1,0,1,2,12,1,1,5,1,1,2,2,53,0,23,481,2002,0,0,12,,,,,,1,1,23,1,0,0,2,0,3,0,11,8,,,,,0,0,0,3,1,0,0,0,0,0,,,,,,0,,,,,,98532,53,73,220,6,1,0,0,0,3,1,0,,,,,,0,01/15/2013,11/15/2015,1,0,0,0,8,9,8,,,0,0,0,8,0,0,0,0,0,0,0,0,0,0,996,,,,,,,,,,,,,,,,,,,,,,,,,,,,,,0,0,0,1,0,0,0,0,0,0,0,0,0,0,0,0,0,0,1,1,0,0,0,1,1,0,0,0,0,1,0,0,0,0,0,,0,0,0,0,0,0,0,0,0,0,0,0,0,0,0,0,,,,,,21-25,16-25,US highway,R,Friday,Belt Used,PV,Not Fatal,1,0,0,0,State Route,State Patrol,Washington State Patrol Headquarter,0,1,0,0,0,,,,,,,,,,,,,,,,,,,,,,,,,,,,,,,,,,,,,,,,,,,
2017,510,E745954,29,12/11/2017,16:53,11,12,0,41,Lewis,0,1,0,2,1,2,1,0,3,3,16:55,17:00,17:22,12,0,6,1.2,2,0,3,7,1,2,4,0,0,0,0,CR-FOREST NAPAVINE RD,KIRKLAND RD,-122.8765028,46.58667778,0,2,68,15,2,98,34,1,0,1,5,12,1,1,2,1,11,1,2,53,0,7,482,2006,0,0,12,,,,,,1,1,67,1,0,0,0,0,3,0,11,0,,,,,0,0,0,0,1,0,0,0,0,0,,,,,,0,,,,,,98532,53,67,200,0,0,0,0,0,0,0,97,,,,,,0,,,20,0,0,0,8,9,8,,,0,0,0,8,0,0,0,0,0,0,0,0,0,0,996,,,,,,,,,,,,,,,,,,,,,,,,,,,,,,0,0,0,1,0,0,0,0,0,0,0,0,0,1,0,0,0,0,0,0,0,0,0,0,0,1,0,0,1,0,0,0,0,0,0,,0,0,0,0,0,0,0,0,0,0,0,1,0,0,0,0,,,,,,66-70,66-75,County road,R,Monday,Belt Used,PV,Not Fatal,1,0,0,0,County Road,County Sheriff,Lewis County Sheriff's Office,0,0,1,0,0,,,,,,,,,,,,,,,,,,,,,,,,,,,,,,,,,,,,,,,,,,,
2018,181,E809308,3,06/17/2018,4:41,17,6,0,67,Thurston,1102,10,0,4,1,1,1,0,2,2,,,,12,0,2,110.5,1,0,1,1,2,1,1,0,0,0,0,I-5,,-122.7972111,47.05850833,0,2,51,54,3,60,14,0,0,1,7,12,1,2,3,3,1,1,2,53,0,49,401,2008,0,0,12,,,,,,1,1,16,2,0,0,2,0,3,0,11,4,,,,,0,0,3,3,1,0,0,0,0,0,,,,,,0,,,,,,98532,53,62,120,6,2,0,0,0,0,,0,,,,,,0,,,8,0,0,0,8,9,8,,,0,0,0,8,0,8,95,,,96,,,8,95,995,,,,,,,,,,,,,,,,,,,,,,,,,,,,,,0,0,0,0,1,1,0,1,0,0,0,0,0,0,0,0,0,0,0,0,1,0,1,0,1,0,0,0,0,1,0,0,0,0,0,,0,0,0,0,0,0,0,0,0,0,0,0,0,0,0,0,,,,,,16-17,16-25,Interstate,U,Sunday,Belt Used,PV,Not Fatal,0,0,0,1,State Route,State Patrol,Washington State Patrol,0,1,0,0,0,,,,,,0,0,0,,,,,,,,,,,,,,,,,,,,,,,,,,,,,,,,,,,
2018,428,E864453,5,11/25/2018,18:20,25,11,8,41,Lewis,0,2,0,2,2,2,1,1,1,1,18:19,18:26,,8,0,0,3,1,0,1,5,1,1,3,0,0,0,0,SR-508,,-122.8280556,46.57611111,0,1,13,80,5,55,14,0,0,1,5,8,1,1,2,1,1,1,1,53,0,53,405,2003,0,0,8,,,,,,1,1,45,1,0,0,0,0,3,0,11,0,,,,,0,0,3,3,1,0,0,0,0,96,,,,,,0,,,,,,98532,53,71,265,6,1,0,0,0,1,,0,,,,,,0,04/15/2015,04/15/2015,20,0,0,0,8,9,8,,,0,0,0,8,0,8,95,,,96,,,8,95,995,,,,,,,,,,,,,,,,,,,,,,,,,,,,,,0,0,0,0,0,0,0,0,0,1,1,1,0,0,0,0,0,0,0,0,0,0,0,0,0,0,0,0,0,1,0,1,0,0,0,,0,0,0,0,0,0,0,0,0,0,0,0,0,0,0,0,,,,,,41-45,36-45,State route,R,Sunday,Belt Used,PV,Not Fatal,0,0,0,0,State Route,State Patrol,Washington State Patrol,0,1,0,0,0,,,,,,0,0,0,,,,,,,,,,,,,,,,,,,,,,,,,,,,,,,,,,,
2018,438,E867303,5,12/01/2018,18:26,1,12,0,41,Lewis,0,1,0,3,1,2,1,0,3,3,18:27,18:31,,12,0,6,49.2,2,0,3,4,1,1,3,0,0,20,3,SR-6,CHILVERS RD,-123.0172028,46.64555,0,1,82,15,2,35,4,0,0,1,2,12,1,1,2,1,11,1,1,53,0,35,43,2006,0,0,12,12,,,,,1,1,75,2,7,1,4,7,3,0,11,0,12/01/2018,18:26,53053721,53721,0,0,0,3,1,38,0,0,0,96,,,,,,99,,,,,,98532,53,66,138,6,1,0,0,0,0,,0,,,,,,0,,,8,0,0,0,0,9,8,,,0,0,0,8,9,2,996,996,,1,1,,2,1,0,,,,,,,,,,,,,,,,,,,,,,,,,,,,,,0,0,0,1,0,0,1,1,0,0,0,0,0,0,0,0,0,0,1,0,0,0,0,1,1,1,1,1,0,1,0,0,0,0,0,,1,0,0,0,0,0,1,1,0,0,1,0,0,0,1,0,,,,,,71-75,66-75,State route,R,Saturday,Belt Used,PV,White,1,0,0,0,State Route,State Patrol,Washington State Patrol,0,1,0,0,0,,,,,,0,0,0,,,,,,,,,,,,,,,,,,,,,,,,,,,,,,,,,,,
2018,438,E867303,5,12/01/2018,18:26,1,12,0,41,Lewis,0,1,0,3,1,2,1,0,3,3,18:27,18:31,,12,0,6,49.2,2,0,3,4,1,1,3,0,0,0,0,SR-6,CHILVERS RD,-123.0172028,46.64555,0,2,83,67,4,55,34,0,0,1,2,1,1,1,3,1,1,1,1,53,0,7,482,2007,0,0,12,1,,,,,1,1,37,1,0,0,0,0,3,0,11,0,,,,,0,0,0,3,1,0,0,0,0,96,,,,,,0,,,,,,98532,53,80,270,6,1,0,0,0,1,,0,,,,,,0,08/15/2018,08/15/2018,20,0,0,0,8,9,8,,,0,0,0,8,0,8,95,,,96,,,8,95,995,,,,,,,,,,,,,,,,,,,,,,,,,,,,,,0,0,0,1,0,0,1,1,0,0,0,0,0,0,0,0,0,0,1,0,0,0,0,1,1,1,1,1,0,1,0,0,0,0,0,,0,0,0,0,0,0,0,0,0,0,0,0,0,0,0,0,,,,,,36-40,36-45,State route,R,Saturday,Belt Used,PV,Not Fatal,1,0,0,0,State Route,State Patrol,Washington State Patrol,0,1,0,0,0,,,,,,0,0,0,,,,,,,,,,,,,,,,,,,,,,,,,,,,,,,,,,,
2019,52,E897242,29,02/26/2019,17:20,26,2,,41,Lewis,0,1,0,1,1,2,1,0,1,1,,,,32,0,0,6.9,1,0,1,6,1,2,4,0,0,0,0,CR-BUNKER CREEK RD,,-123.1585222,46.68141667,0,1,6,12,2,98,34,0,0,1,7,1,3,1,2,1,14,1,1,53,0,12,481,2008,0,0,68,64,32,35,1,,1,1,73,1,7,,4,7,3,0,11,0,02/26/2019,17:20,53009732,9732,0,0,3,3,1,0,0,0,0,92,,,,,,99,,,,,,98532,53,68,203,6,1,0,1,1,0,,0,,,,,,0,01/15/2018,01/15/2018,20,0,0,0,0,9,8,,,0,0,0,8,9,2,1,,,1,,,2,1,0.19,,,,,,,,,,,,,,,,,,,,,,,,,,,,,,0,0,1,0,1,1,0,1,0,0,0,0,0,0,0,0,1,0,0,0,0,0,0,0,0,1,1,0,0,1,0,0,0,0,0,,1,0,0,0,0,1,0,1,1,0,0,0,0,1,0,1,,,,,,71-75,66-75,County road,R,Tuesday,Belt Used,PV,White,0,1,0,0,County Road,County Sheriff,Lewis County Sheriff's Office,1,0,1,0,0,,,,,,0,0,0,,,,,,,,,,,98,98,98,1,,,,,20,7,,,,,,,,,,,,,,,
2019,112,E910672,5,04/12/2019,15:25,12,4,,41,Lewis,0,2,0,1,2,2,1,0,6,4,,,,12,0,6,4.8,1,0,1,5,1,1,3,0,0,0,0,SR-508,,-122.7903667,46.57609167,0,1,98,50,3,55,61,0,0,1,2,12,1,1,2,1,2,1,3,53,0,23,881,2008,0,0,12,68,12,60,54,,1,1,21,1,0,,1,0,3,0,11,8,,,,,6,9,0,3,1,28,0,0,0,12,,,,,,0,,,,,,98532,53,71,180,6,1,0,0,0,0,,69,,,,,,0,,,1,0,0,0,8,9,2,,,0,0,0,0,0,8,95,,,96,,,8,95,995,,,,,,,,,,,,,,,,,,,,,,,,,,,,,,0,0,0,0,0,0,0,0,0,0,0,0,0,0,0,0,1,0,0,0,0,0,0,1,1,1,0,0,0,1,1,0,0,0,0,,0,0,0,0,0,0,0,0,1,0,0,0,0,0,0,0,,,,,,21-25,16-25,State route,R,Friday,,MHTRUCK,Not Fatal,0,0,0,0,State Route,State Patrol,Washington State Patrol,0,1,0,0,0,,,,,,0,0,0,,,,,,,,,,,98,98,98,0,,,,,20,7,,,,,,,,,,,,,,,
2019,112,E910672,5,04/12/2019,15:25,12,4,,41,Lewis,0,2,0,1,2,2,1,0,6,4,,,,12,0,6,4.8,1,0,1,5,1,1,3,0,0,0,0,SR-508,,-122.7903667,46.57609167,0,2,98,53,3,55,16,0,0,1,5,12,1,1,2,1,5,2,2,53,0,20,431,2003,0,0,12,,,,,,1,1,21,1,0,,0,0,3,0,11,0,,,,,0,0,0,3,1,0,0,0,0,0,,,,,,0,,,,,,98532,53,72,225,6,1,0,1,0,2,,0,,,,,,0,10/15/2015,01/15/2017,20,0,0,0,8,9,2,,,0,0,0,0,0,8,95,,,96,,,8,95,995,,,,,,,,,,,,,,,,,,,,,,,,,,,,,,0,0,0,0,0,0,0,0,0,0,0,0,0,0,0,0,1,0,0,0,0,0,0,1,1,1,0,0,0,1,1,0,0,0,0,,0,0,0,0,0,0,0,0,0,0,0,0,0,0,0,0,,,,,,21-25,16-25,State route,R,Friday,Belt Used,PV,Not Fatal,0,0,0,0,State Route,State Patrol,Washington State Patrol,0,1,0,0,0,,,,,,0,0,0,,,,,,,,,,,98,98,98,0,,,,,20,7,,,,,,,,,,,,,,,
2019,112,E910672,5,04/12/2019,15:25,12,4,,41,Lewis,0,2,0,1,2,2,1,0,6,4,,,,12,0,6,4.8,1,0,1,5,1,1,3,0,0,0,0,SR-508,,-122.7903667,46.57609167,0,4,98,98,7,55,14,0,0,1,5,54,1,1,2,1,5,2,1,53,0,12,402,2010,0,0,54,,,,,,1,1,65,1,0,,0,0,3,0,11,0,,,,,6,0,3,3,1,0,0,0,0,0,,,,,,0,,,,,,98532,53,72,210,6,1,0,0,0,0,,0,,,,,,0,,,20,0,0,0,8,9,2,,,0,0,0,0,0,8,95,,,96,,,8,95,995,,,,,,,,,,,,,,,,,,,,,,,,,,,,,,0,0,0,0,0,0,0,0,0,0,0,0,0,0,0,0,1,0,0,0,0,0,0,1,1,1,0,0,0,1,1,0,0,0,0,,0,0,0,0,0,0,0,0,0,0,0,0,0,0,0,0,,,,,,61-65,56-65,State route,R,Friday,Belt Used,PV,Not Fatal,0,0,0,0,State Route,State Patrol,Washington State Patrol,0,1,0,0,0,,,,,,0,0,0,,,,,,,,,,,98,98,98,0,,,,,20,7,,,,,,,,,,,,,,,
2019,165,E927566,8,03/31/2019,2:14,31,3,,49,Pacific,0,5,0,2,1,2,1,0,2,2,,,,12,0,2,7,1,0,1,4,1,1,3,0,0,0,0,SR-6,,-123.6398472,46.61193056,0,1,50,10,2,55,34,0,0,1,2,12,1,1,2,1,1,1,1,53,0,49,472,2016,0,0,68,12,,,,,1,1,38,1,0,,0,0,3,0,11,0,,,,,0,0,0,3,1,0,0,0,0,7,,,,,,9,,,,,,98532,53,71,225,6,1,1,0,0,0,,97,,,,,,0,07/15/2016,07/15/2016,8,0,0,0,8,9,8,,,0,0,0,8,1,2,1,,,1,,,2,1,0.072,,,,,,,,,,,,,,,,,,,,,,,,,,,,,,0,0,0,0,1,0,1,1,0,0,0,0,0,0,0,0,1,0,0,0,0,0,0,0,0,0,0,0,0,1,0,0,0,0,0,,0,0,0,0,1,0,0,0,1,0,0,0,1,0,0,1,,,,,,36-40,36-45,State route,R,Sunday,Belt Used,PV,Not Fatal,0,1,1,0,State Route,State Patrol,WASHINGTON STATE PATROL,0,1,0,0,0,,,,,,0,1,0,,,,,,,,,,,98,98,98,0,,,,,20,7,,,,,,,,,,,,,,,
2019,336,E959764,29,09/07/2019,20:04,7,9,,41,Lewis,0,1,0,5,1,2,1,0,1,1,,,,35,0,0,1.5,1,0,1,5,1,2,4,0,0,0,0,CR-HIGHWAY 603,,-122.9985639,46.63107778,0,1,6,6,1,35,6,0,0,1,7,1,3,2,2,1,14,1,1,53,0,48,38,2007,0,0,68,64,35,1,,,1,1,22,1,7,,4,7,20,7,11,0,09/07/2019,20:04,53040277,40277,0,0,0,3,1,0,0,0,0,96,,,,,,99,,,,,,98532,53,73,230,6,1,0,2,2,4,,0,,,,,,4,01/15/2015,07/15/2019,8,1,9,0,0,9,8,,,0,0,0,8,9,2,1,,,1,,,2,1,0.12,,,,,,,,,,,,,,,,,,,,,,,,,,,,,,0,0,1,0,1,1,0,1,0,0,0,0,1,0,0,0,0,0,0,1,0,0,0,1,1,0,0,0,0,1,0,0,0,1,0,,1,0,0,0,0,1,0,1,0,1,0,0,0,1,0,1,,,,,,21-25,16-25,County road,R,Saturday,Not Used,PV,White,0,1,0,0,County Road,County Sheriff,Lewis County Sheriff's Office,1,0,1,0,0,,,,,,0,0,0,,,,,,,,,,,98,98,98,1,,,,,20,7,,,,,,,,,,,,,,,
2020,15,EA05796,222,01/09/2020,7:24,9,1,,67,Thurston,1590,4,,3,2,2,1,1,1,1,,,,8,0,0,0,3,0,3,4,2,4,6,0,0,3,3,LILLY RD NE,Woodard Green Dr NE,-122.8443972,47.05788889,0,1,13,80,5,35,15,0,0,1,2,8,1,1,3,1,1,1,1,53,0,20,423,2018,0,,8,,,,,,1,1,54,1,0,,0,0,3,0,11,0,,,,,0,0,0,3,1,10,,,,0,,,,,,0,,,,,,98532,53,71,260,6,1,0,0,0,1,,0,,,,,,0,05/15/2019,05/15/2019,20,0,0,0,8,2,2,,,0,,,8,0,0,0,,,0,,,2,10,0,,,,,,,,,,,,,,,,,,,,,,,,,,,,,,0,0,0,1,0,0,0,0,0,0,0,0,0,0,0,0,0,1,0,0,0,0,0,0,0,0,0,0,0,1,0,1,0,0,0,,0,0,0,0,0,0,0,0,0,0,0,0,0,0,0,0,,,,,,51-55,46-55,City street,U,Thursday,Belt Used,PV,Not Fatal,1,0,0,0,City Street,Municipal/City Police,Olympia Police Department,0,0,0,1,0,,,,,,0,0,0,,,,,,,,,,,98,98,98,0,,,,,20,7,,,,,,,,1,0,,,,,,
2020,86,EA28579,3,04/10/2020,13:00,10,4,,53,Pierce,0,1,,1,1,2,1,0,4,2,13:08,13:15,13:36,12,0,6,6.6,2,0,2,4,2,2,4,0,0,0,0,CR-112TH ST S,B ST S,-122.4329139,47.15541111,0,2,88,66,4,40,14,0,5,1,2,12,1,1,4,1,1,1,3,53,5,12,401,2016,0,,12,,,,,,1,1,46,1,0,,0,0,3,0,11,0,,,,,0,0,0,3,1,16,,,,96,,,,,,0,,,,,,98532,53,69,220,6,1,0,0,1,0,,0,,,,,,0,08/15/2015,08/15/2015,8,0,0,0,8,9,8,,,0,,,8,8,0,0,,,0,,,0,0,996,,,,,,,,,,,,,,,,,,,,,,,,,,,,,,0,0,0,1,0,0,0,0,0,0,0,0,0,0,0,0,0,0,1,0,0,0,0,0,0,0,0,0,0,1,0,0,0,0,0,,0,0,0,0,0,0,0,0,0,0,0,0,0,0,0,0,,,,,,46-50,46-55,County road,U,Friday,Belt Used,PV,Not Fatal,1,0,0,0,County Road,State Patrol,Washington State Patrol,0,0,1,0,0,,,,,,0,0,0,,,,,,,,,,,98,98,98,0,,,,,20,7,,,,,,,,1,0,,,112 ST S,6.63,B ST S,0
2020,196,EA42846,4,06/16/2020,6:23,16,6,,15,Cowlitz,0,2,,4,2,2,1,0,3,2,6:22,6:30,7:32,12,0,6,47,1,0,1,1,1,1,1,0,0,0,0,I-5,,-122.8856917,46.24479167,0,2,98,60,4,70,4,0,0,1,5,12,1,4,3,2,1,1,1,53,0,30,40,2006,0,,12,,,,,,1,1,37,1,0,,0,0,3,0,11,0,,,,,6,0,3,3,1,0,,,,96,,,,,,0,,,,,,98532,53,68,165,6,1,0,2,0,2,,0,,,,,,0,12/15/2016,07/15/2019,20,0,0,0,8,3,2,,,0,,,8,8,0,0,,,0,,,0,0,996,,,,,,,,,,,,,,,,,,,,,,,,,,,,,,0,0,0,0,0,0,1,1,1,0,0,0,1,1,0,0,0,0,0,0,0,0,0,1,1,0,0,0,0,1,0,0,0,0,0,,0,0,0,0,0,0,0,0,0,0,0,0,0,0,0,0,,,,,,36-40,36-45,Interstate,R,Tuesday,Belt Used,PV,Not Fatal,0,0,0,0,State Route,State Patrol,Washington State Patrol,0,1,0,0,0,,,,,,0,0,1,,,,,,,,,,,98,98,98,0,,,,,20,7,,,,,,,,1,0,,,,,,
2020,248,EA50209,29,07/18/2020,18:45,18,7,,41,Lewis,0,1,,5,1,2,1,0,2,2,18:47,18:55,,12,0,6,3.4,8,0,1,7,1,2,4,0,0,0,0,CR-LARMON RD,,-122.7253167,46.54658333,0,2,83,72,4,50,80,0,0,1,2,12,1,1,2,1,1,1,2,41,0,72,706,2001,0,,12,,,,,,1,1,37,8,7,,4,8,20,7,11,5,07/18/2020,20:20,1.60153E+11,33582,0,0,3,2,1,0,,,,92,,,,,,98,,,,,,98532,53,67,155,6,1,0,3,0,0,,0,,,,,,0,01/15/2018,03/15/2020,20,8,0,0,0,9,8,,,0,,,8,8,2,996,401,417,1,1,1,2,1,0,,,,,,,,,,,,,,,,,,,,,,,,,,,,,,0,0,0,0,0,0,1,1,0,0,0,0,0,0,1,0,1,0,1,0,0,0,0,0,0,1,1,1,1,1,0,0,0,0,1,0,0,0,0,0,0,0,1,1,1,0,0,0,0,0,1,0,,,,,,36-40,36-45,County road,R,Saturday,,MC,White,0,0,0,0,County Road,County Sheriff,Lewis County Sheriff's Office,0,0,1,0,0,,,,,,0,0,1,1,1,,,,128,177,,,,0,0,0,1,,,,,19,0,,,,,,,,1,0,,,LARMON RD,3.394,,
2020,264,EA52661,29,07/29/2020,13:35,29,7,,41,Lewis,0,1,,1,1,2,1,0,1,1,,,,1,0,0,1.1,1,0,1,3,1,2,4,0,0,0,0,CR-LABREE RD,,-122.9423,46.62080833,0,1,7,13,2,35,34,0,0,1,2,1,3,1,2,1,14,1,1,53,0,7,482,2001,0,,63,69,68,64,1,2,1,1,50,1,1,,4,7,20,7,11,0,07/29/2020,13:35,53036919,36919,6,0,0,3,1,58,,,,92,,,,,,98,,,,,,98532,53,62,160,6,1,0,0,0,0,,0,,,,,,0,,,99,0,0,0,0,9,8,,,0,,,8,8,2,1,,,1,,,2,1,0,,,,,,,,,,,,,,,,,,,,,,,,,,,,,,0,0,0,0,0,0,0,0,0,0,0,0,0,0,0,0,1,0,0,1,0,0,0,0,0,0,0,0,0,1,0,0,0,1,0,,1,0,0,0,0,0,0,0,1,0,0,0,0,0,0,0,,,,,,46-50,46-55,County road,R,Wednesday,Not Used,PV,Hispanic,0,1,0,0,County Road,County Sheriff,Lewis County Sheriff's Office,1,0,1,0,0,,,,,,0,0,0,,,,,,,,,,,98,98,98,1,,,,,20,7,,,,,,,,1,0,,,RICE RD,1.059,,
2020,270,EA53712,5,08/03/2020,1:45,3,8,,41,Lewis,0,1,,2,1,2,1,0,4,2,1:43,1:58,,12,0,6,78.4,2,0,2,3,1,1,2,0,0,0,0,US-12,STOWELL RD,-122.6260667,46.53145833,0,2,98,98,7,55,66,2,0,1,2,12,2,2,2,1,14,1,3,53,0,87,881,2019,0,,12,,,,,,1,1,70,1,0,,3,0,3,0,11,5,,,,,6,1,3,3,1,0,,,,96,,,,,,0,,,,,,98532,53,75,210,6,1,0,0,1,0,,0,,,,,,0,10/15/2018,10/15/2018,20,0,0,0,8,9,8,,,0,,,8,8,0,0,,,0,,,0,0,996,,,,,,,,,,,,,,,,,,,,,,,,,,,,,,0,0,0,1,0,0,0,0,0,0,0,0,0,0,0,0,0,0,0,0,0,0,0,0,0,1,1,0,0,0,1,0,0,0,0,,0,0,0,0,0,0,0,0,0,0,0,0,0,0,0,0,,,,,,66-70,66-75,US highway,R,Monday,,MHTRUCK,Not Fatal,1,0,0,0,State Route,State Patrol,Washington State Patrol,0,1,0,0,0,,,,,,0,0,0,,,,,,,,,,,98,98,98,0,,,,,20,7,,,,,,,,1,0,,,,,,