year,case,par,repjur,crash_dt,crash_tm,accday,accmon,holiday,county,co_char,city,weather,weather2,lightcond,surfcond,surftype,numfatal,nmforms,pforms,vforms,not_tm,arr_tm,hosp_tm,fhevent,hitrun,manncol,milepnt,reljunc,reljuncinter,intersectiontype,funcsystem,landuse,ownership,route,schlbus,spejur,contdev,devfunc,trafid1,trafid2,x,y,wk_zone,vnumber,crashtype,criticalevent,criticaleventcat,spdlim,body,trailer,emerg,hazcargo,leave,mhevent,roadalgn,roadprof,traflane,trafflow,vehmanvr,numoccs,regowner,regstate,spuse,make,model,modelyr,vrf1,vrf2,seqevent1,seqevent2,seqevent3,seqevent4,seqevent5,seqevent6,pnumber,ptype,age,sex,hispanic,race,injury,diedscene,restraint,restraintmisuse,seatpos,takehosp,death_dt,death_tm,cert,cernum_wa,commlic,licendor,licrestrict,liccomp,drivpres,drf1,drf2,drf3,drf4,distract1,distract2,distract3,distract4,distract5,distract6,dricond1,dricond2,dricond3,dricond4,dricond5,dricond6,dzip,licstate,drhgt_in,weight,noncdl,noncdltype,prevdwi,prevoth,prevacc,prevspd,prevsus,driviol1,driviol2,driviol3,driviol4,driviol5,driviol6,spdrel,first_dt,last_dt,airbag,ejection,ejectpath,extricat,injurwrk,methalc,methdrug,nmlocat,strikveh,prf1,prf2,prf3,druginv,alcinvol,drugsts,drugres1,drugres2,drugres3,drugtst1,drugtst2,drugtst3,alcsts,alctst,alcres,nmact1,nmact2,nmact3,nmact4,nmact5,nmact6,nmprior1,nmprior2,nmprior3,nmprior4,nmprior5,nmprior6,nmcond1,nmcond2,nmcond3,nmcond4,nmcond5,nmcond6,nmsafe_helmet,nmsafe_pads,nmsafe_oth,nmprev_ref,nmprev_lgt,nmprev_oth,crashlocation,nmcrashtype,crosswalk,schoolzone,sidewalk,train_inv,wildlife_inv,rotr_fars,intersect_fars,dd_inv,aid_inv,dpd_inv,id_inv,mj_inv,impnm_inv,ainm_inv,dpnm_inv,speed_inv,unlic_inv,unendmc_inv,drowsy_inv,drdist_inv,nmdist_inv,fty_inv,unrestfat_inv,dr1617_inv,dr1820_inv,dr1620_inv,dr2125_inv,dr1625_inv,dr65_inv,dr70_inv,dr75_inv,mc_inv,pv_inv,ht_inv,ped_inv,bike_inv,unrest_fat,mc_fat,unhelmet_mc,pv_fat,ht_fat,ped_fat,bike_fat,dr_alc7,dr_alc8,dr_drug,dr_imp,dr_dist,dr_spd,dr_fty,dr_unlic,dr_alc7only,dr_alc8only,dr_drugonly,dr_drink,nm_imp,nm_alc7,nm_alc8,nm_drug,nm_dist,agegrp1,agegrp2,roadclass,urbrur,dayweek,restuse,vehtype,race_me,intersect,lanedep,oppdir,wrongway,rep_typ,investag,repag_long,rotr,st_rd,cty_rd,city_rd,oth_rd,drug_thc,thc_res,drug_cthc,cthc_res,drug_cann,prevpersemin,prevperse,prevsusoth,drugtst4,drugtst5,drugtst6,drugtst7,drugtst8,drugres4,drugres5,drugres6,drugres7,drugres8,adspresent,adsengaged,adslevel,race1,race2,race3,race4,race5,helmet,helmetmisuse,nmdistract1,nmdistract2,nmdistract3,nmdistract4,nmdistract5,nmdistract6,lab,isedtcase,crf1,crf2,crf3,CoRoadName,CoMP,IntCoRoadName,IntCoMP
2020,321,EA58729,5,08/26/2020,13:45,26,8,,41,Lewis,0,1,,1,1,2,1,0,2,2,13:49,13:53,14:15,12,0,2,50.2,1,0,1,4,1,1,3,0,0,0,0,SR-6,,-122.9992306,46.65261944,0,1,50,10,2,55,4,0,0,1,2,12,1,1,2,1,1,1,2,53,0,34,34,2006,0,,68,12,,,,,1,1,21,1,0,,3,0,3,0,11,5,,,,,0,0,0,0,1,28,,,,6,,,,,,9,,,,,,98532,53,69,230,0,0,0,0,0,0,,0,,,,,,0,,,8,0,0,0,8,9,8,,,0,,,1,0,2,695,605,,1,1,,2,1,0,,,,,,,,,,,,,,,,,,,,,,,,,,,,,,0,0,0,0,0,0,1,1,1,0,0,0,0,1,0,0,1,0,0,0,0,0,0,1,1,0,0,0,0,1,0,0,0,0,0,,0,0,0,0,0,0,1,1,1,0,0,1,0,0,1,0,,,,,,21-25,16-25,State route,R,Wednesday,Belt Used,PV,Not Fatal,0,1,1,0,State Route,State Patrol,Washington State Patrol,0,1,0,0,0,thc,4.9,carboxy-thc,21,,0,0,0,,,,,,,,,,,98,98,98,0,,,,,20,7,,,,,,,,1,0,,,,,,
2020,321,EA58729,5,08/26/2020,13:45,26,8,,41,Lewis,0,1,,1,1,2,1,0,2,2,13:49,13:53,14:15,12,0,2,50.2,1,0,1,4,1,1,3,0,0,0,0,SR-6,,-122.9992306,46.65261944,0,2,51,62,4,55,1,0,0,1,2,12,1,1,2,1,1,1,1,53,0,69,54,2006,0,,12,,,,,,1,1,42,2,7,,4,7,3,0,11,0,08/26/2020,13:45,53039814,39814,0,0,0,3,1,0,,,,96,,,,,,98,,,,,,98532,53,67,150,6,1,0,0,0,1,,0,,,,,,0,12/15/2017,12/15/2017,1,0,0,0,0,9,8,,,0,,,8,8,2,124,996,996,1,1,1,2,1,0,,,,,,,,,,,,,,,,,,,,,,,,,,,,,,0,0,0,0,0,0,1,1,1,0,0,0,0,1,0,0,1,0,0,0,0,0,0,1,1,0,0,0,0,1,0,0,0,0,0,,1,0,0,0,0,0,1,1,0,0,0,0,0,0,1,0,,,,,,41-45,36-45,State route,R,Wednesday,Belt Used,PV,White,0,1,1,0,State Route,State Patrol,Washington State Patrol,0,1,0,0,0,,,,,,0,0,0,1,,,,,996,,,,,98,98,98,1,,,,,20,7,,,,,,,,1,0,,,,,,
2020,557,EA59797,83,08/26/2020,20:48,26,8,,41,Lewis,310,1,,5,1,2,1,1,1,1,,,,8,0,0,0,3,0,2,3,2,4,6,0,0,3,3,W MAIN ST,SW Chehalis Ave,-122.9697806,46.66144167,0,1,13,80,5,25,34,0,0,1,5,8,1,1,3,1,1,1,1,53,0,20,481,2019,0,,8,,,,,,1,1,69,1,0,,0,0,3,0,11,0,,,,,0,0,0,3,1,0,,,,96,,,,,,9,,,,,,98532,53,71,240,6,1,0,0,1,0,,2,,,,,,0,12/15/2019,12/15/2019,20,0,0,0,8,9,8,,,0,,,1,1,8,95,,,96,,,2,95,997,,,,,,,,,,,,,,,,,,,,,,,,,,,,,,0,0,0,1,1,0,0,0,0,0,0,0,0,0,0,0,0,0,0,0,0,0,0,0,0,1,0,0,0,1,0,1,0,0,0,,0,0,0,0,0,0,0,0,0,0,0,0,0,0,0,1,,,,,,66-70,66-75,City street,U,Wednesday,Belt Used,PV,Not Fatal,1,0,0,0,City Street,Municipal/City Police,Chehalis Police Department,0,0,0,1,0,,,,,,0,0,0,,,,,,,,,,,98,98,98,0,,,,,20,7,,,,,,,,1,0,,,,,,
2021,16,EA99781,29,01/01/2021,10:00,1,1,,41,Lewis,0,10,,1,2,2,1,0,1,1,,,,24,0,0,0.7,1,0,1,5,1,2,4,0,0,0,0,CR-N FORK RD,,-122.8513639,46.60853333,0,1,6,12,2,40,34,0,0,1,2,24,3,1,2,1,14,1,1,53,0,12,471,2008,0,,68,64,24,2,,,1,1,71,1,7,,4,7,20,7,11,0,01/01/2021,10:00,53000831,831,0,0,0,3,1,0,,,,92,,,,,,99,,,,,,98532,53,71,185,6,1,0,1,0,0,,0,,,,,,0,09/15/2017,09/15/2017,20,0,0,0,0,9,8,,,0,,,9,9,2,996,996,,1,1,,2,1,0.178,,,,,,,,,,,,,,,,,,,,,,,,,,,,,,0,0,1,0,1,1,1,1,0,0,0,0,0,0,0,0,1,0,0,1,0,0,0,0,0,1,1,0,0,1,0,0,0,1,0,,1,0,0,0,0,1,1,1,1,0,0,0,0,0,0,1,,,,,,71-75,66-75,County road,R,Friday,Not Used,PV,White,0,1,0,0,County Road,County Sheriff,Lewis County Sheriff's Office,1,0,1,0,0,,,,,,0,0,0,,,,,,,,,,,98,98,98,1,,,,,20,,,,,,,,,1,0,,,NORTH FORK RD,0.748,NULL,
2021,244,EB51688,3,07/25/2021,16:57,25,7,,67,Thurston,0,1,,1,1,2,1,0,2,2,,,,12,0,6,40.6,2,0,2,3,1,1,2,0,0,20,3,US-12,FORSTROM ST SW,-123.1181194,46.82405556,0,1,87,17,2,35,1,0,0,1,2,12,1,1,2,1,1,1,1,53,0,20,4,2008,0,,12,,,,,,1,1,65,1,0,,2,0,3,0,11,0,,,,,0,0,0,3,1,38,,,,96,,,,,,98,,,,,,98532,53,70,250,6,1,0,1,1,0,,97,,,,,,0,04/15/2017,04/15/2017,20,0,0,0,8,9,2,,,0,,,8,8,0,0,,,0,,,0,0,996,,,,,,,,,,,,,,,,,,,,,,,,,,,,,,0,0,0,1,0,0,0,0,0,0,0,0,0,0,0,0,0,0,1,0,0,0,0,0,0,1,0,0,1,1,0,0,0,0,0,,0,0,0,0,0,0,0,0,0,0,1,0,0,0,0,0,,,,,,61-65,56-65,US highway,R,Sunday,Belt Used,PV,Not Fatal,1,0,0,0,State Route,State Patrol,Washington State Patrol,0,1,0,0,0,,,,,,0,0,0,,,,,,,,,,,98,98,98,0,,,,,20,,,,,,,,,1,0,,,,,,
2021,398,EB75545,337,09/22/2021,6:11,22,9,,73,Whatcom,110,10,,3,1,2,1,1,1,1,,,,9,0,0,0,1,0,1,3,2,4,6,0,0,0,0,MERIDIAN ST,,-122.4861306,48.77961389,0,1,13,83,5,35,4,0,0,1,2,9,1,1,5,5,1,1,1,53,0,24,7,2006,0,,9,,,,,,1,1,59,2,0,,0,0,3,0,11,0,,,,,0,0,0,3,1,0,,,,96,,,,,,98,,,,,,98532,53,63,130,6,1,0,0,0,0,,0,,,,,,0,,,20,0,0,0,8,9,8,,,0,,,8,8,8,95,,,96,,,8,95,995,,,,,,,,,,,,,,,,,,,,,,,,,,,,,,0,0,0,0,0,0,0,0,0,1,0,1,0,0,0,0,0,0,0,0,0,0,0,0,0,0,0,0,0,1,0,0,1,0,0,,0,0,0,0,0,0,0,0,0,0,0,0,0,0,0,0,,,,,,56-60,56-65,City street,U,Wednesday,Belt Used,PV,Not Fatal,0,0,0,0,City Street,Municipal/City Police,Bellingham Police Department,0,0,0,1,0,,,,,,0,0,0,,,,,,,,,,,98,98,98,0,,,,,20,,,,,,,,,1,0,,,,,,
2017,279,E693779,5,07/15/2017,18:44,15,7,0,41,Lewis,0,1,0,1,1,2,1,0,1,1,18:43,18:49,19:37,10,0,0,46.1,6,0,1,4,1,1,3,0,0,65,3,SR-6,,-123.0709694,46.62698889,0,1,98,17,2,55,34,0,0,1,2,10,1,1,2,1,1,1,1,53,0,20,481,2003,0,0,10,,,,,,1,1,82,1,7,1,4,0,3,0,11,8,07/28/2017,1:40,1.96053E+11,33055,0,0,0,3,1,39,0,0,0,1,,,,,,0,,,,,,98538,53,72,210,6,1,0,1,0,1,0,36,,,,,,0,08/15/2014,03/15/2015,8,0,0,0,0,9,8,,,0,0,0,8,0,2,348,0,0,1,0,0,2,1,0,,,,,,,,,,,,,,,,,,,,,,,,,,,,,,1,0,0,0,0,0,1,1,0,0,0,0,0,0,0,0,1,0,0,0,0,0,0,0,0,1,1,1,0,0,0,0,0,0,0,,0,0,0,0,0,0,1,1,1,0,0,0,0,0,1,0,,,,,,81+,76+,State route,R,Saturday,Belt Used,PV,White,1,0,0,0,State Route,State Patrol,Washington State Patrol Headquarter,0,1,0,0,0,,,,,,,,,,,,,,,,,,,,,,,,,,,,,,,,,,,,,,,,,,,
2017,258,E693783,5,07/15/2017,23:10,15,7,0,41,Lewis,310,1,0,2,1,2,1,0,3,2,23:11,23:17,23:44,12,0,2,77.6,1,0,1,1,2,1,1,0,0,0,0,I-5,,-122.9747667,46.65437222,0,1,50,10,2,60,3,0,0,1,2,12,1,1,2,3,1,1,1,53,0,55,36,2003,0,0,12,,,,,,1,1,23,1,7,1,4,7,3,0,11,0,07/15/2017,23:15,31053032460,32460,0,0,3,2,1,51,0,0,0,96,,,,,,9,,,,,,98539,53,73,180,1,1,1,10,3,10,10,0,,,,,,0,09/15/2013,05/15/2017,8,0,0,0,0,1,8,,,0,0,0,8,1,2,1,0,0,1,0,0,2,1,0.22,,,,,,,,,,,,,,,,,,,,,,,,,,,,,,0,0,0,0,1,1,0,1,0,0,0,0,0,1,0,0,0,0,0,0,0,0,0,1,1,0,0,0,0,1,0,0,0,0,0,,1,0,0,0,0,1,0,1,0,0,0,1,0,1,0,1,,,,,,21-25,16-25,Interstate,U,Saturday,Belt Used,PV,White,0,0,0,1,State Route,State Patrol,Washington State Patrol Headquarter,0,1,0,0,0,,,,,,,,,,,,,,,,,,,,,,,,,,,,,,,,,,,,,,,,,,,
2019,322,E957138,146,09/02/2019,21:15,2,9,,77,Yakima,0,1,0,2,1,2,1,0,3,2,,,,12,0,6,1.8,2,0,2,5,1,2,4,0,3,20,3,CR-KAYS RD,LATERAL RD A,-120.4803083,46.49196944,0,1,89,17,2,50,20,0,0,1,7,12,1,1,2,1,1,1,2,53,0,7,442,2000,0,0,12,63,1,3,,,1,1,18,1,1,,4,0,20,7,11,4,09/06/2019,13:14,2.59053E+11,39876,0,0,0,0,1,39,0,0,0,96,,,,,,0,,,,,,98539,53,61,126,0,0,0,0,0,0,,0,,,,,,0,,,1,0,0,1,0,9,8,,,0,0,0,8,0,2,1,,,1,,,2,1,0,,,,,,,,,,,,,,,,,,,,,,,,,,,,,,0,0,0,1,0,0,0,0,0,0,0,0,0,1,0,0,0,0,0,1,0,1,1,0,1,0,0,0,0,1,0,0,0,1,0,,1,0,0,0,0,0,0,0,0,0,0,1,0,0,0,0,,,,,,18-20,16-25,County road,R,Monday,Not Used,PV,Hispanic,1,0,0,0,County Road,County Sheriff,Yakima County Sheriff's Office,0,0,1,0,0,,,,,,0,0,0,,,,,,,,,,,98,98,98,298,,,,,20,7,,,,,,,,,,,,,,,
2021,219,EB47300,4,06/25/2021,13:28,25,6,,1,Adams,0,1,,1,1,2,1,0,3,3,,,,12,0,1,24.9,3,0,2,2,1,1,3,0,0,0,0,SR-17,SUTTON RD,-119.1329639,46.87005556,0,1,20,50,3,60,66,1,0,1,2,12,1,1,2,1,1,1,3,53,0,85,881,2014,0,,12,63,38,,,,1,1,29,1,0,,0,0,3,0,11,0,,,,,6,3,3,3,1,0,,,,96,,,,,,98,,,,,,98539,53,65,160,6,1,0,1,0,1,,23,,,,,,4,12/15/2020,07/15/2020,20,0,0,0,8,9,8,,,0,,,8,8,0,0,,,0,,,0,0,996,,,,,,,,,,,,,,,,,,,,,,,,,,,,,,0,0,0,1,0,0,1,1,0,0,0,0,1,1,0,0,0,0,0,1,0,0,0,1,1,0,0,0,0,1,1,0,0,0,0,,0,0,0,0,0,0,0,0,0,1,0,0,0,0,0,0,,,,,,26-30,26-35,State route,R,Friday,,MHTRUCK,Not Fatal,1,0,0,0,State Route,State Patrol,Washington State Patrol,0,1,0,0,0,,,,,,0,0,0,,,,,,,,,,,98,98,98,0,,,,,20,,,,,,,,,1,0,,,,,,
2021,311,EB60320,1,08/11/2021,9:09,11,8,,77,Yakima,2220,1,,1,1,2,1,0,3,2,,,,12,0,6,69.7,1,0,1,1,2,1,1,0,0,0,0,I-82,,-119.9648361,46.30085833,0,2,45,61,4,60,66,1,0,1,2,12,1,1,2,2,1,1,3,18,0,82,881,2019,0,,12,,,,,,1,1,46,2,0,,0,0,3,0,11,0,,,,,6,1,0,3,1,0,,,,96,,,,,,98,,,,,,98539,53,61,140,6,1,0,0,0,0,,0,,,,,,0,,,20,0,0,0,8,9,2,,,0,,,8,8,0,0,,,0,,,0,0,996,,,,,,,,,,,,,,,,,,,,,,,,,,,,,,0,0,0,0,0,0,1,1,0,0,0,0,0,0,0,0,0,0,0,0,0,0,0,0,0,1,1,1,0,1,1,0,0,0,0,,0,0,0,0,0,0,0,0,0,0,0,0,0,0,0,0,,,,,,46-50,46-55,Interstate,U,Wednesday,,MHTRUCK,Not Fatal,0,0,0,0,State Route,State Patrol,Washington State Patrol,0,1,0,0,0,,,,,,0,0,0,,,,,,,,,,,98,98,98,0,,,,,20,,,,,,,,,1,0,,,,,,
2017,10,E632128,8,01/08/2017,19:05,8,1,0,45,Mason,0,2,0,2,2,2,1,0,2,2,,,,12,0,2,15.3,1,0,1,3,1,1,3,0,0,0,0,SR-3,,-122.9179833,47.31120556,0,2,51,62,4,55,2,0,0,1,2,12,4,1,2,1,14,1,1,53,0,24,2,2000,0,0,12,,,,,,1,1,18,2,7,1,4,7,99,0,11,0,01/08/2017,19:05,53001160,1160,0,0,0,3,1,0,0,0,0,0,,,,,,9,,,,,,98541,53,68,135,6,1,0,1,0,0,0,0,,,,,,0,07/15/2015,07/15/2015,1,0,0,0,0,1,1,,,0,0,0,1,0,2,402,605,0,1,1,0,2,1,0,,,,,,,,,,,,,,,,,,,,,,,,,,,,,,0,0,0,0,0,0,1,1,1,0,0,0,0,0,0,0,0,0,0,0,0,1,1,1,1,0,0,0,0,1,0,0,0,0,0,,1,0,0,0,0,0,1,1,0,0,0,0,0,0,1,0,,,,,,18-20,16-25,State route,R,Sunday,Unknown,PV,White,0,1,1,0,State Route,State Patrol,Washington State Patrol,0,1,0,0,0,thc,9.3,carboxy-thc,18,,,,,,,,,,,,,,,,,,,,,,,,,,,,,,,,,,,,,,,
2017,88,E654164,22,03/22/2017,11:47,22,3,0,27,Grays Harbor,0,2,0,1,2,2,1,0,2,2,11:41,11:57,,12,0,6,3.8,2,0,2,6,1,2,4,0,0,20,3,CR-ELMA-HICKLIN RD,CR-SUMMIT RD,-123.2669917,47.07885556,0,2,86,54,3,30,34,0,0,1,2,12,1,1,2,1,1,1,1,53,0,35,471,1995,0,0,12,,,,,,1,1,92,1,7,1,4,7,3,0,11,0,03/22/2017,11:47,53014094,14094,0,0,0,3,1,38,39,0,0,96,,,,,,99,,,,,,98541,53,68,170,6,1,0,0,1,0,0,0,,,,,,0,10/15/2016,10/15/2016,20,0,0,0,0,9,8,,,0,0,0,8,9,2,1,0,0,1,0,0,2,1,0,,,,,,,,,,,,,,,,,,,,,,,,,,,,,,0,0,0,1,0,0,0,0,0,0,0,0,0,0,0,0,0,0,1,0,0,0,0,0,0,1,1,1,0,0,1,0,0,0,0,,0,0,0,0,0,0,0,0,0,0,1,0,0,0,0,0,,,,,,81+,76+,County road,R,Wednesday,Belt Used,PV,White,1,0,0,0,County Road,County Sheriff,Grays Harbor County Sheriff's Offic,0,0,1,0,0,,,,,,,,,,,,,,,,,,,,,,,,,,,,,,,,,,,,,,,,,,,
2018,269,E826143,39,08/06/2018,14:55,6,8,0,61,Snohomish,0,1,0,1,8,7,2,0,2,1,,,,18,0,0,52,1,0,1,5,2,4,6,0,0,0,0,CR-MOUNTAIN LOOP HWY,CLEAR CREEK RD,-121.596,48.24235278,1,1,7,6,1,98,34,0,0,1,7,18,2,2,2,1,14,2,2,53,0,7,472,1989,0,0,68,64,18,,,,1,1,19,1,7,1,4,7,3,0,11,0,08/06/2018,14:55,50053034956,34956,0,0,0,3,1,0,0,0,0,96,,,,,,99,,,,,,98541,53,67,130,6,1,0,0,0,0,,0,,,,,,3,,,20,0,0,0,0,9,8,,,0,0,0,8,9,2,605,695,,1,1,,2,1,0,,,,,,,,,,,,,,,,,,,,,,,,,,,,,,0,0,0,0,0,0,1,1,1,0,0,0,1,0,0,0,0,0,0,1,0,1,1,0,1,0,0,0,0,1,0,0,0,0,0,,1,0,0,0,0,0,1,1,0,1,0,0,0,0,1,0,,,,,,18-20,16-25,City street,U,Monday,Belt Used,PV,White,0,1,0,0,County Road,County Sheriff,Snohomish County Sheriff's Office,1,0,1,0,0,thc,23,carboxy-thc,70,,0,0,0,,,,,,,,,,,,,,,,,,,,,,,,,,,,,,,,,,,
2018,498,E890327,31,12/23/2018,8:00,23,12,9,45,Mason,0,2,0,1,2,2,1,0,2,1,8:02,8:23,8:57,42,0,0,14.2,1,0,1,6,1,2,4,0,0,0,0,CR-W CLOQUALLUM RD,,-123.3283333,47.13192778,0,1,6,12,2,45,2,0,0,1,7,1,2,1,2,1,14,2,2,53,0,37,32,1994,0,0,68,64,42,31,67,1,1,1,19,1,0,0,2,0,99,0,11,5,,,,,0,0,0,0,1,0,0,0,0,0,,,,,,99,,,,,,98541,53,73,165,0,0,0,0,0,1,,97,,,,,,3,09/15/2018,09/15/2018,8,9,0,1,8,9,8,,,0,0,0,8,9,2,401,417,,1,1,,2,1,0,,,,,,,,,,,,,,,,,,,,,,,,,,,,,,0,0,1,0,0,0,1,1,0,0,0,0,1,1,0,0,0,0,0,0,0,1,1,0,1,0,0,0,0,1,0,0,0,0,0,,0,0,0,0,0,0,1,1,0,1,0,1,0,0,1,0,,,,,,18-20,16-25,County road,R,Sunday,Unknown,PV,Not Fatal,0,1,0,0,County Road,County Sheriff,Mason County Sheriff's Office,1,0,1,0,0,,,,,,0,0,0,,,,,,,,,,,,,,,,,,,,,,,,,,,,,,,,,,,
2019,44,E894576,3,02/16/2019,21:49,16,2,,67,Thurston,0,1,0,2,4,2,1,0,2,1,,,,24,0,0,18.1,1,0,1,3,1,1,3,0,0,0,0,SR-8,,-123.0571278,47.04113889,0,1,2,6,1,60,34,0,0,1,2,1,3,1,2,2,14,2,1,53,0,12,481,1999,0,0,63,24,1,,,,1,1,21,1,0,,2,0,20,7,11,8,,,,,0,0,0,3,1,87,0,0,0,96,,,,,,0,,,,,,98541,53,66,150,6,1,0,0,0,1,,0,,,,,,4,08/15/2017,08/15/2017,20,1,9,0,8,9,8,,,0,0,0,8,0,2,1,,,1,,,2,1,0,,,,,,,,,,,,,,,,,,,,,,,,,,,,,,0,0,0,0,0,0,0,0,0,0,0,0,1,0,0,0,0,0,0,1,0,0,0,1,1,0,0,0,0,1,0,0,0,0,0,,0,0,0,0,0,0,0,0,0,1,0,0,0,0,0,0,,,,,,21-25,16-25,State route,R,Saturday,Not Used,PV,Not Fatal,0,1,0,0,State Route,State Patrol,Washington State Patrol,1,1,0,0,0,,,,,,0,0,0,,,,,,,,,,,0,0,0,0,,,,,20,7,,,,,,,,,,,,,,,
2019,394,E978866,8,10/20/2019,20:50,20,10,,27,Grays Harbor,0,10,0,2,2,2,1,0,2,1,,,,42,0,0,0.6,1,0,1,96,6,96,8,0,0,0,0,CAPITOL FOREST D INE,,-123.2571639,46.87461944,0,1,1,13,2,25,34,0,0,1,5,42,3,2,2,1,14,2,2,53,0,12,481,2013,0,0,63,42,,,,,1,1,25,1,0,,2,0,99,7,11,8,,,,,0,0,0,3,1,0,0,0,0,96,,,,,,9,,,,,,98541,53,70,200,6,1,0,0,0,3,,97,,,,,,4,01/15/2018,12/15/2018,8,0,0,0,8,9,8,,,0,0,0,8,1,2,695,605,,1,1,,2,1,0.057,,,,,,,,,,,,,,,,,,,,,,,,,,,,,,0,0,1,0,1,0,1,1,1,0,0,0,1,0,0,0,0,0,0,0,0,0,0,1,1,0,0,0,0,1,0,0,0,0,0,,0,0,0,0,1,0,1,1,0,1,0,0,0,0,0,1,,,,,,21-25,16-25,Other,,Sunday,Unknown,PV,Not Fatal,0,1,0,0,Other,State Patrol,Washington State Patrol,1,0,0,0,1,thc,4.7,carboxy-thc,37,,0,0,0,,,,,,,,,,,98,98,98,0,,,,,20,7,,,,,,,,,,,,,,,
2020,392,EA70054,8,10/06/2020,19:50,6,10,,27,Grays Harbor,0,1,,2,1,2,1,1,2,1,19:51,20:02,,9,0,0,27.6,1,0,1,3,1,1,2,0,0,0,0,US-12,,-123.3067028,46.93024167,0,1,13,83,5,55,34,0,0,1,5,9,1,1,2,1,1,2,1,53,0,49,472,2004,0,,9,,,,,,1,1,64,1,0,,0,0,3,0,11,0,,,,,0,0,0,3,1,0,,,,96,,,,,,0,,,,,,98541,53,72,210,6,1,0,0,0,1,,0,,,,,,0,04/15/2020,04/15/2020,20,0,0,0,8,3,8,,,0,,,8,8,8,95,,,96,,,2,95,997,,,,,,,,,,,,,,,,,,,,,,,,,,,,,,0,0,0,0,0,0,0,0,0,0,0,0,0,0,0,0,0,0,0,0,0,0,0,0,0,0,0,0,0,1,0,0,1,0,0,,0,0,0,0,0,0,0,0,0,0,0,0,0,0,0,0,,,,,,61-65,56-65,US highway,R,Tuesday,Belt Used,PV,Not Fatal,0,0,0,0,State Route,State Patrol,Washington State Patrol,0,1,0,0,0,,,,,,0,0,0,,,,,,,,,,,98,98,98,0,,,,,20,7,,,,,,,,1,0,,,,,,
2018,372,E850067,5,09/24/2018,20:32,24,9,0,41,Lewis,0,1,0,3,1,2,1,1,1,1,,,,8,1,0,80.4,1,0,1,3,1,1,3,0,0,0,0,SR-12,,-122.6041111,46.52879444,0,1,13,80,5,55,34,0,0,1,5,8,1,1,2,1,1,1,1,41,0,12,471,2006,0,0,8,,,,,,1,1,61,2,0,0,0,0,3,0,11,0,,,,,0,0,3,3,1,0,0,0,0,96,,,,,,99,,,,,,98546,53,65,150,6,1,0,0,0,0,,97,,,,,,0,,,20,0,0,0,8,9,8,,,0,0,0,8,1,8,95,,,96,,,8,95,995,,,,,,,,,,,,,,,,,,,,,,,,,,,,,,0,0,0,0,1,0,0,0,0,0,0,0,0,0,0,0,0,0,0,0,0,0,0,0,0,0,0,0,0,1,0,1,0,0,0,,0,0,0,0,0,0,0,0,0,0,0,0,0,0,0,1,,,,,,61-65,56-65,State route,R,Monday,Belt Used,PV,Not Fatal,0,0,0,0,State Route,State Patrol,Washington State Patrol,0,1,0,0,0,,,,,,0,0,0,,,,,,,,,,,,,,,,,,,,,,,,,,,,,,,,,,,
2018,433,E865455,67,11/19/2018,16:34,19,11,0,35,Kitsap,180,1,0,1,1,2,1,0,3,3,,,,12,0,2,33.5,1,0,1,3,2,1,3,0,0,0,0,SR-3,,-122.7198778,47.52378889,0,3,98,98,7,50,5,0,0,1,5,54,2,1,2,1,14,1,1,53,0,49,46,2013,0,0,54,,,,,,1,1,45,1,0,0,0,0,3,0,11,0,,,,,0,0,0,3,1,0,0,0,0,96,,,,,,0,,,,,,98546,53,78,205,6,1,0,0,0,1,,0,,,,,,0,05/15/2014,05/15/2014,20,0,0,0,8,9,8,,,0,0,0,8,0,8,95,,,96,,,8,95,995,,,,,,,,,,,,,,,,,,,,,,,,,,,,,,0,0,0,0,0,0,1,1,1,0,0,0,0,0,0,0,1,0,0,1,0,0,0,0,0,1,1,1,0,1,0,0,0,0,0,,0,0,0,0,0,0,0,0,0,0,0,0,0,0,0,0,,,,,,41-45,36-45,State route,U,Monday,Belt Used,PV,Not Fatal,0,1,1,0,State Route,Municipal/City Police,Bremerton Police Department,0,1,0,0,0,,,,,,0,0,0,,,,,,,,,,,,,,,,,,,,,,,,,,,,,,,,,,,
2019,429,E990421,8,11/24/2019,3:44,24,11,,45,Mason,0,1,0,2,2,2,1,1,1,1,,,,8,0,0,352.2,1,0,1,3,1,1,2,0,0,0,0,US-101,,-123.1007083,47.12356111,0,1,13,80,5,60,34,0,0,1,5,8,1,1,2,3,1,1,1,53,0,49,482,2012,0,0,8,,,,,,1,1,49,1,0,,0,0,3,0,11,0,,,,,0,0,0,3,1,0,0,0,0,96,,,,,,0,,,,,,98546,53,69,198,6,1,0,2,0,0,,0,,,,,,0,12/15/2015,12/15/2015,20,0,0,0,8,9,8,,,0,0,0,8,0,8,95,,,96,,,8,95,995,,,,,,,,,,,,,,,,,,,,,,,,,,,,,,0,0,0,0,0,0,0,0,0,1,1,1,0,0,0,0,0,0,0,0,0,0,0,0,0,0,0,0,0,1,0,1,0,0,0,,0,0,0,0,0,0,0,0,0,0,0,0,0,0,0,0,,,,,,46-50,46-55,US highway,R,Sunday,Belt Used,PV,Not Fatal,0,0,0,0,State Route,State Patrol,Washington State Patrol,0,1,0,0,0,,,,,,0,0,0,,,,,,,,,,,98,98,98,0,,,,,20,7,,,,,,,,,,,,,,,