year,case,par,repjur,crash_dt,crash_tm,accday,accmon,holiday,county,co_char,city,weather,weather2,lightcond,surfcond,surftype,numfatal,nmforms,pforms,vforms,not_tm,arr_tm,hosp_tm,fhevent,hitrun,manncol,milepnt,reljunc,reljuncinter,intersectiontype,funcsystem,landuse,ownership,route,schlbus,spejur,contdev,devfunc,trafid1,trafid2,x,y,wk_zone,vnumber,crashtype,criticalevent,criticaleventcat,spdlim,body,trailer,emerg,hazcargo,leave,mhevent,roadalgn,roadprof,traflane,trafflow,vehmanvr,numoccs,regowner,regstate,spuse,make,model,modelyr,vrf1,vrf2,seqevent1,seqevent2,seqevent3,seqevent4,seqevent5,seqevent6,pnumber,ptype,age,sex,hispanic,race,injury,diedscene,restraint,restraintmisuse,seatpos,takehosp,death_dt,death_tm,cert,cernum_wa,commlic,licendor,licrestrict,liccomp,drivpres,drf1,drf2,drf3,drf4,distract1,distract2,distract3,distract4,distract5,distract6,dricond1,dricond2,dricond3,dricond4,dricond5,dricond6,dzip,licstate,drhgt_in,weight,noncdl,noncdltype,prevdwi,prevoth,prevacc,prevspd,prevsus,driviol1,driviol2,driviol3,driviol4,driviol5,driviol6,spdrel,first_dt,last_dt,airbag,ejection,ejectpath,extricat,injurwrk,methalc,methdrug,nmlocat,strikveh,prf1,prf2,prf3,druginv,alcinvol,drugsts,drugres1,drugres2,drugres3,drugtst1,drugtst2,drugtst3,alcsts,alctst,alcres,nmact1,nmact2,nmact3,nmact4,nmact5,nmact6,nmprior1,nmprior2,nmprior3,nmprior4,nmprior5,nmprior6,nmcond1,nmcond2,nmcond3,nmcond4,nmcond5,nmcond6,nmsafe_helmet,nmsafe_pads,nmsafe_oth,nmprev_ref,nmprev_lgt,nmprev_oth,crashlocation,nmcrashtype,crosswalk,schoolzone,sidewalk,train_inv,wildlife_inv,rotr_fars,intersect_fars,dd_inv,aid_inv,dpd_inv,id_inv,mj_inv,impnm_inv,ainm_inv,dpnm_inv,speed_inv,unlic_inv,unendmc_inv,drowsy_inv,drdist_inv,nmdist_inv,fty_inv,unrestfat_inv,dr1617_inv,dr1820_inv,dr1620_inv,dr2125_inv,dr1625_inv,dr65_inv,dr70_inv,dr75_inv,mc_inv,pv_inv,ht_inv,ped_inv,bike_inv,unrest_fat,mc_fat,unhelmet_mc,pv_fat,ht_fat,ped_fat,bike_fat,dr_alc7,dr_alc8,dr_drug,dr_imp,dr_dist,dr_spd,dr_fty,dr_unlic,dr_alc7only,dr_alc8only,dr_drugonly,dr_drink,nm_imp,nm_alc7,nm_alc8,nm_drug,nm_dist,agegrp1,agegrp2,roadclass,urbrur,dayweek,restuse,vehtype,race_me,intersect,lanedep,oppdir,wrongway,rep_typ,investag,repag_long,rotr,st_rd,cty_rd,city_rd,oth_rd,drug_thc,thc_res,drug_cthc,cthc_res,drug_cann,prevpersemin,prevperse,prevsusoth,drugtst4,drugtst5,drugtst6,drugtst7,drugtst8,drugres4,drugres5,drugres6,drugres7,drugres8,adspresent,adsengaged,adslevel,race1,race2,race3,race4,race5,helmet,helmetmisuse,nmdistract1,nmdistract2,nmdistract3,nmdistract4,nmdistract5,nmdistract6,lab,isedtcase,crf1,crf2,crf3,CoRoadName,CoMP,IntCoRoadName,IntCoMP
2020,200,EA43049,31,06/23/2020,18:24,23,6,,45,Mason,0,1,,1,1,2,1,0,1,1,18:26,18:34,,1,0,0,3.9,1,0,1,5,1,2,4,0,0,0,0,CR-E GRAPEVIEW LOOP RD,,-122.8434917,47.325,0,1,7,13,2,35,34,0,0,1,5,1,3,1,2,1,14,1,1,53,0,20,481,2007,0,,63,69,68,64,1,38,1,1,50,1,7,,4,7,20,7,11,0,06/23/2020,18:24,53029223,29223,0,0,0,0,1,58,,,,96,,,,,,98,,,,,,98546,53,68,200,0,0,0,0,1,0,,0,,,,,,3,10/15/2016,10/15/2016,20,1,9,0,0,9,8,,,0,,,8,8,2,189,695,605,1,1,1,2,1,0.662,,,,,,,,,,,,,,,,,,,,,,,,,,,,,,0,0,0,0,1,1,1,1,1,0,0,0,1,1,0,0,0,0,0,1,0,0,0,0,0,0,0,0,0,1,0,0,0,1,0,,1,0,0,0,0,1,1,1,0,1,0,1,0,0,0,1,,,,,,46-50,46-55,County road,R,Tuesday,Not Used,PV,White,0,1,0,0,County Road,County Sheriff,Mason County Sheriff's Office,1,0,1,0,0,thc,0.8,carboxy-thc,7.9,,0,0,0,,,,,,,,,,,98,98,98,1,,,,,20,7,,,,,,,nms,1,0,,,GRAPEVIEW LOOP RD,3.879,,
2020,368,EA65688,31,09/20/2020,13:30,20,9,,45,Mason,0,1,,1,1,7,1,0,2,1,13:34,13:42,14:04,35,0,0,4.3,1,0,1,5,1,2,4,0,0,0,0,CR-E MASON LAKE RD,,-123.0205194,47.29555556,0,1,6,13,2,45,2,0,0,1,2,35,3,1,2,1,14,2,1,53,0,12,3,1997,0,,63,69,68,64,35,1,1,1,31,1,7,,4,7,3,0,11,0,09/20/2020,13:30,53044086,44086,0,0,0,3,1,58,,,,96,,,,,,98,,,,,,98546,53,73,175,6,1,1,1,0,0,,0,,,,,,3,08/15/2018,08/15/2018,99,0,0,0,0,9,8,,,0,,,8,8,2,695,,,1,,,2,1,0.138,,,,,,,,,,,,,,,,,,,,,,,,,,,,,,0,0,1,0,1,1,1,1,1,0,0,0,1,0,0,0,0,0,0,0,0,0,0,0,0,0,0,0,0,1,0,0,0,0,0,,1,0,0,0,0,1,1,1,0,1,0,0,0,0,0,1,,,,,,31-35,26-35,County road,R,Sunday,Belt Used,PV,White,0,1,0,0,County Road,County Sheriff,Mason County Sheriff's Office,1,0,1,0,0,,,carboxy-thc,5.5,,0,1,1,,,,,,,,,,,0,0,0,1,,,,,20,7,,,,,,,nms,1,0,,,MASON LAKE RD,4.32,,
2017,250,E690033,8,07/05/2017,16:43,5,7,0,27,Grays Harbor,0,1,0,1,1,2,1,0,3,3,,,,12,0,6,16.4,2,0,2,3,2,1,2,0,0,20,3,US-12,FOURTH ST,-123.4816333,46.99955556,0,3,98,62,4,35,34,0,0,1,5,12,1,1,3,1,5,1,1,53,0,7,482,2006,0,0,12,,,,,,1,1,67,1,0,0,0,0,3,0,11,0,,,,,0,0,0,3,1,0,0,0,0,0,,,,,,0,,,,,,98547,53,73,230,6,1,0,1,0,0,0,0,,,,,,0,05/15/2015,05/15/2015,20,0,0,0,8,9,8,,,0,0,0,8,0,0,0,0,0,0,0,0,0,0,996,,,,,,,,,,,,,,,,,,,,,,,,,,,,,,0,0,0,1,0,0,0,0,0,0,0,0,0,0,0,0,0,0,0,0,0,0,0,0,0,1,1,1,0,1,0,0,0,0,0,,0,0,0,0,0,0,0,0,0,0,0,0,0,0,0,0,,,,,,66-70,66-75,US highway,U,Wednesday,Belt Used,PV,Not Fatal,1,0,0,0,State Route,State Patrol,Washington State Patrol Headquarter,0,1,0,0,0,,,,,,,,,,,,,,,,,,,,,,,,,,,,,,,,,,,,,,,,,,,
2019,369,E972093,7,10/11/2019,13:59,11,10,,33,King,1030,1,0,1,1,2,1,0,4,3,,,,25,0,0,25.6,1,0,1,3,2,1,3,0,0,0,0,SR-167,,-122.2183389,47.43904167,0,1,98,10,2,60,80,0,0,1,5,12,1,1,4,3,15,1,1,53,0,72,706,2003,0,0,12,1,12,,,,1,1,59,1,7,,4,7,20,7,11,0,10/11/2019,13:59,1.03053E+11,45339,0,0,0,3,1,38,0,0,0,96,,,,,,99,,,,,,98547,53,71,217,6,1,0,0,0,0,,0,,,,,,0,,,20,8,0,0,0,9,8,,,0,0,0,8,0,2,177,189,605,1,1,1,2,1,0,,,,,,,,,,,,,,,,,,,,,,,,,,,,,,0,0,1,0,0,0,1,1,1,0,0,0,0,0,0,0,0,0,1,0,0,0,0,0,0,0,0,0,1,1,0,0,0,0,1,0,0,0,0,0,0,0,1,1,0,0,1,0,0,0,1,0,,,,,,56-60,56-65,State route,U,Friday,,MC,White,0,1,0,0,State Route,State Patrol,Washington State Patrol,1,1,0,0,0,thc,7.4,,,,0,0,0,,,,,,,,,,,0,0,0,1,,,,,5,0,,,,,,,nms,,,,,,,,
2017,72,E644231,47,02/17/2017,18:35,17,2,3,27,Grays Harbor,10,1,0,3,1,2,1,1,1,1,,,,8,0,0,0,3,0,4,7,2,4,6,0,0,3,3,H ST S,MARKET ST,-123.8163611,46.97621667,0,1,13,80,5,25,34,0,0,1,5,8,1,1,2,1,11,1,1,53,0,7,472,2000,0,0,8,,,,,,1,1,60,1,0,0,0,0,3,0,11,0,,,,,0,0,3,3,1,0,0,0,0,0,,,,,,0,,,,,,98550,53,73,245,6,1,0,0,0,0,0,0,,,,,,0,,,20,0,0,0,8,9,8,,,0,0,0,8,0,0,0,0,0,0,0,0,0,0,996,,,,,,,,,,,,,,,,,,,,,,,,,,,,,,0,0,0,1,0,0,0,0,0,0,0,0,0,0,0,0,0,0,0,0,0,0,0,0,0,0,0,0,0,0,0,1,0,0,0,,0,0,0,0,0,0,0,0,0,0,0,0,0,0,0,0,,,,,,56-60,56-65,City street,U,Friday,Belt Used,PV,Not Fatal,1,0,0,0,City Street,Municipal/City Police,Aberdeen Police Department,0,0,0,1,0,,,,,,,,,,,,,,,,,,,,,,,,,,,,,,,,,,,,,,,,,,,
2017,250,E690033,8,07/05/2017,16:43,5,7,0,27,Grays Harbor,0,1,0,1,1,2,1,0,3,3,,,,12,0,6,16.4,2,0,2,3,2,1,2,0,0,0,0,US-12,FOURTH ST,-123.4816333,46.99955556,0,2,86,66,4,60,34,0,0,1,2,12,1,1,2,3,1,1,1,53,0,12,471,2002,0,0,12,,,,,,1,1,51,1,0,0,1,0,3,0,11,5,,,,,0,0,3,3,1,0,0,0,0,0,,,,,,0,,,,,,98550,53,73,235,6,1,0,0,0,0,0,0,,,,,,0,,,20,0,0,0,8,9,8,,,0,0,0,8,0,0,0,0,0,0,0,0,0,0,996,,,,,,,,,,,,,,,,,,,,,,,,,,,,,,0,0,0,1,0,0,0,0,0,0,0,0,0,0,0,0,0,0,0,0,0,0,0,0,0,1,1,1,0,1,0,0,0,0,0,,0,0,0,0,0,0,0,0,0,0,0,0,0,0,0,0,,,,,,51-55,46-55,US highway,U,Wednesday,Belt Used,PV,Not Fatal,1,0,0,0,State Route,State Patrol,Washington State Patrol Headquarter,0,1,0,0,0,,,,,,,,,,,,,,,,,,,,,,,,,,,,,,,,,,,,,,,,,,,
2018,155,E803559,150,05/31/2018,1:50,31,5,0,27,Grays Harbor,930,1,0,3,1,2,1,0,1,1,,,,38,0,0,0,3,0,10,4,2,4,6,0,0,0,0,BAY AVE,22ND ST,-123.8727222,46.972575,0,1,14,14,2,30,4,0,0,1,7,38,1,1,2,1,1,1,2,53,0,20,2,2004,0,0,71,38,,,,,1,1,45,1,7,1,4,7,3,0,11,0,05/31/2018,1:50,93053024412,24412,0,0,3,3,1,0,0,0,0,92,,,,,,99,,,,,,98550,53,65,190,6,1,0,4,5,8,,0,,,,,,0,12/15/2013,04/15/2018,1,0,0,0,0,9,8,,,0,0,0,8,9,2,401,417,,1,1,,2,1,0,,,,,,,,,,,,,,,,,,,,,,,,,,,,,,0,0,0,1,0,0,1,1,0,0,0,0,0,0,0,0,1,0,0,0,0,0,0,0,0,0,0,0,0,1,0,0,0,0,0,,1,0,0,0,0,0,1,1,1,0,0,0,0,0,1,0,,,,,,41-45,36-45,City street,U,Thursday,Belt Used,PV,White,0,1,0,0,City Street,Municipal/City Police,Hoquiam Police Department,1,0,0,1,0,,,,,,0,0,3,,,,,,,,,,,,,,,,,,,,,,,,,,,,,,,,,,,
2019,27,E887107,8,01/18/2019,10:10,18,1,,49,Pacific,0,2,0,1,2,1,1,0,2,2,,,,12,0,1,62,1,0,1,3,1,1,2,0,0,0,0,US-101,,-123.7440111,46.727825,0,2,24,51,3,55,6,0,0,1,2,12,2,2,2,1,14,1,1,53,0,35,51,2015,0,0,12,,,,,,1,1,64,2,7,,4,7,3,0,11,0,01/18/2019,10:10,53003052,3052,0,0,3,3,1,0,0,0,0,96,,,,,,99,,,,,,98550,53,64,210,6,1,0,0,0,1,,0,,,,,,0,06/15/2018,06/15/2018,8,9,0,0,0,9,8,,,0,0,0,8,9,2,1,,,1,,,2,1,0,,,,,,,,,,,,,,,,,,,,,,,,,,,,,,0,0,0,0,0,0,0,0,0,0,0,0,0,0,0,0,0,0,0,0,0,0,0,0,0,0,0,0,0,1,1,0,0,0,0,,1,0,0,0,0,0,0,0,0,0,0,0,0,0,0,0,,,,,,61-65,56-65,US highway,R,Friday,Belt Used,PV,White,0,1,1,0,State Route,State Patrol,WASHINGTON STATE PATROL,0,1,0,0,0,,,,,,0,0,0,,,,,,,,,,,98,98,98,1,,,,,20,7,,,,,,,,,,,,,,,
2020,21,EA08257,47,01/14/2020,7:33,14,1,,27,Grays Harbor,10,1,,3,1,2,1,1,1,1,7:35,7:39,7:56,8,1,0,0,3,0,2,5,2,4,6,0,0,20,3,E 1ST ST,N G St,-123.8161556,46.97769444,0,1,13,80,5,35,34,0,0,1,5,8,1,1,2,1,10,1,2,53,0,12,481,1993,0,,8,,,,,,1,1,22,1,0,,0,0,99,7,11,0,,,,,0,0,0,2,1,0,,,,92,,,,,,98,,,,,,98550,53,69,140,1,1,0,1,0,3,,97,,,,,,0,02/15/2015,03/15/2019,20,0,0,0,8,9,8,,,0,,,8,8,8,95,,,96,,,8,95,995,,,,,,,,,,,,,,,,,,,,,,,,,,,,,,0,0,0,1,0,0,0,0,0,1,0,1,0,1,0,0,1,0,0,0,0,0,0,1,1,0,0,0,0,1,0,1,0,0,0,,0,0,0,0,0,0,0,0,1,0,0,1,0,0,0,0,,,,,,21-25,16-25,City street,U,Tuesday,Unknown,PV,Not Fatal,1,0,0,0,City Street,Municipal/City Police,Aberdeen Police Department,0,0,0,1,0,,,,,,0,0,7,,,,,,,,,,,0,0,0,0,,,,,20,7,,,,,,,,1,0,,,,,,
2021,137,EB31641,150,05/18/2021,12:05,18,5,,27,Grays Harbor,930,1,,1,1,2,1,0,3,3,,,,12,0,2,87.5,2,0,2,3,2,1,2,0,0,0,0,US-101,CHENAULT AVE,-123.8856722,46.98368333,0,1,83,17,2,30,80,0,0,1,2,12,1,1,2,1,1,2,2,53,0,53,706,2004,0,,12,68,64,14,,,1,1,30,1,7,,4,0,20,7,11,4,05/18/2021,13:10,1053025056,25056,0,0,3,2,1,8,,,,96,,,,,,98,,,,,,98550,53,71,195,1,1,0,1,0,0,,0,,,,,,3,01/15/2018,08/15/2019,20,8,0,0,0,9,8,,,0,,,8,8,2,128,157,401,1,1,1,2,1,0,,,,,,,,,,,,,,,,,,,,,,,,,,,,,,0,0,0,1,0,0,1,1,0,0,0,0,1,1,1,0,0,0,0,0,0,0,0,0,0,1,1,0,1,1,0,0,0,0,1,0,0,0,0,0,0,0,1,1,0,1,0,1,0,0,1,0,,,,,,26-30,26-35,US highway,U,Tuesday,,MC,White,1,0,0,0,State Route,Municipal/City Police,Hoquiam Police Department,0,1,0,0,0,,,,,,0,0,1,1,1,,,,417,177,,,,0,0,0,1,,,,,5,,,,,,,,,1,0,,,,,,
2021,137,EB31641,150,05/18/2021,12:05,18,5,,27,Grays Harbor,930,1,,1,1,2,1,0,3,3,,,,12,0,2,87.5,2,0,2,3,2,1,2,0,0,20,3,US-101,CHENAULT AVE,-123.8856722,46.98368333,0,2,82,66,4,30,4,0,0,1,2,12,1,1,2,1,11,1,2,53,0,18,2,2002,0,,12,,,,,,1,1,72,2,0,,0,0,3,0,11,0,,,,,0,0,3,3,1,0,,,,96,,,,,,98,,,,,,98550,53,62,180,6,1,0,0,0,0,,0,,,,,,0,,,20,0,0,0,8,9,8,,,0,,,8,8,8,95,,,96,,,8,95,995,,,,,,,,,,,,,,,,,,,,,,,,,,,,,,0,0,0,1,0,0,1,1,0,0,0,0,1,1,1,0,0,0,0,0,0,0,0,0,0,1,1,0,1,1,0,0,0,0,0,,0,0,0,0,0,0,0,0,0,0,0,0,0,0,0,0,,,,,,71-75,66-75,US highway,U,Tuesday,Belt Used,PV,Not Fatal,1,0,0,0,State Route,Municipal/City Police,Hoquiam Police Department,0,1,0,0,0,,,,,,0,0,0,,,,,,,,,,,98,98,98,0,,,,,20,,,,,,,,,1,0,,,,,,
2021,387,EB74003,8,10/02/2021,0:48,2,10,,27,Grays Harbor,0,5,,2,1,2,1,1,1,2,,,,8,0,0,14.9,1,0,1,2,2,1,2,0,0,0,0,US-12,,-123.51165,46.99410278,0,1,13,80,5,60,3,0,0,1,2,8,1,1,2,3,1,1,1,53,0,56,31,1987,0,,8,63,14,,,,1,1,32,1,0,,0,0,3,0,11,0,,,,,0,0,0,3,1,0,,,,96,,,,,,9,,,,,,98550,53,72,180,6,1,0,1,0,1,,1,,,,,,0,09/15/2018,09/15/2019,20,0,0,0,8,9,2,,,0,,,8,1,2,695,605,,1,1,,2,1,0.18,,,,,,,,,,,,,,,,,,,,,,,,,,,,,,0,0,0,0,1,1,1,1,1,1,0,1,0,0,0,0,0,0,0,0,0,0,0,0,0,0,0,0,0,1,0,1,0,0,0,,0,0,0,0,0,1,1,1,0,0,0,0,0,0,0,1,,,,,,31-35,26-35,US highway,U,Saturday,Belt Used,PV,Not Fatal,0,0,0,0,State Route,State Patrol,Washington State Patrol,0,1,0,0,0,thc,6.1,carboxy-thc,50,,0,0,0,,,,,,,,,,,0,0,0,0,,,,,20,,,,,,,,,1,23,,,,,,
2018,350,E845611,8,09/24/2018,14:55,24,9,0,27,Grays Harbor,0,1,0,1,1,2,1,0,2,2,,,,12,0,6,2.9,2,0,3,3,2,1,3,0,0,0,0,SR-12,ABERDEEN LAKE RD,-123.7543417,46.978475,0,2,83,67,4,50,34,1,0,1,5,12,1,1,4,1,1,1,1,53,0,12,481,1993,0,0,12,,,,,,1,1,57,1,0,0,1,0,3,0,11,8,,,,,0,0,0,3,1,0,0,0,0,96,,,,,,0,,,,,,98552,53,74,250,6,1,0,2,0,0,,0,,,,,,0,07/15/2016,07/15/2016,20,0,0,0,8,9,8,,,0,0,0,8,0,8,95,,,96,,,8,95,995,,,,,,,,,,,,,,,,,,,,,,,,,,,,,,0,0,0,1,0,0,1,1,0,0,0,0,0,0,0,0,0,0,1,0,0,0,0,0,0,1,1,1,0,1,0,0,0,0,0,,0,0,0,0,0,0,0,0,0,0,0,0,0,0,0,0,,,,,,56-60,56-65,State route,U,Monday,Belt Used,PV,Not Fatal,1,0,0,0,State Route,State Patrol,Washington State Patrol,0,1,0,0,0,,,,,,0,0,0,,,,,,,,,,,,,,,,,,,,,,,,,,,,,,,,,,,
2019,449,E996124,8,12/17/2019,19:06,17,12,,27,Grays Harbor,0,10,0,2,2,2,1,0,1,1,,,,35,0,0,110.4,1,0,1,3,1,1,2,0,0,0,0,US-101,,-123.9313722,47.24352778,0,1,1,13,2,60,4,0,0,1,7,35,1,1,2,1,1,1,1,53,0,30,40,2012,0,0,63,67,35,,,,1,1,29,2,7,,4,7,3,0,11,0,12/17/2019,19:06,53055727,55727,0,0,0,2,1,0,0,0,0,92,,,,,,9,,,,,,98552,53,61,125,1,1,0,1,1,0,,0,,,,,,0,10/15/2018,10/15/2019,1,0,0,0,0,1,8,,,0,0,0,8,1,2,996,996,996,1,1,1,2,1,0.388,,,,,,,,,,,,,,,,,,,,,,,,,,,,,,0,0,1,0,1,1,1,1,0,0,0,0,0,1,0,0,1,0,0,0,0,0,0,0,0,0,0,0,0,1,0,0,0,0,0,,1,0,0,0,0,1,1,1,1,0,0,1,0,0,0,1,,,,,,26-30,26-35,US highway,R,Tuesday,Belt Used,PV,White,0,1,0,0,State Route,State Patrol,Washington State Patrol,1,1,0,0,0,,,,,,0,0,1,1,1,,,,124,996,,,,98,98,98,1,,,,,20,7,,,,,,,,,,,,,,,
2018,101,E789909,4,04/14/2018,6:46,14,4,0,63,Spokane,0,10,0,1,1,2,1,0,5,2,6:45,7:04,8:00,12,0,6,263.1,2,0,2,3,1,1,2,0,0,0,0,US-2,WOOD RD,-117.7333806,47.64348056,0,2,86,66,4,60,34,0,0,1,2,12,8,8,3,1,1,1,1,53,0,12,481,2008,0,0,12,,,,,,1,1,37,1,0,0,2,0,20,0,11,0,,,,,0,0,3,3,1,0,0,0,0,96,,,,,,0,,,,,,98557,53,72,200,6,1,0,2,0,2,,0,,,,,,0,05/15/2013,07/15/2017,1,0,0,0,8,9,8,,,0,0,0,8,0,8,95,,,96,,,8,95,995,,,,,,,,,,,,,,,,,,,,,,,,,,,,,,0,0,0,1,0,0,0,0,0,0,0,0,0,0,0,0,0,0,1,0,1,0,1,0,1,0,0,0,0,1,0,0,0,0,0,,0,0,0,0,0,0,0,0,0,0,0,0,0,0,0,0,,,,,,36-40,36-45,US highway,R,Saturday,Not Used,PV,Not Fatal,1,0,0,0,State Route,State Patrol,Washington State Patrol Headquarter,0,1,0,0,0,,,,,,0,0,0,,,,,,,,,,,,,,,,,,,,,,,,,,,,,,,,,,,
2019,127,E916672,8,04/17/2019,14:49,17,4,,45,Mason,0,1,0,1,1,2,1,0,2,2,,,,12,0,2,3.7,1,0,1,3,2,1,3,0,0,0,0,SR-3,,-123.0829611,47.21666389,0,1,50,10,2,50,3,0,0,1,7,12,2,1,2,1,14,1,1,53,0,20,34,1995,0,0,68,12,,,,,1,1,42,1,0,,3,0,3,0,11,8,,,,,0,0,0,3,1,28,0,0,0,96,,,,,,2,,,,,,98557,53,72,200,6,1,0,0,0,0,,97,,,,,,0,,,8,0,0,0,8,9,8,,,0,0,0,8,0,2,695,605,177,1,1,1,2,1,0,,,,,,,,,,,,,,,,,,,,,,,,,,,,,,0,0,0,0,0,0,1,1,1,0,0,0,0,0,0,1,0,0,0,0,0,0,0,0,0,1,1,1,0,1,0,0,0,0,0,,0,0,0,0,0,0,1,1,0,0,0,0,0,0,1,0,,,,,,41-45,36-45,State route,U,Wednesday,Belt Used,PV,Not Fatal,0,1,1,0,State Route,State Patrol,Washington State Patrol,0,1,0,0,0,thc,25,carboxy-thc,130,,0,0,0,,,,,,,,,,,0,0,0,0,,,,,20,7,,,,,,,,,,,,,,,
2021,36,EB05893,8,02/07/2021,19:22,7,2,,27,Grays Harbor,0,10,,2,2,2,1,0,2,2,,,,12,0,2,1.5,1,0,1,5,1,2,8,0,3,0,0,MOCLIPS HWY,,-124.1961722,47.25812222,0,2,51,62,4,50,15,0,0,1,2,12,3,2,2,1,14,1,2,53,0,49,422,2016,0,,12,,,,,,1,1,40,1,0,,2,0,20,7,11,0,,,,,0,0,3,3,1,0,,,,96,,,,,,98,,,,,,98562,53,69,210,6,1,0,1,0,0,,0,,,,,,0,09/15/2017,09/15/2017,8,0,0,0,8,9,8,,,0,,,8,8,0,0,,,0,,,0,0,996,,,,,,,,,,,,,,,,,,,,,,,,,,,,,,0,0,0,0,1,1,1,1,1,0,0,0,0,0,0,0,0,0,0,1,0,0,0,0,0,1,1,0,0,1,0,0,0,0,0,,0,0,0,0,0,0,0,0,0,0,0,0,0,0,0,0,,,,,,36-40,36-45,Other,R,Sunday,Not Used,PV,Not Fatal,0,1,1,0,Other,State Patrol,Washington State Patrol,0,0,0,0,1,,,,,,0,0,0,,,,,,,,,,,98,98,98,0,,,,,20,,,,,,,,,1,0,,,,,,
2017,188,E678568,305,05/23/2017,23:57,23,5,0,11,Clark,2370,10,0,3,1,1,1,1,1,1,23:57,23:59,0:15,8,0,0,0,3,0,2,3,2,4,6,0,0,0,0,SE MILL PLAIN BLVD,SE PARK CREST BLVD,-122.5225639,45.61754444,0,1,13,80,5,40,4,0,0,1,2,8,1,1,8,1,1,1,2,53,0,49,32,1998,0,0,8,,,,,,1,1,25,2,0,0,0,0,3,0,11,0,,,,,0,0,3,3,1,0,0,0,0,0,,,,,,0,,,,,,98563,53,63,175,6,1,0,0,0,0,0,0,,,,,,0,,,20,0,0,0,8,9,8,,,0,0,0,8,0,0,0,0,0,0,0,0,0,0,996,,,,,,,,,,,,,,,,,,,,,,,,,,,,,,0,0,0,1,0,0,0,0,0,1,1,0,0,0,0,0,0,0,0,0,0,0,0,1,1,0,0,0,0,1,0,1,0,0,0,,0,0,0,0,0,0,0,0,0,0,0,0,0,0,0,0,,,,,,21-25,16-25,City street,U,Tuesday,Belt Used,PV,Not Fatal,1,0,0,0,City Street,Municipal/City Police,Vancouver Police Department,0,0,0,1,0,,,,,,,,,,,,,,,,,,,,,,,,,,,,,,,,,,,,,,,,,,,
2017,325,E704729,6,08/24/2017,10:40,24,8,0,37,Kittitas,0,5,0,1,1,2,1,0,7,4,,,,12,0,1,123.3,1,0,1,1,1,1,1,0,0,0,0,I-90,,-120.2225722,46.94285556,0,4,98,52,3,70,14,0,0,1,5,12,1,2,2,3,1,1,1,53,0,20,403,2006,0,0,12,,,,,,1,1,21,1,0,0,0,0,3,0,11,0,,,,,0,0,0,3,1,0,0,0,0,0,,,,,,0,,,,,,98563,53,72,185,6,1,0,0,0,1,0,0,,,,,,0,07/15/2015,07/15/2015,20,0,0,0,8,9,2,,,0,0,0,0,0,0,0,0,0,0,0,0,0,0,996,,,,,,,,,,,,,,,,,,,,,,,,,,,,,,0,0,0,0,0,0,0,0,0,0,0,0,0,0,0,0,0,0,0,0,0,0,0,1,1,0,0,0,0,1,1,0,0,0,0,,0,0,0,0,0,0,0,0,0,0,0,0,0,0,0,0,,,,,,21-25,16-25,Interstate,R,Thursday,Belt Used,PV,Not Fatal,0,0,0,0,State Route,State Patrol,Washington State Patrol Headquarter,0,1,0,0,0,,,,,,,,,,,,,,,,,,,,,,,,,,,,,,,,,,,,,,,,,,,
2018,51,E773917,8,02/19/2018,7:50,19,2,3,45,Mason,0,10,0,1,8,2,1,0,1,1,,,,42,0,0,7.6,1,0,1,4,1,1,3,0,0,0,0,SR-108,,-123.1670194,47.10001389,0,1,6,12,2,50,3,0,0,1,7,42,2,1,2,1,14,1,1,53,0,49,34,1988,0,0,68,64,42,,,,1,1,57,1,7,1,4,7,3,0,11,0,02/19/2018,7:50,53008476,8476,0,0,0,3,1,0,0,0,0,96,,,,,,0,,,,,,98563,53,66,140,6,1,0,0,0,0,,0,,,,,,4,,,20,0,0,0,0,9,8,,,0,0,0,8,0,2,1,,,1,,,2,1,0,,,,,,,,,,,,,,,,,,,,,,,,,,,,,,0,0,1,0,0,0,0,0,0,0,0,0,1,0,0,0,0,0,0,0,0,0,0,0,0,0,0,0,0,1,0,0,0,0,0,,1,0,0,0,0,0,0,0,0,1,0,0,0,0,0,0,,,,,,56-60,56-65,State route,R,Monday,Belt Used,PV,White,0,1,0,0,State Route,State Patrol,Washington State Patrol Headquarter,1,1,0,0,0,,,,,,0,0,0,,,,,,,,,,,,,,,,,,,,,,,,,,,,,,,,,,,
2018,67,E777589,8,03/04/2018,2:44,4,3,0,27,Grays Harbor,0,5,0,2,8,1,2,0,5,2,,,,12,0,6,8.9,1,0,1,3,1,1,2,0,0,0,0,US-12,,-123.6290028,46.97656389,0,1,98,21,2,60,63,0,0,1,5,12,1,1,4,1,12,1,3,53,0,84,881,2008,0,0,12,,,,,,1,1,50,1,0,0,0,0,3,0,11,0,,,,,6,0,1,3,1,48,0,0,0,96,,,,,,0,,,,,,98563,53,70,180,6,1,0,0,0,0,,97,,,,,,0,,,20,0,0,0,8,9,8,,,0,0,0,8,0,2,1,,,1,,,2,1,0,,,,,,,,,,,,,,,,,,,,,,,,,,,,,,0,0,0,0,0,0,1,1,0,0,0,0,0,1,0,0,0,0,0,1,0,0,0,0,0,0,0,0,0,1,1,0,0,0,0,,0,0,0,0,0,0,0,0,0,0,0,0,0,0,0,0,,,,,,46-50,46-55,US highway,R,Sunday,,MHTRUCK,Not Fatal,0,0,0,0,State Route,State Patrol,Washington State Patrol Headquarter,0,1,0,0,0,,,,,,0,0,0,,,,,,,,,,,,,,,,,,,,,,,,,,,,,,,,,,,