year,case,par,repjur,crash_dt,crash_tm,accday,accmon,holiday,county,co_char,city,weather,weather2,lightcond,surfcond,surftype,numfatal,nmforms,pforms,vforms,not_tm,arr_tm,hosp_tm,fhevent,hitrun,manncol,milepnt,reljunc,reljuncinter,intersectiontype,funcsystem,landuse,ownership,route,schlbus,spejur,contdev,devfunc,trafid1,trafid2,x,y,wk_zone,vnumber,crashtype,criticalevent,criticaleventcat,spdlim,body,trailer,emerg,hazcargo,leave,mhevent,roadalgn,roadprof,traflane,trafflow,vehmanvr,numoccs,regowner,regstate,spuse,make,model,modelyr,vrf1,vrf2,seqevent1,seqevent2,seqevent3,seqevent4,seqevent5,seqevent6,pnumber,ptype,age,sex,hispanic,race,injury,diedscene,restraint,restraintmisuse,seatpos,takehosp,death_dt,death_tm,cert,cernum_wa,commlic,licendor,licrestrict,liccomp,drivpres,drf1,drf2,drf3,drf4,distract1,distract2,distract3,distract4,distract5,distract6,dricond1,dricond2,dricond3,dricond4,dricond5,dricond6,dzip,licstate,drhgt_in,weight,noncdl,noncdltype,prevdwi,prevoth,prevacc,prevspd,prevsus,driviol1,driviol2,driviol3,driviol4,driviol5,driviol6,spdrel,first_dt,last_dt,airbag,ejection,ejectpath,extricat,injurwrk,methalc,methdrug,nmlocat,strikveh,prf1,prf2,prf3,druginv,alcinvol,drugsts,drugres1,drugres2,drugres3,drugtst1,drugtst2,drugtst3,alcsts,alctst,alcres,nmact1,nmact2,nmact3,nmact4,nmact5,nmact6,nmprior1,nmprior2,nmprior3,nmprior4,nmprior5,nmprior6,nmcond1,nmcond2,nmcond3,nmcond4,nmcond5,nmcond6,nmsafe_helmet,nmsafe_pads,nmsafe_oth,nmprev_ref,nmprev_lgt,nmprev_oth,crashlocation,nmcrashtype,crosswalk,schoolzone,sidewalk,train_inv,wildlife_inv,rotr_fars,intersect_fars,dd_inv,aid_inv,dpd_inv,id_inv,mj_inv,impnm_inv,ainm_inv,dpnm_inv,speed_inv,unlic_inv,unendmc_inv,drowsy_inv,drdist_inv,nmdist_inv,fty_inv,unrestfat_inv,dr1617_inv,dr1820_inv,dr1620_inv,dr2125_inv,dr1625_inv,dr65_inv,dr70_inv,dr75_inv,mc_inv,pv_inv,ht_inv,ped_inv,bike_inv,unrest_fat,mc_fat,unhelmet_mc,pv_fat,ht_fat,ped_fat,bike_fat,dr_alc7,dr_alc8,dr_drug,dr_imp,dr_dist,dr_spd,dr_fty,dr_unlic,dr_alc7only,dr_alc8only,dr_drugonly,dr_drink,nm_imp,nm_alc7,nm_alc8,nm_drug,nm_dist,agegrp1,agegrp2,roadclass,urbrur,dayweek,restuse,vehtype,race_me,intersect,lanedep,oppdir,wrongway,rep_typ,investag,repag_long,rotr,st_rd,cty_rd,city_rd,oth_rd,drug_thc,thc_res,drug_cthc,cthc_res,drug_cann,prevpersemin,prevperse,prevsusoth,drugtst4,drugtst5,drugtst6,drugtst7,drugtst8,drugres4,drugres5,drugres6,drugres7,drugres8,adspresent,adsengaged,adslevel,race1,race2,race3,race4,race5,helmet,helmetmisuse,nmdistract1,nmdistract2,nmdistract3,nmdistract4,nmdistract5,nmdistract6,lab,isedtcase,crf1,crf2,crf3,CoRoadName,CoMP,IntCoRoadName,IntCoMP
2018,350,E845611,8,09/24/2018,14:55,24,9,0,27,Grays Harbor,0,1,0,1,1,2,1,0,2,2,,,,12,0,6,2.9,2,0,3,3,2,1,3,0,0,20,3,SR-12,ABERDEEN LAKE RD,-123.7543417,46.978475,0,1,82,11,2,50,6,0,0,1,7,12,4,1,2,1,11,1,1,53,0,48,34,2002,0,0,12,,,,,,1,1,87,2,7,1,4,7,3,0,11,0,09/24/2018,14:55,53041777,41777,0,0,0,3,1,38,0,0,0,96,,,,,,99,,,,,,98563,53,69,145,6,1,0,0,0,0,,0,,,,,,0,,,20,0,0,0,0,9,8,,,0,0,0,8,9,2,996,,,1,,,2,1,0,,,,,,,,,,,,,,,,,,,,,,,,,,,,,,0,0,0,1,0,0,1,1,0,0,0,0,0,0,0,0,0,0,1,0,0,0,0,0,0,1,1,1,0,1,0,0,0,0,0,,1,0,0,0,0,0,1,1,0,0,1,0,0,0,1,0,,,,,,81+,76+,State route,U,Monday,Belt Used,PV,White,1,0,0,0,State Route,State Patrol,Washington State Patrol,0,1,0,0,0,,,,,,0,0,0,,,,,,,,,,,,,,,,,,,,,,,,,,,,,,,,,,,
2019,521,E964563,22,09/21/2019,18:14,21,9,,27,Grays Harbor,0,1,0,1,1,7,1,0,1,1,,,,30,0,0,9999.9,1,0,1,5,1,2,4,0,0,0,0,CR-MIDDLE SATSOP RD,,-123.5170417,47.04985278,0,1,1,13,2,40,34,0,0,1,5,30,1,1,2,1,1,1,1,53,0,20,481,1997,0,0,63,30,42,,,,1,1,74,1,7,,4,0,20,7,11,8,10/06/2019,4:27,1.96053E+11,44551,0,0,3,3,1,0,0,0,0,96,,,,,,0,,,,,,98563,53,65,180,6,1,0,0,1,0,,0,,,,,,0,06/15/2019,06/15/2019,8,0,0,0,0,9,8,,,0,0,0,8,0,2,996,,,1,,,2,1,0.19,,,,,,,,,,,,,,,,,,,,,,,,,,,,,,0,0,1,0,1,1,1,1,0,0,0,0,0,0,0,0,0,0,0,1,0,0,0,0,0,1,1,0,0,1,0,0,0,1,0,,1,0,0,0,0,1,1,1,0,0,0,0,0,0,0,1,,,,,,71-75,66-75,County road,R,Saturday,Not Used,PV,Multiracial,0,1,0,0,County Road,County Sheriff,Grays Harbor County Sheriff's Offic,1,0,1,0,0,,,,,,0,0,0,,,,,,,,,,,0,0,0,201,203,,,,20,7,,,,,,,,,,,,,,,
2020,567,EA87982,22,12/01/2020,15:29,1,12,,27,Grays Harbor,0,1,,5,1,2,1,0,2,2,15:29,15:33,16:17,12,0,6,9999.8,2,0,3,5,1,2,4,0,0,0,0,CR-MONTE ELMA RD,ROUP RD,-123.5646833,46.98420278,0,1,68,15,2,45,6,0,0,1,2,12,1,1,2,1,11,1,1,53,0,12,17,1997,0,,12,,,,,,1,1,88,2,0,,1,0,3,0,11,0,,,,,0,0,3,3,1,38,48,,,96,,,,,,98,,,,,,98563,53,66,205,6,1,0,0,0,0,,46,,,,,,0,,,1,0,0,0,8,9,8,,,0,,,8,8,0,0,,,0,,,0,0,996,,,,,,,,,,,,,,,,,,,,,,,,,,,,,,0,0,0,1,0,0,0,0,0,0,0,0,0,0,0,0,0,0,1,0,0,0,0,0,0,1,1,1,0,1,0,0,0,0,0,,0,0,0,0,0,0,0,0,0,0,1,0,0,0,0,0,,,,,,81+,76+,County road,R,Tuesday,Belt Used,PV,Not Fatal,1,0,0,0,County Road,County Sheriff,Grays Harbor County Sheriff's Offic,0,0,1,0,0,,,,,,0,0,0,,,,,,,,,,,0,0,0,0,,,,,20,7,,,,,,,,1,0,,,MONTE ELMA RD,2.733,ROUP RD,0
2020,567,EA87982,22,12/01/2020,15:29,1,12,,27,Grays Harbor,0,1,,5,1,2,1,0,2,2,15:29,15:33,16:17,12,0,6,9999.8,2,0,3,5,1,2,4,0,0,0,0,CR-MONTE ELMA RD,ROUP RD,-123.5646833,46.98420278,0,2,69,62,4,45,2,0,0,1,2,12,1,1,2,1,1,1,1,53,0,12,3,1998,0,,12,,,,,,1,1,92,2,7,,4,0,3,0,11,5,12/03/2020,12:39,2.23053E+11,58121,0,0,3,3,1,0,,,,96,,,,,,98,,,,,,98563,53,65,110,6,1,0,0,0,0,,0,,,,,,0,,,1,0,0,0,0,9,8,,,0,,,8,8,0,0,,,0,,,0,0,996,,,,,,,,,,,,,,,,,,,,,,,,,,,,,,0,0,0,1,0,0,0,0,0,0,0,0,0,0,0,0,0,0,1,0,0,0,0,0,0,1,1,1,0,1,0,0,0,0,0,,1,0,0,0,0,0,0,0,0,0,0,0,0,0,0,0,,,,,,81+,76+,County road,R,Tuesday,Belt Used,PV,White,1,0,0,0,County Road,County Sheriff,Grays Harbor County Sheriff's Offic,0,0,1,0,0,,,,,,0,0,0,,,,,,,,,,,0,0,0,1,,,,,20,7,,,,,,,,1,0,,,MONTE ELMA RD,2.733,ROUP RD,0
2021,162,EB35883,22,05/31/2021,15:22,31,5,,45,Mason,0,1,,1,1,2,1,1,1,1,,,,8,0,0,,1,0,1,6,1,2,4,0,0,0,0,CR-E SATSOP RD W,,-123.4723972,47.08896944,0,1,13,80,5,45,34,1,0,1,5,8,4,2,2,1,14,1,1,53,0,20,481,2018,0,,8,,,,,,1,1,45,1,0,,0,0,3,0,11,0,,,,,0,0,0,3,1,0,,,,96,,,,,,98,,,,,,98563,53,76,220,6,1,0,0,0,1,,0,,,,,,0,10/15/2019,10/15/2019,20,0,0,0,8,9,8,,,0,,,8,8,0,0,,,0,,,0,0,996,,,,,,,,,,,,,,,,,,,,,,,,,,,,,,0,0,0,0,0,0,0,0,0,0,0,0,0,0,0,0,0,0,0,0,0,0,0,0,0,0,0,0,0,1,0,1,0,0,0,,0,0,0,0,0,0,0,0,0,0,0,0,0,0,0,0,,,,,,41-45,36-45,County road,R,Monday,Belt Used,PV,Not Fatal,0,0,0,0,County Road,County Sheriff,Grays Harbor County Sheriff's Offic,0,0,1,0,0,,,,,,0,0,0,,,,,,,,,,,98,98,98,0,,,,,20,,,,,,,,,1,0,,,MIDDLE SATSOP RD,7.1,NULL,
2017,159,E673801,14,05/22/2017,21:00,22,5,0,11,Clark,0,1,0,5,1,2,1,0,1,1,21:00,21:06,,38,0,0,13.5,3,0,3,4,1,1,3,0,0,20,3,SR-503,NE ROCK CREEK RD,-122.5219472,45.85685,0,1,14,14,2,50,80,0,0,1,5,38,8,8,2,1,99,1,1,53,0,72,706,2017,0,0,71,38,,,,,1,1,54,1,7,1,4,7,29,0,11,0,05/22/2017,21:00,53023393,23393,0,0,0,3,1,0,0,0,0,92,,,,,,99,,,,,,98564,53,72,200,6,1,0,0,0,1,0,0,,,,,,0,09/15/2016,09/15/2016,20,8,0,0,0,9,8,,,0,0,0,8,9,2,1,0,0,1,0,0,2,1,0.2,,,,,,,,,,,,,,,,,,,,,,,,,,,,,,0,0,0,1,1,1,0,1,0,0,0,0,0,0,0,0,1,0,0,0,0,0,0,0,0,0,0,0,1,0,0,0,0,0,1,0,0,0,0,0,0,1,0,1,1,0,0,0,0,1,0,1,,,,,,51-55,46-55,State route,R,Monday,,MC,White,1,0,0,0,State Route,County Sheriff,Clark County Sheriff's Office,0,1,0,0,0,,,,,,,,,,,,,,,,,,,,,,,,,,,,,,,,,,,,,,,,,,,
2020,285,EA56288,5,08/09/2020,14:07,9,8,,41,Lewis,0,1,,1,1,2,1,0,2,2,14:09,14:31,,12,0,2,21.3,1,0,1,5,1,1,3,0,0,0,0,SR-508,,-122.4740806,46.60551667,0,2,51,62,4,55,14,0,0,1,2,12,3,2,2,1,14,1,2,53,0,12,402,2010,0,,12,,,,,,1,1,49,2,0,,0,0,3,0,11,0,,,,,0,0,0,0,1,0,,,,96,,,,,,0,,,,,,98564,53,62,140,0,0,0,0,0,0,,97,,,,,,0,,,1,0,0,0,8,9,8,,,0,,,8,8,2,1,,,1,,,2,1,0,,,,,,,,,,,,,,,,,,,,,,,,,,,,,,0,0,0,0,0,0,0,0,0,0,0,0,0,1,0,0,0,0,0,0,0,0,0,0,0,0,0,0,1,1,0,0,0,0,0,,0,0,0,0,0,0,0,0,0,0,0,1,0,0,0,0,,,,,,46-50,46-55,State route,R,Sunday,Belt Used,PV,Not Fatal,0,1,1,0,State Route,State Patrol,Washington State Patrol,0,1,0,0,0,,,,,,0,0,0,,,,,,,,,,,98,98,98,0,,,,,20,7,,,,,,,,1,0,,,,,,
2018,304,E835071,2,09/04/2018,19:18,4,9,0,73,Whatcom,0,1,0,1,1,4,1,0,1,1,,,,42,0,0,9999.9,1,0,1,7,1,64,8,0,0,0,0,FS RD 1130,,-121.6983261,48.7626636,0,1,1,13,2,98,34,0,0,1,2,42,1,2,8,8,1,1,2,53,0,49,472,2003,0,0,63,42,,,,,1,1,62,1,7,1,4,7,20,0,11,0,09/04/2018,19:18,53039832,39832,0,0,0,3,1,0,0,0,0,96,,,,,,0,,,,,,98566,53,69,155,6,1,0,1,1,0,,0,,,,,,0,07/15/2015,07/15/2015,20,0,0,0,0,9,8,,,0,0,0,8,0,2,1,,,1,,,2,1,0,,,,,,,,,,,,,,,,,,,,,,,,,,,,,,0,0,1,0,0,0,0,0,0,0,0,0,0,0,0,0,0,0,0,1,0,0,0,0,0,0,0,0,0,1,0,0,0,1,0,,1,0,0,0,0,0,0,0,0,0,0,0,0,0,0,0,,,,,,61-65,56-65,Other,R,Tuesday,Not Used,PV,White,0,1,0,0,Other,State Patrol,Washington State Patrol,1,0,0,0,1,,,,,,0,0,0,,,,,,,,,,,,,,,,,,,,,,,,,,,,,,,,,,,
2019,73,E903900,3,03/15/2019,6:15,15,3,,67,Thurston,0,5,0,2,1,2,1,0,5,4,,,,12,0,2,40.1,1,0,1,3,1,1,2,0,0,0,0,US-12,,-123.1288444,46.82513333,0,2,51,62,4,55,34,0,0,1,2,12,1,1,2,1,1,2,1,53,0,12,481,2002,0,0,12,,,,,,1,1,29,1,0,,0,0,3,0,11,0,,,,,0,0,0,3,1,0,0,0,0,96,,,,,,0,,,,,,98568,53,77,215,6,1,0,2,1,3,,0,,,,,,0,03/15/2014,05/15/2017,1,0,0,0,8,9,8,,,0,0,0,8,0,8,95,,,96,,,8,95,995,,,,,,,,,,,,,,,,,,,,,,,,,,,,,,0,0,0,0,0,0,1,1,1,0,0,0,0,1,0,0,0,0,0,0,0,0,0,1,1,0,0,0,0,1,0,0,0,0,0,,0,0,0,0,0,0,0,0,0,0,0,0,0,0,0,0,,,,,,26-30,26-35,US highway,R,Friday,Belt Used,PV,Not Fatal,0,1,1,0,State Route,State Patrol,Washington State Patrol,0,1,0,0,0,,,,,,0,0,0,,,,,,,,,,,98,98,98,0,,,,,20,7,,,,,,,,,,,,,,,
2019,209,E932092,22,04/29/2019,15:02,29,4,,27,Grays Harbor,0,1,0,1,1,2,1,0,2,1,,,,1,0,0,1.8,1,0,1,5,1,2,4,0,0,0,0,CR-GARRARD CREEK RD,,-123.2704194,46.81199722,0,1,98,13,2,35,14,0,0,1,7,1,3,3,2,1,14,2,1,53,0,55,401,2003,0,0,63,69,1,,,,1,1,65,2,7,,4,0,3,0,11,5,05/01/2019,14:20,1.96053E+11,20367,0,0,0,3,1,58,0,0,0,93,,,,,,0,,,,,,98568,53,66,250,6,1,0,0,1,0,,0,,,,,,0,07/15/2017,07/15/2017,20,0,0,0,0,9,8,,,0,0,0,8,0,2,1,,,1,,,2,1,0,,,,,,,,,,,,,,,,,,,,,,,,,,,,,,0,0,0,0,0,0,0,0,0,0,0,0,0,0,0,0,1,0,0,0,0,0,0,0,0,1,0,0,0,1,0,0,0,0,0,,1,0,0,0,0,0,0,0,1,0,0,0,0,0,0,0,,,,,,61-65,56-65,County road,R,Monday,Belt Used,PV,White,0,1,0,0,County Road,County Sheriff,Grays Harbor County Sheriff's Offic,1,0,1,0,0,,,,,,0,0,0,,,,,,,,,,,98,98,98,1,,,,,20,7,,,,,,,,,,,,,,,
2018,17,E761445,150,01/11/2018,16:08,11,1,0,27,Grays Harbor,930,1,0,1,2,2,1,0,2,2,,,,12,0,6,2,1,0,1,4,2,1,3,0,0,0,0,SR-109,,-123.9280861,46.98278056,0,1,66,6,1,50,1,0,0,1,2,12,1,3,2,1,1,1,1,53,0,49,41,2004,0,0,63,69,68,12,,,1,1,40,1,7,1,4,7,3,0,11,0,01/11/2018,16:15,93053001521,1521,0,0,0,3,1,0,0,0,0,96,,,,,,99,,,,,,98569,53,70,155,6,1,0,0,0,3,,0,,,,,,3,09/15/2016,12/15/2017,8,0,0,1,0,9,8,,,0,0,0,8,9,2,1,,,1,,,2,1,0,,,,,,,,,,,,,,,,,,,,,,,,,,,,,,0,0,0,0,0,0,0,0,0,0,0,0,1,0,0,0,0,0,0,0,0,0,0,0,0,0,0,0,0,1,0,0,0,0,0,,1,0,0,0,0,0,0,0,0,1,0,0,0,0,0,0,,,,,,36-40,36-45,State route,U,Thursday,Belt Used,PV,White,0,1,1,0,State Route,Municipal/City Police,Hoquiam Police Department,0,1,0,0,0,,,,,,0,0,0,,,,,,,,,,,,,,,,,,,,,,,,,,,,,,,,,,,
2021,294,EB57764,8,08/02/2021,23:16,2,8,,27,Grays Harbor,0,1,,2,1,2,1,0,2,1,,,,42,0,0,24.3,1,0,1,5,1,1,3,0,0,0,0,SR-109,,-124.1829528,47.15505556,0,1,1,13,2,55,34,0,0,1,2,42,3,1,2,1,14,2,1,53,0,35,471,1995,0,,63,42,,,,,1,1,37,2,0,,3,0,3,0,11,5,,,,,0,0,0,2,1,0,,,,96,,,,,,98,,,,,,98569,53,66,275,1,1,0,1,1,0,,97,,,,,,4,05/15/2017,10/15/2020,20,0,0,0,8,9,8,,,0,,,8,8,0,0,,,0,,,0,0,996,,,,,,,,,,,,,,,,,,,,,,,,,,,,,,0,0,1,0,0,0,0,0,0,0,0,0,1,1,0,0,0,0,0,0,0,0,0,0,0,0,0,0,0,1,0,0,0,0,0,,0,0,0,0,0,0,0,0,0,1,0,1,0,0,0,0,,,,,,36-40,36-45,State route,R,Monday,Belt Used,PV,Not Fatal,0,1,0,0,State Route,State Patrol,Washington State Patrol,1,1,0,0,0,,,,,,0,0,0,,,,,,,,,,,0,0,0,0,,,,,20,,,,,,,,,1,0,,,,,,
2017,313,E702924,42,08/16/2017,14:45,16,8,0,67,Thurston,0,1,0,1,1,2,1,0,6,3,,,,12,0,6,2.3,2,0,3,5,2,2,4,0,0,0,0,CR-OLD HWY 99 SW,SARGENT RD SW,-123.0120583,46.797825,0,3,98,90,6,35,34,0,0,1,5,54,1,1,2,1,1,2,2,53,0,20,481,1999,0,0,54,,,,,,1,1,25,2,0,0,0,0,3,0,11,0,,,,,0,0,3,3,1,0,0,0,0,0,,,,,,0,,,,,,98570,53,63,210,6,1,0,0,0,0,0,0,,,,,,0,,,20,0,0,0,8,9,8,,,0,0,0,8,0,0,0,0,0,0,0,0,0,0,996,,,,,,,,,,,,,,,,,,,,,,,,,,,,,,0,0,0,1,0,0,0,0,0,0,0,0,0,0,0,0,1,0,0,0,0,1,1,1,1,0,0,0,0,1,1,0,0,0,0,,0,0,0,0,0,0,0,0,0,0,0,0,0,0,0,0,,,,,,21-25,16-25,County road,U,Wednesday,Belt Used,PV,Not Fatal,1,0,0,0,County Road,County Sheriff,Thurston County Sheriff's Office,0,0,1,0,0,,,,,,,,,,,,,,,,,,,,,,,,,,,,,,,,,,,,,,,,,,,
2019,112,E910672,5,04/12/2019,15:25,12,4,,41,Lewis,0,2,0,1,2,2,1,0,6,4,,,,12,0,6,4.8,1,0,1,5,1,1,3,0,0,0,0,SR-508,,-122.7903667,46.57609167,0,3,98,62,4,55,14,0,0,1,2,12,1,1,2,1,1,1,1,53,0,55,404,2018,0,0,12,,,,,,1,1,62,2,7,,4,7,3,0,11,0,04/12/2019,15:25,53019224,19224,0,0,3,3,1,0,0,0,0,96,,,,,,0,,,,,,98570,53,63,126,6,1,0,0,0,0,,99,,,,,,0,,,8,0,0,0,0,9,8,,,0,0,0,8,9,2,1,,,1,,,2,1,0,,,,,,,,,,,,,,,,,,,,,,,,,,,,,,0,0,0,0,0,0,0,0,0,0,0,0,0,0,0,0,1,0,0,0,0,0,0,1,1,1,0,0,0,1,1,0,0,0,0,,1,0,0,0,0,0,0,0,0,0,0,0,0,0,0,0,,,,,,61-65,56-65,State route,R,Friday,Belt Used,PV,White,0,0,0,0,State Route,State Patrol,Washington State Patrol,0,1,0,0,0,,,,,,0,0,0,,,,,,,,,,,98,98,98,1,,,,,20,7,,,,,,,,,,,,,,,
2019,291,E951931,5,08/03/2019,19:51,3,8,,41,Lewis,0,1,0,1,1,2,1,0,2,2,,,,12,0,6,73.9,8,0,1,3,1,1,2,0,0,0,0,US-12,,-122.7208167,46.53205556,0,1,68,15,2,55,14,0,0,1,2,12,1,1,3,1,11,1,1,53,0,12,402,2008,0,0,12,,,,,,1,1,48,1,0,,2,0,3,0,11,4,,,,,0,0,0,3,1,38,0,0,0,96,,,,,,0,,,,,,98570,53,71,170,6,1,0,0,0,0,,97,,,,,,0,,,8,0,0,0,8,9,2,,,0,0,0,0,1,8,95,,,96,,,8,95,995,,,,,,,,,,,,,,,,,,,,,,,,,,,,,,0,0,0,0,1,0,0,0,0,0,0,0,0,0,0,0,0,0,1,0,0,0,0,0,0,0,0,0,1,1,0,0,0,0,0,,0,0,0,0,0,0,0,0,0,0,1,0,0,0,0,1,,,,,,46-50,46-55,US highway,R,Saturday,Belt Used,PV,Not Fatal,0,0,0,0,State Route,State Patrol,Washington State Patrol,0,1,0,0,0,,,,,,0,0,0,,,,,,,,,,,98,98,98,0,,,,,20,7,,,,,,,,,,,,,,,
2017,246,E688682,42,07/04/2017,8:04,4,7,5,67,Thurston,0,1,0,1,1,2,1,0,5,4,8:07,8:35,10:07,12,0,2,7.3,1,0,1,4,2,2,4,0,0,0,0,CR-OLD HWY 99,,-122.9401111,46.83217778,0,2,51,62,4,50,67,0,0,1,2,12,1,1,2,1,1,1,1,53,0,20,880,2007,0,0,12,,,,,,1,1,60,1,0,0,3,0,3,0,11,1,,,,,0,0,3,3,1,0,0,0,0,0,,,,,,0,,,,,,98576,53,67,145,6,1,0,0,1,0,0,0,,,,,,0,02/15/2017,02/15/2017,1,0,0,0,8,9,8,,,0,0,0,8,0,0,0,0,0,0,0,0,0,0,996,,,,,,,,,,,,,,,,,,,,,,,,,,,,,,0,0,0,0,0,0,1,1,0,0,0,0,0,0,0,0,0,0,0,1,0,0,0,1,1,0,0,0,0,1,1,0,0,0,0,,0,0,0,0,0,0,0,0,0,0,0,0,0,0,0,0,,,,,,56-60,56-65,County road,U,Tuesday,Belt Used,MHTRUCK,Not Fatal,0,1,1,0,County Road,County Sheriff,Thurston County Sheriff's Office,0,0,1,0,0,,,,,,,,,,,,,,,,,,,,,,,,,,,,,,,,,,,,,,,,,,,
2017,246,E688682,42,07/04/2017,8:04,4,7,5,67,Thurston,0,1,0,1,1,2,1,0,5,4,8:07,8:35,10:07,12,0,2,7.3,1,0,1,4,2,2,4,0,0,0,0,CR-OLD HWY 99,,-122.9401111,46.83217778,0,3,98,98,7,50,6,0,0,1,5,54,1,1,2,1,1,1,1,53,0,6,52,2005,0,0,54,,,,,,1,1,21,2,0,0,0,0,3,0,11,0,,,,,0,0,0,3,1,0,0,0,0,0,,,,,,0,,,,,,98576,53,69,180,6,1,0,0,2,1,0,0,,,,,,0,07/15/2014,03/15/2017,20,0,0,0,8,9,8,,,0,0,0,8,0,0,0,0,0,0,0,0,0,0,996,,,,,,,,,,,,,,,,,,,,,,,,,,,,,,0,0,0,0,0,0,1,1,0,0,0,0,0,0,0,0,0,0,0,1,0,0,0,1,1,0,0,0,0,1,1,0,0,0,0,,0,0,0,0,0,0,0,0,0,0,0,0,0,0,0,0,,,,,,21-25,16-25,County road,U,Tuesday,Belt Used,PV,Not Fatal,0,1,1,0,County Road,County Sheriff,Thurston County Sheriff's Office,0,0,1,0,0,,,,,,,,,,,,,,,,,,,,,,,,,,,,,,,,,,,,,,,,,,,
2018,79,E780687,42,03/19/2018,16:55,19,3,0,67,Thurston,0,1,0,1,1,2,1,0,2,2,,,,12,0,2,3.8,1,0,1,6,1,2,4,0,0,0,0,CR-VAIL CUTOFF RD SE,,-122.644125,46.84900833,0,1,50,10,2,50,4,0,0,1,7,12,3,1,2,1,14,1,1,53,0,51,47,2006,0,0,68,12,,,,,1,1,29,2,7,1,4,7,3,0,11,0,03/19/2018,16:55,53013064,13064,0,0,0,3,1,28,0,0,0,92,,,,,,99,,,,,,98576,53,62,135,6,1,0,1,3,0,,0,,,,,,0,07/15/2013,12/15/2013,8,0,0,0,0,9,8,,,0,0,0,8,9,2,401,417,,1,1,,2,1,0.066,,,,,,,,,,,,,,,,,,,,,,,,,,,,,,0,0,0,0,1,0,1,1,0,0,0,0,0,0,0,0,1,0,0,0,0,0,0,1,1,0,0,0,0,1,0,0,0,0,0,,1,0,0,0,1,0,1,1,1,0,0,0,0,0,0,1,,,,,,26-30,26-35,County road,R,Monday,Belt Used,PV,White,0,1,1,0,County Road,County Sheriff,Thurston County Sheriff's Office,0,0,1,0,0,,,,,,0,0,0,,,,,,,,,,,,,,,,,,,,,,,,,,,,,,,,,,,
2018,79,E780687,42,03/19/2018,16:55,19,3,0,67,Thurston,0,1,0,1,1,2,1,0,2,2,,,,12,0,2,3.8,1,0,1,6,1,2,4,0,0,0,0,CR-VAIL CUTOFF RD SE,,-122.644125,46.84900833,0,2,51,62,4,50,34,0,0,1,5,12,2,1,2,1,14,1,2,53,0,49,471,1989,0,0,12,,,,,,1,1,21,1,0,0,3,0,3,0,11,5,,,,,0,0,0,3,1,0,0,0,0,92,,,,,,99,,,,,,98576,53,74,200,6,1,0,1,0,2,,0,,,,,,0,01/15/2015,01/15/2018,20,0,0,0,8,9,8,,,0,0,0,8,9,8,95,,,96,,,8,95,995,,,,,,,,,,,,,,,,,,,,,,,,,,,,,,0,0,0,0,1,0,1,1,0,0,0,0,0,0,0,0,1,0,0,0,0,0,0,1,1,0,0,0,0,1,0,0,0,0,0,,0,0,0,0,0,0,0,0,1,0,0,0,0,0,0,0,,,,,,21-25,16-25,County road,R,Monday,Belt Used,PV,Not Fatal,0,1,1,0,County Road,County Sheriff,Thurston County Sheriff's Office,0,0,1,0,0,,,,,,0,0,0,,,,,,,,,,,,,,,,,,,,,,,,,,,,,,,,,,,
2018,409,E859476,3,11/06/2018,23:05,6,11,0,67,Thurston,2320,1,0,3,1,2,1,0,4,4,,,,1,0,0,0.2,5,1,1,1,2,1,1,0,0,0,0,I-5 RAMP Q109977,,-122.936325,46.95509444,0,1,6,6,1,98,80,0,0,1,2,1,2,8,1,6,14,1,1,53,0,72,706,2012,0,0,64,1,25,12,12,12,1,1,36,1,7,1,4,7,16,0,11,0,11/06/2018,23:05,2.32053E+11,49211,0,0,0,3,1,0,0,0,0,96,,,,,,99,,,,,,98576,53,72,270,6,1,0,2,2,2,,0,,,,,,4,10/15/2016,04/15/2018,20,8,0,0,0,9,8,,,0,0,0,8,9,8,95,,,96,,,8,95,995,,,,,,,,,,,,,,,,,,,,,,,,,,,,,,0,0,1,0,0,0,0,0,0,0,0,0,1,0,0,0,0,0,0,0,0,0,0,1,1,0,0,0,1,0,1,0,0,0,1,1,0,0,0,0,0,0,0,0,0,1,0,0,0,0,0,0,,,,,,36-40,36-45,Interstate,U,Tuesday,,MC,White,1,0,0,0,State Route,State Patrol,Washington State Patrol,0,1,0,0,0,,,,,,0,0,0,,,,,,,,,,,,,,,,,,,,,,,,,,,,,,,,,,,
2019,107,E911226,42,04/15/2019,14:02,15,4,,67,Thurston,0,1,0,1,1,7,2,0,3,2,,,,12,0,2,5.7,1,0,1,5,1,2,4,0,0,0,0,CR-RAINIER RD SE,,-122.7699444,46.94554167,0,1,50,10,2,50,4,0,0,1,5,12,2,1,2,1,6,1,2,53,0,12,37,2005,0,0,63,69,68,12,,,1,1,37,1,7,,4,7,3,0,11,0,04/15/2019,14:02,53017424,17424,0,0,0,3,1,33,28,0,0,96,,,,,,99,,,,,,98576,53,72,200,6,1,0,0,1,0,,0,,,,,,0,06/15/2018,06/15/2018,8,0,0,0,0,9,8,,,0,0,0,8,9,8,95,,,96,,,8,95,995,,,,,,,,,,,,,,,,,,,,,,,,,,,,,,0,0,0,0,0,0,0,0,0,0,0,0,0,0,0,0,0,0,0,0,0,0,0,0,0,0,0,0,0,1,0,0,0,0,0,,1,0,0,0,0,0,0,0,0,0,0,0,0,0,0,0,,,,,,36-40,36-45,County road,R,Monday,Belt Used,PV,White,0,1,1,0,County Road,County Sheriff,Thurston County Sheriff's Office,0,0,1,0,0,,,,,,0,0,0,,,,,,,,,,,98,98,98,1,,,,,20,7,,,,,,,,,,,,,,,