year,case,par,repjur,crash_dt,crash_tm,accday,accmon,holiday,county,co_char,city,weather,weather2,lightcond,surfcond,surftype,numfatal,nmforms,pforms,vforms,not_tm,arr_tm,hosp_tm,fhevent,hitrun,manncol,milepnt,reljunc,reljuncinter,intersectiontype,funcsystem,landuse,ownership,route,schlbus,spejur,contdev,devfunc,trafid1,trafid2,x,y,wk_zone,vnumber,crashtype,criticalevent,criticaleventcat,spdlim,body,trailer,emerg,hazcargo,leave,mhevent,roadalgn,roadprof,traflane,trafflow,vehmanvr,numoccs,regowner,regstate,spuse,make,model,modelyr,vrf1,vrf2,seqevent1,seqevent2,seqevent3,seqevent4,seqevent5,seqevent6,pnumber,ptype,age,sex,hispanic,race,injury,diedscene,restraint,restraintmisuse,seatpos,takehosp,death_dt,death_tm,cert,cernum_wa,commlic,licendor,licrestrict,liccomp,drivpres,drf1,drf2,drf3,drf4,distract1,distract2,distract3,distract4,distract5,distract6,dricond1,dricond2,dricond3,dricond4,dricond5,dricond6,dzip,licstate,drhgt_in,weight,noncdl,noncdltype,prevdwi,prevoth,prevacc,prevspd,prevsus,driviol1,driviol2,driviol3,driviol4,driviol5,driviol6,spdrel,first_dt,last_dt,airbag,ejection,ejectpath,extricat,injurwrk,methalc,methdrug,nmlocat,strikveh,prf1,prf2,prf3,druginv,alcinvol,drugsts,drugres1,drugres2,drugres3,drugtst1,drugtst2,drugtst3,alcsts,alctst,alcres,nmact1,nmact2,nmact3,nmact4,nmact5,nmact6,nmprior1,nmprior2,nmprior3,nmprior4,nmprior5,nmprior6,nmcond1,nmcond2,nmcond3,nmcond4,nmcond5,nmcond6,nmsafe_helmet,nmsafe_pads,nmsafe_oth,nmprev_ref,nmprev_lgt,nmprev_oth,crashlocation,nmcrashtype,crosswalk,schoolzone,sidewalk,train_inv,wildlife_inv,rotr_fars,intersect_fars,dd_inv,aid_inv,dpd_inv,id_inv,mj_inv,impnm_inv,ainm_inv,dpnm_inv,speed_inv,unlic_inv,unendmc_inv,drowsy_inv,drdist_inv,nmdist_inv,fty_inv,unrestfat_inv,dr1617_inv,dr1820_inv,dr1620_inv,dr2125_inv,dr1625_inv,dr65_inv,dr70_inv,dr75_inv,mc_inv,pv_inv,ht_inv,ped_inv,bike_inv,unrest_fat,mc_fat,unhelmet_mc,pv_fat,ht_fat,ped_fat,bike_fat,dr_alc7,dr_alc8,dr_drug,dr_imp,dr_dist,dr_spd,dr_fty,dr_unlic,dr_alc7only,dr_alc8only,dr_drugonly,dr_drink,nm_imp,nm_alc7,nm_alc8,nm_drug,nm_dist,agegrp1,agegrp2,roadclass,urbrur,dayweek,restuse,vehtype,race_me,intersect,lanedep,oppdir,wrongway,rep_typ,investag,repag_long,rotr,st_rd,cty_rd,city_rd,oth_rd,drug_thc,thc_res,drug_cthc,cthc_res,drug_cann,prevpersemin,prevperse,prevsusoth,drugtst4,drugtst5,drugtst6,drugtst7,drugtst8,drugres4,drugres5,drugres6,drugres7,drugres8,adspresent,adsengaged,adslevel,race1,race2,race3,race4,race5,helmet,helmetmisuse,nmdistract1,nmdistract2,nmdistract3,nmdistract4,nmdistract5,nmdistract6,lab,isedtcase,crf1,crf2,crf3,CoRoadName,CoMP,IntCoRoadName,IntCoMP
2019,257,E945674,42,07/28/2019,6:10,28,7,,67,Thurston,0,1,0,4,1,2,1,0,1,1,,,,1,0,0,0.2,1,0,1,7,2,2,4,0,0,0,0,CR-VANTINE RD SE,,-122.8201,46.86505833,0,1,1,6,1,25,90,0,0,1,7,1,3,1,2,1,14,1,2,53,0,53,734,2018,0,0,63,1,,,,,1,1,45,1,7,,4,7,20,7,11,0,07/28/2019,6:26,53034223,34223,0,0,0,1,1,0,0,0,0,96,,,,,,99,,,,,,98576,53,76,320,6,1,0,0,0,0,,0,,,,,,4,,,20,1,9,0,0,9,8,,,0,0,0,8,1,2,996,,,1,,,2,1,0.22,,,,,,,,,,,,,,,,,,,,,,,,,,,,,,0,0,1,0,1,1,1,1,0,0,0,0,1,0,0,0,0,0,0,0,0,0,0,0,0,0,0,0,0,0,0,0,0,0,0,,0,0,0,0,0,1,1,1,0,1,0,0,0,0,0,1,,,,,,41-45,36-45,County road,U,Sunday,,OTHVT,White,0,1,0,0,County Road,County Sheriff,Thurston County Sheriff's Office,1,0,1,0,0,,,,,,0,0,0,,,,,,,,,,,0,0,0,1,,,,,17,7,,,,,,,,,,,,,,,
2020,344,EA62513,6,09/04/2020,19:43,4,9,,47,Okanogan,0,1,,2,1,2,1,0,2,1,,,,11,0,0,205.8,1,0,1,4,1,1,3,0,0,0,0,SR-20,,-120.0388917,48.35467778,0,1,13,87,6,60,82,0,0,1,2,11,1,1,2,1,1,2,1,53,0,72,706,2014,0,,11,64,38,1,,,1,1,69,1,0,,3,0,20,7,11,5,,,,,0,0,3,3,1,0,,,,96,,,,,,0,,,,,,98576,53,65,155,6,1,0,0,2,1,,0,,,,,,0,01/15/2016,03/15/2020,20,8,0,0,8,9,8,,,0,,,8,8,0,0,,,0,,,0,0,996,,,,,,,,,,,,,,,,,,,,,,,,,,,,,,0,1,0,0,0,0,0,0,0,0,0,0,0,0,0,0,0,0,0,0,0,0,0,0,0,1,0,0,1,0,0,0,0,0,0,0,0,0,0,0,0,0,0,0,0,0,0,0,0,0,0,0,,,,,,66-70,66-75,State route,R,Friday,,MC,Not Fatal,0,0,0,0,State Route,State Patrol,Washington State Patrol,0,1,0,0,0,,,,,,0,0,0,,,,,,,,,,,0,0,0,0,,,,,5,0,,,,,,,,1,0,,,,,,
2017,91,E659377,8,03/26/2017,20:41,26,3,0,27,Grays Harbor,0,10,0,3,2,2,1,0,3,2,,,,12,0,2,67.9,1,0,1,3,1,1,2,0,0,0,0,US-101,,-123.7469278,46.80131111,0,2,52,54,3,55,2,0,0,1,2,12,3,2,2,1,14,1,2,53,0,49,38,1992,0,0,12,,,,,,1,1,18,2,4,1,4,0,3,0,11,0,03/26/2017,20:58,53014445,14445,0,0,0,3,1,0,0,0,0,0,,,,,,0,,,,,,98577,53,64,180,6,1,0,0,0,0,0,0,,,,,,0,,,20,0,0,0,0,9,8,,,0,0,0,8,0,2,1,0,0,1,0,0,2,1,0,,,,,,,,,,,,,,,,,,,,,,,,,,,,,,0,0,0,0,0,0,0,0,0,0,0,0,0,0,0,0,0,0,0,0,0,1,1,0,1,0,0,0,0,1,0,0,0,0,0,,1,0,0,0,0,0,0,0,0,0,0,0,0,0,0,0,,,,,,18-20,16-25,US highway,R,Sunday,Belt Used,PV,Hispanic,0,1,1,0,State Route,State Patrol,Washington State Patrol Headquarter,0,1,0,0,0,,,,,,,,,,,,,,,,,,,,,,,,,,,,,,,,,,,,,,,,,,,
2019,165,E927566,8,03/31/2019,2:14,31,3,,49,Pacific,0,5,0,2,1,2,1,0,2,2,,,,12,0,2,7,1,0,1,4,1,1,3,0,0,0,0,SR-6,,-123.6398472,46.61193056,0,2,51,62,4,55,2,0,0,1,2,12,1,1,2,1,1,1,1,53,0,14,4,1995,0,0,12,,,,,,1,1,49,1,7,,4,7,99,7,11,0,03/31/2019,2:14,53014536,14536,0,0,0,3,1,0,0,0,0,92,,,,,,99,,,,,,98577,53,72,215,6,1,0,0,0,2,,0,,,,,,0,10/15/2015,07/15/2018,8,0,0,0,0,9,8,,,0,0,0,8,9,2,401,417,177,1,1,1,2,1,0,,,,,,,,,,,,,,,,,,,,,,,,,,,,,,0,0,0,0,1,0,1,1,0,0,0,0,0,0,0,0,1,0,0,0,0,0,0,0,0,0,0,0,0,1,0,0,0,0,0,,1,0,0,0,0,0,1,1,1,0,0,0,0,0,1,0,,,,,,46-50,46-55,State route,R,Sunday,Unknown,PV,White,0,1,1,0,State Route,State Patrol,WASHINGTON STATE PATROL,0,1,0,0,0,,,,,,0,0,0,,,,,,,,,,,0,0,0,1,,,,,20,7,,,,,,,,,,,,,,,
2020,248,EA50209,29,07/18/2020,18:45,18,7,,41,Lewis,0,1,,5,0,0,1,0,2,2,18:47,18:55,,12,0,6,3.4,8,0,1,7,1,2,4,0,0,0,0,CR-LARMON RD,,-122.7253167,46.54658333,0,1,82,15,2,0,34,1,0,1,5,12,0,0,0,0,11,1,1,53,0,7,482,2006,0,,12,,,,,,1,1,76,1,0,,0,0,3,0,11,0,,,,,0,0,3,3,1,38,,,,92,,,,,,98,,,,,,98577,53,68,175,6,1,0,0,0,3,,97,,,,,,0,05/15/2016,04/15/2017,20,0,0,0,8,9,8,,,0,,,8,8,0,0,,,0,,,0,0,996,,,,,,,,,,,,,,,,,,,,,,,,,,,,,,0,0,0,0,0,0,1,1,0,0,0,0,0,0,1,0,1,0,1,0,0,0,0,0,0,1,1,1,1,1,0,0,0,0,0,,0,0,0,0,0,0,0,0,1,0,1,0,0,0,0,0,,,,,,76-80,76+,County road,R,Saturday,Belt Used,PV,Not Fatal,0,0,0,0,County Road,County Sheriff,Lewis County Sheriff's Office,0,0,1,0,0,,,,,,0,0,0,,,,,,,,,,,98,98,98,0,,,,,20,7,,,,,,,,1,0,,,LARMON RD,3.394,,
2021,423,EB79313,33,09/19/2021,20:11,19,9,,49,Pacific,0,10,,5,2,2,1,0,1,1,,,,42,0,0,,1,0,1,6,1,2,4,0,0,0,0,CR-OLDANI RD,,-123.6880806,46.66850556,0,1,6,12,2,35,34,0,0,1,2,42,8,8,2,1,1,1,1,53,0,7,482,2009,0,,68,64,42,2,,,1,1,37,1,7,,4,7,99,7,11,0,09/19/2021,20:11,53046521,46521,6,0,3,3,1,0,,,,92,,,,,,98,,,,,,98577,53,70,250,6,1,0,0,0,0,,0,,,,,,3,,,99,2,9,0,0,9,8,,,0,,,8,8,2,1,,,1,,,2,1,0.167,,,,,,,,,,,,,,,,,,,,,,,,,,,,,,0,0,1,0,1,1,0,1,0,0,0,0,1,0,0,0,1,0,0,0,0,0,0,0,0,0,0,0,0,1,0,0,0,0,0,,1,0,0,0,0,1,0,1,1,1,0,0,0,1,0,1,,,,,,36-40,36-45,County road,R,Sunday,Unknown,PV,White,0,1,0,0,County Road,County Sheriff,Pacific County Sheriff's Office,1,0,1,0,0,,,,,,0,0,0,,,,,,,,,,,98,98,98,1,,,,,20,,,,,,,,,1,0,,,OLDANI RD,0.28,NULL,
2017,149,E671245,42,05/13/2017,22:38,13,5,0,67,Thurston,0,10,0,1,1,2,1,1,1,1,,,,8,0,0,0.4,1,0,1,5,2,2,4,0,0,0,0,CR-OLD HIGHWAY 9,,-123.0173139,46.78709722,0,1,13,80,5,50,4,0,0,1,2,8,1,1,2,1,1,1,1,53,0,30,40,2016,0,0,8,,,,,,1,1,21,2,0,0,0,0,3,0,11,0,,,,,0,0,0,3,1,0,0,0,0,0,,,,,,0,,,,,,98579,53,66,135,6,1,0,0,0,0,0,0,,,,,,0,,,20,0,0,0,8,9,8,,,0,0,0,8,0,0,0,0,0,0,0,0,0,0,996,,,,,,,,,,,,,,,,,,,,,,,,,,,,,,0,0,0,0,0,0,0,0,0,1,1,1,0,0,0,0,0,0,0,0,0,0,0,1,1,0,0,0,0,1,0,1,0,0,0,,0,0,0,0,0,0,0,0,0,0,0,0,0,0,0,0,,,,,,21-25,16-25,County road,U,Saturday,Belt Used,PV,Not Fatal,0,0,0,0,County Road,County Sheriff,Thurston County Sheriff's Office,0,0,1,0,0,,,,,,,,,,,,,,,,,,,,,,,,,,,,,,,,,,,,,,,,,,,
2017,163,E674810,42,05/17/2017,23:18,17,5,0,67,Thurston,0,1,0,2,1,2,1,0,2,2,,,,12,0,2,1,1,0,1,5,2,2,4,0,0,0,0,CR-OLD HWY 99 SW,,-123.0089722,46.77752778,0,1,50,10,2,98,4,0,0,1,2,12,1,1,2,1,1,1,2,53,0,12,37,2007,0,0,12,,,,,,1,1,25,1,0,0,3,0,3,0,11,8,,,,,0,0,3,3,1,51,0,0,0,96,,,,,,9,,,,,,98579,53,70,180,6,1,0,0,1,2,0,97,,,,,,0,08/15/2012,05/15/2016,1,0,0,0,8,9,8,,,0,0,0,1,0,8,95,0,0,6,0,0,0,0,996,,,,,,,,,,,,,,,,,,,,,,,,,,,,,,0,0,0,0,0,0,1,1,0,0,0,0,0,0,0,0,0,0,0,1,0,1,1,1,1,0,0,0,0,1,0,0,0,0,0,,0,0,0,0,0,0,0,0,0,0,0,0,0,0,0,0,,,,,,21-25,16-25,County road,U,Wednesday,Belt Used,PV,Not Fatal,0,0,0,1,County Road,County Sheriff,Thurston County Sheriff's Office,0,0,1,0,0,,,,,,,,,,,,,,,,,,,,,,,,,,,,,,,,,,,,,,,,,,,
2017,313,E702924,42,08/16/2017,14:45,16,8,0,67,Thurston,0,1,0,1,1,2,1,0,6,3,,,,12,0,6,2.3,2,0,3,5,2,2,4,0,0,20,3,CR-OLD HWY 99 SW,SARGENT RD SW,-123.0120583,46.797825,0,1,82,15,2,35,4,0,0,1,2,12,1,1,2,1,11,1,1,53,0,49,40,2007,0,0,12,60,54,,,,1,1,18,2,7,78,4,7,3,0,11,0,08/16/2017,14:51,53035896,35896,0,0,0,3,1,0,0,0,0,92,,,,,,99,,,,,,98579,53,62,120,6,1,0,0,1,1,0,0,,,,,,0,06/15/2016,01/15/2017,8,0,0,0,0,9,8,,,0,0,0,8,9,2,1,0,0,1,0,0,2,1,0,,,,,,,,,,,,,,,,,,,,,,,,,,,,,,0,0,0,1,0,0,0,0,0,0,0,0,0,0,0,0,1,0,0,0,0,1,1,1,1,0,0,0,0,1,1,0,0,0,0,,1,0,0,0,0,0,0,0,1,0,0,0,0,0,0,0,,,,,,18-20,16-25,County road,U,Wednesday,Belt Used,PV,API,1,0,0,0,County Road,County Sheriff,Thurston County Sheriff's Office,0,0,1,0,0,,,,,,,,,,,,,,,,,,,,,,,,,,,,,,,,,,,,,,,,,,,
2017,313,E702924,42,08/16/2017,14:45,16,8,0,67,Thurston,0,1,0,1,1,2,1,0,6,3,,,,12,0,6,2.3,2,0,3,5,2,2,4,0,0,0,0,CR-OLD HWY 99 SW,SARGENT RD SW,-123.0120583,46.797825,0,2,83,67,4,35,63,0,0,1,5,12,1,1,2,1,1,3,3,53,0,51,881,2011,0,0,12,,,,,,1,1,53,1,0,0,0,0,3,0,11,0,,,,,6,1,0,3,1,0,0,0,0,0,,,,,,0,,,,,,98579,53,70,235,6,1,0,1,0,0,0,0,,,,,,0,05/15/2015,05/15/2015,20,0,0,0,8,9,8,,,0,0,0,8,0,0,0,0,0,0,0,0,0,0,996,,,,,,,,,,,,,,,,,,,,,,,,,,,,,,0,0,0,1,0,0,0,0,0,0,0,0,0,0,0,0,1,0,0,0,0,1,1,1,1,0,0,0,0,1,1,0,0,0,0,,0,0,0,0,0,0,0,0,0,0,0,0,0,0,0,0,,,,,,51-55,46-55,County road,U,Wednesday,,MHTRUCK,Not Fatal,1,0,0,0,County Road,County Sheriff,Thurston County Sheriff's Office,0,0,1,0,0,,,,,,,,,,,,,,,,,,,,,,,,,,,,,,,,,,,,,,,,,,,
2017,328,E705434,3,08/27/2017,3:49,27,8,0,67,Thurston,0,1,0,2,1,2,1,0,10,7,,,,12,0,1,93.8,1,0,1,1,1,1,1,0,0,0,0,I-5,,-122.9669722,46.87550833,0,3,98,53,3,60,3,0,0,1,2,12,1,1,3,3,5,1,1,53,0,55,36,2011,0,0,12,12,,,,,1,1,61,1,7,1,4,7,3,0,11,0,08/27/2017,3:49,53037554,37554,6,0,3,3,1,0,0,0,0,0,,,,,,0,,,,,,98579,53,71,200,6,1,0,0,1,0,0,0,,,,,,0,05/15/2016,05/15/2016,8,0,0,0,0,9,8,,,0,0,0,8,9,2,1,0,0,1,0,0,2,1,0,,,,,,,,,,,,,,,,,,,,,,,,,,,,,,0,0,0,0,0,0,0,0,0,0,0,0,0,1,0,0,1,0,0,0,0,0,0,0,0,1,0,0,0,1,1,0,0,0,0,,1,0,0,0,0,0,0,0,0,0,0,0,0,0,0,0,,,,,,61-65,56-65,Interstate,R,Sunday,Belt Used,PV,White,0,0,0,0,State Route,State Patrol,Washington State Patrol Headquarter,0,1,0,0,0,,,,,,,,,,,,,,,,,,,,,,,,,,,,,,,,,,,,,,,,,,,
2017,407,E716718,42,09/27/2017,13:24,27,9,0,67,Thurston,2320,1,0,1,1,2,1,0,1,1,13:33,14:20,14:57,35,0,0,9999.9,1,0,1,7,2,2,4,0,0,0,0,CR-CASE RD SW,,-122.9204361,46.95276111,0,1,6,12,2,50,34,0,0,1,5,35,3,1,2,1,14,1,1,53,0,20,471,2002,0,0,68,64,35,,,,1,1,81,1,7,97,4,0,3,0,11,8,09/27/2017,15:16,92053042012,42012,6,0,3,3,1,0,0,0,0,96,,,,,,0,,,,,,98579,53,65,221,6,1,0,0,0,0,0,0,,,,,,0,,,8,0,0,0,0,9,8,,,0,0,0,8,0,8,95,0,0,6,0,0,8,95,995,,,,,,,,,,,,,,,,,,,,,,,,,,,,,,0,0,1,0,0,0,0,0,0,0,0,0,0,0,0,0,0,0,0,0,0,0,0,0,0,1,1,1,0,0,0,0,0,0,0,,0,0,0,0,0,0,0,0,0,0,0,0,0,0,0,0,,,,,,81+,76+,County road,U,Wednesday,Belt Used,PV,Multiracial,0,1,0,0,County Road,County Sheriff,Thurston County Sheriff's Office,1,0,1,0,0,,,,,,,,,,,,,,,,,,,,,,,,,,,,,,,,,,,,,,,,,,,
2017,510,E745954,29,12/11/2017,16:53,11,12,0,41,Lewis,0,1,0,2,1,2,1,0,3,3,16:55,17:00,17:22,12,0,6,1.2,2,0,3,7,1,2,4,0,0,0,0,CR-FOREST NAPAVINE RD,KIRKLAND RD,-122.8765028,46.58667778,0,1,69,60,4,98,80,0,0,1,2,12,1,1,2,1,1,1,1,53,0,72,706,2006,0,0,12,68,12,,,,1,1,57,1,7,1,4,0,19,0,11,4,12/12/2017,19:42,1.45053E+11,54209,0,0,0,3,1,0,0,0,0,96,,,,,,99,,,,,,98579,53,77,245,6,1,0,0,0,2,0,0,,,,,,0,07/15/2014,05/15/2015,20,8,0,0,0,9,8,,,0,0,0,8,9,2,1,0,0,1,0,0,2,1,0,,,,,,,,,,,,,,,,,,,,,,,,,,,,,,0,0,0,1,0,0,0,0,0,0,0,0,0,1,0,0,0,0,0,0,0,0,0,0,0,1,0,0,1,0,0,0,0,0,1,0,0,0,0,0,0,0,0,0,0,0,0,0,0,0,0,0,,,,,,56-60,56-65,County road,R,Monday,,MC,White,1,0,0,0,County Road,County Sheriff,Lewis County Sheriff's Office,0,0,1,0,0,,,,,,,,,,,,,,,,,,,,,,,,,,,,,,,,,,,,,,,,,,,
2017,510,E745954,29,12/11/2017,16:53,11,12,0,41,Lewis,0,1,0,2,1,2,1,0,3,3,16:55,17:00,17:22,12,0,6,1.2,2,0,3,7,1,2,4,0,0,0,0,CR-FOREST NAPAVINE RD,KIRKLAND RD,-122.8765028,46.58667778,0,3,98,62,4,98,34,0,0,1,5,12,1,1,2,1,1,1,1,53,0,12,481,1997,0,0,12,,,,,,1,1,45,1,0,0,0,0,3,0,11,0,,,,,0,0,0,3,1,0,0,0,0,0,,,,,,0,,,,,,98579,53,73,200,6,1,0,0,0,0,0,0,,,,,,0,,,20,0,0,0,8,9,8,,,0,0,0,8,0,0,0,0,0,0,0,0,0,0,996,,,,,,,,,,,,,,,,,,,,,,,,,,,,,,0,0,0,1,0,0,0,0,0,0,0,0,0,1,0,0,0,0,0,0,0,0,0,0,0,1,0,0,1,0,0,0,0,0,0,,0,0,0,0,0,0,0,0,0,0,0,0,0,0,0,0,,,,,,41-45,36-45,County road,R,Monday,Belt Used,PV,Not Fatal,1,0,0,0,County Road,County Sheriff,Lewis County Sheriff's Office,0,0,1,0,0,,,,,,,,,,,,,,,,,,,,,,,,,,,,,,,,,,,,,,,,,,,
2018,470,E874079,42,12/17/2018,21:23,17,12,0,67,Thurston,0,2,0,2,2,2,1,1,4,1,,,,8,0,0,11.1,1,0,1,5,1,2,4,0,0,0,0,CR-LITTLEROCK RD SW,,-122.9762333,46.9497,0,1,13,80,5,50,15,1,0,1,5,8,1,1,2,1,1,4,1,53,0,12,422,1999,0,0,8,,,,,,1,1,46,1,0,0,0,0,3,0,11,0,,,,,0,0,0,3,1,10,0,0,0,96,,,,,,0,,,,,,98579,53,69,190,6,1,0,0,0,0,,0,,,,,,0,,,20,0,0,0,8,9,8,,,0,0,0,8,0,8,95,,,96,,,8,95,995,,,,,,,,,,,,,,,,,,,,,,,,,,,,,,0,0,0,0,0,0,0,0,0,0,0,0,0,0,0,0,0,0,0,0,0,0,0,0,0,0,0,0,0,1,0,1,0,0,0,,0,0,0,0,0,0,0,0,0,0,0,0,0,0,0,0,,,,,,46-50,46-55,County road,R,Monday,Belt Used,PV,Not Fatal,0,0,0,0,County Road,County Sheriff,Thurston County Sheriff's Office,0,0,1,0,0,,,,,,0,0,0,,,,,,,,,,,,,,,,,,,,,,,,,,,,,,,,,,,
2019,4,E882638,3,01/06/2019,1:12,6,1,,67,Thurston,0,2,0,3,2,2,1,1,1,1,,,,8,0,0,0.2,20,1,1,1,2,1,1,0,0,0,0,I-5 RAMP,SR-12,-123.0101694,46.79783611,0,1,13,80,5,98,4,0,0,1,2,8,2,1,1,6,14,1,1,53,0,35,47,2004,0,0,8,,,,,,1,1,26,1,0,,2,0,3,0,11,8,,,,,0,0,3,3,1,0,0,0,0,96,,,,,,0,,,,,,98579,53,72,170,6,1,0,2,0,0,,0,,,,,,0,03/15/2015,05/15/2016,20,0,0,0,8,9,2,,,0,0,0,0,0,8,95,,,96,,,8,95,995,,,,,,,,,,,,,,,,,,,,,,,,,,,,,,0,0,0,0,0,0,0,0,0,0,0,0,0,0,0,0,0,0,0,0,0,0,0,0,0,0,0,0,0,1,0,1,0,0,0,,0,0,0,0,0,0,0,0,0,0,0,0,0,0,0,0,,,,,,26-30,26-35,Interstate,U,Sunday,Belt Used,PV,Not Fatal,1,0,0,0,State Route,State Patrol,Washington State Patrol,0,1,0,0,0,,,,,,0,0,1,,,,,,,,,,,98,98,98,0,,,,,20,7,,,,,,,,,,,,,,,
2019,20,E885996,5,01/23/2019,13:23,23,1,,41,Lewis,0,1,0,1,2,2,1,0,2,2,,,,12,0,2,98.7,1,0,1,3,1,1,2,0,0,0,0,US-12,,-122.2538056,46.53996111,0,2,51,62,4,55,63,0,0,1,7,12,1,1,2,1,1,1,3,53,0,87,882,2013,0,0,12,,,,,,1,1,48,8,0,,1,0,3,0,11,4,,,,,6,1,3,3,1,0,0,0,0,96,,,,,,0,,,,,,98579,53,69,210,6,1,0,0,1,0,,0,,,,,,0,10/15/2014,10/15/2014,20,0,0,0,8,9,2,,,0,0,0,0,0,8,95,,,96,,,8,95,995,,,,,,,,,,,,,,,,,,,,,,,,,,,,,,0,0,0,0,1,0,1,1,1,0,0,0,0,0,0,0,0,0,0,0,0,0,0,0,0,0,0,0,0,1,1,0,0,0,0,,0,0,0,0,0,0,0,0,0,0,0,0,0,0,0,0,,,,,,46-50,46-55,US highway,R,Wednesday,,MHTRUCK,Not Fatal,0,1,1,0,State Route,State Patrol,Washington State Patrol,0,1,0,0,0,,,,,,0,0,0,,,,,,,,,,,98,98,98,0,,,,,20,7,,,,,,,,,,,,,,,
2019,73,E903900,3,03/15/2019,6:15,15,3,,67,Thurston,0,5,0,2,1,2,1,0,5,4,,,,12,0,2,40.1,1,0,1,3,1,1,2,0,0,0,0,US-12,,-123.1288444,46.82513333,0,3,98,98,7,55,4,0,0,1,7,12,1,1,2,1,1,1,1,53,0,20,2,2001,0,0,12,,,,,,1,1,23,1,0,,0,0,3,0,11,0,,,,,0,0,0,3,1,0,0,0,0,96,,,,,,0,,,,,,98579,53,69,200,6,1,0,0,0,0,,0,,,,,,0,,,20,0,0,0,8,9,8,,,0,0,0,8,0,8,95,,,96,,,8,95,995,,,,,,,,,,,,,,,,,,,,,,,,,,,,,,0,0,0,0,0,0,1,1,1,0,0,0,0,1,0,0,0,0,0,0,0,0,0,1,1,0,0,0,0,1,0,0,0,0,0,,0,0,0,0,0,0,0,0,0,0,0,0,0,0,0,0,,,,,,21-25,16-25,US highway,R,Friday,Belt Used,PV,Not Fatal,0,1,1,0,State Route,State Patrol,Washington State Patrol,0,1,0,0,0,,,,,,0,0,0,,,,,,,,,,,98,98,98,0,,,,,20,7,,,,,,,,,,,,,,,
2019,138,E918296,3,05/01/2019,6:05,1,5,,67,Thurston,0,1,0,4,1,2,1,0,2,2,,,,12,0,6,43.2,2,0,3,3,1,1,2,0,0,0,0,US-12,DENMARK ST SW,-123.0655583,46.81566111,0,2,69,62,4,50,80,0,0,1,2,12,1,1,2,1,1,1,1,53,0,73,706,1997,0,0,12,,,,,,1,1,58,1,7,,4,7,20,7,11,0,05/01/2019,6:05,53020643,20643,0,0,0,2,1,0,0,0,0,96,,,,,,0,,,,,,98579,53,66,125,6,1,0,0,1,0,,0,,,,,,0,10/15/2016,10/15/2016,20,8,0,0,0,9,8,,,0,0,0,8,0,2,1,,,1,,,2,1,0,,,,,,,,,,,,,,,,,,,,,,,,,,,,,,0,0,0,1,0,0,0,0,0,0,0,0,0,0,1,0,0,0,1,0,0,0,0,0,0,1,1,1,1,1,0,0,0,0,1,0,0,0,0,0,0,0,0,0,0,0,0,0,0,0,0,0,,,,,,56-60,56-65,US highway,R,Wednesday,,MC,White,1,0,0,0,State Route,State Patrol,Washington State Patrol,0,1,0,0,0,,,,,,0,0,0,,,,,,,,,,,0,0,0,1,,,,,5,0,,,,,,,,,,,,,,,
2019,527,E977114,42,10/30/2019,6:28,30,10,,67,Thurston,0,1,0,3,1,2,1,0,3,2,,,,12,0,6,9999.9,2,0,3,5,1,2,4,1,0,0,0,CR-LITTLEROCK RD SW,110TH AVE SW,-122.9922444,46.92733611,0,2,83,67,4,50,50,0,0,1,5,12,1,1,2,1,1,1,3,53,2,84,981,2017,0,0,12,,,,,,1,1,62,2,0,,0,0,3,0,11,0,,,,,6,1,0,3,1,0,0,0,0,96,,,,,,0,,,,,,98579,53,66,200,6,1,0,0,0,0,,0,,,,,,0,,,20,0,0,0,8,9,8,,,0,0,0,8,0,8,95,,,96,,,8,95,995,,,,,,,,,,,,,,,,,,,,,,,,,,,,,,0,0,0,1,0,0,0,0,0,0,0,0,0,0,0,0,0,0,1,0,0,0,0,0,0,0,0,0,0,1,0,0,0,0,0,,0,0,0,0,0,0,0,0,0,0,0,0,0,0,0,0,,,,,,61-65,56-65,County road,R,Wednesday,,BUS,Not Fatal,1,0,0,0,County Road,County Sheriff,Thurston County Sheriff's Office,0,0,1,0,0,,,,,,0,0,0,,,,,,,,,,,98,98,98,0,,,,,20,7,,,,,,,,,,,,,,,
2020,104,EA29524,3,03/09/2020,21:23,9,3,,67,Thurston,0,10,,3,1,2,1,0,2,2,,,,12,0,6,39.6,2,0,2,3,1,1,2,0,0,20,3,US-12,MOON RD,-123.1392056,46.82579167,0,1,82,15,2,98,4,0,0,1,2,12,1,1,2,1,11,1,1,53,0,52,46,2008,0,,12,,,,,,1,1,67,1,7,,4,7,3,0,11,0,03/09/2020,21:42,53011719,11719,0,0,3,2,1,38,,,,96,,,,,,98,,,,,,98579,53,73,222,1,1,0,1,1,0,,0,,,,,,0,12/15/2017,12/15/2017,8,0,0,0,0,9,8,,,0,,,8,8,2,401,417,,1,1,,2,1,0,,,,,,,,,,,,,,,,,,,,,,,,,,,,,,0,0,0,1,0,0,1,1,0,0,0,0,0,1,0,0,0,0,1,0,0,0,0,0,0,1,0,0,0,1,0,0,0,0,0,,1,0,0,0,0,0,1,1,0,0,1,1,0,0,1,0,,,,,,66-70,66-75,US highway,R,Monday,Belt Used,PV,White,1,0,0,0,State Route,State Patrol,Washington State Patrol,0,1,0,0,0,,,,,,0,0,1,,,,,,,,,,,98,98,98,1,,,,,20,7,,,,,,,,1,0,,,,,,