year,case,par,repjur,crash_dt,crash_tm,accday,accmon,holiday,county,co_char,city,weather,weather2,lightcond,surfcond,surftype,numfatal,nmforms,pforms,vforms,not_tm,arr_tm,hosp_tm,fhevent,hitrun,manncol,milepnt,reljunc,reljuncinter,intersectiontype,funcsystem,landuse,ownership,route,schlbus,spejur,contdev,devfunc,trafid1,trafid2,x,y,wk_zone,vnumber,crashtype,criticalevent,criticaleventcat,spdlim,body,trailer,emerg,hazcargo,leave,mhevent,roadalgn,roadprof,traflane,trafflow,vehmanvr,numoccs,regowner,regstate,spuse,make,model,modelyr,vrf1,vrf2,seqevent1,seqevent2,seqevent3,seqevent4,seqevent5,seqevent6,pnumber,ptype,age,sex,hispanic,race,injury,diedscene,restraint,restraintmisuse,seatpos,takehosp,death_dt,death_tm,cert,cernum_wa,commlic,licendor,licrestrict,liccomp,drivpres,drf1,drf2,drf3,drf4,distract1,distract2,distract3,distract4,distract5,distract6,dricond1,dricond2,dricond3,dricond4,dricond5,dricond6,dzip,licstate,drhgt_in,weight,noncdl,noncdltype,prevdwi,prevoth,prevacc,prevspd,prevsus,driviol1,driviol2,driviol3,driviol4,driviol5,driviol6,spdrel,first_dt,last_dt,airbag,ejection,ejectpath,extricat,injurwrk,methalc,methdrug,nmlocat,strikveh,prf1,prf2,prf3,druginv,alcinvol,drugsts,drugres1,drugres2,drugres3,drugtst1,drugtst2,drugtst3,alcsts,alctst,alcres,nmact1,nmact2,nmact3,nmact4,nmact5,nmact6,nmprior1,nmprior2,nmprior3,nmprior4,nmprior5,nmprior6,nmcond1,nmcond2,nmcond3,nmcond4,nmcond5,nmcond6,nmsafe_helmet,nmsafe_pads,nmsafe_oth,nmprev_ref,nmprev_lgt,nmprev_oth,crashlocation,nmcrashtype,crosswalk,schoolzone,sidewalk,train_inv,wildlife_inv,rotr_fars,intersect_fars,dd_inv,aid_inv,dpd_inv,id_inv,mj_inv,impnm_inv,ainm_inv,dpnm_inv,speed_inv,unlic_inv,unendmc_inv,drowsy_inv,drdist_inv,nmdist_inv,fty_inv,unrestfat_inv,dr1617_inv,dr1820_inv,dr1620_inv,dr2125_inv,dr1625_inv,dr65_inv,dr70_inv,dr75_inv,mc_inv,pv_inv,ht_inv,ped_inv,bike_inv,unrest_fat,mc_fat,unhelmet_mc,pv_fat,ht_fat,ped_fat,bike_fat,dr_alc7,dr_alc8,dr_drug,dr_imp,dr_dist,dr_spd,dr_fty,dr_unlic,dr_alc7only,dr_alc8only,dr_drugonly,dr_drink,nm_imp,nm_alc7,nm_alc8,nm_drug,nm_dist,agegrp1,agegrp2,roadclass,urbrur,dayweek,restuse,vehtype,race_me,intersect,lanedep,oppdir,wrongway,rep_typ,investag,repag_long,rotr,st_rd,cty_rd,city_rd,oth_rd,drug_thc,thc_res,drug_cthc,cthc_res,drug_cann,prevpersemin,prevperse,prevsusoth,drugtst4,drugtst5,drugtst6,drugtst7,drugtst8,drugres4,drugres5,drugres6,drugres7,drugres8,adspresent,adsengaged,adslevel,race1,race2,race3,race4,race5,helmet,helmetmisuse,nmdistract1,nmdistract2,nmdistract3,nmdistract4,nmdistract5,nmdistract6,lab,isedtcase,crf1,crf2,crf3,CoRoadName,CoMP,IntCoRoadName,IntCoMP
2020,126,EA32402,42,05/05/2020,16:42,5,5,,67,Thurston,0,1,,1,1,2,1,0,1,1,,,,42,0,0,1.4,1,0,1,6,1,2,4,0,0,0,0,CR-JAMES RD SW,,-123.0735028,46.80743056,0,1,7,9,1,40,80,0,0,1,5,42,2,1,2,1,3,1,2,55,0,72,706,2019,0,,68,64,67,42,,,1,1,49,1,7,,4,7,20,7,11,0,05/05/2020,16:42,53021567,21567,0,0,0,3,1,0,,,,96,,,,,,98,,,,,,98579,53,70,230,6,1,0,0,0,0,,0,,,,,,3,,,20,8,0,0,0,9,8,,,0,,,8,8,2,605,,,1,,,2,1,0.19,,,,,,,,,,,,,,,,,,,,,,,,,,,,,,0,0,0,0,1,1,1,1,1,0,0,0,1,0,0,0,0,0,0,0,0,0,0,0,0,0,0,0,1,0,0,0,0,0,1,0,0,0,0,0,0,1,1,1,0,1,0,0,0,0,0,1,,,,,,46-50,46-55,County road,R,Tuesday,,MC,White,0,1,0,0,County Road,County Sheriff,Thurston County Sheriff's Office,1,0,1,0,0,thc,1.1,,,,0,0,0,,,,,,,,,,,0,0,0,1,,,,,5,0,,,,,,,,1,0,,,JAMES RD SW,1.416,,
2020,246,EA49865,82,07/24/2020,6:26,24,7,,41,Lewis,300,10,,1,1,2,1,0,1,1,7:28,7:34,,43,0,0,0.4,3,1,2,1,2,1,1,0,0,3,3,I-5,HARRISON AVE,-122.9777528,46.72760278,0,1,1,15,2,98,20,0,0,1,2,43,1,1,2,6,11,1,1,53,0,37,441,2002,0,,63,43,,,,,1,1,54,8,7,,4,7,20,7,11,0,07/24/2020,6:26,30053036391,36391,0,0,0,3,1,8,30,50,,96,,,,,,98,,,,,,98579,53,72,170,6,1,0,0,0,1,,0,,,,,,0,11/15/2017,11/15/2017,8,0,0,0,0,9,8,,,0,,,8,8,2,401,695,605,1,1,1,2,1,0,,,,,,,,,,,,,,,,,,,,,,,,,,,,,,0,0,1,1,0,0,1,1,1,0,0,0,0,0,0,0,0,0,0,1,0,0,0,0,0,0,0,0,0,1,0,0,0,1,0,,1,0,0,0,0,0,1,1,0,0,0,0,0,0,1,0,,,,,,51-55,46-55,Interstate,U,Friday,Not Used,PV,White,1,0,0,1,State Route,Municipal/City Police,Centralia Police Department,0,1,0,0,0,thc,5.1,carboxy-thc,20,,0,0,0,,,,,,,,,,,98,98,98,1,,,,,20,7,,,,,,,nms,1,0,,,,,,
2021,412,EB77843,222,10/06/2021,10:05,6,10,,67,Thurston,1590,1,,1,2,2,2,0,6,4,,,,12,0,6,0,2,0,2,4,2,4,6,0,0,3,3,COOPER POINT RD SW,Capitol Mall Dr SW,-122.9391778,47.03991944,0,4,98,98,7,98,14,0,0,1,5,12,8,8,4,1,5,2,1,53,0,55,401,2007,0,,12,,,,,,1,1,64,2,0,,9,0,99,7,11,8,,,,,0,0,0,3,1,0,,,,96,,,,,,98,,,,,,98579,53,65,170,6,1,0,0,0,0,,0,,,,,,0,,,20,0,0,0,8,9,8,,,0,,,8,8,8,95,,,96,,,8,95,995,,,,,,,,,,,,,,,,,,,,,,,,,,,,,,0,0,0,1,1,0,1,1,0,0,0,0,0,0,0,0,0,0,0,0,0,0,0,0,0,1,1,1,0,1,0,0,0,0,0,,0,0,0,0,0,0,0,0,0,0,0,0,0,0,0,0,,,,,,61-65,56-65,City street,U,Wednesday,Unknown,PV,Not Fatal,1,0,0,0,City Street,Municipal/City Police,Olympia Police Department,0,0,0,1,0,,,,,,0,0,0,,,,,,,,,,,98,98,98,0,,,,,20,,,,,,,,,1,0,,,,,,
2021,428,EB80717,3,10/18/2021,18:43,18,10,,67,Thurston,0,1,,1,1,2,1,0,4,3,,,,12,0,1,43.7,3,0,3,3,2,1,2,0,0,0,0,US-12,HUNTINGTON ST,-123.0579389,46.81133333,0,1,20,50,3,50,2,0,0,1,2,12,1,1,2,1,1,1,2,53,0,20,22,2008,0,,12,,,,,,1,1,16,2,0,,0,0,3,0,11,0,,,,,0,0,1,3,1,0,,,,96,,,,,,98,,,,,,98579,53,66,135,6,2,0,0,0,0,,97,,,,,,0,,,1,0,0,0,8,9,8,,,0,,,8,8,8,95,,,96,,,8,95,995,,,,,,,,,,,,,,,,,,,,,,,,,,,,,,0,0,0,1,0,0,0,0,0,0,0,0,0,0,0,0,0,0,0,0,1,0,1,0,1,0,0,0,0,1,0,0,0,0,0,,0,0,0,0,0,0,0,0,0,0,0,0,0,0,0,0,,,,,,16-17,16-25,US highway,U,Monday,Belt Used,PV,Not Fatal,1,0,0,0,State Route,State Patrol,Washington State Patrol,0,1,0,0,0,,,,,,0,0,0,,,,,,,,,,,98,98,98,0,,,,,20,,,,,,,,,1,0,,,,,,
2021,428,EB80717,3,10/18/2021,18:43,18,10,,67,Thurston,0,1,,1,1,2,1,0,4,3,,,,12,0,1,43.7,3,0,3,3,2,1,2,0,0,0,0,US-12,HUNTINGTON ST,-123.0579389,46.81133333,0,2,21,53,3,50,4,0,0,1,2,12,1,1,2,1,5,1,1,53,0,49,32,1996,0,,12,68,12,,,,1,1,42,2,7,,4,0,3,0,11,5,10/18/2021,21:26,1.59053E+11,56392,0,0,0,3,1,0,,,,96,,,,,,98,,,,,,98579,53,62,200,6,1,0,0,0,0,,0,,,,,,0,,,20,0,0,0,0,9,8,,,0,,,8,8,8,95,,,96,,,8,95,995,,,,,,,,,,,,,,,,,,,,,,,,,,,,,,0,0,0,1,0,0,0,0,0,0,0,0,0,0,0,0,0,0,0,0,1,0,1,0,1,0,0,0,0,1,0,0,0,0,0,,1,0,0,0,0,0,0,0,0,0,0,0,0,0,0,0,,,,,,41-45,36-45,US highway,U,Monday,Belt Used,PV,White,1,0,0,0,State Route,State Patrol,Washington State Patrol,0,1,0,0,0,,,,,,0,0,0,,,,,,,,,,,0,0,0,1,,,,,20,,,,,,,,,1,0,,,,,,
2021,428,EB80717,3,10/18/2021,18:43,18,10,,67,Thurston,0,1,,1,1,2,1,0,4,3,,,,12,0,1,43.7,3,0,3,3,2,1,2,0,0,0,0,US-12,HUNTINGTON ST,-123.0579389,46.81133333,0,3,98,62,4,50,14,0,0,1,2,12,1,1,2,1,1,2,2,53,0,37,402,2013,0,,12,,,,,,1,1,35,1,0,,2,0,3,0,11,0,,,,,0,0,0,3,1,0,,,,96,,,,,,98,,,,,,98579,53,67,165,6,1,0,0,0,1,,0,,,,,,0,02/15/2019,02/15/2019,1,0,0,0,8,9,8,,,0,,,8,8,8,95,,,96,,,8,95,995,,,,,,,,,,,,,,,,,,,,,,,,,,,,,,0,0,0,1,0,0,0,0,0,0,0,0,0,0,0,0,0,0,0,0,1,0,1,0,1,0,0,0,0,1,0,0,0,0,0,,0,0,0,0,0,0,0,0,0,0,0,0,0,0,0,0,,,,,,31-35,26-35,US highway,U,Monday,Belt Used,PV,Not Fatal,1,0,0,0,State Route,State Patrol,Washington State Patrol,0,1,0,0,0,,,,,,0,0,0,,,,,,,,,,,98,98,98,0,,,,,20,,,,,,,,,1,0,,,,,,
2017,340,E711224,3,08/31/2017,16:14,31,8,0,53,Pierce,1124,1,0,1,1,2,1,0,8,6,,,,12,0,1,0.5,17,1,1,3,2,1,3,0,0,0,0,SR-512,,-122.4679194,47.16010556,0,4,98,98,7,60,4,0,0,1,2,12,1,1,4,3,5,1,1,53,0,7,24,2007,0,0,12,12,,,,,1,1,30,2,0,0,0,0,3,0,11,0,,,,,0,0,0,2,1,0,0,0,0,0,,,,,,0,,,,,,98580,53,62,145,1,1,1,1,3,1,5,97,,,,,,0,12/15/2012,03/15/2017,20,0,0,0,8,9,8,,,0,0,0,8,0,0,0,0,0,0,0,0,0,0,996,,,,,,,,,,,,,,,,,,,,,,,,,,,,,,0,0,0,0,0,0,0,0,0,0,0,0,1,1,0,0,1,0,0,0,0,0,0,0,0,0,0,0,1,1,1,0,0,0,0,,0,0,0,0,0,0,0,0,0,0,0,1,0,0,0,0,,,,,,26-30,26-35,State route,U,Thursday,Belt Used,PV,Not Fatal,0,0,0,0,State Route,State Patrol,Washington State Patrol Headquarter,0,1,0,0,0,,,,,,,,,,,,,,,,,,,,,,,,,,,,,,,,,,,,,,,,,,,
2017,371,E713158,42,09/09/2017,20:28,9,9,0,67,Thurston,0,10,0,2,2,2,1,0,1,1,,,,1,0,0,11.1,1,0,1,7,1,2,4,0,0,0,0,CR-BALD HILL RD SE,,-122.4800306,46.81732778,0,1,2,13,2,50,34,0,0,1,2,1,3,1,2,1,14,1,2,53,0,49,471,1994,0,0,63,1,,,,,1,1,34,1,1,3,4,7,20,0,11,0,09/09/2017,20:28,53040384,40384,0,0,3,3,1,0,0,0,0,92,,,,,,99,,,,,,98580,53,70,170,6,1,0,1,0,1,3,0,,,,,,0,03/15/2013,08/15/2017,99,2,9,0,0,9,8,,,0,0,0,8,9,2,605,0,0,1,0,0,2,1,0.23,,,,,,,,,,,,,,,,,,,,,,,,,,,,,,0,0,0,0,1,1,1,1,1,0,0,0,0,0,0,0,1,0,0,0,0,0,0,0,0,0,0,0,0,0,0,0,0,1,0,,0,0,0,0,0,1,1,1,1,0,0,0,0,0,0,1,,,,,,31-35,26-35,County road,R,Saturday,Not Used,PV,Hispanic,0,1,0,0,County Road,County Sheriff,Thurston County Sheriff's Office,1,0,1,0,0,thc,6.2,carboxy-thc,12,,,,,,,,,,,,,,,,,,,,,,,,,,,,,,,,,,,,,,,
2017,442,E728776,35,10/28/2017,18:42,28,10,0,53,Pierce,0,5,0,3,1,2,1,0,3,2,,,,12,0,8,2,2,0,2,4,1,2,4,0,0,0,0,CR-304TH ST E,WEBSTER RD E,-122.3155806,46.98018056,0,1,69,54,3,45,16,0,0,1,2,1,1,3,2,1,1,1,2,53,0,20,431,1994,0,0,12,63,1,,,,1,1,33,1,7,1,4,0,20,0,11,4,10/28/2017,20:30,2.23053E+11,46908,0,0,0,3,1,0,0,0,0,96,,,,,,9,,,,,,98580,53,67,150,6,1,0,1,0,2,0,0,,,,,,3,12/15/2014,07/15/2016,20,1,9,0,0,1,8,,,0,0,0,8,1,2,348,605,0,1,1,0,2,1,0.12,,,,,,,,,,,,,,,,,,,,,,,,,,,,,,0,0,0,1,1,1,1,1,1,0,0,0,1,0,0,0,0,0,0,1,0,0,0,0,0,0,0,0,0,1,0,0,0,1,0,,1,0,0,0,0,1,1,1,0,1,0,0,0,0,0,1,,,,,,31-35,26-35,County road,R,Saturday,Not Used,PV,White,1,0,0,0,County Road,County Sheriff,Law Enforcement Support Agency,0,0,1,0,0,thc,2.5,,,,,,,,,,,,,,,,,,,,,,,,,,,,,,,,,,,,,,,,,
2018,16,E760817,35,01/19/2018,21:00,19,1,0,53,Pierce,0,1,0,2,2,2,1,1,2,1,21:01,21:16,,9,1,0,0.4,1,0,1,6,1,2,4,0,0,0,0,CR-336TH ST S,,-122.5457417,46.95236111,0,1,13,10,2,35,4,0,0,1,5,9,1,1,2,1,1,2,2,53,0,54,35,2004,0,0,68,9,,,,,1,1,31,1,0,0,0,0,99,0,11,0,,,,,0,0,0,3,1,28,0,0,0,93,,,,,,0,,,,,,98580,53,74,225,6,1,0,0,0,0,,97,,,,,,3,01/15/2014,02/15/2014,99,0,0,0,8,9,8,,,0,0,0,8,0,8,95,,,96,,,8,95,995,,,,,,,,,,,,,,,,,,,,,,,,,,,,,,0,0,0,0,0,0,0,0,0,0,0,0,1,0,0,0,1,0,0,0,0,0,0,0,0,0,0,0,0,1,0,0,1,0,0,,0,0,0,0,0,0,0,0,1,1,0,0,0,0,0,0,,,,,,31-35,26-35,County road,R,Friday,Unknown,PV,Not Fatal,0,0,0,0,County Road,County Sheriff,Law Enforcement Support Agency,0,0,1,0,0,,,,,,0,0,4,,,,,,,,,,,,,,,,,,,,,,,,,,,,,,,,,,,
2018,86,E781688,7,03/22/2018,23:40,22,3,0,33,King,0,2,0,3,2,2,2,0,3,2,,,,12,0,6,15.7,1,0,1,3,2,1,3,0,0,0,0,SR-18,,-122.0573333,47.38806111,0,2,98,62,4,60,34,0,0,1,7,12,1,2,4,2,1,1,2,53,0,41,471,1989,0,0,12,,,,,,1,1,38,1,7,1,4,7,3,0,11,0,03/22/2018,23:40,1.26453E+11,14374,0,0,0,3,1,0,0,0,0,96,,,,,,0,,,,,,98580,53,74,275,6,1,0,1,0,0,,0,,,,,,0,01/15/2015,12/15/2017,20,0,0,0,0,9,8,,,0,0,0,8,0,2,151,695,996,1,1,1,2,1,0,,,,,,,,,,,,,,,,,,,,,,,,,,,,,,0,0,0,0,0,0,1,1,1,0,0,0,0,1,0,0,0,0,0,1,0,0,0,0,0,0,0,0,0,1,0,0,0,0,0,,1,0,0,0,0,0,1,1,0,0,0,0,0,0,1,0,,,,,,36-40,36-45,State route,U,Thursday,Belt Used,PV,White,0,1,1,0,State Route,State Patrol,Washington State Patrol Headquarter,0,1,0,0,0,,,carboxy-thc,36,,0,0,1,1,,,,,348,,,,,,,,,,,,,,,,,,,,,,,,,,,,,
2018,139,E799941,35,05/19/2018,12:53,19,5,0,53,Pierce,0,1,0,1,1,2,1,0,2,2,12:52,13:14,,1,0,0,0.7,1,0,1,6,1,2,4,0,0,0,0,CR-320TH ST S,,-122.5404139,46.96683611,0,2,98,53,3,35,34,0,0,1,5,12,1,1,2,1,5,1,1,53,0,35,472,2006,0,0,12,,,,,,1,1,61,2,0,0,0,0,3,0,11,0,,,,,0,0,0,3,1,0,0,0,0,96,,,,,,0,,,,,,98580,53,65,180,6,1,0,0,0,0,,0,,,,,,0,,,20,0,0,0,8,9,8,,,0,0,0,8,0,8,95,,,96,,,8,95,995,,,,,,,,,,,,,,,,,,,,,,,,,,,,,,0,0,0,0,0,0,0,0,0,0,0,0,1,0,0,0,0,0,0,0,0,0,0,0,0,0,0,0,1,1,0,0,0,0,0,,0,0,0,0,0,0,0,0,0,0,0,0,0,0,0,0,,,,,,61-65,56-65,County road,R,Saturday,Belt Used,PV,Not Fatal,0,0,0,0,County Road,County Sheriff,Law Enforcement Support Agency,0,0,1,0,0,,,,,,0,0,0,,,,,,,,,,,,,,,,,,,,,,,,,,,,,,,,,,,
2018,505,E812564,173,06/21/2018,15:55,21,6,0,53,Pierce,1124,1,0,1,1,2,1,0,6,5,,,,12,0,6,0,2,0,2,3,2,4,6,0,0,3,3,LAKEWOOD DR SW,STEILACOOM BLVD SW,-122.5078278,47.17651389,0,5,98,98,7,35,14,0,0,1,5,12,1,1,4,1,5,1,1,53,0,48,401,2004,0,0,12,,,,,,1,1,62,1,0,0,0,0,3,0,11,0,,,,,0,0,3,3,1,0,0,0,0,0,,,,,,0,,,,,,98580,53,70,200,6,1,0,0,1,0,,0,,,,,,0,10/15/2016,10/15/2016,20,0,0,0,8,9,8,,,0,0,0,8,0,8,95,,,96,,,8,95,995,,,,,,,,,,,,,,,,,,,,,,,,,,,,,,0,0,0,1,0,0,1,1,0,0,0,0,1,0,0,0,0,0,0,0,0,0,0,1,1,1,0,0,0,1,0,0,0,0,0,,0,0,0,0,0,0,0,0,0,0,0,0,0,0,0,0,,,,,,61-65,56-65,City street,U,Thursday,Belt Used,PV,Not Fatal,1,0,0,0,City Street,Municipal/City Police,Lakewood Police Department,0,0,0,1,0,,,,,,0,0,0,,,,,,,,,,,,,,,,,,,,,,,,,,,,,,,,,,,
2018,327,E837994,3,09/07/2018,17:28,7,9,0,67,Thurston,0,10,0,5,1,2,1,0,4,4,,,,12,0,8,6.3,1,0,1,4,2,1,3,0,0,0,0,SR-510,,-122.6943444,47.01323056,0,2,65,62,4,45,4,0,0,1,2,12,3,1,2,1,14,1,1,53,0,55,33,2016,0,0,12,,,,,,1,1,49,2,0,0,1,0,3,0,11,8,,,,,0,0,3,3,1,0,0,0,0,96,,,,,,0,,,,,,98580,53,67,190,6,1,0,0,0,0,,0,,,,,,0,,,8,0,0,0,8,9,8,,,0,0,0,8,0,8,95,,,96,,,8,95,995,,,,,,,,,,,,,,,,,,,,,,,,,,,,,,0,0,0,0,0,0,1,1,0,0,0,0,0,0,0,0,0,0,0,1,0,0,0,0,0,1,0,0,0,1,0,0,0,0,0,,0,0,0,0,0,0,0,0,0,0,0,0,0,0,0,0,,,,,,46-50,46-55,State route,U,Friday,Belt Used,PV,Not Fatal,0,1,1,0,State Route,State Patrol,Washington State Patrol,0,1,0,0,0,,,,,,0,0,0,,,,,,,,,,,,,,,,,,,,,,,,,,,,,,,,,,,
2018,327,E837994,3,09/07/2018,17:28,7,9,0,67,Thurston,0,10,0,5,1,2,1,0,4,4,,,,12,0,8,6.3,1,0,1,4,2,1,3,0,0,0,0,SR-510,,-122.6943444,47.01323056,0,4,98,98,7,45,14,1,0,1,5,12,3,1,2,1,14,1,2,53,0,35,402,2013,0,0,12,,,,,,1,1,68,1,0,0,0,0,3,0,11,0,,,,,0,0,3,3,1,0,0,0,0,96,,,,,,0,,,,,,98580,53,69,260,6,1,0,0,1,0,,0,,,,,,0,03/15/2018,03/15/2018,20,0,0,0,8,9,8,,,0,0,0,8,0,8,95,,,96,,,8,95,995,,,,,,,,,,,,,,,,,,,,,,,,,,,,,,0,0,0,0,0,0,1,1,0,0,0,0,0,0,0,0,0,0,0,1,0,0,0,0,0,1,0,0,0,1,0,0,0,0,0,,0,0,0,0,0,0,0,0,0,0,0,0,0,0,0,0,,,,,,66-70,66-75,State route,U,Friday,Belt Used,PV,Not Fatal,0,1,1,0,State Route,State Patrol,Washington State Patrol,0,1,0,0,0,,,,,,0,0,0,,,,,,,,,,,,,,,,,,,,,,,,,,,,,,,,,,,
2019,61,E899305,35,03/01/2019,11:21,1,3,,53,Pierce,0,1,0,1,1,2,1,0,1,1,,,,42,0,0,11.4,1,0,1,4,1,2,4,0,0,0,0,CR-8TH AVE S,,-122.4426806,46.96987222,0,1,1,13,2,45,34,0,0,1,7,42,1,2,2,1,1,1,1,53,0,12,471,1999,0,0,63,42,,,,,1,1,79,1,7,,4,7,20,7,11,0,03/01/2019,11:21,53010294,10294,0,0,0,3,1,0,0,0,0,96,,,,,,1,,,,,,98580,53,71,175,6,1,0,1,0,0,,0,,,,,,0,07/15/2017,07/15/2017,1,0,0,0,0,9,8,,,0,0,0,8,0,2,996,417,,1,1,,2,1,0,,,,,,,,,,,,,,,,,,,,,,,,,,,,,,0,0,1,0,0,0,1,1,0,0,0,0,0,0,0,0,0,0,0,1,0,0,0,0,0,1,1,1,0,1,0,0,0,1,0,,1,0,0,0,0,0,1,1,0,0,0,0,0,0,1,0,,,,,,76-80,76+,County road,R,Friday,Not Used,PV,White,0,1,0,0,County Road,County Sheriff,Law Enforcement Support Agency,1,0,1,0,0,,,,,,0,0,0,,,,,,,,,,,0,0,0,1,,,,,20,7,,,,,,,,,,,,,,,
2019,484,E995595,7,12/18/2019,12:03,18,12,,33,King,980,10,0,1,1,2,1,0,4,3,,,,12,0,1,12.1,1,0,1,1,2,1,1,0,0,0,0,I-90,,-122.0940472,47.56213333,0,3,98,98,7,60,66,1,0,1,5,12,1,1,4,3,1,1,3,53,0,85,881,2020,0,0,12,,,,,,1,1,48,1,0,,0,0,3,0,11,0,,,,,6,1,3,3,1,0,0,0,0,96,,,,,,0,,,,,,98580,53,73,175,6,1,0,1,2,0,,0,,,,,,0,05/15/2018,06/15/2018,20,0,0,0,8,9,8,,,0,0,0,8,0,8,95,,,96,,,8,95,995,,,,,,,,,,,,,,,,,,,,,,,,,,,,,,0,0,0,0,0,0,0,0,0,0,0,0,1,0,0,0,0,0,0,1,0,0,0,0,0,0,0,0,0,1,1,0,0,0,0,,0,0,0,0,0,0,0,0,0,0,0,0,0,0,0,0,,,,,,46-50,46-55,Interstate,U,Wednesday,,MHTRUCK,Not Fatal,0,0,0,0,State Route,State Patrol,Washington State Patrol,0,1,0,0,0,,,,,,0,0,0,,,,,,,,,,,98,98,98,0,,,,,20,7,,,,,,,,,,,,,,,
2021,123,EB26803,3,04/25/2021,20:49,25,4,,53,Pierce,0,10,,5,1,2,1,0,2,2,,,,12,0,11,41.4,1,0,1,3,1,1,3,0,0,0,0,SR-7,,-122.3691556,47.01238333,0,2,98,62,4,55,80,0,0,1,2,12,1,1,2,1,1,1,1,53,0,72,706,2004,0,,12,,,,,,1,1,58,1,7,,4,7,20,7,11,0,04/25/2021,20:49,53023130,23130,0,0,3,3,1,0,,,,96,,,,,,98,,,,,,98580,53,71,190,6,1,0,0,0,0,,0,,,,,,0,,,20,8,0,0,0,9,8,,,0,,,8,8,2,695,605,,1,1,,2,1,0,,,,,,,,,,,,,,,,,,,,,,,,,,,,,,0,0,0,0,0,0,1,1,1,0,0,0,1,0,0,0,0,0,0,0,0,0,0,0,0,0,0,0,1,1,0,0,0,0,1,0,0,0,0,0,0,0,1,1,0,0,0,0,0,0,1,0,,,,,,56-60,56-65,State route,R,Sunday,,MC,White,0,1,1,0,State Route,State Patrol,Washington State Patrol,0,1,0,0,0,thc,20,carboxy-thc,40,,0,0,0,,,,,,,,,,,0,0,0,1,,,,,19,,,,,,,,nms,1,0,,,,,,
2021,159,EB34721,3,05/28/2021,22:14,28,5,,53,Pierce,0,1,,2,1,2,1,0,1,1,,,,42,0,0,42.7,1,0,1,4,1,1,3,0,0,0,0,SR-507,,-122.4434806,47.06755556,0,1,6,12,2,55,4,0,0,1,2,42,2,1,2,1,14,1,1,53,0,32,43,2005,0,,68,64,42,38,,,1,1,39,1,7,,4,7,3,0,11,0,05/28/2021,22:14,53026187,26187,0,0,0,3,1,0,,,,96,,,,,,9,,,,,,98580,53,73,185,6,1,0,0,0,0,,0,,,,,,4,,,99,0,0,0,0,1,8,,,0,,,1,1,2,1,,,1,,,2,1,0.204,,,,,,,,,,,,,,,,,,,,,,,,,,,,,,0,0,1,0,1,1,0,1,0,0,0,0,1,0,0,0,0,0,0,0,0,0,0,0,0,0,0,0,0,1,0,0,0,0,0,,1,0,0,0,0,1,0,1,0,1,0,0,0,1,0,1,,,,,,36-40,36-45,State route,R,Friday,Belt Used,PV,White,0,1,0,0,State Route,State Patrol,Washington State Patrol,1,1,0,0,0,,,,,,0,0,0,,,,,,,,,,,98,98,98,1,,,,,20,,,,,,,,,1,0,,,,,,
2021,254,EB52442,35,07/27/2021,19:58,27,7,,53,Pierce,0,1,,5,1,2,1,0,3,2,,,,12,0,6,2.2,2,0,3,3,2,2,4,0,0,0,0,CR-LAKEWOOD DR W,68TH ST W,-122.5086972,47.19619722,0,1,83,67,4,40,80,0,0,1,2,12,1,1,5,5,1,1,1,53,0,76,705,2003,0,,12,,,,,,1,1,46,1,7,,4,7,20,7,11,0,07/27/2021,20:26,53037787,37787,0,0,0,2,1,0,,,,96,,,,,,98,,,,,,98580,53,70,175,6,1,0,1,0,1,,0,,,,,,0,06/15/2017,07/15/2019,20,8,0,0,0,9,8,,,0,,,8,8,2,695,605,401,1,1,1,2,1,0.022,,,,,,,,,,,,,,,,,,,,,,,,,,,,,,0,0,0,1,1,0,1,1,1,0,0,0,0,0,1,0,0,0,0,0,0,0,0,1,1,0,0,0,1,1,0,0,0,0,1,0,0,0,0,0,1,0,1,1,0,0,0,0,0,0,0,1,,,,,,46-50,46-55,County road,U,Tuesday,,MC,API,1,0,0,0,County Road,County Sheriff,Law Enforcement Support Agency,0,0,1,0,0,thc,11,carboxy-thc,29,,0,0,1,1,,,,,417,,,,,0,0,0,6,,,,,19,,,,,,,,nms,1,0,,,LAKEWOOD DR W,2.21,068 ST W,0
2021,397,EB75190,7,09/29/2021,2:02,29,9,,33,King,100,1,,3,1,2,1,0,6,5,,,,12,0,2,3.9,1,0,1,2,2,1,3,0,0,0,0,SR-18,,-122.2434222,47.30276944,0,4,98,90,6,60,66,1,0,1,5,18,1,1,2,3,1,1,3,17,0,51,881,2021,0,,18,,,,,,1,1,60,1,0,,0,0,3,0,11,0,,,,,6,1,3,3,1,0,,,,96,,,,,,98,,,,,,98580,53,69,180,6,1,0,0,0,0,,0,,,,,,0,,,20,0,0,0,8,9,8,,,0,,,8,8,0,0,,,0,,,0,0,996,,,,,,,,,,,,,,,,,,,,,,,,,,,,,,0,0,0,0,1,1,1,1,0,0,0,0,0,0,0,0,0,0,0,1,0,0,0,0,0,0,0,0,0,1,1,0,0,0,0,,0,0,0,0,0,0,0,0,0,0,0,0,0,0,0,0,,,,,,56-60,56-65,State route,U,Wednesday,,MHTRUCK,Not Fatal,0,0,0,1,State Route,State Patrol,Washington State Patrol,0,1,0,0,0,,,,,,0,0,0,,,,,,,,,,,98,98,98,0,,,,,20,,,,,,,,,1,0,,,,,,