year,case,par,repjur,crash_dt,crash_tm,accday,accmon,holiday,county,co_char,city,weather,weather2,lightcond,surfcond,surftype,numfatal,nmforms,pforms,vforms,not_tm,arr_tm,hosp_tm,fhevent,hitrun,manncol,milepnt,reljunc,reljuncinter,intersectiontype,funcsystem,landuse,ownership,route,schlbus,spejur,contdev,devfunc,trafid1,trafid2,x,y,wk_zone,vnumber,crashtype,criticalevent,criticaleventcat,spdlim,body,trailer,emerg,hazcargo,leave,mhevent,roadalgn,roadprof,traflane,trafflow,vehmanvr,numoccs,regowner,regstate,spuse,make,model,modelyr,vrf1,vrf2,seqevent1,seqevent2,seqevent3,seqevent4,seqevent5,seqevent6,pnumber,ptype,age,sex,hispanic,race,injury,diedscene,restraint,restraintmisuse,seatpos,takehosp,death_dt,death_tm,cert,cernum_wa,commlic,licendor,licrestrict,liccomp,drivpres,drf1,drf2,drf3,drf4,distract1,distract2,distract3,distract4,distract5,distract6,dricond1,dricond2,dricond3,dricond4,dricond5,dricond6,dzip,licstate,drhgt_in,weight,noncdl,noncdltype,prevdwi,prevoth,prevacc,prevspd,prevsus,driviol1,driviol2,driviol3,driviol4,driviol5,driviol6,spdrel,first_dt,last_dt,airbag,ejection,ejectpath,extricat,injurwrk,methalc,methdrug,nmlocat,strikveh,prf1,prf2,prf3,druginv,alcinvol,drugsts,drugres1,drugres2,drugres3,drugtst1,drugtst2,drugtst3,alcsts,alctst,alcres,nmact1,nmact2,nmact3,nmact4,nmact5,nmact6,nmprior1,nmprior2,nmprior3,nmprior4,nmprior5,nmprior6,nmcond1,nmcond2,nmcond3,nmcond4,nmcond5,nmcond6,nmsafe_helmet,nmsafe_pads,nmsafe_oth,nmprev_ref,nmprev_lgt,nmprev_oth,crashlocation,nmcrashtype,crosswalk,schoolzone,sidewalk,train_inv,wildlife_inv,rotr_fars,intersect_fars,dd_inv,aid_inv,dpd_inv,id_inv,mj_inv,impnm_inv,ainm_inv,dpnm_inv,speed_inv,unlic_inv,unendmc_inv,drowsy_inv,drdist_inv,nmdist_inv,fty_inv,unrestfat_inv,dr1617_inv,dr1820_inv,dr1620_inv,dr2125_inv,dr1625_inv,dr65_inv,dr70_inv,dr75_inv,mc_inv,pv_inv,ht_inv,ped_inv,bike_inv,unrest_fat,mc_fat,unhelmet_mc,pv_fat,ht_fat,ped_fat,bike_fat,dr_alc7,dr_alc8,dr_drug,dr_imp,dr_dist,dr_spd,dr_fty,dr_unlic,dr_alc7only,dr_alc8only,dr_drugonly,dr_drink,nm_imp,nm_alc7,nm_alc8,nm_drug,nm_dist,agegrp1,agegrp2,roadclass,urbrur,dayweek,restuse,vehtype,race_me,intersect,lanedep,oppdir,wrongway,rep_typ,investag,repag_long,rotr,st_rd,cty_rd,city_rd,oth_rd,drug_thc,thc_res,drug_cthc,cthc_res,drug_cann,prevpersemin,prevperse,prevsusoth,drugtst4,drugtst5,drugtst6,drugtst7,drugtst8,drugres4,drugres5,drugres6,drugres7,drugres8,adspresent,adsengaged,adslevel,race1,race2,race3,race4,race5,helmet,helmetmisuse,nmdistract1,nmdistract2,nmdistract3,nmdistract4,nmdistract5,nmdistract6,lab,isedtcase,crf1,crf2,crf3,CoRoadName,CoMP,IntCoRoadName,IntCoMP
2021,520,EB99821,349,11/09/2021,11:56,9,11,,53,Pierce,0,10,,1,1,2,1,0,3,2,,,,12,0,6,,2,0,2,5,1,2,4,0,0,20,3,CR-RICE CANDLE RD,8TH AVE E,-122.4217222,47.02359722,0,1,87,17,2,35,4,0,0,1,2,12,1,1,2,1,1,2,2,53,0,49,40,1995,0,,12,,,,,,1,1,18,2,0,,2,0,3,0,11,5,,,,,0,0,0,3,1,39,,,,92,,,,,,98,,,,,,98580,53,71,155,6,1,0,0,0,0,,99,,,,,,0,,,8,0,0,0,8,9,8,,,0,,,8,8,2,695,,,1,,,2,1,0,,,,,,,,,,,,,,,,,,,,,,,,,,,,,,0,0,0,1,0,0,1,1,1,0,0,0,0,0,0,0,1,0,0,1,0,1,1,0,1,0,0,0,0,1,0,0,0,0,0,,0,0,0,0,0,0,1,1,1,0,0,0,0,0,1,0,,,,,,18-20,16-25,County road,R,Tuesday,Belt Used,PV,Not Fatal,1,0,0,0,County Road,Municipal/City Police,"Hdqtrs, 1st Military Police Brigade",0,0,1,0,0,,,carboxy-thc,10,,0,0,0,,,,,,,,,,,0,0,0,0,,,,,20,,,,,,,,,1,0,,,008 AVE E (FT LEWIS),6.23,NULL,
2021,520,EB99821,349,11/09/2021,11:56,9,11,,53,Pierce,0,10,,1,1,2,1,0,3,2,,,,12,0,6,,2,0,2,5,1,2,4,0,0,0,0,CR-RICE CANDLE RD,8TH AVE E,-122.4217222,47.02359722,0,2,86,66,4,45,34,0,0,1,2,12,1,1,2,1,1,1,1,53,0,12,471,1995,0,,12,,,,,,1,1,53,1,0,,2,0,3,0,11,0,,,,,0,0,0,3,1,0,,,,96,,,,,,0,,,,,,98580,53,67,170,6,1,0,0,0,1,,0,,,,,,0,06/15/2017,06/15/2017,8,0,0,0,8,9,8,,,0,,,8,8,0,0,,,0,,,0,0,996,,,,,,,,,,,,,,,,,,,,,,,,,,,,,,0,0,0,1,0,0,1,1,1,0,0,0,0,0,0,0,1,0,0,1,0,1,1,0,1,0,0,0,0,1,0,0,0,0,0,,0,0,0,0,0,0,0,0,0,0,0,0,0,0,0,0,,,,,,51-55,46-55,County road,R,Tuesday,Belt Used,PV,Not Fatal,1,0,0,0,County Road,Municipal/City Police,"Hdqtrs, 1st Military Police Brigade",0,0,1,0,0,,,,,,0,0,0,,,,,,,,,,,0,0,0,0,,,,,20,,,,,,,,,1,0,,,008 AVE E (FT LEWIS),6.23,NULL,
2017,229,E687349,8,07/01/2017,14:00,1,7,5,45,Mason,0,1,0,1,1,2,1,0,3,1,14:03,14:20,15:18,42,0,0,9.5,1,0,1,4,1,1,3,0,0,0,0,SR-108,,-123.1331583,47.10972778,0,1,1,13,2,50,34,0,0,1,2,42,1,1,2,1,1,3,2,53,0,20,481,2002,0,0,63,42,,,,,1,1,25,1,0,0,5,0,99,0,11,0,,,,,0,0,3,2,1,91,0,0,0,96,,,,,,9,,,,,,98582,53,70,195,2,1,2,8,1,1,1,1,,,,,,3,11/15/2015,04/15/2016,1,0,0,0,8,9,8,,,0,0,0,8,1,0,0,0,0,0,0,0,0,0,996,,,,,,,,,,,,,,,,,,,,,,,,,,,,,,0,0,1,0,1,0,0,0,0,0,0,0,1,1,0,0,0,0,0,0,0,0,0,1,1,0,0,0,0,0,0,0,0,0,0,,0,0,0,0,0,0,0,0,0,1,0,1,0,0,0,1,,,,,,21-25,16-25,State route,R,Saturday,Unknown,PV,Not Fatal,0,1,0,0,State Route,State Patrol,Washington State Patrol Headquarter,1,1,0,0,0,,,,,,,,,,,,,,,,,,,,,,,,,,,,,,,,,,,,,,,,,,,
2021,200,EB43874,5,06/15/2021,9:39,15,6,,11,Clark,0,10,,1,1,1,1,0,3,2,,,,12,0,6,6.7,2,0,2,3,2,1,3,0,0,3,3,SR-503,NE 76TH ST,-122.5525444,45.677825,0,1,68,15,2,40,34,0,0,1,2,12,1,2,6,1,11,2,1,53,0,12,481,1973,0,,12,,,,,,1,1,62,1,0,,2,0,3,0,11,0,,,,,0,0,0,3,1,38,,,,96,,,,,,98,,,,,,98582,53,65,185,6,1,0,0,0,0,,97,,,,,,0,,,20,0,0,0,8,9,2,,,0,,,8,0,0,0,,,0,,,2,98,0,,,,,,,,,,,,,,,,,,,,,,,,,,,,,,0,0,0,1,0,0,0,0,0,0,0,0,0,0,0,0,0,0,1,0,0,0,0,0,0,0,0,0,0,1,1,0,0,0,0,,0,0,0,0,0,0,0,0,0,0,1,0,0,0,0,0,,,,,,61-65,56-65,State route,U,Tuesday,Belt Used,PV,Not Fatal,1,0,0,0,State Route,State Patrol,Washington State Patrol,0,1,0,0,0,,,,,,0,0,0,,,,,,,,,,,0,0,0,0,,,,,20,,,,,,,,,1,0,,,,,,
2017,10,E632128,8,01/08/2017,19:05,8,1,0,45,Mason,0,2,0,2,2,2,1,0,2,2,,,,12,0,2,15.3,1,0,1,3,1,1,3,0,0,0,0,SR-3,,-122.9179833,47.31120556,0,1,50,10,2,55,34,0,0,1,2,12,4,1,2,1,6,1,1,51,0,7,482,2005,0,0,68,12,,,,,1,1,23,1,0,0,1,0,3,0,11,6,,,,,0,0,0,3,1,28,0,0,0,96,,,,,,0,,,,,,98584,53,74,160,6,1,0,0,0,1,0,97,,,,,,0,07/15/2013,07/15/2013,1,0,0,0,8,9,8,,,0,0,0,8,0,2,1,0,0,1,0,0,2,1,0,,,,,,,,,,,,,,,,,,,,,,,,,,,,,,0,0,0,0,0,0,1,1,1,0,0,0,0,0,0,0,0,0,0,0,0,1,1,1,1,0,0,0,0,1,0,0,0,0,0,,0,0,0,0,0,0,0,0,0,0,0,0,0,0,0,0,,,,,,21-25,16-25,State route,R,Sunday,Belt Used,PV,Not Fatal,0,1,1,0,State Route,State Patrol,Washington State Patrol,0,1,0,0,0,,,,,,,,,,,,,,,,,,,,,,,,,,,,,,,,,,,,,,,,,,,
2017,170,E645790,129,02/17/2017,18:54,17,2,3,53,Pierce,747,1,0,3,1,2,1,0,3,2,18:55,18:58,19:31,12,0,1,0,2,0,2,4,2,4,6,0,0,3,3,PACIFIC HWY E,PORT OF TACOMA RD E,-122.3856361,47.24315833,0,2,21,53,3,35,2,0,0,1,5,12,1,1,5,1,5,2,2,53,0,37,31,2003,0,0,12,,,,,,1,1,35,1,0,0,0,0,3,0,11,0,,,,,0,0,0,3,1,0,0,0,0,0,,,,,,0,,,,,,98584,53,68,185,6,1,0,0,0,1,0,0,,,,,,0,04/15/2013,04/15/2013,20,0,0,0,8,9,8,,,0,0,0,8,0,0,0,0,0,0,0,0,0,0,996,,,,,,,,,,,,,,,,,,,,,,,,,,,,,,0,0,0,1,0,0,0,0,0,0,0,0,0,0,0,0,1,0,0,0,0,0,0,0,0,0,0,0,1,1,0,0,0,0,0,,0,0,0,0,0,0,0,0,0,0,0,0,0,0,0,0,,,,,,31-35,26-35,City street,U,Friday,Belt Used,PV,Not Fatal,1,0,0,0,City Street,Municipal/City Police,Fife Police Department,0,0,0,1,0,,,,,,,,,,,,,,,,,,,,,,,,,,,,,,,,,,,,,,,,,,,
2017,147,E671087,31,05/04/2017,16:30,4,5,0,45,Mason,0,2,0,1,2,7,1,0,1,1,,,,30,0,0,6.8,1,0,1,5,1,2,4,0,0,0,0,CR-E MASON LAKE RD,,-122.975825,47.30976667,0,1,1,9,1,45,4,0,0,1,2,30,3,1,2,1,14,1,1,53,0,52,46,2006,0,0,68,64,69,68,63,30,1,1,20,2,7,3,4,7,3,0,11,0,05/04/2017,16:30,53021076,21076,0,0,0,3,1,0,0,0,0,92,,,,,,99,,,,,,98584,53,68,150,6,1,0,0,0,1,0,0,,,,,,0,07/15/2016,07/15/2016,1,0,0,0,0,9,8,,,0,0,0,8,9,2,605,0,0,1,0,0,2,1,0.035,,,,,,,,,,,,,,,,,,,,,,,,,,,,,,0,0,1,0,1,0,1,1,1,0,0,0,0,0,0,0,1,0,0,0,0,1,1,0,1,0,0,0,0,1,0,0,0,0,0,,1,0,0,0,1,0,1,1,1,0,0,0,0,0,0,1,,,,,,18-20,16-25,County road,R,Thursday,Belt Used,PV,AIAN,0,1,0,0,County Road,County Sheriff,Mason County Sheriff's Office,1,0,1,0,0,thc,27,carboxy-thc,39,,,,,,,,,,,,,,,,,,,,,,,,,,,,,,,,,,,,,,,
2017,153,E680077,8,05/15/2017,8:42,15,5,0,45,Mason,0,10,0,1,2,2,1,0,4,3,8:46,9:24,10:06,12,0,1,7.4,1,0,1,3,1,1,3,0,0,0,0,SR-3,,-123.0280528,47.25756944,0,3,98,54,3,50,34,0,0,1,2,12,1,2,2,1,1,1,1,53,0,20,481,2000,0,0,12,,,,,,1,1,37,1,0,0,3,0,3,0,11,8,,,,,0,0,1,3,1,0,0,0,0,0,,,,,,0,,,,,,98584,53,63,130,6,1,0,1,1,2,0,0,,,,,,0,02/15/2016,10/15/2016,3,0,0,0,8,9,8,,,0,0,0,8,0,0,0,0,0,0,0,0,0,0,996,,,,,,,,,,,,,,,,,,,,,,,,,,,,,,0,0,0,0,0,0,1,1,0,0,0,0,0,0,0,0,1,0,0,0,0,0,0,0,0,0,0,0,0,0,0,0,0,0,0,,0,0,0,0,0,0,0,0,0,0,0,0,0,0,0,0,,,,,,36-40,36-45,State route,R,Monday,Belt Used,PV,Not Fatal,0,0,0,0,State Route,State Patrol,Washington State Patrol Headquarter,0,1,0,0,0,,,,,,,,,,,,,,,,,,,,,,,,,,,,,,,,,,,,,,,,,,,
2017,465,E734615,8,11/05/2017,16:53,5,11,0,45,Mason,0,10,0,5,2,2,1,0,2,2,,,,12,0,2,0.6,1,0,1,3,2,1,3,0,0,0,0,SR-3,,-123.0992722,47.187775,0,1,50,10,2,40,4,0,0,1,2,12,2,2,2,1,14,1,1,53,0,63,38,2017,0,0,63,12,,,,,1,1,55,1,0,0,3,0,3,0,11,5,,,,,0,0,0,3,1,28,0,0,0,96,,,,,,9,,,,,,98584,53,70,180,6,1,0,0,0,1,0,97,,,,,,0,03/15/2013,03/15/2013,8,0,0,0,8,9,8,,,0,0,0,8,1,2,1,0,0,1,0,0,2,1,0.38,,,,,,,,,,,,,,,,,,,,,,,,,,,,,,0,0,0,0,1,1,1,1,0,0,0,0,0,1,0,0,0,0,0,0,0,0,0,0,0,0,0,0,0,1,0,0,0,0,0,,0,0,0,0,0,1,0,1,0,0,0,0,0,1,0,1,,,,,,51-55,46-55,State route,U,Sunday,Belt Used,PV,Not Fatal,0,1,1,0,State Route,State Patrol,Washington State Patrol Headquarter,0,1,0,0,0,,,,,,,,,,,,,,,,,,,,,,,,,,,,,,,,,,,,,,,,,,,
2018,4,E755037,268,01/03/2018,17:55,3,1,0,45,Mason,2000,1,0,3,1,2,1,1,1,1,17:59,18:25,19:11,8,0,0,0,1,0,1,3,2,4,6,0,0,0,0,OLYMPIC HWY N,,-123.1217056,47.22366389,0,1,13,80,5,30,34,0,0,1,5,8,1,1,3,5,1,1,1,53,0,12,481,2010,0,0,8,,,,,,1,1,78,1,0,0,0,0,3,0,11,0,,,,,6,0,0,3,1,0,0,0,0,96,,,,,,0,,,,,,98584,53,70,195,6,1,0,1,2,0,,0,,,,,,0,09/15/2013,09/15/2015,20,0,0,0,8,9,8,,,0,0,0,8,9,2,1,,,1,,,2,1,0,,,,,,,,,,,,,,,,,,,,,,,,,,,,,,0,0,0,0,0,0,0,0,0,1,1,0,0,0,0,0,0,1,0,0,0,0,0,0,0,1,1,1,0,1,0,1,0,0,0,,0,0,0,0,0,0,0,0,0,0,0,0,0,0,0,0,,,,,,76-80,76+,City street,U,Wednesday,Belt Used,PV,Not Fatal,0,0,0,0,City Street,Municipal/City Police,Shelton Police Department,0,0,0,1,0,,,,,,0,0,0,,,,,,,,,,,,,,,,,,,,,,,,,,,,,,,,,,,
2018,53,E774328,3,02/27/2018,20:42,27,2,0,53,Pierce,0,1,0,3,1,2,1,0,1,1,,,,24,0,0,0.1,5,1,1,3,2,1,3,0,0,0,0,SR-16 RAMP P100847,,-122.5598111,47.27642778,0,1,2,13,2,60,34,0,0,1,7,24,2,1,2,1,14,1,1,53,0,7,482,2005,0,0,63,24,30,42,,,1,1,57,1,7,1,4,7,99,0,11,0,02/27/2018,20:42,80053010092,10092,0,0,3,3,1,0,0,0,0,96,,,,,,99,,,,,,98584,53,72,200,6,1,0,0,0,0,,0,,,,,,0,,,20,0,0,0,0,9,8,,,0,0,0,8,9,2,1,,,1,,,2,1,0,,,,,,,,,,,,,,,,,,,,,,,,,,,,,,0,0,0,0,0,0,0,0,0,0,0,0,0,0,0,0,0,0,0,0,0,0,0,0,0,0,0,0,0,1,0,0,0,0,0,,1,0,0,0,0,0,0,0,0,0,0,0,0,0,0,0,,,,,,56-60,56-65,State route,U,Tuesday,Unknown,PV,White,0,1,0,0,State Route,State Patrol,Washington State Patrol Headquarter,1,1,0,0,0,,,,,,0,0,0,,,,,,,,,,,,,,,,,,,,,,,,,,,,,,,,,,,
2019,101,E886959,3,01/27/2019,17:35,27,1,,67,Thurston,0,1,0,2,1,2,1,1,3,1,,,,8,1,0,357.5,1,0,1,3,1,1,2,0,0,0,0,US-101,,-123.0362417,47.08515278,0,1,13,80,5,60,20,0,0,1,7,8,3,1,2,3,14,3,2,53,0,9,442,1998,0,0,8,,,,,,1,1,51,1,0,,0,0,99,7,11,0,,,,,0,0,0,2,1,91,0,0,0,96,,,,,,99,,,,,,98584,53,72,195,1,1,0,1,0,0,,1,,,,,,0,02/15/2016,06/15/2018,20,0,0,0,8,9,8,,,0,0,0,8,9,8,95,,,96,,,8,95,995,,,,,,,,,,,,,,,,,,,,,,,,,,,,,,0,0,0,0,0,0,0,0,0,0,0,0,0,1,0,0,0,0,0,0,0,0,0,0,0,0,0,0,0,1,0,1,0,0,0,,0,0,0,0,0,0,0,0,0,0,0,1,0,0,0,0,,,,,,51-55,46-55,US highway,R,Sunday,Unknown,PV,Not Fatal,0,0,0,0,State Route,State Patrol,Washington State Patrol,0,1,0,0,0,,,,,,0,0,5,,,,,,,,,,,0,0,0,0,,,,,20,7,,,,,,,,,,,,,,,
2019,36,E890328,31,02/02/2019,16:51,2,2,,45,Mason,0,1,0,1,1,2,1,0,5,2,,,,12,0,7,1.8,3,0,3,5,1,2,4,0,0,0,0,CR-E PICKERING RD,STRONG RD,-122.9384,47.26893611,0,1,46,11,2,40,67,0,0,1,7,12,3,2,2,1,6,3,1,53,0,20,880,2010,0,0,12,,,,,,1,1,43,1,7,,4,7,20,7,11,0,02/02/2019,16:51,53006649,6649,0,0,0,2,1,33,58,0,0,96,,,,,,99,,,,,,98584,53,69,185,1,1,0,1,0,0,,0,,,,,,4,04/15/2014,04/15/2014,20,1,9,0,0,9,8,,,0,0,0,8,9,2,1,,,1,,,2,1,0,,,,,,,,,,,,,,,,,,,,,,,,,,,,,,0,0,0,1,0,0,0,0,0,0,0,0,1,1,0,0,0,0,1,0,0,0,0,0,0,0,0,0,0,1,1,0,0,0,0,,0,1,0,0,0,0,0,0,0,1,0,1,0,0,0,0,,,,,,41-45,36-45,County road,R,Saturday,,MHTRUCK,White,1,0,0,0,County Road,County Sheriff,Mason County Sheriff's Office,0,0,1,0,0,,,,,,0,0,1,,,,,,,,,,,98,98,98,1,,,,,20,7,,,,,,,,,,,,,,,
2019,159,E926447,157,05/24/2019,5:30,24,5,,15,Cowlitz,1000,10,0,2,1,2,1,0,1,2,,,,14,0,0,0,1,0,1,7,2,4,6,0,0,0,0,W FRONTAGE RD,,-122.8466028,46.00892778,0,1,1,13,2,50,4,0,0,1,7,2,8,8,2,1,1,1,1,53,0,30,40,1998,0,0,63,14,2,,,,1,1,49,1,7,,4,7,99,7,11,0,05/24/2019,5:30,1.00053E+11,25167,0,0,3,3,1,0,0,0,0,92,,,,,,99,,,,,,98584,53,70,195,6,1,0,0,0,0,,0,,,,,,0,,,99,0,0,0,0,9,8,,,0,0,0,8,9,2,605,695,,1,1,,2,1,0,,,,,,,,,,,,,,,,,,,,,,,,,,,,,,0,0,1,0,0,0,1,1,1,0,0,0,0,0,0,0,1,0,0,0,0,0,0,0,0,0,0,0,0,1,1,0,0,0,0,,1,0,0,0,0,0,1,1,1,0,0,0,0,0,1,0,,,,,,46-50,46-55,City street,U,Friday,Unknown,PV,White,0,1,0,0,City Street,Municipal/City Police,Kalama Police Department,1,0,0,1,0,thc,35,carboxy-thc,45,,0,0,0,,,,,,,,,,,0,0,0,1,,,,,20,7,,,,,,,nms,,,,,,,,
2019,238,E941590,8,07/10/2019,6:59,10,7,,45,Mason,0,2,0,1,2,2,1,0,2,2,,,,12,0,6,346.1,1,0,1,3,1,1,2,0,0,0,0,US-101,,-123.127175,47.20284722,0,1,66,6,1,60,34,0,0,1,7,12,1,1,2,1,1,1,2,53,0,7,472,2007,0,0,68,12,,,,,1,1,47,2,0,,1,0,3,0,11,8,,,,,0,0,0,3,1,28,0,0,0,96,,,,,,0,,,,,,98584,53,58,140,6,1,0,0,0,0,,23,,,,,,4,,,20,0,0,0,8,9,8,,,0,0,0,8,0,8,95,,,96,,,8,95,995,,,,,,,,,,,,,,,,,,,,,,,,,,,,,,0,0,0,0,0,0,1,1,1,0,0,0,1,1,0,0,0,0,0,0,0,0,0,0,0,0,0,0,0,1,0,0,0,0,0,,0,0,0,0,0,0,0,0,0,1,0,0,0,0,0,0,,,,,,46-50,46-55,US highway,R,Wednesday,Belt Used,PV,Not Fatal,1,0,0,0,State Route,State Patrol,Washington State Patrol,0,1,0,0,0,,,,,,0,0,0,,,,,,,,,,,98,98,98,0,,,,,20,7,,,,,,,,,,,,,,,
2019,238,E941590,8,07/10/2019,6:59,10,7,,45,Mason,0,2,0,1,2,2,1,0,2,2,,,,12,0,6,346.1,1,0,1,3,1,1,2,0,0,0,0,US-101,,-123.127175,47.20284722,0,2,66,62,4,60,4,0,0,1,7,12,1,1,2,1,1,1,2,53,0,49,40,1989,0,0,12,,,,,,1,1,63,1,7,,4,7,3,0,11,0,07/10/2019,6:59,53031127,31127,0,0,0,2,1,0,0,0,0,96,,,,,,99,,,,,,98584,53,72,170,1,1,0,1,0,0,,0,,,,,,0,06/15/2017,01/15/2018,20,0,0,0,0,9,8,,,0,0,0,8,9,2,605,695,,1,1,,2,1,0,,,,,,,,,,,,,,,,,,,,,,,,,,,,,,0,0,0,0,0,0,1,1,1,0,0,0,1,1,0,0,0,0,0,0,0,0,0,0,0,0,0,0,0,1,0,0,0,0,0,,1,0,0,0,0,0,1,1,0,0,0,1,0,0,1,0,,,,,,61-65,56-65,US highway,R,Wednesday,Belt Used,PV,White,1,0,0,0,State Route,State Patrol,Washington State Patrol,0,1,0,0,0,thc,31,carboxy-thc,888,,0,0,2,,,,,,,,,,,0,0,0,1,,,,,20,7,,,,,,,,,,,,,,,
2019,332,E961693,3,09/02/2019,14:00,2,9,,67,Thurston,0,1,0,1,1,2,1,0,4,1,,,,42,0,0,355.4,1,0,1,3,1,1,2,0,0,0,0,US-101,,-123.0704917,47.09144167,0,1,1,13,2,60,34,1,0,1,2,2,1,2,2,3,1,4,1,53,0,7,482,2017,0,0,63,42,2,,,,1,1,37,1,0,,3,0,99,7,11,4,,,,,0,0,0,3,1,0,0,0,0,96,,,,,,1,,,,,,98584,53,71,205,6,1,0,0,0,1,,0,,,,,,0,03/15/2015,03/15/2015,99,0,0,0,8,9,2,,,0,0,0,0,0,8,95,,,96,,,8,95,995,,,,,,,,,,,,,,,,,,,,,,,,,,,,,,0,0,1,0,0,0,0,0,0,0,0,0,0,0,0,0,0,0,0,0,0,0,0,0,0,0,0,0,0,1,0,0,0,0,0,,0,0,0,0,0,0,0,0,0,0,0,0,0,0,0,0,,,,,,36-40,36-45,US highway,R,Monday,Unknown,PV,Not Fatal,0,1,0,0,State Route,State Patrol,Washington State Patrol,1,1,0,0,0,,,,,,0,0,0,,,,,,,,,,,98,98,98,0,,,,,20,7,,,,,,,,,,,,,,,
2020,9,EA03721,8,01/05/2020,19:56,5,1,,45,Mason,0,10,,2,2,1,1,1,1,1,,,,8,1,0,339.9,1,0,1,3,1,1,2,0,0,0,0,US-101,,-123.1671528,47.28520556,0,1,13,11,2,55,20,0,0,1,5,8,1,1,2,1,1,1,2,53,0,20,441,2003,0,,63,8,,,,,1,1,18,1,0,,1,0,99,7,11,8,,,,,0,0,0,0,1,0,,,,92,,,,,,98,,,,,,98584,53,65,120,0,0,0,0,0,0,,97,,,,,,0,,,99,9,0,0,8,9,8,,,0,,,8,8,0,0,,,0,,,0,0,996,,,,,,,,,,,,,,,,,,,,,,,,,,,,,,0,0,0,0,0,0,0,0,0,1,0,1,0,1,0,0,1,0,0,0,0,1,1,0,1,0,0,0,0,1,0,1,0,0,0,,0,0,0,0,0,0,0,0,1,0,0,1,0,0,0,0,,,,,,18-20,16-25,US highway,R,Sunday,Unknown,PV,Not Fatal,0,0,0,0,State Route,State Patrol,Washington State Patrol,0,1,0,0,0,,,,,,0,0,0,,,,,,,,,,,98,98,98,0,,,,,20,7,,,,,,,,1,0,,,,,,
2020,78,EA25787,31,03/18/2020,3:00,18,3,,45,Mason,0,1,,2,1,2,1,0,1,1,7:32,7:43,,1,0,0,9999.8,1,0,1,98,1,64,8,0,0,0,0,FOREST SERVICES RD 2300,,-778.3049361,78.30493611,0,1,2,13,2,35,14,0,0,1,2,1,3,2,2,1,14,1,1,53,0,20,401,2002,0,,63,69,63,1,,,1,1,65,1,7,,4,7,20,7,11,0,03/18/2020,3:00,53013090,13090,0,0,0,3,1,0,,,,96,,,,,,98,,,,,,98584,53,70,240,6,1,1,0,1,0,,0,,,,,,0,07/15/2017,07/15/2017,8,0,0,0,9,9,8,,,0,,,8,8,2,996,996,334,1,1,1,2,1,0.121,,,,,,,,,,,,,,,,,,,,,,,,,,,,,,0,0,0,0,1,1,1,1,0,0,0,0,0,0,0,0,0,0,0,1,0,0,0,0,0,1,0,0,0,1,0,0,0,1,0,,1,0,0,0,0,1,1,1,0,0,0,0,0,0,0,1,,,,,,61-65,56-65,Other,R,Wednesday,Not Used,PV,White,0,1,0,0,Other,County Sheriff,Mason County Sheriff's Office,1,0,0,0,1,,,,,,0,1,0,,,,,,,,,,,98,98,98,1,,,,,20,7,,,,,,,,1,0,,,,,,
2020,102,EA29761,31,04/18/2020,10:13,18,4,,45,Mason,0,1,,1,1,2,1,0,2,1,10:28,10:48,11:31,52,0,0,1.6,1,0,1,5,1,2,4,0,0,0,0,CR-E AGATE RD,,-123.013,47.24501111,0,1,1,13,2,45,14,0,0,1,2,30,1,1,2,1,1,2,2,53,0,35,402,2001,0,,63,52,30,,,,1,1,62,1,0,,1,0,3,0,11,0,,,,,0,0,3,2,1,0,,,,96,,,,,,9,,,,,,98584,53,72,185,2,1,0,0,0,0,,97,,,,,,0,04/15/2017,03/15/2018,8,0,0,0,8,9,8,,,0,,,1,8,2,167,695,605,1,1,1,2,1,0,,,,,,,,,,,,,,,,,,,,,,,,,,,,,,0,0,1,0,0,0,1,1,1,0,0,0,0,1,0,0,0,0,0,0,0,0,0,0,0,0,0,0,0,1,0,0,0,0,0,,0,0,0,0,0,0,1,1,0,0,0,1,0,0,1,0,,,,,,61-65,56-65,County road,R,Saturday,Belt Used,PV,Not Fatal,0,1,0,0,County Road,County Sheriff,Mason County Sheriff's Office,1,0,1,0,0,thc,13,carboxy-thc,100,,0,0,2,1,,,,,387,,,,,98,98,98,0,,,,,20,7,,,,,,,,1,0,,,AGATE RD,1.61,,
2020,283,EA56221,6,08/15/2020,17:40,15,8,,37,Kittitas,0,1,,1,1,1,1,0,2,1,17:39,17:55,,1,0,0,60.1,1,0,1,1,1,1,1,0,0,0,0,I-90,,-121.3207306,47.31858056,0,1,98,13,2,65,14,0,0,1,2,1,4,1,2,2,14,2,2,53,0,52,401,2003,0,,63,69,1,,,,1,1,21,1,1,,4,0,20,7,11,5,08/15/2020,22:45,1.96053E+11,38281,0,0,0,3,1,58,,,,92,,,,,,98,,,,,,98584,53,69,150,6,1,0,0,0,1,,0,,,,,,0,05/15/2020,05/15/2020,20,1,9,0,0,9,8,,,0,,,8,8,2,996,417,,1,1,,2,1,0.2,,,,,,,,,,,,,,,,,,,,,,,,,,,,,,0,0,0,0,1,1,1,1,0,0,0,0,0,0,0,0,1,0,0,1,0,0,0,1,1,0,0,0,0,1,0,0,0,1,0,,1,0,0,0,0,1,1,1,1,0,0,0,0,0,0,1,,,,,,21-25,16-25,Interstate,R,Saturday,Not Used,PV,Hispanic,0,0,0,0,State Route,State Patrol,Washington State Patrol,0,1,0,0,0,,,,,,0,0,0,,,,,,,,,,,98,98,98,98,,,,,20,7,,,,,,,,1,0,,,,,,