year,case,par,repjur,crash_dt,crash_tm,accday,accmon,holiday,county,co_char,city,weather,weather2,lightcond,surfcond,surftype,numfatal,nmforms,pforms,vforms,not_tm,arr_tm,hosp_tm,fhevent,hitrun,manncol,milepnt,reljunc,reljuncinter,intersectiontype,funcsystem,landuse,ownership,route,schlbus,spejur,contdev,devfunc,trafid1,trafid2,x,y,wk_zone,vnumber,crashtype,criticalevent,criticaleventcat,spdlim,body,trailer,emerg,hazcargo,leave,mhevent,roadalgn,roadprof,traflane,trafflow,vehmanvr,numoccs,regowner,regstate,spuse,make,model,modelyr,vrf1,vrf2,seqevent1,seqevent2,seqevent3,seqevent4,seqevent5,seqevent6,pnumber,ptype,age,sex,hispanic,race,injury,diedscene,restraint,restraintmisuse,seatpos,takehosp,death_dt,death_tm,cert,cernum_wa,commlic,licendor,licrestrict,liccomp,drivpres,drf1,drf2,drf3,drf4,distract1,distract2,distract3,distract4,distract5,distract6,dricond1,dricond2,dricond3,dricond4,dricond5,dricond6,dzip,licstate,drhgt_in,weight,noncdl,noncdltype,prevdwi,prevoth,prevacc,prevspd,prevsus,driviol1,driviol2,driviol3,driviol4,driviol5,driviol6,spdrel,first_dt,last_dt,airbag,ejection,ejectpath,extricat,injurwrk,methalc,methdrug,nmlocat,strikveh,prf1,prf2,prf3,druginv,alcinvol,drugsts,drugres1,drugres2,drugres3,drugtst1,drugtst2,drugtst3,alcsts,alctst,alcres,nmact1,nmact2,nmact3,nmact4,nmact5,nmact6,nmprior1,nmprior2,nmprior3,nmprior4,nmprior5,nmprior6,nmcond1,nmcond2,nmcond3,nmcond4,nmcond5,nmcond6,nmsafe_helmet,nmsafe_pads,nmsafe_oth,nmprev_ref,nmprev_lgt,nmprev_oth,crashlocation,nmcrashtype,crosswalk,schoolzone,sidewalk,train_inv,wildlife_inv,rotr_fars,intersect_fars,dd_inv,aid_inv,dpd_inv,id_inv,mj_inv,impnm_inv,ainm_inv,dpnm_inv,speed_inv,unlic_inv,unendmc_inv,drowsy_inv,drdist_inv,nmdist_inv,fty_inv,unrestfat_inv,dr1617_inv,dr1820_inv,dr1620_inv,dr2125_inv,dr1625_inv,dr65_inv,dr70_inv,dr75_inv,mc_inv,pv_inv,ht_inv,ped_inv,bike_inv,unrest_fat,mc_fat,unhelmet_mc,pv_fat,ht_fat,ped_fat,bike_fat,dr_alc7,dr_alc8,dr_drug,dr_imp,dr_dist,dr_spd,dr_fty,dr_unlic,dr_alc7only,dr_alc8only,dr_drugonly,dr_drink,nm_imp,nm_alc7,nm_alc8,nm_drug,nm_dist,agegrp1,agegrp2,roadclass,urbrur,dayweek,restuse,vehtype,race_me,intersect,lanedep,oppdir,wrongway,rep_typ,investag,repag_long,rotr,st_rd,cty_rd,city_rd,oth_rd,drug_thc,thc_res,drug_cthc,cthc_res,drug_cann,prevpersemin,prevperse,prevsusoth,drugtst4,drugtst5,drugtst6,drugtst7,drugtst8,drugres4,drugres5,drugres6,drugres7,drugres8,adspresent,adsengaged,adslevel,race1,race2,race3,race4,race5,helmet,helmetmisuse,nmdistract1,nmdistract2,nmdistract3,nmdistract4,nmdistract5,nmdistract6,lab,isedtcase,crf1,crf2,crf3,CoRoadName,CoMP,IntCoRoadName,IntCoMP
2020,473,EA86405,31,12/01/2020,9:10,1,12,,45,Mason,0,5,,1,4,2,1,0,2,2,9:29,9:32,10:17,12,0,2,11.3,1,0,1,5,1,2,4,0,0,0,0,CR-W SHELTON MATLOCK RD,,-123.3028556,47.24304722,0,1,50,10,2,98,2,0,0,1,2,12,3,2,2,1,14,1,1,53,0,37,33,2000,0,,68,12,,,,,1,1,51,2,7,,4,7,3,0,11,0,12/01/2020,9:10,53057071,57071,0,0,0,3,1,28,87,,,96,,,,,,98,,,,,,98584,53,64,175,6,1,0,1,0,0,,0,,,,,,0,11/15/2017,11/15/2017,20,0,0,0,0,9,8,,,0,,,8,8,2,695,605,,1,1,,2,1,0,,,,,,,,,,,,,,,,,,,,,,,,,,,,,,0,0,0,0,0,0,1,1,1,0,0,0,0,0,0,0,0,0,0,0,0,0,0,0,0,0,0,0,0,1,1,0,0,0,0,,1,0,0,0,0,0,1,1,0,0,0,0,0,0,1,0,,,,,,51-55,46-55,County road,R,Tuesday,Belt Used,PV,White,0,1,1,0,County Road,County Sheriff,Mason County Sheriff's Office,0,0,1,0,0,thc,5.1,carboxy-thc,36,,0,0,0,,,,,,,,,,,98,98,98,1,,,,,20,7,,,,,,,nms,1,0,,,SHELTON MATLOCK RD,11.3,,
2020,479,EA88326,150,12/10/2020,0:00,10,12,,27,Grays Harbor,930,5,,3,2,2,1,0,1,1,,,,24,0,0,0,1,0,1,5,2,4,6,0,0,0,0,ENDRESEN RD,,-123.9008778,46.98900278,0,1,1,13,2,25,80,0,0,1,2,24,3,1,2,1,14,1,2,53,0,37,705,2003,0,,63,24,,,,,1,1,26,1,7,,4,7,20,7,11,0,12/10/2020,0:00,93053058211,58211,0,0,0,2,1,0,,,,92,,,,,,98,,,,,,98584,53,73,250,6,1,0,1,0,1,,0,,,,,,0,11/15/2017,02/15/2020,20,8,0,0,0,9,8,,,0,,,8,8,2,605,,,1,,,2,1,0.055,,,,,,,,,,,,,,,,,,,,,,,,,,,,,,0,0,1,0,1,0,1,1,1,0,0,0,0,0,1,0,1,0,0,0,0,0,0,0,0,0,0,0,1,0,0,0,0,0,1,1,0,0,0,0,1,0,1,1,1,0,0,0,0,0,0,1,,,,,,26-30,26-35,City street,U,Thursday,,MC,White,0,1,0,0,City Street,Municipal/City Police,Hoquiam Police Department,1,0,0,1,0,thc,3.1,,,,0,0,0,,,,,,,,,,,0,0,0,1,,,,,17,7,,,,,,,nms,1,0,,,,,,
2020,484,EA88613,31,12/09/2020,0:01,9,12,,45,Mason,0,2,,3,2,2,1,0,1,1,,,,35,0,0,0.1,1,0,1,5,1,2,4,0,0,0,0,CR-E HARSTINE BRIDGE RD,,-122.9304333,47.24706667,0,1,6,12,2,40,4,0,0,1,2,35,2,4,2,1,14,1,1,53,0,41,50,2013,0,,68,64,35,67,30,,1,1,24,1,7,,4,7,20,7,11,0,12/09/2020,0:01,53057938,57938,0,0,0,3,1,0,,,,96,,,,,,98,,,,,,98584,53,66,135,6,1,0,1,0,1,,0,,,,,,4,10/15/2019,01/15/2020,8,2,1,0,0,9,8,,,0,,,8,8,2,996,996,,1,1,,2,1,0,,,,,,,,,,,,,,,,,,,,,,,,,,,,,,0,0,1,0,0,0,1,1,0,0,0,0,1,0,0,0,0,0,0,1,0,0,0,1,1,0,0,0,0,1,0,0,0,1,0,,1,0,0,0,0,0,1,1,0,1,0,0,0,0,1,0,,,,,,21-25,16-25,County road,R,Wednesday,Not Used,PV,AIAN,0,1,0,0,County Road,County Sheriff,Mason County Sheriff's Office,1,0,1,0,0,,,,,,0,0,1,,,,,,,,,,,98,98,98,3,,,,,20,7,,,,,,,,1,0,,,HARSTINE BRIDGE RD,0.077,,
2020,488,EA89281,8,12/08/2020,2:01,8,12,,45,Mason,0,2,,2,2,2,1,0,2,1,2:00,2:13,2:40,42,0,0,338.6,1,0,1,3,1,1,2,0,0,0,0,US-101,,-123.1815028,47.29919167,0,1,1,9,1,55,2,0,0,1,2,42,1,2,2,1,1,2,1,53,0,54,37,1999,0,,63,42,,,,,1,1,56,1,7,,4,7,20,7,11,0,12/08/2020,2:01,53057321,57321,6,0,3,3,1,0,,,,96,,,,,,9,,,,,,98584,53,70,180,6,8,1,0,0,2,,0,,,,,,0,05/15/2017,12/15/2019,1,0,0,0,0,9,8,,,0,,,8,1,2,401,417,,1,1,,2,1,0.334,,,,,,,,,,,,,,,,,,,,,,,,,,,,,,0,0,1,0,1,1,1,1,0,0,0,0,0,0,0,0,0,0,0,1,0,0,0,0,0,0,0,0,0,1,0,0,0,1,0,,1,0,0,0,0,1,1,1,0,0,0,0,0,0,0,1,,,,,,56-60,56-65,US highway,R,Tuesday,Not Used,PV,White,0,1,0,0,State Route,State Patrol,Washington State Patrol,1,1,0,0,0,,,,,,0,1,2,,,,,,,,,,,0,0,0,1,,,,,20,7,,,,,,,,1,0,,,,,,
2021,153,EB33980,8,05/10/2021,17:40,10,5,,45,Mason,0,1,,1,1,2,1,0,1,1,,,,42,0,0,24.2,1,0,1,3,1,1,3,0,0,0,0,SR-3,,-122.8471611,47.42356389,0,1,1,13,2,50,19,0,0,1,2,42,3,1,2,1,14,1,1,53,0,12,498,2021,0,,63,42,,,,,1,1,37,1,1,,4,7,20,7,11,0,05/10/2021,17:40,1.65041E+11,,0,0,0,3,1,0,,,,96,,,,,,98,,,,,,98584,53,70,280,6,1,0,0,4,0,,0,,,,,,0,11/15/2017,03/15/2017,8,0,0,0,9,9,8,,,0,,,8,8,2,1,,,1,,,2,1,0,,,,,,,,,,,,,,,,,,,,,,,,,,,,,,0,0,1,0,0,0,0,0,0,0,0,0,0,0,0,0,0,0,0,1,0,0,0,0,0,0,0,0,0,1,0,0,0,1,0,,1,0,0,0,0,0,0,0,0,0,0,0,0,0,0,0,,,,,,36-40,36-45,State route,R,Monday,Not Used,PV,Hispanic,0,1,0,0,State Route,State Patrol,Washington State Patrol,1,1,0,0,0,,,,,,0,0,0,,,,,,,,,,,98,98,98,1,,,,,20,,,,,,,,,1,0,,,,,,
2021,287,EB36830,2,06/01/2021,21:25,1,6,,73,Whatcom,0,1,,1,1,2,1,0,1,1,,,,39,0,0,,3,0,10,6,1,2,4,0,0,28,3,CR-ROOSEVELT WAY,BAY VIEW RD,-123.0354667,49.00203333,0,1,6,12,2,30,4,0,0,1,2,39,2,1,2,1,14,1,9,95,0,29,5,2019,0,,68,64,39,2,,,1,1,18,1,7,,4,0,2,0,11,0,06/02/2021,4:40,11053027262,27262,0,0,0,3,1,8,,,,96,,,,,,98,,,,,,98584,53,63,95,6,2,0,0,0,0,,0,,,,,,3,,,8,0,0,0,0,9,8,,,0,,,8,1,2,1,,,1,,,2,1,0.07,,,,,,,,,,,,,,,,,,,,,,,,,,,,,,0,0,1,1,1,0,0,0,0,0,0,0,1,0,0,0,0,0,0,0,0,1,1,0,1,0,0,0,0,1,0,0,0,0,0,,1,0,0,0,1,0,0,0,0,1,0,0,1,0,0,1,,,,,,18-20,16-25,County road,R,Tuesday,Belt Used,PV,White,0,1,0,0,County Road,State Patrol,Washington State Patrol,1,0,1,0,0,,,,,,0,0,0,,,,,,,,,,,98,98,98,1,,,,,20,,,,,,,,,0,0,,,ROOSEVELT WY,2.42,BAY VIEW DR,0.41
2021,215,EB46187,7,06/25/2021,0:50,25,6,,33,King,100,1,,2,1,2,1,0,1,1,,,,25,0,0,3,1,0,1,2,2,1,3,0,0,0,0,SR-18,,-122.2621917,47.303825,0,1,1,13,2,60,2,0,0,1,2,25,2,4,2,3,14,1,2,53,0,35,47,2011,0,,63,25,69,64,25,,1,1,51,2,7,,4,0,20,7,11,0,06/27/2021,14:16,1.96053E+11,32451,0,0,0,3,1,0,,,,96,,,,,,9,,,,,,98584,53,65,145,6,1,0,0,1,3,,0,,,,,,0,06/15/2021,05/15/2021,20,0,0,0,0,9,8,,,0,,,1,8,2,1,,,1,,,2,1,0,,,,,,,,,,,,,,,,,,,,,,,,,,,,,,0,0,1,0,0,0,0,0,0,0,0,0,0,0,0,0,0,0,0,1,0,0,0,0,0,0,0,0,0,1,0,0,0,1,0,,1,0,0,0,0,0,0,0,0,0,0,0,0,0,0,0,,,,,,51-55,46-55,State route,U,Friday,Not Used,PV,White,0,1,0,0,State Route,State Patrol,Washington State Patrol,1,1,0,0,0,,,,,,0,0,0,,,,,,,,,,,98,98,98,1,,,,,20,,,,,,,,,1,0,,,,,,
2021,270,EB54862,31,07/23/2021,4:00,23,7,,45,Mason,0,1,,2,1,7,1,0,1,1,,,,1,0,0,2.7,1,0,1,5,2,2,4,0,0,0,0,CR-E JOHNS PRAIRIE RD,,-123.0665694,47.24766389,0,1,98,6,1,45,3,0,0,1,2,1,3,1,2,1,14,1,1,53,0,35,48,2007,0,,68,1,64,38,42,,1,1,40,1,7,,4,7,3,0,11,0,07/23/2021,4:00,53037058,37058,0,0,3,3,1,58,,,,96,,,,,,98,,,,,,98584,53,73,180,6,1,0,0,0,1,,0,,,,,,3,05/15/2021,05/15/2021,20,0,0,0,0,9,8,,,0,,,8,8,2,1,,,1,,,2,1,0.197,,,,,,,,,,,,,,,,,,,,,,,,,,,,,,0,0,0,0,1,1,0,1,0,0,0,0,1,0,0,0,0,0,0,0,0,0,0,0,0,0,0,0,0,1,0,0,0,0,0,,1,0,0,0,0,1,0,1,0,1,0,0,0,1,0,1,,,,,,36-40,36-45,County road,U,Friday,Belt Used,PV,White,0,0,0,0,County Road,County Sheriff,Mason County Sheriff's Office,0,0,1,0,0,,,,,,0,0,0,,,,,,,,,,,98,98,98,1,,,,,20,,,,,,,,,1,0,,,JOHNS PRAIRIE RD,2.703,NULL,
2021,340,EB64981,31,09/03/2021,18:30,3,9,,45,Mason,0,1,,1,1,2,1,0,1,1,,,,42,0,0,2,1,0,1,6,1,2,4,0,0,0,0,CR-SE KAMILCHE POINT RD,,-123.0630556,47.13957222,0,1,2,8,1,35,14,0,0,1,2,42,1,3,2,1,1,1,2,53,0,12,401,2002,0,,68,68,63,42,1,,1,1,19,1,7,,4,7,3,0,11,0,09/03/2021,18:30,53044297,44297,0,0,0,3,1,58,,,,92,,,,,,98,,,,,,98584,53,75,195,6,1,0,0,0,0,,0,,,,,,0,,,8,0,0,0,0,9,8,,,0,,,8,8,2,1,,,1,,,2,1,0,,,,,,,,,,,,,,,,,,,,,,,,,,,,,,0,0,0,0,0,0,0,0,0,0,0,0,0,0,0,0,1,0,0,0,0,1,1,0,1,0,0,0,0,1,0,0,0,0,0,,1,0,0,0,0,0,0,0,1,0,0,0,0,0,0,0,,,,,,18-20,16-25,County road,R,Friday,Belt Used,PV,White,0,1,0,0,County Road,County Sheriff,Mason County Sheriff's Office,1,0,1,0,0,,,,,,0,0,0,,,,,,,,,,,98,98,98,1,,,,,20,,,,,,,,,1,0,,,KAMILCHE POINT RD,1.977,NULL,
2021,391,EB74561,31,10/03/2021,8:57,3,10,,45,Mason,0,1,,1,2,2,1,0,1,1,,,,34,0,0,2.6,1,0,1,5,2,2,4,0,0,0,0,CR-E JOHNS PRAIRIE RD,,-123.0688694,47.24721944,0,1,6,6,1,45,4,0,0,1,2,1,3,2,2,1,14,1,2,53,0,54,35,2001,0,,64,34,67,59,1,,1,1,24,1,7,,4,7,3,0,11,0,10/03/2021,8:57,53050499,50499,0,0,0,3,1,0,,,,92,,,,,,98,,,,,,98584,53,69,150,6,1,1,1,2,3,,0,,,,,,0,05/15/2016,11/15/2020,8,1,9,0,0,9,8,,,0,,,8,8,2,695,605,,1,1,,2,1,0.119,,,,,,,,,,,,,,,,,,,,,,,,,,,,,,0,0,1,0,1,1,1,1,1,0,0,0,0,0,0,0,1,0,0,0,0,0,0,1,1,0,0,0,0,1,0,0,0,0,0,,1,0,0,0,0,1,1,1,1,0,0,0,0,0,0,1,,,,,,21-25,16-25,County road,U,Sunday,Belt Used,PV,White,0,1,0,0,County Road,County Sheriff,Mason County Sheriff's Office,1,0,1,0,0,thc,50,carboxy-thc,230,,0,0,5,,,,,,,,,,,98,98,98,1,,,,,20,,,,,,,,nms,1,0,,,JOHNS PRAIRIE RD,2.623,NULL,
2021,412,EB77843,222,10/06/2021,10:05,6,10,,67,Thurston,1590,1,,1,2,2,2,0,6,4,,,,12,0,6,0,2,0,2,4,2,4,6,0,0,20,3,COOPER POINT RD SW,Capitol Mall Dr SW,-122.9391778,47.03991944,0,3,98,54,3,98,14,0,0,1,5,12,8,8,4,1,5,1,2,53,0,37,402,2008,0,,12,,,,,,1,1,43,2,0,,9,0,99,7,11,8,,,,,0,0,0,3,1,0,,,,96,,,,,,98,,,,,,98584,53,67,125,6,1,0,0,0,0,,0,,,,,,0,,,1,0,0,0,8,9,8,,,0,,,8,8,8,95,,,96,,,8,95,995,,,,,,,,,,,,,,,,,,,,,,,,,,,,,,0,0,0,1,1,0,1,1,0,0,0,0,0,0,0,0,0,0,0,0,0,0,0,0,0,1,1,1,0,1,0,0,0,0,0,,0,0,0,0,0,0,0,0,0,0,0,0,0,0,0,0,,,,,,41-45,36-45,City street,U,Wednesday,Unknown,PV,Not Fatal,1,0,0,0,City Street,Municipal/City Police,Olympia Police Department,0,0,0,1,0,,,,,,0,0,0,,,,,,,,,,,98,98,98,0,,,,,20,,,,,,,,,1,0,,,,,,
2021,481,EB91198,8,11/09/2021,15:07,9,11,,45,Mason,2000,2,,1,2,2,2,0,8,3,,,,12,0,1,347,1,0,1,2,1,1,2,0,0,0,0,US-101,,-123.1179194,47.19269167,0,1,28,52,3,60,6,0,0,1,2,12,1,2,2,1,1,3,1,53,0,35,49,2017,0,,12,,,,,,1,1,56,2,0,,3,0,3,0,11,5,,,,,0,0,0,3,1,26,,,,96,,,,,,9,,,,,,98584,53,63,185,6,1,0,0,0,0,,0,,,,,,4,,,8,0,0,0,8,9,2,,,0,,,1,8,2,157,,,1,,,2,1,0,,,,,,,,,,,,,,,,,,,,,,,,,,,,,,0,0,0,0,0,0,1,1,0,0,0,0,1,1,0,0,0,0,0,1,0,0,0,0,0,0,0,0,0,1,0,0,0,0,0,,0,0,0,0,0,0,1,1,0,1,0,0,0,0,1,0,,,,,,56-60,56-65,US highway,R,Tuesday,Belt Used,PV,Not Fatal,0,0,0,0,State Route,State Patrol,Washington State Patrol,0,1,0,0,0,,,,,,0,0,0,,,,,,,,,,,98,98,98,0,,,,,20,,,,,,,,,1,0,,,,,,
2021,481,EB91198,8,11/09/2021,15:07,9,11,,45,Mason,2000,2,,1,2,2,2,0,8,3,,,,12,0,1,347,1,0,1,2,1,1,2,0,0,0,0,US-101,,-123.1179194,47.19269167,0,3,98,53,3,60,6,0,0,1,2,12,1,2,2,1,2,1,1,53,0,48,34,1998,0,,12,,,,,,1,1,60,1,0,,0,0,3,0,11,0,,,,,0,0,3,3,1,0,,,,96,,,,,,0,,,,,,98584,53,71,170,6,1,0,0,0,0,,0,,,,,,0,,,8,0,0,0,8,9,8,,,0,,,8,8,8,95,,,96,,,0,0,996,,,,,,,,,,,,,,,,,,,,,,,,,,,,,,0,0,0,0,0,0,1,1,0,0,0,0,1,1,0,0,0,0,0,1,0,0,0,0,0,0,0,0,0,1,0,0,0,0,0,,0,0,0,0,0,0,0,0,0,0,0,0,0,0,0,0,,,,,,56-60,56-65,US highway,R,Tuesday,Belt Used,PV,Not Fatal,0,0,0,0,State Route,State Patrol,Washington State Patrol,0,1,0,0,0,,,,,,0,0,0,,,,,,,,,,,0,0,0,0,,,,,20,,,,,,,,,1,0,,,,,,
2021,45,EB07892,29,02/01/2021,0:00,1,2,,41,Lewis,0,2,,2,2,2,1,0,1,1,,,,24,0,0,0.6,1,0,1,5,1,2,4,0,0,0,0,CR-CENTRALIA ALPHA RD,,-122.9293056,46.69326667,0,1,6,12,2,35,83,0,0,1,2,24,3,2,2,1,14,1,2,53,0,37,704,2005,0,,68,64,24,,,,1,1,37,1,7,,4,7,20,7,11,0,02/01/2021,0:00,53007458,7458,0,0,3,2,1,23,,,,96,,,,,,98,,,,,,98585,53,72,220,6,1,2,1,1,0,,0,,,,,,4,07/15/2017,08/15/2020,20,8,0,0,0,9,8,,,0,,,9,9,2,1,,,1,,,2,1,0.245,,,,,,,,,,,,,,,,,,,,,,,,,,,,,,0,0,1,0,1,1,0,1,0,0,0,0,1,0,1,0,0,0,0,0,0,0,0,0,0,0,0,0,1,0,0,0,0,0,1,0,0,0,0,0,0,1,0,1,0,1,0,0,0,1,0,1,,,,,,36-40,36-45,County road,R,Monday,,MC,White,0,1,0,0,County Road,County Sheriff,Lewis County Sheriff's Office,1,0,1,0,0,,,,,,0,2,0,,,,,,,,,,,0,0,0,1,,,,,5,,,,,,,,,1,0,,,CENTRALIA ALPHA RD,0.6,NULL,
2017,91,E659377,8,03/26/2017,20:41,26,3,0,27,Grays Harbor,0,10,0,3,2,2,1,0,3,2,,,,12,0,2,67.9,1,0,1,3,1,1,2,0,0,0,0,US-101,,-123.7469278,46.80131111,0,1,52,10,2,55,34,0,0,1,2,12,2,2,2,1,6,2,1,53,0,35,471,1996,0,0,68,12,,,,,1,1,32,1,0,0,1,0,20,0,11,5,,,,,0,0,0,3,1,28,0,0,0,96,,,,,,0,,,,,,98586,53,64,160,6,1,2,1,0,2,0,1,,,,,,0,08/15/2012,04/15/2013,1,0,0,0,8,9,8,,,0,0,0,8,0,2,1,0,0,1,0,0,2,1,0,,,,,,,,,,,,,,,,,,,,,,,,,,,,,,0,0,0,0,0,0,0,0,0,0,0,0,0,0,0,0,0,0,0,0,0,1,1,0,1,0,0,0,0,1,0,0,0,0,0,,0,0,0,0,0,0,0,0,0,0,0,0,0,0,0,0,,,,,,31-35,26-35,US highway,R,Sunday,Not Used,PV,Not Fatal,0,1,1,0,State Route,State Patrol,Washington State Patrol Headquarter,0,1,0,0,0,,,,,,,,,,,,,,,,,,,,,,,,,,,,,,,,,,,,,,,,,,,
2019,261,E946041,8,07/24/2019,14:52,24,7,,49,Pacific,0,1,0,1,1,2,1,0,1,1,,,,24,0,0,45.4,1,0,1,3,1,1,2,0,0,0,0,US-101,,-123.9195111,46.65268056,0,1,1,6,1,55,80,0,0,1,2,24,3,2,2,1,14,1,1,53,0,76,705,1992,0,0,63,24,,,,,1,1,44,1,7,,4,7,20,7,11,0,07/24/2019,14:52,53033067,33067,0,0,0,3,1,0,0,0,0,96,,,,,,99,,,,,,98586,53,69,185,6,1,0,0,0,0,,0,,,,,,4,02/15/2016,02/15/2016,20,8,0,0,0,9,8,,,0,0,0,8,9,2,1,,,1,,,2,1,0.29,,,,,,,,,,,,,,,,,,,,,,,,,,,,,,0,0,1,0,1,1,0,1,0,0,0,0,1,0,0,0,0,0,0,0,0,0,0,0,0,0,0,0,1,0,0,0,0,0,1,0,0,0,0,0,0,1,0,1,0,1,0,0,0,1,0,1,,,,,,41-45,36-45,US highway,R,Wednesday,,MC,White,0,1,0,0,State Route,State Patrol,WASHINGTON STATE PATROL,1,1,0,0,0,,,,,,0,0,1,,,,,,,,,,,0,0,0,1,,,,,5,0,,,,,,,,,,,,,,,
2020,104,EA29524,3,03/09/2020,21:23,9,3,,67,Thurston,0,10,,3,1,2,1,0,2,2,,,,12,0,6,39.6,2,0,2,3,1,1,2,0,0,0,0,US-12,MOON RD,-123.1392056,46.82579167,0,2,83,67,4,55,15,0,0,1,2,12,1,1,3,1,1,1,1,53,0,37,421,2015,0,,12,,,,,,1,1,52,1,0,,2,0,3,0,11,0,,,,,0,0,0,3,1,0,,,,96,,,,,,0,,,,,,98586,53,72,190,6,1,0,2,0,2,,0,,,,,,0,10/15/2015,09/15/2016,8,0,0,0,8,3,8,,,0,,,8,8,0,0,,,0,,,0,0,996,,,,,,,,,,,,,,,,,,,,,,,,,,,,,,0,0,0,1,0,0,1,1,0,0,0,0,0,1,0,0,0,0,1,0,0,0,0,0,0,1,0,0,0,1,0,0,0,0,0,,0,0,0,0,0,0,0,0,0,0,0,0,0,0,0,0,,,,,,51-55,46-55,US highway,R,Monday,Belt Used,PV,Not Fatal,1,0,0,0,State Route,State Patrol,Washington State Patrol,0,1,0,0,0,,,,,,0,0,0,,,,,,,,,,,98,98,98,0,,,,,20,7,,,,,,,,1,0,,,,,,
2021,412,EB77843,222,10/06/2021,10:05,6,10,,67,Thurston,1590,1,,1,2,2,2,0,6,4,,,,12,0,6,0,2,0,2,4,2,4,6,0,0,3,3,COOPER POINT RD SW,Capitol Mall Dr SW,-122.9391778,47.03991944,0,2,89,66,4,98,5,0,0,1,5,12,8,8,5,1,1,2,1,53,0,49,46,2009,0,,12,12,,,,,1,1,83,1,7,,4,7,3,0,11,0,10/06/2021,10:05,1.59053E+11,51609,0,0,0,3,1,0,,,,96,,,,,,98,,,,,,98586,53,55,170,6,1,0,0,0,0,,0,,,,,,0,,,9,0,0,0,0,9,8,,,0,,,8,8,2,996,,,1,,,2,1,0.013,,,,,,,,,,,,,,,,,,,,,,,,,,,,,,0,0,0,1,1,0,1,1,0,0,0,0,0,0,0,0,0,0,0,0,0,0,0,0,0,1,1,1,0,1,0,0,0,0,0,,1,0,0,0,1,0,1,1,0,0,0,0,0,0,0,1,,,,,,81+,76+,City street,U,Wednesday,Belt Used,PV,White,1,0,0,0,City Street,Municipal/City Police,Olympia Police Department,0,0,0,1,0,,,,,,0,0,0,,,,,,,,,,,98,98,98,1,,,,,20,,,,,,,,,1,0,,,,,,
2021,36,EB05893,8,02/07/2021,19:22,7,2,,27,Grays Harbor,0,10,,2,2,2,1,0,2,2,,,,12,0,2,1.5,1,0,1,5,1,2,8,0,3,0,0,MOCLIPS HWY,,-124.1961722,47.25812222,0,1,50,10,2,50,4,0,0,1,2,12,2,2,2,1,14,1,2,53,0,20,34,2000,0,,68,12,,,,,1,1,74,1,7,,4,7,20,7,11,0,02/07/2021,19:22,53007694,7694,0,0,3,3,1,28,,,,96,,,,,,98,,,,,,98587,53,69,156,6,1,0,0,0,0,,0,,,,,,0,,,20,0,0,0,0,9,8,,,0,,,8,8,2,695,605,401,1,1,1,2,1,0.146,,,,,,,,,,,,,,,,,,,,,,,,,,,,,,0,0,0,0,1,1,1,1,1,0,0,0,0,0,0,0,0,0,0,1,0,0,0,0,0,1,1,0,0,1,0,0,0,1,0,,1,0,0,0,0,1,1,1,0,0,0,0,0,0,0,1,,,,,,71-75,66-75,Other,R,Sunday,Not Used,PV,White,0,1,1,0,Other,State Patrol,Washington State Patrol,0,0,0,0,1,thc,7.2,carboxy-thc,16,,0,0,0,1,,,,,417,,,,,98,98,98,1,,,,,20,,,,,,,,nms,1,0,,,,,,
2017,153,E680077,8,05/15/2017,8:42,15,5,0,45,Mason,0,10,0,1,2,2,1,0,4,3,8:46,9:24,10:06,12,0,1,7.4,1,0,1,3,1,1,3,0,0,0,0,SR-3,,-123.0280528,47.25756944,0,1,24,9,1,50,34,0,0,1,2,12,1,2,2,1,1,2,1,53,0,20,481,1995,0,0,12,68,12,,,,1,1,58,1,7,1,4,7,3,0,11,0,05/15/2017,8:42,53022584,22584,0,0,3,3,1,0,0,0,0,92,,,,,,99,,,,,,98588,53,72,245,6,1,0,2,0,2,0,0,,,,,,0,12/15/2012,04/15/2017,1,0,0,0,0,9,8,,,0,0,0,8,9,2,177,189,401,1,1,1,2,1,0,,,,,,,,,,,,,,,,,,,,,,,,,,,,,,0,0,0,0,0,0,1,1,0,0,0,0,0,0,0,0,1,0,0,0,0,0,0,0,0,0,0,0,0,0,0,0,0,0,0,,0,0,0,0,0,0,1,1,1,0,0,0,0,0,1,0,,,,,,56-60,56-65,State route,R,Monday,Belt Used,PV,White,0,0,0,0,State Route,State Patrol,Washington State Patrol Headquarter,0,1,0,0,0,,,,,,,,,,,,,,,,,,,,,,,,,,,,,,,,,,,,,,,,,,,