year,case,par,repjur,crash_dt,crash_tm,accday,accmon,holiday,county,co_char,city,weather,weather2,lightcond,surfcond,surftype,numfatal,nmforms,pforms,vforms,not_tm,arr_tm,hosp_tm,fhevent,hitrun,manncol,milepnt,reljunc,reljuncinter,intersectiontype,funcsystem,landuse,ownership,route,schlbus,spejur,contdev,devfunc,trafid1,trafid2,x,y,wk_zone,vnumber,crashtype,criticalevent,criticaleventcat,spdlim,body,trailer,emerg,hazcargo,leave,mhevent,roadalgn,roadprof,traflane,trafflow,vehmanvr,numoccs,regowner,regstate,spuse,make,model,modelyr,vrf1,vrf2,seqevent1,seqevent2,seqevent3,seqevent4,seqevent5,seqevent6,pnumber,ptype,age,sex,hispanic,race,injury,diedscene,restraint,restraintmisuse,seatpos,takehosp,death_dt,death_tm,cert,cernum_wa,commlic,licendor,licrestrict,liccomp,drivpres,drf1,drf2,drf3,drf4,distract1,distract2,distract3,distract4,distract5,distract6,dricond1,dricond2,dricond3,dricond4,dricond5,dricond6,dzip,licstate,drhgt_in,weight,noncdl,noncdltype,prevdwi,prevoth,prevacc,prevspd,prevsus,driviol1,driviol2,driviol3,driviol4,driviol5,driviol6,spdrel,first_dt,last_dt,airbag,ejection,ejectpath,extricat,injurwrk,methalc,methdrug,nmlocat,strikveh,prf1,prf2,prf3,druginv,alcinvol,drugsts,drugres1,drugres2,drugres3,drugtst1,drugtst2,drugtst3,alcsts,alctst,alcres,nmact1,nmact2,nmact3,nmact4,nmact5,nmact6,nmprior1,nmprior2,nmprior3,nmprior4,nmprior5,nmprior6,nmcond1,nmcond2,nmcond3,nmcond4,nmcond5,nmcond6,nmsafe_helmet,nmsafe_pads,nmsafe_oth,nmprev_ref,nmprev_lgt,nmprev_oth,crashlocation,nmcrashtype,crosswalk,schoolzone,sidewalk,train_inv,wildlife_inv,rotr_fars,intersect_fars,dd_inv,aid_inv,dpd_inv,id_inv,mj_inv,impnm_inv,ainm_inv,dpnm_inv,speed_inv,unlic_inv,unendmc_inv,drowsy_inv,drdist_inv,nmdist_inv,fty_inv,unrestfat_inv,dr1617_inv,dr1820_inv,dr1620_inv,dr2125_inv,dr1625_inv,dr65_inv,dr70_inv,dr75_inv,mc_inv,pv_inv,ht_inv,ped_inv,bike_inv,unrest_fat,mc_fat,unhelmet_mc,pv_fat,ht_fat,ped_fat,bike_fat,dr_alc7,dr_alc8,dr_drug,dr_imp,dr_dist,dr_spd,dr_fty,dr_unlic,dr_alc7only,dr_alc8only,dr_drugonly,dr_drink,nm_imp,nm_alc7,nm_alc8,nm_drug,nm_dist,agegrp1,agegrp2,roadclass,urbrur,dayweek,restuse,vehtype,race_me,intersect,lanedep,oppdir,wrongway,rep_typ,investag,repag_long,rotr,st_rd,cty_rd,city_rd,oth_rd,drug_thc,thc_res,drug_cthc,cthc_res,drug_cann,prevpersemin,prevperse,prevsusoth,drugtst4,drugtst5,drugtst6,drugtst7,drugtst8,drugres4,drugres5,drugres6,drugres7,drugres8,adspresent,adsengaged,adslevel,race1,race2,race3,race4,race5,helmet,helmetmisuse,nmdistract1,nmdistract2,nmdistract3,nmdistract4,nmdistract5,nmdistract6,lab,isedtcase,crf1,crf2,crf3,CoRoadName,CoMP,IntCoRoadName,IntCoMP
2020,352,EA63250,31,08/22/2020,16:20,22,8,,45,Mason,0,1,,1,1,2,1,0,2,2,,,,12,0,6,1.8,2,0,2,5,1,2,4,0,0,0,0,CR-NE BELFAIR TAHUYA RD,ELFENDAHL PASS RD,-122.9142722,47.43988056,0,2,88,66,4,50,61,0,0,1,2,12,1,4,2,1,1,1,3,53,0,20,881,2019,0,,12,,,,,,1,1,24,1,0,,0,0,3,0,11,0,,,,,0,0,0,3,1,0,,,,96,,,,,,0,,,,,,98588,53,74,170,6,1,0,0,0,1,,0,,,,,,0,12/15/2015,12/15/2015,99,0,0,0,8,9,8,,,0,,,8,8,0,0,,,0,,,0,0,996,,,,,,,,,,,,,,,,,,,,,,,,,,,,,,0,0,0,1,0,0,0,0,0,0,0,0,0,0,0,0,1,0,1,0,0,0,0,1,1,0,0,0,0,0,1,0,0,0,0,,0,0,0,0,0,0,0,0,0,0,0,0,0,0,0,0,,,,,,21-25,16-25,County road,R,Saturday,,MHTRUCK,Not Fatal,1,0,0,0,County Road,County Sheriff,Mason County Sheriff's Office,0,0,1,0,0,,,,,,0,0,0,,,,,,,,,,,98,98,98,0,,,,,20,7,,,,,,,,1,0,,,BELFAIR TAHUYA RD,1.791,ELFENDAHL PASS RD,1.848
2017,134,E668067,42,05/02/2017,6:04,2,5,0,67,Thurston,0,2,0,4,2,2,1,0,2,2,,,,12,0,6,12.9,1,0,1,5,1,2,4,0,0,0,0,CR-OLD HIGHWAY 99,,-122.8443306,46.87245556,0,2,65,54,3,50,4,0,0,1,2,12,1,2,2,1,1,1,1,53,0,49,32,2014,0,0,12,,,,,,1,1,60,1,7,1,4,7,3,0,11,0,05/02/2017,6:25,53020662,20662,0,0,3,3,1,0,0,0,0,0,,,,,,99,,,,,,98589,53,67,180,6,1,0,0,0,0,0,0,,,,,,0,,,8,0,0,0,0,9,8,,,0,0,0,8,9,2,1,0,0,1,0,0,2,1,0,,,,,,,,,,,,,,,,,,,,,,,,,,,,,,0,0,0,0,0,0,0,0,0,0,0,0,0,0,0,0,0,0,0,0,0,0,0,0,0,0,0,0,0,1,1,0,0,0,0,,1,0,0,0,0,0,0,0,0,0,0,0,0,0,0,0,,,,,,56-60,56-65,County road,R,Tuesday,Belt Used,PV,White,0,1,1,0,County Road,County Sheriff,Thurston County Sheriff's Office,0,0,1,0,0,,,,,,,,,,,,,,,,,,,,,,,,,,,,,,,,,,,,,,,,,,,
2017,246,E688682,42,07/04/2017,8:04,4,7,5,67,Thurston,0,1,0,1,1,2,1,0,5,4,8:07,8:35,10:07,12,0,2,7.3,1,0,1,4,2,2,4,0,0,0,0,CR-OLD HWY 99,,-122.9401111,46.83217778,0,1,50,10,2,50,15,0,0,1,2,12,1,1,2,1,1,1,1,53,0,54,421,2004,0,0,68,12,60,54,54,,1,1,37,1,7,1,4,7,20,0,11,0,07/04/2017,8:26,53030334,30334,0,0,3,3,1,28,0,0,0,96,,,,,,99,,,,,,98589,53,73,175,6,1,0,0,0,0,1,0,,,,,,0,09/15/2012,09/15/2012,8,0,0,0,0,9,8,,,0,0,0,8,9,2,128,401,417,1,1,1,2,1,0,,,,,,,,,,,,,,,,,,,,,,,,,,,,,,0,0,0,0,0,0,1,1,0,0,0,0,0,0,0,0,0,0,0,1,0,0,0,1,1,0,0,0,0,1,1,0,0,1,0,,1,0,0,0,0,0,1,1,0,0,0,0,0,0,1,0,,,,,,36-40,36-45,County road,U,Tuesday,Not Used,PV,White,0,1,1,0,County Road,County Sheriff,Thurston County Sheriff's Office,0,0,1,0,0,,,,,,,,,,,,,,,,,,,,,,,,,,,,,,,,,,,,,,,,,,,
2017,239,E690047,3,07/07/2017,18:32,7,7,0,67,Thurston,0,1,0,1,1,2,1,0,1,1,,,,1,0,0,7.4,1,0,1,5,1,1,3,0,0,0,0,SR-507,,-122.9165333,46.77861111,0,1,98,9,1,35,80,0,0,1,2,1,1,1,2,1,1,1,1,53,0,72,706,2002,0,0,1,,,,,,1,1,38,1,7,1,4,7,5,0,11,0,07/10/2017,15:54,1.96053E+11,30481,0,0,0,3,1,0,0,0,0,96,,,,,,99,,,,,,98589,53,70,170,6,1,0,0,1,0,0,0,,,,,,4,07/15/2016,07/15/2016,20,8,0,0,0,9,8,,,0,0,0,8,9,2,348,605,0,1,1,0,2,1,0,,,,,,,,,,,,,,,,,,,,,,,,,,,,,,0,0,0,0,0,0,1,1,1,0,0,0,1,0,0,0,0,0,0,0,0,0,0,0,0,0,0,0,1,0,0,0,0,0,1,0,0,0,0,0,0,0,1,1,0,1,0,0,0,0,1,0,,,,,,36-40,36-45,State route,R,Friday,,MC,White,0,0,0,0,State Route,State Patrol,Washington State Patrol Headquarter,0,1,0,0,0,thc,14,carboxy-thc,77,,,,,,,,,,,,,,,,,,,,,,,,,,,,,,,,,,,,,,,
2017,299,E699986,42,08/09/2017,17:06,9,8,0,67,Thurston,0,1,0,1,1,2,1,0,2,2,,,,12,0,2,4,1,0,1,5,1,2,4,0,0,0,0,CR-MCDUFF RD SE,,-122.8629667,46.86506667,0,1,50,10,2,50,34,0,0,1,2,12,2,2,2,1,14,1,1,53,0,12,481,2003,0,0,68,12,,,,,1,1,57,1,0,0,1,0,3,0,11,8,,,,,0,0,0,3,1,28,0,0,0,96,,,,,,9,,,,,,98589,53,70,225,6,1,0,0,0,0,0,1,,,,,,0,,,1,0,0,0,8,9,8,,,0,0,0,8,1,2,605,0,0,1,0,0,2,1,0.1,,,,,,,,,,,,,,,,,,,,,,,,,,,,,,0,0,0,0,1,1,1,1,1,0,0,0,0,0,0,0,0,0,0,0,0,0,0,0,0,1,0,0,0,1,0,0,0,0,0,,0,0,0,0,0,1,1,1,0,0,0,0,0,0,0,1,,,,,,56-60,56-65,County road,R,Wednesday,Belt Used,PV,Not Fatal,0,1,1,0,County Road,County Sheriff,Thurston County Sheriff's Office,0,0,1,0,0,thc,7.8,carboxy-thc,51,,,,,,,,,,,,,,,,,,,,,,,,,,,,,,,,,,,,,,,
2017,299,E699986,42,08/09/2017,17:06,9,8,0,67,Thurston,0,1,0,1,1,2,1,0,2,2,,,,12,0,2,4,1,0,1,5,1,2,4,0,0,0,0,CR-MCDUFF RD SE,,-122.8629667,46.86506667,0,2,51,62,4,50,3,0,0,1,2,12,3,2,2,1,14,1,1,53,0,12,37,2007,0,0,12,,,,,,1,1,66,1,7,1,4,7,3,0,11,0,08/09/2017,17:06,2.25053E+11,35985,0,0,0,3,1,0,0,0,0,0,,,,,,0,,,,,,98589,53,74,250,6,1,0,0,0,0,0,0,,,,,,0,,,8,0,0,0,0,9,8,,,0,0,0,8,9,2,1,0,0,1,0,0,2,1,0,,,,,,,,,,,,,,,,,,,,,,,,,,,,,,0,0,0,0,1,1,1,1,1,0,0,0,0,0,0,0,0,0,0,0,0,0,0,0,0,1,0,0,0,1,0,0,0,0,0,,1,0,0,0,0,0,0,0,0,0,0,0,0,0,0,0,,,,,,66-70,66-75,County road,R,Wednesday,Belt Used,PV,White,0,1,1,0,County Road,County Sheriff,Thurston County Sheriff's Office,0,0,1,0,0,,,,,,,,,,,,,,,,,,,,,,,,,,,,,,,,,,,,,,,,,,,
2019,73,E903900,3,03/15/2019,6:15,15,3,,67,Thurston,0,5,0,2,1,2,1,0,5,4,,,,12,0,2,40.1,1,0,1,3,1,1,2,0,0,0,0,US-12,,-123.1288444,46.82513333,0,1,50,10,2,98,4,0,0,1,2,12,1,1,2,1,6,1,2,53,0,58,37,2008,0,0,68,12,12,18,54,,1,1,42,8,2,,4,7,3,0,11,0,03/15/2019,6:15,53012993,12993,0,0,0,2,1,28,0,0,0,96,,,,,,99,,,,,,98589,53,70,215,1,1,8,0,0,3,,0,,,,,,0,10/15/2015,09/15/2018,8,0,0,0,0,9,8,,,0,0,0,8,9,2,401,417,695,1,1,1,2,1,0,,,,,,,,,,,,,,,,,,,,,,,,,,,,,,0,0,0,0,0,0,1,1,1,0,0,0,0,1,0,0,0,0,0,0,0,0,0,1,1,0,0,0,0,1,0,0,0,0,0,,1,0,0,0,0,0,1,1,0,0,0,1,0,0,1,0,,,,,,41-45,36-45,US highway,R,Friday,Belt Used,PV,Hispanic,0,1,1,0,State Route,State Patrol,Washington State Patrol,0,1,0,0,0,thc,2.1,carboxy-thc,7.8,,0,0,0,1,,,,,605,,,,,98,98,98,7,,,,,20,7,,,,,,,nms,,,,,,,,
2019,319,E957569,3,08/20/2019,18:24,20,8,,67,Thurston,0,1,0,1,1,2,1,0,2,2,,,,12,0,1,16.6,8,0,1,4,1,1,3,0,0,0,0,SR-507,,-122.8149722,46.85812778,0,2,25,53,3,50,61,0,0,1,5,12,1,1,2,1,11,1,3,53,0,23,898,1980,0,0,12,,,,,,1,1,71,1,0,,0,0,2,0,11,0,,,,,0,0,0,9,1,0,0,0,0,0,,,,,,0,,,,,,98589,53,72,230,6,1,0,0,0,0,,0,,,,,,0,,,20,0,0,0,8,9,8,,,0,0,0,8,0,8,95,,,96,,,8,95,995,,,,,,,,,,,,,,,,,,,,,,,,,,,,,,0,0,0,0,1,1,1,1,1,0,0,0,1,1,0,0,1,0,0,0,0,0,0,1,1,1,1,0,0,1,1,0,0,0,0,,0,0,0,0,0,0,0,0,0,0,0,0,0,0,0,0,,,,,,71-75,66-75,State route,R,Tuesday,,MHTRUCK,Not Fatal,0,0,0,0,State Route,State Patrol,Washington State Patrol,0,1,0,0,0,,,,,,0,0,0,,,,,,,,,,,0,0,0,0,,,,,20,7,,,,,,,,,,,,,,,
2021,154,EB34122,42,05/26/2021,21:08,26,5,,67,Thurston,0,1,,2,1,2,1,0,3,2,,,,1,0,0,,1,0,1,5,1,2,4,0,0,0,0,CR-SKOOKUMCHUCK RD SE,,-122.7652667,46.79623889,0,2,98,62,4,50,10,0,0,1,5,12,2,2,2,1,14,1,2,53,0,30,43,1981,0,,12,,,,,,1,1,16,1,0,,0,0,3,0,11,0,,,,,0,0,1,3,1,0,,,,96,,,,,,98,,,,,,98589,53,71,140,6,2,0,0,0,0,,0,,,,,,0,,,20,0,0,0,8,9,8,,,0,,,8,8,0,0,,,0,,,0,0,996,,,,,,,,,,,,,,,,,,,,,,,,,,,,,,0,0,0,0,0,0,0,0,0,0,0,0,1,1,1,0,0,0,0,0,1,0,1,0,1,0,0,0,1,1,0,0,0,0,0,,0,0,0,0,0,0,0,0,0,0,0,0,0,0,0,0,,,,,,16-17,16-25,County road,R,Wednesday,Belt Used,PV,Not Fatal,0,0,0,0,County Road,County Sheriff,Thurston County Sheriff's Office,0,0,1,0,0,,,,,,0,0,0,,,,,,,,,,,0,0,0,0,,,,,20,,,,,,,,,1,0,,,SKOOKUMCHUCK RD SE,4.929,NULL,
2018,438,E867303,5,12/01/2018,18:26,1,12,0,41,Lewis,0,1,0,3,1,2,1,0,3,3,18:27,18:31,,12,0,6,49.2,2,0,3,4,1,1,3,0,0,0,0,SR-6,CHILVERS RD,-123.0172028,46.64555,0,3,98,98,7,55,34,0,0,1,7,12,1,1,3,1,1,1,1,53,0,12,481,2015,0,0,12,,,,,,1,1,25,1,0,0,0,0,3,0,11,0,,,,,0,0,3,3,1,0,0,0,0,96,,,,,,0,,,,,,98591,53,69,160,6,1,0,0,1,2,,0,,,,,,0,12/15/2014,03/15/2016,20,0,0,0,8,9,8,,,0,0,0,8,0,8,95,,,96,,,8,95,995,,,,,,,,,,,,,,,,,,,,,,,,,,,,,,0,0,0,1,0,0,1,1,0,0,0,0,0,0,0,0,0,0,1,0,0,0,0,1,1,1,1,1,0,1,0,0,0,0,0,,0,0,0,0,0,0,0,0,0,0,0,0,0,0,0,0,,,,,,21-25,16-25,State route,R,Saturday,Belt Used,PV,Not Fatal,1,0,0,0,State Route,State Patrol,Washington State Patrol,0,1,0,0,0,,,,,,0,0,0,,,,,,,,,,,,,,,,,,,,,,,,,,,,,,,,,,,
2020,192,EA16344,146,02/14/2020,19:09,14,2,,77,Yakima,0,1,,2,1,2,1,0,4,2,19:12,19:23,20:09,12,0,2,6.9,1,0,1,5,1,2,4,0,0,0,0,CR-YAKIMA VALLEY HWY,,-120.3498306,46.45044167,0,1,50,10,2,55,4,0,0,1,2,12,2,1,2,1,14,2,1,53,0,22,20,2004,0,,68,12,,,,,1,1,22,1,0,,3,0,3,0,11,5,,,,,0,0,0,3,1,28,91,,,96,,,,,,9,,,,,,98591,53,71,145,6,1,0,0,1,0,,1,,,,,,0,03/15/2018,03/15/2018,8,0,0,0,8,3,2,,,0,,,1,1,2,348,,,1,,,2,1,0.078,,,,,,,,,,,,,,,,,,,,,,,,,,,,,,0,0,0,0,1,0,1,1,1,0,0,0,0,1,0,0,0,0,0,1,0,0,0,1,1,0,0,0,0,1,0,0,0,0,0,,0,0,0,0,1,0,1,1,0,0,0,0,0,0,0,1,,,,,,21-25,16-25,County road,R,Friday,Belt Used,PV,Not Fatal,0,1,1,0,County Road,County Sheriff,Yakima County Sheriff's Office,0,0,1,0,0,,,,,,0,0,0,,,,,,,,,,,98,98,98,0,,,,,20,7,,,,,,,,0,0,,,YAKIMA VALLEY HIGHWAY,6.87,,
2020,419,EA74949,29,10/24/2020,19:42,24,10,,41,Lewis,0,1,,2,1,2,1,0,1,1,19:45,19:46,,1,0,0,5.9,1,0,1,5,1,2,4,0,0,0,0,CR-HIGHWAY 603,,-122.9354056,46.593425,0,1,98,9,1,50,34,0,0,1,2,1,1,1,2,1,6,1,1,53,0,23,481,2004,0,,68,64,69,1,,,1,1,18,1,7,,4,7,99,7,11,0,10/24/2020,19:42,53050313,50313,0,0,0,3,1,0,,,,96,,,,,,98,,,,,,98591,53,73,160,6,2,0,0,0,0,,0,,,,,,3,,,8,1,9,0,0,9,8,,,0,,,8,8,2,1,,,1,,,2,1,0.16,,,,,,,,,,,,,,,,,,,,,,,,,,,,,,0,0,0,0,1,1,0,1,0,0,0,0,1,0,0,0,0,0,0,0,0,1,1,0,1,0,0,0,0,1,0,0,0,0,0,,1,0,0,0,0,1,0,1,0,1,0,0,0,1,0,1,,,,,,18-20,16-25,County road,R,Saturday,Unknown,PV,White,0,0,0,0,County Road,County Sheriff,Lewis County Sheriff's Office,0,0,1,0,0,,,,,,0,0,0,,,,,,,,,,,98,98,98,1,,,,,20,7,,,,,,,,1,0,,,HWY 603,5.903,,
2020,55,EA22120,8,02/14/2020,18:12,14,2,,45,Mason,0,10,,2,2,2,1,0,5,2,18:14,18:31,19:12,12,0,6,8.7,1,0,1,4,1,1,3,0,0,0,0,SR-108,,-123.1489028,47.10342778,0,1,66,6,1,50,2,0,0,1,2,12,3,1,2,1,6,1,2,53,0,37,32,2002,0,,68,12,,,,,1,1,25,1,7,,4,0,3,0,11,5,02/15/2020,18:46,1.96053E+11,8005,0,0,0,3,1,33,,,,96,,,,,,98,,,,,,98592,53,76,185,6,1,0,5,0,0,,0,,,,,,4,01/15/2016,11/15/2020,8,0,0,0,0,9,8,,,0,,,8,8,2,695,605,,1,1,,2,1,0,,,,,,,,,,,,,,,,,,,,,,,,,,,,,,0,0,0,0,0,0,1,1,1,0,0,0,1,0,0,0,0,0,0,0,0,0,0,1,1,0,0,0,0,1,0,0,0,0,0,,1,0,0,0,0,0,1,1,0,1,0,0,0,0,1,0,,,,,,21-25,16-25,State route,R,Friday,Belt Used,PV,White,0,1,1,0,State Route,State Patrol,Washington State Patrol,0,1,0,0,0,thc,0.91,carboxy-thc,5.9,,0,0,1,,,,,,,,,,,98,98,98,1,,,,,20,7,,,,,,,nms,1,0,,,,,,
2020,473,EA86405,31,12/01/2020,9:10,1,12,,45,Mason,0,5,,1,4,2,1,0,2,2,9:29,9:32,10:17,12,0,2,11.3,1,0,1,5,1,2,4,0,0,0,0,CR-W SHELTON MATLOCK RD,,-123.3028556,47.24304722,0,2,51,62,4,98,63,1,0,1,2,12,2,2,2,1,14,1,3,53,0,85,881,2020,0,,12,1,,,,,1,1,36,1,0,,1,0,3,0,11,5,,,,,6,1,3,3,1,0,,,,96,,,,,,0,,,,,,98592,53,68,140,6,1,0,0,1,0,,0,,,,,,0,10/15/2016,10/15/2016,1,0,0,0,8,9,8,,,0,,,8,8,0,0,,,0,,,0,0,996,,,,,,,,,,,,,,,,,,,,,,,,,,,,,,0,0,0,0,0,0,1,1,1,0,0,0,0,0,0,0,0,0,0,0,0,0,0,0,0,0,0,0,0,1,1,0,0,0,0,,0,0,0,0,0,0,0,0,0,0,0,0,0,0,0,0,,,,,,36-40,36-45,County road,R,Tuesday,,MHTRUCK,Not Fatal,0,1,1,0,County Road,County Sheriff,Mason County Sheriff's Office,0,0,1,0,0,,,,,,0,0,0,,,,,,,,,,,98,98,98,0,,,,,20,7,,,,,,,,1,0,,,SHELTON MATLOCK RD,11.3,,
2019,95,E907896,146,04/02/2019,19:05,2,4,,77,Yakima,0,1,0,5,1,2,1,0,3,2,,,,12,0,6,3.8,2,0,3,4,2,2,4,0,0,0,0,CR-AHTANUM RD,S 34TH AVE,-120.5546194,46.55791111,0,2,83,67,4,50,80,0,0,1,7,12,1,1,2,1,1,1,1,53,0,76,705,2017,0,0,12,,,,,,1,1,30,1,1,,4,7,20,7,11,0,04/02/2019,19:05,53015148,15148,0,0,0,3,1,0,0,0,0,96,,,,,,99,,,,,,98593,53,68,200,6,1,0,0,0,0,,0,,,,,,3,,,20,8,0,0,0,9,8,,,0,0,0,8,9,2,605,695,,1,1,,2,1,0,,,,,,,,,,,,,,,,,,,,,,,,,,,,,,0,0,0,1,0,0,1,1,1,0,0,0,1,0,0,0,0,0,0,0,0,0,0,0,0,0,0,0,1,1,0,0,0,0,1,0,0,0,0,0,0,0,1,1,0,1,0,0,0,0,1,0,,,,,,26-30,26-35,County road,U,Tuesday,,MC,Hispanic,1,0,0,0,County Road,County Sheriff,Yakima County Sheriff's Office,0,0,1,0,0,thc,10,carboxy-thc,53,,0,0,0,,,,,,,,,,,0,0,0,1,,,,,19,0,,,,,,,,,,,,,,,
2021,514,EB98577,1,12/02/2021,5:11,2,12,,77,Yakima,0,1,,2,1,2,1,0,2,2,,,,12,0,6,60.4,2,0,2,3,1,1,3,0,3,20,3,SR-97,LARUE RD,-120.3201833,46.36050278,0,1,86,17,2,35,66,1,0,1,2,12,1,1,2,1,1,1,3,40,0,82,881,2020,0,,12,,,,,,1,1,55,2,7,,4,0,3,0,11,5,12/02/2021,7:24,2.59053E+11,62320,6,1,0,3,1,39,,,,96,,,,,,98,,,,,,98593,53,65,195,6,1,0,0,0,0,,0,,,,,,0,,,20,0,0,0,1,9,2,,,0,,,8,8,2,348,996,522,1,1,1,2,1,0,,,,,,,,,,,,,,,,,,,,,,,,,,,,,,0,0,0,1,0,0,1,1,0,0,0,0,0,0,0,0,0,0,0,0,0,0,0,0,0,0,0,0,0,0,1,0,0,0,0,,0,1,0,0,0,0,1,1,0,0,0,0,0,0,1,0,,,,,,51-55,46-55,State route,R,Thursday,,MHTRUCK,White,1,0,0,0,State Route,State Patrol,Washington State Patrol,0,1,0,0,0,,,,,,0,0,0,,,,,,,,,,,98,98,98,1,,,,,20,,,,,,,,,1,0,,,,,,
2021,170,EB38174,8,06/07/2021,16:38,7,6,,27,Grays Harbor,0,1,,1,1,2,2,0,2,2,,,,12,0,2,39.6,1,0,1,4,1,1,3,0,0,0,0,SR-105,,-123.9581083,46.917725,0,2,51,62,4,50,4,0,0,1,2,12,1,1,2,1,1,1,1,53,0,37,31,2009,0,,12,,,,,,1,1,45,2,7,,4,7,3,0,11,0,06/07/2021,16:38,53027932,27932,0,0,0,3,1,0,,,,96,,,,,,98,,,,,,98595,53,62,260,6,1,0,0,0,0,,0,,,,,,0,,,8,0,0,0,0,9,8,,,0,,,8,8,2,996,996,,1,1,,2,1,0,,,,,,,,,,,,,,,,,,,,,,,,,,,,,,0,0,0,0,0,0,1,1,0,0,0,0,0,0,0,0,1,0,0,1,0,0,0,0,0,0,0,0,0,1,0,0,0,0,0,,1,0,0,0,0,0,1,1,0,0,0,0,0,0,1,0,,,,,,41-45,36-45,State route,R,Monday,Belt Used,PV,AIAN,0,1,1,0,State Route,State Patrol,Washington State Patrol,0,1,0,0,0,,,,,,0,0,0,,,,,,,,,,,98,98,98,3,,,,,20,,,,,,,,,1,0,,,,,,
2018,365,E848478,5,10/08/2018,19:19,8,10,7,41,Lewis,0,2,0,2,2,2,1,1,1,1,,,,8,0,0,1,1,0,1,5,1,1,3,0,0,0,0,SR-508,,-122.8683,46.57985556,0,1,13,80,5,55,34,0,0,1,5,8,1,1,2,1,1,1,1,53,0,49,482,2000,0,0,8,,,,,,1,1,22,1,0,0,0,0,3,0,11,0,,,,,0,0,0,3,1,0,0,0,0,96,,,,,,0,,,,,,98596,53,71,155,6,1,0,1,1,0,,0,,,,,,0,09/15/2015,09/15/2015,20,0,0,0,8,9,2,,,0,0,0,0,0,8,95,,,96,,,8,95,995,,,,,,,,,,,,,,,,,,,,,,,,,,,,,,0,0,0,0,0,0,0,0,0,0,0,0,0,0,0,0,0,0,0,0,0,0,0,1,1,0,0,0,0,1,0,1,0,0,0,,0,0,0,0,0,0,0,0,0,0,0,0,0,0,0,0,,,,,,21-25,16-25,State route,R,Monday,Belt Used,PV,Not Fatal,0,0,0,0,State Route,State Patrol,Washington State Patrol,0,1,0,0,0,,,,,,0,0,0,,,,,,,,,,,,,,,,,,,,,,,,,,,,,,,,,,,
2019,26,E887053,29,01/13/2019,3:32,13,1,,27,Grays Harbor,0,5,0,2,2,2,1,0,1,1,,,,42,0,0,1.6,1,0,1,5,1,2,4,0,0,0,0,CR-GARRARD CREEK RD,,-123.3004917,46.80168056,0,1,6,12,2,50,34,0,0,1,7,42,2,1,2,1,14,1,2,53,0,12,481,1986,0,0,68,64,42,,,,1,1,18,1,7,,4,7,3,0,11,0,01/13/2019,3:32,53002911,2911,0,0,3,3,1,0,0,0,0,92,,,,,,99,,,,,,98596,53,69,160,6,2,0,0,0,0,,0,,,,,,0,,,20,0,0,0,0,9,8,,,0,0,0,8,9,2,1,,,1,,,2,1,0.21,,,,,,,,,,,,,,,,,,,,,,,,,,,,,,0,0,1,0,1,1,0,1,0,0,0,0,0,0,0,0,1,0,0,0,0,1,1,0,1,0,0,0,0,1,0,0,0,0,0,,1,0,0,0,0,1,0,1,1,0,0,0,0,1,0,1,,,,,,18-20,16-25,County road,R,Sunday,Belt Used,PV,White,0,1,0,0,County Road,County Sheriff,Lewis County Sheriff's Office,1,0,1,0,0,,,,,,0,0,0,,,,,,,,,,,0,0,0,1,,,,,20,7,,,,,,,,,,,,,,,
2021,241,EB50837,5,07/21/2021,22:57,21,7,,41,Lewis,0,1,,2,1,2,1,0,1,1,,,,52,0,0,81.3,1,0,1,1,2,1,1,0,0,0,0,I-5,,-122.9735194,46.70576111,0,1,7,10,2,60,4,0,0,1,2,52,1,1,2,3,1,1,1,53,0,49,43,2002,0,,64,69,63,52,,,1,1,34,1,7,,4,0,20,7,11,5,07/21/2021,23:57,30053037253,37253,0,0,0,0,1,58,,,,96,,,,,,98,,,,,,98596,53,71,175,0,0,0,0,0,2,,0,,,,,,0,03/15/2017,08/15/2021,20,0,0,0,0,9,8,,,0,,,8,8,2,996,401,417,1,1,1,2,1,0,,,,,,,,,,,,,,,,,,,,,,,,,,,,,,0,0,0,0,0,0,1,1,0,0,0,0,0,1,0,0,0,0,0,1,0,0,0,0,0,0,0,0,0,1,0,0,0,1,0,,1,0,0,0,0,0,1,1,0,0,0,1,0,0,1,0,,,,,,31-35,26-35,Interstate,U,Wednesday,Not Used,PV,White,0,1,0,0,State Route,State Patrol,Washington State Patrol,1,1,0,0,0,,,,,,0,0,3,,,,,,,,,,,98,98,98,1,,,,,20,,,,,,,,,1,0,,,,,,
2021,420,EB79189,29,10/09/2021,16:21,9,10,,41,Lewis,0,1,,1,1,2,1,0,1,1,,,,24,0,0,0.1,1,0,1,7,1,2,4,0,0,0,0,CR-SUMMERS RD,,-123.0485389,46.74802778,0,1,1,13,2,35,14,0,0,1,2,24,3,2,2,1,14,1,2,53,0,51,401,2010,0,,63,24,69,1,,,1,1,45,1,7,,4,7,20,7,11,0,10/09/2021,16:21,53057832,57832,0,0,0,2,1,0,,,,96,,,,,,98,,,,,,98596,53,74,210,1,1,0,0,0,0,,0,,,,,,4,07/15/2017,07/15/2017,9,1,2,0,0,9,8,,,0,,,8,8,2,605,417,,1,1,,2,1,0.096,,,,,,,,,,,,,,,,,,,,,,,,,,,,,,0,0,1,0,1,1,1,1,1,0,0,0,1,1,0,0,0,0,0,1,0,0,0,0,0,0,0,0,0,1,0,0,0,1,0,,1,0,0,0,0,1,1,1,0,1,0,1,0,0,0,1,,,,,,41-45,36-45,County road,R,Saturday,Not Used,PV,White,0,1,0,0,County Road,County Sheriff,Lewis County Sheriff's Office,1,0,1,0,0,thc,3.7,,,,0,0,1,,,,,,,,,,,98,98,98,1,,,,,20,,,,,,,,nms,1,0,,,SUMMERS RD,0.1,NULL,