year,case,par,repjur,crash_dt,crash_tm,accday,accmon,holiday,county,co_char,city,weather,weather2,lightcond,surfcond,surftype,numfatal,nmforms,pforms,vforms,not_tm,arr_tm,hosp_tm,fhevent,hitrun,manncol,milepnt,reljunc,reljuncinter,intersectiontype,funcsystem,landuse,ownership,route,schlbus,spejur,contdev,devfunc,trafid1,trafid2,x,y,wk_zone,vnumber,crashtype,criticalevent,criticaleventcat,spdlim,body,trailer,emerg,hazcargo,leave,mhevent,roadalgn,roadprof,traflane,trafflow,vehmanvr,numoccs,regowner,regstate,spuse,make,model,modelyr,vrf1,vrf2,seqevent1,seqevent2,seqevent3,seqevent4,seqevent5,seqevent6,pnumber,ptype,age,sex,hispanic,race,injury,diedscene,restraint,restraintmisuse,seatpos,takehosp,death_dt,death_tm,cert,cernum_wa,commlic,licendor,licrestrict,liccomp,drivpres,drf1,drf2,drf3,drf4,distract1,distract2,distract3,distract4,distract5,distract6,dricond1,dricond2,dricond3,dricond4,dricond5,dricond6,dzip,licstate,drhgt_in,weight,noncdl,noncdltype,prevdwi,prevoth,prevacc,prevspd,prevsus,driviol1,driviol2,driviol3,driviol4,driviol5,driviol6,spdrel,first_dt,last_dt,airbag,ejection,ejectpath,extricat,injurwrk,methalc,methdrug,nmlocat,strikveh,prf1,prf2,prf3,druginv,alcinvol,drugsts,drugres1,drugres2,drugres3,drugtst1,drugtst2,drugtst3,alcsts,alctst,alcres,nmact1,nmact2,nmact3,nmact4,nmact5,nmact6,nmprior1,nmprior2,nmprior3,nmprior4,nmprior5,nmprior6,nmcond1,nmcond2,nmcond3,nmcond4,nmcond5,nmcond6,nmsafe_helmet,nmsafe_pads,nmsafe_oth,nmprev_ref,nmprev_lgt,nmprev_oth,crashlocation,nmcrashtype,crosswalk,schoolzone,sidewalk,train_inv,wildlife_inv,rotr_fars,intersect_fars,dd_inv,aid_inv,dpd_inv,id_inv,mj_inv,impnm_inv,ainm_inv,dpnm_inv,speed_inv,unlic_inv,unendmc_inv,drowsy_inv,drdist_inv,nmdist_inv,fty_inv,unrestfat_inv,dr1617_inv,dr1820_inv,dr1620_inv,dr2125_inv,dr1625_inv,dr65_inv,dr70_inv,dr75_inv,mc_inv,pv_inv,ht_inv,ped_inv,bike_inv,unrest_fat,mc_fat,unhelmet_mc,pv_fat,ht_fat,ped_fat,bike_fat,dr_alc7,dr_alc8,dr_drug,dr_imp,dr_dist,dr_spd,dr_fty,dr_unlic,dr_alc7only,dr_alc8only,dr_drugonly,dr_drink,nm_imp,nm_alc7,nm_alc8,nm_drug,nm_dist,agegrp1,agegrp2,roadclass,urbrur,dayweek,restuse,vehtype,race_me,intersect,lanedep,oppdir,wrongway,rep_typ,investag,repag_long,rotr,st_rd,cty_rd,city_rd,oth_rd,drug_thc,thc_res,drug_cthc,cthc_res,drug_cann,prevpersemin,prevperse,prevsusoth,drugtst4,drugtst5,drugtst6,drugtst7,drugtst8,drugres4,drugres5,drugres6,drugres7,drugres8,adspresent,adsengaged,adslevel,race1,race2,race3,race4,race5,helmet,helmetmisuse,nmdistract1,nmdistract2,nmdistract3,nmdistract4,nmdistract5,nmdistract6,lab,isedtcase,crf1,crf2,crf3,CoRoadName,CoMP,IntCoRoadName,IntCoMP
2017,13,E630362,42,01/09/2017,6:51,9,1,0,67,Thurston,0,1,0,2,4,2,1,0,2,1,,,,38,0,0,1.1,1,0,1,5,1,2,4,0,3,0,0,CR-RESERVATION RD,,-122.6971917,47.02611111,0,1,2,6,1,50,21,0,0,1,5,1,1,1,2,1,6,2,1,53,0,12,461,2002,0,0,68,68,63,38,1,,1,1,32,1,0,0,3,0,3,0,11,1,,,,,0,0,3,2,1,0,0,0,0,96,,,,,,0,,,,,,98597,53,62,120,1,1,1,0,0,1,2,97,,,,,,4,06/15/2016,12/15/2016,20,0,0,0,8,9,8,,,0,0,0,8,0,0,0,0,0,0,0,0,0,0,996,,,,,,,,,,,,,,,,,,,,,,,,,,,,,,0,0,0,0,0,0,0,0,0,0,0,0,1,1,0,0,0,0,0,0,0,0,0,0,0,0,0,0,0,1,0,0,0,0,0,,0,0,0,0,0,0,0,0,0,1,0,1,0,0,0,0,,,,,,31-35,26-35,County road,R,Monday,Belt Used,PV,Not Fatal,0,1,0,0,County Road,County Sheriff,Thurston County Sheriff's Office,1,0,1,0,0,,,,,,,,,,,,,,,,,,,,,,,,,,,,,,,,,,,,,,,,,,,
2017,232,E687665,3,07/02/2017,23:46,2,7,5,67,Thurston,0,1,0,2,1,2,1,0,3,2,,,,12,0,1,86,1,0,1,1,1,1,1,0,0,0,0,I-5,,-122.9994639,46.77634444,0,1,24,52,3,70,66,2,0,1,2,12,1,1,3,3,1,1,3,53,0,87,884,2017,0,0,12,,,,,,1,1,36,1,0,0,0,0,3,0,11,0,,,,,6,1,0,3,1,91,0,0,0,96,,,,,,9,,,,,,98597,53,74,185,6,1,0,0,2,0,0,1,,,,,,0,05/15/2016,08/15/2016,20,0,0,0,8,9,2,,,0,0,0,0,0,0,0,0,0,0,0,0,0,0,996,,,,,,,,,,,,,,,,,,,,,,,,,,,,,,0,0,0,0,0,0,0,0,0,0,0,0,0,0,0,0,0,0,0,0,0,0,0,0,0,1,1,1,0,1,1,0,0,0,0,,0,0,0,0,0,0,0,0,0,0,0,0,0,0,0,0,,,,,,36-40,36-45,Interstate,R,Sunday,,MHTRUCK,Not Fatal,0,0,0,0,State Route,State Patrol,Washington State Patrol Headquarter,0,1,0,0,0,,,,,,,,,,,,,,,,,,,,,,,,,,,,,,,,,,,,,,,,,,,
2017,340,E711224,3,08/31/2017,16:14,31,8,0,53,Pierce,1124,1,0,1,1,2,1,0,8,6,,,,12,0,1,0.5,17,1,1,3,2,1,3,0,0,0,0,SR-512,,-122.4679194,47.16010556,0,5,98,98,7,60,34,0,0,1,5,12,1,1,4,3,5,1,1,53,0,12,481,2017,0,0,12,12,,,,,1,1,60,1,0,0,0,0,3,0,11,0,,,,,6,0,0,3,1,0,0,0,0,0,,,,,,0,,,,,,98597,53,68,225,6,1,0,0,0,0,0,97,,,,,,0,,,20,0,0,0,8,9,8,,,0,0,0,8,0,0,0,0,0,0,0,0,0,0,996,,,,,,,,,,,,,,,,,,,,,,,,,,,,,,0,0,0,0,0,0,0,0,0,0,0,0,1,1,0,0,1,0,0,0,0,0,0,0,0,0,0,0,1,1,1,0,0,0,0,,0,0,0,0,0,0,0,0,0,0,0,0,0,0,0,0,,,,,,56-60,56-65,State route,U,Thursday,Belt Used,PV,Not Fatal,0,0,0,0,State Route,State Patrol,Washington State Patrol Headquarter,0,1,0,0,0,,,,,,,,,,,,,,,,,,,,,,,,,,,,,,,,,,,,,,,,,,,
2017,395,E719219,8,09/27/2017,10:13,27,9,0,35,Kitsap,0,1,0,1,1,2,1,0,2,2,,,,12,0,2,56.6,1,0,1,3,1,1,3,0,0,0,0,SR-3,,-122.6457667,47.81325,0,2,51,62,4,55,80,0,0,1,2,12,1,2,2,1,1,1,1,53,0,34,706,2003,0,0,12,,,,,,1,1,76,1,7,1,4,7,5,0,11,0,09/27/2017,10:13,1.73053E+11,42252,0,0,0,3,1,0,0,0,0,0,,,,,,0,,,,,,98597,53,70,230,6,1,0,0,0,0,0,0,,,,,,0,,,20,8,0,0,0,9,8,,,0,0,0,8,9,2,1,0,0,1,0,0,2,1,0,,,,,,,,,,,,,,,,,,,,,,,,,,,,,,0,0,0,0,0,0,1,1,1,0,0,0,0,0,0,0,0,0,0,0,0,0,0,0,0,1,1,1,1,1,0,0,0,0,1,0,0,0,0,0,0,0,0,0,0,0,0,0,0,0,0,0,,,,,,76-80,76+,State route,R,Wednesday,,MC,White,0,1,1,0,State Route,State Patrol,Washington State Patrol Headquarter,0,1,0,0,0,,,,,,,,,,,,,,,,,,,,,,,,,,,,,,,,,,,,,,,,,,,
2017,440,E728240,42,10/28/2017,22:17,28,10,0,67,Thurston,0,1,0,3,1,2,1,0,2,2,,,,12,0,6,27.5,2,0,3,5,1,2,4,0,0,0,0,CR-148TH AVE SE,SOLBERG RD SE,-122.6237278,46.87232222,0,1,68,15,2,50,34,0,0,1,2,12,1,1,2,1,11,1,1,53,0,7,482,2005,0,0,12,,,,,,1,1,32,1,0,0,0,0,3,0,11,0,,,,,0,0,0,3,1,91,0,0,0,96,,,,,,9,,,,,,98597,53,69,180,6,1,0,0,0,0,0,1,,,,,,0,,,20,0,0,0,8,9,8,,,0,0,0,8,1,2,605,0,0,1,0,0,2,1,0.17,,,,,,,,,,,,,,,,,,,,,,,,,,,,,,0,0,0,1,1,1,1,1,1,0,0,0,0,0,1,0,1,0,0,0,0,0,0,0,0,0,0,0,1,0,0,0,0,0,0,,0,0,0,0,0,1,1,1,0,0,0,0,0,0,0,1,,,,,,31-35,26-35,County road,R,Saturday,Belt Used,PV,Not Fatal,1,0,0,0,County Road,County Sheriff,Thurston County Sheriff's Office,0,0,1,0,0,thc,6.8,carboxy-thc,42,,,,,,,,,,,,,,,,,,,,,,,,,,,,,,,,,,,,,,,
2017,440,E728240,42,10/28/2017,22:17,28,10,0,67,Thurston,0,1,0,3,1,2,1,0,2,2,,,,12,0,6,27.5,2,0,3,5,1,2,4,0,0,0,0,CR-148TH AVE SE,SOLBERG RD SE,-122.6237278,46.87232222,0,2,69,62,4,50,80,0,0,1,2,12,1,1,2,1,1,1,1,53,0,53,706,1999,0,0,12,,,,,,1,1,34,1,6,1,4,7,19,0,11,0,10/28/2017,22:17,53047240,47240,0,0,0,2,1,0,0,0,0,92,,,,,,0,,,,,,98597,53,76,185,6,1,0,0,0,0,0,0,,,,,,0,,,20,8,0,0,0,9,8,,,0,0,0,8,9,2,401,417,0,1,1,0,2,1,0,,,,,,,,,,,,,,,,,,,,,,,,,,,,,,0,0,0,1,1,1,1,1,1,0,0,0,0,0,1,0,1,0,0,0,0,0,0,0,0,0,0,0,1,0,0,0,0,0,1,0,0,0,0,0,0,0,1,1,1,0,0,0,0,0,1,0,,,,,,31-35,26-35,County road,R,Saturday,,MC,Hispanic,1,0,0,0,County Road,County Sheriff,Thurston County Sheriff's Office,0,0,1,0,0,,,,,,,,,,,,,,,,,,,,,,,,,,,,,,,,,,,,,,,,,,,
2017,442,E728776,35,10/28/2017,18:42,28,10,0,53,Pierce,0,5,0,3,1,2,1,0,3,2,,,,12,0,8,2,2,0,2,4,1,2,4,0,0,0,0,CR-304TH ST E,WEBSTER RD E,-122.3155806,46.98018056,0,2,68,54,3,45,14,0,0,1,5,12,1,3,2,1,11,2,1,53,0,2,403,2008,0,0,12,,,,,,1,1,54,2,0,0,0,0,3,0,11,0,,,,,0,0,3,3,1,0,0,0,0,0,,,,,,0,,,,,,98597,53,64,163,6,1,0,0,0,1,0,0,,,,,,0,05/15/2014,05/15/2014,20,0,0,0,8,9,8,,,0,0,0,8,0,0,0,0,0,0,0,0,0,0,996,,,,,,,,,,,,,,,,,,,,,,,,,,,,,,0,0,0,1,1,1,1,1,1,0,0,0,1,0,0,0,0,0,0,1,0,0,0,0,0,0,0,0,0,1,0,0,0,0,0,,0,0,0,0,0,0,0,0,0,0,0,0,0,0,0,0,,,,,,51-55,46-55,County road,R,Saturday,Belt Used,PV,Not Fatal,1,0,0,0,County Road,County Sheriff,Law Enforcement Support Agency,0,0,1,0,0,,,,,,,,,,,,,,,,,,,,,,,,,,,,,,,,,,,,,,,,,,,
2017,503,E743130,35,12/03/2017,21:00,3,12,0,53,Pierce,0,1,0,2,1,2,1,0,3,2,21:04,21:20,21:50,12,0,2,1.3,1,0,1,3,2,2,4,0,0,0,0,CR-SPANAWAY LP S,,-122.4585417,47.10825833,0,2,51,62,4,40,39,0,0,1,2,12,3,1,2,2,14,1,1,53,0,29,399,2008,0,0,12,,,,,,1,1,27,1,0,0,0,0,3,0,11,0,,,,,0,0,0,3,1,0,0,0,0,0,,,,,,0,,,,,,98597,53,72,185,6,1,0,0,0,0,0,0,,,,,,0,,,1,0,0,0,8,9,8,,,0,0,0,8,0,0,0,0,0,0,0,0,0,0,996,,,,,,,,,,,,,,,,,,,,,,,,,,,,,,0,0,0,0,1,1,0,1,0,0,0,0,0,0,0,0,0,0,0,1,0,0,0,1,1,0,0,0,0,1,0,0,0,0,0,,0,0,0,0,0,0,0,0,0,0,0,0,0,0,0,0,,,,,,26-30,26-35,County road,U,Sunday,Belt Used,PV,Not Fatal,0,1,1,0,County Road,County Sheriff,Law Enforcement Support Agency,0,0,1,0,0,,,,,,,,,,,,,,,,,,,,,,,,,,,,,,,,,,,,,,,,,,,
2018,139,E799941,35,05/19/2018,12:53,19,5,0,53,Pierce,0,1,0,1,1,2,1,0,2,2,12:52,13:14,,1,0,0,0.7,1,0,1,6,1,2,4,0,0,0,0,CR-320TH ST S,,-122.5404139,46.96683611,0,1,98,50,3,35,80,0,0,1,5,12,1,1,2,1,1,1,1,53,0,72,706,2011,0,0,1,12,,,,,1,1,28,1,7,1,4,7,19,0,11,0,05/19/2018,13:05,1.93053E+11,23189,0,0,0,3,1,0,0,0,0,96,,,,,,99,,,,,,98597,53,75,215,6,1,0,0,0,0,,0,,,,,,3,,,20,8,0,0,0,9,8,,,0,0,0,8,9,2,1,,,1,,,2,1,0,,,,,,,,,,,,,,,,,,,,,,,,,,,,,,0,0,0,0,0,0,0,0,0,0,0,0,1,0,0,0,0,0,0,0,0,0,0,0,0,0,0,0,1,1,0,0,0,0,1,0,0,0,0,0,0,0,0,0,0,1,0,0,0,0,0,0,,,,,,26-30,26-35,County road,R,Saturday,,MC,White,0,0,0,0,County Road,County Sheriff,Law Enforcement Support Agency,0,0,1,0,0,,,,,,0,0,0,,,,,,,,,,,,,,,,,,,,,,,,,,,,,,,,,,,
2018,277,E828112,7,08/03/2018,2:49,3,8,0,33,King,1030,2,0,2,2,2,1,0,4,4,,,,12,0,2,3.3,1,0,1,3,2,1,3,0,0,0,0,SR-516,,-122.2757111,47.38091944,0,1,50,54,3,98,4,0,0,1,2,12,3,2,2,3,14,1,1,53,0,20,2,2014,0,0,12,60,54,25,69,12,1,1,25,2,7,1,4,7,3,0,11,0,08/03/2018,2:49,1.03053E+11,34096,0,0,0,3,1,51,0,0,0,96,,,,,,99,,,,,,98597,53,66,150,6,1,0,0,0,0,,0,,,,,,0,,,8,2,9,0,0,9,8,,,0,0,0,8,9,2,605,695,,1,1,,2,1,0.15,,,,,,,,,,,,,,,,,,,,,,,,,,,,,,0,0,0,0,1,1,1,1,1,0,0,0,0,0,0,0,0,0,0,0,0,1,1,1,1,0,0,0,0,1,1,0,0,0,0,,1,0,0,0,0,1,1,1,0,0,0,0,0,0,0,1,,,,,,21-25,16-25,State route,U,Friday,Belt Used,PV,White,0,0,0,1,State Route,State Patrol,Washington State Patrol,0,1,0,0,0,thc,7.5,carboxy-thc,56,,0,0,0,,,,,,,,,,,,,,,,,,,,,,,,,,,,,,,,,,,
2018,327,E837994,3,09/07/2018,17:28,7,9,0,67,Thurston,0,10,0,5,1,2,1,0,4,4,,,,12,0,8,6.3,1,0,1,4,2,1,3,0,0,0,0,SR-510,,-122.6943444,47.01323056,0,3,98,62,4,45,20,0,0,1,2,12,3,1,2,1,14,1,3,53,0,12,444,2013,0,0,12,12,,,,,1,1,56,1,0,0,1,0,3,0,11,8,,,,,0,0,3,3,1,0,0,0,0,96,,,,,,0,,,,,,98597,53,69,160,6,1,0,0,0,0,,0,,,,,,0,,,1,0,0,0,8,9,8,,,0,0,0,8,0,8,95,,,96,,,8,95,995,,,,,,,,,,,,,,,,,,,,,,,,,,,,,,0,0,0,0,0,0,1,1,0,0,0,0,0,0,0,0,0,0,0,1,0,0,0,0,0,1,0,0,0,1,0,0,0,0,0,,0,0,0,0,0,0,0,0,0,0,0,0,0,0,0,0,,,,,,56-60,56-65,State route,U,Friday,Belt Used,PV,Not Fatal,0,1,1,0,State Route,State Patrol,Washington State Patrol,0,1,0,0,0,,,,,,0,0,0,,,,,,,,,,,,,,,,,,,,,,,,,,,,,,,,,,,
2018,456,E871410,3,11/28/2018,4:30,28,11,0,67,Thurston,0,1,0,3,1,2,2,0,3,2,,,,12,0,7,30.8,1,0,1,4,2,1,3,0,0,0,0,SR-507,,-122.5632389,46.93227778,0,1,46,51,3,35,34,0,0,1,2,1,1,2,2,1,6,2,2,53,0,49,471,1989,0,0,12,63,38,39,1,3,1,1,20,1,7,1,4,7,3,0,11,0,11/28/2018,4:30,2.60053E+11,52732,0,0,0,3,1,0,0,0,0,92,,,,,,0,,,,,,98597,53,73,170,6,1,0,0,0,0,,0,,,,,,0,,,20,0,0,0,0,9,8,,,0,0,0,8,0,2,605,695,,1,1,,2,1,0,,,,,,,,,,,,,,,,,,,,,,,,,,,,,,0,0,0,0,0,0,1,1,1,0,0,0,0,0,0,0,1,0,0,0,0,1,1,0,1,1,0,0,0,1,0,0,0,0,0,,1,0,0,0,0,0,1,1,1,0,0,0,0,0,1,0,,,,,,18-20,16-25,State route,U,Wednesday,Belt Used,PV,White,0,0,0,0,State Route,State Patrol,Washington State Patrol,0,1,0,0,0,thc,1.2,carboxy-thc,6.4,,0,0,0,,,,,,,,,,,,,,,,,,,,,,,,,,,,,,,,,,,
2018,456,E871410,3,11/28/2018,4:30,28,11,0,67,Thurston,0,1,0,3,1,2,2,0,3,2,,,,12,0,7,30.8,1,0,1,4,2,1,3,0,0,0,0,SR-507,,-122.5632389,46.93227778,0,2,45,60,4,35,4,0,0,1,5,12,1,2,2,1,1,1,1,53,0,55,35,2005,0,0,12,,,,,,1,1,66,2,0,0,0,0,3,0,11,0,,,,,0,0,0,3,1,0,0,0,0,96,,,,,,0,,,,,,98597,53,61,140,6,1,0,0,2,0,,0,,,,,,0,09/15/2014,04/15/2017,20,0,0,0,8,9,8,,,0,0,0,8,0,8,95,,,96,,,8,95,995,,,,,,,,,,,,,,,,,,,,,,,,,,,,,,0,0,0,0,0,0,1,1,1,0,0,0,0,0,0,0,1,0,0,0,0,1,1,0,1,1,0,0,0,1,0,0,0,0,0,,0,0,0,0,0,0,0,0,0,0,0,0,0,0,0,0,,,,,,66-70,66-75,State route,U,Wednesday,Belt Used,PV,Not Fatal,0,0,0,0,State Route,State Patrol,Washington State Patrol,0,1,0,0,0,,,,,,0,0,0,,,,,,,,,,,,,,,,,,,,,,,,,,,,,,,,,,,
2019,107,E911226,42,04/15/2019,14:02,15,4,,67,Thurston,0,1,0,1,1,7,2,0,3,2,,,,12,0,2,5.7,1,0,1,5,1,2,4,0,0,0,0,CR-RAINIER RD SE,,-122.7699444,46.94554167,0,2,51,62,4,50,4,0,0,1,5,12,3,1,2,1,14,2,1,53,0,30,40,2003,0,0,12,,,,,,1,1,37,1,7,,4,7,3,0,11,0,04/15/2019,14:02,53017906,17906,0,0,0,3,1,0,0,0,0,96,,,,,,99,,,,,,98597,53,71,215,6,1,0,0,0,0,,0,,,,,,0,,,8,0,0,0,0,9,8,,,0,0,0,8,9,8,95,,,96,,,8,95,995,,,,,,,,,,,,,,,,,,,,,,,,,,,,,,0,0,0,0,0,0,0,0,0,0,0,0,0,0,0,0,0,0,0,0,0,0,0,0,0,0,0,0,0,1,0,0,0,0,0,,1,0,0,0,0,0,0,0,0,0,0,0,0,0,0,0,,,,,,36-40,36-45,County road,R,Monday,Belt Used,PV,White,0,1,1,0,County Road,County Sheriff,Thurston County Sheriff's Office,0,0,1,0,0,,,,,,0,0,0,,,,,,,,,,,98,98,98,1,,,,,20,7,,,,,,,,,,,,,,,
2019,234,E941099,3,06/25/2019,14:57,25,6,,53,Pierce,0,1,0,1,1,2,2,0,3,2,,,,12,0,6,16.9,2,0,3,3,2,1,3,0,0,0,0,SR-161,244TH CT W,-122.2958,47.03495278,0,2,69,62,4,55,66,1,0,1,7,12,1,3,3,1,1,1,3,37,0,82,881,2009,0,0,12,2,,,,,1,1,40,1,0,,0,0,3,0,11,0,,,,,6,1,0,3,1,0,0,0,0,96,,,,,,0,,,,,,98597,53,71,200,6,1,0,0,0,2,,0,,,,,,0,03/15/2017,03/15/2018,99,0,0,0,8,9,2,,,0,0,0,0,0,8,95,,,96,,,8,95,995,,,,,,,,,,,,,,,,,,,,,,,,,,,,,,0,0,0,1,0,0,0,0,0,0,0,0,0,0,0,0,1,0,1,0,1,0,1,0,1,0,0,0,0,1,1,0,0,0,0,,0,0,0,0,0,0,0,0,0,0,0,0,0,0,0,0,,,,,,36-40,36-45,State route,U,Tuesday,,MHTRUCK,Not Fatal,1,0,0,0,State Route,State Patrol,Washington State Patrol,0,1,0,0,0,,,,,,0,0,0,,,,,,,,,,,98,98,98,0,,,,,20,7,,,,,,,,,,,,,,,
2019,388,E977568,42,10/31/2019,21:11,31,10,,67,Thurston,0,1,0,2,1,2,1,0,1,1,,,,42,0,0,11.3,1,0,1,5,1,2,4,0,0,0,0,CR-BALD HILL RD SE,,-122.4755556,46.81701389,0,1,6,13,2,50,4,0,0,1,7,42,3,1,2,1,14,1,1,53,0,49,40,2018,0,0,63,69,68,64,42,,1,1,34,1,7,,4,7,20,7,11,0,10/31/2019,21:11,53048824,48824,0,0,0,3,1,58,0,0,0,96,,,,,,99,,,,,,98597,53,70,190,6,1,0,0,0,0,,0,,,,,,4,,,8,0,0,0,0,9,8,,,0,0,0,8,9,2,695,605,,1,1,,2,1,0.19,,,,,,,,,,,,,,,,,,,,,,,,,,,,,,0,0,1,0,1,1,1,1,1,0,0,0,1,0,0,0,0,0,0,1,0,0,0,0,0,0,0,0,0,1,0,0,0,1,0,,1,0,0,0,0,1,1,1,0,1,0,0,0,0,0,1,,,,,,31-35,26-35,County road,R,Thursday,Not Used,PV,White,0,1,0,0,County Road,County Sheriff,Thurston County Sheriff's Office,1,0,1,0,0,thc,7.3,carboxy-thc,17,,0,0,0,,,,,,,,,,,98,98,98,1,,,,,20,7,,,,,,,,,,,,,,,
2020,420,EA74969,42,10/24/2020,22:52,24,10,,67,Thurston,0,1,,2,1,2,2,0,3,2,,,,12,0,2,3.2,1,0,1,5,1,2,4,0,0,0,0,CR-BALD HILL RD SE,,-122.5420722,46.90020556,0,2,50,10,2,98,80,0,0,1,5,12,2,1,2,1,14,2,1,53,0,72,706,2017,0,,68,12,,,,,1,1,40,1,7,,4,7,20,7,11,0,10/24/2020,23:08,53051261,51261,0,0,0,3,1,28,,,,96,,,,,,98,,,,,,98597,53,73,170,6,1,0,0,0,0,,0,,,,,,0,,,20,8,0,0,0,9,8,,,0,,,8,8,2,1,,,1,,,2,1,0,,,,,,,,,,,,,,,,,,,,,,,,,,,,,,0,0,0,0,0,0,0,0,0,0,0,0,0,0,0,0,0,0,0,0,0,0,0,0,0,1,1,0,1,1,0,0,0,0,1,0,0,0,0,0,0,0,0,0,0,0,0,0,0,0,0,0,,,,,,36-40,36-45,County road,R,Saturday,,MC,White,0,1,1,0,County Road,County Sheriff,Thurston County Sheriff's Office,0,0,1,0,0,,,,,,0,0,0,,,,,,,,,,,0,0,0,1,,,,,5,0,,,,,,,,1,0,,,BALD HILL RD SE,3.2,,
2020,564,EA83637,42,11/23/2020,6:10,23,11,,67,Thurston,1790,2,,2,2,2,1,1,1,1,,,,8,0,0,23.1,3,0,2,4,1,1,3,0,0,3,3,SR-507,CENTER ST,-122.6888056,46.888375,0,1,13,80,5,30,34,0,0,1,5,8,1,1,2,1,11,1,1,53,0,12,481,2013,0,,8,,,,,,1,1,53,1,0,,0,0,3,0,11,0,,,,,0,0,3,3,1,38,,,,96,,,,,,98,,,,,,98597,53,70,200,6,1,0,0,0,0,,46,,,,,,0,,,20,0,0,0,8,9,8,,,0,,,8,8,8,95,,,96,,,8,95,995,,,,,,,,,,,,,,,,,,,,,,,,,,,,,,0,0,0,1,0,0,0,0,0,0,0,0,0,0,0,0,0,0,1,0,0,0,0,0,0,0,0,0,0,1,0,1,0,0,0,,0,0,0,0,0,0,0,0,0,0,1,0,0,0,0,0,,,,,,51-55,46-55,State route,R,Monday,Belt Used,PV,Not Fatal,1,0,0,0,State Route,County Sheriff,Thurston County Sheriff's Office,0,1,0,0,0,,,,,,0,0,0,,,,,,,,,,,98,98,98,0,,,,,20,7,,,,,,,,1,0,,,,,,
2021,65,EB13444,3,02/26/2021,16:50,26,2,,53,Pierce,0,1,,1,1,2,1,0,4,3,,,,12,0,1,128.8,1,0,1,1,2,1,1,0,0,0,0,I-5,,-122.4658556,47.17815833,0,1,28,52,3,60,66,1,0,1,5,12,1,1,4,3,1,1,3,53,0,82,881,2003,0,,12,,,,,,1,1,31,1,0,,0,0,3,0,11,0,,,,,6,3,0,3,1,26,,,,96,,,,,,98,,,,,,98597,53,74,242,6,1,0,0,0,0,,2,58,,,,,4,,,20,0,0,0,8,9,8,,,0,,,8,8,0,0,,,0,,,0,0,996,,,,,,,,,,,,,,,,,,,,,,,,,,,,,,0,0,0,0,0,0,1,1,0,0,0,0,1,0,0,0,0,0,0,0,0,1,1,0,1,1,1,1,0,1,1,0,0,0,0,,0,0,0,0,0,0,0,0,0,1,0,0,0,0,0,0,,,,,,31-35,26-35,Interstate,U,Friday,,MHTRUCK,Not Fatal,0,0,0,0,State Route,State Patrol,Washington State Patrol,0,1,0,0,0,,,,,,0,0,0,,,,,,,,,,,98,98,98,0,,,,,20,,,,,,,,,1,0,,,,,,
2021,71,EB15307,3,03/20/2021,16:10,20,3,,67,Thurston,0,1,,1,1,2,2,0,6,4,,,,12,0,6,7.2,1,0,1,4,1,1,3,0,0,0,0,SR-510,,-122.6801694,47.00545,0,2,66,62,4,45,14,0,0,1,2,12,1,1,2,1,1,2,1,53,0,20,404,2018,0,,12,,,,,,1,1,46,2,0,,1,0,3,0,11,0,,,,,0,0,0,3,1,0,,,,96,,,,,,98,,,,,,98597,53,63,220,6,1,0,0,0,0,,0,,,,,,0,,,8,0,0,0,8,9,8,,,0,,,8,8,0,0,,,0,,,0,0,996,,,,,,,,,,,,,,,,,,,,,,,,,,,,,,0,0,0,0,0,0,1,1,0,0,0,0,0,1,0,0,0,0,0,0,1,0,1,0,1,0,0,0,0,1,0,0,0,0,0,,0,0,0,0,0,0,0,0,0,0,0,0,0,0,0,0,,,,,,46-50,46-55,State route,R,Saturday,Belt Used,PV,Not Fatal,0,1,1,0,State Route,State Patrol,Washington State Patrol,0,1,0,0,0,,,,,,0,0,0,,,,,,,,,,,98,98,98,0,,,,,20,,,,,,,,,1,14,,,,,,
2021,71,EB15307,3,03/20/2021,16:10,20,3,,67,Thurston,0,1,,1,1,2,2,0,6,4,,,,12,0,6,7.2,1,0,1,4,1,1,3,0,0,0,0,SR-510,,-122.6801694,47.00545,0,3,98,62,4,45,5,0,0,1,2,12,1,1,2,1,1,1,2,53,0,49,46,2019,0,,12,,,,,,1,1,47,2,0,,1,0,3,0,11,5,,,,,0,0,0,3,1,0,,,,96,,,,,,98,,,,,,98597,53,64,150,6,1,0,0,0,0,,0,,,,,,0,,,8,0,0,0,8,3,2,,,0,,,8,8,0,0,,,0,,,0,0,996,,,,,,,,,,,,,,,,,,,,,,,,,,,,,,0,0,0,0,0,0,1,1,0,0,0,0,0,1,0,0,0,0,0,0,1,0,1,0,1,0,0,0,0,1,0,0,0,0,0,,0,0,0,0,0,0,0,0,0,0,0,0,0,0,0,0,,,,,,46-50,46-55,State route,R,Saturday,Belt Used,PV,Not Fatal,0,1,1,0,State Route,State Patrol,Washington State Patrol,0,1,0,0,0,,,,,,0,0,0,,,,,,,,,,,98,98,98,0,,,,,20,,,,,,,,,1,14,,,,,,
2021,309,EB59977,3,08/15/2021,0:00,15,8,,67,Thurston,0,1,,2,1,2,1,0,1,1,,,,1,0,0,9.2,1,0,1,4,1,1,3,0,0,0,0,SR-510,,-122.6503917,46.98558333,0,1,1,9,1,50,80,0,0,1,2,1,1,1,2,1,6,1,1,53,0,73,706,2004,0,,68,68,63,1,,,1,1,65,1,7,,4,7,20,7,11,0,08/15/2021,0:00,53039861,39861,0,0,3,3,1,8,33,,,96,,,,,,98,,,,,,98597,53,70,190,6,1,1,0,0,0,,0,,,,,,4,03/15/2020,03/15/2020,20,8,0,0,0,9,8,,,0,,,8,8,2,996,996,,1,1,,2,1,0.134,,,,,,,,,,,,,,,,,,,,,,,,,,,,,,0,0,1,0,1,1,1,1,0,0,0,0,1,0,0,0,0,0,0,0,0,0,0,0,0,1,0,0,1,0,0,0,0,0,1,0,0,0,0,0,0,1,1,1,0,1,0,0,0,0,0,1,,,,,,61-65,56-65,State route,R,Sunday,,MC,White,0,1,0,0,State Route,State Patrol,Washington State Patrol,1,1,0,0,0,,,,,,0,1,0,,,,,,,,,,,0,0,0,1,,,,,5,,,,,,,,,1,0,,,,,,