year,case,par,repjur,crash_dt,crash_tm,accday,accmon,holiday,county,co_char,city,weather,weather2,lightcond,surfcond,surftype,numfatal,nmforms,pforms,vforms,not_tm,arr_tm,hosp_tm,fhevent,hitrun,manncol,milepnt,reljunc,reljuncinter,intersectiontype,funcsystem,landuse,ownership,route,schlbus,spejur,contdev,devfunc,trafid1,trafid2,x,y,wk_zone,vnumber,crashtype,criticalevent,criticaleventcat,spdlim,body,trailer,emerg,hazcargo,leave,mhevent,roadalgn,roadprof,traflane,trafflow,vehmanvr,numoccs,regowner,regstate,spuse,make,model,modelyr,vrf1,vrf2,seqevent1,seqevent2,seqevent3,seqevent4,seqevent5,seqevent6,pnumber,ptype,age,sex,hispanic,race,injury,diedscene,restraint,restraintmisuse,seatpos,takehosp,death_dt,death_tm,cert,cernum_wa,commlic,licendor,licrestrict,liccomp,drivpres,drf1,drf2,drf3,drf4,distract1,distract2,distract3,distract4,distract5,distract6,dricond1,dricond2,dricond3,dricond4,dricond5,dricond6,dzip,licstate,drhgt_in,weight,noncdl,noncdltype,prevdwi,prevoth,prevacc,prevspd,prevsus,driviol1,driviol2,driviol3,driviol4,driviol5,driviol6,spdrel,first_dt,last_dt,airbag,ejection,ejectpath,extricat,injurwrk,methalc,methdrug,nmlocat,strikveh,prf1,prf2,prf3,druginv,alcinvol,drugsts,drugres1,drugres2,drugres3,drugtst1,drugtst2,drugtst3,alcsts,alctst,alcres,nmact1,nmact2,nmact3,nmact4,nmact5,nmact6,nmprior1,nmprior2,nmprior3,nmprior4,nmprior5,nmprior6,nmcond1,nmcond2,nmcond3,nmcond4,nmcond5,nmcond6,nmsafe_helmet,nmsafe_pads,nmsafe_oth,nmprev_ref,nmprev_lgt,nmprev_oth,crashlocation,nmcrashtype,crosswalk,schoolzone,sidewalk,train_inv,wildlife_inv,rotr_fars,intersect_fars,dd_inv,aid_inv,dpd_inv,id_inv,mj_inv,impnm_inv,ainm_inv,dpnm_inv,speed_inv,unlic_inv,unendmc_inv,drowsy_inv,drdist_inv,nmdist_inv,fty_inv,unrestfat_inv,dr1617_inv,dr1820_inv,dr1620_inv,dr2125_inv,dr1625_inv,dr65_inv,dr70_inv,dr75_inv,mc_inv,pv_inv,ht_inv,ped_inv,bike_inv,unrest_fat,mc_fat,unhelmet_mc,pv_fat,ht_fat,ped_fat,bike_fat,dr_alc7,dr_alc8,dr_drug,dr_imp,dr_dist,dr_spd,dr_fty,dr_unlic,dr_alc7only,dr_alc8only,dr_drugonly,dr_drink,nm_imp,nm_alc7,nm_alc8,nm_drug,nm_dist,agegrp1,agegrp2,roadclass,urbrur,dayweek,restuse,vehtype,race_me,intersect,lanedep,oppdir,wrongway,rep_typ,investag,repag_long,rotr,st_rd,cty_rd,city_rd,oth_rd,drug_thc,thc_res,drug_cthc,cthc_res,drug_cann,prevpersemin,prevperse,prevsusoth,drugtst4,drugtst5,drugtst6,drugtst7,drugtst8,drugres4,drugres5,drugres6,drugres7,drugres8,adspresent,adsengaged,adslevel,race1,race2,race3,race4,race5,helmet,helmetmisuse,nmdistract1,nmdistract2,nmdistract3,nmdistract4,nmdistract5,nmdistract6,lab,isedtcase,crf1,crf2,crf3,CoRoadName,CoMP,IntCoRoadName,IntCoMP
2017,372,E711580,14,09/13/2017,18:48,13,9,0,11,Clark,0,1,0,5,1,2,1,0,2,2,,,,12,0,6,6.1,2,0,2,5,2,2,4,0,0,3,3,CR-NE 119TH ST,NE 152ND AVE,-122.5163694,45.70831111,0,2,89,66,4,98,80,0,0,1,2,12,1,1,2,1,1,1,1,53,0,72,706,2005,0,0,12,,,,,,1,1,51,1,7,1,4,0,19,0,11,4,09/15/2017,0:29,53040995,40995,0,0,0,3,1,0,0,0,0,0,,,,,,0,,,,,,98601,53,67,230,6,1,0,0,0,2,0,0,,,,,,0,01/15/2014,09/15/2014,20,8,0,0,0,9,8,,,0,0,0,8,9,2,695,0,0,1,0,0,2,1,0,,,,,,,,,,,,,,,,,,,,,,,,,,,,,,0,0,0,1,0,0,1,1,1,0,0,0,0,0,0,0,0,0,0,0,0,0,0,0,0,0,0,0,1,1,0,0,0,0,1,0,0,0,0,0,0,0,1,1,0,0,0,0,0,0,1,0,,,,,,51-55,46-55,County road,U,Wednesday,,MC,White,1,0,0,0,County Road,County Sheriff,Clark County Sheriff's Office,0,0,1,0,0,,,,,,,,,,,,,,,,,,,,,,,,,,,,,,,,,,,,,,,,,,,
2019,260,E945943,5,07/23/2019,15:12,23,7,,15,Cowlitz,0,1,0,1,1,2,1,0,1,1,,,,24,0,0,54.6,1,0,1,3,1,1,3,0,0,0,0,SR-4,,-123.0389861,46.17944722,0,1,7,13,2,55,80,0,0,1,2,24,3,1,2,1,14,1,1,6,0,34,706,1996,0,0,63,69,68,64,24,,1,1,67,1,7,,4,7,20,7,11,0,07/23/2019,15:12,53033287,33287,0,0,3,3,1,0,0,0,0,96,,,,,,9,,,,,,98601,53,69,162,6,1,0,0,0,0,,0,,,,,,4,,,20,8,0,0,0,9,8,,,0,0,0,8,1,2,189,,,1,,,2,1,0.134,,,,,,,,,,,,,,,,,,,,,,,,,,,,,,0,0,0,0,1,1,1,1,0,0,0,0,1,0,0,0,0,0,0,0,0,0,0,0,0,1,0,0,1,0,0,0,0,0,1,0,0,0,0,0,0,1,1,1,0,1,0,0,0,0,0,1,,,,,,66-70,66-75,State route,R,Tuesday,,MC,White,0,1,0,0,State Route,State Patrol,Washington State Patrol,1,1,0,0,0,,,,,,0,0,0,,,,,,,,,,,0,0,0,1,,,,,5,0,,,,,,,,,,,,,,,
2019,343,E965054,14,09/15/2019,15:53,15,9,,11,Clark,0,2,0,1,2,2,1,0,2,2,,,,12,0,2,5.5,1,0,1,5,1,2,4,0,0,0,0,CR-NE CEDAR CREEK RD,,-122.6454861,45.92420278,0,2,50,10,2,98,4,0,0,1,5,12,2,1,2,1,14,1,2,53,0,37,31,2001,0,0,68,12,,,,,1,1,51,2,99,,4,7,20,7,11,0,09/15/2019,15:53,53041718,41718,0,0,0,2,1,28,0,0,0,96,,,,,,99,,,,,,98601,53,65,135,1,1,0,3,0,0,,0,,,,,,0,02/15/2016,07/15/2018,8,0,0,0,0,9,8,,,0,0,0,8,9,2,401,417,,1,1,,2,1,0,,,,,,,,,,,,,,,,,,,,,,,,,,,,,,0,0,0,0,0,0,1,1,0,0,0,0,0,1,0,0,0,0,0,1,0,0,0,0,0,0,0,0,0,1,1,0,0,1,0,,1,0,0,0,0,0,1,1,0,0,0,1,0,0,1,0,,,,,,51-55,46-55,County road,R,Sunday,Not Used,PV,Oth/Unk,0,1,1,0,County Road,County Sheriff,Clark County Sheriff's Office,0,0,1,0,0,,,,,,0,0,5,,,,,,,,,,,98,98,98,99,,,,,20,7,,,,,,,,,,,,,,,
2020,367,EA65523,5,09/07/2020,0:01,7,9,,11,Clark,0,1,,2,1,2,1,0,1,1,,,,59,0,0,26.2,1,0,1,4,1,1,3,0,0,0,0,SR-503,,-122.3690194,45.94704167,0,1,1,9,1,50,80,0,0,1,2,59,1,1,2,1,1,1,2,53,0,53,705,2007,0,,63,59,,,,,1,1,29,1,7,,4,7,20,7,11,0,09/07/2020,0:14,53041773,41773,6,0,0,2,1,0,,,,96,,,,,,98,,,,,,98601,53,70,180,6,1,0,2,3,2,,0,,,,,,4,12/15/2016,03/15/2018,20,8,0,0,0,9,8,,,0,,,8,8,2,605,,,1,,,2,1,0.128,,,,,,,,,,,,,,,,,,,,,,,,,,,,,,0,0,1,0,1,1,1,1,1,0,0,0,1,0,1,0,0,0,0,0,0,0,0,0,0,0,0,0,1,0,0,0,0,0,1,0,0,0,0,0,0,1,1,1,0,1,0,0,0,0,0,1,,,,,,26-30,26-35,State route,R,Monday,,MC,White,0,1,0,0,State Route,State Patrol,Washington State Patrol,1,1,0,0,0,thc,3.1,,,,0,0,0,,,,,,,,,,,0,0,0,1,,,,,99,7,,,,,,,nms,1,0,,,,,,
2021,184,EB41231,5,06/14/2021,13:28,14,6,,11,Clark,0,2,,1,2,2,3,0,5,2,,,,12,0,2,14.6,1,0,1,4,1,1,3,0,0,0,0,SR-503,,-122.516425,45.87146111,0,1,50,10,2,50,34,0,0,1,2,12,2,2,2,1,14,1,1,53,0,12,481,2011,0,,68,12,,,,,1,1,46,1,0,,1,0,3,0,11,5,,,,,0,0,3,3,1,28,,,,96,,,,,,9,,,,,,98601,53,76,235,6,1,0,0,0,1,,1,,,,,,0,11/15/2018,11/15/2018,8,0,0,0,8,9,8,,,0,,,8,1,2,695,605,,1,1,,2,1,0.23,,,,,,,,,,,,,,,,,,,,,,,,,,,,,,0,0,0,0,1,1,1,1,1,0,0,0,0,0,0,0,0,0,0,0,0,0,0,0,0,0,0,0,0,1,0,0,0,0,0,,0,0,0,0,0,1,1,1,0,0,0,0,0,0,0,1,,,,,,46-50,46-55,State route,R,Monday,Belt Used,PV,Not Fatal,0,1,1,0,State Route,State Patrol,Washington State Patrol,0,1,0,0,0,thc,13,carboxy-thc,170,,0,0,0,,,,,,,,,,,98,98,98,0,,,,,20,,,,,,,,,1,0,,,,,,
2021,449,EB85980,14,11/02/2021,21:14,2,11,,11,Clark,0,10,,2,2,2,1,0,3,1,,,,30,0,0,0,3,0,3,5,1,2,4,0,0,0,0,CR-NE 152ND AVE,NE 319TH ST,-122.5166556,45.85327778,0,1,6,12,2,40,34,0,0,1,2,30,2,1,2,1,14,3,2,53,0,35,472,2005,0,,68,64,30,42,2,,1,1,16,1,0,,3,0,3,0,11,5,,,,,0,0,2,3,1,73,,,,96,,,,,,98,,,,,,98601,53,70,130,6,2,0,0,0,0,,0,,,,,,4,,,99,0,0,0,8,9,8,,,0,,,8,1,8,95,,,96,,,0,0,996,,,,,,,,,,,,,,,,,,,,,,,,,,,,,,0,0,1,1,1,0,0,0,0,0,0,0,1,0,0,0,0,0,0,0,1,0,1,0,1,0,0,0,0,1,0,0,0,0,0,,0,0,0,0,0,0,0,0,0,1,0,0,0,0,0,1,,,,,,16-17,16-25,County road,R,Tuesday,Belt Used,PV,Not Fatal,0,1,0,0,County Road,County Sheriff,Clark County Sheriff's Office,1,0,1,0,0,,,,,,0,0,0,,,,,,,,,,,98,98,98,0,,,,,20,,,,,,,,,1,0,,,NE 319TH ST,0,NE 152ND AVE,8.81
2017,529,E756162,5,12/25/2017,12:20,25,12,9,15,Cowlitz,0,10,0,1,10,2,1,0,1,1,,,,53,0,0,43,1,0,1,4,1,1,3,0,0,0,0,SR-503,,-122.5600528,45.95936389,0,1,2,13,2,55,34,0,0,1,2,42,3,1,2,1,14,1,1,53,0,7,482,1994,0,0,63,53,42,,,,1,1,69,1,7,1,4,7,3,0,11,0,12/25/2017,12:20,53055968,55968,0,0,3,3,1,0,0,0,0,96,,,,,,99,,,,,,98603,53,71,215,6,1,0,0,0,0,0,0,,,,,,4,,,1,0,0,0,0,9,8,,,0,0,0,8,9,2,1,0,0,1,0,0,2,1,0,,,,,,,,,,,,,,,,,,,,,,,,,,,,,,0,0,0,0,0,0,0,0,0,0,0,0,1,0,0,0,0,0,0,0,0,0,0,0,0,1,0,0,0,0,0,0,0,0,0,,0,0,0,0,0,0,0,0,0,1,0,0,0,0,0,0,,,,,,66-70,66-75,State route,R,Monday,Belt Used,PV,White,0,1,0,0,State Route,State Patrol,Washington State Patrol Headquarter,1,1,0,0,0,,,,,,,,,,,,,,,,,,,,,,,,,,,,,,,,,,,,,,,,,,,
2019,104,E910021,5,03/15/2019,13:36,15,3,,15,Cowlitz,0,1,0,1,1,2,2,0,3,2,,,,12,0,2,50.5,1,0,1,4,1,1,3,0,0,0,0,SR-503,,-122.7019583,45.93842222,0,1,50,10,2,50,4,0,0,1,7,12,1,1,2,1,1,2,1,53,0,63,31,1999,0,0,68,12,,,,,1,1,75,1,7,,4,7,3,0,11,0,03/15/2019,13:36,53013146,13146,0,0,0,3,1,28,0,0,0,0,,,,,,1,,,,,,98603,53,67,125,6,1,0,0,0,0,,0,,,,,,0,,,20,0,0,0,0,9,8,,,0,0,0,8,9,2,177,,,1,,,2,1,0,,,,,,,,,,,,,,,,,,,,,,,,,,,,,,0,0,0,0,0,0,1,1,0,0,0,0,0,0,0,0,0,0,0,0,0,0,0,0,0,1,1,1,0,1,0,0,0,0,0,,1,0,0,0,0,0,1,1,0,0,0,0,0,0,1,0,,,,,,71-75,66-75,State route,R,Friday,Belt Used,PV,White,0,1,1,0,State Route,State Patrol,Washington State Patrol,0,1,0,0,0,,,,,,0,0,0,,,,,,,,,,,0,0,0,1,,,,,20,7,,,,,,,,,,,,,,,
2017,133,3123056,180,04/01/2017,10:23,1,4,0,15,Cowlitz,1190,10,0,1,1,2,1,0,5,2,10:23,10:27,10:41,12,0,6,7.4,8,0,1,3,2,1,3,0,0,0,0,SR-411,,-122.9275139,46.12052778,0,2,79,60,4,35,67,0,0,1,2,12,8,8,4,1,1,4,1,53,0,12,880,2006,0,0,12,,,,,,1,1,29,1,0,0,2,0,3,0,11,0,,,,,0,0,0,3,1,0,0,0,0,0,,,,,,0,,,,,,98604,53,82,245,6,1,0,0,0,0,0,0,,,,,,0,,,20,0,0,0,8,3,2,,,0,0,0,0,0,0,0,0,0,0,0,0,0,0,996,,,,,,,,,,,,,,,,,,,,,,,,,,,,,,0,0,0,0,0,0,0,0,0,0,0,0,0,0,0,0,0,0,1,0,0,0,0,0,0,1,1,1,0,0,1,0,0,0,0,,0,0,0,0,0,0,0,0,0,0,0,0,0,0,0,0,,,,,,26-30,26-35,State route,U,Saturday,Belt Used,MHTRUCK,Not Fatal,0,0,0,0,State Route,Municipal/City Police,Longview Police Department,0,1,0,0,0,,,,,,,,,,,,,,,,,,,,,,,,,,,,,,,,,,,,,,,,,,,
2017,275,E697697,5,07/25/2017,15:17,25,7,0,11,Clark,2370,1,0,1,1,2,1,0,5,4,,,,12,0,7,3.5,1,0,1,1,2,1,1,0,0,0,0,I-205,,-122.5720417,45.65851111,0,4,98,98,7,60,4,0,0,1,5,12,1,1,3,3,5,1,1,53,0,13,1,2007,0,0,12,,,,,,1,1,67,1,0,0,0,0,3,0,11,0,,,,,0,0,0,3,1,0,0,0,0,0,,,,,,0,,,,,,98604,53,67,160,6,1,0,0,0,1,0,0,,,,,,0,03/15/2014,03/15/2014,20,0,0,0,8,9,8,,,0,0,0,8,8,0,0,0,0,0,0,0,0,0,996,,,,,,,,,,,,,,,,,,,,,,,,,,,,,,0,0,0,0,0,0,1,1,0,0,0,0,1,0,0,0,0,0,0,0,0,0,0,1,1,1,0,0,1,1,0,0,0,0,0,,0,0,0,0,0,0,0,0,0,0,0,0,0,0,0,0,,,,,,66-70,66-75,Interstate,U,Tuesday,Belt Used,PV,Not Fatal,0,0,0,0,State Route,State Patrol,Washington State Patrol Headquarter,0,1,0,0,0,,,,,,,,,,,,,,,,,,,,,,,,,,,,,,,,,,,,,,,,,,,
2017,372,E711580,14,09/13/2017,18:48,13,9,0,11,Clark,0,1,0,5,1,2,1,0,2,2,,,,12,0,6,6.1,2,0,2,5,2,2,4,0,0,3,3,CR-NE 119TH ST,NE 152ND AVE,-122.5163694,45.70831111,0,1,88,17,2,50,14,0,0,1,2,12,1,1,2,1,1,1,1,53,0,48,401,2017,0,0,12,,,,,,1,1,26,1,0,0,0,0,3,0,11,0,,,,,0,0,3,3,1,39,0,0,0,96,,,,,,0,,,,,,98604,53,73,130,6,1,0,0,0,2,0,97,,,,,,0,08/15/2015,11/15/2015,8,0,0,0,8,9,8,,,0,0,0,8,0,2,1,0,0,1,0,0,2,1,0,,,,,,,,,,,,,,,,,,,,,,,,,,,,,,0,0,0,1,0,0,1,1,1,0,0,0,0,0,0,0,0,0,0,0,0,0,0,0,0,0,0,0,1,1,0,0,0,0,0,,0,0,0,0,0,0,0,0,0,0,0,0,0,0,0,0,,,,,,26-30,26-35,County road,U,Wednesday,Belt Used,PV,Not Fatal,1,0,0,0,County Road,County Sheriff,Clark County Sheriff's Office,0,0,1,0,0,,,carboxy-thc,5.7,,,,,,,,,,,,,,,,,,,,,,,,,,,,,,,,,,,,,,,
2018,125,E795893,14,05/02/2018,19:13,2,5,0,11,Clark,0,1,0,1,1,2,1,0,2,2,19:13,19:20,20:14,12,0,6,4.2,2,0,2,4,1,2,4,0,0,0,0,CR-NE 159TH ST,NE 72ND AVE,-122.5996222,45.73671389,0,1,88,17,2,50,80,0,0,1,7,12,1,1,2,2,1,1,2,53,0,73,705,2007,0,0,12,,,,,,1,1,20,1,7,1,4,7,16,0,11,0,05/02/2018,19:13,10753020822,20822,0,0,0,3,1,0,0,0,0,96,,,,,,99,,,,,,98604,53,73,160,6,1,0,2,0,0,,0,,,,,,3,09/15/2015,09/15/2015,20,8,0,0,0,9,8,,,0,0,0,8,9,2,605,695,,1,1,,2,1,0,,,,,,,,,,,,,,,,,,,,,,,,,,,,,,0,0,0,1,0,0,1,1,1,0,0,0,1,0,0,0,0,0,0,0,0,1,1,0,1,0,0,0,1,1,0,0,0,0,1,1,0,0,0,0,0,0,1,1,0,1,0,0,0,0,1,0,,,,,,18-20,16-25,County road,R,Wednesday,,MC,White,1,0,0,0,County Road,County Sheriff,Clark County Sheriff's Office,0,0,1,0,0,thc,5.7,carboxy-thc,23,,0,0,0,,,,,,,,,,,,,,,,,,,,,,,,,,,,,,,,,,,
2018,125,E795893,14,05/02/2018,19:13,2,5,0,11,Clark,0,1,0,1,1,2,1,0,2,2,19:13,19:20,20:14,12,0,6,4.2,2,0,2,4,1,2,4,0,0,20,3,CR-NE 159TH ST,NE 72ND AVE,-122.5996222,45.73671389,0,2,89,66,4,40,34,0,0,1,7,12,8,8,2,1,1,1,1,53,0,49,482,2013,0,0,12,,,,,,1,1,62,1,0,0,2,0,3,0,11,5,,,,,0,0,0,3,1,0,0,0,0,96,,,,,,0,,,,,,98604,53,75,165,6,1,0,0,0,0,,0,,,,,,0,,,8,0,0,0,8,9,8,,,0,0,0,8,0,8,95,,,96,,,8,95,995,,,,,,,,,,,,,,,,,,,,,,,,,,,,,,0,0,0,1,0,0,1,1,1,0,0,0,1,0,0,0,0,0,0,0,0,1,1,0,1,0,0,0,1,1,0,0,0,0,0,,0,0,0,0,0,0,0,0,0,0,0,0,0,0,0,0,,,,,,61-65,56-65,County road,R,Wednesday,Belt Used,PV,Not Fatal,1,0,0,0,County Road,County Sheriff,Clark County Sheriff's Office,0,0,1,0,0,,,,,,0,0,0,,,,,,,,,,,,,,,,,,,,,,,,,,,,,,,,,,,
2018,260,E823081,57,07/28/2018,8:46,28,7,0,11,Clark,107,1,0,1,1,2,1,0,1,1,8:48,8:57,9:18,33,0,0,7.9,3,0,2,3,2,1,3,0,0,3,3,SR-503,SR-502,-122.5475472,45.78071111,0,1,6,12,2,55,4,0,0,1,7,19,1,1,5,1,1,1,1,53,0,41,49,2007,0,0,68,64,33,67,19,,1,1,79,1,7,1,4,0,3,0,11,5,07/28/2018,10:47,2.37053E+11,33702,0,0,0,3,1,0,0,0,0,96,,,,,,99,,,,,,98604,53,71,210,6,1,0,0,0,0,,0,,,,,,4,,,20,0,0,0,0,9,8,,,0,0,0,8,9,2,1,,,1,,,2,1,0,,,,,,,,,,,,,,,,,,,,,,,,,,,,,,0,0,1,1,0,0,0,0,0,0,0,0,1,0,0,0,0,0,0,0,0,0,0,0,0,1,1,1,0,1,0,0,0,0,0,,1,0,0,0,0,0,0,0,0,1,0,0,0,0,0,0,,,,,,76-80,76+,State route,U,Saturday,Belt Used,PV,White,1,0,0,0,State Route,Municipal/City Police,Battleground Police Department,0,1,0,0,0,,,,,,0,0,0,,,,,,,,,,,,,,,,,,,,,,,,,,,,,,,,,,,
2019,17,E884708,6,01/04/2019,4:55,4,1,,37,Kittitas,0,5,0,3,4,2,1,0,7,5,,,,25,0,0,60.2,1,0,1,1,1,1,1,0,0,0,0,I-90,,-121.320175,47.3181,0,3,98,98,7,55,66,1,0,1,2,12,1,1,2,3,1,2,3,4,0,82,881,2019,0,0,64,99,12,,,,1,1,58,1,0,,2,0,3,0,11,5,,,,,6,1,0,3,1,0,0,0,0,96,,,,,,0,,,,,,98604,53,68,285,6,1,0,0,1,0,,0,,,,,,0,04/15/2018,04/15/2018,8,0,0,0,8,9,8,,,0,0,0,8,0,8,95,,,96,,,8,95,995,,,,,,,,,,,,,,,,,,,,,,,,,,,,,,0,0,0,0,0,0,0,0,0,0,0,0,1,0,0,0,0,0,0,0,0,0,0,0,0,1,0,0,0,1,1,0,0,0,0,,0,0,0,0,0,0,0,0,0,0,0,0,0,0,0,0,,,,,,56-60,56-65,Interstate,R,Friday,,MHTRUCK,Not Fatal,0,1,0,0,State Route,State Patrol,Washington State Patrol,1,1,0,0,0,,,,,,0,0,0,,,,,,,,,,,98,98,98,0,,,,,20,7,,,,,,,,,,,,,,,
2019,300,E938326,57,07/08/2019,8:00,8,7,,11,Clark,107,10,0,1,1,2,1,0,4,4,,,,12,0,6,6.9,2,0,2,3,2,1,3,0,0,3,3,SR-503,SW 10TH AVE,-122.5473917,45.76623611,0,4,98,98,7,55,14,0,0,1,5,12,1,1,5,1,5,1,1,53,0,2,407,2012,0,0,12,,,,,,1,1,38,2,0,,0,0,3,0,11,0,,,,,0,0,0,3,1,0,0,0,0,0,,,,,,0,,,,,,98604,53,61,130,6,1,0,0,0,0,,0,,,,,,0,,,20,0,0,0,8,9,8,,,0,0,0,8,0,0,0,,,0,,,0,0,996,,,,,,,,,,,,,,,,,,,,,,,,,,,,,,0,0,0,1,0,0,1,1,0,0,0,0,1,0,0,0,1,0,0,0,0,0,0,0,0,0,0,0,1,1,1,0,0,0,0,,0,0,0,0,0,0,0,0,0,0,0,0,0,0,0,0,,,,,,36-40,36-45,State route,U,Monday,Belt Used,PV,Not Fatal,1,0,0,0,State Route,Municipal/City Police,Battleground Police Department,0,1,0,0,0,,,,,,0,0,0,,,,,,,,,,,98,98,98,0,,,,,20,7,,,,,,,,,,,,,,,
2019,269,E946977,305,08/02/2019,13:55,2,8,,11,Clark,2370,1,0,1,1,2,1,0,6,5,,,,12,0,1,0.3,3,1,2,3,2,1,1,0,0,3,3,I-205 RAMP LX03111,FOURTH PLAIN BLVD,-122.5755111,45.65748889,0,1,20,50,3,35,4,0,0,1,7,12,1,2,5,1,1,1,1,53,0,49,40,2010,0,0,12,,,,,,1,1,60,2,0,,0,0,3,0,11,0,,,,,0,0,3,3,1,26,91,0,0,96,,,,,,9,,,,,,98604,53,68,160,6,1,0,0,4,0,,1,11,,,,,0,10/15/2015,11/15/2018,20,0,0,0,8,9,2,,,0,0,0,1,0,2,1,,,1,,,2,1,0,,,,,,,,,,,,,,,,,,,,,,,,,,,,,,0,0,0,1,0,0,0,0,0,0,0,0,0,0,0,0,0,0,0,0,0,1,1,0,1,1,1,1,1,1,0,0,0,0,0,,0,0,0,0,0,0,0,0,0,0,0,0,0,0,0,0,,,,,,56-60,56-65,Interstate,U,Friday,Belt Used,PV,Not Fatal,1,0,0,0,State Route,Municipal/City Police,Vancouver Police Department,0,1,0,0,0,,,,,,0,0,0,,,,,,,,,,,98,98,98,0,,,,,20,7,,,,,,,,,,,,,,,
2020,29,EA13868,14,01/31/2020,16:57,31,1,,11,Clark,0,10,,1,1,2,1,0,2,2,16:58,17:05,17:40,12,0,2,4.8,1,0,1,4,1,2,4,0,0,0,0,CR-NE 72ND AVE,,-122.599425,45.72986111,0,2,51,62,4,50,21,0,0,1,2,12,1,2,2,1,1,1,1,53,0,12,461,2006,0,,12,,,,,,1,1,26,1,0,,3,0,3,0,11,5,,,,,0,0,0,3,1,0,,,,96,,,,,,0,,,,,,98604,53,77,205,6,1,0,0,1,0,,0,,,,,,0,06/15/2016,06/15/2016,8,0,0,0,8,9,8,,,0,,,8,8,0,0,,,0,,,0,0,996,,,,,,,,,,,,,,,,,,,,,,,,,,,,,,0,0,0,0,0,0,0,0,0,0,0,0,0,0,0,0,0,0,1,0,1,0,1,0,1,0,0,0,0,1,0,0,0,0,0,,0,0,0,0,0,0,0,0,0,0,0,0,0,0,0,0,,,,,,26-30,26-35,County road,R,Friday,Belt Used,PV,Not Fatal,0,1,1,0,County Road,County Sheriff,Clark County Sheriff's Office,0,0,1,0,0,,,,,,0,0,0,,,,,,,,,,,98,98,98,0,,,,,20,7,,,,,,,,1,0,,,NE 72ND AVE,4.84,,
2020,50,EA18986,14,02/18/2020,19:31,18,2,,11,Clark,0,1,,3,1,2,1,0,5,2,19:48,19:51,20:08,12,0,6,5.4,4,0,1,3,2,2,4,0,0,0,0,CR-NE 78TH ST,,-122.6339944,45.67874167,0,2,83,67,4,45,34,0,0,1,2,12,1,2,5,5,1,1,1,53,0,7,482,2010,0,,12,,,,,,1,1,35,2,0,,2,0,3,0,11,5,,,,,0,0,0,3,1,0,,,,96,,,,,,98,,,,,,98604,53,69,120,6,1,0,0,0,1,,0,,,,,,3,08/15/2017,08/15/2017,20,0,0,0,8,9,8,,,0,,,8,8,2,1,,,1,,,2,1,0,,,,,,,,,,,,,,,,,,,,,,,,,,,,,,0,0,0,0,0,0,0,0,0,0,0,0,1,0,0,0,0,0,1,0,0,0,0,0,0,0,0,0,0,1,0,0,0,0,0,,0,0,0,0,0,0,0,0,0,1,0,0,0,0,0,0,,,,,,31-35,26-35,County road,U,Tuesday,Belt Used,PV,Not Fatal,0,0,0,0,County Road,County Sheriff,Clark County Sheriff's Office,0,0,1,0,0,,,,,,0,0,0,,,,,,,,,,,98,98,98,0,,,,,20,7,,,,,,,,1,0,,,NE 78TH ST,5.41,,
2020,69,EA24930,5,03/06/2020,15:50,6,3,,11,Clark,0,2,,1,2,2,3,0,5,2,,,,12,0,2,5.4,1,0,1,3,2,1,3,0,0,0,0,SR-503,,-122.5514389,45.7455,0,1,50,10,2,55,5,0,0,1,2,12,2,2,5,5,14,1,2,53,0,30,42,2015,0,,68,12,,,,,1,1,41,2,7,,4,7,3,0,11,0,03/06/2020,15:50,10753011063,11063,0,0,0,3,1,28,,,,96,,,,,,98,,,,,,98604,53,61,185,6,1,0,0,0,1,,0,,,,,,3,07/15/2017,07/15/2017,8,0,0,0,0,9,8,,,0,,,8,8,2,401,417,308,1,1,1,2,1,0,,,,,,,,,,,,,,,,,,,,,,,,,,,,,,0,0,0,0,0,0,1,1,0,0,0,0,1,0,0,0,0,0,0,1,0,0,0,0,0,0,0,0,0,1,0,0,0,0,0,,1,0,0,0,0,0,1,1,0,1,0,0,0,0,1,0,,,,,,41-45,36-45,State route,U,Friday,Belt Used,PV,White,0,0,0,1,State Route,State Patrol,Washington State Patrol,0,1,0,0,0,,,,,,0,0,0,1,1,,,,151,996,,,,98,98,98,1,,,,,20,7,,,,,,,,1,0,,,,,,
2020,77,EA25457,14,03/15/2020,14:41,15,3,,11,Clark,0,1,,1,1,2,1,1,2,2,14:43,14:58,15:12,9,0,0,4.6,1,0,1,5,1,2,4,0,0,0,0,CR-NE 182ND AVE,,-122.4865417,45.81445,0,1,13,83,5,50,80,0,0,1,2,12,1,4,2,1,1,1,1,53,0,37,706,1982,0,,9,68,12,,,,1,1,57,1,7,,4,0,20,7,11,5,03/15/2020,16:00,53012583,12583,0,0,1,3,1,0,,,,96,,,,,,0,,,,,,98604,53,70,190,6,1,0,0,0,0,,0,,,,,,0,,,20,8,0,0,0,9,8,,,0,,,8,8,2,1,,,1,,,2,1,0,,,,,,,,,,,,,,,,,,,,,,,,,,,,,,0,0,0,0,0,0,0,0,0,0,0,0,0,0,0,0,0,1,0,0,0,1,1,0,1,0,0,0,1,1,0,0,1,0,1,0,0,0,0,0,0,0,0,0,0,0,0,0,0,0,0,0,,,,,,56-60,56-65,County road,R,Sunday,,MC,White,0,0,0,0,County Road,County Sheriff,Clark County Sheriff's Office,0,0,1,0,0,,,,,,0,0,0,,,,,,,,,,,0,0,0,1,,,,,5,0,,,,,,,,1,0,,,NE 182ND AVE,4.61,,