year,case,par,repjur,crash_dt,crash_tm,accday,accmon,holiday,county,co_char,city,weather,weather2,lightcond,surfcond,surftype,numfatal,nmforms,pforms,vforms,not_tm,arr_tm,hosp_tm,fhevent,hitrun,manncol,milepnt,reljunc,reljuncinter,intersectiontype,funcsystem,landuse,ownership,route,schlbus,spejur,contdev,devfunc,trafid1,trafid2,x,y,wk_zone,vnumber,crashtype,criticalevent,criticaleventcat,spdlim,body,trailer,emerg,hazcargo,leave,mhevent,roadalgn,roadprof,traflane,trafflow,vehmanvr,numoccs,regowner,regstate,spuse,make,model,modelyr,vrf1,vrf2,seqevent1,seqevent2,seqevent3,seqevent4,seqevent5,seqevent6,pnumber,ptype,age,sex,hispanic,race,injury,diedscene,restraint,restraintmisuse,seatpos,takehosp,death_dt,death_tm,cert,cernum_wa,commlic,licendor,licrestrict,liccomp,drivpres,drf1,drf2,drf3,drf4,distract1,distract2,distract3,distract4,distract5,distract6,dricond1,dricond2,dricond3,dricond4,dricond5,dricond6,dzip,licstate,drhgt_in,weight,noncdl,noncdltype,prevdwi,prevoth,prevacc,prevspd,prevsus,driviol1,driviol2,driviol3,driviol4,driviol5,driviol6,spdrel,first_dt,last_dt,airbag,ejection,ejectpath,extricat,injurwrk,methalc,methdrug,nmlocat,strikveh,prf1,prf2,prf3,druginv,alcinvol,drugsts,drugres1,drugres2,drugres3,drugtst1,drugtst2,drugtst3,alcsts,alctst,alcres,nmact1,nmact2,nmact3,nmact4,nmact5,nmact6,nmprior1,nmprior2,nmprior3,nmprior4,nmprior5,nmprior6,nmcond1,nmcond2,nmcond3,nmcond4,nmcond5,nmcond6,nmsafe_helmet,nmsafe_pads,nmsafe_oth,nmprev_ref,nmprev_lgt,nmprev_oth,crashlocation,nmcrashtype,crosswalk,schoolzone,sidewalk,train_inv,wildlife_inv,rotr_fars,intersect_fars,dd_inv,aid_inv,dpd_inv,id_inv,mj_inv,impnm_inv,ainm_inv,dpnm_inv,speed_inv,unlic_inv,unendmc_inv,drowsy_inv,drdist_inv,nmdist_inv,fty_inv,unrestfat_inv,dr1617_inv,dr1820_inv,dr1620_inv,dr2125_inv,dr1625_inv,dr65_inv,dr70_inv,dr75_inv,mc_inv,pv_inv,ht_inv,ped_inv,bike_inv,unrest_fat,mc_fat,unhelmet_mc,pv_fat,ht_fat,ped_fat,bike_fat,dr_alc7,dr_alc8,dr_drug,dr_imp,dr_dist,dr_spd,dr_fty,dr_unlic,dr_alc7only,dr_alc8only,dr_drugonly,dr_drink,nm_imp,nm_alc7,nm_alc8,nm_drug,nm_dist,agegrp1,agegrp2,roadclass,urbrur,dayweek,restuse,vehtype,race_me,intersect,lanedep,oppdir,wrongway,rep_typ,investag,repag_long,rotr,st_rd,cty_rd,city_rd,oth_rd,drug_thc,thc_res,drug_cthc,cthc_res,drug_cann,prevpersemin,prevperse,prevsusoth,drugtst4,drugtst5,drugtst6,drugtst7,drugtst8,drugres4,drugres5,drugres6,drugres7,drugres8,adspresent,adsengaged,adslevel,race1,race2,race3,race4,race5,helmet,helmetmisuse,nmdistract1,nmdistract2,nmdistract3,nmdistract4,nmdistract5,nmdistract6,lab,isedtcase,crf1,crf2,crf3,CoRoadName,CoMP,IntCoRoadName,IntCoMP
2020,166,EA38627,16,06/05/2020,23:00,5,6,,15,Cowlitz,0,1,,2,1,5,1,0,2,1,23:07,23:44,0:49,1,0,0,9999.9,1,0,1,96,6,96,8,0,0,0,0,DAVIS PEAK RD,,-122.6471556,45.97331667,0,1,6,12,2,98,34,0,0,1,5,1,1,2,8,8,1,2,2,53,0,49,472,1996,0,,64,1,,,,,1,1,15,2,7,,4,7,3,0,11,0,06/05/2020,23:00,53026917,26917,0,0,2,2,1,73,,,,96,,,,,,98,,,,,,98604,53,65,122,6,7,0,0,0,0,,0,,,,,,0,,,99,0,0,0,0,9,8,,,0,,,8,8,2,1,,,1,,,2,1,0.094,,,,,,,,,,,,,,,,,,,,,,,,,,,,,,0,0,1,0,1,1,0,1,0,0,0,0,0,0,0,0,0,0,0,0,0,0,0,0,0,0,0,0,0,1,0,0,0,0,0,,1,0,0,0,0,1,0,1,0,0,0,0,0,1,0,1,,,,,,10ÔÂ15ÈÕ,0-15,Other,,Friday,Belt Used,PV,White,0,1,0,0,Other,County Sheriff,Cowlitz County Sheriff's Office,1,0,0,0,1,,,,,,0,0,0,,,,,,,,,,,0,0,0,1,,,,,20,7,,,,,,,,1,0,,,,,,
2020,328,EA60792,14,08/18/2020,11:41,18,8,,11,Clark,0,1,,1,1,2,2,0,2,1,,,,1,0,0,2.2,1,0,1,5,1,2,4,0,0,0,0,CR-NE LUCIA FALLS RD,,-122.4427306,45.840575,0,1,7,13,2,40,34,0,0,1,2,1,4,2,2,1,14,2,1,53,0,12,481,2012,0,,63,69,68,64,1,42,1,1,45,1,7,,4,7,3,0,11,0,08/18/2020,11:41,53038489,38489,0,0,0,3,1,0,,,,92,,,,,,98,,,,,,98604,53,67,210,6,1,0,0,0,0,,0,,,,,,0,,,8,0,0,0,0,9,8,,,0,,,8,8,2,1,,,1,,,2,1,0,,,,,,,,,,,,,,,,,,,,,,,,,,,,,,0,0,0,0,0,0,0,0,0,0,0,0,0,0,0,0,1,0,0,0,0,0,0,0,0,0,0,0,0,1,0,0,0,0,0,,1,0,0,0,0,0,0,0,1,0,0,0,0,0,0,0,,,,,,41-45,36-45,County road,R,Tuesday,Belt Used,PV,White,0,1,0,0,County Road,County Sheriff,Clark County Sheriff's Office,1,0,1,0,0,,,,,,0,0,0,,,,,,,,,,,98,98,98,1,,,,,20,7,,,,,,,,1,0,,,NE LUCIA FALLS RD,2.22,,
2020,340,EA62082,305,09/02/2020,18:42,2,9,,11,Clark,2370,1,,1,1,2,1,1,1,1,18:43,18:48,19:02,8,1,0,0,3,0,2,3,2,4,6,0,0,3,3,E MILL PLAIN BLVD,GRAND BLVD,-122.6406361,45.62828056,0,1,13,80,5,35,14,0,0,1,5,8,1,1,5,1,1,99,9,99,0,23,401,2002,0,,8,,,,,,1,1,21,2,0,,0,0,3,0,11,0,,,,,0,0,3,2,1,0,,,,92,,,,,,98,,,,,,98604,53,62,110,1,1,2,0,0,1,,97,,,,,,0,08/15/2019,08/15/2020,20,0,0,0,8,9,8,,,0,,,8,8,8,95,,,96,,,8,95,995,,,,,,,,,,,,,,,,,,,,,,,,,,,,,,0,0,0,1,0,0,0,0,0,1,1,1,0,1,0,0,1,0,0,0,0,0,0,1,1,0,0,0,0,1,0,1,0,0,0,,0,0,0,0,0,0,0,0,1,0,0,1,0,0,0,0,,,,,,21-25,16-25,City street,U,Wednesday,Belt Used,PV,Not Fatal,1,0,0,0,City Street,Municipal/City Police,Vancouver Police Department,0,0,0,1,0,,,,,,1,0,5,,,,,,,,,,,98,98,98,0,,,,,20,7,,,,,,,,1,0,,,,,,
2020,342,EA62414,57,09/07/2020,20:53,7,9,,11,Clark,107,5,,2,1,2,1,0,1,1,,,,53,1,0,0,1,0,1,5,2,4,6,0,0,0,0,NE 112TH AVE/SW 20TH AVE,,-122.5579056,45.76388333,0,1,1,13,2,25,3,0,0,1,2,1,1,8,2,1,1,1,5,53,0,37,31,1996,0,,63,53,1,,,,1,1,43,1,7,,4,7,99,7,11,0,09/07/2020,20:53,10753058581,58581,0,0,0,2,1,0,,,,92,,,,,,98,,,,,,98604,53,72,190,1,1,0,0,0,0,,0,,,,,,0,,,20,1,9,0,0,9,8,,,0,,,8,8,8,95,,,96,,,8,95,995,,,,,,,,,,,,,,,,,,,,,,,,,,,,,,0,0,1,0,0,0,0,0,0,0,0,0,0,1,0,0,1,0,0,0,0,0,0,0,0,0,0,0,0,1,0,0,0,0,0,,1,0,0,0,0,0,0,0,1,0,0,1,0,0,0,0,,,,,,41-45,36-45,City street,U,Monday,Unknown,PV,White,0,1,0,0,City Street,Municipal/City Police,Battleground Police Department,1,0,0,1,0,,,,,,0,0,0,,,,,,,,,,,0,0,0,1,,,,,20,7,,,,,,,,1,0,,,,,,
2020,452,EA82776,14,11/14/2020,20:55,14,11,,11,Clark,0,2,,2,2,2,1,0,3,2,,,,12,0,6,4.3,2,0,2,5,2,2,4,0,0,0,0,CR-NE 72ND AVE,NE 139TH ST,-122.5994222,45.72230556,0,2,88,66,4,50,34,0,0,1,2,12,1,1,2,1,1,1,1,53,0,23,481,2007,0,,12,,,,,,1,1,37,1,0,,0,0,99,7,11,0,,,,,0,0,3,3,1,0,,,,96,,,,,,0,,,,,,98604,53,74,190,6,1,0,1,0,0,,0,,,,,,0,07/15/2020,07/15/2020,1,0,0,0,8,9,8,,,0,,,8,8,0,0,,,0,,,0,0,996,,,,,,,,,,,,,,,,,,,,,,,,,,,,,,0,0,0,1,0,0,0,0,0,0,0,0,0,0,0,0,0,0,1,0,1,0,1,0,1,0,0,0,0,1,0,0,0,0,0,,0,0,0,0,0,0,0,0,0,0,0,0,0,0,0,0,,,,,,36-40,36-45,County road,U,Saturday,Unknown,PV,Not Fatal,1,0,0,0,County Road,County Sheriff,Clark County Sheriff's Office,0,0,1,0,0,,,,,,0,0,0,,,,,,,,,,,98,98,98,0,,,,,20,7,,,,,,,,1,0,,,NE 72ND AVE,4.27,NE 139TH ST,1.75
2021,83,EB18792,14,04/02/2021,13:00,2,4,,11,Clark,0,1,,1,1,2,1,0,2,2,,,,12,0,6,0.2,2,0,3,5,2,2,4,0,0,0,0,CR-NE 25TH AVE,NE 81ST ST,-122.6462639,45.68093611,0,1,68,15,2,30,4,0,0,1,2,12,1,2,3,5,11,1,2,53,0,35,47,2010,0,,12,,,,,,1,1,18,2,0,,0,0,3,0,11,0,,,,,0,0,1,3,1,48,,,,96,,,,,,98,,,,,,98604,53,66,145,6,2,0,0,0,1,,97,,,,,,0,09/15/2019,09/15/2019,20,0,0,0,8,9,8,,,0,,,8,8,0,0,,,0,,,2,98,997,,,,,,,,,,,,,,,,,,,,,,,,,,,,,,0,0,0,1,0,0,1,1,0,0,0,0,0,1,1,0,0,0,0,0,0,1,1,0,1,0,0,0,1,1,0,0,0,0,0,,0,0,0,0,0,0,0,0,0,0,0,0,0,0,0,0,,,,,,18-20,16-25,County road,U,Friday,Belt Used,PV,Not Fatal,0,0,0,0,County Road,County Sheriff,Clark County Sheriff's Office,0,0,1,0,0,,,,,,0,0,0,,,,,,,,,,,98,98,98,0,,,,,20,,,,,,,,,1,0,,,NE 25TH AVE,0.15,NE 81ST ST,0
2021,236,EB50476,14,07/11/2021,22:08,11,7,,11,Clark,0,1,,2,1,2,1,0,2,2,,,,12,0,1,2.3,3,0,3,4,1,2,4,0,0,0,0,CR-NE 159TH ST,NE 172ND AVE,-122.4957889,45.73769444,0,1,24,51,3,35,6,0,0,1,2,12,1,1,2,1,1,1,2,53,0,20,23,2009,0,,12,,,,,,1,1,20,1,0,,3,0,3,0,11,5,,,,,0,0,3,2,1,0,,,,96,,,,,,9,,,,,,98604,53,69,130,1,1,2,1,0,2,,1,,,,,,3,10/15/2017,11/15/2020,1,0,0,0,8,9,2,,,0,,,8,1,2,1,,,1,,,2,1,0.15,,,,,,,,,,,,,,,,,,,,,,,,,,,,,,0,0,0,1,1,1,1,1,1,0,0,0,1,1,0,0,0,0,0,0,0,1,1,0,1,0,0,0,0,1,0,0,0,0,0,,0,0,0,0,0,1,0,1,0,1,0,1,0,1,0,1,,,,,,18-20,16-25,County road,R,Sunday,Belt Used,PV,Not Fatal,1,0,0,0,County Road,County Sheriff,Clark County Sheriff's Office,0,0,1,0,0,,,,,,0,1,6,,,,,,,,,,,98,98,98,0,,,,,20,,,,,,,,,1,0,,,NE 159TH ST,2.31,NE 172ND AVE,0
2021,624,EB52044,57,07/26/2021,9:59,26,7,,11,Clark,107,1,,1,1,2,1,0,4,3,,,,12,0,1,8.6,1,0,1,2,2,1,3,0,0,50,3,SR-503,,-122.5474778,45.79109167,0,3,98,62,4,55,14,0,0,1,5,12,8,8,2,1,1,2,2,53,0,48,498,2021,0,,12,,,,,,1,1,58,2,0,,9,0,3,0,11,5,,,,,0,0,3,3,1,0,,,,96,,,,,,98,,,,,,98604,53,66,230,6,1,0,0,0,0,,0,,,,,,0,,,8,0,0,0,8,2,3,,,0,,,8,0,0,0,,,0,,,2,10,0,,,,,,,,,,,,,,,,,,,,,,,,,,,,,,0,0,0,0,0,0,0,0,0,0,0,0,0,0,0,0,1,0,0,0,1,0,1,0,1,0,0,0,0,1,1,0,0,0,0,,0,0,0,0,0,0,0,0,0,0,0,0,0,0,0,0,,,,,,56-60,56-65,State route,U,Monday,Belt Used,PV,Not Fatal,1,0,0,0,State Route,Municipal/City Police,Battleground Police Department,0,1,0,0,0,,,,,,0,0,0,,,,,,,,,,,98,98,98,0,,,,,20,,,,,,,,,1,0,,,,,,
2021,283,EB55904,57,07/27/2021,16:52,27,7,,11,Clark,107,1,,1,1,2,1,0,4,2,,,,12,0,2,0,1,0,1,4,2,4,6,0,0,0,0,SE EATON BLVD,,-122.5114528,45.76663611,0,2,51,62,4,50,34,0,0,1,2,12,1,1,2,1,1,2,1,53,0,23,481,2016,0,,12,,,,,,1,1,23,1,0,,3,0,3,0,11,5,,,,,0,0,0,3,1,0,,,,96,,,,,,98,,,,,,98604,53,70,175,6,1,0,0,0,1,,0,,,,,,0,05/15/2017,05/15/2017,1,0,0,0,8,9,8,,,0,,,8,8,8,95,,,96,,,8,95,995,,,,,,,,,,,,,,,,,,,,,,,,,,,,,,0,0,0,0,0,0,0,0,0,0,0,0,0,0,0,0,1,0,0,0,1,0,1,1,1,0,0,0,0,1,0,0,0,0,0,,0,0,0,0,0,0,0,0,0,0,0,0,0,0,0,0,,,,,,21-25,16-25,City street,U,Tuesday,Belt Used,PV,Not Fatal,0,1,1,0,City Street,Municipal/City Police,Battleground Police Department,0,0,0,1,0,,,,,,0,0,0,,,,,,,,,,,98,98,98,0,,,,,20,,,,,,,,,1,0,,,,,,
2017,132,3759251,38,04/21/2017,2:59,21,4,0,59,Skamania,0,10,0,2,2,2,1,0,1,1,,,,42,0,0,7.5,1,0,1,5,1,2,4,0,0,0,0,CR-COOK UNDERWOOD RD,,-121.618725,45.72933056,0,1,7,10,2,50,6,0,0,1,2,42,2,1,2,1,14,1,2,41,0,48,34,1998,0,0,68,64,42,,,,1,1,26,1,7,1,4,7,99,0,11,0,04/21/2017,3:21,53018779,18779,0,0,0,3,1,0,0,0,0,96,,,,,,9,,,,,,98605,53,69,140,6,1,0,2,1,0,0,0,,,,,,3,06/15/2013,04/15/2015,1,2,8,0,0,9,8,,,0,0,0,8,1,2,605,0,0,1,0,0,2,1,0.18,,,,,,,,,,,,,,,,,,,,,,,,,,,,,,0,0,0,0,1,1,1,1,1,0,0,0,1,0,0,0,0,0,0,0,0,0,0,0,0,0,0,0,0,1,0,0,0,0,0,,1,0,0,0,0,1,1,1,0,1,0,0,0,0,0,1,,,,,,26-30,26-35,County road,R,Friday,Unknown,PV,White,0,1,0,0,County Road,County Sheriff,Skamania County Sheriff's Office,1,0,1,0,0,thc,1.7,carboxy-thc,12,,,,,,,,,,,,,,,,,,,,,,,,,,,,,,,,,,,,,,,
2021,49,EB11024,38,02/21/2021,11:30,21,2,,59,Skamania,0,2,,1,2,2,1,0,1,1,,,,1,0,0,11.2,1,0,1,5,1,2,4,0,0,0,0,CR-COOK UNDERWOOD RD,,-121.5576306,45.73218056,0,1,1,13,2,40,15,0,0,1,2,1,3,2,2,1,14,1,1,53,0,37,421,2012,0,,63,67,1,,,,1,1,67,1,7,,4,7,20,7,11,0,02/21/2021,11:30,53010560,10560,0,0,3,3,1,0,,,,0,,,,,,2,,,,,,98605,53,72,240,6,1,0,0,0,0,,0,,,,,,0,,,1,0,0,0,0,9,8,,,0,,,9,9,2,1,,,1,,,2,1,0,,,,,,,,,,,,,,,,,,,,,,,,,,,,,,0,0,1,0,0,0,0,0,0,0,0,0,0,0,0,1,0,0,0,1,0,0,0,0,0,1,0,0,0,1,0,0,0,1,0,,1,0,0,0,0,0,0,0,0,0,0,0,0,0,0,0,,,,,,66-70,66-75,County road,R,Sunday,Not Used,PV,White,0,1,0,0,County Road,County Sheriff,Skamania County Sheriff's Office,1,0,1,0,0,,,,,,0,0,0,,,,,,,,,,,98,98,98,1,,,,,20,,,,,,,,,1,0,,,COOK-UNDERWOOD ROAD,11.2,NULL,
2017,46,E639471,14,02/06/2017,2:16,6,2,0,11,Clark,0,1,0,2,2,2,1,0,1,1,,,,38,0,0,1.5,1,0,1,7,1,2,4,0,0,0,0,CR-NE 144TH ST,,-122.5237694,45.72639167,0,1,10,99,9,50,4,0,0,1,2,42,1,4,2,1,1,1,1,53,0,52,46,2004,0,0,68,64,38,42,,,1,1,27,1,7,1,4,7,2,0,11,0,02/06/2017,2:16,2.37053E+11,6663,0,0,3,2,1,0,0,0,0,96,,,,,,99,,,,,,98606,53,72,155,1,1,1,0,0,1,4,0,,,,,,9,07/15/2015,10/15/2015,1,0,0,0,0,9,8,,,0,0,0,9,9,2,1,0,0,1,0,0,2,1,0.26,,,,,,,,,,,,,,,,,,,,,,,,,,,,,,0,0,1,0,1,1,0,1,0,0,0,0,0,1,0,0,0,0,0,0,0,0,0,0,0,0,0,0,0,1,0,0,0,0,0,,1,0,0,0,0,1,0,1,0,0,0,1,0,1,0,1,,,,,,26-30,26-35,County road,R,Monday,Belt Used,PV,White,0,1,0,0,County Road,County Sheriff,Clark County Sheriff's Office,1,0,1,0,0,,,,,,,,,,,,,,,,,,,,,,,,,,,,,,,,,,,,,,,,,,,
2017,422,E726850,14,10/18/2017,0:08,18,10,0,11,Clark,0,1,0,2,1,2,1,0,1,1,,,,32,0,0,4.1,1,0,1,4,1,2,4,0,0,0,0,CR-NE 182ND ST,,-122.4868222,45.71916111,0,1,1,13,2,98,4,0,0,1,2,32,1,1,2,1,1,1,1,53,0,20,25,2012,0,0,63,32,2,,,,1,1,46,8,7,2,4,0,3,0,11,5,10/18/2017,22:59,2.37053E+11,45607,0,0,3,3,1,0,0,0,0,92,,,,,,9,,,,,,98606,53,73,168,6,1,0,0,0,0,0,0,,,,,,4,,,8,0,0,1,0,9,8,,,0,0,0,8,1,2,1,0,0,1,0,0,2,1,0,,,,,,,,,,,,,,,,,,,,,,,,,,,,,,0,0,1,0,1,0,0,0,0,0,0,0,1,0,0,0,1,0,0,0,0,0,0,0,0,0,0,0,0,1,0,0,0,0,0,,1,0,0,0,0,0,0,0,1,1,0,0,0,0,0,1,,,,,,46-50,46-55,County road,R,Wednesday,Belt Used,PV,Black,0,1,0,0,County Road,County Sheriff,Clark County Sheriff's Office,1,0,1,0,0,,,,,,,,,,,,,,,,,,,,,,,,,,,,,,,,,,,,,,,,,,,
2019,9,E881365,305,01/09/2019,7:49,9,1,,11,Clark,2370,10,0,1,1,2,1,0,3,3,,,,12,0,2,0,1,0,1,7,2,4,6,0,0,0,0,NE 136TH AVE,,-122.5346222,45.62798611,0,2,51,62,4,98,5,0,0,1,7,12,1,1,5,1,1,1,2,53,0,49,46,2010,0,0,12,12,,,,,1,1,21,2,0,,3,0,3,0,11,8,,,,,0,0,3,3,1,0,0,0,0,0,,,,,,0,,,,,,98606,53,65,115,6,1,0,0,0,0,,0,,,,,,0,,,1,0,0,0,8,9,8,,,0,0,0,8,0,8,95,,,96,,,8,95,995,,,,,,,,,,,,,,,,,,,,,,,,,,,,,,0,0,0,0,0,0,1,1,0,0,0,0,1,1,0,0,1,0,0,1,0,0,0,1,1,0,0,0,0,1,0,0,0,0,0,,0,0,0,0,0,0,0,0,0,0,0,0,0,0,0,0,,,,,,21-25,16-25,City street,U,Wednesday,Belt Used,PV,Not Fatal,0,1,1,0,City Street,Municipal/City Police,Vancouver Police Department,0,0,0,1,0,,,,,,0,0,0,,,,,,,,,,,98,98,98,0,,,,,20,7,,,,,,,,,,,,,,,
2019,102,E909663,5,03/27/2019,20:25,27,3,,11,Clark,0,10,0,2,2,2,1,1,1,1,,,,8,0,0,9,1,0,1,3,2,1,3,0,0,0,0,SR-500,,-122.5114139,45.68285278,0,1,13,80,5,40,34,0,0,1,7,8,3,1,4,1,14,1,1,53,0,7,482,2014,0,0,8,,,,,,1,1,47,1,0,,0,0,3,0,11,0,,,,,0,0,0,3,1,0,0,0,0,96,,,,,,0,,,,,,98606,53,69,160,6,1,0,0,0,1,,0,,,,,,0,03/15/2016,03/15/2016,20,0,0,0,8,9,8,,,0,0,0,8,0,2,1,,,1,,,2,1,0,,,,,,,,,,,,,,,,,,,,,,,,,,,,,,0,0,0,0,0,0,0,0,0,1,1,1,0,0,0,0,0,0,0,0,0,0,0,0,0,0,0,0,0,1,0,1,0,0,0,,0,0,0,0,0,0,0,0,0,0,0,0,0,0,0,0,,,,,,46-50,46-55,State route,U,Wednesday,Belt Used,PV,Not Fatal,0,0,0,0,State Route,State Patrol,Washington State Patrol,0,1,0,0,0,,,,,,0,0,0,,,,,,,,,,,98,98,98,0,,,,,20,7,,,,,,,,,,,,,,,
2019,346,E965498,14,09/23/2019,10:48,23,9,,11,Clark,0,1,0,1,1,2,1,0,2,1,,,,32,1,0,3.1,1,0,1,5,1,2,4,0,0,0,0,CR-NW HAYES RD,,-122.6874,45.93005278,0,1,1,13,2,50,14,0,0,1,7,1,3,1,2,1,6,2,1,53,0,35,401,1995,0,0,63,32,67,30,1,,1,1,57,1,0,,1,0,3,0,11,0,,,,,0,0,0,0,1,33,91,0,0,96,,,,,,9,,,,,,98606,53,67,150,1,1,0,0,0,0,,1,7,,,,,4,,,20,0,0,0,8,9,8,,,0,0,0,8,1,2,401,417,,1,1,,2,1,0.092,,,,,,,,,,,,,,,,,,,,,,,,,,,,,,0,0,1,0,1,1,1,1,0,0,0,0,1,1,0,0,0,0,0,1,0,0,0,0,0,0,0,0,0,1,0,0,0,0,0,,0,0,0,0,0,1,1,1,0,1,0,1,0,0,0,1,,,,,,56-60,56-65,County road,R,Monday,Belt Used,PV,Not Fatal,0,1,0,0,County Road,County Sheriff,Clark County Sheriff's Office,1,0,1,0,0,,,,,,0,0,0,,,,,,,,,,,0,0,0,0,,,,,20,7,,,,,,,,,,,,,,,
2020,69,EA24930,5,03/06/2020,15:50,6,3,,11,Clark,0,2,,1,2,2,3,0,5,2,,,,12,0,2,5.4,1,0,1,3,2,1,3,0,0,0,0,SR-503,,-122.5514389,45.7455,0,2,51,62,4,55,20,0,0,1,2,12,3,2,5,5,14,4,2,53,0,37,441,2007,0,,12,,,,,,1,1,31,2,7,,4,7,3,0,11,0,03/06/2020,15:50,10753012046,12046,0,0,3,3,1,0,,,,96,,,,,,0,,,,,,98606,53,60,160,6,1,0,0,0,1,,0,,,,,,0,07/15/2016,07/15/2016,8,0,0,0,0,9,8,,,0,,,8,8,2,1,,,1,,,2,1,0,,,,,,,,,,,,,,,,,,,,,,,,,,,,,,0,0,0,0,0,0,1,1,0,0,0,0,1,0,0,0,0,0,0,1,0,0,0,0,0,0,0,0,0,1,0,0,0,0,0,,1,0,0,0,0,0,0,0,0,0,0,0,0,0,0,0,,,,,,31-35,26-35,State route,U,Friday,Belt Used,PV,White,0,0,0,1,State Route,State Patrol,Washington State Patrol,0,1,0,0,0,,,,,,0,0,0,,,,,,,,,,,98,98,98,1,,,,,20,7,,,,,,,,1,0,,,,,,
2021,40,EB06654,5,02/10/2021,22:35,10,2,,11,Clark,2370,1,,3,1,1,1,1,5,1,,,,8,0,0,1.9,1,0,1,1,2,1,1,0,0,0,0,I-205,,-122.5590889,45.62376944,0,1,13,80,5,60,4,0,0,1,2,8,1,8,3,3,1,5,2,53,0,6,51,2011,0,,8,,,,,,1,1,42,1,0,,0,0,20,7,11,0,,,,,0,0,0,3,1,0,,,,96,,,,,,98,,,,,,98606,53,72,185,6,1,0,0,0,0,,0,,,,,,0,,,20,0,0,0,8,9,8,,,0,,,8,8,0,0,,,0,,,0,0,996,,,,,,,,,,,,,,,,,,,,,,,,,,,,,,0,0,0,0,0,0,0,0,0,1,0,1,0,0,0,0,0,0,0,0,0,0,0,0,0,0,0,0,0,1,0,1,0,0,0,,0,0,0,0,0,0,0,0,0,0,0,0,0,0,0,0,,,,,,41-45,36-45,Interstate,U,Wednesday,Not Used,PV,Not Fatal,0,0,0,0,State Route,State Patrol,Washington State Patrol,0,1,0,0,0,,,,,,0,0,0,,,,,,,,,,,98,98,98,0,,,,,20,,,,,,,,,1,0,,,,,,
2021,106,EB23228,5,04/18/2021,0:17,18,4,,11,Clark,0,1,,3,1,2,1,0,1,1,,,,33,0,0,1.6,3,0,2,3,2,1,3,0,0,3,3,SR-502,NE 29TH AVE,-122.6410667,45.77968611,0,1,1,13,2,50,4,0,0,1,2,33,1,1,3,1,1,1,1,53,0,32,43,2006,0,,63,33,30,42,17,31,1,1,41,2,7,,4,0,20,7,11,5,04/18/2021,6:44,2.37053E+11,22471,0,0,0,3,1,8,,,,96,,,,,,98,,,,,,98606,53,63,135,6,1,0,0,1,0,,0,,,,,,4,04/15/2018,04/15/2018,8,1,9,0,0,9,8,,,0,,,9,9,2,996,996,996,1,1,1,2,1,0,,,,,,,,,,,,,,,,,,,,,,,,,,,,,,0,0,1,1,0,0,1,1,0,0,0,0,1,0,0,0,0,0,0,1,0,0,0,0,0,0,0,0,0,1,0,0,0,1,0,,1,0,0,0,0,0,1,1,0,1,0,0,0,0,1,0,,,,,,41-45,36-45,State route,U,Sunday,Not Used,PV,White,0,1,0,0,State Route,State Patrol,WASHINGTON STATE PATROL,1,1,0,0,0,,,,,,0,0,0,1,1,1,,,177,996,401,417,,98,98,98,1,,,,,20,,,,,,,,,1,0,,,,,,
2021,236,EB50476,14,07/11/2021,22:08,11,7,,11,Clark,0,1,,2,1,2,1,0,2,2,,,,12,0,1,2.3,3,0,3,4,1,2,4,0,0,20,3,CR-NE 159TH ST,NE 172ND AVE,-122.4957889,45.73769444,0,2,25,53,3,50,4,0,0,1,2,12,1,1,2,1,10,1,1,53,0,49,40,1995,0,,12,,,,,,1,1,35,1,7,,4,0,3,0,11,5,07/12/2021,14:01,2.37053E+11,35032,0,0,0,3,1,0,,,,96,,,,,,98,,,,,,98606,53,70,135,6,1,0,0,0,0,,0,,,,,,0,,,20,2,9,0,0,9,8,,,0,,,8,8,2,695,605,,1,1,,2,1,0,,,,,,,,,,,,,,,,,,,,,,,,,,,,,,0,0,0,1,1,1,1,1,1,0,0,0,1,1,0,0,0,0,0,0,0,1,1,0,1,0,0,0,0,1,0,0,0,0,0,,1,0,0,0,0,0,1,1,0,0,0,0,0,0,1,0,,,,,,31-35,26-35,County road,R,Sunday,Belt Used,PV,White,1,0,0,0,County Road,County Sheriff,Clark County Sheriff's Office,0,0,1,0,0,thc,1.6,carboxy-thc,12,,0,0,0,,,,,,,,,,,0,0,0,1,,,,,20,,,,,,,,nms,1,0,,,NE 159TH ST,2.31,NE 172ND AVE,0
2021,283,EB55904,57,07/27/2021,16:52,27,7,,11,Clark,107,1,,1,1,2,1,0,4,2,,,,12,0,2,0,1,0,1,4,2,4,6,0,0,0,0,SE EATON BLVD,,-122.5114528,45.76663611,0,1,50,10,2,50,14,0,0,1,2,12,1,1,2,1,1,2,2,53,0,2,404,1997,0,,68,12,,,,,1,1,17,1,7,,4,7,3,0,11,0,07/27/2021,16:52,10753038881,38881,0,0,2,3,1,73,,,,92,,,,,,98,,,,,,98606,53,72,140,6,2,0,0,0,0,,0,,,,,,0,,,1,0,0,0,0,9,8,,,0,,,8,8,2,1,,,1,,,2,1,0,,,,,,,,,,,,,,,,,,,,,,,,,,,,,,0,0,0,0,0,0,0,0,0,0,0,0,0,0,0,0,1,0,0,0,1,0,1,1,1,0,0,0,0,1,0,0,0,0,0,,1,0,0,0,0,0,0,0,1,0,0,0,0,0,0,0,,,,,,16-17,16-25,City street,U,Tuesday,Belt Used,PV,White,0,1,1,0,City Street,Municipal/City Police,Battleground Police Department,0,0,0,1,0,,,,,,0,0,0,,,,,,,,,,,0,0,0,1,,,,,20,,,,,,,,,1,0,,,,,,