year,case,par,repjur,crash_dt,crash_tm,accday,accmon,holiday,county,co_char,city,weather,weather2,lightcond,surfcond,surftype,numfatal,nmforms,pforms,vforms,not_tm,arr_tm,hosp_tm,fhevent,hitrun,manncol,milepnt,reljunc,reljuncinter,intersectiontype,funcsystem,landuse,ownership,route,schlbus,spejur,contdev,devfunc,trafid1,trafid2,x,y,wk_zone,vnumber,crashtype,criticalevent,criticaleventcat,spdlim,body,trailer,emerg,hazcargo,leave,mhevent,roadalgn,roadprof,traflane,trafflow,vehmanvr,numoccs,regowner,regstate,spuse,make,model,modelyr,vrf1,vrf2,seqevent1,seqevent2,seqevent3,seqevent4,seqevent5,seqevent6,pnumber,ptype,age,sex,hispanic,race,injury,diedscene,restraint,restraintmisuse,seatpos,takehosp,death_dt,death_tm,cert,cernum_wa,commlic,licendor,licrestrict,liccomp,drivpres,drf1,drf2,drf3,drf4,distract1,distract2,distract3,distract4,distract5,distract6,dricond1,dricond2,dricond3,dricond4,dricond5,dricond6,dzip,licstate,drhgt_in,weight,noncdl,noncdltype,prevdwi,prevoth,prevacc,prevspd,prevsus,driviol1,driviol2,driviol3,driviol4,driviol5,driviol6,spdrel,first_dt,last_dt,airbag,ejection,ejectpath,extricat,injurwrk,methalc,methdrug,nmlocat,strikveh,prf1,prf2,prf3,druginv,alcinvol,drugsts,drugres1,drugres2,drugres3,drugtst1,drugtst2,drugtst3,alcsts,alctst,alcres,nmact1,nmact2,nmact3,nmact4,nmact5,nmact6,nmprior1,nmprior2,nmprior3,nmprior4,nmprior5,nmprior6,nmcond1,nmcond2,nmcond3,nmcond4,nmcond5,nmcond6,nmsafe_helmet,nmsafe_pads,nmsafe_oth,nmprev_ref,nmprev_lgt,nmprev_oth,crashlocation,nmcrashtype,crosswalk,schoolzone,sidewalk,train_inv,wildlife_inv,rotr_fars,intersect_fars,dd_inv,aid_inv,dpd_inv,id_inv,mj_inv,impnm_inv,ainm_inv,dpnm_inv,speed_inv,unlic_inv,unendmc_inv,drowsy_inv,drdist_inv,nmdist_inv,fty_inv,unrestfat_inv,dr1617_inv,dr1820_inv,dr1620_inv,dr2125_inv,dr1625_inv,dr65_inv,dr70_inv,dr75_inv,mc_inv,pv_inv,ht_inv,ped_inv,bike_inv,unrest_fat,mc_fat,unhelmet_mc,pv_fat,ht_fat,ped_fat,bike_fat,dr_alc7,dr_alc8,dr_drug,dr_imp,dr_dist,dr_spd,dr_fty,dr_unlic,dr_alc7only,dr_alc8only,dr_drugonly,dr_drink,nm_imp,nm_alc7,nm_alc8,nm_drug,nm_dist,agegrp1,agegrp2,roadclass,urbrur,dayweek,restuse,vehtype,race_me,intersect,lanedep,oppdir,wrongway,rep_typ,investag,repag_long,rotr,st_rd,cty_rd,city_rd,oth_rd,drug_thc,thc_res,drug_cthc,cthc_res,drug_cann,prevpersemin,prevperse,prevsusoth,drugtst4,drugtst5,drugtst6,drugtst7,drugtst8,drugres4,drugres5,drugres6,drugres7,drugres8,adspresent,adsengaged,adslevel,race1,race2,race3,race4,race5,helmet,helmetmisuse,nmdistract1,nmdistract2,nmdistract3,nmdistract4,nmdistract5,nmdistract6,lab,isedtcase,crf1,crf2,crf3,CoRoadName,CoMP,IntCoRoadName,IntCoMP
2017,292,E697700,5,08/01/2017,9:28,1,8,0,11,Clark,0,1,0,1,1,2,1,0,5,4,9:25,9:28,10:25,12,0,8,10.9,1,0,1,4,1,1,3,0,0,0,0,SR-500,,-122.4898556,45.672,0,1,64,10,2,50,15,0,0,1,2,12,3,1,2,1,14,1,2,53,0,19,421,2004,0,0,68,12,12,,,,1,1,53,2,0,0,3,0,3,0,11,4,,,,,0,0,0,3,1,28,0,0,0,96,,,,,,9,,,,,,98607,53,67,130,6,1,0,0,0,1,0,97,,,,,,0,11/15/2015,11/15/2015,1,0,0,0,8,9,2,,,0,0,0,1,0,2,189,300,996,1,1,1,2,1,0,,,,,,,,,,,,,,,,,,,,,,,,,,,,,,0,0,0,0,0,0,1,1,0,0,0,0,0,0,0,0,0,0,0,0,0,0,0,0,0,1,0,0,0,1,0,0,0,0,0,,0,0,0,0,0,0,1,1,0,0,0,0,0,0,1,0,,,,,,51-55,46-55,State route,R,Tuesday,Belt Used,PV,Not Fatal,0,1,1,0,State Route,State Patrol,Washington State Patrol Headquarter,0,1,0,0,0,,,,,,,,,,,,,,,,,,,,,,,,,,,,,,,,,,,,,,,,,,,
2017,280,E697830,14,07/30/2017,19:59,30,7,0,11,Clark,240,1,0,1,1,2,1,0,2,2,,,,12,0,6,0,2,0,2,4,2,4,6,0,0,20,3,NW BRADY RD,NW 16TH AVE,-122.4527167,45.59065278,0,2,89,66,4,35,4,0,0,1,2,12,1,1,2,1,3,1,2,53,0,63,34,2009,0,0,12,,,,,,1,1,18,2,0,0,1,0,3,0,11,0,,,,,0,0,3,3,1,0,0,0,0,0,,,,,,0,,,,,,98607,53,70,140,6,1,0,0,0,0,0,0,,,,,,0,,,20,0,0,0,8,9,8,,,0,0,0,8,0,0,0,0,0,0,0,0,0,0,996,,,,,,,,,,,,,,,,,,,,,,,,,,,,,,0,0,0,1,0,0,0,0,0,0,0,0,1,0,0,0,0,0,0,0,0,1,1,0,1,0,0,0,1,1,0,0,0,0,0,,0,0,0,0,0,0,0,0,0,0,0,0,0,0,0,0,,,,,,18-20,16-25,City street,U,Sunday,Belt Used,PV,Not Fatal,1,0,0,0,City Street,Municipal/City Police,Camas Police Department,0,0,0,1,0,,,,,,,,,,,,,,,,,,,,,,,,,,,,,,,,,,,,,,,,,,,
2017,491,E741248,14,11/22/2017,18:10,22,11,8,11,Clark,0,10,0,3,2,2,1,0,5,2,18:13,18:37,18:46,12,0,6,0,2,0,2,5,2,2,4,0,0,3,3,CR-152ND AVE,NE 119TH ST,-122.5163778,45.70829722,0,1,68,15,2,50,4,0,0,1,5,12,1,1,2,1,11,1,2,53,0,59,31,1999,0,0,12,,,,,,1,1,17,2,0,0,0,0,3,0,11,0,,,,,0,0,3,3,1,38,0,0,0,96,,,,,,0,,,,,,98607,53,65,158,6,2,0,0,0,0,0,97,,,,,,0,,,1,0,0,0,8,9,8,,,0,0,0,8,0,0,0,0,0,0,0,0,0,0,996,,,,,,,,,,,,,,,,,,,,,,,,,,,,,,0,0,0,1,0,0,0,0,0,0,0,0,0,0,0,0,0,0,1,0,1,0,1,0,1,0,0,0,0,1,0,0,0,0,0,,0,0,0,0,0,0,0,0,0,0,1,0,0,0,0,0,,,,,,16-17,16-25,County road,U,Wednesday,Belt Used,PV,Not Fatal,1,0,0,0,County Road,County Sheriff,Clark County Sheriff's Office,0,0,1,0,0,,,,,,,,,,,,,,,,,,,,,,,,,,,,,,,,,,,,,,,,,,,
2018,415,E861465,14,11/15/2018,7:47,15,11,0,11,Clark,0,5,0,1,2,2,1,0,1,1,,,,38,0,0,0.4,1,0,1,7,1,2,4,0,0,0,0,CR-NE 174TH ST,,-122.4784083,45.74842778,0,1,1,13,2,40,34,0,0,1,7,38,1,4,2,1,1,1,2,53,0,12,471,1993,0,0,63,38,42,42,,,1,1,36,1,7,1,4,7,3,0,11,0,11/15/2018,7:47,53050251,50251,0,0,0,3,1,0,0,0,0,92,,,,,,99,,,,,,98607,53,68,145,6,1,1,0,0,0,,0,,,,,,0,03/15/2014,08/15/2015,20,0,0,0,0,9,8,,,0,0,0,8,9,2,996,996,401,1,1,1,2,1,0,,,,,,,,,,,,,,,,,,,,,,,,,,,,,,0,0,1,0,0,0,1,1,1,0,0,0,0,0,0,0,1,0,0,0,0,0,0,0,0,0,0,0,0,1,0,0,0,0,0,,1,0,0,0,0,0,1,1,1,0,0,0,0,0,1,0,,,,,,36-40,36-45,County road,R,Thursday,Belt Used,PV,White,0,1,0,0,County Road,County Sheriff,Clark County Sheriff's Office,1,0,1,0,0,thc,0.67,,,,0,0,3,1,1,,,,417,605,,,,,,,,,,,,,,,,,,,,,,,,,,,,
2019,47,E895128,2,02/17/2019,12:23,17,2,,57,Skagit,0,1,0,1,1,2,1,1,2,1,,,,8,0,0,6.4,1,0,1,5,1,1,3,0,0,0,0,SR-11,,-122.4181222,48.55849722,0,1,13,80,5,55,15,0,0,1,5,8,1,1,2,1,1,2,1,53,0,42,421,2014,0,0,8,,,,,,1,1,47,1,0,,0,0,3,0,11,0,,,,,0,0,0,3,1,0,0,0,0,96,,,,,,0,,,,,,98607,53,67,160,6,1,0,0,0,0,,0,,,,,,0,,,20,0,0,0,8,9,8,,,0,0,0,8,0,8,95,,,96,,,8,95,995,,,,,,,,,,,,,,,,,,,,,,,,,,,,,,0,0,0,0,0,0,0,0,0,0,0,0,0,0,0,0,0,0,0,0,0,0,0,0,0,0,0,0,0,1,0,1,0,0,0,,0,0,0,0,0,0,0,0,0,0,0,0,0,0,0,0,,,,,,46-50,46-55,State route,R,Sunday,Belt Used,PV,Not Fatal,0,0,0,0,State Route,State Patrol,Washington State Patrol,0,1,0,0,0,,,,,,0,0,0,,,,,,,,,,,98,98,98,0,,,,,20,7,,,,,,,,,,,,,,,
2019,316,E944034,75,07/15/2019,6:18,15,7,,11,Clark,2420,1,0,1,1,2,1,0,1,1,,,,10,0,0,0,6,0,1,7,2,4,6,0,0,65,3,SE WHITNEY ST,,-122.3751361,45.58228056,0,1,15,90,6,25,34,0,0,1,7,10,1,1,2,1,1,1,1,53,0,7,472,2003,0,0,10,,,,,,1,1,55,1,7,,4,0,99,7,11,5,07/26/2019,23:54,24053033900,33900,0,0,3,3,1,39,0,0,0,96,,,,,,99,,,,,,98607,53,73,200,6,1,0,0,0,0,,0,,,,,,0,,,8,1,9,0,0,9,8,,,0,0,0,8,0,8,95,,,96,,,0,0,996,,,,,,,,,,,,,,,,,,,,,,,,,,,,,,1,0,0,0,0,0,0,0,0,0,0,0,0,0,0,0,0,0,0,0,0,0,0,0,0,0,0,0,0,1,0,0,0,0,0,,1,0,0,0,0,0,0,0,0,0,0,0,0,0,0,0,,,,,,51-55,46-55,City street,U,Monday,Unknown,PV,White,1,0,0,0,City Street,Municipal/City Police,Camas Police Department,0,0,0,1,0,,,,,,0,0,0,,,,,,,,,,,98,98,98,1,,,,,20,7,,,,,,,,,,,,,,,
2019,258,E945795,305,07/26/2019,23:44,26,7,,11,Clark,2370,1,0,2,1,2,2,0,4,3,,,,12,0,6,0,2,0,3,7,2,4,6,0,0,20,3,NE 18TH ST,NE 187TH AVE,-122.4810639,45.63583333,0,3,82,66,4,40,14,0,0,1,7,12,8,8,2,1,11,2,1,53,0,34,401,2005,0,0,12,,,,,,1,1,50,2,7,,4,7,20,7,11,0,07/26/2019,23:44,2.37053E+11,33582,0,0,0,3,1,0,0,0,0,92,,,,,,99,,,,,,98607,53,67,100,6,1,0,0,0,0,,0,,,,,,0,,,2,0,0,0,0,9,8,,,0,0,0,8,9,2,1,,,1,,,2,1,0,,,,,,,,,,,,,,,,,,,,,,,,,,,,,,0,0,0,1,1,0,0,0,0,0,0,0,1,0,0,0,1,0,0,1,0,0,0,1,1,0,0,0,1,1,0,0,0,1,0,,1,0,0,0,0,0,0,0,1,0,0,0,0,0,0,0,,,,,,46-50,46-55,City street,U,Friday,Not Used,PV,White,1,0,0,0,City Street,Municipal/City Police,Vancouver Police Department,0,0,0,1,0,,,,,,0,0,0,,,,,,,,,,,98,98,98,1,,,,,20,7,,,,,,,,,,,,,,,
2019,335,E962250,5,09/14/2019,18:38,14,9,,11,Clark,0,1,0,5,1,2,1,0,2,2,,,,12,0,2,11.7,1,0,1,4,1,1,3,0,0,0,0,SR-500,,-122.476975,45.66495833,0,2,51,62,4,50,4,0,0,1,7,12,3,1,2,1,14,1,2,53,0,37,31,2012,0,0,12,,,,,,1,1,63,2,0,,0,0,3,0,11,0,,,,,0,0,0,3,1,0,0,0,0,96,,,,,,0,,,,,,98607,53,63,130,6,1,0,1,1,0,,0,,,,,,0,04/15/2018,08/15/2018,20,0,0,0,8,9,8,,,0,0,0,8,0,2,1,,,1,,,2,1,0,,,,,,,,,,,,,,,,,,,,,,,,,,,,,,0,0,0,0,1,1,0,1,0,0,0,0,1,0,0,0,0,0,0,0,0,0,0,0,0,0,0,0,1,1,0,0,0,0,0,,0,0,0,0,0,0,0,0,0,0,0,0,0,0,0,0,,,,,,61-65,56-65,State route,R,Saturday,Belt Used,PV,Not Fatal,0,1,1,0,State Route,State Patrol,Washington State Patrol,0,1,0,0,0,,,,,,0,0,0,,,,,,,,,,,98,98,98,0,,,,,20,7,,,,,,,,,,,,,,,
2020,20,EA08254,305,01/21/2020,6:29,21,1,,11,Clark,2370,10,,3,2,2,2,2,1,1,,,,8,0,0,0,1,0,1,3,2,4,6,0,0,0,0,NE 112TH AVE,,-122.5579389,45.638675,0,1,13,80,5,35,34,0,0,1,5,8,1,2,5,5,1,1,1,53,0,20,481,1995,0,,8,8,,,,,1,1,19,1,0,,0,0,3,0,11,0,,,,,0,0,3,3,1,10,,,,0,,,,,,0,,,,,,98607,53,71,150,6,1,0,0,0,0,,0,,,,,,0,,,20,0,0,0,8,9,8,,,0,,,8,8,2,1,,,1,,,2,1,0,,,,,,,,,,,,,,,,,,,,,,,,,,,,,,0,0,0,0,0,0,0,0,0,1,0,1,0,0,0,0,0,0,0,0,0,1,1,0,1,0,0,0,0,1,0,1,0,0,0,,0,0,0,0,0,0,0,0,0,0,0,0,0,0,0,0,,,,,,18-20,16-25,City street,U,Tuesday,Belt Used,PV,Not Fatal,0,0,0,0,City Street,Municipal/City Police,Vancouver Police Department,0,0,0,1,0,,,,,,0,0,0,,,,,,,,,,,0,0,0,0,,,,,20,7,,,,,,,,1,0,,,,,,
2020,334,EA61388,14,08/30/2020,11:23,30,8,,11,Clark,0,1,,1,1,2,1,0,3,2,,,,11,0,0,1.3,1,0,1,6,1,2,4,0,0,0,0,CR-SE VERNON RD,,-122.2936444,45.62036389,0,1,13,87,6,50,80,0,0,1,2,11,1,2,2,1,1,2,1,53,0,72,706,2019,0,,11,63,24,12,,,1,1,41,1,0,,9,0,20,7,11,0,,,,,0,0,0,3,1,0,,,,96,,,,,,0,,,,,,98607,53,73,210,6,1,0,0,1,2,,0,,,,,,0,09/15/2015,09/15/2019,20,8,0,0,8,9,8,,,0,,,8,8,0,0,,,0,,,0,0,996,,,,,,,,,,,,,,,,,,,,,,,,,,,,,,0,1,0,0,0,0,0,0,0,0,0,0,0,0,0,0,0,0,0,0,0,0,0,0,0,0,0,0,1,0,0,0,0,0,0,0,0,0,0,0,0,0,0,0,0,0,0,0,0,0,0,0,,,,,,41-45,36-45,County road,R,Sunday,,MC,Not Fatal,0,0,0,0,County Road,County Sheriff,Clark County Sheriff's Office,0,0,1,0,0,,,,,,0,0,0,,,,,,,,,,,0,0,0,0,,,,,19,0,,,,,,,,1,0,,,SE VERNON RD,1.32,,
2021,20,EB00613,5,01/22/2021,12:27,22,1,,11,Clark,240,1,,1,1,2,1,0,1,1,,,,25,0,0,12.1,1,0,1,2,2,1,3,0,0,0,0,SR-14,,-122.4345667,45.580525,0,1,7,11,2,60,14,0,0,1,2,25,1,1,3,3,1,1,2,53,0,12,401,2004,0,,63,69,64,25,1,,1,1,65,2,7,,4,7,3,0,11,0,01/22/2021,12:27,24053004405,4405,0,0,3,3,1,58,,,,96,,,,,,9,,,,,,98607,53,60,123,6,1,0,0,0,0,,0,,,,,,4,,,1,2,9,0,0,1,8,,,0,,,9,1,2,996,,,1,,,2,1,0.166,,,,,,,,,,,,,,,,,,,,,,,,,,,,,,0,0,0,0,1,1,1,1,0,0,0,0,1,0,0,0,0,0,0,0,0,0,0,0,0,1,0,0,0,1,0,0,0,0,0,,1,0,0,0,0,1,1,1,0,1,0,0,0,0,0,1,,,,,,61-65,56-65,State route,U,Friday,Belt Used,PV,White,0,1,0,0,State Route,State Patrol,WASHINGTON STATE PATROL,1,1,0,0,0,,,,,,0,0,0,,,,,,,,,,,98,98,98,1,,,,,20,,,,,,,,,1,0,,,,,,
2018,418,E861807,6,10/29/2018,17:27,29,10,0,1,Adams,0,1,0,1,1,2,1,0,2,2,17:25,17:36,,12,0,6,46.8,2,0,2,3,1,1,3,0,0,20,3,SR-26,BOOKER RD,-119.0482028,46.79954167,0,1,87,17,2,50,66,1,0,1,7,12,1,1,2,1,1,1,3,53,0,82,881,2003,0,0,12,,,,,,1,1,66,1,0,0,0,0,3,0,11,0,,,,,6,1,0,3,1,39,0,0,0,12,,,,,,0,,,,,,98610,53,66,180,6,1,0,0,0,0,,37,,,,,,0,,,20,0,0,0,8,3,2,,,0,0,0,0,0,8,95,,,96,,,8,95,995,,,,,,,,,,,,,,,,,,,,,,,,,,,,,,0,0,0,1,0,0,0,0,0,0,0,0,0,0,0,0,1,0,0,0,0,0,0,0,0,1,0,0,0,1,1,0,0,0,0,,0,0,0,0,0,0,0,0,1,0,0,0,0,0,0,0,,,,,,66-70,66-75,State route,R,Monday,,MHTRUCK,Not Fatal,1,0,0,0,State Route,State Patrol,Washington State Patrol,0,1,0,0,0,,,,,,0,0,0,,,,,,,,,,,,,,,,,,,,,,,,,,,,,,,,,,,
2020,94,EA29436,1,04/10/2020,19:30,10,4,,39,Klickitat,0,1,,1,1,2,1,0,6,1,19:31,20:15,20:57,39,0,0,72.5,1,0,1,3,1,1,3,0,0,0,0,SR-14,,-121.3510417,45.70999167,0,1,7,13,2,60,15,0,0,1,2,39,3,2,2,1,14,6,1,53,0,23,421,2004,0,,63,69,68,64,39,1,1,1,38,2,7,,4,7,20,7,11,0,04/10/2020,19:30,53018073,18073,0,0,0,2,1,0,,,,96,,,,,,9,,,,,,98610,53,69,145,1,1,0,1,1,0,,0,,,,,,0,07/15/2015,07/15/2015,8,1,9,0,0,9,8,,,0,,,1,8,2,996,401,417,1,1,1,2,1,0,,,,,,,,,,,,,,,,,,,,,,,,,,,,,,0,0,0,0,0,0,1,1,1,0,0,0,0,1,0,0,0,0,0,1,0,0,0,0,0,0,0,0,0,1,0,0,0,1,0,,1,0,0,0,0,0,1,1,0,0,0,1,0,0,1,0,,,,,,36-40,36-45,State route,R,Friday,Not Used,PV,White,0,1,0,0,State Route,State Patrol,Washington State Patrol,1,1,0,0,0,thc,17,carboxy-thc,23,,0,0,0,1,1,1,,,189,188,695,605,151,98,98,98,1,,,,,20,7,,,,,,,nms,1,0,,,,,,
2021,160,EB35004,5,05/30/2021,21:48,30,5,,59,Skamania,0,1,,2,1,2,1,0,1,1,,,,39,0,0,25.6,1,0,1,3,1,1,3,0,0,0,0,SR-14,,-122.1888056,45.58674167,0,1,2,9,1,50,4,0,0,1,2,39,3,2,2,1,14,1,1,53,0,63,34,2008,0,,63,39,67,1,68,64,1,1,27,1,7,,4,7,3,0,11,0,05/30/2021,21:48,53026338,26338,0,0,0,2,1,0,,,,96,,,,,,98,,,,,,98610,53,68,145,1,1,0,2,1,0,,0,,,,,,4,12/15/2017,11/15/2019,1,2,9,0,0,9,8,,,0,,,8,8,2,1,,,1,,,2,1,0.173,,,,,,,,,,,,,,,,,,,,,,,,,,,,,,0,0,0,0,1,1,0,1,0,0,0,0,1,1,0,0,0,0,0,0,0,0,0,0,0,0,0,0,0,1,0,0,0,0,0,,1,0,0,0,0,1,0,1,0,1,0,1,0,1,0,1,,,,,,26-30,26-35,State route,R,Sunday,Belt Used,PV,White,0,1,0,0,State Route,State Patrol,Washington State Patrol,1,1,0,0,0,,,,,,0,0,3,,,,,,,,,,,98,98,98,1,,,,,20,,,,,,,,,1,0,,,,,,
2018,54,3766279,16,02/10/2018,22:06,10,2,0,15,Cowlitz,0,1,0,2,1,2,1,0,1,1,,,,42,0,0,0.1,1,0,1,7,1,2,4,0,0,0,0,CR-BULAND DR,,-122.9048,46.26774722,0,1,7,6,1,25,34,0,0,1,7,42,3,2,2,1,14,1,1,53,0,20,481,2001,0,0,68,64,42,1,,,1,1,39,1,7,1,4,7,20,0,11,0,02/10/2018,22:06,28053008134,8134,0,0,0,3,1,0,0,0,0,96,,,,,,99,,,,,,98611,53,75,235,6,1,0,0,0,0,,0,,,,,,3,,,20,0,0,0,0,9,8,,,0,0,0,8,9,2,605,695,,1,1,,2,1,0.1,,,,,,,,,,,,,,,,,,,,,,,,,,,,,,0,0,0,0,1,1,1,1,1,0,0,0,1,0,0,0,0,0,0,1,0,0,0,0,0,0,0,0,0,1,0,0,0,1,0,,1,0,0,0,0,1,1,1,0,1,0,0,0,0,0,1,,,,,,36-40,36-45,County road,R,Saturday,Not Used,PV,White,0,1,0,0,County Road,County Sheriff,Cowlitz County Sheriff's Office,1,0,1,0,0,thc,21,carboxy-thc,32,,0,0,0,,,,,,,,,,,,,,,,,,,,,,,,,,,,,,,,,,,
2017,36,E637961,5,01/23/2017,20:10,23,1,0,15,Cowlitz,0,1,0,2,1,2,1,0,2,2,20:08,20:42,21:06,12,0,2,8.4,1,0,1,4,1,1,3,0,0,0,0,SR-504,,-122.7753028,46.31885,1,1,50,10,2,55,3,0,0,1,2,12,2,1,2,1,14,1,1,53,0,37,31,1998,0,0,68,12,,,,,1,1,42,1,7,1,4,7,20,0,11,0,01/23/2017,20:10,53005573,5573,6,0,3,3,1,28,0,0,0,96,,,,,,9,,,,,,98611,53,73,230,6,1,0,0,0,0,0,0,,,,,,0,,,1,0,0,0,0,1,8,,,0,0,0,8,1,2,155,996,996,1,1,1,2,1,0.13,,,,,,,,,,,,,,,,,,,,,,,,,,,,,,0,0,0,0,1,1,1,1,0,0,0,0,0,0,0,0,0,0,0,1,0,1,1,0,1,0,0,0,0,1,0,0,0,1,0,,1,0,0,0,0,1,1,1,0,0,0,0,0,0,0,1,,,,,,41-45,36-45,State route,R,Monday,Not Used,PV,White,0,1,1,0,State Route,State Patrol,Washington State Patrol,0,1,0,0,0,,,,,,,,,,,,,,,,,,,,,,,,,,,,,,,,,,,,,,,,,,,
2017,39,E638933,337,01/29/2017,19:14,29,1,0,73,Whatcom,110,1,0,3,1,2,1,1,2,1,,,,8,0,0,21,16,0,1,3,2,1,3,0,0,4,3,SR-11,,-122.4810861,48.71466667,0,1,13,80,5,35,4,0,0,1,2,8,1,1,3,5,1,2,1,53,0,35,47,2010,0,0,8,,,,,,1,1,22,2,0,0,0,0,3,0,11,0,,,,,0,0,0,3,1,0,0,0,0,93,,,,,,98,,,,,,98611,53,67,130,6,1,0,0,0,7,0,0,,,,,,9,05/15/2013,01/15/2017,20,0,0,0,8,3,2,,,0,0,0,0,0,0,0,0,0,0,0,0,0,0,996,,,,,,,,,,,,,,,,,,,,,,,,,,,,,,0,0,0,0,0,0,0,0,0,1,0,1,0,0,0,0,1,0,0,0,0,0,0,1,1,0,0,0,0,1,0,1,0,0,0,,0,0,0,0,0,0,0,0,1,0,0,0,0,0,0,0,,,,,,21-25,16-25,State route,U,Sunday,Belt Used,PV,Not Fatal,0,0,0,0,State Route,Municipal/City Police,Bellingham Police Department,0,1,0,0,0,,,,,,,,,,,,,,,,,,,,,,,,,,,,,,,,,,,,,,,,,,,
2017,121,E667256,5,04/25/2017,5:08,25,4,0,41,Lewis,0,10,0,4,2,2,1,0,3,3,,,,12,1,1,80.2,1,0,1,1,2,1,1,0,0,0,0,I-5,,-122.970175,46.68926944,0,1,25,53,3,60,34,0,0,1,2,25,1,1,2,3,15,1,1,53,0,20,481,2001,0,0,12,64,25,,,,1,1,44,1,0,0,0,0,99,0,11,0,,,,,0,0,0,3,1,0,0,0,0,96,,,,,,99,,,,,,98611,53,76,220,6,1,0,0,0,0,0,7,,,,,,0,,,99,0,0,0,8,9,8,,,0,0,0,8,9,0,0,0,0,0,0,0,0,0,996,,,,,,,,,,,,,,,,,,,,,,,,,,,,,,0,0,0,0,0,0,0,0,0,0,0,0,0,0,0,0,1,0,0,0,0,0,0,0,0,0,0,0,1,0,1,0,0,0,0,,0,0,0,0,0,0,0,0,0,0,0,0,0,0,0,0,,,,,,41-45,36-45,Interstate,U,Tuesday,Unknown,PV,Not Fatal,0,0,0,0,State Route,State Patrol,Washington State Patrol Headquarter,0,1,0,0,0,,,,,,,,,,,,,,,,,,,,,,,,,,,,,,,,,,,,,,,,,,,
2017,139,E669280,2,05/05/2017,22:07,5,5,0,57,Skagit,0,10,0,2,2,2,1,0,3,2,22:09,22:17,22:40,12,0,2,1.6,1,0,1,4,2,1,3,0,0,0,0,SR-536,,-122.3990806,48.44282222,0,2,51,62,4,45,4,0,0,1,2,12,1,1,2,1,1,2,2,53,0,30,40,2014,0,0,12,,,,,,1,1,23,1,7,1,4,7,20,0,11,0,05/05/2017,22:07,1.41053E+11,20971,0,0,0,3,1,0,0,0,0,0,,,,,,9,,,,,,98611,53,68,160,6,1,0,0,0,0,0,0,,,,,,0,,,8,0,0,0,0,1,8,,,0,0,0,8,1,2,1,0,0,1,0,0,2,1,0.13,,,,,,,,,,,,,,,,,,,,,,,,,,,,,,0,0,0,0,1,1,1,1,1,0,0,0,0,0,0,0,0,0,0,1,0,0,0,1,1,0,0,0,0,1,0,0,0,1,0,,1,0,0,0,0,1,0,1,0,0,0,0,0,1,0,1,,,,,,21-25,16-25,State route,U,Friday,Not Used,PV,White,0,1,1,0,State Route,State Patrol,Washington State Patrol Headquarter,0,1,0,0,0,,,,,,,,,,,,,,,,,,,,,,,,,,,,,,,,,,,,,,,,,,,
2018,98,E786526,5,04/07/2018,20:14,7,4,0,15,Cowlitz,0,2,0,2,2,2,1,0,8,3,,,,12,0,1,43.1,1,0,1,1,2,1,1,0,0,0,0,I-5,,-122.896225,46.188825,0,1,25,53,3,70,34,0,0,1,7,1,1,1,3,2,1,4,2,53,0,12,481,1997,0,0,12,64,1,60,54,,1,1,21,1,0,0,1,0,3,0,11,4,,,,,0,0,0,3,1,0,0,0,0,96,,,,,,0,,,,,,98611,53,70,160,6,1,0,0,0,0,,0,,,,,,0,,,8,0,0,0,8,9,8,,,0,0,0,8,0,8,95,,,96,,,8,95,995,,,,,,,,,,,,,,,,,,,,,,,,,,,,,,0,0,0,0,1,0,0,0,0,0,0,0,1,0,0,0,0,0,0,1,1,0,1,1,1,0,0,0,0,1,0,0,0,0,0,,0,0,0,0,0,0,0,0,0,0,0,0,0,0,0,0,,,,,,21-25,16-25,Interstate,U,Saturday,Belt Used,PV,Not Fatal,0,0,0,0,State Route,State Patrol,Washington State Patrol Headquarter,0,1,0,0,0,,,,,,0,0,0,,,,,,,,,,,,,,,,,,,,,,,,,,,,,,,,,,,
2018,378,E852814,16,10/18/2018,16:42,18,10,0,15,Cowlitz,0,1,0,1,1,2,1,0,1,1,,,,1,0,0,0.4,1,0,1,6,1,2,4,0,0,98,3,CR-POWELL RD,,-122.8989194,46.27545833,1,1,98,6,1,25,80,0,0,1,7,1,4,1,2,1,14,1,2,53,0,53,706,2003,0,0,1,68,64,24,,,1,1,32,1,7,1,4,7,19,0,11,0,10/18/2018,16:42,53045935,45935,0,0,0,3,1,0,0,0,0,93,,,,,,99,,,,,,98611,53,72,240,6,1,0,5,0,1,,0,,,,,,4,10/15/2013,07/15/2017,20,8,0,0,0,9,8,,,0,0,0,8,9,2,605,695,996,1,1,1,2,1,0,,,,,,,,,,,,,,,,,,,,,,,,,,,,,,0,0,0,0,0,0,1,1,1,0,0,0,1,0,0,0,1,0,0,0,0,0,0,0,0,0,0,0,1,0,0,0,0,0,1,0,0,0,0,0,0,0,1,1,1,1,0,0,0,0,1,0,,,,,,31-35,26-35,County road,R,Thursday,,MC,White,0,0,0,0,County Road,County Sheriff,Cowlitz County Sheriff's Office,0,0,1,0,0,thc,7.6,carboxy-thc,7.5,,0,0,0,1,1,1,,,996,996,996,,,,,,,,,,,,,,,,,,,,,,,,,,,