year,case,par,repjur,crash_dt,crash_tm,accday,accmon,holiday,county,co_char,city,weather,weather2,lightcond,surfcond,surftype,numfatal,nmforms,pforms,vforms,not_tm,arr_tm,hosp_tm,fhevent,hitrun,manncol,milepnt,reljunc,reljuncinter,intersectiontype,funcsystem,landuse,ownership,route,schlbus,spejur,contdev,devfunc,trafid1,trafid2,x,y,wk_zone,vnumber,crashtype,criticalevent,criticaleventcat,spdlim,body,trailer,emerg,hazcargo,leave,mhevent,roadalgn,roadprof,traflane,trafflow,vehmanvr,numoccs,regowner,regstate,spuse,make,model,modelyr,vrf1,vrf2,seqevent1,seqevent2,seqevent3,seqevent4,seqevent5,seqevent6,pnumber,ptype,age,sex,hispanic,race,injury,diedscene,restraint,restraintmisuse,seatpos,takehosp,death_dt,death_tm,cert,cernum_wa,commlic,licendor,licrestrict,liccomp,drivpres,drf1,drf2,drf3,drf4,distract1,distract2,distract3,distract4,distract5,distract6,dricond1,dricond2,dricond3,dricond4,dricond5,dricond6,dzip,licstate,drhgt_in,weight,noncdl,noncdltype,prevdwi,prevoth,prevacc,prevspd,prevsus,driviol1,driviol2,driviol3,driviol4,driviol5,driviol6,spdrel,first_dt,last_dt,airbag,ejection,ejectpath,extricat,injurwrk,methalc,methdrug,nmlocat,strikveh,prf1,prf2,prf3,druginv,alcinvol,drugsts,drugres1,drugres2,drugres3,drugtst1,drugtst2,drugtst3,alcsts,alctst,alcres,nmact1,nmact2,nmact3,nmact4,nmact5,nmact6,nmprior1,nmprior2,nmprior3,nmprior4,nmprior5,nmprior6,nmcond1,nmcond2,nmcond3,nmcond4,nmcond5,nmcond6,nmsafe_helmet,nmsafe_pads,nmsafe_oth,nmprev_ref,nmprev_lgt,nmprev_oth,crashlocation,nmcrashtype,crosswalk,schoolzone,sidewalk,train_inv,wildlife_inv,rotr_fars,intersect_fars,dd_inv,aid_inv,dpd_inv,id_inv,mj_inv,impnm_inv,ainm_inv,dpnm_inv,speed_inv,unlic_inv,unendmc_inv,drowsy_inv,drdist_inv,nmdist_inv,fty_inv,unrestfat_inv,dr1617_inv,dr1820_inv,dr1620_inv,dr2125_inv,dr1625_inv,dr65_inv,dr70_inv,dr75_inv,mc_inv,pv_inv,ht_inv,ped_inv,bike_inv,unrest_fat,mc_fat,unhelmet_mc,pv_fat,ht_fat,ped_fat,bike_fat,dr_alc7,dr_alc8,dr_drug,dr_imp,dr_dist,dr_spd,dr_fty,dr_unlic,dr_alc7only,dr_alc8only,dr_drugonly,dr_drink,nm_imp,nm_alc7,nm_alc8,nm_drug,nm_dist,agegrp1,agegrp2,roadclass,urbrur,dayweek,restuse,vehtype,race_me,intersect,lanedep,oppdir,wrongway,rep_typ,investag,repag_long,rotr,st_rd,cty_rd,city_rd,oth_rd,drug_thc,thc_res,drug_cthc,cthc_res,drug_cann,prevpersemin,prevperse,prevsusoth,drugtst4,drugtst5,drugtst6,drugtst7,drugtst8,drugres4,drugres5,drugres6,drugres7,drugres8,adspresent,adsengaged,adslevel,race1,race2,race3,race4,race5,helmet,helmetmisuse,nmdistract1,nmdistract2,nmdistract3,nmdistract4,nmdistract5,nmdistract6,lab,isedtcase,crf1,crf2,crf3,CoRoadName,CoMP,IntCoRoadName,IntCoMP
2018,437,E865592,5,10/17/2018,19:58,17,10,0,15,Cowlitz,0,1,0,3,1,2,1,0,4,2,19:55,20:03,20:17,12,0,6,4.9,2,0,3,3,2,1,3,0,0,0,0,SR-432,DOUGLAS ST,-122.9707972,46.127525,0,2,69,62,4,50,67,0,0,1,2,12,1,1,2,1,1,1,1,53,0,12,880,2018,0,0,12,,,,,,1,1,42,1,0,0,0,0,3,0,11,0,,,,,0,0,0,3,1,0,0,0,0,96,,,,,,0,,,,,,98611,53,72,230,6,1,0,0,0,0,,0,,,,,,0,,,8,0,0,0,8,9,8,,,0,0,0,8,0,2,1,,,1,,,2,1,0,,,,,,,,,,,,,,,,,,,,,,,,,,,,,,0,0,0,1,0,0,0,0,0,0,0,0,0,1,0,0,0,0,1,1,0,0,0,1,1,0,0,0,0,1,1,0,0,0,0,,0,0,0,0,0,0,0,0,0,0,0,0,0,0,0,0,,,,,,41-45,36-45,State route,U,Wednesday,Belt Used,MHTRUCK,Not Fatal,1,0,0,0,State Route,State Patrol,Washington State Patrol,0,1,0,0,0,,,,,,0,0,0,,,,,,,,,,,,,,,,,,,,,,,,,,,,,,,,,,,
2018,479,E877730,16,12/28/2018,14:10,28,12,0,15,Cowlitz,0,2,0,1,2,2,1,0,1,1,,,,42,0,0,0.6,1,0,1,5,1,2,4,0,0,0,0,CR-MOUNT PLEASANT RD,,-122.8563528,46.06271389,0,1,6,12,2,35,63,0,0,1,7,42,1,2,2,1,1,1,3,53,0,98,804,2000,0,0,68,64,42,,,,1,1,66,1,7,1,4,0,99,0,11,4,12/28/2018,17:51,1.19053E+11,58229,6,1,0,3,1,0,0,0,0,96,,,,,,0,,,,,,98611,53,77,240,6,1,0,0,0,1,,0,,,,,,0,02/15/2016,02/15/2016,20,0,0,0,1,9,8,,,0,0,0,8,0,2,1,,,1,,,2,1,0,,,,,,,,,,,,,,,,,,,,,,,,,,,,,,0,0,1,0,0,0,0,0,0,0,0,0,0,0,0,0,0,0,0,0,0,0,0,0,0,1,0,0,0,0,1,0,0,0,0,,0,1,0,0,0,0,0,0,0,0,0,0,0,0,0,0,,,,,,66-70,66-75,County road,R,Friday,,MHTRUCK,White,0,1,0,0,County Road,County Sheriff,Cowlitz County Sheriff's Office,1,0,1,0,0,,,,,,0,0,0,,,,,,,,,,,,,,,,,,,,,,,,,,,,,,,,,,,
2020,249,EA50368,158,07/26/2020,14:55,26,7,,15,Cowlitz,1010,1,,1,1,2,1,0,4,3,14:55,14:59,15:28,12,0,6,0,2,0,2,7,1,4,6,0,0,20,3,S 5TH AVE,Chestnut St,-122.9112667,46.13628056,0,2,89,66,4,25,5,0,0,1,2,12,1,1,8,1,4,2,1,53,0,37,39,2018,0,,12,68,64,14,,,1,1,26,2,0,,3,0,3,0,11,5,,,,,0,0,0,3,1,10,,,,0,,,,,,0,,,,,,98611,53,65,130,6,1,0,0,1,0,,0,,,,,,0,12/15/2018,12/15/2018,8,0,0,0,8,9,8,,,0,,,8,8,0,0,,,0,,,0,0,996,,,,,,,,,,,,,,,,,,,,,,,,,,,,,,0,0,0,1,0,0,0,0,0,0,0,0,1,1,1,0,0,0,0,0,0,0,0,0,0,0,0,0,1,1,0,0,0,0,0,,0,0,0,0,0,0,0,0,0,0,0,0,0,0,0,0,,,,,,26-30,26-35,City street,R,Sunday,Belt Used,PV,Not Fatal,1,0,0,0,City Street,Municipal/City Police,Kelso Police Department,0,0,0,1,0,,,,,,0,0,0,,,,,,,,,,,98,98,98,0,,,,,20,7,,,,,,,,1,0,,,,,,
2021,1,EA94835,16,01/01/2021,1:53,1,1,,15,Cowlitz,0,2,,2,2,2,1,0,1,1,,,,17,0,0,2.3,1,0,1,5,1,2,4,0,0,0,0,CR-HEADQUARTERS RD,,-122.8562306,46.24555556,0,1,98,9,1,35,83,0,0,1,5,17,2,2,2,1,14,1,0,53,0,98,709,9999,0,,64,17,35,1,,,1,1,37,1,7,,4,7,20,7,11,0,01/01/2021,2:00,53000038,38,0,0,0,3,1,6,,,,96,,,,,,9,,,,,,98611,53,65,195,6,1,0,0,1,1,,0,,,,,,0,09/15/2016,04/15/2016,20,8,0,0,0,9,8,,,0,,,8,1,2,1,,,1,,,2,1,0.176,,,,,,,,,,,,,,,,,,,,,,,,,,,,,,0,0,0,0,1,1,0,1,0,0,0,0,0,0,0,0,0,0,0,0,0,0,0,0,0,0,0,0,1,0,0,0,0,0,1,1,0,0,0,0,0,1,0,1,0,0,0,0,0,1,0,1,,,,,,36-40,36-45,County road,R,Friday,,MC,White,0,1,0,0,County Road,County Sheriff,Cowlitz County Sheriff's Office,1,0,1,0,0,,,,,,0,0,0,,,,,,,,,,,0,0,0,1,,,,,17,,,,,,,,,1,0,,,HEADQUARTERS RD,2.25,NULL,
2021,9,EA98229,5,01/14/2021,11:23,14,1,,15,Cowlitz,0,10,,1,1,2,1,0,3,2,,,,12,0,2,5,1,0,1,3,2,1,3,0,0,0,0,SR-432,,-122.9690833,46.12653056,0,1,50,10,2,50,6,0,0,1,5,12,1,1,2,1,1,2,2,53,0,48,38,1993,0,,68,12,,,,,1,1,45,1,7,,4,0,20,7,11,5,01/14/2021,14:47,1.19053E+11,2392,0,0,0,0,1,28,,,,96,,,,,,99,,,,,,98611,53,66,145,0,0,0,0,0,0,,0,,,,,,0,,,1,0,0,0,0,9,8,,,0,,,9,9,2,417,,,1,,,2,1,0,,,,,,,,,,,,,,,,,,,,,,,,,,,,,,0,0,0,0,0,0,1,1,0,0,0,0,0,1,0,0,0,0,0,1,0,0,0,0,0,0,0,0,0,1,0,0,0,1,0,,1,0,0,0,0,0,1,1,0,0,0,1,0,0,1,0,,,,,,41-45,36-45,State route,U,Thursday,Not Used,PV,White,0,1,1,0,State Route,State Patrol,Washington State Patrol,0,1,0,0,0,,,,,,0,0,0,,,,,,,,,,,0,0,0,1,,,,,20,,,,,,,,,1,0,,,,,,
2021,158,EB34650,5,05/29/2021,23:00,29,5,,11,Clark,1860,1,,3,1,2,1,0,4,4,,,,12,0,1,13.8,1,0,1,1,1,1,1,0,0,0,0,I-5,,-122.6830889,45.81017778,0,3,25,53,3,70,4,0,0,1,5,12,1,1,4,3,1,1,1,53,0,12,23,2016,0,,12,,,,,,1,1,37,2,0,,0,0,2,0,11,0,,,,,0,0,0,3,1,0,,,,96,,,,,,98,,,,,,98611,53,65,120,6,1,0,0,0,1,,0,,,,,,0,08/15/2016,08/15/2016,20,0,0,0,8,9,8,,,0,,,8,8,0,0,,,0,,,0,0,996,,,,,,,,,,,,,,,,,,,,,,,,,,,,,,0,0,0,0,0,0,0,0,0,0,0,0,1,1,1,0,0,0,0,0,0,0,0,1,1,0,0,0,1,1,0,0,0,0,0,,0,0,0,0,0,0,0,0,0,0,0,0,0,0,0,0,,,,,,36-40,36-45,Interstate,R,Saturday,Belt Used,PV,Not Fatal,0,0,0,0,State Route,State Patrol,Washington State Patrol,0,1,0,0,0,,,,,,0,0,0,,,,,,,,,,,98,98,98,0,,,,,20,,,,,,,,,1,0,,,,,,
2021,158,EB34650,5,05/29/2021,23:00,29,5,,11,Clark,1860,1,,3,1,2,1,0,4,4,,,,12,0,1,13.8,1,0,1,1,1,1,1,0,0,0,0,I-5,,-122.6830889,45.81017778,0,4,98,98,7,70,4,0,0,1,5,12,1,1,4,3,1,1,2,53,0,30,40,2019,0,,12,,,,,,1,1,25,2,0,,0,0,3,0,11,0,,,,,0,0,0,3,1,0,,,,96,,,,,,98,,,,,,98611,53,58,100,6,1,0,0,0,0,,0,,,,,,0,,,20,0,0,0,8,9,8,,,0,,,8,8,0,0,,,0,,,0,0,996,,,,,,,,,,,,,,,,,,,,,,,,,,,,,,0,0,0,0,0,0,0,0,0,0,0,0,1,1,1,0,0,0,0,0,0,0,0,1,1,0,0,0,1,1,0,0,0,0,0,,0,0,0,0,0,0,0,0,0,0,0,0,0,0,0,0,,,,,,21-25,16-25,Interstate,R,Saturday,Belt Used,PV,Not Fatal,0,0,0,0,State Route,State Patrol,Washington State Patrol,0,1,0,0,0,,,,,,0,0,0,,,,,,,,,,,98,98,98,0,,,,,20,,,,,,,,,1,0,,,,,,
2017,129,E667400,28,04/29/2017,12:40,29,4,0,39,Klickitat,0,1,0,1,1,2,1,0,4,3,12:45,13:03,13:57,12,0,6,17.5,1,0,1,5,1,2,4,0,0,0,0,CR-GLENWOOD HWY,,-121.0570667,45.91292222,0,2,65,62,4,50,4,0,0,1,2,12,3,2,2,1,14,1,1,53,0,12,17,2010,0,0,12,,,,,,1,1,57,1,0,0,0,0,3,0,11,0,,,,,0,0,3,3,1,0,0,0,0,0,,,,,,0,,,,,,98619,53,74,205,6,1,0,0,0,0,0,0,,,,,,0,,,20,0,0,0,8,9,8,,,0,0,0,8,0,0,0,0,0,0,0,0,0,0,996,,,,,,,,,,,,,,,,,,,,,,,,,,,,,,0,0,0,0,0,0,0,0,0,0,0,0,0,0,1,0,1,0,0,0,0,0,0,1,1,0,0,0,1,1,0,0,0,0,0,,0,0,0,0,0,0,0,0,0,0,0,0,0,0,0,0,,,,,,56-60,56-65,County road,R,Saturday,Belt Used,PV,Not Fatal,0,1,1,0,County Road,County Sheriff,Klickitat County Sheriff's Office,0,0,1,0,0,,,,,,,,,,,,,,,,,,,,,,,,,,,,,,,,,,,,,,,,,,,
2019,13,E883702,28,01/02/2019,15:00,2,1,,39,Klickitat,0,10,0,1,1,2,2,0,2,1,,,,34,0,0,13,1,0,1,5,1,2,4,0,3,0,0,CR-BZ GLENWOOD HWY,,-121.3116889,45.94541111,0,1,1,13,2,50,14,0,0,1,7,42,3,2,2,1,14,2,2,53,0,48,401,2010,0,0,63,34,69,68,64,42,1,1,59,1,7,,4,7,3,0,11,0,01/02/2019,15:00,53000162,162,0,0,0,3,1,0,0,0,0,93,,,,,,99,,,,,,98619,53,74,205,6,1,0,0,0,0,,0,,,,,,0,,,8,0,0,0,0,9,8,,,0,0,0,8,9,8,95,,,96,,,8,95,995,,,,,,,,,,,,,,,,,,,,,,,,,,,,,,0,0,1,0,0,0,0,0,0,0,0,0,0,0,0,0,1,0,0,0,0,0,0,0,0,0,0,0,0,1,0,0,0,0,0,,1,0,0,0,0,0,0,0,1,0,0,0,0,0,0,0,,,,,,56-60,56-65,County road,R,Wednesday,Belt Used,PV,White,0,1,0,0,County Road,County Sheriff,Klickitat County Sheriff's Office,1,0,1,0,0,,,,,,0,0,0,,,,,,,,,,,98,98,98,1,,,,,20,7,,,,,,,,,,,,,,,
2017,129,E667400,28,04/29/2017,12:40,29,4,0,39,Klickitat,0,1,0,1,1,2,1,0,4,3,12:45,13:03,13:57,12,0,6,17.5,1,0,1,5,1,2,4,0,0,0,0,CR-GLENWOOD HWY,,-121.0570667,45.91292222,0,3,98,62,4,50,4,0,0,1,2,12,3,2,2,1,14,2,2,53,0,55,35,1997,0,0,12,,,,,,1,1,23,2,0,0,0,0,3,0,11,0,,,,,0,0,0,3,1,0,0,0,0,0,,,,,,0,,,,,,98620,53,61,190,6,1,0,0,0,0,0,0,,,,,,0,,,8,0,0,0,8,9,8,,,0,0,0,8,0,0,0,0,0,0,0,0,0,0,996,,,,,,,,,,,,,,,,,,,,,,,,,,,,,,0,0,0,0,0,0,0,0,0,0,0,0,0,0,1,0,1,0,0,0,0,0,0,1,1,0,0,0,1,1,0,0,0,0,0,,0,0,0,0,0,0,0,0,0,0,0,0,0,0,0,0,,,,,,21-25,16-25,County road,R,Saturday,Belt Used,PV,Not Fatal,0,1,1,0,County Road,County Sheriff,Klickitat County Sheriff's Office,0,0,1,0,0,,,,,,,,,,,,,,,,,,,,,,,,,,,,,,,,,,,,,,,,,,,
2017,275,E697697,5,07/25/2017,15:17,25,7,0,11,Clark,2370,1,0,1,1,2,1,0,5,4,,,,12,0,7,3.5,1,0,1,1,2,1,1,0,0,0,0,I-205,,-122.5720417,45.65851111,0,3,98,60,4,60,14,0,0,1,2,12,1,1,3,3,5,2,1,53,0,2,405,2007,0,0,12,12,12,,,,1,1,66,1,0,0,1,0,3,0,11,0,,,,,0,0,0,3,1,0,0,0,0,0,,,,,,0,,,,,,98620,53,69,160,6,1,0,0,0,0,0,0,,,,,,0,,,20,0,0,0,8,9,8,,,0,0,0,8,0,0,0,0,0,0,0,0,0,0,996,,,,,,,,,,,,,,,,,,,,,,,,,,,,,,0,0,0,0,0,0,1,1,0,0,0,0,1,0,0,0,0,0,0,0,0,0,0,1,1,1,0,0,1,1,0,0,0,0,0,,0,0,0,0,0,0,0,0,0,0,0,0,0,0,0,0,,,,,,66-70,66-75,Interstate,U,Tuesday,Belt Used,PV,Not Fatal,0,0,0,0,State Route,State Patrol,Washington State Patrol Headquarter,0,1,0,0,0,,,,,,,,,,,,,,,,,,,,,,,,,,,,,,,,,,,,,,,,,,,
2018,126,E800816,1,05/05/2018,12:38,5,5,0,39,Klickitat,0,1,0,1,1,2,1,0,2,2,12:39,12:48,13:22,12,0,6,21.8,2,0,3,3,1,1,2,0,0,0,0,US-97,LOWER ROAD,-120.7000222,45.92282778,0,2,73,10,2,60,80,0,0,1,7,12,1,2,2,1,6,1,1,53,0,72,706,2006,0,0,68,12,,,,,1,1,60,1,7,1,4,0,5,0,11,5,05/06/2018,1:11,1.65053E+11,13761,0,0,3,3,1,33,0,0,0,96,,,,,,99,,,,,,98620,53,68,198,6,1,0,0,0,0,,0,,,,,,0,,,20,8,0,0,0,9,8,,,0,0,0,8,1,8,95,,,96,,,8,95,995,,,,,,,,,,,,,,,,,,,,,,,,,,,,,,0,0,0,1,1,0,0,0,0,0,0,0,0,0,0,0,0,0,0,0,0,0,0,1,1,0,0,0,1,1,0,0,0,0,1,0,0,0,0,0,0,0,0,0,0,0,0,0,0,0,0,1,,,,,,56-60,56-65,US highway,R,Saturday,,MC,White,1,0,0,0,State Route,State Patrol,Washington State Patrol Headquarter,0,1,0,0,0,,,,,,0,0,0,,,,,,,,,,,,,,,,,,,,,,,,,,,,,,,,,,,
2019,290,E951809,28,08/17/2019,5:20,17,8,,39,Klickitat,0,1,0,4,1,4,1,0,1,1,,,,38,0,0,0.2,1,0,1,7,2,2,4,0,0,0,0,CR-KNOX RD,,-120.9116139,45.85364444,0,1,1,9,1,50,34,0,0,1,7,1,1,2,8,1,1,1,1,53,0,7,482,2006,0,0,63,38,1,,,,1,1,42,1,7,,4,7,99,7,11,0,08/17/2019,5:20,53036879,36879,0,0,0,3,1,0,0,0,0,96,,,,,,99,,,,,,98620,53,73,224,6,1,0,0,0,0,,0,,,,,,0,,,20,1,9,0,0,9,8,,,0,0,0,8,9,8,95,,,96,,,8,95,995,,,,,,,,,,,,,,,,,,,,,,,,,,,,,,0,0,1,0,0,0,0,0,0,0,0,0,0,0,0,0,0,0,0,0,0,0,0,0,0,0,0,0,0,1,0,0,0,0,0,,1,0,0,0,0,0,0,0,0,0,0,0,0,0,0,0,,,,,,41-45,36-45,County road,U,Saturday,Unknown,PV,White,0,1,0,0,County Road,County Sheriff,Klickitat County Sheriff's Office,1,0,1,0,0,,,,,,0,0,0,,,,,,,,,,,98,98,98,1,,,,,20,7,,,,,,,,,,,,,,,
2019,454,E997561,28,12/13/2019,8:45,13,12,,39,Klickitat,0,1,0,1,4,2,1,0,3,2,,,,12,0,6,5.8,1,0,1,5,1,2,4,0,0,0,0,CR-BICKLETON HWY,,-120.6948556,45.83841667,0,1,66,62,4,50,34,0,0,1,7,12,2,2,2,1,14,2,1,53,0,7,482,2016,0,0,12,,,,,,1,1,84,1,0,,1,0,3,0,11,8,,,,,6,0,0,3,1,0,0,0,0,96,,,,,,0,,,,,,98620,53,73,222,6,1,0,0,0,0,,0,,,,,,0,,,20,0,0,0,8,9,8,,,0,0,0,8,0,8,95,,,96,,,8,95,995,,,,,,,,,,,,,,,,,,,,,,,,,,,,,,0,0,0,0,0,0,0,0,0,0,0,0,0,0,0,0,0,0,0,0,0,0,0,0,0,1,1,1,0,1,0,0,0,0,0,,0,0,0,0,0,0,0,0,0,0,0,0,0,0,0,0,,,,,,81+,76+,County road,R,Friday,Belt Used,PV,Not Fatal,0,1,1,0,County Road,County Sheriff,Klickitat County Sheriff's Office,0,0,1,0,0,,,,,,0,0,0,,,,,,,,,,,98,98,98,0,,,,,20,7,,,,,,,,,,,,,,,
2019,454,E997561,28,12/13/2019,8:45,13,12,,39,Klickitat,0,1,0,1,4,2,1,0,3,2,,,,12,0,6,5.8,1,0,1,5,1,2,4,0,0,0,0,CR-BICKLETON HWY,,-120.6948556,45.83841667,0,2,66,8,1,50,6,0,0,1,7,12,3,2,2,1,14,1,2,53,0,48,34,1998,0,0,68,64,69,12,,,1,1,62,2,7,,4,7,3,0,11,0,12/13/2019,8:45,53055759,55759,0,0,0,3,1,28,58,87,0,96,,,,,,99,,,,,,98620,53,70,150,6,1,0,0,0,0,,0,,,,,,0,,,20,0,0,0,0,9,8,,,0,0,0,8,0,8,95,,,96,,,8,95,995,,,,,,,,,,,,,,,,,,,,,,,,,,,,,,0,0,0,0,0,0,0,0,0,0,0,0,0,0,0,0,0,0,0,0,0,0,0,0,0,1,1,1,0,1,0,0,0,0,0,,1,0,0,0,0,0,0,0,0,0,0,0,0,0,0,0,,,,,,61-65,56-65,County road,R,Friday,Belt Used,PV,White,0,1,1,0,County Road,County Sheriff,Klickitat County Sheriff's Office,0,0,1,0,0,,,,,,0,0,0,,,,,,,,,,,0,0,0,1,,,,,20,7,,,,,,,,,,,,,,,
2020,24,EA09361,1,01/23/2020,12:22,23,1,,39,Klickitat,0,2,,1,2,2,1,0,1,1,12:26,12:45,,42,0,0,2.7,1,0,1,7,1,2,4,0,0,0,0,CR-GARRISON RD,,-120.9751083,45.89468056,0,1,6,12,2,98,14,0,0,1,2,42,2,2,2,1,14,1,1,53,0,37,402,2018,0,,68,64,42,,,,1,1,73,2,7,,4,7,1,0,11,0,01/23/2020,12:46,53004295,4295,0,0,0,3,1,0,,,,96,,,,,,0,,,,,,98620,53,58,130,6,1,0,0,0,0,,0,,,,,,0,,,8,0,0,0,1,9,8,,,0,,,8,8,2,1,,,1,,,2,1,0,,,,,,,,,,,,,,,,,,,,,,,,,,,,,,0,0,1,0,0,0,0,0,0,0,0,0,0,0,0,0,0,0,0,0,0,0,0,0,0,1,1,0,0,1,0,0,0,0,0,,1,0,0,0,0,0,0,0,0,0,0,0,0,0,0,0,,,,,,71-75,66-75,County road,R,Thursday,Belt Used,PV,White,0,1,0,0,County Road,County Sheriff,Klickitat County Sheriff's Office,1,0,1,0,0,,,,,,0,0,0,,,,,,,,,,,98,98,98,1,,,,,20,7,,,,,,,,1,0,,,GARRISON RD,2.685,,
2019,392,EA21730,5,10/26/2019,2:30,26,10,,39,Klickitat,0,1,0,2,1,2,1,0,3,1,,,,24,0,0,21.9,1,0,1,5,1,2,4,0,0,0,0,CR-GLENWOOD HWY,,-121.014275,45.88155833,0,1,2,13,2,50,3,0,0,1,2,42,3,2,2,1,14,3,1,53,0,54,38,2002,0,0,63,69,63,24,42,,1,1,25,1,0,,2,0,3,0,11,0,,,,,0,0,0,3,1,58,91,0,0,96,,,,,,9,,,,,,98620,53,73,155,6,1,1,0,1,0,,1,,,,,,0,03/15/2015,03/15/2015,8,0,0,0,8,9,8,,,0,0,0,8,1,2,695,605,,1,1,,2,1,0.15,,,,,,,,,,,,,,,,,,,,,,,,,,,,,,0,0,0,0,1,1,1,1,1,0,0,0,0,0,0,0,0,0,0,1,0,0,0,1,1,0,0,0,0,1,0,0,0,0,0,,0,0,0,0,0,1,1,1,0,0,0,0,0,0,0,1,,,,,,21-25,16-25,County road,R,Saturday,Belt Used,PV,Not Fatal,0,1,0,0,County Road,County Sheriff,Klickitat County Sheriff's Office,1,0,1,0,0,thc,2.3,carboxy-thc,7.8,,0,1,0,,,,,,,,,,,98,98,98,0,,,,,20,7,,,,,,,,,,,,,,,
2020,426,EA77147,1,10/30/2020,15:43,30,10,,77,Yakima,0,1,,1,1,2,1,0,2,2,15:56,16:41,17:05,12,0,2,54.1,1,0,1,3,1,1,2,0,3,0,0,US-97,,-120.3647778,46.28361389,0,2,51,62,4,65,20,0,0,1,2,12,1,2,3,1,1,1,3,53,0,7,442,2000,0,,12,,,,,,1,1,48,1,0,,3,0,3,0,11,5,,,,,0,0,0,3,1,0,,,,96,,,,,,0,,,,,,98620,53,69,180,6,1,0,0,0,0,,0,,,,,,0,,,1,0,0,0,8,3,2,,,0,,,8,8,0,0,,,0,,,0,0,996,,,,,,,,,,,,,,,,,,,,,,,,,,,,,,0,0,0,0,0,0,1,1,1,0,0,0,0,0,0,0,0,0,0,0,0,0,0,0,0,0,0,0,0,1,0,0,0,0,0,,0,0,0,0,0,0,0,0,0,0,0,0,0,0,0,0,,,,,,46-50,46-55,US highway,R,Friday,Belt Used,PV,Not Fatal,0,1,1,0,State Route,State Patrol,Washington State Patrol,0,1,0,0,0,,,,,,0,0,0,,,,,,,,,,,98,98,98,0,,,,,20,7,,,,,,,,1,0,,,,,,
2021,514,EB98577,1,12/02/2021,5:11,2,12,,77,Yakima,0,1,,2,1,2,1,0,2,2,,,,12,0,6,60.4,2,0,2,3,1,1,3,0,3,0,0,SR-97,LARUE RD,-120.3201833,46.36050278,0,2,87,66,4,55,63,1,0,1,2,12,1,1,2,1,1,1,1,53,0,85,881,2003,0,,12,,,,,,1,1,57,1,0,,1,0,3,0,11,0,,,,,6,1,3,3,1,0,,,,96,,,,,,98,,,,,,98620,53,74,265,6,1,0,0,0,1,,0,,,,,,0,11/15/2019,11/15/2019,20,0,0,0,8,9,2,,,0,,,8,8,0,0,,,0,,,0,0,996,,,,,,,,,,,,,,,,,,,,,,,,,,,,,,0,0,0,1,0,0,1,1,0,0,0,0,0,0,0,0,0,0,0,0,0,0,0,0,0,0,0,0,0,0,1,0,0,0,0,,0,0,0,0,0,0,0,0,0,0,0,0,0,0,0,0,,,,,,56-60,56-65,State route,R,Thursday,,MHTRUCK,Not Fatal,1,0,0,0,State Route,State Patrol,Washington State Patrol,0,1,0,0,0,,,,,,0,0,0,,,,,,,,,,,98,98,98,0,,,,,20,,,,,,,,,1,0,,,,,,
2019,350,E967832,6,10/04/2019,10:04,4,10,,39,Klickitat,0,1,0,1,1,2,1,0,4,4,,,,12,0,2,30.9,1,0,1,3,1,1,3,0,3,0,0,SR-97,,-120.6165861,46.02800833,0,1,50,10,2,98,5,0,0,1,7,12,1,1,2,1,6,1,1,53,0,12,32,2011,0,0,68,12,12,12,,,1,1,67,1,7,,4,7,3,0,11,0,10/04/2019,10:04,53045041,45041,0,0,3,3,1,28,35,0,0,96,,,,,,99,,,,,,98624,53,72,180,6,1,0,0,0,0,,0,,,,,,0,,,8,0,0,0,0,1,8,,,0,0,0,8,1,2,1,,,1,,,2,1,0.44,,,,,,,,,,,,,,,,,,,,,,,,,,,,,,0,0,0,0,1,1,0,1,0,0,0,0,0,0,0,0,0,0,0,0,0,0,0,1,1,1,0,0,0,1,1,0,0,0,0,,1,0,0,0,0,1,0,1,0,0,0,0,0,1,0,1,,,,,,66-70,66-75,State route,R,Friday,Belt Used,PV,White,0,1,1,0,State Route,State Patrol,Washington State Patrol,0,1,0,0,0,,,,,,0,0,0,,,,,,,,,,,98,98,98,1,,,,,20,7,,,,,,,,,,,,,,,
2019,94,E907862,180,04/04/2019,9:03,4,4,,15,Cowlitz,1190,10,0,1,0,0,1,1,1,1,,,,8,0,0,0,4,0,1,7,2,4,6,0,0,0,0,DELAWARE ST,16TH AVE,-122.9407972,46.13091667,0,1,13,80,5,0,14,0,0,1,5,8,0,0,0,0,11,1,3,53,0,20,404,2017,0,0,8,,,,,,1,1,39,1,0,,0,0,3,0,11,0,,,,,0,0,0,3,1,0,0,0,0,96,,,,,,0,,,,,,98625,53,71,190,6,1,0,0,0,0,,0,,,,,,0,,,20,0,0,0,8,9,8,,,0,0,0,8,0,8,95,,,96,,,8,95,995,,,,,,,,,,,,,,,,,,,,,,,,,,,,,,0,0,0,0,0,0,0,0,0,0,0,0,0,0,0,0,0,0,0,0,0,0,0,0,0,0,0,0,0,1,0,1,0,0,0,,0,0,0,0,0,0,0,0,0,0,0,0,0,0,0,0,,,,,,36-40,36-45,City street,U,Thursday,Belt Used,PV,Not Fatal,0,0,0,0,City Street,Municipal/City Police,Longview Police Department,0,0,0,1,0,,,,,,0,0,0,,,,,,,,,,,98,98,98,0,,,,,20,7,,,,,,,,,,,,,,,