year,case,par,repjur,crash_dt,crash_tm,accday,accmon,holiday,county,co_char,city,weather,weather2,lightcond,surfcond,surftype,numfatal,nmforms,pforms,vforms,not_tm,arr_tm,hosp_tm,fhevent,hitrun,manncol,milepnt,reljunc,reljuncinter,intersectiontype,funcsystem,landuse,ownership,route,schlbus,spejur,contdev,devfunc,trafid1,trafid2,x,y,wk_zone,vnumber,crashtype,criticalevent,criticaleventcat,spdlim,body,trailer,emerg,hazcargo,leave,mhevent,roadalgn,roadprof,traflane,trafflow,vehmanvr,numoccs,regowner,regstate,spuse,make,model,modelyr,vrf1,vrf2,seqevent1,seqevent2,seqevent3,seqevent4,seqevent5,seqevent6,pnumber,ptype,age,sex,hispanic,race,injury,diedscene,restraint,restraintmisuse,seatpos,takehosp,death_dt,death_tm,cert,cernum_wa,commlic,licendor,licrestrict,liccomp,drivpres,drf1,drf2,drf3,drf4,distract1,distract2,distract3,distract4,distract5,distract6,dricond1,dricond2,dricond3,dricond4,dricond5,dricond6,dzip,licstate,drhgt_in,weight,noncdl,noncdltype,prevdwi,prevoth,prevacc,prevspd,prevsus,driviol1,driviol2,driviol3,driviol4,driviol5,driviol6,spdrel,first_dt,last_dt,airbag,ejection,ejectpath,extricat,injurwrk,methalc,methdrug,nmlocat,strikveh,prf1,prf2,prf3,druginv,alcinvol,drugsts,drugres1,drugres2,drugres3,drugtst1,drugtst2,drugtst3,alcsts,alctst,alcres,nmact1,nmact2,nmact3,nmact4,nmact5,nmact6,nmprior1,nmprior2,nmprior3,nmprior4,nmprior5,nmprior6,nmcond1,nmcond2,nmcond3,nmcond4,nmcond5,nmcond6,nmsafe_helmet,nmsafe_pads,nmsafe_oth,nmprev_ref,nmprev_lgt,nmprev_oth,crashlocation,nmcrashtype,crosswalk,schoolzone,sidewalk,train_inv,wildlife_inv,rotr_fars,intersect_fars,dd_inv,aid_inv,dpd_inv,id_inv,mj_inv,impnm_inv,ainm_inv,dpnm_inv,speed_inv,unlic_inv,unendmc_inv,drowsy_inv,drdist_inv,nmdist_inv,fty_inv,unrestfat_inv,dr1617_inv,dr1820_inv,dr1620_inv,dr2125_inv,dr1625_inv,dr65_inv,dr70_inv,dr75_inv,mc_inv,pv_inv,ht_inv,ped_inv,bike_inv,unrest_fat,mc_fat,unhelmet_mc,pv_fat,ht_fat,ped_fat,bike_fat,dr_alc7,dr_alc8,dr_drug,dr_imp,dr_dist,dr_spd,dr_fty,dr_unlic,dr_alc7only,dr_alc8only,dr_drugonly,dr_drink,nm_imp,nm_alc7,nm_alc8,nm_drug,nm_dist,agegrp1,agegrp2,roadclass,urbrur,dayweek,restuse,vehtype,race_me,intersect,lanedep,oppdir,wrongway,rep_typ,investag,repag_long,rotr,st_rd,cty_rd,city_rd,oth_rd,drug_thc,thc_res,drug_cthc,cthc_res,drug_cann,prevpersemin,prevperse,prevsusoth,drugtst4,drugtst5,drugtst6,drugtst7,drugtst8,drugres4,drugres5,drugres6,drugres7,drugres8,adspresent,adsengaged,adslevel,race1,race2,race3,race4,race5,helmet,helmetmisuse,nmdistract1,nmdistract2,nmdistract3,nmdistract4,nmdistract5,nmdistract6,lab,isedtcase,crf1,crf2,crf3,CoRoadName,CoMP,IntCoRoadName,IntCoMP
2021,494,EB96130,5,12/02/2021,6:24,2,12,,15,Cowlitz,2570,10,,3,1,2,1,0,2,2,,,,12,0,7,20.8,1,0,1,1,2,1,1,0,0,0,0,I-5,,-122.7403722,45.90163889,0,2,45,60,4,70,4,0,0,1,2,3,1,1,3,3,1,1,1,53,0,49,32,2006,0,,12,64,38,24,67,35,1,1,44,1,4,,4,0,3,0,11,5,12/02/2021,17:38,2.37053E+11,63054,0,0,0,3,1,58,,,,96,,,,,,98,,,,,,98625,53,60,140,6,1,0,0,0,0,,0,,,,,,0,,,1,0,0,0,0,9,8,,,0,,,8,8,2,1,,,1,,,2,1,0,,,,,,,,,,,,,,,,,,,,,,,,,,,,,,0,0,0,0,0,0,0,0,0,0,0,0,0,0,0,0,0,0,0,0,0,0,0,0,0,0,0,0,0,1,0,0,0,0,0,,1,0,0,0,0,0,0,0,0,0,0,0,0,0,0,0,,,,,,41-45,36-45,Interstate,U,Thursday,Belt Used,PV,Hispanic,0,0,0,0,State Route,State Patrol,Washington State Patrol,0,1,0,0,0,,,,,,0,0,0,,,,,,,,,,,98,98,98,298,,,,,20,,,,,,,,,1,0,,,,,,
2017,90,E657038,5,03/22/2017,4:57,22,3,0,15,Cowlitz,0,10,0,2,2,2,1,1,1,1,,,,8,0,0,34.2,1,0,1,1,1,1,1,0,0,0,0,I-5,,-122.8683306,46.06836667,0,1,13,80,5,70,5,0,0,1,2,8,1,1,3,3,1,1,1,53,0,20,28,2012,0,0,8,64,25,,,,1,1,43,2,0,0,0,0,3,0,11,0,,,,,0,0,3,3,1,0,0,0,0,0,,,,,,0,,,,,,98626,53,62,180,6,1,0,1,1,1,0,0,,,,,,0,07/15/2012,08/15/2013,8,0,0,0,8,9,8,,,0,0,0,8,0,0,0,0,0,0,0,0,0,0,996,,,,,,,,,,,,,,,,,,,,,,,,,,,,,,0,0,0,0,0,0,0,0,0,1,0,1,0,0,0,0,0,0,0,0,0,0,0,0,0,0,0,0,0,1,0,1,0,0,0,,0,0,0,0,0,0,0,0,0,0,0,0,0,0,0,0,,,,,,41-45,36-45,Interstate,R,Wednesday,Belt Used,PV,Not Fatal,0,0,0,0,State Route,State Patrol,Washington State Patrol Headquarter,0,1,0,0,0,,,,,,,,,,,,,,,,,,,,,,,,,,,,,,,,,,,,,,,,,,,
2017,259,E695733,2,07/15/2017,13:27,15,7,0,61,Snohomish,2030,1,0,1,1,2,1,0,3,2,13:24,13:31,,1,0,0,9.5,1,0,1,3,2,1,3,0,0,0,0,SR-9,,-122.1086833,47.91425278,0,1,98,6,1,55,80,0,0,1,2,12,1,2,2,1,1,1,2,41,0,73,706,2005,0,0,68,1,12,,,,1,1,48,1,7,1,4,7,5,0,11,0,07/15/2017,13:38,2.03053E+11,31329,0,0,0,0,1,26,28,0,0,92,,,,,,99,,,,,,98626,53,65,160,0,0,0,0,0,0,0,0,,,,,,0,,,20,8,0,0,0,9,8,,,0,0,0,8,9,2,605,0,0,1,0,0,2,1,0,,,,,,,,,,,,,,,,,,,,,,,,,,,,,,0,0,0,0,0,0,1,1,1,0,0,0,0,1,1,0,1,0,0,0,0,0,0,0,0,0,0,0,1,1,0,0,0,0,1,0,0,0,0,0,0,0,1,1,1,0,0,1,0,0,1,0,,,,,,46-50,46-55,State route,U,Saturday,,MC,White,0,0,0,0,State Route,State Patrol,Washington State Patrol Headquarter,0,1,0,0,0,thc,19,carboxy-thc,130,,,,,,,,,,,,,,,,,,,,,,,,,,,,,,,,,,,,,,,
2018,68,E777381,3,03/08/2018,2:10,8,3,0,53,Pierce,1124,10,0,3,2,2,3,0,4,2,,,,12,0,7,125.3,1,0,1,1,2,1,1,0,0,0,0,I-5,,-122.5209583,47.13935278,0,2,48,61,4,60,14,0,0,1,2,1,1,1,4,3,1,3,1,53,0,37,402,1999,0,0,12,64,25,21,1,,1,1,30,1,1,98,4,7,20,0,11,0,03/08/2018,2:10,1.12453E+11,11146,0,0,0,3,1,0,0,0,0,96,,,,,,99,,,,,,98626,53,68,210,6,1,0,2,0,0,,0,,,,,,3,07/15/2016,09/15/2017,20,1,9,0,0,9,8,,,0,0,0,8,9,2,1,,,1,,,2,1,0,,,,,,,,,,,,,,,,,,,,,,,,,,,,,,0,0,0,0,0,0,1,1,1,0,0,0,1,1,0,0,0,0,0,1,0,0,0,1,1,0,0,0,0,1,0,0,0,1,0,,1,0,0,0,0,0,0,0,0,1,0,0,0,0,0,0,,,,,,26-30,26-35,Interstate,U,Thursday,Not Used,PV,Hispanic,0,0,0,0,State Route,State Patrol,Washington State Patrol Headquarter,0,1,0,0,0,,,,,,0,0,0,,,,,,,,,,,,,,,,,,,,,,,,,,,,,,,,,,,
2018,406,E858776,180,11/08/2018,18:44,8,11,0,15,Cowlitz,1190,1,0,3,1,2,1,1,2,1,,,,8,0,0,0,1,0,1,7,2,4,6,0,0,0,0,NE NICHOLS BLVD,MAPLE ST,-122.9527472,46.14375556,0,1,13,80,5,35,4,0,0,1,5,8,1,1,2,1,1,2,2,53,0,63,38,2011,0,0,8,,,,,,1,1,28,2,0,0,0,0,99,0,11,0,,,,,0,0,0,3,1,10,0,0,0,12,,,,,,0,,,,,,98626,53,62,115,6,1,0,0,0,1,,0,,,,,,0,04/15/2014,04/15/2014,20,0,0,0,8,9,8,,,0,0,0,8,0,2,177,401,417,1,1,1,2,1,0,,,,,,,,,,,,,,,,,,,,,,,,,,,,,,0,0,0,0,0,0,1,1,0,1,0,1,0,0,0,0,1,0,0,0,0,0,0,0,0,0,0,0,0,1,0,1,0,0,0,,0,0,0,0,0,0,1,1,1,0,0,0,0,0,1,0,,,,,,26-30,26-35,City street,U,Thursday,Unknown,PV,Not Fatal,0,0,0,0,City Street,Municipal/City Police,Longview Police Department,0,0,0,1,0,,,,,,0,0,0,,,,,,,,,,,,,,,,,,,,,,,,,,,,,,,,,,,
2018,437,E865592,5,10/17/2018,19:58,17,10,0,15,Cowlitz,0,1,0,3,1,2,1,0,4,2,19:55,20:03,20:17,12,0,6,4.9,2,0,3,3,2,1,3,0,0,0,0,SR-432,DOUGLAS ST,-122.9707972,46.127525,0,1,68,15,2,50,6,0,0,1,2,12,1,1,2,1,11,3,2,41,0,24,3,2001,0,0,12,,,,,,1,1,23,2,0,0,3,0,99,0,11,5,,,,,0,0,0,2,1,38,0,0,0,96,,,,,,0,,,,,,98626,53,60,97,1,1,0,2,1,3,,71,,,,,,0,09/15/2015,09/15/2018,8,0,0,0,8,9,8,,,0,0,0,8,0,8,95,,,96,,,8,95,995,,,,,,,,,,,,,,,,,,,,,,,,,,,,,,0,0,0,1,0,0,0,0,0,0,0,0,0,1,0,0,0,0,1,1,0,0,0,1,1,0,0,0,0,1,1,0,0,0,0,,0,0,0,0,0,0,0,0,0,0,1,1,0,0,0,0,,,,,,21-25,16-25,State route,U,Wednesday,Unknown,PV,Not Fatal,1,0,0,0,State Route,State Patrol,Washington State Patrol,0,1,0,0,0,,,,,,0,0,8,,,,,,,,,,,,,,,,,,,,,,,,,,,,,,,,,,,
2019,67,E900965,180,03/07/2019,18:30,7,3,,15,Cowlitz,1190,1,0,3,1,1,1,0,1,1,,,,33,0,0,7.1,1,0,1,3,2,1,3,0,0,0,0,SR-432,,-122.9312694,46.11583056,0,1,1,13,2,98,80,0,0,1,7,1,2,1,4,1,6,1,2,16,0,72,706,2000,0,0,63,33,1,,,,1,1,65,1,7,,4,7,20,7,11,0,03/07/2019,18:30,1.19053E+11,11108,6,0,0,2,1,0,0,0,0,93,,,,,,99,,,,,,98626,53,71,200,6,1,0,2,0,4,,0,,,,,,4,04/15/2015,02/15/2017,20,8,0,0,0,9,8,,,0,0,0,8,9,2,401,417,,1,1,,2,1,0.069,,,,,,,,,,,,,,,,,,,,,,,,,,,,,,0,0,1,0,1,0,1,1,0,0,0,0,1,0,1,0,1,0,0,0,0,0,0,0,0,1,0,0,1,0,0,0,0,0,1,0,0,0,0,0,1,0,1,1,1,1,0,0,0,0,0,1,,,,,,61-65,56-65,State route,U,Thursday,,MC,White,0,1,0,0,State Route,Municipal/City Police,Longview Police Department,1,1,0,0,0,,,,,,0,0,0,,,,,,,,,,,0,0,0,1,,,,,19,0,,,,,,,,,,,,,,,
2019,96,E907952,5,03/29/2019,20:46,29,3,,15,Cowlitz,0,1,0,2,2,2,1,0,2,1,,,,30,0,0,4.8,1,0,1,4,2,1,3,0,0,0,0,SR-411,,-122.9062278,46.18788889,0,1,1,13,2,35,2,0,0,1,2,30,1,1,2,1,1,2,1,53,0,37,31,2003,0,0,63,30,53,,,,1,1,60,1,0,,3,0,3,0,11,8,,,,,0,0,0,3,1,91,0,0,0,0,,,,,,2,9,,,,,98626,53,64,135,6,1,0,0,0,0,,1,,,,,,0,,,1,0,0,0,8,9,2,,,0,0,0,1,0,2,167,189,,1,1,,2,1,0,,,,,,,,,,,,,,,,,,,,,,,,,,,,,,0,0,1,0,0,0,1,1,0,0,0,0,0,0,0,1,0,0,0,1,0,0,0,0,0,0,0,0,0,1,0,0,0,0,0,,0,0,0,0,0,0,1,1,0,0,0,0,0,0,1,0,,,,,,56-60,56-65,State route,U,Friday,Belt Used,PV,Not Fatal,0,1,0,0,State Route,State Patrol,Washington State Patrol,1,1,0,0,0,,,,,,0,0,0,,,,,,,,,,,98,98,98,0,,,,,20,7,,,,,,,,,,,,,,,
2019,146,E921356,5,05/02/2019,23:35,2,5,,15,Cowlitz,0,10,0,2,1,2,1,0,2,1,,,,43,0,0,1.2,1,0,1,4,1,1,3,0,0,0,0,SR-504,,-122.8919361,46.298875,0,1,1,6,1,55,6,0,0,1,2,42,3,3,2,1,14,2,2,53,0,12,37,2002,0,0,63,43,67,42,,,1,1,45,1,0,,2,0,3,0,11,8,,,,,0,0,0,0,1,0,0,0,0,96,,,,,,99,,,,,,98626,53,73,220,0,0,0,0,0,0,,97,,,,,,4,,,1,0,0,0,8,9,8,,,0,0,0,8,1,8,95,,,96,,,8,95,995,,,,,,,,,,,,,,,,,,,,,,,,,,,,,,0,0,1,0,1,0,0,0,0,0,0,0,1,1,0,0,0,0,0,0,0,0,0,0,0,0,0,0,0,1,0,0,0,0,0,,0,0,0,0,0,0,0,0,0,1,0,1,0,0,0,1,,,,,,41-45,36-45,State route,R,Thursday,Belt Used,PV,Not Fatal,0,1,0,0,State Route,State Patrol,Washington State Patrol,1,1,0,0,0,,,,,,0,0,0,,,,,,,,,,,98,98,98,0,,,,,20,7,,,,,,,,,,,,,,,
2019,208,E935754,16,06/30/2019,4:30,30,6,,15,Cowlitz,0,1,0,9,1,2,1,0,1,1,,,,24,0,0,1,1,0,1,5,1,2,4,0,0,0,0,CR-HEADQUARTERS RD,,-122.8741083,46.23764444,0,1,1,13,2,35,34,0,0,1,7,1,3,2,2,1,14,1,1,53,0,7,482,2004,0,0,63,24,1,,,,1,1,50,8,7,,4,7,3,0,11,0,06/30/2019,4:30,53029689,29689,0,0,0,3,1,0,0,0,0,92,,,,,,99,,,,,,98626,53,70,185,6,1,0,0,0,0,,0,,,,,,0,,,20,2,9,0,0,9,8,,,0,0,0,8,1,2,1,,,1,,,2,1,0.1,,,,,,,,,,,,,,,,,,,,,,,,,,,,,,0,0,1,0,1,1,0,1,0,0,0,0,0,0,0,0,1,0,0,0,0,0,0,0,0,0,0,0,0,1,0,0,0,0,0,,1,0,0,0,0,1,0,1,1,0,0,0,0,1,0,1,,,,,,46-50,46-55,County road,R,Sunday,Belt Used,PV,White,0,1,0,0,County Road,County Sheriff,Cowlitz County Sheriff's Office,1,0,1,0,0,,,,,,0,0,0,,,,,,,,,,,98,98,98,1,,,,,20,7,,,,,,,,,,,,,,,
2019,452,E997096,29,12/13/2019,6:00,13,12,,41,Lewis,0,5,0,2,11,7,1,0,1,1,,,,58,0,0,9999.9,1,0,1,98,1,64,8,0,0,0,0,WEYEHAUSER 4000 LINE,,-123.2066555,46.518635,0,1,6,12,2,98,34,0,0,1,7,1,1,2,8,1,1,1,1,53,0,20,481,2019,0,0,64,67,58,1,,,1,1,57,1,7,,4,7,20,7,11,0,12/13/2019,6:00,53055393,55393,0,0,0,3,1,0,0,0,0,92,,,,,,99,,,,,,98626,53,69,175,6,1,0,0,0,0,,0,,,,,,0,,,8,2,3,0,0,9,8,,,0,0,0,8,9,2,1,,,1,,,2,1,0,,,,,,,,,,,,,,,,,,,,,,,,,,,,,,0,0,1,0,0,0,0,0,0,0,0,0,0,0,0,0,1,0,0,1,0,0,0,0,0,0,0,0,0,1,0,0,0,1,0,,1,0,0,0,0,0,0,0,1,0,0,0,0,0,0,0,,,,,,56-60,56-65,Other,R,Friday,Not Used,PV,White,0,1,0,0,Other,County Sheriff,Lewis County Sheriff's Office,1,0,0,0,1,,,,,,0,0,0,,,,,,,,,,,98,98,98,1,,,,,20,7,,,,,,,,,,,,,,,
2020,205,EA43774,180,06/25/2020,13:25,25,6,,15,Cowlitz,1190,1,,1,1,2,1,0,3,2,13:32,13:43,14:18,12,0,6,0,2,0,2,3,2,4,6,0,0,0,0,WASHINGTON WAY,28th Ave,-122.9577083,46.13323333,0,1,83,17,2,30,80,0,0,1,2,12,1,1,4,1,1,1,1,53,0,73,704,2019,0,,12,2,,,,,1,1,21,1,1,,4,7,20,7,11,0,06/25/2020,13:25,1.19053E+11,29303,0,0,3,3,1,0,,,,96,,,,,,98,,,,,,98626,53,71,238,6,1,0,2,1,4,,0,,,,,,4,12/15/2017,08/15/2019,20,8,0,0,0,9,8,,,0,,,8,8,2,695,605,,1,1,,2,1,0.061,,,,,,,,,,,,,,,,,,,,,,,,,,,,,,0,0,0,1,1,0,1,1,1,0,0,0,1,0,0,0,0,0,0,0,0,0,0,1,1,0,0,0,1,1,0,0,0,0,1,0,0,0,0,0,1,0,1,1,0,1,0,0,0,0,0,1,,,,,,21-25,16-25,City street,U,Thursday,,MC,Hispanic,1,0,0,0,City Street,Municipal/City Police,Longview Police Department,0,0,0,1,0,thc,50,carboxy-thc,69,,0,0,0,,,,,,,,,,,0,0,0,201,298,,,,5,0,,,,,,,nms,1,0,,,,,,
2021,9,EA98229,5,01/14/2021,11:23,14,1,,15,Cowlitz,0,10,,1,1,2,1,0,3,2,,,,12,0,2,5,1,0,1,3,2,1,3,0,0,0,0,SR-432,,-122.9690833,46.12653056,0,2,51,62,4,50,5,0,0,1,5,12,1,1,2,1,1,1,9,99,0,20,29,2014,0,,12,,,,,,1,1,52,2,0,,2,0,3,0,11,4,,,,,0,0,3,3,1,0,,,,96,,,,,,0,,,,,,98626,53,63,130,6,1,0,0,0,1,,0,,,,,,0,08/15/2016,08/15/2016,8,0,0,0,8,9,8,,,0,,,8,0,0,0,,,0,,,0,0,996,,,,,,,,,,,,,,,,,,,,,,,,,,,,,,0,0,0,0,0,0,1,1,0,0,0,0,0,1,0,0,0,0,0,1,0,0,0,0,0,0,0,0,0,1,0,0,0,0,0,,0,0,0,0,0,0,0,0,0,0,0,0,0,0,0,0,,,,,,51-55,46-55,State route,U,Thursday,Belt Used,PV,Not Fatal,0,1,1,0,State Route,State Patrol,Washington State Patrol,0,1,0,0,0,,,,,,0,0,0,,,,,,,,,,,98,98,98,0,,,,,20,,,,,,,,,1,0,,,,,,
2021,320,EB61883,305,08/24/2021,16:09,24,8,,11,Clark,2370,1,,1,1,2,1,1,5,3,,,,12,0,6,0.3,3,0,2,3,2,1,6,0,0,3,3,NE FOURTH PLAIN BLVD,NE VANCOUVER MALL DR,-122.5755528,45.65756667,0,2,98,98,7,35,6,0,0,1,5,12,1,1,5,1,10,2,1,53,0,48,34,2005,0,,12,68,12,,,,1,1,23,1,0,,0,0,3,0,11,0,,,,,0,0,0,3,1,0,,,,96,,,,,,98,,,,,,98626,53,66,120,6,1,0,0,0,0,,0,,,,,,0,,,20,0,0,0,8,9,8,,,0,,,8,8,8,95,,,96,,,8,95,995,,,,,,,,,,,,,,,,,,,,,,,,,,,,,,0,0,0,1,0,0,0,0,0,1,0,1,0,0,0,0,0,0,0,0,0,0,0,1,1,1,1,1,0,1,0,1,0,0,0,,0,0,0,0,0,0,0,0,0,0,0,0,0,0,0,0,,,,,,21-25,16-25,City street,U,Tuesday,Belt Used,PV,Not Fatal,1,0,0,0,State Route,Municipal/City Police,Vancouver Police Department,0,1,0,0,0,,,,,,0,0,0,,,,,,,,,,,98,98,98,0,,,,,20,,,,,,,,,1,0,,,,,,
2021,434,EB83027,180,10/26/2021,14:56,26,10,,15,Cowlitz,1190,1,,1,2,1,1,0,3,3,,,,12,0,2,0,1,0,1,5,2,4,6,0,0,0,0,32ND AVE,,-122.9665139,46.14681667,0,3,51,62,4,30,52,0,0,1,5,12,1,1,2,1,1,1,3,53,3,92,988,2013,0,,12,,,,,,1,1,57,2,0,,0,0,3,0,11,0,,,,,6,1,3,3,1,0,,,,96,,,,,,98,,,,,,98626,53,69,155,6,1,0,0,0,0,,0,,,,,,0,,,20,0,0,0,8,9,8,,,0,,,8,8,0,0,,,0,,,0,0,996,,,,,,,,,,,,,,,,,,,,,,,,,,,,,,0,0,0,0,0,0,0,0,0,0,0,0,1,0,0,0,0,0,0,1,0,1,1,0,1,1,1,1,0,1,0,0,0,0,0,,0,0,0,0,0,0,0,0,0,0,0,0,0,0,0,0,,,,,,56-60,56-65,City street,U,Tuesday,,BUS,Not Fatal,0,1,1,0,City Street,Municipal/City Police,Longview Police Department,0,0,0,1,0,,,,,,0,0,0,,,,,,,,,,,98,98,98,0,,,,,20,,,,,,,,,1,0,,,,,,
2020,6,EA02860,1,01/07/2020,20:31,7,1,,39,Klickitat,0,2,,2,2,2,1,0,2,2,,,,12,0,8,5.4,1,0,1,3,1,1,2,0,0,0,0,US-97,,-120.8147056,45.72208056,0,2,65,62,4,55,14,0,0,1,2,12,2,2,2,1,14,1,2,53,0,35,401,1995,0,,12,,,,,,1,1,27,1,7,,4,7,3,0,11,0,01/07/2020,20:31,53000913,913,0,0,3,3,1,0,,,,96,,,,,,0,,,,,,98628,53,66,120,6,1,0,0,0,0,,0,,,,,,0,,,20,0,0,0,0,9,8,,,0,,,8,8,2,695,605,,1,1,,2,1,0,,,,,,,,,,,,,,,,,,,,,,,,,,,,,,0,0,0,0,1,1,1,1,1,0,0,0,0,0,0,0,0,0,0,0,0,0,0,0,0,0,0,0,0,1,0,0,0,0,0,,1,0,0,0,0,0,1,1,0,0,0,0,0,0,1,0,,,,,,26-30,26-35,US highway,R,Tuesday,Belt Used,PV,White,0,1,1,0,State Route,State Patrol,Washington State Patrol,0,1,0,0,0,thc,1.9,carboxy-thc,8.3,,0,0,0,,,,,,,,,,,0,0,0,1,,,,,20,7,,,,,,,nms,1,0,,,,,,
2020,77,EA25457,14,03/15/2020,14:41,15,3,,11,Clark,0,1,,1,1,2,1,1,2,2,14:43,14:58,15:12,9,0,0,4.6,1,0,1,5,1,2,4,0,0,0,0,CR-NE 182ND AVE,,-122.4865417,45.81445,0,2,98,62,4,50,34,0,0,1,5,12,1,4,2,1,1,1,2,53,0,23,471,2002,0,,12,,,,,,1,1,18,2,0,,1,0,3,0,11,5,,,,,0,0,0,3,1,0,,,,0,,,,,,0,,,,,,98629,53,63,157,6,2,0,0,0,0,,0,,,,,,0,,,20,0,0,0,8,9,8,,,0,,,8,8,0,0,,,0,,,0,0,996,,,,,,,,,,,,,,,,,,,,,,,,,,,,,,0,0,0,0,0,0,0,0,0,0,0,0,0,0,0,0,0,1,0,0,0,1,1,0,1,0,0,0,1,1,0,0,1,0,0,,0,0,0,0,0,0,0,0,0,0,0,0,0,0,0,0,,,,,,18-20,16-25,County road,R,Sunday,Belt Used,PV,Not Fatal,0,0,0,0,County Road,County Sheriff,Clark County Sheriff's Office,0,0,1,0,0,,,,,,0,0,0,,,,,,,,,,,98,98,98,0,,,,,20,7,,,,,,,,1,0,,,NE 182ND AVE,4.61,,
2020,431,EA78019,5,10/26/2020,6:35,26,10,,41,Lewis,0,1,,2,1,2,1,0,3,2,6:41,7:13,7:43,24,0,0,91.9,1,0,1,2,1,1,2,0,0,0,0,US-12,,-122.3822639,46.53411389,0,2,98,62,4,55,4,0,0,1,2,12,1,2,2,1,1,2,1,41,0,35,47,2000,0,,12,,,,,,1,1,25,1,0,,3,0,3,0,11,5,,,,,0,0,0,2,1,0,,,,96,,,,,,0,,,,,,98629,53,72,166,1,1,0,1,1,0,,71,76,,,,,0,02/15/2015,11/15/2017,8,0,0,0,8,9,8,,,0,,,0,8,0,0,,,0,,,0,0,996,,,,,,,,,,,,,,,,,,,,,,,,,,,,,,0,0,1,0,0,0,0,0,0,0,0,0,0,1,0,0,0,0,0,0,0,0,0,1,1,0,0,0,0,1,0,0,0,0,0,,0,0,0,0,0,0,0,0,0,0,0,1,0,0,0,0,,,,,,21-25,16-25,US highway,R,Monday,Belt Used,PV,Not Fatal,0,1,0,0,State Route,State Patrol,Washington State Patrol,1,1,0,0,0,,,,,,0,0,9,,,,,,,,,,,98,98,98,0,,,,,20,7,,,,,,,,1,0,,,,,,
2021,125,EB04562,14,02/08/2021,11:12,8,2,,11,Clark,0,10,,1,2,2,1,0,3,2,,,,12,0,6,,2,0,2,5,1,2,4,0,0,3,3,CR-NE 199TH ST,NE 72ND AVE,-122.5996028,45.76575556,0,2,83,66,4,50,15,0,0,1,5,12,1,1,4,1,1,2,1,53,0,23,421,2006,0,,12,,,,,,1,1,41,8,0,,1,0,3,0,11,8,,,,,0,0,0,3,1,0,,,,96,,,,,,98,,,,,,98629,53,74,280,6,1,0,1,0,0,,0,,,,,,0,05/15/2020,05/15/2020,8,0,0,0,8,9,8,,,0,,,8,8,8,95,,,96,,,8,95,995,,,,,,,,,,,,,,,,,,,,,,,,,,,,,,0,0,0,1,1,1,1,1,1,0,0,0,0,1,0,0,0,0,0,0,0,0,0,0,0,0,0,0,0,1,0,0,0,0,0,,0,0,0,0,0,0,0,0,0,0,0,0,0,0,0,0,,,,,,41-45,36-45,County road,R,Monday,Belt Used,PV,Not Fatal,1,0,0,0,County Road,County Sheriff,Clark County Sheriff's Office,0,0,1,0,0,,,,,,0,0,0,,,,,,,,,,,98,98,98,0,,,,,20,,,,,,,,,1,0,,,NE 199TH ST,0,NE 72ND AVE,7.27
2021,145,EB32481,5,05/18/2021,17:45,18,5,,15,Cowlitz,0,1,,1,1,2,1,0,2,2,,,,24,0,0,52.5,1,0,1,3,1,1,3,0,0,0,0,SR-4,,-123.0808806,46.18498889,0,1,6,12,2,55,4,0,0,1,2,12,2,1,2,1,14,1,1,53,0,12,37,2000,0,,68,64,24,69,12,,1,1,64,1,7,,4,7,3,0,11,0,05/18/2021,17:45,53024295,24295,0,0,3,3,1,28,,,,96,,,,,,9,,,,,,98629,53,68,175,6,1,0,0,0,0,,0,,,,,,0,,,1,0,0,0,0,9,8,,,0,,,8,1,2,155,605,,1,1,,2,1,0.327,,,,,,,,,,,,,,,,,,,,,,,,,,,,,,0,0,1,0,1,1,1,1,1,0,0,0,0,0,0,0,0,0,0,0,0,0,0,0,0,0,0,0,0,1,0,0,0,0,0,,1,0,0,0,0,1,1,1,0,0,0,0,0,0,0,1,,,,,,61-65,56-65,State route,R,Tuesday,Belt Used,PV,White,0,1,0,0,State Route,State Patrol,Washington State Patrol,1,1,0,0,0,thc,2.5,,,,0,0,0,,,,,,,,,,,98,98,98,1,,,,,20,,,,,,,,nms,1,0,,,,,,
2021,158,EB34650,5,05/29/2021,23:00,29,5,,11,Clark,1860,1,,3,1,2,1,0,4,4,,,,12,0,1,13.8,1,0,1,1,1,1,1,0,0,0,0,I-5,,-122.6830889,45.81017778,0,1,98,9,1,70,80,0,0,1,2,1,1,1,4,3,1,1,1,53,0,53,706,2014,0,,1,12,,,,,1,1,29,2,7,,4,7,20,7,11,0,05/29/2021,23:00,1.86053E+11,26469,0,0,3,2,1,0,,,,96,,,,,,98,,,,,,98629,53,66,130,1,1,1,0,0,0,,0,,,,,,4,05/15/2021,05/15/2021,20,8,0,0,0,9,8,,,0,,,8,8,0,0,,,0,,,0,0,996,,,,,,,,,,,,,,,,,,,,,,,,,,,,,,0,0,0,0,0,0,0,0,0,0,0,0,1,1,1,0,0,0,0,0,0,0,0,1,1,0,0,0,1,1,0,0,0,0,1,0,0,0,0,0,0,0,0,0,0,1,0,1,0,0,0,0,,,,,,26-30,26-35,Interstate,R,Saturday,,MC,White,0,0,0,0,State Route,State Patrol,Washington State Patrol,0,1,0,0,0,,,,,,0,1,0,,,,,,,,,,,0,0,0,1,,,,,5,,,,,,,,,1,0,,,,,,