year,case,par,repjur,crash_dt,crash_tm,accday,accmon,holiday,county,co_char,city,weather,weather2,lightcond,surfcond,surftype,numfatal,nmforms,pforms,vforms,not_tm,arr_tm,hosp_tm,fhevent,hitrun,manncol,milepnt,reljunc,reljuncinter,intersectiontype,funcsystem,landuse,ownership,route,schlbus,spejur,contdev,devfunc,trafid1,trafid2,x,y,wk_zone,vnumber,crashtype,criticalevent,criticaleventcat,spdlim,body,trailer,emerg,hazcargo,leave,mhevent,roadalgn,roadprof,traflane,trafflow,vehmanvr,numoccs,regowner,regstate,spuse,make,model,modelyr,vrf1,vrf2,seqevent1,seqevent2,seqevent3,seqevent4,seqevent5,seqevent6,pnumber,ptype,age,sex,hispanic,race,injury,diedscene,restraint,restraintmisuse,seatpos,takehosp,death_dt,death_tm,cert,cernum_wa,commlic,licendor,licrestrict,liccomp,drivpres,drf1,drf2,drf3,drf4,distract1,distract2,distract3,distract4,distract5,distract6,dricond1,dricond2,dricond3,dricond4,dricond5,dricond6,dzip,licstate,drhgt_in,weight,noncdl,noncdltype,prevdwi,prevoth,prevacc,prevspd,prevsus,driviol1,driviol2,driviol3,driviol4,driviol5,driviol6,spdrel,first_dt,last_dt,airbag,ejection,ejectpath,extricat,injurwrk,methalc,methdrug,nmlocat,strikveh,prf1,prf2,prf3,druginv,alcinvol,drugsts,drugres1,drugres2,drugres3,drugtst1,drugtst2,drugtst3,alcsts,alctst,alcres,nmact1,nmact2,nmact3,nmact4,nmact5,nmact6,nmprior1,nmprior2,nmprior3,nmprior4,nmprior5,nmprior6,nmcond1,nmcond2,nmcond3,nmcond4,nmcond5,nmcond6,nmsafe_helmet,nmsafe_pads,nmsafe_oth,nmprev_ref,nmprev_lgt,nmprev_oth,crashlocation,nmcrashtype,crosswalk,schoolzone,sidewalk,train_inv,wildlife_inv,rotr_fars,intersect_fars,dd_inv,aid_inv,dpd_inv,id_inv,mj_inv,impnm_inv,ainm_inv,dpnm_inv,speed_inv,unlic_inv,unendmc_inv,drowsy_inv,drdist_inv,nmdist_inv,fty_inv,unrestfat_inv,dr1617_inv,dr1820_inv,dr1620_inv,dr2125_inv,dr1625_inv,dr65_inv,dr70_inv,dr75_inv,mc_inv,pv_inv,ht_inv,ped_inv,bike_inv,unrest_fat,mc_fat,unhelmet_mc,pv_fat,ht_fat,ped_fat,bike_fat,dr_alc7,dr_alc8,dr_drug,dr_imp,dr_dist,dr_spd,dr_fty,dr_unlic,dr_alc7only,dr_alc8only,dr_drugonly,dr_drink,nm_imp,nm_alc7,nm_alc8,nm_drug,nm_dist,agegrp1,agegrp2,roadclass,urbrur,dayweek,restuse,vehtype,race_me,intersect,lanedep,oppdir,wrongway,rep_typ,investag,repag_long,rotr,st_rd,cty_rd,city_rd,oth_rd,drug_thc,thc_res,drug_cthc,cthc_res,drug_cann,prevpersemin,prevperse,prevsusoth,drugtst4,drugtst5,drugtst6,drugtst7,drugtst8,drugres4,drugres5,drugres6,drugres7,drugres8,adspresent,adsengaged,adslevel,race1,race2,race3,race4,race5,helmet,helmetmisuse,nmdistract1,nmdistract2,nmdistract3,nmdistract4,nmdistract5,nmdistract6,lab,isedtcase,crf1,crf2,crf3,CoRoadName,CoMP,IntCoRoadName,IntCoMP
2021,158,EB34650,5,05/29/2021,23:00,29,5,,11,Clark,1860,1,,3,1,2,1,0,4,4,,,,12,0,1,13.8,1,0,1,1,1,1,1,0,0,0,0,I-5,,-122.6830889,45.81017778,0,2,24,9,1,70,80,0,0,1,2,12,1,1,4,3,1,1,1,53,0,98,706,2021,0,,12,,,,,,1,1,41,1,0,,3,0,20,7,11,0,,,,,0,0,0,3,1,0,,,,96,,,,,,98,,,,,,98629,53,65,120,6,1,0,0,0,0,,0,,,,,,4,,,20,8,0,0,8,9,8,,,0,,,8,8,0,0,,,0,,,0,0,996,,,,,,,,,,,,,,,,,,,,,,,,,,,,,,0,0,0,0,0,0,0,0,0,0,0,0,1,1,1,0,0,0,0,0,0,0,0,1,1,0,0,0,1,1,0,0,0,0,0,0,0,0,0,0,0,0,0,0,0,1,0,0,0,0,0,0,,,,,,41-45,36-45,Interstate,R,Saturday,,MC,Not Fatal,0,0,0,0,State Route,State Patrol,Washington State Patrol,0,1,0,0,0,,,,,,0,0,0,,,,,,,,,,,98,98,98,0,,,,,5,,,,,,,,,1,0,,,,,,
2019,362,E970943,33,04/10/2019,13:46,10,4,,49,Pacific,0,10,0,1,2,2,1,0,1,2,,,,14,0,0,0.7,1,0,1,7,1,2,4,0,0,0,0,CR-U ST,,-124.0446694,46.4761,0,1,11,6,1,35,2,0,0,1,7,14,1,1,2,1,1,1,1,53,0,13,2,1994,0,0,68,68,63,14,,,1,1,55,1,7,,4,0,1,0,11,8,04/20/2019,15:57,1.65041E+11,,0,0,3,2,1,0,0,0,0,96,,,,,,99,,,,,,98631,53,68,205,1,1,1,2,1,0,,0,,,,,,3,03/15/2016,06/15/2017,20,0,0,0,0,9,8,,,0,0,0,8,9,8,95,,,96,,,8,95,995,,,,,,,,,,,,,,,,,,,,,,,,,,,,,,0,0,0,0,0,0,0,0,0,0,0,0,1,1,0,0,0,0,0,0,0,0,0,0,0,0,0,0,0,1,1,0,0,0,0,,1,0,0,0,0,0,0,0,0,1,0,1,0,0,0,0,,,,,,51-55,46-55,County road,R,Wednesday,Belt Used,PV,White,0,1,0,0,County Road,County Sheriff,Pacific County Sheriff's Office,1,0,1,0,0,,,,,,0,1,2,,,,,,,,,,,0,0,0,1,,,,,20,7,,,,,,,,,,,,,,,
2017,133,3123056,180,04/01/2017,10:23,1,4,0,15,Cowlitz,1190,10,0,1,1,2,1,0,5,2,10:23,10:27,10:41,12,0,6,7.4,8,0,1,3,2,1,3,0,0,0,0,SR-411,,-122.9275139,46.12052778,0,1,78,10,2,15,34,0,0,1,2,12,2,5,2,1,10,1,1,53,0,20,471,2003,0,0,12,,,,,,1,1,82,1,7,1,4,0,3,0,11,5,04/02/2017,5:05,1.19053E+11,15753,0,0,3,3,1,38,48,0,0,96,,,,,,0,,,,,,98632,53,72,149,6,1,0,0,0,0,0,0,,,,,,0,,,99,0,0,0,0,9,8,,,0,0,0,8,0,2,1,0,0,1,0,0,2,1,0,,,,,,,,,,,,,,,,,,,,,,,,,,,,,,0,0,0,0,0,0,0,0,0,0,0,0,0,0,0,0,0,0,1,0,0,0,0,0,0,1,1,1,0,0,1,0,0,0,0,,0,0,0,0,0,0,0,0,0,0,1,0,0,0,0,0,,,,,,81+,76+,State route,U,Saturday,Belt Used,PV,White,0,0,0,0,State Route,Municipal/City Police,Longview Police Department,0,1,0,0,0,,,,,,,,,,,,,,,,,,,,,,,,,,,,,,,,,,,,,,,,,,,
2020,551,000TECH,158,06/03/2020,22:31,3,6,,15,Cowlitz,1010,1,,2,1,2,1,0,2,1,22:31,22:47,23:03,30,0,0,0,1,0,1,4,2,4,6,0,0,0,0,PACIFIC AVE,,-122.7434472,45.90651111,0,1,1,13,2,35,4,0,0,1,2,30,3,1,2,1,14,2,1,53,0,37,31,1998,0,,63,30,,,,,1,1,35,2,0,,3,0,3,0,11,1,,,,,0,0,0,3,1,91,,,,96,,,,,,9,,,,,,98632,53,65,160,6,1,0,0,0,0,,1,,,,,,3,,,20,0,0,0,8,1,1,,,0,,,1,1,2,605,996,,1,1,,2,1,0.084,,,,,,,,,,,,,,,,,,,,,,,,,,,,,,0,0,1,0,1,1,1,1,1,0,0,0,1,0,0,0,0,0,0,0,0,0,0,0,0,0,0,0,0,1,0,0,0,0,0,,0,0,0,0,0,1,1,1,0,1,0,0,0,0,0,1,,,,,,31-35,26-35,City street,U,Wednesday,Belt Used,PV,Not Fatal,0,0,0,0,City Street,,,0,0,0,1,0,thc,2.7,carboxy-thc,7.2,,0,0,0,,,,,,,,,,,0,0,0,0,,,,,20,7,,,,,,,,0,0,,,,,,
2017,7,E629178,5,01/06/2017,18:48,6,1,0,41,Lewis,300,1,0,2,1,2,1,1,2,1,18:50,18:53,,8,0,0,82,1,0,1,1,2,1,1,0,0,0,0,I-5,,-122.9751333,46.70995833,0,1,13,80,5,60,14,0,0,1,2,8,1,1,2,3,1,2,1,53,0,24,401,2006,0,0,8,,,,,,1,1,19,2,0,0,0,0,3,0,11,0,,,,,0,0,0,3,1,0,0,0,0,0,,,,,,0,,,,,,98632,53,62,110,6,1,0,0,0,1,0,0,,,,,,0,05/15/2014,05/15/2014,20,0,0,0,8,9,8,,,0,0,0,8,0,0,0,0,0,0,0,0,0,0,996,,,,,,,,,,,,,,,,,,,,,,,,,,,,,,0,0,0,0,0,0,0,0,0,1,0,1,0,0,0,0,0,0,0,0,0,1,1,0,1,0,0,0,0,1,0,1,0,0,0,,0,0,0,0,0,0,0,0,0,0,0,0,0,0,0,0,,,,,,18-20,16-25,Interstate,U,Friday,Belt Used,PV,Not Fatal,0,0,0,0,State Route,State Patrol,Washington State Patrol,0,1,0,0,0,,,,,,,,,,,,,,,,,,,,,,,,,,,,,,,,,,,,,,,,,,,
2017,141,E674098,35,05/11/2017,11:15,11,5,0,53,Pierce,2230,2,0,1,6,2,1,0,4,4,11:12,11:22,11:34,12,0,1,129.6,1,0,1,1,2,1,1,0,0,0,0,I-5,,-122.4644944,47.18220278,0,1,20,50,3,60,66,1,0,1,2,30,1,1,4,3,1,1,3,18,0,51,881,2017,0,0,12,64,25,30,,,1,1,46,1,7,1,4,7,3,0,11,0,05/11/2017,11:15,1.12453E+11,22557,6,1,0,3,1,26,0,0,0,96,,,,,,99,,,,,,98632,53,75,280,6,1,0,0,0,1,0,0,,,,,,4,04/15/2016,04/15/2016,20,0,0,0,1,9,8,,,0,0,0,8,9,2,1,0,0,1,0,0,2,1,0,,,,,,,,,,,,,,,,,,,,,,,,,,,,,,0,0,0,0,0,0,0,0,0,0,0,0,1,0,0,0,0,0,0,0,0,0,0,1,1,1,0,0,0,1,1,0,0,0,0,,0,1,0,0,0,0,0,0,0,1,0,0,0,0,0,0,,,,,,46-50,46-55,Interstate,U,Thursday,,MHTRUCK,White,0,0,0,0,State Route,State Patrol,Washington State Patrol Headquarter,0,1,0,0,0,,,,,,,,,,,,,,,,,,,,,,,,,,,,,,,,,,,,,,,,,,,
2017,317,E704024,180,08/18/2017,15:37,18,8,0,15,Cowlitz,1190,1,0,1,1,2,1,2,1,1,15:40,15:41,15:43,8,0,0,0,1,0,1,5,2,4,6,0,0,0,0,7TH AVE,DELAWARE ST,-122.9293417,46.12872222,0,1,13,80,5,35,4,0,0,1,5,8,1,1,2,1,1,1,1,53,0,63,34,2013,0,0,8,8,,,,,1,1,21,2,0,0,0,0,99,0,11,0,,,,,0,0,0,3,1,0,0,0,0,17,,,,,,99,,,,,,98632,53,65,118,6,1,0,0,0,2,1,97,,,,,,0,02/15/2014,08/15/2015,20,0,0,0,8,9,8,,,0,0,0,8,9,0,0,0,0,0,0,0,0,0,996,,,,,,,,,,,,,,,,,,,,,,,,,,,,,,0,0,0,0,0,0,0,0,0,0,0,0,0,0,0,0,1,0,0,0,0,0,0,1,1,0,0,0,0,1,0,1,0,0,0,,0,0,0,0,0,0,0,0,1,0,0,0,0,0,0,0,,,,,,21-25,16-25,City street,U,Friday,Unknown,PV,Not Fatal,1,0,0,0,City Street,Municipal/City Police,Longview Police Department,0,0,0,1,0,,,,,,,,,,,,,,,,,,,,,,,,,,,,,,,,,,,,,,,,,,,
2017,283,E712979,180,07/06/2017,22:19,6,7,0,15,Cowlitz,1190,1,0,3,1,1,1,1,2,1,,,,8,0,0,0,1,0,1,3,2,4,6,0,0,0,0,15TH AVE,,-122.9411417,46.12711944,0,1,13,80,5,98,6,0,0,1,5,8,8,8,6,1,1,2,1,53,0,20,23,2006,0,0,8,,,,,,1,1,70,2,0,0,0,0,3,0,11,0,,,,,0,0,0,3,1,0,0,0,0,0,,,,,,0,,,,,,98632,53,62,235,6,1,0,0,0,0,0,0,,,,,,0,,,20,0,0,0,8,9,8,,,0,0,0,8,0,0,0,0,0,0,0,0,0,0,996,,,,,,,,,,,,,,,,,,,,,,,,,,,,,,0,0,0,0,0,0,0,0,0,1,0,1,0,0,0,0,0,0,0,0,0,0,0,0,0,1,1,0,0,1,0,1,0,0,0,,0,0,0,0,0,0,0,0,0,0,0,0,0,0,0,0,,,,,,66-70,66-75,City street,U,Thursday,Belt Used,PV,Not Fatal,0,0,0,0,City Street,Municipal/City Police,Longview Police Department,0,0,0,1,0,,,,,,,,,,,,,,,,,,,,,,,,,,,,,,,,,,,,,,,,,,,
2017,484,E740061,5,11/21/2017,16:16,21,11,0,15,Cowlitz,0,2,0,1,2,2,1,0,5,3,16:39,16:39,,12,0,6,2.3,1,0,1,4,1,1,3,0,0,0,0,SR-504,,-122.8675528,46.30405,0,2,66,62,4,55,16,0,0,1,2,12,2,1,2,1,14,2,1,53,0,20,431,1990,0,0,12,12,,,,,1,1,53,2,0,0,1,0,3,0,11,6,,,,,0,0,0,3,1,0,0,0,0,0,,,,,,0,,,,,,98632,53,66,200,6,1,0,0,0,0,0,0,,,,,,0,,,20,0,0,0,8,9,8,,,0,0,0,8,0,0,0,0,0,0,0,0,0,0,996,,,,,,,,,,,,,,,,,,,,,,,,,,,,,,0,0,0,0,0,0,1,1,1,0,0,0,1,0,0,0,0,0,0,0,0,0,0,1,1,1,0,0,0,1,0,0,0,0,0,,0,0,0,0,0,0,0,0,0,0,0,0,0,0,0,0,,,,,,51-55,46-55,State route,R,Tuesday,Belt Used,PV,Not Fatal,0,1,1,0,State Route,State Patrol,Washington State Patrol Headquarter,0,1,0,0,0,,,,,,,,,,,,,,,,,,,,,,,,,,,,,,,,,,,,,,,,,,,
2018,15,E761241,1,01/17/2018,17:20,17,1,0,5,Benton,0,10,0,2,1,2,1,0,4,4,17:23,17:37,,12,0,2,41.4,1,0,1,4,1,1,3,0,0,0,0,SR-24,,-119.7265444,46.61528611,0,4,98,62,4,60,66,1,0,1,5,12,2,2,2,1,14,1,3,41,0,82,881,2007,0,0,12,,,,,,1,1,62,1,0,0,0,0,3,0,11,0,,,,,6,1,3,3,1,0,0,0,0,96,,,,,,0,,,,,,98632,53,66,180,6,1,0,0,0,0,,0,,,,,,0,,,20,0,0,0,8,9,2,,,0,0,0,0,0,8,95,,,96,,,8,95,995,,,,,,,,,,,,,,,,,,,,,,,,,,,,,,0,0,0,0,1,1,0,1,0,0,0,0,0,0,0,0,0,0,0,0,0,0,0,0,0,1,0,0,0,1,1,0,0,0,0,,0,0,0,0,0,0,0,0,0,0,0,0,0,0,0,0,,,,,,61-65,56-65,State route,R,Wednesday,,MHTRUCK,Not Fatal,0,1,1,0,State Route,State Patrol,Washington State Patrol Headquarter,0,1,0,0,0,,,,,,0,0,0,,,,,,,,,,,,,,,,,,,,,,,,,,,,,,,,,,,
2018,240,E817747,5,07/12/2018,23:06,12,7,0,15,Cowlitz,0,1,0,2,1,2,1,1,2,1,,,,9,0,0,56.9,1,0,1,3,2,1,3,0,0,0,0,SR-4,,-122.9978306,46.162675,0,1,13,83,5,40,4,0,0,1,2,9,1,1,2,2,1,2,2,53,0,54,31,1996,0,0,9,,,,,,1,1,21,1,0,0,0,0,3,0,11,0,,,,,0,0,0,3,1,0,0,0,0,96,,,,,,0,,,,,,98632,53,68,140,6,1,0,0,0,0,,0,,,,,,0,,,20,0,0,0,8,9,2,,,0,0,0,0,1,8,95,,,96,,,8,95,995,,,,,,,,,,,,,,,,,,,,,,,,,,,,,,0,0,0,0,1,0,0,0,0,0,0,0,0,0,0,0,0,0,0,0,0,0,0,1,1,0,0,0,0,1,0,0,1,0,0,,0,0,0,0,0,0,0,0,0,0,0,0,0,0,0,1,,,,,,21-25,16-25,State route,U,Thursday,Belt Used,PV,Not Fatal,0,0,0,0,State Route,State Patrol,Washington State Patrol,0,1,0,0,0,,,,,,0,0,0,,,,,,,,,,,,,,,,,,,,,,,,,,,,,,,,,,,
2018,301,E834316,3,08/18/2018,13:00,18,8,0,69,Wahkiakum,290,1,0,1,1,2,2,0,5,3,12:52,13:00,13:34,12,0,8,35.1,1,0,1,3,1,1,3,0,0,0,0,SR-4,,-123.3878028,46.20876944,0,1,64,10,2,50,34,0,0,1,7,12,2,2,2,1,14,1,1,53,0,7,482,2014,0,0,68,12,,,,,1,1,22,1,0,0,0,0,3,0,11,0,,,,,0,0,0,2,1,28,91,0,0,96,,,,,,2,,,,,,98632,53,75,248,6,1,0,0,0,3,,2,,,,,,0,11/15/2015,03/15/2018,7,0,0,0,8,9,8,,,0,0,0,8,0,2,1,,,1,,,2,1,0,,,,,,,,,,,,,,,,,,,,,,,,,,,,,,0,0,0,0,0,0,0,0,0,0,0,0,0,0,0,1,0,0,0,0,0,0,0,1,1,0,0,0,1,1,0,0,0,0,0,,0,0,0,0,0,0,0,0,0,0,0,0,0,0,0,0,,,,,,21-25,16-25,State route,R,Saturday,Belt Used,PV,Not Fatal,0,1,1,0,State Route,State Patrol,WASHINGTON STATE PATROL,0,1,0,0,0,,,,,,0,0,0,,,,,,,,,,,,,,,,,,,,,,,,,,,,,,,,,,,
2019,132,E917791,16,05/06/2019,14:13,6,5,,15,Cowlitz,0,1,0,1,1,2,1,0,1,1,,,,35,0,0,0.2,1,0,1,5,1,2,4,0,0,0,0,CR-SPRUCE CREEK RD,,-123.1949222,46.19652222,0,1,6,12,2,35,2,0,0,1,7,1,2,2,2,1,14,1,2,41,0,12,3,1996,0,0,68,64,35,1,,,1,1,36,1,7,,4,7,20,7,11,0,05/06/2019,14:20,53020905,20905,0,0,0,0,1,0,0,0,0,96,,,,,,99,,,,,,98632,53,64,165,0,0,0,0,0,0,,0,,,,,,4,11/15/2017,11/15/2018,1,1,9,0,0,9,8,,,0,0,0,8,1,2,401,417,605,1,1,1,2,1,0.136,,,,,,,,,,,,,,,,,,,,,,,,,,,,,,0,0,1,0,1,1,1,1,1,0,0,0,1,1,0,0,0,0,0,1,0,0,0,0,0,0,0,0,0,1,0,0,0,1,0,,1,0,0,0,0,1,1,1,0,1,0,1,0,0,0,1,,,,,,36-40,36-45,County road,R,Monday,Not Used,PV,White,0,1,0,0,County Road,County Sheriff,Cowlitz County Sheriff's Office,1,0,1,0,0,thc,1.7,,,,0,0,2,,,,,,,,,,,0,0,0,1,,,,,20,7,,,,,,,nms,,,,,,,,
2019,193,E934410,6,06/26/2019,9:35,26,6,,37,Kittitas,0,1,0,1,1,2,1,0,3,3,,,,12,0,2,147.1,1,0,1,3,1,1,2,0,0,28,3,US-97,,-120.6110389,47.33145278,1,3,98,61,4,60,66,1,0,1,5,12,2,2,3,1,14,1,3,53,0,85,881,2013,0,0,12,,,,,,1,1,59,1,0,,0,0,3,0,11,0,,,,,6,1,0,3,1,0,0,0,0,96,,,,,,0,,,,,,98632,53,70,180,6,1,0,0,1,0,,0,,,,,,0,08/15/2017,08/15/2017,20,0,0,0,8,9,2,,,0,0,0,0,0,8,95,,,96,,,8,95,995,,,,,,,,,,,,,,,,,,,,,,,,,,,,,,0,0,0,0,0,0,0,0,0,0,0,0,0,0,0,0,0,0,0,0,0,0,0,0,0,1,1,1,0,1,1,0,0,0,0,,0,0,0,0,0,0,0,0,0,0,0,0,0,0,0,0,,,,,,56-60,56-65,US highway,R,Wednesday,,MHTRUCK,Not Fatal,0,1,1,0,State Route,State Patrol,Washington State Patrol,0,1,0,0,0,,,,,,0,0,0,,,,,,,,,,,98,98,98,0,,,,,20,7,,,,,,,,,,,,,,,
2019,291,E951931,5,08/03/2019,19:51,3,8,,41,Lewis,0,1,0,1,1,2,1,0,2,2,,,,12,0,6,73.9,8,0,1,3,1,1,2,0,0,0,0,US-12,,-122.7208167,46.53205556,0,2,69,62,4,55,80,0,0,1,2,12,1,1,3,1,1,1,1,53,0,72,706,2010,0,0,12,,,,,,1,1,28,1,7,,4,7,20,7,11,0,08/03/2019,19:51,1.40053E+11,34996,0,0,0,3,1,0,0,0,0,96,,,,,,99,,,,,,98632,53,73,165,6,1,0,0,0,3,,0,,,,,,0,04/15/2017,09/15/2018,20,8,0,0,0,9,8,,,0,0,0,8,9,2,1,,,1,,,2,1,0,,,,,,,,,,,,,,,,,,,,,,,,,,,,,,0,0,0,0,1,0,0,0,0,0,0,0,0,0,0,0,0,0,1,0,0,0,0,0,0,0,0,0,1,1,0,0,0,0,1,0,0,0,0,0,0,0,0,0,0,0,0,0,0,0,0,0,,,,,,26-30,26-35,US highway,R,Saturday,,MC,White,0,0,0,0,State Route,State Patrol,Washington State Patrol,0,1,0,0,0,,,,,,0,0,0,,,,,,,,,,,0,0,0,1,,,,,5,0,,,,,,,,,,,,,,,
2019,340,E963892,4,09/20/2019,0:32,20,9,,75,Whitman,0,1,0,2,1,2,1,0,2,1,,,,1,0,0,102.3,1,0,1,3,1,1,3,0,0,0,0,SR-26,,-117.9452667,46.781875,0,1,1,13,2,65,14,0,0,1,7,1,2,1,2,1,14,2,2,53,0,20,401,1995,0,0,63,1,2,,,,1,1,45,1,0,,1,0,3,0,11,0,,,,,0,0,3,3,1,91,0,0,0,0,,,,,,2,9,,,,,98632,53,61,127,6,1,0,0,1,0,,1,,,,,,0,06/15/2018,06/15/2018,99,0,0,0,8,9,2,,,0,0,0,1,0,2,996,,,1,,,2,1,0,,,,,,,,,,,,,,,,,,,,,,,,,,,,,,0,0,1,0,0,0,1,1,0,0,0,0,0,0,0,1,0,0,0,1,0,0,0,0,0,0,0,0,0,1,0,0,0,0,0,,0,0,0,0,0,0,1,1,0,0,0,0,0,0,1,0,,,,,,41-45,36-45,State route,R,Friday,Belt Used,PV,Not Fatal,0,1,0,0,State Route,State Patrol,Washington State Patrol,1,1,0,0,0,,,,,,0,0,1,,,,,,,,,,,0,0,0,0,,,,,20,7,,,,,,,,,,,,,,,
2019,399,E980328,16,11/08/2019,8:50,8,11,,15,Cowlitz,0,1,0,1,1,5,1,0,1,1,,,,42,0,0,9999.9,1,0,1,6,1,2,4,0,0,0,0,CR-KALAMA RIVER RD,,-122.6388333,46.04481111,0,1,1,13,2,35,66,1,0,1,7,42,3,2,2,1,14,1,3,53,0,85,881,2017,0,0,63,42,,,,,1,1,58,1,7,,4,7,20,7,11,0,11/08/2019,8:50,53050261,50261,6,1,0,3,1,0,0,0,0,92,,,,,,99,,,,,,98632,53,73,208,6,1,0,0,0,0,,0,,,,,,0,,,20,0,0,0,1,9,8,,,0,0,0,8,9,2,1,,,1,,,2,1,0,,,,,,,,,,,,,,,,,,,,,,,,,,,,,,0,0,1,0,0,0,0,0,0,0,0,0,0,0,0,0,1,0,0,0,0,0,0,0,0,0,0,0,0,0,1,0,0,0,0,,0,1,0,0,0,0,0,0,1,0,0,0,0,0,0,0,,,,,,56-60,56-65,County road,R,Friday,,MHTRUCK,White,0,1,0,0,County Road,County Sheriff,Cowlitz County Sheriff's Office,1,0,1,0,0,,,,,,0,0,0,,,,,,,,,,,98,98,98,1,,,,,20,7,,,,,,,,,,,,,,,
2019,523,E986677,180,11/22/2019,20:32,22,11,,15,Cowlitz,1190,1,0,3,1,2,1,1,1,1,,,,8,0,0,0,1,0,1,3,2,4,6,0,0,0,0,OCEAN BEACH HIGHWAY,,-122.9583556,46.14728056,0,1,13,80,5,35,2,0,0,1,5,8,1,1,5,5,1,1,1,53,0,20,36,2002,0,0,8,,,,,,1,1,69,2,0,,0,0,3,0,11,0,,,,,0,0,3,3,1,0,0,0,0,96,,,,,,0,,,,,,98632,53,69,180,6,1,0,0,0,0,,0,,,,,,0,,,20,0,0,0,8,9,8,,,0,0,0,0,0,8,95,,,96,,,8,95,995,,,,,,,,,,,,,,,,,,,,,,,,,,,,,,0,0,0,0,0,0,0,0,0,1,1,0,0,0,0,0,0,1,0,0,0,0,0,0,0,1,0,0,0,1,0,1,0,0,0,,0,0,0,0,0,0,0,0,0,0,0,0,0,0,0,0,,,,,,66-70,66-75,City street,U,Friday,Belt Used,PV,Not Fatal,0,0,0,0,State Route,Municipal/City Police,Longview Police Department,0,1,0,0,0,,,,,,0,0,0,,,,,,,,,,,98,98,98,0,,,,,20,7,,,,,,,,,,,,,,,
2020,42,EA13869,14,02/02/2020,19:35,2,2,,15,Cowlitz,0,1,,2,1,2,1,1,2,1,,,,8,0,0,0.8,1,0,1,3,1,2,4,0,0,0,0,CR-LAKESHORE DR,,-122.7361611,45.89408611,0,1,13,80,5,35,4,0,0,1,2,8,1,1,2,1,1,2,1,53,0,30,40,2014,0,,8,,,,,,1,1,19,1,0,,0,0,3,0,11,0,,,,,0,0,0,3,1,0,,,,96,,,,,,0,,,,,,98632,53,74,150,6,1,0,0,0,0,,0,,,,,,0,,,20,0,0,0,8,9,8,,,0,,,8,8,0,0,,,0,,,0,0,996,,,,,,,,,,,,,,,,,,,,,,,,,,,,,,0,0,0,0,0,0,0,0,0,1,0,1,0,0,0,0,0,0,0,0,0,1,1,0,1,0,0,0,0,1,0,1,0,0,0,,0,0,0,0,0,0,0,0,0,0,0,0,0,0,0,0,,,,,,18-20,16-25,County road,R,Sunday,Belt Used,PV,Not Fatal,0,0,0,0,County Road,County Sheriff,Clark County Sheriff's Office,0,0,1,0,0,,,,,,0,0,0,,,,,,,,,,,98,98,98,0,,,,,20,7,,,,,,,,1,0,,,NW LAKESHORE DR,0.76,,
2020,205,EA43774,180,06/25/2020,13:25,25,6,,15,Cowlitz,1190,1,,1,1,2,1,0,3,2,13:32,13:43,14:18,12,0,6,0,2,0,2,3,2,4,6,0,0,20,3,WASHINGTON WAY,28th Ave,-122.9577083,46.13323333,0,2,82,15,2,25,14,0,0,1,5,12,1,1,2,1,11,2,1,53,0,12,402,2013,0,,12,,,,,,1,1,22,2,0,,1,0,99,7,11,5,,,,,0,0,3,3,1,10,,,,0,,,,,,0,,,,,,98632,53,64,160,6,1,0,0,0,2,,0,,,,,,0,01/15/2015,07/15/2018,8,0,0,0,8,2,8,,,0,,,8,0,0,0,,,0,,,2,10,0,,,,,,,,,,,,,,,,,,,,,,,,,,,,,,0,0,0,1,1,0,1,1,1,0,0,0,1,0,0,0,0,0,0,0,0,0,0,1,1,0,0,0,1,1,0,0,0,0,0,,0,0,0,0,0,0,0,0,0,0,0,0,0,0,0,0,,,,,,21-25,16-25,City street,U,Thursday,Unknown,PV,Not Fatal,1,0,0,0,City Street,Municipal/City Police,Longview Police Department,0,0,0,1,0,,,,,,0,0,0,,,,,,,,,,,98,98,98,0,,,,,20,7,,,,,,,,1,0,,,,,,
2021,126,EB28603,5,05/09/2021,0:14,9,5,,15,Cowlitz,0,1,,2,1,2,1,1,1,1,,,,8,0,0,4.2,1,0,1,3,2,1,3,0,0,0,0,SR-432,,-122.9807583,46.13366389,0,1,13,80,5,50,4,0,0,1,5,8,1,1,3,1,1,1,2,53,0,59,32,1996,0,,8,,,,,,1,1,22,1,0,,0,0,3,0,11,0,,,,,0,0,3,3,1,0,,,,96,,,,,,98,,,,,,98632,53,75,130,6,1,0,0,0,3,,0,,,,,,0,09/15/2020,05/15/2020,20,0,0,0,8,9,8,,,0,,,8,8,0,0,,,0,,,0,0,996,,,,,,,,,,,,,,,,,,,,,,,,,,,,,,0,0,0,0,0,0,0,0,0,0,0,0,0,0,0,0,0,0,0,0,0,0,0,1,1,0,0,0,0,1,0,1,0,0,0,,0,0,0,0,0,0,0,0,0,0,0,0,0,0,0,0,,,,,,21-25,16-25,State route,U,Sunday,Belt Used,PV,Not Fatal,0,0,0,0,State Route,State Patrol,Washington State Patrol,0,1,0,0,0,,,,,,0,0,2,,,,,,,,,,,0,0,0,0,,,,,20,,,,,,,,,1,0,,,,,,
2021,145,EB32481,5,05/18/2021,17:45,18,5,,15,Cowlitz,0,1,,1,1,2,1,0,2,2,,,,24,0,0,52.5,1,0,1,3,1,1,3,0,0,0,0,SR-4,,-123.0808806,46.18498889,0,2,98,62,4,55,34,0,0,1,2,12,3,1,2,1,14,1,9,41,0,20,473,2019,0,,12,,,,,,1,1,45,1,0,,1,0,3,0,11,0,,,,,0,0,0,3,1,0,,,,96,,,,,,98,,,,,,98632,53,69,220,6,1,0,0,0,0,,0,,,,,,0,,,8,0,0,0,8,9,8,,,0,,,8,8,2,1,,,1,,,2,1,0,,,,,,,,,,,,,,,,,,,,,,,,,,,,,,0,0,1,0,1,1,1,1,1,0,0,0,0,0,0,0,0,0,0,0,0,0,0,0,0,0,0,0,0,1,0,0,0,0,0,,0,0,0,0,0,0,0,0,0,0,0,0,0,0,0,0,,,,,,41-45,36-45,State route,R,Tuesday,Belt Used,PV,Not Fatal,0,1,0,0,State Route,State Patrol,Washington State Patrol,1,1,0,0,0,,,,,,0,0,0,,,,,,,,,,,98,98,98,0,,,,,20,,,,,,,,,1,0,,,,,,