year,case,par,repjur,crash_dt,crash_tm,accday,accmon,holiday,county,co_char,city,weather,weather2,lightcond,surfcond,surftype,numfatal,nmforms,pforms,vforms,not_tm,arr_tm,hosp_tm,fhevent,hitrun,manncol,milepnt,reljunc,reljuncinter,intersectiontype,funcsystem,landuse,ownership,route,schlbus,spejur,contdev,devfunc,trafid1,trafid2,x,y,wk_zone,vnumber,crashtype,criticalevent,criticaleventcat,spdlim,body,trailer,emerg,hazcargo,leave,mhevent,roadalgn,roadprof,traflane,trafflow,vehmanvr,numoccs,regowner,regstate,spuse,make,model,modelyr,vrf1,vrf2,seqevent1,seqevent2,seqevent3,seqevent4,seqevent5,seqevent6,pnumber,ptype,age,sex,hispanic,race,injury,diedscene,restraint,restraintmisuse,seatpos,takehosp,death_dt,death_tm,cert,cernum_wa,commlic,licendor,licrestrict,liccomp,drivpres,drf1,drf2,drf3,drf4,distract1,distract2,distract3,distract4,distract5,distract6,dricond1,dricond2,dricond3,dricond4,dricond5,dricond6,dzip,licstate,drhgt_in,weight,noncdl,noncdltype,prevdwi,prevoth,prevacc,prevspd,prevsus,driviol1,driviol2,driviol3,driviol4,driviol5,driviol6,spdrel,first_dt,last_dt,airbag,ejection,ejectpath,extricat,injurwrk,methalc,methdrug,nmlocat,strikveh,prf1,prf2,prf3,druginv,alcinvol,drugsts,drugres1,drugres2,drugres3,drugtst1,drugtst2,drugtst3,alcsts,alctst,alcres,nmact1,nmact2,nmact3,nmact4,nmact5,nmact6,nmprior1,nmprior2,nmprior3,nmprior4,nmprior5,nmprior6,nmcond1,nmcond2,nmcond3,nmcond4,nmcond5,nmcond6,nmsafe_helmet,nmsafe_pads,nmsafe_oth,nmprev_ref,nmprev_lgt,nmprev_oth,crashlocation,nmcrashtype,crosswalk,schoolzone,sidewalk,train_inv,wildlife_inv,rotr_fars,intersect_fars,dd_inv,aid_inv,dpd_inv,id_inv,mj_inv,impnm_inv,ainm_inv,dpnm_inv,speed_inv,unlic_inv,unendmc_inv,drowsy_inv,drdist_inv,nmdist_inv,fty_inv,unrestfat_inv,dr1617_inv,dr1820_inv,dr1620_inv,dr2125_inv,dr1625_inv,dr65_inv,dr70_inv,dr75_inv,mc_inv,pv_inv,ht_inv,ped_inv,bike_inv,unrest_fat,mc_fat,unhelmet_mc,pv_fat,ht_fat,ped_fat,bike_fat,dr_alc7,dr_alc8,dr_drug,dr_imp,dr_dist,dr_spd,dr_fty,dr_unlic,dr_alc7only,dr_alc8only,dr_drugonly,dr_drink,nm_imp,nm_alc7,nm_alc8,nm_drug,nm_dist,agegrp1,agegrp2,roadclass,urbrur,dayweek,restuse,vehtype,race_me,intersect,lanedep,oppdir,wrongway,rep_typ,investag,repag_long,rotr,st_rd,cty_rd,city_rd,oth_rd,drug_thc,thc_res,drug_cthc,cthc_res,drug_cann,prevpersemin,prevperse,prevsusoth,drugtst4,drugtst5,drugtst6,drugtst7,drugtst8,drugres4,drugres5,drugres6,drugres7,drugres8,adspresent,adsengaged,adslevel,race1,race2,race3,race4,race5,helmet,helmetmisuse,nmdistract1,nmdistract2,nmdistract3,nmdistract4,nmdistract5,nmdistract6,lab,isedtcase,crf1,crf2,crf3,CoRoadName,CoMP,IntCoRoadName,IntCoMP
2021,209,EB45224,5,07/04/2021,3:11,4,7,,15,Cowlitz,0,10,,2,1,2,1,0,5,3,,,,12,0,2,33.7,1,0,1,1,1,1,1,0,0,0,0,I-5,,-122.8666611,46.06105556,0,2,51,54,3,70,34,0,0,1,2,12,4,1,3,2,14,2,1,53,0,7,482,2016,0,,12,1,,,,,1,1,32,1,0,,2,0,3,0,11,0,,,,,0,0,0,3,1,0,,,,96,,,,,,98,,,,,,98632,53,68,195,6,1,0,0,0,1,,0,,,,,,0,07/15/2017,07/15/2017,8,0,0,0,8,9,8,,,0,,,8,8,0,0,,,0,,,0,0,996,,,,,,,,,,,,,,,,,,,,,,,,,,,,,,0,0,0,0,1,1,1,1,1,0,0,0,0,1,0,0,0,0,0,1,0,0,0,1,1,0,0,0,0,1,0,0,0,0,0,,0,0,0,0,0,0,0,0,0,0,0,0,0,0,0,0,,,,,,31-35,26-35,Interstate,R,Sunday,Belt Used,PV,Not Fatal,0,0,0,1,State Route,State Patrol,Washington State Patrol,0,1,0,0,0,,,,,,0,0,0,,,,,,,,,,,98,98,98,0,,,,,20,,,,,,,,,1,0,,,,,,
2021,291,EB57277,5,08/12/2021,0:00,12,8,,11,Clark,0,1,,2,1,1,2,0,5,2,,,,12,0,1,8.2,1,0,1,1,2,1,1,0,0,4,3,I-5,,-122.6571056,45.73198056,1,1,32,51,3,60,4,0,0,1,2,12,1,1,4,3,15,4,1,53,0,41,51,2005,0,,12,,,,,,1,1,35,2,7,,4,7,3,0,11,0,08/12/2021,0:00,53039491,39491,0,0,3,2,1,0,,,,92,,,,,,98,,,,,,98632,53,70,130,1,1,0,0,1,0,,0,,,,,,0,10/15/2017,10/15/2017,8,0,0,0,0,9,8,,,0,,,8,8,2,695,605,401,1,1,1,2,1,0,,,,,,,,,,,,,,,,,,,,,,,,,,,,,,0,0,0,0,0,0,1,1,1,0,0,0,0,1,0,0,1,0,0,1,0,0,0,0,0,0,0,0,0,1,1,0,0,0,0,,1,0,0,0,0,0,1,1,1,0,0,1,0,0,1,0,,,,,,31-35,26-35,Interstate,U,Thursday,Belt Used,PV,Multiracial,0,0,0,0,State Route,State Patrol,Washington State Patrol,0,1,0,0,0,thc,4.3,carboxy-thc,10,,0,0,3,1,,,,,417,,,,,98,98,98,201,202,,,,20,,,,,,,,nms,1,0,,,,,,
2021,434,EB83027,180,10/26/2021,14:56,26,10,,15,Cowlitz,1190,1,,1,2,1,1,0,3,3,,,,12,0,2,0,1,0,1,5,2,4,6,0,0,0,0,32ND AVE,,-122.9665139,46.14681667,0,1,50,10,2,30,4,0,0,1,2,12,1,1,2,1,6,1,1,53,0,37,32,2008,0,,68,12,12,,,,1,1,19,2,7,,4,7,20,7,11,0,10/26/2021,14:56,1.19053E+11,55591,0,0,3,3,1,0,,,,96,,,,,,9,,,,,,98632,53,71,160,6,2,0,2,1,0,,0,,,,,,4,12/15/2020,12/15/2020,8,2,9,0,0,9,8,,,0,,,1,8,,,,,,,,2,1,997,,,,,,,,,,,,,,,,,,,,,,,,,,,,,,0,0,0,0,0,0,0,0,0,0,0,0,1,0,0,0,0,0,0,1,0,1,1,0,1,1,1,1,0,1,0,0,0,1,0,,1,0,0,0,0,0,0,0,0,1,0,0,0,0,0,0,,,,,,18-20,16-25,City street,U,Tuesday,Not Used,PV,White,0,1,1,0,City Street,Municipal/City Police,Longview Police Department,0,0,0,1,0,,,,,,0,0,0,,,,,,,,,,,98,98,98,1,,,,,20,,,,,,,,,1,0,,,,,,
2021,464,EB88476,8,11/03/2021,17:53,3,11,,27,Grays Harbor,0,2,,2,6,2,2,0,6,3,,,,12,0,8,8.3,1,0,1,3,1,1,2,0,0,0,0,US-12,,-123.6441417,46.97655833,0,1,64,8,1,55,34,1,0,1,2,12,1,1,4,1,1,3,3,53,0,12,481,2003,0,,68,12,12,,,,1,1,29,2,0,,0,0,3,0,11,0,,,,,0,0,0,3,1,0,,,,96,,,,,,98,,,,,,98632,53,68,135,6,1,0,0,1,0,,0,,,,,,0,06/15/2019,06/15/2019,20,0,0,0,8,9,2,,,0,,,8,0,8,95,,,96,,,2,98,0,,,,,,,,,,,,,,,,,,,,,,,,,,,,,,0,0,0,0,0,0,0,0,0,0,0,0,0,0,0,0,0,0,0,0,0,0,0,0,0,0,0,0,0,1,0,0,0,0,0,,0,0,0,0,0,0,0,0,0,0,0,0,0,0,0,0,,,,,,26-30,26-35,US highway,R,Wednesday,Belt Used,PV,Not Fatal,0,1,1,0,State Route,State Patrol,Washington State Patrol,0,1,0,0,0,,,,,,0,0,0,,,,,,,,,,,98,98,98,0,,,,,20,,,,,,,,,1,0,,,,,,
2017,348,E697573,180,08/02/2017,8:54,2,8,0,15,Cowlitz,1190,1,0,1,1,1,1,1,1,1,,,,15,0,0,0.8,3,0,3,4,2,1,3,0,0,2,3,SR-411,HUDSON ST,-122.9228056,46.13477222,0,1,13,83,5,35,4,0,0,1,5,15,1,1,3,1,11,1,2,53,0,49,32,1993,0,0,15,,,,,,1,1,18,1,0,0,0,0,3,0,11,0,,,,,0,0,0,3,1,38,0,0,0,1,,,,,,0,,,,,,98635,53,67,130,6,1,0,0,0,0,0,76,,,,,,0,,,20,0,0,0,8,9,8,,,0,0,0,8,0,0,0,0,0,0,0,0,0,0,996,,,,,,,,,,,,,,,,,,,,,,,,,,,,,,0,0,0,1,0,0,0,0,0,0,0,0,0,0,0,0,1,0,1,0,0,1,1,0,1,0,0,0,0,1,0,1,0,0,0,,0,0,0,0,0,0,0,0,1,0,1,0,0,0,0,0,,,,,,18-20,16-25,State route,U,Wednesday,Belt Used,PV,Not Fatal,1,0,0,0,State Route,Municipal/City Police,Longview Police Department,0,1,0,0,0,,,,,,,,,,,,,,,,,,,,,,,,,,,,,,,,,,,,,,,,,,,
2021,124,EB27240,5,04/24/2021,7:49,24,4,,15,Cowlitz,0,2,,1,2,2,3,1,4,3,,,,14,0,0,45.6,1,0,1,1,1,1,1,0,0,0,0,I-5,,-122.88855,46.22469444,0,1,11,11,2,70,4,0,0,1,2,14,1,1,3,3,1,1,2,53,0,34,34,2011,0,,63,14,8,14,,,1,1,43,2,0,,3,0,99,7,11,0,,,,,0,0,0,3,1,0,,,,96,,,,,,9,,,,,,98635,53,65,180,6,1,0,0,0,0,,1,,,,,,0,,,8,0,0,0,8,9,8,,,0,,,1,8,2,321,337,351,1,1,1,2,1,0,,,,,,,,,,,,,,,,,,,,,,,,,,,,,,0,0,0,0,0,0,1,1,0,1,0,1,0,0,0,0,0,0,0,0,0,0,0,0,0,0,0,0,0,1,1,1,0,0,0,,0,0,0,0,0,0,1,1,0,0,0,0,0,0,1,0,,,,,,41-45,36-45,Interstate,R,Saturday,Unknown,PV,Not Fatal,0,1,0,0,State Route,State Patrol,Washington State Patrol,1,1,0,0,0,,,,,,0,0,0,1,1,1,,,352,996,124,996,,98,98,98,0,,,,,20,,,,,,,,,1,14,,,,,,
2019,339,E963336,8,09/13/2019,13:27,13,9,,49,Pacific,0,2,0,1,2,1,1,0,2,2,,,,12,0,6,28.9,2,0,3,3,1,1,2,0,0,0,0,US-101,SR-4,-123.8576444,46.42936389,0,2,83,67,4,55,66,1,0,1,7,12,1,2,2,1,1,1,3,53,0,85,881,1999,0,0,12,,,,,,1,1,67,1,0,,0,0,3,0,11,0,,,,,6,1,3,3,1,0,0,0,0,96,,,,,,0,,,,,,98638,53,67,190,6,1,0,0,0,0,,0,,,,,,0,,,20,0,0,0,8,9,2,,,0,0,0,0,0,8,95,,,96,,,8,95,995,,,,,,,,,,,,,,,,,,,,,,,,,,,,,,0,0,0,1,0,0,0,0,0,0,0,0,0,0,0,0,0,0,1,0,0,0,0,1,1,1,0,0,0,1,1,0,0,0,0,,0,0,0,0,0,0,0,0,0,0,0,0,0,0,0,0,,,,,,66-70,66-75,US highway,R,Friday,,MHTRUCK,Not Fatal,1,0,0,0,State Route,State Patrol,WASHINGTON STATE PATROL,0,1,0,0,0,,,,,,0,0,0,,,,,,,,,,,0,0,0,0,,,,,20,7,,,,,,,,,,,,,,,
2018,369,E849185,5,10/13/2018,10:54,13,10,0,59,Skamania,0,1,0,1,1,2,1,0,3,2,,,,12,0,6,43.2,4,0,1,3,1,1,3,0,0,0,0,SR-14,,-121.8976833,45.68441667,0,2,73,10,2,55,80,0,0,1,2,12,1,1,2,1,6,1,1,53,0,76,706,2016,0,0,12,,,,,,1,1,45,1,1,98,4,7,5,0,11,0,10/13/2018,10:54,53045556,45556,0,0,0,3,1,33,38,0,0,93,,,,,,0,,,,,,98639,53,65,165,6,1,0,0,0,0,,0,,,,,,0,,,20,8,0,0,0,9,8,,,0,0,0,8,0,2,1,,,1,,,2,1,0,,,,,,,,,,,,,,,,,,,,,,,,,,,,,,0,0,0,0,0,0,0,0,0,0,0,0,0,0,0,0,1,0,1,0,0,0,0,0,0,1,0,0,1,1,0,0,0,0,1,0,0,0,0,0,0,0,0,0,1,0,1,0,0,0,0,0,,,,,,41-45,36-45,State route,R,Saturday,,MC,Hispanic,0,0,0,0,State Route,State Patrol,WASHINGTON STATE PATROL,0,1,0,0,0,,,,,,0,0,0,,,,,,,,,,,,,,,,,,,,,,,,,,,,,,,,,,,
2019,467,E999626,33,12/20/2019,16:28,20,12,,49,Pacific,0,2,0,5,2,2,1,0,5,2,,,,12,0,2,7.3,1,0,1,5,1,2,4,0,0,0,0,CR-SANDRIDGE RD,,-124.021775,46.41746111,0,2,51,62,4,45,14,0,0,1,7,12,1,1,2,1,1,4,1,53,0,2,404,2014,0,0,12,1,,,,,1,1,39,1,0,,3,0,2,0,11,8,,,,,6,0,0,3,1,0,0,0,0,0,,,,,,99,,,,,,98640,53,67,250,6,1,0,1,0,0,,0,,,,,,0,05/15/2015,09/15/2015,8,0,0,0,8,9,8,,,0,0,0,8,8,8,95,,,96,,,8,95,995,,,,,,,,,,,,,,,,,,,,,,,,,,,,,,0,0,0,0,0,0,0,0,0,0,0,0,0,0,0,0,1,0,0,0,0,0,0,0,0,1,0,0,0,1,0,0,0,0,0,,0,0,0,0,0,0,0,0,0,0,0,0,0,0,0,0,,,,,,36-40,36-45,County road,R,Friday,Belt Used,PV,Not Fatal,0,1,1,0,County Road,County Sheriff,Pacific County Sheriff's Office,0,0,1,0,0,,,,,,0,0,1,,,,,,,,,,,98,98,98,0,,,,,20,7,,,,,,,,,,,,,,,
2017,128,E667292,5,04/21/2017,11:11,21,4,0,11,Clark,1860,1,0,1,1,2,1,0,2,2,11:11,11:16,11:50,12,0,1,13.2,1,0,1,1,1,1,1,0,0,0,0,I-5,,-122.6785417,45.80035278,0,1,24,52,3,60,15,0,0,1,2,12,1,1,3,3,1,1,1,53,0,2,422,2017,0,0,12,,,,,,1,1,69,1,0,0,0,0,3,0,11,0,,,,,0,0,3,3,1,0,0,0,0,9,,,,,,0,,,,,,98642,53,67,170,6,1,0,0,0,0,0,97,,,,,,0,,,20,0,0,0,8,9,8,,,0,0,0,8,0,0,0,0,0,0,0,0,0,0,996,,,,,,,,,,,,,,,,,,,,,,,,,,,,,,0,0,0,0,0,0,0,0,0,0,0,0,0,0,0,0,1,0,0,0,0,0,0,0,0,1,0,0,1,1,0,0,0,0,0,,0,0,0,0,0,0,0,0,1,0,0,0,0,0,0,0,,,,,,66-70,66-75,Interstate,R,Friday,Belt Used,PV,Not Fatal,0,0,0,0,State Route,State Patrol,Washington State Patrol Headquarter,0,1,0,0,0,,,,,,,,,,,,,,,,,,,,,,,,,,,,,,,,,,,,,,,,,,,
2017,319,E705153,5,08/15/2017,2:01,15,8,0,11,Clark,2370,1,0,3,1,2,1,0,1,1,,,,25,0,0,0.3,5,1,1,1,2,1,1,0,0,0,0,I-5 RAMP P500039,,-122.6696639,45.623125,0,1,6,12,2,98,80,0,0,1,2,25,2,2,1,6,14,1,1,6,0,76,705,2013,0,0,64,25,,,,,1,1,43,1,7,1,4,7,5,0,11,0,08/15/2017,,2.37053E+11,36239,0,0,0,3,1,0,0,0,0,96,,,,,,9,,,,,,98642,53,68,200,6,1,0,0,1,1,0,0,,,,,,4,10/15/2014,03/15/2015,20,8,0,0,0,1,8,,,0,0,0,8,1,2,321,351,996,1,1,1,2,1,0.14,,,,,,,,,,,,,,,,,,,,,,,,,,,,,,0,0,1,0,1,1,1,1,0,0,0,0,1,0,0,0,0,0,0,0,0,0,0,0,0,0,0,0,1,0,0,0,0,0,1,0,0,0,0,0,0,1,1,1,0,1,0,0,0,0,0,1,,,,,,41-45,36-45,Interstate,U,Tuesday,,MC,White,0,1,0,0,State Route,State Patrol,Washington State Patrol Headquarter,1,1,0,0,0,,,,,,,,,,,,,,,,,,,,,,,,,,,,,,,,,,,,,,,,,,,
2018,162,E809587,5,06/07/2018,12:24,7,6,0,11,Clark,2370,10,0,1,1,2,1,0,3,3,12:22,12:27,,12,0,1,0.3,20,1,1,1,2,1,1,0,0,0,0,I-205 RAMP S502801,,-122.5586472,45.61871944,0,2,29,53,3,98,4,0,0,1,2,12,3,2,1,6,2,1,1,53,0,35,39,2009,0,0,12,12,,,,,1,1,51,1,7,1,4,7,3,0,11,0,06/07/2018,12:24,2.37053E+11,26878,0,0,3,3,1,0,0,0,0,96,,,,,,99,,,,,,98642,53,69,227,6,1,0,1,0,1,,0,,,,,,0,08/15/2015,08/15/2016,1,0,0,0,0,9,8,,,0,0,0,8,9,2,996,,,1,,,2,1,0,,,,,,,,,,,,,,,,,,,,,,,,,,,,,,0,0,0,0,0,0,1,1,0,0,0,0,0,0,0,0,1,0,0,0,0,0,0,0,0,0,0,0,0,1,0,0,0,0,0,,1,0,0,0,0,0,1,1,0,0,0,0,0,0,1,0,,,,,,51-55,46-55,Interstate,U,Thursday,Belt Used,PV,White,0,0,0,0,State Route,State Patrol,WASHINGTON STATE PATROL,0,1,0,0,0,,,,,,0,0,0,,,,,,,,,,,,,,,,,,,,,,,,,,,,,,,,,,,
2019,300,E938326,57,07/08/2019,8:00,8,7,,11,Clark,107,10,0,1,1,2,1,0,4,4,,,,12,0,6,6.9,2,0,2,3,2,1,3,0,0,3,3,SR-503,SW 10TH AVE,-122.5473917,45.76623611,0,2,87,66,4,55,80,0,0,1,7,12,1,1,2,1,1,1,9,99,0,98,706,2019,0,0,12,12,12,,,,1,1,57,1,7,,4,0,20,7,11,4,07/10/2019,17:55,2.37053E+11,31576,0,0,0,3,1,0,0,0,0,96,,,,,,99,,,,,,98642,53,71,165,6,1,0,0,0,0,,0,,,,,,0,,,20,8,0,0,0,9,8,,,0,0,0,8,9,2,996,,,1,,,2,1,0,,,,,,,,,,,,,,,,,,,,,,,,,,,,,,0,0,0,1,0,0,1,1,0,0,0,0,1,0,0,0,1,0,0,0,0,0,0,0,0,0,0,0,1,1,1,0,0,0,1,0,0,0,0,0,0,0,1,1,0,0,0,0,0,0,1,0,,,,,,56-60,56-65,State route,U,Monday,,MC,White,1,0,0,0,State Route,Municipal/City Police,Battleground Police Department,0,1,0,0,0,,,,,,0,0,0,,,,,,,,,,,0,0,0,1,,,,,19,0,,,,,,,,,,,,,,,
2019,343,E965054,14,09/15/2019,15:53,15,9,,11,Clark,0,2,0,1,2,2,1,0,2,2,,,,12,0,2,5.5,1,0,1,5,1,2,4,0,0,0,0,CR-NE CEDAR CREEK RD,,-122.6454861,45.92420278,0,1,51,62,4,50,67,1,0,1,5,12,3,1,2,1,14,1,1,53,0,12,880,2016,0,0,12,,,,,,1,1,54,1,0,,9,0,3,0,11,5,,,,,0,0,3,3,1,28,0,0,0,96,,,,,,0,,,,,,98642,53,71,265,6,1,0,0,0,0,,0,,,,,,0,,,8,0,0,0,8,9,8,,,0,0,0,8,0,8,95,,,96,,,8,95,995,,,,,,,,,,,,,,,,,,,,,,,,,,,,,,0,0,0,0,0,0,1,1,0,0,0,0,0,1,0,0,0,0,0,1,0,0,0,0,0,0,0,0,0,1,1,0,0,0,0,,0,0,0,0,0,0,0,0,0,0,0,0,0,0,0,0,,,,,,51-55,46-55,County road,R,Sunday,,MHTRUCK,Not Fatal,0,1,1,0,County Road,County Sheriff,Clark County Sheriff's Office,0,0,1,0,0,,,,,,0,0,0,,,,,,,,,,,98,98,98,0,,,,,20,7,,,,,,,,,,,,,,,
2017,36,E637961,5,01/23/2017,20:10,23,1,0,15,Cowlitz,0,1,0,2,1,2,1,0,2,2,20:08,20:42,21:06,12,0,2,8.4,1,0,1,4,1,1,3,0,0,0,0,SR-504,,-122.7753028,46.31885,1,2,51,62,4,55,2,0,0,1,2,12,3,1,2,1,14,1,2,53,0,22,16,2002,0,0,12,,,,,,1,1,18,1,0,0,1,0,3,0,11,8,,,,,0,0,0,3,1,0,0,0,0,0,,,,,,0,,,,,,98645,53,67,130,6,1,0,0,0,2,0,0,,,,,,0,12/15/2015,05/15/2016,1,0,0,0,8,9,8,,,0,0,0,8,0,0,0,0,0,0,0,0,0,0,996,,,,,,,,,,,,,,,,,,,,,,,,,,,,,,0,0,0,0,1,1,1,1,0,0,0,0,0,0,0,0,0,0,0,1,0,1,1,0,1,0,0,0,0,1,0,0,0,0,0,,0,0,0,0,0,0,0,0,0,0,0,0,0,0,0,0,,,,,,18-20,16-25,State route,R,Monday,Belt Used,PV,Not Fatal,0,1,1,0,State Route,State Patrol,Washington State Patrol,0,1,0,0,0,,,,,,,,,,,,,,,,,,,,,,,,,,,,,,,,,,,,,,,,,,,
2017,484,E740061,5,11/21/2017,16:16,21,11,0,15,Cowlitz,0,2,0,1,2,2,1,0,5,3,16:39,16:39,,12,0,6,2.3,1,0,1,4,1,1,3,0,0,0,0,SR-504,,-122.8675528,46.30405,0,1,66,6,1,55,4,0,0,1,2,12,3,1,2,1,14,1,2,53,0,12,16,1996,0,0,68,12,,,,,1,1,24,1,7,1,4,7,99,0,11,0,11/21/2017,16:16,28053050840,50840,0,0,3,3,1,28,0,0,0,96,,,,,,9,,,,,,98645,53,69,135,6,1,0,0,0,0,0,0,,,,,,4,,,8,0,0,0,0,9,1,,,0,0,0,1,9,2,605,0,0,1,0,0,2,1,0,,,,,,,,,,,,,,,,,,,,,,,,,,,,,,0,0,0,0,0,0,1,1,1,0,0,0,1,0,0,0,0,0,0,0,0,0,0,1,1,1,0,0,0,1,0,0,0,0,0,,1,0,0,0,0,0,1,1,0,1,0,0,0,0,1,0,,,,,,21-25,16-25,State route,R,Tuesday,Unknown,PV,White,0,1,1,0,State Route,State Patrol,Washington State Patrol Headquarter,0,1,0,0,0,thc,9,carboxy-thc,47,,,,,,,,,,,,,,,,,,,,,,,,,,,,,,,,,,,,,,,
2019,215,E937770,5,06/30/2019,12:36,30,6,,15,Cowlitz,0,1,0,1,1,2,1,0,1,1,,,,24,0,0,42.6,1,0,1,4,1,1,3,0,0,0,0,SR-503,,-122.553275,45.96415,0,1,6,6,1,50,80,0,0,1,7,24,3,2,2,1,14,1,1,53,0,72,706,2003,0,0,63,69,68,64,24,,1,1,84,1,7,,4,0,20,7,11,8,06/30/2019,14:25,2.37053E+11,29327,0,0,3,3,1,0,0,0,0,96,,,,,,0,,,,,,98647,53,70,170,6,1,0,0,0,0,,0,,,,,,4,,,20,8,0,0,0,9,8,,,0,0,0,8,0,2,348,,,1,,,2,1,0,,,,,,,,,,,,,,,,,,,,,,,,,,,,,,0,0,1,0,0,0,1,1,0,0,0,0,1,0,0,0,0,0,0,0,0,0,0,0,0,1,1,1,1,0,0,0,0,0,1,0,0,0,0,0,0,0,1,1,0,1,0,0,0,0,1,0,,,,,,81+,76+,State route,R,Sunday,,MC,White,0,1,0,0,State Route,State Patrol,Washington State Patrol,1,1,0,0,0,,,,,,0,0,0,,,,,,,,,,,0,0,0,1,,,,,5,0,,,,,,,,,,,,,,,
2018,100,E787721,38,04/03/2018,23:08,3,4,0,59,Skamania,0,10,0,2,1,4,1,0,4,1,,,,1,0,0,0.5,1,0,1,99,9,99,9,0,0,0,0,CG-2100,,-121.8931944,45.73241389,0,1,98,6,1,98,34,0,0,1,5,1,3,2,8,8,14,4,1,53,0,12,481,1972,0,0,1,,,,,,1,1,41,1,7,1,4,7,2,0,11,0,04/03/2018,23:08,53016267,16267,0,0,0,3,1,0,0,0,0,96,,,,,,99,,,,,,98648,53,73,160,6,1,0,0,0,0,,0,,,,,,4,,,20,0,0,0,0,9,8,,,0,0,0,8,1,2,1,,,1,,,2,1,0.15,,,,,,,,,,,,,,,,,,,,,,,,,,,,,,0,0,0,0,1,1,0,1,0,0,0,0,1,0,0,0,0,0,0,0,0,0,0,0,0,0,0,0,0,1,0,0,0,0,0,,1,0,0,0,0,1,0,1,0,1,0,0,0,1,0,1,,,,,,41-45,36-45,Unknown,Unk,Tuesday,Belt Used,PV,White,0,0,0,0,Other,County Sheriff,Skamania County Sheriff's Office,0,0,0,0,1,,,,,,0,0,0,,,,,,,,,,,,,,,,,,,,,,,,,,,,,,,,,,,
2020,67,EA24052,5,03/12/2020,14:17,12,3,,59,Skamania,0,1,,1,1,2,1,0,4,3,14:18,14:28,15:13,12,0,8,36,1,0,1,3,1,1,3,0,0,0,0,SR-14,,-121.9999917,45.63593611,0,1,64,10,2,55,4,0,0,1,2,12,2,1,2,1,14,2,1,53,0,59,31,2005,0,,68,12,12,63,35,,1,1,57,2,7,,4,7,3,0,11,0,03/12/2020,14:17,53012410,12410,0,0,0,3,1,28,,,,92,,,,,,98,,,,,,98648,53,71,240,6,1,0,0,0,0,,0,,,,,,0,,,8,0,0,0,0,9,8,,,0,,,8,8,0,0,,,0,,,2,4,0,,,,,,,,,,,,,,,,,,,,,,,,,,,,,,0,0,0,0,0,0,0,0,0,0,0,0,0,0,0,0,1,0,0,0,0,0,0,0,0,0,0,0,0,1,1,0,0,0,0,,1,0,0,0,0,0,0,0,1,0,0,0,0,0,0,0,,,,,,56-60,56-65,State route,R,Thursday,Belt Used,PV,White,0,1,1,0,State Route,State Patrol,Washington State Patrol,0,1,0,0,0,,,,,,0,0,0,,,,,,,,,,,98,98,98,1,,,,,20,7,,,,,,,,1,0,,,,,,
2020,156,EA36401,38,05/12/2020,19:15,12,5,,59,Skamania,0,2,,1,2,2,1,0,1,1,19:30,19:53,,1,0,0,9999.9,1,0,1,7,1,64,8,0,0,0,0,FS RD 65  PANTHER CK RD,,-121.8538833,45.84654167,0,1,1,54,3,35,34,0,0,1,2,1,3,2,8,1,14,1,1,53,0,23,481,1995,0,,63,1,,,,,1,1,21,1,7,,4,7,20,7,11,0,05/12/2020,19:15,53024348,24348,0,0,0,3,1,0,,,,96,,,,,,98,,,,,,98648,53,67,120,6,1,0,0,0,0,,0,,,,,,0,,,20,1,9,0,0,9,8,,,0,,,8,8,8,95,,,96,,,8,95,995,,,,,,,,,,,,,,,,,,,,,,,,,,,,,,0,0,1,0,0,0,0,0,0,0,0,0,0,0,0,0,0,0,0,1,0,0,0,1,1,0,0,0,0,1,0,0,0,1,0,,1,0,0,0,0,0,0,0,0,0,0,0,0,0,0,0,,,,,,21-25,16-25,Other,R,Tuesday,Not Used,PV,White,0,1,0,0,Other,County Sheriff,Skamania County Sheriff's Office,1,0,0,0,1,,,,,,0,0,0,,,,,,,,,,,0,0,0,1,,,,,20,7,,,,,,,,1,0,,,,,,
2017,47,E643622,5,02/06/2017,18:56,6,2,0,15,Cowlitz,0,4,0,2,3,2,1,0,2,2,18:57,19:20,19:43,12,0,6,3.5,1,0,1,4,1,1,3,0,0,0,0,SR-504,,-122.8613972,46.29784722,0,1,66,6,1,55,40,0,0,1,2,12,1,2,3,2,6,1,1,53,0,49,472,2001,0,0,68,12,,,,,1,1,62,1,7,1,4,7,3,0,11,0,02/06/2017,18:56,53006855,6855,0,0,0,3,1,28,87,0,0,96,,,,,,99,,,,,,98649,53,75,242,6,1,0,0,0,0,0,0,,,,,,4,,,8,2,9,0,0,9,8,,,0,0,0,8,9,2,1,0,0,1,0,0,2,1,0,,,,,,,,,,,,,,,,,,,,,,,,,,,,,,0,0,0,0,0,0,0,0,0,0,0,0,1,0,0,0,0,0,0,0,0,0,0,0,0,0,0,0,0,1,1,0,0,0,0,,1,0,0,0,0,0,0,0,0,1,0,0,0,0,0,0,,,,,,61-65,56-65,State route,R,Monday,Belt Used,PV,White,0,1,1,0,State Route,State Patrol,Washington State Patrol Headquarter,0,1,0,0,0,,,,,,,,,,,,,,,,,,,,,,,,,,,,,,,,,,,,,,,,,,,