year,case,par,repjur,crash_dt,crash_tm,accday,accmon,holiday,county,co_char,city,weather,weather2,lightcond,surfcond,surftype,numfatal,nmforms,pforms,vforms,not_tm,arr_tm,hosp_tm,fhevent,hitrun,manncol,milepnt,reljunc,reljuncinter,intersectiontype,funcsystem,landuse,ownership,route,schlbus,spejur,contdev,devfunc,trafid1,trafid2,x,y,wk_zone,vnumber,crashtype,criticalevent,criticaleventcat,spdlim,body,trailer,emerg,hazcargo,leave,mhevent,roadalgn,roadprof,traflane,trafflow,vehmanvr,numoccs,regowner,regstate,spuse,make,model,modelyr,vrf1,vrf2,seqevent1,seqevent2,seqevent3,seqevent4,seqevent5,seqevent6,pnumber,ptype,age,sex,hispanic,race,injury,diedscene,restraint,restraintmisuse,seatpos,takehosp,death_dt,death_tm,cert,cernum_wa,commlic,licendor,licrestrict,liccomp,drivpres,drf1,drf2,drf3,drf4,distract1,distract2,distract3,distract4,distract5,distract6,dricond1,dricond2,dricond3,dricond4,dricond5,dricond6,dzip,licstate,drhgt_in,weight,noncdl,noncdltype,prevdwi,prevoth,prevacc,prevspd,prevsus,driviol1,driviol2,driviol3,driviol4,driviol5,driviol6,spdrel,first_dt,last_dt,airbag,ejection,ejectpath,extricat,injurwrk,methalc,methdrug,nmlocat,strikveh,prf1,prf2,prf3,druginv,alcinvol,drugsts,drugres1,drugres2,drugres3,drugtst1,drugtst2,drugtst3,alcsts,alctst,alcres,nmact1,nmact2,nmact3,nmact4,nmact5,nmact6,nmprior1,nmprior2,nmprior3,nmprior4,nmprior5,nmprior6,nmcond1,nmcond2,nmcond3,nmcond4,nmcond5,nmcond6,nmsafe_helmet,nmsafe_pads,nmsafe_oth,nmprev_ref,nmprev_lgt,nmprev_oth,crashlocation,nmcrashtype,crosswalk,schoolzone,sidewalk,train_inv,wildlife_inv,rotr_fars,intersect_fars,dd_inv,aid_inv,dpd_inv,id_inv,mj_inv,impnm_inv,ainm_inv,dpnm_inv,speed_inv,unlic_inv,unendmc_inv,drowsy_inv,drdist_inv,nmdist_inv,fty_inv,unrestfat_inv,dr1617_inv,dr1820_inv,dr1620_inv,dr2125_inv,dr1625_inv,dr65_inv,dr70_inv,dr75_inv,mc_inv,pv_inv,ht_inv,ped_inv,bike_inv,unrest_fat,mc_fat,unhelmet_mc,pv_fat,ht_fat,ped_fat,bike_fat,dr_alc7,dr_alc8,dr_drug,dr_imp,dr_dist,dr_spd,dr_fty,dr_unlic,dr_alc7only,dr_alc8only,dr_drugonly,dr_drink,nm_imp,nm_alc7,nm_alc8,nm_drug,nm_dist,agegrp1,agegrp2,roadclass,urbrur,dayweek,restuse,vehtype,race_me,intersect,lanedep,oppdir,wrongway,rep_typ,investag,repag_long,rotr,st_rd,cty_rd,city_rd,oth_rd,drug_thc,thc_res,drug_cthc,cthc_res,drug_cann,prevpersemin,prevperse,prevsusoth,drugtst4,drugtst5,drugtst6,drugtst7,drugtst8,drugres4,drugres5,drugres6,drugres7,drugres8,adspresent,adsengaged,adslevel,race1,race2,race3,race4,race5,helmet,helmetmisuse,nmdistract1,nmdistract2,nmdistract3,nmdistract4,nmdistract5,nmdistract6,lab,isedtcase,crf1,crf2,crf3,CoRoadName,CoMP,IntCoRoadName,IntCoMP
2017,484,E740061,5,11/21/2017,16:16,21,11,0,15,Cowlitz,0,2,0,1,2,2,1,0,5,3,16:39,16:39,,12,0,6,2.3,1,0,1,4,1,1,3,0,0,0,0,SR-504,,-122.8675528,46.30405,0,3,98,98,7,55,34,0,0,1,2,12,2,1,2,1,14,2,1,53,0,7,482,2016,0,0,12,,,,,,1,1,66,1,0,0,0,0,3,0,11,0,,,,,0,0,3,3,1,0,0,0,0,0,,,,,,0,,,,,,98649,53,74,250,6,1,0,0,0,1,0,0,,,,,,0,08/15/2016,08/15/2016,20,0,0,0,8,9,8,,,0,0,0,8,0,0,0,0,0,0,0,0,0,0,996,,,,,,,,,,,,,,,,,,,,,,,,,,,,,,0,0,0,0,0,0,1,1,1,0,0,0,1,0,0,0,0,0,0,0,0,0,0,1,1,1,0,0,0,1,0,0,0,0,0,,0,0,0,0,0,0,0,0,0,0,0,0,0,0,0,0,,,,,,66-70,66-75,State route,R,Tuesday,Belt Used,PV,Not Fatal,0,1,1,0,State Route,State Patrol,Washington State Patrol Headquarter,0,1,0,0,0,,,,,,,,,,,,,,,,,,,,,,,,,,,,,,,,,,,,,,,,,,,
2019,311,E957923,5,08/20/2019,15:32,20,8,,15,Cowlitz,0,10,0,1,1,2,1,0,1,2,,,,14,0,0,7.3,1,0,1,4,1,1,3,0,0,0,0,SR-504,,-122.79515,46.31074444,0,1,11,13,2,55,34,0,0,1,2,14,2,3,2,1,14,1,1,53,0,12,473,2001,0,0,63,14,,,,,1,1,66,2,7,,4,7,2,0,11,0,08/20/2019,15:32,53037789,37789,0,0,3,3,1,0,0,0,0,96,,,,,,99,,,,,,98649,53,66,127,6,1,0,0,0,0,,0,,,,,,0,,,1,0,0,0,0,9,8,,,0,0,0,8,1,2,1,,,1,,,2,1,0,,,,,,,,,,,,,,,,,,,,,,,,,,,,,,0,0,0,0,1,0,0,0,0,0,0,0,0,0,0,0,0,0,0,0,0,0,0,0,0,1,0,0,0,1,1,0,0,0,0,,1,0,0,0,0,0,0,0,0,0,0,0,0,0,0,1,,,,,,66-70,66-75,State route,R,Tuesday,Belt Used,PV,White,0,1,0,0,State Route,State Patrol,Washington State Patrol,1,1,0,0,0,,,,,,0,0,0,,,,,,,,,,,98,98,98,1,,,,,20,7,,,,,,,,,,,,,,,
2021,385,EB73636,29,09/25/2021,9:43,25,9,,41,Lewis,0,1,,1,1,2,1,0,2,2,,,,12,0,2,,1,0,1,5,1,2,4,0,0,0,0,CR-TUCKER RD,,-122.7658083,46.496125,0,2,51,62,4,40,34,0,0,1,2,12,3,2,2,1,14,1,3,41,0,12,481,2011,0,,12,,,,,,1,1,49,2,0,,0,0,3,0,11,0,,,,,0,0,0,3,1,0,,,,96,,,,,,98,,,,,,98649,53,64,190,6,1,0,0,0,0,,0,,,,,,0,,,8,0,0,0,8,9,8,,,0,,,8,8,0,0,,,0,,,0,0,996,,,,,,,,,,,,,,,,,,,,,,,,,,,,,,0,0,0,0,0,0,0,0,0,0,0,0,1,0,0,0,0,0,0,0,0,0,0,0,0,0,0,0,1,1,0,0,0,0,0,,0,0,0,0,0,0,0,0,0,0,0,0,0,0,0,0,,,,,,46-50,46-55,County road,R,Saturday,Belt Used,PV,Not Fatal,0,1,1,0,County Road,County Sheriff,Lewis County Sheriff's Office,0,0,1,0,0,,,,,,0,0,0,,,,,,,,,,,98,98,98,0,,,,,20,,,,,,,,,1,0,,,TUCKER RD,3.047,NULL,
2021,400,EB75627,5,09/22/2021,10:35,22,9,,15,Cowlitz,0,2,,1,2,2,1,1,1,2,,,,8,0,0,29,1,0,1,1,1,1,1,0,0,0,0,I-5,,-122.8400639,45.99579722,0,1,13,6,1,60,63,1,0,1,2,8,1,1,3,3,15,1,3,53,0,85,881,2007,0,,63,8,14,,,,1,1,23,1,0,,0,0,3,0,11,0,,,,,6,1,3,3,1,26,58,,,96,,,,,,98,,,,,,98649,53,64,140,6,1,0,3,0,0,,97,,,,,,4,10/15/2020,10/15/2020,20,0,0,0,8,9,2,,,0,,,8,8,8,95,,,96,,,2,98,997,,,,,,,,,,,,,,,,,,,,,,,,,,,,,,0,0,0,0,0,0,0,0,0,0,0,0,1,0,0,0,0,0,0,0,0,0,0,1,1,0,0,0,0,0,1,1,0,0,0,,0,0,0,0,0,0,0,0,0,1,0,0,0,0,0,0,,,,,,21-25,16-25,Interstate,R,Wednesday,,MHTRUCK,Not Fatal,0,0,0,0,State Route,State Patrol,Washington State Patrol,0,1,0,0,0,,,,,,0,0,0,,,,,,,,,,,98,98,98,0,,,,,20,,,,,,,,,1,23,,,,,,
2017,496,E747588,305,11/18/2017,2:02,18,11,0,11,Clark,2370,1,0,3,1,1,1,0,1,1,2:02,2:10,2:35,30,0,0,1.7,1,0,1,3,2,1,3,0,0,0,0,SR-501,ST FRANCIS LANE,-122.6953028,45.64014167,0,1,7,12,2,35,4,0,0,1,2,30,1,1,3,2,1,1,2,53,0,35,43,2007,0,0,64,30,,,,,1,1,18,2,7,1,4,0,20,0,11,5,11/19/2017,19:08,2.37053E+11,49924,0,0,0,3,1,0,0,0,0,96,,,,,,9,,,,,,98660,53,62,130,6,1,0,0,0,0,0,0,,,,,,3,,,8,0,0,0,0,9,8,,,0,0,0,8,1,2,1,0,0,1,0,0,2,1,0.19,,,,,,,,,,,,,,,,,,,,,,,,,,,,,,0,0,0,0,1,1,0,1,0,0,0,0,1,0,0,0,0,0,0,1,0,1,1,0,1,0,0,0,0,1,0,0,0,1,0,,1,0,0,0,0,1,0,1,0,1,0,0,0,1,0,1,,,,,,18-20,16-25,State route,U,Saturday,Not Used,PV,White,0,1,0,0,State Route,Municipal/City Police,Vancouver Police Department,1,1,0,0,0,,,,,,,,,,,,,,,,,,,,,,,,,,,,,,,,,,,,,,,,,,,
2019,275,E948471,305,06/24/2019,21:31,24,6,,11,Clark,2370,1,0,3,1,2,1,1,1,1,,,,8,0,0,0,3,0,3,7,2,4,6,0,0,0,0,W FOURTH PLAIN BLVD,ROOSEVELT AVE,-122.689225,45.640325,0,1,13,80,5,35,2,0,0,1,7,8,1,2,4,1,1,1,2,53,0,35,32,1995,0,0,8,,,,,,1,1,25,1,0,,1,0,3,0,11,8,,,,,0,0,0,2,1,91,0,0,0,96,,,,,,9,,,,,,98660,53,71,230,1,1,0,0,0,0,,1,,,,,,0,01/15/2017,01/15/2017,20,0,0,0,8,9,2,,,0,0,0,1,1,2,1,,,1,,,2,1,0,,,,,,,,,,,,,,,,,,,,,,,,,,,,,,0,0,0,1,1,0,0,0,0,1,1,1,0,1,0,0,0,0,0,0,0,0,0,1,1,0,0,0,0,1,0,1,0,0,0,,0,0,0,0,0,0,0,0,0,0,0,1,0,0,0,1,,,,,,21-25,16-25,City street,U,Monday,Belt Used,PV,Not Fatal,0,0,0,0,City Street,Municipal/City Police,Vancouver Police Department,0,0,0,1,0,,,,,,0,0,1,,,,,,,,,,,0,0,0,0,,,,,20,7,,,,,,,,,,,,,,,
2020,196,EA42846,4,06/16/2020,6:23,16,6,,15,Cowlitz,0,2,,4,2,2,1,0,3,2,6:22,6:30,7:32,12,0,6,47,1,0,1,1,1,1,1,0,0,0,0,I-5,,-122.8856917,46.24479167,0,1,98,6,1,70,4,0,0,1,2,1,1,4,3,2,15,2,2,53,0,37,31,2010,0,,12,63,63,1,,,1,1,24,1,0,,2,0,99,7,11,5,,,,,0,0,0,0,1,91,,,,96,,,,,,9,,,,,,98660,53,69,199,0,0,0,0,0,0,,1,,,,,,4,,,8,0,0,0,8,3,2,,,0,,,1,8,2,695,605,,1,1,,2,1,0,,,,,,,,,,,,,,,,,,,,,,,,,,,,,,0,0,0,0,0,0,1,1,1,0,0,0,1,1,0,0,0,0,0,0,0,0,0,1,1,0,0,0,0,1,0,0,0,0,0,,0,0,0,0,0,0,1,1,0,1,0,1,0,0,1,0,,,,,,21-25,16-25,Interstate,R,Tuesday,Unknown,PV,Not Fatal,0,0,0,0,State Route,State Patrol,Washington State Patrol,0,1,0,0,0,thc,2.6,carboxy-thc,62,,0,0,0,,,,,,,,,,,98,98,98,0,,,,,20,7,,,,,,,,1,0,,,,,,
2017,67,E645821,14,02/25/2017,23:25,25,2,0,11,Clark,0,1,0,2,1,2,1,1,1,1,,,,8,1,0,0.9,1,0,1,4,2,2,4,0,0,0,0,CR-NE MINNEHAHA ST,,-122.6472139,45.667675,0,1,13,80,5,40,14,0,0,1,5,8,1,1,5,1,1,1,1,53,0,35,401,1998,0,0,8,,,,,,1,1,35,2,0,0,0,0,99,0,11,0,,,,,0,0,3,2,1,0,0,0,0,96,,,,,,1,,,,,,98661,53,64,110,1,1,0,3,1,0,2,0,,,,,,9,02/15/2014,09/15/2016,99,0,0,0,8,9,8,,,0,0,0,8,1,0,0,0,0,0,0,0,0,0,996,,,,,,,,,,,,,,,,,,,,,,,,,,,,,,0,0,0,0,1,0,0,0,0,1,1,1,0,1,0,0,0,1,0,0,0,0,0,0,0,0,0,0,0,1,0,1,0,0,0,,0,0,0,0,0,0,0,0,0,0,0,1,0,0,0,1,,,,,,31-35,26-35,County road,U,Saturday,Unknown,PV,Not Fatal,0,0,0,0,County Road,County Sheriff,Clark County Sheriff's Office,0,0,1,0,0,,,,,,,,,,,,,,,,,,,,,,,,,,,,,,,,,,,,,,,,,,,
2017,152,E678394,5,06/01/2017,3:00,1,6,0,11,Clark,240,2,0,2,2,2,1,0,1,1,,,,41,0,0,11.6,1,0,1,2,2,1,3,0,0,0,0,SR-14,,-122.4452667,45.57856111,0,1,98,13,2,60,5,0,0,1,5,25,2,1,2,3,14,1,1,53,0,63,32,2003,0,0,68,63,41,69,68,64,1,1,24,1,7,1,4,7,3,0,11,0,06/01/2017,3:00,24053025313,25313,0,0,0,3,1,0,0,0,0,96,,,,,,0,,,,,,98661,53,72,190,6,1,0,1,0,0,0,0,,,,,,5,11/15/2014,11/15/2014,20,1,9,0,0,1,8,,,0,0,0,8,1,2,1,0,0,1,0,0,2,1,0.023,,,,,,,,,,,,,,,,,,,,,,,,,,,,,,0,0,0,0,1,0,0,0,0,0,0,0,1,0,0,0,0,0,0,0,0,0,0,1,1,0,0,0,0,1,0,0,0,0,0,,1,0,0,0,1,0,0,0,0,1,0,0,1,0,0,1,,,,,,21-25,16-25,State route,U,Thursday,Belt Used,PV,White,0,1,0,0,State Route,State Patrol,Washington State Patrol Headquarter,1,1,0,0,0,,,,,,,,,,,,,,,,,,,,,,,,,,,,,,,,,,,,,,,,,,,
2017,155,E680840,7,05/15/2017,18:59,15,5,0,33,King,1640,1,0,1,2,2,1,0,4,4,,,,12,0,1,0.3,20,0,1,3,2,1,3,0,0,3,3,SR-167 RAMP R101262,,-122.2598056,47.27323889,0,1,28,52,3,98,66,1,0,1,2,12,1,2,1,6,1,1,1,53,0,82,881,2001,0,0,12,64,59,,,,1,1,62,1,0,0,0,0,3,0,11,0,,,,,6,1,0,3,1,0,0,0,0,93,,,,,,99,,,,,,98661,53,67,170,6,1,0,1,0,0,0,23,,,,,,4,09/15/2016,09/15/2016,20,0,0,0,8,9,2,,,0,0,0,0,9,2,1,0,0,1,0,0,2,1,0,,,,,,,,,,,,,,,,,,,,,,,,,,,,,,0,0,0,0,0,0,1,1,1,0,0,0,1,1,0,0,1,0,0,0,0,0,0,0,0,0,0,0,0,1,1,0,0,0,0,,0,0,0,0,0,0,0,0,1,1,0,0,0,0,0,0,,,,,,61-65,56-65,State route,U,Monday,,MHTRUCK,Not Fatal,1,0,0,0,State Route,State Patrol,Washington State Patrol Headquarter,0,1,0,0,0,,,,,,,,,,,,,,,,,,,,,,,,,,,,,,,,,,,,,,,,,,,
2018,149,E802197,305,05/11/2018,22:19,11,5,0,11,Clark,2370,1,0,3,1,2,3,0,4,1,,,,38,0,0,0,1,0,1,4,2,4,6,0,0,0,0,E EVERGREEN BLVD,,-122.6373944,45.62601389,0,1,1,6,1,25,4,0,0,1,7,1,3,1,2,1,14,4,2,53,0,34,35,2000,0,0,63,38,1,31,43,42,1,1,24,1,7,58,4,7,20,0,11,0,05/11/2018,22:19,2.37053E+11,23174,0,0,0,2,1,0,0,0,0,96,,,,,,99,,,,,,98661,53,,999,1,1,0,1,0,0,,0,,,,,,3,08/15/2015,11/15/2015,2,0,0,0,0,9,8,,,0,0,0,8,9,2,605,695,,1,1,,2,1,0.16,,,,,,,,,,,,,,,,,,,,,,,,,,,,,,0,0,1,0,1,1,1,1,1,0,0,0,1,1,0,0,0,0,0,1,0,0,0,1,1,0,0,0,0,1,0,0,0,1,0,,1,0,0,0,0,1,1,1,0,1,0,1,0,0,0,1,,,,,,21-25,16-25,City street,U,Friday,Not Used,PV,API,0,1,0,0,City Street,Municipal/City Police,Vancouver Police Department,1,0,0,1,0,thc,3.4,carboxy-thc,10,,0,0,1,,,,,,,,,,,,,,,,,,,,,,,,,,,,,,,,,,,
2020,92,EA29099,14,04/06/2020,21:22,6,4,,11,Clark,0,1,,2,1,2,1,1,2,1,21:24,21:30,21:53,8,0,0,6.5,1,0,1,5,1,2,4,0,0,0,0,CR-NE 72ND AVE,,-122.5996639,45.75491389,0,1,13,80,5,50,14,0,0,1,2,8,1,1,2,1,1,2,1,53,0,55,401,2017,0,,8,,,,,,1,1,56,1,0,,0,0,3,0,11,0,,,,,0,0,0,3,1,0,,,,96,,,,,,0,,,,,,98661,53,66,155,6,1,0,1,1,4,,0,,,,,,0,05/15/2015,05/15/2019,20,0,0,0,8,9,8,,,0,,,8,8,0,0,,,0,,,0,0,996,,,,,,,,,,,,,,,,,,,,,,,,,,,,,,0,0,0,0,0,0,0,0,0,1,0,1,0,0,0,0,0,0,0,0,0,0,0,0,0,0,0,0,0,1,0,1,0,0,0,,0,0,0,0,0,0,0,0,0,0,0,0,0,0,0,0,,,,,,56-60,56-65,County road,R,Monday,Belt Used,PV,Not Fatal,0,0,0,0,County Road,County Sheriff,Clark County Sheriff's Office,0,0,1,0,0,,,,,,0,0,0,,,,,,,,,,,98,98,98,0,,,,,20,7,,,,,,,,1,0,,,NE 72ND AVE,6.54,,
2020,332,EA60457,38,09/01/2020,16:40,1,9,,59,Skamania,0,1,,1,1,2,1,0,1,1,,,,30,0,0,9,1,0,1,5,1,2,4,0,0,0,0,CR-WASHOUGAL RIVER RD,,-122.2430278,45.61227778,0,1,1,13,2,35,34,0,0,1,2,30,3,1,2,1,14,1,2,53,0,23,481,1991,0,,63,30,,,,,1,1,50,1,7,,4,7,20,7,11,0,09/01/2020,16:40,53041249,41249,0,0,2,2,1,24,74,,,96,,,,,,98,,,,,,98661,53,73,200,1,1,1,0,0,1,,0,,,,,,3,10/15/2016,01/15/2016,20,0,0,0,0,9,8,,,0,,,8,8,2,1,,,1,,,2,1,0.186,,,,,,,,,,,,,,,,,,,,,,,,,,,,,,0,0,1,0,1,1,0,1,0,0,0,0,1,1,0,0,0,0,0,1,0,0,0,0,0,0,0,0,0,1,0,0,0,1,0,,1,0,0,0,0,1,0,1,0,1,0,1,0,1,0,1,,,,,,46-50,46-55,County road,R,Tuesday,Not Used,PV,White,0,1,0,0,County Road,County Sheriff,Skamania County Sheriff's Office,1,0,1,0,0,,,,,,0,1,3,,,,,,,,,,,0,0,0,1,,,,,20,7,,,,,,,,1,0,,,WASHOUGAL RIVER ROAD,9,,
2021,4,EA95193,16,01/01/2021,5:00,1,1,,15,Cowlitz,1190,10,,3,99,2,1,0,2,1,,,,58,0,0,2.8,3,0,3,3,2,1,3,0,0,20,3,SR-432,MT SOLO RD,-123.0035972,46.14720833,0,1,1,13,2,35,4,0,0,1,2,3,1,3,2,1,1,2,2,53,0,58,37,2007,0,,63,58,67,3,1,,1,1,19,1,7,,4,7,3,0,11,0,01/01/2021,5:00,1.19053E+11,464,0,0,2,3,1,73,,,,96,,,,,,99,,,,,,98661,53,75,157,6,7,0,0,0,0,,0,,,,,,4,,,8,0,0,0,0,9,8,,,0,,,9,9,2,695,605,,1,1,,2,1,0.178,,,,,,,,,,,,,,,,,,,,,,,,,,,,,,0,0,1,1,1,1,1,1,1,0,0,0,1,0,0,0,0,0,0,0,0,1,1,0,1,0,0,0,0,1,0,0,0,0,0,,1,0,0,0,0,1,1,1,0,1,0,0,0,0,0,1,,,,,,18-20,16-25,State route,U,Friday,Belt Used,PV,API,0,1,0,0,State Route,County Sheriff,Cowlitz County Sheriff's Office,1,1,0,0,0,thc,4.2,carboxy-thc,13,,0,0,0,,,,,,,,,,,98,98,98,68,,,,,20,,,,,,,,nms,1,0,,,,,,
2021,39,EB06443,5,02/12/2021,10:23,12,2,,11,Clark,0,4,,1,4,2,1,0,2,2,,,,12,0,6,11.1,1,0,1,4,1,1,3,0,0,0,0,SR-500,,-122.4857556,45.67065556,0,1,66,6,1,50,4,0,0,1,2,12,1,4,2,1,1,1,1,53,0,35,47,2019,0,,68,12,,,,,1,1,52,2,1,,4,7,3,0,11,0,02/12/2021,10:23,53008093,8093,0,0,0,3,1,58,87,,,96,,,,,,98,,,,,,98661,53,62,150,6,1,0,1,1,1,,0,,,,,,4,06/15/2019,05/15/2019,2,0,0,0,0,9,8,,,0,,,8,8,2,996,404,,1,1,,2,1,0,,,,,,,,,,,,,,,,,,,,,,,,,,,,,,0,0,0,0,0,0,1,1,0,0,0,0,1,0,0,0,0,0,0,0,0,0,0,0,0,0,0,0,0,1,1,0,0,0,0,,1,0,0,0,0,0,1,1,0,1,0,0,0,0,1,0,,,,,,51-55,46-55,State route,R,Friday,Belt Used,PV,Hispanic,0,1,1,0,State Route,State Patrol,WASHINGTON STATE PATROL,0,1,0,0,0,,,,,,0,0,0,,,,,,,,,,,98,98,98,98,,,,,20,,,,,,,,,1,0,,,,,,
2021,141,EB32213,5,05/14/2021,17:14,14,5,,59,Skamania,0,1,,1,1,2,1,0,2,2,,,,24,0,0,23.4,1,0,1,3,1,1,3,0,0,0,0,SR-14,,-122.21415,45.56603333,0,2,98,98,7,50,66,1,0,1,5,12,1,2,2,1,1,1,3,53,0,85,881,2006,0,,12,,,,,,1,1,54,1,0,,0,0,3,0,11,0,,,,,6,1,0,3,1,0,,,,96,,,,,,98,,,,,,98661,53,69,185,6,1,0,0,0,0,,0,,,,,,0,,,20,0,0,0,8,9,8,,,0,,,8,8,2,1,,,1,,,2,1,0,,,,,,,,,,,,,,,,,,,,,,,,,,,,,,0,0,1,0,0,0,0,0,0,0,0,0,1,0,0,0,0,0,0,0,0,1,1,0,1,0,0,0,1,0,1,0,0,0,0,,0,0,0,0,0,0,0,0,0,0,0,0,0,0,0,0,,,,,,51-55,46-55,State route,R,Friday,,MHTRUCK,Not Fatal,0,1,0,0,State Route,State Patrol,Washington State Patrol,1,1,0,0,0,,,,,,0,0,0,,,,,,,,,,,98,98,98,0,,,,,20,,,,,,,,,1,0,,,,,,
2021,320,EB61883,305,08/24/2021,16:09,24,8,,11,Clark,2370,1,,1,1,2,1,1,5,3,,,,12,0,6,0.3,3,0,2,3,2,1,6,0,0,3,3,NE FOURTH PLAIN BLVD,NE VANCOUVER MALL DR,-122.5755528,45.65756667,0,1,98,8,1,35,14,0,0,1,2,8,1,1,5,5,1,1,4,41,0,30,403,2021,0,,63,69,12,68,8,,1,1,82,1,0,,0,0,3,0,11,0,,,,,0,0,3,3,1,0,,,,96,,,,,,98,,,,,,98661,53,76,236,6,1,0,0,0,0,,97,,,,,,0,,,20,0,0,0,8,9,2,,,0,,,8,8,0,0,,,0,,,0,0,996,,,,,,,,,,,,,,,,,,,,,,,,,,,,,,0,0,0,1,0,0,0,0,0,1,0,1,0,0,0,0,0,0,0,0,0,0,0,1,1,1,1,1,0,1,0,1,0,0,0,,0,0,0,0,0,0,0,0,0,0,0,0,0,0,0,0,,,,,,81+,76+,City street,U,Tuesday,Belt Used,PV,Not Fatal,1,0,0,0,State Route,Municipal/City Police,Vancouver Police Department,0,1,0,0,0,,,,,,0,0,0,,,,,,,,,,,98,98,98,0,,,,,20,,,,,,,,,1,0,,,,,,
2021,320,EB61883,305,08/24/2021,16:09,24,8,,11,Clark,2370,1,,1,1,2,1,1,5,3,,,,12,0,6,0.3,3,0,2,3,2,1,6,0,0,3,3,NE FOURTH PLAIN BLVD,NE VANCOUVER MALL DR,-122.5755528,45.65756667,0,3,98,62,4,35,14,0,0,1,5,12,1,1,5,1,5,2,2,53,0,2,404,2016,0,,12,,,,,,1,1,27,8,0,,0,0,3,0,11,0,,,,,0,0,0,3,1,0,,,,96,,,,,,98,,,,,,98661,53,75,245,6,1,0,1,0,0,,0,,,,,,0,03/15/2018,10/15/2019,20,0,0,0,8,9,8,,,0,,,8,8,8,95,,,96,,,8,95,995,,,,,,,,,,,,,,,,,,,,,,,,,,,,,,0,0,0,1,0,0,0,0,0,1,0,1,0,0,0,0,0,0,0,0,0,0,0,1,1,1,1,1,0,1,0,1,0,0,0,,0,0,0,0,0,0,0,0,0,0,0,0,0,0,0,0,,,,,,26-30,26-35,City street,U,Tuesday,Belt Used,PV,Not Fatal,1,0,0,0,State Route,Municipal/City Police,Vancouver Police Department,0,1,0,0,0,,,,,,0,0,1,,,,,,,,,,,98,98,98,0,,,,,20,,,,,,,,,1,0,,,,,,
2017,292,E697700,5,08/01/2017,9:28,1,8,0,11,Clark,0,1,0,1,1,2,1,0,5,4,9:25,9:28,10:25,12,0,8,10.9,1,0,1,4,1,1,3,0,0,0,0,SR-500,,-122.4898556,45.672,0,3,98,62,4,50,6,0,0,1,2,12,2,1,2,1,14,1,1,53,0,22,32,2005,0,0,63,12,,,,,1,1,68,2,7,1,4,0,3,0,11,4,08/01/2017,10:17,2.37053E+11,33488,0,0,0,3,1,0,0,0,0,0,,,,,,0,,,,,,98662,53,62,135,6,1,0,0,0,0,0,0,,,,,,0,,,8,0,0,0,0,9,8,,,0,0,0,8,0,2,996,996,996,1,1,1,2,1,0,,,,,,,,,,,,,,,,,,,,,,,,,,,,,,0,0,0,0,0,0,1,1,0,0,0,0,0,0,0,0,0,0,0,0,0,0,0,0,0,1,0,0,0,1,0,0,0,0,0,,1,0,0,0,0,0,1,1,0,0,0,0,0,0,1,0,,,,,,66-70,66-75,State route,R,Tuesday,Belt Used,PV,White,0,1,1,0,State Route,State Patrol,Washington State Patrol Headquarter,0,1,0,0,0,,,,,,,,,,,,,,,,,,,,,,,,,,,,,,,,,,,,,,,,,,,
2017,393,E716733,305,09/20/2017,18:41,20,9,0,11,Clark,2370,2,0,1,2,1,1,0,2,1,,,,42,0,0,0,3,0,3,3,2,4,6,0,0,0,0,SE 164TH AVE,SE 4TH ST,-122.5042833,45.61931389,0,1,2,6,1,40,2,0,0,1,2,42,1,1,8,3,6,2,2,53,0,34,34,2006,0,0,63,42,,,,,1,1,17,1,7,1,4,7,3,0,11,0,09/20/2017,18:41,2.37053E+11,41131,0,0,3,3,1,0,0,0,0,96,,,,,,99,,,,,,98662,53,74,210,6,2,0,0,0,2,0,0,,,,,,3,04/15/2017,08/15/2017,1,0,0,0,0,9,8,,,0,0,0,8,9,2,1,0,0,1,0,0,2,1,0,,,,,,,,,,,,,,,,,,,,,,,,,,,,,,0,0,0,1,0,0,0,0,0,0,0,0,1,0,0,0,0,0,0,0,1,0,1,0,1,0,0,0,0,1,0,0,0,0,0,,1,0,0,0,0,0,0,0,0,1,0,0,0,0,0,0,,,,,,16-17,16-25,City street,U,Wednesday,Belt Used,PV,White,0,1,0,0,City Street,Municipal/City Police,Vancouver Police Department,1,0,0,1,0,,,,,,,,,,,,,,,,,,,,,,,,,,,,,,,,,,,,,,,,,,,
2018,375,E851269,5,10/14/2018,21:18,14,10,0,11,Clark,2370,1,0,3,1,2,1,0,1,1,,,,25,0,0,3.3,1,0,1,1,2,1,1,0,0,0,0,I-5,,-122.6669306,45.66278889,0,1,6,6,1,60,40,0,0,1,2,1,8,8,4,3,1,1,1,53,0,49,472,1996,0,0,64,25,1,30,,,1,1,22,1,7,78,4,7,20,0,11,0,10/14/2018,21:18,2.37053E+11,45676,0,0,0,2,1,0,0,0,0,96,,,,,,9,,,,,,98662,53,71,150,1,1,1,2,1,2,,0,,,,,,4,04/15/2018,09/15/2018,1,0,0,0,0,1,8,,,0,0,0,8,1,2,300,,,1,,,2,1,0.16,,,,,,,,,,,,,,,,,,,,,,,,,,,,,,0,0,1,0,1,1,1,1,0,0,0,0,1,1,0,0,0,0,0,1,0,0,0,1,1,0,0,0,0,1,0,0,0,1,0,,1,0,0,0,0,1,1,1,0,1,0,1,0,0,0,1,,,,,,21-25,16-25,Interstate,U,Sunday,Not Used,PV,API,0,1,0,0,State Route,State Patrol,Washington State Patrol,1,1,0,0,0,,,,,,0,1,3,,,,,,,,,,,,,,,,,,,,,,,,,,,,,,,,,,,