year,case,par,repjur,crash_dt,crash_tm,accday,accmon,holiday,county,co_char,city,weather,weather2,lightcond,surfcond,surftype,numfatal,nmforms,pforms,vforms,not_tm,arr_tm,hosp_tm,fhevent,hitrun,manncol,milepnt,reljunc,reljuncinter,intersectiontype,funcsystem,landuse,ownership,route,schlbus,spejur,contdev,devfunc,trafid1,trafid2,x,y,wk_zone,vnumber,crashtype,criticalevent,criticaleventcat,spdlim,body,trailer,emerg,hazcargo,leave,mhevent,roadalgn,roadprof,traflane,trafflow,vehmanvr,numoccs,regowner,regstate,spuse,make,model,modelyr,vrf1,vrf2,seqevent1,seqevent2,seqevent3,seqevent4,seqevent5,seqevent6,pnumber,ptype,age,sex,hispanic,race,injury,diedscene,restraint,restraintmisuse,seatpos,takehosp,death_dt,death_tm,cert,cernum_wa,commlic,licendor,licrestrict,liccomp,drivpres,drf1,drf2,drf3,drf4,distract1,distract2,distract3,distract4,distract5,distract6,dricond1,dricond2,dricond3,dricond4,dricond5,dricond6,dzip,licstate,drhgt_in,weight,noncdl,noncdltype,prevdwi,prevoth,prevacc,prevspd,prevsus,driviol1,driviol2,driviol3,driviol4,driviol5,driviol6,spdrel,first_dt,last_dt,airbag,ejection,ejectpath,extricat,injurwrk,methalc,methdrug,nmlocat,strikveh,prf1,prf2,prf3,druginv,alcinvol,drugsts,drugres1,drugres2,drugres3,drugtst1,drugtst2,drugtst3,alcsts,alctst,alcres,nmact1,nmact2,nmact3,nmact4,nmact5,nmact6,nmprior1,nmprior2,nmprior3,nmprior4,nmprior5,nmprior6,nmcond1,nmcond2,nmcond3,nmcond4,nmcond5,nmcond6,nmsafe_helmet,nmsafe_pads,nmsafe_oth,nmprev_ref,nmprev_lgt,nmprev_oth,crashlocation,nmcrashtype,crosswalk,schoolzone,sidewalk,train_inv,wildlife_inv,rotr_fars,intersect_fars,dd_inv,aid_inv,dpd_inv,id_inv,mj_inv,impnm_inv,ainm_inv,dpnm_inv,speed_inv,unlic_inv,unendmc_inv,drowsy_inv,drdist_inv,nmdist_inv,fty_inv,unrestfat_inv,dr1617_inv,dr1820_inv,dr1620_inv,dr2125_inv,dr1625_inv,dr65_inv,dr70_inv,dr75_inv,mc_inv,pv_inv,ht_inv,ped_inv,bike_inv,unrest_fat,mc_fat,unhelmet_mc,pv_fat,ht_fat,ped_fat,bike_fat,dr_alc7,dr_alc8,dr_drug,dr_imp,dr_dist,dr_spd,dr_fty,dr_unlic,dr_alc7only,dr_alc8only,dr_drugonly,dr_drink,nm_imp,nm_alc7,nm_alc8,nm_drug,nm_dist,agegrp1,agegrp2,roadclass,urbrur,dayweek,restuse,vehtype,race_me,intersect,lanedep,oppdir,wrongway,rep_typ,investag,repag_long,rotr,st_rd,cty_rd,city_rd,oth_rd,drug_thc,thc_res,drug_cthc,cthc_res,drug_cann,prevpersemin,prevperse,prevsusoth,drugtst4,drugtst5,drugtst6,drugtst7,drugtst8,drugres4,drugres5,drugres6,drugres7,drugres8,adspresent,adsengaged,adslevel,race1,race2,race3,race4,race5,helmet,helmetmisuse,nmdistract1,nmdistract2,nmdistract3,nmdistract4,nmdistract5,nmdistract6,lab,isedtcase,crf1,crf2,crf3,CoRoadName,CoMP,IntCoRoadName,IntCoMP
2019,154,E924363,5,05/26/2019,15:53,26,5,,11,Clark,0,1,0,1,1,2,2,0,4,2,,,,12,0,6,10.4,2,0,2,4,1,1,3,0,0,20,3,SR-503,NE POTTER RD,-122.5469806,45.81680556,0,2,86,17,2,50,80,0,0,1,7,12,1,1,2,1,4,2,1,53,0,72,706,2007,0,0,12,,,,,,1,1,71,1,7,,4,0,20,7,11,4,05/26/2019,17:12,2.37053E+11,28364,0,0,0,3,1,38,0,0,0,93,,,,,,99,,,,,,98662,53,69,182,6,1,0,1,0,1,,0,,,,,,0,07/15/2015,01/15/2016,20,8,0,0,0,9,8,,,0,0,0,8,9,2,1,,,1,,,2,1,0,,,,,,,,,,,,,,,,,,,,,,,,,,,,,,0,0,0,1,0,0,0,0,0,0,0,0,0,0,0,0,1,0,1,0,0,0,0,0,0,1,1,0,1,1,0,0,0,0,1,0,0,0,0,0,0,0,0,0,1,0,1,0,0,0,0,0,,,,,,71-75,66-75,State route,R,Sunday,,MC,White,1,0,0,0,State Route,State Patrol,Washington State Patrol,0,1,0,0,0,,,,,,0,0,0,,,,,,,,,,,0,0,0,1,,,,,5,0,,,,,,,,,,,,,,,
2019,269,E946977,305,08/02/2019,13:55,2,8,,11,Clark,2370,1,0,1,1,2,1,0,6,5,,,,12,0,1,0.3,3,1,2,3,2,1,1,0,0,3,3,I-205 RAMP LX03111,FOURTH PLAIN BLVD,-122.5755111,45.65748889,0,4,98,98,7,35,34,0,0,1,5,12,1,2,5,1,5,2,1,53,0,12,471,2003,0,0,12,,,,,,1,1,80,1,0,,0,0,3,0,11,0,,,,,0,0,3,3,1,0,0,0,0,0,,,,,,0,,,,,,98662,53,72,190,6,1,0,0,0,0,,0,,,,,,0,,,20,0,0,0,8,9,8,,,0,0,0,8,0,8,95,,,96,,,8,95,995,,,,,,,,,,,,,,,,,,,,,,,,,,,,,,0,0,0,1,0,0,0,0,0,0,0,0,0,0,0,0,0,0,0,0,0,1,1,0,1,1,1,1,1,1,0,0,0,0,0,,0,0,0,0,0,0,0,0,0,0,0,0,0,0,0,0,,,,,,76-80,76+,Interstate,U,Friday,Belt Used,PV,Not Fatal,1,0,0,0,State Route,Municipal/City Police,Vancouver Police Department,0,1,0,0,0,,,,,,0,0,0,,,,,,,,,,,98,98,98,0,,,,,20,7,,,,,,,,,,,,,,,
2020,28,EA13867,14,01/21/2020,13:48,21,1,,11,Clark,0,2,,1,2,2,1,0,3,2,13:49,13:52,14:27,12,0,2,5.4,1,0,1,3,2,2,4,0,0,0,0,CR-NE 78TH ST,,-122.6373361,45.67874444,0,2,51,62,4,45,61,0,8,1,2,12,1,1,5,5,1,2,3,53,6,12,870,2019,0,,12,,,,,,1,1,25,1,0,,1,0,3,0,11,5,,,,,0,0,3,3,1,94,,,,96,,,,,,0,,,,,,98662,53,73,260,6,1,0,0,0,0,,0,,,,,,0,,,1,0,0,0,8,9,8,,,0,,,8,8,0,0,,,0,,,0,0,996,,,,,,,,,,,,,,,,,,,,,,,,,,,,,,0,0,0,0,0,0,1,1,1,0,0,0,1,0,0,0,0,0,0,0,0,0,0,1,1,0,0,0,0,1,1,0,0,0,0,,0,0,0,0,0,0,0,0,0,0,0,0,0,0,0,0,,,,,,21-25,16-25,County road,U,Tuesday,,MHTRUCK,Not Fatal,0,1,1,0,County Road,County Sheriff,Clark County Sheriff's Office,0,0,1,0,0,,,,,,0,0,0,,,,,,,,,,,98,98,98,0,,,,,20,7,,,,,,,,1,0,,,NE 78TH ST,5.36,,
2020,29,EA13868,14,01/31/2020,16:57,31,1,,11,Clark,0,10,,1,1,2,1,0,2,2,16:58,17:05,17:40,12,0,2,4.8,1,0,1,4,1,2,4,0,0,0,0,CR-NE 72ND AVE,,-122.599425,45.72986111,0,1,50,10,2,50,4,0,0,1,2,12,1,2,2,1,1,1,2,53,0,42,48,2002,0,,68,12,,,,,1,1,17,1,7,,4,7,3,0,11,0,01/31/2020,17:25,53005030,5030,0,0,3,3,1,28,38,,,96,,,,,,98,,,,,,98662,53,74,240,6,2,0,0,0,0,,0,,,,,,0,,,8,0,0,1,0,9,8,,,0,,,8,8,2,1,,,1,,,2,1,0,,,,,,,,,,,,,,,,,,,,,,,,,,,,,,0,0,0,0,0,0,0,0,0,0,0,0,0,0,0,0,0,0,1,0,1,0,1,0,1,0,0,0,0,1,0,0,0,0,0,,1,0,0,0,0,0,0,0,0,0,1,0,0,0,0,0,,,,,,16-17,16-25,County road,R,Friday,Belt Used,PV,White,0,1,1,0,County Road,County Sheriff,Clark County Sheriff's Office,0,0,1,0,0,,,,,,0,0,0,,,,,,,,,,,98,98,98,1,,,,,20,7,,,,,,,,1,0,,,NE 72ND AVE,4.84,,
2020,290,EA56931,14,08/19/2020,17:19,19,8,,11,Clark,0,1,,1,1,2,1,0,2,2,17:21,17:25,,12,0,6,2.1,2,0,3,5,2,2,4,0,0,3,3,CR-NE MINNEHAHA ST,NE 47TH AVE,-122.6222972,45.66787778,0,1,98,98,7,40,21,0,0,1,2,12,1,1,2,2,98,1,2,53,0,12,461,1997,0,,12,,,,,,1,1,26,1,0,,0,0,99,7,11,0,,,,,0,0,3,2,1,39,,,,96,,,,,,9,,,,,,98662,53,63,203,1,1,1,0,1,0,,1,12,,,,,0,10/15/2015,09/15/2018,20,0,0,0,8,9,8,,,0,,,8,1,2,1,,,1,,,2,1,0.2,,,,,,,,,,,,,,,,,,,,,,,,,,,,,,0,0,0,1,1,1,1,1,1,0,0,0,0,1,1,0,0,0,0,0,0,0,0,0,0,0,0,0,1,1,0,0,0,0,0,,0,0,0,0,0,1,0,1,0,0,0,1,0,1,0,1,,,,,,26-30,26-35,County road,U,Wednesday,Unknown,PV,Not Fatal,1,0,0,0,County Road,County Sheriff,Clark County Sheriff's Office,0,0,1,0,0,,,,,,0,1,8,,,,,,,,,,,0,0,0,0,,,,,20,7,,,,,,,,1,0,,,NE MINNEHAHA ST,2.09,NE 47TH AVE,0
2021,218,EB46971,5,07/09/2021,11:59,9,7,,11,Clark,2370,1,,1,1,1,2,0,5,3,,,,12,0,1,3.2,1,0,1,1,2,1,1,0,0,0,0,I-205,,-122.5634167,45.64116944,0,1,20,50,3,60,80,0,0,1,2,12,1,1,4,3,1,2,1,53,0,72,706,2006,0,,12,12,,,,,1,1,61,1,7,,4,0,20,7,11,5,07/09/2021,16:40,2.37053E+11,33566,0,0,0,3,1,0,,,,3,,,,,,98,,,,,,98662,53,70,240,6,1,0,0,0,0,,0,,,,,,0,,,20,8,0,0,0,9,8,,,0,,,8,8,2,996,,,1,,,2,1,0,,,,,,,,,,,,,,,,,,,,,,,,,,,,,,0,0,0,0,0,0,1,1,0,0,0,0,0,0,0,0,1,0,0,0,0,0,0,0,0,1,0,0,1,1,0,0,0,0,1,0,0,0,0,0,0,0,1,1,1,0,0,0,0,0,1,0,,,,,,61-65,56-65,Interstate,U,Friday,,MC,White,0,0,0,0,State Route,State Patrol,WASHINGTON STATE PATROL,0,1,0,0,0,,,,,,0,0,0,,,,,,,,,,,0,0,0,1,,,,,5,,,,,,,,,1,0,,,,,,
2021,561,EC05450,5,12/26/2021,17:34,26,12,,11,Clark,2370,1,,3,2,2,1,1,1,1,,,,8,0,0,7.5,1,0,1,2,2,1,3,0,0,0,0,SR-14,,-122.5235,45.59707222,0,1,13,80,5,60,4,0,0,1,5,8,1,1,2,3,1,1,1,53,0,20,37,2015,0,,8,,,,,,1,1,35,1,0,,0,0,99,7,11,0,,,,,0,0,0,3,1,0,,,,96,,,,,,98,,,,,,98662,53,66,160,6,1,0,0,0,1,,0,,,,,,0,05/15/2020,05/15/2020,1,0,0,0,8,9,8,,,0,,,8,8,0,0,,,0,,,0,0,996,,,,,,,,,,,,,,,,,,,,,,,,,,,,,,0,0,0,0,0,0,0,0,0,0,0,0,0,0,0,0,0,0,0,0,0,0,0,0,0,0,0,0,0,1,0,1,0,0,0,,0,0,0,0,0,0,0,0,0,0,0,0,0,0,0,0,,,,,,31-35,26-35,State route,U,Sunday,Unknown,PV,Not Fatal,0,0,0,0,State Route,State Patrol,Washington State Patrol,0,1,0,0,0,,,,,,0,0,0,,,,,,,,,,,98,98,98,0,,,,,20,,,,,,,,,1,23,,,,,,
2017,292,E697700,5,08/01/2017,9:28,1,8,0,11,Clark,0,1,0,1,1,2,1,0,5,4,9:25,9:28,10:25,12,0,8,10.9,1,0,1,4,1,1,3,0,0,0,0,SR-500,,-122.4898556,45.672,0,2,65,62,4,50,34,0,0,1,2,12,2,1,2,1,14,2,2,53,0,12,481,2004,0,0,12,63,69,68,12,,1,1,38,2,0,0,1,0,3,0,11,0,,,,,0,0,0,3,1,0,0,0,0,0,,,,,,0,,,,,,98663,53,65,150,6,1,0,0,1,0,0,0,,,,,,0,07/15/2016,07/15/2016,1,0,0,0,8,9,8,,,0,0,0,8,8,0,0,0,0,0,0,0,0,0,996,,,,,,,,,,,,,,,,,,,,,,,,,,,,,,0,0,0,0,0,0,1,1,0,0,0,0,0,0,0,0,0,0,0,0,0,0,0,0,0,1,0,0,0,1,0,0,0,0,0,,0,0,0,0,0,0,0,0,0,0,0,0,0,0,0,0,,,,,,36-40,36-45,State route,R,Tuesday,Belt Used,PV,Not Fatal,0,1,1,0,State Route,State Patrol,Washington State Patrol Headquarter,0,1,0,0,0,,,,,,,,,,,,,,,,,,,,,,,,,,,,,,,,,,,,,,,,,,,
2017,361,E711100,14,09/09/2017,18:31,9,9,0,11,Clark,0,1,0,5,1,2,1,0,2,2,,,,12,0,2,0.4,1,0,1,5,2,2,4,0,0,0,0,CR-NE 39TH ST,,-122.4976278,45.65028889,0,2,51,62,4,98,2,0,0,1,2,12,1,1,2,1,1,1,2,53,0,12,3,2006,0,0,12,,,,,,1,1,20,1,0,0,0,0,3,0,11,0,,,,,0,0,0,3,1,0,0,0,0,1,,,,,,0,,,,,,98663,53,71,150,6,1,0,0,0,0,0,0,,,,,,0,,,1,0,0,0,8,9,8,,,0,0,0,8,0,0,0,0,0,0,0,0,0,0,996,,,,,,,,,,,,,,,,,,,,,,,,,,,,,,0,0,0,0,0,0,1,1,1,0,0,0,0,0,0,0,1,0,0,1,0,1,1,1,1,0,0,0,0,1,0,0,0,0,0,,0,0,0,0,0,0,0,0,1,0,0,0,0,0,0,0,,,,,,18-20,16-25,County road,U,Saturday,Belt Used,PV,Not Fatal,0,1,1,0,County Road,County Sheriff,Clark County Sheriff's Office,0,0,1,0,0,,,,,,,,,,,,,,,,,,,,,,,,,,,,,,,,,,,,,,,,,,,
2017,498,E731942,305,11/03/2017,21:39,3,11,0,11,Clark,2370,1,0,3,1,2,1,1,1,1,,,,8,0,0,0,1,0,1,3,2,4,6,0,0,0,0,MAIN ST,E 37TH ST,-122.6680972,45.64800556,0,1,13,80,5,98,20,0,0,1,5,8,8,8,4,1,1,1,1,53,0,35,443,1997,0,0,8,,,,,,1,1,76,1,0,0,0,0,3,0,11,0,,,,,0,0,0,3,1,0,0,0,0,1,,,,,,0,,,,,,98663,53,71,215,6,1,0,0,0,0,0,0,,,,,,0,,,20,0,0,0,8,9,8,,,0,0,0,8,0,0,0,0,0,0,0,0,0,0,996,,,,,,,,,,,,,,,,,,,,,,,,,,,,,,0,0,0,0,0,0,0,0,0,0,0,0,0,0,0,0,1,0,0,0,0,0,0,0,0,1,1,1,0,1,0,1,0,0,0,,0,0,0,0,0,0,0,0,1,0,0,0,0,0,0,0,,,,,,76-80,76+,City street,U,Friday,Belt Used,PV,Not Fatal,1,0,0,0,City Street,Municipal/City Police,Vancouver Police Department,0,0,0,1,0,,,,,,,,,,,,,,,,,,,,,,,,,,,,,,,,,,,,,,,,,,,
2018,279,E824099,14,07/31/2018,13:28,31,7,0,11,Clark,0,1,0,1,1,2,1,0,1,1,,,,33,0,0,0.5,1,0,1,4,2,2,4,0,0,0,0,CR-NE HAZEL DELL AVE,,-122.6686389,45.66255278,0,1,1,13,2,30,80,0,0,1,7,31,3,2,2,1,14,1,2,53,0,37,705,2016,0,0,63,33,1,31,,,1,1,32,1,7,1,4,7,19,0,11,0,07/31/2018,13:28,53033749,33749,0,0,0,3,1,0,0,0,0,96,,,,,,99,,,,,,98663,53,69,175,6,1,0,0,0,0,,0,,,,,,4,,,20,8,0,0,0,9,8,,,0,0,0,8,9,2,1,,,1,,,2,1,0,,,,,,,,,,,,,,,,,,,,,,,,,,,,,,0,0,1,0,0,0,0,0,0,0,0,0,1,0,0,0,0,0,0,0,0,0,0,0,0,0,0,0,1,0,0,0,0,0,1,0,0,0,0,0,0,0,0,0,0,1,0,0,0,0,0,0,,,,,,31-35,26-35,County road,U,Tuesday,,MC,White,0,1,0,0,County Road,County Sheriff,Clark County Sheriff's Office,1,0,1,0,0,,,,,,0,0,0,,,,,,,,,,,,,,,,,,,,,,,,,,,,,,,,,,,
2020,103,EA30158,305,04/18/2020,0:20,18,4,,11,Clark,2370,1,,3,1,2,1,0,1,1,,,,38,0,0,0,1,0,1,3,2,4,6,0,0,0,0,E MILL PLAIN BLVD,,-122.6296194,45.62776667,0,1,1,13,2,35,80,0,0,1,2,38,3,1,2,3,14,1,2,53,0,76,705,2009,0,,63,38,,,,,1,1,32,1,7,,4,7,20,7,11,0,04/18/2020,0:20,2.37053E+11,19080,0,0,0,2,1,0,,,,96,,,,,,98,,,,,,98663,53,64,140,6,1,0,0,2,2,,0,,,,,,3,12/15/2017,08/15/2019,20,8,0,0,0,9,8,,,0,,,8,8,2,1,,,1,,,2,1,0.139,,,,,,,,,,,,,,,,,,,,,,,,,,,,,,0,0,1,0,1,1,0,1,0,0,0,0,1,0,1,0,0,0,0,0,0,0,0,0,0,0,0,0,1,0,0,0,0,0,1,0,0,0,0,0,0,1,0,1,0,1,0,0,0,1,0,1,,,,,,31-35,26-35,City street,U,Saturday,,MC,API,0,1,0,0,City Street,Municipal/City Police,Vancouver Police Department,1,0,0,1,0,,,,,,0,0,0,,,,,,,,,,,0,0,0,68,,,,,19,0,,,,,,,,1,0,,,,,,
2021,125,EB04562,14,02/08/2021,11:12,8,2,,11,Clark,0,10,,1,2,2,1,0,3,2,,,,12,0,6,,2,0,2,5,1,2,4,0,0,3,3,CR-NE 199TH ST,NE 72ND AVE,-122.5996028,45.76575556,0,1,82,15,2,50,14,0,0,1,2,12,1,1,2,1,11,1,1,53,0,20,404,2008,0,,12,,,,,,1,1,47,1,7,,4,0,3,0,11,5,02/17/2021,20:20,2.37053E+11,10852,0,0,0,2,1,39,,,,96,,,,,,9,,,,,,98663,53,77,255,1,1,0,0,0,0,,0,,,,,,0,07/15/2016,06/15/2020,99,0,0,0,0,9,8,,,0,,,8,1,2,695,605,401,1,1,1,2,1,0.147,,,,,,,,,,,,,,,,,,,,,,,,,,,,,,0,0,0,1,1,1,1,1,1,0,0,0,0,1,0,0,0,0,0,0,0,0,0,0,0,0,0,0,0,1,0,0,0,0,0,,1,0,0,0,0,1,1,1,0,0,0,1,0,0,0,1,,,,,,46-50,46-55,County road,R,Monday,Belt Used,PV,White,1,0,0,0,County Road,County Sheriff,Clark County Sheriff's Office,0,0,1,0,0,thc,1.4,carboxy-thc,33,,0,0,6,1,,,,,417,,,,,98,98,98,1,,,,,20,,,,,,,,nms,1,0,,,NE 199TH ST,0,NE 72ND AVE,7.27
2017,280,E697830,14,07/30/2017,19:59,30,7,0,11,Clark,240,1,0,1,1,2,1,0,2,2,,,,12,0,6,0,2,0,2,4,2,4,6,0,0,20,3,NW BRADY RD,NW 16TH AVE,-122.4527167,45.59065278,0,1,88,17,2,35,80,0,0,1,2,12,1,1,2,1,1,1,1,53,0,73,705,2008,0,0,12,,,,,,1,1,28,1,7,99,4,0,19,0,11,5,07/31/2017,2:15,24053033426,33426,0,0,0,3,1,39,0,0,0,96,,,,,,99,,,,,,98664,53,71,180,6,1,0,1,2,1,2,0,,,,,,4,08/15/2012,07/15/2016,20,8,0,0,0,9,8,,,0,0,0,8,9,0,0,0,0,0,0,0,0,0,996,,,,,,,,,,,,,,,,,,,,,,,,,,,,,,0,0,0,1,0,0,0,0,0,0,0,0,1,0,0,0,0,0,0,0,0,1,1,0,1,0,0,0,1,1,0,0,0,0,1,0,0,0,0,0,0,0,0,0,0,1,0,0,0,0,0,0,,,,,,26-30,26-35,City street,U,Sunday,,MC,Oth/Unk,1,0,0,0,City Street,Municipal/City Police,Camas Police Department,0,0,0,1,0,,,,,,,,,,,,,,,,,,,,,,,,,,,,,,,,,,,,,,,,,,,
2018,43,E770816,5,02/11/2018,1:17,11,2,0,11,Clark,2370,1,0,3,1,2,3,0,5,3,,,,12,0,2,2,1,0,1,3,2,1,3,0,0,0,0,SR-14,,-122.6316667,45.6185,0,3,98,50,3,98,6,0,0,1,5,12,1,2,2,3,1,1,2,53,0,49,46,2013,0,0,12,,,,,,1,1,79,2,0,0,0,0,99,0,11,0,,,,,0,0,0,3,1,0,0,0,0,96,,,,,,99,,,,,,98664,53,58,145,6,1,0,1,0,1,,0,,,,,,4,09/15/2016,06/15/2017,20,0,0,0,8,9,8,,,0,0,0,8,9,8,95,,,96,,,8,95,995,,,,,,,,,,,,,,,,,,,,,,,,,,,,,,0,0,0,0,1,1,1,1,0,0,0,0,1,1,0,0,0,0,0,1,0,0,0,0,0,1,1,1,0,1,0,0,0,0,0,,0,0,0,0,0,0,0,0,0,1,0,0,0,0,0,0,,,,,,76-80,76+,State route,U,Sunday,Unknown,PV,Not Fatal,0,0,0,1,State Route,State Patrol,Washington State Patrol Headquarter,0,1,0,0,0,,,,,,0,0,0,,,,,,,,,,,,,,,,,,,,,,,,,,,,,,,,,,,
2018,199,E811062,305,06/22/2018,3:01,22,6,0,11,Clark,2370,1,0,3,1,2,1,0,1,1,,,,33,0,0,0,3,0,3,4,2,4,6,0,0,0,0,NE BURTON RD,NE 81ST AVE,-122.5907972,45.64016667,0,1,12,10,2,35,80,0,0,1,7,33,8,8,2,1,6,1,1,53,0,72,709,1973,0,0,68,33,,,,,1,1,30,1,7,1,4,7,19,0,11,0,06/22/2018,3:11,2.37053E+11,28038,0,0,0,2,1,0,0,0,0,92,,,,,,99,,,,,,98664,53,70,170,1,1,1,4,0,2,,0,,,,,,0,06/15/2013,08/15/2016,20,8,0,0,0,9,8,,,0,0,0,8,9,2,401,402,407,1,1,1,2,1,0,,,,,,,,,,,,,,,,,,,,,,,,,,,,,,0,0,0,1,0,0,1,1,0,0,0,0,0,1,1,0,1,0,0,0,0,0,0,0,0,0,0,0,1,0,0,0,0,0,1,0,0,0,0,0,0,0,1,1,1,0,0,1,0,0,1,0,,,,,,26-30,26-35,City street,U,Friday,,MC,White,1,0,0,0,City Street,Municipal/City Police,Vancouver Police Department,0,0,0,1,0,,,,,,0,1,10,1,,,,,417,,,,,,,,,,,,,,,,,,,,,,,,,,,,,
2018,180,E811247,5,05/10/2018,21:10,10,5,0,11,Clark,2370,1,0,3,1,2,1,1,2,1,,,,8,0,0,1.9,1,0,1,3,2,1,3,0,0,0,0,SR-14,,-122.6425444,45.61851944,0,1,13,80,5,60,34,0,0,1,5,8,1,1,2,3,1,2,1,53,0,7,482,2004,0,0,8,,,,,,1,1,49,1,0,0,0,0,3,0,11,0,,,,,0,0,3,3,1,0,0,0,0,96,,,,,,0,,,,,,98664,53,69,230,6,1,0,0,0,0,,0,,,,,,0,,,20,0,0,0,8,9,2,,,0,0,0,0,0,8,95,,,96,,,8,95,995,,,,,,,,,,,,,,,,,,,,,,,,,,,,,,0,0,0,0,0,0,0,0,0,0,0,0,0,0,0,0,0,0,0,0,0,0,0,0,0,0,0,0,0,1,0,1,0,0,0,,0,0,0,0,0,0,0,0,0,0,0,0,0,0,0,0,,,,,,46-50,46-55,State route,U,Thursday,Belt Used,PV,Not Fatal,0,0,0,0,State Route,State Patrol,Washington State Patrol Headquarter,0,1,0,0,0,,,,,,0,0,0,,,,,,,,,,,,,,,,,,,,,,,,,,,,,,,,,,,
2018,239,E817815,14,07/12/2018,18:53,12,7,0,11,Clark,0,1,0,1,1,2,1,0,2,1,,,,42,0,0,1.6,1,0,1,6,1,2,4,0,0,0,0,CR-NE BRADFORD RD,,-122.4050333,45.66246944,0,1,7,6,1,50,4,0,0,1,7,42,3,2,2,1,14,2,1,53,0,35,47,2008,0,0,68,64,42,1,,,1,1,26,2,0,0,3,0,3,0,11,8,,,,,0,0,3,2,1,0,0,0,0,96,,,,,,99,,,,,,98664,53,65,200,1,1,0,0,0,0,,97,,,,,,4,07/15/2013,06/15/2018,1,0,0,1,8,9,8,,,0,0,0,8,9,2,348,605,695,1,1,1,2,1,0,,,,,,,,,,,,,,,,,,,,,,,,,,,,,,0,0,0,0,0,0,1,1,1,0,0,0,1,1,0,0,0,0,0,0,0,0,0,0,0,0,0,0,0,1,0,0,0,0,0,,0,0,0,0,0,0,1,1,0,1,0,1,0,0,1,0,,,,,,26-30,26-35,County road,R,Thursday,Belt Used,PV,Not Fatal,0,1,0,0,County Road,County Sheriff,Clark County Sheriff's Office,1,0,1,0,0,thc,4.1,carboxy-thc,120,,0,0,2,,,,,,,,,,,,,,,,,,,,,,,,,,,,,,,,,,,
2018,324,E837393,305,09/12/2018,12:55,12,9,0,11,Clark,2370,10,0,1,1,2,1,1,1,1,12:55,13:01,13:15,8,0,0,0,1,0,1,7,2,4,6,0,0,0,0,N ANDRESEN RD,,-122.6020806,45.62123056,0,1,13,80,5,35,20,0,0,1,5,8,1,1,4,2,1,1,1,53,0,12,443,2005,0,0,8,,,,,,1,1,53,1,0,0,0,0,3,0,11,0,,,,,0,0,3,3,1,0,0,0,0,96,,,,,,0,,,,,,98664,53,74,260,6,1,0,2,1,0,,0,,,,,,0,11/15/2013,01/15/2017,20,0,0,0,8,9,8,,,0,0,0,8,0,8,95,,,96,,,8,95,995,,,,,,,,,,,,,,,,,,,,,,,,,,,,,,0,0,0,0,0,0,0,0,0,0,0,0,0,0,0,0,0,0,0,0,0,0,0,0,0,0,0,0,0,1,0,1,0,0,0,,0,0,0,0,0,0,0,0,0,0,0,0,0,0,0,0,,,,,,51-55,46-55,City street,U,Wednesday,Belt Used,PV,Not Fatal,0,0,0,0,City Street,Municipal/City Police,Vancouver Police Department,0,0,0,1,0,,,,,,0,0,0,,,,,,,,,,,,,,,,,,,,,,,,,,,,,,,,,,,
2021,67,EB14081,305,03/07/2021,21:55,7,3,,11,Clark,2370,10,,3,2,2,1,0,1,1,,,,42,0,0,0,1,0,1,3,2,4,6,0,0,0,0,E MILL PLAIN BLVD,,-122.5743417,45.62126944,0,1,6,9,1,35,2,0,0,1,2,42,1,1,2,3,1,1,2,53,0,58,37,2003,0,,64,42,,,,,1,1,19,1,1,,4,0,3,0,11,5,03/12/2021,18:38,2.37053E+11,12577,0,0,0,3,1,8,,,,96,,,,,,98,,,,,,98664,53,67,157,6,1,0,0,0,0,,0,,,,,,0,,,8,0,0,1,0,9,8,,,0,,,8,8,2,1,,,1,,,2,1,0,,,,,,,,,,,,,,,,,,,,,,,,,,,,,,0,0,1,0,0,0,0,0,0,0,0,0,0,0,0,0,0,0,0,0,0,1,1,0,1,0,0,0,0,1,0,0,0,0,0,,1,0,0,0,0,0,0,0,0,0,0,0,0,0,0,0,,,,,,18-20,16-25,City street,U,Sunday,Belt Used,PV,Hispanic,0,1,0,0,City Street,Municipal/City Police,Vancouver Police Department,1,0,0,1,0,,,,,,0,0,0,,,,,,,,,,,98,98,98,98,,,,,20,,,,,,,,,1,0,,,,,,
2021,104,EB23200,35,04/17/2021,20:09,17,4,,53,Pierce,0,1,,2,1,2,2,0,2,1,,,,31,0,0,1.5,1,0,1,4,2,2,4,0,0,0,0,CR-40TH ST NW,,-122.64875,47.29365556,0,1,7,9,1,35,6,0,0,1,2,31,1,1,2,1,1,2,2,53,0,49,46,2017,0,,63,69,68,64,31,30,1,1,26,2,4,,4,7,3,0,11,0,04/17/2021,20:09,53018646,18646,0,0,0,0,1,0,,,,96,,,,,,98,,,,,,98664,53,,999,0,0,99,99,99,99,,0,,,,,,0,,,1,0,0,0,0,9,8,,,0,,,8,8,8,95,,,96,,,8,95,995,,,,,,,,,,,,,,,,,,,,,,,,,,,,,,0,0,0,0,0,0,0,0,0,0,0,0,0,1,0,0,0,0,0,0,0,0,0,0,0,0,0,0,0,1,0,0,0,0,0,,1,0,0,0,0,0,0,0,0,0,0,1,0,0,0,0,,,,,,26-30,26-35,County road,U,Saturday,Belt Used,PV,Hispanic,0,1,0,0,County Road,County Sheriff,Law Enforcement Support Agency,1,0,1,0,0,,,,,,99,99,99,,,,,,,,,,,98,98,98,1,,,,,20,,,,,,,,,1,0,,,040 ST NW,1.49,NULL,