year,case,par,repjur,crash_dt,crash_tm,accday,accmon,holiday,county,co_char,city,weather,weather2,lightcond,surfcond,surftype,numfatal,nmforms,pforms,vforms,not_tm,arr_tm,hosp_tm,fhevent,hitrun,manncol,milepnt,reljunc,reljuncinter,intersectiontype,funcsystem,landuse,ownership,route,schlbus,spejur,contdev,devfunc,trafid1,trafid2,x,y,wk_zone,vnumber,crashtype,criticalevent,criticaleventcat,spdlim,body,trailer,emerg,hazcargo,leave,mhevent,roadalgn,roadprof,traflane,trafflow,vehmanvr,numoccs,regowner,regstate,spuse,make,model,modelyr,vrf1,vrf2,seqevent1,seqevent2,seqevent3,seqevent4,seqevent5,seqevent6,pnumber,ptype,age,sex,hispanic,race,injury,diedscene,restraint,restraintmisuse,seatpos,takehosp,death_dt,death_tm,cert,cernum_wa,commlic,licendor,licrestrict,liccomp,drivpres,drf1,drf2,drf3,drf4,distract1,distract2,distract3,distract4,distract5,distract6,dricond1,dricond2,dricond3,dricond4,dricond5,dricond6,dzip,licstate,drhgt_in,weight,noncdl,noncdltype,prevdwi,prevoth,prevacc,prevspd,prevsus,driviol1,driviol2,driviol3,driviol4,driviol5,driviol6,spdrel,first_dt,last_dt,airbag,ejection,ejectpath,extricat,injurwrk,methalc,methdrug,nmlocat,strikveh,prf1,prf2,prf3,druginv,alcinvol,drugsts,drugres1,drugres2,drugres3,drugtst1,drugtst2,drugtst3,alcsts,alctst,alcres,nmact1,nmact2,nmact3,nmact4,nmact5,nmact6,nmprior1,nmprior2,nmprior3,nmprior4,nmprior5,nmprior6,nmcond1,nmcond2,nmcond3,nmcond4,nmcond5,nmcond6,nmsafe_helmet,nmsafe_pads,nmsafe_oth,nmprev_ref,nmprev_lgt,nmprev_oth,crashlocation,nmcrashtype,crosswalk,schoolzone,sidewalk,train_inv,wildlife_inv,rotr_fars,intersect_fars,dd_inv,aid_inv,dpd_inv,id_inv,mj_inv,impnm_inv,ainm_inv,dpnm_inv,speed_inv,unlic_inv,unendmc_inv,drowsy_inv,drdist_inv,nmdist_inv,fty_inv,unrestfat_inv,dr1617_inv,dr1820_inv,dr1620_inv,dr2125_inv,dr1625_inv,dr65_inv,dr70_inv,dr75_inv,mc_inv,pv_inv,ht_inv,ped_inv,bike_inv,unrest_fat,mc_fat,unhelmet_mc,pv_fat,ht_fat,ped_fat,bike_fat,dr_alc7,dr_alc8,dr_drug,dr_imp,dr_dist,dr_spd,dr_fty,dr_unlic,dr_alc7only,dr_alc8only,dr_drugonly,dr_drink,nm_imp,nm_alc7,nm_alc8,nm_drug,nm_dist,agegrp1,agegrp2,roadclass,urbrur,dayweek,restuse,vehtype,race_me,intersect,lanedep,oppdir,wrongway,rep_typ,investag,repag_long,rotr,st_rd,cty_rd,city_rd,oth_rd,drug_thc,thc_res,drug_cthc,cthc_res,drug_cann,prevpersemin,prevperse,prevsusoth,drugtst4,drugtst5,drugtst6,drugtst7,drugtst8,drugres4,drugres5,drugres6,drugres7,drugres8,adspresent,adsengaged,adslevel,race1,race2,race3,race4,race5,helmet,helmetmisuse,nmdistract1,nmdistract2,nmdistract3,nmdistract4,nmdistract5,nmdistract6,lab,isedtcase,crf1,crf2,crf3,CoRoadName,CoMP,IntCoRoadName,IntCoMP
2021,276,EB55286,5,07/30/2021,22:17,30,7,,11,Clark,2370,1,,3,1,2,1,0,1,1,,,,25,0,0,2.4,3,1,4,2,2,1,3,0,0,0,0,SR-500,STAPLETON RD,-122.6171333,45.64786111,0,1,6,12,2,98,80,0,0,1,2,25,2,1,1,6,14,1,1,53,0,72,706,2016,0,,64,25,,,,,1,1,50,1,7,,4,7,20,7,11,0,07/30/2021,22:17,2.37053E+11,38664,0,0,3,3,1,0,,,,92,,,,,,98,,,,,,98664,53,71,230,6,1,0,0,0,0,,0,,,,,,0,,,20,8,0,0,0,9,8,,,0,,,8,8,2,1,,,1,,,2,1,0,,,,,,,,,,,,,,,,,,,,,,,,,,,,,,0,0,1,1,0,0,0,0,0,0,0,0,0,0,0,0,1,0,0,0,0,0,0,0,0,0,0,0,1,0,0,0,0,0,1,0,0,0,0,0,0,0,0,0,1,0,0,0,0,0,0,0,,,,,,46-50,46-55,State route,U,Friday,,MC,White,1,0,0,0,State Route,State Patrol,Washington State Patrol,0,1,0,0,0,,,,,,0,0,0,,,,,,,,,,,0,0,0,1,,,,,5,,,,,,,,,1,0,,,,,,
2017,248,E692509,305,07/09/2017,1:38,9,7,0,11,Clark,2370,1,0,3,1,2,1,1,1,1,,,,8,0,0,0,1,0,1,7,2,4,6,0,0,0,0,E FOURTH PLAIN ST,,-122.6250444,45.63881944,0,1,13,80,5,30,2,0,0,1,5,8,1,1,5,1,1,1,2,53,0,37,31,2004,0,0,8,,,,,,1,1,29,1,0,0,0,0,3,0,11,0,,,,,0,0,0,0,1,0,0,0,0,0,,,,,,0,,,,,,98665,53,67,150,0,0,0,0,0,0,0,0,,,,,,0,,,20,0,0,0,8,9,8,,,0,0,0,8,0,0,0,0,0,0,0,0,0,0,996,,,,,,,,,,,,,,,,,,,,,,,,,,,,,,0,0,0,0,0,0,0,0,0,1,1,0,0,1,0,0,0,0,0,0,0,0,0,0,0,0,0,0,0,1,0,1,0,0,0,,0,0,0,0,0,0,0,0,0,0,0,1,0,0,0,0,,,,,,26-30,26-35,City street,U,Sunday,Belt Used,PV,Not Fatal,0,0,0,0,City Street,Municipal/City Police,Vancouver Police Department,0,0,0,1,0,,,,,,,,,,,,,,,,,,,,,,,,,,,,,,,,,,,,,,,,,,,
2017,426,E722375,5,10/09/2017,20:43,9,10,7,11,Clark,0,10,0,3,1,2,1,0,2,2,,,,12,0,2,7.1,1,0,1,1,2,1,1,0,0,0,0,I-5,,-122.6546583,45.71771111,0,1,50,54,3,60,14,0,0,1,2,12,1,2,3,3,1,1,1,53,0,12,402,2011,0,0,12,,,,,,1,1,43,1,7,1,4,7,3,0,11,0,10/09/2017,20:43,2.37053E+11,43936,0,0,0,3,1,51,0,0,0,96,,,,,,9,,,,,,98665,53,74,190,6,1,0,0,0,0,0,0,,,,,,0,,,1,0,0,0,0,9,1,,,0,0,0,1,9,2,395,0,0,1,0,0,2,1,0,,,,,,,,,,,,,,,,,,,,,,,,,,,,,,0,0,0,0,0,0,1,1,0,0,0,0,0,0,0,0,0,0,0,0,1,0,1,0,1,0,0,0,0,1,0,0,0,0,0,,1,0,0,0,0,0,1,1,0,0,0,0,0,0,1,0,,,,,,41-45,36-45,Interstate,U,Monday,Belt Used,PV,White,0,0,0,1,State Route,State Patrol,Washington State Patrol Headquarter,0,1,0,0,0,,,,,,,,,,,,,,,,,,,,,,,,,,,,,,,,,,,,,,,,,,,
2018,72,E778476,14,03/06/2018,10:17,6,3,0,11,Clark,0,1,0,1,0,0,1,0,3,2,10:18,10:20,11:07,12,0,6,1.5,8,0,1,4,2,2,4,0,0,0,0,CR-NW 99TH ST,,-122.6770833,45.69289444,0,1,82,15,2,0,4,0,0,1,7,12,0,0,0,0,11,1,1,53,0,48,34,1999,0,0,12,,,,,,1,1,17,2,0,0,3,0,3,0,11,5,,,,,0,0,3,3,1,38,0,0,0,96,,,,,,0,,,,,,98665,53,68,135,6,2,0,0,0,0,,97,,,,,,0,,,1,0,0,0,8,9,8,,,0,0,0,8,0,8,95,,,96,,,8,95,995,,,,,,,,,,,,,,,,,,,,,,,,,,,,,,0,0,0,0,0,0,0,0,0,0,0,0,1,0,0,0,0,0,1,0,1,0,1,0,1,1,1,1,0,1,0,0,0,0,0,,0,0,0,0,0,0,0,0,0,0,1,0,0,0,0,0,,,,,,16-17,16-25,County road,U,Tuesday,Belt Used,PV,Not Fatal,0,0,0,0,County Road,County Sheriff,Clark County Sheriff's Office,0,0,1,0,0,,,,,,0,0,0,,,,,,,,,,,,,,,,,,,,,,,,,,,,,,,,,,,
2018,78,E781803,5,03/16/2018,21:34,16,3,0,11,Clark,0,10,0,3,2,2,1,1,1,1,21:34,21:40,22:02,8,0,0,4,1,0,1,3,2,2,4,0,0,0,0,CR-NE HWY 99,,-122.6618389,45.67991111,0,1,13,80,5,40,34,0,0,1,7,8,1,1,8,1,1,1,2,53,0,12,481,2013,0,0,8,,,,,,1,1,43,1,0,0,0,0,3,0,11,0,,,,,0,0,0,3,1,0,0,0,0,96,,,,,,99,,,,,,98665,53,73,280,6,1,0,0,0,0,,0,,,,,,0,,,20,0,0,0,8,9,8,,,0,0,0,8,9,2,1,,,1,,,2,1,0,,,,,,,,,,,,,,,,,,,,,,,,,,,,,,0,0,0,0,0,0,0,0,0,1,0,1,0,0,0,0,0,1,0,0,0,0,0,0,0,0,0,0,0,1,0,1,0,0,0,,0,0,0,0,0,0,0,0,0,0,0,0,0,0,0,0,,,,,,41-45,36-45,County road,U,Friday,Belt Used,PV,Not Fatal,0,0,0,0,County Road,County Sheriff,Clark County Sheriff's Office,0,0,1,0,0,,,,,,0,0,0,,,,,,,,,,,,,,,,,,,,,,,,,,,,,,,,,,,
2019,118,E914919,1,04/22/2019,1:37,22,4,,77,Yakima,0,1,0,2,1,2,1,0,2,1,,,,1,0,0,60.3,1,0,1,3,1,1,2,0,3,0,0,US-97,,-120.3201917,46.35973611,0,1,1,13,2,55,4,0,0,1,2,1,1,1,2,1,1,2,3,53,0,35,47,2019,0,0,63,67,1,,,,1,1,25,1,0,,1,0,20,7,11,8,,,,,0,0,0,3,1,0,0,0,0,96,,,,,,9,,,,,,98665,53,67,155,6,1,0,0,1,0,,97,,,,,,3,07/15/2017,07/15/2017,2,0,0,0,8,1,8,,,0,0,0,1,1,2,695,605,337,1,1,1,2,1,0.097,,,,,,,,,,,,,,,,,,,,,,,,,,,,,,0,0,1,0,1,1,1,1,1,0,0,0,1,0,0,0,0,0,0,1,0,0,0,1,1,0,0,0,0,1,0,0,0,0,0,,0,0,0,0,0,1,1,1,0,1,0,0,0,0,0,1,,,,,,21-25,16-25,US highway,R,Monday,Not Used,PV,Not Fatal,0,1,0,0,State Route,State Patrol,Washington State Patrol,1,1,0,0,0,thc,3.5,carboxy-thc,25,,0,0,0,1,,,,,348,,,,,98,98,98,0,,,,,20,7,,,,,,,,,,,,,,,
2020,290,EA56931,14,08/19/2020,17:19,19,8,,11,Clark,0,1,,1,1,2,1,0,2,2,17:21,17:25,,12,0,6,2.1,2,0,3,5,2,2,4,0,0,3,3,CR-NE MINNEHAHA ST,NE 47TH AVE,-122.6222972,45.66787778,0,2,98,98,7,40,80,0,0,1,2,12,1,1,2,2,1,1,1,53,0,73,704,2020,0,,12,,,,,,1,1,59,1,7,,4,7,20,7,11,0,08/19/2020,17:19,53039304,39304,0,0,3,2,1,0,,,,96,,,,,,0,,,,,,98665,53,72,185,6,1,0,0,0,0,,0,,,,,,0,,,20,8,0,0,0,9,8,,,0,,,8,8,2,695,605,996,1,1,1,2,1,0,,,,,,,,,,,,,,,,,,,,,,,,,,,,,,0,0,0,1,1,1,1,1,1,0,0,0,0,1,1,0,0,0,0,0,0,0,0,0,0,0,0,0,1,1,0,0,0,0,1,0,0,0,0,0,0,0,1,1,0,0,0,0,0,0,1,0,,,,,,56-60,56-65,County road,U,Wednesday,,MC,White,1,0,0,0,County Road,County Sheriff,Clark County Sheriff's Office,0,0,1,0,0,thc,2,carboxy-thc,18,,0,0,0,,,,,,,,,,,0,0,0,1,,,,,5,0,,,,,,,nms,1,0,,,NE MINNEHAHA ST,2.09,NE 47TH AVE,0
2021,48,EB10945,5,02/23/2021,3:08,23,2,,11,Clark,0,10,,2,1,2,1,1,5,4,,,,8,0,0,9.1,1,0,1,1,2,1,1,0,0,0,0,I-5,,-122.6611306,45.74499167,0,4,98,80,5,60,4,0,0,1,5,8,1,1,4,3,1,2,1,53,0,37,31,2008,0,,8,,,,,,1,1,47,2,0,,0,0,99,7,11,0,,,,,0,0,0,3,1,0,,,,96,,,,,,98,,,,,,98665,53,61,210,6,1,0,0,0,0,,0,,,,,,0,08/15/2016,02/15/2017,20,0,0,0,8,9,8,,,0,,,8,8,0,0,,,0,,,0,0,996,,,,,,,,,,,,,,,,,,,,,,,,,,,,,,0,0,0,0,0,0,0,0,0,1,0,1,0,0,0,0,0,0,0,0,0,0,0,0,0,0,0,0,0,1,1,1,0,0,0,,0,0,0,0,0,0,0,0,0,0,0,0,0,0,0,0,,,,,,46-50,46-55,Interstate,U,Tuesday,Unknown,PV,Not Fatal,0,0,0,0,State Route,State Patrol,Washington State Patrol,0,1,0,0,0,,,,,,0,0,3,,,,,,,,,,,98,98,98,0,,,,,20,,,,,,,,,1,0,,,,,,
2021,624,EB52044,57,07/26/2021,9:59,26,7,,11,Clark,107,1,,1,1,2,1,0,4,3,,,,12,0,1,8.6,1,0,1,2,2,1,3,0,0,50,3,SR-503,,-122.5474778,45.79109167,0,2,29,53,3,55,4,0,0,1,5,12,8,8,2,1,2,1,1,53,0,34,34,2016,0,,12,68,12,,,,1,1,17,2,0,,1,0,3,0,11,0,,,,,0,0,3,3,1,0,,,,96,,,,,,98,,,,,,98665,53,62,116,6,2,0,0,0,0,,0,,,,,,0,,,8,0,0,0,8,2,3,,,0,,,8,0,0,0,,,0,,,2,10,0,,,,,,,,,,,,,,,,,,,,,,,,,,,,,,0,0,0,0,0,0,0,0,0,0,0,0,0,0,0,0,1,0,0,0,1,0,1,0,1,0,0,0,0,1,1,0,0,0,0,,0,0,0,0,0,0,0,0,0,0,0,0,0,0,0,0,,,,,,16-17,16-25,State route,U,Monday,Belt Used,PV,Not Fatal,1,0,0,0,State Route,Municipal/City Police,Battleground Police Department,0,1,0,0,0,,,,,,0,0,0,,,,,,,,,,,98,98,98,0,,,,,20,,,,,,,,,1,0,,,,,,
2019,205,E934239,5,06/20/2019,17:04,20,6,,11,Clark,0,1,0,1,1,2,1,0,1,1,,,,42,0,0,14.5,1,0,1,4,1,1,3,0,0,0,0,SR-503,,-122.5170528,45.87055556,0,1,7,6,1,50,4,0,0,1,2,42,2,1,2,1,14,1,1,53,0,35,39,2000,0,0,63,69,68,64,42,,1,1,24,1,7,,4,7,3,0,11,0,06/20/2019,17:04,53028150,28150,0,0,0,3,1,58,0,0,0,96,,,,,,99,,,,,,98668,53,72,140,6,1,0,0,0,0,,0,,,,,,4,,,2,0,0,0,0,9,8,,,0,0,0,8,9,2,605,695,,1,1,,2,1,0.15,,,,,,,,,,,,,,,,,,,,,,,,,,,,,,0,0,0,0,1,1,1,1,1,0,0,0,1,0,0,0,0,0,0,0,0,0,0,1,1,0,0,0,0,1,0,0,0,0,0,,1,0,0,0,0,1,1,1,0,1,0,0,0,0,0,1,,,,,,21-25,16-25,State route,R,Thursday,Belt Used,PV,White,0,1,0,0,State Route,State Patrol,Washington State Patrol,1,1,0,0,0,thc,14,carboxy-thc,29,,0,0,0,,,,,,,,,,,98,98,98,1,,,,,20,7,,,,,,,,,,,,,,,
2018,421,E862716,32,11/12/2018,11:15,12,11,0,47,Okanogan,0,1,0,1,1,5,1,0,1,1,,,,42,0,0,0.8,1,0,1,7,1,2,4,0,0,0,0,CR-SMITH CANYON RD,,-120.1710361,48.26416389,0,1,6,12,2,35,34,0,0,1,7,42,1,2,2,1,1,1,2,41,0,7,481,1987,0,0,68,64,42,,,,1,1,30,1,7,1,4,7,3,0,11,0,11/12/2018,11:15,53050823,50823,0,0,0,0,1,0,0,0,0,92,,,,,,99,,,,,,98670,53,68,145,0,0,0,0,0,0,,0,,,,,,0,,,20,0,0,0,0,9,8,,,0,0,0,8,1,2,1,,,1,,,2,1,0.16,,,,,,,,,,,,,,,,,,,,,,,,,,,,,,0,0,1,0,1,1,0,1,0,0,0,0,0,1,0,0,1,0,0,0,0,0,0,0,0,0,0,0,0,1,0,0,0,0,0,,1,0,0,0,0,1,0,1,1,0,0,1,0,1,0,1,,,,,,26-30,26-35,County road,R,Monday,Belt Used,PV,White,0,1,0,0,County Road,County Sheriff,Okanogan County Sheriff's Office,1,0,1,0,0,,,,,,0,0,0,,,,,,,,,,,,,,,,,,,,,,,,,,,,,,,,,,,
2017,23,E634599,22,01/21/2017,2:17,21,1,0,27,Grays Harbor,0,10,0,2,2,2,1,0,1,1,,,,42,0,0,5.2,1,0,1,6,1,2,4,0,0,0,0,CR- E SATSOP RD,,-123.4862944,47.06386944,0,1,6,12,2,45,34,0,0,1,2,1,2,1,2,1,14,1,1,53,0,12,471,1990,0,0,68,64,67,42,35,1,1,1,27,1,7,1,4,7,20,0,11,0,01/21/2017,2:17,53003264,3264,0,0,0,3,1,0,0,0,0,92,,,,,,99,,,,,,98671,53,69,170,6,1,0,0,0,4,0,0,,,,,,0,05/15/2012,09/15/2015,20,0,0,0,0,9,8,,,0,0,0,8,9,2,605,0,0,1,0,0,2,1,0.26,,,,,,,,,,,,,,,,,,,,,,,,,,,,,,0,0,1,0,1,1,1,1,1,0,0,0,0,0,0,0,1,0,0,0,0,0,0,0,0,0,0,0,0,0,0,0,0,1,0,,0,0,0,0,0,1,1,1,1,0,0,0,0,0,0,1,,,,,,26-30,26-35,County road,R,Saturday,Not Used,PV,White,0,1,0,0,County Road,County Sheriff,Grays Harbor County Sheriff's Offic,1,0,1,0,0,thc,10,carboxy-thc,83,,,,,,,,,,,,,,,,,,,,,,,,,,,,,,,,,,,,,,,
2017,197,E681995,5,06/10/2017,1:06,10,6,0,59,Skamania,0,10,0,2,8,2,1,1,1,1,,,,15,0,0,28.5,1,0,1,3,1,1,3,0,0,0,0,SR-14,,-122.1322194,45.59545833,0,1,13,83,5,55,34,0,0,1,2,15,1,1,2,1,1,1,1,53,0,12,481,2015,0,0,15,,,,,,1,1,75,1,0,0,0,0,3,0,11,0,,,,,0,0,3,3,1,0,0,0,0,0,,,,,,0,,,,,,98671,53,72,237,6,1,0,0,0,0,0,0,,,,,,0,,,20,0,0,0,8,9,8,,,0,0,0,0,0,8,95,0,0,6,0,0,8,95,995,,,,,,,,,,,,,,,,,,,,,,,,,,,,,,0,0,0,0,0,0,0,0,0,1,0,1,0,0,0,0,0,0,0,0,0,0,0,0,0,1,1,1,0,0,0,1,0,0,0,,0,0,0,0,0,0,0,0,0,0,0,0,0,0,0,0,,,,,,71-75,66-75,State route,R,Saturday,Belt Used,PV,Not Fatal,0,0,0,0,State Route,State Patrol,Washington State Patrol Headquarter,0,1,0,0,0,,,,,,,,,,,,,,,,,,,,,,,,,,,,,,,,,,,,,,,,,,,
2017,292,E697700,5,08/01/2017,9:28,1,8,0,11,Clark,0,1,0,1,1,2,1,0,5,4,9:25,9:28,10:25,12,0,8,10.9,1,0,1,4,1,1,3,0,0,0,0,SR-500,,-122.4898556,45.672,0,4,98,62,4,50,4,0,0,1,2,12,3,1,2,1,14,1,1,53,0,30,40,2011,0,0,12,,,,,,1,1,44,1,0,0,1,0,3,0,11,4,,,,,0,0,0,3,1,0,0,0,0,0,,,,,,0,,,,,,98671,53,73,220,6,1,0,0,0,0,0,0,,,,,,0,,,1,0,0,0,8,9,8,,,0,0,0,8,0,0,0,0,0,0,0,0,0,0,996,,,,,,,,,,,,,,,,,,,,,,,,,,,,,,0,0,0,0,0,0,1,1,0,0,0,0,0,0,0,0,0,0,0,0,0,0,0,0,0,1,0,0,0,1,0,0,0,0,0,,0,0,0,0,0,0,0,0,0,0,0,0,0,0,0,0,,,,,,41-45,36-45,State route,R,Tuesday,Belt Used,PV,Not Fatal,0,1,1,0,State Route,State Patrol,Washington State Patrol Headquarter,0,1,0,0,0,,,,,,,,,,,,,,,,,,,,,,,,,,,,,,,,,,,,,,,,,,,
2018,39,E769093,305,02/10/2018,16:25,10,2,0,11,Clark,2370,1,0,1,1,2,1,0,1,2,16:24,16:27,,1,0,0,0,1,0,1,5,2,4,6,0,0,0,0,SE 7TH ST,,-122.5322028,45.61627222,0,1,98,6,1,25,80,0,0,1,7,1,1,1,8,1,1,1,2,41,0,98,706,2013,0,0,1,14,,,,,1,1,26,1,7,1,4,7,19,0,11,0,02/10/2018,16:25,2.37053E+11,7162,0,0,3,2,1,0,0,0,0,96,,,,,,99,,,,,,98671,53,74,165,6,1,1,0,0,2,,0,,,,,,3,10/15/2015,07/15/2017,20,8,0,0,0,9,8,,,0,0,0,8,9,2,1,,,1,,,2,1,0,,,,,,,,,,,,,,,,,,,,,,,,,,,,,,0,0,0,0,0,0,0,0,0,0,0,0,1,0,1,0,0,0,0,0,0,0,0,0,0,0,0,0,1,0,1,0,0,0,1,0,0,0,0,0,0,0,0,0,0,1,0,0,0,0,0,0,,,,,,26-30,26-35,City street,U,Saturday,,MC,White,0,0,0,0,City Street,Municipal/City Police,Vancouver Police Department,0,0,0,1,0,,,,,,0,1,0,,,,,,,,,,,,,,,,,,,,,,,,,,,,,,,,,,,
2018,73,E778793,14,03/11/2018,20:15,11,3,0,11,Clark,0,1,0,2,1,2,1,0,3,2,,,,12,0,2,5.5,1,0,1,5,1,2,4,0,0,0,0,CR-NE WASHOUGAL RIVER,,-122.296875,45.62374444,0,2,51,62,4,45,4,0,0,1,7,12,2,1,2,1,14,1,2,53,0,63,33,2008,0,0,12,,,,,,1,1,23,1,0,0,3,0,3,0,11,5,,,,,0,0,0,3,1,0,0,0,0,96,,,,,,0,,,,,,98671,53,71,150,6,1,0,0,0,5,,0,,,,,,3,12/15/2013,02/15/2015,1,0,0,0,8,9,8,,,0,0,0,8,0,8,95,,,96,,,8,95,995,,,,,,,,,,,,,,,,,,,,,,,,,,,,,,0,0,0,0,0,0,1,1,1,0,0,0,1,0,0,0,0,0,0,0,0,0,0,1,1,0,0,0,0,1,0,0,0,0,0,,0,0,0,0,0,0,0,0,0,1,0,0,0,0,0,0,,,,,,21-25,16-25,County road,R,Sunday,Belt Used,PV,Not Fatal,0,1,1,0,County Road,County Sheriff,Clark County Sheriff's Office,0,0,1,0,0,,,,,,0,0,1,,,,,,,,,,,,,,,,,,,,,,,,,,,,,,,,,,,
2018,209,E807599,5,06/10/2018,18:38,10,6,0,59,Skamania,0,2,0,1,2,2,1,0,1,1,,,,1,0,0,29.6,1,0,1,3,1,1,3,0,0,0,0,SR-14,,-122.1302639,45.59633056,0,1,1,6,1,55,2,0,0,1,2,1,1,2,2,1,6,1,1,53,0,12,3,2017,0,0,68,68,63,1,42,,1,1,46,1,7,1,4,0,3,0,11,4,06/26/2018,1:39,2.37053E+11,28417,0,0,0,3,1,0,0,0,0,96,,,,,,0,,,,,,98671,53,74,235,6,1,1,0,0,1,,0,,,,,,4,04/15/2017,02/15/2018,2,0,0,0,0,9,8,,,0,0,0,8,0,8,95,,,96,,,8,95,995,,,,,,,,,,,,,,,,,,,,,,,,,,,,,,0,0,1,0,0,0,0,0,0,0,0,0,1,0,0,0,0,0,0,0,0,0,0,0,0,0,0,0,0,1,0,0,0,0,0,,1,0,0,0,0,0,0,0,0,1,0,0,0,0,0,0,,,,,,46-50,46-55,State route,R,Sunday,Belt Used,PV,White,0,1,0,0,State Route,State Patrol,Washington State Patrol,1,1,0,0,0,,,,,,0,1,0,,,,,,,,,,,,,,,,,,,,,,,,,,,,,,,,,,,
2018,175,E809027,5,06/11/2018,23:57,11,6,0,11,Clark,240,1,0,2,1,2,1,1,1,1,,,,8,0,0,10.7,1,0,1,3,2,1,3,0,0,0,0,SR-14,,-122.4634611,45.58306667,0,1,13,80,5,60,5,0,0,1,2,8,1,1,2,3,1,1,1,53,0,49,46,2015,0,0,8,,,,,,1,1,54,1,0,0,2,0,3,0,11,8,,,,,0,0,0,3,1,0,0,0,0,96,,,,,,0,,,,,,98671,53,68,170,6,1,0,0,1,0,,0,,,,,,0,11/15/2014,11/15/2014,8,0,0,0,8,9,2,,,0,0,0,0,0,8,95,,,96,,,8,95,995,,,,,,,,,,,,,,,,,,,,,,,,,,,,,,0,0,0,0,0,0,0,0,0,1,0,1,0,0,0,0,0,0,0,0,0,0,0,0,0,0,0,0,0,1,0,1,0,0,0,,0,0,0,0,0,0,0,0,0,0,0,0,0,0,0,0,,,,,,51-55,46-55,State route,U,Monday,Belt Used,PV,Not Fatal,0,0,0,0,State Route,State Patrol,Washington State Patrol,0,1,0,0,0,,,,,,0,0,0,,,,,,,,,,,,,,,,,,,,,,,,,,,,,,,,,,,
2019,97,E907496,14,03/30/2019,0:25,30,3,,11,Clark,0,1,0,2,1,2,1,0,2,2,,,,12,0,1,0.1,1,0,1,5,2,2,4,0,0,0,0,CR-NW 99TH ST,,-122.684525,45.692875,0,2,20,50,3,98,34,0,0,1,7,1,1,2,2,1,1,1,1,53,0,7,482,2012,0,0,12,1,,,,,1,1,26,1,6,,4,7,99,7,11,0,03/30/2019,0:25,53015292,15292,0,0,0,3,1,0,0,0,0,96,,,,,,99,,,,,,98671,53,71,185,6,1,0,0,0,1,,0,,,,,,0,03/15/2018,03/15/2018,8,0,0,0,0,9,8,,,0,0,0,8,9,2,1,,,1,,,2,1,0.17,,,,,,,,,,,,,,,,,,,,,,,,,,,,,,0,0,0,0,1,1,0,1,0,0,0,0,0,0,0,0,0,0,0,0,0,0,0,0,0,0,0,0,0,1,0,0,0,0,0,,1,0,0,0,0,1,0,1,0,0,0,0,0,1,0,1,,,,,,26-30,26-35,County road,U,Saturday,Unknown,PV,Hispanic,0,0,0,0,County Road,County Sheriff,Clark County Sheriff's Office,0,0,1,0,0,,,,,,0,0,0,,,,,,,,,,,98,98,98,298,,,,,20,7,,,,,,,,,,,,,,,
2019,196,E934303,14,06/25/2019,16:45,25,6,,11,Clark,2420,1,0,1,1,2,2,2,1,1,,,,38,1,0,0,1,0,1,7,2,4,6,0,0,98,3,N SHEPHERD RD  THRUWAY,,-122.3669139,45.58909167,0,1,1,13,2,98,14,0,0,1,5,8,3,8,2,1,98,1,2,53,0,2,404,2005,0,0,63,38,8,8,31,,1,1,71,1,0,,0,0,99,7,11,0,,,,,0,0,0,3,1,91,0,0,0,96,,,,,,9,,,,,,98671,53,66,140,6,1,0,0,0,0,,1,7,,,,,0,,,20,0,0,0,8,9,8,,,0,0,0,8,1,2,1,,,1,,,2,1,0.075,,,,,,,,,,,,,,,,,,,,,,,,,,,,,,0,0,1,0,1,0,0,0,0,0,0,0,0,0,0,0,0,0,0,0,0,0,0,0,0,1,1,0,0,1,0,1,0,0,0,,0,0,0,0,1,0,0,0,0,0,0,0,1,0,0,1,,,,,,71-75,66-75,City street,U,Tuesday,Unknown,PV,Not Fatal,0,1,0,0,City Street,Municipal/City Police,Washougal Police Department,1,0,0,1,0,,,,,,0,0,0,,,,,,,,,,,98,98,98,0,,,,,20,7,,,,,,,,,,,,,,,
2019,286,E949994,14,07/31/2019,22:32,31,7,,11,Clark,0,1,0,2,1,2,1,0,1,1,,,,42,0,0,9999.9,3,0,3,7,2,2,4,0,0,0,0,CR-NE 14TH ST,NE 249TH AVE,-122.4175861,45.63253889,0,1,1,13,2,40,4,0,0,1,7,42,3,1,2,1,14,1,2,53,0,34,34,1991,0,0,63,42,,,,,1,1,22,2,7,,4,7,20,7,11,0,07/31/2019,22:32,53034591,34591,0,0,0,2,1,0,0,0,0,96,,,,,,99,,,,,,98671,53,68,129,1,1,0,2,1,0,,0,,,,,,4,11/15/2015,05/15/2017,1,0,0,0,0,9,8,,,0,0,0,8,1,2,1,,,1,,,2,1,0.34,,,,,,,,,,,,,,,,,,,,,,,,,,,,,,0,0,1,1,1,1,0,1,0,0,0,0,1,1,0,0,0,0,0,1,0,0,0,1,1,0,0,0,0,1,0,0,0,1,0,,1,0,0,0,0,1,0,1,0,1,0,1,0,1,0,1,,,,,,21-25,16-25,County road,U,Wednesday,Not Used,PV,White,0,1,0,0,County Road,County Sheriff,Clark County Sheriff's Office,1,0,1,0,0,,,,,,0,0,2,,,,,,,,,,,0,0,0,1,,,,,20,7,,,,,,,,,,,,,,,