year,case,par,repjur,crash_dt,crash_tm,accday,accmon,holiday,county,co_char,city,weather,weather2,lightcond,surfcond,surftype,numfatal,nmforms,pforms,vforms,not_tm,arr_tm,hosp_tm,fhevent,hitrun,manncol,milepnt,reljunc,reljuncinter,intersectiontype,funcsystem,landuse,ownership,route,schlbus,spejur,contdev,devfunc,trafid1,trafid2,x,y,wk_zone,vnumber,crashtype,criticalevent,criticaleventcat,spdlim,body,trailer,emerg,hazcargo,leave,mhevent,roadalgn,roadprof,traflane,trafflow,vehmanvr,numoccs,regowner,regstate,spuse,make,model,modelyr,vrf1,vrf2,seqevent1,seqevent2,seqevent3,seqevent4,seqevent5,seqevent6,pnumber,ptype,age,sex,hispanic,race,injury,diedscene,restraint,restraintmisuse,seatpos,takehosp,death_dt,death_tm,cert,cernum_wa,commlic,licendor,licrestrict,liccomp,drivpres,drf1,drf2,drf3,drf4,distract1,distract2,distract3,distract4,distract5,distract6,dricond1,dricond2,dricond3,dricond4,dricond5,dricond6,dzip,licstate,drhgt_in,weight,noncdl,noncdltype,prevdwi,prevoth,prevacc,prevspd,prevsus,driviol1,driviol2,driviol3,driviol4,driviol5,driviol6,spdrel,first_dt,last_dt,airbag,ejection,ejectpath,extricat,injurwrk,methalc,methdrug,nmlocat,strikveh,prf1,prf2,prf3,druginv,alcinvol,drugsts,drugres1,drugres2,drugres3,drugtst1,drugtst2,drugtst3,alcsts,alctst,alcres,nmact1,nmact2,nmact3,nmact4,nmact5,nmact6,nmprior1,nmprior2,nmprior3,nmprior4,nmprior5,nmprior6,nmcond1,nmcond2,nmcond3,nmcond4,nmcond5,nmcond6,nmsafe_helmet,nmsafe_pads,nmsafe_oth,nmprev_ref,nmprev_lgt,nmprev_oth,crashlocation,nmcrashtype,crosswalk,schoolzone,sidewalk,train_inv,wildlife_inv,rotr_fars,intersect_fars,dd_inv,aid_inv,dpd_inv,id_inv,mj_inv,impnm_inv,ainm_inv,dpnm_inv,speed_inv,unlic_inv,unendmc_inv,drowsy_inv,drdist_inv,nmdist_inv,fty_inv,unrestfat_inv,dr1617_inv,dr1820_inv,dr1620_inv,dr2125_inv,dr1625_inv,dr65_inv,dr70_inv,dr75_inv,mc_inv,pv_inv,ht_inv,ped_inv,bike_inv,unrest_fat,mc_fat,unhelmet_mc,pv_fat,ht_fat,ped_fat,bike_fat,dr_alc7,dr_alc8,dr_drug,dr_imp,dr_dist,dr_spd,dr_fty,dr_unlic,dr_alc7only,dr_alc8only,dr_drugonly,dr_drink,nm_imp,nm_alc7,nm_alc8,nm_drug,nm_dist,agegrp1,agegrp2,roadclass,urbrur,dayweek,restuse,vehtype,race_me,intersect,lanedep,oppdir,wrongway,rep_typ,investag,repag_long,rotr,st_rd,cty_rd,city_rd,oth_rd,drug_thc,thc_res,drug_cthc,cthc_res,drug_cann,prevpersemin,prevperse,prevsusoth,drugtst4,drugtst5,drugtst6,drugtst7,drugtst8,drugres4,drugres5,drugres6,drugres7,drugres8,adspresent,adsengaged,adslevel,race1,race2,race3,race4,race5,helmet,helmetmisuse,nmdistract1,nmdistract2,nmdistract3,nmdistract4,nmdistract5,nmdistract6,lab,isedtcase,crf1,crf2,crf3,CoRoadName,CoMP,IntCoRoadName,IntCoMP
2019,306,E957141,305,09/01/2019,17:17,1,9,,11,Clark,2370,1,0,1,1,2,1,0,3,2,,,,12,0,6,0,2,0,2,7,2,4,6,0,0,3,3,SE 164TH AVE,SE 12TH ST,-122.5041861,45.61212222,0,1,68,15,2,40,4,0,0,1,5,12,1,1,5,1,11,1,1,53,0,19,3,1995,0,0,12,,,,,,1,1,81,1,7,,4,7,3,0,11,0,09/01/2019,17:17,2.37053E+11,39981,0,0,3,3,1,39,0,0,0,96,,,,,,99,,,,,,98671,53,68,238,6,1,0,1,1,0,,0,,,,,,0,12/15/2017,12/15/2017,2,0,0,0,0,9,8,,,0,0,0,8,9,2,1,,,1,,,2,1,0,,,,,,,,,,,,,,,,,,,,,,,,,,,,,,0,0,0,1,0,0,0,0,0,0,0,0,1,0,0,0,0,0,0,0,0,0,0,1,1,1,1,1,0,1,0,0,0,0,0,,1,0,0,0,0,0,0,0,0,0,0,0,0,0,0,0,,,,,,81+,76+,City street,U,Sunday,Belt Used,PV,White,1,0,0,0,City Street,Municipal/City Police,Vancouver Police Department,0,0,0,1,0,,,,,,0,0,0,,,,,,,,,,,0,0,0,1,,,,,20,7,,,,,,,,,,,,,,,
2020,35,EA10855,14,02/02/2020,16:28,2,2,,11,Clark,0,1,,1,1,2,1,0,1,1,,,,42,0,0,0.7,1,0,1,7,1,2,4,0,0,0,0,CR-SE 20TH ST,,-122.3247528,45.60718889,0,1,6,12,2,50,14,0,0,1,2,42,1,1,2,1,1,1,2,53,0,59,403,2004,0,,68,64,42,1,,,1,1,72,2,7,,4,7,3,0,11,0,02/02/2020,16:28,53005105,5105,0,0,3,3,1,0,,,,96,,,,,,98,,,,,,98671,53,61,117,6,1,0,0,0,0,,0,,,,,,0,,,8,0,0,0,0,9,8,,,0,,,8,8,2,1,,,1,,,2,1,0,,,,,,,,,,,,,,,,,,,,,,,,,,,,,,0,0,1,0,0,0,0,0,0,0,0,0,0,0,0,0,0,0,0,0,0,0,0,0,0,1,1,0,0,1,0,0,0,0,0,,1,0,0,0,0,0,0,0,0,0,0,0,0,0,0,0,,,,,,71-75,66-75,County road,R,Sunday,Belt Used,PV,White,0,1,0,0,County Road,County Sheriff,Clark County Sheriff's Office,1,0,1,0,0,,,,,,0,0,0,,,,,,,,,,,98,98,98,1,,,,,20,7,,,,,,,,1,0,,,SE 20TH ST,0.73,,
2020,50,EA18986,14,02/18/2020,19:31,18,2,,11,Clark,0,1,,3,1,2,1,0,5,2,19:48,19:51,20:08,12,0,6,5.4,4,0,1,3,2,2,4,0,0,0,0,CR-NE 78TH ST,,-122.6339944,45.67874167,0,1,82,15,2,45,6,0,0,1,2,12,1,2,5,5,11,4,1,53,0,12,25,2017,0,,12,,,,,,1,1,54,2,7,,4,7,3,0,11,0,02/18/2020,19:31,53009825,9825,0,0,0,3,1,38,,,,96,,,,,,98,,,,,,98671,53,68,250,6,1,0,0,0,1,,0,,,,,,0,08/15/2018,08/15/2018,7,0,0,0,0,9,8,,,0,,,8,8,2,1,,,1,,,2,1,0,,,,,,,,,,,,,,,,,,,,,,,,,,,,,,0,0,0,0,0,0,0,0,0,0,0,0,1,0,0,0,0,0,1,0,0,0,0,0,0,0,0,0,0,1,0,0,0,0,0,,1,0,0,0,0,0,0,0,0,0,1,0,0,0,0,0,,,,,,51-55,46-55,County road,U,Tuesday,Belt Used,PV,White,0,0,0,0,County Road,County Sheriff,Clark County Sheriff's Office,0,0,1,0,0,,,,,,0,0,0,,,,,,,,,,,98,98,98,1,,,,,20,7,,,,,,,,1,0,,,NE 78TH ST,5.41,,
2020,54,EA21778,5,02/24/2020,0:42,24,2,,15,Cowlitz,1010,1,,2,1,2,1,0,1,1,,,,25,0,0,38.3,1,0,1,1,2,1,1,0,0,0,0,I-5,,-122.8915417,46.12434444,0,1,7,6,1,70,4,0,0,1,2,25,3,1,3,3,14,1,1,53,0,42,48,2007,0,,64,25,,,,,1,1,20,1,1,,4,7,20,7,11,0,02/24/2020,0:42,1.01053E+11,9545,0,0,0,3,1,0,,,,96,,,,,,98,,,,,,98671,53,70,153,6,1,0,2,1,3,,0,,,,,,3,01/15/2015,08/15/2020,1,1,9,0,0,9,8,,,0,,,8,8,8,95,,,96,,,2,98,997,,,,,,,,,,,,,,,,,,,,,,,,,,,,,,0,0,0,0,0,0,0,0,0,0,0,0,1,0,0,0,0,0,0,1,0,1,1,0,1,0,0,0,0,1,0,0,0,1,0,,1,0,0,0,0,0,0,0,0,1,0,0,0,0,0,0,,,,,,18-20,16-25,Interstate,U,Monday,Not Used,PV,Hispanic,0,1,0,0,State Route,State Patrol,Washington State Patrol,1,1,0,0,0,,,,,,0,0,0,,,,,,,,,,,98,98,98,1,,,,,20,7,,,,,,,,1,0,,,,,,
2020,334,EA61388,14,08/30/2020,11:23,30,8,,11,Clark,0,1,,1,1,2,1,0,3,2,,,,11,0,0,1.3,1,0,1,6,1,2,4,0,0,0,0,CR-SE VERNON RD,,-122.2936444,45.62036389,0,2,98,98,7,50,80,0,0,1,5,12,1,2,2,1,1,1,1,53,0,37,705,2013,0,,12,,,,,,1,1,40,1,0,,2,0,20,7,11,0,,,,,0,0,0,3,1,0,,,,96,,,,,,0,,,,,,98671,53,71,165,6,1,0,0,2,1,,0,,,,,,0,08/15/2016,04/15/2019,20,8,0,0,8,9,8,,,0,,,8,8,0,0,,,0,,,0,0,996,,,,,,,,,,,,,,,,,,,,,,,,,,,,,,0,1,0,0,0,0,0,0,0,0,0,0,0,0,0,0,0,0,0,0,0,0,0,0,0,0,0,0,1,0,0,0,0,0,0,0,0,0,0,0,0,0,0,0,0,0,0,0,0,0,0,0,,,,,,36-40,36-45,County road,R,Sunday,,MC,Not Fatal,0,0,0,0,County Road,County Sheriff,Clark County Sheriff's Office,0,0,1,0,0,,,,,,0,0,0,,,,,,,,,,,0,0,0,0,,,,,19,0,,,,,,,,1,0,,,SE VERNON RD,1.32,,
2021,290,EB57248,1,08/10/2021,17:40,10,8,,23,Garfield,0,1,,1,1,2,1,0,1,1,,,,34,0,0,408,1,0,1,3,1,1,2,0,0,0,0,US-12,,-117.45935,46.44624444,0,1,1,13,2,60,80,0,0,1,2,34,3,2,3,1,14,1,1,53,0,72,706,2006,0,,63,34,,,,,1,1,64,1,7,,4,0,20,7,11,5,08/10/2021,18:51,1.69053E+11,39423,0,0,0,3,1,0,,,,92,,,,,,98,,,,,,98671,53,72,220,6,1,0,0,0,0,,0,,,,,,0,,,20,8,0,0,0,9,8,,,0,,,8,8,2,1,,,1,,,2,1,0.032,,,,,,,,,,,,,,,,,,,,,,,,,,,,,,0,0,1,0,1,0,0,0,0,0,0,0,0,0,0,0,1,0,0,0,0,0,0,0,0,0,0,0,1,0,0,0,0,0,1,0,0,0,0,0,1,0,0,0,1,0,0,0,1,0,0,1,,,,,,61-65,56-65,US highway,R,Tuesday,,MC,White,0,1,0,0,State Route,State Patrol,Washington State Patrol,1,1,0,0,0,,,,,,0,0,0,,,,,,,,,,,0,0,0,1,,,,,5,,,,,,,,,1,0,,,,,,
2021,383,EB73409,5,09/22/2021,9:47,22,9,,11,Clark,2420,1,,1,1,2,1,0,2,2,,,,12,0,2,16.1,2,0,6,2,2,1,3,0,0,28,3,SR-14,WASHOUGAL RIVER RD,-122.3561861,45.57665,0,1,52,17,2,55,4,0,0,1,2,12,2,1,2,1,1,1,1,53,0,37,32,2016,0,,68,64,69,12,,,1,1,60,1,7,,4,7,3,0,11,0,09/22/2021,9:47,2.42053E+11,48337,0,0,3,3,1,51,,,,96,,,,,,98,,,,,,98671,53,72,220,6,1,0,0,0,1,,0,,,,,,0,08/15/2018,08/15/2018,20,0,0,0,0,9,8,,,0,,,8,8,2,996,996,996,1,1,1,2,1,0,,,,,,,,,,,,,,,,,,,,,,,,,,,,,,0,0,0,1,0,0,1,1,0,0,0,0,0,0,0,0,0,0,0,0,0,0,0,0,0,0,0,0,0,1,0,0,0,0,0,,1,0,0,0,0,0,1,1,0,0,0,0,0,0,1,0,,,,,,56-60,56-65,State route,U,Wednesday,Belt Used,PV,White,1,0,0,0,State Route,State Patrol,Washington State Patrol,0,1,0,0,0,,,,,,0,0,0,,,,,,,,,,,98,98,98,1,,,,,20,,,,,,,,,1,0,,,,,,
2021,205,3889576,344,04/29/2021,15:58,29,4,,77,Yakima,0,1,,1,1,2,1,0,4,2,,,,12,0,2,50.9,1,0,1,3,1,1,2,0,3,97,8,US-97,,-120.4096056,46.25663889,0,1,50,10,2,65,6,0,0,1,2,12,1,2,3,1,1,1,1,53,0,6,52,2001,0,,68,12,,,,,1,1,20,1,7,,4,7,99,7,11,0,04/29/2021,15:58,53021651,21651,0,0,0,3,1,28,,,,92,,,,,,98,,,,,,98673,53,71,179,6,2,0,0,0,0,,0,,,,,,0,,,20,0,0,0,0,9,8,,,0,,,8,8,2,1,,,1,,,2,1,0,,,,,,,,,,,,,,,,,,,,,,,,,,,,,,0,0,0,0,0,0,0,0,0,0,0,0,0,1,0,0,1,0,0,0,0,1,1,0,1,0,0,0,0,1,0,0,0,0,0,,1,0,0,0,0,0,0,0,1,0,0,0,0,0,0,0,,,,,,18-20,16-25,US highway,R,Thursday,Unknown,PV,AIAN,0,1,1,0,State Route,Other Law Enforcement,Yakama Tribal Police Department,0,1,0,0,0,,,,,,0,0,0,,,,,,,,,,,98,98,98,3,,,,,20,,,,,,,,,1,0,,,,,,
2017,165,E676481,14,05/31/2017,5:14,31,5,0,11,Clark,0,10,0,4,1,2,1,0,1,1,,,,38,0,0,9.8,1,0,1,5,1,2,4,0,0,0,0,CR-NE CEDAR CREEK RD,,-122.5611972,45.93163056,0,1,6,12,2,50,4,0,0,1,2,1,1,2,2,1,1,1,5,41,0,37,32,1991,0,0,68,64,38,31,1,,1,1,38,1,7,1,4,7,20,0,11,0,05/31/2017,5:30,53024750,24750,0,0,0,2,1,0,0,0,0,96,,,,,,99,,,,,,98674,53,71,235,1,1,0,4,1,4,2,0,,,,,,0,04/15/2014,02/15/2017,20,1,9,0,0,9,8,,,0,0,0,8,9,2,401,417,0,1,1,0,2,1,0,,,,,,,,,,,,,,,,,,,,,,,,,,,,,,0,0,1,0,0,0,1,1,0,0,0,0,0,1,0,0,0,0,0,1,0,0,0,0,0,0,0,0,0,1,0,0,0,1,0,,1,0,0,0,0,0,1,1,0,0,0,1,0,0,1,0,,,,,,36-40,36-45,County road,R,Wednesday,Not Used,PV,White,0,1,0,0,County Road,County Sheriff,Clark County Sheriff's Office,1,0,1,0,0,,,,,,,,,,,,,,,,,,,,,,,,,,,,,,,,,,,,,,,,,,,
2017,151,E678121,5,06/02/2017,0:00,2,6,0,15,Cowlitz,0,1,0,2,1,2,1,0,1,1,,,,1,0,0,0.2,20,1,1,1,1,1,1,0,0,0,0,I-5 RAMP P102740,,-122.8229861,45.97968611,0,1,98,10,2,70,14,0,0,1,2,1,1,2,1,6,1,1,1,53,0,49,401,2005,0,0,64,1,69,63,59,,1,1,36,2,2,1,4,7,3,0,11,0,06/02/2017,0:02,53025936,25936,0,0,0,3,1,0,0,0,0,96,,,,,,99,,,,,,98674,53,66,150,6,1,0,1,1,0,1,0,,,,,,5,09/15/2014,09/15/2014,8,0,0,0,0,9,8,,,0,0,0,8,1,2,605,0,0,1,0,0,2,1,0.27,,,,,,,,,,,,,,,,,,,,,,,,,,,,,,0,0,0,0,1,1,1,1,1,0,0,0,1,0,0,0,0,0,0,0,0,0,0,0,0,0,0,0,0,1,0,0,0,0,0,,1,0,0,0,0,1,1,1,0,1,0,0,0,0,0,1,,,,,,36-40,36-45,Interstate,R,Friday,Belt Used,PV,Hispanic,0,1,0,0,State Route,State Patrol,Washington State Patrol Headquarter,1,1,0,0,0,thc,8.6,carboxy-thc,57,,,,,,,,,,,,,,,,,,,,,,,,,,,,,,,,,,,,,,,
2017,426,E722375,5,10/09/2017,20:43,9,10,7,11,Clark,0,10,0,3,1,2,1,0,2,2,,,,12,0,2,7.1,1,0,1,1,2,1,1,0,0,0,0,I-5,,-122.6546583,45.71771111,0,2,51,54,3,60,4,0,0,1,2,12,1,2,3,3,15,1,2,53,0,30,40,2000,0,0,12,,,,,,1,1,17,2,0,0,3,0,3,0,11,8,,,,,0,0,1,3,1,0,0,0,0,0,,,,,,0,,,,,,98674,53,66,175,6,2,0,0,1,0,0,0,,,,,,0,06/15/2017,06/15/2017,1,0,0,0,8,9,8,,,0,0,0,8,0,0,0,0,0,0,0,0,0,0,996,,,,,,,,,,,,,,,,,,,,,,,,,,,,,,0,0,0,0,0,0,1,1,0,0,0,0,0,0,0,0,0,0,0,0,1,0,1,0,1,0,0,0,0,1,0,0,0,0,0,,0,0,0,0,0,0,0,0,0,0,0,0,0,0,0,0,,,,,,16-17,16-25,Interstate,U,Monday,Belt Used,PV,Not Fatal,0,0,0,1,State Route,State Patrol,Washington State Patrol Headquarter,0,1,0,0,0,,,,,,,,,,,,,,,,,,,,,,,,,,,,,,,,,,,,,,,,,,,
2018,141,E800788,5,05/12/2018,17:51,12,5,0,11,Clark,1080,1,0,1,1,2,1,0,1,1,,,,1,0,0,16.1,1,0,1,1,1,1,1,0,0,0,0,I-5,,-122.7011833,45.84898333,0,1,6,12,2,70,34,0,0,1,7,1,1,1,3,3,1,1,1,53,0,7,482,2001,0,0,64,1,,,,,1,1,58,1,7,1,4,7,3,0,11,0,05/12/2018,17:51,1.08053E+11,22049,0,0,0,3,1,0,0,0,0,96,,,,,,9,,,,,,98674,53,69,180,6,1,0,0,1,1,,0,,,,,,0,07/15/2017,10/15/2017,1,0,0,0,0,1,8,,,0,0,0,8,1,2,1,,,1,,,2,1,0.1,,,,,,,,,,,,,,,,,,,,,,,,,,,,,,0,0,1,0,1,1,0,1,0,0,0,0,0,0,0,0,0,0,0,0,0,0,0,0,0,0,0,0,0,1,0,0,0,0,0,,1,0,0,0,0,1,0,1,0,0,0,0,0,1,0,1,,,,,,56-60,56-65,Interstate,R,Saturday,Belt Used,PV,White,0,1,0,0,State Route,State Patrol,Washington State Patrol Headquarter,1,1,0,0,0,,,,,,0,0,0,,,,,,,,,,,,,,,,,,,,,,,,,,,,,,,,,,,
2019,104,E910021,5,03/15/2019,13:36,15,3,,15,Cowlitz,0,1,0,1,1,2,2,0,3,2,,,,12,0,2,50.5,1,0,1,4,1,1,3,0,0,0,0,SR-503,,-122.7019583,45.93842222,0,2,51,62,4,50,2,0,0,1,7,12,1,1,2,1,1,1,1,53,0,34,39,1998,0,0,12,,,,,,1,1,60,1,0,,3,0,3,0,11,8,,,,,0,0,0,3,1,0,0,0,0,96,,,,,,0,,,,,,98674,53,76,275,6,1,0,0,0,0,,0,,,,,,0,,,1,0,0,0,8,9,2,,,0,0,0,0,0,8,95,,,96,,,8,95,995,,,,,,,,,,,,,,,,,,,,,,,,,,,,,,0,0,0,0,0,0,1,1,0,0,0,0,0,0,0,0,0,0,0,0,0,0,0,0,0,1,1,1,0,1,0,0,0,0,0,,0,0,0,0,0,0,0,0,0,0,0,0,0,0,0,0,,,,,,56-60,56-65,State route,R,Friday,Belt Used,PV,Not Fatal,0,1,1,0,State Route,State Patrol,Washington State Patrol,0,1,0,0,0,,,,,,0,0,0,,,,,,,,,,,0,0,0,0,,,,,20,7,,,,,,,,,,,,,,,
2020,181,EA40857,14,06/12/2020,23:55,12,6,,11,Clark,0,10,,3,2,2,1,0,1,1,23:56,0:03,,32,0,0,0,3,0,3,5,2,2,4,0,0,3,3,CR-NE 137TH AVE,NE 99TH ST,-122.5320472,45.69364167,0,1,14,14,2,35,80,0,0,1,2,32,1,1,3,1,1,1,2,53,0,76,703,2014,0,,71,32,2,,,,1,1,23,1,7,,4,7,20,7,11,0,06/12/2020,23:55,53027631,27631,0,0,0,3,1,39,,,,96,,,,,,98,,,,,,98674,53,67,165,6,7,0,4,0,2,,0,,,,,,3,07/15/2015,07/15/2019,20,8,0,0,0,9,8,,,0,,,8,8,2,407,996,402,1,1,1,2,1,0.176,,,,,,,,,,,,,,,,,,,,,,,,,,,,,,0,0,0,1,1,1,1,1,0,0,0,0,1,0,0,0,0,0,0,0,0,0,0,1,1,0,0,0,1,0,0,0,0,0,1,0,0,0,0,0,0,1,1,1,0,1,0,0,0,0,0,1,,,,,,21-25,16-25,County road,U,Friday,,MC,White,1,0,0,0,County Road,County Sheriff,Clark County Sheriff's Office,0,0,1,0,0,,,,,,0,0,0,,,,,,,,,,,0,0,0,1,,,,,5,0,,,,,,,,1,0,,,NE 137TH AVE,0,NE 99TH ST,1.75
2020,546,EA51551,14,07/22/2020,19:05,22,7,,11,Clark,0,1,,1,1,2,1,0,1,1,,,,42,0,0,0.3,1,0,1,6,1,2,4,0,0,0,0,CR-NE PUP CREEK RD,,-122.5319528,45.93420833,0,1,1,13,2,50,2,0,0,1,2,42,3,1,2,1,14,1,1,53,0,14,4,1997,0,,63,42,,,,,1,1,89,8,7,,4,0,2,0,11,8,07/26/2020,4:51,2.37053E+11,34957,0,0,3,3,1,0,,,,92,,,,,,0,,,,,,98674,53,65,120,6,1,0,1,0,0,,0,,,,,,0,04/15/2016,04/15/2016,1,0,0,0,0,9,8,,,0,,,8,8,0,0,,,0,,,0,0,996,,,,,,,,,,,,,,,,,,,,,,,,,,,,,,0,0,1,0,0,0,0,0,0,0,0,0,0,0,0,0,1,0,0,0,0,0,0,0,0,1,1,1,0,1,0,0,0,0,0,,1,0,0,0,0,0,0,0,1,0,0,0,0,0,0,0,,,,,,81+,76+,County road,R,Wednesday,Belt Used,PV,White,0,1,0,0,County Road,County Sheriff,Clark County Sheriff's Office,1,0,1,0,0,,,,,,0,0,0,,,,,,,,,,,0,0,0,1,,,,,20,7,,,,,,,,1,0,,,NE PUP CREEK RD,0.28,,
2021,471,EB63721,14,08/30/2021,14:16,30,8,,11,Clark,0,10,,1,1,2,1,0,3,2,,,,12,0,6,2,2,0,2,5,1,2,4,0,0,20,3,CR-NE 259TH ST,NE 29TH AVE,-122.6408472,45.80878333,0,1,89,17,2,40,4,0,0,1,2,12,1,1,2,1,4,1,2,53,0,55,35,2016,0,,12,,,,,,1,1,72,2,7,,4,0,3,0,11,8,08/30/2021,15:59,2.37053E+11,44476,0,0,3,3,1,38,,,,96,,,,,,98,,,,,,98674,53,71,165,6,1,0,0,0,0,,0,,,,,,0,,,1,0,0,0,0,9,8,,,0,,,8,8,0,0,,,0,,,0,0,996,,,,,,,,,,,,,,,,,,,,,,,,,,,,,,0,0,0,1,0,0,0,0,0,0,0,0,0,0,0,0,0,0,1,0,0,0,0,0,0,1,1,0,0,1,1,0,0,0,0,,1,0,0,0,0,0,0,0,0,0,1,0,0,0,0,0,,,,,,71-75,66-75,County road,R,Monday,Belt Used,PV,White,1,0,0,0,County Road,County Sheriff,Clark County Sheriff's Office,0,0,1,0,0,,,,,,0,0,0,,,,,,,,,,,98,98,98,1,,,,,20,,,,,,,,,1,0,,,NE 259TH ST,2.01,NE 29TH AVE,6.27
2018,330,E838368,14,09/14/2018,12:23,14,9,0,11,Clark,0,1,0,1,1,2,1,0,3,3,12:23,12:38,13:21,12,0,2,12.4,1,0,1,5,1,2,4,0,0,0,0,CR-NE 82ND AVE,,-122.5895306,45.83143611,0,3,98,98,7,50,34,0,0,1,5,12,1,2,2,1,1,1,1,53,0,12,481,1974,0,0,12,,,,,,1,1,44,1,0,0,0,0,2,0,11,0,,,,,0,0,0,3,1,0,0,0,0,96,,,,,,0,,,,,,98675,53,71,210,6,1,0,2,1,0,,0,,,,,,0,11/15/2013,09/15/2015,20,0,0,0,8,9,8,,,0,0,0,8,1,8,95,,,96,,,8,95,995,,,,,,,,,,,,,,,,,,,,,,,,,,,,,,0,0,0,0,1,0,1,1,0,0,0,0,1,0,0,0,0,0,0,0,0,1,1,0,1,0,0,0,0,1,1,0,0,0,0,,0,0,0,0,0,0,0,0,0,0,0,0,0,0,0,1,,,,,,41-45,36-45,County road,R,Friday,Belt Used,PV,Not Fatal,0,1,1,0,County Road,County Sheriff,Clark County Sheriff's Office,0,0,1,0,0,,,,,,0,0,0,,,,,,,,,,,,,,,,,,,,,,,,,,,,,,,,,,,
2018,442,E868257,14,12/03/2018,9:01,3,12,0,11,Clark,0,1,0,1,4,2,1,0,1,1,,,,17,0,0,1.6,1,0,1,6,1,2,4,0,0,0,0,CR-NE KELLY RD,,-122.4716861,45.87565556,0,1,7,6,1,98,34,0,0,1,5,1,1,2,2,1,1,1,2,53,0,7,482,2004,0,0,68,64,17,1,42,,1,1,17,1,7,1,4,7,20,0,11,0,12/03/2018,9:14,53053659,53659,0,0,3,3,1,0,0,0,0,96,,,,,,99,,,,,,98675,53,70,180,6,2,0,0,0,0,,0,,,,,,4,,,8,2,2,0,0,9,8,,,0,0,0,8,9,2,1,,,1,,,2,1,0,,,,,,,,,,,,,,,,,,,,,,,,,,,,,,0,0,0,0,0,0,0,0,0,0,0,0,1,0,0,0,0,0,0,1,1,0,1,0,1,0,0,0,0,1,0,0,0,1,0,,1,0,0,0,0,0,0,0,0,1,0,0,0,0,0,0,,,,,,16-17,16-25,County road,R,Monday,Not Used,PV,White,0,1,0,0,County Road,County Sheriff,Clark County Sheriff's Office,1,0,1,0,0,,,,,,0,0,0,,,,,,,,,,,,,,,,,,,,,,,,,,,,,,,,,,,
2019,54,E897680,14,01/27/2019,8:17,27,1,,11,Clark,0,1,0,1,1,2,1,0,1,1,,,,1,0,0,2.2,1,0,1,5,1,2,4,0,0,0,0,CR-NE LUCIA FALLS RD,,-122.4506833,45.84067778,0,1,2,11,2,40,34,0,0,1,7,1,1,2,2,1,1,1,1,53,0,7,482,1999,0,0,63,69,63,1,42,,1,1,33,8,7,,4,7,20,7,11,0,01/27/2019,8:17,53004780,4780,0,0,0,3,1,0,0,0,0,93,,,,,,99,,,,,,98675,53,70,200,6,1,0,0,0,1,,0,,,,,,3,04/15/2017,06/15/2017,20,0,0,1,0,9,8,,,0,0,0,8,9,2,996,401,417,1,1,1,2,1,0,,,,,,,,,,,,,,,,,,,,,,,,,,,,,,0,0,0,0,0,0,1,1,0,0,0,0,1,0,0,0,1,0,0,1,0,0,0,0,0,0,0,0,0,1,0,0,0,1,0,,1,0,0,0,0,0,1,1,1,1,0,0,0,0,1,0,,,,,,31-35,26-35,County road,R,Sunday,Not Used,PV,White,0,1,0,0,County Road,County Sheriff,Clark County Sheriff's Office,1,0,1,0,0,,,,,,0,0,1,,,,,,,,,,,0,0,0,1,,,,,20,7,,,,,,,,,,,,,,,
2019,300,E938326,57,07/08/2019,8:00,8,7,,11,Clark,107,10,0,1,1,2,1,0,4,4,,,,12,0,6,6.9,2,0,2,3,2,1,3,0,0,3,3,SR-503,SW 10TH AVE,-122.5473917,45.76623611,0,3,98,98,7,55,67,0,0,1,5,12,1,1,5,1,5,1,1,53,0,12,880,2017,0,0,12,,,,,,1,1,52,1,0,,0,0,3,0,11,0,,,,,0,0,0,3,1,0,0,0,0,0,,,,,,0,,,,,,98675,53,69,215,6,1,0,0,0,0,,0,,,,,,0,,,20,0,0,0,8,9,8,,,0,0,0,8,0,8,95,,,96,,,8,95,995,,,,,,,,,,,,,,,,,,,,,,,,,,,,,,0,0,0,1,0,0,1,1,0,0,0,0,1,0,0,0,1,0,0,0,0,0,0,0,0,0,0,0,1,1,1,0,0,0,0,,0,0,0,0,0,0,0,0,0,0,0,0,0,0,0,0,,,,,,51-55,46-55,State route,U,Monday,,MHTRUCK,Not Fatal,1,0,0,0,State Route,Municipal/City Police,Battleground Police Department,0,1,0,0,0,,,,,,0,0,0,,,,,,,,,,,98,98,98,0,,,,,20,7,,,,,,,,,,,,,,,
2021,184,EB41231,5,06/14/2021,13:28,14,6,,11,Clark,0,2,,1,2,2,3,0,5,2,,,,12,0,2,14.6,1,0,1,4,1,1,3,0,0,0,0,SR-503,,-122.516425,45.87146111,0,2,51,62,4,50,5,0,0,1,2,12,3,2,2,1,14,4,2,53,0,41,51,2015,0,,12,,,,,,1,1,15,2,99,,4,0,3,0,11,0,06/20/2021,10:45,9.99953E+11,90693,0,0,3,3,1,0,,,,96,,,,,,98,,,,,,98675,53,63,125,6,7,0,0,0,0,,0,,,,,,0,,,8,0,0,0,0,9,8,,,0,,,8,8,8,95,,,96,,,8,95,995,,,,,,,,,,,,,,,,,,,,,,,,,,,,,,0,0,0,0,1,1,1,1,1,0,0,0,0,0,0,0,0,0,0,0,0,0,0,0,0,0,0,0,0,1,0,0,0,0,0,,1,0,0,0,0,0,0,0,0,0,0,0,0,0,0,0,,,,,,10ÔÂ15ÈÕ,0-15,State route,R,Monday,Belt Used,PV,Multiracial,0,1,1,0,State Route,State Patrol,Washington State Patrol,0,1,0,0,0,,,,,,0,0,0,,,,,,,,,,,98,98,98,201,205,,,,20,,,,,,,,,1,0,,,,,,