year,case,par,repjur,crash_dt,crash_tm,accday,accmon,holiday,county,co_char,city,weather,weather2,lightcond,surfcond,surftype,numfatal,nmforms,pforms,vforms,not_tm,arr_tm,hosp_tm,fhevent,hitrun,manncol,milepnt,reljunc,reljuncinter,intersectiontype,funcsystem,landuse,ownership,route,schlbus,spejur,contdev,devfunc,trafid1,trafid2,x,y,wk_zone,vnumber,crashtype,criticalevent,criticaleventcat,spdlim,body,trailer,emerg,hazcargo,leave,mhevent,roadalgn,roadprof,traflane,trafflow,vehmanvr,numoccs,regowner,regstate,spuse,make,model,modelyr,vrf1,vrf2,seqevent1,seqevent2,seqevent3,seqevent4,seqevent5,seqevent6,pnumber,ptype,age,sex,hispanic,race,injury,diedscene,restraint,restraintmisuse,seatpos,takehosp,death_dt,death_tm,cert,cernum_wa,commlic,licendor,licrestrict,liccomp,drivpres,drf1,drf2,drf3,drf4,distract1,distract2,distract3,distract4,distract5,distract6,dricond1,dricond2,dricond3,dricond4,dricond5,dricond6,dzip,licstate,drhgt_in,weight,noncdl,noncdltype,prevdwi,prevoth,prevacc,prevspd,prevsus,driviol1,driviol2,driviol3,driviol4,driviol5,driviol6,spdrel,first_dt,last_dt,airbag,ejection,ejectpath,extricat,injurwrk,methalc,methdrug,nmlocat,strikveh,prf1,prf2,prf3,druginv,alcinvol,drugsts,drugres1,drugres2,drugres3,drugtst1,drugtst2,drugtst3,alcsts,alctst,alcres,nmact1,nmact2,nmact3,nmact4,nmact5,nmact6,nmprior1,nmprior2,nmprior3,nmprior4,nmprior5,nmprior6,nmcond1,nmcond2,nmcond3,nmcond4,nmcond5,nmcond6,nmsafe_helmet,nmsafe_pads,nmsafe_oth,nmprev_ref,nmprev_lgt,nmprev_oth,crashlocation,nmcrashtype,crosswalk,schoolzone,sidewalk,train_inv,wildlife_inv,rotr_fars,intersect_fars,dd_inv,aid_inv,dpd_inv,id_inv,mj_inv,impnm_inv,ainm_inv,dpnm_inv,speed_inv,unlic_inv,unendmc_inv,drowsy_inv,drdist_inv,nmdist_inv,fty_inv,unrestfat_inv,dr1617_inv,dr1820_inv,dr1620_inv,dr2125_inv,dr1625_inv,dr65_inv,dr70_inv,dr75_inv,mc_inv,pv_inv,ht_inv,ped_inv,bike_inv,unrest_fat,mc_fat,unhelmet_mc,pv_fat,ht_fat,ped_fat,bike_fat,dr_alc7,dr_alc8,dr_drug,dr_imp,dr_dist,dr_spd,dr_fty,dr_unlic,dr_alc7only,dr_alc8only,dr_drugonly,dr_drink,nm_imp,nm_alc7,nm_alc8,nm_drug,nm_dist,agegrp1,agegrp2,roadclass,urbrur,dayweek,restuse,vehtype,race_me,intersect,lanedep,oppdir,wrongway,rep_typ,investag,repag_long,rotr,st_rd,cty_rd,city_rd,oth_rd,drug_thc,thc_res,drug_cthc,cthc_res,drug_cann,prevpersemin,prevperse,prevsusoth,drugtst4,drugtst5,drugtst6,drugtst7,drugtst8,drugres4,drugres5,drugres6,drugres7,drugres8,adspresent,adsengaged,adslevel,race1,race2,race3,race4,race5,helmet,helmetmisuse,nmdistract1,nmdistract2,nmdistract3,nmdistract4,nmdistract5,nmdistract6,lab,isedtcase,crf1,crf2,crf3,CoRoadName,CoMP,IntCoRoadName,IntCoMP
2021,377,EB69481,14,09/18/2021,22:00,18,9,,11,Clark,0,2,,2,2,2,1,0,3,1,,,,42,0,0,,1,0,1,6,1,2,4,0,0,0,0,CR-NE W H GARNER RD,,-122.4538417,45.88297222,0,1,6,6,1,50,4,0,0,1,2,42,3,2,2,1,14,3,2,53,0,37,32,2004,0,,68,64,42,,,,1,1,16,2,0,,0,0,3,0,11,0,,,,,0,0,2,3,1,58,73,,,96,,,,,,98,,,,,,98675,53,63,114,6,2,0,0,0,0,,97,,,,,,4,,,20,0,0,0,8,9,8,,,0,,,8,8,0,0,,,0,,,0,0,996,,,,,,,,,,,,,,,,,,,,,,,,,,,,,,0,0,1,0,0,0,0,0,0,0,0,0,1,0,0,0,0,0,0,1,1,0,1,0,1,0,0,0,0,1,0,0,0,0,0,,0,0,0,0,0,0,0,0,0,1,0,0,0,0,0,0,,,,,,16-17,16-25,County road,R,Saturday,Belt Used,PV,Not Fatal,0,1,0,0,County Road,County Sheriff,Clark County Sheriff's Office,1,0,1,0,0,,,,,,0,0,0,,,,,,,,,,,98,98,98,0,,,,,20,,,,,,,,,1,0,,,NE W H GARNER RD,3.09,NULL,
2017,137,E671342,1,05/05/2017,21:50,5,5,0,77,Yakima,0,1,0,2,1,2,1,1,1,1,21:57,22:03,,8,0,0,72.9,1,0,1,3,2,1,2,0,3,0,0,US-97,,-120.4645944,46.50026944,0,1,13,80,5,55,66,1,0,1,5,8,1,1,4,2,1,1,3,53,0,51,881,2016,0,0,8,,,,,,1,1,55,1,0,0,0,0,3,0,11,0,,,,,6,1,0,3,1,0,0,0,0,0,,,,,,0,,,,,,98682,53,67,205,6,1,0,0,0,0,0,0,,,,,,0,,,20,0,0,0,8,9,2,,,0,0,0,0,0,2,1,0,0,1,0,0,2,1,0,,,,,,,,,,,,,,,,,,,,,,,,,,,,,,0,0,0,0,0,0,0,0,0,1,1,0,0,0,0,0,0,1,0,0,0,0,0,0,0,0,0,0,0,0,1,1,0,0,0,,0,0,0,0,0,0,0,0,0,0,0,0,0,0,0,0,,,,,,51-55,46-55,US highway,U,Friday,,MHTRUCK,Not Fatal,0,0,0,0,State Route,State Patrol,Washington State Patrol Headquarter,0,1,0,0,0,,,,,,,,,,,,,,,,,,,,,,,,,,,,,,,,,,,,,,,,,,,
2017,394,E721335,14,09/27/2017,0:15,27,9,0,11,Clark,0,1,0,2,1,2,1,1,1,1,0:14,0:15,,9,0,0,0.3,2,0,3,4,2,2,4,0,0,0,0,CR-NE 67TH ST,NE 122ND AVE,-122.5474111,45.67766111,0,1,13,83,5,40,4,0,0,1,5,9,1,1,2,1,1,1,2,53,0,49,40,2012,0,0,9,,,,,,1,1,24,2,0,0,0,0,3,0,11,0,,,,,0,0,0,3,1,0,0,0,0,6,,,,,,99,,,,,,98682,53,62,130,6,1,0,0,0,2,0,97,,,,,,0,10/15/2013,07/15/2014,20,0,0,0,8,9,8,,,0,0,0,8,9,2,1,0,0,1,0,0,2,1,0,,,,,,,,,,,,,,,,,,,,,,,,,,,,,,0,0,0,1,0,0,0,0,0,1,1,1,0,0,0,0,1,0,0,0,0,0,0,1,1,0,0,0,0,1,0,0,1,0,0,,0,0,0,0,0,0,0,0,1,0,0,0,0,0,0,0,,,,,,21-25,16-25,County road,U,Wednesday,Belt Used,PV,Not Fatal,1,0,0,0,County Road,County Sheriff,Clark County Sheriff's Office,0,0,1,0,0,,,,,,,,,,,,,,,,,,,,,,,,,,,,,,,,,,,,,,,,,,,
2018,142,E801189,305,05/21/2018,20:24,21,5,0,11,Clark,2370,1,0,1,1,2,1,0,1,1,,,,33,0,0,0,1,0,1,3,2,4,6,0,0,0,0,NE FOURTH PLAIN BLVD,,-122.5144028,45.67216667,0,1,6,12,2,40,49,0,0,1,7,32,1,1,5,5,1,1,1,53,0,98,999,1979,0,0,68,64,33,67,32,31,1,1,38,1,7,1,4,0,2,0,11,4,05/21/2018,21:51,2.37053E+11,23079,0,0,0,3,1,0,0,0,0,0,,,,,,1,,,,,,98682,53,70,160,6,1,0,0,0,1,,0,,,,,,0,03/15/2016,03/15/2016,20,2,9,0,0,9,8,,,0,0,0,8,0,2,605,695,,1,1,,2,1,0,,,,,,,,,,,,,,,,,,,,,,,,,,,,,,0,0,1,0,0,0,1,1,1,0,0,0,0,0,0,0,0,0,0,0,0,0,0,0,0,0,0,0,0,1,0,0,0,0,0,,1,0,0,0,0,0,1,1,0,0,0,0,0,0,1,0,,,,,,36-40,36-45,City street,U,Monday,Belt Used,PV,White,0,1,0,0,City Street,Municipal/City Police,Vancouver Police Department,1,0,0,1,0,thc,2.6,carboxy-thc,6,,0,0,0,,,,,,,,,,,,,,,,,,,,,,,,,,,,,,,,,,,
2018,301,E834316,3,08/18/2018,13:00,18,8,0,69,Wahkiakum,290,1,0,1,1,2,2,0,5,3,12:52,13:00,13:34,12,0,8,35.1,1,0,1,3,1,1,3,0,0,0,0,SR-4,,-123.3878028,46.20876944,0,2,65,62,4,50,80,0,0,1,2,12,3,2,2,1,14,2,1,53,0,72,706,2016,0,0,12,63,24,,,,1,1,58,1,7,1,4,7,5,0,11,0,08/18/2018,13:00,29053036795,36795,0,0,0,3,1,0,0,0,0,96,,,,,,0,,,,,,98682,53,73,195,6,1,0,0,0,1,,0,,,,,,0,11/15/2014,11/15/2014,20,8,0,0,0,9,8,,,0,0,0,8,0,2,1,,,1,,,2,1,0,,,,,,,,,,,,,,,,,,,,,,,,,,,,,,0,0,0,0,0,0,0,0,0,0,0,0,0,0,0,1,0,0,0,0,0,0,0,1,1,0,0,0,1,1,0,0,0,0,1,0,0,0,0,0,0,0,0,0,0,0,0,0,0,0,0,0,,,,,,56-60,56-65,State route,R,Saturday,,MC,White,0,1,1,0,State Route,State Patrol,WASHINGTON STATE PATROL,0,1,0,0,0,,,,,,0,0,0,,,,,,,,,,,,,,,,,,,,,,,,,,,,,,,,,,,
2018,330,E838368,14,09/14/2018,12:23,14,9,0,11,Clark,0,1,0,1,1,2,1,0,3,3,12:23,12:38,13:21,12,0,2,12.4,1,0,1,5,1,2,4,0,0,0,0,CR-NE 82ND AVE,,-122.5895306,45.83143611,0,2,51,62,4,50,61,0,0,1,5,12,1,2,2,1,1,1,3,53,0,12,881,2009,0,0,12,,,,,,1,1,56,1,7,6,4,7,3,0,11,0,09/14/2018,12:23,53040578,40578,6,0,0,3,1,0,0,0,0,96,,,,,,0,,,,,,98682,53,68,210,6,1,0,0,1,0,,0,,,,,,0,01/15/2017,01/15/2017,1,0,0,0,1,9,8,,,0,0,0,8,0,2,996,996,996,1,1,1,2,1,0,,,,,,,,,,,,,,,,,,,,,,,,,,,,,,0,0,0,0,1,0,1,1,0,0,0,0,1,0,0,0,0,0,0,0,0,1,1,0,1,0,0,0,0,1,1,0,0,0,0,,0,1,0,0,0,0,1,1,0,0,0,0,0,0,1,0,,,,,,56-60,56-65,County road,R,Friday,,MHTRUCK,API,0,1,1,0,County Road,County Sheriff,Clark County Sheriff's Office,0,0,1,0,0,,,,,,0,0,0,,,,,,,,,,,,,,,,,,,,,,,,,,,,,,,,,,,
2018,430,E864686,5,11/18/2018,11:15,18,11,0,59,Skamania,0,1,0,1,1,2,1,0,1,1,,,,24,0,0,24.5,1,0,1,3,1,1,3,0,0,0,0,SR-14,,-122.1964417,45.57360833,0,1,1,13,2,50,61,0,0,1,2,2,3,2,2,1,14,1,1,53,0,12,870,1998,0,0,68,68,63,24,69,63,1,1,66,1,7,1,4,7,3,0,11,0,11/18/2018,11:15,53051223,51223,0,0,0,3,1,0,0,0,0,96,,,,,,99,,,,,,98682,53,70,220,6,1,0,0,0,0,,0,,,,,,0,,,1,0,0,0,9,9,8,,,0,0,0,8,9,2,1,,,1,,,2,1,0,,,,,,,,,,,,,,,,,,,,,,,,,,,,,,0,0,1,0,0,0,0,0,0,0,0,0,0,0,0,0,0,0,0,0,0,0,0,0,0,1,0,0,0,0,1,0,0,0,0,,0,1,0,0,0,0,0,0,0,0,0,0,0,0,0,0,,,,,,66-70,66-75,State route,R,Sunday,,MHTRUCK,White,0,1,0,0,State Route,State Patrol,Washington State Patrol,1,1,0,0,0,,,,,,0,0,0,,,,,,,,,,,,,,,,,,,,,,,,,,,,,,,,,,,
2019,9,E881365,305,01/09/2019,7:49,9,1,,11,Clark,2370,10,0,1,1,2,1,0,3,3,,,,12,0,2,0,1,0,1,7,2,4,6,0,0,0,0,NE 136TH AVE,,-122.5346222,45.62798611,0,3,98,61,4,98,34,0,0,1,5,12,1,1,5,1,1,1,1,53,0,49,472,2012,0,0,12,,,,,,1,1,62,1,0,,2,0,3,0,11,8,,,,,0,0,0,3,1,0,0,0,0,0,,,,,,0,,,,,,98682,53,71,190,6,1,0,0,1,0,,0,,,,,,0,04/15/2018,04/15/2018,20,0,0,0,8,9,8,,,0,0,0,8,0,8,95,,,96,,,8,95,995,,,,,,,,,,,,,,,,,,,,,,,,,,,,,,0,0,0,0,0,0,1,1,0,0,0,0,1,1,0,0,1,0,0,1,0,0,0,1,1,0,0,0,0,1,0,0,0,0,0,,0,0,0,0,0,0,0,0,0,0,0,0,0,0,0,0,,,,,,61-65,56-65,City street,U,Wednesday,Belt Used,PV,Not Fatal,0,1,1,0,City Street,Municipal/City Police,Vancouver Police Department,0,0,0,1,0,,,,,,0,0,0,,,,,,,,,,,98,98,98,0,,,,,20,7,,,,,,,,,,,,,,,
2019,56,E897795,4,02/27/2019,8:24,27,2,,1,Adams,0,4,0,1,10,2,1,0,2,2,,,,12,0,6,87.5,1,0,1,3,1,1,3,0,0,0,0,SR-26,,-118.2216333,46.74230833,0,2,66,62,4,60,66,1,0,1,7,1,1,1,2,1,1,1,3,17,0,82,881,2015,0,0,12,63,1,,,,1,1,29,1,0,,0,0,3,0,11,0,,,,,6,1,0,3,1,0,0,0,0,96,,,,,,0,,,,,,98682,53,76,200,6,1,0,0,1,2,,0,,,,,,0,03/15/2014,06/15/2016,99,0,0,0,8,9,8,,,0,0,0,8,0,8,95,,,96,,,8,95,995,,,,,,,,,,,,,,,,,,,,,,,,,,,,,,0,0,0,0,0,0,0,0,0,0,0,0,1,0,0,0,0,0,0,0,0,0,0,0,0,0,0,0,0,1,1,0,0,0,0,,0,0,0,0,0,0,0,0,0,0,0,0,0,0,0,0,,,,,,26-30,26-35,State route,R,Wednesday,,MHTRUCK,Not Fatal,0,1,1,0,State Route,State Patrol,Washington State Patrol,0,1,0,0,0,,,,,,0,0,0,,,,,,,,,,,98,98,98,0,,,,,20,7,,,,,,,,,,,,,,,
2019,258,E945795,305,07/26/2019,23:44,26,7,,11,Clark,2370,1,0,2,1,2,2,0,4,3,,,,12,0,6,0,2,0,3,7,2,4,6,0,0,0,0,NE 18TH ST,NE 187TH AVE,-122.4810639,45.63583333,0,1,83,67,4,40,80,0,0,1,2,12,1,1,2,1,1,1,1,53,0,73,706,2017,0,0,12,,,,,,1,1,23,1,7,,4,7,20,7,11,0,07/26/2019,23:44,2.37053E+11,33560,0,0,0,3,1,0,0,0,0,96,,,,,,99,,,,,,98682,53,73,135,6,1,0,2,2,1,,0,,,,,,3,02/15/2016,06/15/2019,20,8,0,0,0,9,8,,,0,0,0,8,1,2,1,,,1,,,2,1,0.026,,,,,,,,,,,,,,,,,,,,,,,,,,,,,,0,0,0,1,1,0,0,0,0,0,0,0,1,0,0,0,1,0,0,1,0,0,0,1,1,0,0,0,1,1,0,0,0,0,1,0,0,0,0,0,1,0,0,0,0,1,0,0,1,0,0,1,,,,,,21-25,16-25,City street,U,Friday,,MC,White,1,0,0,0,City Street,Municipal/City Police,Vancouver Police Department,0,0,0,1,0,,,,,,0,0,0,,,,,,,,,,,0,0,0,1,,,,,19,0,,,,,,,,,,,,,,,
2019,258,E945795,305,07/26/2019,23:44,26,7,,11,Clark,2370,1,0,2,1,2,2,0,4,3,,,,12,0,6,0,2,0,3,7,2,4,6,0,0,0,0,NE 18TH ST,NE 187TH AVE,-122.4810639,45.63583333,0,2,98,98,7,40,80,0,0,1,7,1,1,1,2,1,1,1,2,53,0,73,705,2008,0,0,1,,,,,,1,1,23,1,0,,3,0,20,7,11,4,,,,,6,0,3,3,1,0,0,0,0,92,,,,,,99,,,,,,98682,53,75,150,6,1,0,0,0,1,,0,,,,,,3,04/15/2016,04/15/2016,20,8,0,0,8,9,8,,,0,0,0,8,1,2,1,,,1,,,2,1,0.052,,,,,,,,,,,,,,,,,,,,,,,,,,,,,,0,0,0,1,1,0,0,0,0,0,0,0,1,0,0,0,1,0,0,1,0,0,0,1,1,0,0,0,1,1,0,0,0,0,0,0,0,0,0,0,1,0,0,0,1,1,0,0,1,0,0,1,,,,,,21-25,16-25,City street,U,Friday,,MC,Not Fatal,1,0,0,0,City Street,Municipal/City Police,Vancouver Police Department,0,0,0,1,0,,,,,,0,0,0,,,,,,,,,,,0,0,0,0,,,,,19,0,,,,,,,,,,,,,,,
2019,269,E946977,305,08/02/2019,13:55,2,8,,11,Clark,2370,1,0,1,1,2,1,0,6,5,,,,12,0,1,0.3,3,1,2,3,2,1,1,0,0,3,3,I-205 RAMP LX03111,FOURTH PLAIN BLVD,-122.5755111,45.65748889,0,2,21,53,3,35,80,0,0,1,7,12,1,2,5,1,5,1,1,53,0,37,703,2012,0,0,12,12,,,,,1,1,20,1,99,,4,7,20,7,11,0,08/02/2019,13:55,2.37053E+11,34893,0,0,0,3,1,0,0,0,0,0,,,,,,99,,,,,,98682,53,71,230,6,1,0,1,2,0,,0,,,,,,0,08/15/2016,03/15/2018,20,8,0,0,0,9,8,,,0,0,0,8,9,2,1,,,1,,,2,1,0,,,,,,,,,,,,,,,,,,,,,,,,,,,,,,0,0,0,1,0,0,0,0,0,0,0,0,0,0,0,0,0,0,0,0,0,1,1,0,1,1,1,1,1,1,0,0,0,0,1,0,0,0,0,0,0,0,0,0,0,0,0,0,0,0,0,0,,,,,,18-20,16-25,Interstate,U,Friday,,MC,Oth/Unk,1,0,0,0,State Route,Municipal/City Police,Vancouver Police Department,0,1,0,0,0,,,,,,0,0,0,,,,,,,,,,,0,0,0,99,,,,,19,0,,,,,,,,,,,,,,,
2019,335,E962250,5,09/14/2019,18:38,14,9,,11,Clark,0,1,0,5,1,2,1,0,2,2,,,,12,0,2,11.7,1,0,1,4,1,1,3,0,0,0,0,SR-500,,-122.476975,45.66495833,0,1,50,10,2,50,80,0,0,1,2,12,2,1,2,1,14,1,2,53,0,73,705,2017,0,0,68,12,,,,,1,1,29,1,7,,4,7,20,7,11,0,09/14/2019,18:47,53041859,41859,0,0,3,3,1,28,0,0,0,96,,,,,,99,,,,,,98682,53,74,225,6,1,0,1,0,0,,0,,,,,,4,08/15/2018,08/15/2018,20,8,0,0,0,9,8,,,0,0,0,8,9,2,1,,,1,,,2,1,0.15,,,,,,,,,,,,,,,,,,,,,,,,,,,,,,0,0,0,0,1,1,0,1,0,0,0,0,1,0,0,0,0,0,0,0,0,0,0,0,0,0,0,0,1,1,0,0,0,0,1,0,0,0,0,0,0,1,0,1,0,1,0,0,0,1,0,1,,,,,,26-30,26-35,State route,R,Saturday,,MC,White,0,1,1,0,State Route,State Patrol,Washington State Patrol,0,1,0,0,0,,,,,,0,0,0,,,,,,,,,,,0,0,0,1,,,,,5,0,,,,,,,,,,,,,,,
2020,39,EA12519,5,02/02/2020,2:21,2,2,,11,Clark,1860,1,,3,1,1,2,0,4,1,2:21,2:28,18:47,38,1,0,0,3,0,3,7,2,4,6,0,0,20,3,S TIMM RD,S 11th St,-122.6828389,45.80754167,0,1,14,14,2,25,4,0,0,1,2,1,1,1,3,1,1,4,2,41,0,12,23,2011,0,,71,38,58,1,2,,1,1,25,1,0,,2,0,20,7,11,5,,,,,0,0,0,0,1,39,91,,,96,,,,,,9,,,,,,98682,53,65,145,0,0,0,0,0,0,,1,7,,,,,0,,,1,0,0,0,8,1,8,,,0,,,8,1,2,1,,,1,,,2,1,0.16,,,,,,,,,,,,,,,,,,,,,,,,,,,,,,0,0,0,1,1,1,0,1,0,0,0,0,0,1,0,0,0,0,0,0,0,0,0,1,1,0,0,0,0,1,0,0,0,0,0,,0,0,0,0,0,1,0,1,0,0,0,1,0,1,0,1,,,,,,21-25,16-25,City street,U,Sunday,Not Used,PV,Not Fatal,1,0,0,0,City Street,State Patrol,Washington State Patrol,0,0,0,1,0,,,,,,0,0,0,,,,,,,,,,,98,98,98,0,,,,,20,7,,,,,,,,1,0,,,,,,
2020,28,EA13867,14,01/21/2020,13:48,21,1,,11,Clark,0,2,,1,2,2,1,0,3,2,13:49,13:52,14:27,12,0,2,5.4,1,0,1,3,2,2,4,0,0,0,0,CR-NE 78TH ST,,-122.6373361,45.67874444,0,1,50,10,2,45,4,0,0,1,2,12,1,1,5,5,15,1,1,53,0,24,7,2007,0,,68,12,,,,,1,1,41,1,7,,4,0,3,0,11,4,01/21/2020,14:32,2.37053E+11,3719,0,0,3,3,1,8,28,58,,96,,,,,,98,,,,,,98682,53,71,200,6,1,2,8,1,1,,0,,,,,,4,05/15/2015,05/15/2019,8,0,0,0,0,9,8,,,0,,,8,8,2,401,417,695,98,98,98,2,8,0,,,,,,,,,,,,,,,,,,,,,,,,,,,,,,0,0,0,0,0,0,1,1,1,0,0,0,1,0,0,0,0,0,0,0,0,0,0,1,1,0,0,0,0,1,1,0,0,0,0,,1,0,0,0,0,0,1,1,0,1,0,0,0,0,1,0,,,,,,41-45,36-45,County road,U,Tuesday,Belt Used,PV,White,0,1,1,0,County Road,County Sheriff,Clark County Sheriff's Office,0,0,1,0,0,thc,6.5,carboxy-thc,29,,0,0,4,98,,,,,605,,,,,98,98,98,1,,,,,20,7,,,,,,,nms,1,0,,,NE 78TH ST,5.36,,
2020,60,EA23013,305,03/07/2020,15:46,7,3,,11,Clark,2370,2,,1,2,2,1,0,2,2,15:47,15:55,,12,0,6,0,3,0,6,5,2,4,6,0,0,0,0,NE 49TH ST,NE 137th Ave,-122.5319417,45.65713889,0,1,66,8,1,98,4,0,0,1,5,12,3,1,2,2,14,1,1,53,0,49,40,1993,0,,63,69,65,12,,,1,1,70,1,7,,4,7,20,7,11,0,03/07/2020,15:46,2.37053E+11,12511,0,0,0,2,1,0,,,,0,,,,,,1,,,,,,98682,53,65,170,1,1,0,0,0,0,,0,,,,,,0,11/15/2016,03/15/2019,1,0,0,0,0,9,8,,,0,,,8,8,2,1,,,1,,,2,1,0,,,,,,,,,,,,,,,,,,,,,,,,,,,,,,0,0,0,1,0,0,0,0,0,0,0,0,0,1,0,0,0,0,0,1,0,0,0,0,0,1,1,0,0,1,0,0,0,1,0,,1,0,0,0,0,0,0,0,0,0,0,1,0,0,0,0,,,,,,66-70,66-75,City street,U,Saturday,Not Used,PV,White,1,0,0,0,City Street,Municipal/City Police,Vancouver Police Department,0,0,0,1,0,,,,,,0,0,2,,,,,,,,,,,0,0,0,1,,,,,20,7,,,,,,,,1,0,,,,,,
2020,60,EA23013,305,03/07/2020,15:46,7,3,,11,Clark,2370,2,,1,2,2,1,0,2,2,15:47,15:55,,12,0,6,0,3,0,6,5,2,4,6,0,0,0,0,NE 49TH ST,NE 137th Ave,-122.5319417,45.65713889,0,2,66,62,4,35,15,0,0,1,5,12,2,1,2,2,14,1,1,53,0,37,422,2019,0,,12,,,,,,1,1,41,2,0,,0,0,3,0,11,0,,,,,0,0,0,3,1,0,,,,96,,,,,,0,,,,,,98682,53,63,165,6,1,0,0,0,0,,0,,,,,,0,,,20,0,0,0,8,9,8,,,0,,,8,8,8,95,,,96,,,8,95,995,,,,,,,,,,,,,,,,,,,,,,,,,,,,,,0,0,0,1,0,0,0,0,0,0,0,0,0,1,0,0,0,0,0,1,0,0,0,0,0,1,1,0,0,1,0,0,0,0,0,,0,0,0,0,0,0,0,0,0,0,0,0,0,0,0,0,,,,,,41-45,36-45,City street,U,Saturday,Belt Used,PV,Not Fatal,1,0,0,0,City Street,Municipal/City Police,Vancouver Police Department,0,0,0,1,0,,,,,,0,0,0,,,,,,,,,,,98,98,98,0,,,,,20,7,,,,,,,,1,0,,,,,,
2020,79,EA25971,305,03/20/2020,5:59,20,3,,11,Clark,2370,1,,2,1,2,1,1,1,1,6:09,6:16,6:45,8,0,0,0,1,0,1,4,2,4,6,0,0,0,0,NE 78TH ST,,-122.5928806,45.67889722,0,1,13,80,5,35,4,0,0,1,2,8,1,1,1,2,1,1,1,53,0,35,50,2011,0,,8,,,,,,1,1,32,1,0,,2,0,3,0,11,5,,,,,0,0,3,3,1,0,,,,96,,,,,,0,,,,,,98682,53,65,200,6,1,0,0,1,0,,0,,,,,,0,10/15/2016,10/15/2016,20,0,0,0,8,9,8,,,0,,,8,8,2,1,,,1,,,2,1,0,,,,,,,,,,,,,,,,,,,,,,,,,,,,,,0,0,0,0,0,0,0,0,0,0,0,0,0,0,0,0,0,0,0,0,0,0,0,0,0,0,0,0,0,1,0,1,0,0,0,,0,0,0,0,0,0,0,0,0,0,0,0,0,0,0,0,,,,,,31-35,26-35,City street,U,Friday,Belt Used,PV,Not Fatal,0,0,0,0,City Street,Municipal/City Police,Vancouver Police Department,0,0,0,1,0,,,,,,0,0,0,,,,,,,,,,,98,98,98,0,,,,,20,7,,,,,,,,1,0,,,,,,
2020,93,EA29100,14,04/09/2020,19:41,9,4,,11,Clark,0,1,,5,1,2,1,0,2,2,19:41,19:42,,33,0,0,0.5,1,0,1,5,2,2,4,0,0,0,0,CR-NE WARD RD,,-122.5175917,45.67845556,0,1,6,9,1,45,80,0,0,1,2,42,2,1,2,2,14,1,1,53,0,72,706,1997,0,,64,33,42,69,12,,1,1,52,2,7,,4,7,20,7,11,0,04/09/2020,19:41,53017368,17368,0,0,0,3,1,0,,,,96,,,,,,98,,,,,,98682,53,63,160,6,1,0,0,0,0,,0,,,,,,3,,,20,8,0,0,0,9,8,,,0,,,8,8,2,1,,,1,,,2,1,0.092,,,,,,,,,,,,,,,,,,,,,,,,,,,,,,0,0,1,0,1,1,0,1,0,0,0,0,1,0,0,0,0,0,0,0,0,0,0,0,0,0,0,0,1,0,0,0,0,0,1,0,0,0,0,0,0,1,0,1,0,1,0,0,0,1,0,1,,,,,,51-55,46-55,County road,U,Thursday,,MC,White,0,1,0,0,County Road,County Sheriff,Clark County Sheriff's Office,1,0,1,0,0,,,,,,0,0,0,,,,,,,,,,,0,0,0,1,,,,,5,0,,,,,,,,1,0,,,NE WARD RD,0.46,,
2020,278,EA55174,75,08/09/2020,16:28,9,8,,11,Clark,240,1,,1,1,2,1,0,6,2,16:34,16:49,17:38,12,0,2,9999.8,1,0,1,4,2,4,6,0,0,0,0,NW LAKE RD,,-122.4146806,45.60650556,0,1,50,10,2,35,5,0,0,1,2,12,4,2,2,1,14,1,1,53,0,41,50,2006,0,,68,12,,,,,1,1,43,1,7,,4,7,99,7,11,0,08/09/2020,16:40,24053037488,37488,0,0,0,3,1,28,,,,92,,,,,,98,,,,,,98682,53,72,250,6,1,0,0,0,0,,0,,,,,,0,,,8,0,0,0,0,9,8,,,0,,,8,8,2,1,,,1,,,2,1,0.267,,,,,,,,,,,,,,,,,,,,,,,,,,,,,,0,0,0,0,1,1,0,1,0,0,0,0,0,0,0,0,1,0,0,0,0,1,1,0,1,0,0,0,0,1,0,0,0,0,0,,1,0,0,0,0,1,0,1,1,0,0,0,0,1,0,1,,,,,,41-45,36-45,City street,U,Sunday,Unknown,PV,White,0,1,1,0,City Street,Municipal/City Police,Camas Police Department,0,0,0,1,0,,,,,,0,0,0,,,,,,,,,,,98,98,98,1,,,,,20,7,,,,,,,,1,0,,,,,,
2020,452,EA82776,14,11/14/2020,20:55,14,11,,11,Clark,0,2,,2,2,2,1,0,3,2,,,,12,0,6,4.3,2,0,2,5,2,2,4,0,0,20,3,CR-NE 72ND AVE,NE 139TH ST,-122.5994222,45.72230556,0,1,89,17,2,40,2,0,0,1,2,12,1,1,2,1,4,2,2,53,0,37,31,2007,0,,12,63,18,,,,1,1,16,1,0,,3,0,3,0,11,5,,,,,0,0,2,3,1,38,73,,,96,,,,,,0,,,,,,98682,53,70,145,6,2,0,0,0,0,,97,,,,,,0,,,20,0,0,0,8,9,8,,,0,,,8,8,0,0,,,0,,,0,0,996,,,,,,,,,,,,,,,,,,,,,,,,,,,,,,0,0,0,1,0,0,0,0,0,0,0,0,0,0,0,0,0,0,1,0,1,0,1,0,1,0,0,0,0,1,0,0,0,0,0,,0,0,0,0,0,0,0,0,0,0,1,0,0,0,0,0,,,,,,16-17,16-25,County road,U,Saturday,Belt Used,PV,Not Fatal,1,0,0,0,County Road,County Sheriff,Clark County Sheriff's Office,0,0,1,0,0,,,,,,0,0,0,,,,,,,,,,,98,98,98,0,,,,,20,7,,,,,,,,1,0,,,NE 72ND AVE,4.27,NE 139TH ST,1.75