year,case,par,repjur,crash_dt,crash_tm,accday,accmon,holiday,county,co_char,city,weather,weather2,lightcond,surfcond,surftype,numfatal,nmforms,pforms,vforms,not_tm,arr_tm,hosp_tm,fhevent,hitrun,manncol,milepnt,reljunc,reljuncinter,intersectiontype,funcsystem,landuse,ownership,route,schlbus,spejur,contdev,devfunc,trafid1,trafid2,x,y,wk_zone,vnumber,crashtype,criticalevent,criticaleventcat,spdlim,body,trailer,emerg,hazcargo,leave,mhevent,roadalgn,roadprof,traflane,trafflow,vehmanvr,numoccs,regowner,regstate,spuse,make,model,modelyr,vrf1,vrf2,seqevent1,seqevent2,seqevent3,seqevent4,seqevent5,seqevent6,pnumber,ptype,age,sex,hispanic,race,injury,diedscene,restraint,restraintmisuse,seatpos,takehosp,death_dt,death_tm,cert,cernum_wa,commlic,licendor,licrestrict,liccomp,drivpres,drf1,drf2,drf3,drf4,distract1,distract2,distract3,distract4,distract5,distract6,dricond1,dricond2,dricond3,dricond4,dricond5,dricond6,dzip,licstate,drhgt_in,weight,noncdl,noncdltype,prevdwi,prevoth,prevacc,prevspd,prevsus,driviol1,driviol2,driviol3,driviol4,driviol5,driviol6,spdrel,first_dt,last_dt,airbag,ejection,ejectpath,extricat,injurwrk,methalc,methdrug,nmlocat,strikveh,prf1,prf2,prf3,druginv,alcinvol,drugsts,drugres1,drugres2,drugres3,drugtst1,drugtst2,drugtst3,alcsts,alctst,alcres,nmact1,nmact2,nmact3,nmact4,nmact5,nmact6,nmprior1,nmprior2,nmprior3,nmprior4,nmprior5,nmprior6,nmcond1,nmcond2,nmcond3,nmcond4,nmcond5,nmcond6,nmsafe_helmet,nmsafe_pads,nmsafe_oth,nmprev_ref,nmprev_lgt,nmprev_oth,crashlocation,nmcrashtype,crosswalk,schoolzone,sidewalk,train_inv,wildlife_inv,rotr_fars,intersect_fars,dd_inv,aid_inv,dpd_inv,id_inv,mj_inv,impnm_inv,ainm_inv,dpnm_inv,speed_inv,unlic_inv,unendmc_inv,drowsy_inv,drdist_inv,nmdist_inv,fty_inv,unrestfat_inv,dr1617_inv,dr1820_inv,dr1620_inv,dr2125_inv,dr1625_inv,dr65_inv,dr70_inv,dr75_inv,mc_inv,pv_inv,ht_inv,ped_inv,bike_inv,unrest_fat,mc_fat,unhelmet_mc,pv_fat,ht_fat,ped_fat,bike_fat,dr_alc7,dr_alc8,dr_drug,dr_imp,dr_dist,dr_spd,dr_fty,dr_unlic,dr_alc7only,dr_alc8only,dr_drugonly,dr_drink,nm_imp,nm_alc7,nm_alc8,nm_drug,nm_dist,agegrp1,agegrp2,roadclass,urbrur,dayweek,restuse,vehtype,race_me,intersect,lanedep,oppdir,wrongway,rep_typ,investag,repag_long,rotr,st_rd,cty_rd,city_rd,oth_rd,drug_thc,thc_res,drug_cthc,cthc_res,drug_cann,prevpersemin,prevperse,prevsusoth,drugtst4,drugtst5,drugtst6,drugtst7,drugtst8,drugres4,drugres5,drugres6,drugres7,drugres8,adspresent,adsengaged,adslevel,race1,race2,race3,race4,race5,helmet,helmetmisuse,nmdistract1,nmdistract2,nmdistract3,nmdistract4,nmdistract5,nmdistract6,lab,isedtcase,crf1,crf2,crf3,CoRoadName,CoMP,IntCoRoadName,IntCoMP
2021,39,EB06443,5,02/12/2021,10:23,12,2,,11,Clark,0,4,,1,4,2,1,0,2,2,,,,12,0,6,11.1,1,0,1,4,1,1,3,0,0,0,0,SR-500,,-122.4857556,45.67065556,0,2,66,62,4,50,67,0,0,1,2,12,1,4,2,1,1,1,3,53,0,7,880,2019,0,,12,,,,,,1,1,28,1,0,,0,0,3,0,11,0,,,,,0,0,0,3,1,0,,,,0,,,,,,98,,,,,,98682,53,68,228,6,1,0,1,0,1,,0,,,,,,0,04/15/2017,11/15/2018,20,0,0,0,8,9,8,,,0,,,8,8,8,95,,,96,,,8,95,995,,,,,,,,,,,,,,,,,,,,,,,,,,,,,,0,0,0,0,0,0,1,1,0,0,0,0,1,0,0,0,0,0,0,0,0,0,0,0,0,0,0,0,0,1,1,0,0,0,0,,0,0,0,0,0,0,0,0,0,0,0,0,0,0,0,0,,,,,,26-30,26-35,State route,R,Friday,,MHTRUCK,Not Fatal,0,1,1,0,State Route,State Patrol,WASHINGTON STATE PATROL,0,1,0,0,0,,,,,,0,0,0,,,,,,,,,,,98,98,98,0,,,,,20,,,,,,,,,1,0,,,,,,
2021,200,EB43874,5,06/15/2021,9:39,15,6,,11,Clark,0,10,,1,1,1,1,0,3,2,,,,12,0,6,6.7,2,0,2,3,2,1,3,0,0,3,3,SR-503,NE 76TH ST,-122.5525444,45.677825,0,2,69,62,4,40,66,0,0,1,2,12,1,2,5,1,1,1,3,41,0,51,881,2009,0,,12,,,,,,1,1,48,1,0,,0,0,3,0,11,0,,,,,6,1,0,3,1,0,,,,96,,,,,,98,,,,,,98682,53,68,255,6,1,0,1,0,0,,0,,,,,,0,12/15/2016,12/15/2016,20,0,0,0,8,9,2,,,0,,,8,0,0,0,,,0,,,2,98,0,,,,,,,,,,,,,,,,,,,,,,,,,,,,,,0,0,0,1,0,0,0,0,0,0,0,0,0,0,0,0,0,0,1,0,0,0,0,0,0,0,0,0,0,1,1,0,0,0,0,,0,0,0,0,0,0,0,0,0,0,0,0,0,0,0,0,,,,,,46-50,46-55,State route,U,Tuesday,,MHTRUCK,Not Fatal,1,0,0,0,State Route,State Patrol,Washington State Patrol,0,1,0,0,0,,,,,,0,0,0,,,,,,,,,,,98,98,98,0,,,,,20,,,,,,,,,1,0,,,,,,
2021,218,EB46971,5,07/09/2021,11:59,9,7,,11,Clark,2370,1,,1,1,1,2,0,5,3,,,,12,0,1,3.2,1,0,1,1,2,1,1,0,0,0,0,I-205,,-122.5634167,45.64116944,0,2,21,53,3,60,34,0,0,1,2,12,1,1,4,3,5,2,1,53,0,12,481,2015,0,,12,,,,,,1,1,68,1,0,,0,0,3,0,11,0,,,,,0,0,0,3,1,0,,,,96,,,,,,98,,,,,,98682,53,68,280,6,1,0,0,0,0,,0,,,,,,0,,,20,0,0,0,8,9,8,,,0,,,8,8,0,0,,,0,,,0,0,996,,,,,,,,,,,,,,,,,,,,,,,,,,,,,,0,0,0,0,0,0,1,1,0,0,0,0,0,0,0,0,1,0,0,0,0,0,0,0,0,1,0,0,1,1,0,0,0,0,0,,0,0,0,0,0,0,0,0,0,0,0,0,0,0,0,0,,,,,,66-70,66-75,Interstate,U,Friday,Belt Used,PV,Not Fatal,0,0,0,0,State Route,State Patrol,WASHINGTON STATE PATROL,0,1,0,0,0,,,,,,0,0,0,,,,,,,,,,,98,98,98,0,,,,,20,,,,,,,,,1,0,,,,,,
2021,218,EB46971,5,07/09/2021,11:59,9,7,,11,Clark,2370,1,,1,1,1,2,0,5,3,,,,12,0,1,3.2,1,0,1,1,2,1,1,0,0,0,0,I-205,,-122.5634167,45.64116944,0,3,98,98,7,60,4,0,0,1,2,12,1,1,4,3,1,1,2,53,0,35,43,2018,0,,12,,,,,,1,1,42,2,0,,0,0,3,0,11,0,,,,,0,0,0,3,1,0,,,,96,,,,,,98,,,,,,98682,53,61,189,6,1,0,0,0,0,,0,,,,,,0,,,20,0,0,0,8,9,8,,,0,,,8,8,0,0,,,0,,,0,0,996,,,,,,,,,,,,,,,,,,,,,,,,,,,,,,0,0,0,0,0,0,1,1,0,0,0,0,0,0,0,0,1,0,0,0,0,0,0,0,0,1,0,0,1,1,0,0,0,0,0,,0,0,0,0,0,0,0,0,0,0,0,0,0,0,0,0,,,,,,41-45,36-45,Interstate,U,Friday,Belt Used,PV,Not Fatal,0,0,0,0,State Route,State Patrol,WASHINGTON STATE PATROL,0,1,0,0,0,,,,,,0,0,0,,,,,,,,,,,98,98,98,0,,,,,20,,,,,,,,,1,0,,,,,,
2021,471,EB63721,14,08/30/2021,14:16,30,8,,11,Clark,0,10,,1,1,2,1,0,3,2,,,,12,0,6,2,2,0,2,5,1,2,4,0,0,0,0,CR-NE 259TH ST,NE 29TH AVE,-122.6408472,45.80878333,0,2,88,66,4,50,66,0,0,1,5,12,1,1,2,1,1,2,3,53,0,84,881,1999,0,,12,,,,,,1,1,29,1,0,,0,0,3,0,11,0,,,,,6,1,0,3,1,0,,,,96,,,,,,98,,,,,,98682,53,74,235,6,1,0,0,0,0,,0,,,,,,0,,,20,0,0,0,8,9,8,,,0,,,8,8,8,95,,,96,,,8,95,995,,,,,,,,,,,,,,,,,,,,,,,,,,,,,,0,0,0,1,0,0,0,0,0,0,0,0,0,0,0,0,0,0,1,0,0,0,0,0,0,1,1,0,0,1,1,0,0,0,0,,0,0,0,0,0,0,0,0,0,0,0,0,0,0,0,0,,,,,,26-30,26-35,County road,R,Monday,,MHTRUCK,Not Fatal,1,0,0,0,County Road,County Sheriff,Clark County Sheriff's Office,0,0,1,0,0,,,,,,0,0,0,,,,,,,,,,,0,0,0,0,,,,,20,,,,,,,,,1,0,,,NE 259TH ST,2.01,NE 29TH AVE,6.27
2021,534,EC02885,14,12/14/2021,8:13,14,12,,11,Clark,0,1,,1,2,2,1,0,2,1,,,,38,0,0,1,1,0,1,5,2,2,4,0,0,0,0,CR-SE NOURSE RD,,-122.3870917,45.61029444,0,1,1,10,2,40,14,0,0,1,2,38,1,2,2,1,1,2,2,53,0,12,401,1996,0,,68,68,63,38,19,,1,1,17,1,0,,3,0,99,7,11,5,,,,,0,0,3,3,1,58,,,,96,,,,,,98,,,,,,98682,53,70,220,6,2,0,0,0,0,,0,,,,,,0,,,1,0,0,0,8,9,8,,,0,,,8,8,8,95,,,96,,,8,95,995,,,,,,,,,,,,,,,,,,,,,,,,,,,,,,0,0,1,0,0,0,0,0,0,0,0,0,0,0,0,0,0,0,0,0,1,0,1,0,1,0,0,0,0,1,0,0,0,0,0,,0,0,0,0,0,0,0,0,0,0,0,0,0,0,0,0,,,,,,16-17,16-25,County road,U,Tuesday,Unknown,PV,Not Fatal,0,1,0,0,County Road,County Sheriff,Clark County Sheriff's Office,1,0,1,0,0,,,,,,0,0,0,,,,,,,,,,,0,0,0,0,,,,,20,,,,,,,,,1,0,,,SE NOURSE RD,0.99,NULL,
2017,47,E643622,5,02/06/2017,18:56,6,2,0,15,Cowlitz,0,4,0,2,3,2,1,0,2,2,18:57,19:20,19:43,12,0,6,3.5,1,0,1,4,1,1,3,0,0,0,0,SR-504,,-122.8613972,46.29784722,0,2,66,62,4,55,63,0,0,1,2,12,1,2,3,2,1,1,3,53,0,87,884,2012,0,0,12,,,,,,1,1,45,1,0,0,1,0,3,0,11,4,,,,,6,1,0,3,1,0,0,0,0,0,,,,,,0,,,,,,98683,53,74,225,6,1,0,0,0,0,0,0,,,,,,0,,,20,0,0,0,8,3,2,,,0,0,0,0,0,0,0,0,0,0,0,0,0,0,996,,,,,,,,,,,,,,,,,,,,,,,,,,,,,,0,0,0,0,0,0,0,0,0,0,0,0,1,0,0,0,0,0,0,0,0,0,0,0,0,0,0,0,0,1,1,0,0,0,0,,0,0,0,0,0,0,0,0,0,0,0,0,0,0,0,0,,,,,,41-45,36-45,State route,R,Monday,,MHTRUCK,Not Fatal,0,1,1,0,State Route,State Patrol,Washington State Patrol Headquarter,0,1,0,0,0,,,,,,,,,,,,,,,,,,,,,,,,,,,,,,,,,,,,,,,,,,,
2017,144,E672966,5,05/14/2017,2:40,14,5,0,11,Clark,2370,2,0,3,2,2,1,0,1,1,,,,24,0,0,4.9,1,0,1,2,2,1,3,0,0,0,0,SR-14,,-122.5518389,45.6038,0,1,1,13,2,60,34,0,0,1,2,1,1,1,4,3,1,1,1,53,0,49,472,2007,0,0,63,24,1,2,,,1,1,45,1,7,1,4,7,99,0,11,0,05/14/2017,2:40,2.37053E+11,22051,6,0,0,3,1,0,0,0,0,96,,,,,,9,,,,,,98683,53,73,198,6,1,0,0,0,1,0,0,,,,,,0,03/15/2016,03/15/2016,8,0,0,0,0,1,8,,,0,0,0,8,1,2,996,0,0,1,0,0,2,1,0.18,,,,,,,,,,,,,,,,,,,,,,,,,,,,,,0,0,1,0,1,1,1,1,0,0,0,0,0,0,0,0,0,0,0,0,0,0,0,0,0,0,0,0,0,0,0,0,0,0,0,,0,0,0,0,0,1,1,1,0,0,0,0,0,0,0,1,,,,,,41-45,36-45,State route,U,Sunday,Unknown,PV,White,0,1,0,0,State Route,State Patrol,Washington State Patrol Headquarter,1,1,0,0,0,,,,,,,,,,,,,,,,,,,,,,,,,,,,,,,,,,,,,,,,,,,
2017,273,E697690,6,07/29/2017,0:41,29,7,0,47,Okanogan,0,1,0,2,1,2,1,0,2,1,,,,24,0,0,46.9,1,0,1,4,1,1,3,0,3,0,0,SR-155,,-119.0245083,48.21256111,0,1,7,13,2,60,34,0,0,1,2,2,1,2,2,1,1,2,1,53,0,7,482,1998,0,0,63,69,68,64,24,2,1,1,39,1,7,3,4,7,20,0,11,0,07/29/2017,0:41,53033031,33031,0,0,0,3,1,58,0,0,0,9,,,,,,99,,,,,,98683,53,75,220,6,1,0,0,0,0,0,0,,,,,,0,,,99,1,9,0,0,9,8,,,0,0,0,8,9,0,0,0,0,0,0,0,0,0,996,,,,,,,,,,,,,,,,,,,,,,,,,,,,,,0,0,0,0,0,0,0,0,0,0,0,0,0,0,0,0,1,0,0,0,0,0,0,0,0,0,0,0,0,0,0,0,0,1,0,,0,0,0,0,0,0,0,0,1,0,0,0,0,0,0,0,,,,,,36-40,36-45,State route,R,Saturday,Not Used,PV,AIAN,0,1,0,0,State Route,State Patrol,Washington State Patrol Headquarter,1,1,0,0,0,,,,,,,,,,,,,,,,,,,,,,,,,,,,,,,,,,,,,,,,,,,
2018,73,E778793,14,03/11/2018,20:15,11,3,0,11,Clark,0,1,0,2,1,2,1,0,3,2,,,,12,0,2,5.5,1,0,1,5,1,2,4,0,0,0,0,CR-NE WASHOUGAL RIVER,,-122.296875,45.62374444,0,1,50,10,2,45,4,0,0,1,7,12,3,1,2,1,6,2,1,53,0,48,34,1993,0,0,68,12,,,,,1,1,21,1,7,1,4,7,3,0,11,0,03/11/2018,20:15,53012895,12895,0,0,3,3,1,28,33,0,0,96,,,,,,99,,,,,,98683,53,71,170,6,1,0,0,0,0,,0,,,,,,3,,,1,0,0,0,0,9,8,,,0,0,0,8,9,2,695,605,,1,1,,2,1,0,,,,,,,,,,,,,,,,,,,,,,,,,,,,,,0,0,0,0,0,0,1,1,1,0,0,0,1,0,0,0,0,0,0,0,0,0,0,1,1,0,0,0,0,1,0,0,0,0,0,,1,0,0,0,0,0,1,1,0,1,0,0,0,0,1,0,,,,,,21-25,16-25,County road,R,Sunday,Belt Used,PV,White,0,1,1,0,County Road,County Sheriff,Clark County Sheriff's Office,0,0,1,0,0,thc,9.6,carboxy-thc,12,,0,0,0,,,,,,,,,,,,,,,,,,,,,,,,,,,,,,,,,,,
2018,344,E844411,305,09/30/2018,15:57,30,9,0,11,Clark,2370,10,0,1,1,2,1,1,1,1,16:10,16:11,,8,0,0,0,3,0,2,7,2,4,6,0,0,0,0,E MILL PLAIN BLVD,N MORRISON RD,-122.59545,45.62534722,0,1,13,80,5,35,5,0,0,1,5,8,1,1,5,1,1,1,2,53,0,49,46,2010,0,0,8,,,,,,1,1,28,1,0,0,0,0,99,0,11,0,,,,,0,0,0,3,1,0,0,0,0,92,,,,,,99,,,,,,98683,53,73,160,6,1,0,0,0,0,,0,,,,,,0,,,20,0,0,0,8,9,8,,,0,0,0,8,9,2,402,605,695,1,1,1,2,1,0,,,,,,,,,,,,,,,,,,,,,,,,,,,,,,0,0,0,1,0,0,1,1,1,0,0,0,0,0,0,0,1,1,0,0,0,0,0,0,0,0,0,0,0,1,0,1,0,0,0,,0,0,0,0,0,0,1,1,1,0,0,0,0,0,1,0,,,,,,26-30,26-35,City street,U,Sunday,Unknown,PV,Not Fatal,1,0,0,0,City Street,Municipal/City Police,Vancouver Police Department,0,0,0,1,0,thc,2.7,carboxy-thc,18,,0,0,0,,,,,,,,,,,,,,,,,,,,,,,,,,,,,,,,,,,
2018,357,E847521,14,10/06/2018,23:20,6,10,7,11,Clark,0,5,0,2,1,2,2,0,4,1,23:22,23:40,0:31,42,0,0,4.3,3,0,3,4,1,2,4,0,0,20,3,CR-NE 182ND AVE,NE 139TH ST,-122.4867944,45.72295,0,1,14,14,2,50,6,0,0,1,7,2,1,1,2,1,1,4,2,53,0,49,49,2008,0,0,71,42,2,,,,1,1,34,1,7,1,4,7,99,0,11,0,10/06/2018,23:20,53043992,43992,0,0,3,3,1,39,0,0,0,96,,,,,,99,,,,,,98683,53,75,220,6,1,0,1,1,0,,0,,,,,,4,10/15/2013,03/15/2017,99,0,0,0,0,9,8,,,0,0,0,8,9,2,1,,,1,,,2,1,0.16,,,,,,,,,,,,,,,,,,,,,,,,,,,,,,0,0,0,1,1,1,0,1,0,0,0,0,1,0,0,0,0,0,0,0,0,0,0,0,0,0,0,0,0,1,0,0,0,0,0,,1,0,0,0,0,1,0,1,0,1,0,0,0,1,0,1,,,,,,31-35,26-35,County road,R,Saturday,Unknown,PV,White,1,0,0,0,County Road,County Sheriff,Clark County Sheriff's Office,0,0,1,0,0,,,,,,0,0,5,,,,,,,,,,,,,,,,,,,,,,,,,,,,,,,,,,,
2019,269,E946977,305,08/02/2019,13:55,2,8,,11,Clark,2370,1,0,1,1,2,1,0,6,5,,,,12,0,1,0.3,3,1,2,3,2,1,1,0,0,3,3,I-205 RAMP LX03111,FOURTH PLAIN BLVD,-122.5755111,45.65748889,0,3,98,98,7,35,34,0,0,1,7,12,1,2,5,1,5,1,1,53,0,35,472,2008,0,0,12,12,12,,,,1,1,68,1,0,,1,0,3,0,11,8,,,,,0,0,3,3,1,0,0,0,0,0,,,,,,0,,,,,,98683,53,64,170,6,1,0,0,0,0,,0,,,,,,0,,,1,0,0,0,8,9,8,,,0,0,0,8,0,8,95,,,96,,,8,95,995,,,,,,,,,,,,,,,,,,,,,,,,,,,,,,0,0,0,1,0,0,0,0,0,0,0,0,0,0,0,0,0,0,0,0,0,1,1,0,1,1,1,1,1,1,0,0,0,0,0,,0,0,0,0,0,0,0,0,0,0,0,0,0,0,0,0,,,,,,66-70,66-75,Interstate,U,Friday,Belt Used,PV,Not Fatal,1,0,0,0,State Route,Municipal/City Police,Vancouver Police Department,0,1,0,0,0,,,,,,0,0,0,,,,,,,,,,,98,98,98,0,,,,,20,7,,,,,,,,,,,,,,,
2019,306,E957141,305,09/01/2019,17:17,1,9,,11,Clark,2370,1,0,1,1,2,1,0,3,2,,,,12,0,6,0,2,0,2,7,2,4,6,0,0,3,3,SE 164TH AVE,SE 12TH ST,-122.5041861,45.61212222,0,2,69,62,4,40,2,0,0,1,5,12,1,1,5,1,1,2,1,41,0,34,47,2015,0,0,12,64,30,,,,1,1,25,2,0,,1,0,3,0,11,5,,,,,0,0,0,3,1,0,0,0,0,96,,,,,,0,,,,,,98683,53,67,185,6,1,0,0,0,1,,0,,,,,,3,02/15/2019,02/15/2019,8,0,0,0,8,9,8,,,0,0,0,8,0,2,1,,,1,,,2,1,0,,,,,,,,,,,,,,,,,,,,,,,,,,,,,,0,0,0,1,0,0,0,0,0,0,0,0,1,0,0,0,0,0,0,0,0,0,0,1,1,1,1,1,0,1,0,0,0,0,0,,0,0,0,0,0,0,0,0,0,1,0,0,0,0,0,0,,,,,,21-25,16-25,City street,U,Sunday,Belt Used,PV,Not Fatal,1,0,0,0,City Street,Municipal/City Police,Vancouver Police Department,0,0,0,1,0,,,,,,0,0,0,,,,,,,,,,,98,98,98,0,,,,,20,7,,,,,,,,,,,,,,,
2019,364,E971402,305,10/15/2019,20:21,15,10,,11,Clark,2370,1,0,3,1,2,1,1,2,1,,,,15,0,0,0,3,0,2,3,2,4,6,0,0,3,3,SE MILL PLAIN BLVD,SE CHKALOV DR,-122.5547722,45.62094444,0,1,13,83,5,40,4,0,0,1,7,15,1,1,5,3,1,2,1,53,0,59,35,2002,0,0,15,,,,,,1,1,55,1,0,,0,0,3,0,11,0,,,,,0,0,0,3,1,0,0,0,0,96,,,,,,0,,,,,,98683,53,73,190,6,1,0,0,0,1,,0,,,,,,0,08/15/2017,08/15/2017,20,0,0,0,8,9,8,,,0,0,0,8,0,2,1,,,1,,,2,1,0,,,,,,,,,,,,,,,,,,,,,,,,,,,,,,0,0,0,1,0,0,0,0,0,0,0,0,0,0,0,0,0,0,0,0,0,0,0,0,0,0,0,0,0,1,0,1,0,0,0,,0,0,0,0,0,0,0,0,0,0,0,0,0,0,0,0,,,,,,51-55,46-55,City street,U,Tuesday,Belt Used,PV,Not Fatal,1,0,0,0,City Street,Municipal/City Police,Vancouver Police Department,0,0,0,1,0,,,,,,0,0,0,,,,,,,,,,,98,98,98,0,,,,,20,7,,,,,,,,,,,,,,,
2020,76,EA10410,305,02/02/2020,14:47,2,2,,11,Clark,2370,1,,1,1,2,1,0,2,2,14:47,14:52,15:05,12,0,6,0,2,0,2,3,2,4,6,0,0,3,3,SE 164TH AVE,SE MILL PLAIN BLVD,-122.5043139,45.61547222,0,2,87,66,4,35,14,0,0,1,2,12,1,1,4,1,1,1,1,53,0,48,401,2016,0,,12,,,,,,1,1,34,1,0,,0,0,3,0,11,0,,,,,0,0,0,3,1,0,,,,96,,,,,,0,,,,,,98683,53,70,170,6,1,0,0,0,0,,0,,,,,,0,,,2,0,0,0,8,9,8,,,0,,,8,8,2,1,,,1,,,2,1,0,,,,,,,,,,,,,,,,,,,,,,,,,,,,,,0,0,0,1,0,0,0,0,0,0,0,0,1,0,0,0,0,0,0,0,0,0,0,0,0,0,0,0,1,1,0,0,0,0,0,,0,0,0,0,0,0,0,0,0,0,0,0,0,0,0,0,,,,,,31-35,26-35,City street,U,Sunday,Belt Used,PV,Not Fatal,1,0,0,0,City Street,Municipal/City Police,Vancouver Police Department,0,0,0,1,0,,,,,,0,0,0,,,,,,,,,,,98,98,98,0,,,,,20,7,,,,,,,,1,0,,,,,,
2020,544,EA45610,305,07/05/2020,17:47,5,7,,11,Clark,2370,1,,1,1,2,1,0,1,1,17:48,17:54,18:17,42,0,0,0,1,0,1,3,2,4,6,0,0,0,0,SE 192ND AVE,,-122.4758556,45.60346667,0,1,1,13,2,40,4,0,0,1,2,42,3,2,2,2,14,1,1,53,0,55,33,2009,0,,63,42,30,38,,,1,1,82,1,7,,4,0,3,0,11,5,07/08/2020,10:40,2.37053E+11,31228,0,0,3,3,1,28,,,,92,,,,,,0,,,,,,98683,53,71,150,6,1,0,0,0,0,,69,,,,,,0,,,8,0,0,0,0,9,8,,,0,,,8,8,2,177,,,1,,,2,1,0,,,,,,,,,,,,,,,,,,,,,,,,,,,,,,0,0,1,0,0,0,1,1,0,0,0,0,0,0,0,0,1,0,0,0,0,0,0,0,0,1,1,1,0,1,0,0,0,0,0,,1,0,0,0,0,0,1,1,1,0,0,0,0,0,1,0,,,,,,81+,76+,City street,U,Sunday,Belt Used,PV,White,0,1,0,0,City Street,Municipal/City Police,Vancouver Police Department,1,0,0,1,0,,,,,,0,0,0,,,,,,,,,,,98,98,98,1,,,,,20,7,,,,,,,,1,0,,,,,,
2020,326,EA60712,5,08/14/2020,18:21,14,8,,59,Skamania,0,1,,5,1,2,1,0,1,1,,,,11,0,0,33.3,1,0,1,3,1,1,3,0,0,0,0,SR-14,,-122.0422556,45.61704722,0,1,13,87,6,55,80,0,0,1,2,11,1,1,2,1,1,1,1,53,0,76,706,2003,0,,11,,,,,,1,1,58,1,7,,4,7,20,7,11,0,08/14/2020,18:21,53038926,38926,0,0,0,3,1,0,,,,96,,,,,,98,,,,,,98683,53,69,185,6,1,0,0,0,0,,0,,,,,,3,,,20,8,0,0,0,9,8,,,0,,,8,8,2,996,996,,1,1,,2,1,0,,,,,,,,,,,,,,,,,,,,,,,,,,,,,,0,1,0,0,0,0,1,1,0,0,0,0,1,0,0,0,0,0,0,0,0,0,0,0,0,0,0,0,1,0,0,0,0,0,1,0,0,0,0,0,0,0,1,1,0,1,0,0,0,0,1,0,,,,,,56-60,56-65,State route,R,Friday,,MC,White,0,0,0,0,State Route,State Patrol,Washington State Patrol,0,1,0,0,0,,,,,,0,0,0,,,,,,,,,,,0,0,0,1,,,,,5,0,,,,,,,,1,0,,,,,,
2021,291,EB57277,5,08/12/2021,0:00,12,8,,11,Clark,0,1,,2,1,1,2,0,5,2,,,,12,0,1,8.2,1,0,1,1,2,1,1,0,0,4,3,I-5,,-122.6571056,45.73198056,1,2,32,53,3,60,63,0,0,1,2,12,1,1,4,3,4,1,3,53,0,84,881,2007,0,,12,,,,,,1,1,54,2,0,,0,0,3,0,11,0,,,,,6,0,0,3,1,0,,,,96,,,,,,98,,,,,,98683,53,62,185,6,1,0,0,0,0,,0,,,,,,0,,,20,0,0,0,8,9,8,,,0,,,8,8,0,0,,,0,,,0,0,996,,,,,,,,,,,,,,,,,,,,,,,,,,,,,,0,0,0,0,0,0,1,1,1,0,0,0,0,1,0,0,1,0,0,1,0,0,0,0,0,0,0,0,0,1,1,0,0,0,0,,0,0,0,0,0,0,0,0,0,0,0,0,0,0,0,0,,,,,,51-55,46-55,Interstate,U,Thursday,,MHTRUCK,Not Fatal,0,0,0,0,State Route,State Patrol,Washington State Patrol,0,1,0,0,0,,,,,,0,0,0,,,,,,,,,,,98,98,98,0,,,,,20,,,,,,,,,1,0,,,,,,
2021,462,EB88238,14,11/09/2021,2:20,9,11,,11,Clark,0,2,,2,2,2,1,0,3,1,,,,42,0,0,1.8,1,0,1,5,1,2,4,0,0,0,0,CR-NE RISTO RD,,-122.4507528,45.770425,0,1,1,11,2,50,4,0,0,1,2,42,2,2,2,1,14,3,2,41,0,41,50,2003,0,,63,42,,,,,1,1,21,1,0,,3,0,3,0,11,5,,,,,0,0,0,3,1,0,,,,96,,,,,,98,,,,,,98683,53,73,160,6,1,0,0,0,0,,0,,,,,,3,,,1,0,0,0,8,9,2,,,0,,,8,8,8,95,,,96,,,8,95,995,,,,,,,,,,,,,,,,,,,,,,,,,,,,,,0,0,1,0,0,0,0,0,0,0,0,0,1,0,0,0,0,0,0,0,0,0,0,1,1,0,0,0,0,1,0,0,0,0,0,,0,0,0,0,0,0,0,0,0,1,0,0,0,0,0,0,,,,,,21-25,16-25,County road,R,Tuesday,Belt Used,PV,Not Fatal,0,1,0,0,County Road,County Sheriff,Clark County Sheriff's Office,1,0,1,0,0,,,,,,0,0,0,,,,,,,,,,,98,98,98,0,,,,,20,,,,,,,,,1,0,,,NE RISTO RD,1.76,NULL,
2017,189,3766555,75,05/16/2017,10:31,16,5,0,11,Clark,240,10,0,1,1,2,1,0,2,1,,,,10,0,0,0,6,0,1,96,6,96,8,0,0,65,3,SW VIOLA ST,,-122.4582833,45.58060833,0,1,98,98,7,98,5,0,0,1,3,10,3,2,8,8,14,2,1,41,0,35,50,2014,0,0,10,,,,,,1,1,34,2,1,1,4,7,3,0,11,0,05/16/2017,10:31,24053022480,22480,0,0,0,3,1,38,0,0,0,93,,,,,,0,,,,,,98684,53,65,165,6,1,0,0,0,0,0,0,,,,,,0,,,8,0,0,0,0,9,8,,,0,0,0,8,0,2,1,0,0,1,0,0,2,1,0,,,,,,,,,,,,,,,,,,,,,,,,,,,,,,1,0,0,0,0,0,0,0,0,0,0,0,0,0,0,0,1,0,1,0,0,0,0,0,0,0,0,0,0,1,0,0,0,0,0,,1,0,0,0,0,0,0,0,1,0,1,0,0,0,0,0,,,,,,31-35,26-35,Other,,Tuesday,Belt Used,PV,Hispanic,1,0,0,0,City Street,Municipal/City Police,Camas Police Department,0,0,0,1,0,,,,,,,,,,,,,,,,,,,,,,,,,,,,,,,,,,,,,,,,,,,