year,case,par,repjur,crash_dt,crash_tm,accday,accmon,holiday,county,co_char,city,weather,weather2,lightcond,surfcond,surftype,numfatal,nmforms,pforms,vforms,not_tm,arr_tm,hosp_tm,fhevent,hitrun,manncol,milepnt,reljunc,reljuncinter,intersectiontype,funcsystem,landuse,ownership,route,schlbus,spejur,contdev,devfunc,trafid1,trafid2,x,y,wk_zone,vnumber,crashtype,criticalevent,criticaleventcat,spdlim,body,trailer,emerg,hazcargo,leave,mhevent,roadalgn,roadprof,traflane,trafflow,vehmanvr,numoccs,regowner,regstate,spuse,make,model,modelyr,vrf1,vrf2,seqevent1,seqevent2,seqevent3,seqevent4,seqevent5,seqevent6,pnumber,ptype,age,sex,hispanic,race,injury,diedscene,restraint,restraintmisuse,seatpos,takehosp,death_dt,death_tm,cert,cernum_wa,commlic,licendor,licrestrict,liccomp,drivpres,drf1,drf2,drf3,drf4,distract1,distract2,distract3,distract4,distract5,distract6,dricond1,dricond2,dricond3,dricond4,dricond5,dricond6,dzip,licstate,drhgt_in,weight,noncdl,noncdltype,prevdwi,prevoth,prevacc,prevspd,prevsus,driviol1,driviol2,driviol3,driviol4,driviol5,driviol6,spdrel,first_dt,last_dt,airbag,ejection,ejectpath,extricat,injurwrk,methalc,methdrug,nmlocat,strikveh,prf1,prf2,prf3,druginv,alcinvol,drugsts,drugres1,drugres2,drugres3,drugtst1,drugtst2,drugtst3,alcsts,alctst,alcres,nmact1,nmact2,nmact3,nmact4,nmact5,nmact6,nmprior1,nmprior2,nmprior3,nmprior4,nmprior5,nmprior6,nmcond1,nmcond2,nmcond3,nmcond4,nmcond5,nmcond6,nmsafe_helmet,nmsafe_pads,nmsafe_oth,nmprev_ref,nmprev_lgt,nmprev_oth,crashlocation,nmcrashtype,crosswalk,schoolzone,sidewalk,train_inv,wildlife_inv,rotr_fars,intersect_fars,dd_inv,aid_inv,dpd_inv,id_inv,mj_inv,impnm_inv,ainm_inv,dpnm_inv,speed_inv,unlic_inv,unendmc_inv,drowsy_inv,drdist_inv,nmdist_inv,fty_inv,unrestfat_inv,dr1617_inv,dr1820_inv,dr1620_inv,dr2125_inv,dr1625_inv,dr65_inv,dr70_inv,dr75_inv,mc_inv,pv_inv,ht_inv,ped_inv,bike_inv,unrest_fat,mc_fat,unhelmet_mc,pv_fat,ht_fat,ped_fat,bike_fat,dr_alc7,dr_alc8,dr_drug,dr_imp,dr_dist,dr_spd,dr_fty,dr_unlic,dr_alc7only,dr_alc8only,dr_drugonly,dr_drink,nm_imp,nm_alc7,nm_alc8,nm_drug,nm_dist,agegrp1,agegrp2,roadclass,urbrur,dayweek,restuse,vehtype,race_me,intersect,lanedep,oppdir,wrongway,rep_typ,investag,repag_long,rotr,st_rd,cty_rd,city_rd,oth_rd,drug_thc,thc_res,drug_cthc,cthc_res,drug_cann,prevpersemin,prevperse,prevsusoth,drugtst4,drugtst5,drugtst6,drugtst7,drugtst8,drugres4,drugres5,drugres6,drugres7,drugres8,adspresent,adsengaged,adslevel,race1,race2,race3,race4,race5,helmet,helmetmisuse,nmdistract1,nmdistract2,nmdistract3,nmdistract4,nmdistract5,nmdistract6,lab,isedtcase,crf1,crf2,crf3,CoRoadName,CoMP,IntCoRoadName,IntCoMP
2017,355,E708997,14,09/06/2017,16:50,6,9,0,11,Clark,0,1,0,1,1,2,1,0,1,1,16:50,17:00,17:17,39,0,0,1.2,3,0,2,4,2,2,4,0,0,0,0,CR-NE UNION RD,155TH ST,-122.6514222,45.73275278,0,1,2,13,2,40,3,0,0,1,5,39,1,1,2,1,1,1,2,53,0,12,13,1993,0,0,64,69,63,39,,,1,1,38,1,7,1,4,0,3,0,11,5,09/08/2017,17:17,2.37053E+11,38693,0,0,0,3,1,0,0,0,0,96,,,,,,99,,,,,,98684,53,62,110,6,1,0,0,0,0,0,0,,,,,,0,,,20,0,0,0,0,9,8,,,0,0,0,8,9,2,401,417,605,1,1,1,2,1,0,,,,,,,,,,,,,,,,,,,,,,,,,,,,,,0,0,0,1,0,0,1,1,1,0,0,0,0,0,0,0,0,0,0,0,0,0,0,0,0,0,0,0,0,1,0,0,0,0,0,,1,0,0,0,0,0,1,1,0,0,0,0,0,0,1,0,,,,,,36-40,36-45,County road,U,Wednesday,Belt Used,PV,White,0,1,0,0,County Road,County Sheriff,Clark County Sheriff's Office,1,0,1,0,0,thc,4.8,carboxy-thc,12,,,,,,,,,,,,,,,,,,,,,,,,,,,,,,,,,,,,,,,
2018,43,E770816,5,02/11/2018,1:17,11,2,0,11,Clark,2370,1,0,3,1,2,3,0,5,3,,,,12,0,2,2,1,0,1,3,2,1,3,0,0,0,0,SR-14,,-122.6316667,45.6185,0,2,51,54,3,98,14,0,0,1,2,12,1,2,2,3,1,1,2,53,0,18,401,2004,0,0,12,,,,,,1,1,35,1,1,1,4,7,20,0,11,0,02/11/2018,1:17,2.37053E+11,7572,0,0,0,2,1,0,0,0,0,96,,,,,,9,,,,,,98684,53,72,170,1,1,1,0,0,1,,0,,,,,,0,08/15/2016,06/15/2017,8,0,0,0,0,1,8,,,0,0,0,8,1,2,177,,,1,,,2,1,0.21,,,,,,,,,,,,,,,,,,,,,,,,,,,,,,0,0,0,0,1,1,1,1,0,0,0,0,1,1,0,0,0,0,0,1,0,0,0,0,0,1,1,1,0,1,0,0,0,1,0,,1,0,0,0,0,1,1,1,0,0,0,1,0,0,0,1,,,,,,31-35,26-35,State route,U,Sunday,Not Used,PV,Hispanic,0,0,0,1,State Route,State Patrol,Washington State Patrol Headquarter,0,1,0,0,0,,,,,,0,0,1,,,,,,,,,,,,,,,,,,,,,,,,,,,,,,,,,,,
2018,162,E809587,5,06/07/2018,12:24,7,6,0,11,Clark,2370,10,0,1,1,2,1,0,3,3,12:22,12:27,,12,0,1,0.3,20,1,1,1,2,1,1,0,0,0,0,I-205 RAMP S502801,,-122.5586472,45.61871944,0,1,28,52,3,98,34,0,0,1,2,12,3,2,1,6,14,1,2,41,0,7,482,2017,0,0,12,,,,,,1,1,53,1,0,0,0,0,3,0,11,0,,,,,0,0,3,3,1,26,0,0,0,96,,,,,,0,,,,,,98684,41,69,170,6,1,1,3,0,0,,97,,,,,,0,07/15/2013,07/15/2017,20,0,0,0,8,9,2,,,0,0,0,0,0,2,1,,,1,,,2,1,0,,,,,,,,,,,,,,,,,,,,,,,,,,,,,,0,0,0,0,0,0,1,1,0,0,0,0,0,0,0,0,1,0,0,0,0,0,0,0,0,0,0,0,0,1,0,0,0,0,0,,0,0,0,0,0,0,0,0,0,0,0,0,0,0,0,0,,,,,,51-55,46-55,Interstate,U,Thursday,Belt Used,PV,Not Fatal,0,0,0,0,State Route,State Patrol,WASHINGTON STATE PATROL,0,1,0,0,0,,,,,,0,0,0,,,,,,,,,,,,,,,,,,,,,,,,,,,,,,,,,,,
2018,330,E838368,14,09/14/2018,12:23,14,9,0,11,Clark,0,1,0,1,1,2,1,0,3,3,12:23,12:38,13:21,12,0,2,12.4,1,0,1,5,1,2,4,0,0,0,0,CR-NE 82ND AVE,,-122.5895306,45.83143611,0,1,50,6,1,98,14,0,0,1,5,12,1,2,2,1,6,1,1,53,0,23,401,2004,0,0,68,68,68,12,12,,1,1,18,1,0,0,2,0,3,0,11,5,,,,,0,0,3,3,1,33,28,0,0,96,,,,,,0,,,,,,98684,53,74,180,6,1,0,0,0,0,,97,,,,,,3,,,1,0,0,0,8,9,8,,,0,0,0,8,0,2,1,,,1,,,2,1,0,,,,,,,,,,,,,,,,,,,,,,,,,,,,,,0,0,0,0,1,0,1,1,0,0,0,0,1,0,0,0,0,0,0,0,0,1,1,0,1,0,0,0,0,1,1,0,0,0,0,,0,0,0,0,0,0,0,0,0,1,0,0,0,0,0,0,,,,,,18-20,16-25,County road,R,Friday,Belt Used,PV,Not Fatal,0,1,1,0,County Road,County Sheriff,Clark County Sheriff's Office,0,0,1,0,0,,,,,,0,0,0,,,,,,,,,,,,,,,,,,,,,,,,,,,,,,,,,,,
2018,434,E866214,305,11/21/2018,22:39,21,11,8,11,Clark,2370,2,0,3,2,2,1,1,1,1,,,,8,0,0,0,1,0,1,7,2,4,6,0,0,0,0,NE 28TH ST,NE 132ND AVE,-122.5380389,45.64291667,0,1,13,80,5,35,5,0,0,1,5,8,1,1,2,1,1,1,2,41,0,49,46,2007,0,0,8,,,,,,1,1,23,2,0,0,0,0,3,0,11,0,,,,,0,0,0,3,1,10,0,0,0,96,,,,,,9,,,,,,98684,53,67,130,6,1,0,1,0,1,,11,,,,,,0,10/15/2014,05/15/2016,20,0,0,0,8,9,8,,,0,0,0,8,1,2,1,,,1,,,2,1,0.091,,,,,,,,,,,,,,,,,,,,,,,,,,,,,,0,0,0,0,1,1,0,1,0,1,1,0,0,0,0,0,0,0,0,0,0,0,0,1,1,0,0,0,0,1,0,1,0,0,0,,0,0,0,0,0,1,0,1,0,0,0,0,0,1,0,1,,,,,,21-25,16-25,City street,U,Wednesday,Belt Used,PV,Not Fatal,0,0,0,0,City Street,Municipal/City Police,Vancouver Police Department,0,0,0,1,0,,,,,,0,1,0,,,,,,,,,,,,,,,,,,,,,,,,,,,,,,,,,,,
2019,5,E878909,5,01/02/2019,15:17,2,1,,59,Skamania,0,1,0,1,1,2,1,0,1,1,,,,24,0,0,22.7,3,0,4,3,1,1,3,0,0,0,0,SR-14,MARBLE RD,-122.2267222,45.56323889,0,1,1,13,2,50,80,0,0,1,5,24,3,2,2,1,14,1,1,53,0,76,705,2007,0,0,63,24,,,,,1,1,33,1,7,,4,7,20,7,11,0,01/02/2019,15:57,53000336,336,0,0,3,3,1,0,0,0,0,96,,,,,,0,,,,,,98684,53,70,150,6,1,0,2,0,0,,0,,,,,,4,01/15/2015,04/15/2018,20,8,0,0,0,9,8,,,0,0,0,8,0,2,1,,,1,,,2,1,0,,,,,,,,,,,,,,,,,,,,,,,,,,,,,,0,0,1,1,0,0,0,0,0,0,0,0,1,0,0,0,0,0,0,0,0,0,0,0,0,0,0,0,1,0,0,0,0,0,1,0,0,0,0,0,0,0,0,0,0,1,0,0,0,0,0,0,,,,,,31-35,26-35,State route,R,Wednesday,,MC,White,0,1,0,0,State Route,State Patrol,Washington State Patrol,1,1,0,0,0,,,,,,0,0,0,,,,,,,,,,,0,0,0,1,,,,,5,0,,,,,,,,,,,,,,,
2019,9,E881365,305,01/09/2019,7:49,9,1,,11,Clark,2370,10,0,1,1,2,1,0,3,3,,,,12,0,2,0,1,0,1,7,2,4,6,0,0,0,0,NE 136TH AVE,,-122.5346222,45.62798611,0,1,50,10,2,98,3,0,0,1,7,12,1,1,5,1,1,1,2,53,0,52,37,2002,0,0,68,12,,,,,1,1,46,1,7,,4,7,20,7,11,0,01/09/2019,7:49,2.37053E+11,1140,0,0,0,2,1,28,0,0,0,92,,,,,,99,,,,,,98684,53,76,235,1,1,0,0,0,0,,0,,,,,,4,06/15/2018,06/15/2018,20,0,0,0,0,9,8,,,0,0,0,8,9,2,996,401,417,1,1,1,2,1,0,,,,,,,,,,,,,,,,,,,,,,,,,,,,,,0,0,0,0,0,0,1,1,0,0,0,0,1,1,0,0,1,0,0,1,0,0,0,1,1,0,0,0,0,1,0,0,0,1,0,,1,0,0,0,0,0,1,1,1,1,0,1,0,0,1,0,,,,,,46-50,46-55,City street,U,Wednesday,Not Used,PV,White,0,1,1,0,City Street,Municipal/City Police,Vancouver Police Department,0,0,0,1,0,,,,,,0,0,1,,,,,,,,,,,98,98,98,1,,,,,20,7,,,,,,,,,,,,,,,
2019,97,E907496,14,03/30/2019,0:25,30,3,,11,Clark,0,1,0,2,1,2,1,0,2,2,,,,12,0,1,0.1,1,0,1,5,2,2,4,0,0,0,0,CR-NW 99TH ST,,-122.684525,45.692875,0,1,21,98,7,98,34,0,0,1,7,12,1,1,2,1,5,1,2,53,0,12,481,1984,0,0,12,,,,,,1,1,34,2,0,,1,0,99,7,11,8,,,,,0,0,0,3,1,0,0,0,0,96,,,,,,0,,,,,,98684,53,61,135,6,1,0,0,0,1,,97,,,,,,0,06/15/2016,09/15/2017,20,0,0,0,8,9,8,,,0,0,0,8,0,8,95,,,96,,,8,95,995,,,,,,,,,,,,,,,,,,,,,,,,,,,,,,0,0,0,0,1,1,0,1,0,0,0,0,0,0,0,0,0,0,0,0,0,0,0,0,0,0,0,0,0,1,0,0,0,0,0,,0,0,0,0,0,0,0,0,0,0,0,0,0,0,0,0,,,,,,31-35,26-35,County road,U,Saturday,Unknown,PV,Not Fatal,0,0,0,0,County Road,County Sheriff,Clark County Sheriff's Office,0,0,1,0,0,,,,,,0,0,1,,,,,,,,,,,0,0,0,0,,,,,20,7,,,,,,,,,,,,,,,
2019,98,E908332,14,03/29/2019,19:36,29,3,,11,Clark,240,10,0,1,1,2,1,0,1,1,,,,1,0,0,0,1,0,1,7,2,4,6,0,0,0,0,NW LAKE RD,,-122.4163667,45.607425,0,1,98,13,2,35,80,0,0,1,7,1,3,2,2,1,14,1,1,53,0,73,705,2007,0,0,1,63,24,,,,1,1,19,1,7,,4,7,20,7,11,0,03/29/2019,19:36,24053014786,14786,0,0,0,3,1,0,0,0,0,96,,,,,,99,,,,,,98684,53,72,165,6,1,0,0,0,0,,0,,,,,,4,,,20,8,0,0,0,9,8,,,0,0,0,8,9,2,1,,,1,,,2,1,0,,,,,,,,,,,,,,,,,,,,,,,,,,,,,,0,0,0,0,0,0,0,0,0,0,0,0,1,0,0,0,0,0,0,0,0,1,1,0,1,0,0,0,1,0,0,0,0,0,1,0,0,0,0,0,0,0,0,0,0,1,0,0,0,0,0,0,,,,,,18-20,16-25,City street,U,Friday,,MC,White,0,0,0,0,City Street,Municipal/City Police,Camas Police Department,0,0,0,1,0,,,,,,0,0,0,,,,,,,,,,,0,0,0,1,,,,,19,0,,,,,,,,,,,,,,,
2019,300,E938326,57,07/08/2019,8:00,8,7,,11,Clark,107,10,0,1,1,2,1,0,4,4,,,,12,0,6,6.9,2,0,2,3,2,1,3,0,0,3,3,SR-503,SW 10TH AVE,-122.5473917,45.76623611,0,1,86,17,2,55,4,0,0,1,7,12,1,1,5,1,1,1,1,53,0,59,32,1992,0,0,12,,,,,,1,1,33,1,0,,0,0,3,0,11,0,,,,,0,0,0,3,1,39,0,0,0,93,,,,,,0,,,,,,98684,53,76,185,6,1,0,1,3,0,,97,,,,,,4,11/15/2014,04/15/2019,1,0,0,0,8,9,8,,,0,0,0,8,0,2,401,417,,1,1,,2,1,0,,,,,,,,,,,,,,,,,,,,,,,,,,,,,,0,0,0,1,0,0,1,1,0,0,0,0,1,0,0,0,1,0,0,0,0,0,0,0,0,0,0,0,1,1,1,0,0,0,0,,0,0,0,0,0,0,1,1,1,1,0,0,0,0,1,0,,,,,,31-35,26-35,State route,U,Monday,Belt Used,PV,Not Fatal,1,0,0,0,State Route,Municipal/City Police,Battleground Police Department,0,1,0,0,0,,,,,,0,0,0,,,,,,,,,,,0,0,0,0,,,,,20,7,,,,,,,,,,,,,,,
2019,361,E970674,14,10/08/2019,8:32,8,10,,11,Clark,0,10,0,1,1,2,1,1,1,1,,,,9,0,0,0.3,2,0,2,3,1,2,4,0,0,0,0,CR-NE 9TH ST,NE 167TH AVE,-122.5003889,45.62841111,0,1,13,84,5,25,34,0,0,1,7,9,1,1,2,1,1,1,1,53,0,7,482,2015,0,0,9,,,,,,1,1,45,1,0,,0,0,3,0,11,0,,,,,0,0,0,0,1,0,0,0,0,93,,,,,,0,,,,,,98684,53,69,185,0,0,0,0,0,1,,97,,,,,,0,06/15/2018,06/15/2018,20,0,0,0,8,9,2,,,0,0,0,0,0,2,1,,,1,,,2,1,0,,,,,,,,,,,,,,,,,,,,,,,,,,,,,,0,0,0,1,0,0,0,0,0,0,0,0,0,1,0,0,1,0,0,0,0,0,0,0,0,0,0,0,0,1,0,0,1,0,0,,0,0,0,0,0,0,0,0,1,0,0,1,0,0,0,0,,,,,,41-45,36-45,County road,R,Tuesday,Belt Used,PV,Not Fatal,1,0,0,0,County Road,County Sheriff,Clark County Sheriff's Office,0,0,1,0,0,,,,,,0,0,0,,,,,,,,,,,98,98,98,0,,,,,20,7,,,,,,,,,,,,,,,
2020,400,EA71709,5,10/12/2020,22:41,12,10,,11,Clark,2370,1,,3,1,2,1,1,1,1,,,,8,0,0,4.1,1,0,1,3,2,1,3,0,0,0,0,SR-500,,-122.5815861,45.65598056,0,1,13,80,5,55,4,0,0,1,2,8,2,2,2,3,15,1,1,53,0,63,38,2016,0,,8,,,,,,1,1,27,1,0,,0,0,3,0,11,0,,,,,0,0,0,3,1,0,,,,13,,,,,,0,,,,,,98684,53,73,185,6,1,0,0,0,1,,0,,,,,,0,04/15/2018,04/15/2018,20,0,0,0,8,3,2,,,0,,,8,8,2,1,,,1,,,2,1,0,,,,,,,,,,,,,,,,,,,,,,,,,,,,,,0,0,0,0,0,0,0,0,0,0,0,0,0,0,0,0,1,0,0,0,0,0,0,0,0,0,0,0,0,1,0,1,0,0,0,,0,0,0,0,0,0,0,0,1,0,0,0,0,0,0,0,,,,,,26-30,26-35,State route,U,Monday,Belt Used,PV,Not Fatal,0,0,0,0,State Route,State Patrol,Washington State Patrol,0,1,0,0,0,,,,,,0,0,0,,,,,,,,,,,98,98,98,0,,,,,20,7,,,,,,,,1,0,,,,,,
2020,434,EA78864,75,11/05/2020,11:35,5,11,,11,Clark,240,2,,1,2,1,1,0,4,2,,,,12,0,2,0,1,0,1,4,2,4,6,0,0,0,0,NW LAKE RD,,-122.4167028,45.60754444,0,1,50,6,1,35,14,0,0,1,2,12,3,2,2,1,14,2,2,53,0,34,402,2021,0,,68,12,,,,,1,1,30,1,0,,2,0,3,0,11,5,,,,,0,0,0,3,1,58,,,,96,,,,,,0,,,,,,98684,53,69,175,6,1,0,0,0,0,,97,,,,,,0,,,8,0,0,0,8,9,8,,,0,,,8,8,0,0,,,0,,,0,0,996,,,,,,,,,,,,,,,,,,,,,,,,,,,,,,0,0,0,0,0,0,0,0,0,0,0,0,0,0,0,0,0,0,0,0,0,0,0,0,0,0,0,0,0,1,0,0,0,0,0,,0,0,0,0,0,0,0,0,0,0,0,0,0,0,0,0,,,,,,26-30,26-35,City street,U,Thursday,Belt Used,PV,Not Fatal,0,0,0,1,City Street,Municipal/City Police,Camas Police Department,0,0,0,1,0,,,,,,0,0,0,,,,,,,,,,,98,98,98,0,,,,,20,7,,,,,,,,1,0,,,,,,
2017,275,E697697,5,07/25/2017,15:17,25,7,0,11,Clark,2370,1,0,1,1,2,1,0,5,4,,,,12,0,7,3.5,1,0,1,1,2,1,1,0,0,0,0,I-205,,-122.5720417,45.65851111,0,2,45,60,4,60,34,0,0,1,2,12,1,1,3,3,1,1,2,53,0,7,482,2004,0,0,12,12,,,,,1,1,23,1,0,0,0,0,3,0,11,0,,,,,0,0,3,3,1,0,0,0,0,0,,,,,,0,,,,,,98685,53,69,120,6,1,0,0,0,0,0,0,,,,,,0,,,20,0,0,0,8,9,8,,,0,0,0,8,0,0,0,0,0,0,0,0,0,0,996,,,,,,,,,,,,,,,,,,,,,,,,,,,,,,0,0,0,0,0,0,1,1,0,0,0,0,1,0,0,0,0,0,0,0,0,0,0,1,1,1,0,0,1,1,0,0,0,0,0,,0,0,0,0,0,0,0,0,0,0,0,0,0,0,0,0,,,,,,21-25,16-25,Interstate,U,Tuesday,Belt Used,PV,Not Fatal,0,0,0,0,State Route,State Patrol,Washington State Patrol Headquarter,0,1,0,0,0,,,,,,,,,,,,,,,,,,,,,,,,,,,,,,,,,,,,,,,,,,,
2017,361,E711100,14,09/09/2017,18:31,9,9,0,11,Clark,0,1,0,5,1,2,1,0,2,2,,,,12,0,2,0.4,1,0,1,5,2,2,4,0,0,0,0,CR-NE 39TH ST,,-122.4976278,45.65028889,0,1,50,10,2,98,4,0,0,1,2,12,1,1,2,1,15,1,1,53,0,63,38,2015,0,0,68,12,,,,,1,1,25,1,1,1,4,7,20,0,11,0,09/09/2017,18:31,2.37053E+11,39319,0,0,0,3,1,28,0,0,0,92,,,,,,99,,,,,,98685,53,70,240,6,1,0,0,0,1,0,0,,,,,,0,11/15/2015,11/15/2015,1,0,0,0,0,9,8,,,0,0,0,8,9,2,605,0,0,1,0,0,2,1,0,,,,,,,,,,,,,,,,,,,,,,,,,,,,,,0,0,0,0,0,0,1,1,1,0,0,0,0,0,0,0,1,0,0,1,0,1,1,1,1,0,0,0,0,1,0,0,0,1,0,,1,0,0,0,0,0,1,1,1,0,0,0,0,0,1,0,,,,,,21-25,16-25,County road,U,Saturday,Not Used,PV,Hispanic,0,1,1,0,County Road,County Sheriff,Clark County Sheriff's Office,0,0,1,0,0,thc,2.9,carboxy-thc,34,,,,,,,,,,,,,,,,,,,,,,,,,,,,,,,,,,,,,,,
2017,491,E741248,14,11/22/2017,18:10,22,11,8,11,Clark,0,10,0,3,2,2,1,0,5,2,18:13,18:37,18:46,12,0,6,0,2,0,2,5,2,2,4,0,0,3,3,CR-152ND AVE,NE 119TH ST,-122.5163778,45.70829722,0,2,69,62,4,50,4,0,0,1,2,12,1,1,2,1,1,4,1,53,0,55,33,2002,0,0,12,,,,,,1,1,49,2,0,0,1,0,3,0,11,8,,,,,0,0,0,3,1,0,0,0,0,0,,,,,,0,,,,,,98685,53,63,149,6,1,0,0,0,0,0,0,,,,,,0,,,1,0,0,0,8,9,8,,,0,0,0,8,0,0,0,0,0,0,0,0,0,0,996,,,,,,,,,,,,,,,,,,,,,,,,,,,,,,0,0,0,1,0,0,0,0,0,0,0,0,0,0,0,0,0,0,1,0,1,0,1,0,1,0,0,0,0,1,0,0,0,0,0,,0,0,0,0,0,0,0,0,0,0,0,0,0,0,0,0,,,,,,46-50,46-55,County road,U,Wednesday,Belt Used,PV,Not Fatal,1,0,0,0,County Road,County Sheriff,Clark County Sheriff's Office,0,0,1,0,0,,,,,,,,,,,,,,,,,,,,,,,,,,,,,,,,,,,,,,,,,,,
2018,44,E771305,14,02/08/2018,6:03,8,2,0,11,Clark,0,5,0,2,1,2,1,1,1,1,6:05,6:09,,8,1,0,5.4,1,0,1,3,2,2,4,0,0,0,0,CR-NE HWY 99,,-122.6532167,45.69933056,0,1,13,80,5,40,14,0,0,1,7,8,1,1,9,1,1,1,1,53,0,12,402,2014,0,0,8,,,,,,1,1,29,1,0,0,0,0,99,0,11,0,,,,,0,0,0,3,1,0,0,0,0,96,,,,,,0,,,,,,98685,53,69,160,6,1,0,0,0,0,,97,,,,,,0,,,20,0,0,0,8,9,8,,,0,0,0,8,0,2,1,,,1,,,2,1,0,,,,,,,,,,,,,,,,,,,,,,,,,,,,,,0,0,0,0,0,0,0,0,0,1,1,1,0,0,0,0,0,0,0,0,0,0,0,0,0,0,0,0,0,1,0,1,0,0,0,,0,0,0,0,0,0,0,0,0,0,0,0,0,0,0,0,,,,,,26-30,26-35,County road,U,Thursday,Unknown,PV,Not Fatal,0,0,0,0,County Road,County Sheriff,Clark County Sheriff's Office,0,0,1,0,0,,,,,,0,0,0,,,,,,,,,,,,,,,,,,,,,,,,,,,,,,,,,,,
2020,76,EA10410,305,02/02/2020,14:47,2,2,,11,Clark,2370,1,,1,1,2,1,0,2,2,14:47,14:52,15:05,12,0,6,0,2,0,2,3,2,4,6,0,0,3,3,SE 164TH AVE,SE MILL PLAIN BLVD,-122.5043139,45.61547222,0,1,86,17,2,40,80,0,0,1,2,12,1,1,5,2,1,1,1,53,0,53,706,2008,0,,12,,,,,,1,1,38,1,7,,4,0,20,7,11,5,02/10/2020,1:43,1.65041E+11,,0,0,0,3,1,0,,,,96,,,,,,0,,,,,,98685,53,73,220,6,1,0,0,0,1,,0,,,,,,3,09/15/2019,09/15/2019,20,8,0,0,0,9,8,,,0,,,8,8,0,0,,,0,,,0,0,996,,,,,,,,,,,,,,,,,,,,,,,,,,,,,,0,0,0,1,0,0,0,0,0,0,0,0,1,0,0,0,0,0,0,0,0,0,0,0,0,0,0,0,1,1,0,0,0,0,1,0,0,0,0,0,0,0,0,0,0,1,0,0,0,0,0,0,,,,,,36-40,36-45,City street,U,Sunday,,MC,White,1,0,0,0,City Street,Municipal/City Police,Vancouver Police Department,0,0,0,1,0,,,,,,0,0,0,,,,,,,,,,,0,0,0,1,,,,,5,0,,,,,,,,1,0,,,,,,
2021,401,EB75668,5,10/07/2021,21:20,7,10,,11,Clark,0,1,,3,1,2,1,0,1,1,,,,46,0,0,0.6,3,1,2,1,2,1,1,0,0,3,3,I-205 RAMP,NE 134TH ST,-122.6474083,45.717925,0,1,6,12,2,98,4,0,0,1,2,46,3,3,3,6,14,1,2,53,0,49,40,2012,0,,64,46,,,,,1,1,78,1,7,,4,7,3,0,11,0,10/07/2021,21:20,53051175,51175,0,0,0,3,1,0,,,,92,,,,,,98,,,,,,98685,53,74,180,6,1,0,0,0,0,,0,,,,,,0,,,8,2,9,0,0,9,8,,,0,,,8,8,2,1,,,1,,,2,1,0.094,,,,,,,,,,,,,,,,,,,,,,,,,,,,,,0,0,1,1,1,1,0,1,0,0,0,0,0,0,0,0,1,0,0,0,0,0,0,0,0,1,1,1,0,1,0,0,0,0,0,,1,0,0,0,0,1,0,1,1,0,0,0,0,1,0,1,,,,,,76-80,76+,Interstate,U,Thursday,Belt Used,PV,White,0,1,0,0,State Route,State Patrol,Washington State Patrol,1,1,0,0,0,,,,,,0,0,0,,,,,,,,,,,98,98,98,1,,,,,20,,,,,,,,,1,0,,,,,,
2021,536,EC02930,5,12/18/2021,21:40,18,12,,11,Clark,0,2,,3,2,1,2,3,1,3,,,,12,0,1,0.2,20,1,1,1,2,1,1,0,0,0,0,I-5 RAMP,,-122.6649694,45.68117222,0,1,98,50,3,98,5,0,0,1,2,12,1,2,1,6,1,1,1,53,0,30,42,2019,0,,12,63,14,8,8,8,1,1,33,1,0,,2,0,99,7,11,0,,,,,0,0,0,3,1,0,,,,96,,,,,,9,,,,,,98685,53,70,170,6,1,0,0,0,1,,1,,,,,,0,12/15/2017,12/15/2017,8,0,0,0,8,9,8,,,0,,,8,1,2,1,,,1,,,2,1,0.15,,,,,,,,,,,,,,,,,,,,,,,,,,,,,,0,0,0,0,1,1,0,1,0,1,0,1,0,0,0,0,0,0,0,0,0,0,0,0,0,0,0,0,0,1,0,1,0,0,0,,0,0,0,0,0,1,0,1,0,0,0,0,0,1,0,1,,,,,,31-35,26-35,Interstate,U,Saturday,Unknown,PV,Not Fatal,0,0,0,0,State Route,State Patrol,Washington State Patrol,0,1,0,0,0,,,,,,0,0,0,,,,,,,,,,,98,98,98,0,,,,,20,,,,,,,,,1,14,15,23,,,,
2018,43,E770816,5,02/11/2018,1:17,11,2,0,11,Clark,2370,1,0,3,1,2,3,0,5,3,,,,12,0,2,2,1,0,1,3,2,1,3,0,0,0,0,SR-14,,-122.6316667,45.6185,0,1,50,54,3,98,4,0,0,1,2,12,1,2,2,3,1,3,1,53,0,35,47,2007,0,0,12,12,,,,,1,1,33,1,7,1,4,0,3,0,11,4,02/11/2018,17:57,2.37053E+11,7520,0,0,0,3,1,51,0,0,0,96,,,,,,9,,,,,,98686,53,71,180,6,1,0,0,0,2,,0,,,,,,0,02/15/2015,12/15/2016,8,0,0,0,0,1,8,,,0,0,0,8,1,2,1,,,1,,,2,1,0.09,,,,,,,,,,,,,,,,,,,,,,,,,,,,,,0,0,0,0,1,1,1,1,0,0,0,0,1,1,0,0,0,0,0,1,0,0,0,0,0,1,1,1,0,1,0,0,0,0,0,,1,0,0,0,0,1,0,1,0,0,0,0,0,1,0,1,,,,,,31-35,26-35,State route,U,Sunday,Belt Used,PV,White,0,0,0,1,State Route,State Patrol,Washington State Patrol Headquarter,0,1,0,0,0,,,,,,0,0,1,,,,,,,,,,,,,,,,,,,,,,,,,,,,,,,,,,,