year,case,par,repjur,crash_dt,crash_tm,accday,accmon,holiday,county,co_char,city,weather,weather2,lightcond,surfcond,surftype,numfatal,nmforms,pforms,vforms,not_tm,arr_tm,hosp_tm,fhevent,hitrun,manncol,milepnt,reljunc,reljuncinter,intersectiontype,funcsystem,landuse,ownership,route,schlbus,spejur,contdev,devfunc,trafid1,trafid2,x,y,wk_zone,vnumber,crashtype,criticalevent,criticaleventcat,spdlim,body,trailer,emerg,hazcargo,leave,mhevent,roadalgn,roadprof,traflane,trafflow,vehmanvr,numoccs,regowner,regstate,spuse,make,model,modelyr,vrf1,vrf2,seqevent1,seqevent2,seqevent3,seqevent4,seqevent5,seqevent6,pnumber,ptype,age,sex,hispanic,race,injury,diedscene,restraint,restraintmisuse,seatpos,takehosp,death_dt,death_tm,cert,cernum_wa,commlic,licendor,licrestrict,liccomp,drivpres,drf1,drf2,drf3,drf4,distract1,distract2,distract3,distract4,distract5,distract6,dricond1,dricond2,dricond3,dricond4,dricond5,dricond6,dzip,licstate,drhgt_in,weight,noncdl,noncdltype,prevdwi,prevoth,prevacc,prevspd,prevsus,driviol1,driviol2,driviol3,driviol4,driviol5,driviol6,spdrel,first_dt,last_dt,airbag,ejection,ejectpath,extricat,injurwrk,methalc,methdrug,nmlocat,strikveh,prf1,prf2,prf3,druginv,alcinvol,drugsts,drugres1,drugres2,drugres3,drugtst1,drugtst2,drugtst3,alcsts,alctst,alcres,nmact1,nmact2,nmact3,nmact4,nmact5,nmact6,nmprior1,nmprior2,nmprior3,nmprior4,nmprior5,nmprior6,nmcond1,nmcond2,nmcond3,nmcond4,nmcond5,nmcond6,nmsafe_helmet,nmsafe_pads,nmsafe_oth,nmprev_ref,nmprev_lgt,nmprev_oth,crashlocation,nmcrashtype,crosswalk,schoolzone,sidewalk,train_inv,wildlife_inv,rotr_fars,intersect_fars,dd_inv,aid_inv,dpd_inv,id_inv,mj_inv,impnm_inv,ainm_inv,dpnm_inv,speed_inv,unlic_inv,unendmc_inv,drowsy_inv,drdist_inv,nmdist_inv,fty_inv,unrestfat_inv,dr1617_inv,dr1820_inv,dr1620_inv,dr2125_inv,dr1625_inv,dr65_inv,dr70_inv,dr75_inv,mc_inv,pv_inv,ht_inv,ped_inv,bike_inv,unrest_fat,mc_fat,unhelmet_mc,pv_fat,ht_fat,ped_fat,bike_fat,dr_alc7,dr_alc8,dr_drug,dr_imp,dr_dist,dr_spd,dr_fty,dr_unlic,dr_alc7only,dr_alc8only,dr_drugonly,dr_drink,nm_imp,nm_alc7,nm_alc8,nm_drug,nm_dist,agegrp1,agegrp2,roadclass,urbrur,dayweek,restuse,vehtype,race_me,intersect,lanedep,oppdir,wrongway,rep_typ,investag,repag_long,rotr,st_rd,cty_rd,city_rd,oth_rd,drug_thc,thc_res,drug_cthc,cthc_res,drug_cann,prevpersemin,prevperse,prevsusoth,drugtst4,drugtst5,drugtst6,drugtst7,drugtst8,drugres4,drugres5,drugres6,drugres7,drugres8,adspresent,adsengaged,adslevel,race1,race2,race3,race4,race5,helmet,helmetmisuse,nmdistract1,nmdistract2,nmdistract3,nmdistract4,nmdistract5,nmdistract6,lab,isedtcase,crf1,crf2,crf3,CoRoadName,CoMP,IntCoRoadName,IntCoMP
2018,72,E778476,14,03/06/2018,10:17,6,3,0,11,Clark,0,1,0,1,1,2,1,0,3,2,10:18,10:20,11:07,12,0,6,1.5,8,0,1,4,2,2,4,0,0,0,0,CR-NW 99TH ST,,-122.6770833,45.69289444,0,2,83,67,4,35,4,0,0,1,7,12,1,2,9,1,1,2,1,53,0,30,40,2004,0,0,12,,,,,,1,1,86,2,7,1,4,7,3,0,11,0,03/06/2018,10:17,2.37053E+11,10641,0,0,3,3,1,0,0,0,0,96,,,,,,99,,,,,,98686,53,65,112,6,1,0,0,0,0,,0,,,,,,3,,,1,0,0,0,0,9,8,,,0,0,0,8,9,2,1,,,1,,,2,1,0,,,,,,,,,,,,,,,,,,,,,,,,,,,,,,0,0,0,0,0,0,0,0,0,0,0,0,1,0,0,0,0,0,1,0,1,0,1,0,1,1,1,1,0,1,0,0,0,0,0,,1,0,0,0,0,0,0,0,0,1,0,0,0,0,0,0,,,,,,81+,76+,County road,U,Tuesday,Belt Used,PV,White,0,0,0,0,County Road,County Sheriff,Clark County Sheriff's Office,0,0,1,0,0,,,,,,0,0,0,,,,,,,,,,,,,,,,,,,,,,,,,,,,,,,,,,,
2020,58,EA22810,14,03/02/2020,23:29,2,3,,11,Clark,0,10,,2,2,2,1,0,1,1,,,,39,0,0,1,1,0,1,5,2,2,4,0,0,0,0,CR-NE 117TH ST,,-122.6568528,45.70580556,0,1,6,9,1,35,4,0,0,1,2,39,1,2,1,2,1,1,1,53,0,7,20,2001,0,,64,65,64,39,1,,1,1,29,1,7,,4,7,3,0,11,0,03/02/2020,23:29,53010289,10289,0,0,0,3,1,58,,,,96,,,,,,98,,,,,,98686,53,70,170,6,1,0,1,3,2,,0,,,,,,4,10/15/2016,07/15/2019,8,0,0,0,0,9,8,,,0,,,8,8,2,1,,,1,,,2,1,0.069,,,,,,,,,,,,,,,,,,,,,,,,,,,,,,0,0,1,0,1,0,0,0,0,0,0,0,1,0,0,0,0,0,0,0,0,0,0,0,0,0,0,0,0,1,0,0,0,0,0,,1,0,0,0,1,0,0,0,0,1,0,0,1,0,0,1,,,,,,26-30,26-35,County road,U,Monday,Belt Used,PV,White,0,1,0,0,County Road,County Sheriff,Clark County Sheriff's Office,1,0,1,0,0,,,,,,0,0,0,,,,,,,,,,,98,98,98,1,,,,,20,7,,,,,,,,1,0,,,NE 117TH ST,1.02,,
2020,288,EA56611,5,08/05/2020,6:57,5,8,,11,Clark,2370,1,,1,1,2,1,0,3,3,,,,12,0,1,2,1,0,1,1,2,1,1,0,0,0,0,I-5,,-122.66195,45.64409444,1,3,98,98,7,60,66,1,0,1,5,12,1,1,5,3,2,1,3,41,0,82,881,2017,0,,12,,,,,,1,1,25,1,0,,0,0,3,0,11,0,,,,,6,1,0,3,1,0,,,,96,,,,,,0,,,,,,98686,53,68,150,6,1,0,0,0,0,,0,,,,,,0,,,20,0,0,0,8,9,8,,,0,,,8,8,0,0,,,0,,,0,0,996,,,,,,,,,,,,,,,,,,,,,,,,,,,,,,0,0,0,0,0,0,0,0,0,0,0,0,0,0,0,0,1,0,0,0,0,0,0,1,1,0,0,0,0,1,1,0,0,0,0,,0,0,0,0,0,0,0,0,0,0,0,0,0,0,0,0,,,,,,21-25,16-25,Interstate,U,Wednesday,,MHTRUCK,Not Fatal,0,0,0,0,State Route,State Patrol,Washington State Patrol,0,1,0,0,0,,,,,,0,0,0,,,,,,,,,,,98,98,98,0,,,,,20,7,,,,,,,,1,0,,,,,,
2017,181,3630656,6,05/29/2017,23:53,29,5,4,17,Douglas,0,1,0,2,1,2,1,0,1,1,,,,24,0,0,138.6,1,0,1,3,1,1,2,0,0,0,0,US-2,,-120.1303389,47.66018333,0,1,6,12,2,60,80,0,0,1,2,24,2,2,2,1,14,1,1,53,0,72,706,2016,0,0,68,64,24,,,,1,1,44,1,7,1,4,7,19,0,11,0,05/29/2017,23:53,53024318,24318,0,0,0,3,1,0,0,0,0,92,,,,,,99,,,,,,98801,53,70,190,6,1,0,0,0,1,0,0,,,,,,0,11/15/2016,11/15/2016,20,8,0,0,0,9,8,,,0,0,0,8,9,2,1,0,0,1,0,0,2,1,0.17,,,,,,,,,,,,,,,,,,,,,,,,,,,,,,0,0,1,0,1,1,0,1,0,0,0,0,0,0,0,0,1,0,0,0,0,0,0,0,0,0,0,0,1,0,0,0,0,0,1,0,0,0,0,0,0,1,0,1,1,0,0,0,0,1,0,1,,,,,,41-45,36-45,US highway,R,Monday,,MC,White,0,1,0,0,State Route,State Patrol,Washington State Patrol,1,1,0,0,0,,,,,,,,,,,,,,,,,,,,,,,,,,,,,,,,,,,,,,,,,,,
2018,206,3789538,12,06/07/2018,6:19,7,6,0,7,Chelan,0,1,0,4,1,5,1,0,1,1,6:47,7:18,7:34,1,0,0,18,1,0,1,7,1,2,4,0,0,0,0,CR-COLOCKUM RD,,-120.1019222,47.32656111,0,1,98,6,1,98,83,0,0,1,5,1,1,1,8,8,1,1,2,53,0,76,703,2008,0,0,1,,,,,,1,1,18,1,1,1,4,0,17,0,11,1,06/11/2018,6:10,2.46053E+11,26146,0,0,0,2,1,0,0,0,0,96,,,,,,99,,,,,,98801,53,68,140,1,1,0,2,0,0,,0,,,,,,4,02/15/2017,02/15/2017,20,8,0,0,0,9,8,,,0,0,0,8,9,2,402,605,695,1,1,1,2,1,0.072,,,,,,,,,,,,,,,,,,,,,,,,,,,,,,0,0,0,0,1,0,1,1,1,0,0,0,1,1,1,0,0,0,0,0,0,1,1,0,1,0,0,0,1,0,0,0,0,0,1,1,0,0,0,0,1,0,1,1,0,1,0,1,0,0,0,1,,,,,,18-20,16-25,County road,R,Thursday,,MC,Hispanic,0,0,0,0,County Road,County Sheriff,Chelan County Sheriff's Office,0,0,1,0,0,thc,3.1,carboxy-thc,34,,0,0,0,,,,,,,,,,,,,,,,,,,,,,,,,,,,,,,,,,,
2017,169,E645038,315,02/17/2017,17:19,17,2,0,7,Chelan,2460,10,0,1,8,2,1,0,1,1,,,,30,0,0,0,1,0,1,4,2,4,6,0,0,0,0,N WESTERN AVE,,-120.3462306,47.44208611,0,1,1,8,1,35,20,0,0,1,5,30,1,1,2,1,1,1,1,53,0,20,441,1986,0,0,63,69,63,30,,,1,1,55,1,7,1,4,0,3,0,11,5,02/18/2017,16:15,2.46053E+11,9275,0,0,0,3,1,0,0,0,0,0,,,,,,1,,,,,,98801,53,67,160,6,1,0,1,1,0,1,0,,,,,,0,10/15/2016,11/15/2016,20,0,0,0,0,9,8,,,0,0,0,8,9,0,0,0,0,0,0,0,0,0,996,,,,,,,,,,,,,,,,,,,,,,,,,,,,,,0,0,1,0,0,0,0,0,0,0,0,0,0,0,0,0,0,0,0,0,0,0,0,0,0,0,0,0,0,1,0,0,0,0,0,,1,0,0,0,0,0,0,0,0,0,0,0,0,0,0,0,,,,,,51-55,46-55,City street,U,Friday,Belt Used,PV,White,0,1,0,0,City Street,Municipal/City Police,Wenatchee Police Department,1,0,0,1,0,,,,,,,,,,,,,,,,,,,,,,,,,,,,,,,,,,,,,,,,,,,
2018,9,E757875,6,01/07/2018,2:06,7,1,0,25,Grant,0,1,0,2,2,2,1,0,3,1,2:05,2:28,3:18,1,0,0,154.3,1,0,1,1,1,1,1,0,0,0,0,I-90,,-119.7269639,47.10373611,0,1,6,12,2,70,14,0,0,1,2,1,1,1,2,2,1,3,2,53,0,2,404,2000,0,0,64,65,64,1,,,1,1,53,1,0,0,1,0,3,0,11,0,,,,,0,0,0,3,1,28,0,0,0,96,,,,,,0,,,,,,98801,53,70,225,6,1,0,2,1,0,,69,,,,,,0,07/15/2014,11/15/2016,20,0,0,0,8,9,2,,,0,0,0,0,1,8,95,,,96,,,8,95,995,,,,,,,,,,,,,,,,,,,,,,,,,,,,,,0,0,1,0,1,0,0,0,0,0,0,0,0,0,0,0,0,0,0,0,0,0,0,0,0,0,0,0,0,1,0,0,0,0,0,,0,0,0,0,0,0,0,0,0,0,0,0,0,0,0,1,,,,,,51-55,46-55,Interstate,R,Sunday,Belt Used,PV,Not Fatal,0,1,0,0,State Route,State Patrol,Washington State Patrol Headquarter,1,1,0,0,0,,,,,,0,0,0,,,,,,,,,,,,,,,,,,,,,,,,,,,,,,,,,,,
2018,166,E808794,6,06/10/2018,12:37,10,6,0,7,Chelan,0,1,0,1,1,2,1,0,2,2,,,,12,0,6,115.2,2,0,2,3,1,1,2,0,0,3,3,US-2,EASY ST,-120.4125361,47.48713889,0,2,86,66,4,60,14,0,0,1,7,12,1,1,5,1,1,1,1,53,0,12,401,1991,0,0,12,,,,,,1,1,30,1,0,0,2,0,3,0,11,6,,,,,0,0,0,3,1,0,0,0,0,96,,,,,,0,,,,,,98801,53,69,170,6,1,0,0,0,0,,0,,,,,,0,,,20,0,0,0,8,9,8,,,0,0,0,8,0,8,95,,,96,,,8,95,995,,,,,,,,,,,,,,,,,,,,,,,,,,,,,,0,0,0,1,0,0,0,0,0,0,0,0,0,0,0,0,0,0,0,0,0,0,0,0,0,1,1,1,0,1,0,0,0,0,0,,0,0,0,0,0,0,0,0,0,0,0,0,0,0,0,0,,,,,,26-30,26-35,US highway,R,Sunday,Belt Used,PV,Not Fatal,1,0,0,0,State Route,State Patrol,Washington State Patrol Headquarter,0,1,0,0,0,,,,,,0,0,0,,,,,,,,,,,,,,,,,,,,,,,,,,,,,,,,,,,
2018,207,E813614,2,06/11/2018,22:02,11,6,0,61,Snohomish,0,1,0,2,1,2,2,0,12,4,,,,12,0,2,7.1,1,0,1,3,2,1,2,0,0,0,0,US-2,,-122.0701389,47.93648611,0,3,98,62,4,60,34,0,0,1,5,12,2,1,2,1,14,5,1,53,0,12,481,2004,0,0,12,,,,,,1,1,45,2,0,0,0,0,3,0,11,0,,,,,0,0,0,3,1,0,0,0,0,96,,,,,,0,,,,,,98801,53,66,130,6,1,0,0,0,0,,0,,,,,,0,,,20,0,0,0,8,9,8,,,0,0,0,8,0,8,95,,,96,,,8,95,995,,,,,,,,,,,,,,,,,,,,,,,,,,,,,,0,0,0,0,1,1,1,1,1,0,0,0,0,1,0,0,0,0,0,0,0,0,0,1,1,0,0,0,0,1,0,0,0,0,0,,0,0,0,0,0,0,0,0,0,0,0,0,0,0,0,0,,,,,,41-45,36-45,US highway,U,Monday,Belt Used,PV,Not Fatal,0,1,1,0,State Route,State Patrol,Washington State Patrol,0,1,0,0,0,,,,,,0,0,0,,,,,,,,,,,,,,,,,,,,,,,,,,,,,,,,,,,
2018,231,E820628,6,07/07/2018,0:32,7,7,0,25,Grant,0,1,0,2,6,2,1,0,2,2,0:25,0:35,,12,1,7,34.8,1,0,1,3,1,1,3,0,0,0,0,SR-28,,-119.8336556,47.23402778,0,1,47,51,3,60,4,0,0,1,3,12,1,1,2,1,6,1,2,53,0,63,31,1996,0,0,12,63,43,1,3,,1,1,26,1,0,0,0,0,99,0,11,0,,,,,0,0,0,0,1,33,91,0,0,96,,,,,,99,,,,,,98801,53,,999,0,0,99,99,99,99,,1,,,,,,0,,,20,0,0,0,8,9,8,,,0,0,0,8,9,8,95,,,96,,,8,95,995,,,,,,,,,,,,,,,,,,,,,,,,,,,,,,0,0,0,0,1,0,0,0,0,0,0,0,0,1,0,0,0,0,0,1,0,0,0,1,1,0,0,0,0,1,0,0,0,0,0,,0,0,0,0,0,0,0,0,0,0,0,1,0,0,0,0,,,,,,26-30,26-35,State route,R,Saturday,Unknown,PV,Not Fatal,0,0,0,0,State Route,State Patrol,Washington State Patrol,0,1,0,0,0,,,,,,99,99,99,,,,,,,,,,,,,,,,,,,,,,,,,,,,,,,,,,,
2018,449,E868733,21,11/22/2018,20:07,22,11,8,25,Grant,0,3,0,2,4,2,1,0,4,1,20:05,20:17,20:53,24,0,0,16.1,1,0,1,5,1,2,4,0,0,0,0,CR-ROAD 5 NW,,-119.8963083,47.16013333,0,1,6,6,1,60,14,0,0,1,7,3,1,1,2,1,6,4,2,53,0,59,403,2004,0,0,68,64,24,1,3,,1,1,39,2,0,0,3,0,3,0,11,5,,,,,0,0,3,3,1,87,0,0,0,93,,,,,,0,,,,,,98801,53,66,220,6,1,0,0,0,1,,0,,,,,,4,02/15/2018,02/15/2018,8,0,0,0,8,9,8,,,0,0,0,8,0,8,95,,,96,,,8,95,995,,,,,,,,,,,,,,,,,,,,,,,,,,,,,,0,0,1,0,0,0,0,0,0,0,0,0,1,0,0,0,1,0,0,0,0,0,0,0,0,0,0,0,0,1,0,0,0,0,0,,0,0,0,0,0,0,0,0,1,1,0,0,0,0,0,0,,,,,,36-40,36-45,County road,R,Thursday,Belt Used,PV,Not Fatal,0,1,0,0,County Road,County Sheriff,Grant County Sheriff's Office,1,0,1,0,0,,,,,,0,0,0,,,,,,,,,,,,,,,,,,,,,,,,,,,,,,,,,,,
2018,481,E879767,6,12/27/2018,21:40,27,12,0,25,Grant,0,5,0,2,2,2,1,1,3,1,,,,8,0,0,157.6,1,0,1,1,1,1,1,0,0,0,0,I-90,,-119.6696694,47.10386667,0,1,13,80,5,70,67,0,0,1,5,8,1,1,2,3,1,3,1,53,0,7,880,2014,0,0,8,,,,,,1,1,50,1,0,0,0,0,3,0,11,0,,,,,0,0,0,3,1,0,0,0,0,96,,,,,,0,,,,,,98801,53,76,240,6,1,0,0,0,0,,0,,,,,,0,,,20,0,0,0,8,9,8,,,0,0,0,8,1,8,95,,,96,,,8,95,995,,,,,,,,,,,,,,,,,,,,,,,,,,,,,,0,0,0,0,1,0,0,0,0,0,0,0,0,0,0,0,0,0,0,0,0,0,0,0,0,0,0,0,0,0,1,1,0,0,0,,0,0,0,0,0,0,0,0,0,0,0,0,0,0,0,1,,,,,,46-50,46-55,Interstate,R,Thursday,Belt Used,MHTRUCK,Not Fatal,0,0,0,0,State Route,State Patrol,Washington State Patrol,0,1,0,0,0,,,,,,0,0,0,,,,,,,,,,,,,,,,,,,,,,,,,,,,,,,,,,,
2019,32,E888548,7,01/25/2019,20:23,25,1,,7,Chelan,0,1,0,2,1,2,1,0,2,2,,,,12,0,1,80.7,1,0,1,3,1,1,2,0,0,0,0,US-2,,-120.8172306,47.77440556,0,2,25,53,3,60,99,0,0,1,5,12,1,1,2,1,1,1,3,53,0,55,999,2001,0,0,12,,,,,,1,1,40,1,0,,0,0,2,0,11,0,,,,,6,0,0,3,1,0,0,0,0,96,,,,,,0,,,,,,98801,53,70,160,6,1,0,0,0,0,,0,,,,,,0,,,20,0,0,0,8,5,2,,,0,0,0,0,0,0,0,,,0,,,0,0,996,,,,,,,,,,,,,,,,,,,,,,,,,,,,,,0,0,0,0,1,1,0,1,0,0,0,0,0,0,0,0,0,0,0,1,0,0,0,0,0,0,0,0,0,1,0,0,0,0,0,,0,0,0,0,0,0,0,0,0,0,0,0,0,0,0,0,,,,,,36-40,36-45,US highway,R,Friday,,NR-U,Not Fatal,0,0,0,0,State Route,State Patrol,Washington State Patrol,0,1,0,0,0,,,,,,0,0,0,,,,,,,,,,,98,98,98,0,,,,,20,7,,,,,,,,,,,,,,,
2019,87,E906407,7,03/22/2019,5:42,22,3,,33,King,0,10,0,2,1,2,1,0,3,2,,,,12,0,1,24.2,1,0,1,1,1,1,1,0,0,0,0,I-90,,-121.8735889,47.510325,0,2,21,53,3,70,4,0,0,1,2,12,8,8,4,3,5,2,2,53,0,48,34,1999,0,0,12,,,,,,1,1,56,1,7,,4,7,3,0,11,0,03/22/2019,5:42,53013894,13894,0,0,3,2,1,0,0,0,0,96,,,,,,99,,,,,,98801,53,71,198,1,1,0,4,0,0,,0,,,,,,0,11/15/2014,02/15/2019,20,0,0,0,0,9,8,,,0,0,0,8,9,2,996,401,417,1,1,1,2,1,0,,,,,,,,,,,,,,,,,,,,,,,,,,,,,,0,0,0,0,0,0,1,1,1,0,0,0,0,1,0,0,0,0,0,0,0,0,0,0,0,0,0,0,0,1,0,0,0,0,0,,1,0,0,0,0,0,1,1,0,0,0,1,0,0,1,0,,,,,,56-60,56-65,Interstate,R,Friday,Belt Used,PV,White,0,0,0,0,State Route,State Patrol,Washington State Patrol,0,1,0,0,0,thc,0.78,,,,0,0,6,1,1,,,,177,605,,,,0,0,0,1,,,,,20,7,,,,,,,nms,,,,,,,,
2019,225,E939714,12,06/29/2019,14:34,29,6,,7,Chelan,0,1,0,1,1,2,1,0,1,1,,,,42,0,0,0,1,0,1,5,1,2,4,0,0,0,0,CR-CHIWAWA LOOP RD,,-120.6564028,47.76485556,0,1,1,6,1,35,80,0,0,1,5,42,3,2,2,1,14,1,2,53,0,37,705,1983,0,0,63,42,,,,,1,1,77,1,7,,4,7,20,7,11,0,06/29/2019,14:34,53029121,29121,0,0,3,3,1,0,0,0,0,96,,,,,,99,,,,,,98801,53,69,172,6,1,0,1,0,0,,0,,,,,,4,01/15/2018,01/15/2018,20,8,0,0,0,9,8,,,0,0,0,8,9,8,95,,,96,,,8,95,995,,,,,,,,,,,,,,,,,,,,,,,,,,,,,,0,0,1,0,0,0,0,0,0,0,0,0,1,0,0,0,0,0,0,0,0,0,0,0,0,1,1,1,1,0,0,0,0,0,1,0,0,0,0,0,0,0,0,0,0,1,0,0,0,0,0,0,,,,,,76-80,76+,County road,R,Saturday,,MC,White,0,1,0,0,County Road,County Sheriff,Chelan County Sheriff's Office,1,0,1,0,0,,,,,,0,0,0,,,,,,,,,,,0,0,0,1,,,,,19,0,,,,,,,,,,,,,,,
2019,402,E981386,6,11/06/2019,5:44,6,11,,17,Douglas,0,1,0,2,1,2,1,0,5,3,,,,12,0,7,7.6,1,0,1,3,2,1,3,0,0,0,0,SR-28,,-120.2365028,47.38299444,0,2,98,62,4,60,14,0,0,1,7,12,1,2,2,1,1,1,2,53,0,20,404,2018,0,0,12,,,,,,1,1,44,1,0,,1,0,3,0,11,5,,,,,0,0,0,3,1,0,0,0,0,96,,,,,,0,,,,,,98801,53,72,170,6,1,2,0,0,0,,0,,,,,,0,11/15/2016,02/15/2017,8,0,0,0,8,9,8,,,0,0,0,8,0,8,95,,,96,,,8,95,995,,,,,,,,,,,,,,,,,,,,,,,,,,,,,,0,0,0,0,1,1,0,1,0,0,0,0,0,1,0,0,0,0,0,1,0,0,0,1,1,0,0,0,0,1,0,0,0,0,0,,0,0,0,0,0,0,0,0,0,0,0,0,0,0,0,0,,,,,,41-45,36-45,State route,U,Wednesday,Belt Used,PV,Not Fatal,0,0,0,0,State Route,State Patrol,Washington State Patrol,0,1,0,0,0,,,,,,0,2,3,,,,,,,,,,,98,98,98,0,,,,,20,7,,,,,,,,,,,,,,,
2020,297,EA56523,6,08/04/2020,12:37,4,8,,25,Grant,0,1,,1,1,2,1,0,2,2,12:45,13:20,,12,0,2,50.7,1,0,1,3,2,1,3,0,0,0,0,SR-17,,-119.3302806,47.17406667,0,2,51,62,4,60,14,0,0,1,2,12,1,1,2,1,1,1,1,53,0,49,402,2018,0,,12,,,,,,1,1,39,1,0,,1,0,3,0,11,5,,,,,0,0,0,3,1,0,,,,96,,,,,,0,,,,,,98801,53,73,280,6,1,0,0,0,0,,0,,,,,,0,,,8,0,0,0,8,9,8,,,0,,,8,8,0,0,,,0,,,0,0,996,,,,,,,,,,,,,,,,,,,,,,,,,,,,,,0,0,0,0,0,0,0,0,0,0,0,0,0,0,0,0,1,0,0,1,0,0,0,0,0,1,1,0,0,1,0,0,0,0,0,,0,0,0,0,0,0,0,0,0,0,0,0,0,0,0,0,,,,,,36-40,36-45,State route,U,Tuesday,Belt Used,PV,Not Fatal,0,1,1,0,State Route,State Patrol,Washington State Patrol,0,1,0,0,0,,,,,,0,0,0,,,,,,,,,,,98,98,98,0,,,,,20,7,,,,,,,,1,0,,,,,,
2020,312,EA59884,6,08/26/2020,13:18,26,8,,7,Chelan,0,1,,1,1,2,1,0,5,2,13:19,13:29,14:06,12,0,1,106,1,0,1,2,1,1,2,0,0,0,0,US-2,,-120.5641778,47.54123056,0,2,25,53,3,60,92,0,0,1,2,12,1,1,2,3,1,1,0,53,0,98,998,2010,0,,12,,,,,,1,1,59,1,1,,4,7,20,7,11,0,08/26/2020,13:18,53039765,39765,0,0,0,1,1,0,,,,96,,,,,,0,,,,,,98801,53,69,185,6,1,0,1,1,0,,0,,,,,,0,06/15/2019,06/15/2019,20,1,9,0,1,9,8,,,0,,,8,8,2,1,,,1,,,2,1,0,,,,,,,,,,,,,,,,,,,,,,,,,,,,,,0,0,0,0,0,0,0,0,0,0,0,0,0,0,0,0,0,0,0,0,0,0,0,0,0,0,0,0,0,1,0,0,0,0,0,,0,0,0,0,0,0,0,0,0,0,0,0,0,0,0,0,,,,,,56-60,56-65,US highway,R,Wednesday,,OTHVT,Hispanic,0,0,0,0,State Route,State Patrol,Washington State Patrol,0,1,0,0,0,,,,,,0,0,0,,,,,,,,,,,0,0,0,98,,,,,20,7,,,,,,,,1,0,,,,,,
2020,460,EA84145,12,11/21/2020,6:41,21,11,,7,Chelan,0,10,,4,4,2,1,0,4,4,,,,12,0,8,0.6,2,0,3,5,2,2,4,0,0,0,0,CR-MALAGA ALCOA HWY,APPLEYARD DR,-120.2899833,47.38986389,0,1,64,6,1,40,4,0,0,1,2,12,2,1,2,1,14,1,2,53,0,48,38,2008,0,,68,12,68,68,12,68,1,1,26,1,1,,4,7,3,0,11,0,11/21/2020,6:41,53054861,54861,0,0,0,3,1,87,,,,96,,,,,,0,,,,,,98801,53,71,310,6,1,0,0,1,0,,0,,,,,,4,11/15/2020,11/15/2020,1,0,0,0,0,9,8,,,0,,,8,8,2,1,,,1,,,2,1,0,,,,,,,,,,,,,,,,,,,,,,,,,,,,,,0,0,0,1,0,0,0,0,0,0,0,0,1,0,0,0,0,0,0,0,0,0,0,0,0,0,0,0,0,1,0,0,0,0,0,,1,0,0,0,0,0,0,0,0,1,0,0,0,0,0,0,,,,,,26-30,26-35,County road,U,Saturday,Belt Used,PV,Hispanic,0,1,1,0,County Road,County Sheriff,Chelan County Sheriff's Office,0,0,1,0,0,,,,,,0,0,0,,,,,,,,,,,98,98,98,1,,,,,20,7,,,,,,,,1,0,,,MALAGA ALCOA HWY,0.55,,
2020,460,EA84145,12,11/21/2020,6:41,21,11,,7,Chelan,0,10,,4,4,2,1,0,4,4,,,,12,0,8,0.6,2,0,3,5,2,2,4,0,0,0,0,CR-MALAGA ALCOA HWY,APPLEYARD DR,-120.2899833,47.38986389,0,4,98,62,4,40,14,0,0,1,5,12,3,1,2,1,14,1,1,53,0,37,403,2004,0,,68,12,,,,,1,1,35,1,0,,0,0,3,0,11,0,,,,,0,0,0,3,1,0,,,,96,,,,,,0,,,,,,98801,53,65,198,6,1,0,0,0,0,,0,,,,,,0,,,20,0,0,0,8,9,8,,,0,,,8,8,0,0,,,0,,,0,0,996,,,,,,,,,,,,,,,,,,,,,,,,,,,,,,0,0,0,1,0,0,0,0,0,0,0,0,1,0,0,0,0,0,0,0,0,0,0,0,0,0,0,0,0,1,0,0,0,0,0,,0,0,0,0,0,0,0,0,0,0,0,0,0,0,0,0,,,,,,31-35,26-35,County road,U,Saturday,Belt Used,PV,Not Fatal,0,1,1,0,County Road,County Sheriff,Chelan County Sheriff's Office,0,0,1,0,0,,,,,,0,0,0,,,,,,,,,,,98,98,98,0,,,,,20,7,,,,,,,,1,0,,,MALAGA ALCOA HWY,0.55,,
2021,384,EB73468,6,09/22/2021,15:00,22,9,,7,Chelan,0,1,,1,1,2,2,0,3,2,,,,12,0,6,105.2,2,0,2,2,1,1,2,0,0,0,0,US-2,DEADMAN HILL RD,-120.5819861,47.55288611,0,2,88,66,4,60,34,0,0,1,2,12,1,1,5,1,1,1,1,53,0,23,481,2005,0,,12,,,,,,1,1,47,1,0,,0,0,3,0,11,0,,,,,0,0,0,3,1,0,,,,96,,,,,,98,,,,,,98801,53,74,220,6,1,0,0,0,2,,0,,,,,,0,10/15/2017,04/15/2018,20,0,0,0,8,9,2,,,0,,,8,8,8,95,,,96,,,2,1,997,,,,,,,,,,,,,,,,,,,,,,,,,,,,,,0,0,0,1,0,0,1,1,0,0,0,0,0,1,0,0,0,0,1,0,0,0,0,0,0,0,0,0,0,1,0,0,0,0,0,,0,0,0,0,0,0,0,0,0,0,0,0,0,0,0,0,,,,,,46-50,46-55,US highway,R,Wednesday,Belt Used,PV,Not Fatal,1,0,0,0,State Route,State Patrol,Washington State Patrol,0,1,0,0,0,,,,,,0,0,0,,,,,,,,,,,98,98,98,0,,,,,20,,,,,,,,,1,0,,,,,,
2021,470,EB89727,6,11/06/2021,15:50,6,11,,7,Chelan,0,10,,1,2,2,1,0,5,3,,,,12,0,6,154.1,1,0,1,3,1,1,2,0,0,0,0,US-097,,-120.60225,47.38725,0,1,98,9,1,60,6,0,0,1,2,12,2,2,3,1,14,1,2,53,0,49,47,2007,0,,68,12,63,24,54,,1,1,23,2,7,,4,7,3,0,11,0,11/06/2021,15:50,53056830,56830,0,0,3,3,1,0,,,,96,,,,,,98,,,,,,98801,53,62,115,6,1,0,0,0,0,,0,,,,,,0,,,1,0,0,0,0,9,8,,,0,,,8,8,2,1,,,1,,,2,1,0,,,,,,,,,,,,,,,,,,,,,,,,,,,,,,0,0,0,0,0,0,0,0,0,0,0,0,0,0,0,0,0,0,0,0,0,0,0,1,1,0,0,0,0,1,0,0,0,0,0,,1,0,0,0,0,0,0,0,0,0,0,0,0,0,0,0,,,,,,21-25,16-25,US highway,R,Saturday,Belt Used,PV,White,0,1,1,0,State Route,State Patrol,Washington State Patrol,0,1,0,0,0,,,,,,0,0,0,,,,,,,,,,,98,98,98,1,,,,,20,,,,,,,,,1,14,,,,,,