year,case,par,repjur,crash_dt,crash_tm,accday,accmon,holiday,county,co_char,city,weather,weather2,lightcond,surfcond,surftype,numfatal,nmforms,pforms,vforms,not_tm,arr_tm,hosp_tm,fhevent,hitrun,manncol,milepnt,reljunc,reljuncinter,intersectiontype,funcsystem,landuse,ownership,route,schlbus,spejur,contdev,devfunc,trafid1,trafid2,x,y,wk_zone,vnumber,crashtype,criticalevent,criticaleventcat,spdlim,body,trailer,emerg,hazcargo,leave,mhevent,roadalgn,roadprof,traflane,trafflow,vehmanvr,numoccs,regowner,regstate,spuse,make,model,modelyr,vrf1,vrf2,seqevent1,seqevent2,seqevent3,seqevent4,seqevent5,seqevent6,pnumber,ptype,age,sex,hispanic,race,injury,diedscene,restraint,restraintmisuse,seatpos,takehosp,death_dt,death_tm,cert,cernum_wa,commlic,licendor,licrestrict,liccomp,drivpres,drf1,drf2,drf3,drf4,distract1,distract2,distract3,distract4,distract5,distract6,dricond1,dricond2,dricond3,dricond4,dricond5,dricond6,dzip,licstate,drhgt_in,weight,noncdl,noncdltype,prevdwi,prevoth,prevacc,prevspd,prevsus,driviol1,driviol2,driviol3,driviol4,driviol5,driviol6,spdrel,first_dt,last_dt,airbag,ejection,ejectpath,extricat,injurwrk,methalc,methdrug,nmlocat,strikveh,prf1,prf2,prf3,druginv,alcinvol,drugsts,drugres1,drugres2,drugres3,drugtst1,drugtst2,drugtst3,alcsts,alctst,alcres,nmact1,nmact2,nmact3,nmact4,nmact5,nmact6,nmprior1,nmprior2,nmprior3,nmprior4,nmprior5,nmprior6,nmcond1,nmcond2,nmcond3,nmcond4,nmcond5,nmcond6,nmsafe_helmet,nmsafe_pads,nmsafe_oth,nmprev_ref,nmprev_lgt,nmprev_oth,crashlocation,nmcrashtype,crosswalk,schoolzone,sidewalk,train_inv,wildlife_inv,rotr_fars,intersect_fars,dd_inv,aid_inv,dpd_inv,id_inv,mj_inv,impnm_inv,ainm_inv,dpnm_inv,speed_inv,unlic_inv,unendmc_inv,drowsy_inv,drdist_inv,nmdist_inv,fty_inv,unrestfat_inv,dr1617_inv,dr1820_inv,dr1620_inv,dr2125_inv,dr1625_inv,dr65_inv,dr70_inv,dr75_inv,mc_inv,pv_inv,ht_inv,ped_inv,bike_inv,unrest_fat,mc_fat,unhelmet_mc,pv_fat,ht_fat,ped_fat,bike_fat,dr_alc7,dr_alc8,dr_drug,dr_imp,dr_dist,dr_spd,dr_fty,dr_unlic,dr_alc7only,dr_alc8only,dr_drugonly,dr_drink,nm_imp,nm_alc7,nm_alc8,nm_drug,nm_dist,agegrp1,agegrp2,roadclass,urbrur,dayweek,restuse,vehtype,race_me,intersect,lanedep,oppdir,wrongway,rep_typ,investag,repag_long,rotr,st_rd,cty_rd,city_rd,oth_rd,drug_thc,thc_res,drug_cthc,cthc_res,drug_cann,prevpersemin,prevperse,prevsusoth,drugtst4,drugtst5,drugtst6,drugtst7,drugtst8,drugres4,drugres5,drugres6,drugres7,drugres8,adspresent,adsengaged,adslevel,race1,race2,race3,race4,race5,helmet,helmetmisuse,nmdistract1,nmdistract2,nmdistract3,nmdistract4,nmdistract5,nmdistract6,lab,isedtcase,crf1,crf2,crf3,CoRoadName,CoMP,IntCoRoadName,IntCoMP
2021,521,EC00006,6,12/11/2021,17:01,11,12,,47,Okanogan,0,1,,3,1,2,1,1,2,2,,,,8,0,0,274.7,3,0,2,2,1,1,2,0,3,0,0,US-97,TWELEVE TRIBES RESORT RD,-119.5353389,48.38410278,0,1,13,80,5,60,2,0,0,1,2,8,1,1,4,1,1,1,1,53,0,12,13,1998,0,,8,12,,,,,1,1,32,1,0,,0,0,3,0,11,0,,,,,0,0,0,3,1,0,,,,96,,,,,,98,,,,,,98801,53,66,250,6,1,1,2,1,2,,75,,,,,,0,10/15/2018,03/15/2020,8,0,0,0,8,9,8,,,0,,,8,8,0,0,,,0,,,0,0,996,,,,,,,,,,,,,,,,,,,,,,,,,,,,,,0,0,0,1,0,0,0,0,0,1,0,1,1,1,0,0,0,0,0,0,0,0,0,0,0,0,0,0,0,1,0,1,0,0,0,,0,0,0,0,0,0,0,0,0,0,0,0,0,0,0,0,,,,,,31-35,26-35,US highway,R,Saturday,Belt Used,PV,Not Fatal,1,0,0,0,State Route,State Patrol,Washington State Patrol,0,1,0,0,0,,,,,,0,0,1,,,,,,,,,,,0,0,0,0,,,,,20,,,,,,,,,1,0,,,,,,
2021,585,3903526,12,09/19/2021,3:54,19,9,,7,Chelan,0,1,,2,1,2,1,0,2,2,,,,14,0,0,,1,0,1,7,1,2,4,0,0,0,0,CR-DIXIE LN,,-120.1942278,47.36610833,0,1,6,50,3,35,4,0,0,1,2,14,1,1,2,1,1,1,1,53,0,59,35,2001,0,,64,14,,,,,1,1,23,1,7,,4,7,99,7,11,0,09/19/2021,3:54,53047738,47738,0,0,3,3,1,0,,,,96,,,,,,98,,,,,,98802,53,72,197,6,1,0,0,0,0,,0,,,,,,3,,,1,0,0,0,0,9,8,,,0,,,8,8,2,1,,,1,,,2,1,0.177,,,,,,,,,,,,,,,,,,,,,,,,,,,,,,0,0,1,0,1,1,0,1,0,0,0,0,1,0,0,0,0,0,0,0,0,0,0,1,1,0,0,0,0,1,0,0,0,0,0,,1,0,0,0,0,1,0,1,0,1,0,0,0,1,0,1,,,,,,21-25,16-25,County road,R,Sunday,Unknown,PV,White,0,0,0,0,County Road,Municipal/City Police,Chelan County Sheriff's Office,0,0,1,0,0,,,,,,0,0,0,,,,,,,,,,,98,98,98,1,,,,,20,,,,,,,,,1,0,,,,,,
2017,85,E655807,6,03/16/2017,13:35,16,3,0,47,Okanogan,0,1,0,1,1,2,2,0,3,2,,,,12,0,6,273,2,0,2,3,1,1,2,0,3,4,3,US-97,CR-ARMORY ACCESS RD,-119.5649361,48.36727778,0,2,88,17,2,60,66,1,0,1,2,12,1,1,3,1,1,1,2,53,0,82,881,2000,0,0,12,,,,,,1,1,77,1,0,0,0,0,3,0,11,0,,,,,6,1,1,3,1,0,0,0,0,0,,,,,,0,,,,,,98802,53,74,265,6,1,0,2,2,1,0,0,,,,,,0,08/15/2012,07/15/2016,20,0,0,1,8,9,8,,,0,0,0,8,0,0,0,0,0,0,0,0,0,0,996,,,,,,,,,,,,,,,,,,,,,,,,,,,,,,0,0,0,1,0,0,0,0,0,0,0,0,0,0,0,0,0,0,0,0,0,0,0,0,0,1,1,1,0,0,1,0,0,0,0,,0,0,0,0,0,0,0,0,0,0,0,0,0,0,0,0,,,,,,76-80,76+,US highway,R,Thursday,,MHTRUCK,Not Fatal,1,0,0,0,State Route,State Patrol,Washington State Patrol Headquarter,0,1,0,0,0,,,,,,,,,,,,,,,,,,,,,,,,,,,,,,,,,,,,,,,,,,,
2018,374,E851101,315,10/15/2018,22:11,15,10,0,7,Chelan,2460,1,0,3,1,2,1,0,3,1,,,,5,0,0,2.6,1,0,1,3,2,1,3,0,0,0,0,SR-285,,-120.32215,47.435375,0,1,0,98,7,30,34,0,0,1,5,5,1,1,3,4,1,3,1,53,0,12,481,1980,0,0,5,,,,,,1,1,22,1,0,0,0,0,3,0,11,0,,,,,0,0,0,3,1,0,0,0,0,96,,,,,,0,,,,,,98802,53,64,130,6,1,0,0,0,0,,97,,,,,,0,,,20,0,0,0,8,9,8,,,0,0,0,8,0,2,1,,,1,,,2,1,0,,,,,,,,,,,,,,,,,,,,,,,,,,,,,,0,0,0,0,0,0,0,0,0,0,0,0,0,0,0,0,0,0,0,1,0,0,0,1,1,0,0,0,0,1,0,0,0,0,0,,0,0,0,0,0,0,0,0,0,0,0,0,0,0,0,0,,,,,,21-25,16-25,State route,U,Monday,Belt Used,PV,Not Fatal,0,0,0,0,State Route,Municipal/City Police,Wenatchee Police Department,0,1,0,0,0,,,,,,0,0,0,,,,,,,,,,,,,,,,,,,,,,,,,,,,,,,,,,,
2019,402,E981386,6,11/06/2019,5:44,6,11,,17,Douglas,0,1,0,2,1,2,1,0,5,3,,,,12,0,7,7.6,1,0,1,3,2,1,3,0,0,0,0,SR-28,,-120.2365028,47.38299444,0,1,46,11,2,60,21,0,0,1,7,12,1,2,2,1,6,1,1,53,0,20,461,2004,0,0,68,68,12,68,12,64,1,1,55,1,7,,4,7,20,7,11,0,11/06/2019,5:44,57053049409,49409,0,0,3,2,1,33,0,0,0,96,,,,,,99,,,,,,98802,53,70,190,1,1,1,1,1,0,,0,,,,,,0,09/15/2016,06/15/2019,1,0,0,0,0,9,8,,,0,0,0,8,9,2,1,,,1,,,2,1,0.44,,,,,,,,,,,,,,,,,,,,,,,,,,,,,,0,0,0,0,1,1,0,1,0,0,0,0,0,1,0,0,0,0,0,1,0,0,0,1,1,0,0,0,0,1,0,0,0,1,0,,1,0,0,0,0,1,0,1,0,0,0,1,0,1,0,1,,,,,,51-55,46-55,State route,U,Wednesday,Not Used,PV,White,0,0,0,0,State Route,State Patrol,Washington State Patrol,0,1,0,0,0,,,,,,0,1,2,,,,,,,,,,,98,98,98,1,,,,,20,7,,,,,,,,,,,,,,,
2020,266,EA52929,2,07/11/2020,22:19,11,7,,61,Snohomish,1360,10,,2,1,2,1,0,4,2,22:11,22:20,22:51,12,0,2,22.9,1,0,1,3,2,1,3,0,0,0,0,SR-522,,-122.0106389,47.84696111,0,1,52,54,3,60,6,0,0,1,2,12,4,1,2,3,14,1,1,53,0,48,38,2013,0,,12,,,,,,1,1,35,2,7,,4,7,3,0,11,0,07/11/2020,22:19,1.36053E+11,32097,0,0,3,3,1,38,51,,,96,,,,,,98,,,,,,98802,53,64,140,6,1,0,1,0,0,,0,,,,,,0,06/15/2016,12/15/2017,8,0,0,0,0,9,8,,,0,,,8,8,2,334,,,1,,,2,1,0.287,,,,,,,,,,,,,,,,,,,,,,,,,,,,,,0,0,0,0,1,1,1,1,0,0,0,0,0,0,0,0,0,0,1,0,0,0,0,0,0,0,0,0,0,1,0,0,0,0,0,,1,0,0,0,0,1,1,1,0,0,1,0,0,0,0,1,,,,,,31-35,26-35,State route,U,Saturday,Belt Used,PV,Multiracial,0,0,0,1,State Route,State Patrol,Washington State Patrol,0,1,0,0,0,,,,,,0,0,1,,,,,,,,,,,98,98,98,201,204,,,,20,7,,,,,,,,1,0,,,,,,
2020,460,EA84145,12,11/21/2020,6:41,21,11,,7,Chelan,0,10,,4,4,2,1,0,4,4,,,,12,0,8,0.6,2,0,3,5,2,2,4,0,0,0,0,CR-MALAGA ALCOA HWY,APPLEYARD DR,-120.2899833,47.38986389,0,3,98,62,4,40,6,0,0,1,2,12,3,1,2,1,14,1,1,53,0,35,49,2004,0,,63,12,,,,,1,1,31,1,0,,2,0,3,0,11,8,,,,,0,0,3,3,1,0,,,,96,,,,,,0,,,,,,98802,53,65,180,6,1,0,0,0,0,,0,,,,,,0,,,8,0,0,0,8,9,8,,,0,,,8,8,0,0,,,0,,,0,0,996,,,,,,,,,,,,,,,,,,,,,,,,,,,,,,0,0,0,1,0,0,0,0,0,0,0,0,1,0,0,0,0,0,0,0,0,0,0,0,0,0,0,0,0,1,0,0,0,0,0,,0,0,0,0,0,0,0,0,0,0,0,0,0,0,0,0,,,,,,31-35,26-35,County road,U,Saturday,Belt Used,PV,Not Fatal,0,1,1,0,County Road,County Sheriff,Chelan County Sheriff's Office,0,0,1,0,0,,,,,,0,0,0,,,,,,,,,,,98,98,98,0,,,,,20,7,,,,,,,,1,0,,,MALAGA ALCOA HWY,0.55,,
2021,42,EB07082,315,02/11/2021,18:26,11,2,,7,Chelan,2460,1,,3,1,2,2,2,3,2,,,,12,0,7,0.8,1,0,1,3,2,1,3,0,0,0,0,SR-285,,-120.3177167,47.42840278,0,1,46,8,1,30,14,0,0,1,2,8,1,1,3,4,98,2,1,53,0,49,403,2017,0,,64,69,12,63,19,8,1,1,63,1,0,,2,0,3,0,11,5,,,,,0,0,0,3,1,0,,,,0,,,,,,1,,,,,,98802,53,73,220,6,1,0,0,0,0,,97,,,,,,0,,,1,0,0,0,8,9,8,,,0,,,0,0,0,0,,,0,,,0,0,996,,,,,,,,,,,,,,,,,,,,,,,,,,,,,,0,0,0,0,0,0,0,0,0,0,0,0,0,0,0,0,0,0,0,0,0,1,1,0,1,0,0,0,0,1,0,0,0,0,0,,0,0,0,0,0,0,0,0,0,0,0,0,0,0,0,0,,,,,,61-65,56-65,State route,U,Thursday,Belt Used,PV,Not Fatal,0,0,0,0,State Route,Municipal/City Police,Wenatchee Police Department,0,1,0,0,0,,,,,,0,0,0,,,,,,,,,,,98,98,98,0,,,,,20,,,,,,,,,1,0,,,,,,
2021,318,EB61237,109,08/23/2021,5:27,23,8,,17,Douglas,570,1,,3,1,2,1,0,3,3,,,,12,0,2,3.1,1,0,1,2,2,1,3,0,0,0,0,SR-28,,-120.2975306,47.42311389,0,2,51,54,3,40,14,0,0,1,2,12,1,1,2,2,1,1,1,53,0,35,401,2014,0,,12,,,,,,1,1,48,2,0,,2,0,3,0,11,5,,,,,0,0,0,3,1,0,,,,92,,,,,,98,,,,,,98802,53,61,240,6,1,0,0,0,0,,0,,,,,,0,,,8,0,0,0,8,9,8,,,0,,,8,8,8,95,,,96,,,9,99,999,,,,,,,,,,,,,,,,,,,,,,,,,,,,,,0,0,0,0,1,0,0,0,0,0,0,0,0,0,0,0,1,0,0,1,0,1,1,0,1,0,0,0,0,1,0,0,0,0,0,,0,0,0,0,0,0,0,0,1,0,0,0,0,0,0,0,,,,,,46-50,46-55,State route,U,Monday,Belt Used,PV,Not Fatal,0,1,1,0,State Route,Municipal/City Police,East Wenatchee Police Department,0,1,0,0,0,,,,,,0,0,0,,,,,,,,,,,98,98,98,0,,,,,20,,,,,,,,,1,0,,,,,,
2021,318,EB61237,109,08/23/2021,5:27,23,8,,17,Douglas,570,1,,3,1,2,1,0,3,3,,,,12,0,2,3.1,1,0,1,2,2,1,3,0,0,0,0,SR-28,,-120.2975306,47.42311389,0,3,98,54,3,40,6,0,0,1,2,12,1,1,2,2,1,1,1,53,0,48,38,2001,0,,12,,,,,,1,1,38,1,0,,2,0,3,0,11,5,,,,,0,0,3,3,1,0,,,,96,,,,,,98,,,,,,98802,53,69,170,6,1,0,0,0,0,,0,,,,,,0,,,20,0,0,0,8,9,8,,,0,,,8,8,8,95,,,96,,,9,99,999,,,,,,,,,,,,,,,,,,,,,,,,,,,,,,0,0,0,0,1,0,0,0,0,0,0,0,0,0,0,0,1,0,0,1,0,1,1,0,1,0,0,0,0,1,0,0,0,0,0,,0,0,0,0,0,0,0,0,0,0,0,0,0,0,0,0,,,,,,36-40,36-45,State route,U,Monday,Belt Used,PV,Not Fatal,0,1,1,0,State Route,Municipal/City Police,East Wenatchee Police Department,0,1,0,0,0,,,,,,0,0,0,,,,,,,,,,,98,98,98,0,,,,,20,,,,,,,,,1,0,,,,,,
2021,461,EB88236,6,11/03/2021,17:47,3,11,,17,Douglas,0,10,,5,1,2,1,0,2,2,,,,12,0,6,9.5,1,0,1,2,2,1,3,0,0,0,0,SR-028,,-120.1954806,47.37785278,0,2,66,62,4,60,34,0,0,1,2,12,1,1,3,1,1,1,1,53,0,49,472,2015,0,,12,,,,,,1,1,29,1,0,,1,0,3,0,11,0,,,,,0,0,0,3,1,0,,,,96,,,,,,0,,,,,,98802,53,64,165,6,1,0,0,0,2,,0,,,,,,0,08/15/2019,03/15/2020,8,0,0,0,8,9,2,,,0,,,8,8,8,95,,,96,,,2,1,997,,,,,,,,,,,,,,,,,,,,,,,,,,,,,,0,0,0,0,0,0,0,0,0,0,0,0,0,1,0,0,0,0,0,0,0,0,0,0,0,0,0,0,0,1,0,0,0,0,0,,0,0,0,0,0,0,0,0,0,0,0,0,0,0,0,0,,,,,,26-30,26-35,State route,U,Wednesday,Belt Used,PV,Not Fatal,0,1,1,0,State Route,State Patrol,Washington State Patrol,0,1,0,0,0,,,,,,0,0,0,,,,,,,,,,,98,98,98,0,,,,,20,,,,,,,,,1,0,,,,,,
2021,491,EB93812,2,11/25/2021,15:52,25,11,,61,Snohomish,0,2,,1,2,2,1,0,8,5,,,,12,0,1,7.6,1,0,1,4,1,1,3,0,0,0,0,SR-532,,-122.2942583,48.23639167,0,4,98,52,3,55,3,0,0,1,2,12,1,1,3,1,1,1,2,53,0,37,31,1991,0,,12,,,,,,1,1,39,1,0,,0,0,3,0,11,0,,,,,0,0,0,2,1,0,,,,96,,,,,,0,,,,,,98802,53,70,190,1,1,0,0,0,0,,0,,,,,,0,,,20,0,0,0,8,9,8,,,0,,,8,8,8,95,,,96,,,0,0,996,,,,,,,,,,,,,,,,,,,,,,,,,,,,,,0,0,0,0,0,0,0,0,0,0,0,0,1,1,0,0,0,0,0,0,0,0,0,0,0,0,0,0,0,1,0,0,0,0,0,,0,0,0,0,0,0,0,0,0,0,0,1,0,0,0,0,,,,,,36-40,36-45,State route,R,Thursday,Belt Used,PV,Not Fatal,0,0,0,0,State Route,State Patrol,Washington State Patrol,0,1,0,0,0,,,,,,0,0,0,,,,,,,,,,,0,0,0,0,,,,,20,,,,,,,,,1,0,,,,,,
2021,544,EC04402,6,12/20/2021,9:35,20,12,,17,Douglas,0,4,,1,10,2,1,0,3,2,,,,12,0,1,127.5,1,0,1,3,1,1,2,0,0,0,0,US-2,,-120.2542722,47.54905,0,1,32,6,1,60,4,0,0,1,2,12,2,1,3,1,14,2,2,53,0,37,32,2001,0,,68,12,,,,,1,1,39,1,0,,3,0,3,0,11,5,,,,,0,0,0,3,1,28,87,,,96,,,,,,98,,,,,,98802,53,64,154,6,1,0,0,0,0,,52,,,,,,4,,,20,0,0,0,8,9,2,,,0,,,8,8,0,0,,,0,,,0,0,996,,,,,,,,,,,,,,,,,,,,,,,,,,,,,,0,0,0,0,0,0,0,0,0,0,0,0,1,0,0,0,0,0,0,0,0,0,0,0,0,1,0,0,0,1,0,0,0,0,0,,0,0,0,0,0,0,0,0,0,1,0,0,0,0,0,0,,,,,,36-40,36-45,US highway,R,Monday,Belt Used,PV,Not Fatal,0,1,1,0,State Route,State Patrol,Washington State Patrol,0,1,0,0,0,,,,,,0,0,0,,,,,,,,,,,98,98,98,0,,,,,20,,,,,,,,,1,0,,,,,,
2021,544,EC04402,6,12/20/2021,9:35,20,12,,17,Douglas,0,4,,1,10,2,1,0,3,2,,,,12,0,1,127.5,1,0,1,3,1,1,2,0,0,0,0,US-2,,-120.2542722,47.54905,0,2,32,62,4,60,14,0,0,1,2,12,3,1,3,1,14,1,1,53,0,12,402,2009,0,,12,,,,,,1,1,68,1,0,,3,0,3,0,11,5,,,,,0,0,0,3,1,0,,,,96,,,,,,98,,,,,,98802,53,68,225,6,1,0,0,0,0,,0,,,,,,0,,,1,0,0,0,8,9,2,,,0,,,8,8,0,0,,,0,,,0,0,996,,,,,,,,,,,,,,,,,,,,,,,,,,,,,,0,0,0,0,0,0,0,0,0,0,0,0,1,0,0,0,0,0,0,0,0,0,0,0,0,1,0,0,0,1,0,0,0,0,0,,0,0,0,0,0,0,0,0,0,0,0,0,0,0,0,0,,,,,,66-70,66-75,US highway,R,Monday,Belt Used,PV,Not Fatal,0,1,1,0,State Route,State Patrol,Washington State Patrol,0,1,0,0,0,,,,,,0,0,0,,,,,,,,,,,98,98,98,0,,,,,20,,,,,,,,,1,0,,,,,,
2017,325,E704729,6,08/24/2017,10:40,24,8,0,37,Kittitas,0,5,0,1,1,2,1,0,7,4,,,,12,0,1,123.3,1,0,1,1,1,1,1,0,0,0,0,I-90,,-120.2225722,46.94285556,0,1,29,53,3,70,34,0,0,1,5,12,1,2,2,3,2,2,1,53,0,7,482,2004,0,0,12,,,,,,1,1,58,1,0,0,0,0,3,0,11,0,,,,,0,0,0,3,1,0,0,0,0,0,,,,,,0,,,,,,98812,53,68,250,6,1,0,0,0,0,0,0,,,,,,0,,,20,0,0,0,8,9,2,,,0,0,0,0,0,0,0,0,0,0,0,0,0,0,996,,,,,,,,,,,,,,,,,,,,,,,,,,,,,,0,0,0,0,0,0,0,0,0,0,0,0,0,0,0,0,0,0,0,0,0,0,0,1,1,0,0,0,0,1,1,0,0,0,0,,0,0,0,0,0,0,0,0,0,0,0,0,0,0,0,0,,,,,,56-60,56-65,Interstate,R,Thursday,Belt Used,PV,Not Fatal,0,0,0,0,State Route,State Patrol,Washington State Patrol Headquarter,0,1,0,0,0,,,,,,,,,,,,,,,,,,,,,,,,,,,,,,,,,,,,,,,,,,,
2018,467,E873054,221,12/12/2018,0:00,12,12,0,47,Okanogan,0,1,0,2,10,5,1,0,1,1,,,,3,0,0,1.2,1,0,1,6,1,2,4,0,0,0,0,CR-MONSE RIVER RD,,-119.6904611,48.11093889,0,1,0,6,1,35,14,0,0,1,7,3,1,1,2,1,1,1,1,53,0,12,402,2003,0,0,68,68,63,3,,,1,1,76,2,7,1,4,7,20,0,11,0,12/12/2018,0:00,53055232,55232,0,0,3,2,1,58,0,0,0,93,,,,,,99,,,,,,98812,53,65,150,1,1,0,0,0,1,,0,,,,,,4,08/15/2018,08/15/2018,20,0,0,0,0,9,8,,,0,0,0,8,9,2,996,,,1,,,2,1,0.11,,,,,,,,,,,,,,,,,,,,,,,,,,,,,,0,0,0,0,1,1,1,1,0,0,0,0,1,1,0,0,1,0,0,1,0,0,0,0,0,1,1,1,0,1,0,0,0,1,0,,1,0,0,0,0,1,1,1,1,1,0,1,0,0,0,1,,,,,,76-80,76+,County road,R,Wednesday,Not Used,PV,White,0,1,0,0,County Road,County Sheriff,Okanogan County Sheriff's Office,1,0,1,0,0,,,,,,0,0,1,,,,,,,,,,,,,,,,,,,,,,,,,,,,,,,,,,,
2019,380,E975663,6,10/22/2019,9:31,22,10,,47,Okanogan,0,1,0,1,1,2,1,0,3,2,,,,12,0,2,250.3,1,0,1,3,1,1,2,0,3,0,0,US-97,,-119.6844167,48.104625,0,1,50,10,2,60,15,0,0,1,7,12,3,2,3,1,6,2,2,53,0,23,421,2009,0,0,12,,,,,,1,1,37,1,0,,2,0,20,7,11,8,,,,,0,0,0,0,1,28,33,91,0,96,,,,,,9,,,,,,98812,53,71,210,0,0,0,0,0,0,,1,,,,,,0,,,8,0,0,0,8,9,8,,,0,0,0,8,1,2,1,,,1,,,2,1,0.093,,,,,,,,,,,,,,,,,,,,,,,,,,,,,,0,0,0,0,1,1,0,1,0,0,0,0,0,1,0,0,0,0,0,0,0,0,0,0,0,0,0,0,0,1,0,0,0,0,0,,0,0,0,0,0,1,0,1,0,0,0,1,0,1,0,1,,,,,,36-40,36-45,US highway,R,Tuesday,Not Used,PV,Not Fatal,0,1,1,0,State Route,State Patrol,Washington State Patrol,0,1,0,0,0,,,,,,0,0,0,,,,,,,,,,,98,98,98,0,,,,,20,7,,,,,,,,,,,,,,,
2020,235,EA18657,7,02/21/2020,8:57,21,2,,33,King,0,1,,1,4,2,1,0,4,2,8:55,9:10,9:27,12,0,6,59.3,1,0,1,3,1,1,2,0,0,0,0,US-2,,-121.1441861,47.71357778,0,1,66,5,1,50,34,1,0,1,2,12,1,2,3,1,1,2,1,53,0,12,481,2004,0,,68,12,,,,,1,1,75,1,0,,0,0,3,0,11,0,,,,,0,0,0,3,1,87,,,,96,,,,,,98,,,,,,98812,53,72,220,6,1,0,0,0,0,,0,,,,,,0,,,8,0,0,0,8,3,8,,,0,,,8,0,0,0,,,0,,,0,0,996,,,,,,,,,,,,,,,,,,,,,,,,,,,,,,0,0,0,0,0,0,0,0,0,0,0,0,0,0,0,0,0,0,0,0,0,0,0,0,0,1,1,1,0,1,0,0,0,0,0,,0,0,0,0,0,0,0,0,0,0,0,0,0,0,0,0,,,,,,71-75,66-75,US highway,R,Friday,Belt Used,PV,Not Fatal,0,1,1,0,State Route,State Patrol,Washington State Patrol,0,1,0,0,0,,,,,,0,0,0,,,,,,,,,,,98,98,98,0,,,,,20,7,,,,,,,,0,0,,,,,,
2021,318,EB61237,109,08/23/2021,5:27,23,8,,17,Douglas,570,1,,3,1,2,1,0,3,3,,,,12,0,2,3.1,1,0,1,2,2,1,3,0,0,0,0,SR-28,,-120.2975306,47.42311389,0,1,50,54,3,40,34,0,0,1,2,12,1,1,2,2,1,1,2,53,0,12,481,2012,0,,12,12,1,,,,1,1,18,1,1,,4,7,20,7,11,0,08/23/2021,5:27,57053041526,41526,6,0,0,3,1,51,,,,92,,,,,,98,,,,,,98812,53,74,250,6,1,0,1,0,4,,0,,,,,,0,07/15/2020,10/15/2021,8,2,9,0,0,9,8,,,0,,,8,8,2,1,,,1,,,2,1,0.02,,,,,,,,,,,,,,,,,,,,,,,,,,,,,,0,0,0,0,1,0,0,0,0,0,0,0,0,0,0,0,1,0,0,1,0,1,1,0,1,0,0,0,0,1,0,0,0,1,0,,1,0,0,0,1,0,0,0,1,0,0,0,1,0,0,1,,,,,,18-20,16-25,State route,U,Monday,Not Used,PV,Hispanic,0,1,1,0,State Route,Municipal/City Police,East Wenatchee Police Department,0,1,0,0,0,,,,,,0,0,0,,,,,,,,,,,98,98,98,1,,,,,20,,,,,,,,,1,0,,,,,,
2017,202,E684232,1,06/17/2017,7:15,17,6,0,21,Franklin,0,1,0,1,1,2,1,0,3,3,,,,12,0,8,1.7,1,0,1,3,1,1,3,0,0,0,0,SR-17,,-119.0018306,46.58564722,0,3,98,62,4,60,15,0,0,1,2,12,3,2,2,1,14,1,1,53,0,23,421,2008,0,0,12,,,,,,1,1,39,1,0,0,3,0,3,0,11,4,,,,,0,0,0,3,1,0,0,0,0,0,,,,,,0,,,,,,98813,53,67,180,6,1,1,1,0,2,1,0,,,,,,0,07/15/2012,04/15/2015,8,0,0,0,8,9,8,,,0,0,0,8,0,0,0,0,0,0,0,0,0,0,996,,,,,,,,,,,,,,,,,,,,,,,,,,,,,,0,0,0,0,1,1,0,1,0,0,0,0,1,0,0,0,0,0,0,0,0,0,0,1,1,0,0,0,0,1,0,0,0,0,0,,0,0,0,0,0,0,0,0,0,0,0,0,0,0,0,0,,,,,,36-40,36-45,State route,R,Saturday,Belt Used,PV,Not Fatal,0,1,1,0,State Route,State Patrol,Washington State Patrol Headquarter,0,1,0,0,0,,,,,,,,,,,,,,,,,,,,,,,,,,,,,,,,,,,,,,,,,,,
2020,465,EA85186,17,11/14/2020,18:09,14,11,,17,Douglas,200,2,,2,2,2,1,0,2,2,18:55,19:05,19:30,14,0,0,0.8,3,0,3,5,1,1,3,0,0,0,0,SR-173,17TH ST,-119.6682528,48.00636667,0,1,14,14,2,25,2,0,0,1,2,14,4,1,2,1,14,2,2,53,0,37,32,2011,0,,71,14,,,,,1,1,35,1,0,,1,0,99,7,11,5,,,,,0,0,0,2,1,0,,,,96,,,,,,9,,,,,,98813,53,73,220,1,1,0,0,0,0,,97,,,,,,4,,,8,0,0,0,8,9,8,,,0,,,8,1,2,695,605,,1,1,,2,1,0.031,,,,,,,,,,,,,,,,,,,,,,,,,,,,,,0,0,0,1,1,0,1,1,1,0,0,0,1,1,0,0,0,0,0,0,0,0,0,0,0,0,0,0,0,1,1,0,0,0,0,,0,0,0,0,1,0,1,1,0,1,0,1,0,0,0,1,,,,,,31-35,26-35,State route,R,Saturday,Unknown,PV,Not Fatal,1,0,0,0,State Route,County Sheriff,Douglas County Sheriff's Office,0,1,0,0,0,thc,4.5,carboxy-thc,39,,0,0,0,,,,,,,,,,,98,98,98,0,,,,,20,7,,,,,,,,1,0,,,,,,