year,case,par,repjur,crash_dt,crash_tm,accday,accmon,holiday,county,co_char,city,weather,weather2,lightcond,surfcond,surftype,numfatal,nmforms,pforms,vforms,not_tm,arr_tm,hosp_tm,fhevent,hitrun,manncol,milepnt,reljunc,reljuncinter,intersectiontype,funcsystem,landuse,ownership,route,schlbus,spejur,contdev,devfunc,trafid1,trafid2,x,y,wk_zone,vnumber,crashtype,criticalevent,criticaleventcat,spdlim,body,trailer,emerg,hazcargo,leave,mhevent,roadalgn,roadprof,traflane,trafflow,vehmanvr,numoccs,regowner,regstate,spuse,make,model,modelyr,vrf1,vrf2,seqevent1,seqevent2,seqevent3,seqevent4,seqevent5,seqevent6,pnumber,ptype,age,sex,hispanic,race,injury,diedscene,restraint,restraintmisuse,seatpos,takehosp,death_dt,death_tm,cert,cernum_wa,commlic,licendor,licrestrict,liccomp,drivpres,drf1,drf2,drf3,drf4,distract1,distract2,distract3,distract4,distract5,distract6,dricond1,dricond2,dricond3,dricond4,dricond5,dricond6,dzip,licstate,drhgt_in,weight,noncdl,noncdltype,prevdwi,prevoth,prevacc,prevspd,prevsus,driviol1,driviol2,driviol3,driviol4,driviol5,driviol6,spdrel,first_dt,last_dt,airbag,ejection,ejectpath,extricat,injurwrk,methalc,methdrug,nmlocat,strikveh,prf1,prf2,prf3,druginv,alcinvol,drugsts,drugres1,drugres2,drugres3,drugtst1,drugtst2,drugtst3,alcsts,alctst,alcres,nmact1,nmact2,nmact3,nmact4,nmact5,nmact6,nmprior1,nmprior2,nmprior3,nmprior4,nmprior5,nmprior6,nmcond1,nmcond2,nmcond3,nmcond4,nmcond5,nmcond6,nmsafe_helmet,nmsafe_pads,nmsafe_oth,nmprev_ref,nmprev_lgt,nmprev_oth,crashlocation,nmcrashtype,crosswalk,schoolzone,sidewalk,train_inv,wildlife_inv,rotr_fars,intersect_fars,dd_inv,aid_inv,dpd_inv,id_inv,mj_inv,impnm_inv,ainm_inv,dpnm_inv,speed_inv,unlic_inv,unendmc_inv,drowsy_inv,drdist_inv,nmdist_inv,fty_inv,unrestfat_inv,dr1617_inv,dr1820_inv,dr1620_inv,dr2125_inv,dr1625_inv,dr65_inv,dr70_inv,dr75_inv,mc_inv,pv_inv,ht_inv,ped_inv,bike_inv,unrest_fat,mc_fat,unhelmet_mc,pv_fat,ht_fat,ped_fat,bike_fat,dr_alc7,dr_alc8,dr_drug,dr_imp,dr_dist,dr_spd,dr_fty,dr_unlic,dr_alc7only,dr_alc8only,dr_drugonly,dr_drink,nm_imp,nm_alc7,nm_alc8,nm_drug,nm_dist,agegrp1,agegrp2,roadclass,urbrur,dayweek,restuse,vehtype,race_me,intersect,lanedep,oppdir,wrongway,rep_typ,investag,repag_long,rotr,st_rd,cty_rd,city_rd,oth_rd,drug_thc,thc_res,drug_cthc,cthc_res,drug_cann,prevpersemin,prevperse,prevsusoth,drugtst4,drugtst5,drugtst6,drugtst7,drugtst8,drugres4,drugres5,drugres6,drugres7,drugres8,adspresent,adsengaged,adslevel,race1,race2,race3,race4,race5,helmet,helmetmisuse,nmdistract1,nmdistract2,nmdistract3,nmdistract4,nmdistract5,nmdistract6,lab,isedtcase,crf1,crf2,crf3,CoRoadName,CoMP,IntCoRoadName,IntCoMP
2019,432,E991120,6,10/27/2019,14:56,27,10,,47,Okanogan,0,1,0,1,1,2,1,0,3,2,,,,12,0,6,20.5,1,0,1,4,1,1,3,0,0,0,0,SR-153,,-120.1253722,48.21999444,0,1,66,10,2,60,14,0,0,1,7,12,2,1,2,1,14,1,1,53,0,12,401,2002,0,0,68,12,,,,,1,1,38,1,7,,4,7,3,0,11,0,10/27/2019,14:56,53047982,47982,0,0,0,3,1,28,0,0,0,96,,,,,,99,,,,,,98814,53,76,185,6,1,0,1,1,0,,0,,,,,,0,03/15/2018,04/15/2019,8,0,0,0,0,9,8,,,0,0,0,8,9,2,401,417,128,1,1,1,2,1,0,,,,,,,,,,,,,,,,,,,,,,,,,,,,,,0,0,0,0,0,0,1,1,0,0,0,0,0,0,0,0,0,0,0,0,0,0,0,0,0,0,0,0,0,1,0,0,0,0,0,,1,0,0,0,0,0,1,1,0,0,0,0,0,0,1,0,,,,,,36-40,36-45,State route,R,Sunday,Belt Used,PV,White,0,0,0,1,State Route,State Patrol,Washington State Patrol,0,1,0,0,0,,,,,,0,0,1,1,1,,,,177,996,,,,98,98,98,1,,,,,20,7,,,,,,,,,,,,,,,
2019,432,E991120,6,10/27/2019,14:56,27,10,,47,Okanogan,0,1,0,1,1,2,1,0,3,2,,,,12,0,6,20.5,1,0,1,4,1,1,3,0,0,0,0,SR-153,,-120.1253722,48.21999444,0,2,66,62,4,60,34,1,0,1,5,12,3,1,2,1,14,2,1,53,0,23,481,2005,0,0,12,,,,,,1,1,51,2,0,,0,0,3,0,11,0,,,,,0,0,0,3,1,0,0,0,0,96,,,,,,0,,,,,,98814,53,62,165,6,1,0,0,0,0,,0,,,,,,0,,,20,0,0,0,8,9,8,,,0,0,0,8,0,8,95,,,96,,,8,95,995,,,,,,,,,,,,,,,,,,,,,,,,,,,,,,0,0,0,0,0,0,1,1,0,0,0,0,0,0,0,0,0,0,0,0,0,0,0,0,0,0,0,0,0,1,0,0,0,0,0,,0,0,0,0,0,0,0,0,0,0,0,0,0,0,0,0,,,,,,51-55,46-55,State route,R,Sunday,Belt Used,PV,Not Fatal,0,0,0,1,State Route,State Patrol,Washington State Patrol,0,1,0,0,0,,,,,,0,0,0,,,,,,,,,,,98,98,98,0,,,,,20,7,,,,,,,,,,,,,,,
2021,85,EB19556,6,04/01/2021,13:35,1,4,,17,Douglas,0,1,,1,1,2,1,0,3,2,,,,12,0,6,205.1,8,0,1,3,1,1,2,0,0,0,0,US-97,,-120.2017833,47.71499167,0,2,81,72,4,60,34,1,0,1,5,12,2,2,2,1,14,2,3,53,0,7,482,2003,0,,12,,,,,,1,1,36,1,0,,0,0,3,0,11,0,,,,,0,0,0,3,1,0,,,,96,,,,,,98,,,,,,98814,53,72,185,6,1,0,0,1,0,,0,,,,,,0,08/15/2019,08/15/2019,20,0,0,0,8,9,8,,,0,,,8,8,2,1,,,1,,,2,1,0,,,,,,,,,,,,,,,,,,,,,,,,,,,,,,0,0,0,0,0,0,0,0,0,0,0,0,0,0,0,0,0,0,1,0,0,0,0,0,0,0,0,0,0,1,0,0,0,0,0,,0,0,0,0,0,0,0,0,0,0,0,0,0,0,0,0,,,,,,36-40,36-45,US highway,R,Thursday,Belt Used,PV,Not Fatal,0,0,0,0,State Route,State Patrol,Washington State Patrol,0,1,0,0,0,,,,,,0,0,0,,,,,,,,,,,98,98,98,0,,,,,20,,,,,,,,,1,0,,,,,,
2018,49,E773448,315,02/17/2018,8:20,17,2,3,7,Chelan,2460,4,0,1,3,2,1,0,3,2,,,,12,0,6,0,1,0,1,5,2,4,6,0,0,0,0,SKYLINE DR,,-120.3373972,47.40887222,0,1,66,10,2,25,3,0,0,1,7,12,2,1,2,1,14,2,1,53,0,37,31,1990,0,0,68,12,64,24,,,1,1,22,1,0,0,2,0,3,0,11,4,,,,,0,0,0,3,1,28,87,0,0,96,,,,,,0,,,,,,98815,53,72,220,6,1,0,0,0,0,,97,,,,,,0,,,20,0,0,0,8,9,8,,,0,0,0,8,0,2,1,,,1,,,2,1,0,,,,,,,,,,,,,,,,,,,,,,,,,,,,,,0,0,0,0,0,0,0,0,0,0,0,0,0,0,0,0,0,0,0,0,0,0,0,1,1,0,0,0,0,1,1,0,0,0,0,,0,0,0,0,0,0,0,0,0,0,0,0,0,0,0,0,,,,,,21-25,16-25,City street,U,Saturday,Belt Used,PV,Not Fatal,0,1,1,0,City Street,Municipal/City Police,Wenatchee Police Department,0,0,0,1,0,,,,,,0,0,0,,,,,,,,,,,,,,,,,,,,,,,,,,,,,,,,,,,
2018,49,E773448,315,02/17/2018,8:20,17,2,3,7,Chelan,2460,4,0,1,3,2,1,0,3,2,,,,12,0,6,0,1,0,1,5,2,4,6,0,0,0,0,SKYLINE DR,,-120.3373972,47.40887222,0,2,66,62,4,25,63,0,0,1,5,12,3,2,2,1,14,1,3,53,0,85,881,2007,0,0,12,,,,,,1,1,64,1,0,0,0,0,2,0,11,0,,,,,6,1,0,3,1,0,0,0,0,96,,,,,,0,,,,,,98815,53,68,280,6,1,0,0,0,0,,0,,,,,,0,,,20,0,0,0,8,9,8,,,0,0,0,8,0,8,95,,,96,,,8,95,995,,,,,,,,,,,,,,,,,,,,,,,,,,,,,,0,0,0,0,0,0,0,0,0,0,0,0,0,0,0,0,0,0,0,0,0,0,0,1,1,0,0,0,0,1,1,0,0,0,0,,0,0,0,0,0,0,0,0,0,0,0,0,0,0,0,0,,,,,,61-65,56-65,City street,U,Saturday,,MHTRUCK,Not Fatal,0,1,1,0,City Street,Municipal/City Police,Wenatchee Police Department,0,0,0,1,0,,,,,,0,0,0,,,,,,,,,,,,,,,,,,,,,,,,,,,,,,,,,,,
2019,240,E942131,12,07/20/2019,15:41,20,7,,7,Chelan,0,1,0,1,1,2,1,0,1,1,,,,32,0,0,3.3,1,0,1,5,1,2,4,0,0,0,0,CR-STINE HILL RD,,-120.53575,47.52848333,0,1,1,6,1,45,4,0,0,1,2,1,3,2,2,1,14,1,1,53,0,48,38,2008,0,0,63,32,35,1,,,1,1,29,1,1,,4,7,99,7,11,0,07/20/2019,15:41,53032507,32507,0,0,0,3,1,0,0,0,0,96,,,,,,99,,,,,,98815,53,67,210,6,1,0,0,1,1,,0,,,,,,3,11/15/2015,03/15/2019,1,9,0,0,0,9,8,,,0,0,0,8,9,8,95,,,96,,,8,95,995,,,,,,,,,,,,,,,,,,,,,,,,,,,,,,0,0,1,0,0,0,0,0,0,0,0,0,1,0,0,0,0,0,0,0,0,0,0,0,0,0,0,0,0,1,0,0,0,0,0,,1,0,0,0,0,0,0,0,0,1,0,0,0,0,0,0,,,,,,26-30,26-35,County road,R,Saturday,Unknown,PV,Hispanic,0,1,0,0,County Road,County Sheriff,Chelan County Sheriff's Office,1,0,1,0,0,,,,,,0,0,0,,,,,,,,,,,98,98,98,1,,,,,20,7,,,,,,,,,,,,,,,
2020,235,EA18657,7,02/21/2020,8:57,21,2,,33,King,0,1,,1,4,2,1,0,4,2,8:55,9:10,9:27,12,0,6,59.3,1,0,1,3,1,1,2,0,0,0,0,US-2,,-121.1441861,47.71357778,0,2,66,62,4,50,34,0,0,1,2,12,1,2,3,1,1,2,1,53,0,49,472,2016,0,,12,,,,,,1,1,49,1,7,,4,0,3,0,11,5,02/21/2020,10:31,81053008128,8128,0,0,0,3,1,0,,,,96,,,,,,0,,,,,,98815,53,75,230,6,1,0,1,0,1,,0,,,,,,0,01/15/2015,03/15/2018,8,0,0,0,0,9,8,,,0,,,8,8,2,1,,,1,,,2,1,0,,,,,,,,,,,,,,,,,,,,,,,,,,,,,,0,0,0,0,0,0,0,0,0,0,0,0,0,0,0,0,0,0,0,0,0,0,0,0,0,1,1,1,0,1,0,0,0,0,0,,1,0,0,0,0,0,0,0,0,0,0,0,0,0,0,0,,,,,,46-50,46-55,US highway,R,Friday,Belt Used,PV,White,0,1,1,0,State Route,State Patrol,Washington State Patrol,0,1,0,0,0,,,,,,0,0,0,,,,,,,,,,,98,98,98,1,,,,,20,7,,,,,,,,0,0,,,,,,
2020,569,EA72522,6,10/02/2020,16:03,2,10,,17,Douglas,0,1,,1,1,2,1,0,6,2,,,,12,0,1,198.3,8,0,1,3,1,1,2,0,0,0,0,US-97,,-120.2281083,47.62576111,0,1,20,50,3,45,80,0,0,1,5,12,1,1,2,1,1,2,1,53,0,37,704,1985,0,,12,,,,,,1,1,72,1,0,,3,0,20,7,11,8,,,,,0,0,3,3,1,26,,,,96,,,,,,98,,,,,,98815,53,64,145,6,1,0,0,0,0,,0,,,,,,0,,,20,8,0,0,8,9,8,,,0,,,8,8,0,0,,,0,,,0,0,996,,,,,,,,,,,,,,,,,,,,,,,,,,,,,,0,0,0,0,0,0,0,0,0,0,0,0,0,0,0,0,0,0,0,0,0,0,0,0,0,1,1,0,1,1,0,0,0,0,0,1,0,0,0,0,0,0,0,0,0,0,0,0,0,0,0,0,,,,,,71-75,66-75,US highway,R,Friday,,MC,Not Fatal,0,0,0,0,State Route,State Patrol,Washington State Patrol,0,1,0,0,0,,,,,,0,0,0,,,,,,,,,,,0,0,0,0,,,,,16,0,,,,,,,,0,0,,,,,,
2017,79,E654055,6,03/09/2017,5:35,9,3,0,7,Chelan,0,1,0,2,1,2,1,0,2,2,5:37,5:47,6:22,11,0,0,225.5,1,0,1,3,1,1,2,0,0,0,0,US-97,,-120.6523694,47.48453611,0,1,13,87,6,60,6,0,0,1,2,11,1,2,2,1,1,1,1,53,0,48,34,2000,0,0,11,68,12,,,,1,1,60,1,7,58,4,7,3,0,11,0,03/09/2017,5:47,53011975,11975,0,0,0,3,1,0,0,0,0,96,,,,,,0,,,,,,98816,53,69,200,6,1,0,0,0,0,0,0,,,,,,0,,,1,0,0,0,0,9,8,,,0,0,0,8,0,2,1,0,0,1,0,0,2,1,0,,,,,,,,,,,,,,,,,,,,,,,,,,,,,,0,1,0,0,0,0,0,0,0,0,0,0,0,0,0,0,0,0,0,0,0,0,0,1,1,0,0,0,0,1,0,0,0,0,0,,1,0,0,0,0,0,0,0,0,0,0,0,0,0,0,0,,,,,,56-60,56-65,US highway,R,Thursday,Belt Used,PV,API,0,0,0,0,State Route,State Patrol,Washington State Patrol Headquarter,0,1,0,0,0,,,,,,,,,,,,,,,,,,,,,,,,,,,,,,,,,,,,,,,,,,,
2020,136,EA33940,12,04/18/2020,20:27,18,4,,7,Chelan,320,1,,2,1,1,1,0,2,2,20:29,20:37,21:10,12,0,2,5.6,1,0,1,4,2,1,3,0,0,0,0,SR-150,,-120.0521361,47.85501667,0,1,51,62,4,40,14,0,0,1,2,12,3,1,2,1,14,1,2,53,0,2,405,2005,0,,12,,,,,,1,1,34,1,0,,2,0,3,0,11,8,,,,,0,0,0,3,1,0,,,,96,,,,,,0,,,,,,98816,53,67,170,6,1,0,0,1,2,,0,,,,,,0,11/15/2015,12/15/2017,8,0,0,0,8,9,8,,,0,,,8,8,8,95,,,96,,,8,95,995,,,,,,,,,,,,,,,,,,,,,,,,,,,,,,0,0,0,0,1,1,0,1,0,0,0,0,0,0,1,0,0,0,0,0,0,0,0,0,0,0,0,0,1,1,0,0,0,0,0,,0,0,0,0,0,0,0,0,0,0,0,0,0,0,0,0,,,,,,31-35,26-35,State route,U,Saturday,Belt Used,PV,Not Fatal,0,0,0,1,State Route,County Sheriff,Chelan County Sheriff's Office,0,1,0,0,0,,,,,,0,0,0,,,,,,,,,,,98,98,98,0,,,,,20,7,,,,,,,,1,0,,,,,,
2020,136,EA33940,12,04/18/2020,20:27,18,4,,7,Chelan,320,1,,2,1,1,1,0,2,2,20:29,20:37,21:10,12,0,2,5.6,1,0,1,4,2,1,3,0,0,0,0,SR-150,,-120.0521361,47.85501667,0,2,50,10,2,98,80,0,0,1,2,12,2,1,2,1,14,1,1,53,0,72,706,2013,0,,68,12,,,,,1,1,48,1,7,,4,7,20,7,11,0,04/18/2020,20:27,32053019022,19022,0,0,0,2,1,28,58,,,96,,,,,,98,,,,,,98816,53,72,205,6,1,0,0,0,1,,0,,,,,,0,06/15/2019,06/15/2019,20,8,0,0,0,9,8,,,0,,,8,8,2,1,,,1,,,2,1,0.184,,,,,,,,,,,,,,,,,,,,,,,,,,,,,,0,0,0,0,1,1,0,1,0,0,0,0,0,0,1,0,0,0,0,0,0,0,0,0,0,0,0,0,1,1,0,0,0,0,1,0,0,0,0,0,0,1,0,1,0,0,0,0,0,1,0,1,,,,,,46-50,46-55,State route,U,Saturday,,MC,White,0,0,0,1,State Route,County Sheriff,Chelan County Sheriff's Office,0,1,0,0,0,,,,,,0,0,0,,,,,,,,,,,0,0,0,1,,,,,5,0,,,,,,,,1,0,,,,,,
2020,254,3842285,12,07/16/2020,5:28,16,7,,7,Chelan,0,1,,9,1,5,1,0,1,1,,,,1,0,0,9999.8,1,0,1,7,1,98,8,0,0,0,0,BISPING CANYON RD,,-120.3380389,47.76382778,0,1,1,13,2,98,14,0,0,1,2,1,2,2,8,8,14,1,1,53,0,20,401,1992,0,,63,1,,,,,1,1,77,1,7,,4,7,20,7,11,0,07/16/2020,5:28,53033021,33021,0,0,0,3,1,0,,,,92,,,,,,98,,,,,,98822,53,69,175,6,1,0,0,0,0,,0,,,,,,0,,,20,0,0,0,0,9,8,,,0,,,8,8,0,0,,,0,,,0,0,996,,,,,,,,,,,,,,,,,,,,,,,,,,,,,,0,0,1,0,0,0,0,0,0,0,0,0,0,0,0,0,1,0,0,1,0,0,0,0,0,1,1,1,0,1,0,0,0,1,0,,1,0,0,0,0,0,0,0,1,0,0,0,0,0,0,0,,,,,,76-80,76+,Other,R,Thursday,Not Used,PV,White,0,1,0,0,Other,County Sheriff,Chelan County Sheriff's Office,1,0,0,0,1,,,,,,0,0,0,,,,,,,,,,,0,0,0,1,,,,,20,7,,,,,,,,1,0,,,,,,
2019,190,E932603,6,05/26/2019,1:53,26,5,,7,Chelan,0,10,0,2,1,2,1,0,7,3,,,,12,0,6,4.5,1,0,1,4,1,1,2,0,0,0,0,US-97A,,-120.2990722,47.53414444,0,2,66,62,4,60,34,0,0,1,7,12,3,1,2,1,14,2,1,53,0,20,481,2000,0,0,12,,,,,,1,1,23,1,0,,0,0,3,0,11,0,,,,,0,0,0,3,1,0,0,0,0,96,,,,,,0,,,,,,98822,53,65,190,6,1,0,0,0,0,,0,,,,,,0,,,1,0,0,0,8,9,8,,,0,0,0,0,0,8,95,,,96,,,8,95,995,,,,,,,,,,,,,,,,,,,,,,,,,,,,,,0,0,0,0,1,0,0,0,0,0,0,0,0,0,0,0,0,0,0,0,0,1,1,1,1,0,0,0,0,1,0,0,0,0,0,,0,0,0,0,0,0,0,0,0,0,0,0,0,0,0,0,,,,,,21-25,16-25,US highway,R,Sunday,Belt Used,PV,Not Fatal,0,1,1,0,State Route,State Patrol,Washington State Patrol,0,1,0,0,0,,,,,,0,0,0,,,,,,,,,,,98,98,98,0,,,,,20,7,,,,,,,,,,,,,,,
2019,190,E932603,6,05/26/2019,1:53,26,5,,7,Chelan,0,10,0,2,1,2,1,0,7,3,,,,12,0,6,4.5,1,0,1,4,1,1,2,0,0,0,0,US-97A,,-120.2990722,47.53414444,0,3,98,62,4,60,14,0,0,1,7,12,3,1,2,1,14,4,1,53,0,49,401,2004,0,0,12,,,,,,1,1,26,1,0,,1,0,3,0,11,0,,,,,0,0,0,3,1,0,0,0,0,96,,,,,,0,,,,,,98822,53,73,205,6,1,0,2,0,1,,0,,,,,,0,03/15/2015,06/15/2018,8,0,0,0,8,9,8,,,0,0,0,8,0,8,95,,,96,,,8,95,995,,,,,,,,,,,,,,,,,,,,,,,,,,,,,,0,0,0,0,1,0,0,0,0,0,0,0,0,0,0,0,0,0,0,0,0,1,1,1,1,0,0,0,0,1,0,0,0,0,0,,0,0,0,0,0,0,0,0,0,0,0,0,0,0,0,0,,,,,,26-30,26-35,US highway,R,Sunday,Belt Used,PV,Not Fatal,0,1,1,0,State Route,State Patrol,Washington State Patrol,0,1,0,0,0,,,,,,0,0,0,,,,,,,,,,,98,98,98,0,,,,,20,7,,,,,,,,,,,,,,,
2017,460,E731150,32,10/14/2017,14:00,14,10,0,47,Okanogan,0,10,0,1,11,4,1,0,2,1,14:31,15:24,16:41,1,0,0,0.5,1,0,1,96,6,96,8,0,0,0,0,US FS RD 33,,-119.0244861,48.81276111,0,1,2,13,2,98,90,0,0,1,5,1,3,8,8,8,14,2,2,53,0,98,739,9999,0,0,63,1,,,,,1,1,16,2,1,1,4,0,19,0,11,1,10/14/2017,16:42,53045056,45056,0,0,0,1,1,0,0,0,0,96,,,,,,99,,,,,,98823,53,67,140,6,7,0,0,0,0,0,0,,,,,,4,,,20,1,9,0,0,9,8,,,0,0,0,8,9,2,1,0,0,1,0,0,2,1,0,,,,,,,,,,,,,,,,,,,,,,,,,,,,,,0,0,0,0,0,0,0,0,0,0,0,0,1,0,0,0,0,0,0,0,1,0,1,0,1,0,0,0,0,0,0,0,0,0,0,,0,0,0,0,0,0,0,0,0,1,0,0,0,0,0,0,,,,,,16-17,16-25,Other,,Saturday,,OTHVT,Hispanic,0,1,0,0,Other,County Sheriff,Okanogan County Sheriff's Office,1,0,0,0,1,,,,,,,,,,,,,,,,,,,,,,,,,,,,,,,,,,,,,,,,,,,
2017,424,E732654,21,10/20/2017,15:12,20,10,0,25,Grant,0,1,0,1,1,2,1,0,2,2,15:12,15:33,15:53,12,0,6,2,2,0,2,6,1,2,4,0,0,0,0,CR-RD 9 NW,CR-RD K NW,-119.7251556,47.22006111,0,2,89,66,4,55,4,0,0,1,2,12,1,1,2,1,1,1,1,53,0,37,32,2009,0,0,12,,,,,,1,1,61,1,7,1,4,7,3,0,11,0,10/20/2017,15:12,1.78053E+11,45475,0,0,0,3,1,0,0,0,0,0,,,,,,0,,,,,,98823,53,68,200,6,1,0,0,0,0,0,0,,,,,,0,,,8,0,0,0,0,9,8,,,0,0,0,8,0,2,1,0,0,1,0,0,2,1,0,,,,,,,,,,,,,,,,,,,,,,,,,,,,,,0,0,0,1,1,0,0,0,0,0,0,0,0,0,0,0,1,0,0,0,0,0,0,0,0,0,0,0,0,1,0,0,0,0,0,,1,0,0,0,0,0,0,0,0,0,0,0,0,0,0,0,,,,,,61-65,56-65,County road,R,Friday,Belt Used,PV,White,1,0,0,0,County Road,County Sheriff,Grant County Sheriff's Office,0,0,1,0,0,,,,,,,,,,,,,,,,,,,,,,,,,,,,,,,,,,,,,,,,,,,
2018,102,E796927,6,04/14/2018,16:40,14,4,0,25,Grant,0,1,0,1,1,2,1,0,1,1,16:38,16:52,,24,0,0,27.7,1,0,1,3,1,1,3,0,0,0,0,SR-28,,-119.9824583,47.24206944,0,1,6,12,2,98,80,0,0,1,7,24,2,2,2,3,14,1,1,53,0,72,706,2012,0,0,68,64,24,,,,1,1,65,1,7,1,4,7,5,0,11,0,04/14/2018,16:41,53018020,18020,0,0,3,3,1,0,0,0,0,96,,,,,,99,,,,,,98823,53,73,230,6,1,0,0,0,0,,0,,,,,,0,,,20,8,0,0,0,9,8,,,0,0,0,8,9,2,1,,,1,,,2,1,0,,,,,,,,,,,,,,,,,,,,,,,,,,,,,,0,0,1,0,0,0,0,0,0,0,0,0,0,0,0,0,0,0,0,0,0,0,0,0,0,1,0,0,1,0,0,0,0,0,1,0,0,0,0,0,0,0,0,0,0,0,0,0,0,0,0,0,,,,,,61-65,56-65,State route,R,Saturday,,MC,White,0,0,0,1,State Route,State Patrol,Washington State Patrol Headquarter,0,1,0,0,0,,,,,,0,0,0,,,,,,,,,,,,,,,,,,,,,,,,,,,,,,,,,,,
2018,298,E833892,21,08/10/2018,0:25,10,8,0,25,Grant,0,1,0,2,1,7,1,1,2,2,0:44,1:07,,8,0,0,4.4,1,0,1,6,1,2,4,0,0,0,0,CR-ROAD 9 NW,,-119.6847222,47.22023056,0,2,98,80,5,55,4,0,0,1,5,8,1,1,2,1,1,1,1,53,0,12,37,2000,0,0,8,,,,,,1,1,30,2,0,0,0,0,3,0,11,0,,,,,0,0,3,3,1,0,0,0,0,15,,,,,,0,,,,,,98823,53,62,180,6,8,0,1,1,0,,0,,,,,,0,06/15/2014,06/15/2018,20,0,0,0,8,9,8,,,0,0,0,8,0,8,95,,,96,,,8,95,995,,,,,,,,,,,,,,,,,,,,,,,,,,,,,,0,0,0,0,0,0,0,0,0,1,1,1,0,0,0,0,1,0,0,0,0,0,0,0,0,0,0,0,0,1,0,1,0,0,0,,0,0,0,0,0,0,0,0,1,0,0,0,0,0,0,0,,,,,,26-30,26-35,County road,R,Friday,Belt Used,PV,Not Fatal,0,0,0,0,County Road,County Sheriff,Grant County Sheriff's Office,0,0,1,0,0,,,,,,0,0,2,,,,,,,,,,,,,,,,,,,,,,,,,,,,,,,,,,,
2018,445,E868435,6,11/26/2018,12:20,26,11,0,25,Grant,1390,1,0,1,1,2,1,0,4,2,,,,12,0,6,43.9,2,0,2,3,2,1,3,0,0,3,3,SR-17,YANEZAWA BLVD,-119.2520139,47.10616667,0,1,68,15,2,50,4,0,0,1,7,12,1,1,5,1,11,2,1,53,0,63,34,2006,0,0,12,,,,,,1,1,90,1,0,0,0,0,3,0,11,0,,,,,0,0,3,3,1,39,48,0,0,96,,,,,,0,,,,,,98823,53,69,230,6,1,0,0,0,0,,97,,,,,,0,,,20,0,0,1,8,9,8,,,0,0,0,8,0,8,95,,,96,,,8,95,995,,,,,,,,,,,,,,,,,,,,,,,,,,,,,,0,0,0,1,0,0,0,0,0,0,0,0,0,0,0,0,0,0,0,0,0,0,0,0,0,1,1,1,0,1,0,0,0,0,0,,0,0,0,0,0,0,0,0,0,0,0,0,0,0,0,0,,,,,,81+,76+,State route,U,Monday,Belt Used,PV,Not Fatal,1,0,0,0,State Route,State Patrol,Washington State Patrol,0,1,0,0,0,,,,,,0,0,0,,,,,,,,,,,,,,,,,,,,,,,,,,,,,,,,,,,
2019,109,E912871,6,03/22/2019,15:54,22,3,,25,Grant,0,1,0,1,1,2,1,0,4,4,,,,12,0,2,53,1,0,1,3,1,1,3,0,0,0,0,SR-17,,-119.3635556,47.19926389,0,1,50,10,2,60,4,0,0,1,7,12,1,1,2,1,1,1,1,53,0,63,34,2013,0,0,68,12,12,12,,,1,1,50,1,7,,4,7,3,0,11,0,03/22/2019,15:54,53013972,13972,0,0,3,3,1,28,0,0,0,96,,,,,,99,,,,,,98823,53,71,250,6,1,0,0,0,0,,0,,,,,,0,,,8,0,0,0,0,9,8,,,0,0,0,8,9,8,95,,,96,,,8,95,995,,,,,,,,,,,,,,,,,,,,,,,,,,,,,,0,0,0,0,0,0,0,0,0,0,0,0,0,0,0,0,0,0,0,0,0,0,0,0,0,0,0,0,0,1,0,0,0,0,0,,1,0,0,0,0,0,0,0,0,0,0,0,0,0,0,0,,,,,,46-50,46-55,State route,R,Friday,Belt Used,PV,White,0,1,1,0,State Route,State Patrol,Washington State Patrol,0,1,0,0,0,,,,,,0,0,0,,,,,,,,,,,98,98,98,1,,,,,20,7,,,,,,,,,,,,,,,
2019,109,E912871,6,03/22/2019,15:54,22,3,,25,Grant,0,1,0,1,1,2,1,0,4,4,,,,12,0,2,53,1,0,1,3,1,1,3,0,0,0,0,SR-17,,-119.3635556,47.19926389,0,2,51,62,4,60,34,0,0,1,7,12,1,1,2,1,1,1,1,53,0,20,481,2013,0,0,12,,,,,,1,1,31,1,0,,0,0,3,0,11,0,,,,,0,0,0,3,1,0,0,0,0,96,,,,,,0,,,,,,98823,53,75,225,6,1,0,0,0,0,,0,,,,,,0,,,20,0,0,0,8,9,8,,,0,0,0,8,0,8,95,,,96,,,8,95,995,,,,,,,,,,,,,,,,,,,,,,,,,,,,,,0,0,0,0,0,0,0,0,0,0,0,0,0,0,0,0,0,0,0,0,0,0,0,0,0,0,0,0,0,1,0,0,0,0,0,,0,0,0,0,0,0,0,0,0,0,0,0,0,0,0,0,,,,,,31-35,26-35,State route,R,Friday,Belt Used,PV,Not Fatal,0,1,1,0,State Route,State Patrol,Washington State Patrol,0,1,0,0,0,,,,,,0,0,0,,,,,,,,,,,98,98,98,0,,,,,20,7,,,,,,,,,,,,,,,
2019,109,E912871,6,03/22/2019,15:54,22,3,,25,Grant,0,1,0,1,1,2,1,0,4,4,,,,12,0,2,53,1,0,1,3,1,1,3,0,0,0,0,SR-17,,-119.3635556,47.19926389,0,3,98,62,4,60,6,0,0,1,7,12,1,1,2,1,1,1,1,53,0,6,52,2004,0,0,12,1,,,,,1,1,38,1,0,,3,0,3,0,11,1,,,,,0,0,0,3,1,0,0,0,0,96,,,,,,0,,,,,,98823,53,68,170,6,1,0,0,0,0,,0,,,,,,0,,,8,0,0,0,8,9,8,,,0,0,0,8,0,8,95,,,96,,,8,95,995,,,,,,,,,,,,,,,,,,,,,,,,,,,,,,0,0,0,0,0,0,0,0,0,0,0,0,0,0,0,0,0,0,0,0,0,0,0,0,0,0,0,0,0,1,0,0,0,0,0,,0,0,0,0,0,0,0,0,0,0,0,0,0,0,0,0,,,,,,36-40,36-45,State route,R,Friday,Belt Used,PV,Not Fatal,0,1,1,0,State Route,State Patrol,Washington State Patrol,0,1,0,0,0,,,,,,0,0,0,,,,,,,,,,,98,98,98,0,,,,,20,7,,,,,,,,,,,,,,,