year,case,par,repjur,crash_dt,crash_tm,accday,accmon,holiday,county,co_char,city,weather,weather2,lightcond,surfcond,surftype,numfatal,nmforms,pforms,vforms,not_tm,arr_tm,hosp_tm,fhevent,hitrun,manncol,milepnt,reljunc,reljuncinter,intersectiontype,funcsystem,landuse,ownership,route,schlbus,spejur,contdev,devfunc,trafid1,trafid2,x,y,wk_zone,vnumber,crashtype,criticalevent,criticaleventcat,spdlim,body,trailer,emerg,hazcargo,leave,mhevent,roadalgn,roadprof,traflane,trafflow,vehmanvr,numoccs,regowner,regstate,spuse,make,model,modelyr,vrf1,vrf2,seqevent1,seqevent2,seqevent3,seqevent4,seqevent5,seqevent6,pnumber,ptype,age,sex,hispanic,race,injury,diedscene,restraint,restraintmisuse,seatpos,takehosp,death_dt,death_tm,cert,cernum_wa,commlic,licendor,licrestrict,liccomp,drivpres,drf1,drf2,drf3,drf4,distract1,distract2,distract3,distract4,distract5,distract6,dricond1,dricond2,dricond3,dricond4,dricond5,dricond6,dzip,licstate,drhgt_in,weight,noncdl,noncdltype,prevdwi,prevoth,prevacc,prevspd,prevsus,driviol1,driviol2,driviol3,driviol4,driviol5,driviol6,spdrel,first_dt,last_dt,airbag,ejection,ejectpath,extricat,injurwrk,methalc,methdrug,nmlocat,strikveh,prf1,prf2,prf3,druginv,alcinvol,drugsts,drugres1,drugres2,drugres3,drugtst1,drugtst2,drugtst3,alcsts,alctst,alcres,nmact1,nmact2,nmact3,nmact4,nmact5,nmact6,nmprior1,nmprior2,nmprior3,nmprior4,nmprior5,nmprior6,nmcond1,nmcond2,nmcond3,nmcond4,nmcond5,nmcond6,nmsafe_helmet,nmsafe_pads,nmsafe_oth,nmprev_ref,nmprev_lgt,nmprev_oth,crashlocation,nmcrashtype,crosswalk,schoolzone,sidewalk,train_inv,wildlife_inv,rotr_fars,intersect_fars,dd_inv,aid_inv,dpd_inv,id_inv,mj_inv,impnm_inv,ainm_inv,dpnm_inv,speed_inv,unlic_inv,unendmc_inv,drowsy_inv,drdist_inv,nmdist_inv,fty_inv,unrestfat_inv,dr1617_inv,dr1820_inv,dr1620_inv,dr2125_inv,dr1625_inv,dr65_inv,dr70_inv,dr75_inv,mc_inv,pv_inv,ht_inv,ped_inv,bike_inv,unrest_fat,mc_fat,unhelmet_mc,pv_fat,ht_fat,ped_fat,bike_fat,dr_alc7,dr_alc8,dr_drug,dr_imp,dr_dist,dr_spd,dr_fty,dr_unlic,dr_alc7only,dr_alc8only,dr_drugonly,dr_drink,nm_imp,nm_alc7,nm_alc8,nm_drug,nm_dist,agegrp1,agegrp2,roadclass,urbrur,dayweek,restuse,vehtype,race_me,intersect,lanedep,oppdir,wrongway,rep_typ,investag,repag_long,rotr,st_rd,cty_rd,city_rd,oth_rd,drug_thc,thc_res,drug_cthc,cthc_res,drug_cann,prevpersemin,prevperse,prevsusoth,drugtst4,drugtst5,drugtst6,drugtst7,drugtst8,drugres4,drugres5,drugres6,drugres7,drugres8,adspresent,adsengaged,adslevel,race1,race2,race3,race4,race5,helmet,helmetmisuse,nmdistract1,nmdistract2,nmdistract3,nmdistract4,nmdistract5,nmdistract6,lab,isedtcase,crf1,crf2,crf3,CoRoadName,CoMP,IntCoRoadName,IntCoMP
2019,140,E919740,6,04/30/2019,21:16,30,4,,25,Grant,0,1,0,2,1,2,1,0,8,2,,,,12,0,6,12,2,0,2,4,1,1,3,0,0,0,0,SR-283,ROAD 9 NW,-119.6438056,47.22064167,0,2,86,66,4,60,15,0,0,1,2,12,1,1,2,1,1,6,1,53,0,49,422,2006,0,0,12,,,,,,1,1,54,8,0,,1,0,3,0,11,5,,,,,0,0,3,3,1,0,0,0,0,96,,,,,,0,,,,,,98823,53,65,180,6,1,0,0,0,0,,0,,,,,,0,,,1,0,0,0,8,9,8,,,0,0,0,8,0,8,95,,,96,,,8,95,995,,,,,,,,,,,,,,,,,,,,,,,,,,,,,,0,0,0,1,1,0,0,0,0,0,0,0,0,1,0,0,0,0,1,1,0,0,0,0,0,0,0,0,0,1,0,0,0,0,0,,0,0,0,0,0,0,0,0,0,0,0,0,0,0,0,0,,,,,,51-55,46-55,State route,R,Tuesday,Belt Used,PV,Not Fatal,1,0,0,0,State Route,State Patrol,Washington State Patrol,0,1,0,0,0,,,,,,0,0,0,,,,,,,,,,,98,98,98,0,,,,,20,7,,,,,,,,,,,,,,,
2019,194,E933789,6,06/09/2019,3:55,9,6,,25,Grant,0,1,0,2,1,2,1,0,8,4,,,,35,0,0,55.4,1,0,1,3,1,1,3,0,0,0,0,SR-17,,-119.4005278,47.22272222,0,2,98,90,6,60,20,0,0,1,5,54,1,1,2,1,1,1,1,53,0,37,441,2002,0,0,54,,,,,,1,1,45,1,0,,0,0,3,0,11,0,,,,,0,0,0,3,1,0,0,0,0,96,,,,,,0,,,,,,98823,53,65,190,6,1,0,1,1,4,,0,,,,,,0,11/15/2014,12/15/2017,20,0,0,0,8,9,8,,,0,0,0,8,0,8,95,,,96,,,8,95,995,,,,,,,,,,,,,,,,,,,,,,,,,,,,,,0,0,1,0,0,0,0,0,0,0,0,0,0,1,0,1,0,0,0,1,0,0,0,1,1,0,0,0,0,1,0,0,0,0,0,,0,0,0,0,0,0,0,0,0,0,0,0,0,0,0,0,,,,,,41-45,36-45,State route,R,Sunday,Belt Used,PV,Not Fatal,0,1,0,0,State Route,State Patrol,Washington State Patrol,1,1,0,0,0,,,,,,0,0,0,,,,,,,,,,,98,98,98,0,,,,,20,7,,,,,,,,,,,,,,,
2019,375,E974237,5,10/11/2019,19:28,11,10,,41,Lewis,0,1,0,2,1,2,1,0,1,1,,,,1,0,0,140.9,1,0,1,3,1,1,2,0,0,0,0,US-12,,-121.546075,46.68303611,0,1,1,3,1,50,66,2,0,1,7,1,1,2,3,1,2,1,3,53,0,82,881,2000,0,0,63,1,42,,,,1,1,60,1,7,,4,7,3,0,11,0,10/11/2019,19:28,53045869,45869,6,1,3,3,1,0,0,0,0,96,,,,,,99,,,,,,98823,53,69,197,6,1,0,0,0,0,,0,,,,,,0,,,20,0,0,0,1,9,8,,,0,0,0,8,9,2,1,,,1,,,2,1,0,,,,,,,,,,,,,,,,,,,,,,,,,,,,,,0,0,1,0,0,0,0,0,0,0,0,0,0,0,0,0,0,0,0,0,0,0,0,0,0,0,0,0,0,0,1,0,0,0,0,,0,1,0,0,0,0,0,0,0,0,0,0,0,0,0,0,,,,,,56-60,56-65,US highway,R,Friday,,MHTRUCK,White,0,1,0,0,State Route,State Patrol,Washington State Patrol,1,1,0,0,0,,,,,,0,0,0,,,,,,,,,,,98,98,98,1,,,,,20,7,,,,,,,,,,,,,,,
2019,492,EA06086,21,12/13/2019,9:03,13,12,,25,Grant,0,5,0,1,4,2,1,0,8,2,,,,12,0,1,16.7,1,0,1,5,1,2,4,1,0,0,0,CR-ROAD 5 NW,,-119.9115306,47.16016667,0,2,21,53,3,60,50,0,0,1,2,12,1,1,2,1,5,27,3,53,2,84,981,2008,0,0,12,,,,,,1,1,56,2,0,,2,0,3,0,11,6,,,,,6,1,0,3,1,0,0,0,0,0,,,,,,0,,,,,,98823,53,61,165,6,1,0,0,0,0,,0,,,,,,0,,,20,0,0,0,8,9,8,,,0,0,0,8,8,8,95,,,96,,,8,95,995,,,,,,,,,,,,,,,,,,,,,,,,,,,,,,0,0,0,0,0,0,0,0,0,0,0,0,1,0,0,0,0,0,0,0,0,0,0,0,0,1,1,0,0,0,0,0,0,0,0,,0,0,0,0,0,0,0,0,0,0,0,0,0,0,0,0,,,,,,56-60,56-65,County road,R,Friday,,BUS,Not Fatal,0,0,0,0,County Road,County Sheriff,Grant County Sheriff's Office,0,0,1,0,0,,,,,,0,0,0,,,,,,,,,,,98,98,98,0,,,,,20,7,,,,,,,,,,,,,,,
2020,297,EA56523,6,08/04/2020,12:37,4,8,,25,Grant,0,1,,1,1,2,1,0,2,2,12:45,13:20,,12,0,2,50.7,1,0,1,3,2,1,3,0,0,0,0,SR-17,,-119.3302806,47.17406667,0,1,50,10,2,60,14,0,0,1,2,12,1,1,2,1,1,1,2,53,0,21,401,1997,0,,68,12,,,,,1,1,72,2,7,,4,0,20,7,11,5,08/18/2020,17:01,2.11053E+11,38459,0,0,3,3,1,28,,,,92,,,,,,0,,,,,,98823,53,61,184,6,1,0,0,0,0,,0,,,,,,0,,,8,0,0,0,0,9,8,,,0,,,8,8,8,95,,,96,,,8,95,995,,,,,,,,,,,,,,,,,,,,,,,,,,,,,,0,0,0,0,0,0,0,0,0,0,0,0,0,0,0,0,1,0,0,1,0,0,0,0,0,1,1,0,0,1,0,0,0,1,0,,1,0,0,0,0,0,0,0,1,0,0,0,0,0,0,0,,,,,,71-75,66-75,State route,U,Tuesday,Not Used,PV,White,0,1,1,0,State Route,State Patrol,Washington State Patrol,0,1,0,0,0,,,,,,0,0,0,,,,,,,,,,,0,0,0,1,,,,,20,7,,,,,,,,1,0,,,,,,
2020,353,EA63308,6,09/09/2020,18:59,9,9,,25,Grant,0,5,,1,1,2,1,0,2,2,18:42,18:53,19:25,12,0,6,40.3,2,0,2,4,1,1,3,0,0,0,0,SR-28,K RD NW,-119.7250972,47.24893333,0,2,86,66,4,60,34,0,0,1,2,12,2,1,2,1,14,1,1,53,0,12,481,1998,0,,12,,,,,,1,1,45,1,0,,0,0,20,7,11,0,,,,,0,0,0,3,1,0,,,,96,,,,,,98,,,,,,98823,53,71,275,6,1,0,1,2,0,,0,,,,,,0,08/15/2016,07/15/2019,1,0,0,0,8,9,8,,,0,,,8,8,8,95,,,96,,,8,95,995,,,,,,,,,,,,,,,,,,,,,,,,,,,,,,0,0,0,1,0,0,0,0,0,0,0,0,0,0,0,0,0,0,1,0,0,0,0,0,0,0,0,0,0,1,0,0,0,0,0,,0,0,0,0,0,0,0,0,0,0,0,0,0,0,0,0,,,,,,41-45,36-45,State route,R,Wednesday,Not Used,PV,Not Fatal,1,0,0,0,State Route,State Patrol,Washington State Patrol,0,1,0,0,0,,,,,,0,0,0,,,,,,,,,,,0,0,0,0,,,,,20,7,,,,,,,,1,0,,,,,,
2021,28,EB02003,7,01/13/2021,21:34,13,1,,33,King,0,1,,2,1,1,1,0,3,3,,,,12,0,8,37.7,1,0,1,1,1,1,1,0,0,0,0,I-90,,-121.6391722,47.43245833,0,3,98,54,3,60,66,1,0,1,2,12,1,1,3,3,1,1,3,53,0,85,881,2019,0,,12,,,,,,1,1,59,1,0,,1,0,3,0,11,5,,,,,6,1,0,3,1,0,,,,96,,,,,,98,,,,,,98823,53,72,250,6,1,0,0,2,0,,0,,,,,,0,12/15/2018,12/15/2020,20,0,0,0,8,9,8,,,0,,,8,8,2,1,,,1,,,2,1,0,,,,,,,,,,,,,,,,,,,,,,,,,,,,,,0,0,0,0,1,1,0,1,0,0,0,0,0,1,0,0,0,0,0,1,0,0,0,0,0,0,0,0,0,1,1,0,0,0,0,,0,0,0,0,0,0,0,0,0,0,0,0,0,0,0,0,,,,,,56-60,56-65,Interstate,R,Wednesday,,MHTRUCK,Not Fatal,0,0,0,1,State Route,State Patrol,Washington State Patrol,0,1,0,0,0,,,,,,0,0,0,,,,,,,,,,,98,98,98,0,,,,,20,,,,,,,,,1,0,,,,,,
2021,89,EB19893,6,03/26/2021,4:42,26,3,,25,Grant,0,1,,2,1,2,1,0,3,3,,,,12,0,1,35.7,3,0,3,2,1,1,3,0,0,0,0,SR-17,RD5 SE,-119.1427222,47.01354167,0,3,98,62,4,60,67,0,0,1,2,12,1,1,2,1,1,1,3,53,0,12,880,2017,0,,12,,,,,,1,1,26,1,0,,3,0,3,0,11,5,,,,,6,0,0,3,1,0,,,,96,,,,,,98,,,,,,98823,53,73,280,6,1,0,2,0,1,,0,,,,,,0,11/15/2016,11/15/2017,8,0,0,0,8,9,8,,,0,,,8,8,0,0,,,0,,,0,0,996,,,,,,,,,,,,,,,,,,,,,,,,,,,,,,0,0,0,1,0,0,1,1,0,0,0,0,0,0,0,0,0,0,0,0,0,0,0,0,0,0,0,0,0,1,1,0,0,0,0,,0,0,0,0,0,0,0,0,0,0,0,0,0,0,0,0,,,,,,26-30,26-35,State route,R,Friday,,MHTRUCK,Not Fatal,1,0,0,0,State Route,State Patrol,Washington State Patrol,0,1,0,0,0,,,,,,0,0,0,,,,,,,,,,,98,98,98,0,,,,,20,,,,,,,,,1,0,,,,,,
2021,169,EB38080,6,06/09/2021,10:09,9,6,,25,Grant,0,1,,1,1,2,1,0,1,1,,,,38,0,0,54.8,1,0,1,4,1,1,3,0,0,0,0,SR-28,,-119.5120694,47.35788333,0,1,6,12,2,60,1,0,0,1,2,1,1,1,4,5,1,1,1,53,0,6,43,1999,0,,68,64,38,17,67,1,1,1,55,1,7,,4,7,2,0,11,0,06/09/2021,10:09,53028351,28351,6,0,0,3,1,0,,,,96,,,,,,98,,,,,,98823,53,72,200,6,1,0,1,0,0,,0,,,,,,3,12/15/2020,12/15/2020,20,2,9,0,0,9,8,,,0,,,8,8,9,999,,,99,,,9,99,999,,,,,,,,,,,,,,,,,,,,,,,,,,,,,,0,0,1,0,0,0,0,0,0,0,0,0,1,0,0,0,0,0,0,0,0,0,0,0,0,0,0,0,0,1,0,0,0,0,0,,1,0,0,0,0,0,0,0,0,1,0,0,0,0,0,0,,,,,,51-55,46-55,State route,R,Wednesday,Belt Used,PV,White,0,1,0,0,State Route,State Patrol,Washington State Patrol,1,1,0,0,0,,,,,,0,0,0,,,,,,,,,,,0,0,0,1,,,,,20,,,,,,,,,1,0,,,,,,
2021,274,EB55166,297,08/03/2021,19:28,3,8,,33,King,2310,1,,1,1,2,1,0,2,2,,,,12,0,1,0,1,0,1,5,2,4,6,0,0,0,0,SOUTHCENTER PKWY,,-122.2705,47.42638611,0,1,24,51,3,35,80,0,0,1,2,12,1,1,5,5,1,1,1,53,0,76,706,2010,0,,12,63,42,,,,1,1,38,1,7,,4,0,20,7,11,4,08/04/2021,14:07,1.96053E+11,39370,0,0,0,3,1,0,,,,96,,,,,,98,,,,,,98823,53,72,170,6,1,0,1,2,0,,0,,,,,,0,12/15/2018,03/15/2019,20,8,0,0,0,9,8,,,0,,,8,8,2,1,,,1,,,2,1,0,,,,,,,,,,,,,,,,,,,,,,,,,,,,,,0,0,0,0,0,0,0,0,0,0,0,0,0,0,0,0,0,0,0,0,0,0,0,0,0,0,0,0,1,0,0,0,0,0,1,0,0,0,0,0,0,0,0,0,0,0,0,0,0,0,0,0,,,,,,36-40,36-45,City street,U,Tuesday,,MC,White,0,0,0,0,City Street,Municipal/City Police,Tukwila Police Department,0,0,0,1,0,,,,,,0,0,0,,,,,,,,,,,0,0,0,1,,,,,5,,,,,,,,,1,0,,,,,,
2021,438,EB83265,6,10/18/2021,18:17,18,10,,25,Grant,0,1,,5,1,2,1,0,3,3,,,,12,0,6,2.7,2,0,2,2,2,1,3,0,0,20,3,SR-282,AIRPORT RD SE,-119.5110694,47.28950833,0,1,86,17,2,45,14,0,0,1,2,12,1,1,2,1,4,1,1,53,0,53,404,2009,0,,12,,,,,,1,1,79,1,0,,3,0,3,0,11,5,,,,,0,0,0,3,1,38,,,,96,,,,,,98,,,,,,98823,53,71,175,6,1,0,0,0,0,,46,,,,,,0,,,8,0,0,0,8,9,8,,,0,,,8,8,2,1,,,1,,,2,1,0,,,,,,,,,,,,,,,,,,,,,,,,,,,,,,0,0,0,1,0,0,1,1,1,0,0,0,0,0,0,0,0,0,1,0,0,1,1,1,1,1,1,1,0,1,0,0,0,0,0,,0,0,0,0,0,0,0,0,0,0,1,0,0,0,0,0,,,,,,76-80,76+,State route,U,Monday,Belt Used,PV,Not Fatal,1,0,0,0,State Route,State Patrol,Washington State Patrol,0,1,0,0,0,,,,,,0,0,0,,,,,,,,,,,98,98,98,0,,,,,20,,,,,,,,,1,0,,,,,,
2021,567,EB95367,6,11/07/2021,11:20,7,11,,25,Grant,680,1,,1,1,2,1,1,1,1,,,,8,0,0,0,1,0,1,5,2,4,6,0,0,0,0,D ST NE,,-119.5442361,47.322975,0,1,13,11,2,25,14,0,0,1,5,8,1,1,2,2,1,1,1,53,0,20,404,2011,0,,63,8,,,,,1,1,84,2,0,,0,0,3,0,11,0,,,,,0,0,0,3,1,0,,,,96,,,,,,98,,,,,,98823,53,65,145,6,1,0,0,0,0,,0,,,,,,0,,,20,0,0,0,8,9,8,,,0,,,8,8,8,95,,,96,,,8,95,995,,,,,,,,,,,,,,,,,,,,,,,,,,,,,,0,0,0,0,0,0,0,0,0,0,0,0,0,0,0,0,0,0,0,0,0,0,0,0,0,1,1,1,0,1,0,1,0,0,0,,0,0,0,0,0,0,0,0,0,0,0,0,0,0,0,0,,,,,,81+,76+,City street,U,Sunday,Belt Used,PV,Not Fatal,0,0,0,0,City Street,State Patrol,Washington State Patrol,0,0,0,1,0,,,,,,0,0,0,,,,,,,,,,,98,98,98,0,,,,,20,,,,,,,,,1,0,,,,,,
2020,410,EA72959,6,10/13/2020,18:37,13,10,,25,Grant,0,8,,2,1,2,1,0,3,3,18:36,18:46,19:23,12,0,2,3.9,1,0,1,3,1,1,3,0,0,0,0,SR-281,,-119.8535056,47.13728333,0,3,98,62,4,60,20,0,0,1,2,12,1,1,2,1,1,1,1,53,0,35,443,2001,0,,12,,,,,,1,1,49,2,0,,3,0,3,0,11,8,,,,,0,0,0,3,1,0,,,,96,,,,,,98,,,,,,98824,53,64,158,6,1,0,1,0,0,,0,,,,,,0,01/15/2016,01/15/2016,1,0,0,0,8,9,8,,,0,,,8,8,8,95,,,96,,,8,95,995,,,,,,,,,,,,,,,,,,,,,,,,,,,,,,0,0,0,0,0,0,1,1,0,0,0,0,0,1,0,0,0,0,0,0,0,0,0,0,0,0,0,0,0,1,0,0,0,0,0,,0,0,0,0,0,0,0,0,0,0,0,0,0,0,0,0,,,,,,46-50,46-55,State route,R,Tuesday,Belt Used,PV,Not Fatal,0,1,1,0,State Route,State Patrol,Washington State Patrol,0,1,0,0,0,,,,,,0,0,0,,,,,,,,,,,98,98,98,0,,,,,20,7,,,,,,,,1,0,,,,,,
2017,506,E752354,7,12/07/2017,15:44,7,12,0,33,King,0,1,0,1,2,2,1,0,4,3,,,,12,0,2,51.1,1,0,1,3,1,1,2,0,0,0,0,US-2,,-121.3136111,47.71208611,0,1,50,10,2,60,82,0,0,1,2,12,1,2,2,1,1,1,1,53,0,72,706,2014,0,0,68,12,68,12,2,,1,1,60,2,7,1,4,7,19,0,11,0,12/07/2017,15:44,2.02053E+11,57684,0,0,0,2,1,28,0,0,0,96,,,,,,9,,,,,,98826,53,61,137,1,1,0,2,4,0,6,0,,,,,,0,05/15/2014,08/15/2017,20,8,0,0,0,9,1,,,0,0,0,1,9,2,167,300,321,1,1,1,2,1,0,,,,,,,,,,,,,,,,,,,,,,,,,,,,,,0,0,0,0,0,0,1,1,0,0,0,0,0,1,1,0,0,0,0,0,0,0,0,0,0,0,0,0,1,1,0,0,0,0,1,0,0,0,0,0,0,0,1,1,0,0,0,1,0,0,1,0,,,,,,56-60,56-65,US highway,R,Thursday,,MC,White,0,1,1,0,State Route,State Patrol,Washington State Patrol Headquarter,0,1,0,0,0,,,,,,,,,,,,,,,,,,,,,,,,,,,,,,,,,,,,,,,,,,,
2020,312,EA59884,6,08/26/2020,13:18,26,8,,7,Chelan,0,1,,1,1,2,1,0,5,2,13:19,13:29,14:06,12,0,1,106,1,0,1,2,1,1,2,0,0,0,0,US-2,,-120.5641778,47.54123056,0,1,24,51,3,60,34,0,0,1,2,12,1,1,2,3,1,4,2,53,0,7,472,2003,0,,12,,,,,,1,1,32,1,0,,0,0,20,7,11,0,,,,,0,0,0,3,1,26,,,,96,,,,,,98,,,,,,98826,53,71,210,6,1,0,2,1,2,,97,,,,,,0,09/15/2017,01/15/2018,1,0,0,0,8,3,8,,,0,,,8,8,2,1,,,1,,,2,1,0,,,,,,,,,,,,,,,,,,,,,,,,,,,,,,0,0,0,0,0,0,0,0,0,0,0,0,0,0,0,0,0,0,0,0,0,0,0,0,0,0,0,0,0,1,0,0,0,0,0,,0,0,0,0,0,0,0,0,0,0,0,0,0,0,0,0,,,,,,31-35,26-35,US highway,R,Wednesday,Not Used,PV,Not Fatal,0,0,0,0,State Route,State Patrol,Washington State Patrol,0,1,0,0,0,,,,,,0,0,0,,,,,,,,,,,98,98,98,0,,,,,20,7,,,,,,,,1,0,,,,,,
2020,460,EA84145,12,11/21/2020,6:41,21,11,,7,Chelan,0,10,,4,4,2,1,0,4,4,,,,12,0,8,0.6,2,0,3,5,2,2,4,0,0,0,0,CR-MALAGA ALCOA HWY,APPLEYARD DR,-120.2899833,47.38986389,0,2,65,62,4,40,6,0,0,1,5,12,3,1,2,1,14,1,2,53,0,48,34,1996,0,,63,12,,,,,1,1,55,1,0,,0,0,3,0,11,0,,,,,0,0,0,3,1,0,,,,96,,,,,,0,,,,,,98828,53,63,120,6,1,0,0,0,0,,0,,,,,,0,,,20,0,0,0,8,9,8,,,0,,,8,8,0,0,,,0,,,0,0,996,,,,,,,,,,,,,,,,,,,,,,,,,,,,,,0,0,0,1,0,0,0,0,0,0,0,0,1,0,0,0,0,0,0,0,0,0,0,0,0,0,0,0,0,1,0,0,0,0,0,,0,0,0,0,0,0,0,0,0,0,0,0,0,0,0,0,,,,,,51-55,46-55,County road,U,Saturday,Belt Used,PV,Not Fatal,0,1,1,0,County Road,County Sheriff,Chelan County Sheriff's Office,0,0,1,0,0,,,,,,0,0,0,,,,,,,,,,,0,0,0,0,,,,,20,7,,,,,,,,1,0,,,MALAGA ALCOA HWY,0.55,,
2018,289,3789562,12,06/17/2018,2:49,17,6,0,7,Chelan,0,1,0,2,1,2,1,1,1,1,2:44,2:54,,8,1,0,0.3,1,0,1,5,2,2,6,0,0,0,0,CR-MANSON BLVD,,-120.1675806,47.88556944,0,1,13,80,5,25,4,0,0,1,7,8,2,2,2,1,14,1,2,53,0,20,37,2004,0,0,8,,,,,,1,1,21,1,0,0,0,0,99,0,11,0,,,,,0,0,0,3,1,38,0,0,0,17,,,,,,99,,,,,,98831,53,68,188,6,1,0,0,1,3,,7,,,,,,0,09/15/2015,11/15/2017,20,0,0,0,8,9,8,,,0,0,0,8,1,8,95,,,96,,,8,95,995,,,,,,,,,,,,,,,,,,,,,,,,,,,,,,0,0,0,0,1,0,0,0,0,0,0,0,0,0,0,0,1,0,1,0,0,0,0,1,1,0,0,0,0,1,0,1,0,0,0,,0,0,0,0,0,0,0,0,1,0,1,0,0,0,0,1,,,,,,21-25,16-25,City street,U,Sunday,Unknown,PV,Not Fatal,0,0,0,0,County Road,County Sheriff,Chelan County Sheriff's Office,0,0,1,0,0,,,,,,0,0,1,,,,,,,,,,,,,,,,,,,,,,,,,,,,,,,,,,,
2017,79,E654055,6,03/09/2017,5:35,9,3,0,7,Chelan,0,1,0,2,1,2,1,0,2,2,5:37,5:47,6:22,11,0,0,225.5,1,0,1,3,1,1,2,0,0,0,0,US-97,,-120.6523694,47.48453611,0,2,98,54,3,60,4,0,0,1,2,12,1,2,2,1,1,1,1,53,0,7,20,2003,0,0,12,,,,,,1,1,24,1,0,0,3,0,3,0,11,5,,,,,0,0,3,3,1,0,0,0,0,0,,,,,,0,,,,,,98831,53,68,140,6,1,0,7,0,6,2,0,,,,,,0,04/15/2012,01/15/2016,1,0,0,0,8,9,8,,,0,0,0,8,0,0,0,0,0,0,0,0,0,0,996,,,,,,,,,,,,,,,,,,,,,,,,,,,,,,0,1,0,0,0,0,0,0,0,0,0,0,0,0,0,0,0,0,0,0,0,0,0,1,1,0,0,0,0,1,0,0,0,0,0,,0,0,0,0,0,0,0,0,0,0,0,0,0,0,0,0,,,,,,21-25,16-25,US highway,R,Thursday,Belt Used,PV,Not Fatal,0,0,0,0,State Route,State Patrol,Washington State Patrol Headquarter,0,1,0,0,0,,,,,,,,,,,,,,,,,,,,,,,,,,,,,,,,,,,,,,,,,,,
2019,380,E975663,6,10/22/2019,9:31,22,10,,47,Okanogan,0,1,0,1,1,2,1,0,3,2,,,,12,0,2,250.3,1,0,1,3,1,1,2,0,3,0,0,US-97,,-119.6844167,48.104625,0,2,51,62,4,60,14,0,0,1,7,12,2,2,3,1,14,1,1,53,0,37,402,2008,0,0,12,1,,,,,1,1,59,2,7,,4,7,3,0,11,0,10/22/2019,9:31,53048118,48118,0,0,3,3,1,0,0,0,0,96,,,,,,0,,,,,,98831,53,71,140,6,1,0,0,0,0,,0,,,,,,0,,,8,0,0,0,1,9,8,,,0,0,0,8,0,2,1,,,1,,,2,1,0,,,,,,,,,,,,,,,,,,,,,,,,,,,,,,0,0,0,0,1,1,0,1,0,0,0,0,0,1,0,0,0,0,0,0,0,0,0,0,0,0,0,0,0,1,0,0,0,0,0,,1,0,0,0,0,0,0,0,0,0,0,0,0,0,0,0,,,,,,56-60,56-65,US highway,R,Tuesday,Belt Used,PV,White,0,1,1,0,State Route,State Patrol,Washington State Patrol,0,1,0,0,0,,,,,,0,0,0,,,,,,,,,,,98,98,98,1,,,,,20,7,,,,,,,,,,,,,,,
2020,249,EA50368,158,07/26/2020,14:55,26,7,,15,Cowlitz,1010,1,,1,1,2,1,0,4,3,14:55,14:59,15:28,12,0,6,0,2,0,2,7,1,4,6,0,0,0,0,S 5TH AVE,Chestnut St,-122.9112667,46.13628056,0,1,88,17,2,25,80,0,0,1,2,12,1,1,8,1,1,1,2,53,0,53,706,2001,0,,12,,,,,,1,1,56,1,7,,4,7,20,7,11,0,07/26/2020,14:55,1.01053E+11,34468,0,0,3,2,1,0,,,,96,,,,,,98,,,,,,98832,53,68,220,1,1,0,3,0,0,,0,,,,,,3,07/15/2017,04/15/2018,20,8,0,0,0,9,8,,,0,,,8,8,8,95,,,96,,,8,95,995,,,,,,,,,,,,,,,,,,,,,,,,,,,,,,0,0,0,1,0,0,0,0,0,0,0,0,1,1,1,0,0,0,0,0,0,0,0,0,0,0,0,0,1,1,0,0,0,0,1,0,0,0,0,0,0,0,0,0,0,1,0,1,0,0,0,0,,,,,,56-60,56-65,City street,R,Sunday,,MC,White,1,0,0,0,City Street,Municipal/City Police,Kelso Police Department,0,0,0,1,0,,,,,,0,0,2,,,,,,,,,,,0,0,0,1,,,,,5,0,,,,,,,,1,0,,,,,,
2020,416,EA73990,21,10/13/2020,15:46,13,10,,25,Grant,0,7,,1,1,7,1,0,2,2,,,,12,0,1,8.4,1,0,1,5,1,2,4,0,0,0,0,CR-ROAD W NE,,-119.0010528,47.25256944,0,2,24,51,3,60,66,0,0,1,2,12,1,3,2,1,1,1,3,53,0,87,881,1997,0,,12,,,,,,1,1,28,1,0,,0,0,3,0,11,0,,,,,6,3,3,3,1,0,,,,96,,,,,,0,,,,,,98832,53,68,190,6,1,0,1,0,0,,0,,,,,,0,01/15/2017,01/15/2017,20,0,0,0,8,3,2,,,0,,,8,8,0,0,,,0,,,0,0,996,,,,,,,,,,,,,,,,,,,,,,,,,,,,,,0,0,0,0,0,0,0,0,0,0,0,0,0,0,0,0,0,0,0,0,0,0,0,0,0,1,1,0,0,1,1,0,0,0,0,,0,0,0,0,0,0,0,0,0,0,0,0,0,0,0,0,,,,,,26-30,26-35,County road,R,Tuesday,,MHTRUCK,Not Fatal,0,0,0,0,County Road,County Sheriff,Grant County Sheriff's Office,0,0,1,0,0,,,,,,0,0,0,,,,,,,,,,,0,0,0,0,,,,,20,7,,,,,,,,1,0,,,W NE,8.44,,