year,case,par,repjur,crash_dt,crash_tm,accday,accmon,holiday,county,co_char,city,weather,weather2,lightcond,surfcond,surftype,numfatal,nmforms,pforms,vforms,not_tm,arr_tm,hosp_tm,fhevent,hitrun,manncol,milepnt,reljunc,reljuncinter,intersectiontype,funcsystem,landuse,ownership,route,schlbus,spejur,contdev,devfunc,trafid1,trafid2,x,y,wk_zone,vnumber,crashtype,criticalevent,criticaleventcat,spdlim,body,trailer,emerg,hazcargo,leave,mhevent,roadalgn,roadprof,traflane,trafflow,vehmanvr,numoccs,regowner,regstate,spuse,make,model,modelyr,vrf1,vrf2,seqevent1,seqevent2,seqevent3,seqevent4,seqevent5,seqevent6,pnumber,ptype,age,sex,hispanic,race,injury,diedscene,restraint,restraintmisuse,seatpos,takehosp,death_dt,death_tm,cert,cernum_wa,commlic,licendor,licrestrict,liccomp,drivpres,drf1,drf2,drf3,drf4,distract1,distract2,distract3,distract4,distract5,distract6,dricond1,dricond2,dricond3,dricond4,dricond5,dricond6,dzip,licstate,drhgt_in,weight,noncdl,noncdltype,prevdwi,prevoth,prevacc,prevspd,prevsus,driviol1,driviol2,driviol3,driviol4,driviol5,driviol6,spdrel,first_dt,last_dt,airbag,ejection,ejectpath,extricat,injurwrk,methalc,methdrug,nmlocat,strikveh,prf1,prf2,prf3,druginv,alcinvol,drugsts,drugres1,drugres2,drugres3,drugtst1,drugtst2,drugtst3,alcsts,alctst,alcres,nmact1,nmact2,nmact3,nmact4,nmact5,nmact6,nmprior1,nmprior2,nmprior3,nmprior4,nmprior5,nmprior6,nmcond1,nmcond2,nmcond3,nmcond4,nmcond5,nmcond6,nmsafe_helmet,nmsafe_pads,nmsafe_oth,nmprev_ref,nmprev_lgt,nmprev_oth,crashlocation,nmcrashtype,crosswalk,schoolzone,sidewalk,train_inv,wildlife_inv,rotr_fars,intersect_fars,dd_inv,aid_inv,dpd_inv,id_inv,mj_inv,impnm_inv,ainm_inv,dpnm_inv,speed_inv,unlic_inv,unendmc_inv,drowsy_inv,drdist_inv,nmdist_inv,fty_inv,unrestfat_inv,dr1617_inv,dr1820_inv,dr1620_inv,dr2125_inv,dr1625_inv,dr65_inv,dr70_inv,dr75_inv,mc_inv,pv_inv,ht_inv,ped_inv,bike_inv,unrest_fat,mc_fat,unhelmet_mc,pv_fat,ht_fat,ped_fat,bike_fat,dr_alc7,dr_alc8,dr_drug,dr_imp,dr_dist,dr_spd,dr_fty,dr_unlic,dr_alc7only,dr_alc8only,dr_drugonly,dr_drink,nm_imp,nm_alc7,nm_alc8,nm_drug,nm_dist,agegrp1,agegrp2,roadclass,urbrur,dayweek,restuse,vehtype,race_me,intersect,lanedep,oppdir,wrongway,rep_typ,investag,repag_long,rotr,st_rd,cty_rd,city_rd,oth_rd,drug_thc,thc_res,drug_cthc,cthc_res,drug_cann,prevpersemin,prevperse,prevsusoth,drugtst4,drugtst5,drugtst6,drugtst7,drugtst8,drugres4,drugres5,drugres6,drugres7,drugres8,adspresent,adsengaged,adslevel,race1,race2,race3,race4,race5,helmet,helmetmisuse,nmdistract1,nmdistract2,nmdistract3,nmdistract4,nmdistract5,nmdistract6,lab,isedtcase,crf1,crf2,crf3,CoRoadName,CoMP,IntCoRoadName,IntCoMP
2018,166,E808794,6,06/10/2018,12:37,10,6,0,7,Chelan,0,1,0,1,1,2,1,0,2,2,,,,12,0,6,115.2,2,0,2,3,1,1,2,0,0,3,3,US-2,EASY ST,-120.4125361,47.48713889,0,1,87,17,2,60,14,0,0,1,7,12,1,1,2,1,3,1,1,53,0,49,403,2001,0,0,12,68,64,38,,,1,1,81,1,7,1,4,0,3,0,11,5,06/10/2018,14:56,2.46053E+11,25874,0,0,3,3,1,39,0,0,0,96,,,,,,99,,,,,,98836,53,69,141,6,1,0,0,0,0,,0,,,,,,0,,,20,0,0,0,0,9,8,,,0,0,0,8,9,8,95,,,96,,,8,95,995,,,,,,,,,,,,,,,,,,,,,,,,,,,,,,0,0,0,1,0,0,0,0,0,0,0,0,0,0,0,0,0,0,0,0,0,0,0,0,0,1,1,1,0,1,0,0,0,0,0,,1,0,0,0,0,0,0,0,0,0,0,0,0,0,0,0,,,,,,81+,76+,US highway,R,Sunday,Belt Used,PV,White,1,0,0,0,State Route,State Patrol,Washington State Patrol Headquarter,0,1,0,0,0,,,,,,0,0,0,,,,,,,,,,,,,,,,,,,,,,,,,,,,,,,,,,,
2020,380,3834597,263,09/19/2020,15:37,19,9,,33,King,1960,1,,1,1,2,1,1,1,1,15:38,15:44,16:02,8,0,0,0,1,0,1,7,2,4,6,0,0,0,0,28TH AVE S,,-122.2968806,47.542825,0,1,13,80,5,25,4,0,0,1,5,8,1,2,2,1,1,1,1,53,0,6,51,2018,0,,8,,,,,,1,1,29,1,0,,0,0,99,7,11,0,,,,,0,0,3,3,1,0,,,,92,,,,,,98,,,,,,98837,53,71,140,6,1,0,0,0,3,,0,,,,,,0,11/15/2015,12/15/2019,20,0,0,0,8,9,8,,,0,,,8,8,8,95,,,96,,,8,95,995,,,,,,,,,,,,,,,,,,,,,,,,,,,,,,0,0,0,0,0,0,0,0,0,1,1,1,0,0,0,0,1,1,0,0,0,0,0,0,0,0,0,0,0,1,0,1,0,0,0,,0,0,0,0,0,0,0,0,1,0,0,0,0,0,0,0,,,,,,26-30,26-35,City street,U,Saturday,Unknown,PV,Not Fatal,0,0,0,0,City Street,Municipal/City Police,Seattle Police Department,0,0,0,1,0,,,,,,0,0,0,,,,,,,,,,,98,98,98,0,,,,,20,7,,,,,,,,1,0,,,,,,
2017,26,E635844,1,01/23/2017,17:19,23,1,0,21,Franklin,0,1,0,2,2,2,1,0,8,3,17:28,17:50,18:43,12,0,8,12.5,1,0,1,3,1,1,3,0,0,0,0,SR-17,,-119.0447972,46.72812778,0,2,65,62,4,60,4,0,0,1,2,12,1,1,2,1,1,1,1,53,0,55,33,2013,0,0,12,,,,,,1,1,40,1,0,0,0,0,3,0,11,0,,,,,0,0,3,3,1,0,0,0,0,0,,,,,,0,,,,,,98837,53,68,250,6,1,0,0,0,0,0,0,,,,,,0,,,20,0,0,0,8,9,8,,,0,0,0,8,0,0,0,0,0,0,0,0,0,0,996,,,,,,,,,,,,,,,,,,,,,,,,,,,,,,0,0,0,0,1,1,0,1,0,0,0,0,0,1,0,0,0,0,0,1,0,0,0,1,1,0,0,0,0,1,0,0,0,0,0,,0,0,0,0,0,0,0,0,0,0,0,0,0,0,0,0,,,,,,36-40,36-45,State route,R,Monday,Belt Used,PV,Not Fatal,0,1,1,0,State Route,State Patrol,Washington State Patrol,0,1,0,0,0,,,,,,,,,,,,,,,,,,,,,,,,,,,,,,,,,,,,,,,,,,,
2017,26,E635844,1,01/23/2017,17:19,23,1,0,21,Franklin,0,1,0,2,2,2,1,0,8,3,17:28,17:50,18:43,12,0,8,12.5,1,0,1,3,1,1,3,0,0,0,0,SR-17,,-119.0447972,46.72812778,0,3,98,62,4,60,4,0,0,1,2,12,1,1,2,1,1,4,1,53,0,52,40,2003,0,0,12,,,,,,1,1,31,1,0,0,3,0,20,0,11,4,,,,,0,0,0,3,1,0,0,0,0,0,,,,,,0,,,,,,98837,53,73,185,6,1,0,3,0,3,0,0,,,,,,0,02/15/2013,01/15/2016,1,0,0,0,8,9,8,,,0,0,0,8,0,0,0,0,0,0,0,0,0,0,996,,,,,,,,,,,,,,,,,,,,,,,,,,,,,,0,0,0,0,1,1,0,1,0,0,0,0,0,1,0,0,0,0,0,1,0,0,0,1,1,0,0,0,0,1,0,0,0,0,0,,0,0,0,0,0,0,0,0,0,0,0,0,0,0,0,0,,,,,,31-35,26-35,State route,R,Monday,Not Used,PV,Not Fatal,0,1,1,0,State Route,State Patrol,Washington State Patrol,0,1,0,0,0,,,,,,,,,,,,,,,,,,,,,,,,,,,,,,,,,,,,,,,,,,,
2017,194,E678581,1,06/05/2017,16:03,5,6,0,21,Franklin,0,1,0,1,1,2,2,0,3,2,,,,12,0,2,11.2,1,0,1,3,1,1,3,0,0,0,0,SR-17,,-119.0203028,46.71949167,0,1,50,10,2,60,4,0,0,1,2,12,1,1,2,1,6,2,2,53,0,12,37,2005,0,0,68,12,,,,,1,1,17,1,1,1,4,7,20,0,11,0,06/05/2017,16:03,53025644,25644,0,0,0,3,1,28,35,0,0,96,,,,,,0,,,,,,98837,53,65,125,6,2,0,1,0,0,0,0,,,,,,0,05/15/2016,05/15/2016,1,0,0,0,0,9,8,,,0,0,0,8,0,0,0,0,0,0,0,0,0,0,996,,,,,,,,,,,,,,,,,,,,,,,,,,,,,,0,0,0,0,0,0,0,0,0,0,0,0,0,0,0,0,0,0,0,1,1,0,1,0,1,0,0,0,0,1,1,0,0,1,0,,1,0,0,0,0,0,0,0,0,0,0,0,0,0,0,0,,,,,,16-17,16-25,State route,R,Monday,Not Used,PV,Hispanic,0,1,1,0,State Route,State Patrol,Washington State Patrol Headquarter,0,1,0,0,0,,,,,,,,,,,,,,,,,,,,,,,,,,,,,,,,,,,,,,,,,,,
2017,430,E725274,1,10/13/2017,19:27,13,10,0,21,Franklin,0,1,0,2,1,2,1,0,3,2,,,,12,0,6,3.1,2,0,2,5,1,1,3,0,0,0,0,SR-260,WAREHOUSE LANE,-118.9422722,46.66363056,0,2,89,66,4,55,66,1,0,1,5,12,1,1,2,1,1,1,3,53,0,85,881,2002,0,0,12,,,,,,1,1,49,1,0,0,0,0,3,0,11,0,,,,,6,3,0,3,1,0,0,0,0,0,,,,,,0,,,,,,98837,53,66,165,6,7,0,4,0,3,0,0,,,,,,0,11/15/2012,08/15/2017,20,0,0,0,8,9,8,,,0,0,0,8,0,0,0,0,0,0,0,0,0,0,996,,,,,,,,,,,,,,,,,,,,,,,,,,,,,,0,0,0,1,0,0,0,0,0,0,0,0,0,0,0,0,0,0,1,0,0,0,0,0,0,0,0,0,0,1,1,0,0,0,0,,0,0,0,0,0,0,0,0,0,0,0,0,0,0,0,0,,,,,,46-50,46-55,State route,R,Friday,,MHTRUCK,Not Fatal,1,0,0,0,State Route,State Patrol,Washington State Patrol Headquarter,0,1,0,0,0,,,,,,,,,,,,,,,,,,,,,,,,,,,,,,,,,,,,,,,,,,,
2018,119,E789126,278,04/16/2018,19:33,16,4,0,63,Spokane,2110,1,0,5,1,2,1,0,4,3,19:34,19:44,20:28,12,1,6,0,2,0,2,3,2,4,6,0,0,3,3,FRANCIS AVE,MARKET ST,-117.3646722,47.714875,0,1,88,17,2,98,4,0,0,1,7,12,1,2,5,1,1,1,1,53,0,37,32,2003,0,0,12,12,,,,,1,1,33,1,0,0,0,0,99,0,11,0,,,,,0,0,0,2,1,0,0,0,0,92,,,,,,99,,,,,,98837,53,68,170,1,1,0,0,0,2,,7,,,,,,0,05/15/2017,09/15/2017,1,0,0,0,8,9,8,,,0,0,0,8,9,8,95,,,96,,,8,95,995,,,,,,,,,,,,,,,,,,,,,,,,,,,,,,0,0,0,1,0,0,0,0,0,0,0,0,0,1,0,0,1,0,0,0,0,0,0,0,0,1,1,1,0,1,0,0,0,0,0,,0,0,0,0,0,0,0,0,1,0,0,1,0,0,0,0,,,,,,31-35,26-35,City street,U,Monday,Unknown,PV,Not Fatal,1,0,0,0,City Street,Municipal/City Police,Spokane Police Department,0,0,0,1,0,,,,,,0,0,2,,,,,,,,,,,,,,,,,,,,,,,,,,,,,,,,,,,
2018,221,E817122,21,07/03/2018,13:58,3,7,0,25,Grant,0,1,0,1,1,2,1,1,4,1,14:03,14:07,14:39,9,0,0,2.8,2,0,2,96,6,96,8,0,0,0,0,CR-AIRWAY DR NE,NOT REPORTED,-119.3223222,47.15926111,0,1,13,83,5,98,34,0,0,1,5,9,1,1,8,8,1,4,1,8,0,20,481,2015,0,0,9,,,,,,1,1,46,1,0,0,0,0,3,0,11,0,,,,,0,0,0,3,1,0,0,0,0,93,,,,,,0,,,,,,98837,53,70,230,6,1,0,0,0,0,,0,,,,,,0,,,20,0,0,0,8,9,8,,,0,0,0,8,0,8,95,,,96,,,8,95,995,,,,,,,,,,,,,,,,,,,,,,,,,,,,,,0,0,0,1,0,0,0,0,0,0,0,0,0,0,0,0,1,1,0,0,0,0,0,0,0,0,0,0,0,1,0,0,1,0,0,,0,0,0,0,0,0,0,0,1,0,0,0,0,0,0,0,,,,,,46-50,46-55,Other,,Tuesday,Belt Used,PV,Not Fatal,1,0,0,0,County Road,County Sheriff,Grant County Sheriff's Office,0,0,1,0,0,,,,,,0,0,0,,,,,,,,,,,,,,,,,,,,,,,,,,,,,,,,,,,
2018,280,E824109,21,07/25/2018,16:57,25,7,0,25,Grant,0,1,0,1,1,4,1,0,2,1,18:02,18:12,18:54,1,0,0,9.1,1,0,1,7,1,2,4,0,0,0,0,CR-RD 9 NE,,-119.2612667,47.21908333,0,1,2,13,2,50,2,0,0,1,7,1,1,2,8,1,1,2,2,53,0,35,48,2004,0,0,63,1,,,,,1,1,29,1,0,0,1,0,3,0,11,5,,,,,0,0,0,3,1,91,0,0,0,96,,,,,,9,,,,,,98837,53,71,168,6,1,0,0,0,0,,1,,,,,,3,,,8,0,0,0,8,9,8,,,0,0,0,8,1,2,605,695,,1,1,,2,1,0.18,,,,,,,,,,,,,,,,,,,,,,,,,,,,,,0,0,0,0,1,1,1,1,1,0,0,0,1,0,0,0,0,0,0,1,0,0,0,0,0,0,0,0,0,1,0,0,0,0,0,,0,0,0,0,0,1,1,1,0,1,0,0,0,0,0,1,,,,,,26-30,26-35,County road,R,Wednesday,Belt Used,PV,Not Fatal,0,1,0,0,County Road,County Sheriff,Grant County Sheriff's Office,1,0,1,0,0,thc,6.8,carboxy-thc,75,,0,0,0,,,,,,,,,,,,,,,,,,,,,,,,,,,,,,,,,,,
2018,314,E833280,6,08/10/2018,10:56,10,8,0,25,Grant,0,1,0,1,1,2,1,0,4,2,10:56,11:07,11:34,12,0,6,29.1,2,0,2,3,1,1,3,0,0,0,0,SR-28,ROAD 10 NW,-119.9536417,47.23300278,0,1,68,15,2,60,4,0,0,1,7,12,1,1,4,1,11,2,1,53,0,37,31,2014,0,0,12,,,,,,1,1,87,2,7,1,4,0,3,0,11,5,08/10/2018,15:37,1.78053E+11,35253,0,0,0,3,1,38,0,0,0,96,,,,,,0,,,,,,98837,53,63,140,6,1,0,0,0,0,,46,,,,,,0,,,8,0,0,0,0,9,8,,,0,0,0,8,0,2,177,,,1,,,2,1,0,,,,,,,,,,,,,,,,,,,,,,,,,,,,,,0,0,0,1,0,0,1,1,0,0,0,0,0,0,0,0,0,0,1,0,0,0,0,0,0,1,1,1,0,1,0,0,0,0,0,,1,0,0,0,0,0,1,1,0,0,1,0,0,0,1,0,,,,,,81+,76+,State route,R,Friday,Belt Used,PV,White,0,0,0,0,State Route,State Patrol,Washington State Patrol,0,1,0,0,0,,,,,,0,0,0,,,,,,,,,,,,,,,,,,,,,,,,,,,,,,,,,,,
2018,343,E843063,7,04/01/2018,19:20,1,4,0,33,King,0,4,0,2,10,2,1,0,4,1,,,,24,0,0,29.9,1,0,1,1,2,1,1,0,0,0,0,I-90,,-121.7806083,47.47386944,0,1,7,6,1,70,4,0,0,1,7,24,1,1,3,3,1,4,2,53,0,52,34,2005,0,0,64,24,35,,,,1,1,31,1,0,0,3,0,99,0,11,8,,,,,0,0,3,2,1,87,0,0,0,96,,,,,,0,,,,,,98837,53,69,165,1,1,0,0,0,0,,97,,,,,,4,05/15/2013,06/15/2013,20,0,0,0,8,9,8,,,0,0,0,8,0,8,95,,,96,,,8,95,995,,,,,,,,,,,,,,,,,,,,,,,,,,,,,,0,0,0,0,0,0,0,0,0,0,0,0,1,1,0,0,0,0,0,0,0,0,0,0,0,0,0,0,0,1,0,0,0,0,0,,0,0,0,0,0,0,0,0,0,1,0,1,0,0,0,0,,,,,,31-35,26-35,Interstate,U,Sunday,Unknown,PV,Not Fatal,0,1,0,0,State Route,State Patrol,Washington State Patrol Headquarter,1,1,0,0,0,,,,,,0,0,2,,,,,,,,,,,,,,,,,,,,,,,,,,,,,,,,,,,
2019,7,E881215,21,01/07/2019,17:38,7,1,,25,Grant,0,1,0,2,1,2,1,0,1,1,,,,17,0,0,1.5,1,0,1,5,1,2,4,0,0,0,0,CR-PINTO RIDGE RD,,-119.3282917,47.44586111,0,1,1,13,2,50,14,0,0,1,7,1,3,2,2,1,14,1,2,53,0,35,402,2002,0,0,63,17,38,1,,,1,1,35,1,7,,4,7,20,7,11,0,01/07/2019,17:38,53001090,1090,0,0,0,3,1,0,0,0,0,17,,,,,,99,,,,,,98837,53,65,190,6,1,0,0,0,5,,0,,,,,,0,04/15/2014,05/15/2018,8,1,9,0,0,9,8,,,0,0,0,8,9,8,95,,,96,,,8,95,995,,,,,,,,,,,,,,,,,,,,,,,,,,,,,,0,0,1,0,0,0,0,0,0,0,0,0,0,0,0,0,1,0,0,1,0,0,0,0,0,0,0,0,0,1,0,0,0,1,0,,1,0,0,0,0,0,0,0,1,0,0,0,0,0,0,0,,,,,,31-35,26-35,County road,R,Monday,Not Used,PV,White,0,1,0,0,County Road,County Sheriff,Grant County Sheriff's Office,1,0,1,0,0,,,,,,0,0,0,,,,,,,,,,,98,98,98,1,,,,,20,7,,,,,,,,,,,,,,,
2019,109,E912871,6,03/22/2019,15:54,22,3,,25,Grant,0,1,0,1,1,2,1,0,4,4,,,,12,0,2,53,1,0,1,3,1,1,3,0,0,0,0,SR-17,,-119.3635556,47.19926389,0,4,98,62,4,60,4,0,0,1,7,12,1,1,2,1,1,1,1,53,0,9,20,2001,0,0,12,,,,,,1,1,29,1,0,,0,0,3,0,11,0,,,,,0,0,0,3,1,0,0,0,0,96,,,,,,0,,,,,,98837,53,70,260,6,1,0,1,1,0,,0,,,,,,0,09/15/2014,01/15/2017,20,0,0,0,8,9,8,,,0,0,0,8,0,8,95,,,96,,,8,95,995,,,,,,,,,,,,,,,,,,,,,,,,,,,,,,0,0,0,0,0,0,0,0,0,0,0,0,0,0,0,0,0,0,0,0,0,0,0,0,0,0,0,0,0,1,0,0,0,0,0,,0,0,0,0,0,0,0,0,0,0,0,0,0,0,0,0,,,,,,26-30,26-35,State route,R,Friday,Belt Used,PV,Not Fatal,0,1,1,0,State Route,State Patrol,Washington State Patrol,0,1,0,0,0,,,,,,0,0,0,,,,,,,,,,,98,98,98,0,,,,,20,7,,,,,,,,,,,,,,,
2019,140,E919740,6,04/30/2019,21:16,30,4,,25,Grant,0,1,0,2,1,2,1,0,8,2,,,,12,0,6,12,2,0,2,4,1,1,3,0,0,20,3,SR-283,ROAD 9 NW,-119.6438056,47.22064167,0,1,87,15,2,50,4,0,0,1,2,12,1,1,2,1,1,2,2,53,0,22,22,2007,0,0,12,,,,,,1,1,38,1,0,,1,0,3,0,11,5,,,,,0,0,0,2,1,38,91,0,0,96,,,,,,0,,,,,,98837,53,68,188,1,1,0,1,0,0,,2,71,76,,,,0,08/15/2014,09/15/2018,20,0,0,0,8,9,8,,,0,0,0,8,1,8,95,,,96,,,8,95,995,,,,,,,,,,,,,,,,,,,,,,,,,,,,,,0,0,0,1,1,0,0,0,0,0,0,0,0,1,0,0,0,0,1,1,0,0,0,0,0,0,0,0,0,1,0,0,0,0,0,,0,0,0,0,0,0,0,0,0,0,1,1,0,0,0,1,,,,,,36-40,36-45,State route,R,Tuesday,Belt Used,PV,Not Fatal,1,0,0,0,State Route,State Patrol,Washington State Patrol,0,1,0,0,0,,,,,,0,0,4,,,,,,,,,,,98,98,98,0,,,,,20,7,,,,,,,,,,,,,,,
2019,194,E933789,6,06/09/2019,3:55,9,6,,25,Grant,0,1,0,2,1,2,1,0,8,4,,,,35,0,0,55.4,1,0,1,3,1,1,3,0,0,0,0,SR-17,,-119.4005278,47.22272222,0,4,98,90,6,60,34,1,0,1,5,54,1,1,2,1,1,3,1,53,0,20,481,2016,0,0,54,,,,,,1,1,41,1,0,,0,0,3,0,11,0,,,,,0,0,0,3,1,0,0,0,0,96,,,,,,0,,,,,,98837,53,68,190,6,1,0,1,1,0,,0,,,,,,0,12/15/2014,08/15/2015,20,0,0,0,8,9,8,,,0,0,0,8,0,8,95,,,96,,,8,95,995,,,,,,,,,,,,,,,,,,,,,,,,,,,,,,0,0,1,0,0,0,0,0,0,0,0,0,0,1,0,1,0,0,0,1,0,0,0,1,1,0,0,0,0,1,0,0,0,0,0,,0,0,0,0,0,0,0,0,0,0,0,0,0,0,0,0,,,,,,41-45,36-45,State route,R,Sunday,Belt Used,PV,Not Fatal,0,1,0,0,State Route,State Patrol,Washington State Patrol,1,1,0,0,0,,,,,,0,0,0,,,,,,,,,,,98,98,98,0,,,,,20,7,,,,,,,,,,,,,,,
2019,274,E948235,21,08/01/2019,5:21,1,8,,25,Grant,0,1,0,4,1,7,1,0,2,2,,,,12,0,6,4,2,0,2,4,1,2,4,0,0,0,0,CR-STRATFORD RD NE,RD 7 NE,-119.2778778,47.18979167,0,1,68,15,2,55,34,0,0,1,7,12,1,1,2,1,11,1,1,53,0,7,482,2012,0,0,12,,,,,,1,1,28,1,0,,0,0,3,0,11,0,,,,,0,0,0,3,1,38,0,0,0,93,,,,,,0,,,,,,98837,53,71,190,6,1,0,1,0,0,,46,,,,,,0,01/15/2016,01/15/2016,2,0,0,0,8,9,8,,,0,0,0,8,0,8,95,,,96,,,8,95,995,,,,,,,,,,,,,,,,,,,,,,,,,,,,,,0,0,0,1,0,0,0,0,0,0,0,0,0,1,1,0,1,0,1,0,0,0,0,0,0,0,0,0,1,1,0,0,0,0,0,,0,0,0,0,0,0,0,0,1,0,1,0,0,0,0,0,,,,,,26-30,26-35,County road,R,Thursday,Belt Used,PV,Not Fatal,1,0,0,0,County Road,County Sheriff,Grant County Sheriff's Office,0,0,1,0,0,,,,,,0,0,0,,,,,,,,,,,98,98,98,0,,,,,20,7,,,,,,,,,,,,,,,
2019,274,E948235,21,08/01/2019,5:21,1,8,,25,Grant,0,1,0,4,1,7,1,0,2,2,,,,12,0,6,4,2,0,2,4,1,2,4,0,0,0,0,CR-STRATFORD RD NE,RD 7 NE,-119.2778778,47.18979167,0,2,69,62,4,55,89,0,0,1,7,12,1,1,2,1,1,1,2,53,0,37,706,1983,0,0,12,,,,,,1,1,51,1,7,,4,7,20,7,11,0,08/01/2019,5:21,53034122,34122,0,0,0,0,1,0,0,0,0,96,,,,,,99,,,,,,98837,53,72,170,0,0,0,0,0,0,,0,,,,,,0,,,20,8,0,0,0,9,8,,,0,0,0,8,9,8,95,,,96,,,8,95,995,,,,,,,,,,,,,,,,,,,,,,,,,,,,,,0,0,0,1,0,0,0,0,0,0,0,0,0,1,1,0,1,0,1,0,0,0,0,0,0,0,0,0,1,1,0,0,0,0,1,0,0,0,0,0,0,0,0,0,0,0,0,1,0,0,0,0,,,,,,51-55,46-55,County road,R,Thursday,,OTHMC,White,1,0,0,0,County Road,County Sheriff,Grant County Sheriff's Office,0,0,1,0,0,,,,,,0,0,0,,,,,,,,,,,0,0,0,1,,,,,19,0,,,,,,,,,,,,,,,
2019,482,E994300,21,12/06/2019,16:03,6,12,,25,Grant,0,1,0,5,1,2,1,0,4,2,,,,12,0,2,0.7,1,0,1,5,1,2,4,0,0,0,0,CR-ROAD 7 NE,,-119.262925,47.18964722,0,1,50,10,2,55,4,0,0,1,7,12,1,1,2,1,1,1,1,53,0,7,26,2013,0,0,68,12,,,,,1,1,75,1,7,,4,0,3,0,11,8,12/06/2019,17:38,1.39053E+11,54021,0,0,0,3,1,28,0,0,0,0,,,,,,1,,,,,,98837,53,66,280,6,1,0,0,0,0,,0,,,,,,0,,,8,0,0,0,0,9,8,,,0,0,0,8,0,8,95,,,96,,,8,95,995,,,,,,,,,,,,,,,,,,,,,,,,,,,,,,0,0,0,0,0,0,0,0,0,0,0,0,0,0,0,0,1,0,0,0,1,0,1,0,1,1,1,1,0,1,0,0,0,0,0,,1,0,0,0,0,0,0,0,0,0,0,0,0,0,0,0,,,,,,71-75,66-75,County road,R,Friday,Belt Used,PV,White,0,1,1,0,County Road,County Sheriff,Grant County Sheriff's Office,0,0,1,0,0,,,,,,0,0,0,,,,,,,,,,,98,98,98,1,,,,,20,7,,,,,,,,,,,,,,,
2019,482,E994300,21,12/06/2019,16:03,6,12,,25,Grant,0,1,0,5,1,2,1,0,4,2,,,,12,0,2,0.7,1,0,1,5,1,2,4,0,0,0,0,CR-ROAD 7 NE,,-119.262925,47.18964722,0,2,51,62,4,55,34,0,0,1,7,12,1,1,2,1,1,3,2,53,0,12,481,2008,0,0,12,,,,,,1,1,16,2,0,,2,0,3,0,11,4,,,,,0,0,1,3,1,0,0,0,0,3,6,,,,,0,,,,,,98837,53,64,175,6,2,0,0,0,0,,0,,,,,,0,,,1,0,0,0,8,9,8,,,0,0,0,8,0,8,95,,,96,,,8,95,995,,,,,,,,,,,,,,,,,,,,,,,,,,,,,,0,0,0,0,0,0,0,0,0,0,0,0,0,0,0,0,1,0,0,0,1,0,1,0,1,1,1,1,0,1,0,0,0,0,0,,0,0,0,0,0,0,0,0,1,0,0,0,0,0,0,0,,,,,,16-17,16-25,County road,R,Friday,Belt Used,PV,Not Fatal,0,1,1,0,County Road,County Sheriff,Grant County Sheriff's Office,0,0,1,0,0,,,,,,0,0,0,,,,,,,,,,,98,98,98,0,,,,,20,7,,,,,,,,,,,,,,,
2020,46,EA15163,27,02/02/2020,15:10,2,2,,37,Kittitas,0,1,,1,1,2,1,0,2,2,15:16,15:22,15:51,12,0,6,3.1,2,0,2,5,1,2,4,0,0,0,0,CR-COVE RD,HANSON RD,-120.6453472,46.98532222,0,2,88,66,4,50,66,0,0,1,2,12,1,1,2,1,1,1,3,53,0,86,890,1985,0,,12,,,,,,1,1,51,1,0,,0,0,20,7,11,0,,,,,6,1,0,3,1,0,,,,96,,,,,,0,,,,,,98837,53,68,250,6,1,0,0,0,0,,0,,,,,,0,,,20,0,0,0,8,9,8,,,0,,,8,8,2,1,,,1,,,2,1,0,,,,,,,,,,,,,,,,,,,,,,,,,,,,,,0,0,0,1,0,0,0,0,0,0,0,0,1,0,0,0,0,0,1,0,0,0,0,0,0,0,0,0,0,1,1,0,0,0,0,,0,0,0,0,0,0,0,0,0,0,0,0,0,0,0,0,,,,,,51-55,46-55,County road,R,Sunday,,MHTRUCK,Not Fatal,1,0,0,0,County Road,County Sheriff,Kittitas County Sheriff's Office,0,0,1,0,0,,,,,,0,0,0,,,,,,,,,,,0,0,0,0,,,,,20,7,,,,,,,,1,0,,,COVE RD,3.14,HANSON RD,3.08
2020,91,EA29075,21,04/06/2020,18:49,6,4,,25,Grant,0,1,,1,1,4,1,0,3,1,20:57,21:07,,1,0,0,5.8,1,0,1,7,1,2,4,0,0,0,0,CR-ROAD 16 NE,,-119.3494806,47.32078611,0,1,2,6,1,50,3,0,0,1,2,1,3,1,8,1,14,3,2,53,0,55,36,2002,0,,63,1,,,,,1,1,20,1,0,,2,0,20,7,11,0,,,,,0,0,3,2,1,58,,,,96,,,,,,9,,,,,,98837,53,77,180,1,1,0,0,1,0,,97,,,,,,4,08/15/2017,04/15/2019,20,0,0,0,8,9,8,,,0,,,8,1,2,695,605,402,1,1,1,2,1,0.12,,,,,,,,,,,,,,,,,,,,,,,,,,,,,,0,0,0,0,1,1,1,1,1,0,0,0,1,1,0,0,0,0,0,1,0,1,1,0,1,0,0,0,0,1,0,0,0,0,0,,0,0,0,0,0,1,1,1,0,1,0,1,0,0,0,1,,,,,,18-20,16-25,County road,R,Monday,Not Used,PV,Not Fatal,0,1,0,0,County Road,County Sheriff,Grant County Sheriff's Office,1,0,1,0,0,thc,6.7,carboxy-thc,54,,0,0,2,1,,,,,407,,,,,98,98,98,0,,,,,20,7,,,,,,,,1,0,,,16 NE,5.775,,
2020,164,EA38156,6,05/18/2020,14:34,18,5,,25,Grant,0,1,,1,1,2,2,0,2,2,,,,12,0,2,180.6,1,0,1,1,1,1,1,0,0,0,0,I-90,,-119.1837417,47.09341667,0,1,52,54,3,70,14,0,0,1,2,12,1,1,2,3,1,1,1,53,0,55,401,2005,0,,12,,,,,,1,1,87,1,7,,4,7,20,7,11,0,05/18/2020,14:34,53023299,23299,0,0,3,3,1,51,,,,96,,,,,,98,,,,,,98837,53,68,150,6,1,0,0,0,0,,0,,,,,,0,,,8,0,0,0,0,9,8,,,0,,,8,8,0,0,,,0,,,0,0,996,,,,,,,,,,,,,,,,,,,,,,,,,,,,,,0,0,0,0,0,0,0,0,0,0,0,0,0,0,0,0,0,0,0,1,0,0,0,0,0,1,1,1,0,1,0,0,0,1,0,,1,0,0,0,0,0,0,0,0,0,0,0,0,0,0,0,,,,,,81+,76+,Interstate,R,Monday,Not Used,PV,White,0,0,0,1,State Route,State Patrol,Washington State Patrol,0,1,0,0,0,,,,,,0,0,0,,,,,,,,,,,98,98,98,1,,,,,20,7,,,,,,,,1,0,,,,,,