year,case,par,repjur,crash_dt,crash_tm,accday,accmon,holiday,county,co_char,city,weather,weather2,lightcond,surfcond,surftype,numfatal,nmforms,pforms,vforms,not_tm,arr_tm,hosp_tm,fhevent,hitrun,manncol,milepnt,reljunc,reljuncinter,intersectiontype,funcsystem,landuse,ownership,route,schlbus,spejur,contdev,devfunc,trafid1,trafid2,x,y,wk_zone,vnumber,crashtype,criticalevent,criticaleventcat,spdlim,body,trailer,emerg,hazcargo,leave,mhevent,roadalgn,roadprof,traflane,trafflow,vehmanvr,numoccs,regowner,regstate,spuse,make,model,modelyr,vrf1,vrf2,seqevent1,seqevent2,seqevent3,seqevent4,seqevent5,seqevent6,pnumber,ptype,age,sex,hispanic,race,injury,diedscene,restraint,restraintmisuse,seatpos,takehosp,death_dt,death_tm,cert,cernum_wa,commlic,licendor,licrestrict,liccomp,drivpres,drf1,drf2,drf3,drf4,distract1,distract2,distract3,distract4,distract5,distract6,dricond1,dricond2,dricond3,dricond4,dricond5,dricond6,dzip,licstate,drhgt_in,weight,noncdl,noncdltype,prevdwi,prevoth,prevacc,prevspd,prevsus,driviol1,driviol2,driviol3,driviol4,driviol5,driviol6,spdrel,first_dt,last_dt,airbag,ejection,ejectpath,extricat,injurwrk,methalc,methdrug,nmlocat,strikveh,prf1,prf2,prf3,druginv,alcinvol,drugsts,drugres1,drugres2,drugres3,drugtst1,drugtst2,drugtst3,alcsts,alctst,alcres,nmact1,nmact2,nmact3,nmact4,nmact5,nmact6,nmprior1,nmprior2,nmprior3,nmprior4,nmprior5,nmprior6,nmcond1,nmcond2,nmcond3,nmcond4,nmcond5,nmcond6,nmsafe_helmet,nmsafe_pads,nmsafe_oth,nmprev_ref,nmprev_lgt,nmprev_oth,crashlocation,nmcrashtype,crosswalk,schoolzone,sidewalk,train_inv,wildlife_inv,rotr_fars,intersect_fars,dd_inv,aid_inv,dpd_inv,id_inv,mj_inv,impnm_inv,ainm_inv,dpnm_inv,speed_inv,unlic_inv,unendmc_inv,drowsy_inv,drdist_inv,nmdist_inv,fty_inv,unrestfat_inv,dr1617_inv,dr1820_inv,dr1620_inv,dr2125_inv,dr1625_inv,dr65_inv,dr70_inv,dr75_inv,mc_inv,pv_inv,ht_inv,ped_inv,bike_inv,unrest_fat,mc_fat,unhelmet_mc,pv_fat,ht_fat,ped_fat,bike_fat,dr_alc7,dr_alc8,dr_drug,dr_imp,dr_dist,dr_spd,dr_fty,dr_unlic,dr_alc7only,dr_alc8only,dr_drugonly,dr_drink,nm_imp,nm_alc7,nm_alc8,nm_drug,nm_dist,agegrp1,agegrp2,roadclass,urbrur,dayweek,restuse,vehtype,race_me,intersect,lanedep,oppdir,wrongway,rep_typ,investag,repag_long,rotr,st_rd,cty_rd,city_rd,oth_rd,drug_thc,thc_res,drug_cthc,cthc_res,drug_cann,prevpersemin,prevperse,prevsusoth,drugtst4,drugtst5,drugtst6,drugtst7,drugtst8,drugres4,drugres5,drugres6,drugres7,drugres8,adspresent,adsengaged,adslevel,race1,race2,race3,race4,race5,helmet,helmetmisuse,nmdistract1,nmdistract2,nmdistract3,nmdistract4,nmdistract5,nmdistract6,lab,isedtcase,crf1,crf2,crf3,CoRoadName,CoMP,IntCoRoadName,IntCoMP
2020,198,EA43040,6,06/12/2020,18:34,12,6,,25,Grant,0,1,,1,1,2,1,0,3,2,,,,12,0,1,34.4,2,0,3,3,1,1,3,0,0,0,0,SR-17,RD 6 SE,-119.1256833,46.99903056,0,2,21,53,3,60,4,0,0,1,2,12,1,4,3,1,5,2,2,53,0,37,32,1998,0,,12,,,,,,1,1,24,1,0,,0,0,3,0,11,0,,,,,0,0,0,3,1,0,,,,96,,,,,,0,,,,,,98837,53,68,140,6,1,0,0,0,0,,0,,,,,,0,,,20,0,0,0,8,9,8,,,0,,,8,8,8,95,,,96,,,8,95,995,,,,,,,,,,,,,,,,,,,,,,,,,,,,,,0,0,0,1,1,1,0,1,0,0,0,0,0,0,0,0,0,0,0,0,0,0,0,1,1,0,0,0,1,1,0,0,0,0,0,,0,0,0,0,0,0,0,0,0,0,0,0,0,0,0,0,,,,,,21-25,16-25,State route,R,Friday,Belt Used,PV,Not Fatal,1,0,0,0,State Route,State Patrol,Washington State Patrol,0,1,0,0,0,,,,,,0,0,0,,,,,,,,,,,0,0,0,0,,,,,20,7,,,,,,,,1,0,,,,,,
2020,356,EA53622,6,06/19/2020,11:59,19,6,,25,Grant,0,1,,1,1,2,1,0,3,2,,,,12,0,6,39.6,2,0,2,3,1,1,3,0,0,20,3,SR-17,RD 2 SE,-119.1947083,47.05769444,0,1,86,17,2,55,34,0,0,1,2,12,1,1,2,1,1,2,1,53,0,20,481,2009,0,,12,,,,,,1,1,84,8,7,,4,0,3,0,11,4,06/19/2020,13:22,1.39053E+11,28279,0,0,3,3,1,38,,,,96,,,,,,98,,,,,,98837,53,71,173,6,1,0,0,0,0,,0,,,,,,0,,,8,0,0,0,0,9,8,,,0,,,8,8,0,0,,,0,,,0,0,996,,,,,,,,,,,,,,,,,,,,,,,,,,,,,,0,0,0,1,0,0,0,0,0,0,0,0,0,0,0,0,0,0,1,0,0,0,0,0,0,1,1,1,0,1,1,0,0,0,0,,1,0,0,0,0,0,0,0,0,0,1,0,0,0,0,0,,,,,,81+,76+,State route,R,Friday,Belt Used,PV,White,1,0,0,0,State Route,State Patrol,Washington State Patrol,0,1,0,0,0,,,,,,0,0,0,,,,,,,,,,,98,98,98,1,,,,,20,7,,,,,,,,1,0,,,,,,
2020,284,EA56269,21,08/03/2020,11:17,3,8,,25,Grant,0,1,,1,1,7,1,0,3,3,,,,1,0,0,11.3,1,0,1,5,1,2,4,0,0,0,0,CR-ROAD U SE,,-119.0450889,47.06436944,0,2,98,53,3,55,66,1,0,1,5,12,1,2,2,1,1,1,3,53,0,87,881,2003,0,,12,,,,,,1,1,38,1,0,,0,0,3,0,11,0,,,,,8,2,0,2,1,0,,,,96,,,,,,0,,,,,,98837,53,62,149,6,1,0,7,2,1,,0,,,,,,0,12/15/2016,12/15/2019,20,0,0,0,8,9,8,,,0,,,8,8,8,95,,,96,,,8,95,995,,,,,,,,,,,,,,,,,,,,,,,,,,,,,,0,0,0,0,0,0,0,0,0,0,0,0,1,0,0,0,0,0,0,0,0,0,0,0,0,0,0,0,1,0,1,0,0,0,0,,0,0,0,0,0,0,0,0,0,0,0,0,0,0,0,0,,,,,,36-40,36-45,County road,R,Monday,,MHTRUCK,Not Fatal,0,0,0,0,County Road,County Sheriff,Grant County Sheriff's Office,0,0,1,0,0,,,,,,0,0,2,,,,,,,,,,,98,98,98,0,,,,,20,7,,,,,,,,1,0,,,U SE,11.26,,
2020,284,EA56269,21,08/03/2020,11:17,3,8,,25,Grant,0,1,,1,1,7,1,0,3,3,,,,1,0,0,11.3,1,0,1,5,1,2,4,0,0,0,0,CR-ROAD U SE,,-119.0450889,47.06436944,0,3,98,98,7,55,60,0,0,1,2,12,1,2,2,1,1,1,3,53,0,82,881,2007,0,,12,,,,,,1,1,55,1,0,,0,0,3,0,11,0,,,,,0,0,3,3,1,0,,,,96,,,,,,0,,,,,,98837,53,75,300,6,1,0,0,0,0,,0,,,,,,0,,,20,0,0,0,8,9,8,,,0,,,8,8,8,95,,,96,,,8,95,995,,,,,,,,,,,,,,,,,,,,,,,,,,,,,,0,0,0,0,0,0,0,0,0,0,0,0,1,0,0,0,0,0,0,0,0,0,0,0,0,0,0,0,1,0,1,0,0,0,0,,0,0,0,0,0,0,0,0,0,0,0,0,0,0,0,0,,,,,,51-55,46-55,County road,R,Monday,,MHTRUCK,Not Fatal,0,0,0,0,County Road,County Sheriff,Grant County Sheriff's Office,0,0,1,0,0,,,,,,0,0,0,,,,,,,,,,,98,98,98,0,,,,,20,7,,,,,,,,1,0,,,U SE,11.26,,
2020,418,EA74901,6,10/17/2020,14:27,17,10,,37,Kittitas,0,1,,1,1,2,1,0,1,1,14:25,14:48,,1,0,0,128.7,1,0,1,1,1,1,1,0,0,0,0,I-90,,-120.1112806,46.94419167,0,1,6,12,2,70,80,0,0,1,2,1,3,2,3,2,15,1,1,53,0,72,706,2019,0,,64,1,,,,,1,1,78,1,7,,4,7,20,7,11,0,10/17/2020,14:27,53048393,48393,0,0,0,0,1,0,,,,92,,,,,,98,,,,,,98837,53,72,204,4,1,0,0,1,2,,0,,,,,,0,03/15/2016,11/15/2018,20,8,0,0,0,9,8,,,0,,,8,8,8,95,,,96,,,8,95,995,,,,,,,,,,,,,,,,,,,,,,,,,,,,,,0,0,1,0,0,0,0,0,0,0,0,0,0,1,1,0,1,0,0,0,0,0,0,0,0,1,1,1,1,0,0,0,0,0,1,0,0,0,0,0,0,0,0,0,1,0,0,1,0,0,0,0,,,,,,76-80,76+,Interstate,R,Saturday,,MC,White,0,1,0,0,State Route,State Patrol,Washington State Patrol,1,1,0,0,0,,,,,,0,0,1,,,,,,,,,,,0,0,0,1,,,,,5,0,,,,,,,,1,0,,,,,,
2020,486,EA88835,6,10/26/2020,17:58,26,10,,25,Grant,0,10,,3,1,2,1,0,2,2,,,,12,0,6,25.3,2,0,2,3,1,1,3,0,0,0,0,SR-26,SR-262,-119.4753278,46.86253056,0,2,87,66,4,98,66,2,0,1,5,12,1,1,3,1,1,1,3,53,0,85,881,2020,0,,12,,,,,,1,1,45,1,0,,0,0,3,0,11,0,,,,,6,1,0,3,1,0,,,,96,,,,,,0,,,,,,98837,53,68,150,6,1,0,0,0,0,,0,,,,,,0,,,20,0,0,0,8,9,8,,,0,,,8,8,8,95,,,96,,,8,95,995,,,,,,,,,,,,,,,,,,,,,,,,,,,,,,0,0,0,1,1,1,0,1,0,0,0,0,0,1,0,0,0,0,0,0,0,0,0,0,0,0,0,0,0,1,1,0,0,0,0,,0,0,0,0,0,0,0,0,0,0,0,0,0,0,0,0,,,,,,41-45,36-45,State route,R,Monday,,MHTRUCK,Not Fatal,1,0,0,0,State Route,State Patrol,Washington State Patrol,0,1,0,0,0,,,,,,0,0,0,,,,,,,,,,,98,98,98,0,,,,,20,7,,,,,,,,1,0,,,,,,
2021,260,EB50122,3,07/08/2021,9:07,8,7,,67,Thurston,0,10,,1,1,2,2,1,4,2,,,,8,0,0,0.3,5,1,1,1,2,1,1,0,0,0,0,I-5 RAMP,,-123.0063472,46.80517222,0,1,13,13,2,70,4,0,0,1,2,8,1,1,1,6,1,1,2,53,0,49,40,2003,0,,63,8,14,,,,1,1,28,1,7,,4,7,20,7,11,0,07/08/2021,9:07,53033371,33371,0,0,3,3,1,0,,,,92,,,,,,98,,,,,,98837,53,75,310,6,1,0,2,0,0,,0,,,,,,0,06/15/2016,07/15/2021,1,0,0,0,0,9,8,,,0,,,8,8,0,0,,,0,,,0,0,996,,,,,,,,,,,,,,,,,,,,,,,,,,,,,,0,0,0,0,0,0,0,0,0,0,0,0,0,0,0,0,1,0,0,1,0,0,0,0,0,0,0,0,0,1,0,1,0,1,0,,1,0,0,0,0,0,0,0,1,0,0,0,0,0,0,0,,,,,,26-30,26-35,Interstate,U,Thursday,Not Used,PV,White,0,1,0,0,State Route,State Patrol,Washington State Patrol,1,1,0,0,0,,,,,,0,0,4,,,,,,,,,,,98,98,98,1,,,,,20,,,,,,,,,1,0,,,,,,
2021,304,EB58675,4,08/15/2021,16:03,15,8,,1,Adams,0,1,,1,1,2,1,0,4,1,,,,1,0,0,210.4,1,0,1,1,1,1,1,0,0,0,0,I-90,,-118.5603861,47.11121111,0,1,6,12,2,70,20,0,0,1,2,1,1,2,2,2,1,4,1,53,0,12,442,2001,0,,64,1,,,,,1,1,36,1,0,,0,0,3,0,11,0,,,,,0,0,0,2,1,6,,,,96,,,,,,9,,,,,,98837,53,69,165,1,1,0,0,0,0,,1,2,,,,,0,,,20,0,0,0,8,9,2,,,0,,,1,8,2,695,605,401,1,1,1,2,1,0,,,,,,,,,,,,,,,,,,,,,,,,,,,,,,0,0,1,0,0,0,1,1,1,0,0,0,0,1,0,0,0,0,0,0,0,0,0,0,0,0,0,0,0,1,0,0,0,0,0,,0,0,0,0,0,0,1,1,0,0,0,1,0,0,1,0,,,,,,36-40,36-45,Interstate,R,Sunday,Belt Used,PV,Not Fatal,0,1,0,0,State Route,State Patrol,Washington State Patrol,1,1,0,0,0,thc,3.6,carboxy-thc,51,,0,0,0,1,,,,,417,,,,,98,98,98,0,,,,,20,,,,,,,,,1,0,,,,,,
2021,440,EB84228,4,10/28/2021,14:25,28,10,,75,Whitman,0,10,,1,1,2,1,0,4,4,,,,12,0,8,2.8,1,0,1,2,2,1,2,0,0,0,0,US-195,,-117.0782083,46.50061389,0,1,64,10,2,60,66,1,0,2,2,12,2,1,2,1,14,1,3,16,0,85,881,2021,0,,68,12,12,64,59,38,1,1,61,1,0,,1,0,3,0,11,0,,,,,1,2,0,2,1,28,,,,92,,,,,,98,,,,,,98837,53,72,220,1,1,0,1,0,1,,2,,,,,,0,04/15/2018,02/15/2019,20,0,0,0,8,1,2,,,0,,,8,0,2,1,,,1,,,2,1,0,,,,,,,,,,,,,,,,,,,,,,,,,,,,,,0,0,0,0,0,0,0,0,0,0,0,0,0,1,0,0,1,0,0,0,0,0,0,0,0,0,0,0,0,1,1,0,0,0,0,,0,0,0,0,0,0,0,0,1,0,0,1,0,0,0,0,,,,,,61-65,56-65,US highway,U,Thursday,,MHTRUCK,Not Fatal,0,1,1,0,State Route,State Patrol,Washington State Patrol,0,1,0,0,0,,,,,,0,0,0,,,,,,,,,,,98,98,98,0,,,,,20,,,,,,,,,1,0,,,,,,
2021,468,EB89450,21,10/17/2021,16:18,17,10,,25,Grant,0,1,,1,1,7,1,0,5,2,,,,12,0,6,,2,0,2,5,1,2,4,0,0,20,3,CR-RD 4 NE,RD F NE,-119.3630361,47.14623889,0,1,87,17,2,50,6,0,0,1,5,12,1,1,2,1,1,4,2,53,0,6,54,2004,0,,12,68,64,1,,,1,1,27,1,0,,2,0,3,0,11,0,,,,,0,0,0,2,1,39,,,,92,,,,,,8,,,,,,98837,53,75,265,1,1,0,0,0,0,,97,,,,,,0,11/15/2019,03/15/2019,8,0,0,0,8,9,8,,,0,,,8,8,0,0,,,0,,,0,0,996,,,,,,,,,,,,,,,,,,,,,,,,,,,,,,0,0,0,1,0,0,1,1,0,0,0,0,0,1,0,0,1,0,0,0,0,0,0,0,0,1,1,1,0,1,0,0,0,0,0,,0,0,0,0,0,0,0,0,1,0,0,1,0,0,0,0,,,,,,26-30,26-35,County road,R,Sunday,Belt Used,PV,Not Fatal,1,0,0,0,County Road,County Sheriff,Grant County Sheriff's Office,0,0,1,0,0,,,,,,0,0,2,,,,,,,,,,,98,98,98,0,,,,,20,,,,,,,,,1,0,,,F NE,2.02,4 NE,9.07
2021,468,EB89450,21,10/17/2021,16:18,17,10,,25,Grant,0,1,,1,1,2,1,0,5,2,,,,12,0,6,,2,0,2,5,1,2,4,0,0,0,0,CR-RD 4 NE,RD F NE,-119.3630361,47.14623889,0,2,86,66,4,55,14,0,0,1,2,12,1,1,2,1,1,1,1,53,0,55,402,2022,0,,12,63,30,42,,,1,1,81,1,7,,4,0,3,0,11,5,10/17/2021,20:20,1.39053E+11,52774,0,0,0,3,1,0,,,,96,,,,,,98,,,,,,98837,53,72,175,6,1,0,0,0,0,,0,,,,,,0,,,8,0,0,0,0,9,8,,,0,,,8,8,2,996,,,1,,,2,1,0,,,,,,,,,,,,,,,,,,,,,,,,,,,,,,0,0,0,1,0,0,1,1,0,0,0,0,0,1,0,0,1,0,0,0,0,0,0,0,0,1,1,1,0,1,0,0,0,0,0,,1,0,0,0,0,0,1,1,0,0,0,0,0,0,1,0,,,,,,81+,76+,County road,R,Sunday,Belt Used,PV,White,1,0,0,0,County Road,County Sheriff,Grant County Sheriff's Office,0,0,1,0,0,,,,,,0,0,0,,,,,,,,,,,98,98,98,1,,,,,20,,,,,,,,,1,0,,,F NE,2.02,4 NE,9.07
2017,85,E655807,6,03/16/2017,13:35,16,3,0,47,Okanogan,0,1,0,1,1,2,2,0,3,2,,,,12,0,6,273,2,0,2,3,1,1,2,0,3,20,3,US-97,CR-ARMORY ACCESS RD,-119.5649361,48.36727778,0,1,89,17,2,35,34,0,0,1,2,12,1,1,2,1,3,2,1,53,0,20,481,2007,0,0,12,,,,,,1,1,75,1,7,1,4,7,3,0,11,0,03/16/2017,13:35,53013851,13851,0,0,3,3,1,0,0,0,0,96,,,,,,99,,,,,,98840,53,72,160,6,1,0,0,0,0,0,0,,,,,,9,,,1,0,0,0,0,9,8,,,0,0,0,8,9,2,1,0,0,1,0,0,2,1,0,,,,,,,,,,,,,,,,,,,,,,,,,,,,,,0,0,0,1,0,0,0,0,0,0,0,0,0,0,0,0,0,0,0,0,0,0,0,0,0,1,1,1,0,0,1,0,0,0,0,,0,0,0,0,0,0,0,0,0,0,0,0,0,0,0,0,,,,,,71-75,66-75,US highway,R,Thursday,Belt Used,PV,White,1,0,0,0,State Route,State Patrol,Washington State Patrol Headquarter,0,1,0,0,0,,,,,,,,,,,,,,,,,,,,,,,,,,,,,,,,,,,,,,,,,,,
2017,311,E703810,6,08/17/2017,13:15,17,8,0,47,Okanogan,1600,1,0,1,1,2,1,0,2,2,13:28,13:48,15:30,12,0,6,277.4,2,0,4,3,2,1,2,0,0,3,3,US-97,ENGH RD,-119.508675,48.41676944,0,2,69,62,4,50,66,1,0,1,2,12,1,1,4,1,1,1,3,53,0,85,881,2006,0,0,12,,,,,,1,1,57,1,0,0,0,0,3,0,11,0,,,,,6,1,3,3,1,0,0,0,0,0,,,,,,0,,,,,,98840,53,68,230,6,1,0,0,0,0,0,0,,,,,,0,,,20,0,0,0,8,9,8,,,0,0,0,8,0,0,0,0,0,0,0,0,0,0,996,,,,,,,,,,,,,,,,,,,,,,,,,,,,,,0,0,0,1,0,0,0,0,0,0,0,0,0,0,0,0,0,0,0,0,0,0,0,0,0,1,1,1,0,1,1,0,0,0,0,,0,0,0,0,0,0,0,0,0,0,0,0,0,0,0,0,,,,,,56-60,56-65,US highway,U,Thursday,,MHTRUCK,Not Fatal,1,0,0,0,State Route,State Patrol,Washington State Patrol Headquarter,0,1,0,0,0,,,,,,,,,,,,,,,,,,,,,,,,,,,,,,,,,,,,,,,,,,,
2018,112,E791138,32,04/06/2018,15:55,6,4,0,47,Okanogan,0,10,0,1,1,2,1,0,1,1,,,,1,0,0,1,1,0,1,7,1,2,4,0,3,0,0,CR-CAMERON LK OMAKLK RD,,-119.5238417,48.36723889,0,1,7,13,2,35,34,0,0,1,7,1,3,2,2,1,14,1,1,53,0,12,481,2004,0,0,63,69,68,64,1,,1,1,57,1,7,1,4,7,20,0,11,0,04/06/2018,15:55,53016546,16546,0,0,0,3,1,0,0,0,0,93,,,,,,99,,,,,,98840,53,70,160,6,1,0,0,0,1,,0,,,,,,0,07/15/2016,07/15/2016,20,1,9,0,0,9,8,,,0,0,0,8,9,2,155,321,351,1,1,1,2,1,0.23,,,,,,,,,,,,,,,,,,,,,,,,,,,,,,0,0,0,0,1,1,1,1,1,0,0,0,0,0,0,0,1,0,0,1,0,0,0,0,0,0,0,0,0,1,0,0,0,1,0,,1,0,0,0,0,1,1,1,1,0,0,0,0,0,0,1,,,,,,56-60,56-65,County road,R,Friday,Not Used,PV,White,0,1,0,0,County Road,County Sheriff,Okanogan County Sheriff's Office,1,0,1,0,0,thc,888,carboxy-thc,9.1,,0,0,0,1,1,1,,,367,605,695,996,996,,,,,,,,,,,,,,,,,,,,,,,,,
2018,282,E827444,6,08/05/2018,17:02,5,8,0,47,Okanogan,0,1,0,1,1,2,1,0,1,1,16:59,17:06,17:25,24,0,0,248.8,1,0,1,3,1,1,3,0,0,0,0,SR-97,,-119.7175361,48.10233056,0,1,1,13,2,60,80,0,0,1,7,24,3,3,2,1,14,1,1,53,0,72,706,2015,0,0,63,24,,,,,1,1,44,2,7,1,4,0,5,0,11,5,08/05/2018,18:51,19053034177,34177,0,0,0,3,1,0,0,0,0,96,,,,,,0,,,,,,98840,53,65,135,6,1,0,0,0,0,,0,,,,,,0,,,20,8,0,0,0,9,8,,,0,0,0,8,0,2,996,,,1,,,2,1,0,,,,,,,,,,,,,,,,,,,,,,,,,,,,,,0,0,1,0,0,0,1,1,0,0,0,0,0,0,0,0,0,0,0,0,0,0,0,0,0,0,0,0,1,0,0,0,0,0,1,0,0,0,0,0,0,0,1,1,0,0,0,0,0,0,1,0,,,,,,41-45,36-45,State route,R,Sunday,,MC,White,0,1,0,0,State Route,State Patrol,Washington State Patrol,1,1,0,0,0,,,,,,0,0,0,,,,,,,,,,,,,,,,,,,,,,,,,,,,,,,,,,,
2018,501,E854361,32,10/22/2018,9:50,22,10,0,47,Okanogan,0,1,0,1,1,2,1,0,1,1,,,,59,0,0,3,1,0,1,6,1,2,4,0,0,0,0,CR-B AND ON NORTH RD,,-119.67755,48.31688889,0,1,6,12,2,98,34,0,0,1,7,35,1,2,2,1,1,1,1,53,0,12,481,1966,0,0,68,64,59,67,35,,1,1,54,2,7,1,4,7,20,0,11,0,10/22/2018,9:50,53046382,46382,0,0,0,0,1,0,0,0,0,96,,,,,,1,,,,,,98840,53,64,195,2,1,0,0,1,0,,0,,,,,,0,12/15/2016,12/15/2016,20,0,0,0,0,9,8,,,0,0,0,8,9,2,1,,,1,,,2,1,0,,,,,,,,,,,,,,,,,,,,,,,,,,,,,,0,0,1,0,0,0,0,0,0,0,0,0,0,1,0,0,0,0,0,1,0,0,0,0,0,0,0,0,0,1,0,0,0,1,0,,1,0,0,0,0,0,0,0,0,0,0,1,0,0,0,0,,,,,,51-55,46-55,County road,R,Monday,Not Used,PV,White,0,1,0,0,County Road,County Sheriff,Okanogan County Sheriff's Office,1,0,1,0,0,,,,,,0,0,0,,,,,,,,,,,,,,,,,,,,,,,,,,,,,,,,,,,
2018,478,E877471,6,12/10/2018,18:12,10,12,0,25,Grant,0,10,0,2,2,2,1,0,2,2,,,,12,0,2,27,1,0,1,3,1,1,3,0,0,0,0,SR-26,,-119.4443278,46.852325,0,1,50,10,2,60,4,0,0,1,2,12,1,1,2,1,1,1,1,53,0,12,17,2006,0,0,68,12,,,,,1,1,19,1,6,1,4,7,99,0,11,0,12/10/2018,18:12,1.93253E+11,55695,0,0,0,3,1,28,0,0,0,96,,,,,,0,,,,,,98840,53,69,150,6,1,0,0,0,0,,0,,,,,,0,,,20,1,9,0,0,9,8,,,0,0,0,8,0,8,95,,,96,,,8,95,995,,,,,,,,,,,,,,,,,,,,,,,,,,,,,,0,0,0,0,0,0,0,0,0,0,0,0,0,0,0,0,0,0,0,0,0,1,1,1,1,0,0,0,0,1,1,0,0,0,0,,1,0,0,0,0,0,0,0,0,0,0,0,0,0,0,0,,,,,,18-20,16-25,State route,R,Monday,Unknown,PV,Hispanic,0,1,1,0,State Route,State Patrol,Washington State Patrol,0,1,0,0,0,,,,,,0,0,0,,,,,,,,,,,,,,,,,,,,,,,,,,,,,,,,,,,
2020,239,EA48857,6,07/03/2020,11:19,3,7,,47,Okanogan,0,1,,1,1,2,1,0,5,2,11:45,12:03,13:46,12,0,2,231.5,1,0,1,4,1,1,3,0,0,0,0,SR-20,,-119.6073056,48.35046389,0,2,51,62,4,60,34,0,0,1,2,12,3,1,2,1,14,3,1,53,0,7,482,2012,0,,12,63,17,,,,1,1,73,1,0,,1,0,3,0,11,5,,,,,0,0,3,3,1,0,,,,96,,,,,,98,,,,,,98840,53,76,220,6,1,0,1,0,0,,0,,,,,,0,06/15/2018,06/15/2018,8,0,0,0,8,9,8,,,0,,,8,8,8,95,,,96,,,8,95,995,,,,,,,,,,,,,,,,,,,,,,,,,,,,,,0,0,0,0,0,0,1,1,1,0,0,0,0,1,0,0,1,0,0,1,0,0,0,1,1,1,1,0,0,1,0,0,0,0,0,,0,0,0,0,0,0,0,0,0,0,0,0,0,0,0,0,,,,,,71-75,66-75,State route,R,Friday,Belt Used,PV,Not Fatal,0,1,1,0,State Route,State Patrol,Washington State Patrol,0,1,0,0,0,,,,,,0,0,0,,,,,,,,,,,98,98,98,0,,,,,20,7,,,,,,,,1,0,,,,,,
2020,333,EA61306,6,08/28/2020,18:00,28,8,,7,Chelan,0,1,,1,1,2,3,0,5,3,18:10,18:35,20:04,12,0,2,154.7,1,0,1,3,1,1,2,0,0,0,0,US-97,,-120.6105694,47.39430556,0,3,98,98,7,60,61,0,0,1,2,12,1,2,3,1,1,1,1,53,0,20,870,1995,0,,12,,,,,,1,1,65,2,0,,0,0,3,0,11,0,,,,,0,0,0,3,1,0,,,,96,,,,,,98,,,,,,98840,53,66,160,6,1,0,0,0,1,,0,,,,,,0,08/15/2016,08/15/2016,20,0,0,0,8,9,8,,,0,,,8,8,0,0,,,0,,,0,0,996,,,,,,,,,,,,,,,,,,,,,,,,,,,,,,0,0,0,0,0,0,1,1,1,0,0,0,0,0,0,0,0,0,0,0,0,1,1,0,1,1,0,0,0,1,1,0,0,0,0,,0,0,0,0,0,0,0,0,0,0,0,0,0,0,0,0,,,,,,61-65,56-65,US highway,R,Friday,,MHTRUCK,Not Fatal,0,1,1,0,State Route,State Patrol,Washington State Patrol,0,1,0,0,0,,,,,,0,0,0,,,,,,,,,,,0,0,0,0,,,,,20,7,,,,,,,,1,0,,,,,,
2020,335,EA61437,32,07/17/2020,13:10,17,7,,47,Okanogan,0,1,,9,1,2,1,0,1,1,,,,17,0,0,9999.9,1,0,1,6,1,2,4,0,3,0,0,CR-COLUMBIA RIVER RD,,-119.2279694,48.11639167,0,1,1,13,2,50,34,0,0,1,2,17,3,2,2,1,14,1,1,53,0,7,482,2001,0,,63,67,17,1,,,1,1,52,1,7,,4,7,3,0,11,0,07/17/2020,13:10,53033143,33143,0,0,0,3,1,0,,,,0,,,,,,8,,,,,,98840,53,71,185,6,1,0,0,0,0,,0,,,,,,0,,,8,0,0,0,0,9,8,,,0,,,8,8,8,95,,,96,,,2,95,997,,,,,,,,,,,,,,,,,,,,,,,,,,,,,,0,0,1,0,0,0,0,0,0,0,0,0,0,0,0,0,0,0,0,0,0,0,0,0,0,0,0,0,0,1,0,0,0,0,0,,1,0,0,0,0,0,0,0,0,0,0,0,0,0,0,0,,,,,,51-55,46-55,County road,R,Friday,Belt Used,PV,White,0,1,0,0,Other,County Sheriff,Okanogan County Sheriff's Office,1,0,0,0,1,,,,,,0,0,0,,,,,,,,,,,98,98,98,1,,,,,20,7,,,,,,,,1,0,,,,,,
2021,521,EC00006,6,12/11/2021,17:01,11,12,,47,Okanogan,0,1,,3,1,2,1,1,2,2,,,,8,0,0,274.7,3,0,2,2,1,1,2,0,3,0,0,US-97,TWELEVE TRIBES RESORT RD,-119.5353389,48.38410278,0,2,98,50,3,60,14,0,0,1,2,12,1,1,4,1,1,1,2,53,0,12,401,1996,0,,12,,,,,,1,1,51,1,0,,2,0,3,0,11,5,,,,,0,0,0,0,1,0,,,,96,,,,,,98,,,,,,98840,53,65,186,0,0,0,0,0,0,,97,,,,,,4,,,8,0,0,0,8,9,8,,,0,,,8,8,0,0,,,0,,,0,0,996,,,,,,,,,,,,,,,,,,,,,,,,,,,,,,0,0,0,1,0,0,0,0,0,1,0,1,1,1,0,0,0,0,0,0,0,0,0,0,0,0,0,0,0,1,0,1,0,0,0,,0,0,0,0,0,0,0,0,0,1,0,1,0,0,0,0,,,,,,51-55,46-55,US highway,R,Saturday,Belt Used,PV,Not Fatal,1,0,0,0,State Route,State Patrol,Washington State Patrol,0,1,0,0,0,,,,,,0,0,0,,,,,,,,,,,0,0,0,0,,,,,20,,,,,,,,,1,0,,,,,,