year,case,par,repjur,crash_dt,crash_tm,accday,accmon,holiday,county,co_char,city,weather,weather2,lightcond,surfcond,surftype,numfatal,nmforms,pforms,vforms,not_tm,arr_tm,hosp_tm,fhevent,hitrun,manncol,milepnt,reljunc,reljuncinter,intersectiontype,funcsystem,landuse,ownership,route,schlbus,spejur,contdev,devfunc,trafid1,trafid2,x,y,wk_zone,vnumber,crashtype,criticalevent,criticaleventcat,spdlim,body,trailer,emerg,hazcargo,leave,mhevent,roadalgn,roadprof,traflane,trafflow,vehmanvr,numoccs,regowner,regstate,spuse,make,model,modelyr,vrf1,vrf2,seqevent1,seqevent2,seqevent3,seqevent4,seqevent5,seqevent6,pnumber,ptype,age,sex,hispanic,race,injury,diedscene,restraint,restraintmisuse,seatpos,takehosp,death_dt,death_tm,cert,cernum_wa,commlic,licendor,licrestrict,liccomp,drivpres,drf1,drf2,drf3,drf4,distract1,distract2,distract3,distract4,distract5,distract6,dricond1,dricond2,dricond3,dricond4,dricond5,dricond6,dzip,licstate,drhgt_in,weight,noncdl,noncdltype,prevdwi,prevoth,prevacc,prevspd,prevsus,driviol1,driviol2,driviol3,driviol4,driviol5,driviol6,spdrel,first_dt,last_dt,airbag,ejection,ejectpath,extricat,injurwrk,methalc,methdrug,nmlocat,strikveh,prf1,prf2,prf3,druginv,alcinvol,drugsts,drugres1,drugres2,drugres3,drugtst1,drugtst2,drugtst3,alcsts,alctst,alcres,nmact1,nmact2,nmact3,nmact4,nmact5,nmact6,nmprior1,nmprior2,nmprior3,nmprior4,nmprior5,nmprior6,nmcond1,nmcond2,nmcond3,nmcond4,nmcond5,nmcond6,nmsafe_helmet,nmsafe_pads,nmsafe_oth,nmprev_ref,nmprev_lgt,nmprev_oth,crashlocation,nmcrashtype,crosswalk,schoolzone,sidewalk,train_inv,wildlife_inv,rotr_fars,intersect_fars,dd_inv,aid_inv,dpd_inv,id_inv,mj_inv,impnm_inv,ainm_inv,dpnm_inv,speed_inv,unlic_inv,unendmc_inv,drowsy_inv,drdist_inv,nmdist_inv,fty_inv,unrestfat_inv,dr1617_inv,dr1820_inv,dr1620_inv,dr2125_inv,dr1625_inv,dr65_inv,dr70_inv,dr75_inv,mc_inv,pv_inv,ht_inv,ped_inv,bike_inv,unrest_fat,mc_fat,unhelmet_mc,pv_fat,ht_fat,ped_fat,bike_fat,dr_alc7,dr_alc8,dr_drug,dr_imp,dr_dist,dr_spd,dr_fty,dr_unlic,dr_alc7only,dr_alc8only,dr_drugonly,dr_drink,nm_imp,nm_alc7,nm_alc8,nm_drug,nm_dist,agegrp1,agegrp2,roadclass,urbrur,dayweek,restuse,vehtype,race_me,intersect,lanedep,oppdir,wrongway,rep_typ,investag,repag_long,rotr,st_rd,cty_rd,city_rd,oth_rd,drug_thc,thc_res,drug_cthc,cthc_res,drug_cann,prevpersemin,prevperse,prevsusoth,drugtst4,drugtst5,drugtst6,drugtst7,drugtst8,drugres4,drugres5,drugres6,drugres7,drugres8,adspresent,adsengaged,adslevel,race1,race2,race3,race4,race5,helmet,helmetmisuse,nmdistract1,nmdistract2,nmdistract3,nmdistract4,nmdistract5,nmdistract6,lab,isedtcase,crf1,crf2,crf3,CoRoadName,CoMP,IntCoRoadName,IntCoMP
2021,636,Incid08,334,08/08/2021,9:38,8,8,,47,Okanogan,0,98,,8,98,2,1,0,2,2,,,,12,0,1,41.9,8,0,1,4,1,1,3,0,0,0,0,SR-155,,-118.9767944,48.14293889,0,1,28,52,3,98,4,0,0,1,5,12,1,2,2,1,1,1,1,53,0,49,32,2010,0,,12,,,,,,1,1,48,2,7,,4,0,98,7,11,5,08/08/2021,14:07,2.11053E+11,38544,0,0,3,2,1,0,,,,96,,,,,,98,,,,,,98840,53,62,150,1,1,1,2,0,0,,0,,,,,,0,05/15/2017,06/15/2021,98,0,0,1,0,9,8,,,0,,,8,8,2,401,417,,1,1,,2,1,0.177,,,,,,,,,,,,,,,,,,,,,,,,,,,,,,0,0,0,0,1,1,1,1,0,0,0,0,0,1,0,0,0,0,0,0,0,1,1,0,1,0,0,0,0,1,0,0,0,0,0,,1,0,0,0,0,1,1,1,0,0,0,1,0,0,0,1,,,,,,46-50,46-55,State route,R,Sunday,Unknown,PV,AIAN,0,0,0,0,State Route,,,0,1,0,0,0,,,,,,0,1,5,,,,,,,,,,,98,98,98,3,,,,,20,,,,,,,,,0,0,,,,,,
2017,198,E681707,6,06/12/2017,6:40,12,6,0,47,Okanogan,1600,1,0,1,1,2,1,0,2,2,,,,12,0,2,277.5,1,0,1,3,2,1,2,0,0,0,0,US-97,,-119.5061611,48.41894444,0,1,50,10,2,50,6,0,0,1,2,12,1,1,2,1,1,1,1,53,0,48,31,1987,0,0,68,12,,,,,1,1,57,1,7,1,4,0,20,0,11,0,06/12/2017,7:35,1.60053E+11,26815,0,0,0,3,1,0,0,0,0,96,,,,,,99,,,,,,98841,53,73,200,6,1,0,0,0,0,0,0,,,,,,0,,,20,0,0,0,0,9,8,,,0,0,0,8,9,2,1,0,0,1,0,0,2,1,0,,,,,,,,,,,,,,,,,,,,,,,,,,,,,,0,0,0,0,0,0,0,0,0,0,0,0,0,0,0,0,0,0,0,1,0,0,0,0,0,1,1,1,0,1,0,0,0,1,0,,1,0,0,0,0,0,0,0,0,0,0,0,0,0,0,0,,,,,,56-60,56-65,US highway,U,Monday,Not Used,PV,White,0,1,1,0,State Route,State Patrol,Washington State Patrol Headquarter,0,1,0,0,0,,,,,,,,,,,,,,,,,,,,,,,,,,,,,,,,,,,,,,,,,,,
2017,298,E699342,4,08/02/2017,13:15,2,8,0,19,Ferry,0,1,0,1,1,2,1,0,2,2,,,,12,0,6,313,1,0,1,4,1,1,3,0,0,0,0,SR-20,,-118.5766333,48.61314167,0,2,65,62,4,50,66,0,0,1,2,12,3,2,2,1,14,1,3,53,0,87,884,2001,0,0,12,,,,,,1,1,51,1,0,0,0,0,3,0,11,0,,,,,6,3,0,3,1,0,0,0,0,0,,,,,,0,,,,,,98841,53,69,213,6,1,0,1,0,2,1,0,,,,,,0,10/15/2012,04/15/2017,20,0,0,0,8,9,8,,,0,0,0,8,0,0,0,0,0,0,0,0,0,0,996,,,,,,,,,,,,,,,,,,,,,,,,,,,,,,0,0,0,0,0,0,1,1,0,0,0,0,0,0,0,0,0,0,0,0,0,0,0,0,0,1,0,0,1,0,1,0,0,0,0,,0,0,0,0,0,0,0,0,0,0,0,0,0,0,0,0,,,,,,51-55,46-55,State route,R,Wednesday,,MHTRUCK,Not Fatal,0,0,0,1,State Route,State Patrol,Washington State Patrol Headquarter,0,1,0,0,0,,,,,,,,,,,,,,,,,,,,,,,,,,,,,,,,,,,,,,,,,,,
2017,257,E701014,6,07/16/2017,19:40,16,7,0,47,Okanogan,0,1,0,1,1,2,1,1,1,1,,,,8,0,0,7.5,1,0,1,7,1,2,4,0,0,0,0,CR-OMAK-RIVERSIDE E RD,,-119.48085,48.48501111,0,1,13,80,5,50,39,0,0,1,2,8,1,4,2,1,1,1,1,53,0,12,481,1986,0,0,68,8,,,,,1,1,35,1,0,0,0,0,3,0,11,0,,,,,0,0,3,3,1,91,0,0,0,96,,,,,,9,,,,,,98841,53,69,170,6,1,1,0,0,0,1,1,,,,,,0,09/15/2012,05/15/2013,20,0,0,0,8,9,8,,,0,0,0,8,1,0,0,0,0,0,0,0,0,0,996,,,,,,,,,,,,,,,,,,,,,,,,,,,,,,0,0,0,0,1,0,0,0,0,1,1,1,0,0,0,0,0,0,0,0,0,0,0,0,0,0,0,0,0,1,0,1,0,0,0,,0,0,0,0,0,0,0,0,0,0,0,0,0,0,0,1,,,,,,31-35,26-35,County road,R,Sunday,Belt Used,PV,Not Fatal,0,0,0,0,County Road,State Patrol,Washington State Patrol Headquarter,0,0,1,0,0,,,,,,,,,,,,,,,,,,,,,,,,,,,,,,,,,,,,,,,,,,,
2017,402,E718360,223,09/14/2017,18:05,14,9,0,47,Okanogan,1600,1,0,1,1,2,1,1,2,1,,,,8,0,0,5.2,1,0,1,4,2,1,3,0,0,0,0,SR-215,,-119.5284111,48.41249167,0,1,13,80,5,25,4,0,0,1,5,8,1,1,3,5,1,2,2,53,0,13,15,2010,0,0,8,,,,,,1,1,24,1,0,0,0,0,3,0,11,0,,,,,0,0,0,3,1,0,0,0,0,93,,,,,,0,,,,,,98841,53,68,190,6,1,0,1,0,3,2,0,,,,,,0,08/15/2014,07/15/2017,20,0,0,0,8,2,8,,,0,0,0,8,0,0,0,0,0,0,0,0,2,10,0,,,,,,,,,,,,,,,,,,,,,,,,,,,,,,0,0,0,0,0,0,0,0,0,1,0,1,0,0,0,0,1,1,0,0,0,0,0,1,1,0,0,0,0,1,0,1,0,0,0,,0,0,0,0,0,0,0,0,1,0,0,0,0,0,0,0,,,,,,21-25,16-25,State route,U,Thursday,Belt Used,PV,Not Fatal,0,0,0,0,State Route,Municipal/City Police,Omak Police Department,0,1,0,0,0,,,,,,,,,,,,,,,,,,,,,,,,,,,,,,,,,,,,,,,,,,,
2018,441,E867897,6,11/21/2018,20:29,21,11,8,47,Okanogan,0,1,0,2,4,2,1,0,1,1,,,,42,0,0,58.7,1,0,1,4,1,1,3,0,3,0,0,SR-155,,-119.1529694,48.31538333,0,1,7,6,1,60,34,0,0,1,7,1,2,2,2,1,6,1,3,53,0,12,481,2004,0,0,68,68,63,69,68,64,1,1,62,1,7,1,4,7,3,0,11,0,11/21/2018,20:29,53051191,51191,0,0,3,3,1,33,58,0,0,96,,,,,,99,,,,,,98841,53,62,340,6,1,0,0,0,0,,0,,,,,,4,,,20,0,0,0,0,9,8,,,0,0,0,8,9,2,1,,,1,,,2,1,0,,,,,,,,,,,,,,,,,,,,,,,,,,,,,,0,0,0,0,0,0,0,0,0,0,0,0,1,0,0,0,0,0,0,0,0,0,0,0,0,0,0,0,0,1,0,0,0,0,0,,1,0,0,0,0,0,0,0,0,1,0,0,0,0,0,0,,,,,,61-65,56-65,State route,R,Wednesday,Belt Used,PV,White,0,1,0,0,State Route,State Patrol,Washington State Patrol,1,1,0,0,0,,,,,,0,0,0,,,,,,,,,,,,,,,,,,,,,,,,,,,,,,,,,,,
2019,110,E912921,6,04/15/2019,14:17,15,4,,17,Douglas,0,1,0,1,1,2,1,0,2,1,,,,1,0,0,1.5,1,0,1,4,1,1,3,0,0,0,0,SR-174,,-119.3601083,47.93376944,0,1,7,13,2,60,20,0,0,1,7,1,2,1,2,1,14,2,1,53,0,49,442,2012,0,0,63,69,68,64,1,,1,1,80,1,0,,3,0,99,7,11,8,,,,,0,0,3,3,1,58,0,0,0,93,,,,,,0,,,,,,98841,53,68,204,6,1,0,0,0,0,,0,,,,,,0,,,20,0,0,0,8,9,2,,,0,0,0,0,0,8,95,,,96,,,8,95,995,,,,,,,,,,,,,,,,,,,,,,,,,,,,,,0,0,0,0,0,0,0,0,0,0,0,0,0,0,0,0,1,0,0,0,0,0,0,0,0,1,1,1,0,1,0,0,0,0,0,,0,0,0,0,0,0,0,0,1,0,0,0,0,0,0,0,,,,,,76-80,76+,State route,R,Monday,Unknown,PV,Not Fatal,0,1,0,0,State Route,State Patrol,Washington State Patrol Headquarter,1,1,0,0,0,,,,,,0,0,0,,,,,,,,,,,98,98,98,0,,,,,20,7,,,,,,,,,,,,,,,
2019,471,EA00816,32,12/31/2019,21:15,31,12,,47,Okanogan,0,4,0,2,10,4,1,0,2,1,,,,1,0,0,0.8,1,0,1,7,2,2,4,0,0,0,0,CR-MINERAL HILL RD,,-119.7609778,48.55285556,0,1,1,13,2,35,34,0,0,1,7,1,3,2,2,1,14,2,1,53,0,12,481,2018,0,0,63,1,,,,,1,1,45,1,6,,4,7,20,7,11,0,12/31/2019,21:15,53058430,58430,0,0,0,3,1,87,0,0,0,96,,,,,,98,,,,,,98841,53,72,272,6,1,0,0,0,1,,0,,,,,,0,03/15/2019,03/15/2019,8,1,9,0,0,9,8,,,0,0,0,8,8,2,695,605,,1,1,,2,1,0.149,,,,,,,,,,,,,,,,,,,,,,,,,,,,,,0,0,1,0,1,1,1,1,1,0,0,0,0,0,0,0,0,0,0,1,0,0,0,0,0,0,0,0,0,1,0,0,0,1,0,,1,0,0,0,0,1,1,1,0,0,0,0,0,0,0,1,,,,,,41-45,36-45,County road,U,Tuesday,Not Used,PV,Hispanic,0,1,0,0,County Road,County Sheriff,Okanogan County Sheriff's Office,1,0,1,0,0,thc,5,carboxy-thc,14,,0,0,0,,,,,,,,,,,98,98,98,201,203,,,,20,7,,,,,,,nms,,,,,,,,
2020,195,EA42741,278,06/25/2020,13:26,25,6,,63,Spokane,2110,1,,1,1,2,2,0,7,5,13:49,13:58,14:17,12,0,6,273.1,2,0,2,3,2,1,2,0,0,0,0,US-2,SPOTTED,-117.5183417,47.64310556,0,2,83,67,4,55,4,0,0,1,2,12,1,1,5,5,1,2,1,53,0,49,40,2009,0,,12,12,,,,,1,1,24,2,0,,2,0,3,0,11,8,,,,,0,0,3,3,1,0,,,,96,,,,,,0,,,,,,98841,53,66,135,6,1,0,0,0,0,,0,,,,,,0,,,8,0,0,0,8,9,8,,,0,,,8,8,0,0,,,0,,,0,0,996,,,,,,,,,,,,,,,,,,,,,,,,,,,,,,0,0,0,1,0,0,0,0,0,0,0,0,0,0,0,0,0,0,0,0,0,0,0,1,1,1,1,1,0,1,0,0,0,0,0,,0,0,0,0,0,0,0,0,0,0,0,0,0,0,0,0,,,,,,21-25,16-25,US highway,U,Thursday,Belt Used,PV,Not Fatal,1,0,0,0,State Route,Municipal/City Police,Spokane Police Department,0,1,0,0,0,,,,,,0,0,0,,,,,,,,,,,98,98,98,0,,,,,20,7,,,,,,,,1,0,,,,,,
2020,305,EA59057,223,08/20/2020,13:58,20,8,,47,Okanogan,1600,10,,1,1,2,1,0,2,2,,,,12,0,2,6.1,1,0,1,4,2,1,3,0,0,0,0,SR-215,,-119.5125667,48.41680556,0,1,50,10,2,35,20,0,0,1,2,12,1,1,3,5,1,1,3,53,0,37,441,2001,0,,68,12,,,,,1,1,55,1,7,,4,0,20,7,11,4,08/20/2020,15:02,1.60053E+11,39202,0,0,0,3,1,28,,,,92,,,,,,98,,,,,,98841,53,70,225,6,1,0,0,0,1,,0,,,,,,0,04/15/2018,04/15/2018,8,0,0,0,0,9,8,,,0,,,8,8,2,1,,,1,,,2,1,0,,,,,,,,,,,,,,,,,,,,,,,,,,,,,,0,0,0,0,0,0,0,0,0,0,0,0,0,0,0,0,1,0,0,1,0,0,0,0,0,0,0,0,0,1,1,0,0,1,0,,1,0,0,0,0,0,0,0,1,0,0,0,0,0,0,0,,,,,,51-55,46-55,State route,U,Thursday,Not Used,PV,AIAN,0,1,1,0,State Route,Municipal/City Police,Omak Police Department,0,1,0,0,0,,,,,,0,0,0,,,,,,,,,,,98,98,98,3,,,,,20,7,,,,,,,,1,0,,,,,,
2020,305,EA59057,223,08/20/2020,13:58,20,8,,47,Okanogan,1600,10,,1,1,2,1,0,2,2,,,,12,0,2,6.1,1,0,1,4,2,1,3,0,0,0,0,SR-215,,-119.5125667,48.41680556,0,2,51,62,4,35,66,0,0,1,5,12,1,1,3,5,1,1,3,53,0,87,881,1990,0,,12,,,,,,1,1,37,1,0,,0,0,3,0,11,0,,,,,6,3,0,3,1,0,,,,96,,,,,,0,,,,,,98841,53,76,220,6,1,0,4,0,0,,0,,,,,,0,04/15/2015,09/15/2019,20,0,0,0,8,9,8,,,0,,,8,8,8,95,,,96,,,8,95,995,,,,,,,,,,,,,,,,,,,,,,,,,,,,,,0,0,0,0,0,0,0,0,0,0,0,0,0,0,0,0,1,0,0,1,0,0,0,0,0,0,0,0,0,1,1,0,0,0,0,,0,0,0,0,0,0,0,0,0,0,0,0,0,0,0,0,,,,,,36-40,36-45,State route,U,Thursday,,MHTRUCK,Not Fatal,0,1,1,0,State Route,Municipal/City Police,Omak Police Department,0,1,0,0,0,,,,,,0,0,0,,,,,,,,,,,0,0,0,0,,,,,20,7,,,,,,,,1,0,,,,,,
2021,41,EB06747,6,02/13/2021,1:05,13,2,,47,Okanogan,0,10,,2,1,2,1,0,3,1,,,,1,0,0,66.8,1,0,1,4,1,1,3,0,3,0,0,SR-155,,-119.2915556,48.36681944,0,1,98,11,2,60,34,0,0,1,2,1,1,2,2,1,1,3,2,53,0,12,481,1998,0,,63,69,68,68,1,,1,1,20,1,0,,1,0,3,0,11,5,,,,,0,0,0,0,1,58,,,,96,,,,,,9,,,,,,98841,53,67,155,0,0,0,0,0,0,,12,79,,,,,0,,,8,0,0,0,8,9,8,,,0,,,1,1,2,695,605,,1,1,,2,1,0.072,,,,,,,,,,,,,,,,,,,,,,,,,,,,,,0,0,0,0,1,0,1,1,1,0,0,0,0,1,0,0,0,0,0,1,0,1,1,0,1,0,0,0,0,1,0,0,0,0,0,,0,0,0,0,1,0,1,1,0,0,0,1,0,0,0,1,,,,,,18-20,16-25,State route,R,Saturday,Belt Used,PV,Not Fatal,0,0,0,0,State Route,State Patrol,Washington State Patrol,0,1,0,0,0,thc,3.8,carboxy-thc,44,,0,0,0,,,,,,,,,,,0,0,0,0,,,,,20,,,,,,,,,1,0,,,,,,
2021,346,EB66232,6,09/06/2021,15:21,6,9,,37,Kittitas,0,5,,1,1,1,1,0,1,1,,,,35,0,0,15.7,1,0,1,1,1,1,1,0,0,0,0,I-82,,-120.359475,46.79136389,0,1,1,13,2,70,14,0,0,1,2,1,3,2,2,2,14,1,2,53,0,2,404,2001,0,,63,35,1,,,,1,1,43,1,7,,4,7,20,7,11,0,09/06/2021,15:21,53044159,44159,0,0,0,2,1,0,,,,96,,,,,,9,,,,,,98841,53,67,130,1,1,0,0,0,0,,0,,,,,,0,,,1,1,9,0,0,9,8,,,0,,,1,8,8,95,,,96,,,2,98,997,,,,,,,,,,,,,,,,,,,,,,,,,,,,,,0,0,1,0,0,0,0,0,0,0,0,0,0,1,0,0,0,0,0,1,0,0,0,0,0,0,0,0,0,1,0,0,0,1,0,,1,0,0,0,0,0,0,0,0,0,0,1,0,0,0,0,,,,,,41-45,36-45,Interstate,R,Monday,Not Used,PV,White,0,1,0,0,State Route,State Patrol,Washington State Patrol,1,1,0,0,0,,,,,,0,0,0,,,,,,,,,,,98,98,98,1,,,,,20,,,,,,,,,1,0,,,,,,
2021,633,TECH031,32,03/11/2021,3:15,11,3,,47,Okanogan,1600,98,,8,98,2,1,0,1,1,,,,1,0,0,,1,0,1,6,1,2,4,0,3,0,0,CR-OMAK-RIVERSIDE EASTSIDE RD,,-119.4717944,48.46759167,0,1,98,9,1,98,6,0,0,1,2,1,1,8,2,1,1,1,1,53,0,52,47,2003,0,,1,,,,,,1,1,38,1,7,,4,7,98,7,11,0,03/11/2021,3:15,1.60053E+11,13280,0,0,3,2,1,0,,,,96,,,,,,98,,,,,,98841,53,72,190,1,1,1,1,0,2,,0,,,,,,0,07/15/2017,09/15/2020,9,1,9,0,0,9,8,,,0,,,8,8,2,695,605,,1,1,,2,1,0.135,,,,,,,,,,,,,,,,,,,,,,,,,,,,,,0,0,0,0,1,1,1,1,1,0,0,0,0,1,0,0,0,0,0,0,0,0,0,0,0,0,0,0,0,1,0,0,0,0,0,,1,0,0,0,0,1,1,1,0,0,0,1,0,0,0,1,,,,,,36-40,36-45,County road,R,Thursday,Unknown,PV,Multiracial,0,0,0,0,County Road,,,0,0,1,0,0,thc,6.6,carboxy-thc,22,,1,0,0,,,,,,,,,,,98,98,98,202,298,,,,20,,,,,,,,nms,0,0,,,,,,
2021,85,EB19556,6,04/01/2021,13:35,1,4,,17,Douglas,0,1,,1,0,0,1,0,3,2,,,,12,0,6,205.1,8,0,1,3,1,1,2,0,0,0,0,US-97,,-120.2017833,47.71499167,0,1,80,10,2,0,90,0,0,1,5,12,0,0,0,0,10,1,0,0,0,37,733,2013,0,,12,1,,,,,1,1,30,1,1,,4,7,20,7,11,0,04/01/2021,13:35,53015983,15983,0,0,0,1,1,38,,,,96,,,,,,98,,,,,,98843,53,66,170,6,1,0,0,0,1,,0,,,,,,0,11/15/2020,11/15/2020,20,1,9,0,0,9,8,,,0,,,8,8,8,95,,,96,,,2,98,997,,,,,,,,,,,,,,,,,,,,,,,,,,,,,,0,0,0,0,0,0,0,0,0,0,0,0,0,0,0,0,0,0,1,0,0,0,0,0,0,0,0,0,0,1,0,0,0,0,0,,0,0,0,0,0,0,0,0,0,0,1,0,0,0,0,0,,,,,,26-30,26-35,US highway,R,Thursday,,OTHVT,Hispanic,0,0,0,0,State Route,State Patrol,Washington State Patrol,0,1,0,0,0,,,,,,0,0,0,,,,,,,,,,,0,0,0,98,,,,,17,,,,,,,,,1,0,,,,,,
2021,470,EB89727,6,11/06/2021,15:50,6,11,,7,Chelan,0,10,,1,2,2,1,0,5,3,,,,12,0,6,154.1,1,0,1,3,1,1,2,0,0,0,0,US-097,,-120.60225,47.38725,0,3,98,62,4,60,34,0,0,1,5,54,3,2,3,1,14,2,1,53,0,12,481,2015,0,,54,,,,,,1,1,60,1,0,,0,0,3,0,11,0,,,,,0,0,0,3,1,0,,,,96,,,,,,0,,,,,,98843,53,69,185,6,1,0,0,0,1,,0,,,,,,0,12/15/2020,12/15/2020,20,0,0,0,8,9,8,,,0,,,8,8,8,95,,,96,,,8,95,995,,,,,,,,,,,,,,,,,,,,,,,,,,,,,,0,0,0,0,0,0,0,0,0,0,0,0,0,0,0,0,0,0,0,0,0,0,0,1,1,0,0,0,0,1,0,0,0,0,0,,0,0,0,0,0,0,0,0,0,0,0,0,0,0,0,0,,,,,,56-60,56-65,US highway,R,Saturday,Belt Used,PV,Not Fatal,0,1,1,0,State Route,State Patrol,Washington State Patrol,0,1,0,0,0,,,,,,0,0,0,,,,,,,,,,,98,98,98,0,,,,,20,,,,,,,,,1,14,,,,,,
2019,149,E922808,6,04/22/2019,14:45,22,4,,47,Okanogan,0,10,0,1,1,2,2,0,3,2,,,,12,0,2,279.2,2,0,2,3,1,1,2,0,0,0,0,US-97,ENGH RD,-119.4839306,48.43818889,0,2,69,62,4,60,15,0,0,1,7,12,1,1,3,1,1,2,1,53,0,20,421,2011,0,0,12,,,,,,1,1,71,1,7,,4,0,3,0,11,4,04/26/2019,14:07,2.11053E+11,19381,0,0,3,3,1,0,0,0,0,96,,,,,,0,,,,,,98844,53,71,165,6,1,0,0,0,1,,0,,,,,,0,03/15/2017,03/15/2017,8,0,0,0,0,9,8,,,0,0,0,8,0,2,348,,,1,,,2,1,0,,,,,,,,,,,,,,,,,,,,,,,,,,,,,,0,0,0,1,0,0,1,1,0,0,0,0,0,0,0,0,0,0,0,0,0,0,0,0,0,1,1,1,0,1,0,0,0,0,0,,1,0,0,0,0,0,1,1,0,0,0,0,0,0,1,0,,,,,,71-75,66-75,US highway,R,Monday,Belt Used,PV,White,1,0,0,0,State Route,State Patrol,Washington State Patrol,0,1,0,0,0,,,,,,0,0,0,,,,,,,,,,,98,98,98,1,,,,,20,7,,,,,,,,,,,,,,,
2019,451,E996994,6,12/23/2019,13:30,23,12,,47,Okanogan,0,1,0,1,1,2,1,0,2,1,,,,34,0,0,315.4,1,0,1,3,1,1,2,0,0,98,3,US-97,,-119.4205778,48.91855556,0,1,1,13,2,60,6,0,0,1,7,1,3,2,2,1,14,2,1,53,0,48,34,2004,0,0,63,67,34,1,,,1,1,19,2,0,,2,0,3,0,11,8,,,,,0,0,0,3,1,0,0,0,0,93,,,,,,0,,,,,,98844,53,68,192,6,1,0,0,0,0,,0,,,,,,0,,,1,0,0,0,8,9,8,,,0,0,0,8,0,8,95,,,96,,,8,95,995,,,,,,,,,,,,,,,,,,,,,,,,,,,,,,0,0,1,0,0,0,0,0,0,0,0,0,0,0,0,0,1,0,0,0,0,1,1,0,1,0,0,0,0,1,0,0,0,0,0,,0,0,0,0,0,0,0,0,1,0,0,0,0,0,0,0,,,,,,18-20,16-25,US highway,R,Monday,Belt Used,PV,Not Fatal,0,1,0,0,State Route,State Patrol,Washington State Patrol,1,1,0,0,0,,,,,,0,0,0,,,,,,,,,,,98,98,98,0,,,,,20,7,,,,,,,,,,,,,,,
2021,265,EB53936,6,07/29/2021,15:30,29,7,,47,Okanogan,1600,1,,1,1,2,1,1,1,1,,,,8,0,0,276.3,3,0,3,2,2,1,2,0,3,3,3,US-97,DAYTON ST,-119.5213389,48.40387222,0,1,13,80,5,50,14,0,0,1,5,8,1,1,3,1,1,1,2,53,0,35,401,2005,0,,8,,,,,,1,1,27,1,0,,0,0,3,0,11,0,,,,,0,0,0,3,1,0,,,,96,,,,,,98,,,,,,98844,53,68,160,6,1,0,1,0,0,,0,,,,,,0,02/15/2020,02/15/2020,20,0,0,0,8,9,8,,,0,,,8,8,0,0,,,0,,,0,0,996,,,,,,,,,,,,,,,,,,,,,,,,,,,,,,0,0,0,1,0,0,0,0,0,1,0,1,0,0,0,0,0,0,0,0,0,0,0,0,0,0,0,0,0,1,0,1,0,0,0,,0,0,0,0,0,0,0,0,0,0,0,0,0,0,0,0,,,,,,26-30,26-35,US highway,U,Thursday,Belt Used,PV,Not Fatal,1,0,0,0,State Route,State Patrol,Washington State Patrol,0,1,0,0,0,,,,,,0,0,1,,,,,,,,,,,98,98,98,0,,,,,20,,,,,,,,,1,0,,,,,,
2017,154,E674423,4,05/15/2017,13:55,15,5,0,1,Adams,0,1,0,1,1,2,1,0,1,1,13:55,14:06,,30,0,0,15.5,1,0,1,2,1,1,3,0,0,0,0,SR-17,,-119.1329417,46.87115833,0,1,6,12,2,60,66,2,0,1,2,2,1,1,2,1,1,1,2,53,0,84,881,2010,0,0,68,64,62,30,38,42,1,1,58,1,4,1,4,7,99,0,11,0,05/15/2017,13:57,53023192,23192,6,1,0,3,1,0,0,0,0,92,,,,,,99,,,,,,98846,53,74,190,6,1,0,2,3,2,0,0,,,,,,0,04/15/2014,11/15/2016,99,0,0,0,9,9,8,,,0,0,0,8,9,2,1,0,0,1,0,0,2,1,0,,,,,,,,,,,,,,,,,,,,,,,,,,,,,,0,0,1,0,0,0,0,0,0,0,0,0,0,0,0,0,1,0,0,0,0,0,0,0,0,0,0,0,0,0,1,0,0,0,0,,0,1,0,0,0,0,0,0,1,0,0,0,0,0,0,0,,,,,,56-60,56-65,State route,R,Monday,,MHTRUCK,Hispanic,0,1,0,0,State Route,State Patrol,Washington State Patrol Headquarter,1,1,0,0,0,,,,,,,,,,,,,,,,,,,,,,,,,,,,,,,,,,,,,,,,,,,
2018,272,E827448,6,08/10/2018,11:49,10,8,0,47,Okanogan,0,1,0,9,1,2,1,0,1,1,11:46,12:00,12:49,35,0,0,4.6,1,0,1,4,2,1,3,0,0,0,0,SR-153,,-119.9745167,48.07614444,0,1,2,13,2,60,4,0,0,1,2,1,3,1,2,1,14,1,1,53,0,12,17,1997,0,0,63,69,68,68,63,35,1,1,34,2,7,1,4,0,99,0,11,5,08/10/2018,13:33,19053035217,35217,0,0,0,3,1,58,0,0,0,96,,,,,,99,,,,,,98846,53,63,102,6,1,0,1,0,0,,0,,,,,,4,11/15/2016,11/15/2016,8,0,0,0,0,9,8,,,0,0,0,8,9,2,1,,,1,,,2,1,0.035,,,,,,,,,,,,,,,,,,,,,,,,,,,,,,0,0,0,0,1,0,0,0,0,0,0,0,1,0,0,0,0,0,0,0,0,0,0,0,0,0,0,0,0,1,0,0,0,0,0,,1,0,0,0,1,0,0,0,0,1,0,0,1,0,0,1,,,,,,31-35,26-35,State route,U,Friday,Unknown,PV,White,0,1,0,0,State Route,State Patrol,Washington State Patrol,1,1,0,0,0,,,,,,0,0,0,,,,,,,,,,,,,,,,,,,,,,,,,,,,,,,,,,,