year,case,par,repjur,crash_dt,crash_tm,accday,accmon,holiday,county,co_char,city,weather,weather2,lightcond,surfcond,surftype,numfatal,nmforms,pforms,vforms,not_tm,arr_tm,hosp_tm,fhevent,hitrun,manncol,milepnt,reljunc,reljuncinter,intersectiontype,funcsystem,landuse,ownership,route,schlbus,spejur,contdev,devfunc,trafid1,trafid2,x,y,wk_zone,vnumber,crashtype,criticalevent,criticaleventcat,spdlim,body,trailer,emerg,hazcargo,leave,mhevent,roadalgn,roadprof,traflane,trafflow,vehmanvr,numoccs,regowner,regstate,spuse,make,model,modelyr,vrf1,vrf2,seqevent1,seqevent2,seqevent3,seqevent4,seqevent5,seqevent6,pnumber,ptype,age,sex,hispanic,race,injury,diedscene,restraint,restraintmisuse,seatpos,takehosp,death_dt,death_tm,cert,cernum_wa,commlic,licendor,licrestrict,liccomp,drivpres,drf1,drf2,drf3,drf4,distract1,distract2,distract3,distract4,distract5,distract6,dricond1,dricond2,dricond3,dricond4,dricond5,dricond6,dzip,licstate,drhgt_in,weight,noncdl,noncdltype,prevdwi,prevoth,prevacc,prevspd,prevsus,driviol1,driviol2,driviol3,driviol4,driviol5,driviol6,spdrel,first_dt,last_dt,airbag,ejection,ejectpath,extricat,injurwrk,methalc,methdrug,nmlocat,strikveh,prf1,prf2,prf3,druginv,alcinvol,drugsts,drugres1,drugres2,drugres3,drugtst1,drugtst2,drugtst3,alcsts,alctst,alcres,nmact1,nmact2,nmact3,nmact4,nmact5,nmact6,nmprior1,nmprior2,nmprior3,nmprior4,nmprior5,nmprior6,nmcond1,nmcond2,nmcond3,nmcond4,nmcond5,nmcond6,nmsafe_helmet,nmsafe_pads,nmsafe_oth,nmprev_ref,nmprev_lgt,nmprev_oth,crashlocation,nmcrashtype,crosswalk,schoolzone,sidewalk,train_inv,wildlife_inv,rotr_fars,intersect_fars,dd_inv,aid_inv,dpd_inv,id_inv,mj_inv,impnm_inv,ainm_inv,dpnm_inv,speed_inv,unlic_inv,unendmc_inv,drowsy_inv,drdist_inv,nmdist_inv,fty_inv,unrestfat_inv,dr1617_inv,dr1820_inv,dr1620_inv,dr2125_inv,dr1625_inv,dr65_inv,dr70_inv,dr75_inv,mc_inv,pv_inv,ht_inv,ped_inv,bike_inv,unrest_fat,mc_fat,unhelmet_mc,pv_fat,ht_fat,ped_fat,bike_fat,dr_alc7,dr_alc8,dr_drug,dr_imp,dr_dist,dr_spd,dr_fty,dr_unlic,dr_alc7only,dr_alc8only,dr_drugonly,dr_drink,nm_imp,nm_alc7,nm_alc8,nm_drug,nm_dist,agegrp1,agegrp2,roadclass,urbrur,dayweek,restuse,vehtype,race_me,intersect,lanedep,oppdir,wrongway,rep_typ,investag,repag_long,rotr,st_rd,cty_rd,city_rd,oth_rd,drug_thc,thc_res,drug_cthc,cthc_res,drug_cann,prevpersemin,prevperse,prevsusoth,drugtst4,drugtst5,drugtst6,drugtst7,drugtst8,drugres4,drugres5,drugres6,drugres7,drugres8,adspresent,adsengaged,adslevel,race1,race2,race3,race4,race5,helmet,helmetmisuse,nmdistract1,nmdistract2,nmdistract3,nmdistract4,nmdistract5,nmdistract6,lab,isedtcase,crf1,crf2,crf3,CoRoadName,CoMP,IntCoRoadName,IntCoMP
2018,485,E880701,32,12/26/2018,9:56,26,12,0,47,Okanogan,1670,4,0,1,10,2,1,1,2,1,9:31,9:52,,15,0,0,0,2,0,2,7,2,4,6,0,0,0,0,WARREN AVE,EVELINE ST,-119.9089889,48.04901944,0,1,13,83,5,25,67,0,0,1,5,15,1,1,2,1,1,2,1,53,0,12,880,2018,0,0,15,,,,,,1,1,64,8,0,0,0,0,3,0,11,0,,,,,0,0,0,3,1,0,0,0,0,96,,,,,,99,,,,,,98846,53,69,170,6,1,0,0,0,0,,0,,,,,,0,,,20,0,0,0,8,9,8,,,0,0,0,8,1,8,95,,,96,,,8,95,995,,,,,,,,,,,,,,,,,,,,,,,,,,,,,,0,0,0,1,1,0,0,0,0,0,0,0,0,0,0,0,0,0,0,0,0,0,0,0,0,0,0,0,0,0,1,1,0,0,0,,0,0,0,0,0,0,0,0,0,0,0,0,0,0,0,1,,,,,,61-65,56-65,City street,U,Wednesday,Belt Used,MHTRUCK,Not Fatal,1,0,0,0,City Street,County Sheriff,Okanogan County Sheriff's Office,0,0,0,1,0,,,,,,0,0,0,,,,,,,,,,,,,,,,,,,,,,,,,,,,,,,,,,,
2021,384,EB73468,6,09/22/2021,15:00,22,9,,7,Chelan,0,1,,1,1,2,2,0,3,2,,,,12,0,6,105.2,2,0,2,2,1,1,2,0,0,20,3,US-2,DEADMAN HILL RD,-120.5819861,47.55288611,0,1,89,17,2,25,2,0,0,1,2,12,1,1,2,1,4,2,1,53,0,20,9,1979,0,,12,,,,,,1,1,60,2,7,,4,7,3,0,11,0,09/22/2021,15:00,53048793,48793,0,0,0,2,1,38,,,,96,,,,,,9,,,,,,98847,53,62,135,1,1,0,0,0,0,,0,,,,,,0,,,20,0,0,0,0,9,8,,,0,,,1,8,2,401,417,,1,1,,2,1,0,,,,,,,,,,,,,,,,,,,,,,,,,,,,,,0,0,0,1,0,0,1,1,0,0,0,0,0,1,0,0,0,0,1,0,0,0,0,0,0,0,0,0,0,1,0,0,0,0,0,,1,0,0,0,0,0,1,1,0,0,1,1,0,0,1,0,,,,,,56-60,56-65,US highway,R,Wednesday,Belt Used,PV,White,1,0,0,0,State Route,State Patrol,Washington State Patrol,0,1,0,0,0,,,,,,0,0,0,,,,,,,,,,,0,0,0,1,,,,,20,,,,,,,,,1,0,,,,,,
2017,178,E680633,6,05/25/2017,4:36,25,5,0,25,Grant,0,1,0,2,1,2,3,0,12,2,4:36,5:06,6:19,12,0,6,6.3,2,0,2,5,1,2,4,0,0,20,3,CR-ADAM RD S,FRENCHMAN HILLS RD W,-119.7605083,46.98635278,0,1,88,17,2,50,15,0,0,1,2,12,1,2,2,1,1,1,1,53,0,35,421,2005,0,0,12,,,,,,1,1,51,2,0,0,1,0,3,0,11,8,,,,,99,9,9,9,1,38,39,0,0,93,,,,,,0,,,,,,98848,96,,999,9,9,99,99,99,99,99,37,,,,,,0,,,8,0,0,0,8,9,8,,,0,0,0,8,0,0,0,0,0,0,0,0,0,0,996,,,,,,,,,,,,,,,,,,,,,,,,,,,,,,0,0,0,1,0,0,0,0,0,0,0,0,0,0,0,0,1,0,1,1,0,0,0,0,0,0,0,0,0,1,0,0,0,0,0,,0,0,0,0,0,0,0,0,1,0,1,0,0,0,0,0,,,,,,51-55,46-55,County road,R,Thursday,Belt Used,PV,Not Fatal,1,0,0,0,County Road,County Sheriff,Grant County Sheriff's Office,0,0,1,0,0,,,,,,,,,,,,,,,,,,,,,,,,,,,,,,,,,,,,,,,,,,,
2017,301,E700076,243,08/01/2017,8:15,1,8,0,25,Grant,1780,1,0,1,1,2,1,0,2,2,8:16,8:21,8:38,12,0,6,33.8,2,0,2,4,2,1,3,0,0,3,3,SR-28,SR-281,-119.8533806,47.23343889,0,1,83,17,2,35,20,0,0,1,2,12,1,1,8,1,1,1,1,53,0,37,441,2001,0,0,12,,,,,,1,1,88,1,7,1,4,0,20,0,11,5,08/03/2017,1:45,2.46053E+11,34177,0,0,3,3,1,39,0,0,0,0,,,,,,1,,,,,,98848,53,75,205,6,1,0,0,0,0,0,35,,,,,,0,,,1,0,0,0,0,9,8,,,0,0,0,8,0,0,0,0,0,0,0,0,0,0,996,,,,,,,,,,,,,,,,,,,,,,,,,,,,,,0,0,0,1,0,0,0,0,0,0,0,0,0,0,0,0,0,0,0,1,0,0,0,0,0,1,1,1,0,1,0,0,0,1,0,,1,0,0,0,0,0,0,0,0,0,0,0,0,0,0,0,,,,,,81+,76+,State route,U,Tuesday,Not Used,PV,White,1,0,0,0,State Route,Municipal/City Police,Quincy Police Department,0,1,0,0,0,,,,,,,,,,,,,,,,,,,,,,,,,,,,,,,,,,,,,,,,,,,
2017,378,E718835,6,09/18/2017,15:10,18,9,0,37,Kittitas,0,1,0,1,1,1,1,0,6,3,15:11,15:40,,12,0,1,80.8,1,0,1,1,1,1,1,0,0,0,0,I-90,,-120.9712583,47.19186667,0,2,28,50,3,70,4,0,0,1,5,12,1,1,2,3,1,2,2,53,0,49,32,2003,0,0,12,12,,,,,1,1,18,1,0,0,0,0,99,0,11,0,,,,,0,0,0,3,1,0,0,0,0,96,,,,,,0,,,,,,98848,53,66,170,6,1,0,0,0,0,0,0,,,,,,0,,,20,0,0,0,8,9,8,,,0,0,0,8,0,0,0,0,0,0,0,0,0,0,996,,,,,,,,,,,,,,,,,,,,,,,,,,,,,,0,0,0,0,0,0,0,0,0,0,0,0,0,0,0,0,1,0,0,0,0,1,1,0,1,0,0,0,0,1,1,0,0,0,0,,0,0,0,0,0,0,0,0,0,0,0,0,0,0,0,0,,,,,,18-20,16-25,Interstate,R,Monday,Unknown,PV,Not Fatal,0,0,0,0,State Route,State Patrol,Washington State Patrol Headquarter,0,1,0,0,0,,,,,,,,,,,,,,,,,,,,,,,,,,,,,,,,,,,,,,,,,,,
2018,61,E776103,6,03/03/2018,12:10,3,3,0,37,Kittitas,0,1,0,1,1,2,1,0,2,1,,,,35,0,0,121.7,1,0,1,1,1,1,1,0,0,0,0,I-90,,-120.2575722,46.95036944,0,1,7,6,1,70,4,0,0,1,2,1,3,2,4,2,14,2,1,53,0,35,43,2005,0,0,64,35,1,,,,1,1,30,1,6,1,4,7,3,0,11,0,03/03/2018,12:10,53010987,10987,0,0,0,3,1,0,0,0,0,96,,,,,,99,,,,,,98848,53,64,130,6,1,0,0,0,1,,0,,,,,,3,11/15/2017,11/15/2017,20,0,0,0,0,9,8,,,0,0,0,8,9,2,1,,,14,,,2,4,0,,,,,,,,,,,,,,,,,,,,,,,,,,,,,,0,0,0,0,0,0,0,0,0,0,0,0,1,0,0,0,0,0,0,0,0,0,0,0,0,0,0,0,0,1,0,0,0,0,0,,1,0,0,0,0,0,0,0,0,1,0,0,0,0,0,0,,,,,,26-30,26-35,Interstate,R,Saturday,Belt Used,PV,Hispanic,0,1,0,0,State Route,State Patrol,Washington State Patrol Headquarter,1,1,0,0,0,,,,,,0,0,0,,,,,,,,,,,,,,,,,,,,,,,,,,,,,,,,,,,
2018,160,E808678,21,06/03/2018,22:30,3,6,0,25,Grant,0,1,0,2,1,7,1,0,2,1,,,,1,0,0,9.6,1,0,1,7,1,2,4,0,0,0,0,CR-ROAD P NW,,-119.8327139,47.27206667,0,1,2,13,2,50,2,0,0,1,7,1,3,2,2,1,14,2,1,53,0,19,18,2011,0,0,63,1,,,,,1,1,48,2,0,0,3,0,3,0,11,4,,,,,0,0,0,3,1,58,0,0,0,96,,,,,,99,,,,,,98848,53,65,160,6,1,1,1,0,0,,1,,,,,,3,08/15/2016,11/15/2016,8,0,0,0,8,9,8,,,0,0,0,8,1,8,95,,,96,,,8,95,995,,,,,,,,,,,,,,,,,,,,,,,,,,,,,,0,0,0,0,1,0,0,0,0,0,0,0,1,0,0,0,0,0,0,1,0,0,0,0,0,0,0,0,0,1,0,0,0,0,0,,0,0,0,0,0,0,0,0,0,1,0,0,0,0,0,1,,,,,,46-50,46-55,County road,R,Sunday,Belt Used,PV,Not Fatal,0,1,0,0,County Road,County Sheriff,Grant County Sheriff's Office,1,0,1,0,0,,,,,,0,1,0,,,,,,,,,,,,,,,,,,,,,,,,,,,,,,,,,,,
2018,232,E819635,21,07/06/2018,19:22,6,7,0,25,Grant,0,1,0,1,1,7,1,0,4,2,19:18,19:33,20:01,12,0,6,2,2,0,2,7,1,2,4,0,0,0,0,CR-RD 9 NW,RD S NW,-119.8965833,47.21844722,0,2,88,66,4,50,67,0,0,1,7,12,8,8,2,1,1,1,1,53,0,12,880,2016,0,0,12,,,,,,1,1,30,1,0,0,2,0,3,0,11,0,,,,,0,0,0,3,1,0,0,0,0,96,,,,,,0,,,,,,98848,53,68,180,6,1,0,0,1,3,,0,,,,,,0,04/15/2014,06/15/2017,1,0,0,0,8,9,8,,,0,0,0,8,0,8,95,,,96,,,8,95,995,,,,,,,,,,,,,,,,,,,,,,,,,,,,,,0,0,0,1,0,0,0,0,0,0,0,0,0,0,0,0,0,0,1,0,0,1,1,0,1,0,0,0,0,1,1,0,0,0,0,,0,0,0,0,0,0,0,0,0,0,0,0,0,0,0,0,,,,,,26-30,26-35,County road,R,Friday,Belt Used,MHTRUCK,Not Fatal,1,0,0,0,County Road,County Sheriff,Grant County Sheriff's Office,0,0,1,0,0,,,,,,0,0,0,,,,,,,,,,,,,,,,,,,,,,,,,,,,,,,,,,,
2018,231,E820628,6,07/07/2018,0:32,7,7,0,25,Grant,0,1,0,2,6,2,1,0,2,2,0:25,0:35,,12,0,7,34.8,1,0,1,3,1,1,3,0,0,0,0,SR-28,,-119.8336556,47.23402778,0,2,45,98,7,60,14,0,0,1,2,12,1,1,2,1,1,1,2,53,0,20,403,2004,0,0,63,69,12,,,,1,1,24,2,1,1,4,7,20,0,11,0,07/07/2018,0:32,1.78053E+11,30167,0,0,3,3,1,0,0,0,0,96,,,,,,0,,,,,,98848,53,64,200,6,1,0,2,0,2,,0,,,,,,0,08/15/2013,06/15/2017,20,1,9,0,0,9,8,,,0,0,0,8,9,2,1,,,1,,,2,1,0.03,,,,,,,,,,,,,,,,,,,,,,,,,,,,,,0,0,0,0,1,0,0,0,0,0,0,0,0,1,0,0,0,0,0,1,0,0,0,1,1,0,0,0,0,1,0,0,0,1,0,,1,0,0,0,1,0,0,0,0,0,0,0,1,0,0,1,,,,,,21-25,16-25,State route,R,Saturday,Not Used,PV,Hispanic,0,0,0,0,State Route,State Patrol,Washington State Patrol,0,1,0,0,0,,,,,,0,0,0,,,,,,,,,,,,,,,,,,,,,,,,,,,,,,,,,,,
2018,349,E845515,21,10/01/2018,5:59,1,10,0,25,Grant,0,1,0,2,1,2,1,0,3,2,5:59,6:12,6:46,12,0,6,22.2,4,0,1,5,1,2,4,0,0,0,0,CR-ADAMS RD N,,-119.7681111,47.212525,0,2,69,62,4,60,4,0,0,1,7,12,1,1,2,1,1,1,1,53,0,35,47,2005,0,0,12,,,,,,1,1,42,1,0,0,1,0,3,0,11,5,,,,,0,0,0,3,1,0,0,0,0,96,,,,,,0,,,,,,98848,53,63,160,6,1,0,0,1,1,,0,,,,,,0,02/15/2015,06/15/2015,1,0,0,0,8,9,8,,,0,0,0,8,0,8,95,,,96,,,8,95,995,,,,,,,,,,,,,,,,,,,,,,,,,,,,,,0,0,0,0,0,0,0,0,0,0,0,0,0,1,0,0,1,0,1,0,0,0,0,0,0,1,0,0,0,1,0,0,0,0,0,,0,0,0,0,0,0,0,0,0,0,0,0,0,0,0,0,,,,,,41-45,36-45,County road,R,Monday,Belt Used,PV,Not Fatal,0,0,0,0,County Road,County Sheriff,Grant County Sheriff's Office,0,0,1,0,0,,,,,,0,0,0,,,,,,,,,,,,,,,,,,,,,,,,,,,,,,,,,,,
2019,402,E981386,6,11/06/2019,5:44,6,11,,17,Douglas,0,1,0,2,1,2,1,0,5,3,,,,12,0,7,7.6,1,0,1,3,2,1,3,0,0,0,0,SR-28,,-120.2365028,47.38299444,0,3,45,60,4,60,15,0,0,1,5,12,1,2,2,1,1,3,1,53,0,23,421,1995,0,0,12,,,,,,1,1,24,1,0,,0,0,3,0,11,0,,,,,0,0,0,3,1,0,0,0,0,96,,,,,,0,,,,,,98848,53,67,125,6,1,0,0,0,0,,0,,,,,,0,,,20,0,0,0,8,9,8,,,0,0,0,8,0,8,95,,,96,,,8,95,995,,,,,,,,,,,,,,,,,,,,,,,,,,,,,,0,0,0,0,1,1,0,1,0,0,0,0,0,1,0,0,0,0,0,1,0,0,0,1,1,0,0,0,0,1,0,0,0,0,0,,0,0,0,0,0,0,0,0,0,0,0,0,0,0,0,0,,,,,,21-25,16-25,State route,U,Wednesday,Belt Used,PV,Not Fatal,0,0,0,0,State Route,State Patrol,Washington State Patrol,0,1,0,0,0,,,,,,0,0,0,,,,,,,,,,,0,0,0,0,,,,,20,7,,,,,,,,,,,,,,,
2020,173,EA39778,6,06/07/2020,13:05,7,6,,17,Douglas,0,1,,1,1,1,2,0,14,3,,,,12,0,8,203.6,1,0,1,2,1,1,2,0,0,0,0,US-97,,-120.1903417,47.6946,0,3,98,98,7,60,67,1,0,1,2,12,1,1,2,1,1,3,3,53,0,23,880,2019,0,,12,1,,,,,1,1,72,1,0,,1,0,3,0,11,4,,,,,6,0,3,3,1,0,,,,96,,,,,,0,,,,,,98848,53,72,200,6,1,0,0,0,0,,0,,,,,,0,,,8,0,0,0,8,9,8,,,0,,,8,8,0,0,,,0,,,0,0,996,,,,,,,,,,,,,,,,,,,,,,,,,,,,,,0,0,0,0,0,0,0,0,0,0,0,0,0,0,0,0,1,0,0,1,0,0,0,0,0,1,1,1,0,1,1,0,0,0,0,,0,0,0,0,0,0,0,0,0,0,0,0,0,0,0,0,,,,,,71-75,66-75,US highway,R,Sunday,,MHTRUCK,Not Fatal,0,1,1,0,State Route,State Patrol,Washington State Patrol,0,1,0,0,0,,,,,,0,0,0,,,,,,,,,,,98,98,98,0,,,,,20,7,,,,,,,,1,0,,,,,,
2020,197,EA42879,21,06/19/2020,6:02,19,6,,25,Grant,0,1,,1,1,7,1,0,1,1,6:23,6:48,,1,0,0,4.9,1,0,1,6,1,2,4,0,0,0,0,CR-ROAD 9 NW,,-119.6641528,47.22035833,0,1,2,1,1,55,4,0,0,1,2,1,1,1,2,1,1,1,2,53,0,37,32,2003,0,,61,68,68,63,1,,1,1,22,1,1,,4,7,20,7,11,0,06/19/2020,6:02,53028503,28503,0,0,0,2,1,80,,,,96,,,,,,98,,,,,,98848,53,65,145,1,1,0,1,0,6,,0,,,,,,3,02/15/2016,09/15/2019,8,1,9,0,0,9,8,,,0,,,8,8,8,95,,,96,,,8,95,995,,,,,,,,,,,,,,,,,,,,,,,,,,,,,,0,0,0,0,0,0,0,0,0,0,0,0,1,1,0,0,0,0,0,1,0,0,0,1,1,0,0,0,0,1,0,0,0,1,0,,1,0,0,0,0,0,0,0,0,1,0,1,0,0,0,0,,,,,,21-25,16-25,County road,R,Friday,Not Used,PV,Hispanic,0,1,0,0,County Road,County Sheriff,Grant County Sheriff's Office,1,0,1,0,0,,,,,,0,0,5,,,,,,,,,,,98,98,98,1,,,,,20,7,,,,,,,,1,0,,,9 NW,4.89,,
2020,237,EA48702,6,07/18/2020,19:35,18,7,,17,Douglas,0,1,,1,1,2,1,0,3,2,19:34,19:45,20:49,12,0,6,20,1,0,1,3,1,1,3,0,0,0,0,SR-28,,-120.0658917,47.27953056,0,1,98,13,2,60,4,0,0,1,2,12,4,2,2,1,14,2,1,53,0,35,39,2001,0,,63,69,68,12,63,24,1,1,41,1,0,,3,0,3,0,11,5,,,,,0,0,0,3,1,58,91,,,0,,,,,,8,9,,,,,98848,53,64,188,6,1,0,0,0,0,,1,,,,,,0,,,8,0,0,0,8,9,8,,,0,,,8,1,2,1,,,1,,,2,1,0.19,,,,,,,,,,,,,,,,,,,,,,,,,,,,,,0,0,0,0,1,1,0,1,0,0,0,0,0,0,0,0,0,0,0,0,0,0,0,0,0,0,0,0,0,1,0,0,0,0,0,,0,0,0,0,0,1,0,1,0,0,0,0,0,1,0,1,,,,,,41-45,36-45,State route,R,Saturday,Belt Used,PV,Not Fatal,0,1,1,0,State Route,State Patrol,Washington State Patrol,0,1,0,0,0,,,,,,0,0,0,,,,,,,,,,,98,98,98,0,,,,,20,7,,,,,,,,1,0,,,,,,
2020,237,EA48702,6,07/18/2020,19:35,18,7,,17,Douglas,0,1,,1,1,2,1,0,3,2,19:34,19:45,20:49,12,0,6,20,1,0,1,3,1,1,3,0,0,0,0,SR-28,,-120.0658917,47.27953056,0,2,98,62,4,60,34,0,0,1,2,12,4,2,2,1,14,1,1,53,0,20,473,2015,0,,12,67,,,,,1,1,30,1,0,,3,0,3,0,11,5,,,,,0,0,0,3,1,0,,,,96,,,,,,0,,,,,,98848,53,74,195,6,1,0,0,0,0,,0,,,,,,0,,,8,0,0,0,8,9,8,,,0,,,8,8,0,0,,,0,,,0,0,996,,,,,,,,,,,,,,,,,,,,,,,,,,,,,,0,0,0,0,1,1,0,1,0,0,0,0,0,0,0,0,0,0,0,0,0,0,0,0,0,0,0,0,0,1,0,0,0,0,0,,0,0,0,0,0,0,0,0,0,0,0,0,0,0,0,0,,,,,,26-30,26-35,State route,R,Saturday,Belt Used,PV,Not Fatal,0,1,1,0,State Route,State Patrol,Washington State Patrol,0,1,0,0,0,,,,,,0,0,0,,,,,,,,,,,98,98,98,0,,,,,20,7,,,,,,,,1,0,,,,,,
2021,275,EB55170,21,07/26/2021,4:33,26,7,,25,Grant,0,1,,2,1,2,1,0,2,2,,,,12,0,1,3.6,1,0,1,7,1,2,4,0,0,0,0,CR-ROAD 9 NW,,-119.9309306,47.21841944,0,2,24,51,3,50,4,0,0,1,2,12,1,1,2,1,1,1,2,53,0,37,32,2010,0,,12,,,,,,1,1,16,1,0,,0,0,3,0,11,0,,,,,0,0,2,3,1,10,73,,,0,,,,,,98,,,,,,98848,53,72,220,6,2,0,0,0,0,,0,,,,,,0,,,1,0,0,0,8,9,8,,,0,,,8,8,8,95,,,96,,,8,95,995,,,,,,,,,,,,,,,,,,,,,,,,,,,,,,0,0,0,0,0,0,0,0,0,0,0,0,0,0,0,0,0,0,0,0,1,0,1,0,1,0,0,0,0,1,0,0,0,0,0,,0,0,0,0,0,0,0,0,0,0,0,0,0,0,0,0,,,,,,16-17,16-25,County road,R,Monday,Belt Used,PV,Not Fatal,0,0,0,0,County Road,County Sheriff,Grant County Sheriff's Office,0,0,1,0,0,,,,,,0,0,0,,,,,,,,,,,98,98,98,0,,,,,20,,,,,,,,,1,0,,,9 NW,3.63,NULL,
2021,438,EB83265,6,10/18/2021,18:17,18,10,,25,Grant,0,1,,5,1,2,1,0,3,3,,,,12,0,6,2.7,2,0,2,2,2,1,3,0,0,0,0,SR-282,AIRPORT RD SE,-119.5110694,47.28950833,0,2,87,66,4,60,4,0,0,1,2,12,1,1,4,1,1,1,9,99,0,20,2,1966,0,,12,68,12,,,,1,1,22,1,7,,4,0,99,7,11,5,10/18/2021,19:55,68053053315,53315,0,0,0,3,1,0,,,,96,,,,,,98,,,,,,98848,53,71,165,6,1,0,3,1,2,,0,,,,,,0,08/15/2017,03/15/2019,20,0,0,0,0,9,8,,,0,,,8,8,2,695,605,,1,1,,2,1,0,,,,,,,,,,,,,,,,,,,,,,,,,,,,,,0,0,0,1,0,0,1,1,1,0,0,0,0,0,0,0,0,0,1,0,0,1,1,1,1,1,1,1,0,1,0,0,0,0,0,,1,0,0,0,0,0,1,1,0,0,0,0,0,0,1,0,,,,,,21-25,16-25,State route,U,Monday,Unknown,PV,White,1,0,0,0,State Route,State Patrol,Washington State Patrol,0,1,0,0,0,thc,21,carboxy-thc,17,,0,0,0,,,,,,,,,,,0,0,0,1,,,,,20,,,,,,,,nms,1,0,,,,,,
2017,28,E636871,1,01/22/2017,14:46,22,1,0,5,Benton,2475,1,0,1,1,2,1,0,2,2,,,,12,0,6,5.1,2,0,2,5,2,1,3,0,0,0,0,SR-224,KEENE RD,-119.3892361,46.28617222,0,2,88,66,4,55,34,1,0,1,2,12,8,8,5,1,1,1,1,53,0,12,481,1999,0,0,12,,,,,,1,1,52,2,0,0,1,0,3,0,11,4,,,,,0,0,0,3,1,0,0,0,0,0,,,,,,0,,,,,,98849,53,67,160,6,1,0,0,0,0,0,0,,,,,,0,,,20,0,0,0,8,9,8,,,0,0,0,8,0,2,1,0,0,1,0,0,2,1,0,,,,,,,,,,,,,,,,,,,,,,,,,,,,,,0,0,0,1,0,0,0,0,0,0,0,0,0,0,0,0,0,0,1,0,0,0,0,0,0,0,0,0,0,1,0,0,0,0,0,,0,0,0,0,0,0,0,0,0,0,0,0,0,0,0,0,,,,,,51-55,46-55,State route,U,Sunday,Belt Used,PV,Not Fatal,1,0,0,0,State Route,State Patrol,Washington State Patrol,0,1,0,0,0,,,,,,,,,,,,,,,,,,,,,,,,,,,,,,,,,,,,,,,,,,,
2018,232,E819635,21,07/06/2018,19:22,6,7,0,25,Grant,0,1,0,1,1,7,1,0,4,2,19:18,19:33,20:01,12,0,6,2,2,0,2,7,1,2,4,0,0,20,3,CR-RD 9 NW,RD S NW,-119.8965833,47.21844722,0,1,89,17,2,50,4,0,0,1,7,12,1,2,2,1,4,3,1,53,0,35,47,2007,0,0,12,,,,,,1,1,19,1,1,1,4,0,3,0,11,5,07/06/2018,22:35,1.78053E+11,31016,0,0,0,3,1,38,0,0,0,96,,,,,,0,,,,,,98849,53,63,160,6,1,0,0,0,0,,0,,,,,,0,,,8,0,0,0,0,9,8,,,0,0,0,8,0,2,1,,,1,,,2,1,0,,,,,,,,,,,,,,,,,,,,,,,,,,,,,,0,0,0,1,0,0,0,0,0,0,0,0,0,0,0,0,0,0,1,0,0,1,1,0,1,0,0,0,0,1,1,0,0,0,0,,1,0,0,0,0,0,0,0,0,0,1,0,0,0,0,0,,,,,,18-20,16-25,County road,R,Friday,Belt Used,PV,Hispanic,1,0,0,0,County Road,County Sheriff,Grant County Sheriff's Office,0,0,1,0,0,,,,,,0,0,0,,,,,,,,,,,,,,,,,,,,,,,,,,,,,,,,,,,
2019,149,E922808,6,04/22/2019,14:45,22,4,,47,Okanogan,0,10,0,1,1,2,2,0,3,2,,,,12,0,2,279.2,2,0,2,3,1,1,2,0,0,0,0,US-97,ENGH RD,-119.4839306,48.43818889,0,1,68,15,2,60,4,0,0,1,7,12,1,1,2,1,11,1,1,53,0,18,22,2009,0,0,12,,,,,,1,1,87,1,7,,4,0,3,0,11,4,04/22/2019,15:33,1.60053E+11,19101,0,0,0,3,1,48,0,0,0,96,,,,,,0,,,,,,98849,53,73,250,6,1,0,0,0,0,,0,,,,,,0,,,8,0,0,0,0,9,8,,,0,0,0,8,0,2,1,,,1,,,2,1,0,,,,,,,,,,,,,,,,,,,,,,,,,,,,,,0,0,0,1,0,0,1,1,0,0,0,0,0,0,0,0,0,0,0,0,0,0,0,0,0,1,1,1,0,1,0,0,0,0,0,,1,0,0,0,0,0,0,0,0,0,0,0,0,0,0,0,,,,,,81+,76+,US highway,R,Monday,Belt Used,PV,White,1,0,0,0,State Route,State Patrol,Washington State Patrol,0,1,0,0,0,,,,,,0,0,0,,,,,,,,,,,98,98,98,1,,,,,20,7,,,,,,,,,,,,,,,
2018,314,E833280,6,08/10/2018,10:56,10,8,0,25,Grant,0,1,0,1,1,2,1,0,4,2,10:56,11:07,11:34,12,0,6,29.1,2,0,2,3,1,1,3,0,0,0,0,SR-28,ROAD 10 NW,-119.9536417,47.23300278,0,2,69,62,4,60,4,0,0,1,7,12,1,1,4,1,1,2,1,53,0,37,32,1993,0,0,12,,,,,,1,1,44,2,0,0,3,0,3,0,11,5,,,,,0,0,0,3,1,0,0,0,0,96,,,,,,0,,,,,,98850,53,70,125,6,1,0,4,2,0,,0,,,,,,0,01/15/2015,01/15/2017,20,0,0,0,8,9,8,,,0,0,0,8,0,8,95,,,96,,,8,95,995,,,,,,,,,,,,,,,,,,,,,,,,,,,,,,0,0,0,1,0,0,1,1,0,0,0,0,0,0,0,0,0,0,1,0,0,0,0,0,0,1,1,1,0,1,0,0,0,0,0,,0,0,0,0,0,0,0,0,0,0,0,0,0,0,0,0,,,,,,41-45,36-45,State route,R,Friday,Belt Used,PV,Not Fatal,0,0,0,0,State Route,State Patrol,Washington State Patrol,0,1,0,0,0,,,,,,0,0,0,,,,,,,,,,,,,,,,,,,,,,,,,,,,,,,,,,,
2021,224,EB48197,21,06/13/2021,8:18,13,6,,25,Grant,0,1,,1,1,2,1,0,4,2,,,,12,0,2,17.3,1,0,1,6,1,1,4,0,0,0,0,CR-N FRONTAGE RD,,-119.4087,47.10453333,0,1,50,10,2,55,6,0,0,1,2,12,1,1,2,1,1,3,2,53,0,13,14,2010,0,,68,12,1,,,,1,1,43,1,0,,1,0,3,0,11,0,,,,,0,0,0,2,1,28,,,,96,,,,,,9,,,,,,98850,53,70,260,1,1,0,1,1,1,,97,,,,,,0,02/15/2019,06/15/2021,20,0,0,0,8,9,8,,,0,,,1,8,2,401,417,,1,1,,2,1,0,,,,,,,,,,,,,,,,,,,,,,,,,,,,,,0,0,0,0,0,0,1,1,0,0,0,0,0,1,0,0,0,0,0,0,0,0,0,0,0,1,1,0,0,1,0,0,0,0,0,,0,0,0,0,0,0,1,1,0,0,0,1,0,0,1,0,,,,,,41-45,36-45,County road,R,Sunday,Belt Used,PV,Not Fatal,0,1,1,0,State Route,County Sheriff,Grant County Sheriff's Office,0,1,0,0,0,,,,,,0,0,1,,,,,,,,,,,98,98,98,0,,,,,20,,,,,,,,,1,0,,,,,,