year,case,par,repjur,crash_dt,crash_tm,accday,accmon,holiday,county,co_char,city,weather,weather2,lightcond,surfcond,surftype,numfatal,nmforms,pforms,vforms,not_tm,arr_tm,hosp_tm,fhevent,hitrun,manncol,milepnt,reljunc,reljuncinter,intersectiontype,funcsystem,landuse,ownership,route,schlbus,spejur,contdev,devfunc,trafid1,trafid2,x,y,wk_zone,vnumber,crashtype,criticalevent,criticaleventcat,spdlim,body,trailer,emerg,hazcargo,leave,mhevent,roadalgn,roadprof,traflane,trafflow,vehmanvr,numoccs,regowner,regstate,spuse,make,model,modelyr,vrf1,vrf2,seqevent1,seqevent2,seqevent3,seqevent4,seqevent5,seqevent6,pnumber,ptype,age,sex,hispanic,race,injury,diedscene,restraint,restraintmisuse,seatpos,takehosp,death_dt,death_tm,cert,cernum_wa,commlic,licendor,licrestrict,liccomp,drivpres,drf1,drf2,drf3,drf4,distract1,distract2,distract3,distract4,distract5,distract6,dricond1,dricond2,dricond3,dricond4,dricond5,dricond6,dzip,licstate,drhgt_in,weight,noncdl,noncdltype,prevdwi,prevoth,prevacc,prevspd,prevsus,driviol1,driviol2,driviol3,driviol4,driviol5,driviol6,spdrel,first_dt,last_dt,airbag,ejection,ejectpath,extricat,injurwrk,methalc,methdrug,nmlocat,strikveh,prf1,prf2,prf3,druginv,alcinvol,drugsts,drugres1,drugres2,drugres3,drugtst1,drugtst2,drugtst3,alcsts,alctst,alcres,nmact1,nmact2,nmact3,nmact4,nmact5,nmact6,nmprior1,nmprior2,nmprior3,nmprior4,nmprior5,nmprior6,nmcond1,nmcond2,nmcond3,nmcond4,nmcond5,nmcond6,nmsafe_helmet,nmsafe_pads,nmsafe_oth,nmprev_ref,nmprev_lgt,nmprev_oth,crashlocation,nmcrashtype,crosswalk,schoolzone,sidewalk,train_inv,wildlife_inv,rotr_fars,intersect_fars,dd_inv,aid_inv,dpd_inv,id_inv,mj_inv,impnm_inv,ainm_inv,dpnm_inv,speed_inv,unlic_inv,unendmc_inv,drowsy_inv,drdist_inv,nmdist_inv,fty_inv,unrestfat_inv,dr1617_inv,dr1820_inv,dr1620_inv,dr2125_inv,dr1625_inv,dr65_inv,dr70_inv,dr75_inv,mc_inv,pv_inv,ht_inv,ped_inv,bike_inv,unrest_fat,mc_fat,unhelmet_mc,pv_fat,ht_fat,ped_fat,bike_fat,dr_alc7,dr_alc8,dr_drug,dr_imp,dr_dist,dr_spd,dr_fty,dr_unlic,dr_alc7only,dr_alc8only,dr_drugonly,dr_drink,nm_imp,nm_alc7,nm_alc8,nm_drug,nm_dist,agegrp1,agegrp2,roadclass,urbrur,dayweek,restuse,vehtype,race_me,intersect,lanedep,oppdir,wrongway,rep_typ,investag,repag_long,rotr,st_rd,cty_rd,city_rd,oth_rd,drug_thc,thc_res,drug_cthc,cthc_res,drug_cann,prevpersemin,prevperse,prevsusoth,drugtst4,drugtst5,drugtst6,drugtst7,drugtst8,drugres4,drugres5,drugres6,drugres7,drugres8,adspresent,adsengaged,adslevel,race1,race2,race3,race4,race5,helmet,helmetmisuse,nmdistract1,nmdistract2,nmdistract3,nmdistract4,nmdistract5,nmdistract6,lab,isedtcase,crf1,crf2,crf3,CoRoadName,CoMP,IntCoRoadName,IntCoMP
2021,461,EB88236,6,11/03/2021,17:47,3,11,,17,Douglas,0,10,,5,1,2,1,0,2,2,,,,12,0,6,9.5,1,0,1,2,2,1,3,0,0,0,0,SR-028,,-120.1954806,47.37785278,0,1,66,13,2,60,4,0,0,1,2,12,1,1,3,1,1,1,2,53,0,12,17,1994,0,,63,69,68,12,,,1,1,34,1,7,,4,7,3,0,11,0,11/03/2021,18:02,53057679,57679,0,0,0,2,1,58,,,,96,,,,,,98,,,,,,98850,53,68,160,3,1,0,1,1,0,,0,,,,,,0,11/15/2021,09/15/2021,1,0,0,0,0,9,8,,,0,,,8,8,8,95,,,96,,,8,95,995,,,,,,,,,,,,,,,,,,,,,,,,,,,,,,0,0,0,0,0,0,0,0,0,0,0,0,0,1,0,0,0,0,0,0,0,0,0,0,0,0,0,0,0,1,0,0,0,0,0,,1,0,0,0,0,0,0,0,0,0,0,1,0,0,0,0,,,,,,31-35,26-35,State route,U,Wednesday,Belt Used,PV,White,0,1,1,0,State Route,State Patrol,Washington State Patrol,0,1,0,0,0,,,,,,0,0,0,,,,,,,,,,,0,0,0,1,,,,,20,,,,,,,,,1,0,,,,,,
2019,56,E897795,4,02/27/2019,8:24,27,2,,1,Adams,0,4,0,1,10,2,1,0,2,2,,,,12,0,6,87.5,1,0,1,3,1,1,3,0,0,0,0,SR-26,,-118.2216333,46.74230833,0,1,66,6,1,65,14,0,0,1,2,1,1,1,2,1,1,1,1,53,0,48,403,2019,0,0,12,63,1,,,,1,1,29,2,7,,4,7,3,0,11,0,02/27/2019,9:58,2.43053E+11,10223,0,0,3,3,1,87,0,0,0,96,,,,,,99,,,,,,98851,53,66,170,6,1,0,0,0,0,,0,,,,,,4,,,8,0,0,0,0,9,8,,,0,0,0,8,0,2,1,,,1,,,2,1,0,,,,,,,,,,,,,,,,,,,,,,,,,,,,,,0,0,0,0,0,0,0,0,0,0,0,0,1,0,0,0,0,0,0,0,0,0,0,0,0,0,0,0,0,1,1,0,0,0,0,,1,0,0,0,0,0,0,0,0,1,0,0,0,0,0,0,,,,,,26-30,26-35,State route,R,Wednesday,Belt Used,PV,White,0,1,1,0,State Route,State Patrol,Washington State Patrol,0,1,0,0,0,,,,,,0,0,0,,,,,,,,,,,98,98,98,1,,,,,20,7,,,,,,,,,,,,,,,
2019,194,E933789,6,06/09/2019,3:55,9,6,,25,Grant,0,1,0,2,1,2,1,0,8,4,,,,35,0,0,55.4,1,0,1,3,1,1,3,0,0,0,0,SR-17,,-119.4005278,47.22272222,0,1,6,12,2,60,34,0,0,1,7,1,1,1,2,1,1,1,2,53,0,12,481,2002,0,0,68,64,35,1,60,54,1,1,23,2,7,,4,7,20,7,11,0,06/09/2019,3:55,53026373,26373,0,0,3,2,1,0,0,0,0,96,,,,,,2,,,,,,98851,53,66,180,1,1,0,4,0,0,,0,,,,,,0,10/15/2014,08/15/2018,1,1,9,0,0,9,8,,,0,0,0,8,9,8,95,,,96,,,8,95,995,,,,,,,,,,,,,,,,,,,,,,,,,,,,,,0,0,1,0,0,0,0,0,0,0,0,0,0,1,0,1,0,0,0,1,0,0,0,1,1,0,0,0,0,1,0,0,0,1,0,,1,0,0,0,0,0,0,0,0,0,0,1,0,0,0,0,,,,,,21-25,16-25,State route,R,Sunday,Not Used,PV,White,0,1,0,0,State Route,State Patrol,Washington State Patrol,1,1,0,0,0,,,,,,0,0,6,,,,,,,,,,,98,98,98,1,,,,,20,7,,,,,,,,,,,,,,,
2021,120,EB26039,6,04/21/2021,11:07,21,4,,25,Grant,680,1,,1,1,2,1,1,2,1,,,,8,0,0,51.7,3,0,2,4,2,1,3,0,0,3,3,SR-28,FIRST AVE NW,-119.5509694,47.32165833,0,1,13,80,5,25,67,0,0,1,5,8,1,1,3,1,11,2,1,53,0,12,880,2005,0,,8,,,,,,1,1,32,2,0,,0,0,3,0,11,0,,,,,0,0,0,3,1,38,,,,96,,,,,,98,,,,,,98851,53,62,115,6,1,0,0,0,0,,46,,,,,,0,,,20,0,0,0,8,9,8,,,0,,,8,8,0,0,,,0,,,0,0,996,,,,,,,,,,,,,,,,,,,,,,,,,,,,,,0,0,0,1,0,0,0,0,0,0,0,0,0,0,0,0,0,0,1,0,0,0,0,0,0,0,0,0,0,0,1,1,0,0,0,,0,0,0,0,0,0,0,0,0,0,1,0,0,0,0,0,,,,,,31-35,26-35,State route,U,Wednesday,,MHTRUCK,Not Fatal,1,0,0,0,State Route,State Patrol,Washington State Patrol,0,1,0,0,0,,,,,,0,0,0,,,,,,,,,,,98,98,98,0,,,,,20,,,,,,,,,1,0,,,,,,
2021,438,EB83265,6,10/18/2021,18:17,18,10,,25,Grant,0,1,,5,1,2,1,0,3,3,,,,12,0,6,2.7,2,0,2,2,2,1,3,0,0,0,0,SR-282,AIRPORT RD SE,-119.5110694,47.28950833,0,3,98,62,4,60,4,0,0,1,2,12,1,1,4,1,1,1,1,53,0,30,40,2021,0,,12,,,,,,1,1,19,1,0,,3,0,3,0,11,5,,,,,0,0,0,3,1,0,,,,96,,,,,,98,,,,,,98851,53,76,140,6,1,0,0,0,1,,0,,,,,,0,04/15/2021,04/15/2021,8,0,0,0,8,9,8,,,0,,,8,8,0,0,,,0,,,0,0,996,,,,,,,,,,,,,,,,,,,,,,,,,,,,,,0,0,0,1,0,0,1,1,1,0,0,0,0,0,0,0,0,0,1,0,0,1,1,1,1,1,1,1,0,1,0,0,0,0,0,,0,0,0,0,0,0,0,0,0,0,0,0,0,0,0,0,,,,,,18-20,16-25,State route,U,Monday,Belt Used,PV,Not Fatal,1,0,0,0,State Route,State Patrol,Washington State Patrol,0,1,0,0,0,,,,,,0,0,0,,,,,,,,,,,98,98,98,0,,,,,20,,,,,,,,,1,0,,,,,,
2021,478,EB91124,6,11/11/2021,22:13,11,11,,37,Kittitas,1060,2,,2,2,2,1,0,3,1,,,,24,0,0,125,1,0,1,1,1,1,1,0,0,0,0,I-90,,-120.1865778,46.94393889,0,1,1,13,2,70,2,0,0,1,2,24,1,2,2,3,6,3,2,53,0,37,31,2009,0,,63,24,39,,,,1,1,23,1,0,,0,0,3,0,11,0,,,,,0,0,0,3,1,0,,,,96,,,,,,98,,,,,,98851,53,69,180,6,1,0,1,0,2,,23,,,,,,4,06/15/2020,08/15/2021,8,0,0,0,8,9,2,,,0,,,8,8,0,0,,,0,,,0,0,996,,,,,,,,,,,,,,,,,,,,,,,,,,,,,,0,0,1,0,0,0,0,0,0,0,0,0,1,0,0,0,0,0,0,0,0,0,0,1,1,0,0,0,0,1,0,0,0,0,0,,0,0,0,0,0,0,0,0,0,1,0,0,0,0,0,0,,,,,,21-25,16-25,Interstate,R,Thursday,Belt Used,PV,Not Fatal,0,1,0,0,State Route,State Patrol,Washington State Patrol,1,1,0,0,0,,,,,,0,0,0,,,,,,,,,,,98,98,98,0,,,,,20,,,,,,,,,1,0,,,,,,
2017,212,E685220,5,06/25/2017,19:00,25,6,0,41,Lewis,0,1,0,1,1,2,1,0,1,1,19:04,19:13,19:26,24,0,0,2,1,0,1,4,1,1,3,0,0,0,0,SR-7,,-122.2570583,46.57463889,0,1,1,13,2,55,80,0,0,1,2,24,3,2,2,1,14,1,1,53,0,76,706,2013,0,0,63,24,,,,,1,1,53,1,7,1,4,0,5,0,11,5,06/25/2017,19:30,1.38053E+11,28472,0,0,3,3,1,0,0,0,0,96,,,,,,99,,,,,,98855,53,73,220,6,1,0,0,0,0,0,0,,,,,,0,,,20,8,0,0,0,9,8,,,0,0,0,8,9,2,1,0,0,1,0,0,2,1,0,,,,,,,,,,,,,,,,,,,,,,,,,,,,,,0,0,1,0,0,0,0,0,0,0,0,0,0,0,0,0,0,0,0,0,0,0,0,0,0,0,0,0,1,0,0,0,0,0,1,0,0,0,0,0,0,0,0,0,0,0,0,0,0,0,0,0,,,,,,51-55,46-55,State route,R,Sunday,,MC,White,0,1,0,0,State Route,State Patrol,Washington State Patrol Headquarter,1,1,0,0,0,,,,,,,,,,,,,,,,,,,,,,,,,,,,,,,,,,,,,,,,,,,
2017,506,E752354,7,12/07/2017,15:44,7,12,0,33,King,0,1,0,1,2,2,1,0,4,3,,,,12,0,2,51.1,1,0,1,3,1,1,2,0,0,0,0,US-2,,-121.3136111,47.71208611,0,3,98,62,4,60,15,0,0,1,5,12,1,2,2,1,1,2,1,53,0,20,421,1999,0,0,12,,,,,,1,1,55,1,0,0,0,0,3,0,11,0,,,,,0,0,0,3,1,0,0,0,0,0,,,,,,0,,,,,,98855,53,73,220,6,1,0,0,0,3,0,0,,,,,,0,05/15/2013,04/15/2016,20,0,0,0,8,9,8,,,0,0,0,8,0,2,1,0,0,1,0,0,2,1,0,,,,,,,,,,,,,,,,,,,,,,,,,,,,,,0,0,0,0,0,0,1,1,0,0,0,0,0,1,1,0,0,0,0,0,0,0,0,0,0,0,0,0,1,1,0,0,0,0,0,,0,0,0,0,0,0,0,0,0,0,0,0,0,0,0,0,,,,,,51-55,46-55,US highway,R,Thursday,Belt Used,PV,Not Fatal,0,1,1,0,State Route,State Patrol,Washington State Patrol Headquarter,0,1,0,0,0,,,,,,,,,,,,,,,,,,,,,,,,,,,,,,,,,,,,,,,,,,,
2020,569,EA72522,6,10/02/2020,16:03,2,10,,17,Douglas,0,1,,1,1,2,1,0,6,2,,,,12,0,1,198.3,8,0,1,3,1,1,2,0,0,0,0,US-97,,-120.2281083,47.62576111,0,2,21,53,3,45,4,0,0,1,5,12,1,1,2,1,5,4,1,53,0,20,22,2005,0,,12,,,,,,1,1,30,1,0,,0,0,3,0,11,0,,,,,0,0,0,3,1,0,,,,96,,,,,,98,,,,,,98855,53,72,143,6,1,0,0,0,0,,0,,,,,,0,,,20,0,0,0,8,9,8,,,0,,,8,8,0,0,,,0,,,0,0,996,,,,,,,,,,,,,,,,,,,,,,,,,,,,,,0,0,0,0,0,0,0,0,0,0,0,0,0,0,0,0,0,0,0,0,0,0,0,0,0,1,1,0,1,1,0,0,0,0,0,,0,0,0,0,0,0,0,0,0,0,0,0,0,0,0,0,,,,,,26-30,26-35,US highway,R,Friday,Belt Used,PV,Not Fatal,0,0,0,0,State Route,State Patrol,Washington State Patrol,0,1,0,0,0,,,,,,0,0,0,,,,,,,,,,,98,98,98,0,,,,,20,7,,,,,,,,0,0,,,,,,
2021,465,EB89089,21,10/23/2021,21:24,23,10,,25,Grant,0,1,,2,1,2,1,0,1,1,,,,1,0,0,,1,0,1,7,1,2,4,0,0,0,0,CR-ROAD 2 SW,,-119.8555611,47.05879722,0,1,6,6,1,50,90,0,0,1,5,1,1,1,2,1,1,1,3,16,0,98,734,2017,0,,68,64,1,,,,1,1,27,1,7,,4,0,20,7,11,1,10/28/2021,14:27,1.96053E+11,55765,0,0,0,1,1,0,,,,96,,,,,,98,,,,,,98856,53,71,175,6,1,1,1,1,3,,0,,,,,,4,06/15/2017,12/15/2021,20,1,9,0,0,9,8,,,0,,,8,8,9,999,,,99,,,9,99,999,,,,,,,,,,,,,,,,,,,,,,,,,,,,,,0,0,1,0,0,0,0,0,0,0,0,0,1,0,0,0,0,0,0,0,0,0,0,0,0,0,0,0,0,0,0,0,0,0,0,,0,0,0,0,0,0,0,0,0,1,0,0,0,0,0,0,,,,,,26-30,26-35,County road,R,Saturday,,OTHVT,White,0,1,0,0,County Road,County Sheriff,Grant County Sheriff's Office,1,0,1,0,0,,,,,,0,1,0,,,,,,,,,,,0,0,0,1,,,,,17,,,,,,,,,1,0,,,2 SW,0.009,NULL,
2017,58,E645429,21,02/15/2017,15:31,15,2,0,25,Grant,0,2,0,1,2,7,1,0,3,2,,,,12,0,6,6.9,2,0,2,5,1,2,4,0,0,20,3,CR-RD 3 NE,RD Q NE,-119.1292167,47.13011389,0,1,89,17,2,50,4,0,0,1,2,12,1,1,2,1,1,1,1,53,0,20,37,2011,0,0,12,,,,,,1,1,75,1,7,1,4,7,20,0,11,0,02/15/2017,15:31,53008078,8078,0,0,0,3,1,39,0,0,0,93,,,,,,0,,,,,,98857,53,71,200,6,1,0,4,1,8,0,0,,,,,,0,04/15/2012,11/15/2016,8,0,0,0,0,9,8,,,0,0,0,8,0,2,996,0,0,1,0,0,2,1,0,,,,,,,,,,,,,,,,,,,,,,,,,,,,,,0,0,0,1,0,0,1,1,0,0,0,0,0,0,0,0,1,0,0,1,0,0,0,0,0,1,1,1,0,1,1,0,0,1,0,,1,0,0,0,0,0,1,1,1,0,0,0,0,0,1,0,,,,,,71-75,66-75,County road,R,Wednesday,Not Used,PV,White,1,0,0,0,County Road,County Sheriff,Grant County Sheriff's Office,0,0,1,0,0,,,,,,,,,,,,,,,,,,,,,,,,,,,,,,,,,,,,,,,,,,,
2017,58,E645429,21,02/15/2017,15:31,15,2,0,25,Grant,0,2,0,1,2,2,1,0,3,2,,,,12,0,6,6.9,2,0,2,5,1,2,4,0,0,0,0,CR-RD 3 NE,RD Q NE,-119.1292167,47.13011389,0,2,88,66,4,55,67,0,0,1,2,12,1,1,2,1,1,2,1,53,0,20,880,2006,0,0,12,,,,,,1,1,60,1,0,0,3,0,20,0,11,5,,,,,0,0,0,3,1,0,0,0,0,0,,,,,,0,,,,,,98857,53,73,328,6,1,0,0,0,0,0,0,,,,,,0,,,1,0,0,0,8,9,8,,,0,0,0,8,0,0,0,0,0,0,0,0,0,0,996,,,,,,,,,,,,,,,,,,,,,,,,,,,,,,0,0,0,1,0,0,1,1,0,0,0,0,0,0,0,0,1,0,0,1,0,0,0,0,0,1,1,1,0,1,1,0,0,0,0,,0,0,0,0,0,0,0,0,0,0,0,0,0,0,0,0,,,,,,56-60,56-65,County road,R,Wednesday,Not Used,MHTRUCK,Not Fatal,1,0,0,0,County Road,County Sheriff,Grant County Sheriff's Office,0,0,1,0,0,,,,,,,,,,,,,,,,,,,,,,,,,,,,,,,,,,,,,,,,,,,
2017,162,E679491,4,05/24/2017,15:15,24,5,0,1,Adams,0,1,0,1,1,2,1,0,2,2,15:16,15:24,15:46,12,0,6,46.8,2,0,2,3,1,1,3,0,0,20,3,SR-26,BOOKER RD,-119.0481917,46.79954167,0,1,89,54,3,55,2,0,0,1,2,12,1,1,2,1,1,1,2,53,0,20,22,2006,0,0,12,,,,,,1,1,17,1,7,1,4,7,3,0,11,0,05/24/2017,15:15,53023862,23862,0,0,1,3,1,39,0,0,0,93,,,,,,99,,,,,,98857,53,70,150,6,2,0,0,0,0,0,37,,,,,,0,,,20,0,0,0,0,9,8,,,0,0,0,8,9,0,0,0,0,0,0,0,0,0,996,,,,,,,,,,,,,,,,,,,,,,,,,,,,,,0,0,0,1,0,0,0,0,0,0,0,0,0,0,0,0,1,0,0,0,1,0,1,0,1,0,0,0,0,1,0,0,0,0,0,,1,0,0,0,0,0,0,0,1,0,0,0,0,0,0,0,,,,,,16-17,16-25,State route,R,Wednesday,Belt Used,PV,White,1,0,0,0,State Route,State Patrol,Washington State Patrol Headquarter,0,1,0,0,0,,,,,,,,,,,,,,,,,,,,,,,,,,,,,,,,,,,,,,,,,,,
2017,202,E684232,1,06/17/2017,7:15,17,6,0,21,Franklin,0,1,0,1,1,2,1,0,3,3,,,,12,0,8,1.7,1,0,1,3,1,1,3,0,0,0,0,SR-17,,-119.0018306,46.58564722,0,1,64,10,2,60,4,0,0,1,2,12,2,2,2,1,14,1,1,53,0,54,39,2013,0,0,68,12,12,,,,1,1,24,2,1,1,4,7,3,0,11,0,06/17/2017,7:15,1.30853E+11,27171,0,0,0,3,1,28,0,0,0,96,,,,,,9,,,,,,98857,53,66,140,6,1,0,0,0,4,2,0,,,,,,4,08/15/2013,03/15/2016,8,0,0,0,0,1,8,,,0,0,0,8,1,2,1,0,0,1,0,0,2,1,0.2,,,,,,,,,,,,,,,,,,,,,,,,,,,,,,0,0,0,0,1,1,0,1,0,0,0,0,1,0,0,0,0,0,0,0,0,0,0,1,1,0,0,0,0,1,0,0,0,0,0,,1,0,0,0,0,1,0,1,0,1,0,0,0,1,0,1,,,,,,21-25,16-25,State route,R,Saturday,Belt Used,PV,Hispanic,0,1,1,0,State Route,State Patrol,Washington State Patrol Headquarter,0,1,0,0,0,,,,,,,,,,,,,,,,,,,,,,,,,,,,,,,,,,,,,,,,,,,
2018,225,E818845,21,07/09/2018,7:36,9,7,0,25,Grant,0,1,0,1,1,7,1,0,2,2,7:40,7:56,,12,0,6,2,2,0,3,5,1,2,4,0,0,20,3,CR-RD S SE,CR-RD 6 SE,-119.0881278,46.99896944,0,1,82,15,2,55,6,0,0,1,7,12,1,4,2,1,11,1,2,53,0,12,24,2013,0,0,12,,,,,,1,1,31,2,1,1,4,7,3,0,11,0,07/09/2018,7:36,53029981,29981,0,0,0,3,1,38,39,0,0,93,,,,,,0,,,,,,98857,53,64,239,6,1,0,1,1,1,,0,,,,,,0,10/15/2014,02/15/2018,8,0,0,0,0,9,8,,,0,0,0,8,0,2,695,,,1,,,2,1,0,,,,,,,,,,,,,,,,,,,,,,,,,,,,,,0,0,0,1,0,0,1,1,1,0,0,0,0,0,0,0,1,0,1,0,0,0,0,0,0,0,0,0,0,1,1,0,0,0,0,,1,0,0,0,0,0,1,1,1,0,1,0,0,0,1,0,,,,,,31-35,26-35,County road,R,Monday,Belt Used,PV,Hispanic,1,0,0,0,County Road,County Sheriff,Grant County Sheriff's Office,0,0,1,0,0,,,carboxy-thc,7.9,,0,0,2,,,,,,,,,,,,,,,,,,,,,,,,,,,,,,,,,,,
2018,356,E847435,6,10/01/2018,6:05,1,10,0,25,Grant,0,1,0,2,1,7,1,0,2,2,6:10,6:34,7:12,12,0,6,1,2,0,2,5,1,2,4,0,0,20,3,CR-RD L NE,NELSON RD NE,-119.2358806,47.11628056,0,1,88,17,2,35,4,0,0,1,7,12,1,1,2,1,1,1,1,53,0,20,25,2013,0,0,12,,,,,,1,1,49,2,0,0,1,0,3,0,11,6,,,,,0,0,0,0,1,39,0,0,0,93,,,,,,0,,,,,,98857,53,63,160,0,0,0,0,0,0,,37,,,,,,0,,,8,0,0,0,8,9,8,,,0,0,0,8,0,8,95,,,96,,,8,95,995,,,,,,,,,,,,,,,,,,,,,,,,,,,,,,0,0,0,1,0,0,0,0,0,0,0,0,0,1,0,0,1,0,0,0,0,0,0,0,0,0,0,0,0,1,0,0,0,0,0,,0,0,0,0,0,0,0,0,1,0,0,1,0,0,0,0,,,,,,46-50,46-55,County road,R,Monday,Belt Used,PV,Not Fatal,1,0,0,0,County Road,County Sheriff,Grant County Sheriff's Office,0,0,1,0,0,,,,,,0,0,0,,,,,,,,,,,,,,,,,,,,,,,,,,,,,,,,,,,
2018,445,E868435,6,11/26/2018,12:20,26,11,0,25,Grant,1390,1,0,1,1,2,1,0,4,2,,,,12,0,6,43.9,2,0,2,3,2,1,3,0,0,0,0,SR-17,YANEZAWA BLVD,-119.2520139,47.10616667,0,2,69,62,4,50,4,0,0,1,7,12,1,1,5,1,1,2,1,53,0,49,40,1988,0,0,12,,,,,,1,1,65,1,0,0,3,0,3,0,11,8,,,,,0,0,3,3,1,0,0,0,0,96,,,,,,0,,,,,,98857,53,71,250,6,1,0,0,0,0,,0,,,,,,0,,,20,0,0,0,8,9,8,,,0,0,0,8,0,0,0,,,0,,,0,0,996,,,,,,,,,,,,,,,,,,,,,,,,,,,,,,0,0,0,1,0,0,0,0,0,0,0,0,0,0,0,0,0,0,0,0,0,0,0,0,0,1,1,1,0,1,0,0,0,0,0,,0,0,0,0,0,0,0,0,0,0,0,0,0,0,0,0,,,,,,61-65,56-65,State route,U,Monday,Belt Used,PV,Not Fatal,1,0,0,0,State Route,State Patrol,Washington State Patrol,0,1,0,0,0,,,,,,0,0,0,,,,,,,,,,,,,,,,,,,,,,,,,,,,,,,,,,,
2019,174,E928744,30,06/02/2019,12:19,2,6,,1,Adams,0,1,0,1,1,2,1,0,3,2,,,,12,0,2,7.9,1,0,1,7,1,2,4,0,0,0,0,CR-DAVIS RD W,,-118.8163,47.26093611,0,1,50,54,3,50,34,0,0,1,7,12,1,1,2,1,1,2,2,53,0,7,472,1995,0,0,12,,,,,,1,1,30,2,7,,4,7,20,7,11,0,06/02/2019,12:19,53025168,25168,0,0,3,2,1,51,0,0,0,15,,,,,,99,,,,,,98857,53,62,110,1,1,0,1,0,2,,0,,,,,,0,08/15/2014,05/15/2017,20,0,0,0,0,9,8,,,0,0,0,8,9,2,996,401,417,1,1,1,2,1,0.041,,,,,,,,,,,,,,,,,,,,,,,,,,,,,,0,0,0,0,1,0,1,1,0,0,0,0,0,1,0,0,1,0,0,1,0,1,1,0,1,0,0,0,0,1,0,0,0,1,0,,1,0,0,0,1,0,1,1,1,0,0,1,0,0,0,1,,,,,,26-30,26-35,County road,R,Sunday,Not Used,PV,White,0,0,0,1,County Road,County Sheriff,Lincoln County Sheriff's Office,0,0,1,0,0,,,,,,0,0,11,,,,,,,,,,,0,0,0,1,,,,,20,7,,,,,,,,,,,,,,,
2020,247,EA50101,2,07/20/2020,17:05,20,7,,29,Island,0,1,,1,1,2,1,0,7,2,17:09,17:13,18:13,12,0,6,19.2,2,0,2,3,1,1,3,0,0,0,0,SR-525,BUSH POINT RD,-122.5454833,48.01518333,0,2,83,67,4,45,67,1,0,1,2,12,1,2,4,1,1,5,1,53,0,12,880,2017,0,,12,,,,,,1,1,40,1,0,,0,0,3,0,11,0,,,,,0,0,0,3,1,0,,,,96,,,,,,0,,,,,,98857,53,78,270,6,1,0,0,0,0,,0,,,,,,0,,,1,0,0,0,8,9,8,,,0,,,8,8,8,95,,,96,,,8,95,995,,,,,,,,,,,,,,,,,,,,,,,,,,,,,,0,0,0,1,0,0,1,1,1,0,0,0,0,0,0,0,0,0,0,0,1,0,1,0,1,0,0,0,0,1,1,0,0,0,0,,0,0,0,0,0,0,0,0,0,0,0,0,0,0,0,0,,,,,,36-40,36-45,State route,R,Monday,,MHTRUCK,Not Fatal,1,0,0,0,State Route,State Patrol,Washington State Patrol,0,1,0,0,0,,,,,,0,0,0,,,,,,,,,,,98,98,98,0,,,,,20,7,,,,,,,,1,0,,,,,,
2021,190,EB41940,21,06/13/2021,15:37,13,6,,25,Grant,0,10,,1,1,7,1,0,8,2,,,,12,0,6,,2,0,2,5,1,2,4,0,0,0,0,CR-DODSON RD N,RD 4 NW,-119.5554361,47.14794167,0,1,68,15,2,60,4,0,0,1,2,12,1,1,2,1,11,4,1,53,0,35,47,2019,0,,12,,,,,,1,1,22,1,0,,9,0,3,0,11,0,,,,,0,0,0,3,1,48,,,,12,,,,,,98,,,,,,98857,53,68,135,6,1,0,0,0,0,,97,,,,,,0,,,8,0,0,0,8,9,8,,,0,,,8,8,8,95,,,96,,,8,95,995,,,,,,,,,,,,,,,,,,,,,,,,,,,,,,0,0,0,1,0,0,0,0,0,0,0,0,0,0,0,0,1,0,0,0,0,0,0,1,1,0,0,0,0,1,0,0,0,0,0,,0,0,0,0,0,0,0,0,1,0,0,0,0,0,0,0,,,,,,21-25,16-25,County road,R,Sunday,Belt Used,PV,Not Fatal,1,0,0,0,County Road,County Sheriff,Grant County Sheriff's Office,0,0,1,0,0,,,,,,0,0,0,,,,,,,,,,,98,98,98,0,,,,,20,,,,,,,,,1,0,,,DODSON RD,18.7,4 NW,0
2018,507,E945130,17,10/11/2018,23:50,11,10,0,17,Douglas,0,1,0,2,11,7,1,0,2,1,,,,1,0,0,0,1,0,1,7,1,2,4,0,0,0,0,CR-RD M NW,,-120.0288556,47.69366944,0,1,2,13,2,25,14,0,0,1,7,1,3,3,2,1,14,2,1,53,0,2,404,1998,0,0,63,1,,,,,1,1,37,2,7,1,4,0,3,0,11,4,10/19/2018,20:14,57053046278,46278,0,0,0,3,1,0,0,0,0,96,,,,,,99,,,,,,98858,53,66,160,6,1,0,0,0,0,,0,,,,,,4,,,20,9,0,0,0,9,8,,,0,0,0,8,1,2,1,,,1,,,2,1,0.1,,,,,,,,,,,,,,,,,,,,,,,,,,,,,,0,0,0,0,1,1,0,1,0,0,0,0,1,0,0,0,0,0,0,0,0,0,0,0,0,0,0,0,0,1,0,0,0,0,0,,1,0,0,0,0,1,0,1,0,1,0,0,0,1,0,1,,,,,,36-40,36-45,County road,R,Thursday,Belt Used,PV,White,0,1,0,0,County Road,County Sheriff,Douglas County Sheriff's Office,1,0,1,0,0,,,,,,0,0,0,,,,,,,,,,,,,,,,,,,,,,,,,,,,,,,,,,,