year,case,par,repjur,crash_dt,crash_tm,accday,accmon,holiday,county,co_char,city,weather,weather2,lightcond,surfcond,surftype,numfatal,nmforms,pforms,vforms,not_tm,arr_tm,hosp_tm,fhevent,hitrun,manncol,milepnt,reljunc,reljuncinter,intersectiontype,funcsystem,landuse,ownership,route,schlbus,spejur,contdev,devfunc,trafid1,trafid2,x,y,wk_zone,vnumber,crashtype,criticalevent,criticaleventcat,spdlim,body,trailer,emerg,hazcargo,leave,mhevent,roadalgn,roadprof,traflane,trafflow,vehmanvr,numoccs,regowner,regstate,spuse,make,model,modelyr,vrf1,vrf2,seqevent1,seqevent2,seqevent3,seqevent4,seqevent5,seqevent6,pnumber,ptype,age,sex,hispanic,race,injury,diedscene,restraint,restraintmisuse,seatpos,takehosp,death_dt,death_tm,cert,cernum_wa,commlic,licendor,licrestrict,liccomp,drivpres,drf1,drf2,drf3,drf4,distract1,distract2,distract3,distract4,distract5,distract6,dricond1,dricond2,dricond3,dricond4,dricond5,dricond6,dzip,licstate,drhgt_in,weight,noncdl,noncdltype,prevdwi,prevoth,prevacc,prevspd,prevsus,driviol1,driviol2,driviol3,driviol4,driviol5,driviol6,spdrel,first_dt,last_dt,airbag,ejection,ejectpath,extricat,injurwrk,methalc,methdrug,nmlocat,strikveh,prf1,prf2,prf3,druginv,alcinvol,drugsts,drugres1,drugres2,drugres3,drugtst1,drugtst2,drugtst3,alcsts,alctst,alcres,nmact1,nmact2,nmact3,nmact4,nmact5,nmact6,nmprior1,nmprior2,nmprior3,nmprior4,nmprior5,nmprior6,nmcond1,nmcond2,nmcond3,nmcond4,nmcond5,nmcond6,nmsafe_helmet,nmsafe_pads,nmsafe_oth,nmprev_ref,nmprev_lgt,nmprev_oth,crashlocation,nmcrashtype,crosswalk,schoolzone,sidewalk,train_inv,wildlife_inv,rotr_fars,intersect_fars,dd_inv,aid_inv,dpd_inv,id_inv,mj_inv,impnm_inv,ainm_inv,dpnm_inv,speed_inv,unlic_inv,unendmc_inv,drowsy_inv,drdist_inv,nmdist_inv,fty_inv,unrestfat_inv,dr1617_inv,dr1820_inv,dr1620_inv,dr2125_inv,dr1625_inv,dr65_inv,dr70_inv,dr75_inv,mc_inv,pv_inv,ht_inv,ped_inv,bike_inv,unrest_fat,mc_fat,unhelmet_mc,pv_fat,ht_fat,ped_fat,bike_fat,dr_alc7,dr_alc8,dr_drug,dr_imp,dr_dist,dr_spd,dr_fty,dr_unlic,dr_alc7only,dr_alc8only,dr_drugonly,dr_drink,nm_imp,nm_alc7,nm_alc8,nm_drug,nm_dist,agegrp1,agegrp2,roadclass,urbrur,dayweek,restuse,vehtype,race_me,intersect,lanedep,oppdir,wrongway,rep_typ,investag,repag_long,rotr,st_rd,cty_rd,city_rd,oth_rd,drug_thc,thc_res,drug_cthc,cthc_res,drug_cann,prevpersemin,prevperse,prevsusoth,drugtst4,drugtst5,drugtst6,drugtst7,drugtst8,drugres4,drugres5,drugres6,drugres7,drugres8,adspresent,adsengaged,adslevel,race1,race2,race3,race4,race5,helmet,helmetmisuse,nmdistract1,nmdistract2,nmdistract3,nmdistract4,nmdistract5,nmdistract6,lab,isedtcase,crf1,crf2,crf3,CoRoadName,CoMP,IntCoRoadName,IntCoMP
2021,42,EB07082,315,02/11/2021,18:26,11,2,,7,Chelan,2460,1,,3,1,2,2,2,3,2,,,,12,0,7,0.8,1,0,1,3,2,1,3,0,0,0,0,SR-285,,-120.3177167,47.42840278,0,2,45,61,4,30,4,0,0,1,5,12,1,1,3,4,1,1,2,53,0,49,32,2010,0,,12,,,,,,1,1,20,2,0,,0,0,3,0,11,0,,,,,0,0,0,3,1,0,,,,96,,,,,,98,,,,,,98858,53,60,140,6,1,0,0,0,0,,0,,,,,,0,,,20,0,0,0,8,9,8,,,0,,,8,8,0,0,,,0,,,0,0,996,,,,,,,,,,,,,,,,,,,,,,,,,,,,,,0,0,0,0,0,0,0,0,0,0,0,0,0,0,0,0,0,0,0,0,0,1,1,0,1,0,0,0,0,1,0,0,0,0,0,,0,0,0,0,0,0,0,0,0,0,0,0,0,0,0,0,,,,,,18-20,16-25,State route,U,Thursday,Belt Used,PV,Not Fatal,0,0,0,0,State Route,Municipal/City Police,Wenatchee Police Department,0,1,0,0,0,,,,,,0,0,0,,,,,,,,,,,98,98,98,0,,,,,20,,,,,,,,,1,0,,,,,,
2017,120,E670177,21,04/25/2017,15:11,25,4,0,25,Grant,0,1,0,1,1,2,1,0,1,1,,,,17,0,0,3.5,1,0,1,7,1,2,4,0,0,0,0,CR-RD 22 NE,,-119.1333806,47.423025,0,1,6,12,2,40,34,0,0,1,2,1,2,3,2,1,14,1,1,53,0,20,481,2007,0,0,68,64,67,17,1,,1,1,34,1,7,1,4,7,20,0,11,0,04/25/2017,15:11,53019216,19216,0,0,0,3,1,0,0,0,0,92,,,,,,99,,,,,,98860,53,70,220,6,1,0,0,0,0,1,0,,,,,,3,03/15/2013,03/15/2013,1,1,9,0,0,9,8,,,0,0,0,8,9,2,1,0,0,1,0,0,2,1,0,,,,,,,,,,,,,,,,,,,,,,,,,,,,,,0,0,1,0,0,0,0,0,0,0,0,0,1,0,0,0,1,0,0,0,0,0,0,0,0,0,0,0,0,0,0,0,0,1,0,,0,0,0,0,0,0,0,0,1,1,0,0,0,0,0,0,,,,,,31-35,26-35,County road,R,Tuesday,Not Used,PV,White,0,1,0,0,County Road,County Sheriff,Grant County Sheriff's Office,1,0,1,0,0,,,,,,,,,,,,,,,,,,,,,,,,,,,,,,,,,,,,,,,,,,,
2017,322,E704312,21,08/05/2017,20:30,5,8,0,25,Grant,0,1,0,5,1,2,1,0,1,1,,,,34,0,0,1.1,1,0,1,6,1,2,4,0,0,0,0,CR-RD Q SE,,-119.1255556,47.43608333,0,1,7,13,2,50,2,0,0,1,2,1,3,2,2,1,14,1,2,53,0,7,28,2016,0,0,63,69,68,64,34,1,1,1,47,1,7,1,4,7,20,0,11,0,08/05/2017,20:30,2.53053E+11,34618,6,0,0,3,1,58,0,0,0,96,,,,,,9,,,,,,98860,53,71,270,6,1,0,0,0,1,1,0,,,,,,3,08/15/2013,10/15/2013,8,2,9,0,0,9,8,,,0,0,0,8,1,2,1,0,0,1,0,0,2,1,0.16,,,,,,,,,,,,,,,,,,,,,,,,,,,,,,0,0,0,0,1,1,0,1,0,0,0,0,1,0,0,0,0,0,0,1,0,0,0,0,0,0,0,0,0,1,0,0,0,1,0,,1,0,0,0,0,1,0,1,0,1,0,0,0,1,0,1,,,,,,46-50,46-55,County road,R,Saturday,Not Used,PV,White,0,1,0,0,County Road,County Sheriff,Grant County Sheriff's Office,1,0,1,0,0,,,,,,,,,,,,,,,,,,,,,,,,,,,,,,,,,,,,,,,,,,,
2017,82,3574458,263,03/11/2017,21:42,11,3,0,33,King,1960,1,0,3,1,1,1,0,1,1,,,,24,0,0,24.5,19,1,1,3,2,1,3,0,0,0,0,SR-99,,-122.3343083,47.59583611,0,1,2,9,1,40,84,0,0,1,2,24,3,2,2,4,15,1,1,53,0,98,709,2009,0,0,63,24,,,,,1,1,21,1,6,98,4,7,19,0,11,0,03/11/2017,21:42,1.96053E+11,12406,0,0,0,3,1,0,0,0,0,96,,,,,,99,,,,,,98901,53,75,195,6,1,0,0,0,0,0,0,,,,,,3,,,20,8,0,0,0,9,8,,,0,0,0,8,9,2,605,0,0,1,0,0,2,1,0,,,,,,,,,,,,,,,,,,,,,,,,,,,,,,0,0,0,0,0,0,1,1,1,0,0,0,1,0,0,0,0,0,0,0,0,0,0,1,1,0,0,0,0,0,0,0,0,0,0,,0,0,0,0,0,0,1,1,0,1,0,0,0,0,1,0,,,,,,21-25,16-25,State route,U,Saturday,,OTHMC,Hispanic,0,1,0,0,State Route,Municipal/City Police,Seattle Police Department,1,1,0,0,0,thc,9.7,carboxy-thc,49,,,,,,,,,,,,,,,,,,,,,,,,,,,,,,,,,,,,,,,
2017,34,E637343,1,01/24/2017,23:20,24,1,0,77,Yakima,0,5,0,2,1,1,1,0,2,2,23:28,23:48,0:23,12,0,2,48,1,0,1,1,1,1,1,0,0,0,0,I-82,,-120.3454889,46.43440556,0,2,52,54,3,70,4,0,0,1,2,12,3,1,2,2,14,1,1,53,0,6,43,2004,0,0,12,,,,,,1,1,22,1,1,98,4,0,3,0,11,4,01/25/2017,15:10,1.96053E+11,4373,0,0,0,3,1,0,0,0,0,0,,,,,,0,,,,,,98901,53,70,125,6,1,0,0,1,1,0,0,,,,,,0,12/15/2012,07/15/2015,1,0,0,0,0,9,8,,,0,0,0,8,0,2,1,0,0,1,0,0,2,1,0,,,,,,,,,,,,,,,,,,,,,,,,,,,,,,0,0,0,0,1,1,1,1,1,0,0,0,0,0,0,0,0,0,0,0,0,0,0,1,1,0,0,0,0,1,0,0,0,0,0,,1,0,0,0,0,0,0,0,0,0,0,0,0,0,0,0,,,,,,21-25,16-25,Interstate,R,Tuesday,Belt Used,PV,Hispanic,0,0,0,1,State Route,State Patrol,Washington State Patrol,0,1,0,0,0,,,,,,,,,,,,,,,,,,,,,,,,,,,,,,,,,,,,,,,,,,,
2017,214,E688516,1,06/25/2017,7:22,25,6,0,77,Yakima,0,1,0,1,1,2,1,0,2,2,7:23,7:35,,12,0,6,2.1,4,0,1,3,1,1,3,0,0,3,3,SR-24,BIRCHFIELD RD,-120.4679111,46.58484722,0,2,76,66,4,55,34,0,0,1,2,12,1,1,2,1,11,1,1,53,0,20,481,2009,0,0,12,,,,,,1,1,40,1,0,0,1,0,20,0,11,4,,,,,0,0,0,3,1,0,0,0,0,0,,,,,,0,,,,,,98901,53,67,155,6,1,0,0,0,0,0,0,,,,,,0,,,20,0,0,0,8,9,8,,,0,0,0,8,0,0,0,0,0,0,0,0,0,0,996,,,,,,,,,,,,,,,,,,,,,,,,,,,,,,0,0,0,0,1,1,0,1,0,0,0,0,1,1,0,0,0,0,0,1,0,0,0,0,0,0,0,0,0,1,0,0,0,0,0,,0,0,0,0,0,0,0,0,0,0,0,0,0,0,0,0,,,,,,36-40,36-45,State route,R,Sunday,Not Used,PV,Not Fatal,1,0,0,0,State Route,State Patrol,Washington State Patrol Headquarter,0,1,0,0,0,,,,,,,,,,,,,,,,,,,,,,,,,,,,,,,,,,,,,,,,,,,
2017,291,E697630,6,08/01/2017,16:22,1,8,0,37,Kittitas,0,1,0,1,1,1,1,0,3,2,,,,12,0,8,13.5,1,0,1,1,1,1,1,0,0,0,0,I-82,,-120.3924278,46.85513333,0,1,66,60,4,70,4,0,0,1,2,1,1,2,2,3,6,1,2,53,0,35,47,1995,0,0,64,69,12,1,,,1,1,24,1,7,1,4,7,20,0,11,0,08/01/2017,17:37,53034325,34325,0,0,0,3,1,33,0,0,0,96,,,,,,9,,,,,,98901,53,65,200,6,1,0,1,0,0,1,0,,,,,,0,02/15/2013,06/15/2013,20,1,9,0,0,1,8,,,0,0,0,8,1,2,401,417,0,1,1,0,2,1,0.15,,,,,,,,,,,,,,,,,,,,,,,,,,,,,,0,0,0,0,1,1,1,1,0,0,0,0,0,0,0,0,0,0,0,1,0,0,0,1,1,0,0,0,0,1,0,0,0,1,0,,1,0,0,0,0,1,1,1,0,0,0,0,0,0,0,1,,,,,,21-25,16-25,Interstate,R,Tuesday,Not Used,PV,White,0,0,0,0,State Route,State Patrol,Washington State Patrol Headquarter,0,1,0,0,0,,,,,,,,,,,,,,,,,,,,,,,,,,,,,,,,,,,,,,,,,,,
2017,255,E700188,1,07/18/2017,5:55,18,7,0,77,Yakima,2590,1,0,4,1,2,1,0,2,2,5:55,6:04,6:28,12,0,2,201.5,1,0,1,3,2,1,2,0,0,0,0,US-12,,-120.5257444,46.62561667,0,1,50,12,2,60,4,0,0,1,2,12,1,1,2,2,1,1,2,53,0,49,32,2009,0,0,64,65,12,,,,1,1,40,2,6,98,4,0,20,0,11,5,07/22/2017,8:00,2.59053E+11,32265,0,0,0,3,1,28,0,0,0,96,,,,,,99,,,,,,98901,53,62,180,6,1,0,0,1,0,0,0,,,,,,0,01/15/2017,01/15/2017,8,1,9,0,0,9,8,,,0,0,0,8,0,2,996,0,0,1,0,0,2,1,0,,,,,,,,,,,,,,,,,,,,,,,,,,,,,,0,0,0,0,0,0,1,1,0,0,0,0,0,0,0,0,0,0,0,1,0,0,0,0,0,1,1,0,0,1,0,0,0,1,0,,1,0,0,0,0,0,1,1,0,0,0,0,0,0,1,0,,,,,,36-40,36-45,US highway,U,Tuesday,Not Used,PV,Hispanic,0,1,1,0,State Route,State Patrol,Washington State Patrol Headquarter,0,1,0,0,0,,,,,,,,,,,,,,,,,,,,,,,,,,,,,,,,,,,,,,,,,,,
2017,309,E704326,1,08/12/2017,15:45,12,8,0,5,Benton,0,1,0,1,1,2,1,0,3,2,,,,12,0,11,17.3,1,0,1,4,1,1,3,0,0,0,0,SR-221,,-119.6014694,46.18498056,0,1,98,13,2,65,2,0,0,1,2,12,3,1,2,1,14,1,1,53,0,20,16,2004,0,0,63,69,68,12,2,,1,1,30,1,7,1,4,7,3,0,11,0,08/12/2017,15:45,53035019,35019,0,0,0,3,1,0,0,0,0,96,,,,,,9,,,,,,98901,53,75,185,6,1,0,0,0,1,0,0,,,,,,0,12/15/2016,12/15/2016,99,0,0,0,0,1,8,,,0,0,0,8,1,2,605,0,0,1,0,0,2,1,0.23,,,,,,,,,,,,,,,,,,,,,,,,,,,,,,0,0,0,0,1,1,1,1,1,0,0,0,0,0,0,0,0,0,0,0,0,0,0,0,0,0,0,0,0,1,0,0,0,0,0,,1,0,0,0,0,1,1,1,0,0,0,0,0,0,0,1,,,,,,26-30,26-35,State route,R,Saturday,Belt Used,PV,White,0,1,1,0,State Route,State Patrol,Washington State Patrol Headquarter,0,1,0,0,0,thc,3.1,carboxy-thc,29,,,,,,,,,,,,,,,,,,,,,,,,,,,,,,,,,,,,,,,
2017,389,E710103,146,09/10/2017,20:09,10,9,0,77,Yakima,0,1,0,2,1,2,1,0,2,2,19:38,19:51,21:23,12,0,6,4.3,8,0,1,5,1,2,4,0,3,0,0,CR-W WAPATO RD,,-120.5200528,46.44836667,0,2,98,53,3,55,34,0,0,1,5,12,1,1,2,1,11,1,3,53,0,20,481,2007,0,0,12,,,,,,1,1,51,2,0,0,0,0,3,0,11,0,,,,,0,0,0,3,1,0,0,0,0,0,,,,,,0,,,,,,98901,53,59,155,6,1,0,0,0,0,0,0,,,,,,0,,,20,0,0,0,8,9,8,,,0,0,0,8,0,0,0,0,0,0,0,0,0,0,996,,,,,,,,,,,,,,,,,,,,,,,,,,,,,,0,0,0,0,0,0,0,0,0,0,0,0,0,0,1,0,0,0,0,0,0,0,0,0,0,0,0,0,1,0,0,0,0,0,0,,0,0,0,0,0,0,0,0,0,0,0,0,0,0,0,0,,,,,,51-55,46-55,County road,R,Sunday,Belt Used,PV,Not Fatal,0,0,0,0,County Road,County Sheriff,Yakima County Sheriff's Office,0,0,1,0,0,,,,,,,,,,,,,,,,,,,,,,,,,,,,,,,,,,,,,,,,,,,
2017,461,E720750,266,10/06/2017,13:23,6,10,0,77,Yakima,1980,1,0,1,1,2,1,1,1,1,,,,8,0,0,0,3,0,2,4,2,4,6,0,0,2,3,N 1ST ST,FREMONT AVE,-120.5305417,46.65595556,0,1,13,80,5,25,15,0,0,1,5,8,1,1,3,3,10,1,1,53,0,13,421,1998,0,0,8,,,,,,1,1,86,1,0,0,0,0,3,0,11,0,,,,,0,0,3,3,1,38,0,0,0,96,,,,,,99,,,,,,98901,53,64,185,6,1,0,0,0,0,0,46,,,,,,0,,,20,0,0,0,8,9,8,,,0,0,0,8,0,0,0,0,0,0,0,0,0,0,996,,,,,,,,,,,,,,,,,,,,,,,,,,,,,,0,0,0,1,0,0,0,0,0,0,0,0,0,0,0,0,0,0,1,0,0,0,0,0,0,1,1,1,0,1,0,1,0,0,0,,0,0,0,0,0,0,0,0,0,0,1,0,0,0,0,0,,,,,,81+,76+,City street,U,Friday,Belt Used,PV,Not Fatal,1,0,0,0,City Street,Municipal/City Police,Selah Police Department,0,0,0,1,0,,,,,,,,,,,,,,,,,,,,,,,,,,,,,,,,,,,,,,,,,,,
2018,151,E802895,1,05/28/2018,7:06,28,5,4,5,Benton,1850,1,0,1,1,1,1,0,4,2,,,,12,0,2,4.9,18,1,1,1,2,1,1,0,0,0,0,I-182,,-119.2836944,46.25905,0,2,51,54,3,70,3,0,0,1,2,12,1,1,3,3,1,3,1,53,0,12,13,1994,0,0,12,,,,,,1,1,55,1,7,1,4,7,3,0,11,0,05/28/2018,7:15,1.85053E+11,23948,0,0,3,3,1,0,0,0,0,96,,,,,,0,,,,,,98901,53,64,230,6,1,0,0,0,0,,0,,,,,,0,,,1,0,0,0,0,9,8,,,0,0,0,8,0,2,1,,,1,,,2,1,0,,,,,,,,,,,,,,,,,,,,,,,,,,,,,,0,0,0,0,1,1,1,1,0,0,0,0,0,1,0,0,0,0,0,0,0,0,0,0,0,0,0,0,0,1,0,0,0,0,0,,1,0,0,0,0,0,0,0,0,0,0,0,0,0,0,0,,,,,,51-55,46-55,Interstate,U,Monday,Belt Used,PV,White,0,0,0,1,State Route,State Patrol,Washington State Patrol,0,1,0,0,0,,,,,,0,0,0,,,,,,,,,,,,,,,,,,,,,,,,,,,,,,,,,,,
2018,214,E815910,330,07/06/2018,22:01,6,7,0,77,Yakima,2590,1,0,3,1,2,1,0,4,3,22:02,22:08,22:22,12,0,6,0,2,0,2,4,2,4,6,0,0,0,0,TIETON DR,S 58TH AVE,-120.5857806,46.59276944,0,1,69,17,2,35,80,0,0,1,7,12,1,1,4,1,1,1,1,53,0,72,706,2009,0,0,12,,,,,,1,1,40,1,7,1,4,0,19,0,11,5,07/06/2018,22:45,2.59053E+11,29808,0,0,0,3,1,0,0,0,0,96,,,,,,99,,,,,,98901,53,70,215,6,1,0,0,1,2,,0,,,,,,3,05/15/2014,12/15/2015,20,8,0,0,0,9,8,,,0,0,0,8,9,2,1,,,1,,,2,1,0,,,,,,,,,,,,,,,,,,,,,,,,,,,,,,0,0,0,1,0,0,0,0,0,0,0,0,1,0,0,0,0,0,1,0,0,1,1,1,1,0,0,0,1,1,0,0,0,0,1,0,0,0,0,0,0,0,0,0,0,1,0,0,0,0,0,0,,,,,,36-40,36-45,City street,U,Friday,,MC,White,1,0,0,0,City Street,Municipal/City Police,Yakima Police Department,0,0,0,1,0,,,,,,0,0,0,,,,,,,,,,,,,,,,,,,,,,,,,,,,,,,,,,,
2018,214,E815910,330,07/06/2018,22:01,6,7,0,77,Yakima,2590,1,0,3,1,8,1,0,4,3,22:02,22:08,22:22,12,0,6,0,2,0,2,4,2,4,6,0,0,20,3,TIETON DR,S 58TH AVE,-120.5857806,46.59276944,0,3,98,67,4,35,2,0,0,1,5,12,8,8,2,1,5,2,2,53,0,35,398,1992,0,0,12,,,,,,1,1,24,1,0,0,0,0,3,0,11,0,,,,,0,0,0,3,1,0,0,0,0,96,,,,,,0,,,,,,98901,53,70,185,6,1,0,2,0,7,,0,,,,,,0,10/15/2014,11/15/2016,20,0,0,0,8,9,8,,,0,0,0,8,0,8,95,,,96,,,8,95,995,,,,,,,,,,,,,,,,,,,,,,,,,,,,,,0,0,0,1,0,0,0,0,0,0,0,0,1,0,0,0,0,0,1,0,0,1,1,1,1,0,0,0,1,1,0,0,0,0,0,,0,0,0,0,0,0,0,0,0,0,0,0,0,0,0,0,,,,,,21-25,16-25,City street,U,Friday,Belt Used,PV,Not Fatal,1,0,0,0,City Street,Municipal/City Police,Yakima Police Department,0,0,0,1,0,,,,,,0,0,5,,,,,,,,,,,,,,,,,,,,,,,,,,,,,,,,,,,
2018,457,E871534,1,12/05/2018,13:15,5,12,0,77,Yakima,0,1,0,1,1,2,1,0,1,1,13:16,13:34,,1,0,0,15.4,1,0,1,4,1,1,3,0,0,0,0,SR-24,,-120.1850194,46.50574167,0,1,1,13,2,60,66,2,0,1,2,1,1,1,2,1,1,1,3,53,0,82,881,2008,0,0,63,1,,,,,1,1,58,1,1,98,4,7,20,0,11,0,12/05/2018,13:15,1.42053E+11,54022,0,0,0,2,1,0,0,0,0,96,,,,,,0,,,,,,98901,53,72,250,6,1,0,4,1,1,,0,,,,,,0,09/15/2014,09/15/2018,20,2,9,0,1,9,8,,,0,0,0,8,0,2,1,,,1,,,2,1,0,,,,,,,,,,,,,,,,,,,,,,,,,,,,,,0,0,1,0,0,0,0,0,0,0,0,0,0,0,0,0,0,0,0,0,0,0,0,0,0,0,0,0,0,0,1,0,0,0,0,,0,1,0,0,0,0,0,0,0,0,0,0,0,0,0,0,,,,,,56-60,56-65,State route,R,Wednesday,,MHTRUCK,Hispanic,0,0,0,0,State Route,State Patrol,Washington State Patrol,0,1,0,0,0,,,,,,0,0,0,,,,,,,,,,,,,,,,,,,,,,,,,,,,,,,,,,,
2019,48,E895186,1,01/23/2019,16:20,23,1,,77,Yakima,0,1,0,1,1,2,1,0,3,2,,,,12,0,6,1,2,0,2,5,1,1,3,0,0,20,3,SR-821,POMONA RD,-120.476975,46.690075,0,1,86,17,2,35,4,0,0,1,2,12,1,1,2,1,1,1,1,53,0,35,47,2014,0,0,12,,,,,,1,1,89,2,0,,1,0,3,0,11,8,,,,,0,0,0,3,1,39,91,0,0,96,,,,,,0,,,,,,98901,53,64,162,6,1,0,0,0,0,,2,,,,,,0,,,8,0,0,0,8,9,8,,,0,0,0,8,0,8,95,,,96,,,8,95,995,,,,,,,,,,,,,,,,,,,,,,,,,,,,,,0,0,0,1,0,0,0,0,0,0,0,0,0,0,0,0,0,0,0,0,0,0,0,0,0,1,1,1,0,1,0,0,0,0,0,,0,0,0,0,0,0,0,0,0,0,0,0,0,0,0,0,,,,,,81+,76+,State route,R,Wednesday,Belt Used,PV,Not Fatal,1,0,0,0,State Route,State Patrol,Washington State Patrol,0,1,0,0,0,,,,,,0,0,0,,,,,,,,,,,98,98,98,0,,,,,20,7,,,,,,,,,,,,,,,
2019,105,E910563,146,03/15/2019,16:50,15,3,,77,Yakima,0,1,0,1,1,2,1,0,2,2,,,,12,0,6,8,2,0,2,7,1,2,4,0,3,20,3,CR-HARRAH RD,PROGRESSIVE RD,-120.5441139,46.41903611,0,1,88,17,2,50,4,0,0,1,7,12,1,1,2,1,1,1,1,53,0,54,35,2013,0,0,12,,,,,,1,1,40,1,0,,3,0,3,0,11,8,,,,,0,0,3,3,1,39,0,0,0,96,,,,,,0,,,,,,98901,53,76,230,6,1,0,0,1,2,,97,,,,,,3,02/15/2017,01/15/2019,1,0,0,0,8,9,8,,,0,0,0,8,0,8,95,,,96,,,8,95,995,,,,,,,,,,,,,,,,,,,,,,,,,,,,,,0,0,0,1,0,0,0,0,0,0,0,0,1,0,0,0,0,0,0,0,0,0,0,0,0,0,0,0,0,1,0,0,0,0,0,,0,0,0,0,0,0,0,0,0,1,0,0,0,0,0,0,,,,,,36-40,36-45,County road,R,Friday,Belt Used,PV,Not Fatal,1,0,0,0,County Road,County Sheriff,Yakima County Sheriff's Office,0,0,1,0,0,,,,,,0,0,1,,,,,,,,,,,98,98,98,0,,,,,20,7,,,,,,,,,,,,,,,
2019,350,E967832,6,10/04/2019,10:04,4,10,,39,Klickitat,0,1,0,1,1,2,1,0,4,4,,,,12,0,2,30.9,1,0,1,3,1,1,3,0,3,0,0,SR-97,,-120.6165861,46.02800833,0,4,98,98,7,60,66,1,0,1,7,12,1,1,2,1,1,1,3,41,0,87,881,2016,0,0,12,,,,,,1,1,39,1,0,,0,0,3,0,11,0,,,,,6,1,0,3,1,0,0,0,0,96,,,,,,0,,,,,,98901,53,71,270,6,1,0,0,0,0,,0,,,,,,0,,,20,0,0,0,8,9,2,,,0,0,0,0,0,8,95,,,96,,,8,95,995,,,,,,,,,,,,,,,,,,,,,,,,,,,,,,0,0,0,0,1,1,0,1,0,0,0,0,0,0,0,0,0,0,0,0,0,0,0,1,1,1,0,0,0,1,1,0,0,0,0,,0,0,0,0,0,0,0,0,0,0,0,0,0,0,0,0,,,,,,36-40,36-45,State route,R,Friday,,MHTRUCK,Not Fatal,0,1,1,0,State Route,State Patrol,Washington State Patrol,0,1,0,0,0,,,,,,0,0,0,,,,,,,,,,,98,98,98,0,,,,,20,7,,,,,,,,,,,,,,,
2020,30,EA16128,330,01/31/2020,10:48,31,1,,77,Yakima,2590,1,,1,1,2,1,0,1,1,10:51,10:55,,59,0,0,0,1,0,1,5,2,4,6,0,0,0,0,S 18TH ST,,-120.4793333,46.59223889,0,1,1,13,2,30,4,0,0,1,2,1,3,1,3,5,14,1,1,53,0,39,37,2009,0,,63,59,26,1,,,1,1,38,1,1,,4,7,3,0,11,0,01/31/2020,10:48,2.59053E+11,5389,0,0,3,3,1,0,,,,96,,,,,,98,,,,,,98901,53,69,175,6,1,0,0,0,0,,0,,,,,,3,,,8,2,9,0,0,9,8,,,0,,,8,8,2,695,,,1,,,2,1,0.226,,,,,,,,,,,,,,,,,,,,,,,,,,,,,,0,0,1,0,1,1,1,1,1,0,0,0,1,0,0,0,0,0,0,0,0,0,0,0,0,0,0,0,0,1,0,0,0,0,0,,1,0,0,0,0,1,1,1,0,1,0,0,0,0,0,1,,,,,,36-40,36-45,City street,U,Friday,Belt Used,PV,Hispanic,0,1,0,0,City Street,Municipal/City Police,Yakima Police Department,1,0,0,1,0,,,carboxy-thc,6.4,,0,0,0,,,,,,,,,,,98,98,98,98,,,,,20,7,,,,,,,nms,1,0,,,,,,
2020,559,EA70015,330,10/05/2020,16:10,5,10,,77,Yakima,2590,1,,1,1,2,1,0,2,2,16:18,16:25,16:57,12,0,6,0,2,0,3,4,2,4,6,0,0,20,3,W WASHINGTON AVE,S 48th Ave,-120.5712806,46.57664444,0,1,82,15,2,40,4,0,0,1,2,12,1,1,2,1,11,1,2,53,0,35,47,2016,0,,12,,,,,,1,1,25,2,0,,2,0,3,0,11,5,,,,,0,0,0,3,1,10,38,39,,0,,,,,,98,,,,,,98901,53,62,145,6,1,0,1,0,0,,37,,,,,,0,10/15/2020,10/15/2020,1,0,0,0,8,9,8,,,0,,,8,8,0,0,,,0,,,0,0,996,,,,,,,,,,,,,,,,,,,,,,,,,,,,,,0,0,0,1,0,0,0,0,0,0,0,0,0,0,0,0,0,0,1,0,0,0,0,1,1,1,1,1,0,1,0,0,0,0,0,,0,0,0,0,0,0,0,0,0,0,1,0,0,0,0,0,,,,,,21-25,16-25,City street,U,Monday,Belt Used,PV,Not Fatal,1,0,0,0,City Street,Municipal/City Police,Yakima Police Department,0,0,0,1,0,,,,,,0,0,0,,,,,,,,,,,98,98,98,0,,,,,20,7,,,,,,,,1,0,,,,,,
2020,437,EA79203,1,11/04/2020,6:33,4,11,,5,Benton,0,1,,4,2,2,2,0,5,3,,,,12,0,1,35.4,3,0,3,4,1,1,3,0,0,0,0,SR-24,N COLD CREEK RD,-119.7910806,46.56930278,0,1,20,50,3,65,34,0,0,1,2,12,2,1,2,1,14,1,1,53,0,20,481,2003,0,,12,,,,,,1,1,32,1,0,,0,0,3,0,11,0,,,,,0,0,0,3,1,0,,,,92,,,,,,0,,,,,,98901,53,65,130,6,1,0,0,0,1,,97,,,,,,0,11/15/2017,11/15/2017,20,0,0,0,8,3,2,,,0,,,8,8,0,0,,,0,,,0,0,996,,,,,,,,,,,,,,,,,,,,,,,,,,,,,,0,0,0,1,0,0,0,0,0,0,0,0,0,0,0,0,1,0,0,0,0,0,0,0,0,0,0,0,0,1,1,0,0,0,0,,0,0,0,0,0,0,0,0,1,0,0,0,0,0,0,0,,,,,,31-35,26-35,State route,R,Wednesday,Belt Used,PV,Not Fatal,1,0,0,0,State Route,State Patrol,Washington State Patrol,0,1,0,0,0,,,,,,0,0,0,,,,,,,,,,,98,98,98,0,,,,,20,7,,,,,,,,1,0,,,,,,