year,case,par,repjur,crash_dt,crash_tm,accday,accmon,holiday,county,co_char,city,weather,weather2,lightcond,surfcond,surftype,numfatal,nmforms,pforms,vforms,not_tm,arr_tm,hosp_tm,fhevent,hitrun,manncol,milepnt,reljunc,reljuncinter,intersectiontype,funcsystem,landuse,ownership,route,schlbus,spejur,contdev,devfunc,trafid1,trafid2,x,y,wk_zone,vnumber,crashtype,criticalevent,criticaleventcat,spdlim,body,trailer,emerg,hazcargo,leave,mhevent,roadalgn,roadprof,traflane,trafflow,vehmanvr,numoccs,regowner,regstate,spuse,make,model,modelyr,vrf1,vrf2,seqevent1,seqevent2,seqevent3,seqevent4,seqevent5,seqevent6,pnumber,ptype,age,sex,hispanic,race,injury,diedscene,restraint,restraintmisuse,seatpos,takehosp,death_dt,death_tm,cert,cernum_wa,commlic,licendor,licrestrict,liccomp,drivpres,drf1,drf2,drf3,drf4,distract1,distract2,distract3,distract4,distract5,distract6,dricond1,dricond2,dricond3,dricond4,dricond5,dricond6,dzip,licstate,drhgt_in,weight,noncdl,noncdltype,prevdwi,prevoth,prevacc,prevspd,prevsus,driviol1,driviol2,driviol3,driviol4,driviol5,driviol6,spdrel,first_dt,last_dt,airbag,ejection,ejectpath,extricat,injurwrk,methalc,methdrug,nmlocat,strikveh,prf1,prf2,prf3,druginv,alcinvol,drugsts,drugres1,drugres2,drugres3,drugtst1,drugtst2,drugtst3,alcsts,alctst,alcres,nmact1,nmact2,nmact3,nmact4,nmact5,nmact6,nmprior1,nmprior2,nmprior3,nmprior4,nmprior5,nmprior6,nmcond1,nmcond2,nmcond3,nmcond4,nmcond5,nmcond6,nmsafe_helmet,nmsafe_pads,nmsafe_oth,nmprev_ref,nmprev_lgt,nmprev_oth,crashlocation,nmcrashtype,crosswalk,schoolzone,sidewalk,train_inv,wildlife_inv,rotr_fars,intersect_fars,dd_inv,aid_inv,dpd_inv,id_inv,mj_inv,impnm_inv,ainm_inv,dpnm_inv,speed_inv,unlic_inv,unendmc_inv,drowsy_inv,drdist_inv,nmdist_inv,fty_inv,unrestfat_inv,dr1617_inv,dr1820_inv,dr1620_inv,dr2125_inv,dr1625_inv,dr65_inv,dr70_inv,dr75_inv,mc_inv,pv_inv,ht_inv,ped_inv,bike_inv,unrest_fat,mc_fat,unhelmet_mc,pv_fat,ht_fat,ped_fat,bike_fat,dr_alc7,dr_alc8,dr_drug,dr_imp,dr_dist,dr_spd,dr_fty,dr_unlic,dr_alc7only,dr_alc8only,dr_drugonly,dr_drink,nm_imp,nm_alc7,nm_alc8,nm_drug,nm_dist,agegrp1,agegrp2,roadclass,urbrur,dayweek,restuse,vehtype,race_me,intersect,lanedep,oppdir,wrongway,rep_typ,investag,repag_long,rotr,st_rd,cty_rd,city_rd,oth_rd,drug_thc,thc_res,drug_cthc,cthc_res,drug_cann,prevpersemin,prevperse,prevsusoth,drugtst4,drugtst5,drugtst6,drugtst7,drugtst8,drugres4,drugres5,drugres6,drugres7,drugres8,adspresent,adsengaged,adslevel,race1,race2,race3,race4,race5,helmet,helmetmisuse,nmdistract1,nmdistract2,nmdistract3,nmdistract4,nmdistract5,nmdistract6,lab,isedtcase,crf1,crf2,crf3,CoRoadName,CoMP,IntCoRoadName,IntCoMP
2020,467,EA86059,330,11/20/2020,17:59,20,11,,77,Yakima,2590,10,,2,2,2,1,2,1,1,18:02,18:06,18:25,8,1,0,0,1,0,1,7,2,4,6,0,0,0,0,N GORDON RD,,-120.5170194,46.62554167,0,1,13,80,5,25,15,0,0,1,2,8,1,1,2,1,1,1,2,53,0,12,422,2003,0,,63,8,8,,,,1,1,55,1,0,,0,0,3,0,11,0,,,,,0,0,3,2,1,23,,,,96,,,,,,9,,,,,,98901,53,68,166,1,1,1,1,0,0,,1,7,,,,,0,07/15/2016,03/15/2019,20,0,0,0,8,9,8,,,0,,,8,1,0,0,,,0,,,0,0,996,,,,,,,,,,,,,,,,,,,,,,,,,,,,,,0,0,0,0,1,0,0,0,0,1,0,1,0,1,0,0,0,0,0,0,0,0,0,0,0,0,0,0,0,1,0,1,0,0,0,,0,0,0,0,0,0,0,0,0,0,0,1,0,0,0,1,,,,,,51-55,46-55,City street,U,Friday,Belt Used,PV,Not Fatal,0,0,0,0,City Street,Municipal/City Police,Yakima Police Department,0,0,0,1,0,,,,,,0,0,2,,,,,,,,,,,98,98,98,0,,,,,20,7,,,,,,,,1,0,,,,,,
2021,12,EA98536,1,01/07/2021,22:51,7,1,,5,Benton,0,5,,2,1,2,1,0,4,3,,,,12,0,2,86,1,0,1,1,1,1,1,0,0,0,0,I-82,,-119.6734667,46.22353333,0,2,51,54,3,70,34,0,0,1,2,12,3,2,2,3,14,1,1,53,0,12,481,1999,0,,12,12,,,,,1,1,65,1,0,,2,0,3,0,11,0,,,,,6,0,3,3,1,0,,,,96,,,,,,98,,,,,,98901,53,71,170,6,1,0,0,0,0,,0,,,,,,0,,,1,0,0,0,8,3,2,,,0,,,8,8,0,0,,,0,,,0,0,996,,,,,,,,,,,,,,,,,,,,,,,,,,,,,,0,0,0,0,1,1,1,1,1,0,0,0,0,1,0,0,0,0,0,1,0,0,0,1,1,1,0,0,0,1,0,0,0,0,0,,0,0,0,0,0,0,0,0,0,0,0,0,0,0,0,0,,,,,,61-65,56-65,Interstate,R,Thursday,Belt Used,PV,Not Fatal,0,0,0,1,State Route,State Patrol,Washington State Patrol,0,1,0,0,0,,,,,,0,0,0,,,,,,,,,,,0,0,0,0,,,,,20,,,,,,,,,1,0,,,,,,
2021,119,EB25790,146,04/15/2021,0:25,15,4,,77,Yakima,0,1,,2,1,2,2,0,2,1,,,,35,0,0,0,1,0,1,96,6,96,8,0,0,0,0,ROZA HILL DR    PVT DR,,-120.3803111,46.60615278,0,1,7,6,1,50,4,0,0,1,2,2,1,2,2,1,1,2,2,53,0,37,32,2008,0,,68,64,35,1,2,,1,1,39,2,6,,4,7,99,7,11,0,04/15/2021,0:25,53018691,18691,0,0,0,2,1,0,,,,96,,,,,,98,,,,,,98901,53,63,160,1,1,0,0,0,0,,0,,,,,,4,,,99,0,0,0,0,9,8,,,0,,,8,8,0,0,,,0,,,0,0,996,,,,,,,,,,,,,,,,,,,,,,,,,,,,,,0,0,0,0,0,0,0,0,0,0,0,0,1,1,0,0,0,0,0,0,0,0,0,0,0,0,0,0,0,1,0,0,0,0,0,,1,0,0,0,0,0,0,0,0,1,0,1,0,0,0,0,,,,,,36-40,36-45,Other,,Thursday,Unknown,PV,Hispanic,0,1,0,0,Other,County Sheriff,Yakima County Sheriff's Office,1,0,0,0,1,,,,,,0,0,0,,,,,,,,,,,98,98,98,98,,,,,20,,,,,,,,,1,0,,,,,,
2021,618,EB27254,330,05/02/2021,19:57,2,5,,77,Yakima,2590,1,,1,1,2,1,0,2,2,,,,12,0,6,0,2,0,3,7,2,4,6,0,0,0,0,E MAPLE ST,S 8th St,-120.492325,46.59842778,0,1,68,15,2,25,4,0,0,1,5,12,1,1,2,1,11,1,2,53,0,48,38,2003,0,,12,,,,,,1,1,17,1,0,,0,0,3,0,11,0,,,,,0,0,0,3,1,38,,,,96,,,,,,98,,,,,,98901,53,68,180,6,1,0,0,0,0,,2,46,,,,,0,,,20,0,0,0,8,9,8,,,0,,,9,9,2,1,,,1,,,2,1,0,,,,,,,,,,,,,,,,,,,,,,,,,,,,,,0,0,0,1,0,0,0,0,0,0,0,0,0,0,0,0,0,0,1,0,1,0,1,1,1,0,0,0,1,1,0,0,0,0,0,,0,0,0,0,0,0,0,0,0,0,1,0,0,0,0,0,,,,,,16-17,16-25,City street,U,Sunday,Belt Used,PV,Not Fatal,1,0,0,0,City Street,Municipal/City Police,Yakima Police Department,0,0,0,1,0,,,,,,0,0,0,,,,,,,,,,,98,98,98,0,,,,,20,,,,,,,,,1,0,,,,,,
2021,618,EB27254,330,05/02/2021,19:57,2,5,,77,Yakima,2590,1,,1,1,2,1,0,2,2,,,,12,0,6,0,2,0,3,7,2,4,6,0,0,0,0,E MAPLE ST,S 8th St,-120.492325,46.59842778,0,2,69,62,4,25,83,0,0,1,5,12,1,1,2,1,1,1,9,99,0,37,701,9999,0,,12,,,,,,1,1,23,1,1,,4,0,20,7,11,0,05/03/2021,9:31,1.96053E+11,22295,0,0,0,3,1,0,,,,96,,,,,,98,,,,,,98901,53,63,145,6,1,0,4,1,2,,93,,,,,,0,08/15/2017,11/15/2019,20,8,0,0,0,9,8,,,0,,,9,9,0,0,,,0,,,0,0,996,,,,,,,,,,,,,,,,,,,,,,,,,,,,,,0,0,0,1,0,0,0,0,0,0,0,0,0,0,0,0,0,0,1,0,1,0,1,1,1,0,0,0,1,1,0,0,0,0,1,1,0,0,0,0,0,0,0,0,0,0,0,0,0,0,0,0,,,,,,21-25,16-25,City street,U,Sunday,,MC,Hispanic,1,0,0,0,City Street,Municipal/City Police,Yakima Police Department,0,0,0,1,0,,,,,,0,0,6,,,,,,,,,,,0,0,0,98,,,,,17,,,,,,,,,1,0,,,,,,
2021,136,EB31636,330,05/18/2021,23:56,18,5,,77,Yakima,2590,1,,3,1,2,1,0,1,1,,,,30,0,0,0,1,0,1,5,2,4,6,0,0,0,0,PACIFIC AVE,,-120.484825,46.59232778,0,1,2,9,1,30,3,0,0,1,5,30,1,1,3,5,6,1,1,53,0,30,42,2013,0,,63,30,42,1,,,1,1,20,1,6,,4,7,3,0,11,0,05/18/2021,23:56,2.59053E+11,23991,0,0,3,2,1,0,,,,96,,,,,,9,,,,,,98901,53,66,225,1,1,1,3,1,10,,0,,,,,,3,05/15/2019,12/15/2021,8,2,9,0,0,9,8,,,0,,,8,1,2,695,605,,1,1,,2,1,0.194,,,,,,,,,,,,,,,,,,,,,,,,,,,,,,0,0,0,0,1,1,1,1,1,0,0,0,1,1,0,0,0,0,0,0,0,1,1,0,1,0,0,0,0,1,0,0,0,0,0,,1,0,0,0,0,1,1,1,0,1,0,1,0,0,0,1,,,,,,18-20,16-25,City street,U,Tuesday,Belt Used,PV,Hispanic,0,1,0,0,City Street,Municipal/City Police,Yakima Police Department,1,0,0,1,0,thc,3.2,,,,1,0,9,,,,,,,,,,,98,98,98,201,298,,,,20,,,,,,,,nms,1,0,,,,,,
2021,150,EB33270,1,05/24/2021,19:03,24,5,,77,Yakima,0,1,,1,1,2,1,0,2,2,,,,12,0,2,5.2,1,0,1,4,2,1,3,0,0,0,0,SR-823,,-120.489625,46.67955833,0,2,51,62,4,55,67,0,0,1,2,12,2,2,2,1,14,1,1,53,0,12,880,2017,0,,12,1,,,,,1,1,44,1,0,,2,0,3,0,11,5,,,,,0,0,0,3,1,0,,,,96,,,,,,98,,,,,,98901,53,67,200,6,1,0,0,0,1,,0,,,,,,0,07/15/2017,07/15/2017,8,0,0,0,8,9,8,,,0,,,8,8,0,0,,,0,,,0,0,996,,,,,,,,,,,,,,,,,,,,,,,,,,,,,,0,0,0,0,0,0,1,1,1,0,0,0,0,1,0,0,1,0,0,0,0,0,0,1,1,0,0,0,0,1,1,0,0,0,0,,0,0,0,0,0,0,0,0,0,0,0,0,0,0,0,0,,,,,,41-45,36-45,State route,U,Monday,,MHTRUCK,Not Fatal,0,1,1,0,State Route,State Patrol,Washington State Patrol,0,1,0,0,0,,,,,,0,0,0,,,,,,,,,,,98,98,98,0,,,,,20,,,,,,,,,1,0,,,,,,
2021,216,EB46414,1,06/30/2021,11:12,30,6,,77,Yakima,0,1,,1,1,2,1,0,2,1,,,,25,0,0,63.1,1,0,1,4,2,1,2,0,3,0,0,US-97,,-120.3545306,46.38761944,0,1,6,11,2,55,4,0,0,1,2,25,1,1,2,3,1,2,2,53,0,20,37,1999,0,,63,69,64,25,1,,1,1,30,1,0,,1,0,3,0,11,5,,,,,0,0,0,0,1,58,,,,96,,,,,,9,,,,,,98901,53,63,120,0,0,0,0,0,0,,1,,,,,,0,,,20,0,0,0,8,9,2,,,0,,,8,1,2,695,605,,1,1,,2,1,0.12,,,,,,,,,,,,,,,,,,,,,,,,,,,,,,0,0,1,0,1,1,1,1,1,0,0,0,0,1,0,0,0,0,0,0,0,0,0,0,0,0,0,0,0,1,0,0,0,0,0,,0,0,0,0,0,1,1,1,0,0,0,1,0,0,0,1,,,,,,26-30,26-35,US highway,U,Wednesday,Belt Used,PV,Not Fatal,0,1,0,0,State Route,State Patrol,Washington State Patrol,1,1,0,0,0,thc,8.1,carboxy-thc,100,,0,0,0,,,,,,,,,,,0,0,0,0,,,,,20,,,,,,,,,1,0,,,,,,
2021,221,EB47880,6,07/09/2021,15:22,9,7,,7,Chelan,0,1,,1,1,2,1,0,6,4,,,,24,0,0,88.2,1,0,1,3,1,1,2,0,0,0,0,US-2,,-120.7423639,47.70908333,0,4,98,98,7,60,14,0,0,1,2,12,1,2,3,1,1,1,1,53,0,49,401,2020,0,,12,,,,,,1,1,27,2,0,,1,0,3,0,11,5,,,,,0,0,3,3,1,0,,,,96,,,,,,98,,,,,,98901,53,62,180,6,1,0,0,0,1,,0,,,,,,0,01/15/2021,01/15/2021,8,0,0,0,8,9,8,,,0,,,8,8,0,0,,,0,,,0,0,996,,,,,,,,,,,,,,,,,,,,,,,,,,,,,,0,0,1,0,0,0,0,0,0,0,0,0,0,0,0,0,1,0,0,1,0,1,1,0,1,0,0,0,0,1,0,0,0,0,0,,0,0,0,0,0,0,0,0,0,0,0,0,0,0,0,0,,,,,,26-30,26-35,US highway,R,Friday,Belt Used,PV,Not Fatal,0,1,0,0,State Route,State Patrol,Washington State Patrol,1,1,0,0,0,,,,,,0,0,0,,,,,,,,,,,98,98,98,0,,,,,20,,,,,,,,,1,0,,,,,,
2021,261,EB53745,146,07/29/2021,14:23,29,7,,77,Yakima,0,1,,1,1,2,1,0,3,2,,,,12,0,2,4.1,1,0,1,5,1,2,4,0,0,0,0,CR- YAKIMA VALLEY HWY,,-120.3914861,46.47662778,0,1,50,10,2,55,4,0,0,1,2,12,3,1,2,1,14,1,2,53,0,55,33,2002,0,,68,12,,,,,1,1,49,1,6,,4,7,3,0,11,0,07/29/2021,14:23,53036697,36697,0,0,0,0,1,28,,,,92,,,,,,98,,,,,,98901,53,66,190,0,0,0,1,0,0,,0,,,,,,0,07/15/2021,07/15/2021,8,0,0,1,0,9,8,,,0,,,8,8,2,1,,,1,,,2,1,0.13,,,,,,,,,,,,,,,,,,,,,,,,,,,,,,0,0,0,0,1,1,0,1,0,0,0,0,0,1,0,0,1,0,0,0,0,0,0,0,0,1,1,0,0,1,0,0,0,0,0,,1,0,0,0,0,1,0,1,1,0,0,1,0,1,0,1,,,,,,46-50,46-55,County road,R,Thursday,Belt Used,PV,Hispanic,0,1,1,0,County Road,County Sheriff,Yakima County Sheriff's Office,0,0,1,0,0,,,,,,0,0,0,,,,,,,,,,,98,98,98,98,,,,,20,,,,,,,,,1,0,,,YAKIMA VALLEY HIGHWAY,4.07,NULL,
2021,327,EB63072,1,08/29/2021,10:44,29,8,,77,Yakima,2590,1,,1,1,2,1,0,1,1,,,,21,0,0,31.4,1,0,1,1,2,1,1,0,0,0,0,I-82,,-120.5074,46.62636944,0,1,1,13,2,60,6,0,0,1,2,21,1,1,2,3,1,1,2,53,0,20,23,2008,0,,63,21,,,,,1,1,73,1,7,,4,7,20,7,11,0,08/29/2021,10:44,2.59053E+11,43686,0,0,0,3,1,0,,,,96,,,,,,98,,,,,,98901,53,78,280,6,1,0,0,0,0,,0,,,,,,0,,,1,0,0,0,0,1,1,,,0,,,0,0,2,1,,,1,,,2,1,0,,,,,,,,,,,,,,,,,,,,,,,,,,,,,,0,0,1,0,0,0,0,0,0,0,0,0,0,0,0,0,0,0,0,1,0,0,0,0,0,1,1,0,0,1,0,0,0,1,0,,1,0,0,0,0,0,0,0,0,0,0,0,0,0,0,0,,,,,,71-75,66-75,Interstate,U,Sunday,Not Used,PV,White,0,1,0,0,State Route,State Patrol,Washington State Patrol,1,1,0,0,0,,,,,,0,0,0,,,,,,,,,,,98,98,98,1,,,,,20,,,,,,,,,1,0,,,,,,
2021,480,EB91488,146,11/07/2021,16:40,7,11,,77,Yakima,0,1,,1,1,2,1,0,3,3,,,,12,0,7,32.3,1,0,1,5,1,2,4,0,0,0,0,CR-YAKIMA VALLEY HWY,,-119.9463806,46.28823056,0,1,47,10,2,55,14,0,0,1,2,12,1,1,2,1,6,1,1,53,0,2,404,1999,0,,63,12,69,68,12,,1,1,51,1,0,,0,0,99,7,11,0,,,,,0,0,0,2,1,8,,,,96,,,,,,9,,,,,,98901,53,67,220,1,1,0,0,1,0,,1,,,,,,0,02/15/2021,02/15/2021,20,0,0,0,8,9,2,,,0,,,1,8,2,401,417,,1,1,,2,1,0,,,,,,,,,,,,,,,,,,,,,,,,,,,,,,0,0,0,0,0,0,1,1,0,0,0,0,0,1,0,0,0,0,0,0,0,0,0,0,0,0,0,0,0,1,0,0,0,0,0,,0,0,0,0,0,0,1,1,0,0,0,1,0,0,1,0,,,,,,51-55,46-55,County road,R,Sunday,Unknown,PV,Not Fatal,0,1,1,0,County Road,County Sheriff,Yakima County Sheriff's Office,0,0,1,0,0,,,,,,0,0,0,,,,,,,,,,,0,0,0,0,,,,,20,,,,,,,,,1,0,,,YAKIMA VALLEY HIGHWAY,32.31,NULL,
2021,631,EB98551,1,11/24/2021,6:15,24,11,,77,Yakima,0,1,,3,4,1,1,0,18,10,,,,25,0,0,58.8,5,1,1,1,1,1,1,0,0,0,0,I-82 RAMP,,-120.1734778,46.34274167,0,10,98,5,1,70,34,0,0,1,2,12,3,1,2,3,14,1,1,53,0,23,481,2011,0,,12,,,,,,1,1,32,1,0,,0,0,3,0,11,0,,,,,0,0,0,2,1,0,,,,96,,,,,,98,,,,,,98901,53,68,220,1,1,1,0,0,0,,0,,,,,,0,09/15/2021,09/15/2021,1,0,0,0,8,9,8,,,0,,,0,0,0,0,,,0,,,0,0,996,,,,,,,,,,,,,,,,,,,,,,,,,,,,,,0,0,0,0,0,0,0,0,0,0,0,0,0,1,0,0,0,0,0,0,0,0,0,1,1,1,0,0,0,1,1,0,0,0,0,,0,0,0,0,0,0,0,0,0,0,0,1,0,0,0,0,,,,,,31-35,26-35,Interstate,R,Wednesday,Belt Used,PV,Not Fatal,0,0,0,0,State Route,State Patrol,Washington State Patrol,0,1,0,0,0,,,,,,0,1,0,,,,,,,,,,,98,98,98,0,,,,,20,,,,,,,,,1,19,,,,,,
2017,214,E688516,1,06/25/2017,7:22,25,6,0,77,Yakima,0,1,0,1,1,2,1,0,2,2,7:23,7:35,,12,0,6,2.1,4,0,1,3,1,1,3,0,0,3,3,SR-24,BIRCHFIELD RD,-120.4679111,46.58484722,0,1,77,17,2,55,4,0,0,1,2,12,1,1,5,1,1,1,1,53,0,37,32,2014,0,0,12,,,,,,1,1,39,2,7,3,4,7,20,0,11,0,06/25/2017,7:41,2.59053E+11,28161,0,0,3,2,1,39,0,0,0,96,,,,,,9,,,,,,98902,53,60,115,1,1,3,0,0,1,4,0,,,,,,3,11/15/2015,10/15/2016,8,0,0,0,0,1,8,,,0,0,0,8,1,2,1,0,0,1,0,0,2,1,0.26,,,,,,,,,,,,,,,,,,,,,,,,,,,,,,0,0,0,0,1,1,0,1,0,0,0,0,1,1,0,0,0,0,0,1,0,0,0,0,0,0,0,0,0,1,0,0,0,1,0,,1,0,0,0,0,1,0,1,0,1,0,1,0,1,0,1,,,,,,36-40,36-45,State route,R,Sunday,Not Used,PV,AIAN,1,0,0,0,State Route,State Patrol,Washington State Patrol Headquarter,0,1,0,0,0,,,,,,,,,,,,,,,,,,,,,,,,,,,,,,,,,,,,,,,,,,,
2017,311,E703810,6,08/17/2017,13:15,17,8,0,47,Okanogan,1600,1,0,1,1,2,1,0,2,2,13:28,13:48,15:30,12,0,6,277.4,2,0,4,3,2,1,2,0,0,3,3,US-97,ENGH RD,-119.508675,48.41676944,0,1,68,15,2,50,4,0,0,1,2,12,1,1,4,1,11,1,1,53,0,37,32,2004,0,0,12,,,,,,1,1,79,2,7,1,4,0,99,0,11,4,08/17/2017,15:56,2.11053E+11,36325,0,0,3,3,1,39,0,0,0,96,,,,,,99,,,,,,98902,53,62,174,6,1,0,0,0,0,0,0,,,,,,0,,,8,0,0,0,0,9,8,,,0,0,0,8,9,2,1,0,0,1,0,0,2,1,0,,,,,,,,,,,,,,,,,,,,,,,,,,,,,,0,0,0,1,0,0,0,0,0,0,0,0,0,0,0,0,0,0,0,0,0,0,0,0,0,1,1,1,0,1,1,0,0,0,0,,1,0,0,0,0,0,0,0,0,0,0,0,0,0,0,0,,,,,,76-80,76+,US highway,U,Thursday,Unknown,PV,White,1,0,0,0,State Route,State Patrol,Washington State Patrol Headquarter,0,1,0,0,0,,,,,,,,,,,,,,,,,,,,,,,,,,,,,,,,,,,,,,,,,,,
2017,477,E738307,6,11/14/2017,12:57,14,11,0,37,Kittitas,0,10,0,1,1,2,1,0,2,2,12:59,13:07,,24,0,0,105.9,1,0,1,1,2,1,1,0,0,0,0,I-90,,-120.5699528,46.98904722,0,1,7,12,2,70,14,0,0,1,2,1,1,1,2,3,1,1,1,53,0,42,403,2014,0,0,64,24,67,35,1,12,1,1,54,2,7,1,4,7,3,0,11,0,11/14/2017,13:30,62053049466,49466,0,0,0,3,1,0,0,0,0,96,,,,,,9,,,,,,98902,53,65,125,6,1,0,0,0,1,0,0,,,,,,0,12/15/2016,12/15/2016,8,0,0,0,0,1,1,,,0,0,0,1,0,2,996,996,0,1,1,0,2,1,0,,,,,,,,,,,,,,,,,,,,,,,,,,,,,,0,0,0,0,0,0,1,1,0,0,0,0,0,0,0,0,0,0,0,0,0,0,0,0,0,0,0,0,0,1,1,0,0,0,0,,1,0,0,0,0,0,1,1,0,0,0,0,0,0,1,0,,,,,,51-55,46-55,Interstate,U,Tuesday,Belt Used,PV,White,0,1,0,0,State Route,State Patrol,Washington State Patrol Headquarter,1,1,0,0,0,,,,,,,,,,,,,,,,,,,,,,,,,,,,,,,,,,,,,,,,,,,
2017,495,E744683,330,11/24/2017,19:16,24,11,8,77,Yakima,2590,1,0,3,1,2,1,1,2,1,,,,8,0,0,0,1,0,1,4,2,4,6,0,0,0,0,W MEAD AVE,,-120.5106028,46.57798333,0,1,13,80,5,35,14,0,0,1,5,8,1,1,2,1,1,2,1,53,0,2,404,2000,0,0,8,,,,,,1,1,51,2,0,0,0,0,3,0,11,0,,,,,0,0,0,3,1,0,0,0,0,0,,,,,,0,,,,,,98902,53,62,200,6,1,0,0,0,0,0,0,,,,,,0,,,20,0,0,0,8,9,8,,,0,0,0,8,0,0,0,0,0,0,0,0,0,0,996,,,,,,,,,,,,,,,,,,,,,,,,,,,,,,0,0,0,0,0,0,0,0,0,1,1,0,0,0,0,0,0,0,0,0,0,0,0,0,0,0,0,0,0,1,0,1,0,0,0,,0,0,0,0,0,0,0,0,0,0,0,0,0,0,0,0,,,,,,51-55,46-55,City street,U,Friday,Belt Used,PV,Not Fatal,0,0,0,0,City Street,Municipal/City Police,Yakima Police Department,0,0,0,1,0,,,,,,,,,,,,,,,,,,,,,,,,,,,,,,,,,,,,,,,,,,,
2018,41,E770635,4,02/14/2018,8:20,14,2,0,63,Spokane,0,4,0,1,3,1,1,0,3,1,8:29,8:53,9:44,17,0,0,257.7,1,0,1,1,1,1,1,0,0,0,0,I-90,,-117.7560583,47.46008889,0,1,2,6,1,70,14,0,0,1,2,1,1,1,2,2,15,3,2,53,0,20,403,2003,0,0,63,17,1,,,,1,1,45,2,7,1,4,7,3,0,11,0,02/14/2018,8:20,53007561,7561,0,0,3,2,1,87,0,0,0,96,,,,,,0,,,,,,98902,53,64,275,1,1,0,0,0,0,,0,,,,,,4,04/15/2013,06/15/2013,1,0,0,0,0,9,8,,,0,0,0,0,0,2,1,,,1,,,2,1,0,,,,,,,,,,,,,,,,,,,,,,,,,,,,,,0,0,0,0,0,0,0,0,0,0,0,0,1,1,0,0,0,0,0,0,0,0,0,0,0,0,0,0,0,1,0,0,0,0,0,,1,0,0,0,0,0,0,0,0,1,0,1,0,0,0,0,,,,,,41-45,36-45,Interstate,R,Wednesday,Belt Used,PV,White,0,1,0,0,State Route,State Patrol,Washington State Patrol Headquarter,1,1,0,0,0,,,,,,0,0,2,,,,,,,,,,,,,,,,,,,,,,,,,,,,,,,,,,,
2019,133,E917953,146,05/07/2019,3:55,7,5,,77,Yakima,0,1,0,2,1,2,4,0,7,2,,,,12,0,6,60.4,2,0,2,3,1,1,2,0,3,0,0,US-97,LARUE RD,-120.3201833,46.36051111,0,2,86,66,4,55,66,1,0,1,7,1,1,1,2,1,1,1,3,53,0,82,881,2011,0,0,12,63,1,,,,1,1,55,1,0,,1,0,3,0,11,8,,,,,6,1,0,3,1,0,0,0,0,96,,,,,,0,,,,,,98902,53,67,240,6,1,0,0,0,0,,0,,,,,,0,,,20,0,0,0,8,9,8,,,0,0,0,8,0,8,95,,,96,,,8,95,995,,,,,,,,,,,,,,,,,,,,,,,,,,,,,,0,0,0,1,1,0,1,1,1,0,0,0,0,1,0,0,0,0,0,0,0,0,0,1,1,0,0,0,0,1,1,0,0,0,0,,0,0,0,0,0,0,0,0,0,0,0,0,0,0,0,0,,,,,,51-55,46-55,US highway,R,Tuesday,,MHTRUCK,Not Fatal,1,0,0,0,State Route,County Sheriff,Yakima County Sheriff's Office,0,1,0,0,0,,,,,,0,0,0,,,,,,,,,,,98,98,98,0,,,,,20,7,,,,,,,,,,,,,,,
2019,367,E959018,330,09/09/2019,8:32,9,9,,77,Yakima,2590,10,0,1,1,2,1,0,3,2,,,,12,0,6,0,2,0,3,7,2,4,6,0,0,20,3,S 16TH AVE,GRANT ST,-120.5303333,46.58247222,0,1,82,15,2,25,4,0,0,1,7,12,1,1,8,1,11,2,1,53,0,49,43,2004,0,0,12,,,,,,1,1,36,1,0,,1,0,3,0,11,8,,,,,0,0,3,3,1,38,0,0,0,96,,,,,,0,,,,,,98902,53,71,150,6,1,0,0,0,0,,46,,,,,,0,01/15/2018,01/15/2018,20,0,0,0,8,9,8,,,0,0,0,8,0,8,95,,,96,,,8,95,995,,,,,,,,,,,,,,,,,,,,,,,,,,,,,,0,0,0,1,0,0,0,0,0,0,0,0,0,0,0,0,0,0,1,0,0,0,0,0,0,1,1,1,0,1,0,0,0,0,0,,0,0,0,0,0,0,0,0,0,0,1,0,0,0,0,0,,,,,,36-40,36-45,City street,U,Monday,Belt Used,PV,Not Fatal,1,0,0,0,City Street,Municipal/City Police,Yakima Police Department,0,0,0,1,0,,,,,,0,0,1,,,,,,,,,,,98,98,98,0,,,,,20,7,,,,,,,,,,,,,,,
2020,88,EA28746,330,04/12/2020,22:45,12,4,,77,Yakima,2590,1,,3,1,2,1,1,1,1,,,,9,0,0,0,1,0,1,7,2,4,6,0,0,0,0,S 3RD AVE,,-120.5094444,46.59125556,0,1,13,83,5,30,34,0,0,1,2,9,1,3,4,1,1,1,1,53,0,12,481,2005,0,,9,,,,,,1,1,35,1,0,,0,0,3,0,11,0,,,,,0,0,0,3,1,0,,,,96,,,,,,0,,,,,,98902,53,69,145,6,1,1,1,0,0,,0,,,,,,0,02/15/2016,02/15/2016,20,0,0,0,8,9,8,,,0,,,8,8,0,0,,,0,,,0,0,996,,,,,,,,,,,,,,,,,,,,,,,,,,,,,,0,0,0,0,0,0,0,0,0,1,0,1,0,0,0,0,0,0,0,0,0,0,0,0,0,0,0,0,0,1,0,0,1,0,0,,0,0,0,0,0,0,0,0,0,0,0,0,0,0,0,0,,,,,,31-35,26-35,City street,U,Sunday,Belt Used,PV,Not Fatal,0,0,0,0,City Street,Municipal/City Police,Yakima Police Department,0,0,0,1,0,,,,,,0,1,0,,,,,,,,,,,98,98,98,0,,,,,20,7,,,,,,,,1,0,,,,,,