year,case,par,repjur,crash_dt,crash_tm,accday,accmon,holiday,county,co_char,city,weather,weather2,lightcond,surfcond,surftype,numfatal,nmforms,pforms,vforms,not_tm,arr_tm,hosp_tm,fhevent,hitrun,manncol,milepnt,reljunc,reljuncinter,intersectiontype,funcsystem,landuse,ownership,route,schlbus,spejur,contdev,devfunc,trafid1,trafid2,x,y,wk_zone,vnumber,crashtype,criticalevent,criticaleventcat,spdlim,body,trailer,emerg,hazcargo,leave,mhevent,roadalgn,roadprof,traflane,trafflow,vehmanvr,numoccs,regowner,regstate,spuse,make,model,modelyr,vrf1,vrf2,seqevent1,seqevent2,seqevent3,seqevent4,seqevent5,seqevent6,pnumber,ptype,age,sex,hispanic,race,injury,diedscene,restraint,restraintmisuse,seatpos,takehosp,death_dt,death_tm,cert,cernum_wa,commlic,licendor,licrestrict,liccomp,drivpres,drf1,drf2,drf3,drf4,distract1,distract2,distract3,distract4,distract5,distract6,dricond1,dricond2,dricond3,dricond4,dricond5,dricond6,dzip,licstate,drhgt_in,weight,noncdl,noncdltype,prevdwi,prevoth,prevacc,prevspd,prevsus,driviol1,driviol2,driviol3,driviol4,driviol5,driviol6,spdrel,first_dt,last_dt,airbag,ejection,ejectpath,extricat,injurwrk,methalc,methdrug,nmlocat,strikveh,prf1,prf2,prf3,druginv,alcinvol,drugsts,drugres1,drugres2,drugres3,drugtst1,drugtst2,drugtst3,alcsts,alctst,alcres,nmact1,nmact2,nmact3,nmact4,nmact5,nmact6,nmprior1,nmprior2,nmprior3,nmprior4,nmprior5,nmprior6,nmcond1,nmcond2,nmcond3,nmcond4,nmcond5,nmcond6,nmsafe_helmet,nmsafe_pads,nmsafe_oth,nmprev_ref,nmprev_lgt,nmprev_oth,crashlocation,nmcrashtype,crosswalk,schoolzone,sidewalk,train_inv,wildlife_inv,rotr_fars,intersect_fars,dd_inv,aid_inv,dpd_inv,id_inv,mj_inv,impnm_inv,ainm_inv,dpnm_inv,speed_inv,unlic_inv,unendmc_inv,drowsy_inv,drdist_inv,nmdist_inv,fty_inv,unrestfat_inv,dr1617_inv,dr1820_inv,dr1620_inv,dr2125_inv,dr1625_inv,dr65_inv,dr70_inv,dr75_inv,mc_inv,pv_inv,ht_inv,ped_inv,bike_inv,unrest_fat,mc_fat,unhelmet_mc,pv_fat,ht_fat,ped_fat,bike_fat,dr_alc7,dr_alc8,dr_drug,dr_imp,dr_dist,dr_spd,dr_fty,dr_unlic,dr_alc7only,dr_alc8only,dr_drugonly,dr_drink,nm_imp,nm_alc7,nm_alc8,nm_drug,nm_dist,agegrp1,agegrp2,roadclass,urbrur,dayweek,restuse,vehtype,race_me,intersect,lanedep,oppdir,wrongway,rep_typ,investag,repag_long,rotr,st_rd,cty_rd,city_rd,oth_rd,drug_thc,thc_res,drug_cthc,cthc_res,drug_cann,prevpersemin,prevperse,prevsusoth,drugtst4,drugtst5,drugtst6,drugtst7,drugtst8,drugres4,drugres5,drugres6,drugres7,drugres8,adspresent,adsengaged,adslevel,race1,race2,race3,race4,race5,helmet,helmetmisuse,nmdistract1,nmdistract2,nmdistract3,nmdistract4,nmdistract5,nmdistract6,lab,isedtcase,crf1,crf2,crf3,CoRoadName,CoMP,IntCoRoadName,IntCoMP
2020,105,EA30082,330,04/18/2020,15:27,18,4,,77,Yakima,2590,1,,1,1,2,1,0,2,1,15:31,15:41,15:56,59,0,0,0,3,0,10,5,2,4,6,0,0,0,0,S 18TH ST,Pacific Ave,-120.4793306,46.59223333,0,1,1,6,1,30,4,0,0,1,2,1,3,1,3,5,14,2,2,53,0,18,18,1996,0,,63,59,31,1,,,1,1,34,2,1,,4,7,20,7,11,0,04/18/2020,15:27,2.59053E+11,18319,0,0,0,2,1,0,,,,96,,,,,,9,,,,,,98902,53,61,120,1,1,0,1,0,0,,0,,,,,,4,02/15/2020,02/15/2020,20,1,9,0,0,9,8,,,0,,,8,1,2,401,417,,1,1,,2,1,0.304,,,,,,,,,,,,,,,,,,,,,,,,,,,,,,0,0,1,1,1,1,1,1,0,0,0,0,1,1,0,0,0,0,0,1,0,0,0,0,0,0,0,0,0,1,0,0,0,1,0,,1,0,0,0,0,1,1,1,0,1,0,1,0,0,0,1,,,,,,31-35,26-35,City street,U,Saturday,Not Used,PV,Hispanic,0,1,0,0,City Street,Municipal/City Police,Yakima Police Department,1,0,0,1,0,,,,,,0,0,0,,,,,,,,,,,0,0,0,203,201,,,,20,7,,,,,,,,1,0,,,,,,
2020,211,EA44281,146,06/24/2020,10:45,24,6,,77,Yakima,0,1,,1,1,2,2,0,5,3,10:51,10:58,11:38,12,0,6,1.8,2,0,2,5,1,2,4,0,3,0,0,CR-LATERAL A RD,KAYS RD,-120.4803361,46.492,0,2,89,66,4,55,66,0,0,2,2,12,1,1,2,1,1,1,3,53,0,82,881,1996,0,,12,1,12,,,,1,1,58,1,0,,2,0,3,0,11,5,,,,,6,1,3,3,1,0,,,,96,,,,,,0,,,,,,98902,53,74,240,6,1,0,1,1,0,,0,,,,,,0,03/15/2017,05/15/2018,20,0,0,0,8,9,8,,,0,,,8,8,8,95,,,96,,,8,95,995,,,,,,,,,,,,,,,,,,,,,,,,,,,,,,0,0,0,1,0,0,0,0,0,0,0,0,0,0,0,0,0,0,0,0,0,1,1,0,1,0,0,0,0,1,1,0,0,0,0,,0,0,0,0,0,0,0,0,0,0,0,0,0,0,0,0,,,,,,56-60,56-65,County road,R,Wednesday,,MHTRUCK,Not Fatal,1,0,0,0,County Road,County Sheriff,Yakima County Sheriff's Office,0,0,1,0,0,,,,,,0,0,0,,,,,,,,,,,0,0,0,0,,,,,20,7,,,,,,,,1,0,,,LATERAL A RD.,1.76,KAYS RD.,1.06
2020,223,EA45931,38,06/29/2020,8:00,29,6,,59,Skamania,0,1,,1,1,4,1,0,1,1,12:16,13:19,,1,0,0,9999.8,1,0,1,98,1,64,8,0,0,0,0,USFS 5603 ROAD,,-122.2110056,46.38488333,0,1,1,13,2,98,63,1,0,1,2,1,3,2,8,1,14,1,3,53,0,85,881,2012,0,,63,1,,,,,1,1,34,1,6,,4,7,3,0,11,0,06/29/2020,8:00,53032248,32248,6,1,0,3,1,0,,,,96,,,,,,98,,,,,,98902,53,76,260,6,1,0,2,1,2,,0,,,,,,4,03/15/2016,01/15/2018,20,0,0,0,1,9,8,,,0,,,8,8,2,1,,,1,,,2,1,0,,,,,,,,,,,,,,,,,,,,,,,,,,,,,,0,0,1,0,0,0,0,0,0,0,0,0,1,0,0,0,0,0,0,0,0,0,0,0,0,0,0,0,0,0,1,0,0,0,0,,0,1,0,0,0,0,0,0,0,1,0,0,0,0,0,0,,,,,,31-35,26-35,Other,R,Monday,,MHTRUCK,Hispanic,0,1,0,0,Other,County Sheriff,Skamania County Sheriff's Office,1,0,0,0,1,,,,,,0,0,1,,,,,,,,,,,98,98,98,98,,,,,20,7,,,,,,,,1,0,,,,,,
2020,224,EA46032,146,06/12/2020,14:00,12,6,,77,Yakima,0,1,,1,1,5,1,0,5,1,14:05,14:46,15:54,1,0,0,9999.9,1,0,1,98,1,64,8,0,0,0,0,FS 580 R,,-121.1077028,46.66443056,0,1,98,9,1,98,15,0,0,1,2,1,3,2,8,1,14,5,1,53,0,20,421,1993,0,,64,1,,,,,1,1,19,2,0,,1,0,20,7,11,5,,,,,0,0,0,2,1,58,,,,96,,,,,,98,,,,,,98902,53,65,160,1,1,0,0,1,2,,97,,,,,,0,05/15/2017,07/15/2020,20,0,0,0,8,3,2,,,0,,,8,8,0,0,,,0,,,0,0,996,,,,,,,,,,,,,,,,,,,,,,,,,,,,,,0,0,0,0,0,0,0,0,0,0,0,0,0,1,0,0,0,0,0,1,0,1,1,0,1,0,0,0,0,1,0,0,0,0,0,,0,0,0,0,0,0,0,0,0,0,0,1,0,0,0,0,,,,,,18-20,16-25,Other,R,Friday,Not Used,PV,Not Fatal,0,1,0,0,Other,County Sheriff,Yakima County Sheriff's Office,1,0,0,0,1,,,,,,0,0,1,,,,,,,,,,,0,0,0,0,,,,,20,7,,,,,,,,1,0,,,,,,
2020,281,EA55669,146,08/15/2020,20:07,15,8,,77,Yakima,0,1,,1,1,2,1,0,3,2,20:21,21:00,21:28,12,0,6,12.7,1,0,1,6,1,2,4,0,3,0,0,CR-PROGRESSIVE RD,,-120.4454278,46.41911389,0,1,66,9,1,50,4,0,0,1,2,12,1,1,2,1,1,1,1,53,0,35,47,1999,0,,68,12,,,,,1,1,19,1,1,,4,0,3,0,11,1,08/15/2020,22:32,53039194,39194,0,0,0,0,1,0,,,,92,,,,,,98,,,,,,98902,53,,999,0,0,99,99,99,99,,0,,,,,,0,,,20,0,0,1,0,9,8,,,0,,,8,8,2,1,,,1,,,2,1,0.183,,,,,,,,,,,,,,,,,,,,,,,,,,,,,,0,0,0,0,1,1,0,1,0,0,0,0,0,1,0,0,1,0,0,0,0,1,1,0,1,0,0,0,0,1,0,0,0,0,0,,1,0,0,0,0,1,0,1,1,0,0,1,0,1,0,1,,,,,,18-20,16-25,County road,R,Saturday,Belt Used,PV,Hispanic,0,1,1,0,County Road,County Sheriff,Yakima County Sheriff's Office,0,0,1,0,0,,,,,,99,99,99,,,,,,,,,,,0,0,0,98,,,,,20,7,,,,,,,,1,0,,,PROGRESSIVE RD.,12.71,,
2020,309,EA59461,3,08/28/2020,14:07,28,8,,53,Pierce,0,1,,1,1,2,1,0,2,2,14:09,14:17,,12,0,6,46.5,8,0,1,3,2,1,3,0,0,0,0,SR-7,,-122.4223417,47.07418611,0,1,69,62,4,40,80,0,0,1,2,12,1,1,5,1,1,1,2,53,0,73,706,2007,0,,12,,,,,,1,1,27,1,6,,4,7,20,7,11,0,08/28/2020,14:07,53041113,41113,0,0,0,2,1,0,,,,96,,,,,,98,,,,,,98902,53,74,195,1,1,0,3,0,2,,0,,,,,,4,06/15/2018,08/15/2020,20,8,0,0,0,9,8,,,0,,,8,8,2,1,,,1,,,2,1,0,,,,,,,,,,,,,,,,,,,,,,,,,,,,,,0,0,0,0,0,0,0,0,0,0,0,0,1,1,1,0,0,0,0,0,0,0,0,0,0,1,0,0,1,1,0,0,0,0,1,0,0,0,0,0,0,0,0,0,0,1,0,1,0,0,0,0,,,,,,26-30,26-35,State route,U,Friday,,MC,Hispanic,0,0,0,0,State Route,State Patrol,Washington State Patrol,0,1,0,0,0,,,,,,0,0,3,,,,,,,,,,,0,0,0,98,,,,,5,0,,,,,,,,1,0,,,,,,
2020,333,EA61306,6,08/28/2020,18:00,28,8,,7,Chelan,0,1,,1,1,2,3,0,5,3,18:10,18:35,20:04,12,0,2,154.7,1,0,1,3,1,1,2,0,0,0,0,US-97,,-120.6105694,47.39430556,0,1,50,10,2,60,15,0,0,1,2,12,1,2,3,1,6,2,1,53,0,49,422,2005,0,,68,12,68,12,,,1,1,43,2,0,,3,0,3,0,11,5,,,,,0,0,3,3,1,33,,,,96,,,,,,98,,,,,,98902,53,59,110,6,1,0,1,1,1,,97,,,,,,0,06/15/2018,12/15/2020,8,0,0,0,8,3,8,,,0,,,8,8,2,695,,,1,,,2,1,0,,,,,,,,,,,,,,,,,,,,,,,,,,,,,,0,0,0,0,0,0,1,1,1,0,0,0,0,0,0,0,0,0,0,0,0,1,1,0,1,1,0,0,0,1,1,0,0,0,0,,0,0,0,0,0,0,1,1,0,0,0,0,0,0,1,0,,,,,,41-45,36-45,US highway,R,Friday,Belt Used,PV,Not Fatal,0,1,1,0,State Route,State Patrol,Washington State Patrol,0,1,0,0,0,,,carboxy-thc,5.9,,0,0,1,,,,,,,,,,,98,98,98,0,,,,,20,7,,,,,,,,1,0,,,,,,
2020,395,EA70924,1,10/04/2020,20:25,4,10,,77,Yakima,0,1,,3,1,2,1,0,1,1,20:27,20:39,21:15,1,0,0,25.6,1,0,1,1,1,1,1,0,0,0,0,I-82,,-120.4640917,46.68669167,0,1,7,9,1,70,15,0,0,1,2,1,1,2,2,2,1,1,1,53,0,54,421,2002,0,,64,1,,,,,1,1,29,2,6,,4,0,3,0,11,5,10/04/2020,21:23,2.59053E+11,46532,0,0,3,3,1,0,,,,96,,,,,,9,,,,,,98902,53,67,155,6,1,0,1,0,1,,0,,,,,,0,02/15/2018,12/15/2020,20,0,0,0,0,9,8,,,0,,,1,8,2,128,177,996,1,1,1,2,1,0,,,,,,,,,,,,,,,,,,,,,,,,,,,,,,0,0,0,0,0,0,1,1,0,0,0,0,0,0,0,0,0,0,0,0,0,0,0,0,0,0,0,0,0,1,0,0,0,0,0,,1,0,0,0,0,0,1,1,0,0,0,0,0,0,1,0,,,,,,26-30,26-35,Interstate,R,Sunday,Belt Used,PV,Hispanic,0,1,0,0,State Route,State Patrol,Washington State Patrol,1,1,0,0,0,,,,,,0,0,0,1,1,1,,,996,996,401,417,,98,98,98,1,,,,,20,7,,,,,,,,1,0,,,,,,
2020,410,EA72959,6,10/13/2020,18:37,13,10,,25,Grant,0,8,,2,1,2,1,0,3,3,18:36,18:46,19:23,12,0,2,3.9,1,0,1,3,1,1,3,0,0,0,0,SR-281,,-119.8535056,47.13728333,0,1,50,10,2,60,4,0,0,1,2,12,1,1,2,1,1,1,1,53,0,37,32,2005,0,,68,12,12,2,,,1,1,41,2,1,,4,0,3,0,11,5,10/16/2020,12:14,2.11053E+11,49947,0,0,0,0,1,0,,,,96,,,,,,98,,,,,,98902,53,66,150,0,0,0,0,0,0,,0,,,,,,0,,,8,1,9,0,0,9,8,,,0,,,8,8,2,522,996,,1,1,,2,1,0,,,,,,,,,,,,,,,,,,,,,,,,,,,,,,0,0,0,0,0,0,1,1,0,0,0,0,0,1,0,0,0,0,0,0,0,0,0,0,0,0,0,0,0,1,0,0,0,0,0,,1,0,0,0,0,0,1,1,0,0,0,1,0,0,1,0,,,,,,41-45,36-45,State route,R,Tuesday,Belt Used,PV,Hispanic,0,1,1,0,State Route,State Patrol,Washington State Patrol,0,1,0,0,0,,,,,,0,0,0,,,,,,,,,,,98,98,98,298,,,,,20,7,,,,,,,,1,0,,,,,,
2020,424,EA76853,1,10/31/2020,22:04,31,10,,77,Yakima,0,1,,2,1,2,1,1,2,1,,,,8,0,0,1.4,3,0,2,5,1,2,4,0,3,0,0,CR-FORT ROAD,BECKER RD,-120.3569917,46.37525278,0,1,13,80,5,55,15,0,0,1,5,8,1,1,2,1,1,2,3,53,0,20,421,2019,0,,8,,,,,,1,1,36,1,0,,0,0,3,0,11,0,,,,,0,0,3,3,1,0,,,,96,,,,,,0,,,,,,98902,53,69,170,6,1,0,0,1,0,,0,,,,,,0,03/15/2019,03/15/2019,20,0,0,0,8,3,8,,,0,,,8,8,0,0,,,0,,,0,0,996,,,,,,,,,,,,,,,,,,,,,,,,,,,,,,0,0,0,1,0,0,0,0,0,0,0,0,0,0,0,0,0,0,0,0,0,0,0,0,0,0,0,0,0,1,0,1,0,0,0,,0,0,0,0,0,0,0,0,0,0,0,0,0,0,0,0,,,,,,36-40,36-45,County road,R,Saturday,Belt Used,PV,Not Fatal,1,0,0,0,County Road,State Patrol,Washington State Patrol,0,0,1,0,0,,,,,,0,0,0,,,,,,,,,,,98,98,98,0,,,,,20,7,,,,,,,,1,0,,,FORT RD.,1.35,,
2020,468,EA86258,146,11/26/2020,17:15,26,11,,77,Yakima,0,1,,2,1,2,1,0,3,2,17:21,17:39,18:06,12,0,2,4,1,0,1,5,1,2,4,0,0,0,0,CR-YAKIMA VALLEY HWY,,-120.3923472,46.47682222,0,2,51,62,4,55,4,0,0,1,2,12,1,1,2,1,1,2,1,53,0,20,25,2014,0,,12,,,,,,1,1,19,2,0,,1,0,3,0,11,5,,,,,0,0,0,3,1,0,,,,96,,,,,,98,,,,,,98902,53,62,118,6,1,0,0,1,0,,0,,,,,,0,07/15/2019,07/15/2019,8,0,0,0,8,9,8,,,0,,,8,8,8,95,,,96,,,8,95,995,,,,,,,,,,,,,,,,,,,,,,,,,,,,,,0,0,0,0,1,1,0,1,0,0,0,0,0,1,0,0,1,0,0,1,0,1,1,1,1,0,0,0,0,1,0,0,0,0,0,,0,0,0,0,0,0,0,0,0,0,0,0,0,0,0,0,,,,,,18-20,16-25,County road,R,Thursday,Belt Used,PV,Not Fatal,0,1,1,0,County Road,County Sheriff,Yakima County Sheriff's Office,0,0,1,0,0,,,,,,0,0,0,,,,,,,,,,,98,98,98,0,,,,,20,7,,,,,,,,1,0,,,YAKIMA VALLEY HIGHWAY,4.03,,
2020,568,EA88391,330,12/04/2020,11:29,4,12,,77,Yakima,2590,1,,1,1,2,1,0,3,2,11:37,11:38,12:02,12,0,6,0,2,0,2,4,2,4,6,0,0,0,0,W YAKIMA AVE,N 11th Ave,-120.5243,46.59802222,0,2,86,66,4,30,15,0,0,1,2,12,1,1,4,1,1,1,1,53,0,48,421,2019,0,,12,,,,,,1,1,46,2,0,,1,0,3,0,11,5,,,,,0,0,0,3,1,10,,,,0,,,,,,98,,,,,,98902,53,61,130,6,1,0,0,0,0,,0,,,,,,0,,,1,0,0,0,8,9,8,,,0,,,8,8,0,0,,,0,,,0,0,996,,,,,,,,,,,,,,,,,,,,,,,,,,,,,,0,0,0,1,0,0,0,0,0,0,0,0,0,0,0,0,0,0,1,0,0,0,0,0,0,1,1,1,0,1,0,0,0,0,0,,0,0,0,0,0,0,0,0,0,0,0,0,0,0,0,0,,,,,,46-50,46-55,City street,U,Friday,Belt Used,PV,Not Fatal,1,0,0,0,City Street,Municipal/City Police,Yakima Police Department,0,0,0,1,0,,,,,,0,0,0,,,,,,,,,,,98,98,98,0,,,,,20,7,,,,,,,,1,0,,,,,,
2021,25,EB01105,1,01/01/2021,16:45,1,1,,77,Yakima,2400,2,,2,2,2,1,0,3,2,,,,12,0,2,67.8,1,0,1,4,2,1,2,0,3,0,0,US-97,,-120.4229806,46.43674167,0,1,52,54,3,55,34,0,0,1,2,12,1,1,2,3,1,1,1,53,0,49,482,2002,0,,12,,,,,,1,1,33,1,0,,3,0,20,7,11,5,,,,,0,0,3,2,1,51,,,,96,,,,,,9,,,,,,98902,53,66,150,1,1,2,0,0,1,,1,71,,,,,0,04/15/2016,08/15/2019,8,0,0,0,8,9,2,,,0,,,1,8,0,0,,,0,,,0,0,996,,,,,,,,,,,,,,,,,,,,,,,,,,,,,,0,0,0,0,0,0,1,1,1,0,0,0,0,1,0,0,0,0,0,0,0,0,0,0,0,1,0,0,0,1,0,0,0,0,0,,0,0,0,0,0,0,0,0,0,0,0,1,0,0,0,0,,,,,,31-35,26-35,US highway,U,Friday,Not Used,PV,Not Fatal,0,0,0,1,State Route,State Patrol,Washington State Patrol,0,1,0,0,0,,,,,,0,1,7,,,,,,,,,,,98,98,98,0,,,,,20,,,,,,,,,1,0,,,,,,
2021,109,EB23704,330,04/18/2021,14:04,18,4,,77,Yakima,2590,1,,1,0,0,1,0,3,1,,,,5,0,0,0,1,0,1,7,2,4,6,0,0,0,0,E SPRUCE ST,,-120.4867778,46.60201667,0,1,0,98,7,0,34,0,0,1,5,5,0,0,0,0,11,3,1,53,0,7,482,2017,0,,5,,,,,,1,1,27,1,0,,0,0,99,7,11,0,,,,,0,0,0,3,1,0,,,,96,,,,,,98,,,,,,98902,53,64,150,6,1,0,1,1,3,,0,,,,,,0,11/15/2016,10/15/2020,20,0,0,0,8,9,8,,,0,,,8,8,8,95,,,96,,,2,98,997,,,,,,,,,,,,,,,,,,,,,,,,,,,,,,0,0,0,0,0,0,0,0,0,0,0,0,0,0,0,0,0,0,0,1,0,0,0,0,0,0,0,0,0,1,0,0,0,0,0,,0,0,0,0,0,0,0,0,0,0,0,0,0,0,0,0,,,,,,26-30,26-35,City street,U,Sunday,Unknown,PV,Not Fatal,0,0,0,0,City Street,Municipal/City Police,Yakima Police Department,0,0,0,1,0,,,,,,0,0,0,,,,,,,,,,,98,98,98,0,,,,,20,,,,,,,,,1,0,,,,,,
2021,621,EB33439,330,05/24/2021,13:24,24,5,,77,Yakima,2590,1,,1,1,2,1,1,2,1,,,,8,0,0,0,3,0,2,4,2,4,6,0,0,3,3,TIETON DR,S 40th Ave,-120.5619444,46.59268611,0,1,13,16,2,35,14,0,0,1,2,8,1,1,5,1,10,2,2,53,0,12,401,2001,0,,8,,,,,,1,1,64,1,0,,0,0,3,0,11,0,,,,,0,0,0,3,1,10,38,,,0,,,,,,98,,,,,,98902,53,72,170,6,1,0,0,0,0,,97,,,,,,0,,,20,0,0,0,8,9,8,,,0,,,8,8,0,0,,,0,,,0,0,996,,,,,,,,,,,,,,,,,,,,,,,,,,,,,,0,0,0,1,0,0,0,0,0,0,0,0,0,0,0,0,0,0,1,0,0,0,0,0,0,0,0,0,0,1,0,1,0,0,0,,0,0,0,0,0,0,0,0,0,0,1,0,0,0,0,0,,,,,,61-65,56-65,City street,U,Monday,Belt Used,PV,Not Fatal,1,0,0,0,City Street,Municipal/City Police,Yakima Police Department,0,0,0,1,0,,,,,,0,0,0,,,,,,,,,,,98,98,98,0,,,,,20,,,,,,,,,1,0,,,,,,
2021,268,EB54394,330,07/18/2021,20:00,18,7,,77,Yakima,2590,1,,1,1,2,1,1,1,1,,,,9,0,0,0,1,0,1,3,2,4,6,0,0,0,0,N 5TH AVE,,-120.5185472,46.60945,0,1,13,83,5,30,34,0,0,1,2,9,1,1,3,5,1,1,2,53,0,12,481,1996,0,,9,,,,,,1,1,17,1,0,,0,0,3,0,11,0,,,,,0,0,3,3,1,0,,,,96,,,,,,98,,,,,,98902,53,76,300,6,2,0,0,0,0,,0,,,,,,0,,,20,0,0,0,8,3,2,,,0,,,8,8,2,1,,,1,,,2,1,0,,,,,,,,,,,,,,,,,,,,,,,,,,,,,,0,0,0,0,0,0,0,0,0,0,0,0,0,0,0,0,0,0,0,0,1,0,1,0,1,0,0,0,0,1,0,0,1,0,0,,0,0,0,0,0,0,0,0,0,0,0,0,0,0,0,0,,,,,,16-17,16-25,City street,U,Sunday,Belt Used,PV,Not Fatal,0,0,0,0,City Street,Municipal/City Police,Yakima Police Department,0,0,0,1,0,,,,,,0,0,0,,,,,,,,,,,0,0,0,0,,,,,20,,,,,,,,,1,0,,,,,,
2021,479,EB91353,1,11/17/2021,5:16,17,11,,77,Yakima,2590,1,,2,1,2,1,1,1,1,,,,8,0,0,35.5,1,0,1,1,2,1,1,0,0,0,0,I-82,,-120.4720389,46.57438333,0,1,13,80,5,60,6,0,0,1,2,8,3,2,2,3,14,1,1,4,0,63,37,2017,0,,8,,,,,,1,1,33,1,0,,0,0,3,0,11,0,,,,,0,0,0,3,1,0,,,,96,,,,,,0,,,,,,98902,53,67,180,6,1,0,0,0,0,,0,,,,,,0,,,20,0,0,0,8,9,2,,,0,,,8,8,0,0,,,0,,,0,0,996,,,,,,,,,,,,,,,,,,,,,,,,,,,,,,0,0,0,0,0,0,0,0,0,1,0,1,0,0,0,0,0,1,0,0,0,0,0,0,0,0,0,0,0,1,0,1,0,0,0,,0,0,0,0,0,0,0,0,0,0,0,0,0,0,0,0,,,,,,31-35,26-35,Interstate,U,Wednesday,Belt Used,PV,Not Fatal,0,0,0,0,State Route,State Patrol,Washington State Patrol,0,1,0,0,0,,,,,,0,0,0,,,,,,,,,,,98,98,98,0,,,,,20,,,,,,,,,1,0,,,,,,
2021,631,EB98551,1,11/24/2021,6:15,24,11,,77,Yakima,0,1,,3,4,1,1,0,18,10,,,,25,0,0,58.8,5,1,1,1,1,1,1,0,0,0,0,I-82 RAMP,,-120.1734778,46.34274167,0,8,98,5,1,70,61,0,0,1,2,12,3,1,2,3,14,2,3,53,0,20,881,2007,0,,12,,,,,,1,1,65,1,0,,0,0,3,0,11,0,,,,,0,0,3,3,1,0,,,,96,,,,,,98,,,,,,98902,53,71,220,6,1,0,0,0,0,,0,,,,,,0,,,1,0,0,0,8,9,8,,,0,,,0,0,0,0,,,0,,,0,0,996,,,,,,,,,,,,,,,,,,,,,,,,,,,,,,0,0,0,0,0,0,0,0,0,0,0,0,0,1,0,0,0,0,0,0,0,0,0,1,1,1,0,0,0,1,1,0,0,0,0,,0,0,0,0,0,0,0,0,0,0,0,0,0,0,0,0,,,,,,61-65,56-65,Interstate,R,Wednesday,,MHTRUCK,Not Fatal,0,0,0,0,State Route,State Patrol,Washington State Patrol,0,1,0,0,0,,,,,,0,0,0,,,,,,,,,,,98,98,98,0,,,,,20,,,,,,,,,1,19,,,,,,
2021,549,EC06498,330,10/02/2021,19:54,2,10,,77,Yakima,2590,1,,3,1,2,1,1,1,1,,,,8,0,0,0,1,0,1,4,2,4,6,0,0,0,0,S FAIR AVE,,-120.4881222,46.59911667,0,1,13,80,5,30,80,0,0,1,2,8,1,1,3,5,6,1,1,53,0,72,706,2020,0,,8,,,,,,1,1,27,1,0,,2,0,20,7,11,0,,,,,0,0,0,3,1,33,,,,96,,,,,,98,,,,,,98902,53,71,210,6,1,0,1,2,2,,1,,,,,,3,04/15/2017,08/15/2020,20,8,0,0,8,9,8,,,0,,,8,8,8,95,,,96,,,2,1,997,,,,,,,,,,,,,,,,,,,,,,,,,,,,,,0,0,0,0,0,0,0,0,0,1,0,1,1,0,0,0,0,0,0,0,0,0,0,0,0,0,0,0,1,0,0,1,0,0,0,0,0,0,0,0,0,0,0,0,0,1,0,0,0,0,0,0,,,,,,26-30,26-35,City street,U,Saturday,,MC,Not Fatal,0,0,0,0,City Street,Municipal/City Police,Yakima Police Department,0,0,0,1,0,,,,,,0,0,2,,,,,,,,,,,0,0,0,0,,,,,5,,,,,,,,,1,0,,,,,,
2017,462,3659769,344,10/23/2017,16:15,23,10,0,77,Yakima,0,1,0,1,1,2,1,0,4,2,16:13,16:38,17:17,12,0,6,2.8,2,0,2,5,1,2,4,0,3,20,3,CR-BRANCH RD,CAMPBELL RD,-120.4380611,46.44795,0,1,88,17,2,50,4,0,0,1,2,12,1,1,2,1,1,2,2,53,0,37,32,1995,0,0,12,,,,,,1,1,31,2,0,0,3,0,20,0,11,8,,,,,0,0,0,2,1,39,0,0,0,93,,,,,,99,,,,,,98903,53,66,180,1,1,0,0,0,0,1,97,,,,,,3,05/15/2014,05/15/2014,1,1,9,0,8,9,8,,,0,0,0,8,9,2,417,0,0,1,0,0,2,1,0.05,,,,,,,,,,,,,,,,,,,,,,,,,,,,,,0,0,0,1,1,0,1,1,0,0,0,0,1,1,0,0,1,0,0,0,0,0,0,0,0,0,0,0,0,1,0,0,0,0,0,,0,0,0,0,1,0,1,1,1,1,0,1,0,0,0,1,,,,,,31-35,26-35,County road,R,Monday,Not Used,PV,Not Fatal,1,0,0,0,County Road,Other Law Enforcement,Yakama Tribal Police Department,0,0,1,0,0,,,,,,,,,,,,,,,,,,,,,,,,,,,,,,,,,,,,,,,,,,,
2017,291,E697630,6,08/01/2017,16:22,1,8,0,37,Kittitas,0,1,0,1,1,1,1,0,3,2,,,,12,0,8,13.5,1,0,1,1,1,1,1,0,0,0,0,I-82,,-120.3924278,46.85513333,0,2,66,98,7,70,34,1,0,1,2,12,1,2,2,3,1,2,1,53,0,7,482,2005,0,0,12,,,,,,1,1,45,2,0,0,0,0,3,0,11,0,,,,,0,0,3,3,1,0,0,0,0,0,,,,,,0,,,,,,98903,53,70,200,6,1,0,0,0,0,0,0,,,,,,0,,,20,0,0,0,8,9,8,,,0,0,0,8,0,0,0,0,0,0,0,0,0,0,996,,,,,,,,,,,,,,,,,,,,,,,,,,,,,,0,0,0,0,1,1,1,1,0,0,0,0,0,0,0,0,0,0,0,1,0,0,0,1,1,0,0,0,0,1,0,0,0,0,0,,0,0,0,0,0,0,0,0,0,0,0,0,0,0,0,0,,,,,,41-45,36-45,Interstate,R,Tuesday,Belt Used,PV,Not Fatal,0,0,0,0,State Route,State Patrol,Washington State Patrol Headquarter,0,1,0,0,0,,,,,,,,,,,,,,,,,,,,,,,,,,,,,,,,,,,,,,,,,,,