year,case,par,repjur,crash_dt,crash_tm,accday,accmon,holiday,county,co_char,city,weather,weather2,lightcond,surfcond,surftype,numfatal,nmforms,pforms,vforms,not_tm,arr_tm,hosp_tm,fhevent,hitrun,manncol,milepnt,reljunc,reljuncinter,intersectiontype,funcsystem,landuse,ownership,route,schlbus,spejur,contdev,devfunc,trafid1,trafid2,x,y,wk_zone,vnumber,crashtype,criticalevent,criticaleventcat,spdlim,body,trailer,emerg,hazcargo,leave,mhevent,roadalgn,roadprof,traflane,trafflow,vehmanvr,numoccs,regowner,regstate,spuse,make,model,modelyr,vrf1,vrf2,seqevent1,seqevent2,seqevent3,seqevent4,seqevent5,seqevent6,pnumber,ptype,age,sex,hispanic,race,injury,diedscene,restraint,restraintmisuse,seatpos,takehosp,death_dt,death_tm,cert,cernum_wa,commlic,licendor,licrestrict,liccomp,drivpres,drf1,drf2,drf3,drf4,distract1,distract2,distract3,distract4,distract5,distract6,dricond1,dricond2,dricond3,dricond4,dricond5,dricond6,dzip,licstate,drhgt_in,weight,noncdl,noncdltype,prevdwi,prevoth,prevacc,prevspd,prevsus,driviol1,driviol2,driviol3,driviol4,driviol5,driviol6,spdrel,first_dt,last_dt,airbag,ejection,ejectpath,extricat,injurwrk,methalc,methdrug,nmlocat,strikveh,prf1,prf2,prf3,druginv,alcinvol,drugsts,drugres1,drugres2,drugres3,drugtst1,drugtst2,drugtst3,alcsts,alctst,alcres,nmact1,nmact2,nmact3,nmact4,nmact5,nmact6,nmprior1,nmprior2,nmprior3,nmprior4,nmprior5,nmprior6,nmcond1,nmcond2,nmcond3,nmcond4,nmcond5,nmcond6,nmsafe_helmet,nmsafe_pads,nmsafe_oth,nmprev_ref,nmprev_lgt,nmprev_oth,crashlocation,nmcrashtype,crosswalk,schoolzone,sidewalk,train_inv,wildlife_inv,rotr_fars,intersect_fars,dd_inv,aid_inv,dpd_inv,id_inv,mj_inv,impnm_inv,ainm_inv,dpnm_inv,speed_inv,unlic_inv,unendmc_inv,drowsy_inv,drdist_inv,nmdist_inv,fty_inv,unrestfat_inv,dr1617_inv,dr1820_inv,dr1620_inv,dr2125_inv,dr1625_inv,dr65_inv,dr70_inv,dr75_inv,mc_inv,pv_inv,ht_inv,ped_inv,bike_inv,unrest_fat,mc_fat,unhelmet_mc,pv_fat,ht_fat,ped_fat,bike_fat,dr_alc7,dr_alc8,dr_drug,dr_imp,dr_dist,dr_spd,dr_fty,dr_unlic,dr_alc7only,dr_alc8only,dr_drugonly,dr_drink,nm_imp,nm_alc7,nm_alc8,nm_drug,nm_dist,agegrp1,agegrp2,roadclass,urbrur,dayweek,restuse,vehtype,race_me,intersect,lanedep,oppdir,wrongway,rep_typ,investag,repag_long,rotr,st_rd,cty_rd,city_rd,oth_rd,drug_thc,thc_res,drug_cthc,cthc_res,drug_cann,prevpersemin,prevperse,prevsusoth,drugtst4,drugtst5,drugtst6,drugtst7,drugtst8,drugres4,drugres5,drugres6,drugres7,drugres8,adspresent,adsengaged,adslevel,race1,race2,race3,race4,race5,helmet,helmetmisuse,nmdistract1,nmdistract2,nmdistract3,nmdistract4,nmdistract5,nmdistract6,lab,isedtcase,crf1,crf2,crf3,CoRoadName,CoMP,IntCoRoadName,IntCoMP
2017,375,E714175,1,09/09/2017,4:30,9,9,0,77,Yakima,2400,1,0,2,0,0,1,0,1,1,,,,3,0,0,9999.9,1,0,1,96,6,96,4,0,0,0,0,CR-BURKE RD,,-120.4364056,46.49627778,0,1,0,9,1,0,4,0,0,1,2,3,0,0,0,0,99,1,1,53,0,6,51,2007,0,0,68,64,3,,,,1,1,43,2,1,1,4,0,99,0,11,4,09/09/2017,7:55,2.59053E+11,39788,0,0,0,3,1,0,0,0,0,96,,,,,,99,,,,,,98903,53,61,160,6,1,0,0,0,0,0,0,,,,,,0,,,99,0,0,0,0,9,8,,,0,0,0,8,9,0,0,0,0,0,0,0,2,1,0.068,,,,,,,,,,,,,,,,,,,,,,,,,,,,,,0,0,0,0,1,0,0,0,0,0,0,0,0,0,0,0,0,0,0,0,0,0,0,0,0,0,0,0,0,1,0,0,0,0,0,,1,0,0,0,1,0,0,0,0,0,0,0,1,0,0,1,,,,,,41-45,36-45,County road,,Saturday,Unknown,PV,Hispanic,0,0,0,0,County Road,,,0,0,1,0,0,,,,,,,,,,,,,,,,,,,,,,,,,,,,,,,,,,,,,,,,,,,
2018,303,E834660,146,08/31/2018,5:30,31,8,0,77,Yakima,0,1,0,4,1,2,1,0,2,2,,,,12,0,6,4.1,2,0,2,5,1,2,4,0,0,0,0,CR-INDEPENDENCE RD,MAPLE GROVE RD,-120.041,46.37469167,0,2,87,66,4,50,2,0,0,1,7,12,1,1,2,1,1,1,1,53,0,37,31,2001,0,0,12,,,,,,1,1,43,1,1,98,4,0,3,0,11,4,08/31/2018,5:30,2.22053E+11,38972,0,0,0,3,1,0,0,0,0,96,,,,,,0,,,,,,98903,53,65,182,6,1,0,0,0,0,,0,,,,,,0,,,8,0,0,0,0,9,8,,,0,0,0,8,0,8,95,,,96,,,8,95,995,,,,,,,,,,,,,,,,,,,,,,,,,,,,,,0,0,0,1,0,0,0,0,0,0,0,0,0,0,0,0,1,0,1,0,0,0,0,0,0,0,0,0,0,1,0,0,0,0,0,,1,0,0,0,0,0,0,0,0,0,0,0,0,0,0,0,,,,,,41-45,36-45,County road,R,Friday,Belt Used,PV,Hispanic,1,0,0,0,County Road,County Sheriff,Yakima County Sheriff's Office,0,0,1,0,0,,,,,,0,0,0,,,,,,,,,,,,,,,,,,,,,,,,,,,,,,,,,,,
2019,91,E907243,146,03/17/2019,14:15,17,3,,77,Yakima,0,1,0,1,1,2,1,0,2,2,,,,12,0,6,2.9,2,0,2,6,1,2,4,0,0,0,0,CR-WANETA RD,STOVER RD,-119.9785583,46.27302222,0,2,86,66,4,55,67,0,0,1,7,1,1,1,2,1,1,1,1,53,0,12,880,2016,0,0,12,1,,,,,1,1,67,1,0,,3,0,3,0,11,8,,,,,6,0,3,3,1,0,0,0,0,96,,,,,,0,,,,,,98903,53,69,250,6,1,0,0,0,0,,0,,,,,,0,,,8,0,0,0,8,9,8,,,0,0,0,8,0,8,95,,,96,,,8,95,995,,,,,,,,,,,,,,,,,,,,,,,,,,,,,,0,0,0,1,0,0,0,0,0,0,0,0,0,0,0,0,0,0,1,0,0,0,0,0,0,1,1,1,0,1,1,0,0,0,0,,0,0,0,0,0,0,0,0,0,0,0,0,0,0,0,0,,,,,,66-70,66-75,County road,R,Sunday,,MHTRUCK,Not Fatal,1,0,0,0,County Road,County Sheriff,Yakima County Sheriff's Office,0,0,1,0,0,,,,,,0,0,0,,,,,,,,,,,98,98,98,0,,,,,20,7,,,,,,,,,,,,,,,
2019,308,E957257,300,09/04/2019,18:12,4,9,,77,Yakima,2340,1,0,1,1,2,1,0,4,4,,,,12,0,1,0,1,0,1,7,2,4,6,0,0,0,0,W VALLEY MALL BLVD,,-120.5035083,46.56333611,0,3,98,98,7,40,4,0,0,1,5,12,1,1,2,2,5,1,1,53,0,35,43,2004,0,0,12,,,,,,1,1,36,2,0,,0,0,3,0,11,0,,,,,0,0,0,3,1,0,0,0,0,0,,,,,,0,,,,,,98903,53,61,140,6,1,0,0,1,0,,0,,,,,,0,08/15/2018,08/15/2018,20,0,0,0,8,9,8,,,0,0,0,8,0,8,95,,,96,,,8,95,995,,,,,,,,,,,,,,,,,,,,,,,,,,,,,,0,0,0,0,0,0,1,1,0,0,0,0,1,1,1,0,0,0,0,0,0,0,0,0,0,1,1,1,1,1,0,0,0,0,0,,0,0,0,0,0,0,0,0,0,0,0,0,0,0,0,0,,,,,,36-40,36-45,City street,U,Wednesday,Belt Used,PV,Not Fatal,0,0,0,0,City Street,Municipal/City Police,Union Gap Police Department,0,0,0,1,0,,,,,,0,0,0,,,,,,,,,,,98,98,98,0,,,,,20,7,,,,,,,,,,,,,,,
2019,367,E959018,330,09/09/2019,8:32,9,9,,77,Yakima,2590,10,0,1,1,2,1,0,3,2,,,,12,0,6,0,2,0,3,7,2,4,6,0,0,0,0,S 16TH AVE,GRANT ST,-120.5303333,46.58247222,0,2,83,67,4,35,4,0,0,1,7,12,1,1,5,5,1,1,1,53,0,6,16,1992,0,0,12,,,,,,1,1,84,1,7,,4,0,3,0,11,4,09/20/2019,9:16,2.59053E+11,42068,0,0,3,3,1,0,0,0,0,96,,,,,,0,,,,,,98903,53,71,250,6,1,0,0,0,0,,0,,,,,,0,03/15/2017,03/15/2017,20,0,0,0,0,9,8,,,0,0,0,8,0,8,95,,,96,,,8,95,995,,,,,,,,,,,,,,,,,,,,,,,,,,,,,,0,0,0,1,0,0,0,0,0,0,0,0,0,0,0,0,0,0,1,0,0,0,0,0,0,1,1,1,0,1,0,0,0,0,0,,1,0,0,0,0,0,0,0,0,0,0,0,0,0,0,0,,,,,,81+,76+,City street,U,Monday,Belt Used,PV,White,1,0,0,0,City Street,Municipal/City Police,Yakima Police Department,0,0,0,1,0,,,,,,0,0,1,,,,,,,,,,,0,0,0,1,,,,,20,7,,,,,,,,,,,,,,,
2020,64,EA23857,1,03/01/2020,1:47,1,3,,77,Yakima,0,1,,6,1,2,1,1,3,1,,,,8,0,0,68.8,1,0,1,4,2,1,2,0,3,0,0,US-97,,-120.430275,46.44931389,0,1,13,80,5,55,66,1,0,1,5,8,2,1,2,3,14,3,3,53,0,82,881,2001,0,,8,,,,,,1,1,53,1,0,,0,0,3,0,11,0,,,,,6,1,0,3,1,0,,,,96,,,,,,0,,,,,,98903,53,63,165,6,1,0,0,0,0,,0,,,,,,0,,,20,0,0,0,8,9,8,,,0,,,8,8,0,0,,,0,,,0,0,996,,,,,,,,,,,,,,,,,,,,,,,,,,,,,,0,0,0,0,0,0,0,0,0,1,1,1,0,0,0,0,0,0,0,0,0,0,0,0,0,0,0,0,0,0,1,1,0,0,0,,0,0,0,0,0,0,0,0,0,0,0,0,0,0,0,0,,,,,,51-55,46-55,US highway,U,Sunday,,MHTRUCK,Not Fatal,0,0,0,0,State Route,State Patrol,Washington State Patrol,0,1,0,0,0,,,,,,0,0,0,,,,,,,,,,,98,98,98,0,,,,,20,7,,,,,,,,1,0,,,,,,
2020,359,EA64569,1,09/12/2020,20:56,12,9,,77,Yakima,0,5,,2,1,2,1,0,2,2,,,,12,0,2,2.5,1,0,1,5,1,1,3,0,3,0,0,SR-223,,-120.1961056,46.33261667,0,1,50,80,5,55,62,1,0,1,2,12,1,1,2,1,1,1,3,53,0,20,881,1989,0,,68,12,,,,,1,1,38,1,0,,2,0,3,0,11,0,,,,,0,0,0,3,1,28,38,,,12,,,,,,98,,,,,,98903,53,70,220,6,1,0,3,2,1,,0,,,,,,0,04/15/2016,06/15/2020,20,0,0,0,8,3,8,,,0,,,8,8,0,0,,,0,,,0,0,996,,,,,,,,,,,,,,,,,,,,,,,,,,,,,,0,0,0,0,1,0,0,0,0,0,0,0,0,0,0,0,1,0,1,0,0,0,0,0,0,0,0,0,0,1,1,0,0,0,0,,0,0,0,0,0,0,0,0,1,0,1,0,0,0,0,0,,,,,,36-40,36-45,State route,R,Saturday,,MHTRUCK,Not Fatal,0,1,1,0,State Route,State Patrol,Washington State Patrol,0,1,0,0,0,,,,,,0,0,5,,,,,,,,,,,0,0,0,0,,,,,20,7,,,,,,,,1,0,,,,,,
2020,370,EA65822,1,09/22/2020,3:20,22,9,,77,Yakima,2590,1,,2,1,2,2,0,4,3,3:27,3:31,4:08,12,0,2,33.7,1,0,1,1,2,1,1,0,0,0,0,I-82,,-120.4803056,46.59862778,0,3,98,60,4,60,34,0,0,1,2,12,1,1,2,3,1,1,1,53,0,49,472,2009,0,,12,,,,,,1,1,62,1,0,,0,0,3,0,11,0,,,,,6,0,0,3,1,0,,,,96,,,,,,0,,,,,,98903,53,71,180,6,1,0,0,0,0,,0,,,,,,0,,,1,0,0,0,8,9,8,,,0,,,8,8,0,0,,,0,,,0,0,996,,,,,,,,,,,,,,,,,,,,,,,,,,,,,,0,0,0,0,0,0,1,1,0,0,0,0,0,0,0,0,0,0,0,0,0,0,0,0,0,0,0,0,0,1,0,0,0,0,0,,0,0,0,0,0,0,0,0,0,0,0,0,0,0,0,0,,,,,,61-65,56-65,Interstate,U,Tuesday,Belt Used,PV,Not Fatal,0,0,0,1,State Route,State Patrol,Washington State Patrol,0,1,0,0,0,,,,,,0,0,0,,,,,,,,,,,98,98,98,0,,,,,20,7,,,,,,,,1,0,,,,,,
2020,559,EA70015,330,10/05/2020,16:10,5,10,,77,Yakima,2590,1,,1,1,2,1,0,2,2,16:18,16:25,16:57,12,0,6,0,2,0,3,4,2,4,6,0,0,0,0,W WASHINGTON AVE,S 48th Ave,-120.5712806,46.57664444,0,2,83,67,4,40,20,0,0,1,2,12,1,1,5,5,1,1,1,53,0,7,442,1999,0,,12,,,,,,1,1,90,2,7,,4,0,3,0,11,5,10/13/2020,15:30,1.96053E+11,47636,0,0,3,3,1,0,,,,96,,,,,,98,,,,,,98903,53,63,160,6,1,0,0,0,0,,0,,,,,,0,,,1,0,0,0,0,9,8,,,0,,,8,8,0,0,,,0,,,0,0,996,,,,,,,,,,,,,,,,,,,,,,,,,,,,,,0,0,0,1,0,0,0,0,0,0,0,0,0,0,0,0,0,0,1,0,0,0,0,1,1,1,1,1,0,1,0,0,0,0,0,,1,0,0,0,0,0,0,0,0,0,0,0,0,0,0,0,,,,,,81+,76+,City street,U,Monday,Belt Used,PV,White,1,0,0,0,City Street,Municipal/City Police,Yakima Police Department,0,0,0,1,0,,,,,,0,0,0,,,,,,,,,,,0,0,0,1,,,,,20,7,,,,,,,,1,0,,,,,,
2020,464,EA85180,330,11/16/2020,16:50,16,11,,77,Yakima,2590,1,,3,2,2,1,0,3,2,16:51,17:02,17:24,12,0,6,0,2,0,2,4,2,4,6,0,0,20,3,S 64TH AVE,Occidental Rd,-120.5937667,46.56373056,0,1,82,15,2,35,4,0,0,1,2,12,1,1,3,1,11,2,1,53,0,37,32,2008,0,,12,,,,,,1,1,88,1,7,,4,0,3,0,11,5,11/17/2020,8:21,1.96053E+11,54348,0,0,3,3,1,38,,,,96,,,,,,98,,,,,,98903,53,70,185,6,1,0,0,0,0,,37,,,,,,0,,,8,0,0,0,0,9,8,,,0,,,8,8,0,0,,,0,,,0,0,996,,,,,,,,,,,,,,,,,,,,,,,,,,,,,,0,0,0,1,0,0,0,0,0,0,0,0,0,0,0,0,0,0,1,0,0,0,0,0,0,1,1,1,0,1,0,0,0,0,0,,1,0,0,0,0,0,0,0,0,0,1,0,0,0,0,0,,,,,,81+,76+,City street,U,Monday,Belt Used,PV,White,1,0,0,0,City Street,Municipal/City Police,Yakima Police Department,0,0,0,1,0,,,,,,0,0,0,,,,,,,,,,,98,98,98,1,,,,,20,7,,,,,,,,1,0,,,,,,
2020,464,EA85180,330,11/16/2020,16:50,16,11,,77,Yakima,2590,1,,3,2,2,1,0,3,2,16:51,17:02,17:24,12,0,6,0,2,0,2,4,2,4,6,0,0,0,0,S 64TH AVE,Occidental Rd,-120.5937667,46.56373056,0,2,83,67,4,40,34,0,0,1,2,12,1,1,2,1,1,1,1,53,0,12,471,2005,0,,12,,,,,,1,1,56,1,0,,0,0,3,0,11,0,,,,,0,0,3,3,1,0,,,,96,,,,,,0,,,,,,98903,53,72,200,6,1,0,0,0,0,,0,,,,,,0,,,20,0,0,0,8,9,8,,,0,,,8,8,0,0,,,0,,,0,0,996,,,,,,,,,,,,,,,,,,,,,,,,,,,,,,0,0,0,1,0,0,0,0,0,0,0,0,0,0,0,0,0,0,1,0,0,0,0,0,0,1,1,1,0,1,0,0,0,0,0,,0,0,0,0,0,0,0,0,0,0,0,0,0,0,0,0,,,,,,56-60,56-65,City street,U,Monday,Belt Used,PV,Not Fatal,1,0,0,0,City Street,Municipal/City Police,Yakima Police Department,0,0,0,1,0,,,,,,0,0,0,,,,,,,,,,,98,98,98,0,,,,,20,7,,,,,,,,1,0,,,,,,
2021,163,EB35531,1,05/15/2021,1:30,15,5,,77,Yakima,0,1,,3,1,2,1,1,4,3,,,,12,0,1,5.3,1,0,1,4,2,1,3,0,0,50,3,SR-823,,-120.4884333,46.67979722,1,2,21,53,3,35,63,0,0,1,5,12,1,2,1,1,5,1,3,53,0,87,881,2013,0,,12,,,,,,1,1,55,1,0,,0,0,3,0,11,0,,,,,6,1,3,3,1,0,,,,96,,,,,,98,,,,,,98903,53,71,295,6,1,0,0,0,0,,0,,,,,,0,,,20,0,0,0,8,9,8,,,0,,,8,8,8,95,,,96,,,8,95,995,,,,,,,,,,,,,,,,,,,,,,,,,,,,,,0,0,0,0,1,1,1,1,1,1,0,1,0,1,0,0,0,0,0,0,0,0,0,1,1,0,0,0,0,1,1,1,0,0,0,,0,0,0,0,0,0,0,0,0,0,0,0,0,0,0,0,,,,,,51-55,46-55,State route,U,Saturday,,MHTRUCK,Not Fatal,0,0,0,0,State Route,State Patrol,Washington State Patrol,0,1,0,0,0,,,,,,0,0,0,,,,,,,,,,,98,98,98,0,,,,,20,,,,,,,,,1,19,,,,,,
2021,245,EB51784,1,07/23/2021,11:29,23,7,,77,Yakima,0,1,,1,1,2,1,0,3,2,,,,12,0,6,2.5,8,0,1,5,1,1,3,0,0,0,0,SR-821,,-120.4671694,46.70946944,0,2,98,98,7,45,34,1,0,1,5,12,1,1,2,1,11,2,3,53,0,12,481,2017,0,,12,,,,,,1,1,19,1,0,,0,0,3,0,11,0,,,,,0,0,0,3,1,0,,,,96,,,,,,98,,,,,,98903,53,74,175,6,1,0,0,0,0,,0,,,,,,0,,,20,0,0,0,8,9,2,,,0,,,8,8,0,0,,,0,,,0,0,996,,,,,,,,,,,,,,,,,,,,,,,,,,,,,,0,0,0,0,0,0,0,0,0,0,0,0,0,0,0,0,0,0,1,0,0,1,1,0,1,0,0,0,1,1,0,0,0,0,0,,0,0,0,0,0,0,0,0,0,0,0,0,0,0,0,0,,,,,,18-20,16-25,State route,R,Friday,Belt Used,PV,Not Fatal,0,0,0,0,State Route,State Patrol,Washington State Patrol,0,1,0,0,0,,,,,,0,0,0,,,,,,,,,,,98,98,98,0,,,,,20,,,,,,,,,1,0,,,,,,
2021,425,EB79550,1,10/15/2021,5:50,15,10,,77,Yakima,0,1,,2,1,2,1,0,4,3,,,,12,0,6,196.4,2,0,2,2,2,1,2,0,0,0,0,US-12,MCCORMICK RD,-120.6138833,46.65460833,0,2,83,66,4,60,4,0,0,1,2,12,1,1,3,3,1,2,1,53,0,49,40,2010,0,,12,64,1,59,57,54,1,1,22,1,0,,2,0,3,0,11,5,,,,,0,0,0,3,1,0,,,,96,,,,,,98,,,,,,98903,53,64,164,6,1,0,0,0,0,,0,,,,,,0,,,8,0,0,0,8,9,8,,,0,,,8,8,0,0,,,0,,,0,0,996,,,,,,,,,,,,,,,,,,,,,,,,,,,,,,0,0,0,1,0,0,0,0,0,0,0,0,0,0,0,0,0,0,1,0,0,0,0,1,1,0,0,0,0,1,0,0,0,0,0,,0,0,0,0,0,0,0,0,0,0,0,0,0,0,0,0,,,,,,21-25,16-25,US highway,U,Friday,Belt Used,PV,Not Fatal,1,0,0,0,State Route,State Patrol,Washington State Patrol,0,1,0,0,0,,,,,,0,0,0,,,,,,,,,,,98,98,98,0,,,,,20,,,,,,,,,1,14,,,,,,
2021,517,EB98910,146,11/24/2021,9:40,24,11,,77,Yakima,0,1,,1,1,2,1,0,1,1,,,,52,0,0,1.1,1,0,1,6,1,2,4,0,3,0,0,CR-STEPHENSON RD,,-120.6913389,46.43212778,0,1,6,12,2,50,4,0,0,1,2,52,1,4,2,1,1,1,2,53,0,12,37,2009,0,,68,64,52,,,,1,1,28,2,7,,4,7,3,0,11,0,11/24/2021,9:40,53061241,61241,0,0,0,0,1,0,,,,96,,,,,,2,,,,,,98903,53,64,180,0,0,0,0,0,1,,0,,,,,,0,05/15/2019,05/15/2019,20,0,0,0,0,9,8,,,0,,,8,8,2,402,407,996,1,1,1,2,1,0,,,,,,,,,,,,,,,,,,,,,,,,,,,,,,0,0,1,0,0,0,1,1,0,0,0,0,0,1,0,1,0,0,0,0,0,0,0,0,0,0,0,0,0,1,0,0,0,0,0,,1,0,0,0,0,0,1,1,0,0,0,1,0,0,1,0,,,,,,26-30,26-35,County road,R,Wednesday,Belt Used,PV,AIAN,0,1,0,0,County Road,County Sheriff,Yakima County Sheriff's Office,1,0,1,0,0,,,,,,0,0,0,1,1,1,,,151,996,996,,,98,98,98,3,,,,,20,,,,,,,,,1,0,,,STEPHENSON RD.,1.08,NULL,
2017,51,E640687,7,02/08/2017,5:26,8,2,0,33,King,0,10,0,3,2,2,1,0,1,1,,,,24,0,0,0.6,5,1,1,1,1,1,1,0,0,0,0,I-5 RAMP R114450,,-122.2977722,47.31626667,0,1,6,6,1,98,14,0,0,1,2,3,2,2,3,6,14,1,1,53,0,37,401,1995,0,0,64,24,1,3,,,1,1,24,1,7,2,4,7,3,0,11,0,02/08/2017,6:24,73553008086,8086,0,0,0,3,1,0,0,0,0,96,,,,,,9,,,,,,98908,53,71,195,6,1,0,0,0,0,0,0,,,,,,5,,,99,0,0,1,0,1,8,,,0,0,0,9,1,2,605,996,0,1,1,0,2,1,0.085,,,,,,,,,,,,,,,,,,,,,,,,,,,,,,0,0,1,0,1,1,1,1,1,0,0,0,1,0,0,0,0,0,0,0,0,0,0,1,1,0,0,0,0,1,0,0,0,0,0,,1,0,0,0,0,1,1,1,0,1,0,0,0,0,0,1,,,,,,21-25,16-25,Interstate,R,Wednesday,Belt Used,PV,Black,0,1,0,0,State Route,State Patrol,Washington State Patrol Headquarter,1,1,0,0,0,thc,8.6,carboxy-thc,41,,,,,,,,,,,,,,,,,,,,,,,,,,,,,,,,,,,,,,,
2017,44,E643131,1,02/01/2017,19:32,1,2,0,77,Yakima,0,1,0,3,1,2,1,0,2,2,19:31,19:41,20:00,12,0,6,195.8,2,0,2,3,2,1,2,0,0,20,3,US-12,MAPLEWAY RD,-120.6203528,46.66056667,0,1,87,17,2,35,90,0,0,1,2,12,1,1,2,1,1,1,2,53,0,53,734,2008,0,0,12,,,,,,1,1,18,1,7,1,4,0,17,0,11,5,02/01/2017,20:02,2.59053E+11,6273,0,0,3,3,1,38,0,0,0,93,,,,,,9,,,,,,98908,53,69,190,6,1,1,2,1,1,1,0,,,,,,0,01/15/2015,01/15/2017,20,1,9,0,0,9,1,,,0,0,0,1,0,2,605,0,0,1,0,0,2,1,0,,,,,,,,,,,,,,,,,,,,,,,,,,,,,,0,0,0,1,0,0,1,1,1,0,0,0,0,0,0,0,1,0,1,0,0,1,1,0,1,0,0,0,0,1,0,0,0,0,0,,0,0,0,0,0,0,1,1,1,0,1,0,0,0,1,0,,,,,,18-20,16-25,US highway,U,Wednesday,,OTHVT,White,0,0,0,0,State Route,State Patrol,Washington State Patrol,0,1,0,0,0,thc,28,carboxy-thc,90,,,,,,,,,,,,,,,,,,,,,,,,,,,,,,,,,,,,,,,
2017,241,E694233,1,07/12/2017,22:30,12,7,0,77,Yakima,0,1,0,2,1,2,1,0,1,1,,,,17,0,0,0.6,1,0,1,6,1,2,4,0,0,0,0,CR-WEIKEL RD,,-120.6668611,46.64584444,0,1,6,12,2,50,80,0,0,1,2,17,2,1,2,1,14,1,1,53,0,76,706,2008,0,0,68,64,17,1,,,1,1,37,1,7,1,4,7,5,0,11,0,07/12/2017,22:30,53031303,31303,0,0,3,3,1,0,0,0,0,96,,,,,,99,,,,,,98908,53,72,175,6,1,0,0,0,0,0,0,,,,,,4,,,20,8,0,0,0,1,8,,,0,0,0,8,1,2,1,0,0,1,0,0,2,1,0.036,,,,,,,,,,,,,,,,,,,,,,,,,,,,,,0,0,1,0,1,0,0,0,0,0,0,0,1,0,0,0,0,0,0,0,0,0,0,0,0,0,0,0,1,0,0,0,0,0,1,0,0,0,0,0,1,0,0,0,0,1,0,0,1,0,0,1,,,,,,36-40,36-45,County road,R,Wednesday,,MC,White,0,1,0,0,County Road,State Patrol,Washington State Patrol Headquarter,1,0,1,0,0,,,,,,,,,,,,,,,,,,,,,,,,,,,,,,,,,,,,,,,,,,,
2018,22,E762693,330,01/23/2018,17:42,23,1,0,77,Yakima,2590,2,0,2,2,2,1,1,2,1,,,,8,0,0,0,1,0,1,3,2,4,6,0,0,0,0,N 15TH AVE,,-120.5303472,46.59395556,0,1,13,80,5,30,34,0,0,1,7,8,1,2,2,1,1,2,1,53,0,20,481,2011,0,0,8,,,,,,1,1,73,1,0,0,0,0,3,0,11,0,,,,,0,0,3,3,1,0,0,0,0,96,,,,,,0,,,,,,98908,53,69,150,6,1,0,0,1,0,,0,,,,,,0,12/15/2014,12/15/2014,20,0,0,0,8,9,8,,,0,0,0,8,0,8,95,,,96,,,8,95,995,,,,,,,,,,,,,,,,,,,,,,,,,,,,,,0,0,0,0,0,0,0,0,0,0,0,0,0,0,0,0,0,1,0,0,0,0,0,0,0,1,1,0,0,1,0,1,0,0,0,,0,0,0,0,0,0,0,0,0,0,0,0,0,0,0,0,,,,,,71-75,66-75,City street,U,Tuesday,Belt Used,PV,Not Fatal,0,0,0,0,City Street,Municipal/City Police,Yakima Police Department,0,0,0,1,0,,,,,,0,0,0,,,,,,,,,,,,,,,,,,,,,,,,,,,,,,,,,,,
2018,167,E807736,6,06/10/2018,23:00,10,6,0,37,Kittitas,0,1,0,2,1,1,1,0,3,2,23:06,23:11,,1,0,0,79.8,1,0,1,1,1,1,1,0,0,0,0,I-90,,-120.9902917,47.18608611,0,2,98,98,7,70,5,0,0,1,7,12,1,2,2,3,6,2,1,53,0,49,46,2013,0,0,12,,,,,,1,1,59,1,0,0,2,0,3,0,11,0,,,,,0,0,3,3,1,0,0,0,0,96,,,,,,0,,,,,,98908,53,68,160,6,1,0,0,0,0,,0,,,,,,0,,,8,0,0,0,8,9,8,,,0,0,0,8,0,8,95,,,96,,,8,95,995,,,,,,,,,,,,,,,,,,,,,,,,,,,,,,0,0,1,0,1,1,1,1,1,0,0,0,1,0,0,0,0,0,0,1,0,0,0,0,0,0,0,0,0,1,0,0,0,0,0,,0,0,0,0,0,0,0,0,0,0,0,0,0,0,0,0,,,,,,56-60,56-65,Interstate,R,Sunday,Belt Used,PV,Not Fatal,0,1,0,0,State Route,State Patrol,Washington State Patrol,1,1,0,0,0,,,,,,0,0,0,,,,,,,,,,,,,,,,,,,,,,,,,,,,,,,,,,,
2018,198,E812166,7,06/21/2018,23:27,21,6,0,33,King,2310,1,0,3,1,2,1,0,2,2,,,,1,0,0,3.8,1,0,1,3,2,1,3,0,0,0,0,SR-518,,-122.2712444,47.46374444,0,2,98,53,3,60,4,0,0,1,5,12,1,2,3,3,5,1,1,53,0,49,40,2012,0,0,12,,,,,,1,1,46,2,0,0,0,0,3,0,11,0,,,,,0,0,3,3,1,0,0,0,0,0,,,,,,0,,,,,,98908,53,66,120,6,1,0,0,0,0,,0,,,,,,0,,,20,0,0,0,8,9,8,,,0,0,0,8,0,8,95,,,96,,,8,95,995,,,,,,,,,,,,,,,,,,,,,,,,,,,,,,0,0,0,0,0,0,1,1,1,0,0,0,1,0,0,0,0,0,0,0,0,0,0,0,0,0,0,0,1,1,0,0,0,0,0,,0,0,0,0,0,0,0,0,0,0,0,0,0,0,0,0,,,,,,46-50,46-55,State route,U,Thursday,Belt Used,PV,Not Fatal,0,0,0,0,State Route,State Patrol,Washington State Patrol,0,1,0,0,0,,,,,,0,0,0,,,,,,,,,,,,,,,,,,,,,,,,,,,,,,,,,,,
2019,65,E899642,1,02/04/2019,14:46,4,2,,77,Yakima,0,4,0,1,4,2,1,0,12,6,,,,12,0,7,21,1,0,1,1,1,1,1,0,0,0,0,I-82,,-120.3964778,46.72549444,0,1,98,60,4,70,66,1,0,1,5,12,1,3,2,3,2,2,3,53,0,82,881,2007,0,0,12,12,12,,,,1,1,43,1,0,,0,0,3,0,11,0,,,,,6,1,0,3,1,87,0,0,0,96,,,,,,0,,,,,,98908,53,67,230,6,1,0,0,0,0,,0,,,,,,0,,,20,0,0,0,8,9,8,,,0,0,0,8,0,8,95,,,96,,,8,95,995,,,,,,,,,,,,,,,,,,,,,,,,,,,,,,0,0,0,0,0,0,0,0,0,0,0,0,1,0,0,0,0,0,0,0,0,1,1,0,1,1,1,0,0,1,1,0,0,0,0,,0,0,0,0,0,0,0,0,0,0,0,0,0,0,0,0,,,,,,41-45,36-45,Interstate,R,Monday,,MHTRUCK,Not Fatal,0,0,0,0,State Route,State Patrol,Washington State Patrol,0,1,0,0,0,,,,,,0,0,0,,,,,,,,,,,98,98,98,0,,,,,20,7,,,,,,,,,,,,,,,