year,case,par,repjur,crash_dt,crash_tm,accday,accmon,holiday,county,co_char,city,weather,weather2,lightcond,surfcond,surftype,numfatal,nmforms,pforms,vforms,not_tm,arr_tm,hosp_tm,fhevent,hitrun,manncol,milepnt,reljunc,reljuncinter,intersectiontype,funcsystem,landuse,ownership,route,schlbus,spejur,contdev,devfunc,trafid1,trafid2,x,y,wk_zone,vnumber,crashtype,criticalevent,criticaleventcat,spdlim,body,trailer,emerg,hazcargo,leave,mhevent,roadalgn,roadprof,traflane,trafflow,vehmanvr,numoccs,regowner,regstate,spuse,make,model,modelyr,vrf1,vrf2,seqevent1,seqevent2,seqevent3,seqevent4,seqevent5,seqevent6,pnumber,ptype,age,sex,hispanic,race,injury,diedscene,restraint,restraintmisuse,seatpos,takehosp,death_dt,death_tm,cert,cernum_wa,commlic,licendor,licrestrict,liccomp,drivpres,drf1,drf2,drf3,drf4,distract1,distract2,distract3,distract4,distract5,distract6,dricond1,dricond2,dricond3,dricond4,dricond5,dricond6,dzip,licstate,drhgt_in,weight,noncdl,noncdltype,prevdwi,prevoth,prevacc,prevspd,prevsus,driviol1,driviol2,driviol3,driviol4,driviol5,driviol6,spdrel,first_dt,last_dt,airbag,ejection,ejectpath,extricat,injurwrk,methalc,methdrug,nmlocat,strikveh,prf1,prf2,prf3,druginv,alcinvol,drugsts,drugres1,drugres2,drugres3,drugtst1,drugtst2,drugtst3,alcsts,alctst,alcres,nmact1,nmact2,nmact3,nmact4,nmact5,nmact6,nmprior1,nmprior2,nmprior3,nmprior4,nmprior5,nmprior6,nmcond1,nmcond2,nmcond3,nmcond4,nmcond5,nmcond6,nmsafe_helmet,nmsafe_pads,nmsafe_oth,nmprev_ref,nmprev_lgt,nmprev_oth,crashlocation,nmcrashtype,crosswalk,schoolzone,sidewalk,train_inv,wildlife_inv,rotr_fars,intersect_fars,dd_inv,aid_inv,dpd_inv,id_inv,mj_inv,impnm_inv,ainm_inv,dpnm_inv,speed_inv,unlic_inv,unendmc_inv,drowsy_inv,drdist_inv,nmdist_inv,fty_inv,unrestfat_inv,dr1617_inv,dr1820_inv,dr1620_inv,dr2125_inv,dr1625_inv,dr65_inv,dr70_inv,dr75_inv,mc_inv,pv_inv,ht_inv,ped_inv,bike_inv,unrest_fat,mc_fat,unhelmet_mc,pv_fat,ht_fat,ped_fat,bike_fat,dr_alc7,dr_alc8,dr_drug,dr_imp,dr_dist,dr_spd,dr_fty,dr_unlic,dr_alc7only,dr_alc8only,dr_drugonly,dr_drink,nm_imp,nm_alc7,nm_alc8,nm_drug,nm_dist,agegrp1,agegrp2,roadclass,urbrur,dayweek,restuse,vehtype,race_me,intersect,lanedep,oppdir,wrongway,rep_typ,investag,repag_long,rotr,st_rd,cty_rd,city_rd,oth_rd,drug_thc,thc_res,drug_cthc,cthc_res,drug_cann,prevpersemin,prevperse,prevsusoth,drugtst4,drugtst5,drugtst6,drugtst7,drugtst8,drugres4,drugres5,drugres6,drugres7,drugres8,adspresent,adsengaged,adslevel,race1,race2,race3,race4,race5,helmet,helmetmisuse,nmdistract1,nmdistract2,nmdistract3,nmdistract4,nmdistract5,nmdistract6,lab,isedtcase,crf1,crf2,crf3,CoRoadName,CoMP,IntCoRoadName,IntCoMP
2019,95,E907896,146,04/02/2019,19:05,2,4,,77,Yakima,0,1,0,5,1,2,1,0,3,2,,,,12,0,6,3.8,2,0,3,4,2,2,4,0,0,20,3,CR-AHTANUM RD,S 34TH AVE,-120.5546194,46.55791111,0,1,82,15,2,50,14,0,0,1,7,12,1,1,2,1,11,2,1,53,0,20,404,2015,0,0,12,,,,,,1,1,31,1,0,,0,0,3,0,11,0,,,,,0,0,0,3,1,0,0,0,0,96,,,,,,0,,,,,,98908,53,71,250,6,1,0,0,0,2,,0,,,,,,0,02/15/2015,05/15/2017,8,0,0,0,8,9,8,,,0,0,0,8,0,8,95,,,96,,,8,95,995,,,,,,,,,,,,,,,,,,,,,,,,,,,,,,0,0,0,1,0,0,1,1,1,0,0,0,1,0,0,0,0,0,0,0,0,0,0,0,0,0,0,0,1,1,0,0,0,0,0,,0,0,0,0,0,0,0,0,0,0,0,0,0,0,0,0,,,,,,31-35,26-35,County road,U,Tuesday,Belt Used,PV,Not Fatal,1,0,0,0,County Road,County Sheriff,Yakima County Sheriff's Office,0,0,1,0,0,,,,,,0,0,0,,,,,,,,,,,98,98,98,0,,,,,20,7,,,,,,,,,,,,,,,
2019,99,E908698,1,04/05/2019,23:35,5,4,,77,Yakima,0,1,0,3,1,2,1,1,8,4,,,,8,0,0,67.4,2,0,2,4,2,1,2,0,3,3,3,US-97,S WAPATO RD,-120.4174583,46.43269722,0,4,98,80,5,55,34,0,0,1,5,8,1,1,5,1,1,2,1,53,0,12,481,1999,0,0,8,,,,,,1,1,51,2,0,,0,0,3,0,11,0,,,,,0,0,3,3,1,0,0,0,0,96,,,,,,0,,,,,,98908,53,67,170,6,1,0,0,0,0,,0,,,,,,0,,,20,0,0,0,8,9,8,,,0,0,0,8,0,8,95,,,96,,,8,95,995,,,,,,,,,,,,,,,,,,,,,,,,,,,,,,0,0,0,1,0,0,0,0,0,1,1,1,0,0,0,0,0,0,0,0,0,0,0,0,0,1,1,1,0,1,0,1,0,0,0,,0,0,0,0,0,0,0,0,0,0,0,0,0,0,0,0,,,,,,51-55,46-55,US highway,U,Friday,Belt Used,PV,Not Fatal,1,0,0,0,State Route,State Patrol,Washington State Patrol,0,1,0,0,0,,,,,,0,0,0,,,,,,,,,,,0,0,0,0,,,,,20,7,,,,,,,,,,,,,,,
2019,244,E944270,146,06/20/2019,17:04,20,6,,77,Yakima,0,1,0,1,1,2,1,0,13,2,,,,12,0,6,0.5,2,0,2,7,1,2,4,0,0,20,3,CR-ROSENKRANZ RD,N TIETON RD,-120.7523917,46.70945556,0,1,88,17,2,50,61,0,0,1,7,12,1,1,2,1,1,1,3,56,0,7,881,2018,0,0,12,,,,,,1,1,27,1,0,,0,0,3,0,11,0,,,,,6,0,0,3,1,39,0,0,0,96,,,,,,0,,,,,,98908,53,68,205,6,1,0,0,0,1,,97,,,,,,0,07/15/2016,11/15/2016,1,0,0,0,8,9,8,,,0,0,0,8,0,8,95,,,96,,,8,95,995,,,,,,,,,,,,,,,,,,,,,,,,,,,,,,0,0,0,1,0,0,0,0,0,0,0,0,0,0,0,0,0,0,0,0,0,0,0,0,0,0,0,0,0,1,1,0,0,0,0,,0,0,0,0,0,0,0,0,0,0,0,0,0,0,0,0,,,,,,26-30,26-35,County road,R,Thursday,,MHTRUCK,Not Fatal,1,0,0,0,County Road,County Sheriff,Yakima County Sheriff's Office,0,0,1,0,0,,,,,,0,0,1,,,,,,,,,,,98,98,98,0,,,,,20,7,,,,,,,,,,,,,,,
2019,308,E957257,300,09/04/2019,18:12,4,9,,77,Yakima,2340,1,0,1,1,2,1,0,4,4,,,,12,0,1,0,1,0,1,7,2,4,6,0,0,0,0,W VALLEY MALL BLVD,,-120.5035083,46.56333611,0,1,20,50,3,40,80,0,0,1,5,12,1,1,2,2,3,1,1,53,0,73,703,2014,0,0,12,12,,,,,1,1,44,2,1,,4,0,20,7,11,4,09/04/2019,18:44,2.59053E+11,40096,0,0,0,2,1,0,0,0,0,96,,,,,,99,,,,,,98908,53,65,120,1,1,0,3,0,0,,0,,,,,,4,02/15/2015,06/15/2017,20,8,0,0,0,9,8,,,0,0,0,8,9,2,401,417,,1,1,,2,1,0,,,,,,,,,,,,,,,,,,,,,,,,,,,,,,0,0,0,0,0,0,1,1,0,0,0,0,1,1,1,0,0,0,0,0,0,0,0,0,0,1,1,1,1,1,0,0,0,0,1,0,0,0,0,0,0,0,1,1,0,1,0,1,0,0,1,0,,,,,,41-45,36-45,City street,U,Wednesday,,MC,Hispanic,0,0,0,0,City Street,Municipal/City Police,Union Gap Police Department,0,0,0,1,0,,,,,,0,0,4,,,,,,,,,,,0,0,0,298,,,,,19,0,,,,,,,,,,,,,,,
2019,308,E957257,300,09/04/2019,18:12,4,9,,77,Yakima,2340,1,0,1,1,2,1,0,4,4,,,,12,0,1,0,1,0,1,7,2,4,6,0,0,0,0,W VALLEY MALL BLVD,,-120.5035083,46.56333611,0,2,21,53,3,40,34,0,0,1,5,12,1,1,2,2,5,1,1,53,0,20,471,2003,0,0,12,12,,,,,1,1,76,1,0,,0,0,3,0,11,0,,,,,0,0,0,3,1,0,0,0,0,0,,,,,,0,,,,,,98908,53,72,240,6,1,0,0,0,0,,0,,,,,,0,,,20,0,0,0,8,9,8,,,0,0,0,8,0,8,95,,,96,,,8,95,995,,,,,,,,,,,,,,,,,,,,,,,,,,,,,,0,0,0,0,0,0,1,1,0,0,0,0,1,1,1,0,0,0,0,0,0,0,0,0,0,1,1,1,1,1,0,0,0,0,0,,0,0,0,0,0,0,0,0,0,0,0,0,0,0,0,0,,,,,,76-80,76+,City street,U,Wednesday,Belt Used,PV,Not Fatal,0,0,0,0,City Street,Municipal/City Police,Union Gap Police Department,0,0,0,1,0,,,,,,0,0,0,,,,,,,,,,,98,98,98,0,,,,,20,7,,,,,,,,,,,,,,,
2019,308,E957257,300,09/04/2019,18:12,4,9,,77,Yakima,2340,1,0,1,1,2,1,0,4,4,,,,12,0,1,0,1,0,1,7,2,4,6,0,0,0,0,W VALLEY MALL BLVD,,-120.5035083,46.56333611,0,4,98,98,7,40,34,0,0,1,5,12,1,1,2,1,5,1,1,53,0,7,482,2002,0,0,12,,,,,,1,1,39,1,0,,0,0,3,0,11,0,,,,,0,0,3,3,1,0,0,0,0,0,,,,,,0,,,,,,98908,53,74,285,6,1,0,1,0,0,,0,,,,,,0,09/15/2016,09/15/2016,20,0,0,0,8,9,8,,,0,0,0,8,0,8,95,,,96,,,8,95,995,,,,,,,,,,,,,,,,,,,,,,,,,,,,,,0,0,0,0,0,0,1,1,0,0,0,0,1,1,1,0,0,0,0,0,0,0,0,0,0,1,1,1,1,1,0,0,0,0,0,,0,0,0,0,0,0,0,0,0,0,0,0,0,0,0,0,,,,,,36-40,36-45,City street,U,Wednesday,Belt Used,PV,Not Fatal,0,0,0,0,City Street,Municipal/City Police,Union Gap Police Department,0,0,0,1,0,,,,,,0,0,0,,,,,,,,,,,98,98,98,0,,,,,20,7,,,,,,,,,,,,,,,
2019,389,E977758,1,10/26/2019,23:33,26,10,,77,Yakima,0,1,0,2,1,2,1,0,1,1,,,,24,0,0,198.5,1,0,1,3,2,1,2,0,0,0,0,US-12,,-120.58535,46.63118333,0,1,6,12,2,60,14,0,0,1,2,1,2,2,2,3,14,1,1,53,0,2,404,1996,0,0,64,24,21,67,1,,1,1,61,1,7,,4,7,3,0,11,0,10/26/2019,23:33,53048599,48599,0,0,0,3,1,0,0,0,0,96,,,,,,9,,,,,,98908,53,70,200,6,1,0,0,0,0,,0,,,,,,4,,,1,2,9,0,0,1,8,,,0,0,0,1,1,2,996,996,417,1,1,1,2,1,0.21,,,,,,,,,,,,,,,,,,,,,,,,,,,,,,0,0,1,0,1,1,1,1,0,0,0,0,1,0,0,0,0,0,0,0,0,0,0,0,0,0,0,0,0,1,0,0,0,0,0,,1,0,0,0,0,1,1,1,0,1,0,0,0,0,0,1,,,,,,61-65,56-65,US highway,U,Saturday,Belt Used,PV,White,0,1,0,0,State Route,State Patrol,Washington State Patrol,1,1,0,0,0,,,,,,0,0,0,1,1,,,,996,996,,,,0,0,0,1,,,,,20,7,,,,,,,,,,,,,,,
2020,261,EA52048,5,07/02/2020,19:30,2,7,,41,Lewis,0,1,,5,99,2,1,0,1,1,,,,42,0,0,140.6,1,0,1,3,1,1,2,0,0,0,0,US-12,,-121.5403417,46.68014167,0,1,6,12,2,50,4,0,0,1,2,42,1,2,2,1,1,1,1,53,0,13,15,2009,0,,68,64,67,42,,,1,1,55,2,7,,4,7,20,7,11,0,07/02/2020,19:30,53035942,35942,0,0,3,3,1,0,,,,96,,,,,,98,,,,,,98908,53,64,122,6,1,0,0,0,1,,0,,,,,,0,05/15/2019,05/15/2019,1,0,0,0,0,9,8,,,0,,,8,8,8,95,,,96,,,8,95,995,,,,,,,,,,,,,,,,,,,,,,,,,,,,,,0,0,1,0,0,0,0,0,0,0,0,0,0,0,0,0,0,0,0,1,0,0,0,0,0,0,0,0,0,1,0,0,0,1,0,,1,0,0,0,0,0,0,0,0,0,0,0,0,0,0,0,,,,,,51-55,46-55,US highway,R,Thursday,Not Used,PV,White,0,1,0,0,State Route,State Patrol,Washington State Patrol,1,1,0,0,0,,,,,,0,0,0,,,,,,,,,,,98,98,98,1,,,,,20,7,,,,,,,,1,0,,,,,,
2020,301,EA58658,146,08/20/2020,8:18,20,8,,77,Yakima,0,10,,1,1,2,2,0,3,2,8:21,8:36,9:18,12,0,6,2,2,0,2,5,1,2,4,0,3,0,0,CR-HARRAH RD,EVANS RD,-120.5440056,46.43348056,0,2,89,66,4,50,63,0,0,1,5,12,1,2,2,1,1,1,3,53,0,12,881,1995,0,,12,2,63,24,,,1,1,41,1,0,,3,0,3,0,11,5,,,,,0,0,0,2,1,0,,,,96,,,,,,0,,,,,,98908,53,70,190,6,1,0,0,0,0,,0,,,,,,0,,,20,0,0,0,8,9,8,,,0,,,8,8,0,0,,,0,,,0,0,996,,,,,,,,,,,,,,,,,,,,,,,,,,,,,,0,0,0,1,1,1,1,1,1,0,0,0,0,1,0,0,0,0,1,0,0,0,0,1,1,0,0,0,0,1,1,0,0,0,0,,0,0,0,0,0,0,0,0,0,0,0,0,0,0,0,0,,,,,,41-45,36-45,County road,R,Thursday,,MHTRUCK,Not Fatal,1,0,0,0,County Road,County Sheriff,Yakima County Sheriff's Office,0,0,1,0,0,,,,,,0,0,0,,,,,,,,,,,0,0,0,0,,,,,20,7,,,,,,,,1,0,,,HARRAH RD.,2,EVANS RD.,2.01
2020,568,EA88391,330,12/04/2020,11:29,4,12,,77,Yakima,2590,1,,1,1,2,1,0,3,2,11:37,11:38,12:02,12,0,6,0,2,0,2,4,2,4,6,0,0,20,3,W YAKIMA AVE,N 11th Ave,-120.5243,46.59802222,0,1,87,17,2,25,4,0,0,1,2,12,1,1,2,1,1,2,1,53,0,13,13,2014,0,,12,68,64,33,59,,1,1,86,1,0,,1,0,3,0,11,5,,,,,0,0,0,3,1,38,39,,,96,,,,,,98,,,,,,98908,53,71,216,6,1,0,0,0,0,,37,,,,,,0,,,8,0,0,0,8,9,8,,,0,,,8,8,0,0,,,0,,,0,0,996,,,,,,,,,,,,,,,,,,,,,,,,,,,,,,0,0,0,1,0,0,0,0,0,0,0,0,0,0,0,0,0,0,1,0,0,0,0,0,0,1,1,1,0,1,0,0,0,0,0,,0,0,0,0,0,0,0,0,0,0,1,0,0,0,0,0,,,,,,81+,76+,City street,U,Friday,Belt Used,PV,Not Fatal,1,0,0,0,City Street,Municipal/City Police,Yakima Police Department,0,0,0,1,0,,,,,,0,0,0,,,,,,,,,,,98,98,98,0,,,,,20,7,,,,,,,,1,0,,,,,,
2021,46,EB10266,1,02/26/2021,10:44,26,2,,77,Yakima,0,1,,1,1,2,1,0,2,2,,,,12,0,7,0.2,20,1,1,1,2,1,1,0,0,0,0,I-82 RAMP,,-120.4753694,46.54045556,0,1,98,21,2,35,6,0,0,1,2,12,1,1,1,6,12,1,1,53,0,2,1,2007,0,,12,,,,,,1,1,22,2,0,,2,0,3,0,11,5,,,,,0,0,0,0,1,48,,,,96,,,,,,0,,,,,,98908,53,63,140,0,0,0,1,1,1,,97,,,,,,0,02/15/2020,09/15/2021,20,0,0,0,8,9,8,,,0,,,0,8,0,0,,,0,,,0,0,996,,,,,,,,,,,,,,,,,,,,,,,,,,,,,,0,0,0,0,1,0,1,1,0,0,0,0,0,1,0,0,0,0,0,0,0,0,0,1,1,0,0,0,0,1,0,0,0,0,0,,0,0,0,0,0,0,0,0,0,0,0,1,0,0,0,0,,,,,,21-25,16-25,Interstate,U,Friday,Belt Used,PV,Not Fatal,0,0,0,0,State Route,State Patrol,Washington State Patrol,0,1,0,0,0,,,,,,0,0,0,,,,,,,,,,,98,98,98,0,,,,,20,,,,,,,,,1,0,,,,,,
2021,152,EB29648,3,05/04/2021,23:40,4,5,,53,Pierce,1124,1,,3,1,2,1,0,2,2,,,,25,0,0,125,1,0,1,1,2,1,1,0,0,0,0,I-5,,-122.5211806,47.13924444,1,2,98,53,3,60,66,2,0,1,5,12,3,1,4,3,14,1,3,16,0,85,881,2018,0,,12,,,,,,1,1,43,1,0,,0,0,3,0,11,0,,,,,6,1,3,3,1,0,,,,96,,,,,,98,,,,,,98908,53,75,200,6,1,0,0,0,0,,0,,,,,,0,,,20,0,0,0,8,9,8,,,0,,,8,8,8,95,,,96,,,8,95,995,,,,,,,,,,,,,,,,,,,,,,,,,,,,,,0,0,1,0,1,1,1,1,1,0,0,0,1,0,0,0,0,0,0,0,0,0,0,0,0,0,0,0,1,0,1,0,0,0,0,,0,0,0,0,0,0,0,0,0,0,0,0,0,0,0,0,,,,,,41-45,36-45,Interstate,U,Tuesday,,MHTRUCK,Not Fatal,0,1,0,0,State Route,State Patrol,Washington State Patrol,1,1,0,0,0,,,,,,0,0,0,,,,,,,,,,,98,98,98,0,,,,,20,,,,,,,,,1,0,,,,,,
2021,343,EB66022,330,08/31/2021,22:16,31,8,,77,Yakima,2590,1,,3,1,2,3,0,6,2,,,,12,0,6,0,2,0,2,5,2,4,6,0,0,3,3,W NOB HILL BLVD,S 48th Ave,-120.5722722,46.58534167,0,1,86,17,2,35,3,0,0,1,2,12,1,1,3,1,1,2,2,53,0,12,13,1994,0,,12,,,,,,1,1,20,1,0,,3,0,3,0,11,5,,,,,0,0,0,3,1,39,,,,96,,,,,,9,,,,,,98908,53,67,155,6,1,0,1,1,0,,1,99,,,,,4,09/15/2017,09/15/2017,1,0,0,0,8,9,2,,,0,,,8,1,2,1,,,1,,,2,1,0.15,,,,,,,,,,,,,,,,,,,,,,,,,,,,,,0,0,0,1,1,1,0,1,0,0,0,0,1,1,0,0,0,0,0,1,0,1,1,1,1,0,0,0,0,1,0,0,0,0,0,,0,0,0,0,0,1,0,1,0,1,0,0,0,1,0,1,,,,,,18-20,16-25,City street,U,Tuesday,Belt Used,PV,Not Fatal,1,0,0,0,City Street,Municipal/City Police,Yakima Police Department,0,0,0,1,0,,,,,,0,0,0,,,,,,,,,,,0,0,0,0,,,,,20,,,,,,,,,1,0,,,,,,
2021,447,EB85119,1,10/23/2021,18:29,23,10,,77,Yakima,0,10,,2,2,2,1,0,2,2,,,,12,0,6,4.9,2,0,2,5,1,1,3,0,3,0,0,SR-22,N MEYERS RD,-120.2938833,46.35704722,0,2,88,66,4,60,66,2,0,1,2,12,1,1,2,1,1,1,3,41,0,87,881,2019,0,,12,68,64,1,,,1,1,44,1,0,,0,0,3,0,11,0,,,,,6,3,0,3,1,0,,,,96,,,,,,98,,,,,,98908,53,73,205,6,1,0,0,0,0,,0,,,,,,0,,,20,0,0,0,8,9,8,,,0,,,8,8,0,0,,,0,,,0,0,996,,,,,,,,,,,,,,,,,,,,,,,,,,,,,,0,0,0,1,1,1,1,1,0,0,0,0,1,1,0,0,0,0,0,0,0,0,0,0,0,0,0,0,0,1,1,0,0,0,0,,0,0,0,0,0,0,0,0,0,0,0,0,0,0,0,0,,,,,,41-45,36-45,State route,R,Saturday,,MHTRUCK,Not Fatal,1,0,0,0,State Route,State Patrol,Washington State Patrol,0,1,0,0,0,,,,,,0,0,0,,,,,,,,,,,98,98,98,0,,,,,20,,,,,,,,,1,0,,,,,,
2021,631,EB98551,1,11/24/2021,6:15,24,11,,77,Yakima,0,1,,3,4,1,1,0,18,10,,,,25,0,0,58.8,5,1,1,1,1,1,1,0,0,0,0,I-82 RAMP,,-120.1734778,46.34274167,0,1,98,5,1,70,34,0,0,1,2,12,3,1,2,3,14,1,2,53,0,35,472,2002,0,,12,,,,,,1,1,41,1,0,,1,0,3,0,11,5,,,,,0,0,0,3,1,87,,,,96,,,,,,98,,,,,,98908,53,73,190,6,1,0,0,0,0,,0,,,,,,0,,,20,0,0,0,8,9,8,,,0,,,0,0,0,0,,,0,,,0,0,996,,,,,,,,,,,,,,,,,,,,,,,,,,,,,,0,0,0,0,0,0,0,0,0,0,0,0,0,1,0,0,0,0,0,0,0,0,0,1,1,1,0,0,0,1,1,0,0,0,0,,0,0,0,0,0,0,0,0,0,0,0,0,0,0,0,0,,,,,,41-45,36-45,Interstate,R,Wednesday,Belt Used,PV,Not Fatal,0,0,0,0,State Route,State Patrol,Washington State Patrol,0,1,0,0,0,,,,,,0,0,0,,,,,,,,,,,98,98,98,0,,,,,20,,,,,,,,,1,19,,,,,,
2017,320,E706112,1,08/22/2017,23:30,22,8,0,77,Yakima,1440,1,0,2,1,2,2,0,3,5,23:32,23:46,,12,0,2,190,1,0,1,3,2,1,2,0,0,0,0,US-12,,-120.6985056,46.72763333,0,2,51,62,4,35,34,0,0,1,2,12,3,1,2,1,14,1,2,53,0,20,481,1999,0,0,12,12,,,,,1,1,42,2,7,1,4,7,3,0,11,0,08/22/2017,23:30,1.44053E+11,37268,0,0,3,3,1,0,0,0,0,0,,,,,,0,,,,,,98909,53,69,220,6,1,0,0,0,0,0,0,,,,,,0,,,1,0,0,0,0,9,8,,,0,0,0,8,0,2,1,0,0,1,0,0,2,1,0,,,,,,,,,,,,,,,,,,,,,,,,,,,,,,0,0,0,0,0,0,1,1,1,0,0,0,1,0,0,0,0,0,0,0,0,0,0,0,0,0,0,0,0,1,0,0,0,0,0,,0,0,0,0,0,0,0,0,0,0,0,0,0,0,0,0,,,,,,41-45,36-45,US highway,U,Tuesday,Belt Used,PV,White,0,1,1,0,State Route,State Patrol,Washington State Patrol Headquarter,0,1,0,0,0,,,,,,,,,,,,,,,,,,,,,,,,,,,,,,,,,,,,,,,,,,,
2020,513,3840330,344,01/14/2020,3:53,14,1,,77,Yakima,0,4,,2,10,2,1,0,4,1,3:53,4:12,4:53,1,0,0,5,1,0,1,6,1,2,4,0,3,0,0,CR-MCDONALD RD,,-120.4606222,46.39014444,0,1,7,6,1,35,4,0,0,1,2,1,1,1,8,1,1,4,2,53,0,7,20,2004,0,,68,64,1,,,,1,1,20,2,7,,4,7,20,7,11,0,01/14/2020,3:53,53001535,1535,0,0,0,0,1,0,,,,96,,,,,,9,,,,,,98920,53,,999,0,0,0,0,0,0,,0,,,,,,4,,,20,1,9,0,0,9,8,,,0,,,8,1,2,1,,,1,,,2,1,0.084,,,,,,,,,,,,,,,,,,,,,,,,,,,,,,0,0,0,0,1,1,0,1,0,0,0,0,1,1,0,0,0,0,0,1,0,1,1,0,1,0,0,0,0,1,0,0,0,1,0,,1,0,0,0,0,1,0,1,0,1,0,1,0,1,0,1,,,,,,18-20,16-25,County road,R,Tuesday,Not Used,PV,AIAN,0,1,0,0,County Road,Other Law Enforcement,Yakama Tribal Police Department,1,0,1,0,0,,,,,,0,0,0,,,,,,,,,,,98,98,98,3,,,,,20,7,,,,,,,,1,0,,,MCDONALD RD.,4.95,,
2019,460,E998531,1,12/26/2019,19:24,26,12,,77,Yakima,0,1,0,2,1,2,1,1,3,3,,,,8,0,0,0.7,1,0,1,3,2,1,3,0,3,0,0,SR-22,,-120.3145056,46.40673889,0,1,13,80,5,50,34,0,0,1,5,8,1,1,2,1,1,1,1,53,0,7,482,2012,0,0,8,,,,,,1,1,26,1,0,,0,0,3,0,11,0,,,,,0,0,0,3,1,0,0,0,0,96,,,,,,0,,,,,,98921,53,68,190,6,1,0,1,0,5,,0,,,,,,0,08/15/2015,05/15/2019,20,0,0,0,8,9,8,,,0,0,0,8,0,8,95,,,96,,,8,95,995,,,,,,,,,,,,,,,,,,,,,,,,,,,,,,0,0,0,0,0,0,0,0,0,1,1,0,0,0,0,0,0,1,0,0,0,1,1,0,1,0,0,0,0,1,0,1,0,0,0,,0,0,0,0,0,0,0,0,0,0,0,0,0,0,0,0,,,,,,26-30,26-35,State route,U,Thursday,Belt Used,PV,Not Fatal,0,0,0,0,State Route,State Patrol,Washington State Patrol,0,1,0,0,0,,,,,,0,0,2,,,,,,,,,,,98,98,98,0,,,,,20,7,,,,,,,,,,,,,,,
2020,468,EA86258,146,11/26/2020,17:15,26,11,,77,Yakima,0,1,,2,1,2,1,0,3,2,17:21,17:39,18:06,12,0,2,4,1,0,1,5,1,2,4,0,0,0,0,CR-YAKIMA VALLEY HWY,,-120.3923472,46.47682222,0,1,50,10,2,55,4,0,0,1,2,12,1,1,2,1,1,1,1,53,0,6,42,1999,0,,68,12,,,,,1,1,25,1,1,,4,7,20,7,11,0,11/26/2020,17:15,53056121,56121,0,0,0,0,1,28,,,,92,,,,,,0,,,,,,98921,53,70,160,0,0,0,0,0,0,,0,,,,,,0,,,20,0,0,0,0,9,8,,,0,,,8,8,2,1,,,1,,,2,1,0.238,,,,,,,,,,,,,,,,,,,,,,,,,,,,,,0,0,0,0,1,1,0,1,0,0,0,0,0,1,0,0,1,0,0,1,0,1,1,1,1,0,0,0,0,1,0,0,0,1,0,,1,0,0,0,0,1,0,1,1,0,0,1,0,1,0,1,,,,,,21-25,16-25,County road,R,Thursday,Not Used,PV,Hispanic,0,1,1,0,County Road,County Sheriff,Yakima County Sheriff's Office,0,0,1,0,0,,,,,,0,0,0,,,,,,,,,,,0,0,0,298,,,,,20,7,,,,,,,,1,0,,,YAKIMA VALLEY HIGHWAY,4.03,,
2021,239,EB50859,146,07/13/2021,20:08,13,7,,77,Yakima,0,1,,1,1,2,1,0,3,2,,,,12,0,2,0.9,1,0,1,6,1,2,4,0,0,0,0,CR-BUENA RD,,-120.3124694,46.4283,0,2,51,62,4,35,92,0,0,1,5,12,1,1,2,1,1,1,0,53,0,98,998,1995,0,,12,,,,,,1,1,63,1,0,,0,0,20,7,11,0,,,,,0,0,0,3,1,0,,,,96,,,,,,98,,,,,,98921,53,64,154,6,1,0,0,0,0,,0,,,,,,0,,,20,0,0,0,8,9,8,,,0,,,8,8,0,0,,,0,,,0,0,996,,,,,,,,,,,,,,,,,,,,,,,,,,,,,,0,0,0,0,1,1,1,1,0,0,0,0,0,0,0,0,1,0,0,0,0,0,0,0,0,0,0,0,0,1,0,0,0,0,0,,0,0,0,0,0,0,0,0,0,0,0,0,0,0,0,0,,,,,,61-65,56-65,County road,R,Tuesday,,OTHVT,Not Fatal,0,1,1,0,County Road,County Sheriff,Yakima County Sheriff's Office,0,0,1,0,0,,,,,,0,0,0,,,,,,,,,,,0,0,0,0,,,,,20,,,,,,,,,1,0,,,BUENA RD.,0.94,NULL,
2017,8,E629981,6,01/07/2017,14:12,7,1,0,37,Kittitas,0,4,0,1,3,1,1,0,8,3,,,,12,0,1,77.4,1,0,1,1,1,1,1,0,0,0,0,I-90,,-121.0397611,47.18249167,0,3,29,53,3,70,4,0,0,1,2,12,3,1,2,3,2,1,2,53,0,6,18,2015,0,0,12,12,,,,,1,1,42,2,0,0,3,0,3,0,11,8,,,,,0,0,0,3,1,0,0,0,0,0,,,,,,0,,,,,,98922,53,62,120,6,1,0,0,0,1,0,0,,,,,,0,05/15/2014,05/15/2014,20,0,0,0,8,9,8,,,0,0,0,8,0,0,0,0,0,0,0,0,0,0,996,,,,,,,,,,,,,,,,,,,,,,,,,,,,,,0,0,0,0,0,0,0,0,0,0,0,0,1,0,0,0,0,0,0,0,0,0,0,1,1,0,0,0,0,1,0,0,0,0,0,,0,0,0,0,0,0,0,0,0,0,0,0,0,0,0,0,,,,,,41-45,36-45,Interstate,R,Saturday,Belt Used,PV,Not Fatal,0,0,0,0,State Route,State Patrol,Washington State Patrol,0,1,0,0,0,,,,,,,,,,,,,,,,,,,,,,,,,,,,,,,,,,,,,,,,,,,