year,case,par,repjur,crash_dt,crash_tm,accday,accmon,holiday,county,co_char,city,weather,weather2,lightcond,surfcond,surftype,numfatal,nmforms,pforms,vforms,not_tm,arr_tm,hosp_tm,fhevent,hitrun,manncol,milepnt,reljunc,reljuncinter,intersectiontype,funcsystem,landuse,ownership,route,schlbus,spejur,contdev,devfunc,trafid1,trafid2,x,y,wk_zone,vnumber,crashtype,criticalevent,criticaleventcat,spdlim,body,trailer,emerg,hazcargo,leave,mhevent,roadalgn,roadprof,traflane,trafflow,vehmanvr,numoccs,regowner,regstate,spuse,make,model,modelyr,vrf1,vrf2,seqevent1,seqevent2,seqevent3,seqevent4,seqevent5,seqevent6,pnumber,ptype,age,sex,hispanic,race,injury,diedscene,restraint,restraintmisuse,seatpos,takehosp,death_dt,death_tm,cert,cernum_wa,commlic,licendor,licrestrict,liccomp,drivpres,drf1,drf2,drf3,drf4,distract1,distract2,distract3,distract4,distract5,distract6,dricond1,dricond2,dricond3,dricond4,dricond5,dricond6,dzip,licstate,drhgt_in,weight,noncdl,noncdltype,prevdwi,prevoth,prevacc,prevspd,prevsus,driviol1,driviol2,driviol3,driviol4,driviol5,driviol6,spdrel,first_dt,last_dt,airbag,ejection,ejectpath,extricat,injurwrk,methalc,methdrug,nmlocat,strikveh,prf1,prf2,prf3,druginv,alcinvol,drugsts,drugres1,drugres2,drugres3,drugtst1,drugtst2,drugtst3,alcsts,alctst,alcres,nmact1,nmact2,nmact3,nmact4,nmact5,nmact6,nmprior1,nmprior2,nmprior3,nmprior4,nmprior5,nmprior6,nmcond1,nmcond2,nmcond3,nmcond4,nmcond5,nmcond6,nmsafe_helmet,nmsafe_pads,nmsafe_oth,nmprev_ref,nmprev_lgt,nmprev_oth,crashlocation,nmcrashtype,crosswalk,schoolzone,sidewalk,train_inv,wildlife_inv,rotr_fars,intersect_fars,dd_inv,aid_inv,dpd_inv,id_inv,mj_inv,impnm_inv,ainm_inv,dpnm_inv,speed_inv,unlic_inv,unendmc_inv,drowsy_inv,drdist_inv,nmdist_inv,fty_inv,unrestfat_inv,dr1617_inv,dr1820_inv,dr1620_inv,dr2125_inv,dr1625_inv,dr65_inv,dr70_inv,dr75_inv,mc_inv,pv_inv,ht_inv,ped_inv,bike_inv,unrest_fat,mc_fat,unhelmet_mc,pv_fat,ht_fat,ped_fat,bike_fat,dr_alc7,dr_alc8,dr_drug,dr_imp,dr_dist,dr_spd,dr_fty,dr_unlic,dr_alc7only,dr_alc8only,dr_drugonly,dr_drink,nm_imp,nm_alc7,nm_alc8,nm_drug,nm_dist,agegrp1,agegrp2,roadclass,urbrur,dayweek,restuse,vehtype,race_me,intersect,lanedep,oppdir,wrongway,rep_typ,investag,repag_long,rotr,st_rd,cty_rd,city_rd,oth_rd,drug_thc,thc_res,drug_cthc,cthc_res,drug_cann,prevpersemin,prevperse,prevsusoth,drugtst4,drugtst5,drugtst6,drugtst7,drugtst8,drugres4,drugres5,drugres6,drugres7,drugres8,adspresent,adsengaged,adslevel,race1,race2,race3,race4,race5,helmet,helmetmisuse,nmdistract1,nmdistract2,nmdistract3,nmdistract4,nmdistract5,nmdistract6,lab,isedtcase,crf1,crf2,crf3,CoRoadName,CoMP,IntCoRoadName,IntCoMP
2017,16,E632347,6,01/14/2017,3:40,14,1,2,37,Kittitas,0,1,0,2,1,2,1,0,3,2,,,,12,0,1,101.5,1,0,1,1,1,1,1,0,0,0,0,I-90,,-120.6309167,47.04091111,0,1,24,51,3,70,4,0,0,1,2,12,2,1,2,3,14,1,2,53,0,48,38,2004,0,0,12,63,24,,,,1,1,21,2,7,1,4,7,20,0,11,0,01/14/2017,3:40,53003090,3090,0,0,0,3,1,26,0,0,0,96,,,,,,9,,,,,,98922,53,66,114,6,1,0,0,2,5,0,0,,,,,,0,08/15/2012,03/15/2016,1,0,0,0,0,1,8,,,0,0,0,8,1,2,1,0,0,1,0,0,2,1,0.11,,,,,,,,,,,,,,,,,,,,,,,,,,,,,,0,0,0,0,1,1,0,1,0,0,0,0,0,0,0,0,0,0,0,1,0,0,0,1,1,0,0,0,0,1,1,0,0,1,0,,1,0,0,0,0,1,0,1,0,0,0,0,0,1,0,1,,,,,,21-25,16-25,Interstate,R,Saturday,Not Used,PV,White,0,0,0,0,State Route,State Patrol,Washington State Patrol,0,1,0,0,0,,,,,,,,,,,,,,,,,,,,,,,,,,,,,,,,,,,,,,,,,,,
2019,136,E902079,6,03/05/2019,13:08,5,3,,37,Kittitas,0,1,0,1,1,2,1,0,7,3,,,,25,0,0,77.5,1,0,1,1,1,1,1,0,0,0,0,I-90,,-121.0389917,47.18248611,0,1,6,12,2,70,14,0,0,1,7,1,2,1,2,3,14,1,2,53,0,37,402,2018,0,0,64,25,67,59,1,65,1,1,69,2,7,,4,0,3,0,11,4,03/20/2019,14:15,1.96053E+11,13394,0,0,0,3,1,0,0,0,0,96,,,,,,0,,,,,,98922,53,65,200,6,1,0,0,0,0,,0,,,,,,0,,,8,0,0,0,0,9,8,,,0,0,0,8,0,8,95,,,96,,,8,95,995,,,,,,,,,,,,,,,,,,,,,,,,,,,,,,0,0,1,0,0,0,0,0,0,0,0,0,0,0,0,0,0,0,0,0,0,0,0,0,0,1,0,0,0,1,1,0,0,0,0,,1,0,0,0,0,0,0,0,0,0,0,0,0,0,0,0,,,,,,66-70,66-75,Interstate,R,Tuesday,Belt Used,PV,White,0,1,0,0,State Route,State Patrol,Washington State Patrol,1,1,0,0,0,,,,,,0,0,0,,,,,,,,,,,98,98,98,1,,,,,20,7,,,,,,,,,,,,,,,
2020,101,EA29604,27,04/14/2020,11:06,14,4,,37,Kittitas,0,1,,1,1,2,1,0,1,1,,,,1,0,0,0.5,1,0,1,6,1,2,4,0,0,0,0,CR-MIDDLE FORK TEANAWAY RD,,-120.8980556,47.26537778,0,1,1,13,2,50,34,0,0,1,2,42,2,1,2,1,14,1,1,53,0,12,471,2004,0,,63,1,42,,,,1,1,62,1,7,,4,7,3,0,11,0,04/14/2020,11:06,53017916,17916,0,0,0,3,1,0,,,,92,,,,,,0,,,,,,98922,53,75,200,6,1,0,0,0,0,,0,,,,,,0,,,20,0,0,0,0,9,8,,,0,,,8,8,0,0,,,0,,,0,0,996,,,,,,,,,,,,,,,,,,,,,,,,,,,,,,0,0,1,0,0,0,0,0,0,0,0,0,0,0,0,0,1,0,0,0,0,0,0,0,0,0,0,0,0,1,0,0,0,0,0,,1,0,0,0,0,0,0,0,1,0,0,0,0,0,0,0,,,,,,61-65,56-65,County road,R,Tuesday,Belt Used,PV,White,0,1,0,0,County Road,County Sheriff,Kittitas County Sheriff's Office,1,0,1,0,0,,,,,,0,0,0,,,,,,,,,,,98,98,98,1,,,,,20,7,,,,,,,,1,0,,,MIDDLE FORK TEANAWAY RD,0.5,,
2020,112,EA31330,12,04/20/2020,7:47,20,4,,7,Chelan,0,1,,1,1,4,1,0,2,1,,,,18,0,0,7.3,1,0,1,98,1,64,4,0,0,0,0,CR-SWAKANE CANYON RD,,-120.4287056,47.59964167,0,1,15,8,1,98,34,0,0,1,2,1,3,8,8,8,14,2,2,53,0,49,472,2016,0,,18,64,1,,,,1,1,18,2,7,,4,7,20,7,11,0,04/20/2020,7:47,53019123,19123,0,0,0,3,1,0,,,,92,,,,,,98,,,,,,98922,53,66,100,6,2,0,0,0,0,,0,,,,,,0,,,8,2,6,0,0,9,8,,,0,,,8,8,2,1,,,1,,,2,1,0,,,,,,,,,,,,,,,,,,,,,,,,,,,,,,0,0,0,0,0,0,0,0,0,0,0,0,0,0,0,0,1,0,0,1,0,1,1,0,1,0,0,0,0,1,0,0,0,1,0,,1,0,0,0,0,0,0,0,1,0,0,0,0,0,0,0,,,,,,18-20,16-25,County road,R,Monday,Not Used,PV,White,0,1,0,0,Other,County Sheriff,Chelan County Sheriff's Office,1,0,0,0,1,,,,,,0,0,0,,,,,,,,,,,98,98,98,1,,,,,20,7,,,,,,,,1,0,,,,,,
2020,270,EA53712,5,08/03/2020,1:45,3,8,,41,Lewis,0,1,,2,1,2,1,0,4,2,1:43,1:58,,12,0,6,78.4,2,0,2,3,1,1,2,0,0,0,0,US-12,STOWELL RD,-122.6260667,46.53145833,0,1,98,21,2,55,61,0,0,1,2,12,2,2,2,1,12,3,3,53,0,7,881,2018,0,,12,,,,,,1,1,64,1,7,,4,7,3,0,11,0,08/03/2020,1:45,53036917,36917,6,9,3,3,1,48,,,,96,,,,,,98,,,,,,98922,53,72,320,6,1,0,0,2,0,,0,,,,,,0,01/15/2018,01/15/2020,8,0,0,0,0,9,8,,,0,,,8,8,2,1,,,1,,,2,1,0,,,,,,,,,,,,,,,,,,,,,,,,,,,,,,0,0,0,1,0,0,0,0,0,0,0,0,0,0,0,0,0,0,0,0,0,0,0,0,0,1,1,0,0,0,1,0,0,0,0,,0,1,0,0,0,0,0,0,0,0,0,0,0,0,0,0,,,,,,61-65,56-65,US highway,R,Monday,,MHTRUCK,White,1,0,0,0,State Route,State Patrol,Washington State Patrol,0,1,0,0,0,,,,,,0,0,0,,,,,,,,,,,98,98,98,1,,,,,20,7,,,,,,,,1,0,,,,,,
2021,323,EB62133,21,08/05/2021,14:25,5,8,,25,Grant,0,1,,1,1,2,2,0,3,2,,,,12,0,6,12.1,2,0,2,6,1,2,4,0,0,0,0,CR-ROAD 11 SW,RD E SW,-119.6005694,46.92826111,0,2,88,66,4,55,66,0,0,1,2,12,1,1,2,1,1,1,3,53,0,82,881,2006,0,,12,,,,,,1,1,57,1,0,,0,0,3,0,11,0,,,,,6,3,3,3,1,0,,,,96,,,,,,98,,,,,,98922,53,69,160,6,1,0,1,0,0,,0,,,,,,0,04/15/2019,04/15/2019,20,0,0,0,8,9,8,,,0,,,8,8,8,95,,,96,,,8,95,995,,,,,,,,,,,,,,,,,,,,,,,,,,,,,,0,0,0,1,0,0,0,0,0,0,0,0,0,1,0,0,1,0,1,0,0,0,0,0,0,0,0,0,0,1,1,0,0,0,0,,0,0,0,0,0,0,0,0,0,0,0,0,0,0,0,0,,,,,,56-60,56-65,County road,R,Thursday,,MHTRUCK,Not Fatal,1,0,0,0,County Road,County Sheriff,Grant County Sheriff's Office,0,0,1,0,0,,,,,,0,0,0,,,,,,,,,,,98,98,98,0,,,,,20,,,,,,,,,1,0,,,11 SW,12.07,E SW,1
2021,454,EB87247,4,11/05/2021,13:04,5,11,,1,Adams,0,10,,1,2,2,1,0,1,1,,,,35,0,0,208.3,1,0,1,1,1,1,1,0,0,0,0,I-90,,-118.6020444,47.10118611,0,1,6,12,2,70,34,0,0,1,2,35,1,1,2,3,1,1,2,53,0,23,481,2006,0,,64,67,35,,,,1,1,65,1,7,,4,7,3,0,11,0,11/05/2021,13:04,53057100,57100,0,0,9,3,1,0,,,,96,,,,,,98,,,,,,98922,53,70,185,6,1,0,0,0,0,,0,,,,,,0,,,8,0,0,9,0,9,8,,,0,,,8,8,8,95,,,96,,,8,95,995,,,,,,,,,,,,,,,,,,,,,,,,,,,,,,0,0,1,0,0,0,0,0,0,0,0,0,0,0,0,0,0,0,0,0,0,0,0,0,0,1,0,0,0,1,0,0,0,0,0,,1,0,0,0,0,0,0,0,0,0,0,0,0,0,0,0,,,,,,61-65,56-65,Interstate,R,Friday,Belt Used,PV,White,0,1,0,0,State Route,State Patrol,Washington State Patrol,1,1,0,0,0,,,,,,0,0,0,,,,,,,,,,,98,98,98,1,,,,,20,,,,,,,,,1,0,,,,,,
2021,470,EB89727,6,11/06/2021,15:50,6,11,,7,Chelan,0,10,,1,2,2,1,0,5,3,,,,12,0,6,154.1,1,0,1,3,1,1,2,0,0,0,0,US-097,,-120.60225,47.38725,0,2,98,62,4,60,34,0,0,1,2,12,3,2,3,1,14,2,1,53,0,12,481,2014,0,,12,,,,,,1,1,52,1,0,,1,0,3,0,11,0,,,,,0,0,0,3,1,0,,,,96,,,,,,0,,,,,,98922,53,70,210,6,1,0,0,0,1,,0,,,,,,0,01/15/2019,01/15/2019,1,0,0,0,8,9,2,,,0,,,8,8,8,95,,,96,,,0,0,996,,,,,,,,,,,,,,,,,,,,,,,,,,,,,,0,0,0,0,0,0,0,0,0,0,0,0,0,0,0,0,0,0,0,0,0,0,0,1,1,0,0,0,0,1,0,0,0,0,0,,0,0,0,0,0,0,0,0,0,0,0,0,0,0,0,0,,,,,,51-55,46-55,US highway,R,Saturday,Belt Used,PV,Not Fatal,0,1,1,0,State Route,State Patrol,Washington State Patrol,0,1,0,0,0,,,,,,0,0,0,,,,,,,,,,,98,98,98,0,,,,,20,,,,,,,,,1,14,,,,,,
2019,175,E928933,146,06/08/2019,4:10,8,6,,77,Yakima,0,1,0,2,1,2,1,0,2,1,,,,1,0,0,0.5,1,0,1,7,2,2,4,0,0,0,0,CR-N PIONEER WAY,,-120.6895528,46.64857778,0,1,98,11,2,50,34,0,0,1,7,1,3,1,2,1,14,2,2,53,0,7,482,2004,0,0,63,69,68,1,,,1,1,18,1,0,,1,0,3,0,11,8,,,,,0,0,0,3,1,0,0,0,0,96,,,,,,9,,,,,,98923,53,71,174,6,1,0,1,1,0,,97,,,,,,0,04/15/2019,04/15/2019,20,0,0,0,8,9,8,,,0,0,0,8,1,2,1,,,1,,,2,1,0.14,,,,,,,,,,,,,,,,,,,,,,,,,,,,,,0,0,0,0,1,1,0,1,0,0,0,0,0,0,0,0,0,0,0,0,0,1,1,0,1,0,0,0,0,1,0,0,0,0,0,,0,0,0,0,0,1,0,1,0,0,0,0,0,1,0,1,,,,,,18-20,16-25,County road,U,Saturday,Belt Used,PV,Not Fatal,0,0,0,0,County Road,County Sheriff,Yakima County Sheriff's Office,0,0,1,0,0,,,,,,0,0,0,,,,,,,,,,,98,98,98,0,,,,,20,7,,,,,,,,,,,,,,,
2018,235,3756469,263,05/01/2018,13:56,1,5,0,33,King,1960,1,0,1,1,2,1,1,1,1,14:22,14:30,14:54,8,0,0,0,3,0,2,4,2,4,6,0,0,2,3,1ST AVE,PINE ST,-122.3409444,47.6098,0,1,13,15,2,98,34,0,0,1,3,8,1,1,2,1,11,1,1,53,0,20,481,2007,0,0,8,,,,,,1,1,85,1,0,0,1,0,99,0,11,5,,,,,0,0,3,2,1,10,0,0,0,96,,,,,,0,,,,,,98926,53,74,220,1,1,0,0,0,0,,97,,,,,,0,,,20,0,0,0,8,3,2,,,0,0,0,0,0,8,95,,,96,,,8,95,995,,,,,,,,,,,,,,,,,,,,,,,,,,,,,,0,0,0,1,0,0,0,0,0,1,0,1,0,1,0,0,0,0,0,0,0,0,0,0,0,1,1,1,0,1,0,1,0,0,0,,0,0,0,0,0,0,0,0,0,0,0,1,0,0,0,0,,,,,,81+,76+,City street,U,Tuesday,Unknown,PV,Not Fatal,1,0,0,0,City Street,Municipal/City Police,Seattle Police Department,0,0,0,1,0,,,,,,0,0,0,,,,,,,,,,,,,,,,,,,,,,,,,,,,,,,,,,,
2017,52,E650617,6,02/09/2017,0:52,9,2,0,37,Kittitas,0,10,0,2,4,2,1,0,1,2,,,,12,0,6,15.3,1,0,1,5,1,1,3,0,0,0,0,SR-10,ONEIL RD,-120.6231083,47.04298889,0,2,66,50,3,55,21,0,0,1,2,12,1,1,2,1,1,1,1,53,0,23,461,1989,0,0,12,,,,,,1,1,42,1,7,1,4,7,3,0,11,0,02/09/2017,0:52,62053007298,7298,8,0,0,3,1,87,0,0,0,92,,,,,,99,,,,,,98926,53,73,200,6,1,0,0,0,0,0,0,,,,,,4,,,20,2,9,0,0,9,8,,,0,0,0,8,9,2,1,0,0,1,0,0,2,1,0,,,,,,,,,,,,,,,,,,,,,,,,,,,,,,0,0,0,0,0,0,0,0,0,0,0,0,1,0,0,0,1,0,0,0,0,0,0,0,0,0,0,0,0,1,1,0,0,0,0,,1,0,0,0,0,0,0,0,1,1,0,0,0,0,0,0,,,,,,41-45,36-45,State route,R,Thursday,Belt Used,PV,White,0,0,0,0,State Route,State Patrol,Washington State Patrol Headquarter,0,1,0,0,0,,,,,,,,,,,,,,,,,,,,,,,,,,,,,,,,,,,,,,,,,,,
2017,78,E650969,6,03/07/2017,6:07,7,3,0,37,Kittitas,0,4,0,4,3,2,1,0,3,1,,,,24,0,0,91.9,1,0,1,1,1,1,1,0,0,0,0,I-90,,-120.79035,47.11460556,0,1,2,6,1,70,34,0,0,1,2,1,1,1,2,3,15,3,1,53,0,7,482,1999,0,0,63,24,1,,,,1,1,63,2,7,1,4,7,3,0,11,0,03/07/2017,6:07,53011665,11665,0,0,3,3,1,87,0,0,0,96,,,,,,0,,,,,,98926,53,62,85,6,1,0,0,0,0,0,0,,,,,,4,,,20,0,0,0,0,9,8,,,0,0,0,8,0,2,996,996,996,1,1,1,2,1,0,,,,,,,,,,,,,,,,,,,,,,,,,,,,,,0,0,0,0,0,0,1,1,0,0,0,0,1,0,0,0,0,0,0,0,0,0,0,0,0,0,0,0,0,0,0,0,0,0,0,,0,0,0,0,0,0,1,1,0,1,0,0,0,0,1,0,,,,,,61-65,56-65,Interstate,R,Tuesday,Belt Used,PV,White,0,1,0,0,State Route,State Patrol,Washington State Patrol Headquarter,1,1,0,0,0,,,,,,,,,,,,,,,,,,,,,,,,,,,,,,,,,,,,,,,,,,,
2017,253,E692481,197,07/15/2017,23:00,15,7,0,61,Snohomish,1338,1,0,3,1,2,1,0,2,2,,,,42,0,0,0,1,0,1,5,2,4,6,0,0,0,0,VILLAGE GREEN DR,,-122.2087861,47.86709444,0,2,98,80,5,25,14,0,0,1,5,12,3,2,2,1,14,1,3,53,0,12,401,2015,0,0,12,,,,,,1,1,45,1,0,0,0,0,3,0,11,0,,,,,0,0,0,3,1,16,0,0,0,96,,,,,,0,,,,,,98926,53,74,225,6,1,0,0,0,0,0,0,,,,,,0,,,20,0,0,0,8,9,8,,,0,0,0,8,0,0,0,0,0,0,0,0,0,0,996,,,,,,,,,,,,,,,,,,,,,,,,,,,,,,0,0,0,0,1,0,1,1,0,0,0,0,0,1,0,0,0,0,0,1,0,0,0,1,1,0,0,0,0,1,0,0,0,0,0,,0,0,0,0,0,0,0,0,0,0,0,0,0,0,0,0,,,,,,41-45,36-45,City street,U,Saturday,Belt Used,PV,Not Fatal,0,1,0,0,City Street,Municipal/City Police,Mill Creek Police Department,1,0,0,1,0,,,,,,,,,,,,,,,,,,,,,,,,,,,,,,,,,,,,,,,,,,,
2017,436,E729964,1,10/25/2017,17:00,25,10,0,37,Kittitas,0,1,0,1,1,2,1,0,3,1,17:00,17:59,,52,0,0,95.3,1,0,1,5,1,1,3,0,0,0,0,SR-10,,-120.7410167,47.12473333,0,1,1,13,2,55,2,0,0,1,2,1,3,2,3,1,14,3,2,53,0,12,3,2001,0,0,63,52,1,,,,1,1,19,1,0,0,2,0,3,0,11,0,,,,,0,0,3,3,1,91,0,0,0,96,,,,,,0,,,,,,98926,53,68,165,6,1,0,0,0,0,0,2,,,,,,0,,,20,0,0,0,8,9,8,,,0,0,0,8,0,2,605,0,0,1,0,0,2,1,0,,,,,,,,,,,,,,,,,,,,,,,,,,,,,,0,0,1,0,0,0,1,1,1,0,0,0,0,0,0,0,0,0,0,1,0,1,1,0,1,0,0,0,0,1,0,0,0,0,0,,0,0,0,0,0,0,1,1,0,0,0,0,0,0,1,0,,,,,,18-20,16-25,State route,R,Wednesday,Belt Used,PV,Not Fatal,0,1,0,0,State Route,State Patrol,Washington State Patrol Headquarter,1,1,0,0,0,thc,1.2,carboxy-thc,17,,,,,,,,,,,,,,,,,,,,,,,,,,,,,,,,,,,,,,,
2017,507,E744598,330,12/02/2017,17:34,2,12,0,77,Yakima,2590,1,0,3,1,2,1,1,1,1,17:34,17:37,17:52,8,0,0,0,1,0,1,3,2,4,6,0,0,0,0,W NOB HILL BLVD,,-120.5210222,46.58526111,0,1,13,80,5,30,21,0,0,1,5,8,1,1,5,5,1,1,3,53,0,12,462,2017,0,0,8,,,,,,1,1,37,1,0,0,0,0,3,0,11,0,,,,,0,0,3,3,1,0,0,0,0,0,,,,,,0,,,,,,98926,53,71,150,6,1,0,0,0,0,0,0,,,,,,0,,,20,0,0,0,8,9,8,,,0,0,0,8,0,0,0,0,0,0,0,0,0,0,996,,,,,,,,,,,,,,,,,,,,,,,,,,,,,,0,0,0,0,0,0,0,0,0,0,0,0,0,0,0,0,0,0,0,0,0,0,0,0,0,0,0,0,0,1,0,1,0,0,0,,0,0,0,0,0,0,0,0,0,0,0,0,0,0,0,0,,,,,,36-40,36-45,City street,U,Saturday,Belt Used,PV,Not Fatal,0,0,0,0,City Street,Municipal/City Police,Yakima Police Department,0,0,0,1,0,,,,,,,,,,,,,,,,,,,,,,,,,,,,,,,,,,,,,,,,,,,
2018,153,E806043,199,05/30/2018,13:27,30,5,0,53,Pierce,1350,1,0,1,1,2,2,0,3,2,13:28,14:18,15:03,12,0,6,1.6,2,0,2,3,2,1,3,0,3,3,3,SR-99,PORTER WAY,-122.335375,47.25121389,0,1,88,17,2,45,66,1,0,1,7,12,1,1,5,5,1,1,3,53,0,87,884,2012,0,0,12,,,,,,1,1,38,1,0,0,1,0,1,0,11,5,,,,,6,1,0,3,1,39,0,0,0,5,,,,,,0,,,,,,98926,53,65,160,6,1,0,0,0,0,,97,,,,,,0,,,99,0,0,0,8,9,2,,,0,0,0,0,0,8,95,,,96,,,8,95,995,,,,,,,,,,,,,,,,,,,,,,,,,,,,,,0,0,0,1,0,0,0,0,0,0,0,0,0,0,0,0,1,0,0,0,0,0,0,0,0,1,1,1,0,1,1,0,0,0,0,,0,0,0,0,0,0,0,0,1,0,0,0,0,0,0,0,,,,,,36-40,36-45,State route,U,Wednesday,,MHTRUCK,Not Fatal,1,0,0,0,State Route,Municipal/City Police,Milton Police Department,0,1,0,0,0,,,,,,0,0,0,,,,,,,,,,,,,,,,,,,,,,,,,,,,,,,,,,,
2018,295,E834139,6,07/27/2018,5:54,27,7,0,37,Kittitas,0,1,0,1,1,1,2,0,2,1,6:13,6:17,,1,0,0,85.2,1,0,1,1,1,1,1,0,0,0,0,I-90,,-120.8775694,47.166125,0,1,2,12,2,70,14,0,0,1,2,1,3,2,2,2,14,2,1,53,0,12,401,2000,0,0,64,69,63,1,,,1,1,75,2,7,1,4,7,3,0,11,0,07/27/2018,5:54,53033579,33579,0,0,0,3,1,58,0,0,0,96,,,,,,0,,,,,,98926,53,63,75,6,1,0,0,0,0,,0,,,,,,0,,,20,2,9,0,0,9,8,,,0,0,0,8,0,2,1,,,1,,,2,1,0,,,,,,,,,,,,,,,,,,,,,,,,,,,,,,0,0,0,0,0,0,0,0,0,0,0,0,0,0,0,0,0,0,0,0,0,0,0,0,0,1,1,1,0,1,0,0,0,0,0,,1,0,0,0,0,0,0,0,0,0,0,0,0,0,0,0,,,,,,71-75,66-75,Interstate,R,Friday,Belt Used,PV,White,0,0,0,0,State Route,State Patrol,Washington State Patrol,0,1,0,0,0,,,,,,0,0,0,,,,,,,,,,,,,,,,,,,,,,,,,,,,,,,,,,,
2019,48,E895186,1,01/23/2019,16:20,23,1,,77,Yakima,0,1,0,1,1,2,1,0,3,2,,,,12,0,6,1,2,0,2,5,1,1,3,0,0,0,0,SR-821,POMONA RD,-120.476975,46.690075,0,2,87,66,4,45,14,0,0,1,2,1,1,1,2,1,1,2,2,53,0,48,401,2000,0,0,12,64,43,1,,,1,1,85,1,0,,1,0,3,0,11,8,,,,,0,0,3,3,1,0,0,0,0,96,,,,,,0,,,,,,98926,53,73,230,6,1,0,0,0,0,,0,,,,,,0,,,8,0,0,0,8,9,8,,,0,0,0,8,0,8,95,,,96,,,8,95,995,,,,,,,,,,,,,,,,,,,,,,,,,,,,,,0,0,0,1,0,0,0,0,0,0,0,0,0,0,0,0,0,0,0,0,0,0,0,0,0,1,1,1,0,1,0,0,0,0,0,,0,0,0,0,0,0,0,0,0,0,0,0,0,0,0,0,,,,,,81+,76+,State route,R,Wednesday,Belt Used,PV,Not Fatal,1,0,0,0,State Route,State Patrol,Washington State Patrol,0,1,0,0,0,,,,,,0,0,0,,,,,,,,,,,98,98,98,0,,,,,20,7,,,,,,,,,,,,,,,
2019,351,E967901,6,09/29/2019,19:05,29,9,,37,Kittitas,0,4,0,2,10,2,1,0,3,2,,,,12,0,6,145.5,1,0,1,3,1,1,3,0,0,0,0,SR-97,,-120.6435917,47.331025,0,1,98,6,1,60,34,0,0,1,7,12,3,2,2,1,14,1,3,53,0,23,472,2007,0,0,68,12,,,,,1,1,24,1,99,,4,0,20,7,11,5,09/29/2019,21:50,2.46053E+11,42923,0,0,0,3,1,28,87,0,0,96,,,,,,0,,,,,,98926,53,75,195,6,1,0,2,0,3,,0,,,,,,4,01/15/2015,04/15/2018,20,0,0,0,0,9,8,,,0,0,0,8,0,0,0,,,0,,,2,1,0,,,,,,,,,,,,,,,,,,,,,,,,,,,,,,0,0,0,0,0,0,0,0,0,0,0,0,1,0,0,0,0,0,0,1,0,0,0,1,1,0,0,0,0,1,0,0,0,1,0,,1,0,0,0,0,0,0,0,0,1,0,0,0,0,0,0,,,,,,21-25,16-25,State route,R,Sunday,Not Used,PV,White,0,1,1,0,State Route,State Patrol,Washington State Patrol,0,1,0,0,0,,,,,,0,0,1,,,,,,,,,,,98,98,98,1,,,,,20,7,,,,,,,,,,,,,,,
2020,46,EA15163,27,02/02/2020,15:10,2,2,,37,Kittitas,0,1,,1,1,2,1,0,2,2,15:16,15:22,15:51,12,0,6,3.1,2,0,2,5,1,2,4,0,0,20,3,CR-COVE RD,HANSON RD,-120.6453472,46.98532222,0,1,89,17,2,35,34,0,0,1,2,12,1,1,2,1,1,1,1,53,0,35,472,2002,0,,12,,,,,,1,1,29,1,7,,4,8,3,0,11,1,02/02/2020,18:12,62053005678,5678,0,0,3,3,1,38,39,,,96,,,,,,98,,,,,,98926,53,71,220,6,1,0,0,0,0,,0,,,,,,3,,,1,0,0,1,0,9,8,,,0,,,8,8,8,95,,,96,,,8,95,995,,,,,,,,,,,,,,,,,,,,,,,,,,,,,,0,0,0,1,0,0,0,0,0,0,0,0,1,0,0,0,0,0,1,0,0,0,0,0,0,0,0,0,0,1,1,0,0,0,0,,1,0,0,0,0,0,0,0,0,1,1,0,0,0,0,0,,,,,,26-30,26-35,County road,R,Sunday,Belt Used,PV,Multiracial,1,0,0,0,County Road,County Sheriff,Kittitas County Sheriff's Office,0,0,1,0,0,,,,,,0,0,0,,,,,,,,,,,98,98,98,278,201,207,,,20,7,,,,,,,,1,0,,,COVE RD,3.14,HANSON RD,3.08
2020,96,EA29239,39,04/13/2020,16:19,13,4,,61,Snohomish,0,1,,1,1,2,1,0,1,1,,,,18,0,0,3,1,0,1,5,1,2,4,0,0,0,0,CR-PIONEER HWY,,-122.2536056,48.20647222,0,1,1,13,2,50,80,0,0,1,2,1,3,1,2,1,14,1,1,53,0,72,706,2006,0,,63,18,1,,,,1,1,61,2,7,,4,7,20,7,11,0,04/13/2020,16:19,53017654,17654,0,0,3,3,1,0,,,,92,,,,,,98,,,,,,98926,53,65,145,6,1,0,0,0,0,,0,,,,,,0,,,20,8,0,0,0,9,8,,,0,,,8,8,2,1,,,1,,,2,1,0,,,,,,,,,,,,,,,,,,,,,,,,,,,,,,0,0,1,0,0,0,0,0,0,0,0,0,0,0,0,0,1,0,0,0,0,0,0,0,0,0,0,0,1,0,0,0,0,0,1,0,0,0,0,0,0,0,0,0,1,0,0,0,0,0,0,0,,,,,,61-65,56-65,County road,R,Monday,,MC,White,0,1,0,0,County Road,County Sheriff,Snohomish County Sheriff's Office,1,0,1,0,0,,,,,,0,0,0,,,,,,,,,,,0,0,0,1,,,,,19,0,,,,,,,,1,0,,,PIONEER HWY,2.98,,