year,case,par,repjur,crash_dt,crash_tm,accday,accmon,holiday,county,co_char,city,weather,weather2,lightcond,surfcond,surftype,numfatal,nmforms,pforms,vforms,not_tm,arr_tm,hosp_tm,fhevent,hitrun,manncol,milepnt,reljunc,reljuncinter,intersectiontype,funcsystem,landuse,ownership,route,schlbus,spejur,contdev,devfunc,trafid1,trafid2,x,y,wk_zone,vnumber,crashtype,criticalevent,criticaleventcat,spdlim,body,trailer,emerg,hazcargo,leave,mhevent,roadalgn,roadprof,traflane,trafflow,vehmanvr,numoccs,regowner,regstate,spuse,make,model,modelyr,vrf1,vrf2,seqevent1,seqevent2,seqevent3,seqevent4,seqevent5,seqevent6,pnumber,ptype,age,sex,hispanic,race,injury,diedscene,restraint,restraintmisuse,seatpos,takehosp,death_dt,death_tm,cert,cernum_wa,commlic,licendor,licrestrict,liccomp,drivpres,drf1,drf2,drf3,drf4,distract1,distract2,distract3,distract4,distract5,distract6,dricond1,dricond2,dricond3,dricond4,dricond5,dricond6,dzip,licstate,drhgt_in,weight,noncdl,noncdltype,prevdwi,prevoth,prevacc,prevspd,prevsus,driviol1,driviol2,driviol3,driviol4,driviol5,driviol6,spdrel,first_dt,last_dt,airbag,ejection,ejectpath,extricat,injurwrk,methalc,methdrug,nmlocat,strikveh,prf1,prf2,prf3,druginv,alcinvol,drugsts,drugres1,drugres2,drugres3,drugtst1,drugtst2,drugtst3,alcsts,alctst,alcres,nmact1,nmact2,nmact3,nmact4,nmact5,nmact6,nmprior1,nmprior2,nmprior3,nmprior4,nmprior5,nmprior6,nmcond1,nmcond2,nmcond3,nmcond4,nmcond5,nmcond6,nmsafe_helmet,nmsafe_pads,nmsafe_oth,nmprev_ref,nmprev_lgt,nmprev_oth,crashlocation,nmcrashtype,crosswalk,schoolzone,sidewalk,train_inv,wildlife_inv,rotr_fars,intersect_fars,dd_inv,aid_inv,dpd_inv,id_inv,mj_inv,impnm_inv,ainm_inv,dpnm_inv,speed_inv,unlic_inv,unendmc_inv,drowsy_inv,drdist_inv,nmdist_inv,fty_inv,unrestfat_inv,dr1617_inv,dr1820_inv,dr1620_inv,dr2125_inv,dr1625_inv,dr65_inv,dr70_inv,dr75_inv,mc_inv,pv_inv,ht_inv,ped_inv,bike_inv,unrest_fat,mc_fat,unhelmet_mc,pv_fat,ht_fat,ped_fat,bike_fat,dr_alc7,dr_alc8,dr_drug,dr_imp,dr_dist,dr_spd,dr_fty,dr_unlic,dr_alc7only,dr_alc8only,dr_drugonly,dr_drink,nm_imp,nm_alc7,nm_alc8,nm_drug,nm_dist,agegrp1,agegrp2,roadclass,urbrur,dayweek,restuse,vehtype,race_me,intersect,lanedep,oppdir,wrongway,rep_typ,investag,repag_long,rotr,st_rd,cty_rd,city_rd,oth_rd,drug_thc,thc_res,drug_cthc,cthc_res,drug_cann,prevpersemin,prevperse,prevsusoth,drugtst4,drugtst5,drugtst6,drugtst7,drugtst8,drugres4,drugres5,drugres6,drugres7,drugres8,adspresent,adsengaged,adslevel,race1,race2,race3,race4,race5,helmet,helmetmisuse,nmdistract1,nmdistract2,nmdistract3,nmdistract4,nmdistract5,nmdistract6,lab,isedtcase,crf1,crf2,crf3,CoRoadName,CoMP,IntCoRoadName,IntCoMP
2020,271,EA53808,27,07/29/2020,16:00,29,7,,37,Kittitas,0,1,,1,1,4,1,0,2,1,22:28,23:23,,1,0,0,9999.9,1,0,1,98,1,64,8,0,0,0,0,FS RD 3111,,-120.9335028,47.0525,0,1,6,12,2,40,14,0,0,1,2,1,3,2,8,8,14,2,1,53,0,2,403,1997,0,,64,1,,,,,1,1,36,1,7,,4,7,20,7,11,0,07/30/2020,8:00,53035464,35464,0,0,0,3,1,0,,,,96,,,,,,98,,,,,,98926,53,71,145,6,1,0,0,1,0,,0,,,,,,0,05/15/2019,05/15/2019,20,1,9,0,0,9,8,,,0,,,8,8,8,95,,,96,,,8,95,995,,,,,,,,,,,,,,,,,,,,,,,,,,,,,,0,0,1,0,0,0,0,0,0,0,0,0,0,0,0,0,0,0,0,1,0,0,0,0,0,0,0,0,0,1,0,0,0,1,0,,1,0,0,0,0,0,0,0,0,0,0,0,0,0,0,0,,,,,,36-40,36-45,Other,R,Wednesday,Not Used,PV,White,0,1,0,0,Other,County Sheriff,Kittitas County Sheriff's Office,1,0,0,0,1,,,,,,0,0,0,,,,,,,,,,,0,0,0,1,,,,,20,7,,,,,,,,1,0,,,,,,
2017,443,E733974,1,10/29/2017,5:21,29,10,0,5,Benton,0,5,0,2,1,1,1,1,3,3,,,,12,0,7,94.7,1,0,1,1,1,1,1,0,0,0,0,I-82,,-119.5010444,46.25681667,0,2,98,50,3,70,4,0,0,1,2,8,1,1,2,2,1,2,1,53,0,35,43,2001,0,0,12,8,,,,,1,1,45,1,0,0,0,0,3,0,11,0,,,,,0,0,0,3,1,0,0,0,0,96,,,,,,0,,,,,,98930,53,67,190,6,1,0,0,1,0,0,0,,,,,,4,11/15/2016,11/15/2016,1,0,0,0,8,9,8,,,0,0,0,8,0,0,0,0,0,0,0,0,0,0,996,,,,,,,,,,,,,,,,,,,,,,,,,,,,,,0,0,0,0,0,0,0,0,0,1,1,0,1,0,0,0,0,0,0,0,0,0,0,0,0,0,0,0,0,1,0,1,0,0,0,,0,0,0,0,0,0,0,0,0,1,0,0,0,0,0,0,,,,,,41-45,36-45,Interstate,R,Sunday,Belt Used,PV,Not Fatal,0,0,0,0,State Route,State Patrol,Washington State Patrol Headquarter,0,1,0,0,0,,,,,,,,,,,,,,,,,,,,,,,,,,,,,,,,,,,,,,,,,,,
2017,521,E749014,146,12/17/2017,0:20,17,12,0,77,Yakima,0,5,0,2,2,2,1,0,1,1,,,,1,0,0,2.5,1,0,1,6,1,2,4,0,0,0,0,CR-WANETA RD,,-119.9782639,46.29285,0,1,7,12,2,50,3,0,0,1,2,1,1,1,2,1,1,1,2,53,0,37,31,1991,0,0,63,69,68,64,1,42,1,1,24,1,1,98,4,7,20,0,11,0,12/17/2017,0:20,2.22053E+11,54221,0,0,0,3,1,0,0,0,0,96,,,,,,99,,,,,,98930,53,74,150,6,1,1,6,0,6,2,0,,,,,,4,02/15/2014,09/15/2017,8,1,9,0,0,9,8,,,0,0,0,8,9,2,402,407,605,1,1,1,2,1,0.25,,,,,,,,,,,,,,,,,,,,,,,,,,,,,,0,0,0,0,1,1,1,1,1,0,0,0,1,0,0,0,0,0,0,1,0,0,0,1,1,0,0,0,0,1,0,0,0,1,0,,1,0,0,0,0,1,1,1,0,1,0,0,0,0,0,1,,,,,,21-25,16-25,County road,R,Sunday,Not Used,PV,Hispanic,0,1,0,0,County Road,County Sheriff,Yakima County Sheriff's Office,1,0,1,0,0,thc,7.1,carboxy-thc,40,,,,,,,,,,,,,,,,,,,,,,,,,,,,,,,,,,,,,,,
2018,393,E855891,28,10/28/2018,23:41,28,10,0,37,Kittitas,620,1,0,2,1,2,1,1,1,1,23:42,23:58,,8,0,0,0,1,0,1,7,1,4,6,0,0,0,0,CR-W UNIVERSITY WAY,CURRIER ST N,-120.5849222,47.00678611,0,1,13,80,5,40,4,0,0,1,5,8,8,8,2,1,1,1,1,53,0,34,34,2010,0,0,8,,,,,,1,1,19,1,0,0,0,0,3,0,11,0,,,,,0,0,0,3,1,0,0,0,0,92,,,,,,99,,,,,,98930,53,71,155,6,2,0,0,0,0,,0,,,,,,0,,,20,0,0,0,8,9,8,,,0,0,0,8,9,2,1,,,1,,,2,1,0,,,,,,,,,,,,,,,,,,,,,,,,,,,,,,0,0,0,0,0,0,0,0,0,1,1,1,0,0,0,0,1,0,0,0,0,1,1,0,1,0,0,0,0,1,0,1,0,0,0,,0,0,0,0,0,0,0,0,1,0,0,0,0,0,0,0,,,,,,18-20,16-25,City street,R,Sunday,Belt Used,PV,Not Fatal,0,0,0,0,City Street,County Sheriff,Kittitas County Sheriff's Office,0,0,0,1,0,,,,,,0,0,0,,,,,,,,,,,,,,,,,,,,,,,,,,,,,,,,,,,
2020,198,EA43040,6,06/12/2020,18:34,12,6,,25,Grant,0,1,,1,1,2,1,0,3,2,,,,12,0,1,34.4,2,0,3,3,1,1,3,0,0,0,0,SR-17,RD 6 SE,-119.1256833,46.99903056,0,1,20,50,3,60,80,0,0,1,2,12,1,4,3,1,1,1,1,53,0,72,706,2011,0,,12,,,,,,1,1,58,1,7,,4,7,20,7,11,0,06/12/2020,18:34,53027663,27663,6,0,0,3,1,0,,,,96,,,,,,9,,,,,,98930,53,70,265,6,1,0,0,0,0,,0,,,,,,0,,,20,8,0,0,0,1,8,,,0,,,8,1,8,95,,,96,,,2,1,0.13,,,,,,,,,,,,,,,,,,,,,,,,,,,,,,0,0,0,1,1,1,0,1,0,0,0,0,0,0,0,0,0,0,0,0,0,0,0,1,1,0,0,0,1,1,0,0,0,0,1,0,0,0,0,0,0,1,0,1,0,0,0,0,0,1,0,1,,,,,,56-60,56-65,State route,R,Friday,,MC,White,1,0,0,0,State Route,State Patrol,Washington State Patrol,0,1,0,0,0,,,,,,0,0,0,,,,,,,,,,,0,0,0,1,,,,,5,0,,,,,,,,1,0,,,,,,
2020,362,EA64910,11,08/20/2020,5:28,20,8,,5,Benton,0,1,,4,1,2,1,0,2,2,5:20,5:52,6:38,12,0,6,5.5,8,0,1,5,1,2,4,0,0,0,0,CR-S PLYMOUTH RD,,-119.3542306,46.00878611,0,2,83,67,4,50,66,0,0,1,2,12,1,2,2,1,1,1,3,53,0,84,884,1999,0,,12,,,,,,1,1,21,1,0,,2,0,3,0,11,5,,,,,0,0,0,2,1,0,,,,96,,,,,,98,,,,,,98930,53,72,220,6,1,0,2,0,0,,0,,,,,,0,12/15/2019,12/15/2019,20,0,0,0,8,9,8,,,0,,,8,8,2,1,,,1,,,2,1,0,,,,,,,,,,,,,,,,,,,,,,,,,,,,,,0,0,0,0,0,0,0,0,0,0,0,0,0,1,0,0,0,0,1,1,0,0,0,1,1,0,0,0,0,1,1,0,0,0,0,,0,0,0,0,0,0,0,0,0,0,0,0,0,0,0,0,,,,,,21-25,16-25,County road,R,Thursday,,MHTRUCK,Not Fatal,0,0,0,0,County Road,County Sheriff,Benton County Sheriff's Office,0,0,1,0,0,,,,,,0,0,0,,,,,,,,,,,0,0,0,0,,,,,20,7,,,,,,,,1,0,,,PLYMOUTH RD,5.52,,
2020,378,EA68257,146,09/23/2020,7:58,23,9,,77,Yakima,0,1,,1,1,2,1,0,1,1,7:58,8:06,,38,0,0,1.4,1,0,1,6,1,2,4,0,0,0,0,CR-WANETA RD,,-119.9783778,46.28474167,0,1,6,12,2,50,34,0,0,1,2,38,1,2,2,1,1,1,1,53,0,12,481,2001,0,,68,64,38,67,30,69,1,1,57,1,6,,4,7,3,0,11,0,09/23/2020,7:58,53044083,44083,0,0,3,3,1,0,,,,92,,,,,,98,,,,,,98930,53,71,250,6,1,0,0,0,0,,0,,,,,,0,,,8,0,0,0,0,9,8,,,0,,,8,8,2,996,,,1,,,2,1,0,,,,,,,,,,,,,,,,,,,,,,,,,,,,,,0,0,1,0,0,0,1,1,0,0,0,0,0,0,0,0,1,0,0,0,0,0,0,0,0,0,0,0,0,1,0,0,0,0,0,,1,0,0,0,0,0,1,1,1,0,0,0,0,0,1,0,,,,,,56-60,56-65,County road,R,Wednesday,Belt Used,PV,Hispanic,0,1,0,0,County Road,County Sheriff,Yakima County Sheriff's Office,1,0,1,0,0,,,,,,0,0,0,,,,,,,,,,,98,98,98,98,,,,,20,7,,,,,,,,1,0,,,WANETA RD.,1.37,,
2021,59,EB11102,1,02/25/2021,12:20,25,2,,77,Yakima,0,1,,1,1,2,1,0,4,3,,,,12,0,2,58.9,2,0,3,3,1,1,2,0,3,0,0,US-97,ROCKY FORD RD,-120.3205306,46.3387,0,2,98,98,7,60,6,0,0,1,2,12,1,1,2,1,1,1,1,53,0,12,24,2018,0,,12,,,,,,1,1,49,2,0,,0,0,3,0,11,0,,,,,0,0,0,3,1,0,,,,96,,,,,,98,,,,,,98930,53,60,138,6,1,0,0,0,0,,0,,,,,,0,,,20,0,0,0,8,9,8,,,0,,,8,8,0,0,,,0,,,0,0,996,,,,,,,,,,,,,,,,,,,,,,,,,,,,,,0,0,0,1,0,0,0,0,0,0,0,0,0,0,0,0,0,0,1,0,0,0,0,0,0,1,1,1,0,1,1,0,0,0,0,,0,0,0,0,0,0,0,0,0,0,0,0,0,0,0,0,,,,,,46-50,46-55,US highway,R,Thursday,Belt Used,PV,Not Fatal,1,0,0,0,State Route,State Patrol,Washington State Patrol,0,1,0,0,0,,,,,,0,0,0,,,,,,,,,,,98,98,98,0,,,,,20,,,,,,,,,1,0,,,,,,
2021,371,EB71805,1,09/05/2021,9:44,5,9,,77,Yakima,0,1,,1,1,2,1,0,3,2,,,,12,0,6,11.3,2,0,2,5,1,1,3,0,0,20,3,SR-241,ARROWSMITH RD,-119.9790806,46.36072222,0,1,88,17,2,50,3,0,0,1,2,12,1,2,2,1,1,1,1,53,0,36,38,2013,0,,12,2,,,,,1,1,38,1,6,,4,7,99,7,11,0,09/05/2021,9:44,53046368,46368,0,0,0,3,1,39,,,,96,,,,,,9,,,,,,98930,53,65,187,6,1,0,0,0,0,,0,,,,,,0,,,99,0,0,0,0,1,8,,,0,,,8,1,2,695,605,,1,1,,2,1,0.135,,,,,,,,,,,,,,,,,,,,,,,,,,,,,,0,0,0,1,1,1,1,1,1,0,0,0,0,1,0,0,0,0,0,0,0,0,0,0,0,0,0,0,0,1,1,0,0,0,0,,1,0,0,0,0,1,1,1,0,0,0,0,0,0,0,1,,,,,,36-40,36-45,State route,R,Sunday,Unknown,PV,Hispanic,1,0,0,0,State Route,State Patrol,Washington State Patrol,0,1,0,0,0,thc,18,carboxy-thc,110,,0,0,0,,,,,,,,,,,98,98,98,298,,,,,20,,,,,,,,nms,1,0,,,,,,
2021,410,EB77403,11,09/18/2021,6:56,18,9,,5,Benton,0,1,,4,1,2,1,0,2,2,,,,12,0,2,,1,0,1,5,1,2,4,0,0,0,0,CR-HANKS RD,,-119.8630611,46.27299444,0,1,50,10,2,50,4,0,0,1,2,12,1,4,2,1,1,1,2,53,0,37,31,1999,0,,68,12,,,,,1,1,33,1,1,,4,7,20,7,11,0,09/18/2021,6:56,53046470,46470,0,0,0,0,1,28,,,,0,,,,,,2,,,,,,98930,53,65,220,0,0,0,1,0,1,,0,,,,,,3,10/15/2018,06/15/2018,1,0,0,0,0,9,8,,,0,,,8,8,2,401,417,,1,1,,2,1,0,,,,,,,,,,,,,,,,,,,,,,,,,,,,,,0,0,0,0,0,0,1,1,0,0,0,0,1,1,0,1,0,0,0,1,0,0,0,0,0,0,0,0,0,1,1,0,0,1,0,,1,0,0,0,0,0,1,1,0,1,0,1,0,0,1,0,,,,,,31-35,26-35,County road,R,Saturday,Not Used,PV,Hispanic,0,1,1,0,County Road,County Sheriff,Benton County Sheriff's Office,0,0,1,0,0,,,,,,0,0,0,,,,,,,,,,,0,0,0,98,,,,,20,,,,,,,,,1,0,,,HANKS RD,0.5,NULL,
2017,416,3659753,344,10/01/2017,5:22,1,10,0,77,Yakima,0,1,0,2,1,2,1,0,3,2,5:14,5:19,6:08,12,0,6,4.9,2,0,2,5,1,1,3,0,3,0,0,SR-22,N MEYERS RD,-120.2938972,46.35704444,0,2,87,66,4,55,34,0,0,1,2,12,1,1,2,1,1,2,1,53,0,23,481,2001,0,0,12,,,,,,1,1,73,1,0,0,1,0,99,0,11,8,,,,,0,0,3,3,1,0,0,0,0,0,,,,,,0,,,,,,98932,53,73,190,6,1,0,0,0,0,0,0,,,,,,0,,,1,0,0,0,8,9,2,,,0,0,0,0,0,0,0,0,0,0,0,0,0,0,996,,,,,,,,,,,,,,,,,,,,,,,,,,,,,,0,0,0,1,1,0,0,0,0,0,0,0,0,1,0,0,0,0,0,0,0,0,0,0,0,1,1,0,0,0,1,0,0,0,0,,0,0,0,0,0,0,0,0,0,0,0,0,0,0,0,0,,,,,,71-75,66-75,State route,R,Sunday,Unknown,PV,Not Fatal,1,0,0,0,State Route,Other Law Enforcement,Yakama Tribal Police Department,0,1,0,0,0,,,,,,,,,,,,,,,,,,,,,,,,,,,,,,,,,,,,,,,,,,,
2017,22,E635015,1,01/19/2017,7:30,19,1,0,77,Yakima,0,1,0,1,3,1,1,0,3,3,7:30,7:44,8:28,12,0,6,197.8,2,0,2,3,2,1,2,0,0,3,3,US-12,W POWERHOUSE,-120.5942306,46.63881389,0,2,88,66,4,60,66,1,0,1,2,12,8,8,4,2,1,1,3,53,0,87,884,2014,0,0,12,68,1,12,,,1,1,33,1,0,0,0,0,3,0,11,0,,,,,6,3,0,3,1,0,0,0,0,0,,,,,,0,,,,,,98932,53,66,185,6,1,0,0,0,1,0,0,,,,,,0,04/15/2012,04/15/2012,8,0,0,0,8,3,2,,,0,0,0,0,0,0,0,0,0,0,0,0,0,0,996,,,,,,,,,,,,,,,,,,,,,,,,,,,,,,0,0,0,1,0,0,0,0,0,0,0,0,0,0,0,0,0,0,0,0,0,0,0,1,1,0,0,0,0,1,1,0,0,0,0,,0,0,0,0,0,0,0,0,0,0,0,0,0,0,0,0,,,,,,31-35,26-35,US highway,U,Thursday,,MHTRUCK,Not Fatal,1,0,0,0,State Route,State Patrol,Washington State Patrol,0,1,0,0,0,,,,,,,,,,,,,,,,,,,,,,,,,,,,,,,,,,,,,,,,,,,
2017,251,E690820,1,07/07/2017,15:55,7,7,0,77,Yakima,0,1,0,1,1,2,1,0,6,3,,,,12,0,8,9999.9,1,0,1,6,1,2,4,0,0,0,0,CR-OUTLOOK RD,,-120.0626639,46.33113889,0,3,98,62,4,50,34,0,0,1,2,12,1,1,2,1,1,4,1,53,0,20,481,2003,0,0,12,,,,,,1,1,19,2,0,0,2,0,3,0,11,4,,,,,0,0,0,3,1,0,0,0,0,0,,,,,,0,,,,,,98932,53,67,190,6,7,0,0,0,0,0,0,,,,,,0,,,1,0,0,0,8,9,8,,,0,0,0,8,0,0,0,0,0,0,0,0,0,0,996,,,,,,,,,,,,,,,,,,,,,,,,,,,,,,0,0,0,0,1,1,1,1,0,0,0,0,0,0,0,0,0,0,0,0,0,1,1,0,1,0,0,0,0,1,0,0,0,0,0,,0,0,0,0,0,0,0,0,0,0,0,0,0,0,0,0,,,,,,18-20,16-25,County road,R,Friday,Belt Used,PV,Not Fatal,0,0,0,0,County Road,State Patrol,Washington State Patrol Headquarter,0,0,1,0,0,,,,,,,,,,,,,,,,,,,,,,,,,,,,,,,,,,,,,,,,,,,
2017,315,E700452,1,08/09/2017,14:03,9,8,0,77,Yakima,2590,1,0,1,1,1,1,0,1,1,13:59,14:07,14:18,25,0,0,0.4,5,1,1,1,2,1,1,0,0,0,0,I-82 RAMP R203175,,-120.5110194,46.62489722,0,1,6,12,2,98,80,0,0,1,2,25,2,6,1,6,14,1,1,53,0,72,706,2008,0,0,64,25,,,,,1,1,93,1,7,1,4,0,5,0,11,8,08/19/2017,8:25,2.59053E+11,35945,0,0,3,3,1,0,0,0,0,96,,,,,,0,,,,,,98932,53,67,200,6,1,0,0,0,0,0,0,,,,,,4,,,20,8,0,0,0,9,8,,,0,0,0,8,0,0,0,0,0,0,0,0,0,0,996,,,,,,,,,,,,,,,,,,,,,,,,,,,,,,0,0,1,0,0,0,0,0,0,0,0,0,1,0,0,0,0,0,0,0,0,0,0,0,0,1,1,1,1,0,0,0,0,0,1,0,0,0,0,0,0,0,0,0,0,1,0,0,0,0,0,0,,,,,,81+,76+,Interstate,U,Wednesday,,MC,White,0,1,0,0,State Route,State Patrol,Washington State Patrol Headquarter,1,1,0,0,0,,,,,,,,,,,,,,,,,,,,,,,,,,,,,,,,,,,,,,,,,,,
2019,249,E944303,1,07/23/2019,0:38,23,7,,77,Yakima,0,1,0,2,1,2,1,0,2,2,,,,12,0,6,0.3,1,0,1,5,1,2,4,0,0,0,0,CR-VAN BELLE RD,,-120.1692278,46.34652778,0,2,66,62,4,50,66,2,0,1,5,12,1,1,2,1,1,1,3,53,0,85,881,2018,0,0,12,,,,,,1,1,45,1,0,,0,0,3,0,11,0,,,,,6,1,0,3,1,0,0,0,0,96,,,,,,0,,,,,,98932,53,66,200,6,1,0,1,0,1,,0,,,,,,0,04/15/2016,07/15/2019,20,0,0,0,8,9,8,,,0,0,0,8,0,8,95,,,96,,,8,95,995,,,,,,,,,,,,,,,,,,,,,,,,,,,,,,0,0,0,0,1,1,0,1,0,0,0,0,1,1,0,0,0,0,0,0,0,0,0,1,1,0,0,0,0,1,1,0,0,0,0,,0,0,0,0,0,0,0,0,0,0,0,0,0,0,0,0,,,,,,41-45,36-45,County road,R,Tuesday,,MHTRUCK,Not Fatal,0,1,1,0,County Road,State Patrol,Washington State Patrol,0,0,1,0,0,,,,,,0,0,0,,,,,,,,,,,98,98,98,0,,,,,20,7,,,,,,,,,,,,,,,
2019,427,E989084,1,11/28/2019,23:50,28,11,,77,Yakima,0,1,0,2,1,2,1,0,2,1,,,,31,0,0,0.9,1,0,1,5,1,2,4,0,0,0,0,CR-GRANDVIEW PAVEMENT R,,-119.9807194,46.25113333,0,1,6,12,2,35,4,0,0,1,7,1,1,1,2,1,1,2,2,53,0,35,43,2000,0,0,68,64,67,31,1,,1,1,19,1,1,,4,7,20,7,11,0,11/28/2019,23:50,53052248,52248,0,0,0,0,1,0,0,0,0,96,,,,,,9,,,,,,98932,53,70,135,3,7,0,5,0,0,,0,,,,,,3,07/15/2016,09/15/2018,8,1,9,0,0,9,8,,,0,0,0,8,1,2,695,605,,1,1,,2,1,0.22,,,,,,,,,,,,,,,,,,,,,,,,,,,,,,0,0,1,0,1,1,1,1,1,0,0,0,1,1,0,0,0,0,0,1,0,1,1,0,1,0,0,0,0,1,0,0,0,1,0,,1,0,0,0,0,1,1,1,0,1,0,1,0,0,0,1,,,,,,18-20,16-25,County road,R,Thursday,Not Used,PV,Hispanic,0,1,0,0,County Road,County Sheriff,Yakima County Sheriff's Office,1,0,1,0,0,thc,5.6,carboxy-thc,17,,0,0,0,,,,,,,,,,,98,98,98,298,,,,,20,7,,,,,,,,,,,,,,,
2021,359,EB70312,1,09/19/2021,23:45,19,9,,77,Yakima,0,1,,2,1,2,1,0,1,1,,,,1,0,0,15.2,1,0,1,5,1,1,3,0,3,0,0,SR-22,,-120.1331417,46.25909722,0,1,1,13,2,60,5,0,0,1,2,3,1,1,2,1,1,1,1,53,0,41,51,2014,0,,63,1,3,,,,1,1,22,1,1,,4,7,3,0,11,0,09/19/2021,23:45,53047435,47435,0,0,3,3,1,0,,,,0,,,,,,2,,,,,,98932,53,66,160,6,1,0,0,0,0,,0,,,,,,3,,,8,0,0,0,0,9,8,,,0,,,8,8,2,1,,,1,,,2,1,0,,,,,,,,,,,,,,,,,,,,,,,,,,,,,,0,0,1,0,0,0,0,0,0,0,0,0,1,0,0,1,0,0,0,0,0,0,0,1,1,0,0,0,0,1,0,0,0,0,0,,1,0,0,0,0,0,0,0,0,1,0,0,0,0,0,0,,,,,,21-25,16-25,State route,R,Sunday,Belt Used,PV,Hispanic,0,1,0,0,State Route,State Patrol,Washington State Patrol,1,1,0,0,0,,,,,,0,0,0,,,,,,,,,,,98,98,98,98,,,,,20,,,,,,,,,1,0,,,,,,
2021,371,EB71805,1,09/05/2021,9:44,5,9,,77,Yakima,0,1,,1,1,3,1,0,3,2,,,,12,0,6,11.3,2,0,2,5,1,1,3,0,0,0,0,SR-241,ARROWSMITH RD,-119.9790806,46.36072222,0,2,89,66,4,50,66,2,0,1,2,12,1,2,2,1,1,2,3,53,0,85,881,1998,0,,12,1,2,,,,1,1,59,1,0,,0,0,3,0,11,0,,,,,0,0,0,0,1,0,,,,96,,,,,,98,,,,,,98932,53,69,170,0,0,99,99,99,99,,97,,,,,,0,,,99,0,0,0,8,9,8,,,0,,,8,8,0,0,,,0,,,0,0,996,,,,,,,,,,,,,,,,,,,,,,,,,,,,,,0,0,0,1,1,1,1,1,1,0,0,0,0,1,0,0,0,0,0,0,0,0,0,0,0,0,0,0,0,1,1,0,0,0,0,,0,0,0,0,0,0,0,0,0,0,0,1,0,0,0,0,,,,,,56-60,56-65,State route,R,Sunday,,MHTRUCK,Not Fatal,1,0,0,0,State Route,State Patrol,Washington State Patrol,0,1,0,0,0,,,,,,99,99,99,,,,,,,,,,,0,0,0,0,,,,,20,,,,,,,,,1,0,,,,,,
2017,508,E744778,146,12/06/2017,17:04,6,12,0,77,Yakima,0,1,0,5,1,2,1,0,3,2,,,,12,0,6,2.9,8,0,1,5,1,2,4,0,3,0,0,CR-HARRAH RD,,-120.5441139,46.42155556,0,2,98,60,4,50,34,0,0,1,2,12,1,1,2,1,1,2,1,53,0,20,481,1995,0,0,12,,,,,,1,1,41,2,7,3,4,7,3,0,11,0,12/06/2017,17:04,89053052630,52630,0,0,0,2,1,0,0,0,0,0,,,,,,99,,,,,,98933,53,62,210,1,1,0,0,0,0,0,0,,,,,,0,,,1,0,0,0,0,9,8,,,0,0,0,8,9,2,605,0,0,1,0,0,2,1,0,,,,,,,,,,,,,,,,,,,,,,,,,,,,,,0,0,0,0,0,0,1,1,1,0,0,0,0,1,0,0,1,0,0,0,0,0,0,0,0,0,0,0,0,0,1,0,0,0,0,,0,0,0,0,0,0,1,1,0,0,0,1,0,0,1,0,,,,,,41-45,36-45,County road,R,Wednesday,Belt Used,PV,AIAN,0,0,0,0,County Road,County Sheriff,Yakima County Sheriff's Office,0,0,1,0,0,thc,10,carboxy-thc,100,,,,,,,,,,,,,,,,,,,,,,,,,,,,,,,,,,,,,,,
2018,2,E758525,1,01/01/2018,6:08,1,1,1,77,Yakima,0,1,0,2,1,2,1,1,1,1,,,,8,0,0,11.6,1,0,1,5,1,1,3,0,3,0,0,SR-22,,-120.1715694,46.28468056,0,1,13,80,5,60,20,0,0,1,7,8,1,1,2,1,1,1,2,53,0,35,443,2007,0,0,8,,,,,,1,1,74,1,0,0,0,0,3,0,11,0,,,,,0,0,0,3,1,0,0,0,0,96,,,,,,0,,,,,,98933,53,65,166,6,1,0,1,0,0,,0,,,,,,0,04/15/2014,04/15/2014,20,0,0,0,8,9,2,,,0,0,0,0,0,8,95,,,96,,,8,95,995,,,,,,,,,,,,,,,,,,,,,,,,,,,,,,0,0,0,0,0,0,0,0,0,1,1,1,0,0,0,0,0,1,0,0,0,0,0,0,0,1,1,0,0,1,0,1,0,0,0,,0,0,0,0,0,0,0,0,0,0,0,0,0,0,0,0,,,,,,71-75,66-75,State route,R,Monday,Belt Used,PV,Not Fatal,0,0,0,0,State Route,State Patrol,Washington State Patrol Headquarter,0,1,0,0,0,,,,,,0,0,0,,,,,,,,,,,,,,,,,,,,,,,,,,,,,,,,,,,
2019,243,E942668,7,07/16/2019,4:47,16,7,,33,King,0,2,0,2,2,2,1,0,2,2,,,,12,0,2,13.7,1,0,1,4,2,1,3,0,0,0,0,SR-202,,-121.9995194,47.63253889,0,2,51,54,3,45,66,1,0,1,5,12,2,2,2,1,14,1,3,18,0,51,881,2015,0,0,12,,,,,,1,1,53,1,0,,2,0,3,0,11,4,,,,,6,1,3,3,1,0,0,0,0,96,,,,,,0,,,,,,98933,53,72,160,6,1,0,1,0,0,,0,,,,,,0,09/15/2017,09/15/2017,20,0,0,0,8,9,8,,,0,0,0,8,1,0,0,,,0,,,0,0,996,,,,,,,,,,,,,,,,,,,,,,,,,,,,,,0,0,0,0,1,0,0,0,0,0,0,0,0,0,0,0,0,0,0,1,0,0,0,0,0,1,1,0,0,1,1,0,0,0,0,,0,0,0,0,0,0,0,0,0,0,0,0,0,0,0,1,,,,,,51-55,46-55,State route,U,Tuesday,,MHTRUCK,Not Fatal,0,0,0,1,State Route,State Patrol,Washington State Patrol,0,1,0,0,0,,,,,,0,0,0,,,,,,,,,,,98,98,98,0,,,,,20,7,,,,,,,,,,,,,,,