year,case,par,repjur,crash_dt,crash_tm,accday,accmon,holiday,county,co_char,city,weather,weather2,lightcond,surfcond,surftype,numfatal,nmforms,pforms,vforms,not_tm,arr_tm,hosp_tm,fhevent,hitrun,manncol,milepnt,reljunc,reljuncinter,intersectiontype,funcsystem,landuse,ownership,route,schlbus,spejur,contdev,devfunc,trafid1,trafid2,x,y,wk_zone,vnumber,crashtype,criticalevent,criticaleventcat,spdlim,body,trailer,emerg,hazcargo,leave,mhevent,roadalgn,roadprof,traflane,trafflow,vehmanvr,numoccs,regowner,regstate,spuse,make,model,modelyr,vrf1,vrf2,seqevent1,seqevent2,seqevent3,seqevent4,seqevent5,seqevent6,pnumber,ptype,age,sex,hispanic,race,injury,diedscene,restraint,restraintmisuse,seatpos,takehosp,death_dt,death_tm,cert,cernum_wa,commlic,licendor,licrestrict,liccomp,drivpres,drf1,drf2,drf3,drf4,distract1,distract2,distract3,distract4,distract5,distract6,dricond1,dricond2,dricond3,dricond4,dricond5,dricond6,dzip,licstate,drhgt_in,weight,noncdl,noncdltype,prevdwi,prevoth,prevacc,prevspd,prevsus,driviol1,driviol2,driviol3,driviol4,driviol5,driviol6,spdrel,first_dt,last_dt,airbag,ejection,ejectpath,extricat,injurwrk,methalc,methdrug,nmlocat,strikveh,prf1,prf2,prf3,druginv,alcinvol,drugsts,drugres1,drugres2,drugres3,drugtst1,drugtst2,drugtst3,alcsts,alctst,alcres,nmact1,nmact2,nmact3,nmact4,nmact5,nmact6,nmprior1,nmprior2,nmprior3,nmprior4,nmprior5,nmprior6,nmcond1,nmcond2,nmcond3,nmcond4,nmcond5,nmcond6,nmsafe_helmet,nmsafe_pads,nmsafe_oth,nmprev_ref,nmprev_lgt,nmprev_oth,crashlocation,nmcrashtype,crosswalk,schoolzone,sidewalk,train_inv,wildlife_inv,rotr_fars,intersect_fars,dd_inv,aid_inv,dpd_inv,id_inv,mj_inv,impnm_inv,ainm_inv,dpnm_inv,speed_inv,unlic_inv,unendmc_inv,drowsy_inv,drdist_inv,nmdist_inv,fty_inv,unrestfat_inv,dr1617_inv,dr1820_inv,dr1620_inv,dr2125_inv,dr1625_inv,dr65_inv,dr70_inv,dr75_inv,mc_inv,pv_inv,ht_inv,ped_inv,bike_inv,unrest_fat,mc_fat,unhelmet_mc,pv_fat,ht_fat,ped_fat,bike_fat,dr_alc7,dr_alc8,dr_drug,dr_imp,dr_dist,dr_spd,dr_fty,dr_unlic,dr_alc7only,dr_alc8only,dr_drugonly,dr_drink,nm_imp,nm_alc7,nm_alc8,nm_drug,nm_dist,agegrp1,agegrp2,roadclass,urbrur,dayweek,restuse,vehtype,race_me,intersect,lanedep,oppdir,wrongway,rep_typ,investag,repag_long,rotr,st_rd,cty_rd,city_rd,oth_rd,drug_thc,thc_res,drug_cthc,cthc_res,drug_cann,prevpersemin,prevperse,prevsusoth,drugtst4,drugtst5,drugtst6,drugtst7,drugtst8,drugres4,drugres5,drugres6,drugres7,drugres8,adspresent,adsengaged,adslevel,race1,race2,race3,race4,race5,helmet,helmetmisuse,nmdistract1,nmdistract2,nmdistract3,nmdistract4,nmdistract5,nmdistract6,lab,isedtcase,crf1,crf2,crf3,CoRoadName,CoMP,IntCoRoadName,IntCoMP
2019,322,E957138,146,09/02/2019,21:15,2,9,,77,Yakima,0,1,0,2,1,2,1,0,3,2,,,,12,0,6,1.8,2,0,2,5,1,2,4,0,3,0,0,CR-KAYS RD,LATERAL RD A,-120.4803083,46.49196944,0,2,88,66,4,55,14,0,0,1,7,12,1,1,2,1,1,2,1,53,0,49,404,2007,0,0,12,,,,,,1,1,50,2,0,,2,0,3,0,11,8,,,,,0,0,0,3,1,0,0,0,0,96,,,,,,0,,,,,,98933,53,61,200,6,1,0,0,0,0,,0,,,,,,0,,,1,0,0,0,8,9,8,,,0,0,0,8,0,8,95,,,96,,,8,95,995,,,,,,,,,,,,,,,,,,,,,,,,,,,,,,0,0,0,1,0,0,0,0,0,0,0,0,0,1,0,0,0,0,0,1,0,1,1,0,1,0,0,0,0,1,0,0,0,0,0,,0,0,0,0,0,0,0,0,0,0,0,0,0,0,0,0,,,,,,46-50,46-55,County road,R,Monday,Belt Used,PV,Not Fatal,1,0,0,0,County Road,County Sheriff,Yakima County Sheriff's Office,0,0,1,0,0,,,,,,0,0,0,,,,,,,,,,,98,98,98,0,,,,,20,7,,,,,,,,,,,,,,,
2017,8,E629981,6,01/07/2017,14:12,7,1,0,37,Kittitas,0,4,0,1,3,1,1,0,8,3,,,,12,0,1,77.4,1,0,1,1,1,1,1,0,0,0,0,I-90,,-121.0397611,47.18249167,0,2,98,50,3,70,34,1,0,1,2,12,3,1,2,3,2,2,1,53,0,23,481,2009,0,0,12,12,63,25,64,48,1,1,24,1,0,0,2,0,3,0,11,0,,,,,6,0,0,3,1,0,0,0,0,96,,,,,,0,,,,,,98934,53,68,160,6,1,0,1,0,3,0,0,,,,,,4,08/15/2013,01/15/2015,1,0,0,0,8,9,8,,,0,0,0,8,0,2,1,0,0,1,0,0,2,1,0,,,,,,,,,,,,,,,,,,,,,,,,,,,,,,0,0,0,0,0,0,0,0,0,0,0,0,1,0,0,0,0,0,0,0,0,0,0,1,1,0,0,0,0,1,0,0,0,0,0,,0,0,0,0,0,0,0,0,0,1,0,0,0,0,0,0,,,,,,21-25,16-25,Interstate,R,Saturday,Belt Used,PV,Not Fatal,0,0,0,0,State Route,State Patrol,Washington State Patrol,0,1,0,0,0,,,,,,,,,,,,,,,,,,,,,,,,,,,,,,,,,,,,,,,,,,,
2017,34,E637343,1,01/24/2017,23:20,24,1,0,77,Yakima,0,5,0,2,1,1,1,0,2,2,23:28,23:48,0:23,12,0,2,48,1,0,1,1,1,1,1,0,0,0,0,I-82,,-120.3454889,46.43440556,0,1,52,54,3,98,4,0,0,1,2,12,2,1,2,2,14,1,2,53,0,55,36,2013,0,0,12,,,,,,1,1,27,1,0,0,3,0,3,0,11,8,,,,,0,0,0,3,1,51,0,0,0,96,,,,,,9,,,,,,98935,53,70,150,6,1,0,1,0,2,1,1,,,,,,0,11/15/2013,11/15/2015,1,0,0,0,8,1,8,,,0,0,0,8,1,2,605,0,0,1,0,0,2,1,0.18,,,,,,,,,,,,,,,,,,,,,,,,,,,,,,0,0,0,0,1,1,1,1,1,0,0,0,0,0,0,0,0,0,0,0,0,0,0,1,1,0,0,0,0,1,0,0,0,0,0,,0,0,0,0,0,1,1,1,0,0,0,0,0,0,0,1,,,,,,26-30,26-35,Interstate,R,Tuesday,Belt Used,PV,Not Fatal,0,0,0,1,State Route,State Patrol,Washington State Patrol,0,1,0,0,0,thc,6.2,carboxy-thc,18,,,,,,,,,,,,,,,,,,,,,,,,,,,,,,,,,,,,,,,
2017,320,E706112,1,08/22/2017,23:30,22,8,0,77,Yakima,1440,1,0,2,1,2,2,0,3,5,23:32,23:46,,12,0,2,190,1,0,1,3,2,1,2,0,0,0,0,US-12,,-120.6985056,46.72763333,0,1,50,10,2,35,4,0,0,1,2,12,2,1,2,1,14,1,1,53,0,20,2,2004,0,0,68,12,63,2,14,14,1,1,33,1,7,1,4,7,99,0,11,0,08/22/2017,23:30,1.44053E+11,36852,0,0,0,3,1,28,0,0,0,96,,,,,,9,,,,,,98935,53,66,200,6,1,0,0,0,0,0,0,,,,,,4,,,99,0,0,0,0,9,1,,,0,0,0,1,0,2,605,0,0,1,0,0,2,1,0,,,,,,,,,,,,,,,,,,,,,,,,,,,,,,0,0,0,0,0,0,1,1,1,0,0,0,1,0,0,0,0,0,0,0,0,0,0,0,0,0,0,0,0,1,0,0,0,0,0,,1,0,0,0,0,0,1,1,0,1,0,0,0,0,1,0,,,,,,31-35,26-35,US highway,U,Tuesday,Unknown,PV,White,0,1,1,0,State Route,State Patrol,Washington State Patrol Headquarter,0,1,0,0,0,thc,1.2,,,,,,,,,,,,,,,,,,,,,,,,,,,,,,,,,,,,,,,,,
2017,418,E721634,1,10/07/2017,2:43,7,10,0,77,Yakima,0,1,0,2,1,2,1,0,2,2,,,,12,0,2,12.9,1,0,1,5,1,1,3,0,3,0,0,SR-22,,-120.1670278,46.28166667,0,1,50,10,2,60,4,0,0,1,2,12,1,1,2,1,1,1,1,53,0,63,33,2006,0,0,68,12,,,,,1,1,20,1,1,1,4,7,3,0,11,0,10/07/2017,2:43,53043265,43265,0,0,0,3,1,28,0,0,0,0,,,,,,2,9,,,,,98935,53,71,210,6,1,0,0,0,0,0,0,,,,,,0,,,20,0,0,0,0,1,8,,,0,0,0,8,1,2,1,0,0,1,0,0,2,1,0.084,,,,,,,,,,,,,,,,,,,,,,,,,,,,,,0,0,0,0,1,1,0,1,0,0,0,0,0,0,0,1,0,0,0,0,0,1,1,0,1,0,0,0,0,1,1,0,0,0,0,,1,0,0,0,0,1,0,1,0,0,0,0,0,1,0,1,,,,,,18-20,16-25,State route,R,Saturday,Belt Used,PV,Hispanic,0,1,1,0,State Route,State Patrol,Washington State Patrol Headquarter,0,1,0,0,0,,,,,,,,,,,,,,,,,,,,,,,,,,,,,,,,,,,,,,,,,,,
2018,323,E837100,146,09/08/2018,7:45,8,9,0,77,Yakima,0,1,0,1,1,2,1,0,2,2,7:41,7:49,,12,0,6,1.2,2,0,2,5,1,2,4,0,0,0,0,CR-OLD PROSSER RD,MOUNTAINVIEW RD,-119.8944,46.22920278,0,2,87,66,4,50,4,0,0,1,5,1,1,1,2,1,1,1,1,53,0,20,20,1991,0,0,12,1,,,,,1,1,59,1,1,98,4,7,3,0,11,0,09/08/2018,7:45,53039608,39608,0,0,0,3,1,0,0,0,0,96,,,,,,99,,,,,,98935,53,66,275,6,1,1,4,0,0,,0,,,,,,0,08/15/2014,09/15/2017,20,2,9,0,0,9,8,,,0,0,0,8,9,2,1,,,1,,,2,1,0,,,,,,,,,,,,,,,,,,,,,,,,,,,,,,0,0,0,1,0,0,0,0,0,0,0,0,0,0,0,0,0,0,0,0,0,0,0,1,1,0,0,0,0,1,0,0,0,0,0,,1,0,0,0,0,0,0,0,0,0,0,0,0,0,0,0,,,,,,56-60,56-65,County road,R,Saturday,Belt Used,PV,Hispanic,1,0,0,0,County Road,County Sheriff,Yakima County Sheriff's Office,0,0,1,0,0,,,,,,0,1,2,,,,,,,,,,,,,,,,,,,,,,,,,,,,,,,,,,,
2019,469,E999878,1,12/29/2019,20:28,29,12,,5,Benton,0,1,0,2,1,2,1,0,1,1,,,,35,0,0,29.7,1,0,1,5,1,1,3,0,0,0,0,SR-22,,-119.8538278,46.185875,0,1,7,13,2,60,34,0,0,1,2,1,1,1,2,1,1,1,1,53,0,20,481,2012,0,0,63,69,68,64,35,1,1,1,26,1,6,,4,7,20,7,11,0,12/29/2019,20:28,53057418,57418,0,0,0,3,1,0,0,0,0,96,,,,,,9,,,,,,98935,53,67,170,6,1,1,1,0,0,,0,,,,,,0,03/15/2018,03/15/2018,8,1,9,0,0,1,8,,,0,0,0,8,1,2,1,,,1,,,2,1,0.238,,,,,,,,,,,,,,,,,,,,,,,,,,,,,,0,0,0,0,1,1,0,1,0,0,0,0,0,0,0,0,0,0,0,1,0,0,0,0,0,0,0,0,0,1,0,0,0,1,0,,1,0,0,0,0,1,0,1,0,0,0,0,0,1,0,1,,,,,,26-30,26-35,State route,R,Sunday,Not Used,PV,Hispanic,0,1,0,0,State Route,State Patrol,Washington State Patrol,1,1,0,0,0,,,,,,0,1,1,,,,,,,,,,,98,98,98,298,,,,,20,7,,,,,,,,,,,,,,,
2020,241,EA49130,1,07/18/2020,4:49,18,7,,5,Benton,0,1,,4,1,1,1,0,2,2,,,,12,0,2,80.4,1,0,1,1,2,1,1,0,0,0,0,I-82,,-119.7799417,46.22147778,0,1,50,12,2,70,34,0,0,1,2,12,1,1,2,2,1,1,1,53,0,20,481,2000,0,,64,65,12,43,,,1,1,60,1,7,,4,7,20,7,11,0,07/18/2020,4:49,53032959,32959,6,0,0,3,1,0,,,,96,,,,,,9,,,,,,98935,53,73,210,6,1,0,0,0,0,,0,,,,,,0,,,1,1,9,0,0,9,1,,,0,,,1,8,2,996,996,401,1,1,1,2,1,0,,,,,,,,,,,,,,,,,,,,,,,,,,,,,,0,0,0,0,0,0,1,1,0,0,0,0,0,0,0,0,0,0,0,1,0,0,0,0,0,0,0,0,0,1,1,0,0,1,0,,1,0,0,0,0,0,1,1,0,0,0,0,0,0,1,0,,,,,,56-60,56-65,Interstate,U,Saturday,Not Used,PV,White,0,1,1,0,State Route,State Patrol,Washington State Patrol,0,1,0,0,0,,,,,,0,0,0,1,,,,,417,,,,,98,98,98,1,,,,,20,7,,,,,,,,1,0,,,,,,
2020,359,EA64569,1,09/12/2020,20:56,12,9,,77,Yakima,0,5,,2,1,2,1,0,2,2,,,,12,0,2,2.5,1,0,1,5,1,1,3,0,3,0,0,SR-223,,-120.1961056,46.33261667,0,2,51,62,4,55,34,0,0,1,2,12,1,1,2,1,1,1,2,53,0,20,481,2004,0,,12,,,,,,1,1,37,1,1,,4,7,3,0,11,0,09/12/2020,20:56,53043626,43626,0,0,0,3,1,0,,,,96,,,,,,98,,,,,,98935,53,68,190,6,1,0,2,0,0,,0,,,,,,0,07/15/2016,04/15/2019,8,0,0,0,0,9,8,,,0,,,8,8,2,1,,,1,,,2,1,0.025,,,,,,,,,,,,,,,,,,,,,,,,,,,,,,0,0,0,0,1,0,0,0,0,0,0,0,0,0,0,0,1,0,1,0,0,0,0,0,0,0,0,0,0,1,1,0,0,0,0,,1,0,0,0,1,0,0,0,0,0,0,0,1,0,0,1,,,,,,36-40,36-45,State route,R,Saturday,Belt Used,PV,Hispanic,0,1,1,0,State Route,State Patrol,Washington State Patrol,0,1,0,0,0,,,,,,0,0,0,,,,,,,,,,,98,98,98,98,,,,,20,7,,,,,,,,1,0,,,,,,
2021,59,EB11102,1,02/25/2021,12:20,25,2,,77,Yakima,0,1,,1,1,2,1,0,4,3,,,,12,0,2,58.9,2,0,3,3,1,1,2,0,3,0,0,US-97,ROCKY FORD RD,-120.3205306,46.3387,0,3,69,62,4,60,66,1,0,1,2,12,1,1,2,1,1,2,3,53,0,87,881,2007,0,,12,63,24,,,,1,1,65,1,0,,0,0,3,0,11,0,,,,,6,1,0,3,1,0,,,,96,,,,,,98,,,,,,98935,53,66,190,6,1,0,3,0,1,,0,,,,,,0,12/15/2017,01/15/2020,20,0,0,0,8,9,8,,,0,,,8,8,0,0,,,0,,,0,0,996,,,,,,,,,,,,,,,,,,,,,,,,,,,,,,0,0,0,1,0,0,0,0,0,0,0,0,0,0,0,0,0,0,1,0,0,0,0,0,0,1,1,1,0,1,1,0,0,0,0,,0,0,0,0,0,0,0,0,0,0,0,0,0,0,0,0,,,,,,61-65,56-65,US highway,R,Thursday,,MHTRUCK,Not Fatal,1,0,0,0,State Route,State Patrol,Washington State Patrol,0,1,0,0,0,,,,,,0,0,0,,,,,,,,,,,98,98,98,0,,,,,20,,,,,,,,,1,0,,,,,,
2021,345,EB66223,146,09/03/2021,6:54,3,9,,77,Yakima,0,1,,1,1,2,1,0,4,1,,,,1,0,0,2.4,1,0,1,5,1,2,4,0,0,0,0,CR-GLADE RD,,-120.0006861,46.17624722,0,1,2,13,2,50,4,0,0,1,2,1,3,2,2,1,14,4,2,53,0,37,31,2008,0,,63,1,,,,,1,1,17,2,0,,3,0,3,0,11,5,,,,,0,0,3,3,1,58,,,,96,,,,,,98,,,,,,98935,53,72,195,6,2,0,0,0,0,,97,,,,,,3,,,9,0,0,1,8,9,8,,,0,,,8,8,2,1,,,1,,,2,1,0,,,,,,,,,,,,,,,,,,,,,,,,,,,,,,0,0,0,0,0,0,0,0,0,0,0,0,1,0,0,0,0,0,0,0,1,0,1,0,1,0,0,0,0,1,0,0,0,0,0,,0,0,0,0,0,0,0,0,0,1,0,0,0,0,0,0,,,,,,16-17,16-25,County road,R,Friday,Belt Used,PV,Not Fatal,0,1,0,0,County Road,County Sheriff,Yakima County Sheriff's Office,1,0,1,0,0,,,,,,0,0,0,,,,,,,,,,,98,98,98,0,,,,,20,,,,,,,,,1,0,,,GLADE RD.,2.39,NULL,
2018,243,E817508,146,07/14/2018,8:30,14,7,0,77,Yakima,0,1,0,1,1,2,1,0,2,2,,,,12,0,2,2,1,0,1,5,1,2,4,0,0,0,0,CR-KONNOWAC PASS RD,,-120.3645167,46.50940278,0,2,51,62,4,50,63,0,0,1,7,12,3,2,2,1,14,1,3,53,0,85,881,2003,0,0,12,,,,,,1,1,42,1,0,0,0,0,3,0,11,0,,,,,6,1,0,3,1,0,0,0,0,96,,,,,,0,,,,,,98936,53,70,240,6,1,0,1,0,0,,0,,,,,,0,08/15/2016,08/15/2016,20,0,0,0,8,9,8,,,0,0,0,8,0,8,95,,,96,,,8,95,995,,,,,,,,,,,,,,,,,,,,,,,,,,,,,,0,0,0,0,0,0,0,0,0,0,0,0,0,1,0,0,1,0,0,1,0,0,0,0,0,0,0,0,0,1,1,0,0,0,0,,0,0,0,0,0,0,0,0,0,0,0,0,0,0,0,0,,,,,,41-45,36-45,County road,R,Saturday,,MHTRUCK,Not Fatal,0,1,1,0,County Road,County Sheriff,Yakima County Sheriff's Office,0,0,1,0,0,,,,,,0,0,0,,,,,,,,,,,,,,,,,,,,,,,,,,,,,,,,,,,
2019,231,E930471,146,06/14/2019,12:04,14,6,,77,Yakima,0,1,0,1,1,2,1,0,3,3,,,,12,0,8,2.1,1,0,1,5,2,2,4,0,0,0,0,CR-N WENAS RD,,-120.5177361,46.68128333,0,3,98,62,4,40,14,0,0,1,5,12,1,1,2,1,1,1,1,53,0,20,402,2001,0,0,12,,,,,,1,1,55,2,0,,0,0,3,0,11,0,,,,,0,0,0,3,1,0,0,0,0,96,,,,,,0,,,,,,98936,53,62,138,6,1,0,0,0,0,,0,,,,,,0,,,20,0,0,0,8,9,8,,,0,0,0,8,0,8,95,,,96,,,8,95,995,,,,,,,,,,,,,,,,,,,,,,,,,,,,,,0,0,0,0,1,0,1,1,0,0,0,0,0,0,0,0,0,0,0,0,0,0,0,0,0,1,1,1,0,1,0,0,0,0,0,,0,0,0,0,0,0,0,0,0,0,0,0,0,0,0,0,,,,,,51-55,46-55,County road,U,Friday,Belt Used,PV,Not Fatal,0,1,1,0,County Road,County Sheriff,Yakima County Sheriff's Office,0,0,1,0,0,,,,,,0,0,0,,,,,,,,,,,98,98,98,0,,,,,20,7,,,,,,,,,,,,,,,
2019,216,E937824,1,06/22/2019,23:31,22,6,,77,Yakima,0,1,0,2,1,2,1,0,2,2,,,,12,0,2,3,1,0,1,5,1,2,4,0,3,0,0,CR-LATERAL A RD,,-120.4804694,46.47728333,0,1,50,10,2,55,1,0,0,1,7,12,1,1,2,1,1,1,1,53,0,52,37,2001,0,0,68,12,,,,,1,1,25,2,1,,4,0,20,7,11,8,06/25/2019,11:23,1.96053E+11,29135,0,0,0,3,1,0,0,0,0,96,,,,,,9,,,,,,98936,53,60,115,6,1,0,0,0,0,,11,,,,,,0,,,1,0,0,0,0,1,8,,,0,0,0,1,1,2,605,,,1,,,2,1,0.14,,,,,,,,,,,,,,,,,,,,,,,,,,,,,,0,0,0,0,1,1,1,1,1,0,0,0,0,0,0,0,0,0,0,1,0,1,1,1,1,0,0,0,0,1,0,0,0,1,0,,1,0,0,0,0,1,1,1,0,0,0,0,0,0,0,1,,,,,,21-25,16-25,County road,R,Saturday,Not Used,PV,Hispanic,0,1,1,0,County Road,State Patrol,Washington State Patrol,0,0,1,0,0,thc,1.3,,,,0,0,0,,,,,,,,,,,98,98,98,298,,,,,20,7,,,,,,,,,,,,,,,
2019,460,E998531,1,12/26/2019,19:24,26,12,,77,Yakima,0,1,0,2,1,2,1,1,3,3,,,,8,0,0,0.7,1,0,1,3,2,1,3,0,3,0,0,SR-22,,-120.3145056,46.40673889,0,3,98,80,5,50,6,0,0,1,5,8,1,1,2,1,1,1,2,53,0,30,40,2004,0,0,8,,,,,,1,1,20,8,0,,0,0,3,0,11,0,,,,,0,0,0,3,1,0,0,0,0,96,,,,,,0,,,,,,98936,53,70,160,6,1,0,0,0,2,,0,,,,,,0,01/15/2018,05/15/2018,20,0,0,0,8,9,8,,,0,0,0,8,0,8,95,,,96,,,8,95,995,,,,,,,,,,,,,,,,,,,,,,,,,,,,,,0,0,0,0,0,0,0,0,0,1,1,0,0,0,0,0,0,1,0,0,0,1,1,0,1,0,0,0,0,1,0,1,0,0,0,,0,0,0,0,0,0,0,0,0,0,0,0,0,0,0,0,,,,,,18-20,16-25,State route,U,Thursday,Belt Used,PV,Not Fatal,0,0,0,0,State Route,State Patrol,Washington State Patrol,0,1,0,0,0,,,,,,0,0,0,,,,,,,,,,,98,98,98,0,,,,,20,7,,,,,,,,,,,,,,,
2020,532,EA19824,146,02/28/2020,19:16,28,2,,77,Yakima,0,1,,2,1,2,1,0,2,2,19:18,19:22,20:08,12,0,6,1.4,2,0,2,5,1,1,3,0,3,20,3,SR-220,BECKER RD,-120.3569917,46.37525278,0,1,82,15,2,50,80,0,0,1,2,12,1,1,2,1,11,1,2,53,0,98,705,2007,0,,12,,,,,,1,1,65,1,7,,4,0,20,7,11,0,03/05/2020,6:35,1.96053E+11,12237,0,0,3,2,1,38,,,,96,,,,,,0,,,,,,98936,53,69,175,1,1,0,1,0,0,,46,71,79,,,,0,12/15/2019,12/15/2019,20,8,0,0,0,9,8,,,0,,,8,8,0,0,,,0,,,0,0,996,,,,,,,,,,,,,,,,,,,,,,,,,,,,,,0,0,0,1,0,0,0,0,0,0,0,0,0,1,1,0,0,0,1,0,0,0,0,0,0,1,0,0,1,1,0,0,0,0,1,0,0,0,0,0,0,0,0,0,0,0,1,1,0,0,0,0,,,,,,61-65,56-65,State route,R,Friday,,MC,White,1,0,0,0,County Road,County Sheriff,Yakima County Sheriff's Office,0,0,1,0,0,,,,,,0,0,2,,,,,,,,,,,0,0,0,1,,,,,5,0,,,,,,,,1,0,,,FORT RD.,1.35,BECKER RD.,0.99
2020,338,EA61650,1,09/02/2020,16:10,2,9,,77,Yakima,1420,1,,1,1,2,1,0,3,3,16:22,16:24,17:13,12,0,6,5.1,2,0,2,3,2,1,3,0,0,0,0,SR-24,RIVARD RD,-120.3855528,46.54999167,0,1,89,17,2,50,4,0,0,1,2,12,1,1,2,1,1,1,2,53,0,49,32,2016,0,,12,,,,,,1,1,28,2,6,,4,0,3,0,11,5,09/04/2020,4:29,1.96053E+11,41402,0,0,3,3,1,38,,,,96,,,,,,98,,,,,,98936,53,60,135,6,1,0,0,0,0,,0,,,,,,0,,,8,0,0,0,0,9,8,,,0,,,8,8,2,1,,,1,,,2,1,0,,,,,,,,,,,,,,,,,,,,,,,,,,,,,,0,0,0,1,0,0,0,0,0,0,0,0,0,0,0,0,0,0,1,0,0,0,0,0,0,0,0,0,0,1,1,0,0,0,0,,1,0,0,0,0,0,0,0,0,0,1,0,0,0,0,0,,,,,,26-30,26-35,State route,U,Wednesday,Belt Used,PV,Hispanic,1,0,0,0,State Route,State Patrol,Washington State Patrol,0,1,0,0,0,,,,,,0,0,0,,,,,,,,,,,98,98,98,98,,,,,20,7,,,,,,,,1,0,,,,,,
2020,338,EA61650,1,09/02/2020,16:10,2,9,,77,Yakima,1420,1,,1,1,2,1,0,3,3,16:22,16:24,17:13,12,0,6,5.1,2,0,2,3,2,1,3,0,0,0,0,SR-24,RIVARD RD,-120.3855528,46.54999167,0,3,98,62,4,55,34,0,0,1,2,38,1,1,3,1,1,1,2,53,0,12,481,2005,0,,63,38,,,,,1,1,42,1,0,,0,0,3,0,11,0,,,,,0,0,3,3,1,0,,,,96,,,,,,0,,,,,,98936,53,71,250,6,1,0,3,0,0,,0,,,,,,0,02/15/2016,08/15/2019,20,0,0,0,8,3,8,,,0,,,8,8,0,0,,,0,,,9,99,999,,,,,,,,,,,,,,,,,,,,,,,,,,,,,,0,0,0,1,0,0,0,0,0,0,0,0,0,0,0,0,0,0,1,0,0,0,0,0,0,0,0,0,0,1,1,0,0,0,0,,0,0,0,0,0,0,0,0,0,0,0,0,0,0,0,0,,,,,,41-45,36-45,State route,U,Wednesday,Belt Used,PV,Not Fatal,1,0,0,0,State Route,State Patrol,Washington State Patrol,0,1,0,0,0,,,,,,0,0,0,,,,,,,,,,,98,98,98,0,,,,,20,7,,,,,,,,1,0,,,,,,
2020,370,EA65822,1,09/22/2020,3:20,22,9,,77,Yakima,2590,1,,2,1,2,2,0,4,3,3:27,3:31,4:08,12,0,2,33.7,1,0,1,1,2,1,1,0,0,0,0,I-82,,-120.4803056,46.59862778,0,2,52,54,3,60,34,0,0,1,2,12,1,1,2,3,1,1,1,53,0,7,482,2017,0,,12,12,,,,,1,1,60,1,0,,3,0,3,0,11,5,,,,,6,0,3,3,1,0,,,,96,,,,,,0,,,,,,98936,53,69,206,6,1,1,1,0,2,,0,,,,,,0,08/15/2016,11/15/2017,1,0,0,0,8,9,8,,,0,,,8,8,0,0,,,0,,,0,0,996,,,,,,,,,,,,,,,,,,,,,,,,,,,,,,0,0,0,0,0,0,1,1,0,0,0,0,0,0,0,0,0,0,0,0,0,0,0,0,0,0,0,0,0,1,0,0,0,0,0,,0,0,0,0,0,0,0,0,0,0,0,0,0,0,0,0,,,,,,56-60,56-65,Interstate,U,Tuesday,Belt Used,PV,Not Fatal,0,0,0,1,State Route,State Patrol,Washington State Patrol,0,1,0,0,0,,,,,,0,1,0,,,,,,,,,,,98,98,98,0,,,,,20,7,,,,,,,,1,0,,,,,,
2021,631,EB98551,1,11/24/2021,6:15,24,11,,77,Yakima,0,1,,3,4,1,1,0,18,10,,,,25,0,0,58.8,5,1,1,1,1,1,1,0,0,0,0,I-82 RAMP,,-120.1734778,46.34274167,0,9,98,5,1,70,4,0,0,1,2,12,3,1,2,3,14,1,1,53,0,30,40,2014,0,,12,12,,,,,1,1,21,1,7,,4,7,99,7,11,0,11/24/2021,6:15,53060569,60569,0,0,3,3,1,0,,,,96,,,,,,98,,,,,,98936,53,69,113,6,1,0,0,0,1,,0,,,,,,0,06/15/2020,06/15/2020,8,0,0,0,0,9,8,,,0,,,9,9,2,1,,,1,,,2,1,0,,,,,,,,,,,,,,,,,,,,,,,,,,,,,,0,0,0,0,0,0,0,0,0,0,0,0,0,1,0,0,0,0,0,0,0,0,0,1,1,1,0,0,0,1,1,0,0,0,0,,1,0,0,0,0,0,0,0,0,0,0,0,0,0,0,0,,,,,,21-25,16-25,Interstate,R,Wednesday,Unknown,PV,White,0,0,0,0,State Route,State Patrol,Washington State Patrol,0,1,0,0,0,,,,,,0,0,0,,,,,,,,,,,98,98,98,1,,,,,20,,,,,,,,,1,19,,,,,,
2017,22,E635015,1,01/19/2017,7:30,19,1,0,77,Yakima,0,1,0,1,3,1,1,0,3,3,7:30,7:44,8:28,12,0,6,197.8,2,0,2,3,2,1,2,0,0,3,3,US-12,W POWERHOUSE,-120.5942306,46.63881389,0,3,98,62,4,60,4,0,0,1,2,12,8,8,4,2,5,1,1,53,0,14,21,2009,0,0,12,,,,,,1,1,58,2,0,0,0,0,3,0,11,0,,,,,0,0,0,3,1,0,0,0,0,0,,,,,,0,,,,,,98937,53,63,160,6,1,0,0,0,0,0,0,,,,,,0,,,8,0,0,0,8,9,8,,,0,0,0,8,0,0,0,0,0,0,0,0,0,0,996,,,,,,,,,,,,,,,,,,,,,,,,,,,,,,0,0,0,1,0,0,0,0,0,0,0,0,0,0,0,0,0,0,0,0,0,0,0,1,1,0,0,0,0,1,1,0,0,0,0,,0,0,0,0,0,0,0,0,0,0,0,0,0,0,0,0,,,,,,56-60,56-65,US highway,U,Thursday,Belt Used,PV,Not Fatal,1,0,0,0,State Route,State Patrol,Washington State Patrol,0,1,0,0,0,,,,,,,,,,,,,,,,,,,,,,,,,,,,,,,,,,,,,,,,,,,
2017,44,E643131,1,02/01/2017,19:32,1,2,0,77,Yakima,0,1,0,3,1,2,1,0,2,2,19:31,19:41,20:00,12,0,6,195.8,2,0,2,3,2,1,2,0,0,0,0,US-12,MAPLEWAY RD,-120.6203528,46.66056667,0,2,86,66,4,60,14,0,0,1,2,12,1,1,4,2,1,1,1,53,0,55,401,2013,0,0,12,,,,,,1,1,46,2,0,0,2,0,3,0,11,5,,,,,6,0,3,3,1,0,0,0,0,0,,,,,,0,,,,,,98937,53,69,130,6,1,0,0,0,0,0,0,,,,,,0,,,8,0,0,0,8,9,2,,,0,0,0,0,0,2,155,996,996,1,1,1,2,1,0,,,,,,,,,,,,,,,,,,,,,,,,,,,,,,0,0,0,1,0,0,1,1,1,0,0,0,0,0,0,0,1,0,1,0,0,1,1,0,1,0,0,0,0,1,0,0,0,0,0,,0,0,0,0,0,0,1,1,0,0,0,0,0,0,1,0,,,,,,46-50,46-55,US highway,U,Wednesday,Belt Used,PV,Not Fatal,0,0,0,0,State Route,State Patrol,Washington State Patrol,0,1,0,0,0,,,,,,,,,,,,,,,,,,,,,,,,,,,,,,,,,,,,,,,,,,,