year,case,par,repjur,crash_dt,crash_tm,accday,accmon,holiday,county,co_char,city,weather,weather2,lightcond,surfcond,surftype,numfatal,nmforms,pforms,vforms,not_tm,arr_tm,hosp_tm,fhevent,hitrun,manncol,milepnt,reljunc,reljuncinter,intersectiontype,funcsystem,landuse,ownership,route,schlbus,spejur,contdev,devfunc,trafid1,trafid2,x,y,wk_zone,vnumber,crashtype,criticalevent,criticaleventcat,spdlim,body,trailer,emerg,hazcargo,leave,mhevent,roadalgn,roadprof,traflane,trafflow,vehmanvr,numoccs,regowner,regstate,spuse,make,model,modelyr,vrf1,vrf2,seqevent1,seqevent2,seqevent3,seqevent4,seqevent5,seqevent6,pnumber,ptype,age,sex,hispanic,race,injury,diedscene,restraint,restraintmisuse,seatpos,takehosp,death_dt,death_tm,cert,cernum_wa,commlic,licendor,licrestrict,liccomp,drivpres,drf1,drf2,drf3,drf4,distract1,distract2,distract3,distract4,distract5,distract6,dricond1,dricond2,dricond3,dricond4,dricond5,dricond6,dzip,licstate,drhgt_in,weight,noncdl,noncdltype,prevdwi,prevoth,prevacc,prevspd,prevsus,driviol1,driviol2,driviol3,driviol4,driviol5,driviol6,spdrel,first_dt,last_dt,airbag,ejection,ejectpath,extricat,injurwrk,methalc,methdrug,nmlocat,strikveh,prf1,prf2,prf3,druginv,alcinvol,drugsts,drugres1,drugres2,drugres3,drugtst1,drugtst2,drugtst3,alcsts,alctst,alcres,nmact1,nmact2,nmact3,nmact4,nmact5,nmact6,nmprior1,nmprior2,nmprior3,nmprior4,nmprior5,nmprior6,nmcond1,nmcond2,nmcond3,nmcond4,nmcond5,nmcond6,nmsafe_helmet,nmsafe_pads,nmsafe_oth,nmprev_ref,nmprev_lgt,nmprev_oth,crashlocation,nmcrashtype,crosswalk,schoolzone,sidewalk,train_inv,wildlife_inv,rotr_fars,intersect_fars,dd_inv,aid_inv,dpd_inv,id_inv,mj_inv,impnm_inv,ainm_inv,dpnm_inv,speed_inv,unlic_inv,unendmc_inv,drowsy_inv,drdist_inv,nmdist_inv,fty_inv,unrestfat_inv,dr1617_inv,dr1820_inv,dr1620_inv,dr2125_inv,dr1625_inv,dr65_inv,dr70_inv,dr75_inv,mc_inv,pv_inv,ht_inv,ped_inv,bike_inv,unrest_fat,mc_fat,unhelmet_mc,pv_fat,ht_fat,ped_fat,bike_fat,dr_alc7,dr_alc8,dr_drug,dr_imp,dr_dist,dr_spd,dr_fty,dr_unlic,dr_alc7only,dr_alc8only,dr_drugonly,dr_drink,nm_imp,nm_alc7,nm_alc8,nm_drug,nm_dist,agegrp1,agegrp2,roadclass,urbrur,dayweek,restuse,vehtype,race_me,intersect,lanedep,oppdir,wrongway,rep_typ,investag,repag_long,rotr,st_rd,cty_rd,city_rd,oth_rd,drug_thc,thc_res,drug_cthc,cthc_res,drug_cann,prevpersemin,prevperse,prevsusoth,drugtst4,drugtst5,drugtst6,drugtst7,drugtst8,drugres4,drugres5,drugres6,drugres7,drugres8,adspresent,adsengaged,adslevel,race1,race2,race3,race4,race5,helmet,helmetmisuse,nmdistract1,nmdistract2,nmdistract3,nmdistract4,nmdistract5,nmdistract6,lab,isedtcase,crf1,crf2,crf3,CoRoadName,CoMP,IntCoRoadName,IntCoMP
2017,320,E706112,1,08/22/2017,23:30,22,8,0,77,Yakima,1440,1,0,2,1,2,2,0,3,5,23:32,23:46,,12,0,2,190,1,0,1,3,2,1,2,0,0,0,0,US-12,,-120.6985056,46.72763333,0,3,98,98,7,35,16,0,0,1,5,12,3,1,2,1,14,1,1,53,0,20,431,2001,0,0,12,,,,,,1,1,27,1,0,0,0,0,3,0,11,0,,,,,0,0,3,3,1,0,0,0,0,0,,,,,,0,,,,,,98937,53,77,250,6,1,0,0,0,0,0,0,,,,,,0,,,20,0,0,0,8,9,8,,,0,0,0,8,0,0,0,0,0,0,0,0,0,0,996,,,,,,,,,,,,,,,,,,,,,,,,,,,,,,0,0,0,0,0,0,1,1,1,0,0,0,1,0,0,0,0,0,0,0,0,0,0,0,0,0,0,0,0,1,0,0,0,0,0,,0,0,0,0,0,0,0,0,0,0,0,0,0,0,0,0,,,,,,26-30,26-35,US highway,U,Tuesday,Belt Used,PV,Not Fatal,0,1,1,0,State Route,State Patrol,Washington State Patrol Headquarter,0,1,0,0,0,,,,,,,,,,,,,,,,,,,,,,,,,,,,,,,,,,,,,,,,,,,
2020,443,EA80947,146,11/12/2020,14:41,12,11,,77,Yakima,1440,1,,1,1,2,1,0,2,2,14:42,14:58,15:22,12,0,6,0,2,0,2,5,2,4,6,0,0,0,0,E 2ND ST,SINCLAIR AVE,-120.6976917,46.73094167,0,1,68,15,2,25,84,0,0,1,5,12,1,1,2,1,11,1,1,53,0,76,701,2006,0,,12,,,,,,1,1,55,1,7,,4,0,20,7,11,5,11/12/2020,16:10,2.59053E+11,53060,0,0,0,0,1,48,,,,96,,,,,,0,,,,,,98937,53,62,285,0,0,99,99,99,99,,0,,,,,,0,,,20,8,0,0,0,9,8,,,0,,,8,8,2,1,,,1,,,2,1,0,,,,,,,,,,,,,,,,,,,,,,,,,,,,,,0,0,0,1,0,0,0,0,0,0,0,0,0,1,1,0,0,0,0,0,0,0,0,0,0,0,0,0,1,1,0,0,0,0,1,0,0,0,0,0,0,0,0,0,0,0,0,1,0,0,0,0,,,,,,51-55,46-55,City street,U,Thursday,,OTHMC,White,1,0,0,0,City Street,County Sheriff,Yakima County Sheriff's Office,0,0,0,1,0,,,,,,99,99,99,,,,,,,,,,,0,0,0,1,,,,,5,0,,,,,,,,1,0,,,,,,
2020,443,EA80947,146,11/12/2020,14:41,12,11,,77,Yakima,1440,1,,1,1,2,1,0,2,2,14:42,14:58,15:22,12,0,6,0,2,0,2,5,2,4,6,0,0,0,0,E 2ND ST,SINCLAIR AVE,-120.6976917,46.73094167,0,2,69,62,4,25,34,0,0,1,5,12,1,1,2,1,1,1,3,53,0,12,481,2018,0,,12,,,,,,1,1,45,1,0,,0,0,3,0,11,0,,,,,6,0,0,3,1,0,,,,96,,,,,,0,,,,,,98937,53,67,245,6,1,0,2,0,0,,0,,,,,,0,05/15/2016,02/15/2016,20,0,0,0,8,9,8,,,0,,,8,8,0,0,,,0,,,0,0,996,,,,,,,,,,,,,,,,,,,,,,,,,,,,,,0,0,0,1,0,0,0,0,0,0,0,0,0,1,1,0,0,0,0,0,0,0,0,0,0,0,0,0,1,1,0,0,0,0,0,,0,0,0,0,0,0,0,0,0,0,0,0,0,0,0,0,,,,,,41-45,36-45,City street,U,Thursday,Belt Used,PV,Not Fatal,1,0,0,0,City Street,County Sheriff,Yakima County Sheriff's Office,0,0,0,1,0,,,,,,0,0,0,,,,,,,,,,,98,98,98,0,,,,,20,7,,,,,,,,1,0,,,,,,
2021,425,EB79550,1,10/15/2021,5:50,15,10,,77,Yakima,0,1,,2,1,2,1,0,4,3,,,,12,0,6,196.4,2,0,2,2,2,1,2,0,0,20,3,US-12,MCCORMICK RD,-120.6138833,46.65460833,0,1,82,15,2,60,34,0,0,1,2,12,1,1,2,1,11,1,1,53,0,7,482,2003,0,,12,,,,,,1,1,59,1,0,,1,0,3,0,11,0,,,,,6,0,0,3,1,38,,,,96,,,,,,98,,,,,,98937,53,70,190,6,1,0,0,0,0,,2,,,,,,0,,,20,0,0,0,8,9,8,,,0,,,8,8,0,0,,,0,,,0,0,996,,,,,,,,,,,,,,,,,,,,,,,,,,,,,,0,0,0,1,0,0,0,0,0,0,0,0,0,0,0,0,0,0,1,0,0,0,0,1,1,0,0,0,0,1,0,0,0,0,0,,0,0,0,0,0,0,0,0,0,0,1,0,0,0,0,0,,,,,,56-60,56-65,US highway,U,Friday,Belt Used,PV,Not Fatal,1,0,0,0,State Route,State Patrol,Washington State Patrol,0,1,0,0,0,,,,,,0,0,0,,,,,,,,,,,98,98,98,0,,,,,20,,,,,,,,,1,14,,,,,,
2017,251,E690820,1,07/07/2017,15:55,7,7,0,77,Yakima,0,1,0,1,1,2,1,0,6,3,,,,12,0,8,9999.9,1,0,1,6,1,2,4,0,0,0,0,CR-OUTLOOK RD,,-120.0626639,46.33113889,0,2,65,62,4,50,4,0,0,1,5,12,1,1,2,1,1,1,1,53,0,35,47,2009,0,0,12,,,,,,1,1,43,2,0,0,0,0,3,0,11,0,,,,,0,0,3,3,1,0,0,0,0,0,,,,,,0,,,,,,98938,53,63,107,6,1,0,0,0,0,0,0,,,,,,0,,,20,0,0,0,8,9,8,,,0,0,0,8,0,0,0,0,0,0,0,0,0,0,996,,,,,,,,,,,,,,,,,,,,,,,,,,,,,,0,0,0,0,1,1,1,1,0,0,0,0,0,0,0,0,0,0,0,0,0,1,1,0,1,0,0,0,0,1,0,0,0,0,0,,0,0,0,0,0,0,0,0,0,0,0,0,0,0,0,0,,,,,,41-45,36-45,County road,R,Friday,Belt Used,PV,Not Fatal,0,0,0,0,County Road,State Patrol,Washington State Patrol Headquarter,0,0,1,0,0,,,,,,,,,,,,,,,,,,,,,,,,,,,,,,,,,,,,,,,,,,,
2018,331,E838650,146,09/13/2018,17:50,13,9,0,77,Yakima,0,1,0,1,1,2,1,0,3,2,,,,12,0,6,5.1,2,0,2,6,1,2,4,0,0,0,0,CR-INDEPENDENCE RD,SCOON RD,-120.0199889,46.37458889,0,2,87,66,4,50,3,0,0,1,2,12,1,1,2,1,1,2,2,53,0,52,37,2000,0,0,12,,,,,,1,1,18,1,0,0,1,0,3,0,11,8,,,,,0,0,3,3,1,0,0,0,0,96,,,,,,99,,,,,,98938,53,67,125,6,2,0,0,0,0,,0,,,,,,0,,,20,0,0,0,8,9,8,,,0,0,0,8,9,0,0,,,0,,,0,0,996,,,,,,,,,,,,,,,,,,,,,,,,,,,,,,0,0,0,1,0,0,0,0,0,0,0,0,0,1,0,0,0,0,0,0,0,1,1,0,1,0,0,0,0,1,0,0,0,0,0,,0,0,0,0,0,0,0,0,0,0,0,0,0,0,0,0,,,,,,18-20,16-25,County road,R,Thursday,Belt Used,PV,Not Fatal,1,0,0,0,County Road,County Sheriff,Yakima County Sheriff's Office,0,0,1,0,0,,,,,,0,0,0,,,,,,,,,,,,,,,,,,,,,,,,,,,,,,,,,,,
2020,147,EA34888,1,05/18/2020,22:04,18,5,,77,Yakima,840,10,,2,1,2,1,0,2,1,22:13,22:45,,1,0,0,72.3,1,0,1,1,2,1,1,0,0,0,0,I-82,,-119.9288444,46.27281667,0,1,2,6,1,70,16,1,0,1,2,1,2,2,2,2,14,2,1,53,0,12,423,2001,0,,63,1,,,,,1,1,71,1,6,,4,7,3,0,11,0,05/18/2020,22:04,84053023683,23683,0,0,0,3,1,0,,,,96,,,,,,98,,,,,,98938,53,72,190,6,1,0,0,0,0,,0,,,,,,4,,,20,0,0,0,0,9,8,,,0,,,8,8,2,1,,,1,,,2,1,0,,,,,,,,,,,,,,,,,,,,,,,,,,,,,,0,0,0,0,0,0,0,0,0,0,0,0,1,0,0,0,0,0,0,0,0,0,0,0,0,1,1,0,0,1,0,0,0,0,0,,1,0,0,0,0,0,0,0,0,1,0,0,0,0,0,0,,,,,,71-75,66-75,Interstate,U,Monday,Belt Used,PV,Hispanic,0,1,0,0,State Route,State Patrol,Washington State Patrol,1,1,0,0,0,,,,,,0,0,0,,,,,,,,,,,98,98,98,98,,,,,20,7,,,,,,,,1,0,,,,,,
2020,232,EA48230,146,07/14/2020,16:40,14,7,,77,Yakima,0,1,,1,1,2,2,0,3,2,16:42,16:50,17:14,12,0,6,0.6,8,0,1,6,1,2,4,0,0,0,0,CR-WENDELL PHILLIPS RD,,-120.0622583,46.29489444,0,2,88,55,3,98,34,0,0,1,2,12,1,1,2,1,1,1,2,53,0,12,481,1995,0,,12,,,,,,1,1,20,1,0,,0,0,3,0,11,0,,,,,0,0,0,3,1,0,,,,96,,,,,,0,,,,,,98938,53,67,172,6,1,0,0,0,1,,0,,,,,,0,04/15/2019,04/15/2019,20,0,0,0,8,9,8,,,0,,,8,8,2,1,,,1,,,2,1,0,,,,,,,,,,,,,,,,,,,,,,,,,,,,,,0,0,0,0,0,0,0,0,0,0,0,0,0,1,0,0,0,0,1,0,0,1,1,0,1,0,0,0,0,1,0,0,0,0,0,,0,0,0,0,0,0,0,0,0,0,0,0,0,0,0,0,,,,,,18-20,16-25,County road,R,Tuesday,Belt Used,PV,Not Fatal,0,0,0,0,County Road,County Sheriff,Yakima County Sheriff's Office,0,0,1,0,0,,,,,,0,0,0,,,,,,,,,,,0,0,0,0,,,,,20,7,,,,,,,,1,0,,,WENDELL PHILLIPS RD.,0.6,,
2021,311,EB60320,1,08/11/2021,9:09,11,8,,77,Yakima,2220,1,,1,1,2,1,0,3,2,,,,12,0,6,69.7,1,0,1,1,2,1,1,0,0,0,0,I-82,,-119.9648361,46.30085833,0,1,47,53,3,70,14,0,0,1,2,12,1,1,2,2,15,2,1,53,0,18,405,2018,0,,12,,,,,,1,1,83,1,7,,4,7,3,0,11,0,08/11/2021,9:09,2.22053E+11,39357,0,0,3,3,1,27,,,,96,,,,,,98,,,,,,98938,53,69,200,6,1,0,0,0,0,,0,,,,,,0,,,8,0,0,0,0,9,8,,,0,,,8,8,2,996,,,1,,,2,1,0,,,,,,,,,,,,,,,,,,,,,,,,,,,,,,0,0,0,0,0,0,1,1,0,0,0,0,0,0,0,0,0,0,0,0,0,0,0,0,0,1,1,1,0,1,1,0,0,0,0,,1,0,0,0,0,0,1,1,0,0,0,0,0,0,1,0,,,,,,81+,76+,Interstate,U,Wednesday,Belt Used,PV,White,0,0,0,0,State Route,State Patrol,Washington State Patrol,0,1,0,0,0,,,,,,0,0,0,,,,,,,,,,,98,98,98,1,,,,,20,,,,,,,,,1,0,,,,,,
2017,93,E657949,1,03/27/2017,11:49,27,3,0,77,Yakima,0,1,0,1,1,2,1,1,1,1,11:44,11:47,12:05,15,0,0,3.3,1,0,1,4,2,1,3,0,0,0,0,SR-823,,-120.520025,46.66756944,0,1,13,83,5,40,16,0,0,1,5,15,1,1,4,1,1,1,1,53,0,20,431,2003,0,0,15,,,,,,1,1,60,2,0,0,0,0,3,0,11,0,,,,,0,0,3,3,1,0,0,0,0,13,,,,,,99,,,,,,98942,53,64,172,6,1,0,0,0,0,0,0,,,,,,0,,,20,0,0,0,8,9,8,,,0,0,0,8,9,2,996,0,0,1,0,0,2,1,0,,,,,,,,,,,,,,,,,,,,,,,,,,,,,,0,0,0,0,0,0,1,1,0,1,0,1,0,0,0,0,1,0,0,0,0,0,0,0,0,0,0,0,0,1,0,1,0,0,0,,0,0,0,0,0,0,1,1,1,0,0,0,0,0,1,0,,,,,,56-60,56-65,State route,U,Monday,Belt Used,PV,Not Fatal,0,0,0,0,State Route,State Patrol,Washington State Patrol Headquarter,0,1,0,0,0,,,,,,,,,,,,,,,,,,,,,,,,,,,,,,,,,,,,,,,,,,,
2017,220,E688425,1,06/30/2017,21:49,30,6,5,77,Yakima,0,1,0,2,1,2,1,1,1,1,,,,8,0,0,4,1,0,1,5,1,2,4,0,0,0,0,CR-GLADE RD,,-120.0007861,46.18526389,0,1,13,80,5,50,55,0,0,1,5,8,1,3,2,1,1,1,1,53,0,98,870,1995,0,0,8,,,,,,1,1,54,1,0,0,0,0,3,0,11,0,,,,,0,0,0,3,1,0,0,0,0,0,,,,,,0,,,,,,98942,53,72,200,6,1,0,0,0,0,0,0,,,,,,0,,,20,0,0,0,8,9,8,,,0,0,0,8,0,0,0,0,0,0,0,0,0,0,996,,,,,,,,,,,,,,,,,,,,,,,,,,,,,,0,0,0,0,0,0,0,0,0,1,1,0,0,0,0,0,0,0,0,0,0,0,0,0,0,0,0,0,0,0,0,1,0,0,0,,0,0,0,0,0,0,0,0,0,0,0,0,0,0,0,0,,,,,,51-55,46-55,County road,R,Friday,,BUS,Not Fatal,0,0,0,0,County Road,State Patrol,Washington State Patrol Headquarter,0,0,1,0,0,,,,,,,,,,,,,,,,,,,,,,,,,,,,,,,,,,,,,,,,,,,
2017,389,E710103,146,09/10/2017,20:09,10,9,0,77,Yakima,0,1,0,2,1,2,1,0,2,2,19:38,19:51,21:23,12,0,6,4.3,8,0,1,5,1,2,4,0,3,0,0,CR-W WAPATO RD,,-120.5200528,46.44836667,0,1,98,10,2,55,80,0,0,1,2,12,1,1,2,1,6,1,1,53,0,76,705,1984,0,0,12,,,,,,1,1,51,1,7,1,4,0,19,0,11,1,09/18/2017,20:06,1.96053E+11,40951,0,0,0,2,1,33,0,0,0,96,,,,,,99,,,,,,98942,53,68,200,6,1,0,1,1,0,0,0,,,,,,0,05/15/2017,05/15/2017,20,8,0,0,0,9,8,,,0,0,0,8,9,0,0,0,0,0,0,0,0,0,996,,,,,,,,,,,,,,,,,,,,,,,,,,,,,,0,0,0,0,0,0,0,0,0,0,0,0,0,0,1,0,0,0,0,0,0,0,0,0,0,0,0,0,1,0,0,0,0,0,1,0,0,0,0,0,0,0,0,0,0,0,0,0,0,0,0,0,,,,,,51-55,46-55,County road,R,Sunday,,MC,White,0,0,0,0,County Road,County Sheriff,Yakima County Sheriff's Office,0,0,1,0,0,,,,,,,,,,,,,,,,,,,,,,,,,,,,,,,,,,,,,,,,,,,
2018,201,E811775,6,06/19/2018,0:02,19,6,0,37,Kittitas,0,1,0,2,1,1,1,0,2,1,0:10,0:20,0:49,1,0,0,1.1,1,0,1,1,1,1,1,0,0,0,0,I-82,,-120.5070778,46.957,0,1,2,12,2,70,14,0,0,1,2,1,1,1,2,3,1,2,1,53,0,20,403,2004,0,0,64,69,63,1,3,,1,1,32,2,7,1,4,7,20,0,11,0,06/19/2018,0:02,62053027588,27588,0,0,0,3,1,58,0,0,0,96,,,,,,9,,,,,,98942,53,68,175,6,1,0,0,1,0,,0,,,,,,0,03/15/2018,03/15/2018,20,0,0,0,0,9,1,,,0,0,0,1,9,2,177,401,417,1,1,1,2,1,0,,,,,,,,,,,,,,,,,,,,,,,,,,,,,,0,0,0,0,0,0,1,1,0,0,0,0,0,0,0,0,0,0,0,1,0,0,0,0,0,0,0,0,0,1,0,0,0,1,0,,1,0,0,0,0,0,1,1,0,0,0,0,0,0,1,0,,,,,,31-35,26-35,Interstate,R,Tuesday,Not Used,PV,White,0,1,0,0,State Route,State Patrol,Washington State Patrol,1,1,0,0,0,,,,,,0,0,0,,,,,,,,,,,,,,,,,,,,,,,,,,,,,,,,,,,
2018,214,E815910,330,07/06/2018,22:01,6,7,0,77,Yakima,2590,1,0,3,1,2,1,0,4,3,22:02,22:08,22:22,12,0,6,0,2,0,2,4,2,4,6,0,0,0,0,TIETON DR,S 58TH AVE,-120.5857806,46.59276944,0,2,68,15,2,35,14,0,0,1,7,12,1,1,4,1,11,1,2,53,0,48,403,2015,0,0,12,12,,,,,1,1,19,2,0,0,2,0,3,0,11,6,,,,,0,0,0,3,1,38,0,0,0,96,,,,,,99,,,,,,98942,53,62,107,6,1,0,0,0,0,,97,,,,,,0,,,2,0,0,0,8,9,8,,,0,0,0,8,9,2,1,,,1,,,2,1,0,,,,,,,,,,,,,,,,,,,,,,,,,,,,,,0,0,0,1,0,0,0,0,0,0,0,0,1,0,0,0,0,0,1,0,0,1,1,1,1,0,0,0,1,1,0,0,0,0,0,,0,0,0,0,0,0,0,0,0,0,1,0,0,0,0,0,,,,,,18-20,16-25,City street,U,Friday,Belt Used,PV,Not Fatal,1,0,0,0,City Street,Municipal/City Police,Yakima Police Department,0,0,0,1,0,,,,,,0,0,0,,,,,,,,,,,,,,,,,,,,,,,,,,,,,,,,,,,
2019,511,E879054,266,01/02/2019,5:48,2,1,,77,Yakima,1980,1,0,3,1,2,1,1,1,1,,,,8,0,0,0.9,1,0,1,3,2,1,3,0,0,0,0,SR-823,,-120.530425,46.64550278,0,1,13,80,5,35,20,0,0,1,5,8,1,1,2,1,1,1,3,53,0,49,442,2017,0,0,8,,,,,,1,1,65,2,0,,0,0,3,0,11,0,,,,,0,0,3,3,1,0,0,0,0,96,,,,,,0,,,,,,98942,53,65,140,6,1,0,0,0,0,,0,,,,,,0,,,20,0,0,0,8,9,8,,,0,0,0,8,0,8,95,,,96,,,8,95,995,,,,,,,,,,,,,,,,,,,,,,,,,,,,,,0,0,0,0,0,0,0,0,0,0,0,0,0,0,0,0,0,0,0,0,0,0,0,0,0,1,0,0,0,1,0,1,0,0,0,,0,0,0,0,0,0,0,0,0,0,0,0,0,0,0,0,,,,,,61-65,56-65,State route,U,Wednesday,Belt Used,PV,Not Fatal,0,0,0,0,City Street,Municipal/City Police,Selah Police Department,0,0,0,1,0,,,,,,0,0,0,,,,,,,,,,,98,98,98,0,,,,,20,7,,,,,,,,,,,,,,,
2019,50,E896721,5,02/23/2019,14:01,23,2,,41,Lewis,0,1,0,1,2,2,2,0,8,2,,,,12,0,2,140.5,1,0,1,3,1,1,2,0,0,0,0,US-12,,-121.5516056,46.68794167,0,2,51,62,4,50,6,0,0,1,7,12,2,2,2,1,14,6,1,53,0,20,24,2011,0,0,12,,,,,,1,1,36,2,0,,3,0,3,0,11,8,,,,,0,0,0,3,1,0,0,0,0,96,,,,,,0,,,,,,98942,53,68,140,6,1,0,1,1,0,,0,,,,,,0,03/15/2015,03/15/2015,8,0,0,0,8,9,8,,,0,0,0,8,0,8,95,,,96,,,8,95,995,,,,,,,,,,,,,,,,,,,,,,,,,,,,,,0,0,0,0,0,0,0,0,0,0,0,0,0,0,0,0,0,0,0,0,0,0,0,0,0,0,0,0,0,1,0,0,0,0,0,,0,0,0,0,0,0,0,0,0,0,0,0,0,0,0,0,,,,,,36-40,36-45,US highway,R,Saturday,Belt Used,PV,Not Fatal,0,1,1,0,State Route,State Patrol,Washington State Patrol,0,1,0,0,0,,,,,,0,0,0,,,,,,,,,,,98,98,98,0,,,,,20,7,,,,,,,,,,,,,,,
2019,65,E899642,1,02/04/2019,14:46,4,2,,77,Yakima,0,4,0,1,4,2,1,0,12,6,,,,12,0,7,21,1,0,1,1,1,1,1,0,0,0,0,I-82,,-120.3964778,46.72549444,0,2,98,9,1,70,4,0,0,1,2,12,1,3,2,3,1,1,2,53,0,41,51,2008,0,0,12,12,,,,,1,1,19,2,0,,0,0,3,0,11,0,,,,,0,0,3,3,1,87,0,0,0,96,,,,,,0,,,,,,98942,53,63,135,6,2,0,0,2,0,,0,,,,,,0,01/15/2016,07/15/2018,8,0,0,0,8,9,8,,,0,0,0,8,0,8,95,,,96,,,8,95,995,,,,,,,,,,,,,,,,,,,,,,,,,,,,,,0,0,0,0,0,0,0,0,0,0,0,0,1,0,0,0,0,0,0,0,0,1,1,0,1,1,1,0,0,1,1,0,0,0,0,,0,0,0,0,0,0,0,0,0,0,0,0,0,0,0,0,,,,,,18-20,16-25,Interstate,R,Monday,Belt Used,PV,Not Fatal,0,0,0,0,State Route,State Patrol,Washington State Patrol,0,1,0,0,0,,,,,,0,0,0,,,,,,,,,,,98,98,98,0,,,,,20,7,,,,,,,,,,,,,,,
2019,65,E899642,1,02/04/2019,14:46,4,2,,77,Yakima,0,4,0,1,4,2,1,0,12,6,,,,12,0,7,21,1,0,1,1,1,1,1,0,0,0,0,I-82,,-120.3964778,46.72549444,0,6,98,52,3,70,14,0,0,1,2,12,1,3,2,3,1,3,1,53,0,20,404,2017,0,0,12,12,12,,,,1,1,60,1,0,,0,0,3,0,11,0,,,,,0,0,0,3,1,87,0,0,0,96,,,,,,0,,,,,,98942,53,64,230,6,1,0,0,0,0,,0,,,,,,4,,,8,0,0,0,8,9,8,,,0,0,0,8,0,8,95,,,96,,,8,95,995,,,,,,,,,,,,,,,,,,,,,,,,,,,,,,0,0,0,0,0,0,0,0,0,0,0,0,1,0,0,0,0,0,0,0,0,1,1,0,1,1,1,0,0,1,1,0,0,0,0,,0,0,0,0,0,0,0,0,0,1,0,0,0,0,0,0,,,,,,56-60,56-65,Interstate,R,Monday,Belt Used,PV,Not Fatal,0,0,0,0,State Route,State Patrol,Washington State Patrol,0,1,0,0,0,,,,,,0,0,0,,,,,,,,,,,98,98,98,0,,,,,20,7,,,,,,,,,,,,,,,
2019,231,E930471,146,06/14/2019,12:04,14,6,,77,Yakima,0,1,0,1,1,2,1,0,3,3,,,,12,0,8,2.1,1,0,1,5,2,2,4,0,0,0,0,CR-N WENAS RD,,-120.5177361,46.68128333,0,1,64,10,2,40,34,0,0,1,7,12,1,1,2,1,1,1,1,53,0,20,481,2002,0,0,68,12,12,,,,1,1,56,1,0,,0,0,3,0,11,0,,,,,0,0,0,3,1,28,0,0,0,96,,,,,,9,,,,,,98942,53,67,165,6,1,0,0,1,0,,97,,,,,,0,04/15/2018,04/15/2018,20,0,0,0,8,9,2,,,0,0,0,1,1,8,95,,,96,,,8,95,995,,,,,,,,,,,,,,,,,,,,,,,,,,,,,,0,0,0,0,1,0,1,1,0,0,0,0,0,0,0,0,0,0,0,0,0,0,0,0,0,1,1,1,0,1,0,0,0,0,0,,0,0,0,0,0,0,0,0,0,0,0,0,0,0,0,1,,,,,,56-60,56-65,County road,U,Friday,Belt Used,PV,Not Fatal,0,1,1,0,County Road,County Sheriff,Yakima County Sheriff's Office,0,0,1,0,0,,,,,,0,0,0,,,,,,,,,,,98,98,98,0,,,,,20,7,,,,,,,,,,,,,,,
2019,231,E930471,146,06/14/2019,12:04,14,6,,77,Yakima,0,1,0,1,1,2,1,0,3,3,,,,12,0,8,2.1,1,0,1,5,2,2,4,0,0,0,0,CR-N WENAS RD,,-120.5177361,46.68128333,0,2,65,62,4,40,4,0,0,1,7,12,1,1,2,1,1,1,1,53,0,14,6,2005,0,0,12,,,,,,1,1,81,2,7,,4,0,3,0,11,1,06/19/2019,12:49,1.96053E+11,28111,0,0,3,3,1,0,0,0,0,96,,,,,,0,,,,,,98942,53,64,222,6,1,0,1,2,0,,0,,,,,,0,05/15/2016,01/15/2019,20,0,0,0,0,9,8,,,0,0,0,8,0,2,996,996,,1,1,,2,1,0,,,,,,,,,,,,,,,,,,,,,,,,,,,,,,0,0,0,0,1,0,1,1,0,0,0,0,0,0,0,0,0,0,0,0,0,0,0,0,0,1,1,1,0,1,0,0,0,0,0,,1,0,0,0,0,0,1,1,0,0,0,0,0,0,1,0,,,,,,81+,76+,County road,U,Friday,Belt Used,PV,White,0,1,1,0,County Road,County Sheriff,Yakima County Sheriff's Office,0,0,1,0,0,,,,,,0,0,0,,,,,,,,,,,98,98,98,1,,,,,20,7,,,,,,,,,,,,,,,
2019,245,E943969,2,07/12/2019,23:03,12,7,,77,Yakima,0,1,0,3,1,2,1,2,2,1,,,,8,0,0,61.6,2,0,4,4,2,1,2,0,3,3,3,US-97,FORT RD,-120.3297056,46.37501389,0,1,13,80,5,55,34,0,0,1,5,8,2,1,1,4,10,2,1,53,0,49,472,2016,0,0,8,8,,,,,1,1,37,1,0,,0,0,3,0,11,0,,,,,0,0,0,3,1,0,0,0,0,0,,,,,,0,,,,,,98942,53,67,170,6,1,0,0,0,0,,97,,,,,,0,,,20,0,0,0,8,9,2,,,0,0,0,0,0,0,0,,,0,,,0,0,996,,,,,,,,,,,,,,,,,,,,,,,,,,,,,,0,0,0,1,0,0,0,0,0,1,0,1,0,0,0,0,0,0,0,0,0,0,0,0,0,0,0,0,0,1,0,1,0,0,0,,0,0,0,0,0,0,0,0,0,0,0,0,0,0,0,0,,,,,,36-40,36-45,US highway,U,Friday,Belt Used,PV,Not Fatal,1,0,0,0,State Route,State Patrol,Washington State Patrol,0,1,0,0,0,,,,,,0,0,0,,,,,,,,,,,98,98,98,0,,,,,20,7,,,,,,,,,,,,,,,