year,case,par,repjur,crash_dt,crash_tm,accday,accmon,holiday,county,co_char,city,weather,weather2,lightcond,surfcond,surftype,numfatal,nmforms,pforms,vforms,not_tm,arr_tm,hosp_tm,fhevent,hitrun,manncol,milepnt,reljunc,reljuncinter,intersectiontype,funcsystem,landuse,ownership,route,schlbus,spejur,contdev,devfunc,trafid1,trafid2,x,y,wk_zone,vnumber,crashtype,criticalevent,criticaleventcat,spdlim,body,trailer,emerg,hazcargo,leave,mhevent,roadalgn,roadprof,traflane,trafflow,vehmanvr,numoccs,regowner,regstate,spuse,make,model,modelyr,vrf1,vrf2,seqevent1,seqevent2,seqevent3,seqevent4,seqevent5,seqevent6,pnumber,ptype,age,sex,hispanic,race,injury,diedscene,restraint,restraintmisuse,seatpos,takehosp,death_dt,death_tm,cert,cernum_wa,commlic,licendor,licrestrict,liccomp,drivpres,drf1,drf2,drf3,drf4,distract1,distract2,distract3,distract4,distract5,distract6,dricond1,dricond2,dricond3,dricond4,dricond5,dricond6,dzip,licstate,drhgt_in,weight,noncdl,noncdltype,prevdwi,prevoth,prevacc,prevspd,prevsus,driviol1,driviol2,driviol3,driviol4,driviol5,driviol6,spdrel,first_dt,last_dt,airbag,ejection,ejectpath,extricat,injurwrk,methalc,methdrug,nmlocat,strikveh,prf1,prf2,prf3,druginv,alcinvol,drugsts,drugres1,drugres2,drugres3,drugtst1,drugtst2,drugtst3,alcsts,alctst,alcres,nmact1,nmact2,nmact3,nmact4,nmact5,nmact6,nmprior1,nmprior2,nmprior3,nmprior4,nmprior5,nmprior6,nmcond1,nmcond2,nmcond3,nmcond4,nmcond5,nmcond6,nmsafe_helmet,nmsafe_pads,nmsafe_oth,nmprev_ref,nmprev_lgt,nmprev_oth,crashlocation,nmcrashtype,crosswalk,schoolzone,sidewalk,train_inv,wildlife_inv,rotr_fars,intersect_fars,dd_inv,aid_inv,dpd_inv,id_inv,mj_inv,impnm_inv,ainm_inv,dpnm_inv,speed_inv,unlic_inv,unendmc_inv,drowsy_inv,drdist_inv,nmdist_inv,fty_inv,unrestfat_inv,dr1617_inv,dr1820_inv,dr1620_inv,dr2125_inv,dr1625_inv,dr65_inv,dr70_inv,dr75_inv,mc_inv,pv_inv,ht_inv,ped_inv,bike_inv,unrest_fat,mc_fat,unhelmet_mc,pv_fat,ht_fat,ped_fat,bike_fat,dr_alc7,dr_alc8,dr_drug,dr_imp,dr_dist,dr_spd,dr_fty,dr_unlic,dr_alc7only,dr_alc8only,dr_drugonly,dr_drink,nm_imp,nm_alc7,nm_alc8,nm_drug,nm_dist,agegrp1,agegrp2,roadclass,urbrur,dayweek,restuse,vehtype,race_me,intersect,lanedep,oppdir,wrongway,rep_typ,investag,repag_long,rotr,st_rd,cty_rd,city_rd,oth_rd,drug_thc,thc_res,drug_cthc,cthc_res,drug_cann,prevpersemin,prevperse,prevsusoth,drugtst4,drugtst5,drugtst6,drugtst7,drugtst8,drugres4,drugres5,drugres6,drugres7,drugres8,adspresent,adsengaged,adslevel,race1,race2,race3,race4,race5,helmet,helmetmisuse,nmdistract1,nmdistract2,nmdistract3,nmdistract4,nmdistract5,nmdistract6,lab,isedtcase,crf1,crf2,crf3,CoRoadName,CoMP,IntCoRoadName,IntCoMP
2019,409,E982840,1,11/01/2019,19:36,1,11,,77,Yakima,0,1,0,3,1,2,1,1,2,1,,,,8,0,0,30.9,1,0,1,1,2,1,1,0,0,0,0,I-82,,-120.5155861,46.63035278,0,1,13,80,5,60,34,1,0,1,5,8,1,1,3,3,1,2,3,4,0,12,481,2019,0,0,8,,,,,,1,1,54,1,0,,0,0,3,0,11,0,,,,,6,0,0,3,1,0,0,0,0,96,,,,,,0,,,,,,98942,53,73,200,6,1,0,1,0,0,,0,,,,,,0,09/15/2015,09/15/2015,20,0,0,0,8,9,2,,,0,0,0,0,0,8,95,,,96,,,8,95,995,,,,,,,,,,,,,,,,,,,,,,,,,,,,,,0,0,0,0,0,0,0,0,0,1,0,1,0,0,0,0,0,0,0,0,0,0,0,0,0,0,0,0,0,1,0,1,0,0,0,,0,0,0,0,0,0,0,0,0,0,0,0,0,0,0,0,,,,,,51-55,46-55,Interstate,U,Friday,Belt Used,PV,Not Fatal,0,0,0,0,State Route,State Patrol,Washington State Patrol,0,1,0,0,0,,,,,,0,0,0,,,,,,,,,,,98,98,98,0,,,,,20,7,,,,,,,,,,,,,,,
2020,338,EA61650,1,09/02/2020,16:10,2,9,,77,Yakima,1420,1,,1,1,2,1,0,3,3,16:22,16:24,17:13,12,0,6,5.1,2,0,2,3,2,1,3,0,0,0,0,SR-24,RIVARD RD,-120.3855528,46.54999167,0,2,88,66,4,55,66,1,0,1,2,12,1,1,3,1,1,1,3,53,0,84,881,2018,0,,12,,,,,,1,1,28,1,0,,0,0,3,0,11,0,,,,,6,1,0,3,1,0,,,,96,,,,,,0,,,,,,98942,53,68,190,6,1,0,0,0,2,,0,,,,,,0,06/15/2016,10/15/2020,20,0,0,0,8,3,8,,,0,,,8,8,0,0,,,0,,,0,0,996,,,,,,,,,,,,,,,,,,,,,,,,,,,,,,0,0,0,1,0,0,0,0,0,0,0,0,0,0,0,0,0,0,1,0,0,0,0,0,0,0,0,0,0,1,1,0,0,0,0,,0,0,0,0,0,0,0,0,0,0,0,0,0,0,0,0,,,,,,26-30,26-35,State route,U,Wednesday,,MHTRUCK,Not Fatal,1,0,0,0,State Route,State Patrol,Washington State Patrol,0,1,0,0,0,,,,,,0,0,0,,,,,,,,,,,98,98,98,0,,,,,20,7,,,,,,,,1,0,,,,,,
2021,631,EB98551,1,11/24/2021,6:15,24,11,,77,Yakima,0,1,,3,4,1,1,0,18,10,,,,25,0,0,58.8,5,1,1,1,1,1,1,0,0,0,0,I-82 RAMP,,-120.1734778,46.34274167,0,3,98,5,1,70,20,0,0,1,2,12,3,1,2,3,14,7,1,53,0,37,441,2011,0,,12,,,,,,1,1,44,2,0,,0,0,3,0,11,0,,,,,0,0,0,3,1,87,,,,96,,,,,,98,,,,,,98942,53,67,185,6,1,0,0,1,0,,0,,,,,,0,11/15/2017,11/15/2017,1,0,0,0,8,9,8,,,0,,,0,0,0,0,,,0,,,0,0,996,,,,,,,,,,,,,,,,,,,,,,,,,,,,,,0,0,0,0,0,0,0,0,0,0,0,0,0,1,0,0,0,0,0,0,0,0,0,1,1,1,0,0,0,1,1,0,0,0,0,,0,0,0,0,0,0,0,0,0,0,0,0,0,0,0,0,,,,,,41-45,36-45,Interstate,R,Wednesday,Belt Used,PV,Not Fatal,0,0,0,0,State Route,State Patrol,Washington State Patrol,0,1,0,0,0,,,,,,0,0,0,,,,,,,,,,,98,98,98,0,,,,,20,,,,,,,,,1,19,,,,,,
2021,532,EC01168,1,12/03/2021,16:45,3,12,,77,Yakima,0,1,,5,1,2,1,0,1,1,,,,25,0,0,1.1,1,0,1,3,2,1,3,0,0,0,0,SR-823,,-120.5270917,46.63689444,0,1,1,9,1,45,4,0,0,1,2,25,3,2,2,3,14,1,2,53,0,49,40,2004,0,,63,25,25,2,,,1,1,22,1,1,,4,0,20,7,11,5,12/03/2021,22:55,1.96053E+11,62183,0,0,0,2,1,0,,,,96,,,,,,98,,,,,,98942,53,66,155,1,1,1,3,2,0,,0,,,,,,4,11/15/2021,01/15/2021,1,0,0,0,0,9,8,,,0,,,8,8,2,348,605,,1,1,,2,1,0.156,,,,,,,,,,,,,,,,,,,,,,,,,,,,,,0,0,1,0,1,1,1,1,1,0,0,0,1,1,0,0,0,0,0,1,0,0,0,1,1,0,0,0,0,1,0,0,0,1,0,,1,0,0,0,0,1,1,1,0,1,0,1,0,0,0,1,,,,,,21-25,16-25,State route,U,Friday,Not Used,PV,Hispanic,0,1,0,0,State Route,State Patrol,Washington State Patrol,1,1,0,0,0,thc,0.56,,,,0,1,0,,,,,,,,,,,98,98,98,298,,,,,20,,,,,,,,nms,1,0,,,,,,
2021,535,EC02897,8,12/16/2021,20:36,16,12,,27,Grays Harbor,0,5,,2,2,2,1,0,3,2,,,,12,0,8,37.4,1,0,1,3,1,1,2,0,0,0,0,US-12,,-123.1843333,46.82982222,0,2,65,62,4,55,66,1,0,1,2,12,1,1,2,1,1,1,2,53,0,82,883,1987,0,,12,63,42,,,,1,1,55,1,0,,2,0,99,7,11,5,,,,,0,2,0,2,1,0,,,,96,,,,,,98,,,,,,98942,53,72,170,1,1,0,3,0,0,,97,,,,,,0,05/15/2018,09/15/2019,99,0,0,0,8,9,8,,,0,,,8,8,0,0,,,0,,,0,0,996,,,,,,,,,,,,,,,,,,,,,,,,,,,,,,0,0,0,0,1,0,0,0,0,0,0,0,0,1,0,0,0,0,0,0,0,0,0,0,0,0,0,0,0,1,1,0,0,0,0,,0,0,0,0,0,0,0,0,0,0,0,1,0,0,0,0,,,,,,51-55,46-55,US highway,R,Thursday,,MHTRUCK,Not Fatal,0,1,1,0,State Route,State Patrol,Washington State Patrol,0,1,0,0,0,,,,,,0,0,1,,,,,,,,,,,0,0,0,0,,,,,20,,,,,,,,,1,0,,,,,,
2017,413,3658425,344,09/25/2017,13:33,25,9,0,77,Yakima,0,1,0,1,1,2,1,0,2,2,,,,12,0,6,9999.9,2,0,2,5,1,2,4,0,3,0,0,CR-BRANCH RD,MCKINLEY RD,-120.3964556,46.40433333,0,2,88,66,4,50,66,1,0,1,2,12,1,1,2,1,1,1,1,53,0,98,804,1997,0,0,12,,,,,,1,1,62,1,0,0,1,0,3,0,11,0,,,,,3,3,0,3,1,0,0,0,0,0,,,,,,0,,,,,,98944,53,68,230,6,1,0,3,1,0,0,0,,,,,,0,10/15/2012,08/15/2016,20,0,0,0,8,9,8,,,0,0,0,8,0,0,0,0,0,0,0,0,0,0,996,,,,,,,,,,,,,,,,,,,,,,,,,,,,,,0,0,0,1,0,0,0,0,0,0,0,0,0,1,0,0,0,0,0,0,0,0,0,0,0,1,0,0,0,1,1,0,0,0,0,,0,0,0,0,0,0,0,0,0,0,0,0,0,0,0,0,,,,,,61-65,56-65,County road,R,Monday,,MHTRUCK,Not Fatal,1,0,0,0,County Road,Other Law Enforcement,Yakama Tribal Police Department,0,0,1,0,0,,,,,,,,,,,,,,,,,,,,,,,,,,,,,,,,,,,,,,,,,,,
2017,251,E690820,1,07/07/2017,15:55,7,7,0,77,Yakima,0,1,0,1,1,2,1,0,6,3,,,,12,0,8,9999.9,1,0,1,6,1,2,4,0,0,0,0,CR-OUTLOOK RD,,-120.0626639,46.33113889,0,1,64,10,2,50,4,0,0,1,2,12,1,1,2,1,1,1,1,53,0,63,34,2003,0,0,68,12,12,,,,1,1,60,1,1,98,4,7,3,0,11,0,07/07/2017,15:55,53029950,29950,0,0,3,3,1,28,0,0,0,96,,,,,,9,,,,,,98944,53,65,140,6,1,1,2,0,0,2,0,,,,,,0,10/15/2012,03/15/2014,1,0,0,0,0,1,8,,,0,0,0,8,1,2,402,0,0,1,0,0,2,1,0.25,,,,,,,,,,,,,,,,,,,,,,,,,,,,,,0,0,0,0,1,1,1,1,0,0,0,0,0,0,0,0,0,0,0,0,0,1,1,0,1,0,0,0,0,1,0,0,0,0,0,,1,0,0,0,0,1,1,1,0,0,0,0,0,0,0,1,,,,,,56-60,56-65,County road,R,Friday,Belt Used,PV,Hispanic,0,0,0,0,County Road,State Patrol,Washington State Patrol Headquarter,0,0,1,0,0,,,,,,,,,,,,,,,,,,,,,,,,,,,,,,,,,,,,,,,,,,,
2017,309,E704326,1,08/12/2017,15:45,12,8,0,5,Benton,0,1,0,1,1,2,1,0,3,2,,,,12,0,11,17.3,1,0,1,4,1,1,3,0,0,0,0,SR-221,,-119.6014694,46.18498056,0,2,98,62,4,65,3,0,0,1,2,2,2,1,2,1,14,2,1,53,0,12,37,2000,0,0,12,2,,,,,1,1,47,1,0,0,2,0,3,0,11,4,,,,,0,0,0,3,1,0,0,0,0,0,,,,,,0,,,,,,98944,53,64,180,6,1,0,1,1,1,0,0,,,,,,0,12/15/2012,06/15/2017,99,0,0,0,8,9,8,,,0,0,0,8,0,0,0,0,0,0,0,0,0,0,996,,,,,,,,,,,,,,,,,,,,,,,,,,,,,,0,0,0,0,1,1,1,1,1,0,0,0,0,0,0,0,0,0,0,0,0,0,0,0,0,0,0,0,0,1,0,0,0,0,0,,0,0,0,0,0,0,0,0,0,0,0,0,0,0,0,0,,,,,,46-50,46-55,State route,R,Saturday,Belt Used,PV,Not Fatal,0,1,1,0,State Route,State Patrol,Washington State Patrol Headquarter,0,1,0,0,0,,,,,,,,,,,,,,,,,,,,,,,,,,,,,,,,,,,,,,,,,,,
2017,337,E706633,1,08/24/2017,16:12,24,8,0,21,Franklin,1660,1,0,1,1,2,1,0,5,3,,,,12,0,1,13.8,1,0,1,1,2,1,1,0,0,0,0,I-82,,-119.0943083,46.24978333,0,2,29,53,3,60,20,0,0,1,5,12,1,1,2,3,2,1,2,53,0,41,441,2001,0,0,12,,,,,,1,1,25,2,0,0,0,0,3,0,11,0,,,,,0,0,3,3,1,0,0,0,0,0,,,,,,0,,,,,,98944,53,67,125,6,1,0,0,0,0,0,0,,,,,,0,,,20,0,0,0,8,9,8,,,0,0,0,8,0,0,0,0,0,0,0,0,0,0,996,,,,,,,,,,,,,,,,,,,,,,,,,,,,,,0,0,0,0,0,0,0,0,0,0,0,0,0,0,0,0,1,0,0,0,0,0,0,1,1,0,0,0,0,1,1,0,0,0,0,,0,0,0,0,0,0,0,0,0,0,0,0,0,0,0,0,,,,,,21-25,16-25,Interstate,U,Thursday,Belt Used,PV,Not Fatal,0,0,0,0,State Route,State Patrol,Washington State Patrol Headquarter,0,1,0,0,0,,,,,,,,,,,,,,,,,,,,,,,,,,,,,,,,,,,,,,,,,,,
2017,386,E718363,6,09/25/2017,21:37,25,9,0,25,Grant,0,1,0,2,1,2,1,0,2,2,21:32,21:41,,12,0,2,10.9,1,0,1,4,1,1,3,0,0,0,0,SR-243,,-119.9166417,46.71251111,0,2,51,62,4,55,66,1,0,1,2,2,3,1,2,1,14,1,1,53,0,84,884,1997,0,0,12,68,2,,,,1,1,48,1,0,0,0,0,3,0,11,0,,,,,6,3,0,3,1,0,0,0,0,0,,,,,,0,,,,,,98944,53,68,250,6,1,0,3,1,0,0,0,,,,,,0,06/15/2013,09/15/2017,99,0,0,0,8,9,8,,,0,0,0,8,0,0,0,0,0,0,0,0,0,0,996,,,,,,,,,,,,,,,,,,,,,,,,,,,,,,0,0,0,0,1,1,0,1,0,0,0,0,0,0,0,0,0,0,0,0,0,0,0,0,0,0,0,0,0,1,1,0,0,0,0,,0,0,0,0,0,0,0,0,0,0,0,0,0,0,0,0,,,,,,46-50,46-55,State route,R,Monday,,MHTRUCK,Not Fatal,0,1,1,0,State Route,State Patrol,Washington State Patrol Headquarter,0,1,0,0,0,,,,,,,,,,,,,,,,,,,,,,,,,,,,,,,,,,,,,,,,,,,
2017,418,E721634,1,10/07/2017,2:43,7,10,0,77,Yakima,0,1,0,2,1,2,1,0,2,2,,,,12,0,2,12.9,1,0,1,5,1,1,3,0,3,0,0,SR-22,,-120.1670278,46.28166667,0,2,51,62,4,60,61,0,0,1,2,12,1,1,2,1,1,1,3,53,0,12,881,1999,0,0,12,,,,,,1,1,27,1,0,0,1,0,3,0,11,6,,,,,0,0,0,3,1,0,0,0,0,0,,,,,,0,,,,,,98944,53,73,175,6,1,0,0,0,0,0,0,,,,,,0,,,1,0,0,0,8,9,8,,,0,0,0,8,0,0,0,0,0,0,0,0,0,0,996,,,,,,,,,,,,,,,,,,,,,,,,,,,,,,0,0,0,0,1,1,0,1,0,0,0,0,0,0,0,1,0,0,0,0,0,1,1,0,1,0,0,0,0,1,1,0,0,0,0,,0,0,0,0,0,0,0,0,0,0,0,0,0,0,0,0,,,,,,26-30,26-35,State route,R,Saturday,,MHTRUCK,Not Fatal,0,1,1,0,State Route,State Patrol,Washington State Patrol Headquarter,0,1,0,0,0,,,,,,,,,,,,,,,,,,,,,,,,,,,,,,,,,,,,,,,,,,,
2018,303,E834660,146,08/31/2018,5:30,31,8,0,77,Yakima,0,1,0,4,1,2,1,0,2,2,,,,12,1,6,4.1,2,0,2,5,1,2,4,0,0,20,3,CR-INDEPENDENCE RD,MAPLE GROVE RD,-120.041,46.37469167,0,1,86,17,2,50,2,0,0,1,7,12,1,1,2,1,1,1,2,53,0,12,3,2004,0,0,12,,,,,,1,1,39,1,0,0,1,0,3,0,11,8,,,,,99,9,9,9,1,38,39,0,0,10,,,,,,0,,,,,,98944,99,,999,9,9,99,99,99,99,,1,7,,,,,0,,,8,0,0,0,8,9,8,,,0,0,0,8,0,8,95,,,96,,,8,95,995,,,,,,,,,,,,,,,,,,,,,,,,,,,,,,0,0,0,1,0,0,0,0,0,0,0,0,0,0,0,0,1,0,1,0,0,0,0,0,0,0,0,0,0,1,0,0,0,0,0,,0,0,0,0,0,0,0,0,1,0,1,0,0,0,0,0,,,,,,36-40,36-45,County road,R,Friday,Belt Used,PV,Not Fatal,1,0,0,0,County Road,County Sheriff,Yakima County Sheriff's Office,0,0,1,0,0,,,,,,99,99,99,,,,,,,,,,,,,,,,,,,,,,,,,,,,,,,,,,,
2018,331,E838650,146,09/13/2018,17:50,13,9,0,77,Yakima,0,1,0,1,1,2,1,0,3,2,,,,12,0,6,5.1,2,0,2,6,1,2,4,0,0,20,3,CR-INDEPENDENCE RD,SCOON RD,-120.0199889,46.37458889,0,1,86,17,2,50,4,0,0,1,2,12,1,1,2,1,1,1,2,53,0,52,34,2006,0,0,12,,,,,,1,1,18,1,0,0,2,0,3,0,11,8,,,,,0,0,0,0,1,39,0,0,0,96,,,,,,0,,,,,,98944,53,73,168,0,0,0,0,0,0,,97,,,,,,0,,,1,0,0,0,8,9,8,,,0,0,0,8,0,8,95,,,96,,,8,95,995,,,,,,,,,,,,,,,,,,,,,,,,,,,,,,0,0,0,1,0,0,0,0,0,0,0,0,0,1,0,0,0,0,0,0,0,1,1,0,1,0,0,0,0,1,0,0,0,0,0,,0,0,0,0,0,0,0,0,0,0,0,1,0,0,0,0,,,,,,18-20,16-25,County road,R,Thursday,Belt Used,PV,Not Fatal,1,0,0,0,County Road,County Sheriff,Yakima County Sheriff's Office,0,0,1,0,0,,,,,,0,0,0,,,,,,,,,,,,,,,,,,,,,,,,,,,,,,,,,,,
2018,332,E838740,1,08/31/2018,5:48,31,8,0,77,Yakima,0,1,0,4,1,2,3,0,5,2,5:43,5:58,,12,0,2,43.1,1,0,1,3,1,1,2,0,3,0,0,US-97,,-120.5027778,46.17398889,0,2,51,62,4,60,66,1,0,1,2,12,1,3,2,1,1,1,3,53,0,85,881,2018,0,0,12,68,64,38,,,1,1,52,1,0,0,1,0,3,0,11,4,,,,,6,3,0,3,1,0,0,0,0,96,,,,,,0,,,,,,98944,53,69,210,6,1,0,2,0,0,,0,,,,,,0,03/15/2014,09/15/2014,20,0,0,0,8,9,2,,,0,0,0,0,0,8,95,,,96,,,8,95,995,,,,,,,,,,,,,,,,,,,,,,,,,,,,,,0,0,0,0,0,0,0,0,0,0,0,0,0,0,0,0,0,0,0,1,0,0,0,0,0,0,0,0,0,1,1,0,0,0,0,,0,0,0,0,0,0,0,0,0,0,0,0,0,0,0,0,,,,,,51-55,46-55,US highway,R,Friday,,MHTRUCK,Not Fatal,0,1,1,0,State Route,State Patrol,Washington State Patrol,0,1,0,0,0,,,,,,0,0,0,,,,,,,,,,,,,,,,,,,,,,,,,,,,,,,,,,,
2018,453,E871028,1,12/05/2018,5:30,5,12,0,77,Yakima,0,5,0,2,0,0,1,0,3,3,5:30,5:45,6:28,12,0,6,13.8,4,0,1,5,1,1,3,0,0,0,0,SR-241,,-119.9555667,46.39143056,0,1,82,15,2,0,66,1,0,1,5,12,0,0,0,0,11,1,3,53,0,82,881,2012,0,0,12,12,,,,,1,1,34,1,0,0,0,0,3,0,11,0,,,,,6,1,0,3,1,38,0,0,0,96,,,,,,0,,,,,,98944,53,65,153,6,1,0,0,1,0,,2,,,,,,0,09/15/2017,09/15/2017,20,0,0,0,8,9,8,,,0,0,0,8,0,8,95,,,96,,,8,95,995,,,,,,,,,,,,,,,,,,,,,,,,,,,,,,0,0,0,0,0,0,0,0,0,0,0,0,0,0,0,0,0,0,1,0,0,0,0,1,1,0,0,0,0,1,1,0,0,0,0,,0,0,0,0,0,0,0,0,0,0,1,0,0,0,0,0,,,,,,31-35,26-35,State route,R,Wednesday,,MHTRUCK,Not Fatal,0,0,0,0,State Route,State Patrol,Washington State Patrol,0,1,0,0,0,,,,,,0,0,0,,,,,,,,,,,,,,,,,,,,,,,,,,,,,,,,,,,
2018,453,E871028,1,12/05/2018,5:30,5,12,0,77,Yakima,0,5,0,2,4,2,1,0,3,3,5:30,5:45,6:28,12,0,6,13.8,4,0,1,5,1,1,3,0,0,0,0,SR-241,,-119.9555667,46.39143056,0,2,83,67,4,55,34,0,0,1,7,12,1,1,2,1,1,1,2,53,0,35,471,1993,0,0,12,12,,,,,1,1,24,1,6,98,4,7,99,0,11,0,12/05/2018,5:30,53053860,53860,0,0,3,3,1,0,0,0,0,96,,,,,,99,,,,,,98944,53,67,158,6,1,0,2,1,2,,0,,,,,,0,05/15/2015,07/15/2016,20,1,9,0,0,9,8,,,0,0,0,8,9,8,95,,,96,,,8,95,995,,,,,,,,,,,,,,,,,,,,,,,,,,,,,,0,0,0,0,0,0,0,0,0,0,0,0,0,0,0,0,0,0,1,0,0,0,0,1,1,0,0,0,0,1,1,0,0,0,0,,1,0,0,0,0,0,0,0,0,0,0,0,0,0,0,0,,,,,,21-25,16-25,State route,R,Wednesday,Unknown,PV,Hispanic,0,0,0,0,State Route,State Patrol,Washington State Patrol,0,1,0,0,0,,,,,,0,0,0,,,,,,,,,,,,,,,,,,,,,,,,,,,,,,,,,,,
2019,91,E907243,146,03/17/2019,14:15,17,3,,77,Yakima,0,1,0,1,1,2,1,0,2,2,,,,12,0,6,2.9,2,0,2,6,1,2,4,0,0,20,3,CR-WANETA RD,STOVER RD,-119.9785583,46.27302222,0,1,87,17,2,50,4,0,0,1,7,12,1,1,2,1,1,1,1,53,0,55,33,2000,0,0,12,,,,,,1,1,86,1,7,,4,0,3,0,11,4,03/17/2019,15:42,2.22053E+11,12470,0,0,3,3,1,38,39,0,0,96,,,,,,99,,,,,,98944,53,68,193,6,1,0,0,0,0,,0,,,,,,0,,,1,0,0,0,0,9,8,,,0,0,0,8,9,8,95,,,96,,,8,95,995,,,,,,,,,,,,,,,,,,,,,,,,,,,,,,0,0,0,1,0,0,0,0,0,0,0,0,0,0,0,0,0,0,1,0,0,0,0,0,0,1,1,1,0,1,1,0,0,0,0,,1,0,0,0,0,0,0,0,0,0,1,0,0,0,0,0,,,,,,81+,76+,County road,R,Sunday,Belt Used,PV,White,1,0,0,0,County Road,County Sheriff,Yakima County Sheriff's Office,0,0,1,0,0,,,,,,0,0,0,,,,,,,,,,,98,98,98,1,,,,,20,7,,,,,,,,,,,,,,,
2019,249,E944303,1,07/23/2019,0:38,23,7,,77,Yakima,0,1,0,2,1,2,1,0,2,2,,,,12,0,6,0.3,1,0,1,5,1,2,4,0,0,0,0,CR-VAN BELLE RD,,-120.1692278,46.34652778,0,1,66,6,1,50,4,0,0,1,2,12,1,1,2,1,1,1,1,53,0,42,31,1992,0,0,68,68,68,64,69,12,1,1,21,1,1,,4,7,3,0,11,0,07/23/2019,0:38,53032958,32958,0,0,0,2,1,28,0,0,0,96,,,,,,9,,,,,,98944,53,66,155,1,1,0,1,0,1,,0,,,,,,4,07/15/2018,08/15/2018,1,0,0,0,0,1,8,,,0,0,0,8,1,2,1,,,1,,,2,1,0.21,,,,,,,,,,,,,,,,,,,,,,,,,,,,,,0,0,0,0,1,1,0,1,0,0,0,0,1,1,0,0,0,0,0,0,0,0,0,1,1,0,0,0,0,1,1,0,0,0,0,,1,0,0,0,0,1,0,1,0,1,0,1,0,1,0,1,,,,,,21-25,16-25,County road,R,Tuesday,Belt Used,PV,Hispanic,0,1,1,0,County Road,State Patrol,Washington State Patrol,0,0,1,0,0,,,,,,1,0,1,,,,,,,,,,,0,0,0,201,298,,,,20,7,,,,,,,,,,,,,,,
2019,370,E972260,1,09/19/2019,22:21,19,9,,77,Yakima,840,1,0,2,1,2,1,0,2,2,,,,12,0,2,71.9,1,0,1,1,1,1,1,0,0,0,0,I-82,,-119.9345778,46.27789722,0,1,50,54,3,98,4,0,0,1,2,12,1,1,2,2,1,1,2,6,0,49,40,2014,0,0,12,,,,,,1,1,43,1,1,,4,7,3,0,11,0,09/19/2019,22:21,84053041498,41498,0,0,0,3,1,51,0,0,0,96,,,,,,9,,,,,,98944,53,,999,6,1,1,1,0,0,,0,,,,,,0,01/15/2018,01/15/2018,8,0,0,0,0,9,8,,,0,0,0,1,1,2,401,417,,1,1,,2,1,0.322,,,,,,,,,,,,,,,,,,,,,,,,,,,,,,0,0,0,0,1,1,1,1,0,0,0,0,0,0,0,0,0,0,0,0,0,0,0,1,1,0,0,0,0,1,0,0,0,0,0,,1,0,0,0,0,1,1,1,0,0,0,0,0,0,0,1,,,,,,41-45,36-45,Interstate,R,Thursday,Belt Used,PV,Hispanic,0,0,0,1,State Route,State Patrol,Washington State Patrol,0,1,0,0,0,,,,,,0,0,1,,,,,,,,,,,98,98,98,298,,,,,20,7,,,,,,,,,,,,,,,
2020,232,EA48230,146,07/14/2020,16:40,14,7,,77,Yakima,0,1,,1,0,0,2,0,3,2,16:42,16:50,17:14,12,0,6,0.6,8,0,1,6,1,2,4,0,0,0,0,CR-WENDELL PHILLIPS RD,,-120.0622583,46.29489444,0,1,89,17,2,0,90,0,0,1,2,12,0,0,0,0,1,2,0,53,0,98,733,2005,0,,12,,,,,,1,1,14,1,1,,4,7,20,7,11,0,07/14/2020,16:40,53034557,34557,0,0,0,1,1,38,,,,96,,,,,,98,,,,,,98944,53,,999,0,0,0,0,0,0,,0,,,,,,0,,,20,1,9,0,0,9,8,,,0,,,8,8,2,1,,,1,,,2,1,0,,,,,,,,,,,,,,,,,,,,,,,,,,,,,,0,0,0,0,0,0,0,0,0,0,0,0,0,1,0,0,0,0,1,0,0,1,1,0,1,0,0,0,0,1,0,0,0,0,0,,0,0,0,0,0,0,0,0,0,0,1,1,0,0,0,0,,,,,,10ÔÂ15ÈÕ,0-15,County road,R,Tuesday,,OTHVT,Hispanic,0,0,0,0,County Road,County Sheriff,Yakima County Sheriff's Office,0,0,1,0,0,,,,,,0,0,0,,,,,,,,,,,0,0,0,98,,,,,17,7,,,,,,,,1,0,,,WENDELL PHILLIPS RD.,0.6,,
2020,304,EA58989,146,07/26/2020,11:33,26,7,,77,Yakima,0,1,,1,1,2,1,0,6,2,11:40,11:49,12:23,12,0,6,5.1,2,0,2,5,1,2,4,0,0,0,0,CR-SCOON RD,INDEPENDENCE RD,-120.0199917,46.37454444,0,2,88,66,4,50,34,0,0,1,5,12,1,1,2,1,1,2,3,53,0,12,481,2000,0,,12,,,,,,1,1,50,1,0,,1,0,99,7,11,0,,,,,0,0,0,3,1,0,,,,96,,,,,,0,,,,,,98944,53,66,150,6,1,0,0,1,0,,0,,,,,,0,10/15/2018,10/15/2018,1,0,0,0,8,9,8,,,0,,,8,8,0,0,,,0,,,0,0,996,,,,,,,,,,,,,,,,,,,,,,,,,,,,,,0,0,0,1,0,0,0,0,0,0,0,0,0,0,0,0,0,0,1,1,0,0,0,0,0,0,0,0,0,1,0,0,0,0,0,,0,0,0,0,0,0,0,0,0,0,0,0,0,0,0,0,,,,,,46-50,46-55,County road,R,Sunday,Unknown,PV,Not Fatal,1,0,0,0,County Road,County Sheriff,Yakima County Sheriff's Office,0,0,1,0,0,,,,,,0,0,0,,,,,,,,,,,98,98,98,0,,,,,20,7,,,,,,,,1,0,,,INDEPENDENCE RD.,5.07,SCOON RD.,3.03