year,case,par,repjur,crash_dt,crash_tm,accday,accmon,holiday,county,co_char,city,weather,weather2,lightcond,surfcond,surftype,numfatal,nmforms,pforms,vforms,not_tm,arr_tm,hosp_tm,fhevent,hitrun,manncol,milepnt,reljunc,reljuncinter,intersectiontype,funcsystem,landuse,ownership,route,schlbus,spejur,contdev,devfunc,trafid1,trafid2,x,y,wk_zone,vnumber,crashtype,criticalevent,criticaleventcat,spdlim,body,trailer,emerg,hazcargo,leave,mhevent,roadalgn,roadprof,traflane,trafflow,vehmanvr,numoccs,regowner,regstate,spuse,make,model,modelyr,vrf1,vrf2,seqevent1,seqevent2,seqevent3,seqevent4,seqevent5,seqevent6,pnumber,ptype,age,sex,hispanic,race,injury,diedscene,restraint,restraintmisuse,seatpos,takehosp,death_dt,death_tm,cert,cernum_wa,commlic,licendor,licrestrict,liccomp,drivpres,drf1,drf2,drf3,drf4,distract1,distract2,distract3,distract4,distract5,distract6,dricond1,dricond2,dricond3,dricond4,dricond5,dricond6,dzip,licstate,drhgt_in,weight,noncdl,noncdltype,prevdwi,prevoth,prevacc,prevspd,prevsus,driviol1,driviol2,driviol3,driviol4,driviol5,driviol6,spdrel,first_dt,last_dt,airbag,ejection,ejectpath,extricat,injurwrk,methalc,methdrug,nmlocat,strikveh,prf1,prf2,prf3,druginv,alcinvol,drugsts,drugres1,drugres2,drugres3,drugtst1,drugtst2,drugtst3,alcsts,alctst,alcres,nmact1,nmact2,nmact3,nmact4,nmact5,nmact6,nmprior1,nmprior2,nmprior3,nmprior4,nmprior5,nmprior6,nmcond1,nmcond2,nmcond3,nmcond4,nmcond5,nmcond6,nmsafe_helmet,nmsafe_pads,nmsafe_oth,nmprev_ref,nmprev_lgt,nmprev_oth,crashlocation,nmcrashtype,crosswalk,schoolzone,sidewalk,train_inv,wildlife_inv,rotr_fars,intersect_fars,dd_inv,aid_inv,dpd_inv,id_inv,mj_inv,impnm_inv,ainm_inv,dpnm_inv,speed_inv,unlic_inv,unendmc_inv,drowsy_inv,drdist_inv,nmdist_inv,fty_inv,unrestfat_inv,dr1617_inv,dr1820_inv,dr1620_inv,dr2125_inv,dr1625_inv,dr65_inv,dr70_inv,dr75_inv,mc_inv,pv_inv,ht_inv,ped_inv,bike_inv,unrest_fat,mc_fat,unhelmet_mc,pv_fat,ht_fat,ped_fat,bike_fat,dr_alc7,dr_alc8,dr_drug,dr_imp,dr_dist,dr_spd,dr_fty,dr_unlic,dr_alc7only,dr_alc8only,dr_drugonly,dr_drink,nm_imp,nm_alc7,nm_alc8,nm_drug,nm_dist,agegrp1,agegrp2,roadclass,urbrur,dayweek,restuse,vehtype,race_me,intersect,lanedep,oppdir,wrongway,rep_typ,investag,repag_long,rotr,st_rd,cty_rd,city_rd,oth_rd,drug_thc,thc_res,drug_cthc,cthc_res,drug_cann,prevpersemin,prevperse,prevsusoth,drugtst4,drugtst5,drugtst6,drugtst7,drugtst8,drugres4,drugres5,drugres6,drugres7,drugres8,adspresent,adsengaged,adslevel,race1,race2,race3,race4,race5,helmet,helmetmisuse,nmdistract1,nmdistract2,nmdistract3,nmdistract4,nmdistract5,nmdistract6,lab,isedtcase,crf1,crf2,crf3,CoRoadName,CoMP,IntCoRoadName,IntCoMP
2020,322,EA59843,146,08/21/2020,23:55,21,8,,77,Yakima,0,1,,2,1,2,1,0,1,1,23:57,0:04,,34,0,0,8.6,1,0,1,5,1,2,4,0,0,0,0,CR-VAN BELLE RD,,-119.9971056,46.34553333,0,1,2,13,2,50,4,0,0,1,2,1,1,1,2,1,1,1,2,53,0,12,37,2008,0,,63,34,67,35,35,1,1,1,33,1,1,,4,0,20,7,11,5,08/22/2020,1:14,2.22053E+11,38762,0,0,0,0,1,0,,,,96,,,,,,9,,,,,,98944,53,68,195,0,0,0,0,0,0,,0,,,,,,4,,,8,1,9,0,0,9,8,,,0,,,8,1,2,695,605,,1,1,,2,1,0.227,,,,,,,,,,,,,,,,,,,,,,,,,,,,,,0,0,0,0,1,1,1,1,1,0,0,0,1,1,0,0,0,0,0,1,0,0,0,0,0,0,0,0,0,1,0,0,0,1,0,,1,0,0,0,0,1,1,1,0,1,0,1,0,0,0,1,,,,,,31-35,26-35,County road,R,Friday,Not Used,PV,Hispanic,0,1,0,0,County Road,County Sheriff,Yakima County Sheriff's Office,1,0,1,0,0,thc,3.8,carboxy-thc,15,,0,0,0,,,,,,,,,,,98,98,98,98,,,,,20,7,,,,,,,nms,1,18,,,VAN BELLE RD.,8.62,,
2020,437,EA79203,1,11/04/2020,6:33,4,11,,5,Benton,0,1,,4,2,2,2,0,5,3,,,,12,0,1,35.4,3,0,3,4,1,1,3,0,0,0,0,SR-24,N COLD CREEK RD,-119.7910806,46.56930278,0,2,21,53,3,65,5,0,0,1,2,12,2,1,2,1,5,2,1,53,0,30,42,2006,0,,12,68,12,,,,1,1,61,2,1,,4,7,3,0,11,0,11/04/2020,6:33,53051779,51779,0,0,3,3,1,0,,,,96,,,,,,98,,,,,,98944,53,64,268,6,1,0,0,0,0,,0,,,,,,0,,,20,1,9,0,0,9,8,,,0,,,8,8,2,1,,,1,,,2,1,0,,,,,,,,,,,,,,,,,,,,,,,,,,,,,,0,0,0,1,0,0,0,0,0,0,0,0,0,0,0,0,1,0,0,0,0,0,0,0,0,0,0,0,0,1,1,0,0,0,0,,1,0,0,0,0,0,0,0,0,0,0,0,0,0,0,0,,,,,,61-65,56-65,State route,R,Wednesday,Belt Used,PV,Hispanic,1,0,0,0,State Route,State Patrol,Washington State Patrol,0,1,0,0,0,,,,,,0,0,0,,,,,,,,,,,98,98,98,298,,,,,20,7,,,,,,,,1,0,,,,,,
2020,456,EA83702,1,11/18/2020,20:49,18,11,,77,Yakima,0,1,,2,1,2,1,0,2,2,20:54,21:15,22:02,12,0,1,66.8,1,0,1,4,1,1,2,0,3,0,0,US-97,,-120.4083306,46.426025,0,1,24,51,3,55,4,0,0,1,2,12,1,1,2,3,1,1,2,53,0,20,37,2014,0,,12,1,,,,,1,1,32,1,0,,2,0,99,7,11,5,,,,,0,0,2,2,1,74,91,,,96,,,,,,9,,,,,,98944,53,69,230,1,1,2,0,1,0,,1,,,,,,0,06/15/2016,06/15/2019,1,0,0,0,8,1,8,,,0,,,8,1,2,1,,,1,,,2,1,0.23,,,,,,,,,,,,,,,,,,,,,,,,,,,,,,0,0,0,0,1,1,0,1,0,0,0,0,0,1,0,0,0,0,0,0,0,0,0,0,0,0,0,0,0,1,0,0,0,0,0,,0,0,0,0,0,1,0,1,0,0,0,1,0,1,0,1,,,,,,31-35,26-35,US highway,R,Wednesday,Unknown,PV,Not Fatal,0,0,0,0,State Route,State Patrol,Washington State Patrol,0,1,0,0,0,,,,,,0,1,5,,,,,,,,,,,98,98,98,0,,,,,20,7,,,,,,,,1,0,,,,,,
2021,12,EA98536,1,01/07/2021,22:51,7,1,,5,Benton,0,5,,2,1,2,1,0,4,3,,,,12,0,2,86,1,0,1,1,1,1,1,0,0,0,0,I-82,,-119.6734667,46.22353333,0,3,98,98,7,70,2,0,0,1,2,12,3,2,2,3,14,2,2,53,0,20,16,1998,0,,12,,,,,,1,1,25,1,0,,0,0,3,0,11,0,,,,,0,0,3,2,1,0,,,,0,,,,,,0,,,,,,98944,53,68,145,1,1,1,1,1,1,,0,,,,,,0,11/15/2018,01/15/2018,20,0,0,0,8,3,2,,,0,,,0,8,0,0,,,0,,,0,0,996,,,,,,,,,,,,,,,,,,,,,,,,,,,,,,0,0,0,0,1,1,1,1,1,0,0,0,0,1,0,0,0,0,0,1,0,0,0,1,1,1,0,0,0,1,0,0,0,0,0,,0,0,0,0,0,0,0,0,0,0,0,1,0,0,0,0,,,,,,21-25,16-25,Interstate,R,Thursday,Belt Used,PV,Not Fatal,0,0,0,1,State Route,State Patrol,Washington State Patrol,0,1,0,0,0,,,,,,0,1,3,,,,,,,,,,,0,0,0,0,,,,,20,,,,,,,,,1,0,,,,,,
2021,155,EB31105,289,03/26/2021,19:03,26,3,,77,Yakima,2220,1,,5,1,2,1,1,3,1,,,,8,0,0,0,1,0,1,5,2,4,6,0,0,0,0,NORTH AVE,,-120.0097417,46.33101944,0,1,13,80,5,25,34,0,0,1,5,8,1,1,2,1,1,3,2,53,0,12,481,1981,0,,8,,,,,,1,1,35,1,0,,0,0,3,0,11,0,,,,,0,0,0,3,1,0,,,,96,,,,,,98,,,,,,98944,53,66,160,6,1,0,1,0,0,,72,,,,,,0,02/15/2021,02/15/2021,20,0,0,0,8,9,8,,,0,,,8,8,0,0,,,0,,,0,0,996,,,,,,,,,,,,,,,,,,,,,,,,,,,,,,0,0,0,0,0,0,0,0,0,1,0,1,0,0,0,0,0,0,0,0,0,0,0,0,0,0,0,0,0,1,0,1,0,0,0,,0,0,0,0,0,0,0,0,0,0,0,0,0,0,0,0,,,,,,31-35,26-35,City street,U,Friday,Belt Used,PV,Not Fatal,0,0,0,0,City Street,Municipal/City Police,Sunnyside Police Department,0,0,0,1,0,,,,,,0,0,0,,,,,,,,,,,0,0,0,0,,,,,20,,,,,,,,,1,0,,,,,,
2021,280,EB55776,146,08/05/2021,10:05,5,8,,77,Yakima,0,10,,1,1,5,3,0,7,1,,,,59,0,0,0.2,1,0,1,7,1,2,4,0,3,0,0,CR-SHIELDS RD,,-120.5654611,46.42255833,0,1,6,6,1,50,34,0,0,1,2,1,1,4,2,1,1,7,2,53,0,12,473,2003,0,,67,63,69,68,64,59,1,1,17,1,0,,2,0,3,0,11,5,,,,,0,0,0,0,1,58,,,,96,,,,,,98,,,,,,98944,53,,999,0,0,99,99,99,99,,97,,,,,,4,,,20,0,0,0,8,3,2,,,0,,,8,8,0,0,,,0,,,0,0,996,,,,,,,,,,,,,,,,,,,,,,,,,,,,,,0,0,1,0,0,0,0,0,0,0,0,0,1,1,0,0,0,0,0,1,1,0,1,0,1,0,0,0,0,1,0,0,0,0,0,,0,0,0,0,0,0,0,0,0,1,0,1,0,0,0,0,,,,,,16-17,16-25,County road,R,Thursday,Belt Used,PV,Not Fatal,0,1,0,0,County Road,County Sheriff,Yakima County Sheriff's Office,1,0,1,0,0,,,,,,99,99,99,,,,,,,,,,,98,98,98,0,,,,,20,,,,,,,,,1,0,,,SHIELDS RD.,0.23,NULL,
2021,630,EB61178,289,08/21/2021,22:19,21,8,,77,Yakima,2220,1,,3,1,1,1,1,1,1,,,,19,0,0,0,1,0,1,7,2,4,6,0,0,0,0,PARKLAND DR,,-120.0225972,46.31368333,0,1,14,14,2,25,4,0,0,1,2,8,1,1,8,4,1,1,2,53,0,12,23,2010,0,,71,19,8,,,,1,1,25,1,0,,0,0,3,0,11,0,,,,,0,0,0,3,1,0,,,,96,,,,,,9,,,,,,98944,53,68,170,6,1,0,0,0,2,,1,,,,,,4,04/15/2018,01/15/2021,8,0,0,0,8,9,8,,,0,,,8,1,8,95,,,96,,,2,1,997,,,,,,,,,,,,,,,,,,,,,,,,,,,,,,0,0,0,0,1,0,0,0,0,0,0,0,1,0,0,0,0,0,0,0,0,0,0,1,1,0,0,0,0,1,0,0,0,0,0,,0,0,0,0,0,0,0,0,0,1,0,0,0,0,0,1,,,,,,21-25,16-25,City street,U,Saturday,Belt Used,PV,Not Fatal,0,1,0,0,City Street,Municipal/City Police,Sunnyside Police Department,1,0,0,1,0,,,,,,0,0,0,,,,,,,,,,,98,98,98,0,,,,,20,,,,,,,,,1,0,,,,,,
2021,419,EB79155,146,10/06/2021,15:08,6,10,,77,Yakima,0,1,,1,1,2,1,0,2,2,,,,12,0,1,5.7,1,0,1,6,1,2,4,0,0,0,0,CR-BETHANY RD,,-119.92665,46.35047222,0,1,24,60,4,50,66,0,0,1,2,12,1,1,2,1,1,1,3,53,0,82,881,1991,0,,63,69,12,1,,,1,1,64,1,0,,0,0,99,7,11,0,,,,,0,0,0,2,1,0,,,,96,,,,,,98,,,,,,98944,53,66,150,6,1,0,0,1,0,,0,,,,,,0,09/15/2018,09/15/2018,20,0,0,0,8,9,8,,,0,,,8,8,0,0,,,0,,,0,0,996,,,,,,,,,,,,,,,,,,,,,,,,,,,,,,0,0,0,0,0,0,0,0,0,0,0,0,0,0,0,0,0,0,1,0,0,0,0,0,0,1,1,1,0,0,1,0,0,0,0,,0,0,0,0,0,0,0,0,0,0,0,0,0,0,0,0,,,,,,61-65,56-65,County road,R,Wednesday,,MHTRUCK,Not Fatal,0,0,0,0,County Road,County Sheriff,Yakima County Sheriff's Office,0,0,1,0,0,,,,,,0,0,0,,,,,,,,,,,0,0,0,0,,,,,20,,,,,,,,,1,0,,,BETHANY RD.,5.74,NULL,
2021,419,EB79155,146,10/06/2021,15:08,6,10,,77,Yakima,0,1,,1,1,2,1,0,2,2,,,,12,0,1,5.7,1,0,1,6,1,2,4,0,0,0,0,CR-BETHANY RD,,-119.92665,46.35047222,0,2,25,54,3,50,90,0,0,1,2,12,1,1,2,1,15,1,0,0,0,37,733,1993,0,,12,1,,,,,1,1,86,2,7,,4,0,20,7,11,5,10/06/2021,17:19,2.22053E+11,50492,0,0,0,1,1,38,51,,,96,,,,,,98,,,,,,98944,53,63,175,6,1,0,0,0,0,,0,,,,,,0,,,20,2,9,0,0,9,8,,,0,,,8,8,0,0,,,0,,,0,0,996,,,,,,,,,,,,,,,,,,,,,,,,,,,,,,0,0,0,0,0,0,0,0,0,0,0,0,0,0,0,0,0,0,1,0,0,0,0,0,0,1,1,1,0,0,1,0,0,0,0,,0,0,0,0,0,0,0,0,0,0,1,0,0,0,0,0,,,,,,81+,76+,County road,R,Wednesday,,OTHVT,White,0,0,0,0,County Road,County Sheriff,Yakima County Sheriff's Office,0,0,1,0,0,,,,,,0,0,0,,,,,,,,,,,0,0,0,1,,,,,17,,,,,,,,,1,0,,,BETHANY RD.,5.74,NULL,
2021,480,EB91488,146,11/07/2021,16:40,7,11,,77,Yakima,0,1,,1,1,2,1,0,3,3,,,,12,0,7,32.3,1,0,1,5,1,2,4,0,0,0,0,CR-YAKIMA VALLEY HWY,,-119.9463806,46.28823056,0,2,98,62,4,55,4,0,0,1,2,12,1,1,2,1,1,1,1,53,0,20,25,2015,0,,12,,,,,,1,1,28,1,1,,4,7,3,0,11,0,11/07/2021,16:40,53057774,57774,0,0,0,3,1,0,,,,96,,,,,,98,,,,,,98944,53,68,195,6,1,0,0,0,2,,0,,,,,,0,09/15/2018,01/15/2018,8,0,0,0,0,9,8,,,0,,,8,8,2,996,,,1,,,2,1,0,,,,,,,,,,,,,,,,,,,,,,,,,,,,,,0,0,0,0,0,0,1,1,0,0,0,0,0,1,0,0,0,0,0,0,0,0,0,0,0,0,0,0,0,1,0,0,0,0,0,,1,0,0,0,0,0,1,1,0,0,0,0,0,0,1,0,,,,,,26-30,26-35,County road,R,Sunday,Belt Used,PV,Hispanic,0,1,1,0,County Road,County Sheriff,Yakima County Sheriff's Office,0,0,1,0,0,,,,,,0,0,0,,,,,,,,,,,98,98,98,298,,,,,20,,,,,,,,,1,0,,,YAKIMA VALLEY HIGHWAY,32.31,NULL,
2018,21,E762689,1,01/19/2018,12:35,19,1,0,77,Yakima,0,1,0,1,1,2,1,0,2,2,,,,12,0,1,5.8,1,0,1,5,1,2,4,1,0,0,0,CR-SUMMITVIEW RD,,-120.7100889,46.66035556,0,1,20,50,3,50,61,0,0,1,2,12,1,1,2,1,1,1,3,53,0,23,882,1992,0,0,12,,,,,,1,1,46,2,1,98,4,7,3,0,11,0,01/19/2018,12:35,53003421,3421,0,0,0,3,1,0,0,0,0,17,,,,,,0,,,,,,98947,53,67,174,6,1,0,0,0,0,,0,,,,,,0,,,20,0,0,0,1,9,8,,,0,0,0,8,0,2,1,,,1,,,2,1,0,,,,,,,,,,,,,,,,,,,,,,,,,,,,,,0,0,0,0,0,0,0,0,0,0,0,0,0,0,0,0,1,0,0,0,0,0,0,0,0,0,0,0,0,0,1,0,0,0,0,,0,1,0,0,0,0,0,0,1,0,0,0,0,0,0,0,,,,,,46-50,46-55,County road,R,Friday,,MHTRUCK,Hispanic,0,0,0,0,County Road,State Patrol,Washington State Patrol Headquarter,0,0,1,0,0,,,,,,0,0,0,,,,,,,,,,,,,,,,,,,,,,,,,,,,,,,,,,,
2018,21,E762689,1,01/19/2018,12:35,19,1,0,77,Yakima,0,1,0,1,1,2,1,0,2,2,,,,12,0,1,5.8,1,0,1,5,1,2,4,1,0,0,0,CR-SUMMITVIEW RD,,-120.7100889,46.66035556,0,2,21,53,3,50,50,0,0,1,5,12,1,1,2,1,5,55,3,53,2,84,981,2007,0,0,12,,,,,,1,1,38,1,0,0,0,0,3,0,11,0,,,,,6,1,0,3,1,0,0,0,0,0,,,,,,0,,,,,,98947,53,72,210,6,1,0,1,0,0,,0,,,,,,0,09/15/2013,09/15/2013,20,0,0,0,8,9,2,,,0,0,0,0,0,8,95,,,96,,,8,95,995,,,,,,,,,,,,,,,,,,,,,,,,,,,,,,0,0,0,0,0,0,0,0,0,0,0,0,0,0,0,0,1,0,0,0,0,0,0,0,0,0,0,0,0,0,1,0,0,0,0,,0,0,0,0,0,0,0,0,0,0,0,0,0,0,0,0,,,,,,36-40,36-45,County road,R,Friday,,BUS,Not Fatal,0,0,0,0,County Road,State Patrol,Washington State Patrol Headquarter,0,0,1,0,0,,,,,,0,0,0,,,,,,,,,,,,,,,,,,,,,,,,,,,,,,,,,,,
2019,244,E944270,146,06/20/2019,17:04,20,6,,77,Yakima,0,1,0,1,1,2,1,0,13,2,,,,12,0,6,0.5,2,0,2,7,1,2,4,0,0,0,0,CR-ROSENKRANZ RD,N TIETON RD,-120.7523917,46.70945556,0,2,89,66,4,25,21,0,0,1,7,12,8,8,2,1,1,12,3,53,0,12,462,2016,0,0,12,63,1,,,,1,1,60,1,0,,1,0,99,7,11,4,,,,,0,0,0,3,1,0,0,0,0,96,,,,,,0,,,,,,98947,53,66,165,6,1,0,0,2,0,,0,,,,,,0,02/15/2017,04/15/2017,8,0,0,0,8,9,8,,,0,0,0,8,0,8,95,,,96,,,8,95,995,,,,,,,,,,,,,,,,,,,,,,,,,,,,,,0,0,0,1,0,0,0,0,0,0,0,0,0,0,0,0,0,0,0,0,0,0,0,0,0,0,0,0,0,1,1,0,0,0,0,,0,0,0,0,0,0,0,0,0,0,0,0,0,0,0,0,,,,,,56-60,56-65,County road,R,Thursday,Unknown,PV,Not Fatal,1,0,0,0,County Road,County Sheriff,Yakima County Sheriff's Office,0,0,1,0,0,,,,,,0,0,0,,,,,,,,,,,98,98,98,0,,,,,20,7,,,,,,,,,,,,,,,
2021,405,EB76827,146,10/04/2021,23:06,4,10,,77,Yakima,0,1,,2,1,2,1,0,1,1,,,,34,0,0,8.4,1,0,1,6,1,2,4,0,3,0,0,CR-N TRACK RD,,-120.3619611,46.41195278,0,1,6,11,2,50,34,0,0,1,2,1,1,1,2,1,1,1,1,53,0,20,481,2005,0,,63,69,68,64,34,1,1,1,24,2,1,,4,7,20,7,11,0,10/04/2021,23:06,53051195,51195,0,0,3,3,1,58,,,,96,,,,,,98,,,,,,98947,53,63,140,6,1,1,1,2,0,,0,,,,,,3,09/15/2017,09/15/2017,1,1,9,0,0,9,8,,,0,,,8,8,2,996,401,417,1,1,1,2,1,0.137,,,,,,,,,,,,,,,,,,,,,,,,,,,,,,0,0,1,0,1,1,1,1,0,0,0,0,1,0,0,0,0,0,0,1,0,0,0,1,1,0,0,0,0,1,0,0,0,1,0,,1,0,0,0,0,1,1,1,0,1,0,0,0,0,0,1,,,,,,21-25,16-25,County road,R,Monday,Not Used,PV,Hispanic,0,1,0,0,County Road,County Sheriff,Yakima County Sheriff's Office,1,0,1,0,0,,,,,,0,1,0,,,,,,,,,,,98,98,98,298,,,,,20,,,,,,,,,1,0,,,TRACK RD. N.,8.35,NULL,
2021,425,EB79550,1,10/15/2021,5:50,15,10,,77,Yakima,0,1,,2,1,2,1,0,4,3,,,,12,0,6,196.4,2,0,2,2,2,1,2,0,0,0,0,US-12,MCCORMICK RD,-120.6138833,46.65460833,0,3,98,98,7,60,6,0,0,1,2,54,1,1,2,3,1,1,2,53,0,12,24,2011,0,,54,,,,,,1,1,42,2,0,,1,0,3,0,11,0,,,,,0,0,0,3,1,0,,,,96,,,,,,98,,,,,,98947,53,63,275,6,1,0,0,0,1,,0,,,,,,0,02/15/2017,02/15/2017,1,0,0,0,8,9,8,,,0,,,8,8,0,0,,,0,,,0,0,996,,,,,,,,,,,,,,,,,,,,,,,,,,,,,,0,0,0,1,0,0,0,0,0,0,0,0,0,0,0,0,0,0,1,0,0,0,0,1,1,0,0,0,0,1,0,0,0,0,0,,0,0,0,0,0,0,0,0,0,0,0,0,0,0,0,0,,,,,,41-45,36-45,US highway,U,Friday,Belt Used,PV,Not Fatal,1,0,0,0,State Route,State Patrol,Washington State Patrol,0,1,0,0,0,,,,,,0,0,0,,,,,,,,,,,98,98,98,0,,,,,20,,,,,,,,,1,14,,,,,,
2017,413,3658425,344,09/25/2017,13:33,25,9,0,77,Yakima,0,1,0,1,1,2,1,0,2,2,,,,12,0,6,9999.9,2,0,2,5,1,2,4,0,3,20,3,CR-BRANCH RD,MCKINLEY RD,-120.3964556,46.40433333,0,1,89,17,2,50,6,0,0,1,2,12,1,1,2,1,1,1,1,53,0,22,32,2007,0,0,12,,,,,,1,1,65,1,7,3,4,0,99,0,11,1,10/07/2017,14:50,1.85053E+11,43372,0,0,0,2,1,39,0,0,0,96,,,,,,99,,,,,,98948,53,72,175,1,1,0,0,0,0,0,0,,,,,,0,,,20,0,0,0,0,9,8,,,0,0,0,8,9,0,0,0,0,0,0,0,0,0,996,,,,,,,,,,,,,,,,,,,,,,,,,,,,,,0,0,0,1,0,0,0,0,0,0,0,0,0,1,0,0,0,0,0,0,0,0,0,0,0,1,0,0,0,1,1,0,0,0,0,,1,0,0,0,0,0,0,0,0,0,0,1,0,0,0,0,,,,,,61-65,56-65,County road,R,Monday,Unknown,PV,AIAN,1,0,0,0,County Road,Other Law Enforcement,Yakama Tribal Police Department,0,0,1,0,0,,,,,,,,,,,,,,,,,,,,,,,,,,,,,,,,,,,,,,,,,,,
2018,58,3659664,344,02/26/2018,16:26,26,2,0,77,Yakima,0,1,0,1,1,4,1,0,1,1,,,,1,0,0,7,1,0,1,7,1,2,4,0,3,0,0,CR-MCDONALD RD,,-120.5048083,46.39018056,0,1,2,6,1,50,4,0,0,1,7,1,1,1,2,1,1,1,2,53,0,37,32,1994,0,0,63,1,,,,,1,1,28,2,7,3,4,7,99,0,11,0,02/26/2018,16:26,53009091,9091,0,0,0,0,1,0,0,0,0,92,,,,,,98,,,,,,98948,53,59,114,0,0,0,0,1,0,,0,,,,,,4,05/15/2013,05/15/2016,20,1,9,0,0,9,8,,,0,0,0,8,8,2,1,,,1,,,2,1,0.074,,,,,,,,,,,,,,,,,,,,,,,,,,,,,,0,0,0,0,1,0,0,0,0,0,0,0,1,1,0,0,1,0,0,0,0,0,0,0,0,0,0,0,0,1,0,0,0,0,0,,1,0,0,0,1,0,0,0,1,1,0,1,1,0,0,1,,,,,,26-30,26-35,County road,R,Monday,Unknown,PV,AIAN,0,1,0,0,County Road,Other Law Enforcement,Yakama Tribal Police Department,1,0,1,0,0,,,,,,0,0,1,,,,,,,,,,,,,,,,,,,,,,,,,,,,,,,,,,,
2017,264,3660803,344,07/23/2017,15:51,23,7,0,77,Yakima,2300,1,0,1,1,2,3,0,3,1,,,,42,0,0,16,1,0,1,96,6,96,8,0,3,0,0,SIGNAL PEAK RD,,-120.7971778,46.28616389,0,1,6,12,2,98,2,0,0,1,2,42,2,1,2,1,14,3,1,53,0,37,32,1994,0,0,68,64,42,,,,1,1,43,2,7,3,4,7,20,0,11,0,07/23/2017,15:51,53032129,32129,0,0,3,2,1,0,0,0,0,96,,,,,,99,,,,,,98948,53,62,135,1,1,0,0,0,0,2,0,,,,,,0,03/15/2016,03/15/2017,1,0,0,0,0,9,8,,,0,0,0,8,9,2,1,0,0,1,0,0,2,1,0.34,,,,,,,,,,,,,,,,,,,,,,,,,,,,,,0,0,1,0,1,1,0,1,0,0,0,0,0,1,0,0,0,0,0,1,0,0,0,0,0,0,0,0,0,1,0,0,0,1,0,,1,0,0,0,0,1,0,1,0,0,0,1,0,1,0,1,,,,,,41-45,36-45,Other,,Sunday,Not Used,PV,AIAN,0,1,0,0,Other,Other Law Enforcement,Yakama Tribal Police Department,1,0,0,0,1,,,,,,,,,,,,,,,,,,,,,,,,,,,,,,,,,,,,,,,,,,,
2017,533,3661026,344,12/14/2017,3:02,14,12,0,77,Yakima,0,1,0,2,1,2,1,0,2,1,,,,42,0,0,3,1,0,1,5,1,2,4,0,3,0,0,CR-S WAPATO RD,,-120.417775,46.38982778,0,1,1,13,2,50,14,0,0,1,2,1,3,1,2,1,14,2,2,53,0,20,401,2000,0,0,63,42,1,42,,,1,1,18,2,0,0,2,0,99,0,11,8,,,,,0,0,0,0,1,91,0,0,0,93,,,,,,9,,,,,,98948,53,70,297,0,0,0,1,0,0,0,2,12,,,,,0,12/15/2017,12/15/2017,20,0,0,0,8,9,8,,,0,0,0,8,1,0,0,0,0,0,0,0,0,0,996,,,,,,,,,,,,,,,,,,,,,,,,,,,,,,0,0,1,0,1,0,0,0,0,0,0,0,0,1,0,0,1,0,0,1,0,1,1,0,1,0,0,0,0,1,0,0,0,0,0,,0,0,0,0,0,0,0,0,1,0,0,1,0,0,0,1,,,,,,18-20,16-25,County road,R,Thursday,Unknown,PV,Not Fatal,0,1,0,0,County Road,Other Law Enforcement,Yakama Tribal Police Department,1,0,1,0,0,,,,,,,,,,,,,,,,,,,,,,,,,,,,,,,,,,,,,,,,,,,
2017,457,0Tech &,1,10/17/2017,5:43,17,10,0,77,Yakima,0,10,0,6,1,8,1,1,2,2,,,,8,0,0,9999.9,1,0,1,5,1,2,4,0,0,0,0,CR-S WAPATO RD,,-120.417775,46.37571111,0,2,98,80,5,98,4,0,0,1,5,8,1,9,2,1,1,1,2,53,0,12,37,2006,0,0,8,,,,,,1,1,44,1,0,0,0,0,3,0,11,0,,,,,0,0,0,3,1,0,0,0,0,0,,,,,,0,,,,,,98948,53,70,234,6,1,0,2,0,0,0,0,,,,,,0,03/15/2013,03/15/2016,20,0,0,0,8,3,2,,,0,0,0,0,0,0,0,0,0,0,0,0,0,0,996,,,,,,,,,,,,,,,,,,,,,,,,,,,,,,0,0,0,0,0,0,0,0,0,0,0,0,0,0,0,0,0,0,0,0,0,0,0,0,0,0,0,0,0,1,0,1,0,0,0,,0,0,0,0,0,0,0,0,0,0,0,0,0,0,0,0,,,,,,41-45,36-45,County road,R,Tuesday,Belt Used,PV,Not Fatal,0,0,0,0,County Road,,,0,0,1,0,0,,,,,,,,,,,,,,,,,,,,,,,,,,,,,,,,,,,,,,,,,,,
2017,43,E639820,1,02/01/2017,5:45,1,2,0,5,Benton,0,5,0,2,4,2,2,0,4,2,,,,12,0,6,172.8,1,0,1,4,1,1,3,0,0,0,0,SR-14,,-119.4869472,45.94555833,0,2,66,62,4,55,66,1,0,1,2,12,1,2,2,1,1,1,3,53,0,85,881,2014,0,0,12,,,,,,1,1,37,1,0,0,1,0,3,0,11,0,,,,,6,1,0,3,1,0,0,0,0,0,,,,,,0,,,,,,98948,53,72,210,6,1,0,0,0,0,0,0,,,,,,0,,,20,0,0,0,8,9,8,,,0,0,0,8,0,0,0,0,0,0,0,0,0,0,996,,,,,,,,,,,,,,,,,,,,,,,,,,,,,,0,0,0,0,0,0,0,0,0,0,0,0,1,1,0,0,0,0,0,0,0,0,0,0,0,0,0,0,0,1,1,0,0,0,0,,0,0,0,0,0,0,0,0,0,0,0,0,0,0,0,0,,,,,,36-40,36-45,State route,R,Wednesday,,MHTRUCK,Not Fatal,0,1,1,0,State Route,State Patrol,Washington State Patrol Headquarter,0,1,0,0,0,,,,,,,,,,,,,,,,,,,,,,,,,,,,,,,,,,,,,,,,,,,