year,case,par,repjur,crash_dt,crash_tm,accday,accmon,holiday,county,co_char,city,weather,weather2,lightcond,surfcond,surftype,numfatal,nmforms,pforms,vforms,not_tm,arr_tm,hosp_tm,fhevent,hitrun,manncol,milepnt,reljunc,reljuncinter,intersectiontype,funcsystem,landuse,ownership,route,schlbus,spejur,contdev,devfunc,trafid1,trafid2,x,y,wk_zone,vnumber,crashtype,criticalevent,criticaleventcat,spdlim,body,trailer,emerg,hazcargo,leave,mhevent,roadalgn,roadprof,traflane,trafflow,vehmanvr,numoccs,regowner,regstate,spuse,make,model,modelyr,vrf1,vrf2,seqevent1,seqevent2,seqevent3,seqevent4,seqevent5,seqevent6,pnumber,ptype,age,sex,hispanic,race,injury,diedscene,restraint,restraintmisuse,seatpos,takehosp,death_dt,death_tm,cert,cernum_wa,commlic,licendor,licrestrict,liccomp,drivpres,drf1,drf2,drf3,drf4,distract1,distract2,distract3,distract4,distract5,distract6,dricond1,dricond2,dricond3,dricond4,dricond5,dricond6,dzip,licstate,drhgt_in,weight,noncdl,noncdltype,prevdwi,prevoth,prevacc,prevspd,prevsus,driviol1,driviol2,driviol3,driviol4,driviol5,driviol6,spdrel,first_dt,last_dt,airbag,ejection,ejectpath,extricat,injurwrk,methalc,methdrug,nmlocat,strikveh,prf1,prf2,prf3,druginv,alcinvol,drugsts,drugres1,drugres2,drugres3,drugtst1,drugtst2,drugtst3,alcsts,alctst,alcres,nmact1,nmact2,nmact3,nmact4,nmact5,nmact6,nmprior1,nmprior2,nmprior3,nmprior4,nmprior5,nmprior6,nmcond1,nmcond2,nmcond3,nmcond4,nmcond5,nmcond6,nmsafe_helmet,nmsafe_pads,nmsafe_oth,nmprev_ref,nmprev_lgt,nmprev_oth,crashlocation,nmcrashtype,crosswalk,schoolzone,sidewalk,train_inv,wildlife_inv,rotr_fars,intersect_fars,dd_inv,aid_inv,dpd_inv,id_inv,mj_inv,impnm_inv,ainm_inv,dpnm_inv,speed_inv,unlic_inv,unendmc_inv,drowsy_inv,drdist_inv,nmdist_inv,fty_inv,unrestfat_inv,dr1617_inv,dr1820_inv,dr1620_inv,dr2125_inv,dr1625_inv,dr65_inv,dr70_inv,dr75_inv,mc_inv,pv_inv,ht_inv,ped_inv,bike_inv,unrest_fat,mc_fat,unhelmet_mc,pv_fat,ht_fat,ped_fat,bike_fat,dr_alc7,dr_alc8,dr_drug,dr_imp,dr_dist,dr_spd,dr_fty,dr_unlic,dr_alc7only,dr_alc8only,dr_drugonly,dr_drink,nm_imp,nm_alc7,nm_alc8,nm_drug,nm_dist,agegrp1,agegrp2,roadclass,urbrur,dayweek,restuse,vehtype,race_me,intersect,lanedep,oppdir,wrongway,rep_typ,investag,repag_long,rotr,st_rd,cty_rd,city_rd,oth_rd,drug_thc,thc_res,drug_cthc,cthc_res,drug_cann,prevpersemin,prevperse,prevsusoth,drugtst4,drugtst5,drugtst6,drugtst7,drugtst8,drugres4,drugres5,drugres6,drugres7,drugres8,adspresent,adsengaged,adslevel,race1,race2,race3,race4,race5,helmet,helmetmisuse,nmdistract1,nmdistract2,nmdistract3,nmdistract4,nmdistract5,nmdistract6,lab,isedtcase,crf1,crf2,crf3,CoRoadName,CoMP,IntCoRoadName,IntCoMP
2017,401,E711056,1,09/03/2017,0:20,3,9,6,77,Yakima,0,1,0,2,1,2,1,1,3,1,,,,8,0,0,60.5,1,0,1,3,1,1,2,0,3,0,0,US-97,,-120.3204806,46.33223889,0,1,13,80,5,55,2,0,0,1,5,8,1,1,2,1,1,3,1,53,0,22,19,2007,0,0,8,,,,,,1,1,23,2,0,0,0,0,3,0,11,0,,,,,0,0,3,3,1,0,0,0,0,0,,,,,,0,,,,,,98948,53,61,127,6,1,0,0,0,0,0,0,,,,,,0,,,20,0,0,0,8,9,8,,,0,0,0,8,0,8,95,0,0,6,0,0,8,95,995,,,,,,,,,,,,,,,,,,,,,,,,,,,,,,0,0,0,0,0,0,0,0,0,1,0,1,0,0,0,0,0,0,0,0,0,0,0,1,1,0,0,0,0,1,0,1,0,0,0,,0,0,0,0,0,0,0,0,0,0,0,0,0,0,0,0,,,,,,21-25,16-25,US highway,R,Sunday,Belt Used,PV,Not Fatal,0,0,0,0,State Route,State Patrol,Washington State Patrol Headquarter,0,1,0,0,0,,,,,,,,,,,,,,,,,,,,,,,,,,,,,,,,,,,,,,,,,,,
2019,131,E917596,146,05/03/2019,19:10,3,5,,77,Yakima,0,1,0,1,1,2,1,0,1,1,,,,1,0,0,1.9,1,0,1,5,1,2,4,0,3,0,0,CR-TOPPENISH-ZILLAH RD,,-120.2939306,46.38349444,0,1,2,54,3,50,2,0,0,1,7,1,1,1,2,1,6,1,2,53,0,20,36,2003,0,0,68,68,63,1,3,,1,1,25,8,1,,4,7,20,7,11,0,05/03/2019,19:10,53020144,20144,0,0,3,3,1,33,0,0,0,96,,,,,,99,,,,,,98948,53,63,240,6,1,0,1,0,1,,0,,,,,,0,11/15/2015,12/15/2018,20,0,0,0,0,9,8,,,0,0,0,8,1,2,996,,,1,,,2,1,0.14,,,,,,,,,,,,,,,,,,,,,,,,,,,,,,0,0,0,0,1,1,1,1,0,0,0,0,0,0,0,0,0,0,0,1,0,0,0,1,1,0,0,0,0,1,0,0,0,1,0,,1,0,0,0,0,1,1,1,0,0,0,0,0,0,0,1,,,,,,21-25,16-25,County road,R,Friday,Not Used,PV,Hispanic,0,1,0,0,County Road,County Sheriff,Yakima County Sheriff's Office,1,0,1,0,0,,,,,,0,0,0,,,,,,,,,,,98,98,98,1,,,,,20,7,,,,,,,,,,,,,,,
2019,483,E994426,1,12/15/2019,16:46,15,12,,77,Yakima,0,10,0,2,2,1,1,1,1,1,,,,8,1,0,47.9,1,0,1,1,1,1,1,0,0,0,0,I-82,,-120.3451694,46.43636389,0,1,13,11,2,70,14,0,0,1,5,8,1,1,2,3,1,99,2,53,0,49,402,2008,0,0,63,8,,,,,1,1,35,1,0,,0,0,3,0,11,0,,,,,0,0,3,2,1,0,0,0,0,92,,,,,,99,,,,,,98948,53,72,180,1,1,0,0,0,0,,7,,,,,,0,09/15/2015,09/15/2015,20,0,0,0,8,9,8,,,0,0,0,8,9,0,0,,,0,,,0,0,996,,,,,,,,,,,,,,,,,,,,,,,,,,,,,,0,0,0,0,0,0,0,0,0,0,0,0,0,1,0,0,1,0,0,0,0,0,0,0,0,0,0,0,0,1,0,1,0,0,0,,0,0,0,0,0,0,0,0,1,0,0,1,0,0,0,0,,,,,,31-35,26-35,Interstate,R,Sunday,Belt Used,PV,Not Fatal,0,0,0,0,State Route,State Patrol,Washington State Patrol,0,1,0,0,0,,,,,,0,0,1,,,,,,,,,,,98,98,98,0,,,,,20,7,,,,,,,,,,,,,,,
2019,460,E998531,1,12/26/2019,19:24,26,12,,77,Yakima,0,1,0,2,1,2,1,1,3,3,,,,8,0,0,0.7,1,0,1,3,2,1,3,0,3,0,0,SR-22,,-120.3145056,46.40673889,0,2,98,80,5,50,4,0,0,1,5,8,1,1,2,1,1,1,2,53,0,52,46,2003,0,0,8,,,,,,1,1,20,2,0,,0,0,3,0,11,0,,,,,0,0,0,3,1,0,0,0,0,96,,,,,,0,,,,,,98948,53,58,92,6,1,0,0,0,0,,0,,,,,,0,,,20,0,0,0,8,9,8,,,0,0,0,8,0,8,95,,,96,,,8,95,995,,,,,,,,,,,,,,,,,,,,,,,,,,,,,,0,0,0,0,0,0,0,0,0,1,1,0,0,0,0,0,0,1,0,0,0,1,1,0,1,0,0,0,0,1,0,1,0,0,0,,0,0,0,0,0,0,0,0,0,0,0,0,0,0,0,0,,,,,,18-20,16-25,State route,U,Thursday,Belt Used,PV,Not Fatal,0,0,0,0,State Route,State Patrol,Washington State Patrol,0,1,0,0,0,,,,,,0,0,0,,,,,,,,,,,98,98,98,0,,,,,20,7,,,,,,,,,,,,,,,
2020,172,EA39731,1,06/01/2020,7:01,1,6,,77,Yakima,0,1,,1,1,2,1,0,2,2,7:05,7:11,,12,0,6,68.7,2,0,2,4,2,1,2,0,3,3,3,US-97,W WAPATO RD,-120.430125,46.44788333,0,2,88,66,4,55,34,0,0,1,2,12,1,1,5,1,1,1,1,53,0,20,481,2005,0,,12,,,,,,1,1,22,1,0,,1,0,3,0,11,0,,,,,6,0,3,3,1,0,,,,96,,,,,,0,,,,,,98948,53,69,160,6,1,0,2,2,0,,0,,,,,,0,04/15/2016,11/15/2019,1,0,0,0,8,3,8,,,0,,,8,0,0,0,,,0,,,2,98,0,,,,,,,,,,,,,,,,,,,,,,,,,,,,,,0,0,0,1,0,0,0,0,0,0,0,0,0,0,0,0,0,0,0,1,0,0,0,1,1,1,0,0,0,1,0,0,0,0,0,,0,0,0,0,0,0,0,0,0,0,0,0,0,0,0,0,,,,,,21-25,16-25,US highway,U,Monday,Belt Used,PV,Not Fatal,1,0,0,0,State Route,State Patrol,Washington State Patrol,0,1,0,0,0,,,,,,0,0,0,,,,,,,,,,,98,98,98,0,,,,,20,7,,,,,,,,1,0,,,,,,
2020,207,EA43973,146,06/25/2020,12:49,25,6,,77,Yakima,0,1,,1,0,0,2,0,3,2,12:51,12:59,,12,0,6,2.8,8,0,1,5,1,2,4,0,3,0,0,CR-LATERAL A RD,,-120.4804667,46.47733056,0,1,87,98,7,0,4,0,0,1,2,12,0,0,0,0,4,2,1,53,0,37,32,1998,0,,12,,,,,,1,1,30,1,6,,4,7,99,7,11,0,06/25/2020,12:49,53030436,30436,0,0,0,0,1,38,,,,96,,,,,,98,,,,,,98948,53,,999,0,0,99,99,99,99,,0,,,,,,0,,,1,0,0,0,0,9,8,,,0,,,8,8,2,1,,,1,,,2,1,0,,,,,,,,,,,,,,,,,,,,,,,,,,,,,,0,0,0,0,0,0,0,0,0,0,0,0,0,1,0,0,0,0,1,0,0,0,0,0,0,0,0,0,0,1,1,0,0,0,0,,1,0,0,0,0,0,0,0,0,0,1,1,0,0,0,0,,,,,,26-30,26-35,County road,R,Thursday,Unknown,PV,Hispanic,0,0,0,0,County Road,County Sheriff,Yakima County Sheriff's Office,0,0,1,0,0,,,,,,99,99,99,,,,,,,,,,,0,0,0,98,,,,,20,7,,,,,,,,1,0,,,LATERAL A RD.,2.78,,
2020,225,EA46391,1,07/02/2020,1:30,2,7,,77,Yakima,0,1,,2,1,1,1,0,2,1,1:32,1:50,2:19,1,0,0,47.6,1,0,1,1,1,1,1,0,0,0,0,I-82,,-120.3454333,46.43923889,0,1,6,12,2,70,4,0,0,1,2,1,1,1,2,2,1,2,2,53,0,37,31,1996,0,,64,1,,,,,1,1,38,8,1,,4,0,20,7,11,5,07/11/2020,13:52,1.96053E+11,32510,0,0,0,3,1,0,,,,96,,,,,,9,,,,,,98948,53,67,180,6,1,0,1,0,0,,0,,,,,,0,09/15/2018,09/15/2018,20,1,9,0,0,9,8,,,0,,,1,8,2,695,401,417,1,1,1,2,1,0,,,,,,,,,,,,,,,,,,,,,,,,,,,,,,0,0,1,0,0,0,1,1,1,0,0,0,0,0,0,0,0,0,0,1,0,0,0,0,0,0,0,0,0,1,0,0,0,1,0,,1,0,0,0,0,0,1,1,0,0,0,0,0,0,1,0,,,,,,36-40,36-45,Interstate,R,Thursday,Not Used,PV,Hispanic,0,1,0,0,State Route,State Patrol,Washington State Patrol,1,1,0,0,0,,,carboxy-thc,22,,0,0,0,,,,,,,,,,,0,0,0,1,,,,,20,7,,,,,,,,1,0,,,,,,
2020,370,EA65822,1,09/22/2020,3:20,22,9,,77,Yakima,2590,1,,2,1,2,2,0,4,3,3:27,3:31,4:08,12,0,2,33.7,1,0,1,1,2,1,1,0,0,0,0,I-82,,-120.4803056,46.59862778,0,1,52,54,3,60,14,0,0,1,2,12,1,1,2,3,1,2,2,53,0,20,401,1995,0,,12,,,,,,1,1,35,1,7,,4,7,3,0,11,0,09/22/2020,3:20,2.59053E+11,44417,0,0,0,3,1,50,,,,96,,,,,,98,,,,,,98948,53,75,299,6,1,0,0,0,0,,0,,,,,,0,,,1,0,0,0,0,9,8,,,0,,,8,8,2,401,417,151,1,1,1,2,1,0,,,,,,,,,,,,,,,,,,,,,,,,,,,,,,0,0,0,0,0,0,1,1,0,0,0,0,0,0,0,0,0,0,0,0,0,0,0,0,0,0,0,0,0,1,0,0,0,0,0,,1,0,0,0,0,0,1,1,0,0,0,0,0,0,1,0,,,,,,31-35,26-35,Interstate,U,Tuesday,Belt Used,PV,AIAN,0,0,0,1,State Route,State Patrol,Washington State Patrol,0,1,0,0,0,,,,,,0,0,0,1,,,,,996,,,,,0,0,0,3,,,,,20,7,,,,,,,,1,0,,,,,,
2020,456,EA83702,1,11/18/2020,20:49,18,11,,77,Yakima,0,1,,2,1,2,1,0,2,2,20:54,21:15,22:02,12,0,1,66.8,1,0,1,4,1,1,2,0,3,0,0,US-97,,-120.4083306,46.426025,0,2,25,53,3,55,4,0,0,1,2,12,1,1,2,3,1,1,2,53,0,20,37,2005,0,,12,63,24,1,,,1,1,60,2,7,,4,7,3,0,11,0,11/18/2020,20:49,53053891,53891,0,0,0,0,1,0,,,,96,,,,,,0,,,,,,98948,53,65,210,0,0,0,0,0,0,,0,,,,,,0,11/15/2016,11/15/2016,20,0,0,0,0,9,8,,,0,,,8,8,2,1,,,14,,,2,4,0.14,,,,,,,,,,,,,,,,,,,,,,,,,,,,,,0,0,0,0,1,1,0,1,0,0,0,0,0,1,0,0,0,0,0,0,0,0,0,0,0,0,0,0,0,1,0,0,0,0,0,,1,0,0,0,0,1,0,1,0,0,0,1,0,1,0,1,,,,,,56-60,56-65,US highway,R,Wednesday,Belt Used,PV,AIAN,0,0,0,0,State Route,State Patrol,Washington State Patrol,0,1,0,0,0,,,,,,0,0,1,,,,,,,,,,,98,98,98,3,,,,,20,7,,,,,,,,1,0,,,,,,
2020,481,EA88409,146,12/09/2020,15:32,9,12,,77,Yakima,0,1,,1,1,2,1,0,1,1,15:43,15:46,,1,0,0,9,1,0,1,6,1,2,4,0,3,0,0,CR-N TRACK RD,,-120.3519528,46.40535833,0,1,2,9,1,50,4,0,0,1,2,1,1,1,2,1,1,1,2,53,0,55,33,2004,0,,68,68,63,1,,,1,1,56,2,7,,4,7,20,7,11,0,12/09/2020,15:32,53059257,59257,0,0,3,2,1,0,,,,96,,,,,,9,,,,,,98948,53,70,220,1,1,0,0,0,0,,0,,,,,,4,,,20,1,9,0,0,9,8,,,0,,,8,1,2,996,996,,1,1,,2,1,0.231,,,,,,,,,,,,,,,,,,,,,,,,,,,,,,0,0,0,0,1,1,1,1,0,0,0,0,1,1,0,0,0,0,0,1,0,0,0,0,0,0,0,0,0,1,0,0,0,1,0,,1,0,0,0,0,1,1,1,0,1,0,1,0,0,0,1,,,,,,56-60,56-65,County road,R,Wednesday,Not Used,PV,White,0,1,0,0,County Road,County Sheriff,Yakima County Sheriff's Office,1,0,1,0,0,,,,,,0,0,0,,,,,,,,,,,98,98,98,1,,,,,20,7,,,,,,,,1,0,,,TRACK RD. N.,9,,
2021,25,EB01105,1,01/01/2021,16:45,1,1,,77,Yakima,2400,2,,2,2,2,1,0,3,2,,,,12,0,2,67.8,1,0,1,4,2,1,2,0,3,0,0,US-97,,-120.4229806,46.43674167,0,2,52,54,3,55,34,0,0,1,2,12,1,1,2,3,1,2,1,53,0,23,481,2013,0,,12,,,,,,1,1,67,1,1,,4,7,3,0,11,0,01/01/2021,16:45,2.40053E+11,412,0,0,0,3,1,0,,,,96,,,,,,98,,,,,,98948,53,67,220,6,1,0,0,0,0,,0,,,,,,0,,,8,0,0,0,0,9,8,,,0,,,8,8,2,695,605,,1,1,,2,1,0,,,,,,,,,,,,,,,,,,,,,,,,,,,,,,0,0,0,0,0,0,1,1,1,0,0,0,0,1,0,0,0,0,0,0,0,0,0,0,0,1,0,0,0,1,0,0,0,0,0,,1,0,0,0,0,0,1,1,0,0,0,0,0,0,1,0,,,,,,66-70,66-75,US highway,U,Friday,Belt Used,PV,Hispanic,0,0,0,1,State Route,State Patrol,Washington State Patrol,0,1,0,0,0,thc,2.7,carboxy-thc,18,,0,0,0,,,,,,,,,,,98,98,98,98,,,,,20,,,,,,,,nms,1,0,,,,,,
2021,59,EB11102,1,02/25/2021,12:20,25,2,,77,Yakima,0,1,,1,1,2,1,0,4,3,,,,12,0,2,58.9,2,0,3,3,1,1,2,0,3,0,0,US-97,ROCKY FORD RD,-120.3205306,46.3387,0,1,68,15,2,60,4,0,0,1,2,12,1,1,2,1,11,1,2,53,0,14,17,2005,0,,12,12,,,,,1,1,93,1,7,,4,0,3,0,11,5,03/09/2021,15:41,1.96053E+11,11837,0,0,0,3,1,38,48,,,96,,,,,,98,,,,,,98948,53,69,230,6,1,0,0,0,0,,0,,,,,,0,,,1,0,0,0,0,9,8,,,0,,,8,8,0,0,,,0,,,0,0,996,,,,,,,,,,,,,,,,,,,,,,,,,,,,,,0,0,0,1,0,0,0,0,0,0,0,0,0,0,0,0,0,0,1,0,0,0,0,0,0,1,1,1,0,1,1,0,0,0,0,,1,0,0,0,0,0,0,0,0,0,1,0,0,0,0,0,,,,,,81+,76+,US highway,R,Thursday,Belt Used,PV,White,1,0,0,0,State Route,State Patrol,Washington State Patrol,0,1,0,0,0,,,,,,0,0,0,,,,,,,,,,,98,98,98,1,,,,,20,,,,,,,,,1,0,,,,,,
2021,78,EB18166,1,03/24/2021,2:58,24,3,,77,Yakima,0,10,,2,1,2,4,0,5,2,,,,12,0,2,8.2,1,0,1,5,1,1,3,0,3,0,0,SR-22,,-120.2405611,46.32559167,0,2,51,62,4,60,14,0,0,1,2,12,1,1,2,1,1,1,2,53,0,2,404,1997,0,,12,1,,,,,1,1,19,2,7,,4,7,3,0,11,0,03/24/2021,2:58,53014370,14370,0,0,0,2,1,0,,,,96,,,,,,98,,,,,,98948,53,62,114,3,7,0,0,1,0,,0,,,,,,0,02/15/2020,02/15/2020,1,2,9,0,0,9,8,,,0,,,8,8,2,1,,,1,,,2,1,0,,,,,,,,,,,,,,,,,,,,,,,,,,,,,,0,0,0,0,1,1,0,1,0,0,0,0,0,1,0,0,1,0,0,1,0,1,1,0,1,0,0,0,0,1,0,0,0,0,0,,1,0,0,0,0,0,0,0,0,0,0,1,0,0,0,0,,,,,,18-20,16-25,State route,R,Wednesday,Belt Used,PV,AIAN,0,1,1,0,State Route,State Patrol,Washington State Patrol,0,1,0,0,0,,,,,,0,0,0,,,,,,,,,,,0,0,0,3,,,,,20,,,,,,,,,1,0,,,,,,
2021,163,EB35531,1,05/15/2021,1:30,15,5,,77,Yakima,0,1,,3,1,7,1,1,4,3,,,,12,0,1,5.3,1,0,1,4,2,1,3,0,0,50,3,SR-823,,-120.4884333,46.67979722,1,1,20,50,3,55,4,0,0,1,2,8,1,2,1,1,1,3,1,53,0,30,46,2006,0,,12,63,8,14,,,1,1,21,8,0,,1,0,3,0,11,0,,,,,0,0,0,0,1,0,,,,96,,,,,,9,,,,,,98948,53,,999,0,0,0,0,0,0,,97,,,,,,0,,,1,0,0,0,8,1,8,,,0,,,8,1,2,695,,,1,,,2,1,0.21,,,,,,,,,,,,,,,,,,,,,,,,,,,,,,0,0,0,0,1,1,1,1,1,1,0,1,0,1,0,0,0,0,0,0,0,0,0,1,1,0,0,0,0,1,1,1,0,0,0,,0,0,0,0,0,1,1,1,0,0,0,1,0,0,0,1,,,,,,21-25,16-25,State route,U,Saturday,Belt Used,PV,Not Fatal,0,0,0,0,State Route,State Patrol,Washington State Patrol,0,1,0,0,0,thc,1.3,carboxy-thc,17,,0,0,0,,,,,,,,,,,98,98,98,0,,,,,20,,,,,,,,nms,1,19,,,,,,
2021,239,EB50859,146,07/13/2021,20:08,13,7,,77,Yakima,0,1,,1,1,2,1,0,3,2,,,,12,0,2,0.9,1,0,1,6,1,2,4,0,0,0,0,CR-BUENA RD,,-120.3124694,46.4283,0,1,50,10,2,35,4,0,0,1,2,12,1,1,2,1,1,2,2,53,0,20,37,2004,0,,68,12,,,,,1,1,40,1,0,,0,0,3,0,11,0,,,,,0,0,0,3,1,28,,,,92,,,,,,9,,,,,,98948,53,64,180,6,1,0,1,0,2,,97,,,,,,0,02/15/2019,04/15/2020,1,0,0,0,8,9,8,,,0,,,8,1,2,402,996,,1,1,,2,1,0.179,,,,,,,,,,,,,,,,,,,,,,,,,,,,,,0,0,0,0,1,1,1,1,0,0,0,0,0,0,0,0,1,0,0,0,0,0,0,0,0,0,0,0,0,1,0,0,0,0,0,,0,0,0,0,0,1,1,1,1,0,0,0,0,0,0,1,,,,,,36-40,36-45,County road,R,Tuesday,Belt Used,PV,Not Fatal,0,1,1,0,County Road,County Sheriff,Yakima County Sheriff's Office,0,0,1,0,0,,,,,,0,0,0,,,,,,,,,,,98,98,98,0,,,,,20,,,,,,,,,1,0,,,BUENA RD.,0.94,NULL,
2021,339,EB64828,330,08/29/2021,21:35,29,8,,77,Yakima,2590,1,,2,1,2,1,1,1,1,,,,8,0,0,0,1,0,1,3,2,4,6,0,0,0,0,N 16TH AVE,,-120.5303722,46.62111944,0,1,13,80,5,35,34,0,0,1,5,8,1,2,5,5,1,1,1,53,0,12,481,1998,0,,8,,,,,,1,1,79,1,0,,0,0,3,0,11,0,,,,,0,0,0,3,1,0,,,,96,,,,,,98,,,,,,98948,53,68,165,6,1,0,0,2,0,,0,,,,,,0,02/15/2019,10/15/2021,20,0,0,0,8,9,2,,,0,,,8,8,2,1,,,1,,,2,1,0,,,,,,,,,,,,,,,,,,,,,,,,,,,,,,0,0,0,0,0,0,0,0,0,1,0,1,0,0,0,0,0,0,0,0,0,0,0,0,0,1,1,1,0,1,0,1,0,0,0,,0,0,0,0,0,0,0,0,0,0,0,0,0,0,0,0,,,,,,76-80,76+,City street,U,Sunday,Belt Used,PV,Not Fatal,0,0,0,0,City Street,Municipal/City Police,Yakima Police Department,0,0,0,1,0,,,,,,0,0,0,,,,,,,,,,,0,0,0,0,,,,,20,,,,,,,,,1,0,,,,,,
2021,447,EB85119,1,10/23/2021,18:29,23,10,,77,Yakima,0,10,,2,2,2,1,0,2,2,,,,12,0,6,4.9,2,0,2,5,1,1,3,0,3,20,3,SR-22,N MEYERS RD,-120.2938833,46.35704722,0,1,89,17,2,35,4,0,0,1,2,12,1,1,2,1,1,1,2,53,0,55,35,2012,0,,12,,,,,,1,1,26,1,1,,4,7,99,7,11,0,10/23/2021,18:29,53054583,54583,0,0,0,0,1,39,,,,96,,,,,,98,,,,,,98948,53,,999,0,0,99,99,99,99,,0,,,,,,4,,,8,0,0,0,0,9,8,,,0,,,8,8,2,402,996,,1,1,,2,1,0.199,,,,,,,,,,,,,,,,,,,,,,,,,,,,,,0,0,0,1,1,1,1,1,0,0,0,0,1,1,0,0,0,0,0,0,0,0,0,0,0,0,0,0,0,1,1,0,0,0,0,,1,0,0,0,0,1,1,1,0,1,0,1,0,0,0,1,,,,,,26-30,26-35,State route,R,Saturday,Unknown,PV,Hispanic,1,0,0,0,State Route,State Patrol,Washington State Patrol,0,1,0,0,0,,,,,,99,99,99,,,,,,,,,,,98,98,98,98,,,,,20,,,,,,,,,1,0,,,,,,
2021,631,EB98551,1,11/24/2021,6:15,24,11,,77,Yakima,0,1,,3,4,1,1,0,18,10,,,,25,0,0,58.8,5,1,1,1,1,1,1,0,0,0,0,I-82 RAMP,,-120.1734778,46.34274167,0,4,98,5,1,70,14,0,0,1,2,12,3,1,2,3,14,1,1,53,0,37,402,2010,0,,12,12,12,64,25,,1,1,65,1,0,,2,0,3,0,11,5,,,,,0,0,0,3,1,87,,,,96,,,,,,98,,,,,,98948,53,65,205,6,1,0,0,1,2,,0,,,,,,0,07/15/2017,04/15/2018,8,0,0,0,8,9,8,,,0,,,0,0,0,0,,,0,,,0,0,996,,,,,,,,,,,,,,,,,,,,,,,,,,,,,,0,0,0,0,0,0,0,0,0,0,0,0,0,1,0,0,0,0,0,0,0,0,0,1,1,1,0,0,0,1,1,0,0,0,0,,0,0,0,0,0,0,0,0,0,0,0,0,0,0,0,0,,,,,,61-65,56-65,Interstate,R,Wednesday,Belt Used,PV,Not Fatal,0,0,0,0,State Route,State Patrol,Washington State Patrol,0,1,0,0,0,,,,,,0,0,0,,,,,,,,,,,98,98,98,0,,,,,20,,,,,,,,,1,19,,,,,,
2021,631,EB98551,1,11/24/2021,6:15,24,11,,77,Yakima,0,1,,3,4,1,1,0,18,10,,,,25,0,0,58.8,5,1,1,1,1,1,1,0,0,0,0,I-82 RAMP,,-120.1734778,46.34274167,0,7,98,5,1,70,4,0,0,1,2,12,3,1,2,3,14,1,2,53,0,48,34,1999,0,,12,12,,,,,1,1,56,1,0,,2,0,3,0,11,0,,,,,0,0,0,0,1,0,,,,96,,,,,,98,,,,,,98948,53,64,150,0,0,0,3,0,0,,0,,,,,,0,05/15/2019,01/15/2019,20,0,0,0,8,9,8,,,0,,,0,0,0,0,,,0,,,0,0,996,,,,,,,,,,,,,,,,,,,,,,,,,,,,,,0,0,0,0,0,0,0,0,0,0,0,0,0,1,0,0,0,0,0,0,0,0,0,1,1,1,0,0,0,1,1,0,0,0,0,,0,0,0,0,0,0,0,0,0,0,0,1,0,0,0,0,,,,,,56-60,56-65,Interstate,R,Wednesday,Belt Used,PV,Not Fatal,0,0,0,0,State Route,State Patrol,Washington State Patrol,0,1,0,0,0,,,,,,0,0,0,,,,,,,,,,,0,0,0,0,,,,,20,,,,,,,,,1,19,,,,,,
2021,555,EC08245,1,12/30/2021,9:18,30,12,,5,Benton,0,4,,1,10,2,1,0,1,1,,,,35,0,0,85.1,1,0,1,1,1,1,1,0,0,0,0,I-82,,-119.6914583,46.21935556,0,1,6,9,1,70,34,0,0,1,2,1,1,3,2,2,1,1,1,53,0,49,472,2001,0,,64,35,1,,,,1,1,23,1,1,,4,7,20,7,11,0,12/30/2021,9:18,53067280,67280,0,0,3,3,1,0,,,,96,,,,,,98,,,,,,98948,53,69,185,6,1,0,1,1,7,,0,,,,,,4,05/15/2018,07/15/2021,20,0,0,0,0,9,8,,,0,,,8,8,2,695,605,996,1,1,1,2,1,0,,,,,,,,,,,,,,,,,,,,,,,,,,,,,,0,0,1,0,0,0,1,1,1,0,0,0,1,0,0,0,0,0,0,1,0,0,0,1,1,0,0,0,0,1,0,0,0,1,0,,1,0,0,0,0,0,1,1,0,1,0,0,0,0,1,0,,,,,,21-25,16-25,Interstate,R,Thursday,Not Used,PV,Hispanic,0,1,0,0,State Route,State Patrol,Washington State Patrol,1,1,0,0,0,thc,6.1,carboxy-thc,24,,0,0,3,,,,,,,,,,,98,98,98,1,,,,,20,,,,,,,,nms,1,0,,,,,,
2017,96,3659614,344,03/23/2017,7:20,23,3,0,77,Yakima,0,1,0,1,1,2,1,0,2,1,7:11,7:36,8:51,39,0,0,0,3,0,3,7,1,2,4,0,3,20,3,CR-SIGNAL PEAK,FT SIMCOE RD,-120.7328222,46.34646667,0,1,14,14,2,50,14,0,0,1,2,39,1,1,2,1,1,2,1,53,0,2,404,1995,0,0,71,39,,,,,1,1,28,1,0,0,1,0,99,0,11,8,,,,,0,0,0,2,1,39,0,0,0,96,,,,,,98,,,,,,98951,53,,999,1,1,0,0,0,0,3,37,,,,,,0,03/15/2013,11/15/2014,1,0,0,0,8,9,8,,,0,0,0,8,8,0,0,0,0,0,0,0,0,0,996,,,,,,,,,,,,,,,,,,,,,,,,,,,,,,0,0,0,1,0,0,0,0,0,0,0,0,0,1,0,0,0,0,0,0,0,0,0,0,0,0,0,0,0,1,0,0,0,0,0,,0,0,0,0,0,0,0,0,0,0,0,1,0,0,0,0,,,,,,26-30,26-35,County road,R,Thursday,Unknown,PV,Not Fatal,1,0,0,0,County Road,Other Law Enforcement,Yakama Tribal Police Department,0,0,1,0,0,,,,,,,,,,,,,,,,,,,,,,,,,,,,,,,,,,,,,,,,,,,