year,case,par,repjur,crash_dt,crash_tm,accday,accmon,holiday,county,co_char,city,weather,weather2,lightcond,surfcond,surftype,numfatal,nmforms,pforms,vforms,not_tm,arr_tm,hosp_tm,fhevent,hitrun,manncol,milepnt,reljunc,reljuncinter,intersectiontype,funcsystem,landuse,ownership,route,schlbus,spejur,contdev,devfunc,trafid1,trafid2,x,y,wk_zone,vnumber,crashtype,criticalevent,criticaleventcat,spdlim,body,trailer,emerg,hazcargo,leave,mhevent,roadalgn,roadprof,traflane,trafflow,vehmanvr,numoccs,regowner,regstate,spuse,make,model,modelyr,vrf1,vrf2,seqevent1,seqevent2,seqevent3,seqevent4,seqevent5,seqevent6,pnumber,ptype,age,sex,hispanic,race,injury,diedscene,restraint,restraintmisuse,seatpos,takehosp,death_dt,death_tm,cert,cernum_wa,commlic,licendor,licrestrict,liccomp,drivpres,drf1,drf2,drf3,drf4,distract1,distract2,distract3,distract4,distract5,distract6,dricond1,dricond2,dricond3,dricond4,dricond5,dricond6,dzip,licstate,drhgt_in,weight,noncdl,noncdltype,prevdwi,prevoth,prevacc,prevspd,prevsus,driviol1,driviol2,driviol3,driviol4,driviol5,driviol6,spdrel,first_dt,last_dt,airbag,ejection,ejectpath,extricat,injurwrk,methalc,methdrug,nmlocat,strikveh,prf1,prf2,prf3,druginv,alcinvol,drugsts,drugres1,drugres2,drugres3,drugtst1,drugtst2,drugtst3,alcsts,alctst,alcres,nmact1,nmact2,nmact3,nmact4,nmact5,nmact6,nmprior1,nmprior2,nmprior3,nmprior4,nmprior5,nmprior6,nmcond1,nmcond2,nmcond3,nmcond4,nmcond5,nmcond6,nmsafe_helmet,nmsafe_pads,nmsafe_oth,nmprev_ref,nmprev_lgt,nmprev_oth,crashlocation,nmcrashtype,crosswalk,schoolzone,sidewalk,train_inv,wildlife_inv,rotr_fars,intersect_fars,dd_inv,aid_inv,dpd_inv,id_inv,mj_inv,impnm_inv,ainm_inv,dpnm_inv,speed_inv,unlic_inv,unendmc_inv,drowsy_inv,drdist_inv,nmdist_inv,fty_inv,unrestfat_inv,dr1617_inv,dr1820_inv,dr1620_inv,dr2125_inv,dr1625_inv,dr65_inv,dr70_inv,dr75_inv,mc_inv,pv_inv,ht_inv,ped_inv,bike_inv,unrest_fat,mc_fat,unhelmet_mc,pv_fat,ht_fat,ped_fat,bike_fat,dr_alc7,dr_alc8,dr_drug,dr_imp,dr_dist,dr_spd,dr_fty,dr_unlic,dr_alc7only,dr_alc8only,dr_drugonly,dr_drink,nm_imp,nm_alc7,nm_alc8,nm_drug,nm_dist,agegrp1,agegrp2,roadclass,urbrur,dayweek,restuse,vehtype,race_me,intersect,lanedep,oppdir,wrongway,rep_typ,investag,repag_long,rotr,st_rd,cty_rd,city_rd,oth_rd,drug_thc,thc_res,drug_cthc,cthc_res,drug_cann,prevpersemin,prevperse,prevsusoth,drugtst4,drugtst5,drugtst6,drugtst7,drugtst8,drugres4,drugres5,drugres6,drugres7,drugres8,adspresent,adsengaged,adslevel,race1,race2,race3,race4,race5,helmet,helmetmisuse,nmdistract1,nmdistract2,nmdistract3,nmdistract4,nmdistract5,nmdistract6,lab,isedtcase,crf1,crf2,crf3,CoRoadName,CoMP,IntCoRoadName,IntCoMP
2017,227,3660781,344,06/11/2017,2:35,11,6,0,77,Yakima,0,10,0,2,1,2,2,0,5,2,2:34,3:00,3:43,12,0,2,9,1,0,1,5,1,2,4,0,3,0,0,CR-FT ROAD,,-120.5174389,46.37534167,0,1,50,10,2,55,4,0,0,1,2,12,1,1,2,1,1,1,2,53,0,7,41,2004,0,0,68,12,,,,,1,1,41,1,0,0,3,0,20,0,11,4,,,,,0,0,3,2,1,28,0,0,0,96,,,,,,9,,,,,,98951,53,68,230,1,1,1,0,0,0,6,97,,,,,,0,07/15/2012,04/15/2016,1,0,0,0,8,9,8,,,0,0,0,8,1,0,0,0,0,0,0,0,0,0,996,,,,,,,,,,,,,,,,,,,,,,,,,,,,,,0,0,0,0,1,0,1,1,0,0,0,0,0,1,0,0,0,0,0,1,0,0,0,0,0,0,0,0,0,1,0,0,0,0,0,,0,0,0,0,0,0,0,0,0,0,0,1,0,0,0,1,,,,,,41-45,36-45,County road,R,Sunday,Not Used,PV,Not Fatal,0,1,1,0,County Road,Other Law Enforcement,Yakama Tribal Police Department,0,0,1,0,0,,,,,,,,,,,,,,,,,,,,,,,,,,,,,,,,,,,,,,,,,,,
2021,205,3889576,344,04/29/2021,15:58,29,4,,77,Yakima,0,1,,1,1,2,1,0,4,2,,,,12,0,2,50.9,1,0,1,3,1,1,2,0,3,97,8,US-97,,-120.4096056,46.25663889,0,2,51,62,4,65,14,0,0,1,2,12,1,2,3,1,1,3,1,53,0,2,404,2011,0,,12,,,,,,1,1,29,2,0,,3,0,3,0,11,5,,,,,0,0,0,0,1,0,,,,96,,,,,,98,,,,,,98951,53,66,175,0,0,0,0,0,0,,97,,,,,,0,,,1,7,0,0,8,9,8,,,0,,,8,8,8,95,,,96,,,8,95,995,,,,,,,,,,,,,,,,,,,,,,,,,,,,,,0,0,0,0,0,0,0,0,0,0,0,0,0,1,0,0,1,0,0,0,0,1,1,0,1,0,0,0,0,1,0,0,0,0,0,,0,0,0,0,0,0,0,0,0,0,0,1,0,0,0,0,,,,,,26-30,26-35,US highway,R,Thursday,Belt Used,PV,Not Fatal,0,1,1,0,State Route,Other Law Enforcement,Yakama Tribal Police Department,0,1,0,0,0,,,,,,0,0,0,,,,,,,,,,,98,98,98,0,,,,,20,,,,,,,,,1,0,,,,,,
2021,115,3889701,344,01/26/2021,5:54,26,1,,77,Yakima,0,4,,2,1,2,1,1,1,1,,,,8,0,0,,1,0,1,5,1,2,4,0,3,0,0,CR-LATERAL A RD,,-120.4798972,46.39628611,0,1,13,80,5,55,61,0,0,1,5,8,1,1,2,1,6,1,9,99,0,12,881,2019,0,,8,,,,,,1,1,53,1,0,,0,0,2,0,11,0,,,,,6,0,0,3,1,33,,,,96,,,,,,0,,,,,,98951,53,68,212,6,1,0,0,0,0,,53,,,,,,0,,,20,0,0,0,8,9,8,,,0,,,8,8,0,0,,,0,,,2,98,0,,,,,,,,,,,,,,,,,,,,,,,,,,,,,,0,0,0,0,0,0,0,0,0,1,1,1,0,0,0,0,0,0,0,0,0,0,0,0,0,0,0,0,0,0,1,1,0,0,0,,0,0,0,0,0,0,0,0,0,0,0,0,0,0,0,0,,,,,,51-55,46-55,County road,R,Tuesday,,MHTRUCK,Not Fatal,0,0,0,0,County Road,Other Law Enforcement,Yakama Tribal Police Department,0,0,1,0,0,,,,,,0,0,0,,,,,,,,,,,98,98,98,0,,,,,20,,,,,,,,,0,0,,,LATERAL A RD.,9.26,NULL,
2021,597,3889903,344,12/27/2021,23:02,27,12,,77,Yakima,0,10,,2,1,1,1,0,2,1,,,,1,0,0,,1,0,1,6,1,2,4,0,3,0,0,CR-PROGRESSIVE RD,,-120.4599222,46.41921667,0,1,1,13,2,50,4,0,0,1,2,1,1,1,2,1,1,2,2,53,0,63,32,2016,0,,63,1,,,,,1,1,36,2,7,,4,0,99,7,11,5,12/31/2021,19:20,2.30053E+11,67181,0,0,0,3,1,0,,,,15,,,,,,9,,,,,,98951,53,64,270,6,1,0,0,0,0,,0,,,,,,0,,,20,0,0,0,0,9,8,,,0,,,8,1,0,0,,,0,,,0,0,996,,,,,,,,,,,,,,,,,,,,,,,,,,,,,,0,0,1,0,1,0,0,0,0,0,0,0,0,0,0,0,1,0,0,0,0,0,0,0,0,0,0,0,0,1,0,0,0,0,0,,1,0,0,0,0,0,0,0,1,0,0,0,0,0,0,1,,,,,,36-40,36-45,County road,R,Monday,Unknown,PV,AIAN,0,1,0,0,County Road,Other Law Enforcement,Yakama Tribal Police Department,1,0,1,0,0,,,,,,0,0,0,,,,,,,,,,,98,98,98,3,,,,,20,,,,,,,,,1,0,,,,,,
2017,405,E711489,146,09/13/2017,11:29,13,9,0,77,Yakima,2300,1,0,1,1,4,1,0,1,1,15:10,15:38,16:15,34,0,0,9999.9,1,0,1,7,1,2,4,0,3,0,0,CR-E BRANCH RD,,-120.3389667,46.40422222,0,1,98,6,1,35,34,0,0,1,2,1,1,1,2,1,1,1,2,53,0,12,471,2002,0,0,63,34,35,1,,,1,1,53,1,7,3,4,0,3,0,11,8,09/14/2017,21:00,1.44053E+11,40087,5,0,0,2,1,0,0,0,0,96,,,,,,0,,,,,,98951,53,66,220,1,1,0,1,1,0,3,0,,,,,,4,03/15/2013,12/15/2013,20,0,0,1,0,9,8,,,0,0,0,8,0,2,401,417,0,1,1,0,2,1,0,,,,,,,,,,,,,,,,,,,,,,,,,,,,,,0,0,0,0,0,0,1,1,0,0,0,0,1,1,0,0,0,0,0,0,0,0,0,0,0,0,0,0,0,0,0,0,0,0,0,,0,0,0,0,0,0,1,1,0,1,0,1,0,0,1,0,,,,,,51-55,46-55,County road,R,Wednesday,Belt Used,PV,AIAN,0,1,0,0,County Road,County Sheriff,Yakima County Sheriff's Office,1,0,1,0,0,,,,,,,,,,,,,,,,,,,,,,,,,,,,,,,,,,,,,,,,,,,
2017,428,E723014,1,10/13/2017,6:25,13,10,0,77,Yakima,0,1,0,4,1,2,1,0,3,2,6:28,6:44,7:21,12,0,6,69.8,2,0,2,3,1,1,2,0,3,21,3,US-97,JONES RD,-120.4351167,46.46251111,0,1,68,15,2,55,14,0,0,1,2,12,1,1,5,1,11,1,1,53,0,2,404,1995,0,0,12,,,,,,1,1,23,1,6,98,4,0,20,0,11,4,10/13/2017,7:26,2.40053E+11,44357,6,0,0,3,1,38,48,0,0,96,,,,,,99,,,,,,98951,53,72,280,6,1,0,0,0,0,0,0,,,,,,0,,,1,1,9,0,0,9,8,,,0,0,0,8,9,2,1,0,0,1,0,0,2,1,0,,,,,,,,,,,,,,,,,,,,,,,,,,,,,,0,0,0,1,0,0,0,0,0,0,0,0,0,0,0,0,0,0,1,1,0,0,0,1,1,0,0,0,0,1,0,0,0,1,0,,1,0,0,0,0,0,0,0,0,0,1,0,0,0,0,0,,,,,,21-25,16-25,US highway,R,Friday,Not Used,PV,Hispanic,1,0,0,0,State Route,State Patrol,Washington State Patrol Headquarter,0,1,0,0,0,,,,,,,,,,,,,,,,,,,,,,,,,,,,,,,,,,,,,,,,,,,
2017,508,E744778,146,12/06/2017,17:04,6,12,0,77,Yakima,0,1,0,5,1,2,1,0,3,2,,,,12,0,6,2.9,8,0,1,5,1,2,4,0,3,0,0,CR-HARRAH RD,,-120.5441139,46.42155556,0,1,98,20,2,50,66,1,0,1,5,12,1,1,2,1,13,1,3,53,0,82,881,2011,0,0,12,,,,,,1,1,64,1,0,0,0,0,3,0,11,0,,,,,6,1,3,3,1,31,0,0,0,1,,,,,,0,,,,,,98951,53,70,177,6,1,0,3,2,1,0,98,,,,,,0,02/15/2013,10/15/2017,20,0,0,0,8,9,8,,,0,0,0,8,0,0,0,0,0,0,0,0,0,0,996,,,,,,,,,,,,,,,,,,,,,,,,,,,,,,0,0,0,0,0,0,1,1,1,0,0,0,0,1,0,0,1,0,0,0,0,0,0,0,0,0,0,0,0,0,1,0,0,0,0,,0,0,0,0,0,0,0,0,1,0,0,0,0,0,0,0,,,,,,61-65,56-65,County road,R,Wednesday,,MHTRUCK,Not Fatal,0,0,0,0,County Road,County Sheriff,Yakima County Sheriff's Office,0,0,1,0,0,,,,,,,,,,,,,,,,,,,,,,,,,,,,,,,,,,,,,,,,,,,
2018,45,E776162,1,02/18/2018,12:50,18,2,3,77,Yakima,0,10,0,1,1,2,1,0,4,2,12:34,12:52,13:18,12,0,6,0,2,0,3,7,1,2,4,0,3,20,3,CR-HOFFER RD,HORSCHEL RD,-120.4347028,46.44060278,0,2,82,66,4,35,4,0,0,1,2,12,1,1,2,1,11,3,1,53,0,20,2,2012,0,0,12,,,,,,1,1,39,1,0,0,3,0,3,0,11,5,,,,,0,0,3,3,1,0,0,0,0,96,,,,,,0,,,,,,98951,53,71,200,6,1,0,0,0,0,,0,,,,,,0,,,20,0,0,0,8,9,8,,,0,0,0,8,0,8,95,,,96,,,8,95,995,,,,,,,,,,,,,,,,,,,,,,,,,,,,,,0,0,0,1,1,1,1,1,0,0,0,0,1,1,0,0,0,0,0,0,0,0,0,0,0,0,0,0,0,1,0,0,0,0,0,,0,0,0,0,0,0,0,0,0,0,0,0,0,0,0,0,,,,,,36-40,36-45,County road,R,Sunday,Belt Used,PV,Not Fatal,1,0,0,0,County Road,State Patrol,Washington State Patrol Headquarter,0,0,1,0,0,,,,,,0,0,0,,,,,,,,,,,,,,,,,,,,,,,,,,,,,,,,,,,
2018,243,E817508,146,07/14/2018,8:30,14,7,0,77,Yakima,0,1,0,1,1,2,1,0,2,2,,,,12,0,2,2,1,0,1,5,1,2,4,0,0,0,0,CR-KONNOWAC PASS RD,,-120.3645167,46.50940278,0,1,50,10,2,50,15,0,0,1,7,12,2,2,2,1,14,1,2,53,0,12,422,2003,0,0,68,12,,,,,1,1,30,1,7,3,4,7,20,0,11,0,07/14/2018,8:30,53031565,31565,0,0,3,2,1,28,0,0,0,93,,,,,,99,,,,,,98951,53,71,215,1,1,0,1,0,0,,0,,,,,,0,10/15/2016,01/15/2017,8,0,0,0,0,9,8,,,0,0,0,8,9,8,95,,,96,,,8,95,995,,,,,,,,,,,,,,,,,,,,,,,,,,,,,,0,0,0,0,0,0,0,0,0,0,0,0,0,1,0,0,1,0,0,1,0,0,0,0,0,0,0,0,0,1,1,0,0,1,0,,1,0,0,0,0,0,0,0,1,0,0,1,0,0,0,0,,,,,,26-30,26-35,County road,R,Saturday,Not Used,PV,AIAN,0,1,1,0,County Road,County Sheriff,Yakima County Sheriff's Office,0,0,1,0,0,,,,,,0,0,1,,,,,,,,,,,,,,,,,,,,,,,,,,,,,,,,,,,
2018,302,E834659,146,08/27/2018,10:54,27,8,0,77,Yakima,0,1,0,1,1,2,1,0,3,2,11:00,11:25,11:45,12,0,6,7.3,2,0,2,5,1,2,4,0,3,20,3,CR-FORT RD,LATERAL RD A,-120.4811556,46.37535,0,1,87,17,2,55,14,0,0,1,7,12,1,1,2,1,1,2,2,53,0,2,405,2005,0,0,12,,,,,,1,1,15,2,0,0,3,0,3,0,11,5,,,,,0,0,0,0,1,38,0,0,0,96,,,,,,0,,,,,,98951,53,62,150,0,0,0,0,0,0,,97,,,,,,0,,,20,0,0,0,8,9,8,,,0,0,0,8,0,8,95,,,96,,,8,95,995,,,,,,,,,,,,,,,,,,,,,,,,,,,,,,0,0,0,1,0,0,0,0,0,0,0,0,0,1,0,0,0,0,1,0,0,0,0,1,1,0,0,0,0,1,1,0,0,0,0,,0,0,0,0,0,0,0,0,0,0,1,1,0,0,0,0,,,,,,10ÔÂ15ÈÕ,0-15,County road,R,Monday,Belt Used,PV,Not Fatal,1,0,0,0,County Road,County Sheriff,Yakima County Sheriff's Office,0,0,1,0,0,,,,,,0,0,0,,,,,,,,,,,,,,,,,,,,,,,,,,,,,,,,,,,
2019,2,E880983,146,01/03/2019,8:18,3,1,,77,Yakima,0,10,0,1,1,2,1,0,2,2,,,,12,0,6,14,2,0,2,6,1,2,4,0,3,0,0,CR-S WAPATO RD,PROGRESSIVE RD,-120.4174111,46.41879167,0,2,88,66,4,50,6,0,0,1,7,12,1,1,2,1,1,1,1,53,0,20,24,2011,0,0,12,,,,,,1,1,34,2,7,,4,7,3,0,11,0,01/03/2019,8:18,53000141,141,0,0,0,3,1,0,0,0,0,96,,,,,,99,,,,,,98951,53,64,175,6,1,0,0,0,0,,0,,,,,,0,08/15/2015,08/15/2015,8,0,0,0,0,9,8,,,0,0,0,8,9,2,1,,,1,,,2,1,0,,,,,,,,,,,,,,,,,,,,,,,,,,,,,,0,0,0,1,0,0,0,0,0,0,0,0,0,0,0,0,0,0,1,0,0,0,0,0,0,0,0,0,0,1,1,0,0,0,0,,1,0,0,0,0,0,0,0,0,0,0,0,0,0,0,0,,,,,,31-35,26-35,County road,R,Thursday,Belt Used,PV,AIAN,1,0,0,0,County Road,County Sheriff,Yakima County Sheriff's Office,0,0,1,0,0,,,,,,0,0,1,,,,,,,,,,,98,98,98,3,,,,,20,7,,,,,,,,,,,,,,,
2019,57,E898880,146,02/23/2019,15:45,23,2,,77,Yakima,0,1,0,1,1,2,1,0,2,2,,,,12,0,6,13,2,0,2,6,1,2,4,0,3,0,0,CR-PROGRESSIVE RD,CAMPBELLL RD,-120.4383611,46.41905556,0,2,88,66,4,50,34,0,0,1,7,1,1,1,2,1,1,1,1,53,0,7,482,2016,0,0,12,1,,,,,1,1,32,1,0,,2,0,3,0,11,8,,,,,0,0,0,3,1,0,0,0,0,96,,,,,,0,,,,,,98951,53,71,190,6,1,0,0,0,0,,0,,,,,,0,,,8,0,0,0,8,9,8,,,0,0,0,8,0,8,95,,,96,,,8,95,995,,,,,,,,,,,,,,,,,,,,,,,,,,,,,,0,0,0,1,0,0,1,1,1,0,0,0,0,1,0,0,0,0,0,1,0,0,0,1,1,0,0,0,0,1,0,0,0,0,0,,0,0,0,0,0,0,0,0,0,0,0,0,0,0,0,0,,,,,,31-35,26-35,County road,R,Saturday,Belt Used,PV,Not Fatal,1,0,0,0,County Road,County Sheriff,Yakima County Sheriff's Office,0,0,1,0,0,,,,,,0,0,0,,,,,,,,,,,98,98,98,0,,,,,20,7,,,,,,,,,,,,,,,
2019,99,E908698,1,04/05/2019,23:35,5,4,,77,Yakima,0,1,0,3,1,2,1,1,8,4,,,,8,0,0,67.4,2,0,2,4,2,1,2,0,3,3,3,US-97,S WAPATO RD,-120.4174583,46.43269722,0,2,98,80,5,55,4,0,0,1,5,8,1,1,5,1,1,3,1,53,0,49,40,2014,0,0,8,,,,,,1,1,76,2,0,,0,0,3,0,11,0,,,,,0,0,0,3,1,0,0,0,0,96,,,,,,0,,,,,,98951,53,64,150,6,1,0,0,0,1,,0,,,,,,0,11/15/2018,11/15/2018,20,0,0,0,8,9,8,,,0,0,0,8,0,8,95,,,96,,,8,95,995,,,,,,,,,,,,,,,,,,,,,,,,,,,,,,0,0,0,1,0,0,0,0,0,1,1,1,0,0,0,0,0,0,0,0,0,0,0,0,0,1,1,1,0,1,0,1,0,0,0,,0,0,0,0,0,0,0,0,0,0,0,0,0,0,0,0,,,,,,76-80,76+,US highway,U,Friday,Belt Used,PV,Not Fatal,1,0,0,0,State Route,State Patrol,Washington State Patrol,0,1,0,0,0,,,,,,0,0,0,,,,,,,,,,,98,98,98,0,,,,,20,7,,,,,,,,,,,,,,,
2019,99,E908698,1,04/05/2019,23:35,5,4,,77,Yakima,0,1,0,3,1,2,1,1,8,4,,,,8,0,0,67.4,2,0,2,4,2,1,2,0,3,3,3,US-97,S WAPATO RD,-120.4174583,46.43269722,0,3,98,80,5,55,4,0,0,1,5,8,1,1,5,1,1,2,1,53,0,7,29,2013,0,0,8,,,,,,1,1,54,2,0,,0,0,3,0,11,0,,,,,0,0,0,3,1,0,0,0,0,96,,,,,,0,,,,,,98951,53,61,170,6,1,0,0,0,0,,0,,,,,,0,,,20,0,0,0,8,9,8,,,0,0,0,8,0,8,95,,,96,,,8,95,995,,,,,,,,,,,,,,,,,,,,,,,,,,,,,,0,0,0,1,0,0,0,0,0,1,1,1,0,0,0,0,0,0,0,0,0,0,0,0,0,1,1,1,0,1,0,1,0,0,0,,0,0,0,0,0,0,0,0,0,0,0,0,0,0,0,0,,,,,,51-55,46-55,US highway,U,Friday,Belt Used,PV,Not Fatal,1,0,0,0,State Route,State Patrol,Washington State Patrol,0,1,0,0,0,,,,,,0,0,0,,,,,,,,,,,98,98,98,0,,,,,20,7,,,,,,,,,,,,,,,
2019,105,E910563,146,03/15/2019,16:50,15,3,,77,Yakima,0,1,0,1,1,2,1,0,2,2,,,,12,0,6,8,2,0,2,7,1,2,4,0,3,0,0,CR-HARRAH RD,PROGRESSIVE RD,-120.5441139,46.41903611,0,2,89,66,4,50,6,0,0,1,7,12,1,1,2,1,1,1,1,53,0,48,34,1994,0,0,12,63,30,19,,,1,1,54,1,7,,4,7,3,0,11,0,03/15/2019,16:50,53012687,12687,0,0,0,3,1,0,0,0,0,96,,,,,,0,,,,,,98951,53,69,210,6,1,0,0,0,0,,0,,,,,,0,,,20,1,9,0,0,9,8,,,0,0,0,8,0,2,1,,,1,,,2,1,0,,,,,,,,,,,,,,,,,,,,,,,,,,,,,,0,0,0,1,0,0,0,0,0,0,0,0,1,0,0,0,0,0,0,0,0,0,0,0,0,0,0,0,0,1,0,0,0,0,0,,1,0,0,0,0,0,0,0,0,0,0,0,0,0,0,0,,,,,,51-55,46-55,County road,R,Friday,Belt Used,PV,White,1,0,0,0,County Road,County Sheriff,Yakima County Sheriff's Office,0,0,1,0,0,,,,,,0,0,0,,,,,,,,,,,0,0,0,1,,,,,20,7,,,,,,,,,,,,,,,
2019,133,E917953,146,05/07/2019,3:55,7,5,,77,Yakima,0,1,0,2,1,2,4,0,7,2,,,,12,0,6,60.4,2,0,2,3,1,1,2,0,3,20,3,US-97,LARUE RD,-120.3201833,46.36051111,0,1,87,17,2,50,15,0,0,1,7,12,1,1,2,1,1,6,2,53,0,7,422,2007,0,0,12,1,,,,,1,1,25,1,0,,3,0,20,7,11,8,,,,,0,0,0,0,1,39,0,0,0,96,,,,,,9,,,,,,98951,53,70,225,0,0,0,1,0,0,,97,,,,,,0,05/15/2017,05/15/2017,8,1,9,0,8,9,8,,,0,0,0,8,1,2,695,605,402,1,1,1,2,1,0.025,,,,,,,,,,,,,,,,,,,,,,,,,,,,,,0,0,0,1,1,0,1,1,1,0,0,0,0,1,0,0,0,0,0,0,0,0,0,1,1,0,0,0,0,1,1,0,0,0,0,,0,0,0,0,1,0,1,1,0,0,0,1,0,0,0,1,,,,,,21-25,16-25,US highway,R,Tuesday,Not Used,PV,Not Fatal,1,0,0,0,State Route,County Sheriff,Yakima County Sheriff's Office,0,1,0,0,0,thc,2,carboxy-thc,44,,0,0,0,1,1,,,,996,407,,,,98,98,98,0,,,,,20,7,,,,,,,,,,,,,,,
2019,195,E934230,146,06/21/2019,11:25,21,6,,77,Yakima,0,1,0,1,1,4,1,0,1,1,,,,1,0,0,2,1,0,1,7,2,2,4,0,3,0,0,CR-MEDICINE VALLEY RD,,-120.7963639,46.39009167,0,1,1,6,1,50,34,0,0,1,7,1,3,1,2,1,14,1,1,53,0,7,482,1998,0,0,63,69,63,1,,,1,1,33,1,7,,4,7,20,7,11,0,06/21/2019,11:25,53027954,27954,0,0,0,3,1,0,0,0,0,96,,,,,,99,,,,,,98951,53,75,225,6,1,0,0,0,0,,0,,,,,,4,,,20,2,9,0,0,9,8,,,0,0,0,8,9,2,605,695,,1,1,,2,1,0.23,,,,,,,,,,,,,,,,,,,,,,,,,,,,,,0,0,1,0,1,1,1,1,1,0,0,0,1,0,0,0,0,0,0,1,0,0,0,0,0,0,0,0,0,1,0,0,0,1,0,,1,0,0,0,0,1,1,1,0,1,0,0,0,0,0,1,,,,,,31-35,26-35,County road,U,Friday,Not Used,PV,White,1,0,0,0,County Road,County Sheriff,Yakima County Sheriff's Office,0,0,1,0,0,thc,2.9,carboxy-thc,15,,0,0,0,,,,,,,,,,,0,0,0,1,,,,,20,7,,,,,,,,,,,,,,,
2019,216,E937824,1,06/22/2019,23:31,22,6,,77,Yakima,0,1,0,2,1,2,1,0,2,2,,,,12,0,2,3,1,0,1,5,1,2,4,0,3,0,0,CR-LATERAL A RD,,-120.4804694,46.47728333,0,2,51,62,4,55,4,0,0,1,7,12,1,1,2,1,1,1,2,53,0,48,34,2000,0,0,12,,,,,,1,1,19,2,0,,2,0,3,0,11,4,,,,,0,0,0,3,1,0,0,0,0,96,,,,,,0,,,,,,98951,53,64,160,6,2,0,0,0,0,,0,,,,,,0,,,1,0,0,0,8,9,8,,,0,0,0,8,0,8,95,,,96,,,8,95,995,,,,,,,,,,,,,,,,,,,,,,,,,,,,,,0,0,0,0,1,1,1,1,1,0,0,0,0,0,0,0,0,0,0,1,0,1,1,1,1,0,0,0,0,1,0,0,0,0,0,,0,0,0,0,0,0,0,0,0,0,0,0,0,0,0,0,,,,,,18-20,16-25,County road,R,Saturday,Belt Used,PV,Not Fatal,0,1,1,0,County Road,State Patrol,Washington State Patrol,0,0,1,0,0,,,,,,0,0,0,,,,,,,,,,,98,98,98,0,,,,,20,7,,,,,,,,,,,,,,,
2020,192,EA16344,146,02/14/2020,19:09,14,2,,77,Yakima,0,1,,2,1,2,1,0,4,2,19:12,19:23,20:09,12,0,2,6.9,1,0,1,5,1,2,4,0,0,0,0,CR-YAKIMA VALLEY HWY,,-120.3498306,46.45044167,0,2,51,62,4,55,4,0,0,1,2,12,3,1,2,1,14,2,1,53,0,37,32,1999,0,,12,,,,,,1,1,22,1,1,,4,7,20,7,11,0,02/14/2020,19:09,53007275,7275,0,0,0,2,1,0,,,,96,,,,,,0,,,,,,98951,53,66,173,1,1,0,2,0,2,,0,,,,,,0,01/15/2015,11/15/2019,8,0,0,0,0,9,8,,,0,,,8,8,2,695,605,,1,1,,2,1,0,,,,,,,,,,,,,,,,,,,,,,,,,,,,,,0,0,0,0,1,0,1,1,1,0,0,0,0,1,0,0,0,0,0,1,0,0,0,1,1,0,0,0,0,1,0,0,0,1,0,,1,0,0,0,0,0,1,1,0,0,0,1,0,0,1,0,,,,,,21-25,16-25,County road,R,Friday,Not Used,PV,Hispanic,0,1,1,0,County Road,County Sheriff,Yakima County Sheriff's Office,0,0,1,0,0,thc,0.97,carboxy-thc,12,,0,0,4,,,,,,,,,,,0,0,0,3,,,,,20,7,,,,,,,nms,0,0,,,YAKIMA VALLEY HIGHWAY,6.87,,
2020,532,EA19824,146,02/28/2020,19:16,28,2,,77,Yakima,0,1,,2,1,2,1,0,2,2,19:18,19:22,20:08,12,0,6,1.4,2,0,2,5,1,1,3,0,3,0,0,SR-220,BECKER RD,-120.3569917,46.37525278,0,2,83,67,4,55,4,0,0,1,5,12,1,1,2,1,1,1,1,53,0,20,2,2006,0,,12,,,,,,1,1,64,2,0,,1,0,3,0,11,5,,,,,0,0,0,3,1,0,,,,96,,,,,,0,,,,,,98951,53,68,152,6,1,0,0,0,0,,0,,,,,,0,,,1,0,0,0,8,9,8,,,0,,,8,8,0,0,,,0,,,0,0,996,,,,,,,,,,,,,,,,,,,,,,,,,,,,,,0,0,0,1,0,0,0,0,0,0,0,0,0,1,1,0,0,0,1,0,0,0,0,0,0,1,0,0,1,1,0,0,0,0,0,,0,0,0,0,0,0,0,0,0,0,0,0,0,0,0,0,,,,,,61-65,56-65,State route,R,Friday,Belt Used,PV,Not Fatal,1,0,0,0,County Road,County Sheriff,Yakima County Sheriff's Office,0,0,1,0,0,,,,,,0,0,0,,,,,,,,,,,98,98,98,0,,,,,20,7,,,,,,,,1,0,,,FORT RD.,1.35,BECKER RD.,0.99
2020,172,EA39731,1,06/01/2020,7:01,1,6,,77,Yakima,0,1,,1,1,2,1,0,2,2,7:05,7:11,,12,0,6,68.7,2,0,2,4,2,1,2,0,3,3,3,US-97,W WAPATO RD,-120.430125,46.44788333,0,1,89,17,2,25,4,0,0,1,2,12,1,1,4,1,1,1,2,53,0,54,35,2000,0,,12,,,,,,1,1,68,1,1,,4,7,20,7,11,0,06/01/2020,7:01,2.40053E+11,25048,0,0,3,3,1,39,,,,96,,,,,,98,,,,,,98951,53,66,150,6,1,0,1,0,0,,0,,,,,,0,09/15/2017,09/15/2017,1,0,0,0,0,1,8,,,0,,,8,0,2,1,,,1,,,2,1,0,,,,,,,,,,,,,,,,,,,,,,,,,,,,,,0,0,0,1,0,0,0,0,0,0,0,0,0,0,0,0,0,0,0,1,0,0,0,1,1,1,0,0,0,1,0,0,0,1,0,,1,0,0,0,0,0,0,0,0,0,0,0,0,0,0,0,,,,,,66-70,66-75,US highway,U,Monday,Not Used,PV,Hispanic,1,0,0,0,State Route,State Patrol,Washington State Patrol,0,1,0,0,0,,,,,,0,0,0,,,,,,,,,,,98,98,98,98,,,,,20,7,,,,,,,,1,0,,,,,,