year,case,par,repjur,crash_dt,crash_tm,accday,accmon,holiday,county,co_char,city,weather,weather2,lightcond,surfcond,surftype,numfatal,nmforms,pforms,vforms,not_tm,arr_tm,hosp_tm,fhevent,hitrun,manncol,milepnt,reljunc,reljuncinter,intersectiontype,funcsystem,landuse,ownership,route,schlbus,spejur,contdev,devfunc,trafid1,trafid2,x,y,wk_zone,vnumber,crashtype,criticalevent,criticaleventcat,spdlim,body,trailer,emerg,hazcargo,leave,mhevent,roadalgn,roadprof,traflane,trafflow,vehmanvr,numoccs,regowner,regstate,spuse,make,model,modelyr,vrf1,vrf2,seqevent1,seqevent2,seqevent3,seqevent4,seqevent5,seqevent6,pnumber,ptype,age,sex,hispanic,race,injury,diedscene,restraint,restraintmisuse,seatpos,takehosp,death_dt,death_tm,cert,cernum_wa,commlic,licendor,licrestrict,liccomp,drivpres,drf1,drf2,drf3,drf4,distract1,distract2,distract3,distract4,distract5,distract6,dricond1,dricond2,dricond3,dricond4,dricond5,dricond6,dzip,licstate,drhgt_in,weight,noncdl,noncdltype,prevdwi,prevoth,prevacc,prevspd,prevsus,driviol1,driviol2,driviol3,driviol4,driviol5,driviol6,spdrel,first_dt,last_dt,airbag,ejection,ejectpath,extricat,injurwrk,methalc,methdrug,nmlocat,strikveh,prf1,prf2,prf3,druginv,alcinvol,drugsts,drugres1,drugres2,drugres3,drugtst1,drugtst2,drugtst3,alcsts,alctst,alcres,nmact1,nmact2,nmact3,nmact4,nmact5,nmact6,nmprior1,nmprior2,nmprior3,nmprior4,nmprior5,nmprior6,nmcond1,nmcond2,nmcond3,nmcond4,nmcond5,nmcond6,nmsafe_helmet,nmsafe_pads,nmsafe_oth,nmprev_ref,nmprev_lgt,nmprev_oth,crashlocation,nmcrashtype,crosswalk,schoolzone,sidewalk,train_inv,wildlife_inv,rotr_fars,intersect_fars,dd_inv,aid_inv,dpd_inv,id_inv,mj_inv,impnm_inv,ainm_inv,dpnm_inv,speed_inv,unlic_inv,unendmc_inv,drowsy_inv,drdist_inv,nmdist_inv,fty_inv,unrestfat_inv,dr1617_inv,dr1820_inv,dr1620_inv,dr2125_inv,dr1625_inv,dr65_inv,dr70_inv,dr75_inv,mc_inv,pv_inv,ht_inv,ped_inv,bike_inv,unrest_fat,mc_fat,unhelmet_mc,pv_fat,ht_fat,ped_fat,bike_fat,dr_alc7,dr_alc8,dr_drug,dr_imp,dr_dist,dr_spd,dr_fty,dr_unlic,dr_alc7only,dr_alc8only,dr_drugonly,dr_drink,nm_imp,nm_alc7,nm_alc8,nm_drug,nm_dist,agegrp1,agegrp2,roadclass,urbrur,dayweek,restuse,vehtype,race_me,intersect,lanedep,oppdir,wrongway,rep_typ,investag,repag_long,rotr,st_rd,cty_rd,city_rd,oth_rd,drug_thc,thc_res,drug_cthc,cthc_res,drug_cann,prevpersemin,prevperse,prevsusoth,drugtst4,drugtst5,drugtst6,drugtst7,drugtst8,drugres4,drugres5,drugres6,drugres7,drugres8,adspresent,adsengaged,adslevel,race1,race2,race3,race4,race5,helmet,helmetmisuse,nmdistract1,nmdistract2,nmdistract3,nmdistract4,nmdistract5,nmdistract6,lab,isedtcase,crf1,crf2,crf3,CoRoadName,CoMP,IntCoRoadName,IntCoMP
2020,207,EA43973,146,06/25/2020,12:49,25,6,,77,Yakima,0,1,,1,1,2,2,0,3,2,12:51,12:59,,12,0,6,2.8,8,0,1,5,1,2,4,0,3,0,0,CR-LATERAL A RD,,-120.4804667,46.47733056,0,2,86,71,4,55,63,0,0,2,5,12,1,1,2,1,1,1,3,53,0,85,881,2017,0,,12,,,,,,1,1,27,1,0,,0,0,3,0,11,0,,,,,6,1,0,3,1,0,,,,96,,,,,,0,,,,,,98951,53,70,225,6,1,0,0,0,0,,0,,,,,,0,,,20,0,0,0,8,9,8,,,0,,,8,8,8,95,,,96,,,8,95,995,,,,,,,,,,,,,,,,,,,,,,,,,,,,,,0,0,0,0,0,0,0,0,0,0,0,0,0,1,0,0,0,0,1,0,0,0,0,0,0,0,0,0,0,1,1,0,0,0,0,,0,0,0,0,0,0,0,0,0,0,0,0,0,0,0,0,,,,,,26-30,26-35,County road,R,Thursday,,MHTRUCK,Not Fatal,0,0,0,0,County Road,County Sheriff,Yakima County Sheriff's Office,0,0,1,0,0,,,,,,0,0,0,,,,,,,,,,,98,98,98,0,,,,,20,7,,,,,,,,1,0,,,LATERAL A RD.,2.78,,
2020,211,EA44281,146,06/24/2020,10:45,24,6,,77,Yakima,0,1,,1,1,2,2,0,5,3,10:51,10:58,11:38,12,0,6,1.8,2,0,2,5,1,2,4,0,3,20,3,CR-LATERAL A RD,KAYS RD,-120.4803361,46.492,0,1,88,17,2,50,14,0,0,1,2,12,1,1,2,1,1,2,2,53,0,63,401,2000,0,,12,1,2,,,,1,1,63,1,1,,4,7,99,7,11,0,06/24/2020,10:45,53029577,29577,0,0,0,3,1,39,,,,96,,,,,,98,,,,,,98951,53,66,220,6,1,0,1,1,0,,0,,,,,,0,06/15/2018,06/15/2018,99,0,0,0,0,9,8,,,0,,,8,8,2,1,,,1,,,2,1,0,,,,,,,,,,,,,,,,,,,,,,,,,,,,,,0,0,0,1,0,0,0,0,0,0,0,0,0,0,0,0,0,0,0,0,0,1,1,0,1,0,0,0,0,1,1,0,0,0,0,,1,0,0,0,0,0,0,0,0,0,0,0,0,0,0,0,,,,,,61-65,56-65,County road,R,Wednesday,Unknown,PV,Hispanic,1,0,0,0,County Road,County Sheriff,Yakima County Sheriff's Office,0,0,1,0,0,,,,,,0,0,0,,,,,,,,,,,98,98,98,98,,,,,20,7,,,,,,,,1,0,,,LATERAL A RD.,1.76,KAYS RD.,1.06
2020,211,EA44281,146,06/24/2020,10:45,24,6,,77,Yakima,0,1,,1,1,2,2,0,5,3,10:51,10:58,11:38,12,0,6,1.8,2,0,2,5,1,2,4,0,3,0,0,CR-LATERAL A RD,KAYS RD,-120.4803361,46.492,0,3,98,62,4,55,34,0,0,1,5,12,1,1,2,1,1,2,2,53,0,23,481,2002,0,,12,,,,,,1,1,18,2,0,,0,0,3,0,11,0,,,,,0,0,0,3,1,0,,,,96,,,,,,0,,,,,,98951,53,65,147,6,2,0,0,0,0,,0,,,,,,0,,,20,0,0,0,8,9,8,,,0,,,8,8,8,95,,,96,,,8,95,995,,,,,,,,,,,,,,,,,,,,,,,,,,,,,,0,0,0,1,0,0,0,0,0,0,0,0,0,0,0,0,0,0,0,0,0,1,1,0,1,0,0,0,0,1,1,0,0,0,0,,0,0,0,0,0,0,0,0,0,0,0,0,0,0,0,0,,,,,,18-20,16-25,County road,R,Wednesday,Belt Used,PV,Not Fatal,1,0,0,0,County Road,County Sheriff,Yakima County Sheriff's Office,0,0,1,0,0,,,,,,0,0,0,,,,,,,,,,,98,98,98,0,,,,,20,7,,,,,,,,1,0,,,LATERAL A RD.,1.76,KAYS RD.,1.06
2020,281,EA55669,146,08/15/2020,20:07,15,8,,77,Yakima,0,1,,1,1,2,1,0,3,2,20:21,21:00,21:28,12,0,6,12.7,1,0,1,6,1,2,4,0,3,0,0,CR-PROGRESSIVE RD,,-120.4454278,46.41911389,0,2,66,54,3,50,2,0,0,1,2,12,1,1,2,1,1,2,2,53,0,37,31,1994,0,,12,,,,,,1,1,47,2,0,,1,0,99,7,11,5,,,,,0,0,0,3,1,0,,,,96,,,,,,0,,,,,,98951,53,68,195,6,1,0,0,0,0,,0,,,,,,0,,,1,0,0,0,8,9,8,,,0,,,8,8,8,95,,,96,,,8,95,995,,,,,,,,,,,,,,,,,,,,,,,,,,,,,,0,0,0,0,1,1,0,1,0,0,0,0,0,1,0,0,1,0,0,0,0,1,1,0,1,0,0,0,0,1,0,0,0,0,0,,0,0,0,0,0,0,0,0,0,0,0,0,0,0,0,0,,,,,,46-50,46-55,County road,R,Saturday,Unknown,PV,Not Fatal,0,1,1,0,County Road,County Sheriff,Yakima County Sheriff's Office,0,0,1,0,0,,,,,,0,0,0,,,,,,,,,,,0,0,0,0,,,,,20,7,,,,,,,,1,0,,,PROGRESSIVE RD.,12.71,,
2020,301,EA58658,146,08/20/2020,8:18,20,8,,77,Yakima,0,10,,1,1,2,2,0,3,2,8:21,8:36,9:18,12,0,6,2,2,0,2,5,1,2,4,0,3,20,3,CR-HARRAH RD,EVANS RD,-120.5440056,46.43348056,0,1,88,17,2,50,14,0,0,1,2,12,1,2,2,1,1,2,2,53,0,12,402,2005,0,,12,2,79,24,,,1,1,23,1,7,,4,7,99,7,11,0,08/20/2020,8:18,53038763,38763,0,0,0,2,1,38,,,,96,,,,,,98,,,,,,98951,53,72,180,1,1,0,0,0,1,,0,,,,,,0,07/15/2016,11/15/2017,99,0,0,0,0,9,8,,,0,,,8,8,2,402,695,605,1,1,1,2,1,0.222,,,,,,,,,,,,,,,,,,,,,,,,,,,,,,0,0,0,1,1,1,1,1,1,0,0,0,0,1,0,0,0,0,1,0,0,0,0,1,1,0,0,0,0,1,1,0,0,0,0,,1,0,0,0,0,1,1,1,0,0,1,1,0,0,0,1,,,,,,21-25,16-25,County road,R,Thursday,Unknown,PV,AIAN,1,0,0,0,County Road,County Sheriff,Yakima County Sheriff's Office,0,0,1,0,0,thc,1.9,carboxy-thc,8.6,,0,0,1,,,,,,,,,,,98,98,98,3,,,,,20,7,,,,,,,nms,1,0,,,HARRAH RD.,2,EVANS RD.,2.01
2021,223,EB44623,146,06/25/2021,4:55,25,6,,77,Yakima,0,1,,2,1,2,1,0,2,2,,,,12,0,1,0.7,1,0,1,5,1,2,4,0,3,0,0,CR-W WAPATO RD,,-120.4445806,46.44800556,0,1,24,51,3,50,14,0,0,1,2,12,1,1,2,1,1,1,1,53,0,7,403,2007,0,,12,,,,,,1,1,26,1,0,,0,0,3,0,11,0,,,,,0,0,0,3,1,0,,,,15,,,,,,98,,,,,,98951,53,65,150,6,1,0,1,1,5,,97,,,,,,3,05/15/2018,06/15/2021,1,0,0,0,8,9,8,,,0,,,8,8,0,0,,,0,,,0,0,996,,,,,,,,,,,,,,,,,,,,,,,,,,,,,,0,0,0,0,0,0,0,0,0,0,0,0,1,0,0,0,1,0,0,0,0,0,0,0,0,1,1,1,0,1,0,0,0,0,0,,0,0,0,0,0,0,0,0,1,1,0,0,0,0,0,0,,,,,,26-30,26-35,County road,R,Friday,Belt Used,PV,Not Fatal,0,0,0,0,County Road,County Sheriff,Yakima County Sheriff's Office,0,0,1,0,0,,,,,,0,0,0,,,,,,,,,,,98,98,98,0,,,,,20,,,,,,,,,1,0,,,WAPATO RD. W.,0.69,NULL,
2021,261,EB53745,146,07/29/2021,14:23,29,7,,77,Yakima,0,1,,1,1,2,1,0,3,2,,,,12,0,2,4.1,1,0,1,5,1,2,4,0,0,0,0,CR- YAKIMA VALLEY HWY,,-120.3914861,46.47662778,0,2,51,62,4,55,15,0,0,1,2,12,2,1,2,1,14,2,1,53,0,23,421,2005,0,,12,,,,,,1,1,74,1,0,,3,0,3,0,11,5,,,,,0,0,0,3,1,0,,,,96,,,,,,98,,,,,,98951,53,71,220,6,1,0,0,0,0,,0,,,,,,0,,,8,0,0,0,8,9,8,,,0,,,8,8,8,95,,,96,,,8,95,995,,,,,,,,,,,,,,,,,,,,,,,,,,,,,,0,0,0,0,1,1,0,1,0,0,0,0,0,1,0,0,1,0,0,0,0,0,0,0,0,1,1,0,0,1,0,0,0,0,0,,0,0,0,0,0,0,0,0,0,0,0,0,0,0,0,0,,,,,,71-75,66-75,County road,R,Thursday,Belt Used,PV,Not Fatal,0,1,1,0,County Road,County Sheriff,Yakima County Sheriff's Office,0,0,1,0,0,,,,,,0,0,0,,,,,,,,,,,98,98,98,0,,,,,20,,,,,,,,,1,0,,,YAKIMA VALLEY HIGHWAY,4.07,NULL,
2021,343,EB66022,330,08/31/2021,22:16,31,8,,77,Yakima,2590,1,,3,1,2,3,0,6,2,,,,12,0,6,0,2,0,2,5,2,4,6,0,0,3,3,W NOB HILL BLVD,S 48th Ave,-120.5722722,46.58534167,0,2,87,66,4,35,4,0,0,1,2,12,1,1,5,1,1,4,2,53,0,52,34,2007,0,,12,64,43,,,,1,1,23,2,0,,1,0,3,0,11,5,,,,,0,0,0,0,1,0,,,,96,,,,,,98,,,,,,98951,53,61,140,0,0,0,1,0,0,,97,,,,,,0,06/15/2020,06/15/2020,1,0,0,0,8,9,8,,,0,,,8,8,8,95,,,96,,,8,95,995,,,,,,,,,,,,,,,,,,,,,,,,,,,,,,0,0,0,1,1,1,0,1,0,0,0,0,1,1,0,0,0,0,0,1,0,1,1,1,1,0,0,0,0,1,0,0,0,0,0,,0,0,0,0,0,0,0,0,0,0,0,1,0,0,0,0,,,,,,21-25,16-25,City street,U,Tuesday,Belt Used,PV,Not Fatal,1,0,0,0,City Street,Municipal/City Police,Yakima Police Department,0,0,0,1,0,,,,,,0,0,0,,,,,,,,,,,98,98,98,0,,,,,20,,,,,,,,,1,0,,,,,,
2021,354,EB68435,146,09/13/2021,2:55,13,9,,77,Yakima,0,1,,2,1,2,1,1,1,1,,,,8,0,0,5.7,1,0,1,5,1,2,4,0,3,0,0,CR-LARUE RD,,-120.4199306,46.36095,0,1,13,80,5,50,1,0,0,1,2,8,1,1,2,1,1,1,2,53,0,6,43,2005,0,,8,,,,,,1,1,23,1,0,,0,0,99,7,11,0,,,,,0,0,3,2,1,10,,,,0,,,,,,9,,,,,,98951,53,72,131,1,1,1,0,0,0,,0,,,,,,0,09/15/2019,09/15/2019,20,0,0,0,8,9,8,,,0,,,8,1,8,95,,,96,,,2,1,997,,,,,,,,,,,,,,,,,,,,,,,,,,,,,,0,0,0,0,1,0,0,0,0,1,1,1,0,1,0,0,0,0,0,0,0,0,0,1,1,0,0,0,0,1,0,1,0,0,0,,0,0,0,0,0,0,0,0,0,0,0,1,0,0,0,1,,,,,,21-25,16-25,County road,R,Monday,Unknown,PV,Not Fatal,0,0,0,0,County Road,County Sheriff,Yakima County Sheriff's Office,0,0,1,0,0,,,,,,0,1,0,,,,,,,,,,,98,98,98,0,,,,,20,,,,,,,,,1,0,,,LARUE RD.,5.74,NULL,
2021,631,EB98551,1,11/24/2021,6:15,24,11,,77,Yakima,0,1,,3,4,1,1,0,18,10,,,,25,0,0,58.8,5,1,1,1,1,1,1,0,0,0,0,I-82 RAMP,,-120.1734778,46.34274167,0,6,98,5,1,70,4,0,0,1,2,12,3,1,2,3,16,1,1,53,0,37,32,2011,0,,12,12,,,,,1,1,46,2,0,,0,0,3,0,11,0,,,,,0,0,0,3,1,87,,,,96,,,,,,98,,,,,,98951,53,58,130,6,1,0,0,0,1,,0,,,,,,0,09/15/2019,09/15/2019,8,0,0,0,8,9,8,,,0,,,0,0,0,0,,,0,,,0,0,996,,,,,,,,,,,,,,,,,,,,,,,,,,,,,,0,0,0,0,0,0,0,0,0,0,0,0,0,1,0,0,0,0,0,0,0,0,0,1,1,1,0,0,0,1,1,0,0,0,0,,0,0,0,0,0,0,0,0,0,0,0,0,0,0,0,0,,,,,,46-50,46-55,Interstate,R,Wednesday,Belt Used,PV,Not Fatal,0,0,0,0,State Route,State Patrol,Washington State Patrol,0,1,0,0,0,,,,,,0,0,0,,,,,,,,,,,98,98,98,0,,,,,20,,,,,,,,,1,19,,,,,,
2017,403,3658374,344,09/21/2017,4:05,21,9,0,77,Yakima,0,1,0,3,1,2,1,0,1,1,,,,1,0,0,0,1,0,1,6,1,2,4,0,3,0,0,CR-SIGNAL PEAK RD,,-120.7328139,46.343875,0,1,98,12,2,50,20,0,0,1,2,1,1,2,2,1,1,1,2,53,0,63,441,2003,0,0,68,64,69,1,,,1,1,32,2,7,3,4,7,20,0,11,0,09/21/2017,4:05,53040844,40844,0,0,3,3,1,0,0,0,0,0,,,,,,2,,,,,,98952,53,61,140,6,8,1,1,0,1,3,0,,,,,,0,09/15/2012,08/15/2017,20,1,9,0,0,9,8,,,0,0,0,8,8,0,0,0,0,0,0,0,0,0,996,,,,,,,,,,,,,,,,,,,,,,,,,,,,,,0,0,0,0,0,0,0,0,0,0,0,0,0,0,0,1,0,0,0,1,0,0,0,0,0,0,0,0,0,1,0,0,0,1,0,,1,0,0,0,0,0,0,0,0,0,0,0,0,0,0,0,,,,,,31-35,26-35,County road,R,Thursday,Not Used,PV,AIAN,0,1,0,0,Other,Other Law Enforcement,Yakama Tribal Police Department,1,0,0,0,1,,,,,,,,,,,,,,,,,,,,,,,,,,,,,,,,,,,,,,,,,,,
2017,447,3658375,344,09/30/2017,15:51,30,9,0,77,Yakima,0,1,0,1,1,4,1,0,1,1,15:49,16:05,16:46,1,0,0,0,1,0,1,7,1,2,4,0,3,0,0,CR-N SHAKER CHURCH RD,,-120.6697667,46.38837222,0,1,6,12,2,50,4,0,0,1,2,1,1,3,2,1,1,1,1,53,0,20,16,2000,0,0,68,64,1,,,,1,1,28,2,7,3,4,0,99,0,11,5,09/30/2017,17:09,2.30053E+11,42774,0,0,0,0,1,0,0,0,0,92,,,,,,98,,,,,,98952,53,62,185,0,0,0,0,0,0,0,0,,,,,,0,,,20,9,0,0,0,9,8,,,0,0,0,8,8,2,1,0,0,1,0,0,2,1,0.13,,,,,,,,,,,,,,,,,,,,,,,,,,,,,,0,0,1,0,1,1,0,1,0,0,0,0,0,1,0,0,1,0,0,0,0,0,0,0,0,0,0,0,0,1,0,0,0,0,0,,1,0,0,0,0,1,0,1,1,0,0,1,0,1,0,1,,,,,,26-30,26-35,County road,R,Saturday,Unknown,PV,AIAN,0,0,0,0,Other,Other Law Enforcement,Yakama Tribal Police Department,0,0,0,0,1,,,,,,,,,,,,,,,,,,,,,,,,,,,,,,,,,,,,,,,,,,,
2017,306,3659694,344,08/03/2017,22:42,3,8,0,77,Yakima,0,1,0,2,1,2,1,1,1,1,,,,8,0,0,1.6,1,0,1,5,1,2,4,0,3,0,0,CR-S WAPATO RD,,-120.4173139,46.41005278,0,1,13,80,5,50,14,0,0,1,5,8,1,1,2,1,1,1,2,53,0,49,403,2004,0,0,8,,,,,,1,1,29,1,0,0,0,0,3,0,11,0,,,,,0,0,0,2,1,0,0,0,0,0,,,,,,0,,,,,,98952,53,73,280,1,1,0,1,0,0,1,0,,,,,,0,11/15/2016,02/15/2017,20,0,0,0,8,9,2,,,0,0,0,0,0,0,0,0,0,0,0,0,0,0,996,,,,,,,,,,,,,,,,,,,,,,,,,,,,,,0,0,0,0,0,0,0,0,0,1,1,1,0,1,0,0,0,0,0,0,0,0,0,0,0,0,0,0,0,1,0,1,0,0,0,,0,0,0,0,0,0,0,0,0,0,0,1,0,0,0,0,,,,,,26-30,26-35,County road,R,Thursday,Belt Used,PV,Not Fatal,0,0,0,0,County Road,Other Law Enforcement,Yakama Tribal Police Department,0,0,1,0,0,,,,,,,,,,,,,,,,,,,,,,,,,,,,,,,,,,,,,,,,,,,
2017,416,3659753,344,10/01/2017,5:22,1,10,0,77,Yakima,0,1,0,2,1,2,1,0,3,2,5:14,5:19,6:08,12,0,6,4.9,2,0,2,5,1,1,3,0,3,20,3,SR-22,N MEYERS RD,-120.2938972,46.35704444,0,1,86,17,2,50,67,0,0,1,2,12,1,1,2,1,1,1,1,53,0,7,880,1999,0,0,12,,,,,,1,1,29,1,0,0,1,0,99,0,11,0,,,,,0,0,3,2,1,39,0,0,0,96,,,,,,9,,,,,,98952,53,74,240,1,1,1,0,0,0,1,12,,,,,,0,03/15/2014,05/15/2014,1,0,0,0,8,9,8,,,0,0,0,8,1,0,0,0,0,0,0,0,0,0,996,,,,,,,,,,,,,,,,,,,,,,,,,,,,,,0,0,0,1,1,0,0,0,0,0,0,0,0,1,0,0,0,0,0,0,0,0,0,0,0,1,1,0,0,0,1,0,0,0,0,,0,0,0,0,0,0,0,0,0,0,0,1,0,0,0,1,,,,,,26-30,26-35,State route,R,Sunday,Unknown,MHTRUCK,Not Fatal,1,0,0,0,State Route,Other Law Enforcement,Yakama Tribal Police Department,0,1,0,0,0,,,,,,,,,,,,,,,,,,,,,,,,,,,,,,,,,,,,,,,,,,,
2020,515,3840261,344,12/22/2020,21:30,22,12,,77,Yakima,0,1,,2,1,2,1,0,1,1,21:38,21:44,22:10,1,0,0,0.8,1,0,1,5,1,2,4,0,3,0,0,CR-CURTIS ST,,-120.7289278,46.37631667,0,1,7,12,2,35,14,0,0,1,2,1,2,2,2,1,14,1,2,41,0,12,401,2003,0,,68,64,1,,,,1,1,49,1,7,,4,0,99,7,11,5,12/22/2020,23:21,2.59053E+11,60574,0,0,0,0,1,0,,,,96,,,,,,9,,,,,,98952,53,68,156,0,0,0,0,0,0,,0,,,,,,3,06/15/2017,06/15/2017,20,0,0,0,0,3,2,,,0,,,8,1,2,522,695,605,1,1,1,2,1,0.156,,,,,,,,,,,,,,,,,,,,,,,,,,,,,,0,0,0,0,1,1,1,1,1,0,0,0,1,1,0,0,0,0,0,0,0,0,0,0,0,0,0,0,0,1,0,0,0,0,0,,1,0,0,0,0,1,1,1,0,1,0,1,0,0,0,1,,,,,,46-50,46-55,County road,R,Tuesday,Unknown,PV,AIAN,0,1,0,0,County Road,Other Law Enforcement,Yakama Tribal Police Department,1,0,1,0,0,thc,9.6,carboxy-thc,19,,0,0,1,,,,,,,,,,,98,98,98,3,,,,,20,7,,,,,,,nms,1,0,,,CURTIS ST.,0.75,,
2017,222,E690034,6,06/30/2017,16:26,30,6,0,25,Grant,0,1,0,1,1,2,1,0,3,2,,,,12,0,2,83.2,1,0,1,4,1,1,3,0,0,0,0,SR-17,,-119.4334639,47.57365556,0,2,51,62,4,60,4,0,0,1,2,12,1,1,3,2,1,1,3,4,0,20,2,2010,0,0,12,,,,,,1,1,55,2,7,2,4,7,3,0,11,0,06/30/2017,16:26,53029621,29621,0,0,3,3,1,0,0,0,0,0,,,,,,0,,,,,,98952,94,63,215,6,1,0,1,0,1,0,0,,,,,,0,01/15/2013,04/15/2014,8,0,0,0,1,9,8,,,0,0,0,8,9,2,1,0,0,1,0,0,2,1,0,,,,,,,,,,,,,,,,,,,,,,,,,,,,,,0,0,0,0,0,0,0,0,0,0,0,0,0,0,0,0,0,0,0,0,0,0,0,0,0,0,0,0,0,1,0,0,0,0,0,,1,0,0,0,0,0,0,0,0,0,0,0,0,0,0,0,,,,,,51-55,46-55,State route,R,Friday,Belt Used,PV,Black,0,1,1,0,State Route,State Patrol,Washington State Patrol Headquarter,0,1,0,0,0,,,,,,,,,,,,,,,,,,,,,,,,,,,,,,,,,,,,,,,,,,,
2018,97,E786202,146,04/06/2018,21:00,6,4,0,77,Yakima,0,2,0,2,11,4,1,0,1,1,,,,1,0,0,1.9,1,0,1,7,1,2,4,0,3,0,0,CR-HARRAH DRAIN RD,,-120.5654972,46.37314444,0,1,6,12,2,50,34,0,0,1,7,3,1,1,2,1,1,1,1,53,0,20,481,1993,0,0,64,1,3,,,,1,1,62,2,7,1,4,7,3,0,11,0,04/06/2018,21:00,53015797,15797,0,0,0,3,1,0,0,0,0,96,,,,,,99,,,,,,98952,53,68,175,6,1,0,0,0,0,,0,,,,,,0,,,20,0,0,0,0,9,8,,,0,0,0,8,9,2,996,996,,1,1,,2,1,0.16,,,,,,,,,,,,,,,,,,,,,,,,,,,,,,0,0,1,0,1,1,1,1,0,0,0,0,0,0,0,0,0,0,0,0,0,0,0,0,0,0,0,0,0,1,0,0,0,0,0,,1,0,0,0,0,1,1,1,0,0,0,0,0,0,0,1,,,,,,61-65,56-65,County road,R,Friday,Belt Used,PV,White,0,1,0,0,County Road,County Sheriff,Yakima County Sheriff's Office,1,0,1,0,0,,,,,,0,0,0,,,,,,,,,,,,,,,,,,,,,,,,,,,,,,,,,,,
2018,302,E834659,146,08/27/2018,10:54,27,8,0,77,Yakima,0,1,0,1,1,2,1,0,3,2,11:00,11:25,11:45,12,0,6,7.3,2,0,2,5,1,2,4,0,3,0,0,CR-FORT RD,LATERAL RD A,-120.4811556,46.37535,0,2,86,66,4,55,63,0,0,1,7,12,1,1,2,1,1,1,3,53,0,82,881,2005,0,0,12,,,,,,1,1,25,1,0,0,0,0,3,0,11,0,,,,,0,0,0,2,1,0,0,0,0,96,,,,,,0,,,,,,98952,53,75,180,6,1,0,0,1,0,,97,,,,,,0,03/15/2015,03/15/2015,20,0,0,0,8,9,8,,,0,0,0,8,0,8,95,,,96,,,8,95,995,,,,,,,,,,,,,,,,,,,,,,,,,,,,,,0,0,0,1,0,0,0,0,0,0,0,0,0,1,0,0,0,0,1,0,0,0,0,1,1,0,0,0,0,1,1,0,0,0,0,,0,0,0,0,0,0,0,0,0,0,0,0,0,0,0,0,,,,,,21-25,16-25,County road,R,Monday,,MHTRUCK,Not Fatal,1,0,0,0,County Road,County Sheriff,Yakima County Sheriff's Office,0,0,1,0,0,,,,,,0,0,0,,,,,,,,,,,,,,,,,,,,,,,,,,,,,,,,,,,
2019,57,E898880,146,02/23/2019,15:45,23,2,,77,Yakima,0,1,0,1,1,2,1,0,2,2,,,,12,0,6,13,2,0,2,6,1,2,4,0,3,20,3,CR-PROGRESSIVE RD,CAMPBELLL RD,-120.4383611,46.41905556,0,1,89,17,2,50,4,0,0,1,7,12,1,1,2,1,1,1,1,53,0,20,2,2001,0,0,12,,,,,,1,1,25,1,1,,4,7,20,7,11,0,02/23/2019,15:45,53009006,9006,0,0,0,0,1,39,0,0,0,96,,,,,,99,,,,,,98952,53,65,140,0,0,0,0,0,0,,0,,,,,,0,,,8,0,0,0,0,9,8,,,0,0,0,8,9,2,695,605,,1,1,,2,1,0,,,,,,,,,,,,,,,,,,,,,,,,,,,,,,0,0,0,1,0,0,1,1,1,0,0,0,0,1,0,0,0,0,0,1,0,0,0,1,1,0,0,0,0,1,0,0,0,1,0,,1,0,0,0,0,0,1,1,0,0,0,1,0,0,1,0,,,,,,21-25,16-25,County road,R,Saturday,Not Used,PV,Hispanic,1,0,0,0,County Road,County Sheriff,Yakima County Sheriff's Office,0,0,1,0,0,thc,11,carboxy-thc,98,,0,0,0,,,,,,,,,,,98,98,98,1,,,,,20,7,,,,,,,,,,,,,,,
2019,256,E945425,146,07/29/2019,20:50,29,7,,77,Yakima,0,1,0,2,1,2,1,0,1,1,,,,52,0,0,10.2,1,0,1,7,1,2,4,0,3,0,0,CR-W WAPATO RCR,,-120.642425,46.447875,0,1,1,13,2,50,4,0,0,1,7,3,1,1,2,1,1,1,1,53,0,22,18,1996,0,0,63,52,1,3,,,1,1,61,1,1,,4,0,20,7,11,5,07/31/2019,14:00,2.59053E+11,34021,0,0,0,2,1,0,0,0,0,96,,,,,,9,,,,,,98952,53,63,188,1,1,0,0,0,0,,11,,,,,,0,,,8,0,0,0,0,5,8,,,0,0,0,8,1,2,1,,,1,,,2,1,0.17,,,,,,,,,,,,,,,,,,,,,,,,,,,,,,0,0,1,0,1,1,0,1,0,0,0,0,0,1,0,0,0,0,0,1,0,0,0,0,0,0,0,0,0,1,0,0,0,1,0,,1,0,0,0,0,1,0,1,0,0,0,1,0,1,0,1,,,,,,61-65,56-65,County road,R,Monday,Not Used,PV,Hispanic,0,1,0,0,County Road,County Sheriff,Yakima County Sheriff's Office,1,0,1,0,0,,,,,,0,0,0,,,,,,,,,,,0,0,0,298,,,,,20,7,,,,,,,,,,,,,,,
2021,78,EB18166,1,03/24/2021,2:58,24,3,,77,Yakima,0,10,,2,1,2,4,0,5,2,,,,12,0,2,8.2,1,0,1,5,1,1,3,0,3,0,0,SR-22,,-120.2405611,46.32559167,0,1,50,10,2,60,20,0,0,1,2,12,1,1,2,1,1,4,2,53,0,6,441,2002,0,,68,12,,,,,1,1,29,1,7,,4,7,3,0,11,0,03/24/2021,2:58,53014304,14304,0,0,3,2,1,28,,,,92,,,,,,98,,,,,,98952,53,71,220,1,1,0,0,0,0,,0,,,,,,0,,,1,0,0,0,0,9,8,,,0,,,8,8,2,1,,,1,,,2,1,0.341,,,,,,,,,,,,,,,,,,,,,,,,,,,,,,0,0,0,0,1,1,0,1,0,0,0,0,0,1,0,0,1,0,0,1,0,1,1,0,1,0,0,0,0,1,0,0,0,0,0,,1,0,0,0,0,1,0,1,1,0,0,1,0,1,0,1,,,,,,26-30,26-35,State route,R,Wednesday,Belt Used,PV,AIAN,0,1,1,0,State Route,State Patrol,Washington State Patrol,0,1,0,0,0,,,,,,0,0,0,,,,,,,,,,,98,98,98,3,,,,,20,,,,,,,,,1,0,,,,,,