year,case,par,repjur,crash_dt,crash_tm,accday,accmon,holiday,county,co_char,city,weather,weather2,lightcond,surfcond,surftype,numfatal,nmforms,pforms,vforms,not_tm,arr_tm,hosp_tm,fhevent,hitrun,manncol,milepnt,reljunc,reljuncinter,intersectiontype,funcsystem,landuse,ownership,route,schlbus,spejur,contdev,devfunc,trafid1,trafid2,x,y,wk_zone,vnumber,crashtype,criticalevent,criticaleventcat,spdlim,body,trailer,emerg,hazcargo,leave,mhevent,roadalgn,roadprof,traflane,trafflow,vehmanvr,numoccs,regowner,regstate,spuse,make,model,modelyr,vrf1,vrf2,seqevent1,seqevent2,seqevent3,seqevent4,seqevent5,seqevent6,pnumber,ptype,age,sex,hispanic,race,injury,diedscene,restraint,restraintmisuse,seatpos,takehosp,death_dt,death_tm,cert,cernum_wa,commlic,licendor,licrestrict,liccomp,drivpres,drf1,drf2,drf3,drf4,distract1,distract2,distract3,distract4,distract5,distract6,dricond1,dricond2,dricond3,dricond4,dricond5,dricond6,dzip,licstate,drhgt_in,weight,noncdl,noncdltype,prevdwi,prevoth,prevacc,prevspd,prevsus,driviol1,driviol2,driviol3,driviol4,driviol5,driviol6,spdrel,first_dt,last_dt,airbag,ejection,ejectpath,extricat,injurwrk,methalc,methdrug,nmlocat,strikveh,prf1,prf2,prf3,druginv,alcinvol,drugsts,drugres1,drugres2,drugres3,drugtst1,drugtst2,drugtst3,alcsts,alctst,alcres,nmact1,nmact2,nmact3,nmact4,nmact5,nmact6,nmprior1,nmprior2,nmprior3,nmprior4,nmprior5,nmprior6,nmcond1,nmcond2,nmcond3,nmcond4,nmcond5,nmcond6,nmsafe_helmet,nmsafe_pads,nmsafe_oth,nmprev_ref,nmprev_lgt,nmprev_oth,crashlocation,nmcrashtype,crosswalk,schoolzone,sidewalk,train_inv,wildlife_inv,rotr_fars,intersect_fars,dd_inv,aid_inv,dpd_inv,id_inv,mj_inv,impnm_inv,ainm_inv,dpnm_inv,speed_inv,unlic_inv,unendmc_inv,drowsy_inv,drdist_inv,nmdist_inv,fty_inv,unrestfat_inv,dr1617_inv,dr1820_inv,dr1620_inv,dr2125_inv,dr1625_inv,dr65_inv,dr70_inv,dr75_inv,mc_inv,pv_inv,ht_inv,ped_inv,bike_inv,unrest_fat,mc_fat,unhelmet_mc,pv_fat,ht_fat,ped_fat,bike_fat,dr_alc7,dr_alc8,dr_drug,dr_imp,dr_dist,dr_spd,dr_fty,dr_unlic,dr_alc7only,dr_alc8only,dr_drugonly,dr_drink,nm_imp,nm_alc7,nm_alc8,nm_drug,nm_dist,agegrp1,agegrp2,roadclass,urbrur,dayweek,restuse,vehtype,race_me,intersect,lanedep,oppdir,wrongway,rep_typ,investag,repag_long,rotr,st_rd,cty_rd,city_rd,oth_rd,drug_thc,thc_res,drug_cthc,cthc_res,drug_cann,prevpersemin,prevperse,prevsusoth,drugtst4,drugtst5,drugtst6,drugtst7,drugtst8,drugres4,drugres5,drugres6,drugres7,drugres8,adspresent,adsengaged,adslevel,race1,race2,race3,race4,race5,helmet,helmetmisuse,nmdistract1,nmdistract2,nmdistract3,nmdistract4,nmdistract5,nmdistract6,lab,isedtcase,crf1,crf2,crf3,CoRoadName,CoMP,IntCoRoadName,IntCoMP
2021,223,EB44623,146,06/25/2021,4:55,25,6,,77,Yakima,0,1,,2,1,2,1,0,2,2,,,,12,0,1,0.7,1,0,1,5,1,2,4,0,3,0,0,CR-W WAPATO RD,,-120.4445806,46.44800556,0,2,25,53,3,50,34,0,0,1,2,12,1,1,2,1,1,1,1,53,0,23,481,1996,0,,12,63,30,,,,1,1,75,1,1,,4,0,99,7,11,0,07/14/2021,18:24,1.96053E+11,34938,0,0,0,3,1,0,,,,96,,,,,,98,,,,,,98952,53,69,228,6,1,0,1,2,0,,0,,,,,,0,05/15/2019,04/15/2019,20,0,0,0,0,9,8,,,0,,,8,8,0,0,,,0,,,0,0,996,,,,,,,,,,,,,,,,,,,,,,,,,,,,,,0,0,0,0,0,0,0,0,0,0,0,0,1,0,0,0,1,0,0,0,0,0,0,0,0,1,1,1,0,1,0,0,0,0,0,,1,0,0,0,0,0,0,0,0,0,0,0,0,0,0,0,,,,,,71-75,66-75,County road,R,Friday,Unknown,PV,Hispanic,0,0,0,0,County Road,County Sheriff,Yakima County Sheriff's Office,0,0,1,0,0,,,,,,0,0,0,,,,,,,,,,,0,0,0,98,,,,,20,,,,,,,,,1,0,,,WAPATO RD. W.,0.69,NULL,
2017,462,3659769,344,10/23/2017,16:15,23,10,0,77,Yakima,0,1,0,1,1,2,1,0,4,2,16:13,16:38,17:17,12,0,6,2.8,2,0,2,5,1,2,4,0,3,0,0,CR-BRANCH RD,CAMPBELL RD,-120.4380611,46.44795,0,2,89,66,4,50,34,0,0,1,2,1,1,1,2,1,1,2,1,53,0,12,481,2008,0,0,12,63,1,,,,1,1,61,1,0,0,3,0,3,0,11,8,,,,,0,0,3,3,1,0,0,0,0,0,,,,,,0,,,,,,98953,53,65,175,6,1,0,0,0,0,0,0,,,,,,0,,,1,0,0,0,8,9,8,,,0,0,0,8,9,0,0,0,0,0,0,0,0,0,996,,,,,,,,,,,,,,,,,,,,,,,,,,,,,,0,0,0,1,1,0,1,1,0,0,0,0,1,1,0,0,1,0,0,0,0,0,0,0,0,0,0,0,0,1,0,0,0,0,0,,0,0,0,0,0,0,0,0,0,0,0,0,0,0,0,0,,,,,,61-65,56-65,County road,R,Monday,Belt Used,PV,Not Fatal,1,0,0,0,County Road,Other Law Enforcement,Yakama Tribal Police Department,0,0,1,0,0,,,,,,,,,,,,,,,,,,,,,,,,,,,,,,,,,,,,,,,,,,,
2017,238,E690227,6,07/06/2017,11:21,6,7,0,47,Okanogan,0,1,0,1,1,2,2,0,3,2,,,,12,0,2,8.8,1,0,1,4,1,1,3,0,0,0,0,SR-153,,-120.0128444,48.10285833,0,1,50,10,2,55,62,0,0,1,2,12,3,2,2,1,14,2,3,53,0,84,881,2009,0,0,68,12,,,,,1,1,25,1,7,2,4,7,3,0,11,0,07/06/2017,11:21,53030243,30243,6,1,0,3,1,28,0,0,0,93,,,,,,0,,,,,,98953,53,71,165,6,1,0,0,1,0,0,0,,,,,,0,07/15/2017,07/15/2017,20,0,0,0,1,9,8,,,0,0,0,8,0,2,1,0,0,1,0,0,2,1,0,,,,,,,,,,,,,,,,,,,,,,,,,,,,,,0,0,0,0,0,0,0,0,0,0,0,0,0,0,0,0,1,0,0,0,0,0,0,1,1,0,0,0,0,0,1,0,0,0,0,,0,1,0,0,0,0,0,0,1,0,0,0,0,0,0,0,,,,,,21-25,16-25,State route,R,Thursday,,MHTRUCK,Black,0,1,1,0,State Route,State Patrol,Washington State Patrol Headquarter,0,1,0,0,0,,,,,,,,,,,,,,,,,,,,,,,,,,,,,,,,,,,,,,,,,,,
2018,8,E756459,146,01/08/2018,16:50,8,1,0,77,Yakima,0,5,0,2,1,2,1,2,1,1,16:55,17:12,17:53,8,0,0,1.5,1,0,1,6,1,2,4,0,0,0,0,CR-ROSA DR,,-120.2619944,46.42286111,0,1,13,80,5,50,4,0,0,1,7,8,1,1,2,1,1,1,2,53,0,54,39,2008,0,0,8,8,,,,,1,1,28,1,0,0,0,0,3,0,11,0,,,,,6,0,0,3,1,10,0,0,0,96,,,,,,0,,,,,,98953,53,71,190,6,1,0,0,0,0,,0,,,,,,0,,,20,0,0,0,8,9,8,,,0,0,0,8,0,8,95,,,96,,,8,95,995,,,,,,,,,,,,,,,,,,,,,,,,,,,,,,0,0,0,0,0,0,0,0,0,0,0,0,0,0,0,0,0,0,0,0,0,0,0,0,0,0,0,0,0,1,0,1,0,0,0,,0,0,0,0,0,0,0,0,0,0,0,0,0,0,0,0,,,,,,26-30,26-35,County road,R,Monday,Belt Used,PV,Not Fatal,0,0,0,0,County Road,County Sheriff,Yakima County Sheriff's Office,0,0,1,0,0,,,,,,0,0,0,,,,,,,,,,,,,,,,,,,,,,,,,,,,,,,,,,,
2018,226,E818854,1,07/11/2018,13:51,11,7,0,77,Yakima,2220,1,0,1,1,2,1,0,1,1,,,,35,0,0,67.1,19,1,1,1,2,1,1,0,0,0,0,I-82,,-120.0168639,46.30598056,0,1,6,12,2,70,14,0,0,1,2,1,1,2,2,3,1,1,2,53,0,2,404,2016,0,0,64,67,35,1,,,1,1,44,1,7,1,4,7,3,0,11,0,07/11/2018,13:51,2.22053E+11,30801,0,0,0,3,1,0,0,0,0,96,,,,,,0,,,,,,98953,53,70,220,6,1,0,0,0,0,,0,,,,,,0,,,8,0,0,0,0,9,8,,,0,0,0,8,0,8,95,,,96,,,8,95,995,,,,,,,,,,,,,,,,,,,,,,,,,,,,,,0,0,1,0,0,0,0,0,0,0,0,0,0,0,0,0,0,0,0,0,0,0,0,0,0,0,0,0,0,1,0,0,0,0,0,,1,0,0,0,0,0,0,0,0,0,0,0,0,0,0,0,,,,,,41-45,36-45,Interstate,U,Wednesday,Belt Used,PV,White,0,1,0,0,State Route,State Patrol,Washington State Patrol,1,1,0,0,0,,,,,,0,0,0,,,,,,,,,,,,,,,,,,,,,,,,,,,,,,,,,,,
2018,436,E867158,7,09/23/2018,18:15,23,9,0,33,King,980,1,0,1,1,1,1,0,3,1,,,,52,0,0,14.7,1,0,1,1,2,1,1,0,0,0,0,I-90,,-122.0393194,47.54194722,0,1,6,12,2,60,4,0,0,1,5,52,2,1,3,3,14,3,2,53,0,37,31,2003,0,0,64,52,,,,,1,1,18,1,1,98,4,7,3,0,11,0,09/23/2018,18:15,98053041903,41903,0,0,3,3,1,0,0,0,0,93,,,,,,99,,,,,,98953,53,69,180,6,2,0,0,0,0,,0,,,,,,0,,,1,0,0,0,0,9,8,,,0,0,0,8,9,2,1,,,1,,,2,1,0,,,,,,,,,,,,,,,,,,,,,,,,,,,,,,0,0,1,0,0,0,0,0,0,0,0,0,0,0,0,0,1,0,0,0,0,1,1,0,1,0,0,0,0,1,0,0,0,0,0,,1,0,0,0,0,0,0,0,1,0,0,0,0,0,0,0,,,,,,18-20,16-25,Interstate,U,Sunday,Belt Used,PV,Hispanic,0,1,0,0,State Route,State Patrol,Washington State Patrol,1,1,0,0,0,,,,,,0,0,0,,,,,,,,,,,,,,,,,,,,,,,,,,,,,,,,,,,
2020,331,EA61291,1,08/31/2020,19:00,31,8,,77,Yakima,0,1,,1,1,2,1,0,1,1,,,,1,0,0,0.3,5,1,1,1,1,1,1,0,0,0,0,I-82,,-120.3977806,46.47029167,0,1,6,13,2,98,34,0,0,1,2,1,2,8,1,6,14,1,1,53,0,49,472,2001,0,,63,69,64,1,,,1,1,65,1,1,,4,7,3,0,11,0,08/31/2020,19:00,53040706,40706,6,0,0,3,1,58,,,,96,,,,,,98,,,,,,98953,53,68,210,6,1,0,0,0,0,,0,,,,,,0,,,20,2,9,0,0,1,8,,,0,,,9,1,2,1,,,1,,,2,1,0.03,,,,,,,,,,,,,,,,,,,,,,,,,,,,,,0,0,1,0,1,0,0,0,0,0,0,0,0,0,0,0,0,0,0,0,0,0,0,0,0,1,0,0,0,1,0,0,0,0,0,,1,0,0,0,1,0,0,0,0,0,0,0,1,0,0,1,,,,,,61-65,56-65,Interstate,R,Monday,Belt Used,PV,Hispanic,0,0,0,0,State Route,State Patrol,Washington State Patrol,0,1,0,0,0,,,,,,0,0,0,,,,,,,,,,,98,98,98,98,,,,,20,7,,,,,,,,1,0,,,,,,
2021,46,EB10266,1,02/26/2021,10:44,26,2,,77,Yakima,0,1,,1,1,2,1,0,2,2,,,,12,0,7,0.2,20,1,1,1,2,1,1,0,0,0,0,I-82 RAMP,,-120.4753694,46.54045556,0,2,98,98,7,35,6,0,0,1,2,3,1,1,1,6,1,1,1,53,0,48,45,2012,0,,12,68,64,1,3,,1,1,60,1,7,,4,0,3,0,11,5,02/27/2021,20:08,2.59053E+11,10220,0,0,3,3,1,0,,,,0,,,,,,98,,,,,,98953,53,74,200,6,1,0,0,1,0,,0,,,,,,0,10/15/2017,10/15/2017,8,0,0,0,0,1,8,,,0,,,9,1,2,348,996,151,1,1,1,2,1,0.036,,,,,,,,,,,,,,,,,,,,,,,,,,,,,,0,0,0,0,1,0,1,1,0,0,0,0,0,1,0,0,0,0,0,0,0,0,0,1,1,0,0,0,0,1,0,0,0,0,0,,1,0,0,0,1,0,1,1,0,0,0,0,0,0,0,1,,,,,,56-60,56-65,Interstate,U,Friday,Belt Used,PV,White,0,0,0,0,State Route,State Patrol,Washington State Patrol,0,1,0,0,0,,,,,,0,0,0,1,,,,,996,,,,,98,98,98,1,,,,,20,,,,,,,,,1,0,,,,,,
2021,62,EB12826,21,03/09/2021,2:06,9,3,,25,Grant,0,1,,2,1,7,1,0,3,1,,,,1,0,0,27.8,1,0,1,5,1,2,4,0,0,0,0,CR-DODSON RD N,,-119.5551833,47.27924722,0,1,7,9,1,60,4,0,0,1,2,1,1,1,2,1,1,3,2,53,0,54,35,2004,0,,68,64,1,,,,1,1,44,1,0,,2,0,3,0,11,5,,,,,0,0,0,2,1,0,,,,12,,,,,,9,,,,,,98953,53,66,190,2,1,0,2,0,0,,1,,,,,,4,01/15/2017,01/15/2020,20,0,0,0,8,9,8,,,0,,,1,8,2,401,417,,1,1,,2,1,0,,,,,,,,,,,,,,,,,,,,,,,,,,,,,,0,0,0,0,0,0,1,1,0,0,0,0,1,1,0,0,1,0,0,1,0,0,0,0,0,0,0,0,0,1,0,0,0,0,0,,0,0,0,0,0,0,1,1,1,1,0,1,0,0,1,0,,,,,,41-45,36-45,County road,R,Tuesday,Belt Used,PV,Not Fatal,0,1,0,0,County Road,County Sheriff,Grant County Sheriff's Office,1,0,1,0,0,,,,,,0,0,2,,,,,,,,,,,98,98,98,0,,,,,20,,,,,,,,,1,0,,,DODSON RD,27.79,NULL,
2021,631,EB98551,1,11/24/2021,6:15,24,11,,77,Yakima,0,1,,3,4,1,1,0,18,10,,,,25,0,0,58.8,5,1,1,1,1,1,1,0,0,0,0,I-82 RAMP,,-120.1734778,46.34274167,0,2,98,5,1,70,34,0,0,1,2,12,3,1,2,3,14,1,1,53,0,20,481,2015,0,,12,12,,,,,1,1,48,1,0,,0,0,3,0,11,0,,,,,0,0,0,3,1,87,,,,96,,,,,,98,,,,,,98953,53,71,190,6,1,0,0,0,0,,0,,,,,,0,,,8,0,0,0,8,9,8,,,0,,,0,0,0,0,,,0,,,0,0,996,,,,,,,,,,,,,,,,,,,,,,,,,,,,,,0,0,0,0,0,0,0,0,0,0,0,0,0,1,0,0,0,0,0,0,0,0,0,1,1,1,0,0,0,1,1,0,0,0,0,,0,0,0,0,0,0,0,0,0,0,0,0,0,0,0,0,,,,,,46-50,46-55,Interstate,R,Wednesday,Belt Used,PV,Not Fatal,0,0,0,0,State Route,State Patrol,Washington State Patrol,0,1,0,0,0,,,,,,0,0,0,,,,,,,,,,,98,98,98,0,,,,,20,,,,,,,,,1,19,,,,,,
2019,161,3727925,40,04/20/2019,5:43,20,4,,63,Spokane,0,2,0,2,2,2,1,0,1,1,,,,53,0,0,0.8,1,0,1,7,2,2,4,0,0,0,0,CR-S GARDNER RD,,-117.4805444,47.54533333,0,1,1,13,2,45,4,0,0,1,7,42,3,2,2,1,14,1,2,53,0,37,32,1998,0,0,63,53,69,68,64,42,1,1,18,1,7,,4,7,20,7,11,0,04/20/2019,5:43,53018752,18752,0,0,0,3,1,58,0,0,0,93,,,,,,99,,,,,,99001,53,65,165,6,2,0,1,0,0,,0,,,,,,3,09/15/2017,09/15/2017,1,0,0,0,0,9,8,,,0,0,0,8,9,2,605,695,,1,1,,2,1,0.2,,,,,,,,,,,,,,,,,,,,,,,,,,,,,,0,0,1,0,1,1,1,1,1,0,0,0,1,0,0,0,1,0,0,1,0,1,1,0,1,0,0,0,0,1,0,0,0,1,0,,1,0,0,0,0,1,1,1,1,1,0,0,0,0,0,1,,,,,,18-20,16-25,County road,U,Saturday,Not Used,PV,White,0,1,0,0,County Road,County Sheriff,Spokane County Sheriff's Office,1,0,1,0,0,thc,8.2,carboxy-thc,35,,0,0,0,,,,,,,,,,,0,0,0,1,,,,,20,7,,,,,,,,,,,,,,,
2018,136,E801415,4,05/15/2018,16:19,15,5,0,63,Spokane,0,1,0,1,1,1,1,0,2,2,16:18,16:38,,12,0,6,263.1,2,0,2,3,1,1,2,0,0,0,0,US-2,N WOOD,-117.7333694,47.64345278,0,1,68,15,2,55,34,0,0,1,7,12,1,1,4,1,11,1,1,53,0,7,482,2013,0,0,12,,,,,,1,1,51,1,0,0,0,0,3,0,11,0,,,,,0,0,3,3,1,38,0,0,0,96,,,,,,0,,,,,,99001,53,72,210,6,1,0,0,0,1,,46,,,,,,0,08/15/2017,08/15/2017,20,0,0,0,8,9,8,,,0,0,0,8,0,8,95,,,96,,,8,95,995,,,,,,,,,,,,,,,,,,,,,,,,,,,,,,0,0,0,1,0,0,0,0,0,0,0,0,0,0,0,0,0,0,1,0,0,0,0,0,0,0,0,0,1,1,0,0,0,0,0,,0,0,0,0,0,0,0,0,0,0,1,0,0,0,0,0,,,,,,51-55,46-55,US highway,R,Tuesday,Belt Used,PV,Not Fatal,1,0,0,0,State Route,State Patrol,Washington State Patrol Headquarter,0,1,0,0,0,,,,,,0,0,0,,,,,,,,,,,,,,,,,,,,,,,,,,,,,,,,,,,
2019,22,E886916,,01/23/2019,23:43,23,1,,21,Franklin,0,10,0,2,1,1,1,0,2,2,,,,12,0,1,52.2,1,0,1,3,1,1,2,0,0,0,0,US-395,,-118.9964528,46.560425,0,2,25,53,3,60,66,1,0,1,7,12,1,2,2,3,1,1,3,53,0,84,884,1997,0,0,12,,,,,,1,1,39,1,0,,1,0,3,0,11,8,,,,,6,1,0,3,1,91,0,0,0,96,,,,,,0,,,,,,99001,53,69,275,6,1,0,0,1,0,,89,,,,,,0,11/15/2015,11/15/2015,20,0,0,0,8,9,2,,,0,0,0,0,0,2,1,,,1,,,2,1,0,,,,,,,,,,,,,,,,,,,,,,,,,,,,,,0,0,0,0,0,0,0,0,0,0,0,0,0,0,0,1,1,0,0,0,0,0,0,0,0,0,0,0,0,1,1,0,0,0,0,,0,0,0,0,0,0,0,0,0,0,0,0,0,0,0,0,,,,,,36-40,36-45,US highway,R,Wednesday,,MHTRUCK,Not Fatal,0,0,0,0,State Route,State Patrol,Washington State Patrol,0,1,0,0,0,,,,,,0,0,0,,,,,,,,,,,0,0,0,0,,,,,20,7,,,,,,,,,,,,,,,
2020,52,EA20417,278,03/03/2020,4:26,3,3,,63,Spokane,2110,1,,2,1,2,1,1,1,1,,,,8,0,0,271.8,3,0,3,3,2,1,2,0,0,0,0,US-2,LUCAS DR,-117.5461417,47.64313056,0,1,13,80,5,55,10,0,0,1,5,8,8,8,5,5,1,1,2,53,0,48,44,2006,0,,8,,,,,,1,1,21,2,0,,0,0,3,0,11,0,,,,,0,0,0,3,1,10,,,,0,,,,,,0,,,,,,99001,53,67,150,6,1,0,0,0,1,,0,,,,,,0,10/15/2016,10/15/2016,20,0,0,0,8,3,2,,,0,,,8,8,8,95,,,96,,,8,95,995,,,,,,,,,,,,,,,,,,,,,,,,,,,,,,0,0,0,1,0,0,0,0,0,1,0,1,0,0,0,0,0,0,0,0,0,0,0,1,1,0,0,0,0,1,0,1,0,0,0,,0,0,0,0,0,0,0,0,0,0,0,0,0,0,0,0,,,,,,21-25,16-25,US highway,U,Tuesday,Belt Used,PV,Not Fatal,0,0,0,0,State Route,Municipal/City Police,Spokane Police Department,0,1,0,0,0,,,,,,0,0,0,,,,,,,,,,,98,98,98,0,,,,,20,7,,,,,,,,1,0,,,,,,
2020,482,EA88450,4,12/10/2020,17:58,10,12,,63,Spokane,0,1,,3,0,0,1,0,2,2,18:05,18:09,,12,0,6,268.7,8,0,1,3,2,1,2,0,0,20,3,US-2,,-117.6141556,47.64294444,0,1,82,15,2,0,14,0,0,1,2,12,0,0,0,0,11,1,2,53,0,23,401,2003,0,,12,,,,,,1,1,40,2,7,,4,0,3,0,11,0,12/10/2020,19:11,2.11053E+11,58048,0,0,3,3,1,38,,,,96,,,,,,98,,,,,,99001,53,65,240,6,1,0,0,0,0,,0,,,,,,0,,,20,0,0,0,0,9,8,,,0,,,8,8,2,605,,,1,,,2,1,0,,,,,,,,,,,,,,,,,,,,,,,,,,,,,,0,0,0,0,0,0,1,1,1,0,0,0,0,0,0,0,0,0,1,0,0,0,0,0,0,0,0,0,0,1,0,0,0,0,0,,1,0,0,0,0,0,1,1,0,0,1,0,0,0,1,0,,,,,,36-40,36-45,US highway,U,Thursday,Belt Used,PV,White,0,0,0,0,State Route,State Patrol,Washington State Patrol,0,1,0,0,0,thc,0.53,,,,0,0,0,,,,,,,,,,,98,98,98,1,,,,,20,7,,,,,,,nms,1,0,,,,,,
2021,73,EB15826,40,03/06/2021,3:03,6,3,,63,Spokane,0,1,,2,1,2,1,0,2,1,,,,42,0,0,,1,0,1,4,1,2,4,0,0,0,0,CR-N GOVERNMENT WAY,,-117.4689639,47.66539722,0,1,1,13,2,35,16,0,0,1,2,42,1,1,2,1,1,2,2,53,0,23,431,2000,0,,63,42,,,,,1,1,39,1,0,,2,0,99,7,11,0,,,,,0,0,0,2,1,0,,,,96,,,,,,9,,,,,,99001,53,69,180,1,1,1,0,1,0,,1,71,,,,,0,04/15/2020,04/15/2020,20,9,0,0,8,9,8,,,0,,,1,8,2,695,605,401,1,1,1,2,1,0,,,,,,,,,,,,,,,,,,,,,,,,,,,,,,0,0,1,0,0,0,1,1,1,0,0,0,0,1,0,0,0,0,0,0,0,0,0,0,0,0,0,0,0,1,0,0,0,0,0,,0,0,0,0,0,0,1,1,0,0,0,1,0,0,1,0,,,,,,36-40,36-45,County road,R,Saturday,Unknown,PV,Not Fatal,0,1,0,0,County Road,County Sheriff,Spokane County Sheriff's Office,1,0,1,0,0,thc,3.3,carboxy-thc,53,,0,1,1,1,,,,,417,,,,,98,98,98,0,,,,,20,,,,,,,,,1,0,,,GOVERNMENT WY,2.02,NULL,
2018,384,E853812,4,10/27/2018,3:56,27,10,0,63,Spokane,0,1,0,3,1,2,1,0,3,2,3:55,4:02,4:50,12,0,2,289,1,0,1,3,2,1,2,0,0,0,0,US-2,,-117.3537889,47.785075,0,1,50,10,2,45,67,0,0,1,2,12,1,1,5,5,1,1,1,53,0,12,880,2008,0,0,68,12,,,,,1,1,41,1,0,0,2,0,3,0,11,5,,,,,0,0,0,3,1,28,0,0,0,96,,,,,,9,,,,,,99003,53,67,165,6,1,0,0,0,0,,1,,,,,,0,,,8,0,0,0,8,9,8,,,0,0,0,8,1,8,95,,,96,,,8,95,995,,,,,,,,,,,,,,,,,,,,,,,,,,,,,,0,0,0,0,1,0,1,1,1,0,0,0,0,0,0,0,0,0,0,0,0,0,0,1,1,0,0,0,0,1,1,0,0,0,0,,0,0,0,0,0,0,0,0,0,0,0,0,0,0,0,1,,,,,,41-45,36-45,US highway,U,Saturday,Belt Used,MHTRUCK,Not Fatal,0,1,1,0,State Route,State Patrol,Washington State Patrol,0,1,0,0,0,,,,,,0,0,0,,,,,,,,,,,,,,,,,,,,,,,,,,,,,,,,,,,
2020,125,EA32382,40,05/06/2020,8:52,6,5,,63,Spokane,0,2,,1,2,2,1,0,1,1,,,,42,0,0,9.3,1,0,1,5,1,2,4,0,0,0,0,CR-N ELK CHATTAROY RD,,-117.2606417,47.95193889,0,1,7,12,2,45,34,0,0,1,5,42,1,2,2,1,1,1,1,53,0,41,471,1999,0,,68,64,42,,,,1,1,92,2,7,,4,7,20,7,11,0,05/06/2020,8:52,53021381,21381,0,0,0,3,1,0,,,,92,,,,,,98,,,,,,99003,53,61,150,6,1,0,0,0,0,,0,,,,,,0,,,1,0,0,0,0,9,8,,,0,,,8,8,2,1,,,1,,,2,1,0,,,,,,,,,,,,,,,,,,,,,,,,,,,,,,0,0,0,0,0,0,0,0,0,0,0,0,0,0,0,0,1,0,0,1,0,0,0,0,0,1,1,1,0,1,0,0,0,1,0,,1,0,0,0,0,0,0,0,1,0,0,0,0,0,0,0,,,,,,81+,76+,County road,R,Wednesday,Not Used,PV,White,0,1,0,0,County Road,County Sheriff,Spokane County Sheriff's Office,1,0,1,0,0,,,,,,0,0,0,,,,,,,,,,,0,0,0,1,,,,,20,7,,,,,,,,1,0,,,ELK-CHATTAROY RD,9.31,,
2021,389,EB74082,4,10/01/2021,16:55,1,10,,63,Spokane,0,1,,1,1,2,1,0,2,2,,,,12,0,6,291.8,2,0,2,2,2,1,2,0,0,0,0,US-2,COLBERT RD,-117.3471972,47.82445833,0,2,88,66,4,60,80,0,0,1,2,12,3,1,3,2,14,1,1,53,0,72,706,2021,0,,12,,,,,,1,1,58,1,7,,4,7,20,7,11,0,10/01/2021,16:55,53050594,50594,0,0,0,3,1,0,,,,96,,,,,,98,,,,,,99003,53,72,199,6,1,0,0,0,0,,0,,,,,,0,,,20,8,0,0,0,9,8,,,0,,,8,8,2,996,996,,1,1,,2,1,0,,,,,,,,,,,,,,,,,,,,,,,,,,,,,,0,0,0,1,0,0,1,1,0,0,0,0,0,0,0,0,0,0,1,0,0,0,0,0,0,1,1,1,1,1,0,0,0,0,1,1,0,0,0,0,0,0,1,1,0,0,0,0,0,0,1,0,,,,,,56-60,56-65,US highway,U,Friday,,MC,White,1,0,0,0,State Route,State Patrol,Washington State Patrol,0,1,0,0,0,,,,,,0,0,0,,,,,,,,,,,98,98,98,1,,,,,16,,,,,,,,,1,0,,,,,,
2019,79,E901603,4,03/10/2019,19:25,10,3,,63,Spokane,0,10,0,3,1,2,1,0,4,3,,,,12,0,8,16.3,1,0,1,4,1,1,3,0,0,0,0,SR-904,,-117.5943833,47.55703333,0,1,64,10,2,40,34,0,0,1,2,12,1,1,3,5,1,1,1,53,0,20,471,1991,0,0,68,12,12,,,,1,1,63,1,7,,4,7,3,0,11,0,03/10/2019,19:25,53010989,10989,0,0,0,3,1,28,0,0,0,96,,,,,,99,,,,,,99004,53,67,175,6,1,0,0,0,0,,0,,,,,,0,,,20,0,0,0,0,9,8,,,0,0,0,8,0,2,1,,,1,,,2,1,0,,,,,,,,,,,,,,,,,,,,,,,,,,,,,,0,0,0,0,0,0,0,0,0,0,0,0,0,0,0,0,0,0,0,0,0,0,0,1,1,0,0,0,0,1,0,0,0,0,0,,1,0,0,0,0,0,0,0,0,0,0,0,0,0,0,0,,,,,,61-65,56-65,State route,R,Sunday,Belt Used,PV,White,0,1,1,0,State Route,State Patrol,Washington State Patrol,0,1,0,0,0,,,,,,0,0,0,,,,,,,,,,,0,0,0,1,,,,,20,7,,,,,,,,,,,,,,,
2019,79,E901603,4,03/10/2019,19:25,10,3,,63,Spokane,0,10,0,3,1,2,1,0,4,3,,,,12,0,8,16.3,1,0,1,4,1,1,3,0,0,0,0,SR-904,,-117.5943833,47.55703333,0,3,98,62,4,40,14,0,0,1,7,12,1,1,3,5,1,2,1,53,0,2,408,2017,0,0,12,,,,,,1,1,59,1,0,,0,0,3,0,11,0,,,,,0,0,0,3,1,0,0,0,0,96,,,,,,0,,,,,,99004,53,70,175,6,1,0,0,0,0,,0,,,,,,0,,,1,0,0,0,8,9,2,,,0,0,0,0,0,8,95,,,96,,,8,95,995,,,,,,,,,,,,,,,,,,,,,,,,,,,,,,0,0,0,0,0,0,0,0,0,0,0,0,0,0,0,0,0,0,0,0,0,0,0,1,1,0,0,0,0,1,0,0,0,0,0,,0,0,0,0,0,0,0,0,0,0,0,0,0,0,0,0,,,,,,56-60,56-65,State route,R,Sunday,Belt Used,PV,Not Fatal,0,1,1,0,State Route,State Patrol,Washington State Patrol,0,1,0,0,0,,,,,,0,0,0,,,,,,,,,,,98,98,98,0,,,,,20,7,,,,,,,,,,,,,,,