year,case,par,repjur,crash_dt,crash_tm,accday,accmon,holiday,county,co_char,city,weather,weather2,lightcond,surfcond,surftype,numfatal,nmforms,pforms,vforms,not_tm,arr_tm,hosp_tm,fhevent,hitrun,manncol,milepnt,reljunc,reljuncinter,intersectiontype,funcsystem,landuse,ownership,route,schlbus,spejur,contdev,devfunc,trafid1,trafid2,x,y,wk_zone,vnumber,crashtype,criticalevent,criticaleventcat,spdlim,body,trailer,emerg,hazcargo,leave,mhevent,roadalgn,roadprof,traflane,trafflow,vehmanvr,numoccs,regowner,regstate,spuse,make,model,modelyr,vrf1,vrf2,seqevent1,seqevent2,seqevent3,seqevent4,seqevent5,seqevent6,pnumber,ptype,age,sex,hispanic,race,injury,diedscene,restraint,restraintmisuse,seatpos,takehosp,death_dt,death_tm,cert,cernum_wa,commlic,licendor,licrestrict,liccomp,drivpres,drf1,drf2,drf3,drf4,distract1,distract2,distract3,distract4,distract5,distract6,dricond1,dricond2,dricond3,dricond4,dricond5,dricond6,dzip,licstate,drhgt_in,weight,noncdl,noncdltype,prevdwi,prevoth,prevacc,prevspd,prevsus,driviol1,driviol2,driviol3,driviol4,driviol5,driviol6,spdrel,first_dt,last_dt,airbag,ejection,ejectpath,extricat,injurwrk,methalc,methdrug,nmlocat,strikveh,prf1,prf2,prf3,druginv,alcinvol,drugsts,drugres1,drugres2,drugres3,drugtst1,drugtst2,drugtst3,alcsts,alctst,alcres,nmact1,nmact2,nmact3,nmact4,nmact5,nmact6,nmprior1,nmprior2,nmprior3,nmprior4,nmprior5,nmprior6,nmcond1,nmcond2,nmcond3,nmcond4,nmcond5,nmcond6,nmsafe_helmet,nmsafe_pads,nmsafe_oth,nmprev_ref,nmprev_lgt,nmprev_oth,crashlocation,nmcrashtype,crosswalk,schoolzone,sidewalk,train_inv,wildlife_inv,rotr_fars,intersect_fars,dd_inv,aid_inv,dpd_inv,id_inv,mj_inv,impnm_inv,ainm_inv,dpnm_inv,speed_inv,unlic_inv,unendmc_inv,drowsy_inv,drdist_inv,nmdist_inv,fty_inv,unrestfat_inv,dr1617_inv,dr1820_inv,dr1620_inv,dr2125_inv,dr1625_inv,dr65_inv,dr70_inv,dr75_inv,mc_inv,pv_inv,ht_inv,ped_inv,bike_inv,unrest_fat,mc_fat,unhelmet_mc,pv_fat,ht_fat,ped_fat,bike_fat,dr_alc7,dr_alc8,dr_drug,dr_imp,dr_dist,dr_spd,dr_fty,dr_unlic,dr_alc7only,dr_alc8only,dr_drugonly,dr_drink,nm_imp,nm_alc7,nm_alc8,nm_drug,nm_dist,agegrp1,agegrp2,roadclass,urbrur,dayweek,restuse,vehtype,race_me,intersect,lanedep,oppdir,wrongway,rep_typ,investag,repag_long,rotr,st_rd,cty_rd,city_rd,oth_rd,drug_thc,thc_res,drug_cthc,cthc_res,drug_cann,prevpersemin,prevperse,prevsusoth,drugtst4,drugtst5,drugtst6,drugtst7,drugtst8,drugres4,drugres5,drugres6,drugres7,drugres8,adspresent,adsengaged,adslevel,race1,race2,race3,race4,race5,helmet,helmetmisuse,nmdistract1,nmdistract2,nmdistract3,nmdistract4,nmdistract5,nmdistract6,lab,isedtcase,crf1,crf2,crf3,CoRoadName,CoMP,IntCoRoadName,IntCoMP
2021,211,EB45576,40,07/01/2021,14:37,1,7,,63,Spokane,0,1,,1,1,2,1,0,1,1,,,,24,0,0,0.8,1,0,1,6,1,2,4,0,0,0,0,CR-S MALLOY PRAIRIE RD,,-117.7794194,47.44456944,0,1,1,13,2,45,80,0,0,1,5,24,3,1,2,1,14,1,1,53,0,72,706,2019,0,,63,24,,,,,1,1,27,1,7,,4,7,20,7,11,0,07/01/2021,14:37,53032023,32023,0,0,0,0,1,0,,,,92,,,,,,98,,,,,,99004,53,67,120,0,0,0,0,0,0,,0,,,,,,0,,,20,8,0,0,0,9,8,,,0,,,8,8,2,1,,,1,,,2,1,0,,,,,,,,,,,,,,,,,,,,,,,,,,,,,,0,0,1,0,0,0,0,0,0,0,0,0,0,1,1,0,1,0,0,0,0,0,0,0,0,0,0,0,1,0,0,0,0,0,1,0,0,0,0,0,0,0,0,0,1,0,0,1,0,0,0,0,,,,,,26-30,26-35,County road,R,Thursday,,MC,White,0,1,0,0,County Road,County Sheriff,Spokane County Sheriff's Office,1,0,1,0,0,,,,,,0,0,0,,,,,,,,,,,0,0,0,1,,,,,5,,,,,,,,,1,0,,,MALLOY PRAIRIE RD,0.8,NULL,
2021,591,EB56434,290,08/09/2021,9:51,9,8,,53,Pierce,2230,1,,1,1,2,1,0,3,2,,,,12,0,6,0,2,1,2,4,2,1,6,0,3,3,3,E 27TH ST,PORTLAND AVE,-122.4106306,47.23962778,0,2,86,66,4,35,34,0,0,1,2,12,1,1,3,4,1,2,1,53,0,7,482,2013,0,,12,,,,,,1,1,71,1,0,,0,0,2,0,11,0,,,,,0,0,0,3,1,0,,,,96,,,,,,98,,,,,,99004,53,68,143,6,1,0,0,0,0,,0,,,,,,0,,,20,0,0,0,8,9,8,,,0,,,8,8,8,95,,,96,,,8,95,995,,,,,,,,,,,,,,,,,,,,,,,,,,,,,,0,0,0,1,0,0,0,0,0,0,0,0,0,1,0,0,0,0,0,0,0,0,0,0,0,1,1,0,0,1,0,0,0,0,0,,0,0,0,0,0,0,0,0,0,0,0,0,0,0,0,0,,,,,,71-75,66-75,City street,U,Monday,Belt Used,PV,Not Fatal,1,0,0,0,State Route,Municipal/City Police,Tacoma Police Department,0,1,0,0,0,,,,,,0,0,0,,,,,,,,,,,98,98,98,0,,,,,20,,,,,,,,,1,0,,,,,,
2021,344,EB66210,48,09/08/2021,2:13,8,9,,63,Spokane,22,1,,6,1,2,1,0,1,1,,,,35,0,0,0,1,0,1,4,2,4,6,0,0,0,0,S HAYFORD RD,,-117.5607917,47.62936944,0,1,6,11,2,45,14,0,0,1,5,1,1,1,2,1,1,1,1,53,0,55,401,2006,0,,63,69,68,64,35,1,1,1,41,1,7,,4,7,20,7,11,0,09/08/2021,2:13,2253045123,45123,0,0,0,3,1,58,,,,96,,,,,,98,,,,,,99004,53,72,190,6,1,0,0,0,0,,0,,,,,,0,,,1,1,9,0,0,9,8,,,0,,,8,8,2,1,,,1,,,2,1,0.229,,,,,,,,,,,,,,,,,,,,,,,,,,,,,,0,0,1,0,1,1,0,1,0,0,0,0,0,0,0,0,0,0,0,1,0,0,0,0,0,0,0,0,0,1,0,0,0,1,0,,1,0,0,0,0,1,0,1,0,0,0,0,0,1,0,1,,,,,,41-45,36-45,City street,U,Wednesday,Not Used,PV,White,0,1,0,0,City Street,Municipal/City Police,Airway Heights Police Department,1,0,0,1,0,,,,,,0,0,0,,,,,,,,,,,98,98,98,1,,,,,20,,,,,,,,,1,0,,,,,,
2017,359,E710133,40,09/07/2017,22:52,7,9,0,63,Spokane,0,5,0,2,1,2,1,0,2,2,22:37,22:49,,12,0,2,0.2,1,0,1,3,2,2,4,0,0,0,0,CR-APPLEWAY AVE,,-117.0454056,47.69778056,0,1,50,10,2,35,80,0,0,1,2,12,2,2,2,1,6,1,1,53,0,72,706,1995,0,0,68,12,,,,,1,1,35,2,7,1,4,7,19,0,11,0,09/07/2017,22:52,53039372,39372,0,0,0,3,1,28,0,0,0,96,,,,,,99,,,,,,99005,53,67,135,6,1,0,0,0,0,0,0,,,,,,3,,,20,8,0,0,0,9,8,,,0,0,0,8,9,2,605,0,0,1,0,0,2,1,0.26,,,,,,,,,,,,,,,,,,,,,,,,,,,,,,0,0,0,0,1,1,1,1,1,0,0,0,1,0,0,0,0,0,0,0,0,1,1,0,1,0,0,0,1,1,0,0,0,0,1,0,0,0,0,0,0,1,1,1,0,1,0,0,0,0,0,1,,,,,,31-35,26-35,County road,U,Thursday,,MC,White,0,1,1,0,County Road,County Sheriff,Spokane County Sheriff's Office,0,0,1,0,0,thc,14,carboxy-thc,14,,,,,,,,,,,,,,,,,,,,,,,,,,,,,,,,,,,,,,,
2018,466,E872998,4,12/10/2018,8:20,10,12,0,65,Stevens,0,10,0,1,10,2,1,0,4,3,,,,12,0,2,192.3,1,0,1,3,1,1,2,0,0,0,0,US-395,,-117.5920111,48.02169444,0,3,98,62,4,60,15,0,0,1,2,12,3,2,3,1,14,1,1,53,0,23,422,2011,0,0,12,,,,,,1,1,54,1,0,0,1,0,3,0,11,8,,,,,0,0,0,3,1,0,0,0,0,96,,,,,,0,,,,,,99005,53,63,285,6,1,0,0,1,0,,0,,,,,,0,10/15/2017,10/15/2017,1,0,0,0,8,9,8,,,0,0,0,8,0,8,95,,,96,,,8,95,995,,,,,,,,,,,,,,,,,,,,,,,,,,,,,,0,0,0,0,0,0,1,1,0,0,0,0,1,0,0,0,0,0,0,1,0,0,0,0,0,1,1,0,0,1,0,0,0,0,0,,0,0,0,0,0,0,0,0,0,0,0,0,0,0,0,0,,,,,,51-55,46-55,US highway,R,Monday,Belt Used,PV,Not Fatal,0,1,1,0,State Route,State Patrol,Washington State Patrol,0,1,0,0,0,,,,,,0,0,0,,,,,,,,,,,,,,,,,,,,,,,,,,,,,,,,,,,
2019,30,E887858,4,01/25/2019,15:05,25,1,,63,Spokane,0,5,0,1,1,2,1,0,2,2,,,,12,0,2,71.7,1,0,1,3,1,1,2,0,0,0,0,US-195,,-117.3806139,47.35156667,0,2,51,62,4,60,66,2,0,1,2,12,1,1,2,1,1,1,3,16,0,85,881,1999,0,0,12,,,,,,1,1,81,1,0,,0,0,3,0,11,0,,,,,6,1,3,3,1,0,0,0,0,96,,,,,,0,,,,,,99005,53,68,200,6,1,0,1,4,0,,0,,,,,,0,01/15/2014,09/15/2017,20,0,0,0,8,9,2,,,0,0,0,0,0,8,95,,,96,,,8,95,995,,,,,,,,,,,,,,,,,,,,,,,,,,,,,,0,0,0,0,1,0,0,0,0,0,0,0,0,0,0,0,0,0,0,0,0,0,0,0,0,1,1,1,0,1,1,0,0,0,0,,0,0,0,0,0,0,0,0,0,0,0,0,0,0,0,0,,,,,,81+,76+,US highway,R,Friday,,MHTRUCK,Not Fatal,0,1,1,0,State Route,State Patrol,Washington State Patrol,0,1,0,0,0,,,,,,0,0,0,,,,,,,,,,,0,0,0,0,,,,,20,7,,,,,,,,,,,,,,,
2020,379,EA68391,4,09/25/2020,19:38,25,9,,63,Spokane,0,2,,3,2,2,1,0,4,2,19:38,19:52,20:41,12,0,6,291.8,2,0,2,2,2,1,2,0,0,21,3,US-2,COLBERT RD,-117.3475306,47.82440278,0,1,87,17,2,98,14,0,0,1,2,12,1,1,3,2,1,3,1,53,0,48,401,2015,0,,12,,,,,,1,1,36,2,7,,4,7,3,0,11,0,09/25/2020,19:38,53045058,45058,0,0,0,3,1,38,,,,96,,,,,,9,,,,,,99005,53,61,160,6,1,0,0,0,0,,0,,,,,,0,,,8,0,0,0,0,1,8,,,0,,,8,1,8,95,,,96,,,2,1,0.33,,,,,,,,,,,,,,,,,,,,,,,,,,,,,,0,0,0,1,1,1,0,1,0,0,0,0,0,0,0,0,0,0,1,0,0,0,0,0,0,0,0,0,0,1,0,0,0,0,0,,1,0,0,0,0,1,0,1,0,0,1,0,0,1,0,1,,,,,,36-40,36-45,US highway,U,Friday,Belt Used,PV,White,1,0,0,0,State Route,State Patrol,Spokane State Patrol,0,1,0,0,0,,,,,,0,0,0,,,,,,,,,,,98,98,98,1,,,,,20,7,,,,,,,,1,0,,,,,,
2021,389,EB74082,4,10/01/2021,16:55,1,10,,63,Spokane,0,1,,1,1,2,1,0,2,2,,,,12,0,6,291.8,2,0,2,2,2,1,2,0,0,20,3,US-2,COLBERT RD,-117.3471972,47.82445833,0,1,89,17,2,60,15,0,0,1,2,12,8,8,2,1,4,1,1,53,0,20,423,2015,0,,12,,,,,,1,1,81,2,0,,2,0,3,0,11,5,,,,,0,0,3,3,1,38,,,,96,,,,,,98,,,,,,99005,53,65,168,6,1,0,1,1,0,,46,,,,,,0,12/15/2017,12/15/2017,20,0,0,0,8,9,8,,,0,,,8,8,0,0,,,0,,,0,0,996,,,,,,,,,,,,,,,,,,,,,,,,,,,,,,0,0,0,1,0,0,1,1,0,0,0,0,0,0,0,0,0,0,1,0,0,0,0,0,0,1,1,1,1,1,0,0,0,0,0,,0,0,0,0,0,0,0,0,0,0,1,0,0,0,0,0,,,,,,81+,76+,US highway,U,Friday,Belt Used,PV,Not Fatal,1,0,0,0,State Route,State Patrol,Washington State Patrol,0,1,0,0,0,,,,,,0,0,0,,,,,,,,,,,98,98,98,0,,,,,20,,,,,,,,,1,0,,,,,,
2017,95,E658391,4,03/28/2017,15:56,28,3,0,63,Spokane,0,2,0,1,2,2,1,0,4,2,15:23,15:36,16:26,12,0,6,185.8,2,0,2,3,1,1,2,0,0,20,3,US-395,W DAHL RD,-117.4965444,47.96049167,0,1,88,17,2,45,34,0,0,1,2,12,1,1,2,1,1,1,2,53,0,7,482,1997,0,0,12,,,,,,1,1,16,1,0,0,0,0,3,0,11,0,,,,,0,0,1,3,1,38,39,0,0,96,,,,,,0,,,,,,99006,53,73,132,6,2,0,0,0,1,1,37,,,,,,0,07/15/2016,10/15/2016,1,0,0,0,8,9,8,,,0,0,0,8,0,0,0,0,0,0,0,0,0,0,996,,,,,,,,,,,,,,,,,,,,,,,,,,,,,,0,0,0,1,0,0,0,0,0,0,0,0,0,0,0,0,0,0,1,0,1,0,1,0,1,0,0,0,0,1,0,0,0,0,0,,0,0,0,0,0,0,0,0,0,0,1,0,0,0,0,0,,,,,,16-17,16-25,US highway,R,Tuesday,Belt Used,PV,Not Fatal,1,0,0,0,State Route,State Patrol,Washington State Patrol Headquarter,0,1,0,0,0,,,,,,,,,,,,,,,,,,,,,,,,,,,,,,,,,,,,,,,,,,,
2017,107,E660629,4,04/11/2017,21:35,11,4,0,65,Stevens,0,1,0,2,1,2,1,0,3,2,,,,12,0,1,212.7,1,0,1,3,1,1,2,0,0,0,0,US-395,,-117.7198667,48.28613889,0,2,25,53,3,25,6,0,0,1,2,12,1,1,2,1,1,2,1,53,0,48,45,2006,0,0,12,,,,,,1,1,63,2,0,0,0,0,3,0,11,0,,,,,0,0,0,3,1,0,0,0,0,0,,,,,,0,,,,,,99006,53,61,135,6,1,0,0,0,1,0,0,,,,,,0,12/15/2014,12/15/2014,20,0,0,0,8,9,8,,,0,0,0,8,0,0,0,0,0,0,0,0,0,0,996,,,,,,,,,,,,,,,,,,,,,,,,,,,,,,0,0,0,0,1,1,1,1,1,0,0,0,0,0,0,0,1,0,1,0,0,0,0,1,1,0,0,0,1,1,0,0,0,0,0,,0,0,0,0,0,0,0,0,0,0,0,0,0,0,0,0,,,,,,61-65,56-65,US highway,R,Tuesday,Belt Used,PV,Not Fatal,0,0,0,0,State Route,State Patrol,Washington State Patrol Headquarter,0,1,0,0,0,,,,,,,,,,,,,,,,,,,,,,,,,,,,,,,,,,,,,,,,,,,
2018,50,E773623,4,02/23/2018,18:00,23,2,0,63,Spokane,0,4,0,2,3,2,1,0,4,2,18:12,18:30,19:23,12,0,2,182.9,1,0,1,3,1,1,2,0,0,0,0,US-395,,-117.4615639,47.92626944,0,1,50,6,1,60,4,0,0,1,5,12,1,4,2,1,1,2,2,16,0,20,16,2000,0,0,68,12,,,,,1,1,24,2,0,0,3,0,3,0,11,5,,,,,0,0,0,2,1,28,87,0,0,96,,,,,,0,,,,,,99006,53,64,135,1,1,0,2,1,1,,97,,,,,,4,10/15/2014,01/15/2018,1,0,0,0,8,9,8,,,0,0,0,8,0,8,95,,,96,,,8,95,995,,,,,,,,,,,,,,,,,,,,,,,,,,,,,,0,0,0,0,0,0,0,0,0,0,0,0,1,1,0,0,0,0,0,0,0,0,0,1,1,0,0,0,0,1,0,0,0,0,0,,0,0,0,0,0,0,0,0,0,1,0,1,0,0,0,0,,,,,,21-25,16-25,US highway,R,Friday,Belt Used,PV,Not Fatal,0,1,1,0,State Route,State Patrol,Washington State Patrol Headquarter,0,1,0,0,0,,,,,,0,0,6,,,,,,,,,,,,,,,,,,,,,,,,,,,,,,,,,,,
2019,236,E941427,4,07/06/2019,16:41,6,7,,65,Stevens,0,1,0,1,1,2,1,0,3,2,,,,12,0,2,201.3,1,0,1,3,1,1,2,0,0,0,0,US-395,,-117.6602083,48.14169722,0,1,50,10,2,60,4,0,0,1,7,12,3,2,2,1,14,1,2,53,0,49,40,2006,0,0,68,12,,,,,1,1,29,2,1,,4,0,20,7,11,8,07/06/2019,18:16,2.11053E+11,30632,0,0,0,3,1,28,0,0,0,96,,,,,,99,,,,,,99006,53,62,150,6,1,0,3,2,3,,0,,,,,,0,07/15/2015,09/15/2018,8,0,0,0,0,1,1,,,0,0,0,1,0,2,401,417,128,1,1,1,2,1,0,,,,,,,,,,,,,,,,,,,,,,,,,,,,,,0,0,0,0,0,0,1,1,1,0,0,0,0,0,0,0,0,0,0,1,0,0,0,0,0,0,0,0,0,1,0,0,0,1,0,,1,0,0,0,0,0,1,1,0,0,0,0,0,0,1,0,,,,,,26-30,26-35,US highway,R,Saturday,Not Used,PV,Hispanic,0,1,1,0,State Route,State Patrol,Washington State Patrol,0,1,0,0,0,thc,1.8,,,,0,0,3,1,1,,,,177,605,,,,98,98,98,1,,,,,20,7,,,,,,,nms,,,,,,,,
2019,273,E948106,4,08/04/2019,11:49,4,8,,63,Spokane,0,1,0,1,1,2,1,0,5,3,,,,12,0,6,296.4,2,0,2,3,1,1,2,0,0,20,3,US-2,CHATTAROY RD,-117.3540889,47.889375,0,1,78,16,2,60,4,0,0,1,2,12,1,1,2,1,10,2,1,53,0,14,20,2006,0,0,12,12,,,,,1,1,93,2,7,,4,0,3,0,11,4,08/05/2019,10:45,2.11053E+11,34565,0,0,3,3,1,38,0,0,0,96,,,,,,0,,,,,,99006,53,60,125,6,1,0,0,0,0,,0,,,,,,0,,,1,0,0,0,0,9,8,,,0,0,0,8,0,8,95,,,96,,,8,95,995,,,,,,,,,,,,,,,,,,,,,,,,,,,,,,0,0,0,1,0,0,0,0,0,0,0,0,0,0,0,0,0,0,1,0,0,0,0,0,0,1,1,1,0,1,0,0,0,0,0,,1,0,0,0,0,0,0,0,0,0,1,0,0,0,0,0,,,,,,81+,76+,US highway,R,Sunday,Belt Used,PV,White,1,0,0,0,State Route,State Patrol,Washington State Patrol,0,1,0,0,0,,,,,,0,0,0,,,,,,,,,,,98,98,98,1,,,,,20,7,,,,,,,,,,,,,,,
2020,175,EA39893,40,06/11/2020,20:58,11,6,,63,Spokane,0,10,,5,1,2,1,0,2,2,21:00,21:05,22:18,12,0,6,1.4,2,0,2,5,1,2,4,0,0,20,3,CR-N SHORT RD,W MONTGOMERY RD,-117.4803861,47.98949167,0,1,88,17,2,45,34,0,0,1,2,12,1,1,2,1,1,1,1,53,0,20,481,1993,0,,12,,,,,,1,1,18,1,0,,3,0,20,7,11,5,,,,,0,0,0,3,1,39,,,,96,,,,,,98,,,,,,99006,53,73,216,6,2,0,0,0,0,,97,,,,,,0,,,20,0,0,0,8,9,8,,,0,,,8,8,0,0,,,0,,,0,0,996,,,,,,,,,,,,,,,,,,,,,,,,,,,,,,0,0,0,1,0,0,0,0,0,0,0,0,0,0,0,0,0,0,0,0,0,1,1,0,1,0,0,0,0,1,0,0,0,0,0,,0,0,0,0,0,0,0,0,0,0,0,0,0,0,0,0,,,,,,18-20,16-25,County road,R,Thursday,Not Used,PV,Not Fatal,1,0,0,0,County Road,County Sheriff,Spokane County Sheriff's Office,0,0,1,0,0,,,,,,0,0,0,,,,,,,,,,,0,0,0,0,,,,,20,7,,,,,,,,1,0,,,SHORT RD,143,MONTGOMERY RD,2.65
2020,175,EA39893,40,06/11/2020,20:58,11,6,,63,Spokane,0,10,,5,1,2,1,0,2,2,21:00,21:05,22:18,12,0,6,1.4,2,0,2,5,1,2,4,0,0,0,0,CR-N SHORT RD,W MONTGOMERY RD,-117.4803861,47.98949167,0,2,89,66,4,45,14,0,0,1,2,12,1,1,2,1,1,1,1,53,0,20,401,2002,0,,12,,,,,,1,1,52,2,7,,4,7,3,0,11,0,06/11/2020,20:58,53027602,27602,0,0,3,3,1,0,,,,96,,,,,,0,,,,,,99006,53,65,137,6,1,0,0,0,0,,0,,,,,,0,,,8,0,0,0,0,9,8,,,0,,,8,8,2,1,,,1,,,2,1,0,,,,,,,,,,,,,,,,,,,,,,,,,,,,,,0,0,0,1,0,0,0,0,0,0,0,0,0,0,0,0,0,0,0,0,0,1,1,0,1,0,0,0,0,1,0,0,0,0,0,,1,0,0,0,0,0,0,0,0,0,0,0,0,0,0,0,,,,,,51-55,46-55,County road,R,Thursday,Belt Used,PV,White,1,0,0,0,County Road,County Sheriff,Spokane County Sheriff's Office,0,0,1,0,0,,,,,,0,0,0,,,,,,,,,,,98,98,98,1,,,,,20,7,,,,,,,,1,0,,,SHORT RD,143,MONTGOMERY RD,2.65
2020,313,EA59908,4,08/24/2020,7:44,24,8,,63,Spokane,0,1,,1,1,2,1,0,2,2,7:51,7:54,,12,0,6,181.1,2,0,2,3,1,1,2,0,0,20,3,US-395,DENISON-CHATTEROY,-117.4397194,47.90368611,0,1,87,17,2,35,4,0,0,1,2,12,1,1,2,1,4,1,2,16,0,41,35,2002,0,,12,64,42,,,,1,1,20,1,7,,4,7,3,0,11,0,08/24/2020,7:44,53039356,39356,0,0,0,2,1,38,,,,96,,,,,,9,,,,,,99006,53,69,170,1,1,1,0,0,2,,0,,,,,,0,10/15/2019,01/15/2019,8,0,0,0,0,9,8,,,0,,,1,8,2,695,605,,1,1,,2,1,0,,,,,,,,,,,,,,,,,,,,,,,,,,,,,,0,0,0,1,0,0,1,1,1,0,0,0,0,1,0,0,0,0,1,0,0,1,1,0,1,0,0,0,0,1,0,0,0,0,0,,1,0,0,0,0,0,1,1,0,0,1,1,0,0,1,0,,,,,,18-20,16-25,US highway,R,Monday,Belt Used,PV,White,1,0,0,0,State Route,State Patrol,Washington State Patrol,0,1,0,0,0,thc,8.9,carboxy-thc,36,,0,0,2,,,,,,,,,,,98,98,98,1,,,,,20,7,,,,,,,nms,1,0,,,,,,
2020,412,EA73174,40,10/11/2020,2:12,11,10,,63,Spokane,0,1,,2,1,2,1,0,4,1,2:24,2:39,3:14,35,0,0,0.2,3,0,10,5,2,2,4,0,0,9,3,CR-N FORKER RD,E FORKER RIDGE LN,-117.2076056,47.71225556,0,1,14,11,2,98,34,0,0,1,2,35,1,8,2,1,1,4,0,53,0,12,481,2014,0,,71,35,1,,,,1,1,35,1,7,,4,7,99,7,11,0,10/11/2020,2:12,53047382,47382,0,0,0,3,1,39,,,,96,,,,,,9,,,,,,99006,53,72,200,6,1,0,2,0,3,,0,,,,,,4,11/15/2015,11/15/2019,99,0,0,0,0,9,8,,,0,,,8,1,2,1,,,1,,,2,1,0.144,,,,,,,,,,,,,,,,,,,,,,,,,,,,,,0,0,0,1,1,1,0,1,0,0,0,0,1,0,0,0,0,0,0,0,0,0,0,0,0,0,0,0,0,1,0,0,0,0,0,,1,0,0,0,0,1,0,1,0,1,0,0,0,1,0,1,,,,,,31-35,26-35,County road,U,Sunday,Unknown,PV,White,0,1,0,0,County Road,County Sheriff,Spokane County Sheriff's Office,1,0,1,0,0,,,,,,0,0,0,,,,,,,,,,,98,98,98,1,,,,,20,7,,,,,,,,1,0,,,FORKER RD,0.167,,
2020,446,EA82357,4,11/18/2020,7:18,18,11,,65,Stevens,0,1,,4,4,2,1,0,2,2,,,,12,0,6,199.8,1,0,1,2,1,1,2,0,0,0,0,US-395,,-117.6491222,48.1208,0,2,66,62,4,60,14,0,0,1,2,12,1,1,2,1,1,1,3,53,0,12,401,2018,0,,12,,,,,,1,1,39,1,0,,3,0,3,0,11,5,,,,,0,0,0,3,1,16,,,,96,,,,,,0,,,,,,99006,53,71,215,6,1,0,0,1,0,,0,,,,,,0,01/15/2018,01/15/2018,8,0,0,0,8,9,8,,,0,,,8,8,0,0,,,0,,,0,0,996,,,,,,,,,,,,,,,,,,,,,,,,,,,,,,0,0,0,0,0,0,0,0,0,0,0,0,1,0,0,0,0,0,0,0,0,0,0,0,0,1,1,1,0,1,0,0,0,0,0,,0,0,0,0,0,0,0,0,0,0,0,0,0,0,0,0,,,,,,36-40,36-45,US highway,R,Wednesday,Belt Used,PV,Not Fatal,0,1,1,0,State Route,State Patrol,Washington State Patrol,0,1,0,0,0,,,,,,0,0,0,,,,,,,,,,,98,98,98,0,,,,,20,7,,,,,,,,1,0,,,,,,
2021,362,EB70533,4,09/21/2021,16:30,21,9,,65,Stevens,0,1,,1,1,2,2,0,2,1,,,,21,0,0,4.5,1,0,1,5,1,1,3,0,0,0,0,SR-292,,-117.6500333,48.06519722,0,1,1,3,1,55,34,0,0,1,2,21,1,2,2,1,1,2,1,53,0,12,481,1983,0,,61,63,21,,,,1,1,52,1,7,,4,7,3,0,11,0,09/21/2021,16:30,53047718,47718,0,0,0,2,1,4,,,,96,,,,,,98,,,,,,99006,53,66,170,1,1,0,0,1,0,,0,,,,,,0,09/15/2017,03/15/2019,20,0,0,0,0,9,8,,,0,,,8,0,0,0,,,0,,,2,98,0,,,,,,,,,,,,,,,,,,,,,,,,,,,,,,0,0,1,0,0,0,0,0,0,0,0,0,0,1,0,0,0,0,0,0,0,0,0,0,0,0,0,0,0,1,0,0,0,0,0,,1,0,0,0,0,0,0,0,0,0,0,1,0,0,0,0,,,,,,51-55,46-55,State route,R,Tuesday,Belt Used,PV,White,0,0,0,0,State Route,State Patrol,Washington State Patrol,0,1,0,0,0,,,,,,0,0,3,,,,,,,,,,,0,0,0,1,,,,,20,,,,,,,,,1,0,,,,,,
2018,471,E874335,4,12/19/2018,7:26,19,12,0,63,Spokane,0,1,0,1,2,2,1,0,6,3,7:28,7:51,8:22,12,0,1,266.1,3,0,2,3,1,1,2,0,0,0,0,US-2,CHRISTENSEN RD,-117.6686028,47.64293611,0,3,98,62,4,55,67,0,0,1,2,12,1,1,3,1,1,4,1,53,0,12,880,2001,0,0,12,,,,,,1,1,28,1,0,0,2,0,3,0,11,5,,,,,0,0,0,3,1,0,0,0,0,96,,,,,,0,,,,,,99008,53,70,200,6,1,0,0,0,0,,0,,,,,,0,,,20,0,0,0,8,9,8,,,0,0,0,8,0,8,95,,,96,,,8,95,995,,,,,,,,,,,,,,,,,,,,,,,,,,,,,,0,0,0,1,1,0,1,1,1,0,0,0,0,0,0,0,0,0,0,0,0,0,0,0,0,0,0,0,0,1,1,0,0,0,0,,0,0,0,0,0,0,0,0,0,0,0,0,0,0,0,0,,,,,,26-30,26-35,US highway,R,Wednesday,Belt Used,MHTRUCK,Not Fatal,1,0,0,0,State Route,State Patrol,Washington State Patrol,0,1,0,0,0,,,,,,0,0,0,,,,,,,,,,,,,,,,,,,,,,,,,,,,,,,,,,,
2021,548,EC06178,4,12/22/2021,13:49,22,12,,1,Adams,0,1,,1,10,2,1,0,2,2,,,,12,0,6,53.4,3,0,3,5,1,1,3,0,0,0,0,SR-261,BENZEL RD,-118.3443917,46.987675,0,2,66,62,4,55,34,0,0,1,2,12,2,1,2,1,14,1,2,53,0,49,482,2008,0,,12,,,,,,1,1,19,1,0,,1,0,3,0,11,0,,,,,0,0,3,3,1,0,,,,96,,,,,,98,,,,,,99008,53,71,190,6,1,0,0,0,0,,0,,,,,,0,,,1,0,0,0,8,9,8,,,0,,,8,8,0,0,,,0,,,0,0,996,,,,,,,,,,,,,,,,,,,,,,,,,,,,,,0,0,0,1,0,0,1,1,0,0,0,0,1,0,0,0,0,0,0,1,0,1,1,0,1,0,0,0,0,1,0,0,0,0,0,,0,0,0,0,0,0,0,0,0,0,0,0,0,0,0,0,,,,,,18-20,16-25,State route,R,Wednesday,Belt Used,PV,Not Fatal,0,0,0,0,State Route,State Patrol,Washington State Patrol,0,1,0,0,0,,,,,,0,0,0,,,,,,,,,,,98,98,98,0,,,,,20,,,,,,,,,1,0,,,,,,