year,case,par,repjur,crash_dt,crash_tm,accday,accmon,holiday,county,co_char,city,weather,weather2,lightcond,surfcond,surftype,numfatal,nmforms,pforms,vforms,not_tm,arr_tm,hosp_tm,fhevent,hitrun,manncol,milepnt,reljunc,reljuncinter,intersectiontype,funcsystem,landuse,ownership,route,schlbus,spejur,contdev,devfunc,trafid1,trafid2,x,y,wk_zone,vnumber,crashtype,criticalevent,criticaleventcat,spdlim,body,trailer,emerg,hazcargo,leave,mhevent,roadalgn,roadprof,traflane,trafflow,vehmanvr,numoccs,regowner,regstate,spuse,make,model,modelyr,vrf1,vrf2,seqevent1,seqevent2,seqevent3,seqevent4,seqevent5,seqevent6,pnumber,ptype,age,sex,hispanic,race,injury,diedscene,restraint,restraintmisuse,seatpos,takehosp,death_dt,death_tm,cert,cernum_wa,commlic,licendor,licrestrict,liccomp,drivpres,drf1,drf2,drf3,drf4,distract1,distract2,distract3,distract4,distract5,distract6,dricond1,dricond2,dricond3,dricond4,dricond5,dricond6,dzip,licstate,drhgt_in,weight,noncdl,noncdltype,prevdwi,prevoth,prevacc,prevspd,prevsus,driviol1,driviol2,driviol3,driviol4,driviol5,driviol6,spdrel,first_dt,last_dt,airbag,ejection,ejectpath,extricat,injurwrk,methalc,methdrug,nmlocat,strikveh,prf1,prf2,prf3,druginv,alcinvol,drugsts,drugres1,drugres2,drugres3,drugtst1,drugtst2,drugtst3,alcsts,alctst,alcres,nmact1,nmact2,nmact3,nmact4,nmact5,nmact6,nmprior1,nmprior2,nmprior3,nmprior4,nmprior5,nmprior6,nmcond1,nmcond2,nmcond3,nmcond4,nmcond5,nmcond6,nmsafe_helmet,nmsafe_pads,nmsafe_oth,nmprev_ref,nmprev_lgt,nmprev_oth,crashlocation,nmcrashtype,crosswalk,schoolzone,sidewalk,train_inv,wildlife_inv,rotr_fars,intersect_fars,dd_inv,aid_inv,dpd_inv,id_inv,mj_inv,impnm_inv,ainm_inv,dpnm_inv,speed_inv,unlic_inv,unendmc_inv,drowsy_inv,drdist_inv,nmdist_inv,fty_inv,unrestfat_inv,dr1617_inv,dr1820_inv,dr1620_inv,dr2125_inv,dr1625_inv,dr65_inv,dr70_inv,dr75_inv,mc_inv,pv_inv,ht_inv,ped_inv,bike_inv,unrest_fat,mc_fat,unhelmet_mc,pv_fat,ht_fat,ped_fat,bike_fat,dr_alc7,dr_alc8,dr_drug,dr_imp,dr_dist,dr_spd,dr_fty,dr_unlic,dr_alc7only,dr_alc8only,dr_drugonly,dr_drink,nm_imp,nm_alc7,nm_alc8,nm_drug,nm_dist,agegrp1,agegrp2,roadclass,urbrur,dayweek,restuse,vehtype,race_me,intersect,lanedep,oppdir,wrongway,rep_typ,investag,repag_long,rotr,st_rd,cty_rd,city_rd,oth_rd,drug_thc,thc_res,drug_cthc,cthc_res,drug_cann,prevpersemin,prevperse,prevsusoth,drugtst4,drugtst5,drugtst6,drugtst7,drugtst8,drugres4,drugres5,drugres6,drugres7,drugres8,adspresent,adsengaged,adslevel,race1,race2,race3,race4,race5,helmet,helmetmisuse,nmdistract1,nmdistract2,nmdistract3,nmdistract4,nmdistract5,nmdistract6,lab,isedtcase,crf1,crf2,crf3,CoRoadName,CoMP,IntCoRoadName,IntCoMP
2018,463,E872857,4,12/11/2018,15:15,11,12,0,63,Spokane,0,4,0,1,10,2,1,0,3,2,,,,12,0,6,304.1,1,0,1,3,1,1,2,0,0,0,0,US-2,,-117.3496389,47.99909722,0,2,66,62,4,60,14,0,0,1,7,12,1,2,2,1,1,2,1,53,0,12,401,1997,0,0,12,,,,,,1,1,58,1,0,0,1,0,3,0,11,0,,,,,0,0,0,0,1,0,0,0,0,96,,,,,,0,,,,,,99009,53,75,155,0,0,0,0,0,0,,72,,,,,,0,,,1,0,0,0,8,9,8,,,0,0,0,8,0,8,95,,,96,,,8,95,995,,,,,,,,,,,,,,,,,,,,,,,,,,,,,,0,0,0,0,0,0,1,1,1,0,0,0,0,1,0,0,0,0,0,0,0,0,0,0,0,0,0,0,0,1,0,0,0,0,0,,0,0,0,0,0,0,0,0,0,0,0,1,0,0,0,0,,,,,,56-60,56-65,US highway,R,Tuesday,Belt Used,PV,Not Fatal,0,1,1,0,State Route,State Patrol,Washington State Patrol,0,1,0,0,0,,,,,,0,0,0,,,,,,,,,,,,,,,,,,,,,,,,,,,,,,,,,,,
2020,215,EA44921,4,07/03/2020,21:02,3,7,,63,Spokane,0,1,,5,1,2,1,0,1,1,21:02,21:10,,11,0,0,299.3,1,0,1,3,1,1,2,0,0,0,0,US-2,,-117.3514028,47.93073056,0,1,13,87,6,60,80,0,0,1,2,11,1,2,2,1,1,1,1,53,0,72,706,2007,0,,11,68,64,35,42,,1,1,56,1,7,,4,7,20,7,11,0,07/03/2020,21:02,53031950,31950,0,0,0,3,1,0,,,,0,,,,,,0,,,,,,99009,53,74,230,6,1,0,1,0,3,,0,,,,,,0,07/15/2016,11/15/2019,20,8,0,0,0,1,8,,,0,,,8,1,2,401,417,605,1,1,1,2,1,0.035,,,,,,,,,,,,,,,,,,,,,,,,,,,,,,0,1,0,0,1,0,1,1,1,0,0,0,0,0,0,0,0,0,0,0,0,0,0,0,0,0,0,0,1,0,0,0,0,0,1,1,0,0,0,0,1,0,1,1,0,0,0,0,0,0,0,1,,,,,,56-60,56-65,US highway,R,Friday,,MC,White,0,0,0,0,State Route,State Patrol,Washington State Patrol,0,1,0,0,0,thc,0.94,,,,0,0,0,,,,,,,,,,,0,0,0,1,,,,,16,0,,,,,,,nms,1,0,,,,,,
2020,349,EA63709,40,09/09/2020,15:26,9,9,,63,Spokane,0,1,,1,1,2,1,0,1,1,15:28,15:36,,42,0,0,13.5,1,0,1,5,1,2,4,0,0,0,0,CR-N ELK CHATTAROY RD,,-117.2737417,47.99591111,0,1,6,12,2,98,34,0,0,1,2,1,2,2,2,1,14,1,1,53,0,20,481,1990,0,,68,64,42,1,,,1,1,56,1,7,,4,7,20,7,11,0,09/09/2020,15:26,53041971,41971,6,0,3,3,1,0,,,,96,,,,,,98,,,,,,99009,53,71,155,6,1,0,2,1,0,,0,,,,,,3,03/15/2016,06/15/2019,20,1,9,0,0,9,8,,,0,,,8,8,2,1,,,1,,,2,1,0.114,,,,,,,,,,,,,,,,,,,,,,,,,,,,,,0,0,1,0,1,1,0,1,0,0,0,0,1,0,0,0,0,0,0,1,0,0,0,0,0,0,0,0,0,1,0,0,0,1,0,,1,0,0,0,0,1,0,1,0,1,0,0,0,1,0,1,,,,,,56-60,56-65,County road,R,Wednesday,Not Used,PV,White,0,1,0,0,County Road,County Sheriff,Spokane County Sheriff's Office,1,0,1,0,0,,,,,,0,0,0,,,,,,,,,,,0,0,0,1,,,,,20,7,,,,,,,,1,0,,,ELK-CHATTAROY RD,13.47,,
2017,11,E630209,40,01/07/2017,9:39,7,1,0,63,Spokane,0,1,0,1,4,2,2,0,2,1,,,,10,0,0,2.7,6,0,1,5,1,2,4,0,0,65,3,CR-S BROOKS RD,,-117.6902167,47.625875,0,1,15,17,2,45,34,0,0,1,2,10,1,1,2,1,1,2,2,53,0,7,482,2002,0,0,10,,,,,,1,1,45,2,1,1,4,7,99,0,11,0,01/07/2017,9:39,53001035,1035,0,0,0,3,1,39,0,0,0,96,,,,,,99,,,,,,99011,53,64,145,6,1,0,0,0,1,0,0,,,,,,0,09/15/2014,09/15/2014,20,0,0,0,0,9,8,,,0,0,0,8,9,2,1,0,0,1,0,0,2,1,0,,,,,,,,,,,,,,,,,,,,,,,,,,,,,,1,0,0,0,0,0,0,0,0,0,0,0,0,0,0,0,0,0,0,0,0,0,0,0,0,0,0,0,0,0,0,0,0,0,0,,0,0,0,0,0,0,0,0,0,0,0,0,0,0,0,0,,,,,,41-45,36-45,County road,R,Saturday,Unknown,PV,Hispanic,1,0,0,0,County Road,County Sheriff,Spokane County Sheriff's Office,0,0,1,0,0,,,,,,,,,,,,,,,,,,,,,,,,,,,,,,,,,,,,,,,,,,,
2018,417,E861644,46,10/25/2018,22:45,25,10,0,75,Whitman,0,99,0,9,99,2,1,0,1,1,,,,30,0,0,1.9,1,0,1,5,1,2,4,0,0,0,0,CR-PULLMAN ALBION RD,,-117.2245417,46.77416944,0,1,1,13,2,55,4,0,0,1,7,30,1,2,2,1,1,1,2,53,0,37,32,2005,0,0,63,30,,,,,1,1,19,1,7,1,4,7,3,0,11,0,10/25/2018,22:45,53046973,46973,0,0,3,3,1,0,0,0,0,96,,,,,,99,,,,,,99012,53,72,140,6,1,0,0,0,0,,0,,,,,,0,,,8,0,0,0,0,9,8,,,0,0,0,8,9,2,1,,,1,,,2,1,0,,,,,,,,,,,,,,,,,,,,,,,,,,,,,,0,0,1,0,0,0,0,0,0,0,0,0,0,0,0,0,0,0,0,0,0,1,1,0,1,0,0,0,0,1,0,0,0,0,0,,1,0,0,0,0,0,0,0,0,0,0,0,0,0,0,0,,,,,,18-20,16-25,County road,R,Thursday,Belt Used,PV,White,0,1,0,0,County Road,County Sheriff,Whitman County Sheriff's Office,1,0,1,0,0,,,,,,0,0,0,,,,,,,,,,,,,,,,,,,,,,,,,,,,,,,,,,,
2020,185,EA41583,4,06/18/2020,22:05,18,6,,63,Spokane,0,1,,2,1,2,1,0,3,2,22:12,22:24,23:11,12,0,2,79.8,1,0,1,5,1,1,3,0,0,0,0,SR-27,,-117.2136667,47.54799444,0,1,50,10,2,55,34,0,0,1,2,12,1,2,2,1,6,1,3,53,0,20,481,2006,0,,68,12,63,24,,,1,1,37,1,0,,0,0,3,0,11,0,,,,,0,0,0,3,1,33,,,,96,,,,,,9,,,,,,99012,53,67,150,6,1,1,3,2,2,,1,53,,,,,0,09/15/2015,10/15/2018,1,0,0,0,8,1,8,,,0,,,8,1,2,695,605,,1,1,,2,1,0.21,,,,,,,,,,,,,,,,,,,,,,,,,,,,,,0,0,0,0,1,1,1,1,1,0,0,0,0,0,0,0,0,0,0,0,0,0,0,0,0,1,1,0,0,1,0,0,0,0,0,,0,0,0,0,0,1,1,1,0,0,0,0,0,0,0,1,,,,,,36-40,36-45,State route,R,Thursday,Belt Used,PV,Not Fatal,0,1,1,0,State Route,State Patrol,Washington State Patrol,0,1,0,0,0,thc,6.6,carboxy-thc,69,,0,1,3,,,,,,,,,,,98,98,98,0,,,,,20,7,,,,,,,,1,0,,,,,,
2019,265,E947668,4,07/10/2019,15:37,10,7,,65,Stevens,0,1,0,1,1,2,1,0,4,2,,,,12,0,2,228.3,1,0,1,3,1,1,2,0,0,0,0,US-395,,-117.8843583,48.46324722,0,1,50,10,2,60,14,0,0,1,7,12,1,1,2,1,1,3,1,53,0,18,401,2004,0,0,68,12,,,,,1,1,24,1,0,,2,0,3,0,11,4,,,,,0,0,0,3,1,28,0,0,0,0,,,,,,2,,,,,,99013,53,73,350,6,1,0,3,0,13,,2,,,,,,0,10/15/2015,05/15/2019,8,0,0,0,8,9,8,,,0,0,0,8,0,8,95,,,96,,,8,95,995,,,,,,,,,,,,,,,,,,,,,,,,,,,,,,0,0,0,0,0,0,0,0,0,0,0,0,0,0,0,1,0,0,0,0,0,0,0,1,1,1,1,1,0,1,0,0,0,0,0,,0,0,0,0,0,0,0,0,0,0,0,0,0,0,0,0,,,,,,21-25,16-25,US highway,R,Wednesday,Belt Used,PV,Not Fatal,0,1,1,0,State Route,State Patrol,Washington State Patrol,0,1,0,0,0,,,,,,0,0,0,,,,,,,,,,,98,98,98,0,,,,,20,7,,,,,,,,,,,,,,,
2020,191,3841215,278,05/11/2020,6:39,11,5,,63,Spokane,0,1,,1,1,2,1,0,3,3,6:42,6:51,7:28,12,0,2,2.7,1,0,1,5,1,2,4,0,0,0,0,CR-N ARGONNE RD,,-117.2865806,47.72478333,0,1,50,10,2,45,34,0,0,1,2,12,1,1,2,1,6,1,2,53,0,12,481,2003,0,,68,12,12,1,,,1,1,29,1,0,,3,0,99,7,11,5,,,,,0,0,0,2,1,33,,,,96,,,,,,98,,,,,,99016,53,70,190,1,1,0,0,0,1,,97,,,,,,0,11/15/2016,11/15/2016,20,0,0,0,8,9,8,,,0,,,8,8,2,401,417,,1,1,,2,1,0,,,,,,,,,,,,,,,,,,,,,,,,,,,,,,0,0,0,0,0,0,1,1,0,0,0,0,0,1,0,0,0,0,0,0,0,0,0,0,0,0,0,0,0,1,0,0,0,0,0,,0,0,0,0,0,0,1,1,0,0,0,1,0,0,1,0,,,,,,26-30,26-35,County road,R,Monday,Unknown,PV,Not Fatal,0,1,1,0,County Road,County Sheriff,Spokane County Sheriff's Office,0,0,1,0,0,,,,,,0,0,1,,,,,,,,,,,98,98,98,0,,,,,20,7,,,,,,,,1,0,,,ARGONNE RD,2.7,,
2018,119,E789126,278,04/16/2018,19:33,16,4,0,63,Spokane,2110,1,0,5,1,2,1,0,4,3,19:34,19:44,20:28,12,0,6,0,2,0,2,3,2,4,6,0,0,3,3,FRANCIS AVE,MARKET ST,-117.3646722,47.714875,0,3,98,62,4,98,34,0,0,1,5,12,1,2,6,1,5,1,2,53,0,12,481,2013,0,0,12,,,,,,1,1,41,1,0,0,0,0,3,0,11,0,,,,,0,0,0,3,1,0,0,0,0,0,,,,,,0,,,,,,99016,53,69,205,6,1,0,0,0,0,,0,,,,,,0,,,20,0,0,0,8,9,8,,,0,0,0,8,0,8,95,,,96,,,8,95,995,,,,,,,,,,,,,,,,,,,,,,,,,,,,,,0,0,0,1,0,0,0,0,0,0,0,0,0,1,0,0,1,0,0,0,0,0,0,0,0,1,1,1,0,1,0,0,0,0,0,,0,0,0,0,0,0,0,0,0,0,0,0,0,0,0,0,,,,,,41-45,36-45,City street,U,Monday,Belt Used,PV,Not Fatal,1,0,0,0,City Street,Municipal/City Police,Spokane Police Department,0,0,0,1,0,,,,,,0,0,0,,,,,,,,,,,,,,,,,,,,,,,,,,,,,,,,,,,
2018,230,E817971,40,06/23/2018,20:00,23,6,0,63,Spokane,0,1,0,1,1,2,1,1,1,1,20:03,20:11,21:02,8,0,0,0.1,1,0,1,7,1,2,4,0,0,0,0,CR-S HODGES,,-117.14385,47.66975,0,1,13,80,5,25,14,0,0,1,7,8,1,2,2,1,1,1,1,53,0,12,401,2010,0,0,8,,,,,,1,1,48,2,0,0,0,0,99,0,11,0,,,,,0,0,0,3,1,0,0,0,0,96,,,,,,9,,,,,,99016,53,60,145,6,1,0,0,0,0,,97,,,,,,0,,,20,0,0,0,8,9,8,,,0,0,0,8,1,2,996,,,1,,,2,1,0.045,,,,,,,,,,,,,,,,,,,,,,,,,,,,,,0,0,0,0,1,0,1,1,0,1,1,0,0,0,0,0,0,0,0,0,0,0,0,0,0,0,0,0,0,1,0,1,0,0,0,,0,0,0,0,1,0,1,1,0,0,0,0,0,0,0,1,,,,,,46-50,46-55,County road,R,Saturday,Unknown,PV,Not Fatal,0,0,0,0,County Road,County Sheriff,Spokane County Sheriff's Office,0,0,1,0,0,,,,,,0,0,0,,,,,,,,,,,,,,,,,,,,,,,,,,,,,,,,,,,
2019,6,E880474,40,01/01/2019,3:07,1,1,,67,Thurston,0,1,0,3,8,2,1,0,1,1,,,,34,0,0,2.9,5,1,1,1,1,1,1,0,0,0,0,I-5 RAMP,US-12,-123.0101694,46.79783611,0,1,1,11,2,55,4,0,0,1,5,1,3,2,2,6,14,1,1,53,0,63,34,2015,0,0,63,34,1,,,,1,1,54,1,7,,4,7,20,7,11,0,01/01/2019,3:27,53000155,155,0,0,0,3,1,0,0,0,0,93,,,,,,99,,,,,,99016,53,70,240,6,1,0,0,0,0,,0,,,,,,4,,,8,1,9,0,0,9,8,,,0,0,0,8,9,2,1,,,1,,,2,1,0.17,,,,,,,,,,,,,,,,,,,,,,,,,,,,,,0,0,1,0,1,1,0,1,0,0,0,0,1,0,0,0,1,0,0,1,0,0,0,0,0,0,0,0,0,1,0,0,0,1,0,,1,0,0,0,0,1,0,1,1,1,0,0,0,1,0,1,,,,,,51-55,46-55,Interstate,R,Tuesday,Not Used,PV,White,0,1,0,0,County Road,County Sheriff,Spokane County Sheriff's Office,1,0,1,0,0,,,,,,0,0,0,,,,,,,,,,,98,98,98,1,,,,,20,7,,,,,,,,,,,,,,,
2020,423,EA76737,4,10/30/2020,13:01,30,10,,63,Spokane,2110,1,,1,1,2,1,0,6,3,,,,12,0,7,280.9,1,0,1,1,2,1,1,0,0,0,0,I-90,,-117.3706806,47.65403333,0,2,45,61,4,60,34,0,0,1,2,12,1,1,4,3,1,2,1,53,0,7,482,2005,0,,12,,,,,,1,1,43,1,0,,0,0,3,0,11,0,,,,,0,0,0,3,1,0,,,,96,,,,,,0,,,,,,99016,53,69,193,6,1,0,0,2,1,,0,,,,,,0,01/15/2016,04/15/2018,20,0,0,0,8,9,8,,,0,,,8,8,0,0,,,0,,,0,0,996,,,,,,,,,,,,,,,,,,,,,,,,,,,,,,0,0,0,0,0,0,0,0,0,0,0,0,0,0,0,0,0,0,0,1,0,0,0,0,0,0,0,0,0,1,0,0,0,0,0,,0,0,0,0,0,0,0,0,0,0,0,0,0,0,0,0,,,,,,41-45,36-45,Interstate,U,Friday,Belt Used,PV,Not Fatal,0,0,0,0,State Route,State Patrol,Washington State Patrol,0,1,0,0,0,,,,,,0,0,0,,,,,,,,,,,98,98,98,0,,,,,20,7,,,,,,,,1,14,,,,,,
2021,229,EB48935,4,06/07/2021,16:22,7,6,,65,Stevens,0,1,,1,1,2,3,0,5,2,,,,12,0,2,192.3,1,0,1,2,2,1,2,0,0,0,0,US-395,,-117.5915611,48.02104167,0,2,51,62,4,60,63,0,0,1,2,12,3,2,3,1,14,2,3,94,0,82,881,2007,0,,68,12,,,,,1,1,38,1,0,,2,0,3,0,11,0,,,,,0,0,0,3,1,95,,,,96,,,,,,98,,,,,,99016,53,73,280,6,1,0,0,0,0,,0,,,,,,0,,,20,0,0,0,8,9,8,,,0,,,8,8,0,0,,,0,,,0,0,996,,,,,,,,,,,,,,,,,,,,,,,,,,,,,,0,0,0,0,0,0,0,0,0,0,0,0,0,1,0,0,1,0,0,1,1,0,1,0,1,0,0,0,0,1,1,0,0,0,0,,0,0,0,0,0,0,0,0,0,0,0,0,0,0,0,0,,,,,,36-40,36-45,US highway,U,Monday,,MHTRUCK,Not Fatal,0,1,1,0,State Route,State Patrol,Washington State Patrol,0,1,0,0,0,,,,,,0,0,0,,,,,,,,,,,98,98,98,0,,,,,20,,,,,,,,,1,0,,,,,,
2017,321,E704187,20,08/21/2017,2:30,21,8,0,23,Garfield,0,1,0,2,1,2,1,0,1,1,6:10,6:41,,38,0,0,18.4,1,0,1,5,1,2,4,0,0,0,0,CR-KRBY MAYVIEW RD,,-117.4431389,46.60196944,0,1,6,6,1,50,34,0,0,1,2,1,2,2,2,1,14,1,1,53,0,20,481,2003,0,0,68,64,38,1,,,1,1,24,1,7,1,4,7,20,0,11,0,08/21/2017,2:30,53036458,36458,0,0,0,3,1,0,0,0,0,96,,,,,,99,,,,,,99019,53,71,150,6,1,0,2,0,2,0,0,,,,,,3,10/15/2012,11/15/2016,20,1,9,0,0,9,8,,,0,0,0,8,9,0,0,0,0,0,0,0,0,0,996,,,,,,,,,,,,,,,,,,,,,,,,,,,,,,0,0,1,0,0,0,0,0,0,0,0,0,1,0,0,0,0,0,0,0,0,0,0,1,1,0,0,0,0,0,0,0,0,1,0,,0,0,0,0,0,0,0,0,0,1,0,0,0,0,0,0,,,,,,21-25,16-25,County road,R,Monday,Not Used,PV,White,0,1,0,0,County Road,County Sheriff,Garfield County Sheriff's Office,1,0,1,0,0,,,,,,,,,,,,,,,,,,,,,,,,,,,,,,,,,,,,,,,,,,,
2017,414,E720718,346,09/29/2017,12:46,29,9,0,63,Spokane,1165,1,0,1,1,2,1,1,1,1,,,,15,0,0,0,1,0,1,4,2,2,4,0,0,0,0,CR-N LIBERTY LAKE RD,,-117.1051417,47.66861389,0,1,13,83,5,35,15,0,0,1,5,15,1,1,5,5,1,1,1,53,0,49,422,2010,0,0,15,,,,,,1,1,74,1,0,0,0,0,3,0,11,0,,,,,0,0,3,3,1,0,0,0,0,0,,,,,,0,,,,,,99019,53,70,195,6,1,0,0,0,0,0,0,,,,,,0,,,20,0,0,0,8,9,8,,,0,0,0,8,0,2,1,0,0,1,0,0,2,1,0,,,,,,,,,,,,,,,,,,,,,,,,,,,,,,0,0,0,0,0,0,0,0,0,0,0,0,0,0,0,0,0,1,0,0,0,0,0,0,0,1,1,0,0,1,0,1,0,0,0,,0,0,0,0,0,0,0,0,0,0,0,0,0,0,0,0,,,,,,71-75,66-75,County road,U,Friday,Belt Used,PV,Not Fatal,0,0,0,0,City Street,Municipal/City Police,LIBERTY LAKE POLICE DEPT,0,0,0,1,0,,,,,,,,,,,,,,,,,,,,,,,,,,,,,,,,,,,,,,,,,,,
2018,322,E836976,346,09/04/2018,20:30,4,9,0,63,Spokane,1165,1,0,2,1,2,1,0,2,1,,,,38,0,0,0,1,0,1,7,2,4,6,0,0,0,0,E VALLEYWAY AVE,,-117.0805361,47.66035556,0,1,6,9,1,35,80,0,0,1,7,38,1,1,2,1,1,2,1,53,0,72,706,2013,0,0,68,64,38,,,,1,1,57,2,0,0,3,0,17,0,11,5,,,,,0,0,0,2,1,0,0,0,0,96,,,,,,99,,,,,,99019,53,63,200,6,1,0,0,0,0,,97,,,,,,0,,,20,8,0,0,8,9,8,,,0,0,0,8,1,8,95,,,96,,,8,95,995,,,,,,,,,,,,,,,,,,,,,,,,,,,,,,0,0,1,0,1,0,0,0,0,0,0,0,0,0,1,0,0,0,0,0,0,0,0,0,0,0,0,0,1,0,0,0,0,0,0,1,0,0,0,0,0,0,0,0,0,0,0,0,0,0,0,1,,,,,,56-60,56-65,City street,U,Tuesday,,MC,Not Fatal,0,1,0,0,City Street,Municipal/City Police,LIBERTY LAKE POLICE DEPT,1,0,0,1,0,,,,,,0,0,0,,,,,,,,,,,,,,,,,,,,,,,,,,,,,,,,,,,
2018,389,E855214,346,10/18/2018,8:10,18,10,0,63,Spokane,1165,1,0,1,1,2,1,1,1,1,8:18,8:32,8:59,8,1,0,0,3,0,2,7,2,4,6,0,0,0,0,COUNTRY VISTA DR,E MISSION AVE,-117.0755917,47.67129167,0,1,13,80,5,25,34,0,0,1,5,8,1,1,2,1,1,1,1,53,0,7,482,1997,0,0,8,,,,,,1,1,21,1,0,0,0,0,99,0,11,0,,,,,0,0,0,3,1,91,0,0,0,92,,,,,,99,,,,,,99019,53,74,190,6,1,0,2,1,8,,1,,,,,,0,06/15/2014,07/15/2018,20,0,0,0,8,9,8,,,0,0,0,8,9,8,95,,,96,,,8,95,995,,,,,,,,,,,,,,,,,,,,,,,,,,,,,,0,0,0,1,0,0,0,0,0,0,0,0,0,0,0,0,1,0,0,0,0,0,0,1,1,0,0,0,0,1,0,1,0,0,0,,0,0,0,0,0,0,0,0,1,0,0,0,0,0,0,0,,,,,,21-25,16-25,City street,U,Thursday,Unknown,PV,Not Fatal,1,0,0,0,City Street,Municipal/City Police,LIBERTY LAKE POLICE DEPT,0,0,0,1,0,,,,,,0,0,0,,,,,,,,,,,,,,,,,,,,,,,,,,,,,,,,,,,
2021,600,EB35608,346,06/01/2021,15:26,1,6,,63,Spokane,1165,1,,1,1,2,1,1,1,1,,,,8,0,0,0,1,0,1,4,2,4,6,0,0,0,0,N LIBERTY LAKE RD,,-117.1068778,47.66875833,0,1,13,80,5,98,14,0,0,1,5,8,1,1,2,1,11,1,2,53,0,49,405,2020,0,,8,,,,,,1,1,18,2,0,,0,0,99,7,11,0,,,,,0,0,3,3,1,0,,,,96,,,,,,98,,,,,,99019,53,67,127,6,2,0,0,0,0,,2,,,,,,4,,,20,0,0,0,8,9,8,,,0,,,8,8,0,0,,,0,,,0,0,996,,,,,,,,,,,,,,,,,,,,,,,,,,,,,,0,0,0,0,0,0,0,0,0,0,0,0,1,0,0,0,0,0,0,0,0,1,1,0,1,0,0,0,0,1,0,1,0,0,0,,0,0,0,0,0,0,0,0,0,1,0,0,0,0,0,0,,,,,,18-20,16-25,City street,U,Tuesday,Unknown,PV,Not Fatal,0,0,0,0,City Street,Municipal/City Police,LIBERTY LAKE POLICE DEPT,0,0,0,1,0,,,,,,0,0,0,,,,,,,,,,,98,98,98,0,,,,,20,,,,,,,,,1,0,,,,,,
2021,610,EB45400,346,06/29/2021,18:08,29,6,,63,Spokane,0,1,,1,1,2,1,0,2,2,,,,12,0,6,,2,0,2,3,2,2,4,0,0,20,3,CR-N HARVARD RD,WELLESLEY AVE,-117.1117944,47.70037778,0,2,82,66,4,35,14,0,0,1,2,12,1,1,2,1,11,1,1,53,0,49,403,2011,0,,12,,,,,,1,1,41,2,0,,2,0,3,0,11,6,,,,,0,0,0,3,1,0,,,,96,,,,,,98,,,,,,99019,53,62,140,6,1,0,0,0,0,,0,,,,,,0,,,8,0,0,0,8,9,8,,,0,,,8,8,0,0,,,0,,,0,0,996,,,,,,,,,,,,,,,,,,,,,,,,,,,,,,0,0,0,1,0,0,0,0,0,0,0,0,0,0,0,0,0,0,0,0,0,0,0,0,0,1,1,1,0,1,0,0,0,0,0,,0,0,0,0,0,0,0,0,0,0,0,0,0,0,0,0,,,,,,41-45,36-45,County road,U,Tuesday,Belt Used,PV,Not Fatal,1,0,0,0,County Road,Municipal/City Police,LIBERTY LAKE POLICE DEPT,0,0,1,0,0,,,,,,0,0,0,,,,,,,,,,,98,98,98,0,,,,,20,,,,,,,,,1,0,,,,,,
2019,377,E974380,4,10/22/2019,18:56,22,10,,63,Spokane,0,1,0,2,1,2,1,0,1,1,,,,1,0,0,8.4,1,0,1,4,1,1,3,0,0,0,0,SR-902,,-117.6460028,47.58670833,0,1,7,3,1,55,34,0,0,1,2,1,3,1,2,1,14,1,2,53,0,7,472,1993,0,0,63,69,68,64,1,,1,1,55,1,7,,4,7,20,7,11,0,10/22/2019,18:56,1.30053E+11,48378,0,0,3,2,1,58,0,0,0,96,,,,,,9,,,,,,99020,53,74,180,1,1,1,0,0,1,,0,,,,,,0,03/15/2015,12/15/2017,20,2,9,0,0,9,8,,,0,0,0,8,1,2,1,,,1,,,2,1,0.32,,,,,,,,,,,,,,,,,,,,,,,,,,,,,,0,0,0,0,1,1,0,1,0,0,0,0,0,1,0,0,0,0,0,1,0,0,0,0,0,0,0,0,0,1,0,0,0,1,0,,1,0,0,0,0,1,0,1,0,0,0,1,0,1,0,1,,,,,,51-55,46-55,State route,R,Tuesday,Not Used,PV,White,0,1,0,0,State Route,State Patrol,Washington State Patrol,1,1,0,0,0,,,,,,0,1,2,,,,,,,,,,,0,0,0,1,,,,,20,7,,,,,,,,,,,,,,,
2017,5,E628691,4,01/01/2017,3:50,1,1,1,63,Spokane,2110,4,0,3,3,2,1,1,2,1,,,,9,0,0,272.4,1,0,1,3,2,1,2,0,0,0,0,US-2,,-117.5334722,47.643175,0,1,13,11,2,55,14,0,0,1,2,9,1,1,5,5,1,2,1,53,0,49,401,2004,0,0,63,9,,,,,1,1,27,2,0,0,0,0,3,0,11,0,,,,,0,0,3,3,1,87,91,0,0,93,,,,,,9,,,,,,99021,53,65,130,6,1,0,4,1,0,2,1,,,,,,0,11/15/2014,03/15/2016,20,0,0,0,8,1,1,,,0,0,0,1,1,2,402,0,0,1,0,0,2,1,0.051,,,,,,,,,,,,,,,,,,,,,,,,,,,,,,0,0,0,0,1,0,1,1,0,1,0,1,0,0,0,0,1,0,0,0,0,0,0,0,0,0,0,0,0,1,0,0,1,0,0,,0,0,0,0,1,0,1,1,1,0,0,0,0,0,0,1,,,,,,26-30,26-35,US highway,U,Sunday,Belt Used,PV,Not Fatal,0,0,0,0,State Route,State Patrol,Washington State Patrol,0,1,0,0,0,,,,,,,,,,,,,,,,,,,,,,,,,,,,,,,,,,,,,,,,,,,