year,case,par,repjur,crash_dt,crash_tm,accday,accmon,holiday,county,co_char,city,weather,weather2,lightcond,surfcond,surftype,numfatal,nmforms,pforms,vforms,not_tm,arr_tm,hosp_tm,fhevent,hitrun,manncol,milepnt,reljunc,reljuncinter,intersectiontype,funcsystem,landuse,ownership,route,schlbus,spejur,contdev,devfunc,trafid1,trafid2,x,y,wk_zone,vnumber,crashtype,criticalevent,criticaleventcat,spdlim,body,trailer,emerg,hazcargo,leave,mhevent,roadalgn,roadprof,traflane,trafflow,vehmanvr,numoccs,regowner,regstate,spuse,make,model,modelyr,vrf1,vrf2,seqevent1,seqevent2,seqevent3,seqevent4,seqevent5,seqevent6,pnumber,ptype,age,sex,hispanic,race,injury,diedscene,restraint,restraintmisuse,seatpos,takehosp,death_dt,death_tm,cert,cernum_wa,commlic,licendor,licrestrict,liccomp,drivpres,drf1,drf2,drf3,drf4,distract1,distract2,distract3,distract4,distract5,distract6,dricond1,dricond2,dricond3,dricond4,dricond5,dricond6,dzip,licstate,drhgt_in,weight,noncdl,noncdltype,prevdwi,prevoth,prevacc,prevspd,prevsus,driviol1,driviol2,driviol3,driviol4,driviol5,driviol6,spdrel,first_dt,last_dt,airbag,ejection,ejectpath,extricat,injurwrk,methalc,methdrug,nmlocat,strikveh,prf1,prf2,prf3,druginv,alcinvol,drugsts,drugres1,drugres2,drugres3,drugtst1,drugtst2,drugtst3,alcsts,alctst,alcres,nmact1,nmact2,nmact3,nmact4,nmact5,nmact6,nmprior1,nmprior2,nmprior3,nmprior4,nmprior5,nmprior6,nmcond1,nmcond2,nmcond3,nmcond4,nmcond5,nmcond6,nmsafe_helmet,nmsafe_pads,nmsafe_oth,nmprev_ref,nmprev_lgt,nmprev_oth,crashlocation,nmcrashtype,crosswalk,schoolzone,sidewalk,train_inv,wildlife_inv,rotr_fars,intersect_fars,dd_inv,aid_inv,dpd_inv,id_inv,mj_inv,impnm_inv,ainm_inv,dpnm_inv,speed_inv,unlic_inv,unendmc_inv,drowsy_inv,drdist_inv,nmdist_inv,fty_inv,unrestfat_inv,dr1617_inv,dr1820_inv,dr1620_inv,dr2125_inv,dr1625_inv,dr65_inv,dr70_inv,dr75_inv,mc_inv,pv_inv,ht_inv,ped_inv,bike_inv,unrest_fat,mc_fat,unhelmet_mc,pv_fat,ht_fat,ped_fat,bike_fat,dr_alc7,dr_alc8,dr_drug,dr_imp,dr_dist,dr_spd,dr_fty,dr_unlic,dr_alc7only,dr_alc8only,dr_drugonly,dr_drink,nm_imp,nm_alc7,nm_alc8,nm_drug,nm_dist,agegrp1,agegrp2,roadclass,urbrur,dayweek,restuse,vehtype,race_me,intersect,lanedep,oppdir,wrongway,rep_typ,investag,repag_long,rotr,st_rd,cty_rd,city_rd,oth_rd,drug_thc,thc_res,drug_cthc,cthc_res,drug_cann,prevpersemin,prevperse,prevsusoth,drugtst4,drugtst5,drugtst6,drugtst7,drugtst8,drugres4,drugres5,drugres6,drugres7,drugres8,adspresent,adsengaged,adslevel,race1,race2,race3,race4,race5,helmet,helmetmisuse,nmdistract1,nmdistract2,nmdistract3,nmdistract4,nmdistract5,nmdistract6,lab,isedtcase,crf1,crf2,crf3,CoRoadName,CoMP,IntCoRoadName,IntCoMP
2017,261,E694418,40,07/14/2017,18:44,14,7,0,63,Spokane,0,1,0,1,1,4,1,0,1,1,18:48,19:08,,1,0,0,1.5,1,0,1,7,1,2,4,0,0,0,0,CR-S GRAHAM RD,,-117.67245,47.48518889,0,1,1,13,2,35,14,0,0,1,2,1,4,2,2,1,14,1,1,53,0,2,404,2000,0,0,63,1,,,,,1,1,49,2,7,1,4,7,20,0,11,0,07/14/2017,19:50,33053031401,31401,0,0,0,0,1,0,0,0,0,92,,,,,,99,,,,,,99021,53,66,135,0,0,0,0,1,0,0,0,,,,,,4,03/15/2017,03/15/2017,20,1,9,0,0,9,8,,,0,0,0,8,9,2,401,417,0,1,1,0,2,1,0.053,,,,,,,,,,,,,,,,,,,,,,,,,,,,,,0,0,1,0,1,0,1,1,0,0,0,0,1,1,0,0,1,0,0,1,0,0,0,0,0,0,0,0,0,1,0,0,0,1,0,,1,0,0,0,1,0,1,1,1,1,0,1,0,0,0,1,,,,,,46-50,46-55,County road,R,Friday,Not Used,PV,White,0,1,0,0,County Road,County Sheriff,Spokane County Sheriff's Office,1,0,1,0,0,,,,,,,,,,,,,,,,,,,,,,,,,,,,,,,,,,,,,,,,,,,
2018,24,E763008,278,01/26/2018,17:22,26,1,0,63,Spokane,2110,1,0,2,1,2,1,2,4,2,17:24,17:28,,8,0,0,284,1,0,1,3,2,1,2,0,0,0,0,US-2,,-117.4114667,47.72756389,0,2,98,80,5,45,4,0,0,1,7,8,1,1,7,5,1,2,1,53,0,49,40,2012,0,0,8,,,,,,1,1,37,1,0,0,0,0,3,0,11,0,,,,,0,0,3,3,1,0,0,0,0,96,,,,,,0,,,,,,99021,53,71,195,6,1,0,0,0,0,,0,,,,,,0,,,20,0,0,0,8,9,8,,,0,0,0,8,0,2,1,,,1,,,2,1,0,,,,,,,,,,,,,,,,,,,,,,,,,,,,,,0,0,0,0,1,0,0,0,0,1,0,1,0,0,0,0,0,0,0,0,1,0,1,0,1,0,0,0,0,1,0,1,0,0,0,,0,0,0,0,0,0,0,0,0,0,0,0,0,0,0,0,,,,,,36-40,36-45,US highway,U,Friday,Belt Used,PV,Not Fatal,0,0,0,0,State Route,Municipal/City Police,Spokane Police Department,0,1,0,0,0,,,,,,0,0,0,,,,,,,,,,,,,,,,,,,,,,,,,,,,,,,,,,,
2021,6,EA96367,4,01/06/2021,10:15,6,1,,63,Spokane,2110,2,,1,2,1,1,0,3,3,,,,12,0,6,291.8,2,0,2,2,1,1,2,0,0,20,3,US-2,COLBERT RD,-117.3475306,47.82440278,0,3,98,98,7,98,14,0,0,1,2,12,1,1,2,1,5,1,1,53,0,48,401,2013,0,,12,,,,,,1,1,86,2,7,,4,0,3,0,11,0,01/06/2021,12:13,2.11053E+11,1105,0,0,3,3,1,0,,,,96,,,,,,98,,,,,,99021,53,62,157,6,1,0,0,0,0,,0,,,,,,0,,,2,0,0,0,0,9,8,,,0,,,8,8,2,996,996,996,1,1,1,2,1,0,,,,,,,,,,,,,,,,,,,,,,,,,,,,,,0,0,0,1,0,0,1,1,0,0,0,0,0,0,0,0,1,0,1,0,0,0,0,0,0,1,1,1,0,1,0,0,0,0,0,,1,0,0,0,0,0,1,1,0,0,0,0,0,0,1,0,,,,,,81+,76+,US highway,R,Wednesday,Belt Used,PV,White,1,0,0,0,State Route,State Patrol,Washington State Patrol,0,1,0,0,0,,,,,,0,0,0,,,,,,,,,,,98,98,98,1,,,,,20,,,,,,,,,1,0,,,,,,
2021,134,EB30444,278,05/15/2021,13:55,15,5,,63,Spokane,2110,1,,1,1,2,1,0,3,2,,,,12,0,6,0,2,0,2,4,2,4,6,0,0,0,0,W INDIAN TRAIL RD,W Beacon Ave,-117.4635861,47.719575,0,2,68,60,4,98,14,0,0,1,5,12,1,1,4,1,11,2,1,53,0,37,404,2018,0,,12,,,,,,1,1,59,2,0,,0,0,3,0,11,0,,,,,0,0,0,3,1,10,,,,0,,,,,,98,,,,,,99021,53,66,190,6,1,0,0,0,0,,0,,,,,,0,,,1,0,0,0,8,9,8,,,0,,,8,8,2,1,,,1,,,2,1,0,,,,,,,,,,,,,,,,,,,,,,,,,,,,,,0,0,0,1,0,0,0,0,0,0,0,0,0,0,0,0,1,0,0,0,0,0,0,1,1,0,0,0,1,1,0,0,0,0,0,,0,0,0,0,0,0,0,0,0,0,0,0,0,0,0,0,,,,,,56-60,56-65,City street,U,Saturday,Belt Used,PV,Not Fatal,1,0,0,0,City Street,Municipal/City Police,Spokane Police Department,0,0,0,1,0,,,,,,0,0,0,,,,,,,,,,,98,98,98,0,,,,,20,,,,,,,,,1,0,,,,,,
2017,385,E716150,4,09/23/2017,22:29,23,9,0,75,Whitman,0,10,0,2,1,2,2,0,3,2,22:34,22:53,23:33,12,0,2,61.4,1,0,1,3,1,1,2,0,0,0,0,US-395,,-117.3560972,47.217375,0,1,50,10,2,60,14,0,0,1,2,12,1,2,2,1,1,1,1,53,0,20,401,2002,0,0,68,12,,,,,1,1,36,1,7,1,4,7,3,0,11,0,09/23/2017,22:29,1.91053E+11,41856,0,0,0,3,1,28,0,0,0,96,,,,,,9,,,,,,99022,53,68,160,6,1,0,0,0,0,1,0,,,,,,0,02/15/2014,02/15/2014,1,0,0,0,0,1,8,,,0,0,0,8,1,2,1,0,0,1,0,0,2,1,0.14,,,,,,,,,,,,,,,,,,,,,,,,,,,,,,0,0,0,0,1,1,1,1,0,0,0,0,0,0,0,0,0,0,0,0,0,0,0,0,0,0,0,0,0,1,0,0,0,0,0,,1,0,0,0,0,1,0,1,0,0,0,0,0,1,0,1,,,,,,36-40,36-45,US highway,R,Saturday,Belt Used,PV,White,0,1,1,0,State Route,State Patrol,Washington State Patrol Headquarter,0,1,0,0,0,,,,,,,,,,,,,,,,,,,,,,,,,,,,,,,,,,,,,,,,,,,
2017,404,E721370,1,09/30/2017,15:01,30,9,0,23,Garfield,0,1,0,1,1,2,1,0,4,3,15:05,15:18,16:12,12,0,2,417.9,1,0,1,3,1,1,2,0,0,0,0,US-12,,-117.282325,46.41823889,0,2,51,62,4,60,80,0,0,1,2,12,3,2,2,1,14,1,1,53,0,72,706,2013,0,0,12,,,,,,1,1,69,1,7,1,4,7,5,0,11,0,09/30/2017,15:01,53043415,43415,0,0,3,3,1,0,0,0,0,0,,,,,,0,,,,,,99022,53,72,230,6,1,0,1,1,0,0,0,,,,,,0,07/15/2015,07/15/2015,20,8,0,0,0,9,8,,,0,0,0,8,0,2,1,0,0,1,0,0,2,1,0,,,,,,,,,,,,,,,,,,,,,,,,,,,,,,0,0,0,0,0,0,0,0,0,0,0,0,0,0,0,0,1,0,0,0,0,0,0,0,0,1,0,0,1,1,0,0,0,0,1,0,0,0,0,0,0,0,0,0,0,0,0,0,0,0,0,0,,,,,,66-70,66-75,US highway,R,Saturday,,MC,White,0,1,1,0,State Route,State Patrol,Washington State Patrol Headquarter,0,1,0,0,0,,,,,,,,,,,,,,,,,,,,,,,,,,,,,,,,,,,,,,,,,,,
2017,404,E721370,1,09/30/2017,15:01,30,9,0,23,Garfield,0,1,0,1,1,2,1,0,4,3,15:05,15:18,16:12,12,0,2,417.9,1,0,1,3,1,1,2,0,0,0,0,US-12,,-117.282325,46.41823889,0,3,98,62,4,60,80,0,0,1,2,12,3,2,2,1,14,1,2,53,0,72,706,2005,0,0,12,,,,,,1,1,58,2,0,0,3,0,5,0,11,4,,,,,0,0,3,3,1,0,0,0,0,0,,,,,,0,,,,,,99022,53,67,170,6,1,0,0,1,0,0,0,,,,,,0,10/15/2015,10/15/2015,20,8,0,0,8,9,8,,,0,0,0,8,0,0,0,0,0,0,0,0,0,0,996,,,,,,,,,,,,,,,,,,,,,,,,,,,,,,0,0,0,0,0,0,0,0,0,0,0,0,0,0,0,0,1,0,0,0,0,0,0,0,0,1,0,0,1,1,0,0,0,0,0,0,0,0,0,0,0,0,0,0,0,0,0,0,0,0,0,0,,,,,,56-60,56-65,US highway,R,Saturday,,MC,Not Fatal,0,1,1,0,State Route,State Patrol,Washington State Patrol Headquarter,0,1,0,0,0,,,,,,,,,,,,,,,,,,,,,,,,,,,,,,,,,,,,,,,,,,,
2018,30,E766045,40,01/27/2018,3:16,27,1,0,63,Spokane,0,1,0,2,4,2,1,0,1,1,3:17,3:22,,1,0,0,0.5,1,0,1,6,1,2,4,0,0,0,0,CR-S CRAIG RD,,-117.6075694,47.57440556,0,1,2,13,2,98,14,0,0,1,7,1,1,1,2,1,1,1,1,53,0,2,403,1997,0,0,63,1,,,,,1,1,51,1,7,1,4,7,3,0,11,0,01/27/2018,4:02,53004652,4652,0,0,0,3,1,0,0,0,0,92,,,,,,99,,,,,,99022,53,73,240,6,1,0,0,0,0,,0,,,,,,0,,,20,0,0,0,0,9,8,,,0,0,0,8,9,2,1,,,1,,,2,1,0.18,,,,,,,,,,,,,,,,,,,,,,,,,,,,,,0,0,0,0,1,1,0,1,0,0,0,0,0,0,0,0,1,0,0,0,0,0,0,0,0,0,0,0,0,1,0,0,0,0,0,,1,0,0,0,0,1,0,1,1,0,0,0,0,1,0,1,,,,,,51-55,46-55,County road,R,Saturday,Belt Used,PV,White,0,1,0,0,County Road,County Sheriff,Spokane County Sheriff's Office,1,0,1,0,0,,,,,,0,0,0,,,,,,,,,,,,,,,,,,,,,,,,,,,,,,,,,,,
2018,101,E789909,4,04/14/2018,6:46,14,4,0,63,Spokane,0,10,0,1,1,2,1,0,5,2,6:45,7:04,8:00,12,0,6,263.1,2,0,2,3,1,1,2,0,0,20,3,US-2,WOOD RD,-117.7333806,47.64348056,0,1,87,17,2,45,14,0,0,1,2,12,1,1,2,1,1,4,2,53,0,63,402,2011,0,0,12,,,,,,1,1,17,2,0,0,3,0,3,0,11,5,,,,,0,0,3,3,1,38,39,0,0,96,,,,,,0,,,,,,99022,53,69,241,6,2,0,1,1,0,,37,,,,,,0,08/15/2017,08/15/2017,8,0,0,0,8,9,8,,,0,0,0,8,0,8,95,,,96,,,8,95,995,,,,,,,,,,,,,,,,,,,,,,,,,,,,,,0,0,0,1,0,0,0,0,0,0,0,0,0,0,0,0,0,0,1,0,1,0,1,0,1,0,0,0,0,1,0,0,0,0,0,,0,0,0,0,0,0,0,0,0,0,1,0,0,0,0,0,,,,,,16-17,16-25,US highway,R,Saturday,Belt Used,PV,Not Fatal,1,0,0,0,State Route,State Patrol,Washington State Patrol Headquarter,0,1,0,0,0,,,,,,0,0,0,,,,,,,,,,,,,,,,,,,,,,,,,,,,,,,,,,,
2018,392,E855512,40,09/02/2018,2:19,2,9,6,63,Spokane,0,1,0,2,1,2,1,0,1,1,,,,1,0,0,5.5,1,0,1,5,1,2,4,0,0,0,0,CR-S WELLS RD,,-117.4922472,47.29546667,0,1,6,6,1,45,21,1,0,1,7,1,3,1,2,1,14,1,1,53,0,12,461,1998,0,0,68,64,1,,,,1,1,60,1,7,1,4,7,20,0,11,0,09/02/2018,2:19,53039018,39018,0,0,0,3,1,0,0,0,0,92,,,,,,99,,,,,,99022,53,67,190,6,1,0,0,0,1,,0,,,,,,0,09/15/2018,09/15/2018,1,1,9,0,0,9,8,,,0,0,0,8,9,2,177,605,695,1,1,1,2,1,0.14,,,,,,,,,,,,,,,,,,,,,,,,,,,,,,0,0,1,0,1,1,1,1,1,0,0,0,0,0,0,0,1,0,0,1,0,0,0,0,0,0,0,0,0,1,0,0,0,1,0,,1,0,0,0,0,1,1,1,1,0,0,0,0,0,0,1,,,,,,56-60,56-65,County road,R,Sunday,Not Used,PV,White,0,1,0,0,County Road,County Sheriff,Spokane County Sheriff's Office,1,0,1,0,0,thc,888,carboxy-thc,888,,0,0,0,,,,,,,,,,,,,,,,,,,,,,,,,,,,,,,,,,,
2020,381,EA68503,278,10/02/2020,20:29,2,10,,63,Spokane,2110,1,,3,1,2,1,1,1,1,,,,8,0,0,0,3,0,3,3,2,4,6,0,0,3,3,N MARKET ST,E GARLAND AVE,-117.3650472,47.69342222,0,1,13,80,5,98,66,1,0,1,5,8,1,1,4,1,1,1,3,19,0,82,881,2019,0,,8,,,,,,1,1,52,1,0,,0,0,3,0,11,0,,,,,6,1,0,3,1,0,,,,96,,,,,,0,,,,,,99022,53,66,200,6,1,0,0,0,0,,0,,,,,,0,,,20,0,0,0,8,3,2,,,0,,,8,8,0,0,,,0,,,0,0,996,,,,,,,,,,,,,,,,,,,,,,,,,,,,,,0,0,0,1,0,0,0,0,0,1,0,1,0,0,0,0,0,0,0,0,0,0,0,0,0,0,0,0,0,0,1,1,0,0,0,,0,0,0,0,0,0,0,0,0,0,0,0,0,0,0,0,,,,,,51-55,46-55,City street,U,Friday,,MHTRUCK,Not Fatal,1,0,0,0,City Street,Municipal/City Police,Spokane Police Department,0,0,0,1,0,,,,,,0,0,0,,,,,,,,,,,98,98,98,0,,,,,20,7,,,,,,,,1,0,,,,,,
2021,110,EB24097,4,04/21/2021,12:17,21,4,,63,Spokane,0,1,,1,1,2,1,0,2,2,,,,12,0,1,268.7,1,0,1,3,2,1,2,0,0,0,0,US-2,,-117.6141806,47.64293333,0,2,29,53,3,55,14,0,0,1,5,12,1,1,5,5,2,1,1,53,0,37,402,2002,0,,12,,,,,,1,1,41,2,0,,0,0,3,0,11,0,,,,,0,0,0,3,1,0,,,,96,,,,,,98,,,,,,99022,53,69,145,6,1,0,0,0,0,,0,,,,,,0,,,20,0,0,0,8,9,8,,,0,,,8,8,0,0,,,0,,,2,1,997,,,,,,,,,,,,,,,,,,,,,,,,,,,,,,0,0,0,0,0,0,0,0,0,0,0,0,1,0,0,0,0,0,0,0,0,0,0,0,0,1,0,0,1,1,0,0,0,0,0,,0,0,0,0,0,0,0,0,0,0,0,0,0,0,0,0,,,,,,41-45,36-45,US highway,U,Wednesday,Belt Used,PV,Not Fatal,0,0,0,0,State Route,State Patrol,Washington State Patrol,0,1,0,0,0,,,,,,0,0,0,,,,,,,,,,,98,98,98,0,,,,,20,,,,,,,,,1,0,,,,,,
2021,580,EB88208,40,11/10/2021,7:39,10,11,,63,Spokane,0,1,,4,4,2,1,0,1,1,,,,35,0,0,,3,0,3,5,1,2,4,0,0,0,0,CR-W MEDICAL LK FOUR LAKES RD,SILVER LAKE RD,-117.6063694,47.56076111,0,1,2,6,1,45,34,0,0,1,5,35,1,2,2,2,1,1,1,53,0,12,481,2000,0,,63,35,,,,,1,1,21,1,7,,4,0,2,0,11,5,11/22/2021,3:29,2.11053E+11,61629,0,0,0,3,1,87,,,,96,,,,,,98,,,,,,99022,53,73,190,6,1,0,0,0,0,,0,,,,,,4,,,20,0,0,0,0,9,8,,,0,,,8,8,2,996,348,,1,1,,2,1,0,,,,,,,,,,,,,,,,,,,,,,,,,,,,,,0,0,0,1,0,0,1,1,0,0,0,0,1,0,0,0,0,0,0,0,0,0,0,1,1,0,0,0,0,1,0,0,0,0,0,,1,0,0,0,0,0,1,1,0,1,0,0,0,0,1,0,,,,,,21-25,16-25,County road,R,Wednesday,Belt Used,PV,White,0,1,0,0,County Road,County Sheriff,Spokane County Sheriff's Office,1,0,1,0,0,,,,,,0,0,0,,,,,,,,,,,98,98,98,1,,,,,20,,,,,,,,,1,0,,,MEDICAL LAKE-FOUR LAKES RD,3.09,SILVER LAKE RD,0
2017,158,E673372,40,05/22/2017,8:35,22,5,0,63,Spokane,0,1,0,1,1,2,1,1,1,1,9:05,9:25,,9,0,0,1,1,0,1,5,1,2,4,0,0,0,0,CR-DISHMAN MICA,,-117.2471389,47.60701944,0,1,13,13,2,45,20,0,0,1,5,9,1,1,2,1,1,1,2,53,0,6,441,2002,0,0,63,9,,,,,1,1,23,1,0,0,0,0,3,0,11,0,,,,,0,0,0,3,1,0,0,0,0,0,,,,,,2,,,,,,99023,53,72,187,6,1,0,1,0,0,0,97,,,,,,0,05/15/2012,05/15/2012,20,0,0,0,8,9,8,,,0,0,0,8,0,0,0,0,0,0,0,0,0,0,996,,,,,,,,,,,,,,,,,,,,,,,,,,,,,,0,0,0,0,0,0,0,0,0,0,0,0,0,0,0,1,0,0,0,0,0,0,0,1,1,0,0,0,0,1,0,0,1,0,0,,0,0,0,0,0,0,0,0,0,0,0,0,0,0,0,0,,,,,,21-25,16-25,County road,R,Monday,Belt Used,PV,Not Fatal,0,0,0,0,County Road,County Sheriff,Spokane County Sheriff's Office,0,0,1,0,0,,,,,,,,,,,,,,,,,,,,,,,,,,,,,,,,,,,,,,,,,,,
2019,79,E901603,4,03/10/2019,19:25,10,3,,63,Spokane,0,10,0,3,1,2,1,0,4,3,,,,12,0,8,16.3,1,0,1,4,1,1,3,0,0,0,0,SR-904,,-117.5943833,47.55703333,0,2,65,62,4,40,4,0,0,1,5,12,1,1,3,5,1,1,2,53,0,41,50,2007,0,0,12,,,,,,1,1,21,2,0,,2,0,3,0,11,4,,,,,0,0,3,3,1,0,0,0,0,96,,,,,,0,,,,,,99025,53,67,160,6,1,0,0,0,0,,0,,,,,,0,,,20,0,0,0,8,9,2,,,0,0,0,0,0,8,95,,,96,,,8,95,995,,,,,,,,,,,,,,,,,,,,,,,,,,,,,,0,0,0,0,0,0,0,0,0,0,0,0,0,0,0,0,0,0,0,0,0,0,0,1,1,0,0,0,0,1,0,0,0,0,0,,0,0,0,0,0,0,0,0,0,0,0,0,0,0,0,0,,,,,,21-25,16-25,State route,R,Sunday,Belt Used,PV,Not Fatal,0,1,1,0,State Route,State Patrol,Washington State Patrol,0,1,0,0,0,,,,,,0,0,0,,,,,,,,,,,98,98,98,0,,,,,20,7,,,,,,,,,,,,,,,
2021,6,EA96367,4,01/06/2021,10:15,6,1,,63,Spokane,2110,2,,1,2,1,1,0,3,3,,,,12,0,6,291.8,2,0,2,2,1,1,2,0,0,21,3,US-2,COLBERT RD,-117.3475306,47.82440278,0,1,68,15,2,60,34,0,0,1,2,12,1,1,3,2,11,1,1,53,0,7,482,2001,0,,12,12,,,,,1,1,49,1,0,,0,0,3,0,11,0,,,,,0,0,0,3,1,38,,,,92,,,,,,98,,,,,,99025,53,67,195,6,1,0,1,0,0,,2,,,,,,0,08/15/2016,08/15/2016,20,0,0,0,8,9,8,,,0,,,8,8,0,0,,,0,,,0,0,996,,,,,,,,,,,,,,,,,,,,,,,,,,,,,,0,0,0,1,0,0,1,1,0,0,0,0,0,0,0,0,1,0,1,0,0,0,0,0,0,1,1,1,0,1,0,0,0,0,0,,0,0,0,0,0,0,0,0,1,0,1,0,0,0,0,0,,,,,,46-50,46-55,US highway,R,Wednesday,Belt Used,PV,Not Fatal,1,0,0,0,State Route,State Patrol,Washington State Patrol,0,1,0,0,0,,,,,,0,0,0,,,,,,,,,,,98,98,98,0,,,,,20,,,,,,,,,1,0,,,,,,
2017,87,E656264,4,03/20/2017,15:14,20,3,0,65,Stevens,0,10,0,1,1,2,1,0,2,1,15:25,15:52,16:11,35,0,0,16.8,1,0,1,5,1,1,3,0,0,0,0,SR-291,,-117.6222861,47.84385556,0,1,7,6,1,50,2,0,0,1,2,1,3,2,2,1,6,2,1,53,0,20,9,2015,0,0,68,68,63,69,68,64,1,1,66,1,7,1,4,0,20,0,11,4,03/20/2017,20:18,53014204,14204,0,0,0,3,1,33,0,0,0,96,,,,,,9,,,,,,99026,53,68,132,6,1,0,0,0,4,0,0,,,,,,3,06/15/2015,04/15/2016,8,0,0,0,0,1,8,,,0,0,0,8,1,2,348,605,695,1,1,1,2,1,0.1,,,,,,,,,,,,,,,,,,,,,,,,,,,,,,0,0,0,0,1,1,1,1,1,0,0,0,1,0,0,0,0,0,0,1,0,0,0,0,0,1,0,0,0,1,0,0,0,1,0,,1,0,0,0,0,1,1,1,0,1,0,0,0,0,0,1,,,,,,66-70,66-75,State route,R,Monday,Not Used,PV,White,0,1,0,0,State Route,State Patrol,Washington State Patrol Headquarter,1,1,0,0,0,thc,2.1,carboxy-thc,23,,,,,,,,,,,,,,,,,,,,,,,,,,,,,,,,,,,,,,,
2017,347,E702148,278,08/16/2017,15:38,16,8,0,63,Spokane,2110,1,0,1,0,0,1,2,1,1,15:41,16:01,16:25,8,0,0,0,8,0,1,96,6,96,8,0,0,20,3,N ATLANTIC LANE,,-117.4130944,47.72731389,0,1,13,80,5,0,6,0,0,1,2,8,0,0,0,0,3,1,2,53,0,6,54,2004,0,0,8,8,,,,,1,1,43,2,0,0,0,0,3,0,11,0,,,,,0,0,0,3,1,0,0,0,0,93,,,,,,0,,,,,,99026,53,71,160,6,1,0,0,0,0,0,97,,,,,,0,,,20,0,0,0,8,9,8,,,0,0,0,8,0,0,0,0,0,0,0,0,0,0,996,,,,,,,,,,,,,,,,,,,,,,,,,,,,,,0,0,0,0,0,0,0,0,0,0,0,0,0,0,0,0,1,0,0,0,0,0,0,0,0,0,0,0,0,1,0,1,0,0,0,,0,0,0,0,0,0,0,0,1,0,0,0,0,0,0,0,,,,,,41-45,36-45,Other,,Wednesday,Belt Used,PV,Not Fatal,1,0,0,0,City Street,Municipal/City Police,Spokane Police Department,0,0,0,1,0,,,,,,,,,,,,,,,,,,,,,,,,,,,,,,,,,,,,,,,,,,,
2018,52,E774125,40,02/26/2018,21:09,26,2,0,63,Spokane,0,1,0,2,1,2,1,0,2,2,,,,12,0,6,1.3,1,0,1,5,1,2,4,0,0,0,0,CR-N OLD TRAILS RD,,-117.5336972,47.68670556,0,2,98,62,4,45,14,0,0,1,7,12,1,2,2,1,1,1,1,53,0,18,404,2016,0,0,12,,,,,,1,1,42,1,0,0,1,0,3,0,11,6,,,,,0,0,0,3,1,0,0,0,0,96,,,,,,0,,,,,,99026,53,71,225,6,1,0,0,0,1,,0,,,,,,0,01/15/2015,01/15/2015,8,0,0,0,8,9,8,,,0,0,0,8,0,2,423,996,,1,1,,2,1,0,,,,,,,,,,,,,,,,,,,,,,,,,,,,,,0,0,0,0,0,0,1,1,0,0,0,0,1,1,0,0,0,0,0,0,0,0,0,0,0,0,0,0,0,1,0,0,0,0,0,,0,0,0,0,0,0,1,1,0,0,0,0,0,0,1,0,,,,,,41-45,36-45,County road,R,Monday,Belt Used,PV,Not Fatal,0,1,1,0,County Road,County Sheriff,Spokane County Sheriff's Office,0,0,1,0,0,,,,,,0,0,0,,,,,,,,,,,,,,,,,,,,,,,,,,,,,,,,,,,
2020,423,EA76737,4,10/30/2020,13:01,30,10,,63,Spokane,2110,1,,1,1,2,1,0,6,3,,,,12,0,7,280.9,1,0,1,1,2,1,1,0,0,0,0,I-90,,-117.3706806,47.65403333,0,1,47,10,2,60,49,0,0,1,2,25,1,1,4,3,15,2,1,53,0,2,999,1968,0,,12,64,25,1,2,54,1,1,40,1,0,,3,0,20,7,11,5,,,,,0,0,0,3,1,33,,,,0,,,,,,8,,,,,,99026,53,72,195,6,1,0,3,1,1,,1,,,,,,0,08/15/2017,11/15/2020,99,1,9,0,8,9,8,,,0,,,8,8,8,95,,,96,,,8,95,995,,,,,,,,,,,,,,,,,,,,,,,,,,,,,,0,0,0,0,0,0,0,0,0,0,0,0,0,0,0,0,0,0,0,1,0,0,0,0,0,0,0,0,0,1,0,0,0,0,0,,0,0,0,0,0,0,0,0,0,0,0,0,0,0,0,0,,,,,,36-40,36-45,Interstate,U,Friday,Not Used,PV,Not Fatal,0,0,0,0,State Route,State Patrol,Washington State Patrol,0,1,0,0,0,,,,,,0,0,1,,,,,,,,,,,0,0,0,0,,,,,20,7,,,,,,,,1,14,,,,,,
2021,196,EB43365,40,06/26/2021,20:38,26,6,,63,Spokane,0,1,,1,1,2,1,0,1,1,,,,42,0,0,,1,0,1,5,1,2,4,0,0,0,0,CR-W CHARLES RD,,-117.5873861,47.79182778,0,1,1,13,2,98,6,0,0,1,2,42,1,1,2,1,1,1,1,53,0,14,36,1999,0,,63,42,,,,,1,1,31,1,7,,4,0,20,7,11,5,06/26/2021,22:11,2.11053E+11,32620,0,0,0,3,1,0,,,,96,,,,,,98,,,,,,99026,53,75,200,6,1,0,0,0,0,,0,,,,,,0,,,1,0,0,0,0,9,8,,,0,,,8,8,2,695,605,,1,1,,2,1,0.178,,,,,,,,,,,,,,,,,,,,,,,,,,,,,,0,0,1,0,1,1,1,1,1,0,0,0,0,0,0,0,0,0,0,1,0,0,0,0,0,0,0,0,0,1,0,0,0,1,0,,1,0,0,0,0,1,1,1,0,0,0,0,0,0,0,1,,,,,,31-35,26-35,County road,R,Saturday,Not Used,PV,Black,0,1,0,0,County Road,County Sheriff,Spokane County Sheriff's Office,1,0,1,0,0,thc,50,carboxy-thc,53,,0,0,0,,,,,,,,,,,0,0,0,2,,,,,20,,,,,,,,nms,1,0,,,CHARLES RD,7.72,NULL,