year,case,par,repjur,crash_dt,crash_tm,accday,accmon,holiday,county,co_char,city,weather,weather2,lightcond,surfcond,surftype,numfatal,nmforms,pforms,vforms,not_tm,arr_tm,hosp_tm,fhevent,hitrun,manncol,milepnt,reljunc,reljuncinter,intersectiontype,funcsystem,landuse,ownership,route,schlbus,spejur,contdev,devfunc,trafid1,trafid2,x,y,wk_zone,vnumber,crashtype,criticalevent,criticaleventcat,spdlim,body,trailer,emerg,hazcargo,leave,mhevent,roadalgn,roadprof,traflane,trafflow,vehmanvr,numoccs,regowner,regstate,spuse,make,model,modelyr,vrf1,vrf2,seqevent1,seqevent2,seqevent3,seqevent4,seqevent5,seqevent6,pnumber,ptype,age,sex,hispanic,race,injury,diedscene,restraint,restraintmisuse,seatpos,takehosp,death_dt,death_tm,cert,cernum_wa,commlic,licendor,licrestrict,liccomp,drivpres,drf1,drf2,drf3,drf4,distract1,distract2,distract3,distract4,distract5,distract6,dricond1,dricond2,dricond3,dricond4,dricond5,dricond6,dzip,licstate,drhgt_in,weight,noncdl,noncdltype,prevdwi,prevoth,prevacc,prevspd,prevsus,driviol1,driviol2,driviol3,driviol4,driviol5,driviol6,spdrel,first_dt,last_dt,airbag,ejection,ejectpath,extricat,injurwrk,methalc,methdrug,nmlocat,strikveh,prf1,prf2,prf3,druginv,alcinvol,drugsts,drugres1,drugres2,drugres3,drugtst1,drugtst2,drugtst3,alcsts,alctst,alcres,nmact1,nmact2,nmact3,nmact4,nmact5,nmact6,nmprior1,nmprior2,nmprior3,nmprior4,nmprior5,nmprior6,nmcond1,nmcond2,nmcond3,nmcond4,nmcond5,nmcond6,nmsafe_helmet,nmsafe_pads,nmsafe_oth,nmprev_ref,nmprev_lgt,nmprev_oth,crashlocation,nmcrashtype,crosswalk,schoolzone,sidewalk,train_inv,wildlife_inv,rotr_fars,intersect_fars,dd_inv,aid_inv,dpd_inv,id_inv,mj_inv,impnm_inv,ainm_inv,dpnm_inv,speed_inv,unlic_inv,unendmc_inv,drowsy_inv,drdist_inv,nmdist_inv,fty_inv,unrestfat_inv,dr1617_inv,dr1820_inv,dr1620_inv,dr2125_inv,dr1625_inv,dr65_inv,dr70_inv,dr75_inv,mc_inv,pv_inv,ht_inv,ped_inv,bike_inv,unrest_fat,mc_fat,unhelmet_mc,pv_fat,ht_fat,ped_fat,bike_fat,dr_alc7,dr_alc8,dr_drug,dr_imp,dr_dist,dr_spd,dr_fty,dr_unlic,dr_alc7only,dr_alc8only,dr_drugonly,dr_drink,nm_imp,nm_alc7,nm_alc8,nm_drug,nm_dist,agegrp1,agegrp2,roadclass,urbrur,dayweek,restuse,vehtype,race_me,intersect,lanedep,oppdir,wrongway,rep_typ,investag,repag_long,rotr,st_rd,cty_rd,city_rd,oth_rd,drug_thc,thc_res,drug_cthc,cthc_res,drug_cann,prevpersemin,prevperse,prevsusoth,drugtst4,drugtst5,drugtst6,drugtst7,drugtst8,drugres4,drugres5,drugres6,drugres7,drugres8,adspresent,adsengaged,adslevel,race1,race2,race3,race4,race5,helmet,helmetmisuse,nmdistract1,nmdistract2,nmdistract3,nmdistract4,nmdistract5,nmdistract6,lab,isedtcase,crf1,crf2,crf3,CoRoadName,CoMP,IntCoRoadName,IntCoMP
2021,210,EB45560,339,06/30/2021,21:53,30,6,,63,Spokane,2113,1,,3,1,2,1,1,3,2,,,,8,0,0,0,1,0,1,3,2,4,6,0,0,0,0,N SULLIVAN RD,,-117.1967083,47.66645556,0,2,98,80,5,35,5,0,0,1,2,8,1,8,2,2,1,1,1,53,0,49,46,2010,0,,8,,,,,,1,1,23,2,0,,0,0,3,0,11,0,,,,,0,0,0,3,1,0,,,,92,,,,,,98,,,,,,99026,53,64,115,6,1,0,0,0,1,,0,,,,,,0,03/15/2020,03/15/2020,20,0,0,0,8,9,2,,,0,,,8,8,0,0,,,0,,,0,0,996,,,,,,,,,,,,,,,,,,,,,,,,,,,,,,0,0,0,0,0,0,0,0,0,1,1,1,0,0,0,0,1,0,0,0,0,0,0,1,1,0,0,0,0,1,0,1,0,0,0,,0,0,0,0,0,0,0,0,1,0,0,0,0,0,0,0,,,,,,21-25,16-25,City street,U,Wednesday,Belt Used,PV,Not Fatal,0,0,0,0,City Street,Municipal/City Police,Spokane Valley Police Department,0,0,0,1,0,,,,,,0,0,0,,,,,,,,,,,98,98,98,0,,,,,20,,,,,,,,,1,0,,,,,,
2021,361,EB70497,278,09/22/2021,17:05,22,9,,63,Spokane,2110,1,,1,1,1,1,0,3,2,,,,12,0,6,4.3,2,0,3,3,2,1,3,0,0,0,0,SR-291,W WIND RIVER RD,-117.4958194,47.72617222,0,1,69,17,2,98,80,0,0,1,5,12,8,8,2,1,1,1,1,53,0,72,706,2009,0,,12,,,,,,1,1,45,1,7,,4,0,20,7,11,0,09/22/2021,17:57,2.11053E+11,47934,6,0,0,3,1,0,,,,96,,,,,,98,,,,,,99026,53,68,228,6,1,0,0,1,3,,0,,,,,,3,11/15/2017,05/15/2020,20,8,0,0,0,9,8,,,0,,,8,8,2,1,,,1,,,2,1,0,,,,,,,,,,,,,,,,,,,,,,,,,,,,,,0,0,0,1,0,0,0,0,0,0,0,0,1,0,0,0,0,0,0,0,0,0,0,0,0,1,0,0,1,1,0,0,0,0,1,0,0,0,0,0,0,0,0,0,0,1,0,0,0,0,0,0,,,,,,41-45,36-45,State route,U,Wednesday,,MC,Black,1,0,0,0,State Route,Municipal/City Police,Spokane Police Department,0,1,0,0,0,,,,,,0,0,0,,,,,,,,,,,0,0,0,2,,,,,5,,,,,,,,,1,0,,,,,,
2017,27,E636880,4,01/22/2017,21:27,22,1,0,63,Spokane,2113,4,0,3,2,2,1,1,1,1,21:23,21:31,22:05,8,0,0,9.9,1,0,1,3,2,1,3,0,0,0,0,SR-290,,-117.2082833,47.69494167,0,1,13,11,2,50,34,0,0,1,5,8,1,1,5,5,1,1,1,53,0,7,472,2000,0,0,63,8,,,,,1,1,21,1,0,0,0,0,3,0,11,0,,,,,0,0,0,3,1,0,0,0,0,13,,,,,,0,,,,,,99027,53,73,190,6,1,0,6,0,6,0,69,,,,,,0,09/15/2013,11/15/2016,20,0,0,0,8,9,8,,,0,0,0,8,0,0,0,0,0,0,0,0,0,0,996,,,,,,,,,,,,,,,,,,,,,,,,,,,,,,0,0,0,0,0,0,0,0,0,1,1,1,0,0,0,0,1,0,0,0,0,0,0,1,1,0,0,0,0,0,0,1,0,0,0,,0,0,0,0,0,0,0,0,1,0,0,0,0,0,0,0,,,,,,21-25,16-25,State route,U,Sunday,Belt Used,PV,Not Fatal,0,0,0,0,State Route,State Patrol,Washington State Patrol,0,1,0,0,0,,,,,,,,,,,,,,,,,,,,,,,,,,,,,,,,,,,,,,,,,,,
2018,371,E849902,4,10/16/2018,17:43,16,10,0,63,Spokane,2113,1,0,5,1,2,1,0,2,2,17:43,18:03,18:57,12,0,2,11.2,1,0,1,3,2,1,3,0,0,0,0,SR-290,,-117.1817778,47.69643333,0,2,51,62,4,50,34,0,0,1,2,12,1,1,2,1,1,1,1,53,0,7,482,2017,0,0,12,,,,,,1,1,35,2,0,0,2,0,3,0,11,5,,,,,0,0,0,3,1,0,0,0,0,96,,,,,,0,,,,,,99027,53,67,135,6,1,0,0,0,0,,0,,,,,,0,,,8,0,0,0,8,9,8,,,0,0,0,8,0,8,95,,,96,,,8,95,995,,,,,,,,,,,,,,,,,,,,,,,,,,,,,,0,0,0,0,0,0,1,1,1,0,0,0,0,0,0,0,0,0,0,1,0,0,0,0,0,0,0,0,0,1,0,0,0,0,0,,0,0,0,0,0,0,0,0,0,0,0,0,0,0,0,0,,,,,,31-35,26-35,State route,U,Tuesday,Belt Used,PV,Not Fatal,0,1,1,0,State Route,State Patrol,Washington State Patrol,0,1,0,0,0,,,,,,0,0,0,,,,,,,,,,,,,,,,,,,,,,,,,,,,,,,,,,,
2018,146,E802399,4,05/22/2018,13:50,22,5,0,63,Spokane,2113,1,0,1,1,2,1,0,4,3,13:55,13:59,14:28,24,0,0,0.4,5,1,1,1,2,1,1,0,0,0,0,I-90 RAMP 090S128446,,-117.3331306,47.65393333,0,1,6,12,2,98,80,0,0,1,7,12,4,2,2,6,14,1,1,53,0,71,706,2013,0,0,64,24,12,12,,,1,1,46,1,7,1,4,0,19,0,11,5,05/22/2018,16:08,2.11053E+11,23571,0,0,0,3,1,0,0,0,0,96,,,,,,99,,,,,,99029,53,71,240,6,1,0,1,0,1,,0,,,,,,4,04/15/2017,05/15/2017,20,8,0,0,0,9,8,,,0,0,0,8,9,2,1,,,1,,,2,1,0,,,,,,,,,,,,,,,,,,,,,,,,,,,,,,0,0,1,0,0,0,0,0,0,0,0,0,1,0,0,0,0,0,0,0,0,0,0,0,0,1,1,0,1,1,0,0,0,0,1,0,0,0,0,0,0,0,0,0,0,1,0,0,0,0,0,0,,,,,,46-50,46-55,Interstate,U,Tuesday,,MC,White,0,1,0,0,State Route,State Patrol,Washington State Patrol Headquarter,1,1,0,0,0,,,,,,0,0,0,,,,,,,,,,,,,,,,,,,,,,,,,,,,,,,,,,,
2019,236,E941427,4,07/06/2019,16:41,6,7,,65,Stevens,0,1,0,1,1,2,1,0,3,2,,,,12,0,2,201.3,1,0,1,3,1,1,2,0,0,0,0,US-395,,-117.6602083,48.14169722,0,2,51,62,4,60,14,0,0,1,7,1,2,2,2,1,14,2,2,53,0,59,403,2011,0,0,12,1,,,,,1,1,40,2,0,,3,0,3,0,11,4,,,,,0,0,3,3,1,0,0,0,0,96,,,,,,0,,,,,,99029,53,66,150,6,1,0,0,0,0,,0,,,,,,0,,,1,0,0,0,8,9,8,,,0,0,0,8,0,8,95,,,96,,,8,95,995,,,,,,,,,,,,,,,,,,,,,,,,,,,,,,0,0,0,0,0,0,1,1,1,0,0,0,0,0,0,0,0,0,0,1,0,0,0,0,0,0,0,0,0,1,0,0,0,0,0,,0,0,0,0,0,0,0,0,0,0,0,0,0,0,0,0,,,,,,36-40,36-45,US highway,R,Saturday,Belt Used,PV,Not Fatal,0,1,1,0,State Route,State Patrol,Washington State Patrol,0,1,0,0,0,,,,,,0,0,0,,,,,,,,,,,98,98,98,0,,,,,20,7,,,,,,,,,,,,,,,
2020,37,EA11625,48,02/01/2020,0:54,1,2,,63,Spokane,22,6,,3,1,2,1,1,1,1,,,,8,0,0,270.6,1,0,1,3,2,1,2,0,0,0,0,US-2,,-117.5720222,47.64293611,0,1,13,80,5,45,34,0,0,1,5,8,1,1,5,5,1,1,1,53,0,12,471,1999,0,,8,,,,,,1,1,61,1,0,,0,0,3,0,11,0,,,,,0,0,0,3,1,0,,,,96,,,,,,0,,,,,,99029,53,70,200,6,1,0,0,0,1,,0,,,,,,0,08/15/2017,08/15/2017,20,0,0,0,8,3,8,,,0,,,8,8,0,0,,,0,,,0,0,996,,,,,,,,,,,,,,,,,,,,,,,,,,,,,,0,0,0,0,0,0,0,0,0,1,1,1,0,0,0,0,0,1,0,0,0,0,0,0,0,0,0,0,0,1,0,1,0,0,0,,0,0,0,0,0,0,0,0,0,0,0,0,0,0,0,0,,,,,,61-65,56-65,US highway,U,Saturday,Belt Used,PV,Not Fatal,0,0,0,0,State Route,Municipal/City Police,Airway Heights Police Department,0,1,0,0,0,,,,,,0,0,0,,,,,,,,,,,0,0,0,0,,,,,20,7,,,,,,,,1,0,,,,,,
2021,266,EB54089,277,08/02/2021,14:20,2,8,,63,Spokane,2110,1,,1,1,2,1,0,2,2,,,,12,0,6,0,2,0,2,3,2,4,6,0,0,20,3,W AIRPORT DR,S Spotted Rd,-117.5184028,47.63730556,0,1,87,17,2,30,34,0,0,1,8,12,1,1,2,1,1,1,1,53,0,7,499,1974,0,,12,,,,,,1,1,52,1,7,,4,0,20,7,11,0,08/02/2021,15:30,2.11053E+11,37739,0,0,3,3,1,38,,,,96,,,,,,98,,,,,,99029,53,73,195,6,1,0,5,3,0,,0,,,,,,0,05/15/2017,09/15/2021,20,0,0,0,0,9,8,,,0,,,8,8,2,1,,,1,,,2,1,0,,,,,,,,,,,,,,,,,,,,,,,,,,,,,,0,0,0,1,0,0,0,0,0,0,0,0,0,0,0,0,0,0,1,1,0,0,0,0,0,0,0,0,0,1,0,0,0,1,0,,1,0,0,0,0,0,0,0,0,0,1,0,0,0,0,0,,,,,,51-55,46-55,City street,U,Monday,Not Used,PV,White,1,0,0,0,City Street,Municipal/City Police,Spokane Airport Police Department,0,0,0,1,0,,,,,,0,0,1,,,,,,,,,,,0,0,0,1,,,,,20,,,,,,,,,1,0,,,,,,
2018,439,E867440,40,12/02/2018,7:27,2,12,0,63,Spokane,0,5,0,1,1,2,1,0,1,1,,,,1,0,0,1.9,1,0,1,7,1,2,4,0,0,0,0,CR-S MOLTER RD,,-117.0887528,47.50633056,0,1,6,6,1,98,4,0,0,1,7,1,8,8,2,1,1,1,1,53,0,30,40,1998,0,0,68,64,1,,,,1,1,56,1,7,1,4,7,20,0,11,0,12/02/2018,7:27,53054191,54191,0,0,0,3,1,0,0,0,0,96,,,,,,99,,,,,,99030,53,68,175,6,1,0,0,0,0,,0,,,,,,4,,,20,1,9,0,0,9,8,,,0,0,0,8,9,2,605,,,1,,,2,1,0.23,,,,,,,,,,,,,,,,,,,,,,,,,,,,,,0,0,1,0,1,1,1,1,1,0,0,0,1,0,0,0,0,0,0,1,0,0,0,0,0,0,0,0,0,1,0,0,0,1,0,,1,0,0,0,0,1,1,1,0,1,0,0,0,0,0,1,,,,,,56-60,56-65,County road,R,Sunday,Not Used,PV,White,0,1,0,0,County Road,County Sheriff,Spokane County Sheriff's Office,1,0,1,0,0,thc,15,,,,0,0,0,,,,,,,,,,,,,,,,,,,,,,,,,,,,,,,,,,,
2020,83,EA27720,4,03/28/2020,1:31,28,3,,63,Spokane,0,1,,2,1,2,1,0,2,2,1:30,1:59,,12,0,8,73.6,1,0,1,2,1,1,2,0,0,0,0,US-195,,-117.3867639,47.37865,0,1,64,10,2,60,34,0,0,1,2,12,4,1,2,1,14,1,1,30,0,20,481,2006,0,,68,64,12,,,,1,1,32,1,7,,4,7,99,7,11,0,03/28/2020,1:31,53014240,14240,6,0,0,3,1,28,,,,96,,,,,,9,,,,,,99031,53,71,220,6,1,0,1,0,1,,0,,,,,,0,08/15/2016,05/15/2016,1,0,0,0,0,1,8,,,0,,,8,1,2,1,,,1,,,2,1,0.218,,,,,,,,,,,,,,,,,,,,,,,,,,,,,,0,0,0,0,1,1,0,1,0,0,0,0,0,0,0,0,0,0,0,0,0,0,0,0,0,0,0,0,0,1,1,0,0,0,0,,1,0,0,0,0,1,0,1,0,0,0,0,0,1,0,1,,,,,,31-35,26-35,US highway,R,Saturday,Unknown,PV,White,0,1,1,0,State Route,State Patrol,Washington State Patrol,0,1,0,0,0,,,,,,0,0,0,,,,,,,,,,,98,98,98,1,,,,,20,7,,,,,,,,1,0,,,,,,
2021,610,EB45400,346,06/29/2021,18:08,29,6,,63,Spokane,0,1,,1,1,2,1,0,2,2,,,,12,0,6,,2,0,2,3,2,2,4,0,0,20,3,CR-N HARVARD RD,WELLESLEY AVE,-117.1117944,47.70037778,0,1,83,17,2,35,6,0,0,1,2,12,1,1,2,1,1,1,3,16,0,48,34,2004,0,,12,,,,,,1,1,81,1,7,,4,0,2,0,11,5,07/14/2021,10:30,2.11053E+11,34629,0,0,3,3,1,10,39,,,0,,,,,,98,,,,,,99032,53,73,290,6,1,0,2,0,1,,37,,,,,,0,06/15/2018,08/15/2021,1,0,0,0,0,9,8,,,0,,,8,8,0,0,,,0,,,0,0,996,,,,,,,,,,,,,,,,,,,,,,,,,,,,,,0,0,0,1,0,0,0,0,0,0,0,0,0,0,0,0,0,0,0,0,0,0,0,0,0,1,1,1,0,1,0,0,0,0,0,,1,0,0,0,0,0,0,0,0,0,0,0,0,0,0,0,,,,,,81+,76+,County road,U,Tuesday,Belt Used,PV,White,1,0,0,0,County Road,Municipal/City Police,LIBERTY LAKE POLICE DEPT,0,0,1,0,0,,,,,,0,0,0,,,,,,,,,,,98,98,98,1,,,,,20,,,,,,,,,1,0,,,,,,
2021,627,EB86913,30,11/06/2021,9:00,6,11,,43,Lincoln,0,10,,1,2,2,1,0,2,1,,,,35,0,0,6.5,1,0,1,5,1,2,4,0,0,0,0,CR-SPRAGUE HIGHWAY RD E,,-117.9316417,47.30031111,0,1,2,4,1,50,14,0,0,1,7,1,1,1,2,1,1,2,2,32,0,12,401,2000,0,,63,69,68,64,69,35,1,1,37,1,0,,0,0,3,0,11,0,,,,,0,0,0,0,1,28,,,,96,,,,,,98,,,,,,99032,53,71,150,0,0,0,2,0,0,,62,72,76,,,,0,03/15/2017,11/15/2021,20,0,0,0,8,9,8,,,0,,,8,8,8,95,,,96,,,8,95,995,,,,,,,,,,,,,,,,,,,,,,,,,,,,,,0,0,0,0,0,0,0,0,0,0,0,0,0,1,0,0,0,0,0,1,0,0,0,0,0,0,0,0,0,1,0,0,0,0,0,,0,0,0,0,0,0,0,0,0,0,0,1,0,0,0,0,,,,,,36-40,36-45,County road,R,Saturday,Belt Used,PV,Not Fatal,0,1,0,0,County Road,County Sheriff,Lincoln County Sheriff's Office,1,0,1,0,0,,,,,,0,0,0,,,,,,,,,,,98,98,98,0,,,,,20,,,,,,,,,1,0,,,SPRAGUE HIGHWAY ROAD #93150,6.46,NULL,
2017,294,E698792,40,08/04/2017,9:43,4,8,0,63,Spokane,2113,1,0,1,1,2,1,0,1,3,9:43,9:46,,14,0,0,0,1,0,1,4,2,4,6,0,0,0,0,S ADAMS RD,,-117.2074417,47.63654444,0,1,11,13,2,25,15,0,0,1,2,14,1,1,2,1,1,1,1,53,0,19,421,2002,0,0,63,14,14,,,,1,1,76,2,7,1,4,7,3,0,11,0,08/04/2017,10:09,2.11353E+11,34396,0,0,3,3,1,0,0,0,0,0,,,,,,2,,,,,,99037,53,66,149,6,1,0,0,0,0,0,0,,,,,,0,,,8,0,0,0,0,9,8,,,0,0,0,8,9,2,387,996,996,1,1,1,2,1,0,,,,,,,,,,,,,,,,,,,,,,,,,,,,,,0,0,0,0,0,0,1,1,0,0,0,0,0,0,0,1,0,0,0,0,0,0,0,0,0,1,1,1,0,1,1,0,0,0,0,,1,0,0,0,0,0,1,1,0,0,0,0,0,0,1,0,,,,,,76-80,76+,City street,U,Friday,Belt Used,PV,White,0,1,0,0,City Street,County Sheriff,Spokane County Sheriff's Office,1,0,0,1,0,,,,,,,,,,,,,,,,,,,,,,,,,,,,,,,,,,,,,,,,,,,
2018,92,E786529,4,03/30/2018,22:45,30,3,0,63,Spokane,0,1,0,2,1,2,1,0,1,1,22:53,23:07,23:25,1,0,0,77.9,1,0,1,3,1,1,2,0,0,0,0,US-195,,-117.3851556,47.44017778,0,1,1,13,2,60,34,0,0,1,7,1,3,2,2,1,14,1,1,53,0,35,471,1986,0,0,63,1,,,,,1,1,38,1,7,1,4,0,20,0,11,1,04/01/2018,10:16,2.11053E+11,15402,0,0,0,3,1,0,0,0,0,96,,,,,,99,,,,,,99037,53,67,145,6,1,1,0,1,2,,0,,,,,,0,03/15/2014,04/15/2017,20,1,9,0,0,9,8,,,0,0,0,8,9,2,1,,,1,,,2,1,0.075,,,,,,,,,,,,,,,,,,,,,,,,,,,,,,0,0,1,0,1,0,0,0,0,0,0,0,0,0,0,0,0,0,0,1,0,0,0,0,0,0,0,0,0,1,0,0,0,1,0,,1,0,0,0,1,0,0,0,0,0,0,0,1,0,0,1,,,,,,36-40,36-45,US highway,R,Friday,Not Used,PV,White,0,1,0,0,State Route,State Patrol,Washington State Patrol Headquarter,1,1,0,0,0,,,,,,0,0,2,,,,,,,,,,,,,,,,,,,,,,,,,,,,,,,,,,,
2018,496,E876253,278,12/22/2018,17:04,22,12,9,63,Spokane,2113,1,0,3,1,2,1,1,1,1,,,,8,0,0,0,1,0,1,3,2,4,6,0,0,0,0,SPRAGUE,,-117.2136139,47.65713056,0,1,13,80,5,35,14,0,0,1,5,8,1,1,7,5,15,1,1,53,0,2,404,1998,0,0,8,,,,,,1,1,22,2,0,0,0,0,2,0,11,0,,,,,0,0,0,3,1,10,0,0,0,96,,,,,,0,,,,,,99037,53,68,145,6,1,0,0,0,0,,0,,,,,,0,,,20,0,0,0,8,9,8,,,0,0,0,8,0,2,1,,,1,,,2,1,0,,,,,,,,,,,,,,,,,,,,,,,,,,,,,,0,0,0,0,0,0,0,0,0,1,0,1,0,0,0,0,0,0,0,0,0,0,0,1,1,0,0,0,0,1,0,1,0,0,0,,0,0,0,0,0,0,0,0,0,0,0,0,0,0,0,0,,,,,,21-25,16-25,City street,U,Saturday,Belt Used,PV,Not Fatal,0,0,0,0,City Street,Municipal/City Police,Spokane Valley Police Department,0,0,0,1,0,,,,,,0,0,0,,,,,,,,,,,,,,,,,,,,,,,,,,,,,,,,,,,
2019,10,E882420,40,01/11/2019,20:19,11,1,,63,Spokane,0,1,0,2,1,2,1,1,1,1,,,,8,0,0,0.8,1,0,1,7,1,2,4,0,0,0,0,CR-W GRANITE LK RD,,-117.62075,47.55335556,0,1,13,80,5,35,34,0,0,1,7,8,1,1,2,1,1,1,1,53,0,35,473,2004,0,0,8,,,,,,1,1,61,1,0,,0,0,3,0,11,0,,,,,6,0,0,3,1,0,0,0,0,96,,,,,,0,,,,,,99037,53,72,190,6,1,0,0,0,0,,0,,,,,,0,,,20,0,0,0,8,9,2,,,0,0,0,0,0,8,95,,,96,,,8,95,995,,,,,,,,,,,,,,,,,,,,,,,,,,,,,,0,0,0,0,0,0,0,0,0,1,0,1,0,0,0,0,0,0,0,0,0,0,0,0,0,0,0,0,0,1,0,1,0,0,0,,0,0,0,0,0,0,0,0,0,0,0,0,0,0,0,0,,,,,,61-65,56-65,County road,R,Friday,Belt Used,PV,Not Fatal,0,0,0,0,County Road,County Sheriff,Spokane County Sheriff's Office,0,0,1,0,0,,,,,,0,0,0,,,,,,,,,,,98,98,98,0,,,,,20,7,,,,,,,,,,,,,,,
2019,33,E889102,4,02/01/2019,20:10,1,2,,51,Pend Oreille,0,2,0,2,2,2,1,0,3,3,,,,12,0,2,321.2,1,0,1,3,1,1,2,0,0,0,0,US-2,,-117.1279833,48.14793333,0,1,50,10,2,98,5,0,0,1,2,12,1,2,2,1,6,1,2,53,0,48,38,2004,0,0,12,,,,,,1,1,38,1,7,,4,7,20,7,11,0,02/01/2019,20:10,53005709,5709,0,0,0,3,1,28,33,0,0,96,,,,,,9,,,,,,99037,53,70,225,6,1,0,1,0,1,,0,,,,,,4,05/15/2018,09/15/2018,1,2,9,0,0,1,8,,,0,0,0,8,1,2,1,,,1,,,2,1,0.27,,,,,,,,,,,,,,,,,,,,,,,,,,,,,,0,0,0,0,1,1,0,1,0,0,0,0,1,0,0,0,0,0,0,1,0,0,0,0,0,0,0,0,0,1,1,0,0,1,0,,1,0,0,0,0,1,0,1,0,1,0,0,0,1,0,1,,,,,,36-40,36-45,US highway,R,Friday,Not Used,PV,White,0,1,1,0,State Route,State Patrol,Washington State Patrol,0,1,0,0,0,,,,,,0,0,0,,,,,,,,,,,98,98,98,1,,,,,20,7,,,,,,,,,,,,,,,
2019,474,EA01917,339,12/19/2019,16:44,19,12,,63,Spokane,2113,2,0,3,2,2,1,1,1,1,,,,8,0,0,0,1,0,1,7,2,4,6,0,0,0,0,E SPRAGUE AVE,,-117.2442778,47.65711944,0,1,13,80,5,35,15,0,0,1,7,8,1,1,7,5,1,1,1,53,0,41,421,2013,0,0,8,,,,,,1,1,21,8,0,,0,0,3,0,11,0,,,,,0,0,0,3,1,0,0,0,0,96,,,,,,0,,,,,,99037,53,70,165,6,1,0,0,1,0,,0,,,,,,0,04/15/2015,04/15/2015,20,0,0,0,8,9,8,,,0,0,0,8,8,8,95,,,96,,,8,95,995,,,,,,,,,,,,,,,,,,,,,,,,,,,,,,0,0,0,0,0,0,0,0,0,0,0,0,0,0,0,0,0,0,0,0,0,0,0,1,1,0,0,0,0,1,0,1,0,0,0,,0,0,0,0,0,0,0,0,0,0,0,0,0,0,0,0,,,,,,21-25,16-25,City street,U,Thursday,Belt Used,PV,Not Fatal,0,0,0,0,City Street,Municipal/City Police,Spokane Valley Police Department,0,0,0,1,0,,,,,,0,0,0,,,,,,,,,,,98,98,98,0,,,,,20,7,,,,,,,,,,,,,,,
2020,341,EA62201,40,09/08/2020,14:24,8,9,,63,Spokane,0,1,,1,1,2,1,0,1,1,,,,1,0,0,81.6,1,0,1,5,1,1,3,0,0,0,0,SR-27,,-117.2234556,47.57346667,0,1,2,6,1,98,14,0,0,1,2,1,3,2,2,1,14,1,2,53,0,63,402,2006,0,,63,1,42,,,,1,1,39,1,7,,4,7,3,0,11,0,09/08/2020,14:24,53042554,42554,0,0,3,2,1,8,37,,,96,,,,,,98,,,,,,99037,53,71,206,1,1,0,1,0,1,,0,,,,,,0,08/15/2018,11/15/2019,99,0,0,0,0,9,8,,,0,,,8,8,2,321,351,128,1,1,1,2,1,0,,,,,,,,,,,,,,,,,,,,,,,,,,,,,,0,0,0,0,0,0,1,1,0,0,0,0,0,1,0,0,0,0,0,0,0,0,0,0,0,0,0,0,0,1,0,0,0,0,0,,1,0,0,0,0,0,1,1,0,0,0,1,0,0,1,0,,,,,,36-40,36-45,State route,R,Tuesday,Belt Used,PV,White,0,1,0,0,State Route,County Sheriff,Spokane County Sheriff's Office,1,1,0,0,0,,,,,,0,0,3,1,1,1,,,177,996,401,417,,98,98,98,1,,,,,20,7,,,,,,,,1,20,,,,,,
2021,404,EB76600,278,10/03/2021,22:52,3,10,,63,Spokane,2110,1,,2,1,2,1,0,1,1,,,,39,0,0,0,1,0,1,4,2,4,6,0,0,0,0,S GOVERNMENT WAY,,-117.4574583,47.65216111,0,1,1,13,2,98,80,0,0,1,5,39,3,8,2,1,14,1,2,53,0,71,705,2009,0,,63,39,,,,,1,1,34,1,7,,4,7,20,7,11,0,10/03/2021,22:52,2.11053E+11,53789,0,0,0,2,1,0,,,,96,,,,,,98,,,,,,99037,53,69,205,6,1,0,1,0,0,,0,,,,,,3,09/15/2018,09/15/2018,20,8,0,0,0,9,8,,,0,,,8,8,2,155,401,417,1,1,1,2,1,0,,,,,,,,,,,,,,,,,,,,,,,,,,,,,,0,0,1,0,0,0,1,1,0,0,0,0,1,0,1,0,0,0,0,0,0,0,0,0,0,0,0,0,1,0,0,0,0,0,1,0,0,0,0,0,0,0,1,1,0,1,0,0,0,0,1,0,,,,,,31-35,26-35,City street,U,Sunday,,MC,Black,0,1,0,0,City Street,Municipal/City Police,Spokane Police Department,1,0,0,1,0,,,,,,0,0,0,,,,,,,,,,,0,0,0,2,,,,,5,,,,,,,,,1,0,,,,,,
2018,487,0MEDIA1,345,08/01/2018,14:40,1,8,0,65,Stevens,0,98,0,1,98,8,2,0,3,1,,,,1,0,0,0,1,0,1,5,2,2,4,0,3,0,0,CR-FORT WELLPINIT RD,,-117.8247194,47.91577222,0,1,99,99,9,98,14,0,0,1,8,1,8,8,2,1,99,3,1,53,0,20,403,2004,0,0,63,1,42,,,,1,1,29,2,7,3,4,7,20,0,11,0,08/01/2018,14:40,75753033865,33865,0,0,3,2,1,0,0,0,0,96,,,,,,99,,,,,,99040,53,63,150,1,1,0,0,0,0,,0,,,,,,0,,,98,1,9,0,0,9,8,,,0,0,0,8,9,2,401,417,,1,1,,2,1,0.27,,,,,,,,,,,,,,,,,,,,,,,,,,,,,,0,0,0,0,1,1,1,1,0,0,0,0,0,1,0,0,0,0,0,1,0,0,0,0,0,0,0,0,0,1,0,0,0,1,0,,1,0,0,0,0,1,1,1,0,0,0,1,0,0,0,1,,,,,,26-30,26-35,County road,U,Wednesday,Not Used,PV,AIAN,0,0,0,0,County Road,,,0,0,1,0,0,,,,,,0,0,0,,,,,,,,,,,,,,,,,,,,,,,,,,,,,,,,,,,