year,case,par,repjur,crash_dt,crash_tm,accday,accmon,holiday,county,co_char,city,weather,weather2,lightcond,surfcond,surftype,numfatal,nmforms,pforms,vforms,not_tm,arr_tm,hosp_tm,fhevent,hitrun,manncol,milepnt,reljunc,reljuncinter,intersectiontype,funcsystem,landuse,ownership,route,schlbus,spejur,contdev,devfunc,trafid1,trafid2,x,y,wk_zone,vnumber,crashtype,criticalevent,criticaleventcat,spdlim,body,trailer,emerg,hazcargo,leave,mhevent,roadalgn,roadprof,traflane,trafflow,vehmanvr,numoccs,regowner,regstate,spuse,make,model,modelyr,vrf1,vrf2,seqevent1,seqevent2,seqevent3,seqevent4,seqevent5,seqevent6,pnumber,ptype,age,sex,hispanic,race,injury,diedscene,restraint,restraintmisuse,seatpos,takehosp,death_dt,death_tm,cert,cernum_wa,commlic,licendor,licrestrict,liccomp,drivpres,drf1,drf2,drf3,drf4,distract1,distract2,distract3,distract4,distract5,distract6,dricond1,dricond2,dricond3,dricond4,dricond5,dricond6,dzip,licstate,drhgt_in,weight,noncdl,noncdltype,prevdwi,prevoth,prevacc,prevspd,prevsus,driviol1,driviol2,driviol3,driviol4,driviol5,driviol6,spdrel,first_dt,last_dt,airbag,ejection,ejectpath,extricat,injurwrk,methalc,methdrug,nmlocat,strikveh,prf1,prf2,prf3,druginv,alcinvol,drugsts,drugres1,drugres2,drugres3,drugtst1,drugtst2,drugtst3,alcsts,alctst,alcres,nmact1,nmact2,nmact3,nmact4,nmact5,nmact6,nmprior1,nmprior2,nmprior3,nmprior4,nmprior5,nmprior6,nmcond1,nmcond2,nmcond3,nmcond4,nmcond5,nmcond6,nmsafe_helmet,nmsafe_pads,nmsafe_oth,nmprev_ref,nmprev_lgt,nmprev_oth,crashlocation,nmcrashtype,crosswalk,schoolzone,sidewalk,train_inv,wildlife_inv,rotr_fars,intersect_fars,dd_inv,aid_inv,dpd_inv,id_inv,mj_inv,impnm_inv,ainm_inv,dpnm_inv,speed_inv,unlic_inv,unendmc_inv,drowsy_inv,drdist_inv,nmdist_inv,fty_inv,unrestfat_inv,dr1617_inv,dr1820_inv,dr1620_inv,dr2125_inv,dr1625_inv,dr65_inv,dr70_inv,dr75_inv,mc_inv,pv_inv,ht_inv,ped_inv,bike_inv,unrest_fat,mc_fat,unhelmet_mc,pv_fat,ht_fat,ped_fat,bike_fat,dr_alc7,dr_alc8,dr_drug,dr_imp,dr_dist,dr_spd,dr_fty,dr_unlic,dr_alc7only,dr_alc8only,dr_drugonly,dr_drink,nm_imp,nm_alc7,nm_alc8,nm_drug,nm_dist,agegrp1,agegrp2,roadclass,urbrur,dayweek,restuse,vehtype,race_me,intersect,lanedep,oppdir,wrongway,rep_typ,investag,repag_long,rotr,st_rd,cty_rd,city_rd,oth_rd,drug_thc,thc_res,drug_cthc,cthc_res,drug_cann,prevpersemin,prevperse,prevsusoth,drugtst4,drugtst5,drugtst6,drugtst7,drugtst8,drugres4,drugres5,drugres6,drugres7,drugres8,adspresent,adsengaged,adslevel,race1,race2,race3,race4,race5,helmet,helmetmisuse,nmdistract1,nmdistract2,nmdistract3,nmdistract4,nmdistract5,nmdistract6,lab,isedtcase,crf1,crf2,crf3,CoRoadName,CoMP,IntCoRoadName,IntCoMP
2018,117,Coroner,,04/06/2018,21:07,6,4,0,65,Stevens,0,98,0,6,98,8,1,0,1,1,,,,24,0,0,7,1,0,1,99,9,99,9,0,3,0,0,RESERVATION RD,,-117.8109694,47.9353,0,1,1,13,2,98,49,0,0,1,8,24,8,8,8,8,99,1,9,99,0,99,999,9999,0,0,63,24,,,,,1,1,43,1,7,3,4,7,20,0,11,0,04/06/2018,21:07,53016052,16052,0,0,0,3,1,0,0,0,0,96,,,,,,9,,,,,,99040,53,71,220,6,1,0,0,0,0,,0,,,,,,9,,,20,1,9,0,0,9,8,,,0,0,0,8,1,8,95,,,96,,,8,95,995,,,,,,,,,,,,,,,,,,,,,,,,,,,,,,0,0,1,0,1,0,0,0,0,0,0,0,0,0,0,0,0,0,0,1,0,0,0,0,0,0,0,0,0,1,0,0,0,1,0,,1,0,0,0,0,0,0,0,0,0,0,0,0,0,0,1,,,,,,41-45,36-45,Unknown,Unk,Friday,Not Used,PV,AIAN,0,0,0,0,Other,,,0,0,0,0,1,,,,,,0,0,0,,,,,,,,,,,,,,,,,,,,,,,,,,,,,,,,,,,
2017,431,E723885,232,10/09/2017,19:04,9,10,7,9,Clallam,1700,1,0,2,1,2,1,1,1,1,,,,8,0,0,0,3,0,2,5,2,4,6,0,0,0,0,S PEABODY ST,E 2ND ST,-123.4288833,48.11589167,0,1,13,80,5,30,4,0,0,1,5,8,1,1,2,1,1,1,1,53,0,49,32,2008,0,0,8,,,,,,1,1,29,1,0,0,0,0,99,0,11,0,,,,,0,0,0,3,1,0,0,0,0,0,,,,,,0,,,,,,99040,53,66,160,6,1,0,0,0,0,0,0,,,,,,0,,,20,0,0,0,8,2,8,,,0,0,0,8,0,0,0,0,0,0,0,0,2,10,0,,,,,,,,,,,,,,,,,,,,,,,,,,,,,,0,0,0,1,0,0,0,0,0,0,0,0,0,0,0,0,0,1,0,0,0,0,0,0,0,0,0,0,0,1,0,1,0,0,0,,0,0,0,0,0,0,0,0,0,0,0,0,0,0,0,0,,,,,,26-30,26-35,City street,U,Monday,Unknown,PV,Not Fatal,1,0,0,0,City Street,Municipal/City Police,Port Angeles Police Department,0,0,0,1,0,,,,,,,,,,,,,,,,,,,,,,,,,,,,,,,,,,,,,,,,,,,
2018,408,E859394,4,11/07/2018,17:24,7,11,0,65,Stevens,0,1,0,3,1,2,1,0,6,5,,,,12,0,1,217.8,3,0,3,3,1,1,2,0,0,0,0,US-395,BLUE CREEK,-117.8191417,48.32014444,0,2,21,60,4,60,4,0,0,1,2,12,1,2,3,1,5,1,1,53,0,49,32,2016,0,0,12,12,68,12,12,,1,1,22,2,0,0,1,0,3,0,11,8,,,,,0,0,0,3,1,0,0,0,0,96,,,,,,0,,,,,,99101,53,62,148,6,1,0,0,0,0,,0,,,,,,0,,,2,0,0,0,8,9,8,,,0,0,0,8,0,8,95,,,96,,,8,95,995,,,,,,,,,,,,,,,,,,,,,,,,,,,,,,0,0,0,1,0,0,0,0,0,0,0,0,0,0,0,0,1,0,0,0,1,0,1,1,1,1,1,1,0,1,0,0,0,0,0,,0,0,0,0,0,0,0,0,0,0,0,0,0,0,0,0,,,,,,21-25,16-25,US highway,R,Wednesday,Belt Used,PV,Not Fatal,1,0,0,0,State Route,State Patrol,Washington State Patrol,0,1,0,0,0,,,,,,0,0,0,,,,,,,,,,,,,,,,,,,,,,,,,,,,,,,,,,,
2020,446,EA82357,4,11/18/2020,7:18,18,11,,65,Stevens,0,1,,4,4,2,1,0,2,2,,,,12,0,6,199.8,1,0,1,2,1,1,2,0,0,0,0,US-395,,-117.6491222,48.1208,0,1,66,5,1,60,34,0,0,1,2,12,1,1,2,1,1,1,1,53,0,12,471,2003,0,,68,12,,,,,1,1,80,1,7,,4,7,3,0,11,0,11/18/2020,7:18,53054522,54522,0,0,0,3,1,28,87,,,96,,,,,,0,,,,,,99101,53,69,185,6,1,0,0,0,2,,0,,,,,,4,03/15/2017,12/15/2020,1,0,0,0,0,9,8,,,0,,,8,8,2,1,,,14,,,2,4,0,,,,,,,,,,,,,,,,,,,,,,,,,,,,,,0,0,0,0,0,0,0,0,0,0,0,0,1,0,0,0,0,0,0,0,0,0,0,0,0,1,1,1,0,1,0,0,0,0,0,,1,0,0,0,0,0,0,0,0,1,0,0,0,0,0,0,,,,,,76-80,76+,US highway,R,Wednesday,Belt Used,PV,White,0,1,1,0,State Route,State Patrol,Washington State Patrol,0,1,0,0,0,,,,,,0,0,0,,,,,,,,,,,98,98,98,1,,,,,20,7,,,,,,,,1,0,,,,,,
2018,408,E859394,4,11/07/2018,17:24,7,11,0,65,Stevens,0,1,0,3,1,2,1,0,6,5,,,,12,0,1,217.8,3,0,3,3,1,1,2,0,0,0,0,US-395,BLUE CREEK,-117.8191417,48.32014444,0,3,98,60,4,60,6,0,0,1,5,12,1,2,3,1,5,1,2,53,0,48,34,1997,0,0,12,,,,,,1,1,17,1,0,0,0,0,3,0,11,0,,,,,0,0,3,3,1,0,0,0,0,0,,,,,,0,,,,,,99109,53,70,235,6,2,0,0,0,0,,0,,,,,,0,,,20,0,0,0,8,9,8,,,0,0,0,8,0,0,0,,,0,,,8,95,995,,,,,,,,,,,,,,,,,,,,,,,,,,,,,,0,0,0,1,0,0,0,0,0,0,0,0,0,0,0,0,1,0,0,0,1,0,1,1,1,1,1,1,0,1,0,0,0,0,0,,0,0,0,0,0,0,0,0,0,0,0,0,0,0,0,0,,,,,,16-17,16-25,US highway,R,Wednesday,Belt Used,PV,Not Fatal,1,0,0,0,State Route,State Patrol,Washington State Patrol,0,1,0,0,0,,,,,,0,0,0,,,,,,,,,,,,,,,,,,,,,,,,,,,,,,,,,,,
2018,466,E872998,4,12/10/2018,8:20,10,12,0,65,Stevens,0,10,0,1,10,2,1,0,4,3,,,,12,0,2,192.3,1,0,1,3,1,1,2,0,0,0,0,US-395,,-117.5920111,48.02169444,0,1,50,6,1,60,34,0,0,1,2,12,2,2,3,1,14,2,1,53,0,49,472,1998,0,0,68,12,12,,,,1,1,50,2,7,1,4,7,20,0,11,0,12/10/2018,8:20,53054787,54787,0,0,3,3,1,87,0,0,0,96,,,,,,99,,,,,,99109,53,65,190,6,1,0,0,0,0,,0,,,,,,4,,,20,0,0,0,0,1,1,,,0,0,0,0,0,2,177,,,1,,,2,1,0,,,,,,,,,,,,,,,,,,,,,,,,,,,,,,0,0,0,0,0,0,1,1,0,0,0,0,1,0,0,0,0,0,0,1,0,0,0,0,0,1,1,0,0,1,0,0,0,1,0,,1,0,0,0,0,0,1,1,0,1,0,0,0,0,1,0,,,,,,46-50,46-55,US highway,R,Monday,Not Used,PV,White,0,1,1,0,State Route,State Patrol,Washington State Patrol,0,1,0,0,0,,,,,,0,0,0,,,,,,,,,,,,,,,,,,,,,,,,,,,,,,,,,,,
2018,466,E872998,4,12/10/2018,8:20,10,12,0,65,Stevens,0,10,0,1,10,2,1,0,4,3,,,,12,0,2,192.3,1,0,1,3,1,1,2,0,0,0,0,US-395,,-117.5920111,48.02169444,0,2,51,62,4,60,34,0,0,1,2,12,3,2,3,1,14,1,1,53,0,7,482,2007,0,0,12,,,,,,1,1,73,1,0,0,0,0,3,0,11,0,,,,,0,0,3,3,1,0,0,0,0,96,,,,,,0,,,,,,99109,53,70,230,6,1,0,0,0,0,,0,,,,,,0,,,20,0,0,0,8,9,8,,,0,0,0,8,0,8,95,,,96,,,8,95,995,,,,,,,,,,,,,,,,,,,,,,,,,,,,,,0,0,0,0,0,0,1,1,0,0,0,0,1,0,0,0,0,0,0,1,0,0,0,0,0,1,1,0,0,1,0,0,0,0,0,,0,0,0,0,0,0,0,0,0,0,0,0,0,0,0,0,,,,,,71-75,66-75,US highway,R,Monday,Belt Used,PV,Not Fatal,0,1,1,0,State Route,State Patrol,Washington State Patrol,0,1,0,0,0,,,,,,0,0,0,,,,,,,,,,,,,,,,,,,,,,,,,,,,,,,,,,,
2020,178,EA40438,41,05/24/2020,16:59,24,5,,65,Stevens,0,1,,1,1,2,1,0,1,1,,,,42,0,0,1.3,1,0,1,7,1,2,4,0,0,0,0,CR-COZY NOOK RD,,-117.7159972,48.30274444,0,1,7,6,1,50,14,0,0,1,5,42,3,2,2,1,14,1,2,53,0,35,402,2012,0,,63,69,68,64,42,,1,1,51,1,7,,4,7,3,0,11,0,05/24/2020,16:59,53024969,24969,0,0,0,0,1,8,37,,,96,,,,,,98,,,,,,99109,53,,999,0,0,0,0,0,0,,0,,,,,,4,,,8,0,0,0,0,9,8,,,0,,,8,8,8,95,,,96,,,8,95,995,,,,,,,,,,,,,,,,,,,,,,,,,,,,,,0,0,0,0,0,0,0,0,0,0,0,0,1,1,0,0,0,0,0,0,0,0,0,0,0,0,0,0,0,1,0,0,0,0,0,,1,0,0,0,0,0,0,0,0,1,0,1,0,0,0,0,,,,,,51-55,46-55,County road,R,Sunday,Belt Used,PV,White,0,1,0,0,County Road,County Sheriff,Stevens County Sheriff's Office,1,0,1,0,0,,,,,,0,0,0,,,,,,,,,,,98,98,98,1,,,,,20,7,,,,,,,,1,20,,,COZY NOOK,1.34,,
2020,313,EA59908,4,08/24/2020,7:44,24,8,,63,Spokane,0,1,,1,1,2,1,0,2,2,7:51,7:54,,12,0,6,181.1,2,0,2,3,1,1,2,0,0,0,0,US-395,DENISON-CHATTEROY,-117.4397194,47.90368611,0,2,86,66,4,60,21,0,0,1,5,12,1,1,4,1,1,1,2,53,0,12,462,2015,0,,12,1,,,,,1,1,50,1,0,,2,0,3,0,11,0,,,,,0,0,0,3,1,0,,,,96,,,,,,0,,,,,,99109,53,72,200,6,1,0,0,0,0,,0,,,,,,0,,,8,0,0,0,8,9,8,,,0,,,8,8,0,0,,,0,,,0,0,996,,,,,,,,,,,,,,,,,,,,,,,,,,,,,,0,0,0,1,0,0,1,1,1,0,0,0,0,1,0,0,0,0,1,0,0,1,1,0,1,0,0,0,0,1,0,0,0,0,0,,0,0,0,0,0,0,0,0,0,0,0,0,0,0,0,0,,,,,,46-50,46-55,US highway,R,Monday,Belt Used,PV,Not Fatal,1,0,0,0,State Route,State Patrol,Washington State Patrol,0,1,0,0,0,,,,,,0,0,0,,,,,,,,,,,98,98,98,0,,,,,20,7,,,,,,,,1,0,,,,,,
2018,38,E769063,4,02/09/2018,12:45,9,2,0,75,Whitman,0,1,0,1,1,2,2,0,3,2,12:44,12:57,,12,0,2,15.4,1,0,1,3,1,1,2,0,0,0,0,US-195,,-117.1841028,46.64181667,0,2,51,62,4,60,66,2,0,1,7,12,3,2,2,1,14,1,3,53,0,85,881,2007,0,0,12,,,,,,1,1,28,1,0,0,1,0,3,0,11,0,,,,,6,1,3,3,1,0,0,0,0,96,,,,,,0,,,,,,99111,53,71,188,6,1,0,0,0,0,,0,,,,,,0,,,20,0,0,0,8,9,8,,,0,0,0,8,0,8,95,,,96,,,8,95,995,,,,,,,,,,,,,,,,,,,,,,,,,,,,,,0,0,0,0,0,0,0,0,0,0,0,0,0,0,0,0,0,0,0,0,0,0,0,0,0,0,0,0,0,1,1,0,0,0,0,,0,0,0,0,0,0,0,0,0,0,0,0,0,0,0,0,,,,,,26-30,26-35,US highway,R,Friday,,MHTRUCK,Not Fatal,0,1,1,0,State Route,State Patrol,Washington State Patrol Headquarter,0,1,0,0,0,,,,,,0,0,0,,,,,,,,,,,,,,,,,,,,,,,,,,,,,,,,,,,
2019,164,E926984,1,05/28/2019,15:11,28,5,,23,Garfield,0,1,0,1,1,2,1,0,8,7,,,,12,0,1,402,1,0,1,3,1,1,2,0,0,50,3,US-12,,-117.5644694,46.47478889,1,3,98,53,3,55,21,0,0,1,7,12,1,1,2,1,5,1,3,53,0,20,461,2007,0,0,12,12,12,12,,,1,1,53,1,0,,0,0,3,0,11,0,,,,,0,0,0,3,1,0,0,0,0,0,,,,,,0,,,,,,99111,53,71,300,6,1,0,0,0,0,,0,,,,,,0,,,20,0,0,0,8,9,8,,,0,0,0,8,0,8,95,,,96,,,8,95,995,,,,,,,,,,,,,,,,,,,,,,,,,,,,,,0,0,0,0,0,0,0,0,0,0,0,0,0,0,0,0,1,0,0,0,0,0,0,0,0,1,1,0,1,1,1,0,0,0,0,,0,0,0,0,0,0,0,0,0,0,0,0,0,0,0,0,,,,,,51-55,46-55,US highway,R,Tuesday,Belt Used,PV,Not Fatal,0,0,0,0,State Route,State Patrol,Washington State Patrol,0,1,0,0,0,,,,,,0,0,0,,,,,,,,,,,98,98,98,0,,,,,20,7,,,,,,,,,,,,,,,
2018,297,E833846,6,08/27/2018,13:16,27,8,0,37,Kittitas,0,1,0,1,0,0,1,0,6,2,13:15,13:21,15:05,1,0,0,2.1,1,0,1,3,1,1,3,0,0,0,0,SR-970,,-120.8662944,47.17769167,0,2,98,62,4,0,34,0,0,1,5,12,0,0,0,0,5,1,1,53,0,49,482,2005,0,0,12,,,,,,1,1,60,1,0,0,0,0,3,0,11,0,,,,,0,0,0,3,1,0,0,0,0,0,,,,,,0,,,,,,99114,53,71,195,6,1,0,0,0,0,,0,,,,,,0,,,20,0,0,0,8,9,8,,,0,0,0,8,0,8,95,,,96,,,8,95,995,,,,,,,,,,,,,,,,,,,,,,,,,,,,,,0,0,1,0,0,0,1,1,1,0,0,0,0,0,0,0,0,0,0,1,0,0,0,0,0,0,0,0,0,1,0,0,0,0,0,,0,0,0,0,0,0,0,0,0,0,0,0,0,0,0,0,,,,,,56-60,56-65,State route,R,Monday,Belt Used,PV,Not Fatal,0,1,0,0,State Route,State Patrol,Washington State Patrol Headquarter,1,1,0,0,0,,,,,,0,0,0,,,,,,,,,,,,,,,,,,,,,,,,,,,,,,,,,,,
2018,400,E857393,41,11/02/2018,19:00,2,11,0,65,Stevens,0,10,0,2,98,5,1,0,1,1,,,,1,0,0,0,1,0,1,7,1,98,8,0,0,0,0,SMACKOUT CREEK RD,,-117.5681389,48.79036667,0,1,6,13,2,98,14,0,0,1,7,1,2,2,8,1,14,1,1,53,0,2,403,1998,0,0,63,69,64,1,42,,1,1,40,1,7,1,4,7,99,0,11,0,11/02/2018,19:00,53048281,48281,0,0,0,3,1,0,0,0,0,92,,,,,,99,,,,,,99114,53,75,265,6,1,0,0,0,0,,0,,,,,,0,,,20,1,9,0,0,9,2,,,0,0,0,0,9,2,1,,,1,,,2,1,0,,,,,,,,,,,,,,,,,,,,,,,,,,,,,,0,0,1,0,0,0,0,0,0,0,0,0,0,0,0,0,1,0,0,0,0,0,0,0,0,0,0,0,0,1,0,0,0,0,0,,1,0,0,0,0,0,0,0,1,0,0,0,0,0,0,0,,,,,,36-40,36-45,Other,R,Friday,Unknown,PV,White,0,1,0,0,Other,County Sheriff,Stevens County Sheriff's Office,1,0,0,0,1,,,,,,0,0,0,,,,,,,,,,,,,,,,,,,,,,,,,,,,,,,,,,,
2018,408,E859394,4,11/07/2018,17:24,7,11,0,65,Stevens,0,1,0,3,1,2,1,0,6,5,,,,12,0,1,217.8,3,0,3,3,1,1,2,0,0,20,3,US-395,BLUE CREEK,-117.8191417,48.32014444,0,5,98,98,7,25,34,0,0,1,5,12,1,2,2,1,5,1,1,53,0,7,482,2007,0,0,12,,,,,,1,1,22,1,0,0,0,0,3,0,11,0,,,,,6,0,0,3,1,0,0,0,0,0,,,,,,0,,,,,,99114,53,62,170,6,1,0,5,0,7,,0,,,,,,0,05/15/2014,07/15/2018,20,0,0,0,8,9,8,,,0,0,0,8,0,8,95,,,96,,,8,95,995,,,,,,,,,,,,,,,,,,,,,,,,,,,,,,0,0,0,1,0,0,0,0,0,0,0,0,0,0,0,0,1,0,0,0,1,0,1,1,1,1,1,1,0,1,0,0,0,0,0,,0,0,0,0,0,0,0,0,0,0,0,0,0,0,0,0,,,,,,21-25,16-25,US highway,R,Wednesday,Belt Used,PV,Not Fatal,1,0,0,0,State Route,State Patrol,Washington State Patrol,0,1,0,0,0,,,,,,0,0,0,,,,,,,,,,,,,,,,,,,,,,,,,,,,,,,,,,,
2019,58,E899053,4,02/27/2019,11:35,27,2,,43,Lincoln,0,4,0,1,10,2,1,0,2,2,,,,12,0,2,36.2,1,0,1,5,1,1,3,0,0,0,0,SR-231,,-117.88215,47.74029444,0,2,51,62,4,55,66,1,0,1,7,12,3,2,2,1,14,1,3,53,0,87,881,1997,0,0,12,,,,,,1,1,64,1,0,,0,0,3,0,11,0,,,,,6,1,3,3,1,0,0,0,0,96,,,,,,0,,,,,,99114,53,72,290,6,1,0,2,1,1,,0,,,,,,0,08/15/2015,11/15/2018,20,0,0,0,8,9,8,,,0,0,0,8,0,8,95,,,96,,,8,95,995,,,,,,,,,,,,,,,,,,,,,,,,,,,,,,0,0,0,0,0,0,1,1,1,0,0,0,1,0,0,0,0,0,0,0,0,0,0,0,0,0,0,0,0,1,1,0,0,0,0,,0,0,0,0,0,0,0,0,0,0,0,0,0,0,0,0,,,,,,61-65,56-65,State route,R,Wednesday,,MHTRUCK,Not Fatal,0,1,1,0,State Route,State Patrol,Washington State Patrol,0,1,0,0,0,,,,,,0,0,0,,,,,,,,,,,0,0,0,0,,,,,20,7,,,,,,,,,,,,,,,
2019,265,E947668,4,07/10/2019,15:37,10,7,,65,Stevens,0,1,0,1,1,2,1,0,4,2,,,,12,0,2,228.3,1,0,1,3,1,1,2,0,0,0,0,US-395,,-117.8843583,48.46324722,0,2,51,62,4,60,5,0,0,1,7,12,1,1,2,1,1,1,1,53,0,41,51,2010,0,0,12,,,,,,1,1,81,2,7,,4,7,3,0,11,0,07/10/2019,15:37,53031401,31401,0,0,3,3,1,0,0,0,0,0,,,,,,99,,,,,,99114,53,66,150,6,1,0,1,0,1,,0,,,,,,0,03/15/2016,05/15/2019,1,0,0,0,0,9,8,,,0,0,0,8,0,2,1,,,1,,,2,1,0,,,,,,,,,,,,,,,,,,,,,,,,,,,,,,0,0,0,0,0,0,0,0,0,0,0,0,0,0,0,1,0,0,0,0,0,0,0,1,1,1,1,1,0,1,0,0,0,0,0,,1,0,0,0,0,0,0,0,0,0,0,0,0,0,0,0,,,,,,81+,76+,US highway,R,Wednesday,Belt Used,PV,White,0,1,1,0,State Route,State Patrol,Washington State Patrol,0,1,0,0,0,,,,,,0,0,0,,,,,,,,,,,98,98,98,1,,,,,20,7,,,,,,,,,,,,,,,
2020,485,EA88710,41,12/02/2020,19:59,2,12,,65,Stevens,0,1,,2,4,2,1,0,1,1,20:03,20:17,20:55,1,0,0,3,1,0,1,6,1,2,4,0,0,0,0,CR-ONION CREEK RD,,-117.9150972,48.672325,0,1,2,6,1,50,34,0,0,1,2,1,3,2,2,1,14,1,1,53,0,7,472,1993,0,,63,1,42,,,,1,1,91,1,7,,4,0,20,7,11,5,12/02/2020,21:08,41053056287,56287,0,0,0,3,1,87,,,,96,,,,,,98,,,,,,99114,53,72,165,6,1,0,0,0,0,,0,,,,,,4,,,20,0,0,0,0,9,8,,,0,,,8,8,2,1,,,1,,,2,1,0,,,,,,,,,,,,,,,,,,,,,,,,,,,,,,0,0,0,0,0,0,0,0,0,0,0,0,1,0,0,0,0,0,0,1,0,0,0,0,0,1,1,1,0,1,0,0,0,1,0,,1,0,0,0,0,0,0,0,0,1,0,0,0,0,0,0,,,,,,81+,76+,County road,R,Wednesday,Not Used,PV,White,0,1,0,0,County Road,County Sheriff,Stevens County Sheriff's Office,1,0,1,0,0,,,,,,0,0,0,,,,,,,,,,,0,0,0,1,,,,,20,7,,,,,,,,1,0,,,CLUGSTON-ONION CR,3,,
2021,217,EB46741,4,07/06/2021,19:00,6,7,,65,Stevens,0,1,,1,1,2,1,0,2,2,,,,12,0,6,232.7,2,0,3,3,1,1,2,0,0,20,3,US-395,MANTZ-RICKY RD,-117.9030139,48.52184722,0,1,82,15,2,35,34,0,0,1,5,12,1,1,2,1,11,1,1,53,0,7,481,1990,0,,12,,,,,,1,1,82,2,7,,4,0,20,7,11,5,07/06/2021,19:44,41053033623,33623,0,0,0,3,1,38,,,,96,,,,,,98,,,,,,99114,53,66,125,6,1,0,0,0,0,,0,,,,,,0,,,20,1,9,0,0,9,8,,,0,,,8,8,2,1,,,1,,,2,1,0,,,,,,,,,,,,,,,,,,,,,,,,,,,,,,0,0,0,1,0,0,0,0,0,0,0,0,0,0,0,0,0,0,1,1,0,0,0,0,0,1,1,1,0,1,0,0,0,1,0,,1,0,0,0,0,0,0,0,0,0,1,0,0,0,0,0,,,,,,81+,76+,US highway,R,Tuesday,Not Used,PV,White,1,0,0,0,State Route,State Patrol,Washington State Patrol,0,1,0,0,0,,,,,,0,0,0,,,,,,,,,,,0,0,0,1,,,,,20,,,,,,,,,1,0,,,,,,
2021,472,EB90180,4,11/12/2021,13:00,12,11,,19,Ferry,0,2,,1,2,2,1,0,1,1,,,,1,0,0,251.6,1,0,1,3,1,1,3,0,0,0,0,SR-395,,-118.1248639,48.69541944,0,1,2,6,1,55,4,0,0,1,2,1,1,2,2,2,1,1,1,99,0,35,39,1997,0,,63,1,,,,,1,1,42,2,7,,4,7,20,7,11,0,11/12/2021,13:00,53058858,58858,0,0,0,0,1,0,,,,96,,,,,,9,,,,,,99114,53,64,125,0,0,0,0,0,0,,0,,,,,,4,,,8,1,9,0,0,9,8,,,0,,,1,8,2,605,996,996,1,1,1,2,1,0,,,,,,,,,,,,,,,,,,,,,,,,,,,,,,0,0,0,0,0,0,1,1,1,0,0,0,1,1,0,0,0,0,0,1,0,0,0,0,0,0,0,0,0,1,0,0,0,1,0,,1,0,0,0,0,0,1,1,0,1,0,1,0,0,1,0,,,,,,41-45,36-45,State route,R,Friday,Not Used,PV,White,0,1,0,0,State Route,State Patrol,Washington State Patrol,1,1,0,0,0,,,carboxy-thc,14,,0,0,0,1,1,,,,401,417,,,,0,0,0,1,,,,,20,,,,,,,,nms,1,0,,,,,,
2021,475,EB90887,4,11/13/2021,3:03,13,11,,63,Spokane,524,5,,2,2,2,1,0,2,2,,,,12,0,8,183.7,1,0,1,2,1,1,2,0,0,0,0,US-395,,-117.4698639,47.93491111,0,2,66,10,2,60,6,0,0,1,2,12,1,1,2,1,1,1,2,53,0,48,34,1996,0,,12,,,,,,1,1,20,2,0,,3,0,3,0,11,5,,,,,0,0,0,3,1,0,,,,96,,,,,,9,,,,,,99114,2,62,150,6,1,0,2,1,1,,0,,,,,,0,01/15/2018,04/15/2019,8,0,0,0,8,9,8,,,0,,,1,8,2,95,,,96,,,2,98,0,,,,,,,,,,,,,,,,,,,,,,,,,,,,,,0,0,0,0,1,1,1,1,1,0,0,0,0,1,0,0,0,0,0,1,0,1,1,0,1,0,0,0,0,1,0,0,0,0,0,,0,0,0,0,0,0,0,0,0,0,0,0,0,0,0,0,,,,,,18-20,16-25,US highway,R,Saturday,Belt Used,PV,Not Fatal,0,1,1,0,State Route,State Patrol,Washington State Patrol,0,1,0,0,0,thc,0.76,,,,0,0,0,,,,,,,,,,,0,0,0,0,,,,,20,,,,,,,,nms,1,0,,,,,,
2017,191,E679497,6,06/02/2017,4:52,2,6,0,25,Grant,0,1,0,4,1,2,1,0,1,1,,,,1,0,0,69.1,1,0,1,4,1,1,3,0,0,0,0,SR-17,,-119.4862417,47.40138333,0,1,98,12,2,60,16,0,0,1,2,1,2,1,2,1,14,1,1,53,0,23,431,2001,0,0,68,64,69,68,63,1,1,1,62,1,7,1,4,7,20,0,11,0,06/02/2017,4:52,2.05053E+11,24942,3,0,3,3,1,0,0,0,0,96,,,,,,9,,,,,,99115,53,72,180,6,1,0,1,1,1,0,0,,,,,,0,02/15/2013,09/15/2013,20,1,9,0,0,9,1,,,0,0,0,1,9,2,189,996,996,1,1,1,2,1,0,,,,,,,,,,,,,,,,,,,,,,,,,,,,,,0,0,0,0,0,0,1,1,0,0,0,0,0,0,0,0,0,0,0,1,0,0,0,0,0,0,0,0,0,1,0,0,0,1,0,,1,0,0,0,0,0,1,1,0,0,0,0,0,0,1,0,,,,,,61-65,56-65,State route,R,Friday,Not Used,PV,White,0,1,0,0,State Route,State Patrol,Washington State Patrol Headquarter,1,1,0,0,0,,,,,,,,,,,,,,,,,,,,,,,,,,,,,,,,,,,,,,,,,,,
2017,316,E703741,6,08/21/2017,12:26,21,8,0,25,Grant,0,1,0,1,1,2,1,0,1,1,,,,39,0,0,81.1,1,0,1,4,1,1,3,0,0,0,0,SR-17,,-119.4592167,47.557475,0,1,2,6,1,60,82,0,0,1,2,39,2,1,2,1,6,1,1,53,0,72,706,2011,0,0,63,39,,,,,1,1,78,1,7,1,4,7,5,0,11,0,08/21/2017,12:26,53036342,36342,0,0,0,3,1,33,0,0,0,96,,,,,,0,,,,,,99115,53,68,220,6,1,0,0,0,0,0,0,,,,,,4,,,20,8,0,0,0,9,8,,,0,0,0,8,0,2,128,155,0,1,1,0,2,1,0,,,,,,,,,,,,,,,,,,,,,,,,,,,,,,0,0,0,0,0,0,1,1,0,0,0,0,1,0,0,0,0,0,0,0,0,0,0,0,0,1,1,1,1,0,0,0,0,0,1,0,0,0,0,0,0,0,1,1,0,1,0,0,0,0,1,0,,,,,,76-80,76+,State route,R,Monday,,MC,White,0,1,0,0,State Route,State Patrol,Washington State Patrol Headquarter,1,1,0,0,0,,,,,,,,,,,,,,,,,,,,,,,,,,,,,,,,,,,,,,,,,,,