year,case,par,repjur,crash_dt,crash_tm,accday,accmon,holiday,county,co_char,city,weather,weather2,lightcond,surfcond,surftype,numfatal,nmforms,pforms,vforms,not_tm,arr_tm,hosp_tm,fhevent,hitrun,manncol,milepnt,reljunc,reljuncinter,intersectiontype,funcsystem,landuse,ownership,route,schlbus,spejur,contdev,devfunc,trafid1,trafid2,x,y,wk_zone,vnumber,crashtype,criticalevent,criticaleventcat,spdlim,body,trailer,emerg,hazcargo,leave,mhevent,roadalgn,roadprof,traflane,trafflow,vehmanvr,numoccs,regowner,regstate,spuse,make,model,modelyr,vrf1,vrf2,seqevent1,seqevent2,seqevent3,seqevent4,seqevent5,seqevent6,pnumber,ptype,age,sex,hispanic,race,injury,diedscene,restraint,restraintmisuse,seatpos,takehosp,death_dt,death_tm,cert,cernum_wa,commlic,licendor,licrestrict,liccomp,drivpres,drf1,drf2,drf3,drf4,distract1,distract2,distract3,distract4,distract5,distract6,dricond1,dricond2,dricond3,dricond4,dricond5,dricond6,dzip,licstate,drhgt_in,weight,noncdl,noncdltype,prevdwi,prevoth,prevacc,prevspd,prevsus,driviol1,driviol2,driviol3,driviol4,driviol5,driviol6,spdrel,first_dt,last_dt,airbag,ejection,ejectpath,extricat,injurwrk,methalc,methdrug,nmlocat,strikveh,prf1,prf2,prf3,druginv,alcinvol,drugsts,drugres1,drugres2,drugres3,drugtst1,drugtst2,drugtst3,alcsts,alctst,alcres,nmact1,nmact2,nmact3,nmact4,nmact5,nmact6,nmprior1,nmprior2,nmprior3,nmprior4,nmprior5,nmprior6,nmcond1,nmcond2,nmcond3,nmcond4,nmcond5,nmcond6,nmsafe_helmet,nmsafe_pads,nmsafe_oth,nmprev_ref,nmprev_lgt,nmprev_oth,crashlocation,nmcrashtype,crosswalk,schoolzone,sidewalk,train_inv,wildlife_inv,rotr_fars,intersect_fars,dd_inv,aid_inv,dpd_inv,id_inv,mj_inv,impnm_inv,ainm_inv,dpnm_inv,speed_inv,unlic_inv,unendmc_inv,drowsy_inv,drdist_inv,nmdist_inv,fty_inv,unrestfat_inv,dr1617_inv,dr1820_inv,dr1620_inv,dr2125_inv,dr1625_inv,dr65_inv,dr70_inv,dr75_inv,mc_inv,pv_inv,ht_inv,ped_inv,bike_inv,unrest_fat,mc_fat,unhelmet_mc,pv_fat,ht_fat,ped_fat,bike_fat,dr_alc7,dr_alc8,dr_drug,dr_imp,dr_dist,dr_spd,dr_fty,dr_unlic,dr_alc7only,dr_alc8only,dr_drugonly,dr_drink,nm_imp,nm_alc7,nm_alc8,nm_drug,nm_dist,agegrp1,agegrp2,roadclass,urbrur,dayweek,restuse,vehtype,race_me,intersect,lanedep,oppdir,wrongway,rep_typ,investag,repag_long,rotr,st_rd,cty_rd,city_rd,oth_rd,drug_thc,thc_res,drug_cthc,cthc_res,drug_cann,prevpersemin,prevperse,prevsusoth,drugtst4,drugtst5,drugtst6,drugtst7,drugtst8,drugres4,drugres5,drugres6,drugres7,drugres8,adspresent,adsengaged,adslevel,race1,race2,race3,race4,race5,helmet,helmetmisuse,nmdistract1,nmdistract2,nmdistract3,nmdistract4,nmdistract5,nmdistract6,lab,isedtcase,crf1,crf2,crf3,CoRoadName,CoMP,IntCoRoadName,IntCoMP
2018,12,E772796,6,01/11/2018,9:36,11,1,0,25,Grant,0,4,0,1,3,2,1,0,2,1,11:38,12:01,13:01,1,0,0,78.4,1,0,1,4,1,1,3,0,0,0,0,SR-17,,-119.4950556,47.52725556,0,1,2,6,1,60,34,0,0,1,7,1,1,1,2,2,1,2,1,53,0,12,481,1996,0,0,63,1,3,,,,1,1,78,1,7,1,4,7,3,0,11,0,01/11/2018,9:40,53001406,1406,0,0,0,3,1,87,0,0,0,96,,,,,,0,,,,,,99115,53,70,180,6,1,0,0,0,0,,0,,,,,,4,,,20,0,0,0,0,9,8,,,0,0,0,8,0,2,1,,,1,,,2,1,0,,,,,,,,,,,,,,,,,,,,,,,,,,,,,,0,0,0,0,0,0,0,0,0,0,0,0,1,0,0,0,0,0,0,0,0,0,0,0,0,1,1,1,0,1,0,0,0,0,0,,1,0,0,0,0,0,0,0,0,1,0,0,0,0,0,0,,,,,,76-80,76+,State route,R,Thursday,Belt Used,PV,White,0,1,0,0,State Route,State Patrol,Washington State Patrol Headquarter,1,1,0,0,0,,,,,,0,0,0,,,,,,,,,,,,,,,,,,,,,,,,,,,,,,,,,,,
2019,136,E902079,6,03/05/2019,13:08,5,3,,37,Kittitas,0,1,0,1,1,2,1,0,7,3,,,,25,0,0,77.5,1,0,1,1,1,1,1,0,0,0,0,I-90,,-121.0389917,47.18248611,0,3,98,62,4,70,14,0,0,1,5,12,3,1,2,3,14,5,2,53,0,20,401,1997,0,0,64,12,,,,,1,1,35,1,0,,0,0,3,0,11,0,,,,,6,0,0,3,1,0,0,0,0,96,,,,,,0,,,,,,99115,53,71,160,6,1,0,0,0,0,,0,,,,,,0,,,20,0,0,0,8,9,8,,,0,0,0,8,0,8,95,,,96,,,8,95,995,,,,,,,,,,,,,,,,,,,,,,,,,,,,,,0,0,1,0,0,0,0,0,0,0,0,0,0,0,0,0,0,0,0,0,0,0,0,0,0,1,0,0,0,1,1,0,0,0,0,,0,0,0,0,0,0,0,0,0,0,0,0,0,0,0,0,,,,,,31-35,26-35,Interstate,R,Tuesday,Belt Used,PV,Not Fatal,0,1,0,0,State Route,State Patrol,Washington State Patrol,1,1,0,0,0,,,,,,0,0,0,,,,,,,,,,,0,0,0,0,,,,,20,7,,,,,,,,,,,,,,,
2018,136,E801415,4,05/15/2018,16:19,15,5,0,63,Spokane,0,1,0,1,1,1,1,0,2,2,16:18,16:38,,12,0,6,263.1,2,0,2,3,1,1,2,0,0,0,0,US-2,N WOOD,-117.7333694,47.64345278,0,2,69,62,4,55,80,0,0,1,2,12,1,1,3,1,1,1,1,53,0,72,706,2017,0,0,12,,,,,,1,1,57,2,7,1,4,0,19,0,11,5,05/16/2018,18:21,2.11053E+11,22517,0,0,0,3,1,0,0,0,0,96,,,,,,0,,,,,,99117,53,63,150,6,1,0,0,1,0,,0,,,,,,0,11/15/2013,11/15/2013,20,8,0,0,0,9,8,,,0,0,0,8,0,2,1,,,1,,,2,1,0,,,,,,,,,,,,,,,,,,,,,,,,,,,,,,0,0,0,1,0,0,0,0,0,0,0,0,0,0,0,0,0,0,1,0,0,0,0,0,0,0,0,0,1,1,0,0,0,0,1,0,0,0,0,0,0,0,0,0,0,0,0,0,0,0,0,0,,,,,,56-60,56-65,US highway,R,Tuesday,,MC,White,1,0,0,0,State Route,State Patrol,Washington State Patrol Headquarter,0,1,0,0,0,,,,,,0,0,0,,,,,,,,,,,,,,,,,,,,,,,,,,,,,,,,,,,
2017,472,E733004,4,11/01/2017,8:50,1,11,0,65,Stevens,0,3,0,1,2,2,1,0,2,2,9:32,10:12,11:12,12,0,6,243.9,2,0,2,3,1,1,2,0,0,0,0,US-395,SR-25,-118.07495,48.60632222,0,1,86,17,2,40,34,0,0,1,2,12,3,2,3,1,14,1,1,53,0,12,471,2009,0,0,12,,,,,,1,1,84,1,7,1,4,0,3,0,11,1,11/07/2017,13:00,2.11053E+11,50776,0,0,0,3,1,0,0,0,0,93,,,,,,0,,,,,,99118,53,68,185,6,1,0,0,0,0,0,0,,,,,,0,,,1,0,0,0,0,9,8,,,0,0,0,8,0,0,0,0,0,0,0,0,0,0,996,,,,,,,,,,,,,,,,,,,,,,,,,,,,,,0,0,0,1,0,0,0,0,0,0,0,0,0,0,0,0,1,0,0,0,0,0,0,0,0,1,1,1,0,0,1,0,0,0,0,,0,0,0,0,0,0,0,0,1,0,0,0,0,0,0,0,,,,,,81+,76+,US highway,R,Wednesday,Belt Used,PV,White,1,0,0,0,State Route,State Patrol,Washington State Patrol Headquarter,0,1,0,0,0,,,,,,,,,,,,,,,,,,,,,,,,,,,,,,,,,,,,,,,,,,,
2018,315,E830966,4,08/15/2018,0:00,15,8,0,51,Pend Oreille,0,1,0,3,1,4,3,0,5,1,,,,42,0,0,9999.9,1,0,1,7,1,66,8,0,0,0,0,CEE CEE AH CREEK RD,,-117.2703611,48.39834444,0,1,99,99,9,20,4,0,0,1,2,42,8,8,8,8,99,5,2,53,0,63,33,2006,0,0,63,42,,,,,1,1,33,1,0,0,3,0,20,0,11,4,,,,,0,0,3,3,1,0,0,0,0,96,,,,,,9,,,,,,99119,53,64,130,6,1,0,0,0,1,,97,,,,,,0,09/15/2015,09/15/2015,1,0,0,0,8,9,1,,,0,0,0,1,1,2,605,695,,1,1,,2,1,0.08,,,,,,,,,,,,,,,,,,,,,,,,,,,,,,0,0,0,0,1,1,1,1,1,0,0,0,0,0,0,0,0,0,0,1,0,0,0,0,0,0,0,0,0,1,0,0,0,0,0,,0,0,0,0,0,1,1,1,0,0,0,0,0,0,0,1,,,,,,31-35,26-35,Other,R,Wednesday,Not Used,PV,Not Fatal,0,1,0,0,Other,State Patrol,Washington State Patrol,1,0,0,0,1,thc,7.1,carboxy-thc,59,,0,0,0,,,,,,,,,,,,,,,,,,,,,,,,,,,,,,,,,,,
2021,116,EB08960,4,02/20/2021,21:00,20,2,,51,Pend Oreille,0,10,,2,1,2,1,0,3,2,,,,12,0,2,430.4,1,0,1,4,1,1,3,0,0,0,0,SR-20,,-117.155625,48.22951667,0,1,50,10,2,55,4,0,0,1,2,12,1,8,2,1,1,1,1,53,0,12,23,2010,0,,68,12,,,,,1,1,24,2,7,,4,7,3,0,11,0,02/20/2021,21:00,53009087,9087,0,0,3,3,1,28,,,,96,,,,,,9,,,,,,99119,53,70,200,6,1,0,1,0,0,,0,,,,,,0,07/15/2020,07/15/2020,8,0,0,0,0,1,8,,,0,,,1,1,2,695,605,996,1,1,1,2,1,0.197,,,,,,,,,,,,,,,,,,,,,,,,,,,,,,0,0,0,0,1,1,1,1,1,0,0,0,0,0,0,0,0,0,0,0,0,0,0,1,1,0,0,0,0,1,0,0,0,0,0,,1,0,0,0,0,1,1,1,0,0,0,0,0,0,0,1,,,,,,21-25,16-25,State route,R,Saturday,Belt Used,PV,AIAN,0,1,1,0,State Route,State Patrol,Washington State Patrol,0,1,0,0,0,thc,14,carboxy-thc,29,,0,0,0,1,1,,,,996,334,,,,98,98,98,3,,,,,20,,,,,,,,nms,0,0,,,,,,
2021,524,EC00562,278,12/12/2021,17:04,12,12,,63,Spokane,2110,1,,3,1,2,1,0,9,2,,,,12,0,1,0,3,0,2,3,2,4,6,0,0,0,0,N NEVADA ST,E Providence Ave,-117.3952111,47.69232222,0,1,20,10,2,98,14,0,0,1,5,12,1,1,4,1,15,4,2,53,0,49,401,1997,0,,12,63,38,,,,1,1,19,1,0,,3,0,20,7,11,0,,,,,0,0,3,2,1,0,,,,96,,,,,,9,,,,,,99119,53,71,140,1,1,0,2,1,0,,97,,,,,,0,12/15/2019,04/15/2021,8,0,0,0,8,9,2,,,0,,,1,1,2,695,605,,1,1,,2,1,0.26,,,,,,,,,,,,,,,,,,,,,,,,,,,,,,0,0,0,1,1,1,1,1,1,0,0,0,0,1,0,0,0,0,0,1,0,1,1,1,1,0,0,0,0,1,0,0,0,0,0,,0,0,0,0,0,1,1,1,0,0,0,1,0,0,0,1,,,,,,18-20,16-25,City street,U,Sunday,Not Used,PV,Not Fatal,1,0,0,0,City Street,Municipal/City Police,Spokane Police Department,0,0,0,1,0,thc,30,carboxy-thc,170,,0,0,0,,,,,,,,,,,0,0,0,0,,,,,20,,,,,,,,,1,0,,,,,,
2017,505,E744245,30,12/06/2017,11:16,6,12,0,43,Lincoln,0,1,0,1,99,5,1,0,1,1,,,,1,0,0,4.3,1,0,1,7,1,2,4,0,0,0,0,CR-STARBARN RD,,-118.1322667,47.50771944,0,1,7,12,2,50,4,0,0,1,5,1,1,4,2,1,1,1,2,53,0,20,16,1999,0,0,68,64,1,,,,1,1,56,1,7,1,4,7,3,0,11,0,12/06/2017,11:16,53053084,53084,0,0,3,3,1,0,0,0,0,92,,,,,,99,,,,,,99122,53,69,170,6,1,0,0,0,0,0,0,,,,,,0,,,1,2,9,0,0,9,8,,,0,0,0,8,9,2,155,337,996,1,1,1,2,1,0,,,,,,,,,,,,,,,,,,,,,,,,,,,,,,0,0,0,0,0,0,1,1,0,0,0,0,0,0,0,0,1,0,0,0,0,0,0,0,0,0,0,0,0,1,0,0,0,0,0,,1,0,0,0,0,0,1,1,1,0,0,0,0,0,1,0,,,,,,56-60,56-65,County road,R,Wednesday,Belt Used,PV,White,0,1,0,0,County Road,County Sheriff,Lincoln County Sheriff's Office,1,0,1,0,0,,,,,,,,,,,,,,,,,,,,,,,,,,,,,,,,,,,,,,,,,,,
2017,540,E754384,4,12/30/2017,17:39,30,12,0,1,Adams,0,1,0,2,4,2,1,0,3,1,17:44,18:00,18:25,1,0,0,102.3,1,0,1,3,1,1,2,0,0,0,0,US-395,,-118.3919417,47.108825,0,1,7,6,1,70,14,0,0,1,2,1,1,1,2,3,1,3,1,53,0,20,403,2006,0,0,64,1,,,,,1,1,62,1,7,1,4,0,3,0,11,4,01/10/2018,16:15,2.11053E+11,2092,0,0,0,3,1,87,0,0,0,96,,,,,,99,,,,,,99122,53,71,185,6,1,0,0,0,0,0,0,,,,,,4,,,20,0,0,0,0,9,8,,,0,0,0,8,0,2,1,0,0,1,0,0,2,1,0,,,,,,,,,,,,,,,,,,,,,,,,,,,,,,0,0,0,0,0,0,0,0,0,0,0,0,1,0,0,0,0,0,0,0,0,0,0,0,0,0,0,0,0,1,0,0,0,0,0,,1,0,0,0,0,0,0,0,0,1,0,0,0,0,0,0,,,,,,61-65,56-65,US highway,R,Saturday,Belt Used,PV,White,0,1,0,0,State Route,State Patrol,Washington State Patrol Headquarter,1,1,0,0,0,,,,,,,,,,,,,,,,,,,,,,,,,,,,,,,,,,,,,,,,,,,
2018,473,E874638,4,12/14/2018,21:05,14,12,0,43,Lincoln,0,1,0,2,1,2,1,0,1,1,,,,1,0,0,35.3,1,0,1,5,1,1,3,0,0,0,0,SR-174,,-118.7814778,47.82202222,0,1,6,12,2,60,34,0,0,1,2,1,1,1,2,1,1,1,1,53,0,12,481,1998,0,0,68,64,1,,,,1,1,43,1,7,1,4,7,99,0,11,0,12/14/2018,21:05,2.51053E+11,55448,0,0,0,3,1,0,0,0,0,0,,,,,,2,,,,,,99122,53,70,160,6,1,0,2,0,1,,0,,,,,,0,12/15/2014,11/15/2017,20,1,9,0,0,9,8,,,0,0,0,8,9,8,95,,,96,,,8,95,995,,,,,,,,,,,,,,,,,,,,,,,,,,,,,,0,0,1,0,0,0,0,0,0,0,0,0,0,0,0,1,0,0,0,0,0,0,0,0,0,0,0,0,0,1,0,0,0,0,0,,1,0,0,0,0,0,0,0,0,0,0,0,0,0,0,0,,,,,,41-45,36-45,State route,R,Friday,Unknown,PV,White,0,1,0,0,State Route,State Patrol,Washington State Patrol,1,1,0,0,0,,,,,,0,0,1,,,,,,,,,,,,,,,,,,,,,,,,,,,,,,,,,,,
2021,110,EB24097,4,04/21/2021,12:17,21,4,,63,Spokane,0,1,,1,1,2,1,0,2,2,,,,12,0,1,268.7,1,0,1,3,2,1,2,0,0,0,0,US-2,,-117.6141806,47.64293333,0,1,28,52,3,55,80,0,0,1,2,12,1,1,5,5,1,1,1,53,0,72,706,2002,0,,12,,,,,,1,1,67,1,7,,4,0,20,7,11,5,04/22/2021,6:33,2.11053E+11,20018,0,0,0,3,1,0,,,,96,,,,,,98,,,,,,99122,53,68,200,6,1,0,0,0,1,,0,,,,,,4,08/15/2018,08/15/2018,20,8,0,0,0,9,8,,,0,,,8,8,2,1,,,1,,,2,1,0,,,,,,,,,,,,,,,,,,,,,,,,,,,,,,0,0,0,0,0,0,0,0,0,0,0,0,1,0,0,0,0,0,0,0,0,0,0,0,0,1,0,0,1,1,0,0,0,0,1,1,0,0,0,0,0,0,0,0,0,1,0,0,0,0,0,0,,,,,,66-70,66-75,US highway,U,Wednesday,,MC,Multiracial,0,0,0,0,State Route,State Patrol,Washington State Patrol,0,1,0,0,0,,,,,,0,0,0,,,,,,,,,,,0,0,0,201,298,,,,16,,,,,,,,,1,0,,,,,,
2021,483,EB92106,6,11/15/2021,19:17,15,11,,25,Grant,0,6,,2,1,2,1,0,3,2,,,,12,0,1,140.3,1,0,1,1,1,1,1,0,0,50,3,I-90,,-119.9720694,47.00457778,0,2,25,53,3,60,66,1,0,1,2,12,3,2,2,3,14,2,3,53,0,85,881,2021,0,,12,,,,,,1,1,38,1,0,,0,0,3,0,11,0,,,,,6,1,3,3,1,0,,,,96,,,,,,0,,,,,,99122,53,67,135,6,1,0,0,1,0,,0,,,,,,0,08/15/2018,08/15/2018,20,0,0,0,8,9,8,,,0,,,8,8,8,95,,,96,,,0,0,996,,,,,,,,,,,,,,,,,,,,,,,,,,,,,,0,0,0,0,0,0,0,0,0,0,0,0,0,0,0,0,1,0,0,0,0,0,0,0,0,0,0,0,0,1,1,0,0,0,0,,0,0,0,0,0,0,0,0,0,0,0,0,0,0,0,0,,,,,,36-40,36-45,Interstate,R,Monday,,MHTRUCK,Not Fatal,0,0,0,0,State Route,State Patrol,Washington State Patrol,0,1,0,0,0,,,,,,0,0,0,,,,,,,,,,,98,98,98,0,,,,,20,,,,,,,,,1,26,,,,,,
2017,81,E654251,21,03/15/2017,2:06,15,3,0,25,Grant,0,10,0,2,1,7,1,0,2,1,,,,1,0,0,0.3,1,0,1,7,1,2,4,0,0,0,0,CR-BAY AREA DR,,-119.0653889,47.89812222,0,1,98,9,1,25,14,0,0,1,2,1,2,2,2,1,14,2,1,53,0,2,403,2006,0,0,68,64,1,,,,1,1,23,1,7,1,4,0,20,0,11,4,03/15/2017,2:45,83053012959,12959,0,0,0,3,1,0,0,0,0,3,,,,,,9,,,,,,99123,53,74,250,6,1,0,0,0,0,0,0,,,,,,0,,,1,1,9,0,0,9,8,,,0,0,0,8,1,2,1,0,0,1,0,0,2,1,0.16,,,,,,,,,,,,,,,,,,,,,,,,,,,,,,0,0,0,0,1,1,0,1,0,0,0,0,0,0,0,0,1,0,0,1,0,0,0,1,1,0,0,0,0,1,0,0,0,1,0,,1,0,0,0,0,1,0,1,1,0,0,0,0,1,0,1,,,,,,21-25,16-25,County road,R,Wednesday,Not Used,PV,White,0,1,0,0,County Road,County Sheriff,Grant County Sheriff's Office,1,0,1,0,0,,,,,,,,,,,,,,,,,,,,,,,,,,,,,,,,,,,,,,,,,,,
2020,208,3868801,41,05/27/2020,11:28,27,5,,65,Stevens,0,1,,1,1,2,1,0,2,1,,,,35,0,0,0.7,1,0,1,5,1,2,4,0,0,0,0,CR-CEDONIA ADDY RD,,-118.1564917,48.15393056,0,1,6,12,2,50,14,0,0,1,2,1,2,3,2,1,14,2,2,53,0,63,401,2002,0,,68,64,35,1,,,1,1,23,2,7,,4,7,20,7,11,0,05/27/2020,11:28,53024863,24863,0,0,0,0,1,0,,,,0,,,,,,2,,,,,,99129,53,62,135,0,0,0,1,0,1,,0,,,,,,0,02/15/2016,04/15/2019,1,1,2,0,0,9,8,,,0,,,8,8,2,401,417,695,1,1,1,2,1,0,,,,,,,,,,,,,,,,,,,,,,,,,,,,,,0,0,1,0,0,0,1,1,1,0,0,0,0,1,0,1,0,0,0,1,0,0,0,1,1,0,0,0,0,1,0,0,0,1,0,,1,0,0,0,0,0,1,1,0,0,0,1,0,0,1,0,,,,,,21-25,16-25,County road,R,Wednesday,Not Used,PV,White,0,1,0,0,County Road,County Sheriff,Stevens County Sheriff's Office,1,0,1,0,0,thc,13,carboxy-thc,110,,0,0,1,1,,,,,605,,,,,98,98,98,1,,,,,20,7,,,,,,,nms,1,0,,,CEDONIA-ADDY,0.73,,
2017,385,E716150,4,09/23/2017,22:29,23,9,0,75,Whitman,0,10,0,2,1,2,2,0,3,2,22:34,22:53,23:33,12,0,2,61.4,1,0,1,3,1,1,2,0,0,0,0,US-395,,-117.3560972,47.217375,0,2,51,62,4,60,15,0,0,1,2,12,1,2,2,1,1,2,1,53,0,20,421,2011,0,0,12,,,,,,1,1,37,2,0,0,3,0,3,0,11,4,,,,,0,0,3,3,1,28,0,0,0,96,,,,,,0,,,,,,99130,53,65,170,6,1,1,0,0,0,1,0,,,,,,0,01/15/2014,06/15/2014,8,0,0,0,8,9,8,,,0,0,0,8,0,2,401,0,0,1,0,0,2,1,0,,,,,,,,,,,,,,,,,,,,,,,,,,,,,,0,0,0,0,1,1,1,1,0,0,0,0,0,0,0,0,0,0,0,0,0,0,0,0,0,0,0,0,0,1,0,0,0,0,0,,0,0,0,0,0,0,1,1,0,0,0,0,0,0,1,0,,,,,,36-40,36-45,US highway,R,Saturday,Belt Used,PV,Not Fatal,0,1,1,0,State Route,State Patrol,Washington State Patrol Headquarter,0,1,0,0,0,,,,,,,,,,,,,,,,,,,,,,,,,,,,,,,,,,,,,,,,,,,
2017,444,E717650,46,09/19/2017,9:20,19,9,0,75,Whitman,2240,2,0,1,2,2,1,0,1,1,,,,3,0,0,0.5,1,0,1,5,2,2,4,0,0,0,0,CR-FARMINGTON,,-117.0682056,47.21916667,0,1,0,12,2,98,14,0,0,1,2,3,2,4,2,1,14,1,1,53,0,2,407,2014,0,0,68,64,3,,,,1,1,80,1,7,1,4,7,3,0,11,0,09/19/2017,9:20,2.24053E+11,41407,0,0,0,3,1,0,0,0,0,0,,,,,,2,,,,,,99130,53,74,212,6,1,0,0,0,0,0,0,,,,,,0,,,8,0,0,1,0,9,8,,,0,0,0,8,9,2,996,996,0,1,1,0,2,1,0.026,,,,,,,,,,,,,,,,,,,,,,,,,,,,,,0,0,0,0,1,0,1,1,0,0,0,0,0,0,0,1,0,0,0,0,0,0,0,0,0,1,1,1,0,1,0,0,0,0,0,,1,0,0,0,1,0,1,1,0,0,0,0,0,0,0,1,,,,,,76-80,76+,County road,U,Tuesday,Belt Used,PV,White,0,1,0,0,City Street,County Sheriff,Whitman County Sheriff's Office,1,0,0,1,0,,,,,,,,,,,,,,,,,,,,,,,,,,,,,,,,,,,,,,,,,,,
2020,356,EA53622,6,06/19/2020,11:59,19,6,,25,Grant,0,1,,1,1,2,1,0,3,2,,,,12,0,6,39.6,2,0,2,3,1,1,3,0,0,0,0,SR-17,RD 2 SE,-119.1947083,47.05769444,0,2,87,66,4,60,63,0,0,1,2,12,1,1,3,1,1,1,3,53,0,87,881,1996,0,,12,,,,,,1,1,27,1,0,,0,0,3,0,11,0,,,,,6,1,0,3,1,0,,,,96,,,,,,0,,,,,,99130,53,70,150,6,1,0,0,1,0,,0,,,,,,0,12/15/2015,12/15/2015,20,0,0,0,8,9,8,,,0,,,8,8,0,0,,,0,,,0,0,996,,,,,,,,,,,,,,,,,,,,,,,,,,,,,,0,0,0,1,0,0,0,0,0,0,0,0,0,0,0,0,0,0,1,0,0,0,0,0,0,1,1,1,0,1,1,0,0,0,0,,0,0,0,0,0,0,0,0,0,0,0,0,0,0,0,0,,,,,,26-30,26-35,State route,R,Friday,,MHTRUCK,Not Fatal,1,0,0,0,State Route,State Patrol,Washington State Patrol,0,1,0,0,0,,,,,,0,0,0,,,,,,,,,,,0,0,0,0,,,,,20,7,,,,,,,,1,0,,,,,,
2021,368,EB70747,6,09/18/2021,13:09,18,9,,25,Grant,0,1,,1,1,2,1,0,1,1,,,,1,0,0,20.2,1,0,1,4,1,1,3,0,0,0,0,SR-155,,-119.0876917,47.88524167,0,1,6,12,2,60,14,0,0,1,2,1,3,2,2,1,14,1,3,53,0,20,401,1997,0,,63,69,68,64,1,,1,1,27,2,7,,4,0,20,7,11,5,09/18/2021,13:53,83053047131,47131,0,0,0,3,1,58,,,,92,,,,,,98,,,,,,99133,53,63,160,6,1,0,1,0,0,,0,,,,,,0,08/15/2019,08/15/2019,20,1,9,0,0,9,8,,,0,,,8,8,2,1,,,1,,,2,1,0.192,,,,,,,,,,,,,,,,,,,,,,,,,,,,,,0,0,1,0,1,1,0,1,0,0,0,0,0,0,0,0,1,0,0,1,0,0,0,0,0,0,0,0,0,1,0,0,0,1,0,,1,0,0,0,0,1,0,1,1,0,0,0,0,1,0,1,,,,,,26-30,26-35,State route,R,Saturday,Not Used,PV,White,0,1,0,0,State Route,State Patrol,Washington State Patrol,1,1,0,0,0,,,,,,0,0,0,,,,,,,,,,,0,0,0,1,,,,,20,,,,,,,,,1,0,,,,,,
2017,538,E743501,30,12/02/2017,0:00,2,12,0,43,Lincoln,0,5,0,9,99,2,1,0,1,1,,,,31,0,0,9999.9,1,0,1,5,1,2,4,0,0,0,0,CR-DUCK LAKE RD,,-118.3567667,47.46488611,0,1,2,13,2,50,4,0,0,1,5,1,3,2,2,1,14,1,1,53,0,49,32,2003,0,0,63,69,63,31,30,1,1,1,70,1,7,1,4,0,20,0,11,1,12/08/2017,21:38,2.11053E+11,53210,0,0,0,3,1,58,87,0,0,96,,,,,,99,,,,,,99134,53,71,175,6,1,0,0,0,0,0,0,,,,,,9,,,1,1,9,0,0,9,8,,,0,0,0,8,9,0,0,0,0,0,0,0,0,0,996,,,,,,,,,,,,,,,,,,,,,,,,,,,,,,0,0,0,0,0,0,0,0,0,0,0,0,0,0,0,0,0,0,0,1,0,0,0,0,0,1,1,0,0,1,0,0,0,1,0,,1,0,0,0,0,0,0,0,0,0,0,0,0,0,0,0,,,,,,66-70,66-75,County road,R,Saturday,Not Used,PV,White,0,1,0,0,County Road,County Sheriff,Lincoln County Sheriff's Office,1,0,1,0,0,,,,,,,,,,,,,,,,,,,,,,,,,,,,,,,,,,,,,,,,,,,
2018,146,E802399,4,05/22/2018,13:50,22,5,0,63,Spokane,2113,1,0,1,1,2,1,0,4,3,13:55,13:59,14:28,24,0,0,0.4,5,1,1,1,2,1,1,0,0,0,0,I-90 RAMP 090S128446,,-117.3331306,47.65393333,0,3,98,60,4,60,4,0,0,1,5,12,2,8,3,3,14,1,1,53,0,30,40,2006,0,0,12,,,,,,1,1,70,2,0,0,0,0,3,0,11,0,,,,,0,0,3,3,1,0,0,0,0,96,,,,,,0,,,,,,99134,53,65,170,6,1,0,0,0,0,,0,,,,,,0,,,20,0,0,0,8,9,8,,,0,0,0,8,0,8,95,,,96,,,8,95,995,,,,,,,,,,,,,,,,,,,,,,,,,,,,,,0,0,1,0,0,0,0,0,0,0,0,0,1,0,0,0,0,0,0,0,0,0,0,0,0,1,1,0,1,1,0,0,0,0,0,,0,0,0,0,0,0,0,0,0,0,0,0,0,0,0,0,,,,,,66-70,66-75,Interstate,U,Tuesday,Belt Used,PV,Not Fatal,0,1,0,0,State Route,State Patrol,Washington State Patrol Headquarter,1,1,0,0,0,,,,,,0,0,0,,,,,,,,,,,,,,,,,,,,,,,,,,,,,,,,,,,
2019,194,E933789,6,06/09/2019,3:55,9,6,,25,Grant,0,1,0,2,1,2,1,0,8,4,,,,35,0,0,55.4,1,0,1,3,1,1,3,0,0,0,0,SR-17,,-119.4005278,47.22272222,0,3,98,90,6,60,2,0,0,1,5,54,1,1,2,1,1,3,2,53,0,20,36,2004,0,0,54,,,,,,1,1,59,2,0,,0,0,3,0,11,0,,,,,0,0,3,3,1,0,0,0,0,96,,,,,,0,,,,,,99135,53,67,210,6,1,0,1,0,0,,0,,,,,,0,12/15/2018,12/15/2018,20,0,0,0,8,9,8,,,0,0,0,8,0,8,95,,,96,,,8,95,995,,,,,,,,,,,,,,,,,,,,,,,,,,,,,,0,0,1,0,0,0,0,0,0,0,0,0,0,1,0,1,0,0,0,1,0,0,0,1,1,0,0,0,0,1,0,0,0,0,0,,0,0,0,0,0,0,0,0,0,0,0,0,0,0,0,0,,,,,,56-60,56-65,State route,R,Sunday,Belt Used,PV,Not Fatal,0,1,0,0,State Route,State Patrol,Washington State Patrol,1,1,0,0,0,,,,,,0,0,0,,,,,,,,,,,98,98,98,0,,,,,20,7,,,,,,,,,,,,,,,