year,case,par,repjur,crash_dt,crash_tm,accday,accmon,holiday,county,co_char,city,weather,weather2,lightcond,surfcond,surftype,numfatal,nmforms,pforms,vforms,not_tm,arr_tm,hosp_tm,fhevent,hitrun,manncol,milepnt,reljunc,reljuncinter,intersectiontype,funcsystem,landuse,ownership,route,schlbus,spejur,contdev,devfunc,trafid1,trafid2,x,y,wk_zone,vnumber,crashtype,criticalevent,criticaleventcat,spdlim,body,trailer,emerg,hazcargo,leave,mhevent,roadalgn,roadprof,traflane,trafflow,vehmanvr,numoccs,regowner,regstate,spuse,make,model,modelyr,vrf1,vrf2,seqevent1,seqevent2,seqevent3,seqevent4,seqevent5,seqevent6,pnumber,ptype,age,sex,hispanic,race,injury,diedscene,restraint,restraintmisuse,seatpos,takehosp,death_dt,death_tm,cert,cernum_wa,commlic,licendor,licrestrict,liccomp,drivpres,drf1,drf2,drf3,drf4,distract1,distract2,distract3,distract4,distract5,distract6,dricond1,dricond2,dricond3,dricond4,dricond5,dricond6,dzip,licstate,drhgt_in,weight,noncdl,noncdltype,prevdwi,prevoth,prevacc,prevspd,prevsus,driviol1,driviol2,driviol3,driviol4,driviol5,driviol6,spdrel,first_dt,last_dt,airbag,ejection,ejectpath,extricat,injurwrk,methalc,methdrug,nmlocat,strikveh,prf1,prf2,prf3,druginv,alcinvol,drugsts,drugres1,drugres2,drugres3,drugtst1,drugtst2,drugtst3,alcsts,alctst,alcres,nmact1,nmact2,nmact3,nmact4,nmact5,nmact6,nmprior1,nmprior2,nmprior3,nmprior4,nmprior5,nmprior6,nmcond1,nmcond2,nmcond3,nmcond4,nmcond5,nmcond6,nmsafe_helmet,nmsafe_pads,nmsafe_oth,nmprev_ref,nmprev_lgt,nmprev_oth,crashlocation,nmcrashtype,crosswalk,schoolzone,sidewalk,train_inv,wildlife_inv,rotr_fars,intersect_fars,dd_inv,aid_inv,dpd_inv,id_inv,mj_inv,impnm_inv,ainm_inv,dpnm_inv,speed_inv,unlic_inv,unendmc_inv,drowsy_inv,drdist_inv,nmdist_inv,fty_inv,unrestfat_inv,dr1617_inv,dr1820_inv,dr1620_inv,dr2125_inv,dr1625_inv,dr65_inv,dr70_inv,dr75_inv,mc_inv,pv_inv,ht_inv,ped_inv,bike_inv,unrest_fat,mc_fat,unhelmet_mc,pv_fat,ht_fat,ped_fat,bike_fat,dr_alc7,dr_alc8,dr_drug,dr_imp,dr_dist,dr_spd,dr_fty,dr_unlic,dr_alc7only,dr_alc8only,dr_drugonly,dr_drink,nm_imp,nm_alc7,nm_alc8,nm_drug,nm_dist,agegrp1,agegrp2,roadclass,urbrur,dayweek,restuse,vehtype,race_me,intersect,lanedep,oppdir,wrongway,rep_typ,investag,repag_long,rotr,st_rd,cty_rd,city_rd,oth_rd,drug_thc,thc_res,drug_cthc,cthc_res,drug_cann,prevpersemin,prevperse,prevsusoth,drugtst4,drugtst5,drugtst6,drugtst7,drugtst8,drugres4,drugres5,drugres6,drugres7,drugres8,adspresent,adsengaged,adslevel,race1,race2,race3,race4,race5,helmet,helmetmisuse,nmdistract1,nmdistract2,nmdistract3,nmdistract4,nmdistract5,nmdistract6,lab,isedtcase,crf1,crf2,crf3,CoRoadName,CoMP,IntCoRoadName,IntCoMP
2018,253,E821202,4,07/20/2018,18:37,20,7,0,65,Stevens,0,1,0,1,1,2,1,0,2,2,18:39,18:47,20:00,12,0,2,189.9,1,0,1,3,1,1,2,0,0,0,0,US-395,,-117.5653306,47.99375556,0,1,50,10,2,60,4,0,0,1,2,12,2,1,2,1,14,1,1,53,0,20,25,2016,0,0,68,12,,,,,1,1,42,2,0,0,3,0,3,0,11,5,,,,,0,0,0,3,1,28,0,0,0,92,,,,,,9,,,,,,99138,53,61,120,6,1,0,1,0,2,,97,,,,,,0,03/15/2015,01/15/2018,8,0,0,0,8,9,2,,,0,0,0,1,0,2,155,,,1,,,2,1,0,,,,,,,,,,,,,,,,,,,,,,,,,,,,,,0,0,0,0,0,0,1,1,0,0,0,0,0,0,0,0,1,0,0,0,0,0,0,1,1,0,0,0,0,1,0,0,0,0,0,,0,0,0,0,0,0,1,1,1,0,0,0,0,0,1,0,,,,,,41-45,36-45,US highway,R,Friday,Belt Used,PV,Not Fatal,0,1,1,0,State Route,State Patrol,Washington State Patrol,0,1,0,0,0,,,,,,0,0,3,,,,,,,,,,,,,,,,,,,,,,,,,,,,,,,,,,,
2021,638,Incid09,334,09/05/2021,1:36,5,9,,19,Ferry,0,98,,6,98,8,1,0,1,1,,,,42,0,0,9999.8,1,0,1,96,6,96,8,0,3,0,0,BRIDGE CREEK RD,,-778.3049361,78.30493611,0,1,98,19,2,98,34,0,0,1,5,42,8,8,8,8,99,1,0,53,0,20,481,1992,0,,79,42,42,,,,1,1,48,1,7,,4,7,98,7,11,0,09/05/2021,1:36,53044585,44585,0,0,0,3,1,0,,,,96,,,,,,98,,,,,,99138,53,68,190,6,1,0,0,0,1,,0,,,,,,0,10/15/2017,10/15/2017,98,0,0,0,9,9,8,,,0,,,8,8,2,1,,,1,,,2,1,0.19,,,,,,,,,,,,,,,,,,,,,,,,,,,,,,0,0,0,0,1,1,0,1,0,0,0,0,0,0,0,0,0,0,0,0,0,0,0,0,0,0,0,0,0,1,0,0,0,0,0,,1,0,0,0,0,1,0,1,0,0,0,0,0,1,0,1,,,,,,46-50,46-55,Other,,Sunday,Unknown,PV,AIAN,0,0,0,0,Other,,,0,0,0,0,1,,,,,,0,0,0,,,,,,,,,,,0,0,0,3,,,,,20,,,,,,,,,0,0,,,,,,
2018,11,E757817,4,01/11/2018,11:06,11,1,0,19,Ferry,0,4,0,1,3,2,1,0,3,2,,,,12,0,6,257.6,1,0,1,3,1,1,2,0,0,0,0,US-395,,-118.1419361,48.77537222,0,1,66,6,1,55,1,0,0,1,2,12,3,2,2,1,14,1,2,53,0,6,43,2000,0,0,68,12,,,,,1,1,32,2,1,98,4,7,3,0,11,0,01/11/2018,11:06,53003919,3919,0,0,0,2,1,28,87,0,0,96,,,,,,9,,,,,,99141,53,67,190,3,1,0,0,0,0,,0,,,,,,4,,,20,0,0,0,0,9,8,,,0,0,0,8,1,2,605,695,996,1,1,1,2,1,0.19,,,,,,,,,,,,,,,,,,,,,,,,,,,,,,0,0,0,0,1,1,1,1,1,0,0,0,1,1,0,0,0,0,0,0,0,0,0,0,0,0,0,0,0,1,0,0,0,0,0,,1,0,0,0,0,1,1,1,0,1,0,1,0,0,0,1,,,,,,31-35,26-35,US highway,R,Thursday,Belt Used,PV,Hispanic,0,1,1,0,State Route,State Patrol,Washington State Patrol Headquarter,0,1,0,0,0,thc,2.4,carboxy-thc,9,,0,0,0,1,1,,,,996,996,,,,,,,,,,,,,,,,,,,,,,,,,,,,
2018,11,E757817,4,01/11/2018,11:06,11,1,0,19,Ferry,0,4,0,1,3,2,1,0,3,2,,,,12,0,6,257.6,1,0,1,3,1,1,2,0,0,0,0,US-395,,-118.1419361,48.77537222,0,2,66,62,4,55,34,0,0,1,2,12,2,2,2,1,14,2,3,53,0,49,481,1997,0,0,12,,,,,,1,1,26,1,0,0,1,0,3,0,11,4,,,,,0,0,0,3,1,0,0,0,0,96,,,,,,0,,,,,,99141,53,73,175,6,1,0,1,0,0,,0,,,,,,0,06/15/2013,06/15/2013,1,0,0,0,8,9,8,,,0,0,0,8,0,8,95,,,96,,,8,95,995,,,,,,,,,,,,,,,,,,,,,,,,,,,,,,0,0,0,0,1,1,1,1,1,0,0,0,1,1,0,0,0,0,0,0,0,0,0,0,0,0,0,0,0,1,0,0,0,0,0,,0,0,0,0,0,0,0,0,0,0,0,0,0,0,0,0,,,,,,26-30,26-35,US highway,R,Thursday,Belt Used,PV,Not Fatal,0,1,1,0,State Route,State Patrol,Washington State Patrol Headquarter,0,1,0,0,0,,,,,,0,0,0,,,,,,,,,,,,,,,,,,,,,,,,,,,,,,,,,,,
2019,398,E979944,4,11/06/2019,15:10,6,11,,65,Stevens,0,1,0,1,1,2,1,0,2,2,,,,12,0,2,219.1,1,0,1,3,1,1,2,0,0,0,0,US-395,,-117.8287417,48.33525833,0,2,51,62,4,60,80,0,0,1,2,12,8,8,2,1,1,1,2,53,0,72,706,2018,0,0,12,,,,,,1,1,57,1,7,,4,0,20,7,11,4,11/06/2019,16:03,41053049913,49913,0,0,3,3,1,0,0,0,0,96,,,,,,99,,,,,,99141,53,71,230,6,1,0,0,0,0,,0,,,,,,0,,,20,8,0,0,0,9,8,,,0,0,0,8,9,2,1,,,1,,,2,1,0,,,,,,,,,,,,,,,,,,,,,,,,,,,,,,0,0,0,0,0,0,0,0,0,0,0,0,0,0,0,0,0,0,0,0,0,0,0,0,0,1,1,1,1,1,0,0,0,0,1,0,0,0,0,0,0,0,0,0,0,0,0,0,0,0,0,0,,,,,,56-60,56-65,US highway,R,Wednesday,,MC,White,0,1,1,0,State Route,State Patrol,Washington State Patrol,0,1,0,0,0,,,,,,0,0,0,,,,,,,,,,,0,0,0,1,,,,,5,0,,,,,,,,,,,,,,,
2020,85,EA27983,4,04/05/2020,10:16,5,4,,1,Adams,0,1,,1,1,2,1,0,1,1,10:20,10:25,,1,0,0,76.7,1,0,1,2,1,1,2,0,0,0,0,US-395,,-118.6841722,46.82020556,0,1,7,12,2,70,34,0,0,1,2,1,1,1,2,2,1,1,1,53,0,12,481,2007,0,,64,1,,,,,1,1,52,2,7,,4,7,20,7,11,0,04/05/2020,10:16,1.87053E+11,16087,0,0,0,3,1,58,,,,96,,,,,,9,,,,,,99141,53,62,176,6,1,0,0,0,0,,0,,,,,,0,,,8,1,9,0,9,1,8,,,0,,,1,1,2,695,605,,1,1,,2,1,0.257,,,,,,,,,,,,,,,,,,,,,,,,,,,,,,0,0,0,0,1,1,1,1,1,0,0,0,0,0,0,0,0,0,0,1,0,0,0,0,0,0,0,0,0,1,0,0,0,1,0,,1,0,0,0,0,1,1,1,0,0,0,0,0,0,0,1,,,,,,51-55,46-55,US highway,R,Sunday,Not Used,PV,White,0,1,0,0,State Route,State Patrol,Washington State Patrol,1,1,0,0,0,thc,10,carboxy-thc,58,,0,0,0,,,,,,,,,,,98,98,98,1,,,,,20,7,,,,,,,nms,1,0,,,,,,
2020,110,EA31318,18,04/26/2020,19:46,26,4,,19,Ferry,0,1,,5,1,4,1,0,3,2,,,,12,0,8,0.1,1,0,1,7,1,2,4,0,0,0,0,CR-LAKE ELLEN RD,,-118.1801056,48.53921389,0,2,66,54,3,30,80,0,0,1,2,12,1,1,8,1,1,1,2,53,0,76,705,2015,0,,12,,,,,,1,1,27,1,7,,4,0,20,7,11,4,04/26/2020,21:41,2.11053E+11,19810,0,0,0,2,1,8,,,,96,,,,,,98,,,,,,99141,53,76,200,1,1,0,0,0,1,,0,,,,,,3,10/15/2019,10/15/2019,20,8,0,0,0,9,8,,,0,,,8,8,2,407,402,,1,1,,2,1,0.063,,,,,,,,,,,,,,,,,,,,,,,,,,,,,,0,0,0,0,1,0,1,1,0,0,0,0,1,1,1,0,0,0,0,0,0,0,0,1,1,0,0,0,1,0,0,0,0,0,1,0,0,0,0,0,1,0,1,1,0,1,0,1,0,0,0,1,,,,,,26-30,26-35,County road,R,Sunday,,MC,White,0,1,1,0,County Road,County Sheriff,Ferry County Sheriff's Office,0,0,1,0,0,,,,,,0,0,1,,,,,,,,,,,0,0,0,1,,,,,5,0,,,,,,,,1,0,,,LAKE ELLEN RD,0.1,,
2017,95,E658391,4,03/28/2017,15:56,28,3,0,63,Spokane,0,2,0,1,2,2,1,0,4,2,15:23,15:36,16:26,12,0,6,185.8,2,0,2,3,1,1,2,0,0,0,0,US-395,W DAHL RD,-117.4965444,47.96049167,0,2,89,66,4,60,5,0,0,1,2,12,8,8,3,1,1,3,1,53,0,63,33,2005,0,0,12,,,,,,1,1,43,2,7,1,4,7,3,0,11,0,03/28/2017,15:56,53015340,15340,0,0,0,3,1,0,0,0,0,0,,,,,,0,,,,,,99148,53,69,150,6,1,0,0,1,1,0,0,,,,,,0,08/15/2014,09/15/2016,1,0,0,0,0,9,8,,,0,0,0,8,0,2,1,0,0,1,0,0,2,1,0,,,,,,,,,,,,,,,,,,,,,,,,,,,,,,0,0,0,1,0,0,0,0,0,0,0,0,0,0,0,0,0,0,1,0,1,0,1,0,1,0,0,0,0,1,0,0,0,0,0,,1,0,0,0,0,0,0,0,0,0,0,0,0,0,0,0,,,,,,41-45,36-45,US highway,R,Tuesday,Belt Used,PV,White,1,0,0,0,State Route,State Patrol,Washington State Patrol Headquarter,0,1,0,0,0,,,,,,,,,,,,,,,,,,,,,,,,,,,,,,,,,,,,,,,,,,,
2020,186,EA41787,40,06/19/2020,1:05,19,6,,63,Spokane,0,1,,2,1,2,1,0,1,1,,,,32,0,0,5.6,1,0,1,5,1,2,4,0,0,0,0,CR-S WELLS RD,,-117.4919333,47.33354444,0,1,1,13,2,98,4,0,0,1,2,1,3,2,2,1,14,1,1,53,0,10,41,1996,0,,63,32,1,,,,1,1,90,1,7,,4,7,20,7,11,0,06/19/2020,1:34,53028759,28759,0,0,0,3,1,0,,,,96,,,,,,0,,,,,,99149,53,67,160,6,1,0,0,0,0,,0,,,,,,0,,,1,1,9,0,0,9,8,,,0,,,8,8,2,1,,,1,,,2,1,0.25,,,,,,,,,,,,,,,,,,,,,,,,,,,,,,0,0,1,0,1,1,0,1,0,0,0,0,0,0,0,0,0,0,0,1,0,0,0,0,0,1,1,1,0,1,0,0,0,1,0,,1,0,0,0,0,1,0,1,0,0,0,0,0,1,0,1,,,,,,81+,76+,County road,R,Friday,Not Used,PV,White,0,1,0,0,County Road,County Sheriff,Spokane County Sheriff's Office,1,0,1,0,0,,,,,,0,0,0,,,,,,,,,,,0,0,0,1,,,,,20,7,,,,,,,,1,0,,,WELLS RD,5.55,,
2020,503,EA91976,4,12/21/2020,10:39,21,12,,51,Pend Oreille,0,2,,1,2,2,1,0,2,2,10:42,10:54,11:25,12,0,6,420.3,2,0,2,4,1,1,3,0,0,0,0,SR-20,MCKENZIE,-117.2872389,48.31018056,0,2,83,67,4,55,61,0,0,1,2,12,1,1,2,1,1,1,2,53,0,12,881,2004,0,,12,64,2,,,,1,1,82,1,0,,3,0,99,7,11,5,,,,,6,0,3,3,1,0,,,,96,,,,,,0,,,,,,99152,53,72,200,6,1,0,0,0,1,,0,,,,,,0,04/15/2017,04/15/2017,1,0,0,0,8,9,8,,,0,,,8,8,0,0,,,0,,,0,0,996,,,,,,,,,,,,,,,,,,,,,,,,,,,,,,0,0,0,1,0,0,0,0,0,0,0,0,0,0,0,0,0,0,1,0,0,0,0,0,0,1,1,1,0,1,1,0,0,0,0,,0,0,0,0,0,0,0,0,0,0,0,0,0,0,0,0,,,,,,81+,76+,State route,R,Monday,,MHTRUCK,Not Fatal,1,0,0,0,State Route,State Patrol,Washington State Patrol,0,1,0,0,0,,,,,,0,0,0,,,,,,,,,,,98,98,98,0,,,,,20,7,,,,,,,,1,0,,,,,,
2018,42,E770752,6,02/15/2018,6:52,15,2,0,47,Okanogan,0,1,0,4,1,2,1,0,1,1,,,,34,0,0,41.6,1,0,1,4,1,1,3,0,3,0,0,SR-155,,-118.9759889,48.15092778,0,1,2,10,2,60,14,0,0,1,2,1,2,2,2,1,14,1,2,53,0,18,401,2005,0,0,68,64,69,68,63,34,1,1,38,2,7,3,4,7,20,0,11,0,02/15/2018,6:52,1.47053E+11,7539,8,0,3,3,1,58,0,0,0,96,,,,,,9,,,,,,99155,53,64,180,6,1,0,0,0,0,,0,,,,,,0,,,20,1,9,0,0,1,8,,,0,0,0,8,1,2,1,,,1,,,2,1,0.22,,,,,,,,,,,,,,,,,,,,,,,,,,,,,,0,0,0,0,1,1,0,1,0,0,0,0,0,0,0,0,0,0,0,1,0,0,0,0,0,0,0,0,0,1,0,0,0,1,0,,1,0,0,0,0,1,0,1,0,0,0,0,0,1,0,1,,,,,,36-40,36-45,State route,R,Thursday,Not Used,PV,AIAN,0,1,0,0,State Route,State Patrol,Washington State Patrol Headquarter,1,1,0,0,0,,,,,,0,0,0,,,,,,,,,,,,,,,,,,,,,,,,,,,,,,,,,,,
2018,263,E823717,6,07/26/2018,4:21,26,7,0,47,Okanogan,0,1,0,2,1,2,1,0,1,1,,,,1,0,0,34.2,1,0,1,4,1,1,3,0,3,0,0,SR-155,,-118.9856028,48.05089167,0,1,1,13,2,45,80,0,0,1,7,1,3,2,2,1,14,1,1,53,0,76,706,2017,0,0,63,1,42,,,,1,1,18,1,7,3,4,7,19,0,11,0,07/26/2018,4:21,53032772,32772,0,0,0,3,1,0,0,0,0,96,,,,,,9,,,,,,99155,53,72,300,6,1,0,0,0,0,,0,,,,,,4,,,20,8,0,0,0,1,8,,,0,0,0,8,1,2,605,695,,1,1,,2,1,0.15,,,,,,,,,,,,,,,,,,,,,,,,,,,,,,0,0,1,0,1,1,1,1,1,0,0,0,1,0,0,0,0,0,0,0,0,1,1,0,1,0,0,0,1,0,0,0,0,0,1,0,0,0,0,0,0,1,1,1,0,1,0,0,0,0,0,1,,,,,,18-20,16-25,State route,R,Thursday,,MC,AIAN,0,0,0,0,State Route,State Patrol,Washington State Patrol,0,1,0,0,0,thc,8.7,carboxy-thc,36,,0,0,0,,,,,,,,,,,,,,,,,,,,,,,,,,,,,,,,,,,
2018,471,E874335,4,12/19/2018,7:26,19,12,0,63,Spokane,0,1,0,1,2,2,1,0,6,3,7:28,7:51,8:22,12,0,1,266.1,3,0,2,3,1,1,2,0,0,0,0,US-2,CHRISTENSEN RD,-117.6686028,47.64293611,0,1,20,10,2,55,20,0,0,1,2,12,1,1,3,1,1,1,2,53,0,7,442,2002,0,0,12,,,,,,1,1,45,1,0,0,2,0,3,0,11,5,,,,,0,0,0,3,1,91,0,0,0,96,,,,,,9,,,,,,99155,53,70,195,6,1,1,1,0,1,,1,,,,,,0,12/15/2015,11/15/2016,1,0,0,0,8,9,8,,,0,0,0,8,1,2,605,695,401,1,1,1,2,1,0.016,,,,,,,,,,,,,,,,,,,,,,,,,,,,,,0,0,0,1,1,0,1,1,1,0,0,0,0,0,0,0,0,0,0,0,0,0,0,0,0,0,0,0,0,1,1,0,0,0,0,,0,0,0,0,1,0,1,1,0,0,0,0,0,0,0,1,,,,,,41-45,36-45,US highway,R,Wednesday,Belt Used,PV,Not Fatal,1,0,0,0,State Route,State Patrol,Washington State Patrol,0,1,0,0,0,thc,4.1,carboxy-thc,53,,0,0,1,1,,,,,417,,,,,,,,,,,,,,,,,,,,,,,,,,,,,
2019,169,E927685,2,06/03/2019,1:36,3,6,,57,Skagit,0,1,0,2,1,2,1,0,3,1,,,,42,0,0,109.2,1,0,1,4,1,1,3,0,0,0,0,SR-20,,-121.4078667,48.57478056,0,1,1,13,2,50,34,0,0,1,2,42,3,1,2,1,14,3,2,53,0,12,473,2002,0,0,63,42,,,,,1,1,43,1,0,,0,0,99,7,11,0,,,,,0,0,0,2,1,0,0,0,0,96,,,,,,9,,,,,,99155,53,70,178,1,1,0,1,0,0,,11,,,,,,0,10/15/2015,03/15/2018,1,0,0,0,8,9,2,,,0,0,0,1,1,2,695,,,1,,,2,1,0.19,,,,,,,,,,,,,,,,,,,,,,,,,,,,,,0,0,1,0,1,1,1,1,1,0,0,0,0,1,0,0,0,0,0,1,0,0,0,0,0,0,0,0,0,1,0,0,0,0,0,,0,0,0,0,0,1,1,1,0,0,0,1,0,0,0,1,,,,,,41-45,36-45,State route,R,Monday,Unknown,PV,Not Fatal,0,1,0,0,State Route,State Patrol,Washington State Patrol,1,1,0,0,0,,,carboxy-thc,8,,0,0,2,,,,,,,,,,,98,98,98,0,,,,,20,7,,,,,,,,,,,,,,,
2019,435,E991663,6,11/29/2019,19:30,29,11,,47,Okanogan,0,1,0,2,1,2,1,0,1,1,,,,1,0,0,28.8,1,0,1,4,1,1,3,0,3,0,0,SR-155,,-118.9571083,47.98922222,0,1,2,13,2,60,14,0,0,1,7,1,3,2,2,1,14,1,1,53,0,20,404,2014,0,0,63,69,68,68,63,1,1,1,70,2,7,,4,7,3,0,11,0,11/29/2019,19:30,53052462,52462,0,0,3,2,1,0,0,0,0,92,,,,,,0,,,,,,99155,53,64,195,3,1,0,0,0,0,,0,,,,,,0,,,8,0,0,0,0,9,8,,,0,0,0,8,0,8,95,,,96,,,8,95,995,,,,,,,,,,,,,,,,,,,,,,,,,,,,,,0,0,0,0,0,0,0,0,0,0,0,0,0,1,0,0,1,0,0,0,0,0,0,0,0,1,1,0,0,1,0,0,0,0,0,,1,0,0,0,0,0,0,0,1,0,0,1,0,0,0,0,,,,,,66-70,66-75,State route,R,Friday,Belt Used,PV,AIAN,0,1,0,0,State Route,State Patrol,Washington State Patrol,1,1,0,0,0,,,,,,0,0,0,,,,,,,,,,,98,98,98,3,,,,,20,7,,,,,,,,,,,,,,,
2021,636,Incid08,334,08/08/2021,9:38,8,8,,47,Okanogan,0,98,,8,98,2,1,0,2,2,,,,12,0,1,41.9,8,0,1,4,1,1,3,0,0,0,0,SR-155,,-118.9767944,48.14293889,0,2,29,53,3,98,4,0,0,1,5,12,1,2,2,1,2,1,2,53,0,49,40,2017,0,,12,,,,,,1,1,18,1,0,,0,0,98,7,11,0,,,,,0,0,0,0,1,0,,,,96,,,,,,98,,,,,,99155,53,67,140,0,0,0,0,0,0,,97,,,,,,0,,,20,0,0,0,8,9,8,,,0,,,8,8,8,95,,,96,,,8,95,995,,,,,,,,,,,,,,,,,,,,,,,,,,,,,,0,0,0,0,1,1,1,1,0,0,0,0,0,1,0,0,0,0,0,0,0,1,1,0,1,0,0,0,0,1,0,0,0,0,0,,0,0,0,0,0,0,0,0,0,0,0,1,0,0,0,0,,,,,,18-20,16-25,State route,R,Sunday,Unknown,PV,Not Fatal,0,0,0,0,State Route,,,0,1,0,0,0,,,,,,0,0,0,,,,,,,,,,,98,98,98,0,,,,,20,,,,,,,,,0,0,,,,,,
2020,554,3267505,34,01/04/2020,1:40,4,1,,51,Pend Oreille,0,5,,3,4,2,1,0,1,1,1:40,1:53,,32,0,0,9999.8,1,0,1,5,1,2,4,0,0,0,0,CR-LECLERC RD S,,-117.0442,48.210775,0,1,7,5,1,55,14,0,0,1,2,1,3,1,2,1,14,1,1,53,0,53,405,2006,0,,68,64,32,1,,,1,1,63,2,7,,4,7,3,0,11,0,01/04/2020,1:40,53000471,471,0,0,0,3,1,87,,,,96,,,,,,98,,,,,,99156,53,71,150,6,1,0,0,0,0,,0,,,,,,4,,,20,0,0,1,0,9,8,,,0,,,8,8,8,95,,,96,,,8,95,995,,,,,,,,,,,,,,,,,,,,,,,,,,,,,,0,0,0,0,0,0,0,0,0,0,0,0,1,0,0,0,0,0,0,0,0,0,0,0,0,0,0,0,0,1,0,0,0,0,0,,1,0,0,0,0,0,0,0,0,1,0,0,0,0,0,0,,,,,,61-65,56-65,County road,R,Saturday,Belt Used,PV,White,0,1,0,0,County Road,County Sheriff,Pend Oreille County Sheriff's Offic,1,0,1,0,0,,,,,,0,0,0,,,,,,,,,,,98,98,98,1,,,,,20,7,,,,,,,,0,0,,,,,,
2017,138,E670168,4,05/05/2017,15:29,5,5,0,51,Pend Oreille,0,2,0,1,2,2,1,0,5,2,15:41,16:02,16:25,12,0,6,321.1,1,0,1,3,1,1,2,0,0,0,0,US-2,,-117.130175,48.14783056,0,1,98,52,3,60,4,0,0,1,2,12,1,2,2,1,1,4,1,53,0,37,32,1994,0,0,68,12,64,53,,,1,1,18,1,0,0,2,0,3,0,11,5,,,,,0,0,3,3,1,28,0,0,0,93,,,,,,0,,,,,,99156,53,67,132,6,1,0,1,1,1,1,69,,,,,,0,07/15/2012,03/15/2017,1,0,0,0,8,9,8,,,0,0,0,8,0,2,1,0,0,1,0,0,2,1,0,,,,,,,,,,,,,,,,,,,,,,,,,,,,,,0,0,0,0,0,0,0,0,0,0,0,0,0,0,0,0,1,0,0,1,0,1,1,0,1,0,0,0,0,1,1,0,0,0,0,,0,0,0,0,0,0,0,0,1,0,0,0,0,0,0,0,,,,,,18-20,16-25,US highway,R,Friday,Belt Used,PV,Not Fatal,0,1,1,0,State Route,State Patrol,Washington State Patrol Headquarter,0,1,0,0,0,,,,,,,,,,,,,,,,,,,,,,,,,,,,,,,,,,,,,,,,,,,
2018,215,E814424,34,07/02/2018,9:28,2,7,0,51,Pend Oreille,0,1,0,1,1,2,1,0,1,1,9:29,9:41,,1,0,0,13.9,1,0,1,5,1,2,4,0,0,0,0,CR-LECLERC RD S,,-117.2410417,48.30667222,0,1,6,13,2,50,90,0,0,1,5,1,4,1,2,1,14,1,1,53,0,98,734,2016,0,0,63,69,68,64,1,,1,1,68,1,7,1,4,7,17,0,11,0,07/02/2018,9:28,53029104,29104,0,0,3,3,1,58,0,0,0,96,,,,,,0,,,,,,99156,53,69,235,6,1,0,0,0,0,,0,,,,,,0,,,20,2,9,0,0,9,8,,,0,0,0,8,0,8,95,,,96,,,8,95,995,,,,,,,,,,,,,,,,,,,,,,,,,,,,,,0,0,1,0,0,0,0,0,0,0,0,0,0,0,0,0,0,0,0,0,0,0,0,0,0,1,0,0,0,0,0,0,0,0,0,,0,0,0,0,0,0,0,0,0,0,0,0,0,0,0,0,,,,,,66-70,66-75,County road,R,Monday,,OTHVT,White,0,1,0,0,County Road,County Sheriff,Pend Oreille County Sheriff's Offic,1,0,1,0,0,,,,,,0,0,0,,,,,,,,,,,,,,,,,,,,,,,,,,,,,,,,,,,
2019,33,E889102,4,02/01/2019,20:10,1,2,,51,Pend Oreille,0,2,0,2,2,2,1,0,3,3,,,,12,0,2,321.2,1,0,1,3,1,1,2,0,0,0,0,US-2,,-117.1279833,48.14793333,0,2,51,62,4,60,6,0,0,1,2,12,1,2,2,1,1,1,2,53,0,24,10,2007,0,0,12,12,,,,,1,1,44,2,0,,3,0,3,0,11,8,,,,,0,0,0,3,1,0,0,0,0,96,,,,,,0,,,,,,99156,53,68,270,6,1,0,1,1,0,,0,,,,,,0,12/15/2018,12/15/2018,8,0,0,0,8,9,8,,,0,0,0,8,0,8,95,,,96,,,8,95,995,,,,,,,,,,,,,,,,,,,,,,,,,,,,,,0,0,0,0,1,1,0,1,0,0,0,0,1,0,0,0,0,0,0,1,0,0,0,0,0,0,0,0,0,1,1,0,0,0,0,,0,0,0,0,0,0,0,0,0,0,0,0,0,0,0,0,,,,,,41-45,36-45,US highway,R,Friday,Belt Used,PV,Not Fatal,0,1,1,0,State Route,State Patrol,Washington State Patrol,0,1,0,0,0,,,,,,0,0,1,,,,,,,,,,,98,98,98,0,,,,,20,7,,,,,,,,,,,,,,,
2020,503,EA91976,4,12/21/2020,10:39,21,12,,51,Pend Oreille,0,2,,1,2,2,1,0,2,2,10:42,10:54,11:25,12,0,6,420.3,2,0,2,4,1,1,3,0,0,20,3,SR-20,MCKENZIE,-117.2872389,48.31018056,0,1,82,15,2,35,34,0,0,1,2,12,1,1,2,1,11,1,1,53,0,20,481,1999,0,,12,63,3,,,,1,1,90,1,7,,4,7,3,0,11,0,12/21/2020,10:39,53060614,60614,0,0,3,3,1,38,,,,96,,,,,,9,,,,,,99156,53,68,120,6,1,0,0,0,0,,0,,,,,,0,,,8,0,0,0,0,9,8,,,0,,,8,8,2,1,,,1,,,2,1,0,,,,,,,,,,,,,,,,,,,,,,,,,,,,,,0,0,0,1,0,0,0,0,0,0,0,0,0,0,0,0,0,0,1,0,0,0,0,0,0,1,1,1,0,1,1,0,0,0,0,,1,0,0,0,0,0,0,0,0,0,1,0,0,0,0,0,,,,,,81+,76+,State route,R,Monday,Belt Used,PV,White,1,0,0,0,State Route,State Patrol,Washington State Patrol,0,1,0,0,0,,,,,,0,0,0,,,,,,,,,,,0,0,0,1,,,,,20,7,,,,,,,,1,0,,,,,,