year,case,par,repjur,crash_dt,crash_tm,accday,accmon,holiday,county,co_char,city,weather,weather2,lightcond,surfcond,surftype,numfatal,nmforms,pforms,vforms,not_tm,arr_tm,hosp_tm,fhevent,hitrun,manncol,milepnt,reljunc,reljuncinter,intersectiontype,funcsystem,landuse,ownership,route,schlbus,spejur,contdev,devfunc,trafid1,trafid2,x,y,wk_zone,vnumber,crashtype,criticalevent,criticaleventcat,spdlim,body,trailer,emerg,hazcargo,leave,mhevent,roadalgn,roadprof,traflane,trafflow,vehmanvr,numoccs,regowner,regstate,spuse,make,model,modelyr,vrf1,vrf2,seqevent1,seqevent2,seqevent3,seqevent4,seqevent5,seqevent6,pnumber,ptype,age,sex,hispanic,race,injury,diedscene,restraint,restraintmisuse,seatpos,takehosp,death_dt,death_tm,cert,cernum_wa,commlic,licendor,licrestrict,liccomp,drivpres,drf1,drf2,drf3,drf4,distract1,distract2,distract3,distract4,distract5,distract6,dricond1,dricond2,dricond3,dricond4,dricond5,dricond6,dzip,licstate,drhgt_in,weight,noncdl,noncdltype,prevdwi,prevoth,prevacc,prevspd,prevsus,driviol1,driviol2,driviol3,driviol4,driviol5,driviol6,spdrel,first_dt,last_dt,airbag,ejection,ejectpath,extricat,injurwrk,methalc,methdrug,nmlocat,strikveh,prf1,prf2,prf3,druginv,alcinvol,drugsts,drugres1,drugres2,drugres3,drugtst1,drugtst2,drugtst3,alcsts,alctst,alcres,nmact1,nmact2,nmact3,nmact4,nmact5,nmact6,nmprior1,nmprior2,nmprior3,nmprior4,nmprior5,nmprior6,nmcond1,nmcond2,nmcond3,nmcond4,nmcond5,nmcond6,nmsafe_helmet,nmsafe_pads,nmsafe_oth,nmprev_ref,nmprev_lgt,nmprev_oth,crashlocation,nmcrashtype,crosswalk,schoolzone,sidewalk,train_inv,wildlife_inv,rotr_fars,intersect_fars,dd_inv,aid_inv,dpd_inv,id_inv,mj_inv,impnm_inv,ainm_inv,dpnm_inv,speed_inv,unlic_inv,unendmc_inv,drowsy_inv,drdist_inv,nmdist_inv,fty_inv,unrestfat_inv,dr1617_inv,dr1820_inv,dr1620_inv,dr2125_inv,dr1625_inv,dr65_inv,dr70_inv,dr75_inv,mc_inv,pv_inv,ht_inv,ped_inv,bike_inv,unrest_fat,mc_fat,unhelmet_mc,pv_fat,ht_fat,ped_fat,bike_fat,dr_alc7,dr_alc8,dr_drug,dr_imp,dr_dist,dr_spd,dr_fty,dr_unlic,dr_alc7only,dr_alc8only,dr_drugonly,dr_drink,nm_imp,nm_alc7,nm_alc8,nm_drug,nm_dist,agegrp1,agegrp2,roadclass,urbrur,dayweek,restuse,vehtype,race_me,intersect,lanedep,oppdir,wrongway,rep_typ,investag,repag_long,rotr,st_rd,cty_rd,city_rd,oth_rd,drug_thc,thc_res,drug_cthc,cthc_res,drug_cann,prevpersemin,prevperse,prevsusoth,drugtst4,drugtst5,drugtst6,drugtst7,drugtst8,drugres4,drugres5,drugres6,drugres7,drugres8,adspresent,adsengaged,adslevel,race1,race2,race3,race4,race5,helmet,helmetmisuse,nmdistract1,nmdistract2,nmdistract3,nmdistract4,nmdistract5,nmdistract6,lab,isedtcase,crf1,crf2,crf3,CoRoadName,CoMP,IntCoRoadName,IntCoMP
2017,343,E699408,40,08/08/2017,7:23,8,8,0,63,Spokane,0,1,0,1,1,1,1,0,2,2,7:33,7:49,7:58,12,0,6,0.5,2,0,4,3,2,1,2,0,0,3,3,US-395 LX16569S,CR-E FARWELL RD,-117.3704778,47.77285556,0,1,79,17,2,35,80,0,0,1,2,12,1,4,2,2,1,1,2,16,0,53,705,2001,0,0,12,,,,,,1,1,24,1,7,1,4,0,19,0,11,8,08/09/2017,14:29,2.11053E+11,35572,0,0,0,2,1,0,0,0,0,96,,,,,,99,,,,,,99157,53,70,160,1,1,0,4,0,3,3,0,,,,,,3,11/15/2014,07/15/2017,20,8,0,0,0,9,8,,,0,0,0,8,9,2,605,695,0,1,1,0,2,1,0,,,,,,,,,,,,,,,,,,,,,,,,,,,,,,0,0,0,1,0,0,1,1,1,0,0,0,1,1,1,0,0,0,1,0,0,0,0,1,1,0,0,0,1,1,0,0,0,0,1,0,0,0,0,0,0,0,1,1,0,1,0,1,0,0,1,0,,,,,,21-25,16-25,US highway,U,Tuesday,,MC,White,1,0,0,0,State Route,County Sheriff,Spokane County Sheriff's Office,0,1,0,0,0,thc,4.3,carboxy-thc,18,,,,,,,,,,,,,,,,,,,,,,,,,,,,,,,,,,,,,,,
2019,174,E928744,30,06/02/2019,12:19,2,6,,1,Adams,0,1,0,1,1,2,1,0,3,2,,,,12,0,2,7.9,1,0,1,7,1,2,4,0,0,0,0,CR-DAVIS RD W,,-118.8163,47.26093611,0,2,51,54,3,50,4,0,0,1,7,12,1,1,2,1,1,1,2,53,0,20,25,2015,0,0,12,,,,,,1,1,20,1,0,,1,0,3,0,11,4,,,,,0,0,0,3,1,0,0,0,0,0,,,,,,0,,,,,,99159,53,69,145,6,1,0,0,0,0,,0,,,,,,0,,,8,0,0,0,8,9,8,,,0,0,0,8,0,8,95,,,96,,,8,95,995,,,,,,,,,,,,,,,,,,,,,,,,,,,,,,0,0,0,0,1,0,1,1,0,0,0,0,0,1,0,0,1,0,0,1,0,1,1,0,1,0,0,0,0,1,0,0,0,0,0,,0,0,0,0,0,0,0,0,0,0,0,0,0,0,0,0,,,,,,18-20,16-25,County road,R,Sunday,Belt Used,PV,Not Fatal,0,0,0,1,County Road,County Sheriff,Lincoln County Sheriff's Office,0,0,1,0,0,,,,,,0,0,0,,,,,,,,,,,98,98,98,0,,,,,20,7,,,,,,,,,,,,,,,
2020,416,EA73990,21,10/13/2020,15:46,13,10,,25,Grant,0,7,,1,1,7,1,0,2,2,,,,12,0,1,8.4,1,0,1,5,1,2,4,0,0,0,0,CR-ROAD W NE,,-119.0010528,47.25256944,0,1,25,53,3,60,14,0,0,1,2,12,1,3,2,1,1,1,1,53,0,2,404,2020,0,,12,,,,,,1,1,71,2,7,,4,7,3,0,11,0,10/13/2020,15:46,53047990,47990,0,0,3,3,1,0,,,,96,,,,,,98,,,,,,99159,53,67,170,6,1,0,0,0,0,,0,,,,,,0,,,20,0,0,0,0,9,8,,,0,,,8,8,8,95,,,96,,,8,95,995,,,,,,,,,,,,,,,,,,,,,,,,,,,,,,0,0,0,0,0,0,0,0,0,0,0,0,0,0,0,0,0,0,0,0,0,0,0,0,0,1,1,0,0,1,1,0,0,0,0,,1,0,0,0,0,0,0,0,0,0,0,0,0,0,0,0,,,,,,71-75,66-75,County road,R,Tuesday,Belt Used,PV,White,0,0,0,0,County Road,County Sheriff,Grant County Sheriff's Office,0,0,1,0,0,,,,,,0,0,0,,,,,,,,,,,98,98,98,1,,,,,20,7,,,,,,,,1,0,,,W NE,8.44,,
2018,197,E813636,7,05/15/2018,22:05,15,5,0,33,King,0,1,0,2,1,2,1,0,2,2,,,,12,0,2,27.2,1,0,1,3,1,1,3,0,0,0,0,SR-18,,-121.8881889,47.48730556,0,1,50,10,2,98,5,0,0,1,2,12,1,2,2,1,1,1,2,53,0,49,46,2007,0,0,68,12,2,,,,1,1,28,1,7,3,4,7,99,0,11,0,05/15/2018,22:05,2.04053E+11,22776,0,0,3,3,1,28,0,0,0,96,,,,,,99,,,,,,99163,53,68,135,6,1,0,0,0,0,,0,,,,,,0,,,1,0,0,0,0,1,8,,,0,0,0,8,1,2,996,,,1,,,2,1,0.38,,,,,,,,,,,,,,,,,,,,,,,,,,,,,,0,0,0,0,1,1,1,1,0,0,0,0,0,0,0,0,0,0,0,0,0,0,0,0,0,0,0,0,0,1,1,0,0,0,0,,1,0,0,0,0,1,1,1,0,0,0,0,0,0,0,1,,,,,,26-30,26-35,State route,R,Tuesday,Unknown,PV,AIAN,0,1,1,0,State Route,State Patrol,Washington State Patrol Headquarter,0,1,0,0,0,,,,,,0,0,0,,,,,,,,,,,,,,,,,,,,,,,,,,,,,,,,,,,
2019,473,EA01593,2,12/22/2019,2:31,22,12,,61,Snohomish,1407,1,0,3,1,2,1,0,5,2,,,,25,0,0,178.7,1,0,1,1,2,1,1,0,0,0,0,I-5,,-122.3160861,47.79163611,0,2,98,60,4,60,4,0,0,1,5,12,2,1,4,3,14,3,1,53,0,37,32,2008,0,0,12,,,,,,1,1,35,1,0,,0,0,3,0,11,0,,,,,0,0,0,3,1,0,0,0,0,0,,,,,,99,,,,,,99163,53,70,168,6,1,0,3,0,1,,0,,,,,,0,12/15/2015,09/15/2019,20,0,0,0,8,9,8,,,0,0,0,8,8,8,95,,,96,,,8,95,995,,,,,,,,,,,,,,,,,,,,,,,,,,,,,,0,0,1,0,1,1,1,1,1,0,0,0,1,0,0,0,0,0,0,0,0,0,0,0,0,0,0,0,0,1,0,0,0,0,0,,0,0,0,0,0,0,0,0,0,0,0,0,0,0,0,0,,,,,,31-35,26-35,Interstate,U,Sunday,Belt Used,PV,Not Fatal,0,1,0,0,State Route,State Patrol,Washington State Patrol,1,1,0,0,0,,,,,,0,0,2,,,,,,,,,,,98,98,98,0,,,,,20,7,,,,,,,,,,,,,,,
2017,509,E745415,249,12/05/2017,4:01,5,12,0,19,Ferry,1840,1,0,3,4,2,1,0,1,1,4:01,4:50,4:57,35,0,0,0,1,0,1,5,2,4,6,0,0,0,0,N KLONDIKE RD,,-118.7266833,48.65596667,0,1,7,5,1,25,34,0,0,1,2,1,2,2,2,1,14,1,1,53,0,12,471,2001,0,0,68,64,35,1,,,1,1,61,1,7,1,4,0,99,0,11,5,12/05/2017,6:41,1.84053E+11,53057,0,0,3,3,1,87,0,0,0,96,,,,,,99,,,,,,99166,53,79,200,6,1,0,0,0,0,1,0,,,,,,4,11/15/2015,11/15/2015,99,9,0,0,0,9,8,,,0,0,0,8,9,2,401,417,0,1,1,0,2,1,0,,,,,,,,,,,,,,,,,,,,,,,,,,,,,,0,0,0,0,0,0,1,1,0,0,0,0,1,0,0,0,0,0,0,0,0,0,0,0,0,0,0,0,0,0,0,0,0,0,0,,0,0,0,0,0,0,1,1,0,1,0,0,0,0,1,0,,,,,,61-65,56-65,City street,U,Tuesday,Unknown,PV,White,0,1,0,0,City Street,Municipal/City Police,Republic Police Department,1,0,0,1,0,,,,,,,,,,,,,,,,,,,,,,,,,,,,,,,,,,,,,,,,,,,
2018,245,E820785,4,07/15/2018,17:30,15,7,0,19,Ferry,0,1,0,1,1,2,1,0,2,2,,,,12,0,2,316.6,1,0,1,4,1,1,3,0,0,0,0,SR-20,,-118.5144583,48.59887778,0,1,50,9,1,55,80,0,0,1,2,12,2,2,2,1,14,1,1,53,0,73,705,2017,0,0,68,12,,,,,1,1,53,1,7,1,4,7,5,0,11,0,07/15/2018,17:30,53031938,31938,0,0,3,3,1,28,0,0,0,96,,,,,,0,,,,,,99166,53,75,265,6,1,0,0,1,0,,0,,,,,,0,09/15/2013,09/15/2013,20,8,0,0,0,9,8,,,0,0,0,8,0,2,996,,,1,,,2,1,0,,,,,,,,,,,,,,,,,,,,,,,,,,,,,,0,0,0,0,0,0,1,1,0,0,0,0,0,0,0,0,0,0,0,0,0,0,0,0,0,0,0,0,1,1,0,0,0,0,1,0,0,0,0,0,0,0,1,1,0,0,0,0,0,0,1,0,,,,,,51-55,46-55,State route,R,Sunday,,MC,White,0,1,1,0,State Route,State Patrol,Washington State Patrol Headquarter,0,1,0,0,0,,,,,,0,0,0,,,,,,,,,,,,,,,,,,,,,,,,,,,,,,,,,,,
2019,337,E962462,18,07/21/2019,18:15,21,7,,19,Ferry,0,1,0,1,11,4,1,0,3,1,,,,1,0,0,0.4,1,0,1,7,2,2,4,0,0,0,0,CR-FISH HATCHERY RD,,-118.6560194,48.67808056,0,1,6,12,2,98,96,0,0,1,5,1,2,8,2,1,14,3,1,53,0,98,734,2018,0,0,64,1,,,,,1,1,71,1,7,,4,0,20,7,11,4,07/21/2019,19:38,1.84053E+11,33215,0,0,0,1,1,0,0,0,0,96,,,,,,99,,,,,,99166,53,71,250,6,1,0,0,0,0,,0,,,,,,0,,,20,1,9,0,0,9,8,,,0,0,0,8,9,2,1,,,1,,,2,1,0.18,,,,,,,,,,,,,,,,,,,,,,,,,,,,,,0,0,1,0,1,1,0,1,0,0,0,0,0,0,0,0,0,0,0,0,0,0,0,0,0,1,1,0,0,0,0,0,0,0,0,,0,0,0,0,0,1,0,1,0,0,0,0,0,1,0,1,,,,,,71-75,66-75,County road,U,Sunday,,OTHVT,White,0,1,0,0,County Road,County Sheriff,Ferry County Sheriff's Office,1,0,1,0,0,,,,,,0,0,0,,,,,,,,,,,98,98,98,1,,,,,98,7,,,,,,,,,,,,,,,
2020,462,EA71532,4,10/06/2020,19:00,6,10,,19,Ferry,0,1,,2,1,2,1,0,1,1,19:00,19:19,19:43,35,0,0,308.6,1,0,1,4,1,1,3,0,0,0,0,SR-20,,-118.6512,48.59901944,0,1,2,13,2,55,34,0,0,1,2,1,3,1,2,1,14,1,1,53,0,20,481,1995,0,,63,69,68,68,63,35,1,1,64,1,7,,4,0,20,7,11,5,10/06/2020,21:32,1.84053E+11,47645,0,0,0,3,1,0,,,,96,,,,,,9,,,,,,99166,53,66,185,6,1,0,0,0,0,,0,,,,,,3,,,20,1,9,0,0,9,8,,,0,,,8,1,8,95,,,96,,,2,1,0.29,,,,,,,,,,,,,,,,,,,,,,,,,,,,,,0,0,0,0,1,1,0,1,0,0,0,0,1,0,0,0,0,0,0,1,0,0,0,0,0,0,0,0,0,1,0,0,0,1,0,,1,0,0,0,0,1,0,1,0,1,0,0,0,1,0,1,,,,,,61-65,56-65,State route,R,Tuesday,Not Used,PV,White,0,1,0,0,State Route,State Patrol,Washington State Patrol,1,1,0,0,0,,,,,,0,0,0,,,,,,,,,,,0,0,0,1,,,,,20,7,,,,,,,,1,0,,,,,,
2021,229,EB48935,4,06/07/2021,16:22,7,6,,65,Stevens,0,1,,1,1,2,3,0,5,2,,,,12,0,2,192.3,1,0,1,2,2,1,2,0,0,0,0,US-395,,-117.5915611,48.02104167,0,1,50,10,2,60,4,0,0,1,2,12,2,2,3,1,14,3,2,53,0,52,34,2003,0,,68,12,,,,,1,1,17,1,7,,4,7,3,0,11,0,06/07/2021,16:22,53027830,27830,0,0,0,2,1,28,,,,92,,,,,,98,,,,,,99167,53,,999,1,2,0,2,1,0,,0,,,,,,0,07/15/2020,06/15/2020,99,0,0,0,0,9,8,,,0,,,8,8,0,0,,,0,,,0,0,996,,,,,,,,,,,,,,,,,,,,,,,,,,,,,,0,0,0,0,0,0,0,0,0,0,0,0,0,1,0,0,1,0,0,1,1,0,1,0,1,0,0,0,0,1,1,0,0,0,0,,1,0,0,0,0,0,0,0,1,0,0,1,0,0,0,0,,,,,,16-17,16-25,US highway,U,Monday,Belt Used,PV,White,0,1,1,0,State Route,State Patrol,Washington State Patrol,0,1,0,0,0,,,,,,0,0,2,,,,,,,,,,,98,98,98,1,,,,,20,,,,,,,,,1,0,,,,,,
2018,264,E823902,4,07/30/2018,21:02,30,7,0,63,Spokane,0,1,0,5,1,2,1,0,4,3,21:02,21:22,22:15,12,0,1,256.5,1,0,1,1,1,1,1,0,0,0,0,I-90,,-117.7740861,47.44777778,0,1,24,51,3,70,34,0,0,1,2,1,1,1,2,2,1,1,1,53,0,12,471,2010,0,0,12,64,1,65,12,,1,1,29,1,7,1,4,7,3,0,11,0,07/30/2018,21:02,53033673,33673,0,0,3,3,1,0,0,0,0,96,,,,,,9,,,,,,99169,53,76,185,6,1,0,1,1,0,,0,,,,,,3,07/15/2015,07/15/2015,8,0,0,0,0,1,8,,,0,0,0,8,1,2,401,417,605,1,1,1,2,1,0.16,,,,,,,,,,,,,,,,,,,,,,,,,,,,,,0,0,0,0,1,1,1,1,1,0,0,0,1,0,0,0,0,0,0,0,0,0,0,0,0,0,0,0,0,1,1,0,0,0,0,,1,0,0,0,0,1,1,1,0,1,0,0,0,0,0,1,,,,,,26-30,26-35,Interstate,R,Monday,Belt Used,PV,White,0,0,0,0,State Route,State Patrol,Washington State Patrol,0,1,0,0,0,thc,6.3,carboxy-thc,11,,0,0,0,1,,,,,695,,,,,,,,,,,,,,,,,,,,,,,,,,,,,
2019,468,E999821,4,12/29/2019,18:29,29,12,,1,Adams,0,10,0,2,1,2,2,0,7,2,,,,12,0,2,77.6,1,0,1,2,1,1,2,0,0,0,0,US-395,,-118.6674333,46.82633889,0,2,51,54,3,70,20,0,0,1,2,12,1,1,2,3,1,6,2,53,0,7,442,2007,0,0,12,,,,,,1,1,34,1,0,,3,0,3,0,11,4,,,,,0,0,0,3,1,0,0,0,0,96,,,,,,0,,,,,,99169,53,68,190,6,1,0,0,1,1,,0,,,,,,0,01/15/2017,05/15/2017,1,0,0,0,8,9,8,,,0,0,0,8,8,8,95,,,96,,,8,95,995,,,,,,,,,,,,,,,,,,,,,,,,,,,,,,0,0,0,0,1,1,0,1,0,0,0,0,0,0,0,0,0,0,0,0,0,0,0,0,0,0,0,0,0,1,0,0,0,0,0,,0,0,0,0,0,0,0,0,0,0,0,0,0,0,0,0,,,,,,31-35,26-35,US highway,R,Sunday,Belt Used,PV,Not Fatal,0,0,0,1,State Route,State Patrol,Washington State Patrol,0,1,0,0,0,,,,,,0,0,0,,,,,,,,,,,98,98,98,0,,,,,20,7,,,,,,,,,,,,,,,
2020,226,EA46993,4,07/11/2020,1:29,11,7,,75,Whitman,0,1,,3,1,1,1,0,1,1,,,,35,0,0,15.2,1,0,1,5,1,1,3,0,0,0,0,SR-23,,-117.6009306,47.09683056,0,1,2,9,1,55,67,0,0,1,2,1,4,1,2,1,14,1,3,53,0,12,880,2006,0,,63,35,1,,,,1,1,18,1,7,,4,7,20,7,11,0,07/11/2020,1:29,53031933,31933,0,0,0,3,1,58,,,,96,,,,,,9,,,,,,99171,53,74,165,6,1,0,0,0,0,,0,,,,,,0,,,20,1,3,0,0,1,8,,,0,,,0,1,8,95,,,96,,,2,1,0.25,,,,,,,,,,,,,,,,,,,,,,,,,,,,,,0,0,0,0,1,1,0,1,0,0,0,0,0,0,0,0,0,0,0,0,0,1,1,0,1,0,0,0,0,0,1,0,0,0,0,,0,1,0,0,0,1,0,1,0,0,0,0,0,1,0,1,,,,,,18-20,16-25,State route,R,Saturday,,MHTRUCK,White,0,1,0,0,State Route,State Patrol,Washington State Patrol,1,1,0,0,0,,,,,,0,0,0,,,,,,,,,,,98,98,98,1,,,,,20,7,,,,,,,,1,0,,,,,,
2020,262,EA52063,40,08/02/2020,21:28,2,8,,63,Spokane,0,1,,2,1,2,1,0,1,1,21:29,21:39,,11,0,0,4.2,1,0,1,5,1,2,4,0,0,0,0,CR-N ARGONNE RD,,-117.3037361,47.75426111,0,1,13,87,6,35,80,0,0,1,5,11,1,1,3,2,1,1,1,53,0,98,709,2000,0,,11,,,,,,1,1,69,1,7,,4,7,20,7,11,0,08/02/2020,22:03,53034496,34496,0,0,0,3,1,0,,,,96,,,,,,0,,,,,,99173,53,71,200,6,1,0,0,0,0,,0,,,,,,0,,,20,8,0,0,0,9,8,,,0,,,8,8,2,1,,,1,,,2,1,0,,,,,,,,,,,,,,,,,,,,,,,,,,,,,,0,1,0,0,0,0,0,0,0,0,0,0,0,0,0,0,0,0,0,0,0,0,0,0,0,1,0,0,1,0,0,0,0,0,1,0,0,0,0,0,0,0,0,0,0,0,0,0,0,0,0,0,,,,,,66-70,66-75,County road,R,Sunday,,MC,White,0,0,0,0,County Road,County Sheriff,Spokane County Sheriff's Office,0,0,1,0,0,,,,,,0,0,0,,,,,,,,,,,0,0,0,1,,,,,5,0,,,,,,,,1,0,,,ARGONNE RD,4.17,,
2021,592,EB64300,34,08/17/2021,18:27,17,8,,51,Pend Oreille,0,10,,1,1,2,1,0,1,1,,,,42,0,0,9.5,1,0,1,5,1,2,4,0,0,0,0,CR-LECLERC RD S,,-117.2107,48.248,0,1,6,12,2,50,1,0,0,1,2,42,1,1,2,1,1,1,2,53,0,35,48,2012,0,,68,64,42,,,,1,1,68,8,7,,4,0,1,0,11,4,08/17/2021,20:25,1.48053E+11,40755,0,0,3,3,1,0,,,,92,,,,,,98,,,,,,99180,53,69,231,6,1,0,0,1,0,,0,,,,,,0,12/15/2020,12/15/2020,8,0,0,0,0,9,8,,,0,,,8,8,2,996,996,387,1,1,1,2,1,0.092,,,,,,,,,,,,,,,,,,,,,,,,,,,,,,0,0,1,0,1,1,1,1,0,0,0,0,0,0,0,0,1,0,0,0,0,0,0,0,0,1,0,0,0,1,0,0,0,0,0,,1,0,0,0,0,1,1,1,1,0,0,0,0,0,0,1,,,,,,66-70,66-75,County road,R,Tuesday,Belt Used,PV,White,0,1,0,0,County Road,County Sheriff,Pend Oreille County Sheriff's Offic,1,0,1,0,0,,,,,,0,0,0,,,,,,,,,,,98,98,98,1,,,,,20,,,,,,,,,1,0,,,LECLERC RD S,9.5,NULL,
2017,138,E670168,4,05/05/2017,15:29,5,5,0,51,Pend Oreille,0,2,0,1,2,2,1,0,5,2,15:41,16:02,16:25,12,0,6,321.1,1,0,1,3,1,1,2,0,0,0,0,US-2,,-117.130175,48.14783056,0,2,98,62,4,60,63,1,0,1,2,12,1,2,2,1,1,1,1,53,0,85,881,2007,0,0,12,,,,,,1,1,45,1,0,0,0,0,3,0,11,0,,,,,6,1,0,3,1,0,0,0,0,0,,,,,,0,,,,,,99181,53,75,235,6,1,0,1,0,2,0,0,,,,,,0,07/15/2012,03/15/2017,20,0,0,0,8,9,8,,,0,0,0,8,0,0,0,0,0,0,0,0,0,0,996,,,,,,,,,,,,,,,,,,,,,,,,,,,,,,0,0,0,0,0,0,0,0,0,0,0,0,0,0,0,0,1,0,0,1,0,1,1,0,1,0,0,0,0,1,1,0,0,0,0,,0,0,0,0,0,0,0,0,0,0,0,0,0,0,0,0,,,,,,41-45,36-45,US highway,R,Friday,,MHTRUCK,Not Fatal,0,1,1,0,State Route,State Patrol,Washington State Patrol Headquarter,0,1,0,0,0,,,,,,,,,,,,,,,,,,,,,,,,,,,,,,,,,,,,,,,,,,,
2018,116,E792217,4,04/19/2018,7:45,19,4,0,65,Stevens,0,1,0,1,1,2,1,0,1,1,,,,24,0,0,228.1,1,0,1,3,1,1,2,0,0,0,0,US-395,,-117.8812944,48.45935,0,1,6,12,2,60,14,0,0,1,7,3,1,1,5,5,1,1,1,53,0,48,401,2010,0,0,68,64,24,1,3,,1,1,71,1,7,1,4,7,3,0,11,0,04/19/2018,7:45,53018474,18474,0,0,0,3,1,0,0,0,0,0,,,,,,2,,,,,,99181,53,70,190,6,1,0,0,0,0,,0,,,,,,0,,,8,0,0,0,0,9,8,,,0,0,0,8,0,2,387,,,1,,,2,1,0,,,,,,,,,,,,,,,,,,,,,,,,,,,,,,0,0,1,0,0,0,1,1,0,0,0,0,0,0,0,1,0,0,0,0,0,0,0,0,0,1,1,0,0,1,0,0,0,0,0,,1,0,0,0,0,0,1,1,0,0,0,0,0,0,1,0,,,,,,71-75,66-75,US highway,R,Thursday,Belt Used,PV,White,0,1,0,0,State Route,State Patrol,Washington State Patrol Headquarter,1,1,0,0,0,,,,,,0,0,0,,,,,,,,,,,,,,,,,,,,,,,,,,,,,,,,,,,
2019,288,E951465,4,08/17/2019,8:30,17,8,,65,Stevens,0,1,0,1,1,2,1,0,1,1,,,,1,0,0,71.9,1,0,1,5,1,1,3,0,0,0,0,SR-231,,-117.7285611,48.17846667,0,1,1,13,2,55,14,0,0,1,2,1,1,1,2,1,1,1,1,53,0,34,402,2006,0,0,63,1,,,,,1,1,48,2,7,,4,7,20,7,11,0,08/17/2019,8:30,53036928,36928,6,0,3,3,1,0,0,0,0,0,,,,,,2,,,,,,99181,53,65,220,6,1,0,0,1,1,,0,,,,,,0,03/15/2017,06/15/2019,8,1,6,0,0,9,8,,,0,0,0,8,0,2,1,,,1,,,2,1,0,,,,,,,,,,,,,,,,,,,,,,,,,,,,,,0,0,1,0,0,0,0,0,0,0,0,0,0,0,0,1,0,0,0,1,0,0,0,0,0,0,0,0,0,1,0,0,0,1,0,,1,0,0,0,0,0,0,0,0,0,0,0,0,0,0,0,,,,,,46-50,46-55,State route,R,Saturday,Not Used,PV,White,0,1,0,0,State Route,State Patrol,Washington State Patrol,1,1,0,0,0,,,,,,0,0,0,,,,,,,,,,,98,98,98,1,,,,,20,7,,,,,,,,,,,,,,,
2017,308,E703191,4,08/11/2017,21:30,11,8,0,43,Lincoln,0,1,0,2,1,2,1,0,2,2,21:55,22:28,,12,0,8,217,1,0,1,3,1,1,2,0,0,0,0,US-2,,-118.63475,47.75784722,0,1,64,10,2,98,34,0,0,1,2,12,2,1,2,1,14,1,2,53,0,12,473,2002,0,0,68,12,63,1,,,1,1,24,1,7,1,4,7,20,0,11,0,08/11/2017,21:30,53035277,35277,0,0,0,3,1,28,0,0,0,96,,,,,,0,,,,,,99185,53,70,155,6,1,0,2,1,0,1,0,,,,,,0,01/15/2013,03/15/2016,1,2,9,0,0,9,8,,,0,0,0,8,0,2,1,0,0,1,0,0,2,1,0,,,,,,,,,,,,,,,,,,,,,,,,,,,,,,0,0,0,0,0,0,0,0,0,0,0,0,0,0,0,0,0,0,0,0,0,0,0,1,1,1,0,0,0,0,1,0,0,1,0,,0,0,0,0,0,0,0,0,0,0,0,0,0,0,0,0,,,,,,21-25,16-25,US highway,R,Friday,Not Used,PV,White,0,1,1,0,State Route,State Patrol,Washington State Patrol Headquarter,0,1,0,0,0,,,,,,,,,,,,,,,,,,,,,,,,,,,,,,,,,,,,,,,,,,,
2021,63,EB12953,4,03/11/2021,0:30,11,3,,43,Lincoln,0,1,,2,1,2,1,0,1,1,,,,1,0,0,40.6,1,0,1,5,1,1,3,0,0,0,0,SR-174,,-118.7227389,47.77111389,0,1,1,13,2,60,4,0,0,1,2,1,2,2,2,1,14,1,2,53,0,32,42,1999,0,,68,68,63,1,,,1,1,28,1,7,,4,7,99,7,11,0,03/11/2021,0:30,53012208,12208,0,0,0,3,1,58,,,,96,,,,,,9,,,,,,99185,53,66,135,6,1,0,1,0,3,,0,,,,,,3,05/15/2019,10/15/2020,20,1,9,0,0,9,8,,,0,,,8,1,2,1,,,1,,,2,1,0.271,,,,,,,,,,,,,,,,,,,,,,,,,,,,,,0,0,1,0,1,1,0,1,0,0,0,0,1,0,0,0,0,0,0,0,0,0,0,0,0,0,0,0,0,1,0,0,0,0,0,,1,0,0,0,0,1,0,1,0,1,0,0,0,1,0,1,,,,,,26-30,26-35,State route,R,Thursday,Unknown,PV,White,0,1,0,0,State Route,State Patrol,Washington State Patrol,1,1,0,0,0,,,,,,0,0,4,,,,,,,,,,,0,0,0,1,,,,,20,,,,,,,,,1,0,,,,,,
2017,349,3633271,278,08/07/2017,10:00,7,8,0,63,Spokane,2110,1,0,1,1,1,1,1,3,3,,,,12,0,7,278.8,20,1,1,3,2,1,2,0,0,2,3,US-2,3RD AVE,-117.411225,47.65345833,0,1,46,3,1,35,14,0,0,1,2,8,1,4,2,6,15,1,1,53,0,12,402,2013,0,0,12,12,8,,,,1,1,62,1,0,0,0,0,99,0,11,0,,,,,0,0,0,2,1,38,39,0,0,96,,,,,,0,,,,,,99201,53,71,190,1,1,0,2,0,0,1,97,,,,,,0,05/15/2016,02/15/2017,20,0,0,0,8,9,2,,,0,0,0,0,0,0,0,0,0,0,0,0,0,0,996,,,,,,,,,,,,,,,,,,,,,,,,,,,,,,0,0,0,0,0,0,0,0,0,1,0,1,0,1,0,0,0,0,1,0,0,0,0,0,0,0,0,0,0,1,0,1,0,0,0,,0,0,0,0,0,0,0,0,0,0,1,1,0,0,0,0,,,,,,61-65,56-65,US highway,U,Monday,Unknown,PV,Not Fatal,1,0,0,0,State Route,Municipal/City Police,Spokane Police Department,0,1,0,0,0,,,,,,,,,,,,,,,,,,,,,,,,,,,,,,,,,,,,,,,,,,,