year,case,par,repjur,crash_dt,crash_tm,accday,accmon,holiday,county,co_char,city,weather,weather2,lightcond,surfcond,surftype,numfatal,nmforms,pforms,vforms,not_tm,arr_tm,hosp_tm,fhevent,hitrun,manncol,milepnt,reljunc,reljuncinter,intersectiontype,funcsystem,landuse,ownership,route,schlbus,spejur,contdev,devfunc,trafid1,trafid2,x,y,wk_zone,vnumber,crashtype,criticalevent,criticaleventcat,spdlim,body,trailer,emerg,hazcargo,leave,mhevent,roadalgn,roadprof,traflane,trafflow,vehmanvr,numoccs,regowner,regstate,spuse,make,model,modelyr,vrf1,vrf2,seqevent1,seqevent2,seqevent3,seqevent4,seqevent5,seqevent6,pnumber,ptype,age,sex,hispanic,race,injury,diedscene,restraint,restraintmisuse,seatpos,takehosp,death_dt,death_tm,cert,cernum_wa,commlic,licendor,licrestrict,liccomp,drivpres,drf1,drf2,drf3,drf4,distract1,distract2,distract3,distract4,distract5,distract6,dricond1,dricond2,dricond3,dricond4,dricond5,dricond6,dzip,licstate,drhgt_in,weight,noncdl,noncdltype,prevdwi,prevoth,prevacc,prevspd,prevsus,driviol1,driviol2,driviol3,driviol4,driviol5,driviol6,spdrel,first_dt,last_dt,airbag,ejection,ejectpath,extricat,injurwrk,methalc,methdrug,nmlocat,strikveh,prf1,prf2,prf3,druginv,alcinvol,drugsts,drugres1,drugres2,drugres3,drugtst1,drugtst2,drugtst3,alcsts,alctst,alcres,nmact1,nmact2,nmact3,nmact4,nmact5,nmact6,nmprior1,nmprior2,nmprior3,nmprior4,nmprior5,nmprior6,nmcond1,nmcond2,nmcond3,nmcond4,nmcond5,nmcond6,nmsafe_helmet,nmsafe_pads,nmsafe_oth,nmprev_ref,nmprev_lgt,nmprev_oth,crashlocation,nmcrashtype,crosswalk,schoolzone,sidewalk,train_inv,wildlife_inv,rotr_fars,intersect_fars,dd_inv,aid_inv,dpd_inv,id_inv,mj_inv,impnm_inv,ainm_inv,dpnm_inv,speed_inv,unlic_inv,unendmc_inv,drowsy_inv,drdist_inv,nmdist_inv,fty_inv,unrestfat_inv,dr1617_inv,dr1820_inv,dr1620_inv,dr2125_inv,dr1625_inv,dr65_inv,dr70_inv,dr75_inv,mc_inv,pv_inv,ht_inv,ped_inv,bike_inv,unrest_fat,mc_fat,unhelmet_mc,pv_fat,ht_fat,ped_fat,bike_fat,dr_alc7,dr_alc8,dr_drug,dr_imp,dr_dist,dr_spd,dr_fty,dr_unlic,dr_alc7only,dr_alc8only,dr_drugonly,dr_drink,nm_imp,nm_alc7,nm_alc8,nm_drug,nm_dist,agegrp1,agegrp2,roadclass,urbrur,dayweek,restuse,vehtype,race_me,intersect,lanedep,oppdir,wrongway,rep_typ,investag,repag_long,rotr,st_rd,cty_rd,city_rd,oth_rd,drug_thc,thc_res,drug_cthc,cthc_res,drug_cann,prevpersemin,prevperse,prevsusoth,drugtst4,drugtst5,drugtst6,drugtst7,drugtst8,drugres4,drugres5,drugres6,drugres7,drugres8,adspresent,adsengaged,adslevel,race1,race2,race3,race4,race5,helmet,helmetmisuse,nmdistract1,nmdistract2,nmdistract3,nmdistract4,nmdistract5,nmdistract6,lab,isedtcase,crf1,crf2,crf3,CoRoadName,CoMP,IntCoRoadName,IntCoMP
2019,368,3709713,339,09/25/2019,20:55,25,9,,63,Spokane,2113,1,0,3,1,2,1,0,1,1,,,,1,0,0,0,1,0,1,7,2,4,6,0,0,0,0,APPLEWAY BLVD,,-117.2690361,47.65484167,0,1,6,12,2,35,80,0,0,1,7,1,2,1,4,1,14,1,2,53,0,53,706,2004,0,0,68,64,1,,,,1,1,24,1,7,,4,0,20,7,11,8,09/25/2019,22:00,2.11053E+11,42364,0,0,0,3,1,0,0,0,0,96,,,,,,9,,,,,,99201,53,75,250,6,1,0,0,0,0,,0,,,,,,4,,,20,8,0,0,0,9,8,,,0,0,0,8,1,2,1,,,1,,,2,1,0,,,,,,,,,,,,,,,,,,,,,,,,,,,,,,0,0,1,0,1,0,0,0,0,0,0,0,1,0,0,0,0,0,0,0,0,0,0,1,1,0,0,0,1,0,0,0,0,0,1,0,0,0,0,0,0,0,0,0,0,1,0,0,0,0,0,1,,,,,,21-25,16-25,City street,U,Wednesday,,MC,White,0,1,0,0,City Street,Municipal/City Police,Spokane Valley Police Department,1,0,0,1,0,,,,,,0,0,0,,,,,,,,,,,0,0,0,1,,,,,19,0,,,,,,,,,,,,,,,
2018,52,E774125,40,02/26/2018,21:09,26,2,0,63,Spokane,0,1,0,2,1,2,1,0,2,2,,,,12,0,6,1.3,1,0,1,5,1,2,4,0,0,0,0,CR-N OLD TRAILS RD,,-117.5336972,47.68670556,0,1,98,10,2,45,3,0,0,1,7,12,1,2,2,1,1,1,2,53,0,69,54,2005,0,0,12,,,,,,1,1,36,2,7,1,4,7,3,0,11,0,02/26/2018,21:09,53009469,9469,0,0,0,2,1,28,0,0,0,96,,,,,,99,,,,,,99201,53,63,130,1,1,0,0,0,0,,0,,,,,,4,04/15/2015,04/15/2015,8,0,0,0,0,9,8,,,0,0,0,8,9,2,401,417,177,1,1,1,2,1,0,,,,,,,,,,,,,,,,,,,,,,,,,,,,,,0,0,0,0,0,0,1,1,0,0,0,0,1,1,0,0,0,0,0,0,0,0,0,0,0,0,0,0,0,1,0,0,0,0,0,,1,0,0,0,0,0,1,1,0,1,0,1,0,0,1,0,,,,,,36-40,36-45,County road,R,Monday,Belt Used,PV,White,0,1,1,0,County Road,County Sheriff,Spokane County Sheriff's Office,0,0,1,0,0,,,,,,0,0,2,,,,,,,,,,,,,,,,,,,,,,,,,,,,,,,,,,,
2019,158,E926374,40,05/16/2019,21:07,16,5,,63,Spokane,0,2,0,2,2,2,1,1,2,2,,,,8,0,0,0.3,1,0,1,5,2,2,4,0,0,0,0,CR-S HAYFORD RD,,-117.5609139,47.65740833,0,2,98,80,5,45,4,0,0,1,7,8,4,1,2,1,14,1,1,53,0,34,35,2008,0,0,8,,,,,,1,1,47,1,0,,0,0,3,0,11,0,,,,,0,0,0,3,1,0,0,0,0,12,,,,,,0,,,,,,99201,53,72,205,6,1,0,0,0,0,,0,,,,,,0,,,20,0,0,0,8,9,8,,,0,0,0,8,0,8,95,,,96,,,8,95,995,,,,,,,,,,,,,,,,,,,,,,,,,,,,,,0,0,0,0,0,0,0,0,0,0,0,0,0,0,0,0,1,0,0,0,0,0,0,1,1,0,0,0,0,1,0,1,0,0,0,,0,0,0,0,0,0,0,0,1,0,0,0,0,0,0,0,,,,,,46-50,46-55,County road,U,Thursday,Belt Used,PV,Not Fatal,0,0,0,0,County Road,County Sheriff,Spokane County Sheriff's Office,0,0,1,0,0,,,,,,0,0,0,,,,,,,,,,,98,98,98,0,,,,,20,7,,,,,,,,,,,,,,,
2019,331,E961539,4,09/13/2019,0:01,13,9,,43,Lincoln,0,99,0,2,99,2,1,0,1,1,,,,35,0,0,127.2,1,0,1,4,1,1,3,0,0,0,0,SR-28,,-118.1920778,47.54373056,0,1,6,12,2,60,4,0,0,1,2,35,2,1,2,1,14,1,1,30,0,12,23,2007,0,0,68,64,67,35,,,1,1,49,1,7,,4,7,3,0,11,0,09/13/2019,0:01,53040840,40840,0,0,0,3,1,0,0,0,0,96,,,,,,9,,,,,,99201,53,72,154,6,1,2,1,1,0,,0,,,,,,0,04/15/2016,01/15/2019,8,0,0,0,0,9,8,,,0,0,0,1,1,2,996,,,1,,,2,1,0.29,,,,,,,,,,,,,,,,,,,,,,,,,,,,,,0,0,1,0,1,1,1,1,0,0,0,0,0,0,0,0,0,0,0,0,0,0,0,0,0,0,0,0,0,1,0,0,0,0,0,,1,0,0,0,0,1,1,1,0,0,0,0,0,0,0,1,,,,,,46-50,46-55,State route,R,Friday,Belt Used,PV,White,0,1,0,0,State Route,State Patrol,Washington State Patrol,1,1,0,0,0,,,,,,0,0,4,,,,,,,,,,,98,98,98,1,,,,,20,7,,,,,,,,,,,,,,,
2020,216,EA44928,4,07/04/2020,2:55,4,7,,63,Spokane,2113,1,,3,1,1,1,0,1,1,3:03,3:07,,1,0,0,0.3,5,1,1,1,2,1,1,0,0,0,0,I-90 RAMP 090S128446,,-117.3244639,47.65614722,0,1,98,13,2,98,4,0,0,1,2,1,3,2,2,6,14,1,1,53,0,41,35,2001,0,,63,1,,,,,1,1,21,1,7,,4,7,20,7,11,0,07/04/2020,2:55,2.11353E+11,31061,0,0,3,3,1,58,,,,96,,,,,,9,,,,,,99201,53,63,115,6,1,0,1,1,0,,0,,,,,,4,07/15/2018,07/15/2018,1,1,9,0,0,1,8,,,0,,,8,1,2,1,,,1,,,2,1,0.208,,,,,,,,,,,,,,,,,,,,,,,,,,,,,,0,0,0,0,1,1,0,1,0,0,0,0,1,0,0,0,0,0,0,1,0,0,0,1,1,0,0,0,0,1,0,0,0,1,0,,1,0,0,0,0,1,0,1,0,1,0,0,0,1,0,1,,,,,,21-25,16-25,Interstate,U,Saturday,Not Used,PV,White,0,1,0,0,State Route,State Patrol,Washington State Patrol,1,1,0,0,0,,,,,,0,0,0,,,,,,,,,,,98,98,98,1,,,,,20,7,,,,,,,,1,0,,,,,,
2020,314,EA59310,278,08/28/2020,0:18,28,8,,63,Spokane,2110,1,,2,1,2,1,0,1,1,,,,1,0,0,0,1,0,1,5,2,4,6,0,0,0,0,N AUBREY L WHITE PKWY,,-117.4996556,47.71099444,0,1,6,12,2,25,1,0,0,1,2,1,2,1,2,1,14,1,2,53,0,12,3,2001,0,,68,64,1,2,,,1,1,51,1,7,,4,7,99,7,11,0,08/28/2020,0:33,2.11053E+11,43414,0,0,0,2,1,0,,,,96,,,,,,98,,,,,,99201,53,68,180,1,1,1,0,1,0,,0,,,,,,4,05/15/2020,05/15/2020,99,1,9,0,0,9,8,,,0,,,8,8,2,996,695,605,1,1,1,2,1,0.182,,,,,,,,,,,,,,,,,,,,,,,,,,,,,,0,0,1,0,1,1,1,1,1,0,0,0,1,1,0,0,0,0,0,0,0,0,0,0,0,0,0,0,0,1,0,0,0,0,0,,1,0,0,0,0,1,1,1,0,1,0,1,0,0,0,1,,,,,,51-55,46-55,City street,U,Friday,Unknown,PV,White,0,1,0,0,City Street,Municipal/City Police,Spokane Police Department,1,0,0,1,0,thc,3.2,carboxy-thc,24,,0,1,1,1,1,,,,401,417,,,,98,98,98,1,,,,,20,7,,,,,,,nms,1,0,,,,,,
2017,350,3604498,40,08/15/2017,3:23,15,8,0,63,Spokane,0,1,0,2,1,2,1,0,1,1,3:31,3:34,,1,0,0,0.2,1,0,1,4,2,2,4,0,0,0,0,CR-29TH,,-117.3442361,47.62687222,0,1,98,6,1,35,80,0,0,1,8,1,3,2,2,1,14,1,1,53,0,76,705,2007,0,0,63,1,,,,,1,1,21,1,7,1,4,7,19,0,11,0,08/15/2017,3:23,2.11053E+11,35551,0,0,1,3,1,0,0,0,0,96,,,,,,99,,,,,,99202,53,70,190,6,1,0,0,0,1,0,0,,,,,,4,02/15/2017,02/15/2017,20,8,0,0,0,9,8,,,0,0,0,8,9,2,1,0,0,1,0,0,2,1,0.19,,,,,,,,,,,,,,,,,,,,,,,,,,,,,,0,0,0,0,1,1,0,1,0,0,0,0,1,0,0,0,0,0,0,0,0,0,0,1,1,0,0,0,1,0,0,0,0,0,1,0,0,0,0,0,0,1,0,1,0,1,0,0,0,1,0,1,,,,,,21-25,16-25,County road,U,Tuesday,,MC,White,0,1,0,0,County Road,County Sheriff,Spokane County Sheriff's Office,1,0,1,0,0,,,,,,,,,,,,,,,,,,,,,,,,,,,,,,,,,,,,,,,,,,,
2017,349,3633271,278,08/07/2017,10:00,7,8,0,63,Spokane,2110,1,0,1,1,1,1,1,3,3,,,,12,0,7,278.8,20,1,1,3,2,1,2,0,0,2,3,US-2,3RD AVE,-117.411225,47.65345833,0,2,45,61,4,35,5,0,0,1,5,12,1,4,2,6,5,1,1,16,0,55,35,2015,0,0,12,,,,,,1,1,33,2,0,0,1,0,99,0,11,8,,,,,0,0,0,2,1,0,0,0,0,0,,,,,,0,,,,,,99202,53,64,150,1,1,1,0,0,0,1,0,,,,,,0,07/15/2015,09/15/2015,20,0,0,0,8,9,8,,,0,0,0,8,0,0,0,0,0,0,0,0,0,0,996,,,,,,,,,,,,,,,,,,,,,,,,,,,,,,0,0,0,0,0,0,0,0,0,1,0,1,0,1,0,0,0,0,1,0,0,0,0,0,0,0,0,0,0,1,0,1,0,0,0,,0,0,0,0,0,0,0,0,0,0,0,1,0,0,0,0,,,,,,31-35,26-35,US highway,U,Monday,Unknown,PV,Not Fatal,1,0,0,0,State Route,Municipal/City Police,Spokane Police Department,0,1,0,0,0,,,,,,,,,,,,,,,,,,,,,,,,,,,,,,,,,,,,,,,,,,,
2017,356,E709789,7,09/08/2017,16:15,8,9,0,33,King,100,10,0,1,1,2,1,0,2,1,15:34,16:25,,21,0,0,17.1,1,0,1,3,2,1,3,0,0,0,0,SR-167,,-122.2567556,47.29559444,0,1,2,13,2,60,4,0,0,1,2,21,4,4,3,3,14,2,1,53,0,30,40,2011,0,0,63,21,,,,,1,1,35,2,7,1,4,7,20,0,11,0,09/08/2017,16:15,10053039508,39508,0,0,3,2,1,0,0,0,0,0,,,,,,2,9,,,,,99202,53,74,145,1,1,0,2,1,3,4,0,,,,,,0,03/15/2014,06/15/2017,1,0,0,0,0,1,8,,,0,0,0,1,1,2,304,321,351,1,1,1,2,1,0.072,,,,,,,,,,,,,,,,,,,,,,,,,,,,,,0,0,0,0,1,0,1,1,0,0,0,0,0,1,0,1,0,0,0,1,0,0,0,0,0,0,0,0,0,1,0,0,0,1,0,,1,0,0,0,1,0,1,1,0,0,0,1,0,0,0,1,,,,,,31-35,26-35,State route,U,Friday,Not Used,PV,White,0,1,0,0,State Route,State Patrol,Washington State Patrol Headquarter,1,1,0,0,0,,,,,,,,,,,,,,,,,,,,,,,,,,,,,,,,,,,,,,,,,,,
2017,528,E750985,4,12/23/2017,1:34,23,12,9,63,Spokane,2110,10,0,3,1,1,1,0,2,2,1:35,1:40,,12,0,2,278.3,1,0,1,1,2,1,1,0,0,0,0,I-90,,-117.43235,47.65215,0,1,50,54,3,98,5,0,0,1,2,12,1,1,3,3,1,1,1,53,0,7,25,2007,0,0,12,,,,,,1,1,34,2,7,1,4,7,3,0,11,0,12/23/2017,1:34,2.11053E+11,55787,0,0,0,3,1,51,0,0,0,96,,,,,,9,,,,,,99202,53,69,175,6,1,0,3,1,1,0,0,,,,,,0,03/15/2013,07/15/2016,20,0,0,0,0,1,8,,,0,0,0,8,1,2,1,0,0,1,0,0,2,1,0.26,,,,,,,,,,,,,,,,,,,,,,,,,,,,,,0,0,0,0,1,1,0,1,0,0,0,0,0,0,0,0,0,0,0,0,0,0,0,0,0,0,0,0,0,1,1,0,0,0,0,,1,0,0,0,0,1,0,1,0,0,0,0,0,1,0,1,,,,,,31-35,26-35,Interstate,U,Saturday,Belt Used,PV,White,0,0,0,1,State Route,State Patrol,Washington State Patrol Headquarter,0,1,0,0,0,,,,,,,,,,,,,,,,,,,,,,,,,,,,,,,,,,,,,,,,,,,
2018,23,E762892,4,01/25/2018,5:46,25,1,0,1,Adams,0,1,0,2,4,2,1,0,2,1,5:48,6:09,6:47,1,0,0,232.7,1,0,1,1,1,1,1,0,0,0,0,I-90,,-118.1534111,47.23325,0,1,2,6,1,70,34,0,0,1,2,1,1,1,2,2,1,2,2,53,0,20,473,2004,0,0,63,1,38,,,,1,1,61,1,0,0,2,0,20,0,11,5,,,,,0,0,0,0,1,87,0,0,0,93,,,,,,0,,,,,,99202,53,72,145,0,0,0,1,0,0,,23,,,,,,4,09/15/2017,09/15/2017,1,0,0,0,8,9,8,,,0,0,0,8,0,8,95,,,96,,,8,95,995,,,,,,,,,,,,,,,,,,,,,,,,,,,,,,0,0,0,0,0,0,0,0,0,0,0,0,1,1,0,0,1,0,0,1,0,0,0,0,0,0,0,0,0,1,0,0,0,0,0,,0,0,0,0,0,0,0,0,1,1,0,1,0,0,0,0,,,,,,61-65,56-65,Interstate,R,Thursday,Not Used,PV,Not Fatal,0,1,0,0,State Route,State Patrol,Washington State Patrol Headquarter,1,1,0,0,0,,,,,,0,0,0,,,,,,,,,,,,,,,,,,,,,,,,,,,,,,,,,,,
2019,173,E928636,4,06/04/2019,9:15,4,6,,19,Ferry,0,1,0,1,1,2,1,0,2,2,,,,1,0,0,246.6,2,0,3,3,1,1,2,0,0,0,0,US-395,SR-20,-118.1227111,48.62743056,0,1,98,6,1,55,63,0,0,1,2,1,2,1,2,1,14,1,3,41,0,85,881,2008,0,0,68,1,12,,,,1,1,62,1,0,,3,0,3,0,11,8,,,,,6,1,3,3,1,28,0,0,0,96,,,,,,99,,,,,,99202,53,64,155,6,1,0,0,0,0,,97,,,,,,3,,,20,2,9,0,8,9,8,,,0,0,0,8,0,8,95,,,96,,,8,95,995,,,,,,,,,,,,,,,,,,,,,,,,,,,,,,0,0,0,1,0,0,0,0,0,0,0,0,1,0,0,0,0,0,0,0,0,0,0,0,0,1,0,0,1,0,1,0,0,0,0,,0,0,0,0,0,0,0,0,0,1,0,0,0,0,0,0,,,,,,61-65,56-65,US highway,R,Tuesday,,MHTRUCK,Not Fatal,0,0,0,0,State Route,State Patrol,Washington State Patrol,0,1,0,0,0,,,,,,0,0,0,,,,,,,,,,,98,98,98,0,,,,,20,7,,,,,,,,,,,,,,,
2019,325,E959510,6,09/05/2019,13:35,5,9,,37,Kittitas,0,1,0,1,1,2,1,0,1,1,,,,1,0,0,110.8,1,0,1,1,1,1,1,0,0,0,0,I-90,,-120.4755028,46.97048611,0,1,6,1,1,70,34,0,0,1,7,1,1,1,2,2,1,1,1,53,0,41,471,2000,0,0,61,64,1,,,,1,1,69,1,7,,4,7,20,7,11,0,09/05/2019,13:35,62053040660,40660,0,0,0,3,1,80,0,0,0,96,,,,,,99,,,,,,99202,53,75,300,6,1,0,1,0,0,,0,,,,,,0,03/15/2015,03/15/2015,20,2,9,0,0,9,8,,,0,0,0,8,9,8,95,,,96,,,8,95,995,,,,,,,,,,,,,,,,,,,,,,,,,,,,,,0,0,1,0,0,0,0,0,0,0,0,0,0,0,0,0,0,0,0,1,0,0,0,0,0,1,0,0,0,1,0,0,0,1,0,,1,0,0,0,0,0,0,0,0,0,0,0,0,0,0,0,,,,,,66-70,66-75,Interstate,R,Thursday,Not Used,PV,White,0,1,0,0,State Route,State Patrol,Washington State Patrol,1,1,0,0,0,,,,,,0,0,0,,,,,,,,,,,98,98,98,1,,,,,20,7,,,,,,,,,,,,,,,
2019,347,E966298,278,10/01/2019,14:51,1,10,,63,Spokane,2110,1,0,1,1,2,1,0,1,1,,,,1,0,0,0,1,0,1,7,2,4,6,0,0,0,0,E FERRY AVE,,-117.3726139,47.66088889,0,1,98,6,1,98,80,0,0,1,7,1,3,1,2,1,14,1,1,53,0,98,706,2019,0,0,1,63,30,,,,1,1,34,1,7,,4,7,20,7,11,0,10/01/2019,14:51,2.11053E+11,43403,0,0,0,2,1,0,0,0,0,96,,,,,,99,,,,,,99202,53,75,255,1,1,0,2,1,4,,0,,,,,,4,10/15/2014,01/15/2019,20,8,0,0,0,9,8,,,0,0,0,8,9,2,1,,,1,,,2,1,0,,,,,,,,,,,,,,,,,,,,,,,,,,,,,,0,0,0,0,0,0,0,0,0,0,0,0,1,1,1,0,0,0,0,0,0,0,0,0,0,0,0,0,1,0,0,0,0,0,1,0,0,0,0,0,0,0,0,0,0,1,0,1,0,0,0,0,,,,,,31-35,26-35,City street,U,Tuesday,,MC,White,0,1,0,0,City Street,Municipal/City Police,Spokane Police Department,1,0,0,1,0,,,,,,0,0,3,,,,,,,,,,,0,0,0,1,,,,,19,0,,,,,,,,,,,,,,,
2020,195,EA42741,278,06/25/2020,13:26,25,6,,63,Spokane,2110,1,,1,1,2,2,0,7,5,13:49,13:58,14:17,12,0,6,273.1,2,0,2,3,2,1,2,0,0,0,0,US-2,SPOTTED,-117.5183417,47.64310556,0,3,98,98,7,55,34,0,0,1,2,12,1,1,5,1,1,1,1,53,0,7,482,2001,0,,12,12,,,,,1,1,62,1,0,,0,0,3,0,11,0,,,,,0,0,0,3,1,0,,,,96,,,,,,0,,,,,,99202,53,73,250,6,1,1,0,1,0,,0,,,,,,0,01/15/2016,01/15/2016,20,0,0,0,8,9,8,,,0,,,8,8,0,0,,,0,,,0,0,996,,,,,,,,,,,,,,,,,,,,,,,,,,,,,,0,0,0,1,0,0,0,0,0,0,0,0,0,0,0,0,0,0,0,0,0,0,0,1,1,1,1,1,0,1,0,0,0,0,0,,0,0,0,0,0,0,0,0,0,0,0,0,0,0,0,0,,,,,,61-65,56-65,US highway,U,Thursday,Belt Used,PV,Not Fatal,1,0,0,0,State Route,Municipal/City Police,Spokane Police Department,0,1,0,0,0,,,,,,0,0,1,,,,,,,,,,,98,98,98,0,,,,,20,7,,,,,,,,1,0,,,,,,
2020,231,EA48114,278,07/17/2020,12:37,17,7,,63,Spokane,2110,1,,1,1,2,1,1,1,1,,,,8,0,0,0,1,0,1,4,2,4,6,0,0,0,0,S SOUTHEAST BLVD,,-117.3753806,47.63109167,0,1,1,13,2,98,4,0,0,1,5,8,1,1,3,5,1,1,2,53,0,35,47,2004,0,,63,8,,,,,1,1,19,1,0,,0,0,3,0,11,0,,,,,0,0,1,3,1,0,,,,0,,,,,,2,,,,,,99202,53,68,170,6,2,0,0,0,0,,97,,,,,,0,,,20,0,0,0,8,9,8,,,0,,,8,8,0,0,,,0,,,0,0,996,,,,,,,,,,,,,,,,,,,,,,,,,,,,,,0,0,1,0,0,0,0,0,0,0,0,0,0,0,0,1,0,0,0,0,0,1,1,0,1,0,0,0,0,1,0,1,0,0,0,,0,0,0,0,0,0,0,0,0,0,0,0,0,0,0,0,,,,,,18-20,16-25,City street,U,Friday,Belt Used,PV,Not Fatal,0,0,0,0,City Street,Municipal/City Police,Spokane Police Department,0,0,0,1,0,,,,,,0,0,0,,,,,,,,,,,98,98,98,0,,,,,20,7,,,,,,,,1,0,,,,,,
2020,289,EA56853,278,08/19/2020,17:39,19,8,,63,Spokane,2110,1,,1,1,2,1,0,3,2,17:43,17:45,,1,0,0,0,3,0,4,3,2,4,6,0,0,0,0,N NEVADA ST,E WOLVERTON CT,-117.3953028,47.68516667,0,2,98,62,4,98,20,0,0,1,5,12,3,2,2,1,14,2,1,53,0,37,441,2013,0,,12,,,,,,1,1,48,2,0,,0,0,3,0,11,0,,,,,0,0,0,3,1,0,,,,96,,,,,,0,,,,,,99202,53,64,270,6,1,0,0,0,0,,0,,,,,,0,,,20,0,0,0,8,3,8,,,0,,,8,8,0,0,,,0,,,0,0,996,,,,,,,,,,,,,,,,,,,,,,,,,,,,,,0,0,0,1,0,0,1,1,1,0,0,0,0,0,0,0,0,0,0,0,0,0,0,0,0,0,0,0,1,1,0,0,0,0,0,,0,0,0,0,0,0,0,0,0,0,0,0,0,0,0,0,,,,,,46-50,46-55,City street,U,Wednesday,Belt Used,PV,Not Fatal,0,0,0,0,City Street,Municipal/City Police,Spokane Police Department,0,0,0,1,0,,,,,,0,0,0,,,,,,,,,,,98,98,98,0,,,,,20,7,,,,,,,,1,0,,,,,,
2020,449,EA82611,278,11/19/2020,20:00,19,11,,63,Spokane,2110,1,,2,1,2,1,1,1,1,,,,8,0,0,0,3,0,2,3,2,4,6,0,0,0,0,W WELLESLEY AVE,N BELT ST,-117.4432306,47.70075556,0,1,13,80,5,30,14,0,0,1,5,8,1,1,5,1,11,1,2,53,0,49,401,2019,0,,8,,,,,,1,1,20,2,0,,0,0,3,0,11,0,,,,,0,0,0,3,1,0,,,,96,,,,,,0,,,,,,99202,53,69,192,6,1,0,0,1,3,,0,,,,,,0,07/15/2016,10/15/2018,20,0,0,0,8,3,2,,,0,,,8,8,0,0,,,0,,,0,0,996,,,,,,,,,,,,,,,,,,,,,,,,,,,,,,0,0,0,1,0,0,0,0,0,1,0,1,0,0,0,0,0,0,0,0,0,1,1,0,1,0,0,0,0,1,0,1,0,0,0,,0,0,0,0,0,0,0,0,0,0,0,0,0,0,0,0,,,,,,18-20,16-25,City street,U,Thursday,Belt Used,PV,Not Fatal,1,0,0,0,City Street,Municipal/City Police,Spokane Police Department,0,0,0,1,0,,,,,,0,0,2,,,,,,,,,,,98,98,98,0,,,,,20,7,,,,,,,,1,0,,,,,,
2020,480,EA88404,278,12/09/2020,19:49,9,12,,63,Spokane,2110,1,,3,1,2,1,1,1,1,19:51,19:56,,8,0,0,0,3,0,2,4,2,4,6,0,0,0,0,S HOWARD ST,W 3rd Ave,-117.4210556,47.65348056,0,1,13,80,5,30,14,0,0,1,5,8,8,8,2,4,10,1,1,53,0,18,401,2003,0,,8,,,,,,1,1,50,1,0,,0,0,3,0,11,0,,,,,0,0,0,0,1,0,,,,96,,,,,,9,,,,,,99202,53,69,165,0,0,0,0,0,0,,97,,,,,,0,,,20,0,0,0,8,3,2,,,0,,,1,8,2,401,417,,1,1,,2,1,0,,,,,,,,,,,,,,,,,,,,,,,,,,,,,,0,0,0,1,0,0,1,1,0,1,0,1,0,1,0,0,0,0,0,0,0,0,0,0,0,0,0,0,0,1,0,1,0,0,0,,0,0,0,0,0,0,1,1,0,0,0,1,0,0,1,0,,,,,,46-50,46-55,City street,U,Wednesday,Belt Used,PV,Not Fatal,1,0,0,0,City Street,Municipal/City Police,Spokane Police Department,0,0,0,1,0,,,,,,0,0,0,,,,,,,,,,,98,98,98,0,,,,,20,7,,,,,,,,1,0,,,,,,
2021,596,EB48009,277,07/12/2021,0:25,12,7,,63,Spokane,2110,1,,3,1,2,1,0,1,1,,,,31,0,0,0,1,0,1,3,2,4,6,0,0,0,0,W AIRPORT DR,,-117.5370639,47.62708333,0,1,1,13,2,20,61,0,0,1,2,42,4,1,2,4,14,1,3,53,0,12,870,2013,0,,63,31,31,42,,,1,1,59,1,7,,4,0,3,0,11,5,07/14/2021,21:09,2.11053E+11,35213,0,0,0,3,1,0,,,,96,,,,,,1,,,,,,99202,53,72,200,6,1,0,0,1,0,,0,,,,,,0,07/15/2020,07/15/2020,1,0,0,0,1,1,1,,,0,,,0,0,2,1,,,1,,,2,1,0,,,,,,,,,,,,,,,,,,,,,,,,,,,,,,0,0,1,0,0,0,0,0,0,0,0,0,0,0,0,0,0,0,0,0,0,0,0,0,0,0,0,0,0,0,1,0,0,0,0,,0,1,0,0,0,0,0,0,0,0,0,0,0,0,0,0,,,,,,56-60,56-65,City street,U,Monday,,MHTRUCK,White,0,1,0,0,City Street,Municipal/City Police,Spokane Airport Police Department,1,0,0,1,0,,,,,,0,0,0,,,,,,,,,,,98,98,98,1,,,,,20,,,,,,,,,1,0,,,,,,
2021,498,EB88818,278,11/12/2021,13:57,12,11,,63,Spokane,2110,2,,1,2,2,1,0,6,3,,,,12,0,2,,1,0,1,3,2,4,6,0,0,0,0,N NEVADA ST,,-117.3951556,47.68611111,0,2,98,53,3,30,4,0,0,1,5,12,1,2,4,1,2,2,2,53,0,37,31,2000,0,,12,,,,,,1,1,22,2,0,,0,0,3,0,11,0,,,,,0,0,0,3,1,0,,,,96,,,,,,0,,,,,,99202,53,66,130,6,1,0,0,0,0,,0,,,,,,0,,,20,0,0,0,8,9,8,,,0,,,8,8,8,95,,,96,,,0,0,996,,,,,,,,,,,,,,,,,,,,,,,,,,,,,,0,0,0,0,0,0,0,0,0,0,0,0,0,1,0,0,0,0,0,0,0,0,0,1,1,0,0,0,0,1,0,0,0,0,0,,0,0,0,0,0,0,0,0,0,0,0,0,0,0,0,0,,,,,,21-25,16-25,City street,U,Friday,Belt Used,PV,Not Fatal,0,1,1,0,City Street,Municipal/City Police,Spokane Police Department,0,0,0,1,0,,,,,,0,0,0,,,,,,,,,,,98,98,98,0,,,,,20,,,,,,,,,1,0,,,,,,