year,case,par,repjur,crash_dt,crash_tm,accday,accmon,holiday,county,co_char,city,weather,weather2,lightcond,surfcond,surftype,numfatal,nmforms,pforms,vforms,not_tm,arr_tm,hosp_tm,fhevent,hitrun,manncol,milepnt,reljunc,reljuncinter,intersectiontype,funcsystem,landuse,ownership,route,schlbus,spejur,contdev,devfunc,trafid1,trafid2,x,y,wk_zone,vnumber,crashtype,criticalevent,criticaleventcat,spdlim,body,trailer,emerg,hazcargo,leave,mhevent,roadalgn,roadprof,traflane,trafflow,vehmanvr,numoccs,regowner,regstate,spuse,make,model,modelyr,vrf1,vrf2,seqevent1,seqevent2,seqevent3,seqevent4,seqevent5,seqevent6,pnumber,ptype,age,sex,hispanic,race,injury,diedscene,restraint,restraintmisuse,seatpos,takehosp,death_dt,death_tm,cert,cernum_wa,commlic,licendor,licrestrict,liccomp,drivpres,drf1,drf2,drf3,drf4,distract1,distract2,distract3,distract4,distract5,distract6,dricond1,dricond2,dricond3,dricond4,dricond5,dricond6,dzip,licstate,drhgt_in,weight,noncdl,noncdltype,prevdwi,prevoth,prevacc,prevspd,prevsus,driviol1,driviol2,driviol3,driviol4,driviol5,driviol6,spdrel,first_dt,last_dt,airbag,ejection,ejectpath,extricat,injurwrk,methalc,methdrug,nmlocat,strikveh,prf1,prf2,prf3,druginv,alcinvol,drugsts,drugres1,drugres2,drugres3,drugtst1,drugtst2,drugtst3,alcsts,alctst,alcres,nmact1,nmact2,nmact3,nmact4,nmact5,nmact6,nmprior1,nmprior2,nmprior3,nmprior4,nmprior5,nmprior6,nmcond1,nmcond2,nmcond3,nmcond4,nmcond5,nmcond6,nmsafe_helmet,nmsafe_pads,nmsafe_oth,nmprev_ref,nmprev_lgt,nmprev_oth,crashlocation,nmcrashtype,crosswalk,schoolzone,sidewalk,train_inv,wildlife_inv,rotr_fars,intersect_fars,dd_inv,aid_inv,dpd_inv,id_inv,mj_inv,impnm_inv,ainm_inv,dpnm_inv,speed_inv,unlic_inv,unendmc_inv,drowsy_inv,drdist_inv,nmdist_inv,fty_inv,unrestfat_inv,dr1617_inv,dr1820_inv,dr1620_inv,dr2125_inv,dr1625_inv,dr65_inv,dr70_inv,dr75_inv,mc_inv,pv_inv,ht_inv,ped_inv,bike_inv,unrest_fat,mc_fat,unhelmet_mc,pv_fat,ht_fat,ped_fat,bike_fat,dr_alc7,dr_alc8,dr_drug,dr_imp,dr_dist,dr_spd,dr_fty,dr_unlic,dr_alc7only,dr_alc8only,dr_drugonly,dr_drink,nm_imp,nm_alc7,nm_alc8,nm_drug,nm_dist,agegrp1,agegrp2,roadclass,urbrur,dayweek,restuse,vehtype,race_me,intersect,lanedep,oppdir,wrongway,rep_typ,investag,repag_long,rotr,st_rd,cty_rd,city_rd,oth_rd,drug_thc,thc_res,drug_cthc,cthc_res,drug_cann,prevpersemin,prevperse,prevsusoth,drugtst4,drugtst5,drugtst6,drugtst7,drugtst8,drugres4,drugres5,drugres6,drugres7,drugres8,adspresent,adsengaged,adslevel,race1,race2,race3,race4,race5,helmet,helmetmisuse,nmdistract1,nmdistract2,nmdistract3,nmdistract4,nmdistract5,nmdistract6,lab,isedtcase,crf1,crf2,crf3,CoRoadName,CoMP,IntCoRoadName,IntCoMP
2018,426,E863974,278,11/23/2018,16:02,23,11,8,63,Spokane,2110,2,0,3,2,2,1,1,1,1,,,,8,0,0,0,1,0,1,7,2,4,6,0,0,28,3,E 29TH AVE,,-117.3726806,47.62815833,0,1,13,80,5,98,14,0,0,1,5,8,1,1,2,4,1,1,2,53,0,35,401,1995,0,0,8,,,,,,1,1,16,1,0,0,0,0,3,0,11,0,,,,,0,0,3,3,1,38,0,0,0,96,,,,,,0,,,,,,99203,53,69,230,6,2,0,0,0,0,,97,,,,,,0,,,20,0,0,0,8,9,8,,,0,0,0,8,0,8,95,,,96,,,8,95,995,,,,,,,,,,,,,,,,,,,,,,,,,,,,,,0,0,0,0,0,0,0,0,0,0,0,0,0,0,0,0,0,0,1,0,1,0,1,0,1,0,0,0,0,1,0,1,0,0,0,,0,0,0,0,0,0,0,0,0,0,1,0,0,0,0,0,,,,,,16-17,16-25,City street,U,Friday,Belt Used,PV,Not Fatal,1,0,0,0,City Street,Municipal/City Police,Spokane Police Department,0,0,0,1,0,,,,,,0,0,0,,,,,,,,,,,,,,,,,,,,,,,,,,,,,,,,,,,
2019,442,E994233,6,12/06/2019,9:40,6,12,,47,Okanogan,0,10,0,1,2,2,1,0,1,1,,,,1,0,0,50.9,1,0,1,4,1,1,3,0,3,0,0,SR-155,,-119.0965056,48.23701389,0,1,1,13,2,60,14,0,0,1,2,1,3,2,2,1,14,1,1,53,0,62,401,2001,0,0,63,1,,,,,1,1,43,1,1,,4,7,3,0,11,0,12/06/2019,9:40,53054332,54332,0,0,3,2,1,0,0,0,0,92,,,,,,9,,,,,,99203,53,69,140,1,1,2,2,1,3,,0,,,,,,0,07/15/2016,08/15/2019,1,2,9,0,0,1,8,,,0,0,0,8,1,2,1,,,1,,,2,1,0.318,,,,,,,,,,,,,,,,,,,,,,,,,,,,,,0,0,1,0,1,1,0,1,0,0,0,0,0,1,0,0,1,0,0,0,0,0,0,0,0,0,0,0,0,1,0,0,0,0,0,,1,0,0,0,0,1,0,1,1,0,0,1,0,1,0,1,,,,,,41-45,36-45,State route,R,Friday,Belt Used,PV,Hispanic,0,1,0,0,State Route,State Patrol,Washington State Patrol,1,1,0,0,0,,,,,,0,2,6,,,,,,,,,,,98,98,98,298,,,,,20,7,,,,,,,,,,,,,,,
2020,401,EA71761,278,10/13/2020,23:17,13,10,,63,Spokane,2110,1,,3,1,2,1,0,3,2,,,,12,0,6,0,2,0,2,4,2,4,6,0,0,0,0,S REGAL ST,E THURSTON AVE,-117.3686,47.61728056,0,2,87,66,4,98,14,0,0,1,5,12,1,1,4,1,1,2,2,53,0,34,402,2009,0,,12,,,,,,1,1,18,1,0,,1,0,3,0,11,5,,,,,0,0,0,3,1,0,,,,96,,,,,,0,,,,,,99203,53,71,200,6,1,0,0,0,0,,0,,,,,,0,,,8,0,0,0,8,3,2,,,0,,,8,8,0,0,,,0,,,0,0,996,,,,,,,,,,,,,,,,,,,,,,,,,,,,,,0,0,0,1,1,1,1,1,1,0,0,0,1,1,0,0,0,0,0,0,0,1,1,0,1,0,0,0,0,1,0,0,0,0,0,,0,0,0,0,0,0,0,0,0,0,0,0,0,0,0,0,,,,,,18-20,16-25,City street,U,Tuesday,Belt Used,PV,Not Fatal,1,0,0,0,City Street,Municipal/City Police,Spokane Police Department,0,0,0,1,0,,,,,,0,0,0,,,,,,,,,,,98,98,98,0,,,,,20,7,,,,,,,,1,0,,,,,,
2021,174,EB38875,40,06/10/2021,19:04,10,6,,63,Spokane,0,1,,1,1,2,1,0,2,1,,,,38,0,0,2.2,1,0,1,7,1,2,4,0,0,0,0,CR-S THOMAS MALLEN RD,,-117.5402222,47.59512778,0,1,1,9,1,35,4,0,0,1,5,1,1,8,2,1,1,2,2,53,0,29,5,2018,0,,63,38,1,,,,1,1,31,1,7,,4,7,20,7,11,0,06/10/2021,19:04,53028086,28086,0,0,0,0,1,0,,,,96,,,,,,98,,,,,,99203,53,67,145,0,0,0,0,0,0,,0,,,,,,4,,,8,1,9,0,0,9,8,,,0,,,8,8,2,1,,,1,,,2,1,0.122,,,,,,,,,,,,,,,,,,,,,,,,,,,,,,0,0,1,0,1,1,0,1,0,0,0,0,1,1,0,0,0,0,0,1,0,0,0,0,0,0,0,0,0,1,0,0,0,1,0,,1,0,0,0,0,1,0,1,0,1,0,1,0,1,0,1,,,,,,31-35,26-35,County road,R,Thursday,Not Used,PV,White,0,1,0,0,County Road,County Sheriff,Spokane County Sheriff's Office,1,0,1,0,0,,,,,,0,0,0,,,,,,,,,,,98,98,98,1,,,,,20,,,,,,,,,1,0,,,THOMAS MALLEN RD,2.15,NULL,
2017,473,E733846,278,11/11/2017,10:40,11,11,0,63,Spokane,2110,1,0,1,1,2,1,1,2,1,10:46,10:50,10:59,8,0,0,0,1,0,1,4,2,4,6,0,0,0,0,S HOWARD ST,,-117.4210556,47.65633333,0,1,13,9,1,25,4,0,0,1,2,8,1,1,2,1,9,2,1,53,0,55,35,2008,0,0,8,63,19,,,,1,1,34,2,0,0,0,0,20,0,11,0,,,,,0,0,0,3,1,0,0,0,0,12,,,,,,0,,,,,,99204,53,65,120,6,2,0,0,0,0,0,97,,,,,,0,,,20,0,0,0,8,9,2,,,0,0,0,0,0,0,0,0,0,0,0,0,0,0,996,,,,,,,,,,,,,,,,,,,,,,,,,,,,,,0,0,0,0,0,0,0,0,0,1,1,0,0,0,0,0,1,1,0,0,0,0,0,0,0,0,0,0,0,1,0,1,0,0,0,,0,0,0,0,0,0,0,0,1,0,0,0,0,0,0,0,,,,,,31-35,26-35,City street,U,Saturday,Not Used,PV,Not Fatal,0,0,0,0,City Street,Municipal/City Police,Spokane Police Department,0,0,0,1,0,,,,,,,,,,,,,,,,,,,,,,,,,,,,,,,,,,,,,,,,,,,
2019,189,E905934,278,03/21/2019,3:21,21,3,,63,Spokane,2110,1,0,3,1,2,1,0,1,1,,,,42,0,0,0,1,0,1,3,2,4,6,0,0,0,0,N FREYA ST,,-117.3580861,47.66784722,0,1,1,13,2,98,14,0,0,1,7,2,3,8,2,1,14,1,2,53,0,12,401,1993,0,0,63,42,2,,,,1,1,23,1,7,,4,0,99,7,11,5,03/23/2019,13:32,2.11053E+11,13995,0,0,3,2,1,0,0,0,0,92,,,,,,99,,,,,,99204,53,71,150,1,1,1,0,0,0,,0,,,,,,0,11/15/2017,11/15/2017,99,0,0,0,0,9,8,,,0,0,0,8,9,2,417,,,1,,,2,1,0,,,,,,,,,,,,,,,,,,,,,,,,,,,,,,0,0,1,0,0,0,1,1,0,0,0,0,0,1,0,0,1,0,0,0,0,0,0,1,1,0,0,0,0,1,0,0,0,0,0,,1,0,0,0,0,0,1,1,1,0,0,1,0,0,1,0,,,,,,21-25,16-25,City street,U,Thursday,Unknown,PV,White,0,1,0,0,City Street,Municipal/City Police,Spokane Police Department,1,0,0,1,0,,,,,,0,1,0,,,,,,,,,,,0,0,0,1,,,,,20,7,,,,,,,,,,,,,,,
2019,227,E939908,1,07/14/2019,10:25,14,7,,21,Franklin,0,1,0,1,1,1,1,0,2,2,,,,1,0,0,41.6,1,0,1,3,1,1,2,0,0,0,0,US-395,,-119.0432361,46.41786944,0,2,98,90,6,70,65,0,0,1,5,54,2,2,2,3,14,1,1,53,0,20,850,1984,0,0,54,,,,,,1,1,63,1,0,,0,0,3,0,11,0,,,,,0,0,0,3,1,0,0,0,0,96,,,,,,0,,,,,,99204,53,69,200,6,1,0,0,0,0,,0,,,,,,0,,,20,0,0,0,8,9,8,,,0,0,0,8,0,8,95,,,96,,,8,95,995,,,,,,,,,,,,,,,,,,,,,,,,,,,,,,0,0,1,0,0,0,0,0,0,0,0,0,1,0,0,0,0,0,0,0,0,0,0,0,0,0,0,0,1,0,0,0,0,0,0,,0,0,0,0,0,0,0,0,0,0,0,0,0,0,0,0,,,,,,61-65,56-65,US highway,R,Sunday,,MHOME,Not Fatal,0,1,0,0,State Route,State Patrol,Washington State Patrol,1,1,0,0,0,,,,,,0,0,0,,,,,,,,,,,0,0,0,0,,,,,20,7,,,,,,,,,,,,,,,
2019,468,E999821,4,12/29/2019,18:29,29,12,,1,Adams,0,10,0,2,1,2,2,0,7,2,,,,12,0,2,77.6,1,0,1,2,1,1,2,0,0,0,0,US-395,,-118.6674333,46.82633889,0,1,50,54,3,98,5,0,0,1,2,12,1,1,2,3,1,1,1,53,0,49,46,2015,0,0,12,,,,,,1,1,57,2,7,,4,7,3,0,11,0,12/29/2019,18:29,53057770,57770,0,0,3,3,1,51,0,0,0,96,,,,,,9,,,,,,99204,53,58,107,6,1,0,0,0,1,,0,,,,,,0,07/15/2015,09/15/2015,1,0,0,0,0,1,8,,,0,0,0,8,1,2,1,,,1,,,2,1,0.22,,,,,,,,,,,,,,,,,,,,,,,,,,,,,,0,0,0,0,1,1,0,1,0,0,0,0,0,0,0,0,0,0,0,0,0,0,0,0,0,0,0,0,0,1,0,0,0,0,0,,1,0,0,0,0,1,0,1,0,0,0,0,0,1,0,1,,,,,,56-60,56-65,US highway,R,Sunday,Belt Used,PV,White,0,0,0,1,State Route,State Patrol,Washington State Patrol,0,1,0,0,0,,,,,,0,0,3,,,,,,,,,,,98,98,98,1,,,,,20,7,,,,,,,,,,,,,,,
2021,175,EB38877,40,06/13/2021,19:04,13,6,,63,Spokane,0,1,,1,1,2,1,0,1,1,,,,42,0,0,3.1,1,0,1,7,1,2,4,0,0,0,0,CR-E BELMONT RD,,-117.1578056,47.56873333,0,1,1,11,2,35,34,0,0,1,2,42,3,1,8,1,14,1,1,53,0,12,481,2006,0,,63,42,1,,,,1,1,38,1,7,,4,7,20,7,11,0,06/13/2021,19:04,53027704,27704,0,0,0,3,1,0,,,,96,,,,,,98,,,,,,99204,53,74,210,6,1,0,0,0,0,,0,,,,,,3,,,20,2,9,0,0,9,8,,,0,,,8,8,2,1,,,1,,,2,1,0.247,,,,,,,,,,,,,,,,,,,,,,,,,,,,,,0,0,1,0,1,1,0,1,0,0,0,0,1,0,0,0,0,0,0,1,0,0,0,0,0,0,0,0,0,1,0,0,0,1,0,,1,0,0,0,0,1,0,1,0,1,0,0,0,1,0,1,,,,,,36-40,36-45,County road,R,Sunday,Not Used,PV,Multiracial,0,1,0,0,County Road,County Sheriff,Spokane County Sheriff's Office,1,0,1,0,0,,,,,,0,0,0,,,,,,,,,,,98,98,98,201,207,258,,,20,,,,,,,,,1,0,,,BELMONT RD,3.06,NULL,
2018,114,E791954,278,04/24/2018,21:35,24,4,0,63,Spokane,2110,1,0,3,1,2,1,1,1,1,21:36,21:40,22:22,8,0,0,0,3,0,2,4,2,4,6,0,0,97,8,E 3RD,S PERRY,-117.3889028,47.65335,1,1,13,80,5,30,5,0,0,1,5,8,1,1,1,4,1,1,1,53,0,49,52,2008,0,0,8,64,38,,,,1,1,50,2,0,0,1,0,3,0,11,5,,,,,0,0,3,3,1,91,0,0,0,96,,,,,,9,,,,,,99205,53,67,180,6,1,2,0,2,2,,1,,,,,,0,12/15/2013,06/15/2017,1,0,0,0,8,9,8,,,0,0,0,8,1,2,996,,,1,,,2,1,0.15,,,,,,,,,,,,,,,,,,,,,,,,,,,,,,0,0,0,1,1,1,1,1,0,0,0,0,0,0,0,0,0,0,0,0,0,0,0,0,0,0,0,0,0,1,0,1,0,0,0,,0,0,0,0,0,1,1,1,0,0,0,0,0,0,0,1,,,,,,46-50,46-55,City street,U,Tuesday,Belt Used,PV,Not Fatal,0,0,0,0,City Street,Municipal/City Police,Spokane Police Department,0,0,0,1,0,,,,,,0,2,1,,,,,,,,,,,,,,,,,,,,,,,,,,,,,,,,,,,
2018,222,E816925,4,07/11/2018,7:00,11,7,0,63,Spokane,0,1,0,1,1,2,1,0,3,2,7:00,7:18,,12,0,6,15.2,2,0,2,4,1,1,3,0,0,20,3,SR-290,MCKENZIE RD,-117.0986556,47.71208056,0,1,82,15,2,55,4,0,0,1,2,12,1,1,2,1,11,2,9,99,0,59,35,2006,0,0,12,,,,,,1,1,16,2,7,1,4,7,3,0,11,0,07/11/2018,7:00,53031404,31404,0,0,3,3,1,38,0,0,0,93,,,,,,0,,,,,,99205,53,67,150,6,7,0,0,0,0,,0,,,,,,0,,,8,0,0,0,0,9,8,,,0,0,0,8,0,2,1,,,1,,,2,1,0,,,,,,,,,,,,,,,,,,,,,,,,,,,,,,0,0,0,1,0,0,0,0,0,0,0,0,0,0,0,0,1,0,1,0,1,0,1,0,1,0,0,0,0,1,1,0,0,0,0,,1,0,0,0,0,0,0,0,1,0,1,0,0,0,0,0,,,,,,16-17,16-25,State route,R,Wednesday,Belt Used,PV,White,1,0,0,0,State Route,State Patrol,Washington State Patrol Headquarter,0,1,0,0,0,,,,,,0,0,0,,,,,,,,,,,,,,,,,,,,,,,,,,,,,,,,,,,
2019,200,E935032,34,06/17/2019,15:55,17,6,,51,Pend Oreille,0,1,0,1,1,5,1,0,2,1,,,,42,0,0,8.5,1,0,1,7,2,2,4,0,0,0,0,CR-BEAD LAKE RD,,-117.1425917,48.29898333,0,1,1,13,2,98,15,0,0,1,7,1,1,1,2,1,1,2,1,53,0,12,422,1997,0,0,63,42,1,,,,1,1,24,8,0,,2,0,20,7,11,8,,,,,0,0,0,3,1,91,0,0,0,96,,,,,,9,,,,,,99205,53,72,180,6,1,0,1,1,0,,1,,,,,,0,04/15/2018,04/15/2018,20,9,0,0,8,9,8,,,0,0,0,8,1,2,695,,,1,,,2,1,0.15,,,,,,,,,,,,,,,,,,,,,,,,,,,,,,0,0,1,0,1,1,1,1,1,0,0,0,0,0,0,0,0,0,0,1,0,0,0,1,1,0,0,0,0,1,0,0,0,0,0,,0,0,0,0,0,1,1,1,0,0,0,0,0,0,0,1,,,,,,21-25,16-25,County road,U,Monday,Not Used,PV,Not Fatal,0,1,0,0,County Road,County Sheriff,Pend Oreille County Sheriff's Offic,1,0,1,0,0,,,carboxy-thc,13,,0,0,0,,,,,,,,,,,0,0,0,0,,,,,20,7,,,,,,,,,,,,,,,
2019,321,E957985,4,09/06/2019,2:59,6,9,,63,Spokane,0,1,0,2,1,2,1,0,3,2,,,,12,0,2,5,1,0,1,3,2,1,3,0,0,0,0,SR-291,,-117.5068972,47.73443611,0,1,50,10,2,98,80,0,0,1,2,12,2,1,2,1,14,1,2,53,0,53,706,2004,0,0,68,12,,,,,1,1,25,1,7,,4,7,20,7,11,0,09/06/2019,2:59,53039967,39967,0,0,0,2,1,28,0,0,0,96,,,,,,9,,,,,,99205,53,72,180,1,1,1,1,0,2,,0,,,,,,3,05/15/2017,02/15/2019,20,8,0,0,0,9,8,,,0,0,0,8,1,2,1,,,1,,,2,1,0.16,,,,,,,,,,,,,,,,,,,,,,,,,,,,,,0,0,0,0,1,1,0,1,0,0,0,0,1,1,1,0,0,0,0,0,0,0,0,1,1,0,0,0,1,1,0,0,0,0,1,0,0,0,0,0,0,1,0,1,0,1,0,1,0,1,0,1,,,,,,21-25,16-25,State route,U,Friday,,MC,White,0,0,0,1,State Route,State Patrol,Washington State Patrol,0,1,0,0,0,,,,,,0,1,2,,,,,,,,,,,0,0,0,1,,,,,5,0,,,,,,,,,,,,,,,
2019,363,E970986,278,10/15/2019,18:53,15,10,,63,Spokane,2110,1,0,3,1,2,1,0,5,2,,,,12,0,6,0,2,0,2,7,2,4,6,0,0,0,0,N INDIAN TRAIL RD,W LOWELL AVE,-117.4833139,47.737175,0,1,83,67,4,35,80,0,0,1,5,12,1,1,4,1,1,1,1,53,0,73,706,2009,0,0,12,,,,,,1,1,36,1,7,,4,7,20,7,11,0,10/15/2019,18:53,2.11053E+11,45995,0,0,0,2,1,0,0,0,0,96,,,,,,99,,,,,,99205,53,74,195,1,1,0,1,0,3,,0,,,,,,3,08/15/2015,02/15/2019,20,8,0,0,0,9,8,,,0,0,0,8,9,2,128,177,401,1,1,1,2,1,0,,,,,,,,,,,,,,,,,,,,,,,,,,,,,,0,0,0,1,0,0,1,1,0,0,0,0,1,1,1,0,0,0,0,0,0,0,0,0,0,0,0,0,1,1,0,0,0,0,1,0,0,0,0,0,0,0,1,1,0,1,0,1,0,0,1,0,,,,,,36-40,36-45,City street,U,Tuesday,,MC,White,1,0,0,0,City Street,Municipal/City Police,Spokane Police Department,0,0,0,1,0,,,,,,0,0,0,1,,,,,417,,,,,0,0,0,1,,,,,19,0,,,,,,,,,,,,,,,
2019,363,E970986,278,10/15/2019,18:53,15,10,,63,Spokane,2110,1,0,3,1,2,1,0,5,2,,,,12,0,6,0,2,0,2,7,2,4,6,0,0,20,3,N INDIAN TRAIL RD,W LOWELL AVE,-117.4833139,47.737175,0,2,82,15,2,98,14,0,0,1,5,12,1,1,4,1,11,4,1,53,0,41,402,2005,0,0,12,,,,,,1,1,44,1,0,,0,0,3,0,11,0,,,,,0,0,0,3,1,0,0,0,0,96,,,,,,0,,,,,,99205,53,70,180,6,1,0,0,0,0,,0,,,,,,0,,,20,0,0,0,8,9,8,,,0,0,0,8,0,8,95,,,96,,,8,95,995,,,,,,,,,,,,,,,,,,,,,,,,,,,,,,0,0,0,1,0,0,1,1,0,0,0,0,1,1,1,0,0,0,0,0,0,0,0,0,0,0,0,0,1,1,0,0,0,0,0,,0,0,0,0,0,0,0,0,0,0,0,0,0,0,0,0,,,,,,41-45,36-45,City street,U,Tuesday,Belt Used,PV,Not Fatal,1,0,0,0,City Street,Municipal/City Police,Spokane Police Department,0,0,0,1,0,,,,,,0,0,0,,,,,,,,,,,98,98,98,0,,,,,20,7,,,,,,,,,,,,,,,
2020,548,EA59236,278,08/28/2020,16:06,28,8,,63,Spokane,2110,1,,1,1,2,1,1,1,1,16:07,16:11,16:30,15,0,0,0,8,0,1,3,2,4,6,0,0,0,0,W 3RD AVE,,-117.4267556,47.65349444,0,1,13,83,5,98,14,0,0,1,5,15,1,1,3,4,11,1,3,53,0,59,403,2017,0,,15,,,,,,1,1,19,1,0,,0,0,3,0,11,0,,,,,0,0,3,3,1,0,,,,96,,,,,,0,,,,,,99205,53,72,170,6,2,0,0,0,0,,0,,,,,,0,,,20,0,0,0,8,3,2,,,0,,,8,0,0,0,,,0,,,2,95,0,,,,,,,,,,,,,,,,,,,,,,,,,,,,,,0,0,0,0,0,0,0,0,0,1,0,1,0,0,0,0,0,0,0,0,0,1,1,0,1,0,0,0,0,1,0,1,0,0,0,,0,0,0,0,0,0,0,0,0,0,0,0,0,0,0,0,,,,,,18-20,16-25,City street,U,Friday,Belt Used,PV,Not Fatal,0,0,0,0,City Street,Municipal/City Police,Spokane Police Department,0,0,0,1,0,,,,,,0,0,0,,,,,,,,,,,98,98,98,0,,,,,20,7,,,,,,,,1,0,,,,,,
2020,354,EA63484,40,09/12/2020,19:03,12,9,,63,Spokane,2110,5,,1,1,2,1,0,1,2,19:05,19:11,,33,0,0,9999.8,3,0,3,4,1,4,6,0,0,0,0,CR-S GOVERNMENT WAY,W Greenwood Rd,-117.4644056,47.65650278,0,1,2,6,1,30,80,0,0,1,2,33,2,2,2,1,14,1,1,53,0,98,705,2007,0,,63,33,31,69,71,14,1,1,43,1,7,,4,7,20,7,11,0,09/12/2020,19:03,2.11053E+11,43148,0,0,0,3,1,0,,,,96,,,,,,98,,,,,,99205,53,62,177,6,1,0,0,0,0,,0,,,,,,4,,,20,8,0,0,0,9,8,,,0,,,8,8,2,695,605,996,1,1,1,2,1,0.166,,,,,,,,,,,,,,,,,,,,,,,,,,,,,,0,0,0,1,1,1,1,1,1,0,0,0,1,0,0,0,0,0,0,0,0,0,0,0,0,0,0,0,1,1,0,0,0,0,1,0,0,0,0,0,0,1,1,1,0,1,0,0,0,0,0,1,,,,,,41-45,36-45,City street,R,Saturday,,MC,White,1,0,0,0,City Street,County Sheriff,Spokane County Sheriff's Office,0,0,0,1,0,thc,13,carboxy-thc,9.7,,0,0,0,1,,,,,996,,,,,0,0,0,1,,,,,5,0,,,,,,,nms,1,0,,,,,,
2021,2,EA95013,4,01/01/2021,22:07,1,1,,51,Pend Oreille,0,98,,2,2,2,1,1,1,1,,,,8,1,0,418.8,1,0,1,4,1,1,3,0,0,0,0,SR-20,,-117.3003917,48.32980556,0,1,13,80,5,55,34,0,0,1,5,8,1,1,2,1,1,99,9,99,0,12,471,1994,0,,8,,,,,,1,1,999,9,0,,9,0,99,7,11,0,,,,,0,0,0,3,1,0,,,,96,,,,,,98,,,,,,99205,53,68,180,6,1,0,1,0,0,,7,,,,,,0,01/15/2019,01/15/2019,99,0,0,0,8,9,8,,,0,,,8,8,0,0,,,0,,,0,0,996,,,,,,,,,,,,,,,,,,,,,,,,,,,,,,0,0,0,0,0,0,0,0,0,0,0,0,0,0,0,0,0,0,0,0,0,0,0,0,0,0,0,0,0,1,0,1,0,0,0,,0,0,0,0,0,0,0,0,0,0,0,0,0,0,0,0,,,,,,,,State route,R,Friday,Unknown,PV,Not Fatal,0,0,0,0,State Route,State Patrol,Washington State Patrol,0,1,0,0,0,,,,,,0,0,0,,,,,,,,,,,0,0,0,0,,,,,20,,,,,,,,,1,0,,,,,,
2021,365,EB27480,278,05/04/2021,18:33,4,5,,63,Spokane,2110,1,,1,1,1,1,0,2,3,,,,12,0,6,0,2,0,2,7,2,4,6,0,0,0,0,N MADISON ST,W Lacrosse Ave,-117.4271694,47.69546389,0,2,87,66,4,98,80,0,0,1,5,12,1,2,2,1,1,1,2,53,0,37,705,1983,0,,12,14,,,,,1,1,34,1,7,,4,0,20,7,11,0,05/17/2021,5:28,2.11053E+11,23720,0,0,0,3,1,0,,,,96,,,,,,98,,,,,,99205,53,64,155,6,1,0,0,2,0,,0,,,,,,0,07/15/2017,05/15/2020,20,8,0,0,0,9,8,,,0,,,8,8,8,95,,,96,,,8,95,995,,,,,,,,,,,,,,,,,,,,,,,,,,,,,,0,0,0,1,0,0,0,0,0,0,0,0,0,1,0,0,0,0,1,0,0,0,0,0,0,0,0,0,1,1,0,0,0,0,1,0,0,0,0,0,0,0,0,0,0,0,0,0,0,0,0,0,,,,,,31-35,26-35,City street,U,Tuesday,,MC,White,1,0,0,0,City Street,Municipal/City Police,Spokane Police Department,0,0,0,1,0,,,,,,0,0,0,,,,,,,,,,,0,0,0,1,,,,,5,,,,,,,,,1,0,,,,,,
2021,442,EB31997,278,05/12/2021,16:24,12,5,,63,Spokane,2110,1,,1,1,2,1,1,1,1,,,,8,0,0,0,3,0,2,3,2,4,6,0,0,3,3,N STEVENS ST,W Riverside Ave,-117.41945,47.65794722,0,1,13,80,5,30,34,0,0,1,5,8,1,1,4,4,11,1,1,53,0,7,482,2002,0,,8,,,,,,1,1,40,1,0,,0,0,99,7,11,0,,,,,0,0,0,3,1,0,,,,92,,,,,,98,,,,,,99205,53,74,180,6,1,0,0,0,0,,97,,,,,,0,06/15/2016,06/15/2016,20,0,0,0,8,9,8,,,0,,,8,8,8,95,,,96,,,8,95,995,,,,,,,,,,,,,,,,,,,,,,,,,,,,,,0,0,0,1,0,0,0,0,0,0,0,0,0,0,0,0,1,0,0,0,0,0,0,0,0,0,0,0,0,1,0,1,0,0,0,,0,0,0,0,0,0,0,0,1,0,0,0,0,0,0,0,,,,,,36-40,36-45,City street,U,Wednesday,Unknown,PV,Not Fatal,1,0,0,0,City Street,Municipal/City Police,Spokane Police Department,0,0,0,1,0,,,,,,0,0,1,,,,,,,,,,,98,98,98,0,,,,,20,,,,,,,,,1,0,,,,,,
2021,146,EB32728,278,05/24/2021,0:17,24,5,,63,Spokane,2110,1,,3,1,2,1,0,2,2,,,,38,0,0,0,3,0,4,3,2,4,6,0,0,0,0,N FREYA ST,N Freya Way,-117.3581306,47.66793056,0,1,1,13,2,98,80,0,0,1,5,38,3,8,2,2,14,2,1,53,0,72,706,2021,0,,63,38,14,,,,1,1,22,1,7,,4,0,20,7,11,0,05/24/2021,1:02,2.11053E+11,24925,0,0,0,3,1,0,,,,96,,,,,,98,,,,,,99205,53,70,160,6,1,0,0,0,0,,0,,,,,,3,,,20,8,0,0,0,9,8,,,0,,,8,8,2,695,605,,1,1,,2,1,0.122,,,,,,,,,,,,,,,,,,,,,,,,,,,,,,0,0,1,1,1,1,1,1,1,0,0,0,1,0,0,0,0,0,0,0,0,0,0,1,1,0,0,0,1,1,0,0,0,0,1,0,0,0,0,0,0,1,1,1,0,1,0,0,0,0,0,1,,,,,,21-25,16-25,City street,U,Monday,,MC,White,0,1,0,0,City Street,Municipal/City Police,Spokane Police Department,1,0,0,1,0,thc,50,carboxy-thc,17,,0,0,0,,,,,,,,,,,98,98,98,1,,,,,99,,,,,,,,nms,1,0,,,,,,