year,case,par,repjur,crash_dt,crash_tm,accday,accmon,holiday,county,co_char,city,weather,weather2,lightcond,surfcond,surftype,numfatal,nmforms,pforms,vforms,not_tm,arr_tm,hosp_tm,fhevent,hitrun,manncol,milepnt,reljunc,reljuncinter,intersectiontype,funcsystem,landuse,ownership,route,schlbus,spejur,contdev,devfunc,trafid1,trafid2,x,y,wk_zone,vnumber,crashtype,criticalevent,criticaleventcat,spdlim,body,trailer,emerg,hazcargo,leave,mhevent,roadalgn,roadprof,traflane,trafflow,vehmanvr,numoccs,regowner,regstate,spuse,make,model,modelyr,vrf1,vrf2,seqevent1,seqevent2,seqevent3,seqevent4,seqevent5,seqevent6,pnumber,ptype,age,sex,hispanic,race,injury,diedscene,restraint,restraintmisuse,seatpos,takehosp,death_dt,death_tm,cert,cernum_wa,commlic,licendor,licrestrict,liccomp,drivpres,drf1,drf2,drf3,drf4,distract1,distract2,distract3,distract4,distract5,distract6,dricond1,dricond2,dricond3,dricond4,dricond5,dricond6,dzip,licstate,drhgt_in,weight,noncdl,noncdltype,prevdwi,prevoth,prevacc,prevspd,prevsus,driviol1,driviol2,driviol3,driviol4,driviol5,driviol6,spdrel,first_dt,last_dt,airbag,ejection,ejectpath,extricat,injurwrk,methalc,methdrug,nmlocat,strikveh,prf1,prf2,prf3,druginv,alcinvol,drugsts,drugres1,drugres2,drugres3,drugtst1,drugtst2,drugtst3,alcsts,alctst,alcres,nmact1,nmact2,nmact3,nmact4,nmact5,nmact6,nmprior1,nmprior2,nmprior3,nmprior4,nmprior5,nmprior6,nmcond1,nmcond2,nmcond3,nmcond4,nmcond5,nmcond6,nmsafe_helmet,nmsafe_pads,nmsafe_oth,nmprev_ref,nmprev_lgt,nmprev_oth,crashlocation,nmcrashtype,crosswalk,schoolzone,sidewalk,train_inv,wildlife_inv,rotr_fars,intersect_fars,dd_inv,aid_inv,dpd_inv,id_inv,mj_inv,impnm_inv,ainm_inv,dpnm_inv,speed_inv,unlic_inv,unendmc_inv,drowsy_inv,drdist_inv,nmdist_inv,fty_inv,unrestfat_inv,dr1617_inv,dr1820_inv,dr1620_inv,dr2125_inv,dr1625_inv,dr65_inv,dr70_inv,dr75_inv,mc_inv,pv_inv,ht_inv,ped_inv,bike_inv,unrest_fat,mc_fat,unhelmet_mc,pv_fat,ht_fat,ped_fat,bike_fat,dr_alc7,dr_alc8,dr_drug,dr_imp,dr_dist,dr_spd,dr_fty,dr_unlic,dr_alc7only,dr_alc8only,dr_drugonly,dr_drink,nm_imp,nm_alc7,nm_alc8,nm_drug,nm_dist,agegrp1,agegrp2,roadclass,urbrur,dayweek,restuse,vehtype,race_me,intersect,lanedep,oppdir,wrongway,rep_typ,investag,repag_long,rotr,st_rd,cty_rd,city_rd,oth_rd,drug_thc,thc_res,drug_cthc,cthc_res,drug_cann,prevpersemin,prevperse,prevsusoth,drugtst4,drugtst5,drugtst6,drugtst7,drugtst8,drugres4,drugres5,drugres6,drugres7,drugres8,adspresent,adsengaged,adslevel,race1,race2,race3,race4,race5,helmet,helmetmisuse,nmdistract1,nmdistract2,nmdistract3,nmdistract4,nmdistract5,nmdistract6,lab,isedtcase,crf1,crf2,crf3,CoRoadName,CoMP,IntCoRoadName,IntCoMP
2021,306,EB58947,278,08/16/2021,20:53,16,8,,63,Spokane,2110,1,,3,1,2,1,0,2,2,,,,12,0,6,0,8,0,1,7,2,4,6,0,0,0,0,W HOLYOKE AVE,,-117.4619611,47.71805278,0,1,83,72,4,35,14,0,0,1,5,12,1,1,4,1,1,1,2,53,0,20,403,2007,0,,12,,,,,,1,1,21,1,0,,3,0,3,0,11,5,,,,,0,0,0,3,1,38,,,,96,,,,,,98,,,,,,99205,53,72,230,6,1,0,0,0,0,,97,,,,,,3,,,1,9,0,0,8,9,8,,,0,,,8,8,2,695,605,,1,1,,2,1,0.17,,,,,,,,,,,,,,,,,,,,,,,,,,,,,,0,0,0,0,1,1,1,1,1,0,0,0,1,0,0,0,0,0,1,0,0,0,0,1,1,0,0,0,0,1,0,0,0,0,0,,0,0,0,0,0,1,1,1,0,1,1,0,0,0,0,1,,,,,,21-25,16-25,City street,U,Monday,Belt Used,PV,Not Fatal,0,0,0,0,City Street,Municipal/City Police,Spokane Police Department,0,0,0,1,0,thc,1.3,carboxy-thc,7.8,,0,0,0,,,,,,,,,,,98,98,98,0,,,,,20,,,,,,,,,1,0,,,,,,
2021,626,EB63350,40,08/28/2021,15:00,28,8,,63,Spokane,0,1,,1,1,2,1,0,1,1,,,,18,0,0,,1,0,1,6,1,2,4,0,0,0,0,CR-E VALLEY SPRINGS RD,,-117.3268889,47.70200833,0,1,1,13,2,35,80,0,0,1,5,18,1,1,2,1,1,1,1,53,0,37,706,2012,0,,63,18,,,,,1,1,72,1,7,,4,0,20,7,11,5,09/02/2021,22:45,2.11053E+11,53895,0,0,3,3,1,58,,,,92,,,,,,98,,,,,,99205,53,71,240,6,1,0,0,0,0,,0,,,,,,0,,,20,8,0,0,0,9,8,,,0,,,8,8,0,0,,,0,,,0,0,996,,,,,,,,,,,,,,,,,,,,,,,,,,,,,,0,0,1,0,0,0,0,0,0,0,0,0,0,0,0,0,1,0,0,0,0,0,0,0,0,1,1,0,1,0,0,0,0,0,1,0,0,0,0,0,0,0,0,0,1,0,0,0,0,0,0,0,,,,,,71-75,66-75,County road,R,Saturday,,MC,White,0,1,0,0,County Road,County Sheriff,Spokane County Sheriff's Office,1,0,1,0,0,,,,,,0,0,0,,,,,,,,,,,0,0,0,1,,,,,5,,,,,,,,,1,0,,,VALLEY SPRINGS RD,0.38,NULL,
2021,407,EB77005,40,10/11/2021,21:06,11,10,,63,Spokane,0,1,,3,1,2,1,0,3,2,,,,12,0,8,1.2,8,0,1,3,2,2,4,0,0,0,0,CR-N MARKET ST,,-117.3648,47.73251667,0,2,64,9,1,35,80,0,0,1,5,12,1,1,3,5,1,1,2,53,0,53,705,2001,0,,68,12,,,,,1,1,48,1,7,,4,7,20,7,11,0,10/11/2021,21:06,53052034,52034,0,0,3,2,1,58,,,,96,,,,,,98,,,,,,99205,53,71,175,1,1,0,4,1,1,,0,,,,,,4,02/15/2017,03/15/2020,20,8,0,0,0,9,8,,,0,,,8,8,2,1,,,1,,,2,1,0.233,,,,,,,,,,,,,,,,,,,,,,,,,,,,,,0,0,0,0,1,1,0,1,0,0,0,0,1,1,1,0,0,0,0,0,0,0,0,1,1,0,0,0,1,1,0,0,0,0,1,0,0,0,0,0,0,1,0,1,0,1,0,1,0,1,0,1,,,,,,46-50,46-55,County road,U,Monday,,MC,White,0,0,0,0,County Road,County Sheriff,Spokane County Sheriff's Office,0,0,1,0,0,,,,,,0,0,1,,,,,,,,,,,0,0,0,1,,,,,19,,,,,,,,,1,0,,,MARKET ST,1.19,NULL,
2021,541,EC03641,278,12/10/2021,16:39,10,12,,63,Spokane,2110,1,,3,2,2,1,1,1,1,,,,8,0,0,0,3,0,2,4,2,4,6,0,0,0,0,E INDIANA AVE,N Cincinnati St,-117.3983306,47.67473333,0,1,13,80,5,25,15,0,0,1,5,8,1,1,2,1,1,1,1,53,0,54,421,2005,0,,8,,,,,,1,1,30,2,0,,9,0,3,0,11,0,,,,,0,0,0,3,1,0,,,,92,,,,,,98,,,,,,99205,53,62,143,6,1,0,2,0,5,,0,,,,,,0,09/15/2019,09/15/2020,20,0,0,0,8,9,2,,,0,,,8,8,0,0,,,0,,,0,0,996,,,,,,,,,,,,,,,,,,,,,,,,,,,,,,0,0,0,1,0,0,0,0,0,1,1,0,0,0,0,0,1,0,0,0,0,0,0,0,0,0,0,0,0,1,0,1,0,0,0,,0,0,0,0,0,0,0,0,1,0,0,0,0,0,0,0,,,,,,26-30,26-35,City street,U,Friday,Belt Used,PV,Not Fatal,0,0,0,0,City Street,Municipal/City Police,Spokane Police Department,0,0,0,1,0,,,,,,0,0,2,,,,,,,,,,,98,98,98,0,,,,,20,,,,,,,,,1,0,,,,,,
2017,349,3633271,278,08/07/2017,10:00,7,8,0,63,Spokane,2110,1,0,1,1,1,1,1,3,3,,,,12,0,7,278.8,20,1,1,3,2,1,2,0,0,2,3,US-2,3RD AVE,-117.411225,47.65345833,0,3,98,60,4,35,14,0,0,1,5,12,1,4,2,6,5,1,1,53,0,12,402,2013,0,0,12,,,,,,1,1,37,2,0,0,1,0,3,0,11,8,,,,,0,0,0,3,1,0,0,0,0,0,,,,,,0,,,,,,99206,53,66,140,6,1,0,0,0,0,0,0,,,,,,0,,,20,0,0,0,8,9,8,,,0,0,0,8,0,0,0,0,0,0,0,0,0,0,996,,,,,,,,,,,,,,,,,,,,,,,,,,,,,,0,0,0,0,0,0,0,0,0,1,0,1,0,1,0,0,0,0,1,0,0,0,0,0,0,0,0,0,0,1,0,1,0,0,0,,0,0,0,0,0,0,0,0,0,0,0,0,0,0,0,0,,,,,,36-40,36-45,US highway,U,Monday,Belt Used,PV,Not Fatal,1,0,0,0,State Route,Municipal/City Police,Spokane Police Department,0,1,0,0,0,,,,,,,,,,,,,,,,,,,,,,,,,,,,,,,,,,,,,,,,,,,
2017,183,3751757,40,05/17/2017,,17,5,,63,Spokane,0,1,0,1,1,2,1,0,1,1,6:44,7:02,,1,0,0,7.2,1,0,1,5,1,2,4,0,0,0,0,CR-ROCK LAKE RD,,-117.5895556,47.34524722,0,1,6,12,2,55,14,0,0,1,2,1,3,1,2,1,14,1,2,53,0,12,402,2006,0,0,63,69,68,64,1,30,1,1,19,2,7,1,4,0,3,0,11,5,05/17/2017,11:16,2.11053E+11,23691,0,0,3,3,1,0,0,0,0,93,,,,,,99,,,,,,99206,53,70,155,6,1,0,0,0,0,0,0,,,,,,3,,,20,0,0,0,0,9,8,,,0,0,0,8,9,2,1,0,0,1,0,0,2,1,0,,,,,,,,,,,,,,,,,,,,,,,,,,,,,,0,0,1,0,0,0,0,0,0,0,0,0,1,0,0,0,1,0,0,0,0,1,1,0,1,0,0,0,0,1,0,0,0,0,0,,1,0,0,0,0,0,0,0,1,1,0,0,0,0,0,0,,,,,,18-20,16-25,County road,R,Wednesday,Belt Used,PV,White,0,1,0,0,County Road,County Sheriff,Spokane County Sheriff's Office,1,0,1,0,0,,,,,,,,,,,,,,,,,,,,,,,,,,,,,,,,,,,,,,,,,,,
2017,63,E643918,40,02/15/2017,13:21,15,2,0,63,Spokane,2113,2,0,1,2,2,1,0,2,2,13:24,13:29,14:00,12,0,2,0,1,0,1,3,2,4,6,0,0,0,0,E 32ND,,-117.2292806,47.62786667,0,2,51,62,4,35,14,0,0,1,2,12,1,1,2,1,1,1,1,53,0,37,402,2005,0,0,12,,,,,,1,1,67,2,0,0,1,0,3,0,11,8,,,,,0,0,3,3,1,0,0,0,0,0,,,,,,0,,,,,,99206,53,63,150,6,1,0,0,0,0,0,0,,,,,,0,,,8,0,0,0,8,9,8,,,0,0,0,8,0,2,1,0,0,1,0,0,2,1,0,,,,,,,,,,,,,,,,,,,,,,,,,,,,,,0,0,0,0,0,0,1,1,0,0,0,0,0,1,0,0,0,0,0,0,0,0,0,0,0,1,0,0,0,1,0,0,0,0,0,,0,0,0,0,0,0,0,0,0,0,0,0,0,0,0,0,,,,,,66-70,66-75,City street,U,Wednesday,Belt Used,PV,Not Fatal,0,1,1,0,City Street,County Sheriff,Spokane County Sheriff's Office,0,0,0,1,0,,,,,,,,,,,,,,,,,,,,,,,,,,,,,,,,,,,,,,,,,,,
2017,102,E656882,339,03/29/2017,19:04,29,3,0,63,Spokane,2113,1,0,5,1,2,1,0,4,2,19:08,19:11,19:46,12,0,6,0,2,0,2,3,2,4,6,0,0,3,3,E SPRAGUE AVE,N PARK RD,-117.3041528,47.65685833,0,1,88,66,4,35,4,0,0,1,2,12,1,1,2,1,4,2,1,53,0,49,40,1996,0,0,12,,,,,,1,1,27,1,0,0,0,0,3,0,11,0,,,,,0,0,3,3,1,0,0,0,0,0,,,,,,0,,,,,,99206,53,69,150,6,1,0,0,0,0,0,0,,,,,,0,,,20,0,0,0,8,9,8,,,0,0,0,8,0,0,0,0,0,0,0,0,0,0,996,,,,,,,,,,,,,,,,,,,,,,,,,,,,,,0,0,0,1,0,0,0,0,0,0,0,0,0,0,0,0,0,0,0,0,0,0,0,0,0,1,1,1,0,1,0,0,0,0,0,,0,0,0,0,0,0,0,0,0,0,0,0,0,0,0,0,,,,,,26-30,26-35,City street,U,Wednesday,Belt Used,PV,Not Fatal,1,0,0,0,City Street,Municipal/City Police,Spokane Valley Police Department,0,0,0,1,0,,,,,,,,,,,,,,,,,,,,,,,,,,,,,,,,,,,,,,,,,,,
2017,199,E683693,4,06/13/2017,21:52,13,6,0,63,Spokane,0,1,0,2,1,2,1,0,1,1,,,,59,0,0,0.5,5,1,1,1,2,1,1,0,0,0,0,I-90 RAMP R127825,,-117.4795056,47.63475833,0,1,6,12,2,55,80,0,0,1,2,59,2,2,1,6,14,1,1,6,0,73,706,2005,0,0,64,59,24,,,,1,1,49,1,7,1,4,7,19,0,11,0,06/13/2017,22:00,53026676,26676,0,0,3,3,1,0,0,0,0,92,,,,,,0,,,,,,99206,53,70,220,6,1,0,2,0,5,0,0,,,,,,0,07/15/2012,09/15/2016,20,8,0,0,0,9,8,,,0,0,0,8,0,2,1,0,0,1,0,0,2,1,0,,,,,,,,,,,,,,,,,,,,,,,,,,,,,,0,0,1,0,0,0,0,0,0,0,0,0,0,0,0,0,1,0,0,0,0,0,0,0,0,0,0,0,1,0,0,0,0,0,1,0,0,0,0,0,0,0,0,0,1,0,0,0,0,0,0,0,,,,,,46-50,46-55,Interstate,U,Tuesday,,MC,White,0,1,0,0,State Route,State Patrol,Washington State Patrol Headquarter,1,1,0,0,0,,,,,,,,,,,,,,,,,,,,,,,,,,,,,,,,,,,,,,,,,,,
2017,438,E727404,4,10/26/2017,8:56,26,10,0,63,Spokane,2113,1,0,1,1,2,1,0,2,2,8:57,9:01,9:44,12,0,6,89.6,2,0,2,3,2,1,3,0,0,20,3,SR-27,E GRACE AVE,-117.2397167,47.68389722,0,1,87,17,2,25,15,0,0,1,2,12,1,2,2,1,1,1,1,53,0,12,422,1997,0,0,12,,,,,,1,1,40,2,0,0,2,0,3,0,11,0,,,,,0,0,3,3,1,38,0,0,0,96,,,,,,9,,,,,,99206,53,66,130,6,1,0,0,0,0,0,1,,,,,,0,,,20,0,0,0,8,9,8,,,0,0,0,8,1,2,1,0,0,1,0,0,2,1,0.15,,,,,,,,,,,,,,,,,,,,,,,,,,,,,,0,0,0,1,1,1,1,1,1,0,0,0,0,0,0,0,0,0,1,0,0,0,0,0,0,0,0,0,1,1,0,0,0,0,0,,0,0,0,0,0,1,0,1,0,0,1,0,0,1,0,1,,,,,,36-40,36-45,State route,U,Thursday,Belt Used,PV,Not Fatal,1,0,0,0,State Route,State Patrol,Washington State Patrol Headquarter,0,1,0,0,0,,,,,,,,,,,,,,,,,,,,,,,,,,,,,,,,,,,,,,,,,,,
2017,438,E727404,4,10/26/2017,8:56,26,10,0,63,Spokane,2113,1,0,1,1,2,1,0,2,2,8:57,9:01,9:44,12,0,6,89.6,2,0,2,3,2,1,3,0,0,0,0,SR-27,E GRACE AVE,-117.2397167,47.68389722,0,2,86,66,4,35,80,0,0,1,2,12,1,2,4,1,1,1,1,53,0,50,706,2017,0,0,12,,,,,,1,1,35,2,7,1,4,0,5,0,11,5,10/26/2017,9:49,2.11153E+11,46853,0,0,0,3,1,0,0,0,0,0,,,,,,0,,,,,,99206,53,68,250,6,1,0,0,0,2,0,0,,,,,,0,07/15/2013,03/15/2016,20,8,0,0,0,9,8,,,0,0,0,8,9,2,605,0,0,1,0,0,2,1,0,,,,,,,,,,,,,,,,,,,,,,,,,,,,,,0,0,0,1,1,1,1,1,1,0,0,0,0,0,0,0,0,0,1,0,0,0,0,0,0,0,0,0,1,1,0,0,0,0,1,0,0,0,0,0,0,0,1,1,0,0,0,0,0,0,1,0,,,,,,31-35,26-35,State route,U,Thursday,,MC,White,1,0,0,0,State Route,State Patrol,Washington State Patrol Headquarter,0,1,0,0,0,thc,1.1,carboxy-thc,9.8,,,,,,,,,,,,,,,,,,,,,,,,,,,,,,,,,,,,,,,
2017,502,E743140,40,12/04/2017,23:36,4,12,0,63,Spokane,2113,1,0,3,1,2,1,0,4,2,23:37,23:48,0:22,12,0,1,0,3,0,2,4,2,4,6,0,0,3,3,N UNIVERSITY RD,E BRAODWAY AVE,-117.2613167,47.66433889,0,2,21,53,3,35,4,0,0,1,5,12,1,1,3,1,5,2,1,53,0,41,50,2006,0,0,12,,,,,,1,1,19,1,7,1,4,7,3,0,11,0,12/04/2017,23:36,2.11353E+11,52658,0,0,0,3,1,0,0,0,0,0,,,,,,0,,,,,,99206,53,71,144,6,1,1,0,0,1,1,0,,,,,,0,06/15/2015,12/15/2016,20,0,0,0,0,9,8,,,0,0,0,8,9,2,605,0,0,1,0,0,2,1,0,,,,,,,,,,,,,,,,,,,,,,,,,,,,,,0,0,0,1,1,1,1,1,1,0,0,0,0,0,0,0,1,0,0,0,0,1,1,0,1,0,0,0,0,1,0,0,0,0,0,,1,0,0,0,0,0,1,1,0,0,0,0,0,0,1,0,,,,,,18-20,16-25,City street,U,Monday,Belt Used,PV,White,1,0,0,0,City Street,County Sheriff,Spokane County Sheriff's Office,0,0,0,1,0,thc,888,carboxy-thc,11,,,,,,,,,,,,,,,,,,,,,,,,,,,,,,,,,,,,,,,
2018,38,E769063,4,02/09/2018,12:45,9,2,0,75,Whitman,0,1,0,1,1,2,2,0,3,2,12:44,12:57,,12,0,2,15.4,1,0,1,3,1,1,2,0,0,0,0,US-195,,-117.1841028,46.64181667,0,1,50,11,2,60,3,0,0,1,2,12,2,2,2,1,14,2,2,53,0,53,31,2001,0,0,63,69,68,12,,,1,1,28,1,1,1,4,7,3,0,11,0,02/09/2018,12:45,53006761,6761,0,0,0,3,1,28,0,0,0,96,,,,,,99,,,,,,99206,53,68,200,6,1,0,0,0,0,,0,,,,,,0,,,1,0,0,0,0,9,8,,,0,0,0,8,0,2,1,,,1,,,2,1,0,,,,,,,,,,,,,,,,,,,,,,,,,,,,,,0,0,0,0,0,0,0,0,0,0,0,0,0,0,0,0,0,0,0,0,0,0,0,0,0,0,0,0,0,1,1,0,0,0,0,,1,0,0,0,0,0,0,0,0,0,0,0,0,0,0,0,,,,,,26-30,26-35,US highway,R,Friday,Belt Used,PV,Hispanic,0,1,1,0,State Route,State Patrol,Washington State Patrol Headquarter,0,1,0,0,0,,,,,,0,0,0,,,,,,,,,,,,,,,,,,,,,,,,,,,,,,,,,,,
2018,150,E802640,40,05/24/2018,5:26,24,5,0,63,Spokane,0,10,0,9,99,2,1,0,1,1,,,,42,0,0,1.2,1,0,1,4,2,2,4,0,0,0,0,CR-WELLESLEY AVE,,-117.1275278,47.70040833,0,1,7,12,2,35,2,0,0,1,7,42,1,1,2,1,1,1,1,53,0,37,31,1999,0,0,68,64,42,38,,,1,1,56,2,7,1,4,7,20,0,11,0,05/24/2018,5:26,2.11353E+11,23386,0,0,3,3,1,0,0,0,0,96,,,,,,99,,,,,,99206,53,65,128,6,1,0,0,0,0,,0,,,,,,0,,,20,0,0,0,0,9,8,,,0,0,0,8,9,2,155,189,402,1,1,1,2,1,0.18,,,,,,,,,,,,,,,,,,,,,,,,,,,,,,0,0,0,0,1,1,1,1,1,0,0,0,0,0,0,0,0,0,0,1,0,0,0,0,0,0,0,0,0,1,0,0,0,1,0,,1,0,0,0,0,1,1,1,0,0,0,0,0,0,0,1,,,,,,56-60,56-65,County road,U,Thursday,Not Used,PV,White,0,1,0,0,County Road,County Sheriff,Spokane County Sheriff's Office,1,0,1,0,0,thc,4.5,carboxy-thc,17,,0,0,0,1,1,1,,,407,605,695,996,,,,,,,,,,,,,,,,,,,,,,,,,,
2018,464,E872897,339,12/11/2018,11:58,11,12,0,63,Spokane,2113,1,0,9,1,2,1,0,1,1,,,,1,0,0,0,1,0,1,7,2,4,6,0,0,0,0,E MONTGOMERY AVE,,-117.1673,47.67873333,0,1,98,98,7,98,20,0,0,1,7,1,1,1,2,1,1,1,2,53,0,9,442,1999,0,0,1,,,,,,1,1,22,2,7,1,4,7,3,0,11,0,12/11/2018,11:58,2.11353E+11,55154,0,0,0,3,1,0,0,0,0,93,,,,,,99,,,,,,99206,53,66,145,6,1,0,0,0,1,,0,,,,,,0,03/15/2017,03/15/2017,8,0,0,0,0,9,8,,,0,0,0,8,9,2,407,996,402,1,1,1,2,1,0.245,,,,,,,,,,,,,,,,,,,,,,,,,,,,,,0,0,0,0,1,1,1,1,1,0,0,0,0,0,0,0,1,0,0,0,0,0,0,1,1,0,0,0,0,1,0,0,0,0,0,,1,0,0,0,0,1,1,1,1,0,0,0,0,0,0,1,,,,,,21-25,16-25,City street,U,Tuesday,Belt Used,PV,White,0,1,0,0,City Street,Municipal/City Police,Spokane Valley Police Department,1,0,0,1,0,thc,6.5,carboxy-thc,11,,0,0,0,1,1,,,,695,605,,,,,,,,,,,,,,,,,,,,,,,,,,,,
2018,465,E872902,339,12/16/2018,2:55,16,12,0,63,Spokane,2113,2,0,3,2,2,1,0,1,1,2:58,3:04,3:42,25,0,0,0,1,0,1,5,2,4,6,0,0,0,0,E MISSION AVE,E AUGUSTA AVE,-117.2937472,47.67221111,0,1,6,12,2,98,2,0,0,1,7,25,2,1,2,1,14,1,1,53,0,58,37,2011,0,0,68,64,25,67,39,,1,1,22,1,7,1,4,0,1,0,11,5,12/16/2018,4:53,2.11053E+11,55914,0,0,0,3,1,0,0,0,0,96,,,,,,99,,,,,,99206,53,71,145,6,1,0,0,0,0,,0,,,,,,3,,,8,0,0,0,0,9,8,,,0,0,0,8,9,2,348,,,1,,,2,1,0,,,,,,,,,,,,,,,,,,,,,,,,,,,,,,0,0,1,0,0,0,1,1,0,0,0,0,1,0,0,0,0,0,0,0,0,0,0,1,1,0,0,0,0,1,0,0,0,0,0,,1,0,0,0,0,0,1,1,0,1,0,0,0,0,1,0,,,,,,21-25,16-25,City street,U,Sunday,Belt Used,PV,White,0,1,0,0,City Street,Municipal/City Police,Spokane Valley Police Department,1,0,0,1,0,,,,,,0,0,0,,,,,,,,,,,,,,,,,,,,,,,,,,,,,,,,,,,
2019,33,E889102,4,02/01/2019,20:10,1,2,,51,Pend Oreille,0,2,0,2,2,2,1,0,3,3,,,,12,0,2,321.2,1,0,1,3,1,1,2,0,0,0,0,US-2,,-117.1279833,48.14793333,0,3,98,98,7,60,66,1,0,1,5,12,1,2,2,1,1,1,3,53,0,85,881,2018,0,0,12,,,,,,1,1,36,1,0,,0,0,3,0,11,0,,,,,6,1,0,3,1,0,0,0,0,0,,,,,,0,,,,,,99206,53,74,260,6,1,0,0,0,0,,0,,,,,,0,,,20,0,0,0,8,9,8,,,0,0,0,8,0,8,95,,,96,,,8,95,995,,,,,,,,,,,,,,,,,,,,,,,,,,,,,,0,0,0,0,1,1,0,1,0,0,0,0,1,0,0,0,0,0,0,1,0,0,0,0,0,0,0,0,0,1,1,0,0,0,0,,0,0,0,0,0,0,0,0,0,0,0,0,0,0,0,0,,,,,,36-40,36-45,US highway,R,Friday,,MHTRUCK,Not Fatal,0,1,1,0,State Route,State Patrol,Washington State Patrol,0,1,0,0,0,,,,,,0,0,0,,,,,,,,,,,98,98,98,0,,,,,20,7,,,,,,,,,,,,,,,
2019,525,E947747,339,08/06/2019,11:45,6,8,,63,Spokane,2113,1,0,1,1,2,1,0,1,1,,,,1,0,0,0,1,0,1,4,2,4,6,0,0,0,0,N BOWDISH RD,,-117.2505806,47.66049722,0,1,98,8,1,35,80,0,0,1,5,1,1,1,2,1,1,1,1,53,0,72,706,2008,0,0,1,,,,,,1,1,48,1,1,,4,0,20,7,11,8,08/11/2019,16:45,2.11353E+11,35722,0,0,0,3,1,26,0,0,0,93,,,,,,0,,,,,,99206,53,70,160,6,1,0,0,0,1,,58,,,,,,0,06/15/2016,06/15/2016,20,8,0,0,0,9,8,,,0,0,0,8,0,8,95,,,96,,,8,95,995,,,,,,,,,,,,,,,,,,,,,,,,,,,,,,0,0,0,0,0,0,0,0,0,0,0,0,0,0,0,0,1,0,0,0,0,0,0,0,0,0,0,0,1,0,0,0,0,0,1,0,0,0,0,0,0,0,0,0,1,0,0,0,0,0,0,0,,,,,,46-50,46-55,City street,U,Tuesday,,MC,Hispanic,1,0,0,0,City Street,Municipal/City Police,Spokane Valley Police Department,0,0,0,1,0,,,,,,0,0,0,,,,,,,,,,,0,0,0,1,,,,,19,0,,,,,,,,,,,,,,,
2019,321,E957985,4,09/06/2019,2:59,6,9,,63,Spokane,0,1,0,2,1,2,1,0,3,2,,,,12,0,2,5,1,0,1,3,2,1,3,0,0,0,0,SR-291,,-117.5068972,47.73443611,0,2,51,62,4,55,2,0,0,1,2,12,3,1,2,1,14,2,2,53,0,20,16,2002,0,0,12,,,,,,1,1,23,1,0,,1,0,3,0,11,4,,,,,0,0,0,3,1,0,0,0,0,96,,,,,,0,,,,,,99206,53,72,150,6,1,0,1,1,1,,0,,,,,,0,11/15/2015,01/15/2016,8,0,0,0,8,9,8,,,0,0,0,8,0,8,95,,,96,,,8,95,995,,,,,,,,,,,,,,,,,,,,,,,,,,,,,,0,0,0,0,1,1,0,1,0,0,0,0,1,1,1,0,0,0,0,0,0,0,0,1,1,0,0,0,1,1,0,0,0,0,0,,0,0,0,0,0,0,0,0,0,0,0,0,0,0,0,0,,,,,,21-25,16-25,State route,U,Friday,Belt Used,PV,Not Fatal,0,0,0,1,State Route,State Patrol,Washington State Patrol,0,1,0,0,0,,,,,,0,0,0,,,,,,,,,,,98,98,98,0,,,,,20,7,,,,,,,,,,,,,,,
2019,376,E974324,346,10/08/2019,2:55,8,10,,63,Spokane,1165,2,0,3,2,2,1,0,1,1,,,,59,0,0,0,3,0,6,7,2,4,6,0,0,21,3,E MISSION AVE,N HARVEST PKWAY,-117.1111139,47.67463056,0,1,6,12,2,35,34,0,0,1,7,43,1,1,1,4,1,1,1,53,0,20,481,2016,0,0,64,59,43,,,,1,1,46,1,7,,4,0,20,7,11,5,10/08/2019,5:03,2.11053E+11,44213,0,0,0,3,1,0,0,0,0,92,,,,,,99,,,,,,99206,53,68,240,6,1,0,0,0,0,,0,,,,,,0,,,1,0,0,1,0,9,8,,,0,0,0,8,1,2,1,,,1,,,2,1,0.089,,,,,,,,,,,,,,,,,,,,,,,,,,,,,,0,0,1,1,1,1,0,1,0,0,0,0,0,0,0,0,1,0,0,1,0,0,0,0,0,0,0,0,0,1,0,0,0,1,0,,1,0,0,0,0,1,0,1,1,0,0,0,0,1,0,1,,,,,,46-50,46-55,City street,U,Tuesday,Not Used,PV,White,1,0,0,0,City Street,Municipal/City Police,LIBERTY LAKE POLICE DEPT,0,0,0,1,0,,,,,,0,0,0,,,,,,,,,,,98,98,98,1,,,,,20,7,,,,,,,,,,,,,,,
2019,477,E986976,339,11/24/2019,1:50,24,11,,63,Spokane,2113,1,0,3,1,2,1,0,3,2,,,,14,0,0,0,3,0,4,7,2,4,6,0,0,0,0,S BALFOUR BLVD,CHINOOK RD,-117.265525,47.64151389,0,1,11,5,1,98,4,0,0,1,5,14,8,8,2,1,10,3,2,53,0,41,49,2005,0,0,68,64,14,,,,1,1,41,1,0,,9,0,99,7,11,0,,,,,0,0,0,0,1,0,0,0,0,93,,,,,,99,,,,,,99206,53,72,200,0,0,0,0,0,1,,97,,,,,,0,07/15/2016,07/15/2016,99,0,0,0,8,9,8,,,0,0,0,8,9,8,95,,,96,,,8,95,995,,,,,,,,,,,,,,,,,,,,,,,,,,,,,,0,0,0,1,0,0,0,0,0,0,0,0,0,1,0,0,1,0,0,0,0,0,0,0,0,0,0,0,0,1,1,0,0,0,0,,0,0,0,0,0,0,0,0,1,0,0,1,0,0,0,0,,,,,,41-45,36-45,City street,U,Sunday,Unknown,PV,Not Fatal,0,1,0,0,City Street,Municipal/City Police,Spokane Valley Police Department,1,0,0,1,0,,,,,,0,0,0,,,,,,,,,,,98,98,98,0,,,,,20,7,,,,,,,,,,,,,,,