year,case,par,repjur,crash_dt,crash_tm,accday,accmon,holiday,county,co_char,city,weather,weather2,lightcond,surfcond,surftype,numfatal,nmforms,pforms,vforms,not_tm,arr_tm,hosp_tm,fhevent,hitrun,manncol,milepnt,reljunc,reljuncinter,intersectiontype,funcsystem,landuse,ownership,route,schlbus,spejur,contdev,devfunc,trafid1,trafid2,x,y,wk_zone,vnumber,crashtype,criticalevent,criticaleventcat,spdlim,body,trailer,emerg,hazcargo,leave,mhevent,roadalgn,roadprof,traflane,trafflow,vehmanvr,numoccs,regowner,regstate,spuse,make,model,modelyr,vrf1,vrf2,seqevent1,seqevent2,seqevent3,seqevent4,seqevent5,seqevent6,pnumber,ptype,age,sex,hispanic,race,injury,diedscene,restraint,restraintmisuse,seatpos,takehosp,death_dt,death_tm,cert,cernum_wa,commlic,licendor,licrestrict,liccomp,drivpres,drf1,drf2,drf3,drf4,distract1,distract2,distract3,distract4,distract5,distract6,dricond1,dricond2,dricond3,dricond4,dricond5,dricond6,dzip,licstate,drhgt_in,weight,noncdl,noncdltype,prevdwi,prevoth,prevacc,prevspd,prevsus,driviol1,driviol2,driviol3,driviol4,driviol5,driviol6,spdrel,first_dt,last_dt,airbag,ejection,ejectpath,extricat,injurwrk,methalc,methdrug,nmlocat,strikveh,prf1,prf2,prf3,druginv,alcinvol,drugsts,drugres1,drugres2,drugres3,drugtst1,drugtst2,drugtst3,alcsts,alctst,alcres,nmact1,nmact2,nmact3,nmact4,nmact5,nmact6,nmprior1,nmprior2,nmprior3,nmprior4,nmprior5,nmprior6,nmcond1,nmcond2,nmcond3,nmcond4,nmcond5,nmcond6,nmsafe_helmet,nmsafe_pads,nmsafe_oth,nmprev_ref,nmprev_lgt,nmprev_oth,crashlocation,nmcrashtype,crosswalk,schoolzone,sidewalk,train_inv,wildlife_inv,rotr_fars,intersect_fars,dd_inv,aid_inv,dpd_inv,id_inv,mj_inv,impnm_inv,ainm_inv,dpnm_inv,speed_inv,unlic_inv,unendmc_inv,drowsy_inv,drdist_inv,nmdist_inv,fty_inv,unrestfat_inv,dr1617_inv,dr1820_inv,dr1620_inv,dr2125_inv,dr1625_inv,dr65_inv,dr70_inv,dr75_inv,mc_inv,pv_inv,ht_inv,ped_inv,bike_inv,unrest_fat,mc_fat,unhelmet_mc,pv_fat,ht_fat,ped_fat,bike_fat,dr_alc7,dr_alc8,dr_drug,dr_imp,dr_dist,dr_spd,dr_fty,dr_unlic,dr_alc7only,dr_alc8only,dr_drugonly,dr_drink,nm_imp,nm_alc7,nm_alc8,nm_drug,nm_dist,agegrp1,agegrp2,roadclass,urbrur,dayweek,restuse,vehtype,race_me,intersect,lanedep,oppdir,wrongway,rep_typ,investag,repag_long,rotr,st_rd,cty_rd,city_rd,oth_rd,drug_thc,thc_res,drug_cthc,cthc_res,drug_cann,prevpersemin,prevperse,prevsusoth,drugtst4,drugtst5,drugtst6,drugtst7,drugtst8,drugres4,drugres5,drugres6,drugres7,drugres8,adspresent,adsengaged,adslevel,race1,race2,race3,race4,race5,helmet,helmetmisuse,nmdistract1,nmdistract2,nmdistract3,nmdistract4,nmdistract5,nmdistract6,lab,isedtcase,crf1,crf2,crf3,CoRoadName,CoMP,IntCoRoadName,IntCoMP
2020,83,EA27720,4,03/28/2020,1:31,28,3,,63,Spokane,0,1,,2,1,2,1,0,2,2,1:30,1:59,,12,0,8,73.6,1,0,1,2,1,1,2,0,0,0,0,US-195,,-117.3867639,47.37865,0,2,65,62,4,60,63,1,0,2,5,12,4,1,2,1,14,1,3,30,0,85,881,2016,0,,63,12,,,,,1,1,48,1,0,,0,0,3,0,11,0,,,,,6,1,0,3,1,0,,,,96,,,,,,0,,,,,,99206,53,73,195,6,1,0,4,2,0,,0,,,,,,0,07/15/2017,03/15/2019,99,0,0,0,8,9,8,,,0,,,8,8,0,0,,,0,,,0,0,996,,,,,,,,,,,,,,,,,,,,,,,,,,,,,,0,0,0,0,1,1,0,1,0,0,0,0,0,0,0,0,0,0,0,0,0,0,0,0,0,0,0,0,0,1,1,0,0,0,0,,0,0,0,0,0,0,0,0,0,0,0,0,0,0,0,0,,,,,,46-50,46-55,US highway,R,Saturday,,MHTRUCK,Not Fatal,0,1,1,0,State Route,State Patrol,Washington State Patrol,0,1,0,0,0,,,,,,0,0,0,,,,,,,,,,,98,98,98,0,,,,,20,7,,,,,,,,1,0,,,,,,
2020,117,EA31844,339,04/28/2020,17:35,28,4,,63,Spokane,2113,1,,1,1,2,1,0,5,2,,,,12,0,6,9999.8,2,0,3,4,2,4,6,0,0,0,0,E 4TH AVE,S McKinnon Rd,-117.3325694,47.65350556,0,1,98,10,2,35,80,0,0,1,2,12,1,1,2,1,6,1,2,16,0,53,706,2014,0,,68,12,64,59,,,1,1,30,1,7,,4,7,20,7,11,0,04/28/2020,17:35,2.11353E+11,20122,0,0,0,2,1,33,,,,96,,,,,,98,,,,,,99206,53,73,160,1,1,0,1,0,1,,0,,,,,,4,11/15/2015,12/15/2017,20,8,0,0,0,9,8,,,0,,,8,8,2,401,417,128,1,1,1,2,1,0,,,,,,,,,,,,,,,,,,,,,,,,,,,,,,0,0,0,1,0,0,1,1,1,0,0,0,1,1,1,0,0,0,0,0,0,0,0,0,0,0,0,0,1,1,0,0,0,0,1,0,0,0,0,0,0,0,1,1,0,1,0,1,0,0,1,0,,,,,,26-30,26-35,City street,U,Tuesday,,MC,White,1,0,0,0,City Street,Municipal/City Police,Spokane Valley Police Department,0,0,0,1,0,,,,,,0,0,4,1,1,1,,,177,151,996,,,0,0,0,1,,,,,19,0,,,,,,,,1,0,,,,,,
2020,162,EA37695,339,06/02/2020,23:54,2,6,,63,Spokane,2113,1,,3,1,2,1,0,2,2,23:55,23:58,0:29,12,0,7,0,3,0,2,3,2,4,6,0,0,3,3,E SPRAGUE AVE,S THIERMAN RD,-117.3150694,47.65698889,0,2,44,61,4,35,80,0,0,1,5,12,1,2,4,4,1,1,1,53,0,37,706,2004,0,,12,,,,,,1,1,52,8,0,,3,0,20,7,11,5,,,,,0,0,0,2,1,0,,,,96,,,,,,0,,,,,,99206,53,69,165,6,1,0,0,0,2,,0,,,,,,0,03/15/2015,06/15/2020,20,8,0,0,8,9,8,,,0,,,8,8,8,95,,,96,,,8,95,995,,,,,,,,,,,,,,,,,,,,,,,,,,,,,,0,0,0,1,1,1,1,1,1,0,0,0,1,1,1,0,0,0,0,0,0,0,0,0,0,0,0,0,1,0,0,0,0,0,0,0,0,0,0,0,0,0,0,0,0,0,0,0,0,0,0,0,,,,,,51-55,46-55,City street,U,Tuesday,,MC,Not Fatal,0,0,0,0,City Street,Municipal/City Police,Spokane Valley Police Department,0,0,0,1,0,,,,,,0,0,3,,,,,,,,,,,0,0,0,0,,,,,5,0,,,,,,,,1,0,,,,,,
2020,165,EA38486,339,06/06/2020,21:31,6,6,,63,Spokane,2113,1,,3,1,2,1,0,2,2,21:32,21:36,,12,0,6,0,2,0,2,3,2,4,6,0,0,3,3,E SPRAGUE AVE,N PARK RD,-117.3041056,47.65685833,0,1,86,17,2,30,4,0,0,1,5,12,8,8,2,1,1,1,2,53,0,20,37,2012,0,,12,,,,,,1,1,25,1,0,,3,0,99,7,11,8,,,,,0,0,3,2,1,8,37,39,,96,,,,,,9,,,,,,99206,53,77,285,1,1,0,3,0,0,,97,,,,,,4,07/15/2017,07/15/2017,1,0,0,0,8,9,8,,,0,,,1,8,2,417,,,1,,,2,1,0,,,,,,,,,,,,,,,,,,,,,,,,,,,,,,0,0,0,1,0,0,1,1,0,0,0,0,1,1,0,0,0,0,0,0,0,0,0,1,1,0,0,0,0,1,0,0,0,0,0,,0,0,0,0,0,0,1,1,0,1,0,1,0,0,1,0,,,,,,21-25,16-25,City street,U,Saturday,Unknown,PV,Not Fatal,1,0,0,0,City Street,Municipal/City Police,Spokane Valley Police Department,0,0,0,1,0,,,,,,0,0,2,,,,,,,,,,,98,98,98,0,,,,,20,7,,,,,,,,1,20,,,,,,
2020,165,EA38486,339,06/06/2020,21:31,6,6,,63,Spokane,2113,1,,3,1,2,1,0,2,2,21:32,21:36,,12,0,6,0,2,0,2,3,2,4,6,0,0,3,3,E SPRAGUE AVE,N PARK RD,-117.3041056,47.65685833,0,2,87,66,4,35,5,0,0,1,5,12,1,8,4,4,1,1,1,53,0,49,46,2007,0,,12,,,,,,1,1,42,1,7,,4,7,99,7,11,0,06/06/2020,21:31,2.11353E+11,38415,0,0,3,3,1,0,,,,96,,,,,,0,,,,,,99206,53,68,210,6,1,0,0,3,2,,0,,,,,,0,04/15/2016,06/15/2018,1,0,0,0,0,9,8,,,0,,,8,8,2,1,,,1,,,2,1,0,,,,,,,,,,,,,,,,,,,,,,,,,,,,,,0,0,0,1,0,0,1,1,0,0,0,0,1,1,0,0,0,0,0,0,0,0,0,1,1,0,0,0,0,1,0,0,0,0,0,,1,0,0,0,0,0,0,0,0,0,0,0,0,0,0,0,,,,,,41-45,36-45,City street,U,Saturday,Unknown,PV,White,1,0,0,0,City Street,Municipal/City Police,Spokane Valley Police Department,0,0,0,1,0,,,,,,0,0,1,,,,,,,,,,,98,98,98,1,,,,,20,7,,,,,,,,1,20,,,,,,
2020,185,EA41583,4,06/18/2020,22:05,18,6,,63,Spokane,0,1,,2,1,2,1,0,3,2,22:12,22:24,23:11,12,0,2,79.8,1,0,1,5,1,1,3,0,0,0,0,SR-27,,-117.2136667,47.54799444,0,2,51,62,4,55,4,0,0,1,2,12,1,2,2,1,1,2,1,53,0,12,17,1996,0,,12,,,,,,1,1,72,1,0,,1,0,3,0,11,5,,,,,0,0,3,3,1,0,,,,96,,,,,,0,,,,,,99206,53,68,180,6,1,0,0,0,0,,0,,,,,,0,,,1,0,0,0,8,9,8,,,0,,,8,8,0,0,,,0,,,0,0,996,,,,,,,,,,,,,,,,,,,,,,,,,,,,,,0,0,0,0,1,1,1,1,1,0,0,0,0,0,0,0,0,0,0,0,0,0,0,0,0,1,1,0,0,1,0,0,0,0,0,,0,0,0,0,0,0,0,0,0,0,0,0,0,0,0,0,,,,,,71-75,66-75,State route,R,Thursday,Belt Used,PV,Not Fatal,0,1,1,0,State Route,State Patrol,Washington State Patrol,0,1,0,0,0,,,,,,0,0,0,,,,,,,,,,,0,0,0,0,,,,,20,7,,,,,,,,1,0,,,,,,
2020,221,EA45713,339,06/29/2020,22:03,29,6,,63,Spokane,2113,1,,3,1,2,1,0,1,1,,,,53,0,0,0,1,0,1,5,2,4,6,0,0,0,0,E 4TH AVE,,-117.2499444,47.65341944,0,1,1,13,2,98,14,0,0,1,2,38,1,1,2,1,1,1,2,53,0,34,402,2007,0,,63,53,41,38,,,1,1,35,1,7,,4,7,3,0,11,0,06/29/2020,22:03,2.11353E+11,30082,0,0,0,0,1,8,,,,96,,,,,,98,,,,,,99206,53,76,220,0,0,0,0,0,0,,0,,,,,,3,,,8,0,0,0,0,9,8,,,0,,,8,8,2,151,,,1,,,2,1,0.186,,,,,,,,,,,,,,,,,,,,,,,,,,,,,,0,0,1,0,1,1,1,1,0,0,0,0,1,1,0,0,0,0,0,0,0,0,0,0,0,0,0,0,0,1,0,0,0,0,0,,1,0,0,0,0,1,1,1,0,1,0,1,0,0,0,1,,,,,,31-35,26-35,City street,U,Monday,Belt Used,PV,White,0,0,0,1,City Street,Municipal/City Police,Spokane Valley Police Department,0,0,0,1,0,,,,,,0,0,0,,,,,,,,,,,98,98,98,1,,,,,20,7,,,,,,,,1,0,,,,,,
2020,339,EA61769,4,09/07/2020,18:30,7,9,,63,Spokane,2113,1,,1,1,2,1,0,3,2,18:29,18:35,19:04,12,0,6,11.5,2,0,2,3,2,1,3,0,0,20,3,SR-290,N FLORA RD,-117.1754528,47.69675278,0,1,89,17,2,35,14,0,0,1,2,12,1,1,2,1,1,1,2,53,0,63,401,2001,0,,12,,,,,,1,1,37,2,7,,4,0,3,0,11,5,09/07/2020,19:14,2.11053E+11,41427,0,0,0,2,1,8,39,,,96,,,,,,9,,,,,,99206,53,65,140,1,1,1,6,1,1,,0,,,,,,0,08/15/2017,09/15/2018,8,0,0,0,0,1,8,,,0,,,1,1,2,695,605,401,1,1,1,2,1,0.01,,,,,,,,,,,,,,,,,,,,,,,,,,,,,,0,0,0,1,1,0,1,1,1,0,0,0,0,1,0,0,0,0,0,0,1,0,1,0,1,0,0,0,0,1,0,0,0,0,0,,1,0,0,0,1,0,1,1,0,0,0,1,0,0,0,1,,,,,,36-40,36-45,State route,U,Monday,Belt Used,PV,White,1,0,0,0,State Route,State Patrol,Washington State Patrol,0,1,0,0,0,thc,37,carboxy-thc,18,,0,0,5,1,,,,,417,,,,,98,98,98,1,,,,,20,7,,,,,,,nms,1,0,,,,,,
2021,6,EA96367,4,01/06/2021,10:15,6,1,,63,Spokane,2110,2,,1,2,1,1,0,3,3,,,,12,0,6,291.8,2,0,2,2,1,1,2,0,0,0,0,US-2,COLBERT RD,-117.3475306,47.82440278,0,2,69,62,4,60,4,0,0,1,2,12,1,1,3,2,1,1,2,53,0,55,33,2011,0,,12,,,,,,1,1,56,1,0,,3,0,3,0,11,0,,,,,0,0,0,3,1,0,,,,96,,,,,,98,,,,,,99206,53,73,185,6,1,0,0,0,2,,0,,,,,,0,10/15/2017,05/15/2018,2,0,0,0,8,9,8,,,0,,,8,8,0,0,,,0,,,0,0,996,,,,,,,,,,,,,,,,,,,,,,,,,,,,,,0,0,0,1,0,0,1,1,0,0,0,0,0,0,0,0,1,0,1,0,0,0,0,0,0,1,1,1,0,1,0,0,0,0,0,,0,0,0,0,0,0,0,0,0,0,0,0,0,0,0,0,,,,,,56-60,56-65,US highway,R,Wednesday,Belt Used,PV,Not Fatal,1,0,0,0,State Route,State Patrol,Washington State Patrol,0,1,0,0,0,,,,,,0,0,0,,,,,,,,,,,98,98,98,0,,,,,20,,,,,,,,,1,0,,,,,,
2021,195,EB43349,339,06/22/2021,10:45,22,6,,63,Spokane,2113,1,,1,1,2,1,0,2,2,,,,12,0,2,0,3,0,3,3,2,4,6,0,0,0,0,E SPRAGUE AVE,N Gillis Rd,-117.2572111,47.65714167,0,2,51,62,4,98,80,0,0,1,2,12,1,1,6,2,1,1,0,53,0,98,706,2019,0,,12,,,,,,1,1,49,1,7,,4,0,20,7,11,5,06/22/2021,11:28,2.11053E+11,30980,0,0,3,3,1,0,,,,96,,,,,,98,,,,,,99206,53,66,190,6,1,0,0,0,0,,0,,,,,,0,,,20,8,0,0,0,9,8,,,0,,,8,8,0,0,,,0,,,0,0,996,,,,,,,,,,,,,,,,,,,,,,,,,,,,,,0,0,0,1,0,0,0,0,0,0,0,0,0,0,0,1,0,0,0,0,0,0,0,0,0,0,0,0,1,1,0,0,0,0,1,0,0,0,0,0,0,0,0,0,0,0,0,0,0,0,0,0,,,,,,46-50,46-55,City street,U,Tuesday,,MC,White,0,1,1,0,City Street,Municipal/City Police,Spokane Valley Police Department,0,0,0,1,0,,,,,,0,0,0,,,,,,,,,,,0,0,0,1,,,,,5,,,,,,,,,1,0,,,,,,
2021,210,EB45560,339,06/30/2021,21:53,30,6,,63,Spokane,2113,1,,3,1,2,1,1,3,2,,,,8,0,0,0,1,0,1,3,2,4,6,0,0,0,0,N SULLIVAN RD,,-117.1967083,47.66645556,0,1,13,80,5,35,14,0,0,1,2,8,1,8,2,2,1,2,1,53,0,49,403,2011,0,,8,,,,,,1,1,32,2,0,,0,0,3,0,11,0,,,,,0,0,0,3,1,0,,,,92,,,,,,98,,,,,,99206,53,65,190,6,1,0,1,0,0,,0,,,,,,0,03/15/2019,03/15/2019,20,0,0,0,8,9,2,,,0,,,8,8,0,0,,,0,,,0,0,996,,,,,,,,,,,,,,,,,,,,,,,,,,,,,,0,0,0,0,0,0,0,0,0,1,1,1,0,0,0,0,1,0,0,0,0,0,0,1,1,0,0,0,0,1,0,1,0,0,0,,0,0,0,0,0,0,0,0,1,0,0,0,0,0,0,0,,,,,,31-35,26-35,City street,U,Wednesday,Belt Used,PV,Not Fatal,0,0,0,0,City Street,Municipal/City Police,Spokane Valley Police Department,0,0,0,1,0,,,,,,0,0,0,,,,,,,,,,,98,98,98,0,,,,,20,,,,,,,,,1,0,,,,,,
2021,282,EB55878,4,07/24/2021,19:52,24,7,,63,Spokane,2113,1,,1,1,2,1,0,3,2,,,,12,0,2,9.8,1,0,1,3,2,1,3,0,0,0,0,SR-290,,-117.2103111,47.69489167,0,2,51,62,4,50,6,0,0,1,2,12,1,1,5,5,1,2,2,53,0,49,49,2006,0,,12,63,59,,,,1,1,18,2,0,,3,0,3,0,11,5,,,,,0,0,0,3,1,0,,,,96,,,,,,98,,,,,,99206,53,62,102,6,2,0,0,2,2,,0,,,,,,0,02/15/2020,01/15/2021,1,0,0,0,8,9,8,,,0,,,8,8,0,0,,,0,,,0,0,996,,,,,,,,,,,,,,,,,,,,,,,,,,,,,,0,0,0,0,0,0,1,1,1,0,0,0,0,1,0,0,1,0,0,1,0,1,1,0,1,0,0,0,0,1,0,0,0,0,0,,0,0,0,0,0,0,0,0,0,0,0,0,0,0,0,0,,,,,,18-20,16-25,State route,U,Saturday,Belt Used,PV,Not Fatal,0,1,1,0,State Route,State Patrol,Washington State Patrol,0,1,0,0,0,,,,,,0,0,0,,,,,,,,,,,98,98,98,0,,,,,20,,,,,,,,,1,0,,,,,,
2021,440,EB84228,4,10/28/2021,14:25,28,10,,75,Whitman,0,10,,1,1,2,1,0,4,4,,,,12,0,8,2.8,1,0,1,2,2,1,2,0,0,0,0,US-195,,-117.0782083,46.50061389,0,3,98,62,4,60,34,0,0,1,2,12,2,1,2,1,14,1,3,53,0,7,482,2018,0,,12,,,,,,1,1,27,1,0,,0,0,3,0,11,0,,,,,0,0,3,3,1,0,,,,96,,,,,,98,,,,,,99206,53,70,185,6,1,0,0,0,0,,0,,,,,,0,,,8,0,0,0,8,9,8,,,0,,,8,8,0,0,,,0,,,0,0,996,,,,,,,,,,,,,,,,,,,,,,,,,,,,,,0,0,0,0,0,0,0,0,0,0,0,0,0,1,0,0,1,0,0,0,0,0,0,0,0,0,0,0,0,1,1,0,0,0,0,,0,0,0,0,0,0,0,0,0,0,0,0,0,0,0,0,,,,,,26-30,26-35,US highway,U,Thursday,Belt Used,PV,Not Fatal,0,1,1,0,State Route,State Patrol,Washington State Patrol,0,1,0,0,0,,,,,,0,0,0,,,,,,,,,,,98,98,98,0,,,,,20,,,,,,,,,1,0,,,,,,
2017,171,E656405,278,03/29/2017,11:30,29,3,0,63,Spokane,2110,2,0,1,2,2,1,0,3,2,11:31,11:39,12:13,12,0,6,0,2,0,3,3,2,4,6,0,0,3,3,NEVADA,LYONS,-117.3953389,47.71858889,0,2,69,62,4,30,4,0,0,1,5,12,1,1,2,1,1,2,2,53,0,51,46,2006,0,0,12,,,,,,1,1,44,1,0,0,2,0,3,0,11,5,,,,,0,0,0,3,1,0,0,0,0,0,,,,,,0,,,,,,99207,53,72,200,6,1,0,0,0,0,0,0,,,,,,0,,,1,0,0,0,8,9,8,,,0,0,0,8,0,0,0,0,0,0,0,0,0,0,996,,,,,,,,,,,,,,,,,,,,,,,,,,,,,,0,0,0,1,0,0,0,0,0,0,0,0,0,0,0,0,0,0,1,0,0,0,0,0,0,1,1,1,0,1,0,0,0,0,0,,0,0,0,0,0,0,0,0,0,0,0,0,0,0,0,0,,,,,,41-45,36-45,City street,U,Wednesday,Belt Used,PV,Not Fatal,1,0,0,0,City Street,Municipal/City Police,Spokane Police Department,0,0,0,1,0,,,,,,,,,,,,,,,,,,,,,,,,,,,,,,,,,,,,,,,,,,,
2017,343,E699408,40,08/08/2017,7:23,8,8,0,63,Spokane,0,1,0,1,1,1,1,0,2,2,7:33,7:49,7:58,12,0,6,0.5,2,0,4,3,2,1,2,0,0,21,3,US-395 LX16569S,CR-E FARWELL RD,-117.3704778,47.77285556,0,2,78,16,2,35,1,0,0,1,2,12,2,8,1,6,10,1,1,53,0,12,3,2000,0,0,12,,,,,,1,1,56,1,0,0,3,0,99,0,11,8,,,,,0,0,0,3,1,38,39,0,0,96,,,,,,99,,,,,,99207,53,71,185,6,1,0,0,0,0,0,97,,,,,,0,,,20,0,0,0,8,9,8,,,0,0,0,8,9,0,0,0,0,0,0,0,0,0,996,,,,,,,,,,,,,,,,,,,,,,,,,,,,,,0,0,0,1,0,0,1,1,1,0,0,0,1,1,1,0,0,0,1,0,0,0,0,1,1,0,0,0,1,1,0,0,0,0,0,,0,0,0,0,0,0,0,0,0,0,1,0,0,0,0,0,,,,,,56-60,56-65,US highway,U,Tuesday,Unknown,PV,Not Fatal,1,0,0,0,State Route,County Sheriff,Spokane County Sheriff's Office,0,1,0,0,0,,,,,,,,,,,,,,,,,,,,,,,,,,,,,,,,,,,,,,,,,,,
2018,35,E765941,4,02/02/2018,18:00,2,2,0,63,Spokane,0,5,0,3,2,2,1,0,2,1,18:54,18:58,19:31,42,0,0,16.8,5,1,1,4,1,1,3,0,0,0,0,SR-904,,-117.5934722,47.56429722,0,1,7,12,2,40,14,0,0,1,2,42,2,1,1,6,14,2,1,53,0,7,402,2002,0,0,64,42,,,,,1,1,33,2,0,0,2,0,20,0,11,5,,,,,0,0,0,3,1,0,0,0,0,93,,,,,,99,,,,,,99207,53,67,170,6,1,0,0,0,1,,0,,,,,,4,10/15/2015,12/15/2016,1,0,0,0,8,9,8,,,0,0,0,8,1,8,95,,,96,,,8,95,995,,,,,,,,,,,,,,,,,,,,,,,,,,,,,,0,0,0,0,1,0,0,0,0,0,0,0,1,0,0,0,1,0,0,0,0,0,0,0,0,0,0,0,0,1,0,0,0,0,0,,0,0,0,0,0,0,0,0,1,1,0,0,0,0,0,1,,,,,,31-35,26-35,State route,R,Friday,Not Used,PV,Not Fatal,0,1,0,0,State Route,State Patrol,Washington State Patrol Headquarter,1,1,0,0,0,,,,,,0,0,1,,,,,,,,,,,,,,,,,,,,,,,,,,,,,,,,,,,
2018,249,E820260,4,07/20/2018,23:06,20,7,0,43,Lincoln,0,1,0,3,1,2,1,0,1,1,23:10,23:51,0:18,1,0,0,253.9,1,0,1,3,2,1,2,0,0,0,0,US-2,,-117.9195778,47.66466944,0,1,1,13,2,60,80,0,0,1,2,1,1,1,2,1,1,1,2,53,0,37,705,2003,0,0,63,1,,,,,1,1,35,1,7,1,4,0,5,0,11,5,07/22/2018,8:42,1.81053E+11,33092,0,0,0,3,1,0,0,0,0,96,,,,,,9,,,,,,99207,53,70,170,6,1,0,0,0,1,,0,,,,,,0,11/15/2015,11/15/2015,20,8,0,0,0,1,8,,,0,0,0,8,1,2,605,695,,1,1,,2,1,0.17,,,,,,,,,,,,,,,,,,,,,,,,,,,,,,0,0,1,0,1,1,1,1,1,0,0,0,0,0,0,0,0,0,0,0,0,0,0,0,0,0,0,0,1,0,0,0,0,0,1,0,0,0,0,0,0,1,1,1,0,0,0,0,0,0,0,1,,,,,,31-35,26-35,US highway,U,Friday,,MC,White,0,1,0,0,State Route,State Patrol,Washington State Patrol,1,1,0,0,0,thc,1.9,carboxy-thc,18,,0,0,0,,,,,,,,,,,,,,,,,,,,,,,,,,,,,,,,,,,
2019,84,E905625,278,03/22/2019,16:58,22,3,,63,Spokane,2110,1,0,1,11,2,1,0,1,1,,,,33,0,0,0,1,0,1,7,2,4,6,0,0,0,0,E NORTH FOOTHILLS DR,,-117.3853528,47.68607778,0,1,2,6,1,30,80,0,0,1,7,1,3,1,4,1,1,1,1,53,0,72,706,2002,0,0,63,33,1,,,,1,1,30,1,7,,4,7,20,7,11,0,03/22/2019,17:05,2.11053E+11,13883,0,0,0,3,1,0,0,0,0,96,,,,,,99,,,,,,99207,53,66,185,6,1,0,2,1,0,,0,,,,,,4,01/15/2016,02/15/2018,20,8,0,0,0,9,8,,,0,0,0,8,9,2,1,,,1,,,2,1,0.14,,,,,,,,,,,,,,,,,,,,,,,,,,,,,,0,0,0,0,1,1,0,1,0,0,0,0,1,0,0,0,0,0,0,0,0,0,0,0,0,0,0,0,1,0,0,0,0,0,1,0,0,0,0,0,0,1,0,1,0,1,0,0,0,1,0,1,,,,,,26-30,26-35,City street,U,Friday,,MC,White,0,1,0,0,City Street,Municipal/City Police,Spokane Police Department,1,0,0,1,0,,,,,,0,0,0,,,,,,,,,,,0,0,0,1,,,,,19,0,,,,,,,,,,,,,,,
2020,117,EA31844,339,04/28/2020,17:35,28,4,,63,Spokane,2113,1,,1,1,2,1,0,5,2,,,,12,0,6,9999.8,2,0,3,4,2,4,6,0,0,0,0,E 4TH AVE,S McKinnon Rd,-117.3325694,47.65350556,0,2,98,60,4,35,15,0,0,1,2,12,1,1,2,1,11,4,2,53,0,3,421,2003,0,,12,,,,,,1,1,38,2,0,,1,0,3,0,11,0,,,,,0,0,0,3,1,0,,,,96,,,,,,0,,,,,,99207,53,68,200,6,1,0,0,0,0,,0,,,,,,0,,,20,0,0,0,8,9,8,,,0,,,8,8,2,695,,,1,,,2,1,0,,,,,,,,,,,,,,,,,,,,,,,,,,,,,,0,0,0,1,0,0,1,1,1,0,0,0,1,1,1,0,0,0,0,0,0,0,0,0,0,0,0,0,1,1,0,0,0,0,0,,0,0,0,0,0,0,1,1,0,0,0,0,0,0,1,0,,,,,,36-40,36-45,City street,U,Tuesday,Belt Used,PV,Not Fatal,1,0,0,0,City Street,Municipal/City Police,Spokane Valley Police Department,0,0,0,1,0,,,carboxy-thc,5.1,,0,0,0,,,,,,,,,,,98,98,98,0,,,,,20,7,,,,,,,,1,0,,,,,,
2020,123,EA32328,278,05/04/2020,23:10,4,5,,63,Spokane,2110,1,,3,1,2,1,0,2,2,23:15,23:19,23:54,14,0,0,0,3,0,3,6,2,4,6,0,0,0,0,E SOUTH RIVERTON AVE,N Cook St,-117.3738222,47.67811667,0,1,11,12,2,98,4,0,0,1,2,14,8,8,2,1,1,2,2,53,0,49,40,1997,0,,68,64,14,3,,,1,1,17,1,0,,3,0,3,0,11,5,,,,,0,0,0,0,1,0,,,,92,,,,,,98,,,,,,99207,53,72,155,0,0,0,0,0,0,,97,,,,,,0,,,20,0,0,0,8,9,8,,,0,,,8,8,2,695,605,401,1,1,1,2,1,0.039,,,,,,,,,,,,,,,,,,,,,,,,,,,,,,0,0,0,1,1,0,1,1,1,0,0,0,0,1,0,0,1,0,0,0,1,0,1,0,1,0,0,0,0,1,0,0,0,0,0,,0,0,0,0,1,0,1,1,1,0,0,1,0,0,0,1,,,,,,16-17,16-25,City street,U,Monday,Belt Used,PV,Not Fatal,0,1,0,0,City Street,Municipal/City Police,Spokane Police Department,1,0,0,1,0,thc,8.1,carboxy-thc,50,,0,0,0,,,,,,,,,,,0,0,0,0,,,,,20,7,,,,,,,,1,0,,,,,,