year,case,par,repjur,crash_dt,crash_tm,accday,accmon,holiday,county,co_char,city,weather,weather2,lightcond,surfcond,surftype,numfatal,nmforms,pforms,vforms,not_tm,arr_tm,hosp_tm,fhevent,hitrun,manncol,milepnt,reljunc,reljuncinter,intersectiontype,funcsystem,landuse,ownership,route,schlbus,spejur,contdev,devfunc,trafid1,trafid2,x,y,wk_zone,vnumber,crashtype,criticalevent,criticaleventcat,spdlim,body,trailer,emerg,hazcargo,leave,mhevent,roadalgn,roadprof,traflane,trafflow,vehmanvr,numoccs,regowner,regstate,spuse,make,model,modelyr,vrf1,vrf2,seqevent1,seqevent2,seqevent3,seqevent4,seqevent5,seqevent6,pnumber,ptype,age,sex,hispanic,race,injury,diedscene,restraint,restraintmisuse,seatpos,takehosp,death_dt,death_tm,cert,cernum_wa,commlic,licendor,licrestrict,liccomp,drivpres,drf1,drf2,drf3,drf4,distract1,distract2,distract3,distract4,distract5,distract6,dricond1,dricond2,dricond3,dricond4,dricond5,dricond6,dzip,licstate,drhgt_in,weight,noncdl,noncdltype,prevdwi,prevoth,prevacc,prevspd,prevsus,driviol1,driviol2,driviol3,driviol4,driviol5,driviol6,spdrel,first_dt,last_dt,airbag,ejection,ejectpath,extricat,injurwrk,methalc,methdrug,nmlocat,strikveh,prf1,prf2,prf3,druginv,alcinvol,drugsts,drugres1,drugres2,drugres3,drugtst1,drugtst2,drugtst3,alcsts,alctst,alcres,nmact1,nmact2,nmact3,nmact4,nmact5,nmact6,nmprior1,nmprior2,nmprior3,nmprior4,nmprior5,nmprior6,nmcond1,nmcond2,nmcond3,nmcond4,nmcond5,nmcond6,nmsafe_helmet,nmsafe_pads,nmsafe_oth,nmprev_ref,nmprev_lgt,nmprev_oth,crashlocation,nmcrashtype,crosswalk,schoolzone,sidewalk,train_inv,wildlife_inv,rotr_fars,intersect_fars,dd_inv,aid_inv,dpd_inv,id_inv,mj_inv,impnm_inv,ainm_inv,dpnm_inv,speed_inv,unlic_inv,unendmc_inv,drowsy_inv,drdist_inv,nmdist_inv,fty_inv,unrestfat_inv,dr1617_inv,dr1820_inv,dr1620_inv,dr2125_inv,dr1625_inv,dr65_inv,dr70_inv,dr75_inv,mc_inv,pv_inv,ht_inv,ped_inv,bike_inv,unrest_fat,mc_fat,unhelmet_mc,pv_fat,ht_fat,ped_fat,bike_fat,dr_alc7,dr_alc8,dr_drug,dr_imp,dr_dist,dr_spd,dr_fty,dr_unlic,dr_alc7only,dr_alc8only,dr_drugonly,dr_drink,nm_imp,nm_alc7,nm_alc8,nm_drug,nm_dist,agegrp1,agegrp2,roadclass,urbrur,dayweek,restuse,vehtype,race_me,intersect,lanedep,oppdir,wrongway,rep_typ,investag,repag_long,rotr,st_rd,cty_rd,city_rd,oth_rd,drug_thc,thc_res,drug_cthc,cthc_res,drug_cann,prevpersemin,prevperse,prevsusoth,drugtst4,drugtst5,drugtst6,drugtst7,drugtst8,drugres4,drugres5,drugres6,drugres7,drugres8,adspresent,adsengaged,adslevel,race1,race2,race3,race4,race5,helmet,helmetmisuse,nmdistract1,nmdistract2,nmdistract3,nmdistract4,nmdistract5,nmdistract6,lab,isedtcase,crf1,crf2,crf3,CoRoadName,CoMP,IntCoRoadName,IntCoMP
2020,162,EA37695,339,06/02/2020,23:54,2,6,,63,Spokane,2113,1,,3,1,2,1,0,2,2,23:55,23:58,0:29,12,0,7,0,3,0,2,3,2,4,6,0,0,3,3,E SPRAGUE AVE,S THIERMAN RD,-117.3150694,47.65698889,0,1,45,10,2,35,80,0,0,1,5,12,1,2,4,4,1,1,1,53,0,72,706,2020,0,,12,,,,,,1,1,30,1,7,,4,0,20,7,11,5,06/03/2020,0:43,2.11053E+11,25973,0,0,0,2,1,0,,,,96,,,,,,98,,,,,,99207,53,67,193,1,1,0,1,0,2,,0,,,,,,4,11/15/2015,10/15/2017,20,8,0,0,0,9,8,,,0,,,8,8,2,695,605,,1,1,,2,1,0.181,,,,,,,,,,,,,,,,,,,,,,,,,,,,,,0,0,0,1,1,1,1,1,1,0,0,0,1,1,1,0,0,0,0,0,0,0,0,0,0,0,0,0,1,0,0,0,0,0,1,1,0,0,0,0,0,1,1,1,0,1,0,1,0,0,0,1,,,,,,26-30,26-35,City street,U,Tuesday,,MC,White,0,0,0,0,City Street,Municipal/City Police,Spokane Valley Police Department,0,0,0,1,0,thc,1.8,carboxy-thc,16,,0,0,1,,,,,,,,,,,0,0,0,1,,,,,17,7,,,,,,,nms,1,0,,,,,,
2020,251,EA51119,278,07/28/2020,19:47,28,7,,63,Spokane,2110,1,,1,1,2,1,0,4,2,19:48,19:52,20:10,12,1,6,0,2,0,2,4,2,4,6,0,0,3,3,N PERRY ST,E Indiana Ave,-117.3903556,47.67473056,0,2,69,62,4,30,14,0,0,1,5,12,1,1,4,1,1,1,2,53,0,23,401,2005,0,,12,63,39,,,,1,1,30,1,0,,9,0,99,7,11,0,,,,,0,0,3,2,1,0,,,,96,,,,,,0,,,,,,99207,53,65,120,1,1,2,2,0,0,,97,,,,,,0,05/15/2015,12/15/2018,99,0,0,0,8,9,8,,,0,,,8,8,8,95,,,96,,,8,95,995,,,,,,,,,,,,,,,,,,,,,,,,,,,,,,0,0,0,1,0,0,1,1,0,0,0,0,0,1,0,0,0,0,0,1,0,0,0,0,0,0,0,0,0,1,0,0,0,0,0,,0,0,0,0,0,0,0,0,0,0,0,1,0,0,0,0,,,,,,26-30,26-35,City street,U,Tuesday,Unknown,PV,Not Fatal,1,0,0,0,City Street,Municipal/City Police,Spokane Police Department,0,0,0,1,0,,,,,,0,1,6,,,,,,,,,,,98,98,98,0,,,,,20,7,,,,,,,,1,0,,,,,,
2020,339,EA61769,4,09/07/2020,18:30,7,9,,63,Spokane,2113,1,,1,1,2,1,0,3,2,18:29,18:35,19:04,12,0,6,11.5,2,0,2,3,2,1,3,0,0,0,0,SR-290,N FLORA RD,-117.1754528,47.69675278,0,2,88,66,4,50,34,0,0,1,2,12,1,1,5,1,1,2,2,53,0,20,481,1995,0,,12,,,,,,1,1,16,1,0,,0,0,3,0,11,0,,,,,0,0,1,3,1,0,,,,96,,,,,,0,,,,,,99207,53,67,120,6,2,0,0,0,0,,0,,,,,,0,,,20,0,0,0,8,9,8,,,0,,,8,8,0,0,,,0,,,0,0,996,,,,,,,,,,,,,,,,,,,,,,,,,,,,,,0,0,0,1,1,0,1,1,1,0,0,0,0,1,0,0,0,0,0,0,1,0,1,0,1,0,0,0,0,1,0,0,0,0,0,,0,0,0,0,0,0,0,0,0,0,0,0,0,0,0,0,,,,,,16-17,16-25,State route,U,Monday,Belt Used,PV,Not Fatal,1,0,0,0,State Route,State Patrol,Washington State Patrol,0,1,0,0,0,,,,,,0,0,0,,,,,,,,,,,0,0,0,0,,,,,20,7,,,,,,,,1,0,,,,,,
2020,379,EA68391,4,09/25/2020,19:38,25,9,,63,Spokane,0,2,,3,2,2,1,0,4,2,19:38,19:52,20:41,12,0,6,291.8,2,0,2,2,2,1,2,0,0,0,0,US-2,COLBERT RD,-117.3475306,47.82440278,0,2,86,66,4,60,34,0,0,1,2,12,1,1,3,2,1,1,1,53,0,12,471,1998,0,,12,,,,,,1,1,32,1,0,,0,0,3,0,11,0,,,,,0,0,0,3,1,0,,,,96,,,,,,98,,,,,,99207,53,72,200,6,1,0,0,0,1,,0,,,,,,0,01/15/2018,01/15/2018,1,0,0,0,8,9,8,,,0,,,8,8,8,95,,,96,,,8,95,995,,,,,,,,,,,,,,,,,,,,,,,,,,,,,,0,0,0,1,1,1,0,1,0,0,0,0,0,0,0,0,0,0,1,0,0,0,0,0,0,0,0,0,0,1,0,0,0,0,0,,0,0,0,0,0,0,0,0,0,0,0,0,0,0,0,0,,,,,,31-35,26-35,US highway,U,Friday,Belt Used,PV,Not Fatal,1,0,0,0,State Route,State Patrol,Spokane State Patrol,0,1,0,0,0,,,,,,0,0,0,,,,,,,,,,,0,0,0,0,,,,,20,7,,,,,,,,1,0,,,,,,
2021,7,EA97117,278,01/10/2021,16:45,10,1,,63,Spokane,2110,10,,5,1,2,1,1,1,1,,,,8,0,0,0,1,0,1,7,2,4,6,0,0,0,0,N CINCINNATI ST,,-117.3978556,47.70277778,0,1,13,80,5,25,34,0,0,1,5,8,1,1,2,1,8,1,2,30,0,12,481,1986,0,,8,,,,,,1,1,40,1,0,,0,0,99,7,11,0,,,,,0,0,0,3,1,0,,,,96,,,,,,9,,,,,,99207,53,74,225,6,1,0,0,0,0,,97,,,,,,0,,,20,0,0,0,8,9,8,,,0,,,0,1,2,1,,,1,,,2,1,0.098,,,,,,,,,,,,,,,,,,,,,,,,,,,,,,0,0,0,0,1,1,0,1,0,1,1,1,0,0,0,0,0,0,0,0,0,0,0,0,0,0,0,0,0,1,0,1,0,0,0,,0,0,0,0,0,1,0,1,0,0,0,0,0,1,0,1,,,,,,36-40,36-45,City street,U,Sunday,Unknown,PV,Not Fatal,0,0,0,0,City Street,Municipal/City Police,Spokane Police Department,0,0,0,1,0,,,,,,0,0,0,,,,,,,,,,,0,0,0,0,,,,,20,,,,,,,,,1,0,,,,,,
2021,66,EB14067,278,03/16/2021,3:24,16,3,,63,Spokane,2110,1,,3,1,2,1,0,2,1,,,,21,0,0,0,1,0,1,4,2,4,6,0,0,0,0,N NAPA ST,,-117.3812333,47.66075,0,1,6,12,2,30,4,0,0,1,5,21,1,1,1,3,1,2,1,53,0,12,16,2000,0,,64,21,,,,,1,1,20,8,0,,3,0,99,7,11,0,,,,,0,0,0,3,1,0,,,,92,,,,,,98,,,,,,99207,53,74,150,6,1,0,0,0,0,,97,,,,,,0,,,8,0,0,0,8,9,8,,,0,,,8,8,2,695,,,1,,,2,1,0.19,,,,,,,,,,,,,,,,,,,,,,,,,,,,,,0,0,1,0,1,1,1,1,1,0,0,0,0,0,0,0,1,0,0,0,0,1,1,0,1,0,0,0,0,1,0,0,0,0,0,,0,0,0,0,0,1,1,1,1,0,0,0,0,0,0,1,,,,,,18-20,16-25,City street,U,Tuesday,Unknown,PV,Not Fatal,0,1,0,0,City Street,Municipal/City Police,Spokane Police Department,1,0,0,1,0,thc,1.4,carboxy-thc,44,,0,0,0,,,,,,,,,,,98,98,98,0,,,,,20,,,,,,,,nms,1,0,,,,,,
2021,365,EB27480,278,05/04/2021,18:33,4,5,,63,Spokane,2110,1,,1,1,1,1,0,2,3,,,,12,1,6,0,2,0,2,7,2,4,6,0,0,0,0,N MADISON ST,W Lacrosse Ave,-117.4271694,47.69546389,0,1,86,17,2,98,4,0,0,1,5,12,1,2,2,1,1,1,2,53,0,20,37,2008,0,,12,,,,,,1,1,27,2,0,,9,0,99,7,11,0,,,,,0,0,0,0,1,38,,,,96,,,,,,98,,,,,,99207,53,62,135,0,0,0,1,0,1,,97,,,,,,0,10/15/2020,02/15/2020,1,9,0,0,8,9,8,,,0,,,8,8,9,999,,,99,,,9,99,999,,,,,,,,,,,,,,,,,,,,,,,,,,,,,,0,0,0,1,0,0,0,0,0,0,0,0,0,1,0,0,0,0,1,0,0,0,0,0,0,0,0,0,1,1,0,0,0,0,0,,0,0,0,0,0,0,0,0,0,0,1,1,0,0,0,0,,,,,,26-30,26-35,City street,U,Tuesday,Unknown,PV,Not Fatal,1,0,0,0,City Street,Municipal/City Police,Spokane Police Department,0,0,0,1,0,,,,,,0,0,1,,,,,,,,,,,98,98,98,0,,,,,20,,,,,,,,,1,0,,,,,,
2021,348,EB66282,278,09/10/2021,3:40,10,9,,63,Spokane,2110,1,,3,1,2,1,1,1,1,,,,8,0,0,0.4,2,0,2,3,2,1,2,0,0,0,0,US-2,S BROWNE ST,-117.4133917,47.65556667,0,1,13,80,5,30,4,0,0,1,5,8,1,1,4,4,1,1,1,53,0,12,17,2007,0,,8,,,,,,1,1,43,2,0,,0,0,3,0,11,0,,,,,0,0,3,3,1,0,,,,96,,,,,,98,,,,,,99207,53,67,240,6,1,0,0,0,0,,0,,,,,,0,,,20,0,0,0,8,9,8,,,0,,,8,8,8,95,,,96,,,8,95,995,,,,,,,,,,,,,,,,,,,,,,,,,,,,,,0,0,0,1,0,0,0,0,0,1,0,1,0,0,0,0,0,0,0,0,0,0,0,0,0,0,0,0,0,1,0,1,0,0,0,,0,0,0,0,0,0,0,0,0,0,0,0,0,0,0,0,,,,,,41-45,36-45,US highway,U,Friday,Belt Used,PV,Not Fatal,1,0,0,0,State Route,Municipal/City Police,Spokane Police Department,0,1,0,0,0,,,,,,0,0,0,,,,,,,,,,,98,98,98,0,,,,,20,,,,,,,,,1,0,,,,,,
2021,358,EB70135,278,09/21/2021,20:35,21,9,,63,Spokane,2110,1,,3,1,2,1,0,2,2,,,,12,0,6,0,2,0,2,3,2,4,6,0,0,3,3,N WASHINGTON ST,W Indiana Ave,-117.4174278,47.67486111,0,1,88,17,2,98,4,0,0,1,2,12,8,8,2,2,1,1,1,53,0,54,35,2003,0,,12,,,,,,1,1,21,1,0,,2,0,3,0,11,0,,,,,0,0,0,2,1,8,39,,,96,,,,,,98,,,,,,99207,53,71,300,1,1,0,0,0,1,,97,,,,,,0,07/15/2020,07/15/2020,8,0,0,0,8,9,2,,,0,,,1,8,8,95,,,96,,,8,95,995,,,,,,,,,,,,,,,,,,,,,,,,,,,,,,0,0,0,1,0,0,0,0,0,0,0,0,0,1,0,0,0,0,0,0,0,0,0,1,1,0,0,0,0,1,0,0,0,0,0,,0,0,0,0,0,0,0,0,0,0,0,1,0,0,0,0,,,,,,21-25,16-25,City street,U,Tuesday,Belt Used,PV,Not Fatal,1,0,0,0,City Street,Municipal/City Police,Spokane Police Department,0,0,0,1,0,,,,,,0,0,0,,,,,,,,,,,98,98,98,0,,,,,20,,,,,,,,,1,0,,,,,,
2021,358,EB70135,278,09/21/2021,20:35,21,9,,63,Spokane,2110,1,,3,1,2,1,0,2,2,,,,12,0,6,0,2,0,2,3,2,4,6,0,0,3,3,N WASHINGTON ST,W Indiana Ave,-117.4174278,47.67486111,0,2,89,66,4,98,14,0,0,1,2,12,8,8,2,2,1,1,1,53,0,49,403,2004,0,,12,,,,,,1,1,63,2,7,,4,0,98,7,11,0,09/21/2021,21:46,2.11053E+11,52574,0,0,0,3,1,0,,,,96,,,,,,98,,,,,,99207,53,69,180,6,1,0,0,0,0,,0,,,,,,0,,,8,0,0,0,0,9,2,,,0,,,1,8,8,95,,,96,,,0,0,996,,,,,,,,,,,,,,,,,,,,,,,,,,,,,,0,0,0,1,0,0,0,0,0,0,0,0,0,1,0,0,0,0,0,0,0,0,0,1,1,0,0,0,0,1,0,0,0,0,0,,1,0,0,0,0,0,0,0,0,0,0,0,0,0,0,0,,,,,,61-65,56-65,City street,U,Tuesday,Unknown,PV,White,1,0,0,0,City Street,Municipal/City Police,Spokane Police Department,0,0,0,1,0,,,,,,0,0,0,,,,,,,,,,,98,98,98,1,,,,,20,,,,,,,,,1,0,,,,,,
2021,413,EB77921,4,10/09/2021,11:30,9,10,,63,Spokane,0,1,,1,1,2,1,0,3,2,,,,12,0,1,295.2,1,0,1,1,2,1,1,0,0,0,0,I-90,,-117.0856944,47.68168333,0,1,28,52,3,70,80,0,0,1,2,12,1,1,2,3,1,2,1,53,0,72,706,2000,0,,12,,,,,,1,1,43,1,7,,4,7,20,7,11,0,10/09/2021,11:30,53051119,51119,0,0,3,3,1,26,,,,96,,,,,,98,,,,,,99207,53,71,260,6,1,0,0,1,3,,0,,,,,,0,10/15/2017,08/15/2020,20,8,0,0,0,9,8,,,0,,,8,8,0,0,,,0,,,0,0,996,,,,,,,,,,,,,,,,,,,,,,,,,,,,,,0,0,0,0,0,0,0,0,0,0,0,0,0,0,0,0,0,0,0,0,0,0,0,0,0,0,0,0,1,1,0,0,0,0,1,0,0,0,0,0,0,0,0,0,0,0,0,0,0,0,0,0,,,,,,41-45,36-45,Interstate,U,Saturday,,MC,White,0,0,0,0,State Route,State Patrol,Washington State Patrol,0,1,0,0,0,,,,,,0,0,0,,,,,,,,,,,0,0,0,1,,,,,5,,,,,,,,,1,0,,,,,,
2021,498,EB88818,278,11/12/2021,13:57,12,11,,63,Spokane,2110,2,,1,2,2,1,0,6,3,,,,12,0,2,,1,0,1,3,2,4,6,0,0,0,0,N NEVADA ST,,-117.3951556,47.68611111,0,3,51,62,4,30,15,0,0,1,5,12,1,2,4,1,1,2,2,53,0,23,421,2003,0,,12,,,,,,1,1,26,1,0,,0,0,3,0,11,0,,,,,0,0,0,0,1,0,,,,96,,,,,,0,,,,,,99207,53,68,130,0,0,0,0,0,0,,0,,,,,,0,,,8,0,0,0,8,9,8,,,0,,,8,8,8,95,,,96,,,0,0,996,,,,,,,,,,,,,,,,,,,,,,,,,,,,,,0,0,0,0,0,0,0,0,0,0,0,0,0,1,0,0,0,0,0,0,0,0,0,1,1,0,0,0,0,1,0,0,0,0,0,,0,0,0,0,0,0,0,0,0,0,0,1,0,0,0,0,,,,,,26-30,26-35,City street,U,Friday,Belt Used,PV,Not Fatal,0,1,1,0,City Street,Municipal/City Police,Spokane Police Department,0,0,0,1,0,,,,,,0,0,0,,,,,,,,,,,98,98,98,0,,,,,20,,,,,,,,,1,0,,,,,,
2021,475,EB90887,4,11/13/2021,3:03,13,11,,63,Spokane,524,5,,2,2,2,1,0,2,2,,,,12,0,8,183.7,1,0,1,2,1,1,2,0,0,0,0,US-395,,-117.4698639,47.93491111,0,1,66,10,2,60,4,0,0,1,2,12,1,1,2,1,1,1,2,53,0,20,25,2011,0,,12,,,,,,1,1,35,1,1,,4,7,20,7,11,0,11/13/2021,3:03,52453059249,59249,0,0,3,2,1,0,,,,96,,,,,,9,,,,,,99207,53,70,195,2,1,2,2,1,3,,0,,,,,,0,09/15/2017,05/15/2020,8,0,0,0,0,1,1,,,0,,,1,1,2,402,407,996,1,1,1,2,1,0.215,,,,,,,,,,,,,,,,,,,,,,,,,,,,,,0,0,0,0,1,1,1,1,1,0,0,0,0,1,0,0,0,0,0,1,0,1,1,0,1,0,0,0,0,1,0,0,0,1,0,,1,0,0,0,0,1,1,1,0,0,0,1,0,0,0,1,,,,,,31-35,26-35,US highway,R,Saturday,Not Used,PV,Hispanic,0,1,1,0,State Route,State Patrol,Washington State Patrol,0,1,0,0,0,,,,,,3,2,7,1,,,,,605,,,,,98,98,98,1,,,,,20,,,,,,,,,1,0,,,,,,
2021,505,EB95002,40,08/04/2021,18:43,4,8,,63,Spokane,0,1,,1,1,2,1,0,3,1,,,,1,0,0,8.2,1,0,1,5,1,2,4,0,0,0,0,CR-S CHENEY SPOKANE RD,,-117.465875,47.57548056,0,1,7,9,1,45,4,0,0,1,2,1,3,1,2,1,14,3,1,53,0,59,35,2002,0,,68,64,1,35,38,42,1,1,19,1,0,,1,0,3,0,11,5,,,,,0,0,3,3,1,0,,,,96,,,,,,9,,,,,,99207,53,75,140,6,2,0,4,0,1,,0,,,,,,3,03/15/2018,06/15/2021,1,0,0,0,8,9,2,,,0,,,8,1,2,1,,,1,,,2,1,0.1,,,,,,,,,,,,,,,,,,,,,,,,,,,,,,0,0,0,0,1,1,0,1,0,0,0,0,1,0,0,0,0,0,0,0,0,1,1,0,1,0,0,0,0,1,0,0,0,0,0,,0,0,0,0,0,1,0,1,0,1,0,0,0,1,0,1,,,,,,18-20,16-25,County road,R,Wednesday,Belt Used,PV,Not Fatal,0,1,0,0,County Road,County Sheriff,Spokane County Sheriff's Office,1,0,1,0,0,,,,,,0,0,1,,,,,,,,,,,98,98,98,0,,,,,20,,,,,,,,,1,0,,,CHENEY-SPOKANE RD,8.2,NULL,
2021,557,EC08098,278,12/28/2021,19:31,28,12,,63,Spokane,2110,1,,3,4,2,1,1,1,1,,,,8,0,0,,3,0,2,3,2,4,6,0,0,0,0,N HAMILTON ST,E Augusta Ave,-117.3966,47.672775,0,1,13,80,5,30,6,0,0,1,5,8,8,8,5,5,1,1,1,53,0,58,40,2011,0,,8,,,,,,1,1,57,2,0,,0,0,3,0,11,0,,,,,0,0,0,3,1,0,,,,96,,,,,,0,,,,,,99207,53,66,186,6,1,0,0,0,0,,0,,,,,,0,,,20,0,0,0,8,9,2,,,0,,,8,8,0,0,,,0,,,0,0,996,,,,,,,,,,,,,,,,,,,,,,,,,,,,,,0,0,0,1,0,0,0,0,0,1,1,1,0,0,0,0,0,1,0,0,0,0,0,0,0,0,0,0,0,1,0,1,0,0,0,,0,0,0,0,0,0,0,0,0,0,0,0,0,0,0,0,,,,,,56-60,56-65,City street,U,Tuesday,Belt Used,PV,Not Fatal,1,0,0,0,City Street,Municipal/City Police,Spokane Police Department,0,0,0,1,0,,,,,,0,0,0,,,,,,,,,,,98,98,98,0,,,,,20,,,,,,,,,1,0,,,,,,
2017,171,E656405,278,03/29/2017,11:30,29,3,0,63,Spokane,2110,2,0,1,2,2,1,0,3,2,11:31,11:39,12:13,12,0,6,0,2,0,3,3,2,4,6,0,0,3,3,NEVADA,LYONS,-117.3953389,47.71858889,0,1,68,15,2,30,20,0,0,1,2,12,1,1,2,1,11,1,1,53,0,6,441,2001,0,0,12,,,,,,1,1,89,2,7,1,4,0,99,0,11,5,04/06/2017,12:25,2.11053E+11,16475,0,0,3,3,1,38,39,0,0,96,,,,,,0,,,,,,99208,53,66,180,6,1,0,0,0,0,0,35,,,,,,0,,,1,0,0,0,0,9,8,,,0,0,0,8,0,2,1,0,0,1,0,0,2,1,0,,,,,,,,,,,,,,,,,,,,,,,,,,,,,,0,0,0,1,0,0,0,0,0,0,0,0,0,0,0,0,0,0,1,0,0,0,0,0,0,1,1,1,0,1,0,0,0,0,0,,1,0,0,0,0,0,0,0,0,0,1,0,0,0,0,0,,,,,,81+,76+,City street,U,Wednesday,Unknown,PV,White,1,0,0,0,City Street,Municipal/City Police,Spokane Police Department,0,0,0,1,0,,,,,,,,,,,,,,,,,,,,,,,,,,,,,,,,,,,,,,,,,,,
2017,124,E667720,4,04/29/2017,21:40,29,4,0,63,Spokane,0,10,0,2,1,2,1,1,2,1,,,,8,0,0,304.1,1,0,1,3,1,1,2,0,0,0,0,US-2,,-117.3495861,47.999275,0,1,13,80,5,60,34,0,0,1,2,8,1,2,3,1,1,2,1,53,0,20,481,1995,0,0,8,,,,,,1,1,32,1,0,0,0,0,3,0,11,0,,,,,0,0,0,3,1,0,0,0,0,0,,,,,,0,,,,,,99208,53,74,185,6,1,0,0,0,0,0,0,,,,,,0,,,20,0,0,0,8,9,8,,,0,0,0,8,0,0,0,0,0,0,0,0,0,0,996,,,,,,,,,,,,,,,,,,,,,,,,,,,,,,0,0,0,0,0,0,0,0,0,1,1,1,0,0,0,0,0,0,0,0,0,0,0,0,0,0,0,0,0,0,0,1,0,0,0,,0,0,0,0,0,0,0,0,0,0,0,0,0,0,0,0,,,,,,31-35,26-35,US highway,R,Saturday,Belt Used,PV,Not Fatal,0,0,0,0,State Route,State Patrol,Washington State Patrol Headquarter,0,1,0,0,0,,,,,,,,,,,,,,,,,,,,,,,,,,,,,,,,,,,,,,,,,,,
2017,265,E695441,40,07/26/2017,16:22,26,7,0,63,Spokane,0,1,0,1,1,2,1,0,1,1,16:30,16:48,,42,0,0,2.8,1,0,1,6,1,2,4,0,0,0,0,CR-N MUZZY RD,,-117.0990889,47.80086944,0,1,7,6,1,35,14,0,0,1,2,42,2,2,2,1,14,1,1,53,0,12,401,1995,0,0,68,64,42,,,,1,1,35,1,7,1,4,7,20,0,11,0,07/26/2017,16:54,53032817,32817,0,0,0,3,1,0,0,0,0,96,,,,,,99,,,,,,99208,53,70,165,6,1,0,0,0,0,0,0,,,,,,4,,,8,0,0,0,0,9,8,,,0,0,0,8,9,2,417,0,0,1,0,0,2,1,0,,,,,,,,,,,,,,,,,,,,,,,,,,,,,,0,0,0,0,0,0,1,1,0,0,0,0,1,0,0,0,0,0,0,1,0,0,0,0,0,0,0,0,0,1,0,0,0,1,0,,1,0,0,0,0,0,1,1,0,1,0,0,0,0,1,0,,,,,,31-35,26-35,County road,R,Wednesday,Not Used,PV,White,0,1,0,0,County Road,County Sheriff,Spokane County Sheriff's Office,1,0,1,0,0,,,,,,,,,,,,,,,,,,,,,,,,,,,,,,,,,,,,,,,,,,,
2017,281,E697117,278,07/31/2017,17:17,31,7,0,63,Spokane,2110,1,0,1,1,2,1,0,2,2,17:19,17:24,17:54,12,0,6,0,2,0,2,3,2,4,6,0,0,0,0,E LINCOLN RD,N DAKOTA ST,-117.4005778,47.72944722,0,1,98,17,2,30,80,0,0,1,5,12,1,1,4,1,6,1,2,53,0,53,705,2000,0,0,12,,,,,,1,1,32,1,7,1,4,0,19,0,11,4,07/31/2017,21:12,2.11053E+11,33405,0,0,3,2,1,33,0,0,0,96,,,,,,99,,,,,,99208,53,71,185,1,1,0,2,0,1,3,0,,,,,,3,05/15/2013,07/15/2017,20,8,0,0,0,9,8,,,0,0,0,8,9,2,177,417,605,1,1,1,2,1,0,,,,,,,,,,,,,,,,,,,,,,,,,,,,,,0,0,0,1,0,0,1,1,1,0,0,0,1,1,1,0,0,0,0,0,0,0,0,0,0,0,0,0,1,1,0,0,0,0,1,0,0,0,0,0,0,0,1,1,0,1,0,1,0,0,1,0,,,,,,31-35,26-35,City street,U,Monday,,MC,White,1,0,0,0,City Street,Municipal/City Police,Spokane Police Department,0,0,0,1,0,thc,1.8,carboxy-thc,10,,,,,,,,,,,,,,,,,,,,,,,,,,,,,,,,,,,,,,,
2017,281,E697117,278,07/31/2017,17:17,31,7,0,63,Spokane,2110,1,0,1,1,2,1,0,2,2,17:19,17:24,17:54,12,0,6,0,2,0,2,3,2,4,6,0,0,0,0,E LINCOLN RD,N DAKOTA ST,-117.4005778,47.72944722,0,2,98,60,4,30,4,0,0,1,5,12,1,1,4,1,11,1,2,53,0,49,40,2016,0,0,12,,,,,,1,1,51,2,0,0,1,0,3,0,11,8,,,,,0,0,0,3,1,0,0,0,0,0,,,,,,0,,,,,,99208,53,65,160,6,1,0,0,1,0,0,0,,,,,,0,06/15/2013,06/15/2013,8,0,0,0,8,9,8,,,0,0,0,8,0,0,0,0,0,0,0,0,0,0,996,,,,,,,,,,,,,,,,,,,,,,,,,,,,,,0,0,0,1,0,0,1,1,1,0,0,0,1,1,1,0,0,0,0,0,0,0,0,0,0,0,0,0,1,1,0,0,0,0,0,,0,0,0,0,0,0,0,0,0,0,0,0,0,0,0,0,,,,,,51-55,46-55,City street,U,Monday,Belt Used,PV,Not Fatal,1,0,0,0,City Street,Municipal/City Police,Spokane Police Department,0,0,0,1,0,,,,,,,,,,,,,,,,,,,,,,,,,,,,,,,,,,,,,,,,,,,
2017,502,E743140,40,12/04/2017,23:36,4,12,0,63,Spokane,2113,1,0,3,1,2,1,0,4,2,23:37,23:48,0:22,12,0,1,0,3,0,2,4,2,4,6,0,0,3,3,N UNIVERSITY RD,E BRAODWAY AVE,-117.2613167,47.66433889,0,1,20,54,3,35,34,0,0,1,5,12,1,1,3,1,1,2,1,53,0,12,481,2011,0,0,12,,,,,,1,1,39,1,0,0,0,0,3,0,11,0,,,,,0,0,3,3,1,91,0,0,0,93,,,,,,9,,,,,,99208,53,71,155,6,1,0,0,1,1,0,1,,,,,,0,05/15/2016,07/15/2016,1,0,0,0,8,9,8,,,0,0,0,8,1,2,605,0,0,1,0,0,2,1,0.18,,,,,,,,,,,,,,,,,,,,,,,,,,,,,,0,0,0,1,1,1,1,1,1,0,0,0,0,0,0,0,1,0,0,0,0,1,1,0,1,0,0,0,0,1,0,0,0,0,0,,0,0,0,0,0,1,1,1,1,0,0,0,0,0,0,1,,,,,,36-40,36-45,City street,U,Monday,Belt Used,PV,Not Fatal,1,0,0,0,City Street,County Sheriff,Spokane County Sheriff's Office,0,0,0,1,0,thc,3.4,carboxy-thc,38,,,,,,,,,,,,,,,,,,,,,,,,,,,,,,,,,,,,,,,