year,case,par,repjur,crash_dt,crash_tm,accday,accmon,holiday,county,co_char,city,weather,weather2,lightcond,surfcond,surftype,numfatal,nmforms,pforms,vforms,not_tm,arr_tm,hosp_tm,fhevent,hitrun,manncol,milepnt,reljunc,reljuncinter,intersectiontype,funcsystem,landuse,ownership,route,schlbus,spejur,contdev,devfunc,trafid1,trafid2,x,y,wk_zone,vnumber,crashtype,criticalevent,criticaleventcat,spdlim,body,trailer,emerg,hazcargo,leave,mhevent,roadalgn,roadprof,traflane,trafflow,vehmanvr,numoccs,regowner,regstate,spuse,make,model,modelyr,vrf1,vrf2,seqevent1,seqevent2,seqevent3,seqevent4,seqevent5,seqevent6,pnumber,ptype,age,sex,hispanic,race,injury,diedscene,restraint,restraintmisuse,seatpos,takehosp,death_dt,death_tm,cert,cernum_wa,commlic,licendor,licrestrict,liccomp,drivpres,drf1,drf2,drf3,drf4,distract1,distract2,distract3,distract4,distract5,distract6,dricond1,dricond2,dricond3,dricond4,dricond5,dricond6,dzip,licstate,drhgt_in,weight,noncdl,noncdltype,prevdwi,prevoth,prevacc,prevspd,prevsus,driviol1,driviol2,driviol3,driviol4,driviol5,driviol6,spdrel,first_dt,last_dt,airbag,ejection,ejectpath,extricat,injurwrk,methalc,methdrug,nmlocat,strikveh,prf1,prf2,prf3,druginv,alcinvol,drugsts,drugres1,drugres2,drugres3,drugtst1,drugtst2,drugtst3,alcsts,alctst,alcres,nmact1,nmact2,nmact3,nmact4,nmact5,nmact6,nmprior1,nmprior2,nmprior3,nmprior4,nmprior5,nmprior6,nmcond1,nmcond2,nmcond3,nmcond4,nmcond5,nmcond6,nmsafe_helmet,nmsafe_pads,nmsafe_oth,nmprev_ref,nmprev_lgt,nmprev_oth,crashlocation,nmcrashtype,crosswalk,schoolzone,sidewalk,train_inv,wildlife_inv,rotr_fars,intersect_fars,dd_inv,aid_inv,dpd_inv,id_inv,mj_inv,impnm_inv,ainm_inv,dpnm_inv,speed_inv,unlic_inv,unendmc_inv,drowsy_inv,drdist_inv,nmdist_inv,fty_inv,unrestfat_inv,dr1617_inv,dr1820_inv,dr1620_inv,dr2125_inv,dr1625_inv,dr65_inv,dr70_inv,dr75_inv,mc_inv,pv_inv,ht_inv,ped_inv,bike_inv,unrest_fat,mc_fat,unhelmet_mc,pv_fat,ht_fat,ped_fat,bike_fat,dr_alc7,dr_alc8,dr_drug,dr_imp,dr_dist,dr_spd,dr_fty,dr_unlic,dr_alc7only,dr_alc8only,dr_drugonly,dr_drink,nm_imp,nm_alc7,nm_alc8,nm_drug,nm_dist,agegrp1,agegrp2,roadclass,urbrur,dayweek,restuse,vehtype,race_me,intersect,lanedep,oppdir,wrongway,rep_typ,investag,repag_long,rotr,st_rd,cty_rd,city_rd,oth_rd,drug_thc,thc_res,drug_cthc,cthc_res,drug_cann,prevpersemin,prevperse,prevsusoth,drugtst4,drugtst5,drugtst6,drugtst7,drugtst8,drugres4,drugres5,drugres6,drugres7,drugres8,adspresent,adsengaged,adslevel,race1,race2,race3,race4,race5,helmet,helmetmisuse,nmdistract1,nmdistract2,nmdistract3,nmdistract4,nmdistract5,nmdistract6,lab,isedtcase,crf1,crf2,crf3,CoRoadName,CoMP,IntCoRoadName,IntCoMP
2019,115,E913863,339,04/23/2019,11:33,23,4,,63,Spokane,2113,1,0,1,1,2,1,0,2,2,,,,12,0,6,0,2,0,2,7,2,4,6,0,0,0,0,E BROADWAY AVE,N EASTERN RD,-117.3200833,47.66383611,0,2,83,6,1,35,80,0,0,1,5,12,1,1,4,1,1,1,2,53,0,53,705,2003,0,0,12,,,,,,1,1,44,1,7,,4,7,20,7,11,0,04/23/2019,11:33,2.11353E+11,18986,0,0,0,2,1,0,0,0,0,96,,,,,,99,,,,,,99212,53,66,200,1,1,0,0,0,0,,0,,,,,,3,09/15/2014,09/15/2014,20,8,0,0,0,9,8,,,0,0,0,8,9,2,401,417,,1,1,,2,1,0.06,,,,,,,,,,,,,,,,,,,,,,,,,,,,,,0,0,0,1,1,0,1,1,0,0,0,0,1,1,1,0,0,0,0,0,0,0,0,0,0,0,0,0,1,0,1,0,0,0,1,0,0,0,0,0,1,0,1,1,0,1,0,1,0,0,0,1,,,,,,41-45,36-45,City street,U,Tuesday,,MC,White,1,0,0,0,City Street,Municipal/City Police,Spokane Valley Police Department,0,0,0,1,0,,,,,,0,0,1,,,,,,,,,,,0,0,0,1,,,,,19,0,,,,,,,,,,,,,,,
2020,110,EA31318,18,04/26/2020,19:46,26,4,,19,Ferry,0,1,,5,1,4,1,0,3,2,,,,12,0,8,0.1,1,0,1,7,1,2,4,0,0,0,0,CR-LAKE ELLEN RD,,-118.1801056,48.53921389,0,1,66,54,3,30,96,0,0,1,2,12,1,1,8,1,1,2,1,53,0,98,734,2018,0,,12,63,1,,,,1,1,21,1,0,,0,0,3,0,11,0,,,,,0,0,0,1,1,8,58,,,96,,,,,,9,,,,,,99212,53,70,215,1,1,0,1,0,0,,0,,,,,,4,05/15/2017,05/15/2017,20,0,0,0,8,1,8,,,0,,,8,1,2,1,,,1,,,2,1,0.025,,,,,,,,,,,,,,,,,,,,,,,,,,,,,,0,0,0,0,1,0,1,1,0,0,0,0,1,1,1,0,0,0,0,0,0,0,0,1,1,0,0,0,1,0,0,0,0,0,0,,0,0,0,0,1,0,0,0,0,1,0,1,1,0,0,1,,,,,,21-25,16-25,County road,R,Sunday,,OTHVT,Not Fatal,0,1,1,0,County Road,County Sheriff,Ferry County Sheriff's Office,0,0,1,0,0,,,,,,0,0,0,,,,,,,,,,,0,0,0,0,,,,,17,7,,,,,,,,1,0,,,LAKE ELLEN RD,0.1,,
2020,195,EA42741,278,06/25/2020,13:26,25,6,,63,Spokane,2110,1,,1,1,2,2,0,7,5,13:49,13:58,14:17,12,0,6,273.1,2,0,2,3,2,1,2,0,0,0,0,US-2,SPOTTED,-117.5183417,47.64310556,0,4,98,98,7,55,4,0,0,1,5,12,1,1,5,1,1,1,2,53,0,6,51,2006,0,,12,,,,,,1,1,67,1,0,,0,0,3,0,11,0,,,,,0,0,0,3,1,0,,,,96,,,,,,0,,,,,,99212,53,73,250,6,1,0,0,0,0,,0,,,,,,0,,,20,0,0,0,8,9,8,,,0,,,8,8,0,0,,,0,,,0,0,996,,,,,,,,,,,,,,,,,,,,,,,,,,,,,,0,0,0,1,0,0,0,0,0,0,0,0,0,0,0,0,0,0,0,0,0,0,0,1,1,1,1,1,0,1,0,0,0,0,0,,0,0,0,0,0,0,0,0,0,0,0,0,0,0,0,0,,,,,,66-70,66-75,US highway,U,Thursday,Belt Used,PV,Not Fatal,1,0,0,0,State Route,Municipal/City Police,Spokane Police Department,0,1,0,0,0,,,,,,0,0,0,,,,,,,,,,,98,98,98,0,,,,,20,7,,,,,,,,1,0,,,,,,
2020,287,EA56550,40,08/17/2020,20:32,17,8,,63,Spokane,0,1,,2,1,2,1,0,2,2,20:33,20:48,21:19,12,0,1,1.9,1,0,1,6,1,2,4,0,0,0,0,CR-W RUTTER PKWY,,-117.5072639,47.77289167,0,1,24,51,3,45,6,0,0,1,2,12,1,1,2,1,1,1,2,53,0,48,45,2019,0,,12,2,,,,,1,1,23,1,0,,1,0,99,7,11,5,,,,,0,0,3,2,1,0,,,,92,,,,,,9,,,,,,99212,53,73,200,1,1,1,1,0,1,,97,,,,,,3,03/15/2018,04/15/2020,99,0,0,0,8,9,8,,,0,,,8,1,2,605,,,1,,,2,1,0.2,,,,,,,,,,,,,,,,,,,,,,,,,,,,,,0,0,0,0,1,1,1,1,1,0,0,0,1,1,0,0,1,0,0,0,0,0,0,1,1,0,0,0,0,1,0,0,0,0,0,,0,0,0,0,0,1,1,1,1,1,0,1,0,0,0,1,,,,,,21-25,16-25,County road,R,Monday,Unknown,PV,Not Fatal,0,0,0,0,County Road,County Sheriff,Spokane County Sheriff's Office,0,0,1,0,0,thc,1.1,,,,0,1,3,,,,,,,,,,,98,98,98,0,,,,,20,7,,,,,,,,1,0,,,RUTTER PARKWAY,1.889,,
2020,289,EA56853,278,08/19/2020,17:39,19,8,,63,Spokane,2110,1,,1,1,2,1,0,3,2,17:43,17:45,,1,0,0,0,3,0,4,3,2,4,6,0,0,0,0,N NEVADA ST,E WOLVERTON CT,-117.3953028,47.68516667,0,1,98,9,1,98,80,0,0,1,2,1,2,2,2,1,14,1,1,53,0,72,706,2001,0,,1,68,12,,,,1,1,38,1,7,,4,7,20,7,11,0,08/19/2020,17:39,2.11053E+11,38737,0,0,0,3,1,8,,,,96,,,,,,98,,,,,,99212,53,67,160,6,1,0,3,0,1,,0,,,,,,0,12/15/2016,10/15/2019,20,8,0,0,0,9,8,,,0,,,8,8,2,695,605,,1,1,,2,1,0,,,,,,,,,,,,,,,,,,,,,,,,,,,,,,0,0,0,1,0,0,1,1,1,0,0,0,0,0,0,0,0,0,0,0,0,0,0,0,0,0,0,0,1,1,0,0,0,0,1,1,0,0,0,0,0,0,1,1,0,0,0,0,0,0,1,0,,,,,,36-40,36-45,City street,U,Wednesday,,MC,White,0,0,0,0,City Street,Municipal/City Police,Spokane Police Department,0,0,0,1,0,thc,15,carboxy-thc,17,,0,0,1,,,,,,,,,,,0,0,0,1,,,,,16,0,,,,,,,nms,1,0,,,,,,
2020,413,EA73251,339,10/06/2020,23:37,6,10,,63,Spokane,2113,1,,2,1,2,1,1,1,1,23:54,0:00,0:39,8,1,0,0,99,0,1,4,2,4,6,0,0,0,0,N PARK RD,,-117.3040222,47.67726944,0,1,13,99,9,35,34,0,0,1,5,8,1,1,2,1,1,99,1,53,0,20,481,2011,0,,8,,,,,,1,1,35,2,0,,0,0,99,7,11,0,,,,,0,0,0,3,1,0,,,,96,,,,,,98,,,,,,99212,53,65,170,6,1,0,0,0,0,,2,,,,,,0,,,20,0,0,0,8,9,8,,,0,,,8,8,8,95,,,96,,,8,95,995,,,,,,,,,,,,,,,,,,,,,,,,,,,,,,0,0,0,0,0,0,0,0,0,1,1,0,0,0,0,0,0,0,0,0,0,0,0,0,0,0,0,0,0,1,0,1,0,0,0,,0,0,0,0,0,0,0,0,0,0,0,0,0,0,0,0,,,,,,31-35,26-35,City street,U,Tuesday,Unknown,PV,Not Fatal,0,0,0,0,City Street,Municipal/City Police,Spokane Valley Police Department,0,0,0,1,0,,,,,,0,0,0,,,,,,,,,,,98,98,98,0,,,,,20,7,,,,,,,,1,18,,,,,,
2021,364,EB70652,40,09/22/2021,21:55,22,9,,63,Spokane,0,1,,3,1,2,1,1,1,1,,,,8,0,0,0.1,1,0,1,3,2,2,4,0,0,0,0,CR-N ARGONNE RD,,-117.2827306,47.69096111,0,1,13,80,5,35,6,0,0,1,2,8,1,2,5,1,1,1,2,35,0,48,34,1999,0,,8,,,,,,1,1,42,1,0,,0,0,3,0,11,0,,,,,0,0,0,0,1,0,,,,96,,,,,,9,,,,,,99212,53,65,145,0,0,0,1,0,1,,1,,,,,,0,03/15/2021,03/15/2021,20,0,0,0,8,9,2,,,0,,,1,8,0,0,,,0,,,0,0,996,,,,,,,,,,,,,,,,,,,,,,,,,,,,,,0,0,0,0,0,0,0,0,0,1,1,1,0,1,0,0,0,0,0,0,0,0,0,0,0,0,0,0,0,1,0,1,0,0,0,,0,0,0,0,0,0,0,0,0,0,0,1,0,0,0,0,,,,,,41-45,36-45,County road,U,Wednesday,Belt Used,PV,Not Fatal,0,0,0,0,County Road,County Sheriff,Spokane County Sheriff's Office,0,0,1,0,0,,,,,,0,0,0,,,,,,,,,,,0,0,0,0,,,,,20,,,,,,,,,1,0,,,ARGONNE RD,0.14,NULL,1.01
2021,507,EB96318,278,11/29/2021,19:33,29,11,,63,Spokane,2110,1,,3,1,2,1,0,2,2,,,,1,0,0,3.7,8,0,1,3,2,1,3,0,0,0,0,SR-290,,-117.3353667,47.67383333,0,1,98,9,1,35,80,0,0,1,2,1,1,1,4,2,1,1,2,53,0,37,705,2003,0,,1,54,,,,,1,1,20,1,7,,4,0,20,7,11,0,11/29/2021,20:13,2.11053E+11,62102,0,0,0,0,1,6,,,,96,,,,,,98,,,,,,99212,53,,999,0,0,0,0,0,0,,0,,,,,,4,,,20,8,0,0,0,9,8,,,0,,,8,8,2,996,996,401,1,1,1,2,1,0,,,,,,,,,,,,,,,,,,,,,,,,,,,,,,0,0,0,0,0,0,1,1,0,0,0,0,1,1,1,0,0,0,0,0,0,1,1,0,1,0,0,0,1,1,0,0,0,0,1,0,0,0,0,0,0,0,1,1,0,1,0,1,0,0,1,0,,,,,,18-20,16-25,State route,U,Monday,,MC,White,0,0,0,0,State Route,Municipal/City Police,Spokane Police Department,0,1,0,0,0,,,,,,0,0,0,1,1,1,,,417,151,996,,,0,0,0,1,,,,,5,,,,,,,,,1,14,,,,,,
2021,507,EB96318,278,11/29/2021,19:33,29,11,,63,Spokane,2110,1,,3,1,2,1,0,2,2,,,,1,0,0,3.7,8,0,1,3,2,1,3,0,0,0,0,SR-290,,-117.3353667,47.67383333,0,2,98,98,7,35,4,0,0,1,5,54,1,1,4,1,11,1,1,53,0,29,5,2021,0,,54,,,,,,1,1,35,1,0,,0,0,3,0,11,0,,,,,0,0,0,3,1,0,,,,96,,,,,,0,,,,,,99212,53,71,175,6,1,0,0,0,0,,0,,,,,,0,,,20,0,0,0,8,9,8,,,0,,,8,8,0,0,,,0,,,0,0,996,,,,,,,,,,,,,,,,,,,,,,,,,,,,,,0,0,0,0,0,0,1,1,0,0,0,0,1,1,1,0,0,0,0,0,0,1,1,0,1,0,0,0,1,1,0,0,0,0,0,,0,0,0,0,0,0,0,0,0,0,0,0,0,0,0,0,,,,,,31-35,26-35,State route,U,Monday,Belt Used,PV,Not Fatal,0,0,0,0,State Route,Municipal/City Police,Spokane Police Department,0,1,0,0,0,,,,,,0,0,0,,,,,,,,,,,98,98,98,0,,,,,20,,,,,,,,,1,14,,,,,,
2019,160,3690844,12,03/29/2019,10:58,29,3,,37,Kittitas,0,4,0,1,10,5,1,0,1,1,,,,42,0,0,9999.9,3,0,3,99,1,66,8,0,1,0,0,NFD 35,SPUR 176,-120.572688,47.3013505,0,1,6,12,2,25,91,0,0,1,7,42,2,1,8,8,14,1,1,53,0,98,998,1998,0,0,64,42,,,,,1,1,81,1,7,,4,7,20,7,11,0,03/29/2019,10:58,53014858,14858,0,0,0,1,1,0,0,0,0,92,,,,,,1,,,,,,99216,53,71,220,6,1,0,0,0,0,,0,,,,,,0,,,20,2,9,0,0,9,8,,,0,0,0,8,1,2,1,,,1,,,2,1,0,,,,,,,,,,,,,,,,,,,,,,,,,,,,,,0,0,1,1,1,0,0,0,0,0,0,0,0,0,0,0,1,0,0,0,0,0,0,0,0,1,1,1,0,0,0,0,0,0,0,,0,0,0,0,0,0,0,0,1,0,0,0,0,0,0,1,,,,,,81+,76+,Other,R,Friday,,OTHVT,White,0,1,0,0,Other,County Sheriff,Chelan County Sheriff's Office,1,0,0,0,1,,,,,,0,0,0,,,,,,,,,,,0,0,0,1,,,,,19,0,,,,,,,,,,,,,,,
2017,377,E715290,4,09/18/2017,12:39,18,9,0,63,Spokane,2113,10,0,1,2,2,1,0,3,3,,,,12,0,8,7.5,1,0,1,3,2,1,3,0,0,0,0,SR-290,,-117.25745,47.68616111,0,1,64,10,2,50,4,0,0,1,2,12,1,1,5,5,1,1,1,53,0,12,37,2007,0,0,68,12,12,,,,1,1,51,2,7,1,4,0,3,0,11,4,09/18/2017,16:40,2.11353E+11,40485,0,0,3,3,1,28,0,0,0,96,,,,,,0,,,,,,99216,53,66,120,6,1,0,0,0,0,0,0,,,,,,0,,,20,0,0,0,0,9,8,,,0,0,0,8,0,2,1,0,0,1,0,0,2,1,0,,,,,,,,,,,,,,,,,,,,,,,,,,,,,,0,0,0,0,0,0,0,0,0,0,0,0,0,0,0,0,0,0,0,0,0,0,0,0,0,0,0,0,0,1,1,0,0,0,0,,1,0,0,0,0,0,0,0,0,0,0,0,0,0,0,0,,,,,,51-55,46-55,State route,U,Monday,Belt Used,PV,White,1,0,0,0,State Route,State Patrol,Washington State Patrol Headquarter,0,1,0,0,0,,,,,,,,,,,,,,,,,,,,,,,,,,,,,,,,,,,,,,,,,,,
2018,251,E820893,4,07/17/2018,15:53,17,7,0,63,Spokane,2113,1,0,1,1,2,1,0,2,2,,,,12,0,6,9.3,4,0,1,3,2,1,3,0,0,0,0,SR-290,,-117.2223806,47.69426667,0,1,70,53,3,50,66,1,0,1,5,12,1,1,5,5,10,1,3,18,0,87,884,2014,0,0,12,,,,,,1,1,75,1,0,0,0,0,3,0,11,0,,,,,6,1,3,3,1,38,0,0,0,96,,,,,,0,,,,,,99216,53,72,200,6,1,0,4,1,0,,46,,,,,,0,07/15/2014,11/15/2016,20,0,0,0,8,9,8,,,0,0,0,8,0,0,0,,,0,,,0,0,996,,,,,,,,,,,,,,,,,,,,,,,,,,,,,,0,0,0,0,1,0,0,0,0,0,0,0,0,0,0,0,0,0,1,0,0,0,0,0,0,1,1,1,1,0,1,0,0,0,0,,0,0,0,0,0,0,0,0,0,0,1,0,0,0,0,0,,,,,,71-75,66-75,State route,U,Tuesday,,MHTRUCK,Not Fatal,0,0,0,0,State Route,State Patrol,Washington State Patrol,0,1,0,0,0,,,,,,0,0,0,,,,,,,,,,,,,,,,,,,,,,,,,,,,,,,,,,,
2019,252,E945239,250,07/21/2019,19:55,21,7,,5,Benton,1850,1,0,1,1,2,1,0,1,1,,,,33,0,0,0,3,0,3,7,2,4,6,0,0,28,3,N STEPTOE ST,TAPTEAL DR,-119.2437028,46.23605833,0,1,1,13,2,35,80,0,0,1,7,1,3,2,2,2,14,1,1,53,0,72,706,2014,0,0,63,33,1,,,,1,1,24,1,7,,4,0,20,7,11,5,07/26/2019,17:57,1.96053E+11,33358,0,0,0,3,1,0,0,0,0,96,,,,,,9,,,,,,99216,53,67,190,6,1,0,0,0,0,,0,,,,,,0,,,20,8,0,0,0,9,8,,,0,0,0,8,1,2,1,,,1,,,2,1,0.12,,,,,,,,,,,,,,,,,,,,,,,,,,,,,,0,0,1,1,1,1,0,1,0,0,0,0,0,0,0,0,0,0,0,0,0,0,0,1,1,0,0,0,1,0,0,0,0,0,1,0,0,0,0,0,0,1,0,1,0,0,0,0,0,1,0,1,,,,,,21-25,16-25,City street,U,Sunday,,MC,White,1,0,0,0,City Street,Municipal/City Police,Richland Police Department,0,0,0,1,0,,,,,,0,0,0,,,,,,,,,,,0,0,0,1,,,,,5,0,,,,,,,,,,,,,,,
2021,161,EB35140,278,05/29/2021,23:41,29,5,,63,Spokane,2110,1,,3,1,2,2,0,5,3,,,,12,0,6,273.3,1,0,1,3,2,1,2,0,0,0,0,US-2,,-117.5159528,47.64308889,0,2,66,62,4,55,4,0,0,1,2,12,1,1,4,1,1,1,2,53,0,42,48,2011,0,,12,,,,,,1,1,41,1,0,,2,0,3,0,11,0,,,,,0,0,0,3,1,0,,,,96,,,,,,98,,,,,,99216,53,75,214,6,1,0,0,0,1,,0,,,,,,0,10/15/2019,10/15/2019,8,0,0,0,8,9,8,,,0,,,8,8,0,0,,,0,,,0,0,996,,,,,,,,,,,,,,,,,,,,,,,,,,,,,,0,0,0,0,0,0,0,0,0,0,0,0,0,0,0,0,1,0,0,1,0,0,0,0,0,1,0,0,0,1,0,0,0,0,0,,0,0,0,0,0,0,0,0,0,0,0,0,0,0,0,0,,,,,,41-45,36-45,US highway,U,Saturday,Belt Used,PV,Not Fatal,0,1,1,0,State Route,Municipal/City Police,Spokane Police Department,0,1,0,0,0,,,,,,0,0,0,,,,,,,,,,,98,98,98,0,,,,,20,,,,,,,,,1,0,,,,,,
2021,189,EB41754,278,06/22/2021,2:54,22,6,,63,Spokane,2110,1,,3,1,2,1,0,2,1,,,,40,0,0,1.6,1,0,1,3,2,1,3,0,0,0,0,SR-290,,-117.3759306,47.66228611,0,1,6,12,2,98,4,0,0,1,2,40,3,1,2,1,14,2,1,53,0,49,32,2009,0,,68,64,40,10,,,1,1,28,2,0,,2,0,3,0,11,5,,,,,0,0,0,3,1,0,,,,96,,,,,,9,,,,,,99216,53,62,155,6,1,0,3,0,4,,97,,,,,,0,09/15/2017,08/15/2020,8,0,0,0,8,9,8,,,0,,,8,1,2,695,402,,1,1,,2,1,0.1,,,,,,,,,,,,,,,,,,,,,,,,,,,,,,0,0,1,0,1,1,1,1,1,0,0,0,0,0,0,0,0,0,0,1,0,0,0,0,0,0,0,0,0,1,0,0,0,0,0,,0,0,0,0,0,1,1,1,0,0,0,0,0,0,0,1,,,,,,26-30,26-35,State route,U,Tuesday,Belt Used,PV,Not Fatal,0,1,0,0,State Route,Municipal/City Police,Spokane Police Department,1,1,0,0,0,,,carboxy-thc,13,,0,0,2,,,,,,,,,,,98,98,98,0,,,,,20,,,,,,,,,1,0,,,,,,
2021,195,EB43349,339,06/22/2021,10:45,22,6,,63,Spokane,2113,1,,1,1,2,1,0,2,2,,,,12,0,2,0,3,0,3,3,2,4,6,0,0,0,0,E SPRAGUE AVE,N Gillis Rd,-117.2572111,47.65714167,0,1,50,10,2,98,14,0,0,1,2,12,1,1,6,1,1,1,2,53,0,48,401,2009,0,,68,12,,,,,1,1,38,2,0,,1,0,3,0,11,5,,,,,0,0,3,3,1,28,,,,0,,,,,,2,,,,,,99216,53,66,400,6,1,0,0,0,0,,97,,,,,,0,,,1,0,0,0,8,9,8,,,0,,,8,8,0,0,,,0,,,0,0,996,,,,,,,,,,,,,,,,,,,,,,,,,,,,,,0,0,0,1,0,0,0,0,0,0,0,0,0,0,0,1,0,0,0,0,0,0,0,0,0,0,0,0,1,1,0,0,0,0,0,,0,0,0,0,0,0,0,0,0,0,0,0,0,0,0,0,,,,,,36-40,36-45,City street,U,Tuesday,Belt Used,PV,Not Fatal,0,1,1,0,City Street,Municipal/City Police,Spokane Valley Police Department,0,0,0,1,0,,,,,,0,0,0,,,,,,,,,,,98,98,98,0,,,,,20,,,,,,,,,1,0,,,,,,
2017,434,2915831,278,10/08/2017,7:28,8,10,7,63,Spokane,2110,1,0,1,0,0,2,3,1,1,,,,8,0,0,0,1,0,1,96,6,96,6,0,0,0,0,3900 N MARKET,,-117.3655,47.69471111,0,1,98,8,1,0,3,0,0,1,2,8,0,0,0,0,1,1,2,53,0,49,33,2001,0,0,63,8,8,8,19,,1,1,24,2,0,0,0,0,20,0,11,0,,,,,0,0,3,2,1,0,0,0,0,96,,,,,,0,,,,,,99217,53,68,120,1,1,0,0,1,3,5,97,,,,,,0,10/15/2013,03/15/2017,98,0,0,0,8,9,8,,,0,0,0,8,0,2,177,401,417,1,1,1,2,1,0,,,,,,,,,,,,,,,,,,,,,,,,,,,,,,0,0,0,0,0,0,1,1,0,1,0,1,0,1,0,0,0,0,0,0,0,0,0,1,1,0,0,0,0,1,0,1,0,0,0,,0,0,0,0,0,0,1,1,0,0,0,1,0,0,1,0,,,,,,21-25,16-25,City street,,Sunday,Not Used,PV,Not Fatal,0,0,0,0,City Street,,,0,0,0,1,0,,,,,,,,,,,,,,,,,,,,,,,,,,,,,,,,,,,,,,,,,,,
2017,185,E677443,34,05/20/2017,13:52,20,5,0,51,Pend Oreille,0,1,0,1,8,4,1,0,1,1,,,,42,0,0,1.8,1,0,1,7,1,2,4,0,0,0,0,CR-LEHIGH HILL RD,,-117.3923806,48.81153056,0,1,6,12,2,98,90,0,0,1,2,42,2,2,2,1,14,1,1,53,0,98,734,2014,0,0,64,42,,,,,1,1,51,1,7,1,4,7,19,0,11,0,05/20/2017,13:52,53023223,23223,0,0,0,2,1,0,0,0,0,96,,,,,,99,,,,,,99217,53,70,250,6,1,0,0,0,0,0,0,,,,,,4,,,20,0,0,0,0,9,8,,,0,0,0,8,1,2,605,0,0,1,0,0,2,1,0.24,,,,,,,,,,,,,,,,,,,,,,,,,,,,,,0,0,1,0,1,1,1,1,1,0,0,0,1,0,0,0,0,0,0,0,0,0,0,0,0,0,0,0,0,0,0,0,0,0,0,,0,0,0,0,0,1,1,1,0,1,0,0,0,0,0,1,,,,,,51-55,46-55,County road,R,Saturday,,OTHVT,White,0,1,0,0,County Road,County Sheriff,Pend Oreille County Sheriff's Offic,1,0,1,0,0,thc,45,carboxy-thc,81,,,,,,,,,,,,,,,,,,,,,,,,,,,,,,,,,,,,,,,
2017,383,E715997,278,09/26/2017,11:26,26,9,0,63,Spokane,2110,1,0,1,0,0,1,0,2,2,11:13,11:17,,12,0,6,0,8,0,1,5,2,4,6,0,0,20,3,E HOLLAND  AVE,N NORTHPOINT ACCESS,-117.4026083,47.74395278,0,1,82,15,2,0,4,0,0,1,5,12,0,0,0,0,11,1,1,3,0,18,2,1999,0,0,12,,,,,,1,1,74,1,0,0,0,0,3,0,11,0,,,,,0,0,3,3,1,38,0,0,0,96,,,,,,0,,,,,,99217,53,70,195,6,1,0,0,0,0,0,46,,,,,,0,,,1,0,0,0,8,9,8,,,0,0,0,8,0,2,1,0,0,1,0,0,2,1,0,,,,,,,,,,,,,,,,,,,,,,,,,,,,,,0,0,0,0,0,0,0,0,0,0,0,0,0,0,1,0,0,0,1,0,0,1,1,0,1,1,1,0,1,1,0,0,0,0,0,,0,0,0,0,0,0,0,0,0,0,1,0,0,0,0,0,,,,,,71-75,66-75,City street,U,Tuesday,Belt Used,PV,Not Fatal,1,0,0,0,City Street,Municipal/City Police,Spokane Police Department,0,0,0,1,0,,,,,,,,,,,,,,,,,,,,,,,,,,,,,,,,,,,,,,,,,,,
2017,441,E720789,278,10/09/2017,19:25,9,10,7,63,Spokane,2110,1,0,3,1,2,1,1,1,1,,,,8,0,0,0,3,0,2,3,2,4,6,0,0,0,0,FRANCIS AVE,CINCINNATI ST,-117.3980194,47.71507222,0,1,13,80,5,30,4,0,0,1,5,8,1,1,5,1,1,1,2,18,0,19,18,2008,0,0,8,,,,,,1,1,67,1,0,0,0,0,3,0,11,0,,,,,0,0,3,3,1,38,0,0,0,93,,,,,,9,,,,,,99217,53,67,180,6,1,0,1,1,1,0,9,,,,,,0,02/15/2014,10/15/2014,20,0,0,0,8,9,8,,,0,0,0,1,9,8,95,0,0,6,0,0,8,95,995,,,,,,,,,,,,,,,,,,,,,,,,,,,,,,0,0,0,1,0,0,0,0,0,0,0,0,0,0,0,0,1,0,1,0,0,0,0,0,0,1,0,0,0,1,0,1,0,0,0,,0,0,0,0,0,0,0,0,1,0,1,0,0,0,0,0,,,,,,66-70,66-75,City street,U,Monday,Belt Used,PV,Not Fatal,1,0,0,0,City Street,Municipal/City Police,Spokane Police Department,0,0,0,1,0,,,,,,,,,,,,,,,,,,,,,,,,,,,,,,,,,,,,,,,,,,,
2018,408,E859394,4,11/07/2018,17:24,7,11,0,65,Stevens,0,1,0,3,1,2,1,0,6,5,,,,12,0,1,217.8,3,0,3,3,1,1,2,0,0,0,0,US-395,BLUE CREEK,-117.8191417,48.32014444,0,4,98,62,4,60,2,0,0,1,5,12,1,2,2,1,1,1,2,53,0,49,38,1992,0,0,12,,,,,,1,1,60,1,0,0,0,0,3,0,11,0,,,,,0,0,0,3,1,0,0,0,0,96,,,,,,0,,,,,,99217,53,67,176,6,1,0,0,0,1,,0,,,,,,0,01/15/2018,01/15/2018,20,0,0,0,8,9,8,,,0,0,0,8,0,8,95,,,96,,,8,95,995,,,,,,,,,,,,,,,,,,,,,,,,,,,,,,0,0,0,1,0,0,0,0,0,0,0,0,0,0,0,0,1,0,0,0,1,0,1,1,1,1,1,1,0,1,0,0,0,0,0,,0,0,0,0,0,0,0,0,0,0,0,0,0,0,0,0,,,,,,56-60,56-65,US highway,R,Wednesday,Belt Used,PV,Not Fatal,1,0,0,0,State Route,State Patrol,Washington State Patrol,0,1,0,0,0,,,,,,0,0,0,,,,,,,,,,,,,,,,,,,,,,,,,,,,,,,,,,,