year,case,par,repjur,crash_dt,crash_tm,accday,accmon,holiday,county,co_char,city,weather,weather2,lightcond,surfcond,surftype,numfatal,nmforms,pforms,vforms,not_tm,arr_tm,hosp_tm,fhevent,hitrun,manncol,milepnt,reljunc,reljuncinter,intersectiontype,funcsystem,landuse,ownership,route,schlbus,spejur,contdev,devfunc,trafid1,trafid2,x,y,wk_zone,vnumber,crashtype,criticalevent,criticaleventcat,spdlim,body,trailer,emerg,hazcargo,leave,mhevent,roadalgn,roadprof,traflane,trafflow,vehmanvr,numoccs,regowner,regstate,spuse,make,model,modelyr,vrf1,vrf2,seqevent1,seqevent2,seqevent3,seqevent4,seqevent5,seqevent6,pnumber,ptype,age,sex,hispanic,race,injury,diedscene,restraint,restraintmisuse,seatpos,takehosp,death_dt,death_tm,cert,cernum_wa,commlic,licendor,licrestrict,liccomp,drivpres,drf1,drf2,drf3,drf4,distract1,distract2,distract3,distract4,distract5,distract6,dricond1,dricond2,dricond3,dricond4,dricond5,dricond6,dzip,licstate,drhgt_in,weight,noncdl,noncdltype,prevdwi,prevoth,prevacc,prevspd,prevsus,driviol1,driviol2,driviol3,driviol4,driviol5,driviol6,spdrel,first_dt,last_dt,airbag,ejection,ejectpath,extricat,injurwrk,methalc,methdrug,nmlocat,strikveh,prf1,prf2,prf3,druginv,alcinvol,drugsts,drugres1,drugres2,drugres3,drugtst1,drugtst2,drugtst3,alcsts,alctst,alcres,nmact1,nmact2,nmact3,nmact4,nmact5,nmact6,nmprior1,nmprior2,nmprior3,nmprior4,nmprior5,nmprior6,nmcond1,nmcond2,nmcond3,nmcond4,nmcond5,nmcond6,nmsafe_helmet,nmsafe_pads,nmsafe_oth,nmprev_ref,nmprev_lgt,nmprev_oth,crashlocation,nmcrashtype,crosswalk,schoolzone,sidewalk,train_inv,wildlife_inv,rotr_fars,intersect_fars,dd_inv,aid_inv,dpd_inv,id_inv,mj_inv,impnm_inv,ainm_inv,dpnm_inv,speed_inv,unlic_inv,unendmc_inv,drowsy_inv,drdist_inv,nmdist_inv,fty_inv,unrestfat_inv,dr1617_inv,dr1820_inv,dr1620_inv,dr2125_inv,dr1625_inv,dr65_inv,dr70_inv,dr75_inv,mc_inv,pv_inv,ht_inv,ped_inv,bike_inv,unrest_fat,mc_fat,unhelmet_mc,pv_fat,ht_fat,ped_fat,bike_fat,dr_alc7,dr_alc8,dr_drug,dr_imp,dr_dist,dr_spd,dr_fty,dr_unlic,dr_alc7only,dr_alc8only,dr_drugonly,dr_drink,nm_imp,nm_alc7,nm_alc8,nm_drug,nm_dist,agegrp1,agegrp2,roadclass,urbrur,dayweek,restuse,vehtype,race_me,intersect,lanedep,oppdir,wrongway,rep_typ,investag,repag_long,rotr,st_rd,cty_rd,city_rd,oth_rd,drug_thc,thc_res,drug_cthc,cthc_res,drug_cann,prevpersemin,prevperse,prevsusoth,drugtst4,drugtst5,drugtst6,drugtst7,drugtst8,drugres4,drugres5,drugres6,drugres7,drugres8,adspresent,adsengaged,adslevel,race1,race2,race3,race4,race5,helmet,helmetmisuse,nmdistract1,nmdistract2,nmdistract3,nmdistract4,nmdistract5,nmdistract6,lab,isedtcase,crf1,crf2,crf3,CoRoadName,CoMP,IntCoRoadName,IntCoMP
2018,471,E874335,4,12/19/2018,7:26,19,12,0,63,Spokane,0,1,0,1,2,2,1,0,6,3,7:28,7:51,8:22,12,0,1,266.1,3,0,2,3,1,1,2,0,0,0,0,US-2,CHRISTENSEN RD,-117.6686028,47.64293611,0,2,21,60,4,55,14,0,0,1,2,12,1,1,3,1,5,1,1,53,0,48,403,2016,0,0,12,68,12,,,,1,1,36,1,7,1,4,7,3,0,11,0,12/19/2018,7:26,2253056007,56007,0,0,0,3,1,0,0,0,0,0,,,,,,99,,,,,,99217,53,70,180,6,1,0,0,1,0,,0,,,,,,0,12/15/2016,12/15/2016,8,0,0,0,0,9,8,,,0,0,0,8,0,2,1,,,1,,,2,1,0,,,,,,,,,,,,,,,,,,,,,,,,,,,,,,0,0,0,1,1,0,1,1,1,0,0,0,0,0,0,0,0,0,0,0,0,0,0,0,0,0,0,0,0,1,1,0,0,0,0,,1,0,0,0,0,0,0,0,0,0,0,0,0,0,0,0,,,,,,36-40,36-45,US highway,R,Wednesday,Belt Used,PV,White,1,0,0,0,State Route,State Patrol,Washington State Patrol,0,1,0,0,0,,,,,,0,0,0,,,,,,,,,,,,,,,,,,,,,,,,,,,,,,,,,,,
2019,273,E948106,4,08/04/2019,11:49,4,8,,63,Spokane,0,1,0,1,1,2,1,0,5,3,,,,12,0,6,296.4,2,0,2,3,1,1,2,0,0,0,0,US-2,CHATTAROY RD,-117.3540889,47.889375,0,2,79,65,4,60,34,0,0,1,7,12,1,1,3,2,1,1,2,53,0,20,481,2018,0,0,12,,,,,,1,1,41,1,0,,0,0,3,0,11,0,,,,,0,0,0,3,1,0,0,0,0,96,,,,,,0,,,,,,99217,53,72,195,6,1,0,0,0,0,,0,,,,,,0,,,20,0,0,0,8,9,8,,,0,0,0,8,0,8,95,,,96,,,8,95,995,,,,,,,,,,,,,,,,,,,,,,,,,,,,,,0,0,0,1,0,0,0,0,0,0,0,0,0,0,0,0,0,0,1,0,0,0,0,0,0,1,1,1,0,1,0,0,0,0,0,,0,0,0,0,0,0,0,0,0,0,0,0,0,0,0,0,,,,,,41-45,36-45,US highway,R,Sunday,Belt Used,PV,Not Fatal,1,0,0,0,State Route,State Patrol,Washington State Patrol,0,1,0,0,0,,,,,,0,0,0,,,,,,,,,,,98,98,98,0,,,,,20,7,,,,,,,,,,,,,,,
2019,372,E972885,278,10/09/2019,23:50,9,10,,63,Spokane,2110,1,0,3,1,1,1,1,1,1,,,,15,1,0,0,3,0,2,7,2,4,6,0,0,3,3,E WELLESLEY AVE,N CRESTLINE ST,-117.378875,47.70056111,0,1,13,83,5,98,14,0,0,1,5,15,8,8,4,1,1,1,5,53,0,37,402,2007,0,0,15,,,,,,1,1,21,1,0,,9,0,99,7,11,8,,,,,0,0,3,2,1,38,0,0,0,96,,,,,,99,,,,,,99217,53,64,160,1,1,1,2,0,1,,97,,,,,,0,09/15/2016,02/15/2018,99,9,0,0,8,9,8,,,0,0,0,8,9,2,695,605,,1,1,,2,1,0,,,,,,,,,,,,,,,,,,,,,,,,,,,,,,0,0,0,1,0,0,1,1,1,1,1,1,0,1,0,0,0,0,1,0,0,0,0,1,1,0,0,0,0,1,0,1,0,0,0,,0,0,0,0,0,0,1,1,0,0,1,1,0,0,1,0,,,,,,21-25,16-25,City street,U,Wednesday,Unknown,PV,Not Fatal,1,0,0,0,City Street,Municipal/City Police,Spokane Police Department,0,0,0,1,0,thc,2.7,carboxy-thc,26,,0,0,3,,,,,,,,,,,98,98,98,0,,,,,20,7,,,,,,,,,,,,,,,
2020,251,EA51119,278,07/28/2020,19:47,28,7,,63,Spokane,2110,1,,1,1,2,1,0,4,2,19:48,19:52,20:10,12,0,6,0,2,0,2,4,2,4,6,0,0,3,3,N PERRY ST,E Indiana Ave,-117.3903556,47.67473056,0,1,68,15,2,30,20,0,0,1,2,12,1,1,4,1,11,3,1,53,0,7,442,2000,0,,12,,,,,,1,1,63,2,0,,0,0,3,0,11,0,,,,,0,0,3,2,1,0,,,,96,,,,,,9,,,,,,99217,53,67,109,1,1,0,5,0,0,,97,,,,,,0,03/15/2017,03/15/2020,8,0,0,0,8,3,8,,,0,,,1,8,2,996,401,417,1,1,1,2,1,0,,,,,,,,,,,,,,,,,,,,,,,,,,,,,,0,0,0,1,0,0,1,1,0,0,0,0,0,1,0,0,0,0,0,1,0,0,0,0,0,0,0,0,0,1,0,0,0,0,0,,0,0,0,0,0,0,1,1,0,0,0,1,0,0,1,0,,,,,,61-65,56-65,City street,U,Tuesday,Belt Used,PV,Not Fatal,1,0,0,0,City Street,Municipal/City Police,Spokane Police Department,0,0,0,1,0,,,,,,0,0,2,,,,,,,,,,,98,98,98,0,,,,,20,7,,,,,,,,1,0,,,,,,
2020,423,EA76737,4,10/30/2020,13:01,30,10,,63,Spokane,2110,1,,1,1,2,1,0,6,3,,,,12,0,7,280.9,1,0,1,1,2,1,1,0,0,0,0,I-90,,-117.3706806,47.65403333,0,3,98,98,7,60,14,0,0,1,5,54,1,1,4,3,1,2,3,53,0,12,401,2011,0,,54,,,,,,1,1,39,2,0,,0,0,3,0,11,0,,,,,0,0,0,3,1,0,,,,96,,,,,,0,,,,,,99217,53,62,220,6,1,0,0,0,1,,0,,,,,,0,07/15/2016,07/15/2016,20,0,0,0,8,9,8,,,0,,,8,8,0,0,,,0,,,0,0,996,,,,,,,,,,,,,,,,,,,,,,,,,,,,,,0,0,0,0,0,0,0,0,0,0,0,0,0,0,0,0,0,0,0,1,0,0,0,0,0,0,0,0,0,1,0,0,0,0,0,,0,0,0,0,0,0,0,0,0,0,0,0,0,0,0,0,,,,,,36-40,36-45,Interstate,U,Friday,Belt Used,PV,Not Fatal,0,0,0,0,State Route,State Patrol,Washington State Patrol,0,1,0,0,0,,,,,,0,0,0,,,,,,,,,,,98,98,98,0,,,,,20,7,,,,,,,,1,14,,,,,,
2021,556,EB76101,278,10/04/2021,3:03,4,10,,63,Spokane,2110,1,,2,1,2,1,0,1,1,,,,42,0,0,0,1,0,1,5,2,4,6,0,0,0,0,W DOWNRIVER PARK DR,,-117.4544,47.68163611,0,1,1,6,1,30,4,0,0,1,5,42,4,1,2,1,14,1,2,53,0,20,16,2005,0,,63,42,1,,,,1,1,30,1,7,,4,0,3,0,11,5,10/05/2021,11:50,2.11053E+11,56056,0,0,0,2,1,0,,,,96,,,,,,98,,,,,,99217,53,69,180,1,1,0,2,0,0,,0,,,,,,4,07/15/2019,07/15/2019,1,1,9,0,0,9,8,,,0,,,8,8,2,348,401,417,1,1,1,2,1,0,,,,,,,,,,,,,,,,,,,,,,,,,,,,,,0,0,1,0,0,0,1,1,0,0,0,0,1,1,0,0,0,0,0,0,0,0,0,0,0,0,0,0,0,1,0,0,0,0,0,,1,0,0,0,0,0,1,1,0,1,0,1,0,0,1,0,,,,,,26-30,26-35,City street,U,Monday,Belt Used,PV,White,0,1,0,0,City Street,Municipal/City Police,Spokane Police Department,1,0,0,1,0,,,,,,0,0,0,1,1,,,,151,996,,,,98,98,98,1,,,,,20,,,,,,,,,1,0,,,,,,
2021,407,EB77005,40,10/11/2021,21:06,11,10,,63,Spokane,0,1,,3,1,2,1,0,3,2,,,,12,0,8,1.2,8,0,1,3,2,2,4,0,0,0,0,CR-N MARKET ST,,-117.3648,47.73251667,0,1,65,62,4,35,15,0,0,1,5,12,1,1,3,5,5,2,1,53,0,37,421,2010,0,,12,,,,,,1,1,21,2,0,,1,0,3,0,11,0,,,,,0,0,0,3,1,0,,,,96,,,,,,98,,,,,,99217,53,70,280,6,1,0,0,1,1,,0,,,,,,0,03/15/2017,08/15/2020,8,0,0,0,8,9,2,,,0,,,8,8,0,0,,,0,,,0,0,996,,,,,,,,,,,,,,,,,,,,,,,,,,,,,,0,0,0,0,1,1,0,1,0,0,0,0,1,1,1,0,0,0,0,0,0,0,0,1,1,0,0,0,1,1,0,0,0,0,0,,0,0,0,0,0,0,0,0,0,0,0,0,0,0,0,0,,,,,,21-25,16-25,County road,U,Monday,Belt Used,PV,Not Fatal,0,0,0,0,County Road,County Sheriff,Spokane County Sheriff's Office,0,0,1,0,0,,,,,,0,0,0,,,,,,,,,,,98,98,98,0,,,,,20,,,,,,,,,1,0,,,MARKET ST,1.19,NULL,
2021,570,EC04207,278,12/23/2021,7:05,23,12,,63,Spokane,2110,10,,4,2,2,1,1,1,1,,,,8,0,0,,1,0,1,3,2,4,6,0,0,0,0,N MARKET ST,,-117.3648306,47.71088056,0,1,13,80,5,30,14,0,0,1,5,8,1,1,4,1,1,1,1,53,0,35,404,2019,0,,8,,,,,,1,1,72,1,0,,0,0,3,0,11,0,,,,,0,0,0,3,1,0,,,,96,,,,,,0,,,,,,99217,53,74,215,6,1,0,0,0,0,,0,,,,,,0,,,20,0,0,0,8,9,2,,,0,,,8,8,0,0,,,0,,,0,0,996,,,,,,,,,,,,,,,,,,,,,,,,,,,,,,0,0,0,0,0,0,0,0,0,1,0,1,0,0,0,0,0,0,0,0,0,0,0,0,0,1,1,0,0,1,0,1,0,0,0,,0,0,0,0,0,0,0,0,0,0,0,0,0,0,0,0,,,,,,71-75,66-75,City street,U,Thursday,Belt Used,PV,Not Fatal,0,0,0,0,City Street,Municipal/City Police,Spokane Police Department,0,0,0,1,0,,,,,,0,0,0,,,,,,,,,,,98,98,98,0,,,,,20,,,,,,,,,1,0,,,,,,
2017,53,E641243,278,02/11/2017,19:09,11,2,0,63,Spokane,2110,1,0,3,2,2,1,1,1,1,,,,8,0,0,281.1,3,0,2,3,2,1,2,0,0,0,0,US-2,E EUCLID AVE,-117.4110806,47.68619444,0,1,13,80,5,30,34,0,0,1,5,8,1,2,8,2,1,1,1,53,0,20,481,1991,0,0,8,,,,,,1,1,74,1,0,0,0,0,3,0,11,0,,,,,0,0,3,3,1,0,0,0,0,92,,,,,,0,,,,,,99218,53,73,175,6,1,0,0,1,0,0,0,,,,,,0,01/15/2013,01/15/2013,20,0,0,0,8,9,8,,,0,0,0,8,0,2,1,0,0,1,0,0,2,1,0,,,,,,,,,,,,,,,,,,,,,,,,,,,,,,0,0,0,1,0,0,0,0,0,1,1,1,0,0,0,0,1,1,0,0,0,0,0,0,0,1,1,0,0,0,0,1,0,0,0,,0,0,0,0,0,0,0,0,1,0,0,0,0,0,0,0,,,,,,71-75,66-75,US highway,U,Saturday,Belt Used,PV,Not Fatal,1,0,0,0,State Route,Municipal/City Police,Spokane Police Department,0,1,0,0,0,,,,,,,,,,,,,,,,,,,,,,,,,,,,,,,,,,,,,,,,,,,
2017,377,E715290,4,09/18/2017,12:39,18,9,0,63,Spokane,2113,10,0,1,2,2,1,0,3,3,,,,12,0,8,7.5,1,0,1,3,2,1,3,0,0,0,0,SR-290,,-117.25745,47.68616111,0,2,65,62,4,50,14,0,0,1,5,12,1,1,5,5,4,1,1,53,0,2,404,1997,0,0,12,,,,,,1,1,30,1,0,0,0,0,3,0,11,0,,,,,0,0,0,3,1,0,0,0,0,0,,,,,,0,,,,,,99218,53,71,140,6,1,0,0,0,0,0,0,,,,,,0,,,20,0,0,0,8,9,8,,,0,0,0,8,0,0,0,0,0,0,0,0,0,0,996,,,,,,,,,,,,,,,,,,,,,,,,,,,,,,0,0,0,0,0,0,0,0,0,0,0,0,0,0,0,0,0,0,0,0,0,0,0,0,0,0,0,0,0,1,1,0,0,0,0,,0,0,0,0,0,0,0,0,0,0,0,0,0,0,0,0,,,,,,26-30,26-35,State route,U,Monday,Belt Used,PV,Not Fatal,1,0,0,0,State Route,State Patrol,Washington State Patrol Headquarter,0,1,0,0,0,,,,,,,,,,,,,,,,,,,,,,,,,,,,,,,,,,,,,,,,,,,
2017,383,E715997,278,09/26/2017,11:26,26,9,0,63,Spokane,2110,1,0,1,1,2,1,0,2,2,11:13,11:17,,12,0,6,0,8,0,1,5,2,4,6,0,0,0,0,E HOLLAND  AVE,N NORTHPOINT ACCESS,-117.4026083,47.74395278,0,2,83,67,4,30,80,0,0,1,5,12,1,1,4,1,1,1,2,16,0,76,709,1985,0,0,12,,,,,,1,1,19,1,7,1,4,7,19,0,11,0,09/26/2017,11:56,2.11053E+11,41976,0,0,0,2,1,0,0,0,0,0,,,,,,0,,,,,,99218,53,74,170,6,1,0,1,0,0,0,0,,,,,,0,08/15/2015,08/15/2015,20,8,0,0,0,9,8,,,0,0,0,8,9,2,1,0,0,1,0,0,2,1,0,,,,,,,,,,,,,,,,,,,,,,,,,,,,,,0,0,0,0,0,0,0,0,0,0,0,0,0,0,1,0,0,0,1,0,0,1,1,0,1,1,1,0,1,1,0,0,0,0,1,0,0,0,0,0,0,0,0,0,0,0,0,0,0,0,0,0,,,,,,18-20,16-25,City street,U,Tuesday,,MC,White,1,0,0,0,City Street,Municipal/City Police,Spokane Police Department,0,0,0,1,0,,,,,,,,,,,,,,,,,,,,,,,,,,,,,,,,,,,,,,,,,,,
2019,158,E926374,40,05/16/2019,21:07,16,5,,63,Spokane,0,2,0,2,2,2,1,1,2,2,,,,8,1,0,0.3,1,0,1,5,2,2,4,0,0,0,0,CR-S HAYFORD RD,,-117.5609139,47.65740833,0,1,13,80,5,45,34,0,0,1,5,8,4,1,2,1,14,99,1,53,0,7,482,2010,0,0,8,,,,,,1,1,24,1,0,,9,0,99,7,11,8,,,,,0,0,0,3,1,0,0,0,0,92,,,,,,99,,,,,,99218,53,70,170,6,1,0,0,0,0,,97,,,,,,0,,,99,0,0,0,8,9,8,,,0,0,0,8,9,8,95,,,96,,,8,95,995,,,,,,,,,,,,,,,,,,,,,,,,,,,,,,0,0,0,0,0,0,0,0,0,0,0,0,0,0,0,0,1,0,0,0,0,0,0,1,1,0,0,0,0,1,0,1,0,0,0,,0,0,0,0,0,0,0,0,1,0,0,0,0,0,0,0,,,,,,21-25,16-25,County road,U,Thursday,Unknown,PV,Not Fatal,0,0,0,0,County Road,County Sheriff,Spokane County Sheriff's Office,0,0,1,0,0,,,,,,0,0,0,,,,,,,,,,,98,98,98,0,,,,,20,7,,,,,,,,,,,,,,,
2020,287,EA56550,40,08/17/2020,20:32,17,8,,63,Spokane,0,1,,2,1,2,1,0,2,2,20:33,20:48,21:19,12,0,1,1.9,1,0,1,6,1,2,4,0,0,0,0,CR-W RUTTER PKWY,,-117.5072639,47.77289167,0,2,25,53,3,45,14,0,0,1,2,2,1,1,2,1,1,1,1,53,0,2,404,2004,0,,12,2,,,,,1,1,49,2,7,,4,0,3,0,11,5,08/17/2020,22:50,2.11053E+11,38385,0,0,3,3,1,0,,,,96,,,,,,0,,,,,,99218,53,67,150,6,1,0,0,0,0,,0,,,,,,0,,,99,0,0,0,0,9,8,,,0,,,8,8,2,996,996,,1,1,,2,1,0,,,,,,,,,,,,,,,,,,,,,,,,,,,,,,0,0,0,0,1,1,1,1,1,0,0,0,1,1,0,0,1,0,0,0,0,0,0,1,1,0,0,0,0,1,0,0,0,0,0,,1,0,0,0,0,0,1,1,0,0,0,0,0,0,1,0,,,,,,46-50,46-55,County road,R,Monday,Belt Used,PV,White,0,0,0,0,County Road,County Sheriff,Spokane County Sheriff's Office,0,0,1,0,0,,,,,,0,0,0,,,,,,,,,,,98,98,98,1,,,,,20,7,,,,,,,,1,0,,,RUTTER PARKWAY,1.889,,
2020,363,EA64952,4,09/18/2020,21:20,18,9,,63,Spokane,0,5,,2,1,2,1,0,1,1,,,,1,0,0,76.5,1,0,1,5,1,1,3,0,0,0,0,SR-27,,-117.1778167,47.51192778,0,1,1,9,1,55,80,0,0,1,2,1,3,1,2,1,6,1,1,53,0,72,706,2016,0,,63,1,,,,,1,1,41,1,7,,4,7,20,7,11,0,09/18/2020,21:20,53043489,43489,0,0,3,3,1,8,33,,,96,,,,,,9,,,,,,99218,53,72,210,6,1,0,1,1,3,,0,,,,,,0,07/15/2016,05/15/2019,20,8,0,0,0,1,8,,,0,,,9,1,2,1,,,1,,,2,1,0.106,,,,,,,,,,,,,,,,,,,,,,,,,,,,,,0,0,1,0,1,1,0,1,0,0,0,0,0,0,0,0,0,0,0,0,0,0,0,0,0,0,0,0,1,0,0,0,0,0,1,1,0,0,0,0,0,1,0,1,0,0,0,0,0,1,0,1,,,,,,41-45,36-45,State route,R,Friday,,MC,White,0,1,0,0,State Route,State Patrol,Washington State Patrol,1,1,0,0,0,,,,,,0,0,1,,,,,,,,,,,0,0,0,1,,,,,16,0,,,,,,,,1,0,,,,,,
2021,603,EB04005,278,02/06/2021,20:00,6,2,,63,Spokane,2110,10,,3,1,2,1,1,1,1,,,,8,0,0,0,1,0,1,3,2,4,6,0,0,0,0,E FRANCIS AVE,,-117.3980417,47.71501111,0,1,13,80,5,98,2,0,0,1,5,8,8,8,5,5,1,1,2,53,0,37,32,2001,0,,8,,,,,,1,1,29,1,0,,0,0,3,0,11,0,,,,,0,0,0,3,1,0,,,,92,,,,,,98,,,,,,99218,53,73,150,6,1,0,0,0,0,,0,,,,,,0,06/15/2016,04/15/2016,20,0,0,0,8,9,8,,,0,,,8,8,8,95,,,96,,,2,98,0,,,,,,,,,,,,,,,,,,,,,,,,,,,,,,0,0,0,0,0,0,0,0,0,0,0,0,0,0,0,0,1,0,0,0,0,0,0,0,0,0,0,0,0,1,0,1,0,0,0,,0,0,0,0,0,0,0,0,1,0,0,0,0,0,0,0,,,,,,26-30,26-35,City street,U,Saturday,Belt Used,PV,Not Fatal,1,0,0,0,City Street,Municipal/City Police,Spokane Police Department,0,0,0,1,0,,,,,,0,0,2,,,,,,,,,,,98,98,98,0,,,,,20,,,,,,,,,1,0,,,,,,
2021,336,EB64581,4,08/29/2021,20:25,29,8,,63,Spokane,0,1,,5,1,2,1,1,2,2,,,,9,0,0,170.1,2,0,2,3,2,1,2,0,0,3,3,US-395,HAWTHORNE,-117.4108889,47.75117222,0,1,13,83,5,45,14,0,0,1,2,9,1,1,5,1,1,1,1,53,0,37,404,2019,0,,9,,,,,,1,1,55,2,0,,0,0,3,0,11,0,,,,,0,0,0,3,1,0,,,,96,,,,,,9,,,,,,99218,53,64,250,6,1,0,0,0,0,,12,,,,,,0,,,20,0,0,0,8,9,1,,,0,,,1,8,2,695,605,,1,1,,2,1,0,,,,,,,,,,,,,,,,,,,,,,,,,,,,,,0,0,0,1,0,0,1,1,1,1,0,1,0,0,0,0,0,0,0,0,0,1,1,0,1,0,0,0,0,1,0,0,1,0,0,,0,0,0,0,0,0,1,1,0,0,0,0,0,0,1,0,,,,,,51-55,46-55,US highway,U,Sunday,Belt Used,PV,Not Fatal,1,0,0,0,State Route,State Patrol,Washington State Patrol,0,1,0,0,0,thc,1.8,carboxy-thc,29,,0,0,0,,,,,,,,,,,98,98,98,0,,,,,20,,,,,,,,,1,0,,,,,,
2021,553,EC07769,40,12/19/2021,17:43,19,12,,63,Spokane,0,5,,2,4,2,1,1,1,1,,,,8,0,0,0.8,1,0,1,3,2,2,4,0,0,0,0,CR-E HASTINGS RD,,-117.4062722,47.76925278,0,1,13,80,5,35,20,0,0,1,5,8,1,2,4,1,1,1,1,53,0,49,442,2013,0,,8,,,,,,1,1,59,2,0,,0,0,3,0,11,0,,,,,0,0,3,3,1,0,,,,96,,,,,,98,,,,,,99218,53,62,162,6,1,0,0,0,0,,0,,,,,,0,,,20,0,0,0,8,9,2,,,0,,,8,8,9,999,,,99,,,9,99,999,,,,,,,,,,,,,,,,,,,,,,,,,,,,,,0,0,0,0,0,0,0,0,0,1,1,0,0,0,0,0,0,0,0,0,0,0,0,0,0,0,0,0,0,1,0,1,0,0,0,,0,0,0,0,0,0,0,0,0,0,0,0,0,0,0,0,,,,,,56-60,56-65,County road,U,Sunday,Belt Used,PV,Not Fatal,0,0,0,0,County Road,County Sheriff,Spokane County Sheriff's Office,0,0,1,0,0,,,,,,0,0,0,,,,,,,,,,,98,98,98,0,,,,,20,,,,,,,,,1,0,,,HASTINGS RD,0.8,NULL,
2017,421,E721775,40,10/11/2017,8:42,11,10,0,63,Spokane,2110,1,0,1,1,2,1,0,1,1,,,,32,0,0,0,3,0,3,4,2,4,6,0,0,20,3,E 8TH AVE,S HAVANA ST,-117.3470694,47.65006944,0,1,1,13,2,35,1,0,0,1,5,39,1,1,2,1,1,1,1,53,0,6,43,2002,0,0,63,32,39,,,,1,1,64,1,7,1,4,7,3,0,11,0,10/11/2017,8:51,2.11053E+11,44131,0,0,3,3,1,0,0,0,0,99,,,,,,99,,,,,,99220,53,74,190,6,1,0,0,0,0,0,0,,,,,,0,,,8,0,0,0,0,9,8,,,0,0,0,8,9,0,0,0,0,0,0,0,0,0,996,,,,,,,,,,,,,,,,,,,,,,,,,,,,,,0,0,1,1,0,0,0,0,0,0,0,0,0,0,0,0,0,0,0,0,0,0,0,0,0,0,0,0,0,1,0,0,0,0,0,,1,0,0,0,0,0,0,0,0,0,0,0,0,0,0,0,,,,,,61-65,56-65,City street,U,Wednesday,Belt Used,PV,White,0,1,0,0,City Street,County Sheriff,Spokane County Sheriff's Office,1,0,0,1,0,,,,,,,,,,,,,,,,,,,,,,,,,,,,,,,,,,,,,,,,,,,
2020,533,3841241,40,01/23/2020,12:17,23,1,,63,Spokane,0,2,,1,2,2,1,0,1,1,,,,42,0,0,1.4,3,0,3,6,1,2,4,0,0,0,0,CR-S BALTIMORE RD,S FREYA,-117.3582972,47.55608889,0,1,6,12,2,45,4,0,0,1,2,42,1,2,2,1,1,1,1,53,0,22,18,2005,0,,68,64,42,,,,1,1,19,1,7,,4,7,20,7,11,0,01/23/2020,12:17,53003596,3596,0,0,0,3,1,0,,,,92,,,,,,98,,,,,,99223,53,68,125,6,2,0,0,0,1,,0,,,,,,0,04/15/2018,04/15/2018,1,2,9,0,0,9,8,,,0,,,8,8,8,95,,,96,,,8,95,995,,,,,,,,,,,,,,,,,,,,,,,,,,,,,,0,0,1,1,0,0,0,0,0,0,0,0,0,0,0,0,1,0,0,1,0,1,1,0,1,0,0,0,0,1,0,0,0,1,0,,1,0,0,0,0,0,0,0,1,0,0,0,0,0,0,0,,,,,,18-20,16-25,County road,R,Thursday,Not Used,PV,White,0,1,0,0,County Road,County Sheriff,Spokane County Sheriff's Office,1,0,1,0,0,,,,,,0,0,0,,,,,,,,,,,98,98,98,1,,,,,20,7,,,,,,,,1,0,,,BALTIMORE RD,1.35,,
2017,45,E638895,4,02/03/2017,9:50,3,2,0,75,Whitman,0,4,0,1,4,1,1,0,2,2,,,,12,0,6,57.8,1,0,1,3,1,1,2,0,0,0,0,US-195,,-117.3797389,47.16836944,0,1,66,6,1,60,34,0,0,1,2,12,2,1,2,1,14,1,2,53,0,12,471,1996,0,0,68,12,,,,,1,1,20,1,7,1,4,7,3,0,11,0,02/03/2017,9:50,53006172,6172,0,0,3,3,1,28,87,0,0,96,,,,,,99,,,,,,99223,53,69,150,6,1,0,0,1,1,0,0,,,,,,4,03/15/2013,12/15/2014,1,0,0,0,0,9,8,,,0,0,0,8,0,2,1,0,0,1,0,0,2,1,0,,,,,,,,,,,,,,,,,,,,,,,,,,,,,,0,0,0,0,0,0,0,0,0,0,0,0,1,0,0,0,0,0,0,0,0,1,1,0,1,0,0,0,0,0,1,0,0,0,0,,0,0,0,0,0,0,0,0,0,1,0,0,0,0,0,0,,,,,,18-20,16-25,US highway,R,Friday,Belt Used,PV,White,0,1,1,0,State Route,State Patrol,Washington State Patrol,0,1,0,0,0,,,,,,,,,,,,,,,,,,,,,,,,,,,,,,,,,,,,,,,,,,,
2017,107,E660629,4,04/11/2017,21:35,11,4,0,65,Stevens,0,1,0,2,1,2,1,0,3,2,,,,12,0,1,212.7,1,0,1,3,1,1,2,0,0,0,0,US-395,,-117.7198667,48.28613889,0,1,24,51,3,25,80,0,0,1,2,12,1,1,2,1,1,1,1,53,0,76,705,2009,0,0,12,,,,,,1,1,24,1,7,1,4,7,5,0,11,0,04/11/2017,23:40,34053017139,17139,0,0,0,3,1,38,0,0,0,92,,,,,,9,,,,,,99223,53,71,160,6,1,0,0,1,2,0,0,,,,,,0,07/15/2016,02/15/2017,20,8,0,0,0,9,8,,,0,0,0,1,1,2,605,0,0,1,0,0,2,1,0.1,,,,,,,,,,,,,,,,,,,,,,,,,,,,,,0,0,0,0,1,1,1,1,1,0,0,0,0,0,0,0,1,0,1,0,0,0,0,1,1,0,0,0,1,1,0,0,0,0,1,0,0,0,0,0,0,1,1,1,1,0,1,0,0,0,0,1,,,,,,21-25,16-25,US highway,R,Tuesday,,MC,White,0,0,0,0,State Route,State Patrol,Washington State Patrol Headquarter,0,1,0,0,0,thc,64,carboxy-thc,180,,,,,,,,,,,,,,,,,,,,,,,,,,,,,,,,,,,,,,,