year,case,par,repjur,crash_dt,crash_tm,accday,accmon,holiday,county,co_char,city,weather,weather2,lightcond,surfcond,surftype,numfatal,nmforms,pforms,vforms,not_tm,arr_tm,hosp_tm,fhevent,hitrun,manncol,milepnt,reljunc,reljuncinter,intersectiontype,funcsystem,landuse,ownership,route,schlbus,spejur,contdev,devfunc,trafid1,trafid2,x,y,wk_zone,vnumber,crashtype,criticalevent,criticaleventcat,spdlim,body,trailer,emerg,hazcargo,leave,mhevent,roadalgn,roadprof,traflane,trafflow,vehmanvr,numoccs,regowner,regstate,spuse,make,model,modelyr,vrf1,vrf2,seqevent1,seqevent2,seqevent3,seqevent4,seqevent5,seqevent6,pnumber,ptype,age,sex,hispanic,race,injury,diedscene,restraint,restraintmisuse,seatpos,takehosp,death_dt,death_tm,cert,cernum_wa,commlic,licendor,licrestrict,liccomp,drivpres,drf1,drf2,drf3,drf4,distract1,distract2,distract3,distract4,distract5,distract6,dricond1,dricond2,dricond3,dricond4,dricond5,dricond6,dzip,licstate,drhgt_in,weight,noncdl,noncdltype,prevdwi,prevoth,prevacc,prevspd,prevsus,driviol1,driviol2,driviol3,driviol4,driviol5,driviol6,spdrel,first_dt,last_dt,airbag,ejection,ejectpath,extricat,injurwrk,methalc,methdrug,nmlocat,strikveh,prf1,prf2,prf3,druginv,alcinvol,drugsts,drugres1,drugres2,drugres3,drugtst1,drugtst2,drugtst3,alcsts,alctst,alcres,nmact1,nmact2,nmact3,nmact4,nmact5,nmact6,nmprior1,nmprior2,nmprior3,nmprior4,nmprior5,nmprior6,nmcond1,nmcond2,nmcond3,nmcond4,nmcond5,nmcond6,nmsafe_helmet,nmsafe_pads,nmsafe_oth,nmprev_ref,nmprev_lgt,nmprev_oth,crashlocation,nmcrashtype,crosswalk,schoolzone,sidewalk,train_inv,wildlife_inv,rotr_fars,intersect_fars,dd_inv,aid_inv,dpd_inv,id_inv,mj_inv,impnm_inv,ainm_inv,dpnm_inv,speed_inv,unlic_inv,unendmc_inv,drowsy_inv,drdist_inv,nmdist_inv,fty_inv,unrestfat_inv,dr1617_inv,dr1820_inv,dr1620_inv,dr2125_inv,dr1625_inv,dr65_inv,dr70_inv,dr75_inv,mc_inv,pv_inv,ht_inv,ped_inv,bike_inv,unrest_fat,mc_fat,unhelmet_mc,pv_fat,ht_fat,ped_fat,bike_fat,dr_alc7,dr_alc8,dr_drug,dr_imp,dr_dist,dr_spd,dr_fty,dr_unlic,dr_alc7only,dr_alc8only,dr_drugonly,dr_drink,nm_imp,nm_alc7,nm_alc8,nm_drug,nm_dist,agegrp1,agegrp2,roadclass,urbrur,dayweek,restuse,vehtype,race_me,intersect,lanedep,oppdir,wrongway,rep_typ,investag,repag_long,rotr,st_rd,cty_rd,city_rd,oth_rd,drug_thc,thc_res,drug_cthc,cthc_res,drug_cann,prevpersemin,prevperse,prevsusoth,drugtst4,drugtst5,drugtst6,drugtst7,drugtst8,drugres4,drugres5,drugres6,drugres7,drugres8,adspresent,adsengaged,adslevel,race1,race2,race3,race4,race5,helmet,helmetmisuse,nmdistract1,nmdistract2,nmdistract3,nmdistract4,nmdistract5,nmdistract6,lab,isedtcase,crf1,crf2,crf3,CoRoadName,CoMP,IntCoRoadName,IntCoMP
2017,379,E716020,4,09/18/2017,21:24,18,9,0,63,Spokane,2110,1,0,3,1,2,1,0,2,2,,,,12,0,1,281.9,1,0,1,1,2,1,1,0,0,0,0,I-90,,-117.370875,47.65403056,1,1,20,50,3,60,4,0,0,1,2,12,1,1,8,3,1,1,3,5,0,49,40,1996,0,0,12,,,,,,1,1,24,2,7,1,4,7,3,0,11,0,09/18/2017,21:24,2.11053E+11,40780,0,0,3,3,1,0,0,0,0,93,,,,,,0,,,,,,99223,53,70,140,6,1,0,0,0,0,0,0,,,,,,0,,,1,0,0,0,0,9,8,,,0,0,0,8,0,2,1,0,0,1,0,0,2,1,0,,,,,,,,,,,,,,,,,,,,,,,,,,,,,,0,0,0,0,0,0,0,0,0,0,0,0,0,0,0,0,1,0,0,0,0,0,0,1,1,0,0,0,0,1,1,0,0,0,0,,1,0,0,0,0,0,0,0,1,0,0,0,0,0,0,0,,,,,,21-25,16-25,Interstate,U,Monday,Belt Used,PV,White,0,0,0,0,State Route,State Patrol,Washington State Patrol Headquarter,0,1,0,0,0,,,,,,,,,,,,,,,,,,,,,,,,,,,,,,,,,,,,,,,,,,,
2018,145,E805433,278,04/21/2018,1:25,21,4,0,63,Spokane,2110,99,0,2,1,5,1,0,1,1,,,,24,0,0,0,1,0,1,7,2,4,6,0,0,0,0,E SINTON AVE,,-117.3872889,47.67063611,0,1,1,13,2,25,6,0,0,1,7,3,1,2,2,1,1,1,1,53,0,12,24,2008,0,0,63,24,67,3,,,1,1,33,1,7,1,4,7,20,0,11,0,04/21/2018,1:25,2.11053E+11,24713,0,0,0,2,1,0,0,0,0,0,,,,,,2,,,,,,99223,53,64,200,1,1,0,0,0,0,,0,,,,,,4,07/15/2013,02/15/2018,8,0,0,0,0,9,8,,,0,0,0,8,9,8,95,,,96,,,8,95,995,,,,,,,,,,,,,,,,,,,,,,,,,,,,,,0,0,1,0,0,0,0,0,0,0,0,0,1,1,0,1,0,0,0,1,0,0,0,0,0,0,0,0,0,1,0,0,0,1,0,,1,0,0,0,0,0,0,0,0,1,0,1,0,0,0,0,,,,,,31-35,26-35,City street,U,Saturday,Not Used,PV,White,0,1,0,0,City Street,Municipal/City Police,Spokane Police Department,1,0,0,1,0,,,,,,0,0,7,,,,,,,,,,,,,,,,,,,,,,,,,,,,,,,,,,,
2019,25,E887024,40,01/25/2019,18:57,25,1,,63,Spokane,0,10,0,2,1,2,1,1,1,1,,,,8,0,0,1.2,3,0,3,4,2,2,4,0,0,0,0,CR-E 57TH AVE,S HAILEE LN,-117.3637139,47.602175,0,1,13,80,5,35,14,0,0,1,5,8,1,1,3,5,1,1,1,53,0,59,403,2004,0,0,8,,,,,,1,1,58,1,0,,0,0,3,0,11,0,,,,,0,0,3,3,1,0,0,0,0,93,,,,,,0,,,,,,99223,53,73,180,6,1,0,3,2,0,,0,,,,,,0,07/15/2015,07/15/2017,20,0,0,0,8,9,8,,,0,0,0,8,0,2,1,,,1,,,2,1,0,,,,,,,,,,,,,,,,,,,,,,,,,,,,,,0,0,0,1,0,0,0,0,0,0,0,0,0,0,0,0,1,1,0,0,0,0,0,0,0,0,0,0,0,1,0,1,0,0,0,,0,0,0,0,0,0,0,0,1,0,0,0,0,0,0,0,,,,,,56-60,56-65,County road,U,Friday,Belt Used,PV,Not Fatal,1,0,0,0,County Road,County Sheriff,Spokane County Sheriff's Office,0,0,1,0,0,,,,,,0,1,1,,,,,,,,,,,98,98,98,0,,,,,20,7,,,,,,,,,,,,,,,
2019,517,E927292,278,06/05/2019,18:15,5,6,,63,Spokane,2110,1,0,1,1,2,1,1,1,1,,,,33,0,0,0,1,0,1,3,2,4,6,0,0,0,0,E SPRAGUE AVE,,-117.3580056,47.65724722,0,1,6,8,1,35,4,0,0,1,7,30,1,1,2,2,1,1,1,53,0,22,2,1992,0,0,64,33,69,63,9,59,1,1,76,1,7,,4,0,20,7,11,8,06/11/2019,14:44,2.11053E+11,27754,0,0,0,3,1,0,0,0,0,0,,,,,,1,,,,,,99223,53,70,160,6,1,0,0,1,0,,0,,,,,,0,06/15/2019,06/15/2019,20,2,9,0,0,9,8,,,0,0,0,8,0,2,1,,,1,,,2,1,0,,,,,,,,,,,,,,,,,,,,,,,,,,,,,,0,0,1,0,0,0,0,0,0,0,0,0,0,0,0,0,0,0,0,1,0,0,0,0,0,1,1,1,0,1,0,0,1,1,0,,1,0,0,0,0,0,0,0,0,0,0,0,0,0,0,0,,,,,,76-80,76+,City street,U,Wednesday,Not Used,PV,White,0,0,0,0,City Street,Municipal/City Police,Spokane Police Department,0,0,0,1,0,,,,,,0,0,0,,,,,,,,,,,0,0,0,1,,,,,20,7,,,,,,,,,,,,,,,
2019,400,E980645,278,11/09/2019,17:39,9,11,,63,Spokane,2110,2,0,3,2,2,1,1,3,1,,,,8,0,0,0,1,0,1,7,2,4,6,0,0,98,8,S PALOUSE HWY,,-117.3592083,47.60703611,0,1,13,80,5,98,6,0,0,1,5,8,1,1,2,1,1,3,1,53,0,12,24,2007,0,0,8,,,,,,1,1,21,2,0,,0,0,3,0,11,0,,,,,0,0,3,3,1,10,38,0,0,96,,,,,,0,,,,,,99223,53,67,140,6,2,0,0,2,0,,46,,,,,,0,10/15/2015,02/15/2016,20,0,0,0,8,9,8,,,0,0,0,8,0,8,95,,,96,,,8,95,995,,,,,,,,,,,,,,,,,,,,,,,,,,,,,,0,0,0,0,0,0,0,0,0,0,0,0,0,0,0,0,0,0,1,0,0,0,0,1,1,0,0,0,0,1,0,1,0,0,0,,0,0,0,0,0,0,0,0,0,0,1,0,0,0,0,0,,,,,,21-25,16-25,City street,U,Saturday,Belt Used,PV,Not Fatal,0,0,0,0,City Street,Municipal/City Police,Spokane Police Department,0,0,0,1,0,,,,,,0,0,0,,,,,,,,,,,98,98,98,0,,,,,20,7,,,,,,,,,,,,,,,
2019,463,E999084,4,12/28/2019,23:30,28,12,,63,Spokane,0,8,0,2,2,2,1,0,1,1,,,,42,0,0,10.8,1,0,1,5,1,1,3,0,0,0,0,SR-206,,-117.1748278,47.83503333,0,1,6,6,1,45,14,0,0,1,2,1,2,2,2,1,14,1,2,53,0,59,401,1999,0,0,68,68,68,64,42,1,1,1,31,1,7,,4,0,3,0,11,5,12/29/2019,2:35,53057129,57129,0,0,0,3,1,58,0,0,0,96,,,,,,9,,,,,,99223,53,69,145,6,1,0,0,0,0,,0,,,,,,4,,,2,0,0,0,0,1,8,,,0,0,0,8,1,2,1,,,1,,,2,1,0.217,,,,,,,,,,,,,,,,,,,,,,,,,,,,,,0,0,1,0,1,1,0,1,0,0,0,0,1,0,0,0,0,0,0,0,0,0,0,0,0,0,0,0,0,1,0,0,0,0,0,,1,0,0,0,0,1,0,1,0,1,0,0,0,1,0,1,,,,,,31-35,26-35,State route,R,Saturday,Belt Used,PV,White,0,1,0,0,State Route,State Patrol,Washington State Patrol,1,1,0,0,0,,,,,,0,0,0,,,,,,,,,,,0,0,0,1,,,,,20,7,,,,,,,,,,,,,,,
2020,401,EA71761,278,10/13/2020,23:17,13,10,,63,Spokane,2110,1,,3,1,2,1,0,3,2,,,,12,0,6,0,2,0,2,4,2,4,6,0,0,20,3,S REGAL ST,E THURSTON AVE,-117.3686,47.61728056,0,1,86,17,2,98,5,0,0,1,5,12,1,1,2,1,1,1,1,53,0,7,25,2009,0,,12,63,40,30,1,38,1,1,20,1,7,,4,0,3,0,11,5,10/14/2020,1:36,2.11053E+11,47763,0,0,0,0,1,39,,,,96,,,,,,98,,,,,,99223,53,69,120,0,0,0,0,1,2,,0,,,,,,3,06/15/2019,11/15/2020,8,0,0,0,0,9,8,,,0,,,8,8,2,695,605,151,1,1,1,2,1,0.081,,,,,,,,,,,,,,,,,,,,,,,,,,,,,,0,0,0,1,1,1,1,1,1,0,0,0,1,1,0,0,0,0,0,0,0,1,1,0,1,0,0,0,0,1,0,0,0,0,0,,1,0,0,0,0,1,1,1,0,1,0,1,0,0,0,1,,,,,,18-20,16-25,City street,U,Tuesday,Belt Used,PV,White,1,0,0,0,City Street,Municipal/City Police,Spokane Police Department,0,0,0,1,0,thc,20,carboxy-thc,36,,0,0,2,,,,,,,,,,,98,98,98,1,,,,,20,7,,,,,,,nms,1,0,,,,,,
2021,10,EA98278,278,01/13/2021,6:56,13,1,,63,Spokane,2110,6,,6,1,2,1,0,1,1,,,,16,0,0,0,2,0,2,7,2,4,6,0,0,0,0,S POST ST,W 27th Ave,-117.4234833,47.62994167,0,1,0,98,7,25,14,0,0,1,5,16,1,1,2,1,1,1,1,53,0,37,402,2012,0,,16,,,,,,1,1,42,2,7,,4,7,99,7,11,0,01/13/2021,7:00,2.11053E+11,2179,0,0,3,3,1,0,,,,96,,,,,,99,,,,,,99223,53,69,155,6,1,0,1,0,0,,0,,,,,,0,10/15/2019,10/15/2019,8,0,0,0,0,9,8,,,0,,,9,9,2,996,996,996,1,1,1,2,1,0,,,,,,,,,,,,,,,,,,,,,,,,,,,,,,0,0,0,1,0,0,1,1,0,0,0,0,0,0,0,0,0,0,0,0,0,0,0,0,0,0,0,0,0,1,0,0,0,0,0,,1,0,0,0,0,0,1,1,0,0,0,0,0,0,1,0,,,,,,41-45,36-45,City street,U,Wednesday,Unknown,PV,White,0,0,0,0,City Street,Municipal/City Police,Spokane Police Department,0,0,0,1,0,,,,,,0,0,0,,,,,,,,,,,98,98,98,1,,,,,20,,,,,,,,,1,0,,,,,,
2021,417,EB17886,278,03/30/2021,8:25,30,3,,63,Spokane,2110,1,,1,1,2,1,1,1,1,,,,8,0,0,0,3,0,2,5,2,4,6,0,0,20,3,S REGAL ST,E 53rd Ave,-117.3683778,47.60586944,0,1,13,80,5,98,4,0,0,1,5,8,1,1,2,1,10,1,1,53,0,12,23,2013,0,,8,,,,,,1,1,53,1,0,,0,0,3,0,11,0,,,,,0,0,0,3,1,38,,,,96,,,,,,98,,,,,,99223,53,70,190,6,1,0,0,0,0,,97,,,,,,0,,,20,0,0,0,8,9,8,,,0,,,8,8,9,999,,,99,,,9,99,999,,,,,,,,,,,,,,,,,,,,,,,,,,,,,,0,0,0,1,0,0,0,0,0,1,0,1,0,0,0,0,0,0,1,0,0,0,0,0,0,0,0,0,0,1,0,1,0,0,0,,0,0,0,0,0,0,0,0,0,0,1,0,0,0,0,0,,,,,,51-55,46-55,City street,U,Tuesday,Belt Used,PV,Not Fatal,1,0,0,0,City Street,Municipal/City Police,Spokane Police Department,0,0,0,1,0,,,,,,0,0,0,,,,,,,,,,,98,98,98,0,,,,,20,,,,,,,,,1,0,,,,,,
2021,426,EB79863,40,10/19/2021,16:59,19,10,,63,Spokane,0,1,,1,1,2,1,0,1,1,,,,30,0,0,,3,0,2,4,2,2,4,0,0,0,0,CR-E UPRIVER DR,N MARGUERITE RD,-117.2854917,47.69685,0,1,1,9,1,30,80,0,0,1,5,30,3,2,2,1,14,1,2,53,0,73,705,2021,0,,63,30,,,,,1,1,43,1,7,,4,7,20,7,11,0,10/19/2021,16:59,53053008,53008,6,0,0,3,1,0,,,,96,,,,,,98,,,,,,99223,53,69,175,6,1,0,0,0,1,,0,,,,,,4,04/15/2018,04/15/2018,20,8,0,0,0,9,8,,,0,,,8,8,0,0,,,0,,,0,0,996,,,,,,,,,,,,,,,,,,,,,,,,,,,,,,0,0,1,1,0,0,0,0,0,0,0,0,1,0,0,0,0,0,0,0,0,0,0,0,0,0,0,0,1,0,0,0,0,0,1,0,0,0,0,0,0,0,0,0,0,1,0,0,0,0,0,0,,,,,,41-45,36-45,County road,U,Tuesday,,MC,Black,0,1,0,0,County Road,County Sheriff,Spokane County Sheriff's Office,1,0,1,0,0,,,,,,0,0,0,,,,,,,,,,,98,98,98,2,,,,,5,,,,,,,,,1,0,,,UPRIVER DR,1.47,MARGUERITE RD,0.33
2018,293,3751258,263,06/22/2018,0:26,22,6,0,33,King,1960,1,0,3,1,1,1,0,5,4,,,,12,0,6,0,2,0,2,7,2,4,6,0,0,3,3,NW MARKET ST,15TH AVE NW,-122.3762194,47.66867222,0,2,88,66,4,30,14,0,0,1,7,12,1,1,7,1,1,1,2,53,0,49,402,2016,0,0,12,12,,,,,1,1,21,1,0,0,1,0,99,0,11,4,,,,,0,0,0,3,1,0,0,0,0,96,,,,,,0,,,,,,99224,53,72,190,6,1,0,0,0,2,,0,,,,,,0,09/15/2014,11/15/2014,8,0,0,0,8,9,8,,,0,0,0,8,0,8,95,,,96,,,8,95,995,,,,,,,,,,,,,,,,,,,,,,,,,,,,,,0,0,0,1,0,0,1,1,0,0,0,0,0,1,0,0,0,0,0,0,0,1,1,1,1,0,0,0,0,1,0,0,0,0,0,,0,0,0,0,0,0,0,0,0,0,0,0,0,0,0,0,,,,,,21-25,16-25,City street,U,Friday,Unknown,PV,Not Fatal,1,0,0,0,City Street,Municipal/City Police,Seattle Police Department,0,0,0,1,0,,,,,,0,0,0,,,,,,,,,,,,,,,,,,,,,,,,,,,,,,,,,,,
2017,366,E710609,40,09/12/2017,4:21,12,9,0,63,Spokane,0,1,0,2,1,2,1,0,1,1,,,,11,0,0,9.1,1,0,1,5,1,2,4,0,0,0,0,CR-W COULEE HITE RD,,-117.7313528,47.74487778,0,1,13,87,6,98,80,0,0,1,2,11,1,1,2,1,1,1,1,53,0,72,706,2013,0,0,11,,,,,,1,1,64,1,7,1,4,7,19,0,11,0,09/12/2017,4:21,53039813,39813,0,0,0,3,1,0,0,0,0,96,,,,,,99,,,,,,99224,53,69,185,6,1,0,3,1,2,0,0,,,,,,0,03/15/2013,07/15/2014,20,8,0,0,0,9,8,,,0,0,0,8,9,2,1,0,0,1,0,0,2,1,0,,,,,,,,,,,,,,,,,,,,,,,,,,,,,,0,1,0,0,0,0,0,0,0,0,0,0,0,0,0,0,0,0,0,0,0,0,0,0,0,0,0,0,1,0,0,0,0,0,1,0,0,0,0,0,0,0,0,0,0,0,0,0,0,0,0,0,,,,,,61-65,56-65,County road,R,Tuesday,,MC,White,0,0,0,0,County Road,County Sheriff,Spokane County Sheriff's Office,0,0,1,0,0,,,,,,,,,,,,,,,,,,,,,,,,,,,,,,,,,,,,,,,,,,,
2018,429,E864572,40,11/23/2018,7:27,23,11,8,63,Spokane,0,1,0,4,2,2,1,0,1,1,7:28,7:35,,43,0,0,2.6,1,0,1,5,1,2,4,0,0,0,0,CR-S ASSEMBLY RD,W BLUFF RD,-117.4753333,47.61711389,0,1,1,6,1,35,14,0,0,1,7,42,3,1,2,1,14,1,1,53,0,12,401,1997,0,0,63,43,42,,,,1,1,34,2,7,3,4,7,20,0,11,0,11/23/2018,7:27,53051780,51780,0,0,3,3,1,0,0,0,0,96,,,,,,99,,,,,,99224,53,60,140,6,1,0,0,0,0,,0,,,,,,4,,,1,0,0,0,0,9,8,,,0,0,0,8,9,2,1,,,1,,,2,1,0.23,,,,,,,,,,,,,,,,,,,,,,,,,,,,,,0,0,1,0,1,1,0,1,0,0,0,0,1,0,0,0,0,0,0,1,0,0,0,0,0,0,0,0,0,1,0,0,0,1,0,,1,0,0,0,0,1,0,1,0,1,0,0,0,1,0,1,,,,,,31-35,26-35,County road,R,Friday,Not Used,PV,AIAN,0,1,0,0,County Road,County Sheriff,Spokane County Sheriff's Office,1,0,1,0,0,,,,,,0,0,0,,,,,,,,,,,,,,,,,,,,,,,,,,,,,,,,,,,
2019,30,E887858,4,01/25/2019,15:05,25,1,,63,Spokane,0,5,0,1,1,2,1,0,2,2,,,,12,0,2,71.7,1,0,1,3,1,1,2,0,0,0,0,US-195,,-117.3806139,47.35156667,0,1,50,10,2,98,4,0,0,1,2,12,1,1,2,1,1,1,1,53,0,35,39,2012,0,0,68,12,,,,,1,1,67,1,7,,4,7,3,0,11,0,01/25/2019,15:05,53004837,4837,0,0,0,3,1,28,0,0,0,96,,,,,,99,,,,,,99224,53,70,170,6,1,0,2,1,0,,0,,,,,,0,03/15/2016,05/15/2016,8,0,0,0,0,1,8,,,0,0,0,8,1,2,1,,,1,,,2,1,0,,,,,,,,,,,,,,,,,,,,,,,,,,,,,,0,0,0,0,1,0,0,0,0,0,0,0,0,0,0,0,0,0,0,0,0,0,0,0,0,1,1,1,0,1,1,0,0,0,0,,1,0,0,0,0,0,0,0,0,0,0,0,0,0,0,1,,,,,,66-70,66-75,US highway,R,Friday,Belt Used,PV,White,0,1,1,0,State Route,State Patrol,Washington State Patrol,0,1,0,0,0,,,,,,0,0,0,,,,,,,,,,,98,98,98,1,,,,,20,7,,,,,,,,,,,,,,,
2019,250,E944660,40,07/26/2019,12:43,26,7,,63,Spokane,0,1,0,1,1,2,1,0,1,1,,,,1,0,0,8.8,1,0,1,5,1,2,4,0,0,0,0,CR-N WOOD RD,,-117.733475,47.774075,0,1,6,13,2,98,14,0,0,1,5,1,1,1,2,1,1,1,2,53,0,63,401,2002,0,0,63,69,68,64,1,,1,1,62,1,7,,4,7,99,7,11,0,07/26/2019,12:43,53033583,33583,0,0,0,2,1,0,0,0,0,93,,,,,,99,,,,,,99224,53,70,175,1,1,1,0,1,0,,0,,,,,,0,06/15/2016,09/15/2018,20,0,0,0,0,9,8,,,0,0,0,8,9,2,605,695,,1,1,,2,1,0.3,,,,,,,,,,,,,,,,,,,,,,,,,,,,,,0,0,1,0,1,1,1,1,1,0,0,0,0,1,0,0,1,0,0,0,0,0,0,0,0,0,0,0,0,1,0,0,0,0,0,,1,0,0,0,0,1,1,1,1,0,0,1,0,0,0,1,,,,,,61-65,56-65,County road,R,Friday,Unknown,PV,White,0,1,0,0,County Road,County Sheriff,Spokane County Sheriff's Office,1,0,1,0,0,thc,31,carboxy-thc,15,,0,1,1,,,,,,,,,,,98,98,98,1,,,,,20,7,,,,,,,,,,,,,,,
2020,49,EA18287,40,02/25/2020,19:47,25,2,,63,Spokane,0,1,,2,1,2,1,0,1,1,19:48,19:55,,1,0,0,2.4,1,0,1,6,1,2,4,0,0,0,0,CR-N RAMBO RD,,-117.6252583,47.67131111,0,1,98,13,2,45,34,0,0,1,5,1,1,1,2,1,1,1,2,53,0,20,481,1998,0,,63,69,68,64,69,1,1,1,46,1,7,,4,7,20,7,11,0,02/25/2020,20:35,53009939,9939,0,0,0,0,1,58,,,,96,,,,,,98,,,,,,99224,53,73,230,0,0,0,0,0,0,,0,,,,,,0,10/15/2017,02/15/2017,20,1,9,0,0,9,8,,,0,,,8,8,2,996,401,417,1,1,1,2,1,0,,,,,,,,,,,,,,,,,,,,,,,,,,,,,,0,0,0,0,0,0,1,1,1,0,0,0,0,1,0,0,0,0,0,1,0,0,0,0,0,0,0,0,0,1,0,0,0,1,0,,1,0,0,0,0,0,1,1,0,0,0,1,0,0,1,0,,,,,,46-50,46-55,County road,R,Tuesday,Not Used,PV,White,0,0,0,0,County Road,County Sheriff,Spokane County Sheriff's Office,0,0,1,0,0,thc,4.9,carboxy-thc,14,,0,0,2,1,1,1,,,155,189,695,605,,0,0,0,1,,,,,20,7,,,,,,,nms,1,0,,,RAMBO RD,2.41,,
2020,195,EA42741,278,06/25/2020,13:26,25,6,,63,Spokane,2110,1,,1,1,2,2,0,7,5,13:49,13:58,14:17,12,0,6,273.1,2,0,2,3,2,1,2,0,0,20,3,US-2,SPOTTED,-117.5183417,47.64310556,0,1,82,17,2,45,2,0,0,1,2,12,1,1,2,1,11,2,1,53,0,49,44,2000,0,,12,12,,,,,1,1,81,1,7,,4,0,3,0,11,5,07/06/2020,2:00,1.96053E+11,33373,0,0,0,3,1,39,,,,96,,,,,,98,,,,,,99224,53,73,240,6,1,0,0,0,0,,0,,,,,,0,,,8,0,0,0,0,9,8,,,0,,,8,8,0,0,,,0,,,0,0,996,,,,,,,,,,,,,,,,,,,,,,,,,,,,,,0,0,0,1,0,0,0,0,0,0,0,0,0,0,0,0,0,0,0,0,0,0,0,1,1,1,1,1,0,1,0,0,0,0,0,,1,0,0,0,0,0,0,0,0,0,0,0,0,0,0,0,,,,,,81+,76+,US highway,U,Thursday,Belt Used,PV,White,1,0,0,0,State Route,Municipal/City Police,Spokane Police Department,0,1,0,0,0,,,,,,0,0,0,,,,,,,,,,,98,98,98,1,,,,,20,7,,,,,,,,1,0,,,,,,
2020,280,EA55626,278,08/15/2020,22:45,15,8,,63,Spokane,2110,1,,3,1,2,1,2,1,1,22:48,22:52,23:18,8,0,0,0,8,0,1,3,2,4,6,0,0,0,0,N MONROE ST,,-117.4266806,47.67888333,0,1,13,80,5,30,14,0,0,1,2,8,1,1,3,5,10,1,1,53,0,35,402,2008,0,,8,8,,,,,1,1,32,1,0,,0,0,99,7,11,0,,,,,0,0,0,3,1,0,,,,96,,,,,,9,,,,,,99224,53,74,170,6,1,0,0,0,0,,97,,,,,,0,,,20,0,0,0,8,1,8,,,0,,,8,1,2,1,,,1,,,2,1,0.17,,,,,,,,,,,,,,,,,,,,,,,,,,,,,,0,0,0,0,1,1,0,1,0,1,0,1,0,0,0,0,0,0,0,0,0,0,0,0,0,0,0,0,0,1,0,1,0,0,0,,0,0,0,0,0,1,0,1,0,0,0,0,0,1,0,1,,,,,,31-35,26-35,City street,U,Saturday,Unknown,PV,Not Fatal,0,0,0,0,City Street,Municipal/City Police,Spokane Police Department,0,0,0,1,0,,,,,,0,0,0,,,,,,,,,,,98,98,98,0,,,,,20,7,,,,,,,,1,0,,,,,,
2020,299,EA58109,40,07/24/2020,19:27,24,7,,63,Spokane,0,1,,1,1,2,1,0,2,2,,,,12,0,6,3.5,1,0,1,5,1,2,4,0,0,0,0,CR-E ELDER RD,,-117.0832944,47.50713056,0,2,66,62,4,98,34,0,0,1,2,12,1,1,2,1,1,1,2,53,0,23,481,2015,0,,12,,,,,,1,1,60,2,0,,2,0,3,0,11,0,,,,,0,0,0,3,1,0,,,,96,,,,,,0,,,,,,99224,53,70,125,6,1,0,0,0,0,,0,,,,,,0,,,8,0,0,0,8,3,8,,,0,,,8,8,0,0,,,0,,,0,0,996,,,,,,,,,,,,,,,,,,,,,,,,,,,,,,0,0,0,0,1,1,1,1,0,0,0,0,0,0,0,0,0,0,0,0,0,0,0,0,0,0,0,0,0,1,0,0,0,0,0,,0,0,0,0,0,0,0,0,0,0,0,0,0,0,0,0,,,,,,56-60,56-65,County road,R,Friday,Belt Used,PV,Not Fatal,0,1,1,0,County Road,County Sheriff,Spokane County Sheriff's Office,0,0,1,0,0,,,,,,0,0,0,,,,,,,,,,,98,98,98,0,,,,,20,7,,,,,,,,1,0,,,ELDER RD,3.45,,
2021,378,EB72915,40,09/29/2021,22:14,29,9,,63,Spokane,0,1,,3,1,2,1,1,1,1,,,,8,0,0,1.2,3,0,4,7,1,2,4,0,0,0,0,CR-W WESTBOW BLVD,S SPOTTED RD,-117.5187694,47.611575,0,1,13,80,5,35,4,0,0,1,5,8,8,8,2,1,1,1,1,53,0,48,34,2012,0,,8,,,,,,1,1,31,1,0,,0,0,3,0,11,0,,,,,0,0,3,3,1,0,,,,12,,,,,,98,,,,,,99224,53,69,190,6,1,0,0,0,1,,0,,,,,,0,03/15/2019,03/15/2019,20,0,0,0,8,9,8,,,0,,,8,8,8,95,,,96,,,2,1,997,,,,,,,,,,,,,,,,,,,,,,,,,,,,,,0,0,0,1,0,0,0,0,0,1,1,0,0,0,0,0,1,1,0,0,0,0,0,0,0,0,0,0,0,1,0,1,0,0,0,,0,0,0,0,0,0,0,0,1,0,0,0,0,0,0,0,,,,,,31-35,26-35,County road,R,Wednesday,Belt Used,PV,Not Fatal,1,0,0,0,County Road,County Sheriff,Spokane County Sheriff's Office,0,0,1,0,0,,,,,,0,0,0,,,,,,,,,,,98,98,98,0,,,,,20,,,,,,,,,1,0,,,WESTBOW BV,1.18,NULL,
2021,524,EC00562,278,12/12/2021,17:04,12,12,,63,Spokane,2110,1,,3,1,2,1,0,9,2,,,,12,0,1,0,3,0,2,3,2,4,6,0,0,0,0,N NEVADA ST,E Providence Ave,-117.3952111,47.69232222,0,2,21,60,4,98,4,0,0,1,5,12,1,1,4,1,5,5,2,53,0,49,40,2009,0,,12,,,,,,1,1,25,2,0,,0,0,3,0,11,0,,,,,0,0,0,3,1,0,,,,96,,,,,,98,,,,,,99224,53,64,130,6,1,0,0,0,0,,0,,,,,,0,,,20,0,0,0,8,9,8,,,0,,,8,8,0,0,,,0,,,0,0,996,,,,,,,,,,,,,,,,,,,,,,,,,,,,,,0,0,0,1,1,1,1,1,1,0,0,0,0,1,0,0,0,0,0,1,0,1,1,1,1,0,0,0,0,1,0,0,0,0,0,,0,0,0,0,0,0,0,0,0,0,0,0,0,0,0,0,,,,,,21-25,16-25,City street,U,Sunday,Belt Used,PV,Not Fatal,1,0,0,0,City Street,Municipal/City Police,Spokane Police Department,0,0,0,1,0,,,,,,0,0,0,,,,,,,,,,,98,98,98,0,,,,,20,,,,,,,,,1,0,,,,,,