year,case,par,repjur,crash_dt,crash_tm,accday,accmon,holiday,county,co_char,city,weather,weather2,lightcond,surfcond,surftype,numfatal,nmforms,pforms,vforms,not_tm,arr_tm,hosp_tm,fhevent,hitrun,manncol,milepnt,reljunc,reljuncinter,intersectiontype,funcsystem,landuse,ownership,route,schlbus,spejur,contdev,devfunc,trafid1,trafid2,x,y,wk_zone,vnumber,crashtype,criticalevent,criticaleventcat,spdlim,body,trailer,emerg,hazcargo,leave,mhevent,roadalgn,roadprof,traflane,trafflow,vehmanvr,numoccs,regowner,regstate,spuse,make,model,modelyr,vrf1,vrf2,seqevent1,seqevent2,seqevent3,seqevent4,seqevent5,seqevent6,pnumber,ptype,age,sex,hispanic,race,injury,diedscene,restraint,restraintmisuse,seatpos,takehosp,death_dt,death_tm,cert,cernum_wa,commlic,licendor,licrestrict,liccomp,drivpres,drf1,drf2,drf3,drf4,distract1,distract2,distract3,distract4,distract5,distract6,dricond1,dricond2,dricond3,dricond4,dricond5,dricond6,dzip,licstate,drhgt_in,weight,noncdl,noncdltype,prevdwi,prevoth,prevacc,prevspd,prevsus,driviol1,driviol2,driviol3,driviol4,driviol5,driviol6,spdrel,first_dt,last_dt,airbag,ejection,ejectpath,extricat,injurwrk,methalc,methdrug,nmlocat,strikveh,prf1,prf2,prf3,druginv,alcinvol,drugsts,drugres1,drugres2,drugres3,drugtst1,drugtst2,drugtst3,alcsts,alctst,alcres,nmact1,nmact2,nmact3,nmact4,nmact5,nmact6,nmprior1,nmprior2,nmprior3,nmprior4,nmprior5,nmprior6,nmcond1,nmcond2,nmcond3,nmcond4,nmcond5,nmcond6,nmsafe_helmet,nmsafe_pads,nmsafe_oth,nmprev_ref,nmprev_lgt,nmprev_oth,crashlocation,nmcrashtype,crosswalk,schoolzone,sidewalk,train_inv,wildlife_inv,rotr_fars,intersect_fars,dd_inv,aid_inv,dpd_inv,id_inv,mj_inv,impnm_inv,ainm_inv,dpnm_inv,speed_inv,unlic_inv,unendmc_inv,drowsy_inv,drdist_inv,nmdist_inv,fty_inv,unrestfat_inv,dr1617_inv,dr1820_inv,dr1620_inv,dr2125_inv,dr1625_inv,dr65_inv,dr70_inv,dr75_inv,mc_inv,pv_inv,ht_inv,ped_inv,bike_inv,unrest_fat,mc_fat,unhelmet_mc,pv_fat,ht_fat,ped_fat,bike_fat,dr_alc7,dr_alc8,dr_drug,dr_imp,dr_dist,dr_spd,dr_fty,dr_unlic,dr_alc7only,dr_alc8only,dr_drugonly,dr_drink,nm_imp,nm_alc7,nm_alc8,nm_drug,nm_dist,agegrp1,agegrp2,roadclass,urbrur,dayweek,restuse,vehtype,race_me,intersect,lanedep,oppdir,wrongway,rep_typ,investag,repag_long,rotr,st_rd,cty_rd,city_rd,oth_rd,drug_thc,thc_res,drug_cthc,cthc_res,drug_cann,prevpersemin,prevperse,prevsusoth,drugtst4,drugtst5,drugtst6,drugtst7,drugtst8,drugres4,drugres5,drugres6,drugres7,drugres8,adspresent,adsengaged,adslevel,race1,race2,race3,race4,race5,helmet,helmetmisuse,nmdistract1,nmdistract2,nmdistract3,nmdistract4,nmdistract5,nmdistract6,lab,isedtcase,crf1,crf2,crf3,CoRoadName,CoMP,IntCoRoadName,IntCoMP
2017,43,E639820,1,02/01/2017,5:45,1,2,0,5,Benton,0,5,0,2,4,2,2,0,4,2,,,,12,0,6,172.8,1,0,1,4,1,1,3,0,0,0,0,SR-14,,-119.4869472,45.94555833,0,1,66,6,1,55,20,0,0,1,2,12,1,2,2,1,6,3,2,41,0,6,442,2000,0,0,68,68,68,12,,,1,1,48,1,0,0,3,0,3,0,11,4,,,,,0,0,0,0,1,28,87,0,0,96,,,,,,0,,,,,,99301,53,66,170,0,0,0,0,0,0,0,23,,,,,,4,,,8,0,0,0,8,9,8,,,0,0,0,8,0,0,0,0,0,0,0,0,0,0,996,,,,,,,,,,,,,,,,,,,,,,,,,,,,,,0,0,0,0,0,0,0,0,0,0,0,0,1,1,0,0,0,0,0,0,0,0,0,0,0,0,0,0,0,1,1,0,0,0,0,,0,0,0,0,0,0,0,0,0,1,0,1,0,0,0,0,,,,,,46-50,46-55,State route,R,Wednesday,Belt Used,PV,Not Fatal,0,1,1,0,State Route,State Patrol,Washington State Patrol Headquarter,0,1,0,0,0,,,,,,,,,,,,,,,,,,,,,,,,,,,,,,,,,,,,,,,,,,,
2017,277,E698122,19,07/30/2017,19:25,30,7,0,21,Franklin,0,1,0,1,1,1,1,0,2,2,,,,12,0,1,0.1,1,0,1,7,1,2,4,0,0,0,0,CR-MCCLENNY RD,,-118.7829917,46.37083611,0,1,20,50,3,50,20,0,0,1,5,12,2,1,2,1,14,1,1,53,0,6,441,2001,0,0,12,,,,,,1,1,30,1,0,0,1,0,3,0,11,8,,,,,0,0,0,0,1,0,0,0,0,93,,,,,,0,,,,,,99301,53,,999,0,0,99,99,99,99,99,72,,,,,,0,,,1,0,0,0,8,9,8,,,0,0,0,8,0,0,0,0,0,0,0,0,0,0,996,,,,,,,,,,,,,,,,,,,,,,,,,,,,,,0,0,0,0,0,0,1,1,0,0,0,0,0,1,0,0,1,0,0,0,0,0,0,0,0,1,1,0,0,1,0,0,0,0,0,,0,0,0,0,0,0,0,0,1,0,0,1,0,0,0,0,,,,,,26-30,26-35,County road,R,Sunday,Belt Used,PV,Not Fatal,0,0,0,0,County Road,County Sheriff,Franklin County Sheriff's Office,0,0,1,0,0,,,,,,,,,,,,,,,,,,,,,,,,,,,,,,,,,,,,,,,,,,,
2017,277,E698122,19,07/30/2017,19:25,30,7,0,21,Franklin,0,1,0,1,1,1,1,0,2,2,,,,12,0,1,0.1,1,0,1,7,1,2,4,0,0,0,0,CR-MCCLENNY RD,,-118.7829917,46.37083611,0,2,21,53,3,50,90,0,0,1,5,12,2,1,2,1,5,1,0,53,0,76,734,2016,0,0,12,,,,,,1,1,74,1,7,1,4,7,17,0,11,0,07/30/2017,19:25,53033527,33527,0,0,0,1,1,0,0,0,0,92,,,,,,99,,,,,,99301,53,71,265,6,1,0,0,0,0,0,0,,,,,,0,,,20,0,0,0,0,9,8,,,0,0,0,8,9,2,996,996,0,1,1,0,2,1,0,,,,,,,,,,,,,,,,,,,,,,,,,,,,,,0,0,0,0,0,0,1,1,0,0,0,0,0,1,0,0,1,0,0,0,0,0,0,0,0,1,1,0,0,1,0,0,0,0,0,,0,0,0,0,0,0,1,1,1,0,0,0,0,0,1,0,,,,,,71-75,66-75,County road,R,Sunday,,OTHVT,White,0,0,0,0,County Road,County Sheriff,Franklin County Sheriff's Office,0,0,1,0,0,,,,,,,,,,,,,,,,,,,,,,,,,,,,,,,,,,,,,,,,,,,
2017,337,E706633,1,08/24/2017,16:12,24,8,0,21,Franklin,1660,1,0,1,1,2,1,0,5,3,,,,12,0,1,13.8,1,0,1,1,2,1,1,0,0,0,0,I-82,,-119.0943083,46.24978333,0,3,98,60,4,60,66,2,0,1,5,12,1,1,2,3,1,1,3,53,0,85,881,2007,0,0,12,,,,,,1,1,25,1,0,0,0,0,3,0,11,0,,,,,6,1,3,3,1,0,0,0,0,0,,,,,,0,,,,,,99301,53,65,150,6,1,0,1,1,3,0,0,,,,,,0,07/15/2015,01/15/2017,20,0,0,0,8,9,8,,,0,0,0,8,0,0,0,0,0,0,0,0,0,0,996,,,,,,,,,,,,,,,,,,,,,,,,,,,,,,0,0,0,0,0,0,0,0,0,0,0,0,0,0,0,0,1,0,0,0,0,0,0,1,1,0,0,0,0,1,1,0,0,0,0,,0,0,0,0,0,0,0,0,0,0,0,0,0,0,0,0,,,,,,21-25,16-25,Interstate,U,Thursday,,MHTRUCK,Not Fatal,0,0,0,0,State Route,State Patrol,Washington State Patrol Headquarter,0,1,0,0,0,,,,,,,,,,,,,,,,,,,,,,,,,,,,,,,,,,,,,,,,,,,
2017,449,E728921,11,10/25/2017,6:14,25,10,0,5,Benton,0,1,0,2,1,2,1,0,2,2,,,,12,0,2,3.3,1,0,1,5,1,2,4,0,0,0,0,CR-WEBBER CANYON RD,,-119.4362722,46.21983056,0,2,51,62,4,50,52,0,0,1,2,12,4,2,8,1,14,15,3,53,0,94,983,1997,0,0,12,,,,,,1,1,50,1,0,0,0,0,3,0,11,0,,,,,6,1,0,3,1,0,0,0,0,0,,,,,,0,,,,,,99301,53,67,240,6,1,0,0,0,0,0,0,,,,,,0,,,20,0,0,0,8,9,8,,,0,0,0,8,0,0,0,0,0,0,0,0,0,0,996,,,,,,,,,,,,,,,,,,,,,,,,,,,,,,0,0,0,0,0,0,0,0,0,0,0,0,0,0,0,0,0,0,0,0,0,0,0,0,0,0,0,0,0,0,0,0,0,0,0,,0,0,0,0,0,0,0,0,0,0,0,0,0,0,0,0,,,,,,46-50,46-55,County road,R,Wednesday,,BUS,Not Fatal,0,1,1,0,County Road,County Sheriff,Benton County Sheriff's Office,0,0,1,0,0,,,,,,,,,,,,,,,,,,,,,,,,,,,,,,,,,,,,,,,,,,,
2017,453,E733975,1,10/29/2017,5:21,29,10,0,5,Benton,0,5,0,2,1,1,1,0,2,1,,,,1,0,0,95.3,1,0,1,1,1,1,1,0,0,0,0,I-82,,-119.50115,46.25717222,0,1,6,12,2,70,14,0,0,1,2,1,1,1,2,2,1,2,2,53,0,35,401,1997,0,0,64,1,,,,,1,1,20,2,0,0,1,0,3,0,11,8,,,,,0,0,3,3,1,0,0,0,0,96,,,,,,9,,,,,,99301,53,65,150,6,1,0,1,1,0,0,0,,,,,,4,01/15/2016,01/15/2016,20,0,0,0,8,9,8,,,0,0,0,8,1,8,95,0,0,6,0,0,2,95,0.11,,,,,,,,,,,,,,,,,,,,,,,,,,,,,,0,0,1,0,1,1,0,1,0,0,0,0,1,0,0,0,0,0,0,0,0,1,1,0,1,0,0,0,0,1,0,0,0,0,0,,0,0,0,0,0,1,0,1,0,1,0,0,0,1,0,1,,,,,,18-20,16-25,Interstate,R,Sunday,Belt Used,PV,Not Fatal,0,0,0,0,State Route,State Patrol,Washington State Patrol Headquarter,0,1,0,0,0,,,,,,,,,,,,,,,,,,,,,,,,,,,,,,,,,,,,,,,,,,,
2017,480,E735956,229,11/15/2017,19:05,15,11,0,21,Franklin,1660,2,0,3,2,5,1,0,1,1,,,,38,0,0,0,1,0,1,7,2,4,6,0,0,0,0,BOULDER DR,,-119.179875,46.27871389,0,1,7,12,2,25,34,0,0,1,2,19,1,1,2,1,1,1,1,53,0,7,482,2005,0,0,68,64,38,19,,,1,1,47,1,7,1,4,7,99,0,11,0,11/15/2017,19:05,1.66053E+11,49520,0,0,0,3,1,0,0,0,0,0,,,,,,99,,,,,,99301,53,70,225,6,1,0,0,0,1,0,0,,,,,,0,07/15/2017,07/15/2017,1,0,0,0,0,9,8,,,0,0,0,8,9,2,1,0,0,1,0,0,2,1,0,,,,,,,,,,,,,,,,,,,,,,,,,,,,,,0,0,0,0,0,0,0,0,0,0,0,0,0,0,0,0,0,0,0,0,0,0,0,0,0,0,0,0,0,0,0,0,0,0,0,,0,0,0,0,0,0,0,0,0,0,0,0,0,0,0,0,,,,,,46-50,46-55,City street,U,Wednesday,Unknown,PV,White,0,1,0,0,City Street,Municipal/City Police,Pasco Police Department,1,0,0,1,0,,,,,,,,,,,,,,,,,,,,,,,,,,,,,,,,,,,,,,,,,,,
2017,494,E738643,159,11/14/2017,19:17,14,11,0,5,Benton,1020,10,0,3,1,2,1,1,2,2,,,,8,0,0,0,1,0,1,3,2,4,6,0,0,0,0,COLUMBIA DR,,-119.131675,46.21685556,0,1,13,80,5,35,66,1,0,1,5,8,1,1,8,5,1,1,3,6,0,84,881,2006,0,0,8,,,,,,1,1,59,1,0,0,0,0,3,0,11,0,,,,,6,1,3,3,1,0,0,0,0,0,,,,,,0,,,,,,99301,53,68,180,6,1,0,1,0,0,0,0,,,,,,0,08/15/2014,08/15/2014,20,0,0,0,8,9,2,,,0,0,0,0,0,0,0,0,0,0,0,0,0,0,996,,,,,,,,,,,,,,,,,,,,,,,,,,,,,,0,0,0,0,0,0,0,0,0,0,0,0,0,0,0,0,0,1,0,0,0,0,0,0,0,0,0,0,0,1,1,1,0,0,0,,0,0,0,0,0,0,0,0,0,0,0,0,0,0,0,0,,,,,,56-60,56-65,City street,U,Tuesday,,MHTRUCK,Not Fatal,0,0,0,0,City Street,Municipal/City Police,Kennewick Police Department,0,0,0,1,0,,,,,,,,,,,,,,,,,,,,,,,,,,,,,,,,,,,,,,,,,,,
2017,494,E738643,159,11/14/2017,19:17,14,11,0,5,Benton,1020,10,0,3,1,2,1,1,2,2,,,,8,0,0,0,1,0,1,3,2,4,6,0,0,0,0,COLUMBIA DR,,-119.131675,46.21685556,0,2,98,80,5,35,14,0,0,1,5,8,1,1,8,5,1,1,1,53,0,55,401,2017,0,0,8,,,,,,1,1,26,2,0,0,0,0,3,0,11,0,,,,,0,0,3,3,1,0,0,0,0,0,,,,,,0,,,,,,99301,53,66,124,6,1,0,3,0,4,2,0,,,,,,0,06/15/2013,08/15/2016,20,0,0,0,8,9,8,,,0,0,0,8,0,0,0,0,0,0,0,0,0,0,996,,,,,,,,,,,,,,,,,,,,,,,,,,,,,,0,0,0,0,0,0,0,0,0,0,0,0,0,0,0,0,0,1,0,0,0,0,0,0,0,0,0,0,0,1,1,1,0,0,0,,0,0,0,0,0,0,0,0,0,0,0,0,0,0,0,0,,,,,,26-30,26-35,City street,U,Tuesday,Belt Used,PV,Not Fatal,0,0,0,0,City Street,Municipal/City Police,Kennewick Police Department,0,0,0,1,0,,,,,,,,,,,,,,,,,,,,,,,,,,,,,,,,,,,,,,,,,,,
2018,107,E790778,44,04/02/2018,23:52,2,4,0,71,Walla Walla,0,1,0,2,1,2,1,0,3,1,23:51,0:00,0:31,1,0,0,1,1,0,1,5,1,2,4,0,0,0,0,CR-RUSSELL CREEK,,-118.2785833,46.05311944,0,1,98,12,2,50,34,0,0,1,7,1,1,1,8,1,1,3,2,53,0,49,471,1992,0,0,68,64,69,68,68,1,1,1,28,1,7,1,4,7,20,0,11,0,04/02/2018,23:52,2.39053E+11,15359,0,0,3,2,1,0,0,0,0,96,,,,,,99,,,,,,99301,53,72,195,1,1,1,1,0,0,,0,,,,,,0,08/15/2013,09/15/2017,20,1,9,0,0,9,8,,,0,0,0,8,9,2,1,,,1,,,2,1,0.14,,,,,,,,,,,,,,,,,,,,,,,,,,,,,,0,0,0,0,1,1,0,1,0,0,0,0,0,1,0,0,0,0,0,1,0,0,0,0,0,0,0,0,0,1,0,0,0,1,0,,1,0,0,0,0,1,0,1,0,0,0,1,0,1,0,1,,,,,,26-30,26-35,County road,R,Monday,Not Used,PV,White,0,0,0,0,County Road,County Sheriff,Walla Walla County Sheriff's Office,0,0,1,0,0,,,,,,0,0,5,,,,,,,,,,,,,,,,,,,,,,,,,,,,,,,,,,,
2018,140,E802893,1,05/17/2018,12:15,17,5,0,21,Franklin,1660,1,0,1,1,2,1,0,2,2,,,,12,0,2,12.8,1,0,1,1,2,1,1,0,0,0,0,I-182,,-119.1160556,46.24856111,0,1,50,54,3,98,34,0,0,1,2,12,1,1,2,3,1,1,3,53,0,12,481,2013,0,0,12,,,,,,1,1,88,1,7,1,4,0,3,0,11,4,05/18/2018,17:43,1.96053E+11,22727,0,0,3,3,1,51,0,0,0,96,,,,,,99,,,,,,99301,53,69,160,6,1,0,1,1,0,,0,,,,,,0,10/15/2014,10/15/2014,1,0,0,0,0,9,8,,,0,0,0,8,9,2,1,,,1,,,2,1,0,,,,,,,,,,,,,,,,,,,,,,,,,,,,,,0,0,0,0,0,0,0,0,0,0,0,0,0,0,0,0,0,0,0,0,0,0,0,0,0,1,1,1,0,1,1,0,0,0,0,,1,0,0,0,0,0,0,0,0,0,0,0,0,0,0,0,,,,,,81+,76+,Interstate,U,Thursday,Belt Used,PV,White,0,0,0,1,State Route,State Patrol,Washington State Patrol,0,1,0,0,0,,,,,,0,0,0,,,,,,,,,,,,,,,,,,,,,,,,,,,,,,,,,,,
2018,140,E802893,1,05/17/2018,12:15,17,5,0,21,Franklin,1660,1,0,1,1,2,1,0,2,2,,,,12,0,2,12.8,1,0,1,1,2,1,1,0,0,0,0,I-182,,-119.1160556,46.24856111,0,2,51,54,3,60,66,1,0,1,5,12,1,1,2,3,1,1,3,53,0,87,884,2018,0,0,12,,,,,,1,1,38,1,0,0,1,0,3,0,11,4,,,,,6,1,0,3,1,0,0,0,0,96,,,,,,0,,,,,,99301,53,69,210,6,1,0,0,0,0,,0,,,,,,0,,,20,0,0,0,8,9,2,,,0,0,0,0,0,8,95,,,96,,,8,95,995,,,,,,,,,,,,,,,,,,,,,,,,,,,,,,0,0,0,0,0,0,0,0,0,0,0,0,0,0,0,0,0,0,0,0,0,0,0,0,0,1,1,1,0,1,1,0,0,0,0,,0,0,0,0,0,0,0,0,0,0,0,0,0,0,0,0,,,,,,36-40,36-45,Interstate,U,Thursday,,MHTRUCK,Not Fatal,0,0,0,1,State Route,State Patrol,Washington State Patrol,0,1,0,0,0,,,,,,0,0,0,,,,,,,,,,,,,,,,,,,,,,,,,,,,,,,,,,,
2018,151,E802895,1,05/28/2018,7:06,28,5,4,5,Benton,1850,1,0,1,1,1,1,0,4,2,,,,12,0,2,4.9,18,1,1,1,2,1,1,0,0,0,0,I-182,,-119.2836944,46.25905,0,1,50,54,3,98,5,0,0,1,2,12,1,1,3,3,1,1,1,53,0,7,25,2007,0,0,12,,,,,,1,1,29,1,0,0,2,0,3,0,11,0,,,,,0,0,0,2,1,51,0,0,0,96,,,,,,99,,,,,,99301,53,66,154,1,1,0,2,0,2,,1,,,,,,0,08/15/2013,08/15/2017,8,0,0,0,8,9,8,,,0,0,0,8,1,2,402,,,1,,,2,1,0.23,,,,,,,,,,,,,,,,,,,,,,,,,,,,,,0,0,0,0,1,1,1,1,0,0,0,0,0,1,0,0,0,0,0,0,0,0,0,0,0,0,0,0,0,1,0,0,0,0,0,,0,0,0,0,0,1,1,1,0,0,0,1,0,0,0,1,,,,,,26-30,26-35,Interstate,U,Monday,Belt Used,PV,Not Fatal,0,0,0,1,State Route,State Patrol,Washington State Patrol,0,1,0,0,0,,,,,,0,0,6,,,,,,,,,,,,,,,,,,,,,,,,,,,,,,,,,,,
2018,329,E838192,1,09/15/2018,8:04,15,9,0,21,Franklin,1660,1,0,1,1,2,1,0,1,1,,,,1,0,0,0.2,20,1,1,1,2,1,1,0,0,0,0,I-182 RAMP,,-119.1843944,46.264775,0,1,98,6,1,98,80,0,0,1,2,1,2,2,1,6,14,1,2,53,0,71,706,2010,0,0,1,63,41,,,,1,1,43,1,6,1,4,0,5,0,11,4,09/15/2018,8:52,1.66053E+11,40787,0,0,0,3,1,0,0,0,0,96,,,,,,99,,,,,,99301,53,69,200,6,1,0,0,0,1,,0,,,,,,4,11/15/2013,11/15/2013,20,8,0,0,0,9,8,,,0,0,0,8,9,2,1,,,1,,,2,1,0,,,,,,,,,,,,,,,,,,,,,,,,,,,,,,0,0,0,0,0,0,0,0,0,0,0,0,1,0,0,0,0,0,0,0,0,0,0,0,0,0,0,0,1,0,0,0,0,0,1,0,0,0,0,0,0,0,0,0,0,1,0,0,0,0,0,0,,,,,,41-45,36-45,Interstate,U,Saturday,,MC,Hispanic,0,0,0,0,State Route,State Patrol,Washington State Patrol,0,1,0,0,0,,,,,,0,0,0,,,,,,,,,,,,,,,,,,,,,,,,,,,,,,,,,,,
2019,39,E891889,1,02/02/2019,20:30,2,2,,21,Franklin,1660,2,0,3,2,1,2,0,11,7,,,,12,1,1,8.8,1,0,1,1,2,1,1,0,0,0,0,I-182,,-119.1919778,46.26844722,0,1,24,51,3,70,4,0,0,1,2,12,1,2,3,2,1,1,2,53,0,6,43,2004,0,0,12,,,,,,1,1,22,1,0,,0,0,3,0,11,0,,,,,0,0,3,2,1,0,0,0,0,96,,,,,,99,,,,,,99301,53,66,175,1,1,1,5,1,0,,7,,,,,,0,03/15/2015,09/15/2018,1,0,0,0,8,9,8,,,0,0,0,8,9,8,95,,,96,,,8,95,995,,,,,,,,,,,,,,,,,,,,,,,,,,,,,,0,0,0,0,0,0,0,0,0,0,0,0,0,1,0,0,0,0,0,0,0,0,0,1,1,0,0,0,0,1,0,0,0,0,0,,0,0,0,0,0,0,0,0,0,0,0,1,0,0,0,0,,,,,,21-25,16-25,Interstate,U,Saturday,Belt Used,PV,Not Fatal,0,0,0,0,State Route,State Patrol,Washington State Patrol,0,1,0,0,0,,,,,,1,0,8,,,,,,,,,,,98,98,98,0,,,,,20,7,,,,,,,,,,,,,,,
2019,39,E891889,1,02/02/2019,20:30,2,2,,21,Franklin,1660,2,0,3,2,1,2,0,11,7,,,,12,0,1,8.8,1,0,1,1,2,1,1,0,0,0,0,I-182,,-119.1919778,46.26844722,0,3,98,62,4,70,2,0,0,1,2,12,1,2,3,2,1,1,1,53,0,12,3,2010,0,0,12,,,,,,1,1,48,2,7,,4,0,3,0,11,4,02/05/2019,16:27,1.66053E+11,5662,0,0,3,3,1,0,0,0,0,96,,,,,,99,,,,,,99301,53,67,105,6,1,0,0,0,0,,0,,,,,,0,,,8,0,0,0,0,9,8,,,0,0,0,8,9,8,95,,,96,,,8,95,995,,,,,,,,,,,,,,,,,,,,,,,,,,,,,,0,0,0,0,0,0,0,0,0,0,0,0,0,1,0,0,0,0,0,0,0,0,0,1,1,0,0,0,0,1,0,0,0,0,0,,1,0,0,0,0,0,0,0,0,0,0,0,0,0,0,0,,,,,,46-50,46-55,Interstate,U,Saturday,Belt Used,PV,White,0,0,0,0,State Route,State Patrol,Washington State Patrol,0,1,0,0,0,,,,,,0,0,0,,,,,,,,,,,98,98,98,1,,,,,20,7,,,,,,,,,,,,,,,
2019,39,E891889,1,02/02/2019,20:30,2,2,,21,Franklin,1660,2,0,3,2,1,2,0,11,7,,,,12,0,1,8.8,1,0,1,1,2,1,1,0,0,0,0,I-182,,-119.1919778,46.26844722,0,4,98,62,4,70,4,0,0,1,2,12,1,2,3,2,1,2,2,53,0,35,47,2013,0,0,12,,,,,,1,1,33,1,0,,3,0,3,0,11,4,,,,,0,0,0,3,1,0,0,0,0,96,,,,,,0,,,,,,99301,53,63,140,6,1,0,0,0,1,,0,,,,,,0,12/15/2014,12/15/2014,1,0,0,0,8,9,8,,,0,0,0,8,0,8,95,,,96,,,8,95,995,,,,,,,,,,,,,,,,,,,,,,,,,,,,,,0,0,0,0,0,0,0,0,0,0,0,0,0,1,0,0,0,0,0,0,0,0,0,1,1,0,0,0,0,1,0,0,0,0,0,,0,0,0,0,0,0,0,0,0,0,0,0,0,0,0,0,,,,,,31-35,26-35,Interstate,U,Saturday,Belt Used,PV,Not Fatal,0,0,0,0,State Route,State Patrol,Washington State Patrol,0,1,0,0,0,,,,,,0,0,0,,,,,,,,,,,98,98,98,0,,,,,20,7,,,,,,,,,,,,,,,
2019,39,E891889,1,02/02/2019,20:30,2,2,,21,Franklin,1660,2,0,3,2,1,2,0,11,7,,,,12,0,1,8.8,1,0,1,1,2,1,1,0,0,0,0,I-182,,-119.1919778,46.26844722,0,5,98,62,4,70,4,0,0,1,2,12,1,2,3,2,1,1,1,53,0,35,43,2019,0,0,12,,,,,,1,1,25,2,0,,1,0,3,0,11,8,,,,,0,0,0,3,1,0,0,0,0,96,,,,,,0,,,,,,99301,53,64,95,6,1,0,0,0,1,,0,,,,,,0,02/15/2017,02/15/2017,8,0,0,0,8,9,8,,,0,0,0,8,0,8,95,,,96,,,8,95,995,,,,,,,,,,,,,,,,,,,,,,,,,,,,,,0,0,0,0,0,0,0,0,0,0,0,0,0,1,0,0,0,0,0,0,0,0,0,1,1,0,0,0,0,1,0,0,0,0,0,,0,0,0,0,0,0,0,0,0,0,0,0,0,0,0,0,,,,,,21-25,16-25,Interstate,U,Saturday,Belt Used,PV,Not Fatal,0,0,0,0,State Route,State Patrol,Washington State Patrol,0,1,0,0,0,,,,,,0,0,0,,,,,,,,,,,98,98,98,0,,,,,20,7,,,,,,,,,,,,,,,
2019,123,E902346,1,03/10/2019,18:54,10,3,,21,Franklin,1660,1,0,1,1,2,1,0,2,1,,,,1,0,0,0.2,5,1,1,1,2,1,1,0,0,0,0,I-182 RAMP R100969,,-119.1794111,46.26560556,0,1,6,12,2,98,4,0,0,1,7,1,2,3,1,6,14,2,1,53,0,54,35,2003,0,0,64,1,,,,,1,1,35,1,0,,0,0,3,0,11,0,,,,,0,0,0,3,1,0,0,0,0,96,,,,,,9,,,,,,99301,53,67,170,6,1,0,0,0,0,,97,,,,,,4,,,2,0,0,0,8,1,8,,,0,0,0,8,1,2,1,,,1,,,2,1,0.1,,,,,,,,,,,,,,,,,,,,,,,,,,,,,,0,0,1,0,1,1,0,1,0,0,0,0,1,0,0,0,0,0,0,0,0,0,0,0,0,0,0,0,0,1,0,0,0,0,0,,0,0,0,0,0,1,0,1,0,1,0,0,0,1,0,1,,,,,,31-35,26-35,Interstate,U,Sunday,Belt Used,PV,Not Fatal,0,1,0,0,State Route,State Patrol,Washington State Patrol,1,1,0,0,0,,,,,,0,0,0,,,,,,,,,,,98,98,98,0,,,,,20,7,,,,,,,,,,,,,,,
2019,185,E908378,159,04/03/2019,10:19,3,4,,5,Benton,1020,10,0,1,1,2,1,0,2,2,,,,12,0,2,0,1,0,1,7,2,4,6,0,0,0,0,W COLUMBIA DR,,-119.1209417,46.21298611,0,2,51,62,4,35,14,0,0,1,7,12,1,1,5,5,1,1,1,53,0,49,401,1999,0,0,12,,,,,,1,1,71,1,7,,4,0,3,0,11,4,04/14/2019,18:10,2.11053E+11,17304,0,0,0,3,1,28,0,0,0,96,,,,,,0,,,,,,99301,53,74,198,6,1,0,0,0,0,,0,,,,,,0,,,8,0,0,0,0,9,8,,,0,0,0,8,0,8,95,,,96,,,8,95,995,,,,,,,,,,,,,,,,,,,,,,,,,,,,,,0,0,0,0,0,0,1,1,0,0,0,0,0,0,0,0,1,0,0,0,0,0,0,0,0,1,1,0,0,1,0,0,0,0,0,,1,0,0,0,0,0,0,0,0,0,0,0,0,0,0,0,,,,,,71-75,66-75,City street,U,Wednesday,Belt Used,PV,White,0,1,1,0,City Street,Municipal/City Police,Kennewick Police Department,0,0,0,1,0,,,,,,0,0,0,,,,,,,,,,,0,0,0,1,,,,,20,7,,,,,,,,,,,,,,,
2019,351,E967901,6,09/29/2019,19:05,29,9,,37,Kittitas,0,4,0,2,10,2,1,0,3,2,,,,12,0,6,145.5,1,0,1,3,1,1,3,0,0,0,0,SR-97,,-120.6435917,47.331025,0,2,98,62,4,60,4,0,0,1,7,12,2,2,2,1,14,2,1,53,0,20,37,2012,0,0,12,,,,,,1,1,43,1,0,,3,0,3,0,11,5,,,,,0,0,0,3,1,0,0,0,0,96,,,,,,0,,,,,,99301,53,72,280,6,1,0,0,0,0,,0,,,,,,0,,,8,0,0,0,8,9,8,,,0,0,0,8,0,8,95,,,96,,,8,95,995,,,,,,,,,,,,,,,,,,,,,,,,,,,,,,0,0,0,0,0,0,0,0,0,0,0,0,1,0,0,0,0,0,0,1,0,0,0,1,1,0,0,0,0,1,0,0,0,0,0,,0,0,0,0,0,0,0,0,0,0,0,0,0,0,0,0,,,,,,41-45,36-45,State route,R,Sunday,Belt Used,PV,Not Fatal,0,1,1,0,State Route,State Patrol,Washington State Patrol,0,1,0,0,0,,,,,,0,0,0,,,,,,,,,,,98,98,98,0,,,,,20,7,,,,,,,,,,,,,,,
2019,378,E975728,1,10/27/2019,6:15,27,10,,5,Benton,1850,1,0,2,1,2,1,1,1,1,,,,8,0,0,35.9,1,0,1,3,2,1,3,0,0,0,0,SR-240,,-119.2446056,46.23943056,0,1,13,80,5,55,4,0,0,1,7,8,1,1,3,3,1,1,1,53,0,12,23,2012,0,0,8,,,,,,1,1,36,1,0,,0,0,3,0,11,0,,,,,0,0,3,3,1,0,0,0,0,96,,,,,,0,,,,,,99301,53,72,185,6,1,0,0,0,0,,0,,,,,,0,,,20,0,0,0,8,9,8,,,0,0,0,8,0,8,95,,,96,,,8,95,995,,,,,,,,,,,,,,,,,,,,,,,,,,,,,,0,0,0,0,0,0,0,0,0,1,1,1,0,0,0,0,0,0,0,0,0,0,0,0,0,0,0,0,0,1,0,1,0,0,0,,0,0,0,0,0,0,0,0,0,0,0,0,0,0,0,0,,,,,,36-40,36-45,State route,U,Sunday,Belt Used,PV,Not Fatal,0,0,0,0,State Route,State Patrol,Washington State Patrol,0,1,0,0,0,,,,,,0,0,0,,,,,,,,,,,98,98,98,0,,,,,20,7,,,,,,,,,,,,,,,