year,case,par,repjur,crash_dt,crash_tm,accday,accmon,holiday,county,co_char,city,weather,weather2,lightcond,surfcond,surftype,numfatal,nmforms,pforms,vforms,not_tm,arr_tm,hosp_tm,fhevent,hitrun,manncol,milepnt,reljunc,reljuncinter,intersectiontype,funcsystem,landuse,ownership,route,schlbus,spejur,contdev,devfunc,trafid1,trafid2,x,y,wk_zone,vnumber,crashtype,criticalevent,criticaleventcat,spdlim,body,trailer,emerg,hazcargo,leave,mhevent,roadalgn,roadprof,traflane,trafflow,vehmanvr,numoccs,regowner,regstate,spuse,make,model,modelyr,vrf1,vrf2,seqevent1,seqevent2,seqevent3,seqevent4,seqevent5,seqevent6,pnumber,ptype,age,sex,hispanic,race,injury,diedscene,restraint,restraintmisuse,seatpos,takehosp,death_dt,death_tm,cert,cernum_wa,commlic,licendor,licrestrict,liccomp,drivpres,drf1,drf2,drf3,drf4,distract1,distract2,distract3,distract4,distract5,distract6,dricond1,dricond2,dricond3,dricond4,dricond5,dricond6,dzip,licstate,drhgt_in,weight,noncdl,noncdltype,prevdwi,prevoth,prevacc,prevspd,prevsus,driviol1,driviol2,driviol3,driviol4,driviol5,driviol6,spdrel,first_dt,last_dt,airbag,ejection,ejectpath,extricat,injurwrk,methalc,methdrug,nmlocat,strikveh,prf1,prf2,prf3,druginv,alcinvol,drugsts,drugres1,drugres2,drugres3,drugtst1,drugtst2,drugtst3,alcsts,alctst,alcres,nmact1,nmact2,nmact3,nmact4,nmact5,nmact6,nmprior1,nmprior2,nmprior3,nmprior4,nmprior5,nmprior6,nmcond1,nmcond2,nmcond3,nmcond4,nmcond5,nmcond6,nmsafe_helmet,nmsafe_pads,nmsafe_oth,nmprev_ref,nmprev_lgt,nmprev_oth,crashlocation,nmcrashtype,crosswalk,schoolzone,sidewalk,train_inv,wildlife_inv,rotr_fars,intersect_fars,dd_inv,aid_inv,dpd_inv,id_inv,mj_inv,impnm_inv,ainm_inv,dpnm_inv,speed_inv,unlic_inv,unendmc_inv,drowsy_inv,drdist_inv,nmdist_inv,fty_inv,unrestfat_inv,dr1617_inv,dr1820_inv,dr1620_inv,dr2125_inv,dr1625_inv,dr65_inv,dr70_inv,dr75_inv,mc_inv,pv_inv,ht_inv,ped_inv,bike_inv,unrest_fat,mc_fat,unhelmet_mc,pv_fat,ht_fat,ped_fat,bike_fat,dr_alc7,dr_alc8,dr_drug,dr_imp,dr_dist,dr_spd,dr_fty,dr_unlic,dr_alc7only,dr_alc8only,dr_drugonly,dr_drink,nm_imp,nm_alc7,nm_alc8,nm_drug,nm_dist,agegrp1,agegrp2,roadclass,urbrur,dayweek,restuse,vehtype,race_me,intersect,lanedep,oppdir,wrongway,rep_typ,investag,repag_long,rotr,st_rd,cty_rd,city_rd,oth_rd,drug_thc,thc_res,drug_cthc,cthc_res,drug_cann,prevpersemin,prevperse,prevsusoth,drugtst4,drugtst5,drugtst6,drugtst7,drugtst8,drugres4,drugres5,drugres6,drugres7,drugres8,adspresent,adsengaged,adslevel,race1,race2,race3,race4,race5,helmet,helmetmisuse,nmdistract1,nmdistract2,nmdistract3,nmdistract4,nmdistract5,nmdistract6,lab,isedtcase,crf1,crf2,crf3,CoRoadName,CoMP,IntCoRoadName,IntCoMP
2019,462,E998686,6,12/16/2019,17:45,16,12,,25,Grant,0,1,0,2,4,2,1,0,8,2,,,,14,0,0,29.5,1,0,1,3,1,1,3,0,0,0,0,SR-28,,-119.9463111,47.2329,0,1,2,6,1,60,66,1,0,1,7,14,3,2,2,1,14,1,3,53,0,85,881,1999,0,0,63,14,,,,,1,1,57,1,0,,1,0,3,0,11,5,,,,,6,1,3,3,1,87,0,0,0,96,,,,,,0,,,,,,99301,53,68,185,6,1,0,1,1,1,,23,,,,,,4,12/15/2015,09/15/2018,1,0,0,0,8,9,8,,,0,0,0,8,0,8,95,,,96,,,8,95,995,,,,,,,,,,,,,,,,,,,,,,,,,,,,,,0,0,0,0,0,0,0,0,0,0,0,0,1,0,0,0,0,0,0,0,0,0,0,0,0,0,0,0,0,1,1,0,0,0,0,,0,0,0,0,0,0,0,0,0,1,0,0,0,0,0,0,,,,,,56-60,56-65,State route,R,Monday,,MHTRUCK,Not Fatal,0,0,0,0,State Route,State Patrol,Washington State Patrol,0,1,0,0,0,,,,,,0,0,0,,,,,,,,,,,0,0,0,0,,,,,20,7,,,,,,,,,,,,,,,
2020,33,EA19534,159,01/30/2020,2:42,30,1,,5,Benton,1020,1,,3,1,2,1,0,1,1,,,,33,0,0,0,3,0,5,4,2,4,6,0,0,0,0,W 10TH AVE,S STEPTOE ST,-119.2440806,46.20095833,0,1,14,14,2,35,14,0,0,1,2,1,1,1,2,1,1,1,1,53,0,2,405,2005,0,,68,64,69,71,33,67,1,1,29,2,1,,4,7,3,0,11,0,01/30/2020,2:42,1.02053E+11,4620,0,0,3,3,1,0,,,,96,,,,,,8,,,,,,99301,53,66,134,6,1,0,0,0,2,,0,,,,,,5,04/15/2015,10/15/2019,8,2,1,0,0,9,8,,,0,,,8,8,2,1,,,1,,,2,1,0,,,,,,,,,,,,,,,,,,,,,,,,,,,,,,0,0,0,1,0,0,0,0,0,0,0,0,1,0,0,0,0,0,0,0,0,0,0,0,0,0,0,0,0,1,0,0,0,0,0,,1,0,0,0,0,0,0,0,0,1,0,0,0,0,0,0,,,,,,26-30,26-35,City street,U,Thursday,Belt Used,PV,Hispanic,1,0,0,0,City Street,Municipal/City Police,Kennewick Police Department,0,0,0,1,0,,,,,,0,0,0,,,,,,,,,,,98,98,98,98,,,,,20,7,,,,,,,,1,0,,,,,,
2020,98,EA29518,19,04/09/2020,18:58,9,4,,21,Franklin,0,1,,1,1,2,1,0,2,2,19:00,19:06,,12,0,6,2,2,0,3,5,1,2,4,0,0,0,0,CR-GLADE N RD,CLARK RD,-119.1201917,46.30008056,0,1,68,15,2,55,4,0,0,1,2,12,1,1,3,1,11,1,1,53,0,20,2,2006,0,,12,,,,,,1,1,24,1,0,,0,0,3,0,11,0,,,,,0,0,0,3,1,38,,,,92,,,,,,98,,,,,,99301,53,66,130,6,1,0,1,0,1,,97,,,,,,0,10/15/2016,08/15/2016,1,0,0,0,8,9,8,,,0,,,8,8,2,1,,,1,,,2,1,0.016,,,,,,,,,,,,,,,,,,,,,,,,,,,,,,0,0,0,1,1,0,0,0,0,0,0,0,0,0,1,0,1,0,1,0,0,0,0,1,1,1,0,0,1,1,0,0,0,0,0,,0,0,0,0,1,0,0,0,1,0,1,0,1,0,0,1,,,,,,21-25,16-25,County road,R,Thursday,Belt Used,PV,Not Fatal,1,0,0,0,County Road,County Sheriff,Franklin County Sheriff's Office,0,0,1,0,0,,,,,,0,0,1,,,,,,,,,,,98,98,98,0,,,,,20,7,,,,,,,,1,0,,,PASCO-KAHLOTUS ROAD,1.96,CLARK ROAD,0
2020,98,EA29518,19,04/09/2020,18:58,9,4,,21,Franklin,0,1,,1,1,2,1,0,2,2,19:00,19:06,,12,0,6,2,2,0,3,5,1,2,4,0,0,0,0,CR-GLADE N RD,CLARK RD,-119.1201917,46.30008056,0,2,69,62,4,55,80,0,0,1,2,12,1,1,2,2,1,1,1,53,0,73,706,1999,0,,12,,,,,,1,1,66,1,1,,4,7,20,7,11,0,04/09/2020,18:58,53016506,16506,0,0,0,2,1,0,,,,96,,,,,,0,,,,,,99301,53,68,150,6,1,0,1,0,0,,0,,,,,,0,10/15/2019,10/15/2019,20,8,0,0,0,9,8,,,0,,,8,8,2,1,,,1,,,2,1,0,,,,,,,,,,,,,,,,,,,,,,,,,,,,,,0,0,0,1,1,0,0,0,0,0,0,0,0,0,1,0,1,0,1,0,0,0,0,1,1,1,0,0,1,1,0,0,0,0,1,0,0,0,0,0,0,0,0,0,0,0,0,0,0,0,0,0,,,,,,66-70,66-75,County road,R,Thursday,,MC,Hispanic,1,0,0,0,County Road,County Sheriff,Franklin County Sheriff's Office,0,0,1,0,0,,,,,,0,0,0,,,,,,,,,,,0,0,0,1,,,,,19,0,,,,,,,,1,0,,,PASCO-KAHLOTUS ROAD,1.96,CLARK ROAD,0
2020,241,EA49130,1,07/18/2020,4:49,18,7,,5,Benton,0,1,,4,1,1,1,0,2,2,,,,12,0,2,80.4,1,0,1,1,2,1,1,0,0,0,0,I-82,,-119.7799417,46.22147778,0,2,51,62,4,60,66,1,0,1,2,12,1,1,2,2,1,1,1,53,0,51,881,2000,0,,12,63,59,38,,,1,1,33,1,0,,0,0,3,0,11,0,,,,,6,0,0,3,1,0,,,,96,,,,,,0,,,,,,99301,53,71,183,6,1,0,1,1,0,,0,,,,,,0,02/15/2016,11/15/2019,1,0,0,0,8,3,8,,,0,,,8,8,2,1,,,1,,,2,1,0,,,,,,,,,,,,,,,,,,,,,,,,,,,,,,0,0,0,0,0,0,1,1,0,0,0,0,0,0,0,0,0,0,0,1,0,0,0,0,0,0,0,0,0,1,1,0,0,0,0,,0,0,0,0,0,0,0,0,0,0,0,0,0,0,0,0,,,,,,31-35,26-35,Interstate,U,Saturday,,MHTRUCK,Not Fatal,0,1,1,0,State Route,State Patrol,Washington State Patrol,0,1,0,0,0,,,,,,0,0,0,,,,,,,,,,,98,98,98,0,,,,,20,7,,,,,,,,1,0,,,,,,
2020,286,EA56516,6,07/22/2020,20:40,22,7,,25,Grant,0,1,,2,1,2,1,0,2,2,,,,12,0,8,33.9,1,0,1,3,1,1,3,0,0,0,0,SR-17,,-119.1192778,46.993375,0,2,66,62,4,60,66,1,0,1,2,12,3,2,2,1,14,1,3,53,0,85,881,2007,0,,12,,,,,,1,1,29,1,0,,0,0,3,0,11,0,,,,,6,1,0,3,1,0,,,,96,,,,,,0,,,,,,99301,53,72,200,6,1,0,1,0,1,,0,,,,,,0,06/15/2018,06/15/2018,20,0,0,0,8,9,8,,,0,,,8,8,8,95,,,96,,,8,95,995,,,,,,,,,,,,,,,,,,,,,,,,,,,,,,0,0,0,0,0,0,0,0,0,0,0,0,0,0,0,0,0,0,0,0,0,0,0,0,0,0,0,0,0,1,1,0,0,0,0,,0,0,0,0,0,0,0,0,0,0,0,0,0,0,0,0,,,,,,26-30,26-35,State route,R,Wednesday,,MHTRUCK,Not Fatal,0,0,0,1,State Route,State Patrol,Washington State Patrol,0,1,0,0,0,,,,,,0,0,0,,,,,,,,,,,98,98,98,0,,,,,20,7,,,,,,,,1,0,,,,,,
2020,293,EA57711,229,07/30/2020,17:00,30,7,,21,Franklin,1660,1,,1,1,2,1,1,1,1,16:59,17:05,17:25,9,0,0,0,2,0,2,7,2,4,6,0,0,0,0,W OCTAVE ST,N 8th Ave,-119.1006056,46.23848056,0,1,13,83,5,25,4,0,0,1,5,9,1,1,2,1,1,1,1,53,0,35,47,2011,0,,9,,,,,,1,1,25,1,0,,0,0,3,0,11,0,,,,,0,0,0,3,1,0,,,,96,,,,,,0,,,,,,99301,53,68,160,6,1,0,1,0,2,,76,,,,,,0,05/15/2016,03/15/2020,20,0,0,0,8,9,8,,,0,,,8,8,8,95,,,96,,,8,95,995,,,,,,,,,,,,,,,,,,,,,,,,,,,,,,0,0,0,1,0,0,0,0,0,1,0,1,0,0,0,0,0,0,0,0,0,0,0,1,1,0,0,0,0,1,0,0,1,0,0,,0,0,0,0,0,0,0,0,0,0,0,0,0,0,0,0,,,,,,21-25,16-25,City street,U,Thursday,Belt Used,PV,Not Fatal,1,0,0,0,City Street,Municipal/City Police,Pasco Police Department,0,0,0,1,0,,,,,,0,0,0,,,,,,,,,,,98,98,98,0,,,,,20,7,,,,,,,,1,0,,,,,,
2020,440,EA80482,1,11/07/2020,1:56,7,11,,21,Franklin,1660,1,,3,1,2,1,0,3,2,1:56,2:02,2:30,12,0,2,13.2,1,0,1,1,2,1,1,0,0,0,0,I-182,,-119.1062389,46.24846667,0,1,52,54,3,60,34,0,0,1,2,12,1,1,2,3,1,2,3,53,0,20,481,2019,0,,12,,,,,,1,1,25,1,0,,1,0,3,0,11,5,,,,,0,0,0,3,1,51,,,,96,,,,,,9,,,,,,99301,53,70,280,6,1,0,0,1,0,,1,,,,,,0,05/15/2020,05/15/2020,8,0,0,0,8,9,8,,,0,,,8,1,8,95,,,96,,,2,98,997,,,,,,,,,,,,,,,,,,,,,,,,,,,,,,0,0,0,0,1,0,0,0,0,0,0,0,0,0,0,0,0,0,0,1,0,0,0,1,1,0,0,0,0,1,0,0,0,0,0,,0,0,0,0,0,0,0,0,0,0,0,0,0,0,0,1,,,,,,21-25,16-25,Interstate,U,Saturday,Belt Used,PV,Not Fatal,0,0,0,1,State Route,State Patrol,Washington State Patrol,0,1,0,0,0,,,,,,0,0,0,,,,,,,,,,,98,98,98,0,,,,,20,7,,,,,,,,1,0,,,,,,
2020,440,EA80482,1,11/07/2020,1:56,7,11,,21,Franklin,1660,1,,3,1,2,1,0,3,2,1:56,2:02,2:30,12,0,2,13.2,1,0,1,1,2,1,1,0,0,0,0,I-182,,-119.1062389,46.24846667,0,2,52,54,3,60,4,0,0,1,2,12,1,1,2,3,1,1,1,53,0,49,32,2014,0,,12,,,,,,1,1,37,1,7,,4,7,20,7,11,0,11/07/2020,1:56,1.66053E+11,52676,0,0,0,3,1,0,,,,96,,,,,,98,,,,,,99301,53,75,250,6,1,0,2,1,0,,0,,,,,,0,05/15/2018,02/15/2018,8,0,0,0,0,9,8,,,0,,,8,8,0,0,,,0,,,0,0,996,,,,,,,,,,,,,,,,,,,,,,,,,,,,,,0,0,0,0,1,0,0,0,0,0,0,0,0,0,0,0,0,0,0,1,0,0,0,1,1,0,0,0,0,1,0,0,0,1,0,,1,0,0,0,0,0,0,0,0,0,0,0,0,0,0,0,,,,,,36-40,36-45,Interstate,U,Saturday,Not Used,PV,White,0,0,0,1,State Route,State Patrol,Washington State Patrol,0,1,0,0,0,,,,,,0,0,0,,,,,,,,,,,98,98,98,1,,,,,20,7,,,,,,,,1,0,,,,,,
2020,492,EA90144,1,12/10/2020,15:30,10,12,,21,Franklin,1660,10,,1,1,2,1,0,6,5,15:32,15:53,,12,0,2,13.5,5,1,1,1,2,1,1,0,0,0,0,I-182,,-119.1003083,46.24865556,0,3,98,61,4,60,34,0,0,1,2,12,3,1,2,3,14,1,1,53,0,7,472,2006,0,,12,64,57,,,,1,1,44,1,0,,1,0,3,0,11,0,,,,,0,0,0,3,1,0,,,,96,,,,,,0,,,,,,99301,53,69,200,6,1,0,1,0,2,,0,,,,,,0,04/15/2016,11/15/2019,8,0,0,0,8,3,2,,,0,,,8,8,0,0,,,0,,,0,0,996,,,,,,,,,,,,,,,,,,,,,,,,,,,,,,0,0,0,0,0,0,0,0,0,0,0,0,0,0,0,0,0,0,0,0,0,0,0,0,0,1,1,1,0,1,1,0,0,0,0,,0,0,0,0,0,0,0,0,0,0,0,0,0,0,0,0,,,,,,41-45,36-45,Interstate,U,Thursday,Belt Used,PV,Not Fatal,0,0,0,1,State Route,State Patrol,Washington State Patrol,0,1,0,0,0,,,,,,0,0,0,,,,,,,,,,,98,98,98,0,,,,,20,7,,,,,,,,1,14,,,,,,
2020,492,EA90144,1,12/10/2020,15:30,10,12,,21,Franklin,1660,10,,1,1,2,1,0,6,5,15:32,15:53,,12,0,2,13.5,5,1,1,1,2,1,1,0,0,0,0,I-182,,-119.1003083,46.24865556,0,4,98,90,6,60,4,0,0,1,2,54,2,1,2,3,14,2,1,53,0,34,34,2009,0,,54,,,,,,1,1,46,1,0,,0,0,3,0,11,0,,,,,6,0,0,3,1,0,,,,96,,,,,,0,,,,,,99301,53,69,200,6,1,0,0,0,0,,0,,,,,,0,,,20,0,0,0,8,9,8,,,0,,,8,8,0,0,,,0,,,0,0,996,,,,,,,,,,,,,,,,,,,,,,,,,,,,,,0,0,0,0,0,0,0,0,0,0,0,0,0,0,0,0,0,0,0,0,0,0,0,0,0,1,1,1,0,1,1,0,0,0,0,,0,0,0,0,0,0,0,0,0,0,0,0,0,0,0,0,,,,,,46-50,46-55,Interstate,U,Thursday,Belt Used,PV,Not Fatal,0,0,0,1,State Route,State Patrol,Washington State Patrol,0,1,0,0,0,,,,,,0,0,0,,,,,,,,,,,98,98,98,0,,,,,20,7,,,,,,,,1,14,,,,,,
2020,492,EA90144,1,12/10/2020,15:30,10,12,,21,Franklin,1660,10,,1,1,2,1,0,6,5,15:32,15:53,,12,0,2,13.5,5,1,1,1,2,1,1,0,0,0,0,I-182,,-119.1003083,46.24865556,0,5,98,90,6,60,4,0,0,1,5,54,2,1,2,3,14,1,1,53,0,49,40,2007,0,,54,,,,,,1,1,38,1,0,,0,0,3,0,11,0,,,,,0,0,0,3,1,0,,,,96,,,,,,0,,,,,,99301,53,68,145,6,1,0,0,0,0,,0,,,,,,0,,,20,0,0,0,8,9,8,,,0,,,8,8,0,0,,,0,,,0,0,996,,,,,,,,,,,,,,,,,,,,,,,,,,,,,,0,0,0,0,0,0,0,0,0,0,0,0,0,0,0,0,0,0,0,0,0,0,0,0,0,1,1,1,0,1,1,0,0,0,0,,0,0,0,0,0,0,0,0,0,0,0,0,0,0,0,0,,,,,,36-40,36-45,Interstate,U,Thursday,Belt Used,PV,Not Fatal,0,0,0,1,State Route,State Patrol,Washington State Patrol,0,1,0,0,0,,,,,,0,0,0,,,,,,,,,,,98,98,98,0,,,,,20,7,,,,,,,,1,14,,,,,,
2020,493,EA90535,19,12/09/2020,21:35,9,12,,21,Franklin,0,5,,2,4,2,1,0,1,1,21:47,21:59,,35,0,0,7.9,1,0,1,5,1,2,4,0,0,0,0,CR-PASCO KAHLOTUS RD,,-118.9120444,46.28435556,0,1,2,10,2,55,34,0,0,1,2,35,1,2,2,1,1,1,1,53,0,23,481,2009,0,,68,68,63,35,1,,1,1,37,1,7,,4,7,20,7,11,0,12/09/2020,21:35,53058299,58299,0,0,0,3,1,58,87,,,96,,,,,,9,,,,,,99301,53,71,165,6,1,1,0,0,0,,0,,,,,,3,12/15/2017,12/15/2017,20,1,9,0,0,1,8,,,0,,,8,1,8,95,,,96,,,2,1,0.17,,,,,,,,,,,,,,,,,,,,,,,,,,,,,,0,0,0,0,1,1,0,1,0,0,0,0,1,0,0,0,0,0,0,1,0,0,0,0,0,0,0,0,0,1,0,0,0,1,0,,1,0,0,0,0,1,0,1,0,1,0,0,0,1,0,1,,,,,,36-40,36-45,County road,R,Wednesday,Not Used,PV,White,0,1,0,0,County Road,County Sheriff,Franklin County Sheriff's Office,1,0,1,0,0,,,,,,0,1,0,,,,,,,,,,,98,98,98,1,,,,,20,7,,,,,,,,1,0,,,PASCO-KAHLOTUS ROAD,7.85,,
2021,58,EB12098,1,03/01/2021,14:40,1,3,,21,Franklin,1660,1,,1,1,1,1,0,7,6,,,,12,0,2,6.3,1,0,1,1,2,1,1,0,0,0,0,I-182,,-119.2378528,46.26707778,0,2,52,54,3,70,4,0,0,1,2,12,1,1,3,2,1,1,2,53,0,37,32,2003,0,,12,,,,,,1,1,16,2,0,,1,0,3,0,11,5,,,,,0,0,3,3,1,0,,,,0,,,,,,0,,,,,,99301,53,62,104,6,2,0,0,0,1,,0,,,,,,0,11/15/2020,11/15/2020,8,0,0,0,8,9,8,,,0,,,8,8,0,0,,,0,,,0,0,996,,,,,,,,,,,,,,,,,,,,,,,,,,,,,,0,0,0,0,0,0,1,1,0,0,0,0,0,0,0,0,0,0,0,1,1,1,1,1,1,1,1,1,0,1,0,0,0,0,0,,0,0,0,0,0,0,0,0,0,0,0,0,0,0,0,0,,,,,,16-17,16-25,Interstate,U,Monday,Belt Used,PV,Not Fatal,0,0,0,1,State Route,State Patrol,Washington State Patrol,0,1,0,0,0,,,,,,0,0,0,,,,,,,,,,,98,98,98,0,,,,,20,,,,,,,,,1,0,,,,,,
2021,58,EB12098,1,03/01/2021,14:40,1,3,,21,Franklin,1660,1,,1,1,1,1,0,7,6,,,,12,0,2,6.3,1,0,1,1,2,1,1,0,0,0,0,I-182,,-119.2378528,46.26707778,0,6,98,98,7,70,4,0,0,1,5,12,1,1,3,2,1,1,1,53,0,55,35,2018,0,,12,,,,,,1,1,18,2,0,,0,0,3,0,11,0,,,,,0,0,0,3,1,0,,,,0,,,,,,0,,,,,,99301,53,64,140,6,1,0,3,1,4,,0,,,,,,0,11/15/2016,03/15/2018,20,0,0,0,8,9,8,,,0,,,8,8,0,0,,,0,,,0,0,996,,,,,,,,,,,,,,,,,,,,,,,,,,,,,,0,0,0,0,0,0,1,1,0,0,0,0,0,0,0,0,0,0,0,1,1,1,1,1,1,1,1,1,0,1,0,0,0,0,0,,0,0,0,0,0,0,0,0,0,0,0,0,0,0,0,0,,,,,,18-20,16-25,Interstate,U,Monday,Belt Used,PV,Not Fatal,0,0,0,1,State Route,State Patrol,Washington State Patrol,0,1,0,0,0,,,,,,0,0,0,,,,,,,,,,,98,98,98,0,,,,,20,,,,,,,,,1,0,,,,,,
2021,133,EB29885,1,05/09/2021,16:10,9,5,,21,Franklin,1660,1,,1,1,1,2,0,3,2,,,,12,0,6,31.9,2,0,2,2,2,1,2,0,0,20,3,US-395,FOSTER WELLS RD,-119.0938028,46.28516667,0,1,87,17,2,55,4,0,0,1,2,12,1,1,2,1,1,2,2,53,0,55,35,2002,0,,12,,,,,,1,1,28,1,1,,4,0,20,7,11,5,05/10/2021,18:27,2.11053E+11,22519,0,0,0,0,1,37,38,,,96,,,,,,9,,,,,,99301,53,70,166,0,0,0,0,0,0,,0,,,,,,0,04/15/2021,04/15/2021,20,0,0,0,0,9,8,,,0,,,1,8,2,348,402,401,1,1,1,2,1,0,,,,,,,,,,,,,,,,,,,,,,,,,,,,,,0,0,0,1,0,0,1,1,0,0,0,0,0,1,0,0,0,0,1,1,0,0,0,0,0,0,0,0,0,1,1,0,0,1,0,,1,0,0,0,0,0,1,1,0,0,1,1,0,0,1,0,,,,,,26-30,26-35,US highway,U,Sunday,Not Used,PV,Hispanic,1,0,0,0,State Route,State Patrol,Washington State Patrol,0,1,0,0,0,,,,,,0,0,1,1,1,1,,,417,151,996,,,98,98,98,1,,,,,20,,,,,,,,,1,20,,,,,,
2021,168,EB38015,250,06/09/2021,16:12,9,6,,5,Benton,1850,1,,1,1,2,1,0,4,3,,,,12,0,7,0,1,0,1,4,2,4,6,0,0,0,0,LESLIE RD,,-119.2607028,46.23605,0,2,98,62,4,35,14,0,0,1,5,12,3,3,3,1,14,1,1,53,0,34,402,2017,0,,12,,,,,,1,1,25,1,0,,0,0,99,7,11,0,,,,,0,0,3,3,1,0,,,,96,,,,,,98,,,,,,99301,53,63,178,6,1,0,1,1,0,,0,,,,,,0,04/15/2019,04/15/2019,20,0,0,0,8,9,8,,,0,,,8,8,8,95,,,96,,,2,1,997,,,,,,,,,,,,,,,,,,,,,,,,,,,,,,0,0,0,0,0,0,0,0,0,0,0,0,0,0,0,0,0,0,0,0,0,0,0,1,1,0,0,0,0,1,0,0,0,0,0,,0,0,0,0,0,0,0,0,0,0,0,0,0,0,0,0,,,,,,21-25,16-25,City street,U,Wednesday,Unknown,PV,Not Fatal,0,0,0,0,City Street,Municipal/City Police,Richland Police Department,0,0,0,1,0,,,,,,0,0,0,,,,,,,,,,,98,98,98,0,,,,,20,,,,,,,,,1,0,,,,,,
2021,233,EB50022,1,07/19/2021,14:00,19,7,,21,Franklin,1660,10,,1,1,1,1,0,1,1,,,,1,0,0,0.4,5,1,1,1,2,1,1,0,0,0,0,I-182 RAMP,,-119.1806111,46.26716111,0,1,1,13,2,98,4,0,0,1,2,1,3,1,1,6,14,1,2,53,0,48,38,2004,0,,63,1,,,,,1,1,18,1,1,,4,7,20,7,11,0,07/19/2021,14:00,1.66053E+11,35187,0,0,3,3,1,0,,,,96,,,,,,9,,,,,,99301,53,68,170,6,2,0,0,0,0,,0,,,,,,4,,,20,1,9,0,0,9,8,,,0,,,1,8,2,695,605,,1,1,,2,1,0,,,,,,,,,,,,,,,,,,,,,,,,,,,,,,0,0,1,0,0,0,1,1,1,0,0,0,1,0,0,0,0,0,0,1,0,1,1,0,1,0,0,0,0,1,0,0,0,1,0,,1,0,0,0,0,0,1,1,0,1,0,0,0,0,1,0,,,,,,18-20,16-25,Interstate,U,Monday,Not Used,PV,Hispanic,0,1,0,0,State Route,State Patrol,Washington State Patrol,1,1,0,0,0,thc,50,carboxy-thc,120,,0,0,0,,,,,,,,,,,98,98,98,1,,,,,20,,,,,,,,nms,1,0,,,,,,
2021,248,EB52131,6,07/15/2021,6:22,15,7,,25,Grant,0,1,,4,1,2,1,0,2,2,,,,12,0,6,18.2,2,0,2,2,1,1,3,0,0,20,3,SR-26,RD F SW,-119.6184694,46.89392222,0,1,89,17,2,50,15,0,0,1,2,12,1,1,2,1,1,1,2,53,0,12,422,1998,0,,12,,,,,,1,1,27,1,7,,4,7,20,7,11,0,07/15/2021,6:22,53034343,34343,0,0,0,0,1,38,,,,96,,,,,,98,,,,,,99301,53,65,106,0,0,0,3,0,0,,0,,,,,,0,07/15/2017,07/15/2017,8,0,0,0,0,9,8,,,0,,,8,8,2,1,,,1,,,2,1,0,,,,,,,,,,,,,,,,,,,,,,,,,,,,,,0,0,0,1,0,0,0,0,0,0,0,0,0,1,0,0,0,0,1,1,0,0,0,0,0,0,0,0,0,1,1,0,0,1,0,,1,0,0,0,0,0,0,0,0,0,1,1,0,0,0,0,,,,,,26-30,26-35,State route,R,Thursday,Not Used,PV,White,1,0,0,0,State Route,State Patrol,Washington State Patrol,0,1,0,0,0,,,,,,0,0,0,,,,,,,,,,,0,0,0,1,,,,,20,,,,,,,,,1,0,,,,,,
2021,286,EB56433,6,08/08/2021,0:35,8,8,,25,Grant,0,1,,2,1,2,1,0,5,3,,,,12,0,2,10.6,1,0,1,4,1,1,3,0,0,0,0,SR-243,,-119.9138194,46.68986111,0,2,98,98,7,60,15,0,0,1,5,54,1,1,2,1,1,3,1,53,0,20,423,2017,0,,54,,,,,,1,1,45,1,0,,0,0,3,0,11,0,,,,,0,0,3,3,1,0,,,,96,,,,,,98,,,,,,99301,53,64,150,6,1,0,0,0,0,,0,,,,,,0,,,20,0,0,0,8,9,8,,,0,,,8,8,0,0,,,0,,,0,0,996,,,,,,,,,,,,,,,,,,,,,,,,,,,,,,0,0,0,0,1,1,0,1,0,0,0,0,0,0,0,0,0,0,0,0,0,0,0,1,1,0,0,0,0,1,0,0,0,0,0,,0,0,0,0,0,0,0,0,0,0,0,0,0,0,0,0,,,,,,41-45,36-45,State route,R,Sunday,Belt Used,PV,Not Fatal,0,1,1,0,State Route,State Patrol,Washington State Patrol,0,1,0,0,0,,,,,,0,0,0,,,,,,,,,,,98,98,98,0,,,,,20,,,,,,,,,1,14,,,,,,
2021,292,EB57524,1,08/06/2021,5:08,6,8,,71,Walla Walla,0,1,,2,1,2,1,0,2,2,,,,12,0,2,9.1,1,0,1,4,1,1,3,0,0,0,0,SR-124,,-118.8362278,46.23656389,0,2,51,62,4,65,14,0,0,1,2,12,1,2,2,1,1,1,1,53,0,49,402,2000,0,,12,,,,,,1,1,44,1,0,,3,0,3,0,11,5,,,,,99,9,9,9,1,0,,,,96,,,,,,98,,,,,,99301,99,,999,9,9,99,99,99,99,,0,,,,,,0,,,8,0,0,0,8,9,2,,,0,,,8,8,8,95,,,96,,,0,0,996,,,,,,,,,,,,,,,,,,,,,,,,,,,,,,0,0,0,0,0,0,0,0,0,0,0,0,0,0,0,0,0,0,0,0,0,0,0,0,0,0,0,0,0,1,0,0,0,0,0,,0,0,0,0,0,0,0,0,0,0,0,0,0,0,0,0,,,,,,41-45,36-45,State route,R,Friday,Belt Used,PV,Not Fatal,0,1,1,0,State Route,State Patrol,Washington State Patrol,0,1,0,0,0,,,,,,99,99,99,,,,,,,,,,,98,98,98,0,,,,,20,,,,,,,,,1,0,,,,,,