year,case,par,repjur,crash_dt,crash_tm,accday,accmon,holiday,county,co_char,city,weather,weather2,lightcond,surfcond,surftype,numfatal,nmforms,pforms,vforms,not_tm,arr_tm,hosp_tm,fhevent,hitrun,manncol,milepnt,reljunc,reljuncinter,intersectiontype,funcsystem,landuse,ownership,route,schlbus,spejur,contdev,devfunc,trafid1,trafid2,x,y,wk_zone,vnumber,crashtype,criticalevent,criticaleventcat,spdlim,body,trailer,emerg,hazcargo,leave,mhevent,roadalgn,roadprof,traflane,trafflow,vehmanvr,numoccs,regowner,regstate,spuse,make,model,modelyr,vrf1,vrf2,seqevent1,seqevent2,seqevent3,seqevent4,seqevent5,seqevent6,pnumber,ptype,age,sex,hispanic,race,injury,diedscene,restraint,restraintmisuse,seatpos,takehosp,death_dt,death_tm,cert,cernum_wa,commlic,licendor,licrestrict,liccomp,drivpres,drf1,drf2,drf3,drf4,distract1,distract2,distract3,distract4,distract5,distract6,dricond1,dricond2,dricond3,dricond4,dricond5,dricond6,dzip,licstate,drhgt_in,weight,noncdl,noncdltype,prevdwi,prevoth,prevacc,prevspd,prevsus,driviol1,driviol2,driviol3,driviol4,driviol5,driviol6,spdrel,first_dt,last_dt,airbag,ejection,ejectpath,extricat,injurwrk,methalc,methdrug,nmlocat,strikveh,prf1,prf2,prf3,druginv,alcinvol,drugsts,drugres1,drugres2,drugres3,drugtst1,drugtst2,drugtst3,alcsts,alctst,alcres,nmact1,nmact2,nmact3,nmact4,nmact5,nmact6,nmprior1,nmprior2,nmprior3,nmprior4,nmprior5,nmprior6,nmcond1,nmcond2,nmcond3,nmcond4,nmcond5,nmcond6,nmsafe_helmet,nmsafe_pads,nmsafe_oth,nmprev_ref,nmprev_lgt,nmprev_oth,crashlocation,nmcrashtype,crosswalk,schoolzone,sidewalk,train_inv,wildlife_inv,rotr_fars,intersect_fars,dd_inv,aid_inv,dpd_inv,id_inv,mj_inv,impnm_inv,ainm_inv,dpnm_inv,speed_inv,unlic_inv,unendmc_inv,drowsy_inv,drdist_inv,nmdist_inv,fty_inv,unrestfat_inv,dr1617_inv,dr1820_inv,dr1620_inv,dr2125_inv,dr1625_inv,dr65_inv,dr70_inv,dr75_inv,mc_inv,pv_inv,ht_inv,ped_inv,bike_inv,unrest_fat,mc_fat,unhelmet_mc,pv_fat,ht_fat,ped_fat,bike_fat,dr_alc7,dr_alc8,dr_drug,dr_imp,dr_dist,dr_spd,dr_fty,dr_unlic,dr_alc7only,dr_alc8only,dr_drugonly,dr_drink,nm_imp,nm_alc7,nm_alc8,nm_drug,nm_dist,agegrp1,agegrp2,roadclass,urbrur,dayweek,restuse,vehtype,race_me,intersect,lanedep,oppdir,wrongway,rep_typ,investag,repag_long,rotr,st_rd,cty_rd,city_rd,oth_rd,drug_thc,thc_res,drug_cthc,cthc_res,drug_cann,prevpersemin,prevperse,prevsusoth,drugtst4,drugtst5,drugtst6,drugtst7,drugtst8,drugres4,drugres5,drugres6,drugres7,drugres8,adspresent,adsengaged,adslevel,race1,race2,race3,race4,race5,helmet,helmetmisuse,nmdistract1,nmdistract2,nmdistract3,nmdistract4,nmdistract5,nmdistract6,lab,isedtcase,crf1,crf2,crf3,CoRoadName,CoMP,IntCoRoadName,IntCoMP
2021,388,EB74033,229,09/04/2021,19:13,4,9,,21,Franklin,1660,1,,1,1,2,1,0,4,2,,,,12,0,6,0,2,0,2,4,2,4,6,0,0,20,3,W COURT ST,ROAD 88,-119.2063917,46.24935278,0,1,86,17,2,25,4,0,0,1,2,12,1,1,2,1,4,2,1,53,0,49,40,2004,0,,12,,,,,,1,1,23,2,0,,2,0,3,0,11,5,,,,,0,0,0,3,1,38,,,,92,,,,,,98,,,,,,99301,53,61,150,6,1,0,0,0,0,,46,75,,,,,0,,,8,0,0,0,8,1,1,,,0,,,0,0,2,1,,,1,,,2,98,0,,,,,,,,,,,,,,,,,,,,,,,,,,,,,,0,0,0,1,1,1,1,1,0,0,0,0,1,0,0,0,1,0,1,1,0,0,0,1,1,0,0,0,0,1,0,0,0,0,0,,0,0,0,0,0,0,0,0,1,0,1,0,0,0,0,0,,,,,,21-25,16-25,City street,U,Saturday,Belt Used,PV,Not Fatal,1,0,0,0,City Street,Municipal/City Police,Pasco Police Department,0,0,0,1,0,,,,,,0,0,0,,,,,,,,,,,98,98,98,0,,,,,20,,,,,,,,,1,0,,,,,,
2021,424,EB79411,1,10/15/2021,7:06,15,10,,77,Yakima,0,1,,2,1,2,1,0,1,1,,,,1,0,0,18.5,1,0,1,5,1,1,3,0,0,0,0,SR-241,,-119.9383,46.45759167,0,1,2,13,2,55,34,0,0,1,2,1,3,2,2,1,14,1,3,53,0,20,481,1995,0,,63,1,38,,,,1,1,53,1,7,,4,7,20,7,11,0,10/15/2021,7:06,53053542,53542,0,0,3,3,1,0,,,,96,,,,,,98,,,,,,99301,53,70,230,6,1,0,1,0,2,,0,,,,,,4,04/15/2017,07/15/2020,20,1,9,0,0,9,8,,,0,,,8,8,2,1,,,1,,,2,1,0.219,,,,,,,,,,,,,,,,,,,,,,,,,,,,,,0,0,0,0,1,1,0,1,0,0,0,0,1,0,0,0,0,0,0,1,0,0,0,0,0,0,0,0,0,1,0,0,0,1,0,,1,0,0,0,0,1,0,1,0,1,0,0,0,1,0,1,,,,,,51-55,46-55,State route,R,Friday,Not Used,PV,White,0,1,0,0,State Route,State Patrol,Washington State Patrol,1,1,0,0,0,,,,,,0,0,1,,,,,,,,,,,0,0,0,1,,,,,20,,,,,,,,,1,0,,,,,,
2021,453,EB87207,1,11/07/2021,10:59,7,11,,21,Franklin,0,1,,1,1,1,1,1,1,1,,,,8,0,0,43.1,1,0,1,2,1,1,2,0,0,0,0,US-395,,-119.0240028,46.43393056,0,1,13,80,5,70,34,1,0,1,5,8,1,1,2,2,1,1,2,53,0,12,481,2017,0,,63,8,,,,,1,1,79,1,0,,0,0,3,0,11,0,,,,,0,0,3,3,1,0,,,,96,,,,,,98,,,,,,99301,32,68,180,6,1,0,0,0,0,,0,,,,,,0,,,20,0,0,0,8,9,8,,,0,,,8,8,8,95,,,96,,,0,0,996,,,,,,,,,,,,,,,,,,,,,,,,,,,,,,0,0,0,0,0,0,0,0,0,0,0,0,0,0,0,0,0,0,0,0,0,0,0,0,0,1,1,1,0,1,0,1,0,0,0,,0,0,0,0,0,0,0,0,0,0,0,0,0,0,0,0,,,,,,76-80,76+,US highway,R,Sunday,Belt Used,PV,Not Fatal,0,0,0,0,State Route,State Patrol,Washington State Patrol,0,1,0,0,0,,,,,,0,0,0,,,,,,,,,,,98,98,98,0,,,,,20,,,,,,,,,1,0,,,,,,
2021,550,EC06619,159,12/27/2021,19:19,27,12,,5,Benton,1020,1,,3,1,2,1,0,3,2,,,,12,0,6,0,3,0,3,5,2,4,6,0,0,0,0,S ELY ST,S Huntington St,-119.1590194,46.18218333,0,2,66,62,4,35,14,0,0,1,2,12,1,2,3,5,1,2,2,53,0,2,403,2010,0,,12,,,,,,1,1,38,2,0,,3,0,3,0,11,5,,,,,0,0,0,3,1,0,,,,96,,,,,,98,,,,,,99301,53,62,150,6,1,0,0,0,0,,0,,,,,,0,,,1,0,0,0,8,9,8,,,0,,,8,8,8,95,,,96,,,8,95,995,,,,,,,,,,,,,,,,,,,,,,,,,,,,,,0,0,0,1,1,1,1,1,0,0,0,0,0,1,0,0,0,0,0,0,0,0,0,1,1,0,0,0,0,1,0,0,0,0,0,,0,0,0,0,0,0,0,0,0,0,0,0,0,0,0,0,,,,,,36-40,36-45,City street,U,Monday,Belt Used,PV,Not Fatal,0,1,1,0,City Street,Municipal/City Police,Kennewick Police Department,0,0,0,1,0,,,,,,0,0,0,,,,,,,,,,,98,98,98,0,,,,,20,,,,,,,,,1,0,,,,,,
2021,587,3889810,344,12/19/2021,19:37,19,12,,77,Yakima,2300,10,,3,2,2,1,1,2,1,,,,8,0,0,3.3,1,0,1,4,2,1,3,0,3,0,0,SR-022,,-120.3195194,46.37003333,0,1,13,80,5,55,6,0,0,1,5,8,1,1,3,1,1,2,1,53,0,35,51,2018,0,,8,,,,,,1,1,43,2,0,,0,0,3,0,11,0,,,,,0,0,0,3,1,0,,,,96,,,,,,0,,,,,,99320,53,65,145,6,1,0,0,3,0,,0,,,,,,0,07/15/2018,09/15/2019,20,0,0,0,8,9,8,,,0,,,8,8,8,95,,,96,,,8,95,995,,,,,,,,,,,,,,,,,,,,,,,,,,,,,,0,0,0,0,0,0,0,0,0,0,0,0,0,0,0,0,0,0,0,0,0,0,0,0,0,0,0,0,0,1,0,1,0,0,0,,0,0,0,0,0,0,0,0,0,0,0,0,0,0,0,0,,,,,,41-45,36-45,State route,U,Sunday,Belt Used,PV,Not Fatal,0,0,0,0,State Route,Other Law Enforcement,Yakama Tribal Police Department,0,1,0,0,0,,,,,,0,0,0,,,,,,,,,,,98,98,98,0,,,,,20,,,,,,,,,1,0,,,,,,
2018,212,E815065,250,07/01/2018,2:03,1,7,0,5,Benton,1850,1,0,3,1,2,1,1,1,1,,,,8,0,0,0,3,0,2,4,2,4,6,0,0,2,3,JADWIN AVE,SYMONS ST,-119.2774694,46.28936111,0,1,13,80,5,35,6,0,0,1,7,8,1,1,2,1,1,1,1,53,0,48,34,1991,0,0,8,,,,,,1,1,64,2,0,0,0,0,3,0,11,0,,,,,0,0,3,3,1,0,0,0,0,96,,,,,,0,,,,,,99320,53,62,200,6,1,0,0,1,0,,0,,,,,,0,08/15/2016,08/15/2016,20,0,0,0,8,9,2,,,0,0,0,0,0,2,1,,,1,,,2,1,0,,,,,,,,,,,,,,,,,,,,,,,,,,,,,,0,0,0,1,0,0,0,0,0,1,0,1,0,0,0,0,0,0,0,0,0,0,0,0,0,0,0,0,0,1,0,1,0,0,0,,0,0,0,0,0,0,0,0,0,0,0,0,0,0,0,0,,,,,,61-65,56-65,City street,U,Sunday,Belt Used,PV,Not Fatal,1,0,0,0,City Street,Municipal/City Police,Richland Police Department,0,0,0,1,0,,,,,,0,0,0,,,,,,,,,,,,,,,,,,,,,,,,,,,,,,,,,,,
2018,318,E832575,4,08/23/2018,2:43,23,8,0,1,Adams,0,1,0,3,1,1,1,0,1,1,,,,1,0,0,101.9,1,0,1,3,1,1,2,0,0,0,0,US-395,,-118.4071861,47.10307778,0,1,98,12,2,70,2,0,0,1,7,1,2,2,2,3,14,1,2,53,0,20,16,2000,0,0,64,1,,,,,1,1,18,1,6,1,4,7,20,0,11,0,08/23/2018,2:43,53037883,37883,0,0,0,3,1,0,0,0,0,96,,,,,,2,,,,,,99320,53,68,130,6,1,0,1,0,0,,0,,,,,,0,05/15/2018,05/15/2018,20,1,9,0,0,9,8,,,0,0,0,8,0,2,1,,,1,,,2,1,0,,,,,,,,,,,,,,,,,,,,,,,,,,,,,,0,0,0,0,0,0,0,0,0,0,0,0,0,0,0,1,0,0,0,1,0,1,1,0,1,0,0,0,0,1,0,0,0,1,0,,1,0,0,0,0,0,0,0,0,0,0,0,0,0,0,0,,,,,,18-20,16-25,US highway,R,Thursday,Not Used,PV,Hispanic,0,1,0,0,State Route,State Patrol,Washington State Patrol,1,1,0,0,0,,,,,,0,0,0,,,,,,,,,,,,,,,,,,,,,,,,,,,,,,,,,,,
2019,68,E882470,250,01/08/2019,20:53,8,1,,5,Benton,1850,2,0,3,2,2,1,0,1,1,,,,19,0,0,0,1,0,1,7,2,4,6,0,0,0,0,JADWIN AVE,,-119.2752139,46.28110833,0,1,2,1,1,30,14,0,0,1,7,2,1,1,2,1,1,1,1,53,0,20,401,2003,0,0,61,63,19,2,,,1,1,60,1,7,,4,0,99,7,11,5,01/13/2019,18:55,1.85053E+11,2802,0,0,3,3,1,80,0,0,0,96,,,,,,99,,,,,,99320,53,68,220,6,1,0,2,0,0,,0,,,,,,0,01/15/2015,05/15/2018,20,0,0,0,0,9,8,,,0,0,0,8,9,8,95,,,96,,,8,95,995,,,,,,,,,,,,,,,,,,,,,,,,,,,,,,0,0,0,0,0,0,0,0,0,0,0,0,0,0,0,0,0,0,0,0,0,0,0,0,0,0,0,0,0,1,0,0,0,0,0,,1,0,0,0,0,0,0,0,0,0,0,0,0,0,0,0,,,,,,56-60,56-65,City street,U,Tuesday,Unknown,PV,White,0,1,0,0,City Street,Municipal/City Police,Richland Police Department,1,0,0,1,0,,,,,,0,0,0,,,,,,,,,,,98,98,98,1,,,,,20,7,,,,,,,,,,,,,,,
2019,39,E891889,1,02/02/2019,20:30,2,2,,21,Franklin,1660,2,0,3,2,1,2,0,11,7,,,,12,0,1,8.8,1,0,1,1,2,1,1,0,0,0,0,I-182,,-119.1919778,46.26844722,0,2,25,53,3,70,15,0,0,1,2,12,1,2,3,2,1,1,1,53,0,2,422,2014,0,0,12,65,12,12,12,12,1,1,44,2,7,,4,7,3,0,11,0,02/02/2019,20:30,1.66053E+11,5705,0,0,0,3,1,0,0,0,0,0,,,,,,0,,,,,,99320,53,69,190,6,1,0,0,0,1,,0,,,,,,0,11/15/2016,11/15/2016,20,0,0,0,0,9,8,,,0,0,0,8,0,2,1,,,1,,,2,4,0,,,,,,,,,,,,,,,,,,,,,,,,,,,,,,0,0,0,0,0,0,0,0,0,0,0,0,0,1,0,0,0,0,0,0,0,0,0,1,1,0,0,0,0,1,0,0,0,0,0,,1,0,0,0,0,0,0,0,0,0,0,0,0,0,0,0,,,,,,41-45,36-45,Interstate,U,Saturday,Belt Used,PV,White,0,0,0,0,State Route,State Patrol,Washington State Patrol,0,1,0,0,0,,,,,,0,0,0,,,,,,,,,,,98,98,98,1,,,,,20,7,,,,,,,,,,,,,,,
2019,450,E996708,1,12/20/2019,11:34,20,12,,5,Benton,0,1,0,1,1,1,1,0,2,1,,,,1,0,0,97.3,1,0,1,1,1,1,1,0,0,0,0,I-82,,-119.4615861,46.25447222,0,1,7,6,1,70,2,0,0,1,7,1,1,2,2,2,1,2,1,53,0,12,3,2013,0,0,64,1,,,,,1,1,58,1,0,,3,0,3,0,11,4,,,,,6,0,0,3,1,91,0,0,0,96,,,,,,0,,,,,,99320,53,71,190,6,1,0,0,0,0,,1,,,,,,4,,,8,0,0,0,8,9,2,,,0,0,0,0,0,8,95,,,96,,,8,95,995,,,,,,,,,,,,,,,,,,,,,,,,,,,,,,0,0,0,0,0,0,0,0,0,0,0,0,1,0,0,0,0,0,0,0,0,0,0,0,0,0,0,0,0,1,0,0,0,0,0,,0,0,0,0,0,0,0,0,0,1,0,0,0,0,0,0,,,,,,56-60,56-65,Interstate,R,Friday,Belt Used,PV,Not Fatal,0,1,0,0,State Route,State Patrol,Washington State Patrol,1,1,0,0,0,,,,,,0,0,0,,,,,,,,,,,98,98,98,0,,,,,20,7,,,,,,,,,,,,,,,
2020,183,EA41186,44,06/13/2020,12:20,13,6,,71,Walla Walla,0,1,,1,1,4,1,0,3,1,15:33,15:47,18:00,1,0,0,4.5,1,0,1,6,1,2,4,0,0,0,0,CR-BYRNES RD,,-118.7679556,46.05686944,0,1,98,9,1,50,96,0,0,1,5,1,2,1,8,1,14,3,2,53,0,98,734,2010,0,,1,,,,,,1,1,14,2,0,,0,0,3,0,11,0,,,,,0,0,0,1,1,0,,,,96,,,,,,0,,,,,,99320,53,,999,0,0,99,99,99,99,,97,,,,,,0,,,20,9,0,0,8,9,8,,,0,,,8,8,0,0,,,0,,,0,0,996,,,,,,,,,,,,,,,,,,,,,,,,,,,,,,0,0,0,0,0,0,0,0,0,0,0,0,0,1,0,0,0,0,0,0,0,0,0,0,0,0,0,0,0,0,0,0,0,0,0,,0,0,0,0,0,0,0,0,0,0,0,1,0,0,0,0,,,,,,10ÔÂ15ÈÕ,0-15,County road,R,Saturday,,OTHVT,Not Fatal,0,1,0,0,County Road,County Sheriff,Walla Walla County Sheriff's Office,1,0,1,0,0,,,,,,99,99,99,,,,,,,,,,,0,0,0,0,,,,,17,7,,,,,,,,1,0,,,BYRNES RD,4.459,,
2021,331,EB63518,20,08/07/2021,18:30,7,8,,23,Garfield,0,1,,1,1,4,1,0,1,1,,,,30,0,0,,1,0,1,7,1,2,4,0,0,0,0,CR-KESSLER MILL RD,,-117.5132444,46.01025,0,1,1,13,2,50,90,0,0,1,5,30,4,1,8,8,14,1,0,0,0,37,734,2005,0,,63,30,,,,,1,1,65,1,7,,4,7,20,7,11,0,08/07/2021,18:30,53038429,38429,0,0,0,1,1,0,,,,96,,,,,,98,,,,,,99320,53,67,190,6,1,0,0,0,1,,0,,,,,,0,07/15/2017,07/15/2017,20,9,0,0,0,9,8,,,0,,,8,8,2,1,,,1,,,2,1,0.176,,,,,,,,,,,,,,,,,,,,,,,,,,,,,,0,0,1,0,1,1,0,1,0,0,0,0,0,0,0,0,0,0,0,0,0,0,0,0,0,1,0,0,0,0,0,0,0,0,0,,0,0,0,0,0,1,0,1,0,0,0,0,0,1,0,1,,,,,,61-65,56-65,County road,R,Saturday,,OTHVT,White,0,1,0,0,County Road,County Sheriff,Garfield County Sheriff's Office,1,0,1,0,0,,,,,,0,0,0,,,,,,,,,,,0,0,0,1,,,,,17,,,,,,,,,1,0,,,KESSLER MILL RD,0.5,NULL,
2021,437,EB83183,1,10/28/2021,5:32,28,10,,5,Benton,0,1,,3,1,2,1,0,2,2,,,,12,0,6,20.5,2,0,2,4,1,1,3,0,0,20,3,SR-240,SR-225,-119.4228139,46.3833,0,1,89,17,2,98,4,0,0,1,2,12,1,1,3,1,4,1,1,53,0,30,40,2006,0,,12,,,,,,1,1,66,1,7,,4,7,20,7,11,0,10/28/2021,5:32,53055046,55046,0,0,0,3,1,38,,,,96,,,,,,98,,,,,,99320,53,66,170,6,1,0,1,0,0,,0,,,,,,0,05/15/2018,05/15/2018,8,2,9,0,0,9,8,,,0,,,8,8,2,1,,,1,,,2,1,0,,,,,,,,,,,,,,,,,,,,,,,,,,,,,,0,0,0,1,0,0,0,0,0,0,0,0,0,0,0,0,0,0,1,1,0,0,0,0,0,1,0,0,0,1,1,0,0,1,0,,1,0,0,0,0,0,0,0,0,0,1,0,0,0,0,0,,,,,,66-70,66-75,State route,R,Thursday,Not Used,PV,White,1,0,0,0,State Route,State Patrol,Washington State Patrol,0,1,0,0,0,,,,,,0,0,0,,,,,,,,,,,98,98,98,1,,,,,20,,,,,,,,,1,0,,,,,,
2017,386,E718363,6,09/25/2017,21:37,25,9,0,25,Grant,0,1,0,2,1,2,1,0,2,2,21:32,21:41,,12,0,2,10.9,1,0,1,4,1,1,3,0,0,0,0,SR-243,,-119.9166417,46.71251111,0,1,50,10,2,98,4,0,0,1,2,12,2,1,2,1,14,1,4,53,0,49,40,1999,0,0,68,12,63,1,64,,1,1,31,1,1,1,4,7,99,0,11,0,09/25/2017,21:37,53041670,41670,0,0,0,3,1,28,0,0,0,96,,,,,,9,,,,,,99321,53,66,162,6,1,0,0,0,2,0,0,,,,,,0,10/15/2014,06/15/2015,8,0,0,0,0,1,8,,,0,0,0,8,1,2,1,0,0,1,0,0,2,1,0.24,,,,,,,,,,,,,,,,,,,,,,,,,,,,,,0,0,0,0,1,1,0,1,0,0,0,0,0,0,0,0,0,0,0,0,0,0,0,0,0,0,0,0,0,1,1,0,0,0,0,,1,0,0,0,0,1,0,1,0,0,0,0,0,1,0,1,,,,,,31-35,26-35,State route,R,Monday,Unknown,PV,Hispanic,0,1,1,0,State Route,State Patrol,Washington State Patrol Headquarter,0,1,0,0,0,,,,,,,,,,,,,,,,,,,,,,,,,,,,,,,,,,,,,,,,,,,
2017,449,E728921,11,10/25/2017,6:14,25,10,0,5,Benton,0,1,0,2,1,2,1,0,2,2,,,,12,0,2,3.3,1,0,1,5,1,2,4,0,0,0,0,CR-WEBBER CANYON RD,,-119.4362722,46.21983056,0,1,50,10,2,50,34,0,0,1,2,12,4,2,8,1,6,1,1,53,0,49,471,1989,0,0,68,12,,,,,1,1,56,2,1,1,4,7,3,0,11,0,10/25/2017,6:14,12053046198,46198,6,0,0,3,1,33,0,0,0,96,,,,,,99,,,,,,99321,53,68,250,6,1,0,0,0,1,0,0,,,,,,0,03/15/2016,03/15/2016,20,0,0,0,0,9,8,,,0,0,0,8,9,2,1,0,0,1,0,0,2,1,0,,,,,,,,,,,,,,,,,,,,,,,,,,,,,,0,0,0,0,0,0,0,0,0,0,0,0,0,0,0,0,0,0,0,0,0,0,0,0,0,0,0,0,0,0,0,0,0,0,0,,0,0,0,0,0,0,0,0,0,0,0,0,0,0,0,0,,,,,,56-60,56-65,County road,R,Wednesday,Belt Used,PV,Hispanic,0,1,1,0,County Road,County Sheriff,Benton County Sheriff's Office,0,0,1,0,0,,,,,,,,,,,,,,,,,,,,,,,,,,,,,,,,,,,,,,,,,,,
2018,15,E761241,1,01/17/2018,17:20,17,1,0,5,Benton,0,10,0,2,1,2,1,0,4,4,17:23,17:37,,12,0,2,41.4,1,0,1,4,1,1,3,0,0,0,0,SR-24,,-119.7265444,46.61528611,0,1,50,54,3,60,14,0,0,1,2,12,2,2,2,1,6,1,1,53,0,24,401,2003,0,0,68,12,12,,,,1,1,67,1,7,1,4,7,3,0,11,0,01/17/2018,17:20,53002516,2516,6,0,3,3,1,33,0,0,0,96,,,,,,9,,,,,,99321,53,72,220,6,1,0,1,0,0,,0,,,,,,0,07/15/2015,07/15/2015,8,0,0,0,0,1,8,,,0,0,0,8,1,2,1,,,1,,,2,1,0.083,,,,,,,,,,,,,,,,,,,,,,,,,,,,,,0,0,0,0,1,1,0,1,0,0,0,0,0,0,0,0,0,0,0,0,0,0,0,0,0,1,0,0,0,1,1,0,0,0,0,,1,0,0,0,0,1,0,1,0,0,0,0,0,1,0,1,,,,,,66-70,66-75,State route,R,Wednesday,Belt Used,PV,White,0,1,1,0,State Route,State Patrol,Washington State Patrol Headquarter,0,1,0,0,0,,,,,,0,0,0,,,,,,,,,,,,,,,,,,,,,,,,,,,,,,,,,,,
2019,329,E924399,2,05/27/2019,19:40,27,5,,61,Snohomish,0,1,0,1,1,2,1,0,2,1,,,,1,0,0,214.3,1,0,1,1,1,1,1,0,0,0,0,I-5,,-122.2556333,48.25508611,0,1,1,13,2,70,14,0,0,1,2,1,1,1,3,2,1,2,9,99,0,12,401,1993,0,0,63,1,,,,,1,1,37,1,1,,4,0,20,7,11,8,05/29/2019,19:59,69053024257,24257,0,0,0,3,1,0,0,0,0,96,,,,,,99,,,,,,99323,53,66,167,6,1,0,0,1,0,,0,,,,,,0,12/15/2015,12/15/2015,98,1,9,0,0,9,8,,,0,0,0,8,8,2,401,417,348,1,1,1,2,1,0,,,,,,,,,,,,,,,,,,,,,,,,,,,,,,0,0,1,0,0,0,1,1,0,0,0,0,0,0,0,0,0,0,0,1,0,0,0,0,0,0,0,0,0,1,0,0,0,1,0,,1,0,0,0,0,0,1,1,0,0,0,0,0,0,1,0,,,,,,36-40,36-45,Interstate,R,Monday,Not Used,PV,Hispanic,0,1,0,0,State Route,State Patrol,Washington State Patrol,1,1,0,0,0,,,,,,0,0,0,,,,,,,,,,,0,0,0,298,,,,,20,7,,,,,,,,,,,,,,,
2019,22,E886916,,01/23/2019,23:43,23,1,,21,Franklin,0,10,0,2,1,1,1,0,2,2,,,,12,0,1,52.2,1,0,1,3,1,1,2,0,0,0,0,US-395,,-118.9964528,46.560425,0,1,24,51,3,70,20,0,0,1,7,12,1,2,2,3,1,1,1,53,0,7,442,1999,0,0,12,,,,,,1,1,35,1,7,,4,7,3,0,11,0,01/23/2019,23:43,53003578,3578,0,0,3,3,1,0,0,0,0,93,,,,,,2,,,,,,99324,53,74,180,6,1,0,1,1,1,,0,,,,,,0,03/15/2016,04/15/2018,1,0,0,0,0,9,8,,,0,0,0,8,0,8,95,,,96,,,8,95,995,,,,,,,,,,,,,,,,,,,,,,,,,,,,,,0,0,0,0,0,0,0,0,0,0,0,0,0,0,0,1,1,0,0,0,0,0,0,0,0,0,0,0,0,1,1,0,0,0,0,,1,0,0,0,0,0,0,0,1,0,0,0,0,0,0,0,,,,,,31-35,26-35,US highway,R,Wednesday,Belt Used,PV,Multiracial,0,0,0,0,State Route,State Patrol,Washington State Patrol,0,1,0,0,0,,,,,,0,0,0,,,,,,,,,,,0,0,0,202,248,,,,20,7,,,,,,,,,,,,,,,
2021,463,EB88241,14,11/06/2021,17:27,6,11,,11,Clark,0,2,,5,2,2,1,0,1,1,,,,24,0,0,0.6,1,0,1,4,2,2,4,0,0,0,0,CR-NE HAZEL DELL AVE,,-122.6699639,45.66311389,0,1,1,13,2,30,34,0,0,1,2,24,3,2,2,1,14,1,2,41,0,20,481,1992,0,,63,24,69,64,25,,1,1,34,1,1,,4,7,20,7,11,0,11/06/2021,17:27,53059077,59077,0,0,0,2,1,6,,,,96,,,,,,0,,,,,,99324,53,74,200,1,1,0,0,0,0,,0,,,,,,3,,,20,1,3,0,0,9,8,,,0,,,8,8,2,401,417,,1,1,,2,1,0,,,,,,,,,,,,,,,,,,,,,,,,,,,,,,0,0,1,0,0,0,1,1,0,0,0,0,1,1,0,0,0,0,0,1,0,0,0,0,0,0,0,0,0,1,0,0,0,1,0,,1,0,0,0,0,0,1,1,0,1,0,1,0,0,1,0,,,,,,31-35,26-35,County road,U,Saturday,Not Used,PV,Hispanic,0,1,0,0,County Road,County Sheriff,Clark County Sheriff's Office,1,0,1,0,0,,,,,,0,0,0,,,,,,,,,,,0,0,0,298,,,,,20,,,,,,,,,1,0,,,NE HAZEL DELL AVE,0.55,NULL,
2017,430,E725274,1,10/13/2017,19:27,13,10,0,21,Franklin,0,1,0,2,1,2,1,0,3,2,,,,12,0,6,3.1,2,0,2,5,1,1,3,0,0,20,3,SR-260,WAREHOUSE LANE,-118.9422722,46.66363056,0,1,88,17,2,50,4,0,0,1,2,12,1,1,2,1,1,2,1,53,0,35,47,2008,0,0,12,,,,,,1,1,34,2,0,0,3,0,3,0,11,4,,,,,0,0,0,3,1,38,39,0,0,96,,,,,,0,,,,,,99326,53,66,170,6,1,0,0,0,0,0,2,,,,,,0,,,8,0,0,0,8,9,8,,,0,0,0,8,0,0,0,0,0,0,0,0,0,0,996,,,,,,,,,,,,,,,,,,,,,,,,,,,,,,0,0,0,1,0,0,0,0,0,0,0,0,0,0,0,0,0,0,1,0,0,0,0,0,0,0,0,0,0,1,1,0,0,0,0,,0,0,0,0,0,0,0,0,0,0,1,0,0,0,0,0,,,,,,31-35,26-35,State route,R,Friday,Belt Used,PV,Not Fatal,1,0,0,0,State Route,State Patrol,Washington State Patrol Headquarter,0,1,0,0,0,,,,,,,,,,,,,,,,,,,,,,,,,,,,,,,,,,,,,,,,,,,
2018,418,E861807,6,10/29/2018,17:27,29,10,0,1,Adams,0,1,0,1,1,2,1,0,2,2,17:25,17:36,,12,0,6,46.8,2,0,2,3,1,1,3,0,0,0,0,SR-26,BOOKER RD,-119.0482028,46.79954167,0,2,86,66,4,60,14,0,0,1,7,12,1,1,2,1,1,1,1,53,0,12,402,2006,0,0,12,,,,,,1,1,35,2,7,1,4,7,3,0,11,0,10/29/2018,17:27,1.63053E+11,47642,0,0,0,3,1,0,0,0,0,96,,,,,,0,,,,,,99326,53,64,140,6,1,0,1,0,4,,0,,,,,,0,11/15/2013,06/15/2017,1,0,0,0,0,9,8,,,0,0,0,8,0,8,95,,,96,,,8,95,995,,,,,,,,,,,,,,,,,,,,,,,,,,,,,,0,0,0,1,0,0,0,0,0,0,0,0,0,0,0,0,1,0,0,0,0,0,0,0,0,1,0,0,0,1,1,0,0,0,0,,1,0,0,0,0,0,0,0,0,0,0,0,0,0,0,0,,,,,,31-35,26-35,State route,R,Monday,Belt Used,PV,White,1,0,0,0,State Route,State Patrol,Washington State Patrol,0,1,0,0,0,,,,,,0,0,0,,,,,,,,,,,,,,,,,,,,,,,,,,,,,,,,,,,