year,case,par,repjur,crash_dt,crash_tm,accday,accmon,holiday,county,co_char,city,weather,weather2,lightcond,surfcond,surftype,numfatal,nmforms,pforms,vforms,not_tm,arr_tm,hosp_tm,fhevent,hitrun,manncol,milepnt,reljunc,reljuncinter,intersectiontype,funcsystem,landuse,ownership,route,schlbus,spejur,contdev,devfunc,trafid1,trafid2,x,y,wk_zone,vnumber,crashtype,criticalevent,criticaleventcat,spdlim,body,trailer,emerg,hazcargo,leave,mhevent,roadalgn,roadprof,traflane,trafflow,vehmanvr,numoccs,regowner,regstate,spuse,make,model,modelyr,vrf1,vrf2,seqevent1,seqevent2,seqevent3,seqevent4,seqevent5,seqevent6,pnumber,ptype,age,sex,hispanic,race,injury,diedscene,restraint,restraintmisuse,seatpos,takehosp,death_dt,death_tm,cert,cernum_wa,commlic,licendor,licrestrict,liccomp,drivpres,drf1,drf2,drf3,drf4,distract1,distract2,distract3,distract4,distract5,distract6,dricond1,dricond2,dricond3,dricond4,dricond5,dricond6,dzip,licstate,drhgt_in,weight,noncdl,noncdltype,prevdwi,prevoth,prevacc,prevspd,prevsus,driviol1,driviol2,driviol3,driviol4,driviol5,driviol6,spdrel,first_dt,last_dt,airbag,ejection,ejectpath,extricat,injurwrk,methalc,methdrug,nmlocat,strikveh,prf1,prf2,prf3,druginv,alcinvol,drugsts,drugres1,drugres2,drugres3,drugtst1,drugtst2,drugtst3,alcsts,alctst,alcres,nmact1,nmact2,nmact3,nmact4,nmact5,nmact6,nmprior1,nmprior2,nmprior3,nmprior4,nmprior5,nmprior6,nmcond1,nmcond2,nmcond3,nmcond4,nmcond5,nmcond6,nmsafe_helmet,nmsafe_pads,nmsafe_oth,nmprev_ref,nmprev_lgt,nmprev_oth,crashlocation,nmcrashtype,crosswalk,schoolzone,sidewalk,train_inv,wildlife_inv,rotr_fars,intersect_fars,dd_inv,aid_inv,dpd_inv,id_inv,mj_inv,impnm_inv,ainm_inv,dpnm_inv,speed_inv,unlic_inv,unendmc_inv,drowsy_inv,drdist_inv,nmdist_inv,fty_inv,unrestfat_inv,dr1617_inv,dr1820_inv,dr1620_inv,dr2125_inv,dr1625_inv,dr65_inv,dr70_inv,dr75_inv,mc_inv,pv_inv,ht_inv,ped_inv,bike_inv,unrest_fat,mc_fat,unhelmet_mc,pv_fat,ht_fat,ped_fat,bike_fat,dr_alc7,dr_alc8,dr_drug,dr_imp,dr_dist,dr_spd,dr_fty,dr_unlic,dr_alc7only,dr_alc8only,dr_drugonly,dr_drink,nm_imp,nm_alc7,nm_alc8,nm_drug,nm_dist,agegrp1,agegrp2,roadclass,urbrur,dayweek,restuse,vehtype,race_me,intersect,lanedep,oppdir,wrongway,rep_typ,investag,repag_long,rotr,st_rd,cty_rd,city_rd,oth_rd,drug_thc,thc_res,drug_cthc,cthc_res,drug_cann,prevpersemin,prevperse,prevsusoth,drugtst4,drugtst5,drugtst6,drugtst7,drugtst8,drugres4,drugres5,drugres6,drugres7,drugres8,adspresent,adsengaged,adslevel,race1,race2,race3,race4,race5,helmet,helmetmisuse,nmdistract1,nmdistract2,nmdistract3,nmdistract4,nmdistract5,nmdistract6,lab,isedtcase,crf1,crf2,crf3,CoRoadName,CoMP,IntCoRoadName,IntCoMP
2019,157,E925995,1,06/01/2019,4:43,1,6,,21,Franklin,0,1,0,4,1,1,1,0,2,1,,,,1,0,0,50.5,1,0,1,3,1,1,2,0,0,0,0,US-395,,-119.0122,46.53842222,0,1,7,12,2,70,4,0,0,1,7,1,1,1,2,2,1,2,2,53,0,6,51,2005,0,0,64,69,64,1,,,1,1,21,1,1,,4,7,3,0,11,0,06/01/2019,4:43,53025172,25172,0,0,0,3,1,58,0,0,0,96,,,,,,9,,,,,,99326,53,64,220,6,1,0,1,0,2,,0,,,,,,0,12/15/2015,04/15/2018,20,2,9,0,0,1,8,,,0,0,0,1,1,2,417,605,695,1,1,1,2,1,0.25,,,,,,,,,,,,,,,,,,,,,,,,,,,,,,0,0,0,0,1,1,1,1,1,0,0,0,0,0,0,0,0,0,0,0,0,0,0,1,1,0,0,0,0,1,0,0,0,0,0,,1,0,0,0,0,1,1,1,0,0,0,0,0,0,0,1,,,,,,21-25,16-25,US highway,R,Saturday,Belt Used,PV,Hispanic,0,1,0,0,State Route,State Patrol,Washington State Patrol,1,1,0,0,0,thc,12,carboxy-thc,100,,0,0,0,,,,,,,,,,,98,98,98,1,,,,,20,7,,,,,,,,,,,,,,,
2021,89,EB19893,6,03/26/2021,4:42,26,3,,25,Grant,0,1,,2,1,2,1,0,3,3,,,,12,0,1,35.7,3,0,3,2,1,1,3,0,0,0,0,SR-17,RD5 SE,-119.1427222,47.01354167,0,1,28,52,3,60,66,1,0,1,5,12,1,1,2,1,2,1,3,53,0,87,881,2005,0,,12,68,12,,,,1,1,30,1,0,,0,0,3,0,11,0,,,,,6,1,0,3,1,26,,,,96,,,,,,98,,,,,,99326,53,68,200,6,1,0,1,0,2,,58,,,,,,0,03/15/2016,05/15/2019,20,0,0,0,8,9,8,,,0,,,8,8,2,996,996,,1,1,,2,1,0,,,,,,,,,,,,,,,,,,,,,,,,,,,,,,0,0,0,1,0,0,1,1,0,0,0,0,0,0,0,0,0,0,0,0,0,0,0,0,0,0,0,0,0,1,1,0,0,0,0,,0,0,0,0,0,0,1,1,0,0,0,0,0,0,1,0,,,,,,26-30,26-35,State route,R,Friday,,MHTRUCK,Not Fatal,1,0,0,0,State Route,State Patrol,Washington State Patrol,0,1,0,0,0,,,,,,0,0,0,,,,,,,,,,,98,98,98,0,,,,,20,,,,,,,,,1,0,,,,,,
2021,89,EB19893,6,03/26/2021,4:42,26,3,,25,Grant,0,1,,2,1,2,1,0,3,3,,,,12,0,1,35.7,3,0,3,2,1,1,3,0,0,0,0,SR-17,RD5 SE,-119.1427222,47.01354167,0,2,29,53,3,60,34,0,0,1,2,12,1,1,2,1,2,1,3,53,0,20,471,2000,0,,12,,,,,,1,1,57,1,7,,4,7,3,0,11,0,03/26/2021,4:42,53015310,15310,0,0,1,3,1,0,,,,96,,,,,,98,,,,,,99326,53,69,180,6,1,0,0,1,1,,0,,,,,,0,12/15/2016,12/15/2016,20,0,0,0,1,9,8,,,0,,,8,8,2,996,996,,1,1,,2,1,0,,,,,,,,,,,,,,,,,,,,,,,,,,,,,,0,0,0,1,0,0,1,1,0,0,0,0,0,0,0,0,0,0,0,0,0,0,0,0,0,0,0,0,0,1,1,0,0,0,0,,1,0,0,0,0,0,1,1,0,0,0,0,0,0,1,0,,,,,,56-60,56-65,State route,R,Friday,Belt Used,PV,White,1,0,0,0,State Route,State Patrol,Washington State Patrol,0,1,0,0,0,,,,,,0,0,0,,,,,,,,,,,98,98,98,1,,,,,20,,,,,,,,,1,0,,,,,,
2021,248,EB52131,6,07/15/2021,6:22,15,7,,25,Grant,0,1,,4,1,2,1,0,2,2,,,,12,0,6,18.2,2,0,2,2,1,1,3,0,0,0,0,SR-26,RD F SW,-119.6184694,46.89392222,0,2,88,66,4,60,66,2,0,1,2,12,1,1,3,1,1,1,3,53,0,82,881,1999,0,,12,,,,,,1,1,33,1,0,,0,0,3,0,11,0,,,,,0,2,0,2,1,0,,,,96,,,,,,98,,,,,,99326,53,63,180,6,1,1,0,0,0,,0,,,,,,0,09/15/2020,09/15/2020,20,0,0,0,8,9,8,,,0,,,8,8,8,95,,,96,,,8,95,995,,,,,,,,,,,,,,,,,,,,,,,,,,,,,,0,0,0,1,0,0,0,0,0,0,0,0,0,1,0,0,0,0,1,1,0,0,0,0,0,0,0,0,0,1,1,0,0,0,0,,0,0,0,0,0,0,0,0,0,0,0,0,0,0,0,0,,,,,,31-35,26-35,State route,R,Thursday,,MHTRUCK,Not Fatal,1,0,0,0,State Route,State Patrol,Washington State Patrol,0,1,0,0,0,,,,,,0,0,0,,,,,,,,,,,0,0,0,0,,,,,20,,,,,,,,,1,0,,,,,,
2019,370,E972260,1,09/19/2019,22:21,19,9,,77,Yakima,840,1,0,2,1,2,1,0,2,2,,,,12,0,2,71.9,1,0,1,1,1,1,1,0,0,0,0,I-82,,-119.9345778,46.27789722,0,2,51,54,3,70,4,0,0,1,2,12,1,1,2,2,1,1,1,53,0,18,25,2013,0,0,12,,,,,,1,1,21,2,0,,3,0,3,0,11,4,,,,,0,0,3,3,1,0,0,0,0,96,,,,,,0,,,,,,99327,53,64,140,6,1,0,0,2,2,,0,,,,,,0,06/15/2015,03/15/2017,8,0,0,0,8,9,8,,,0,0,0,8,0,8,95,,,96,,,8,95,995,,,,,,,,,,,,,,,,,,,,,,,,,,,,,,0,0,0,0,1,1,1,1,0,0,0,0,0,0,0,0,0,0,0,0,0,0,0,1,1,0,0,0,0,1,0,0,0,0,0,,0,0,0,0,0,0,0,0,0,0,0,0,0,0,0,0,,,,,,21-25,16-25,Interstate,R,Thursday,Belt Used,PV,Not Fatal,0,0,0,1,State Route,State Patrol,Washington State Patrol,0,1,0,0,0,,,,,,0,0,0,,,,,,,,,,,98,98,98,0,,,,,20,7,,,,,,,,,,,,,,,
2019,235,E941412,4,07/17/2019,9:45,17,7,,75,Whitman,0,10,0,1,1,2,1,0,1,1,,,,42,0,0,48.2,1,0,1,5,1,1,3,0,0,0,0,SR-27,,-117.0988833,47.19575833,0,1,6,12,2,55,34,0,0,1,2,42,2,3,2,1,14,1,1,53,0,49,471,1992,0,0,68,64,42,,,,1,1,61,1,7,,4,7,3,0,11,0,07/17/2019,9:45,53032768,32768,0,0,3,3,1,0,0,0,0,93,,,,,,99,,,,,,99328,53,72,230,6,1,0,0,0,0,,0,,,,,,0,,,20,0,0,0,0,9,8,,,0,0,0,8,0,2,996,244,155,1,1,1,2,1,0,,,,,,,,,,,,,,,,,,,,,,,,,,,,,,0,0,1,0,0,0,1,1,0,0,0,0,0,0,0,0,1,0,0,0,0,0,0,0,0,0,0,0,0,1,0,0,0,0,0,,1,0,0,0,0,0,1,1,1,0,0,0,0,0,1,0,,,,,,61-65,56-65,State route,R,Wednesday,Belt Used,PV,White,0,1,0,0,State Route,State Patrol,Washington State Patrol,1,1,0,0,0,,,,,,0,0,0,1,1,1,,,157,996,386,996,996,0,0,0,1,,,,,20,7,,,,,,,,,,,,,,,
2017,202,E684232,1,06/17/2017,7:15,17,6,0,21,Franklin,0,1,0,1,1,2,1,0,3,3,,,,12,0,8,1.7,1,0,1,3,1,1,3,0,0,0,0,SR-17,,-119.0018306,46.58564722,0,2,65,62,4,60,4,0,0,1,2,12,3,2,2,1,14,1,1,53,0,37,32,2004,0,0,12,63,25,2,,,1,1,63,1,0,0,2,0,3,0,11,4,,,,,0,0,3,3,1,0,0,0,0,0,,,,,,0,,,,,,99336,53,71,225,6,1,0,0,1,0,0,0,,,,,,0,11/15/2014,11/15/2014,8,0,0,0,8,9,8,,,0,0,0,8,0,0,0,0,0,0,0,0,0,0,996,,,,,,,,,,,,,,,,,,,,,,,,,,,,,,0,0,0,0,1,1,0,1,0,0,0,0,1,0,0,0,0,0,0,0,0,0,0,1,1,0,0,0,0,1,0,0,0,0,0,,0,0,0,0,0,0,0,0,0,0,0,0,0,0,0,0,,,,,,61-65,56-65,State route,R,Saturday,Belt Used,PV,Not Fatal,0,1,1,0,State Route,State Patrol,Washington State Patrol Headquarter,0,1,0,0,0,,,,,,,,,,,,,,,,,,,,,,,,,,,,,,,,,,,,,,,,,,,
2017,485,E742491,1,11/23/2017,18:51,23,11,8,5,Benton,1850,1,0,3,1,2,1,0,1,1,,,,24,0,0,0.3,5,0,1,3,2,1,3,0,0,0,0,SR-240 RAMP 103746,,-119.24765,46.243,0,1,7,12,2,60,14,0,0,1,2,25,1,2,2,3,1,1,2,53,0,20,401,2000,0,0,64,24,69,63,25,,1,1,39,1,7,2,4,0,20,0,11,4,11/26/2017,11:34,2.11053E+11,51484,0,0,0,2,1,0,0,0,0,0,,,,,,9,,,,,,99336,53,67,225,1,1,0,0,0,0,4,0,,,,,,0,01/15/2014,01/15/2017,20,1,9,0,0,9,2,,,0,0,0,1,1,2,402,605,0,1,1,0,2,1,0.096,,,,,,,,,,,,,,,,,,,,,,,,,,,,,,0,0,0,0,1,1,1,1,1,0,0,0,0,1,0,0,0,0,0,1,0,0,0,0,0,0,0,0,0,1,0,0,0,1,0,,1,0,0,0,0,1,1,1,0,0,0,1,0,0,0,1,,,,,,36-40,36-45,State route,U,Thursday,Not Used,PV,Black,0,1,0,0,State Route,State Patrol,Washington State Patrol Headquarter,1,1,0,0,0,thc,5.1,carboxy-thc,91,,,,,,,,,,,,,,,,,,,,,,,,,,,,,,,,,,,,,,,
2018,10,E757434,19,01/10/2018,6:12,10,1,0,21,Franklin,0,10,0,2,2,2,1,1,1,1,,,,8,0,0,0.8,1,0,1,6,1,2,4,0,0,0,0,CR-CLARK RD,,-119.1360278,46.30006944,0,1,13,80,5,50,20,0,0,1,7,8,1,1,2,1,1,1,1,53,0,7,442,2001,0,0,8,,,,,,1,1,38,1,0,0,0,0,3,0,11,0,,,,,0,0,3,3,1,0,0,0,0,0,,,,,,99,,,,,,99336,53,69,265,6,1,0,0,1,1,,0,,,,,,0,08/15/2014,11/15/2017,20,0,0,0,8,9,8,,,0,0,0,8,9,2,1,,,1,,,2,1,0,,,,,,,,,,,,,,,,,,,,,,,,,,,,,,0,0,0,0,0,0,0,0,0,1,0,1,0,0,0,0,0,0,0,0,0,0,0,0,0,0,0,0,0,1,0,1,0,0,0,,0,0,0,0,0,0,0,0,0,0,0,0,0,0,0,0,,,,,,36-40,36-45,County road,R,Wednesday,Belt Used,PV,Not Fatal,0,0,0,0,County Road,County Sheriff,Franklin County Sheriff's Office,0,0,1,0,0,,,,,,0,0,0,,,,,,,,,,,,,,,,,,,,,,,,,,,,,,,,,,,
2018,82,E783573,1,03/21/2018,19:06,21,3,0,21,Franklin,1660,1,0,3,1,1,1,0,2,1,,,,57,0,0,12.3,1,0,1,1,2,1,1,0,0,0,0,I-182,,-119.1638722,46.25976944,0,1,7,13,2,60,15,0,0,1,2,1,1,1,2,3,1,2,1,53,0,19,421,2002,0,0,63,69,64,57,1,,1,1,18,2,0,0,2,0,3,0,11,4,,,,,0,0,9,3,1,91,0,0,0,3,,,,,,0,,,,,,99336,53,63,150,6,7,0,0,0,1,,2,,,,,,0,09/15/2017,09/15/2017,20,0,0,0,8,9,8,,,0,0,0,8,0,8,95,,,96,,,8,95,995,,,,,,,,,,,,,,,,,,,,,,,,,,,,,,0,0,0,0,0,0,0,0,0,0,0,0,0,0,0,0,1,0,0,1,0,1,1,0,1,0,0,0,0,1,0,0,0,0,0,,0,0,0,0,0,0,0,0,1,0,0,0,0,0,0,0,,,,,,18-20,16-25,Interstate,U,Wednesday,Belt Used,PV,Not Fatal,0,1,0,0,State Route,State Patrol,Washington State Patrol Headquarter,1,1,0,0,0,,,,,,0,0,0,,,,,,,,,,,,,,,,,,,,,,,,,,,,,,,,,,,
2018,143,E801163,159,05/03/2018,15:15,3,5,0,5,Benton,1020,1,0,1,99,2,1,1,1,1,15:16,15:22,15:34,15,0,0,0,2,0,2,7,2,4,6,0,0,0,0,S RAINIER ST,W 6TH ST,-119.1431222,46.20309444,0,1,13,83,5,25,4,0,0,1,7,15,1,1,2,1,1,1,1,53,0,49,40,2014,0,0,15,,,,,,1,1,77,1,0,0,0,0,3,0,11,0,,,,,0,0,3,3,1,0,0,0,0,96,,,,,,0,,,,,,99336,53,70,215,6,1,0,0,0,1,,0,,,,,,0,06/15/2017,06/15/2017,20,0,0,0,8,9,8,,,0,0,0,8,0,8,95,,,96,,,8,95,995,,,,,,,,,,,,,,,,,,,,,,,,,,,,,,0,0,0,1,0,0,0,0,0,0,0,0,0,0,0,0,0,1,0,0,0,0,0,0,0,1,1,1,0,1,0,1,0,0,0,,0,0,0,0,0,0,0,0,0,0,0,0,0,0,0,0,,,,,,76-80,76+,City street,U,Thursday,Belt Used,PV,Not Fatal,1,0,0,0,City Street,Municipal/City Police,Kennewick Police Department,0,0,0,1,0,,,,,,0,0,0,,,,,,,,,,,,,,,,,,,,,,,,,,,,,,,,,,,
2018,152,E802773,250,05/23/2018,17:27,23,5,0,5,Benton,1850,1,0,1,1,2,1,0,2,2,,,,12,0,6,0,2,0,2,3,2,4,6,0,0,3,3,STEPTOE ST,CENTER PKWY,-119.2438722,46.21236389,0,1,68,15,2,35,34,1,0,1,7,12,1,2,2,2,11,1,1,53,0,7,482,2002,0,0,12,,,,,,1,1,40,1,0,0,0,0,3,0,11,0,,,,,6,1,0,3,1,38,0,0,0,96,,,,,,0,,,,,,99336,53,67,200,6,1,0,0,0,0,,97,,,,,,0,,,20,0,0,0,8,9,2,,,0,0,0,0,0,2,1,,,1,,,2,1,0,,,,,,,,,,,,,,,,,,,,,,,,,,,,,,0,0,0,1,0,0,0,0,0,0,0,0,0,0,0,0,0,0,1,0,0,0,0,1,1,0,0,0,1,1,0,0,0,0,0,,0,0,0,0,0,0,0,0,0,0,1,0,0,0,0,0,,,,,,36-40,36-45,City street,U,Wednesday,Belt Used,PV,Not Fatal,1,0,0,0,City Street,Municipal/City Police,Richland Police Department,0,0,0,1,0,,,,,,0,0,0,,,,,,,,,,,,,,,,,,,,,,,,,,,,,,,,,,,
2018,506,E815953,11,06/30/2018,0:37,30,6,0,5,Benton,0,8,0,3,8,8,1,0,1,1,,,,10,0,0,0.8,1,0,1,7,1,2,8,0,0,65,3,CR-E PERKINS RD,,-119.0612194,46.17610556,0,1,98,12,2,98,4,0,0,1,7,10,1,1,2,1,5,1,2,53,0,30,46,2007,0,0,64,10,,,,,1,1,20,2,7,1,4,7,20,0,11,0,06/30/2018,0:37,53029040,29040,0,0,0,2,1,0,0,0,0,96,,,,,,9,,,,,,99336,53,67,130,1,1,0,0,2,4,,0,,,,,,0,04/15/2016,05/15/2018,8,2,9,0,0,9,8,,,0,0,0,8,1,2,1,,,1,,,2,1,0.19,,,,,,,,,,,,,,,,,,,,,,,,,,,,,,1,0,0,0,1,1,0,1,0,0,0,0,0,1,0,0,0,0,0,1,0,1,1,0,1,0,0,0,0,1,0,0,0,1,0,,1,0,0,0,0,1,0,1,0,0,0,1,0,1,0,1,,,,,,18-20,16-25,Other,R,Saturday,Not Used,PV,White,1,0,0,0,County Road,County Sheriff,Benton County Sheriff's Office,0,0,1,0,0,,,,,,1,0,4,,,,,,,,,,,,,,,,,,,,,,,,,,,,,,,,,,,
2018,267,E826046,1,07/29/2018,23:22,29,7,0,5,Benton,1020,1,0,3,1,2,1,0,1,1,23:28,23:32,,31,0,0,17.9,3,0,4,3,2,1,2,0,0,0,0,US-397,COLUMBIA DR,-119.1073139,46.212325,0,1,1,13,2,35,4,0,0,1,2,42,1,2,3,1,1,1,2,53,0,54,35,2004,0,0,63,31,42,,,,1,1,27,1,1,1,4,7,3,0,11,0,07/29/2018,23:22,1.02053E+11,34132,0,0,0,3,1,0,0,0,0,96,,,,,,99,,,,,,99336,53,65,180,6,1,0,0,0,0,,0,,,,,,4,,,8,0,0,0,0,9,8,,,0,0,0,8,9,2,605,695,,1,1,,2,1,0.11,,,,,,,,,,,,,,,,,,,,,,,,,,,,,,0,0,1,1,1,1,1,1,1,0,0,0,1,0,0,0,0,0,0,0,0,0,0,0,0,0,0,0,0,1,0,0,0,0,0,,1,0,0,0,0,1,1,1,0,1,0,0,0,0,0,1,,,,,,26-30,26-35,US highway,U,Sunday,Belt Used,PV,Hispanic,1,0,0,0,State Route,State Patrol,Washington State Patrol,0,1,0,0,0,thc,13,carboxy-thc,61,,0,0,0,,,,,,,,,,,,,,,,,,,,,,,,,,,,,,,,,,,
2018,404,E857842,11,11/04/2018,18:15,4,11,0,5,Benton,0,1,0,2,1,2,1,0,1,1,,,,11,0,0,0,1,0,1,96,6,96,8,0,0,0,0,GLADE NORTH RD,,-119.3849861,46.47406111,0,1,13,87,6,60,80,0,0,1,7,11,1,2,8,8,1,1,1,53,0,72,706,2009,0,0,11,,,,,,1,1,28,1,7,1,4,0,16,0,11,4,11/07/2018,0:06,1.85053E+11,48759,0,0,0,3,1,0,0,0,0,96,,,,,,0,,,,,,99336,53,74,240,6,1,0,1,0,0,,0,,,,,,0,11/15/2016,11/15/2016,20,8,0,0,0,9,8,,,0,0,0,8,0,2,1,,,1,,,2,1,0,,,,,,,,,,,,,,,,,,,,,,,,,,,,,,0,1,0,0,0,0,0,0,0,0,0,0,0,0,0,0,0,0,0,0,0,0,0,0,0,0,0,0,1,0,0,0,0,0,1,1,0,0,0,0,0,0,0,0,0,0,0,0,0,0,0,0,,,,,,26-30,26-35,Other,,Sunday,,MC,White,0,0,0,0,Other,County Sheriff,Benton County Sheriff's Office,0,0,0,0,1,,,,,,0,0,0,,,,,,,,,,,,,,,,,,,,,,,,,,,,,,,,,,,
2019,268,E946931,1,08/01/2019,18:53,1,8,,5,Benton,0,1,0,1,1,2,1,0,2,2,,,,12,0,2,180.2,1,0,1,4,1,1,3,0,0,0,0,SR-14,,-119.3449639,45.94404167,0,2,50,10,2,55,4,0,0,1,2,12,1,1,2,1,1,1,1,41,0,37,32,2014,0,0,68,12,,,,,1,1,41,1,0,,2,0,3,0,11,4,,,,,0,0,0,3,1,28,0,0,0,92,,,,,,0,,,,,,99336,53,66,163,6,1,0,0,0,1,,97,,,,,,0,08/15/2019,08/15/2019,8,0,0,0,8,9,8,,,0,0,0,8,0,2,1,,,1,,,2,1,0,,,,,,,,,,,,,,,,,,,,,,,,,,,,,,0,0,0,0,0,0,1,1,1,0,0,0,0,0,0,0,1,0,0,0,0,0,0,0,0,0,0,0,1,1,0,0,0,0,0,,0,0,0,0,0,0,0,0,1,0,0,0,0,0,0,0,,,,,,41-45,36-45,State route,R,Thursday,Belt Used,PV,Not Fatal,0,0,0,1,State Route,State Patrol,Washington State Patrol,0,1,0,0,0,,,,,,0,0,0,,,,,,,,,,,98,98,98,0,,,,,20,7,,,,,,,,,,,,,,,
2019,439,E993268,1,12/13/2019,6:28,13,12,,5,Benton,0,1,0,2,4,2,1,0,1,1,,,,1,0,0,119,1,0,1,1,1,1,1,0,0,0,0,I-82,,-119.2231611,46.08466389,0,1,2,6,1,70,34,0,0,1,7,1,1,2,2,3,1,1,1,53,0,12,481,2001,0,0,63,1,38,,,,1,1,43,1,1,,4,7,20,7,11,0,12/13/2019,6:28,53054803,54803,0,0,0,3,1,0,0,0,0,96,,,,,,0,,,,,,99336,53,71,300,6,1,0,1,1,0,,0,,,,,,4,05/15/2015,01/15/2017,20,1,9,0,0,1,8,,,0,0,0,8,0,2,1,,,1,,,2,1,0,,,,,,,,,,,,,,,,,,,,,,,,,,,,,,0,0,0,0,0,0,0,0,0,0,0,0,1,0,0,0,0,0,0,1,0,0,0,0,0,0,0,0,0,1,0,0,0,1,0,,1,0,0,0,0,0,0,0,0,1,0,0,0,0,0,0,,,,,,41-45,36-45,Interstate,R,Friday,Not Used,PV,Hispanic,0,1,0,0,State Route,State Patrol,Washington State Patrol,1,1,0,0,0,,,,,,0,0,0,,,,,,,,,,,98,98,98,298,,,,,20,7,,,,,,,,,,,,,,,
2020,65,EA24118,1,03/14/2020,21:04,14,3,,5,Benton,0,1,,2,1,1,1,0,1,1,,,,1,0,0,101,1,0,1,1,2,1,1,0,0,0,0,I-82,,-119.3865583,46.25853611,0,1,1,13,2,70,16,0,0,1,2,1,1,1,2,3,1,1,1,53,0,20,431,1996,0,,63,1,,,,,1,1,32,2,7,,4,7,3,0,11,0,03/14/2020,21:04,53012610,12610,0,0,0,3,1,58,,,,96,,,,,,98,,,,,,99336,53,67,208,6,1,0,0,0,2,,0,,,,,,0,12/15/2018,07/15/2019,20,0,0,0,0,9,8,,,0,,,8,9,2,605,,,1,,,2,1,0,,,,,,,,,,,,,,,,,,,,,,,,,,,,,,0,0,1,0,0,0,1,1,1,0,0,0,0,0,0,0,0,0,0,0,0,0,0,0,0,0,0,0,0,1,0,0,0,0,0,,1,0,0,0,0,0,1,1,0,0,0,0,0,0,1,0,,,,,,31-35,26-35,Interstate,U,Saturday,Belt Used,PV,White,0,0,0,0,State Route,State Patrol,Washington State Patrol,0,1,0,0,0,thc,0.61,,,,0,0,2,,,,,,,,,,,0,0,0,1,,,,,20,7,,,,,,,nms,1,0,,,,,,
2020,421,EA75128,159,10/04/2020,1:02,4,10,,5,Benton,1020,1,,3,1,2,1,0,3,2,1:02,1:09,,5,1,0,0,2,0,2,3,2,4,6,0,0,3,3,W CLEARWATER AVE,N MORAIN ST,-119.1693861,46.21235,0,2,98,90,6,35,4,0,0,1,2,73,1,1,5,1,1,1,2,53,0,7,43,2006,0,,73,,,,,,1,1,23,1,0,,0,0,99,7,11,0,,,,,0,0,3,3,1,38,,,,96,,,,,,98,,,,,,99336,53,68,145,6,1,0,1,0,1,,97,,,,,,0,05/15/2019,01/15/2019,20,0,0,0,8,9,8,,,0,,,8,8,8,95,,,96,,,8,95,995,,,,,,,,,,,,,,,,,,,,,,,,,,,,,,0,0,0,1,0,0,0,0,0,0,0,0,0,1,0,0,0,0,1,1,0,1,1,1,1,0,0,0,0,1,0,0,0,0,0,,0,0,0,0,0,0,0,0,0,0,1,0,0,0,0,0,,,,,,21-25,16-25,City street,U,Sunday,Unknown,PV,Not Fatal,1,0,0,0,City Street,Municipal/City Police,Kennewick Police Department,0,0,0,1,0,,,,,,0,0,1,,,,,,,,,,,98,98,98,0,,,,,20,7,,,,,,,,1,0,,,,,,
2020,492,EA90144,1,12/10/2020,15:30,10,12,,21,Franklin,1660,10,,1,1,2,1,0,6,5,15:32,15:53,,12,0,2,13.5,5,1,1,1,2,1,1,0,0,0,0,I-182,,-119.1003083,46.24865556,0,2,52,63,4,60,66,1,0,1,2,12,3,1,2,3,14,1,3,53,0,86,881,2021,0,,12,12,54,54,,,1,1,51,1,0,,0,0,3,0,11,0,,,,,6,1,0,3,1,0,,,,96,,,,,,0,,,,,,99336,53,63,160,6,1,0,0,0,0,,0,,,,,,0,,,20,0,0,0,8,3,2,,,0,,,8,8,0,0,,,0,,,0,0,996,,,,,,,,,,,,,,,,,,,,,,,,,,,,,,0,0,0,0,0,0,0,0,0,0,0,0,0,0,0,0,0,0,0,0,0,0,0,0,0,1,1,1,0,1,1,0,0,0,0,,0,0,0,0,0,0,0,0,0,0,0,0,0,0,0,0,,,,,,51-55,46-55,Interstate,U,Thursday,,MHTRUCK,Not Fatal,0,0,0,1,State Route,State Patrol,Washington State Patrol,0,1,0,0,0,,,,,,0,0,0,,,,,,,,,,,98,98,98,0,,,,,20,7,,,,,,,,1,14,,,,,,
2021,52,EB11683,1,03/05/2021,23:54,5,3,,5,Benton,0,1,,2,1,2,1,0,2,2,,,,12,0,2,172.8,1,0,1,4,1,1,3,0,0,0,0,SR-14,,-119.4871667,45.94558611,0,2,51,62,4,65,3,0,0,1,2,12,1,1,2,1,1,1,2,53,0,30,47,2000,0,,12,,,,,,1,1,68,1,1,,4,7,3,0,11,0,03/05/2021,23:54,53011360,11360,0,0,0,3,1,0,,,,0,,,,,,98,,,,,,99336,53,68,185,6,1,0,0,0,1,,0,,,,,,0,03/15/2019,03/15/2019,8,0,0,0,0,9,8,,,0,,,9,9,8,95,,,96,,,2,98,997,,,,,,,,,,,,,,,,,,,,,,,,,,,,,,0,0,0,0,1,0,0,0,0,0,0,0,0,1,0,0,0,0,0,0,0,0,0,0,0,1,0,0,0,1,0,0,0,0,0,,1,0,0,0,0,0,0,0,0,0,0,0,0,0,0,0,,,,,,66-70,66-75,State route,R,Friday,Belt Used,PV,Hispanic,0,1,1,0,State Route,State Patrol,Washington State Patrol,0,1,0,0,0,,,,,,0,0,0,,,,,,,,,,,98,98,98,98,,,,,20,,,,,,,,,1,0,,,,,,