year,case,par,repjur,crash_dt,crash_tm,accday,accmon,holiday,county,co_char,city,weather,weather2,lightcond,surfcond,surftype,numfatal,nmforms,pforms,vforms,not_tm,arr_tm,hosp_tm,fhevent,hitrun,manncol,milepnt,reljunc,reljuncinter,intersectiontype,funcsystem,landuse,ownership,route,schlbus,spejur,contdev,devfunc,trafid1,trafid2,x,y,wk_zone,vnumber,crashtype,criticalevent,criticaleventcat,spdlim,body,trailer,emerg,hazcargo,leave,mhevent,roadalgn,roadprof,traflane,trafflow,vehmanvr,numoccs,regowner,regstate,spuse,make,model,modelyr,vrf1,vrf2,seqevent1,seqevent2,seqevent3,seqevent4,seqevent5,seqevent6,pnumber,ptype,age,sex,hispanic,race,injury,diedscene,restraint,restraintmisuse,seatpos,takehosp,death_dt,death_tm,cert,cernum_wa,commlic,licendor,licrestrict,liccomp,drivpres,drf1,drf2,drf3,drf4,distract1,distract2,distract3,distract4,distract5,distract6,dricond1,dricond2,dricond3,dricond4,dricond5,dricond6,dzip,licstate,drhgt_in,weight,noncdl,noncdltype,prevdwi,prevoth,prevacc,prevspd,prevsus,driviol1,driviol2,driviol3,driviol4,driviol5,driviol6,spdrel,first_dt,last_dt,airbag,ejection,ejectpath,extricat,injurwrk,methalc,methdrug,nmlocat,strikveh,prf1,prf2,prf3,druginv,alcinvol,drugsts,drugres1,drugres2,drugres3,drugtst1,drugtst2,drugtst3,alcsts,alctst,alcres,nmact1,nmact2,nmact3,nmact4,nmact5,nmact6,nmprior1,nmprior2,nmprior3,nmprior4,nmprior5,nmprior6,nmcond1,nmcond2,nmcond3,nmcond4,nmcond5,nmcond6,nmsafe_helmet,nmsafe_pads,nmsafe_oth,nmprev_ref,nmprev_lgt,nmprev_oth,crashlocation,nmcrashtype,crosswalk,schoolzone,sidewalk,train_inv,wildlife_inv,rotr_fars,intersect_fars,dd_inv,aid_inv,dpd_inv,id_inv,mj_inv,impnm_inv,ainm_inv,dpnm_inv,speed_inv,unlic_inv,unendmc_inv,drowsy_inv,drdist_inv,nmdist_inv,fty_inv,unrestfat_inv,dr1617_inv,dr1820_inv,dr1620_inv,dr2125_inv,dr1625_inv,dr65_inv,dr70_inv,dr75_inv,mc_inv,pv_inv,ht_inv,ped_inv,bike_inv,unrest_fat,mc_fat,unhelmet_mc,pv_fat,ht_fat,ped_fat,bike_fat,dr_alc7,dr_alc8,dr_drug,dr_imp,dr_dist,dr_spd,dr_fty,dr_unlic,dr_alc7only,dr_alc8only,dr_drugonly,dr_drink,nm_imp,nm_alc7,nm_alc8,nm_drug,nm_dist,agegrp1,agegrp2,roadclass,urbrur,dayweek,restuse,vehtype,race_me,intersect,lanedep,oppdir,wrongway,rep_typ,investag,repag_long,rotr,st_rd,cty_rd,city_rd,oth_rd,drug_thc,thc_res,drug_cthc,cthc_res,drug_cann,prevpersemin,prevperse,prevsusoth,drugtst4,drugtst5,drugtst6,drugtst7,drugtst8,drugres4,drugres5,drugres6,drugres7,drugres8,adspresent,adsengaged,adslevel,race1,race2,race3,race4,race5,helmet,helmetmisuse,nmdistract1,nmdistract2,nmdistract3,nmdistract4,nmdistract5,nmdistract6,lab,isedtcase,crf1,crf2,crf3,CoRoadName,CoMP,IntCoRoadName,IntCoMP
2021,84,EB18960,1,03/31/2021,12:20,31,3,,21,Franklin,0,1,,1,1,1,1,0,1,1,,,,1,0,0,59.9,1,0,1,2,1,1,2,0,0,0,0,US-395,,-118.8773333,46.63281944,0,1,2,12,2,70,34,0,0,1,2,1,2,1,2,2,14,1,1,53,0,12,481,2001,0,,64,69,63,1,,,1,1,54,1,7,,4,7,3,0,11,0,03/31/2021,12:20,53016454,16454,0,0,3,3,1,58,,,,96,,,,,,98,,,,,,99336,53,58,165,6,1,0,4,1,4,,0,,,,,,0,06/15/2016,10/15/2020,8,0,0,0,0,9,8,,,0,,,8,8,0,0,,,0,,,0,0,996,,,,,,,,,,,,,,,,,,,,,,,,,,,,,,0,0,0,0,0,0,0,0,0,0,0,0,0,0,0,0,0,0,0,0,0,0,0,0,0,0,0,0,0,1,0,0,0,0,0,,1,0,0,0,0,0,0,0,0,0,0,0,0,0,0,0,,,,,,51-55,46-55,US highway,R,Wednesday,Belt Used,PV,White,0,1,0,0,State Route,State Patrol,Washington State Patrol,1,1,0,0,0,,,,,,0,0,4,,,,,,,,,,,98,98,98,1,,,,,20,,,,,,,,,1,0,,,,,,
2021,292,EB57524,1,08/06/2021,5:08,6,8,,71,Walla Walla,0,1,,2,1,2,1,0,2,2,,,,12,0,2,9.1,1,0,1,4,1,1,3,0,0,0,0,SR-124,,-118.8362278,46.23656389,0,1,50,10,2,65,4,0,0,1,2,12,1,2,2,1,6,1,2,53,0,37,31,2001,0,,68,12,,,,,1,1,30,1,1,,4,7,3,0,11,0,08/06/2021,5:08,53038738,38738,99,9,9,9,1,33,,,,96,,,,,,98,,,,,,99336,99,,999,9,9,99,99,99,99,,0,,,,,,0,,,8,0,0,0,0,9,8,,,0,,,8,8,0,0,,,0,,,0,0,996,,,,,,,,,,,,,,,,,,,,,,,,,,,,,,0,0,0,0,0,0,0,0,0,0,0,0,0,0,0,0,0,0,0,0,0,0,0,0,0,0,0,0,0,1,0,0,0,0,0,,1,0,0,0,0,0,0,0,0,0,0,0,0,0,0,0,,,,,,26-30,26-35,State route,R,Friday,Belt Used,PV,Hispanic,0,1,1,0,State Route,State Patrol,Washington State Patrol,0,1,0,0,0,,,,,,99,99,99,,,,,,,,,,,98,98,98,298,,,,,20,,,,,,,,,1,0,,,,,,
2021,333,EB63718,1,08/28/2021,6:43,28,8,,21,Franklin,0,1,,1,1,2,1,0,1,1,,,,1,0,0,37.4,1,0,1,2,1,1,2,0,0,0,0,US-395,,-119.0838611,46.36494444,0,1,1,13,2,70,4,0,0,1,2,1,3,1,2,2,14,1,2,53,0,12,37,2007,0,,63,1,,,,,1,1,19,1,1,,4,7,20,7,11,0,08/28/2021,6:43,53042820,42820,0,0,0,3,1,0,,,,92,,,,,,98,,,,,,99336,53,71,135,6,1,0,3,1,5,,0,,,,,,3,07/15/2019,05/15/2021,20,1,9,0,0,9,8,,,0,,,8,8,2,402,407,996,1,1,1,2,1,0.157,,,,,,,,,,,,,,,,,,,,,,,,,,,,,,0,0,1,0,1,1,1,1,1,0,0,0,1,0,0,0,1,0,0,1,0,1,1,0,1,0,0,0,0,1,0,0,0,1,0,,1,0,0,0,0,1,1,1,1,1,0,0,0,0,0,1,,,,,,18-20,16-25,US highway,R,Saturday,Not Used,PV,Hispanic,0,1,0,0,State Route,State Patrol,Washington State Patrol,1,1,0,0,0,thc,5.4,carboxy-thc,83,,0,0,2,1,1,,,,695,605,,,,98,98,98,1,,,,,20,,,,,,,,nms,1,0,,,,,,
2021,388,EB74033,229,09/04/2021,19:13,4,9,,21,Franklin,1660,1,,1,1,2,1,0,4,2,,,,12,0,6,0,2,0,2,4,2,4,6,0,0,0,0,W COURT ST,ROAD 88,-119.2063917,46.24935278,0,2,87,66,4,40,49,0,0,1,2,1,1,1,2,1,1,2,2,53,0,2,999,9999,0,,12,1,,,,,1,1,63,2,7,,4,7,20,7,11,0,09/04/2021,19:13,1.66053E+11,45218,0,0,3,3,1,0,,,,96,,,,,,98,,,,,,99336,53,65,115,6,1,0,0,0,0,,0,,,,,,3,02/15/2019,02/15/2019,20,1,9,0,0,9,8,,,0,,,8,8,2,996,,,1,,,2,1,0.184,,,,,,,,,,,,,,,,,,,,,,,,,,,,,,0,0,0,1,1,1,1,1,0,0,0,0,1,0,0,0,1,0,1,1,0,0,0,1,1,0,0,0,0,1,0,0,0,1,0,,1,0,0,0,0,1,1,1,0,1,0,0,0,0,0,1,,,,,,61-65,56-65,City street,U,Saturday,Not Used,PV,White,1,0,0,0,City Street,Municipal/City Police,Pasco Police Department,0,0,0,1,0,,,,,,0,0,1,,,,,,,,,,,0,0,0,1,,,,,20,,,,,,,,,1,0,,,,,,
2021,554,EC07968,4,12/31/2021,8:27,31,12,,63,Spokane,0,4,,1,8,2,1,0,2,2,,,,12,0,6,271.7,1,0,1,1,2,1,1,0,0,0,0,I-90,,-117.5439694,47.60145278,0,1,48,9,1,70,4,0,0,1,2,12,1,1,2,2,1,1,1,53,0,49,43,2004,0,,64,69,12,,,,1,1,28,2,7,,4,0,99,7,11,5,12/31/2021,10:01,2.11053E+11,67335,0,0,3,3,1,0,,,,96,,,,,,98,,,,,,99336,53,63,150,6,1,0,0,0,1,,0,,,,,,4,02/15/2018,02/15/2018,20,0,0,0,0,9,8,,,0,,,8,8,2,1,,,1,,,2,1,0,,,,,,,,,,,,,,,,,,,,,,,,,,,,,,0,0,0,0,0,0,0,0,0,0,0,0,1,0,0,0,0,0,0,0,0,0,0,0,0,0,0,0,0,1,1,0,0,0,0,,1,0,0,0,0,0,0,0,0,1,0,0,0,0,0,0,,,,,,26-30,26-35,Interstate,U,Friday,Unknown,PV,White,0,0,0,0,State Route,State Patrol,Washington State Patrol,0,1,0,0,0,,,,,,0,0,0,,,,,,,,,,,98,98,98,1,,,,,20,,,,,,,,,1,0,,,,,,
2017,28,E636871,1,01/22/2017,14:46,22,1,0,5,Benton,2475,1,0,1,1,2,1,0,2,2,,,,12,0,6,5.1,2,0,2,5,2,1,3,0,0,20,3,SR-224,KEENE RD,-119.3892361,46.28617222,0,1,89,17,2,45,4,0,0,1,2,12,1,1,2,1,1,1,2,53,0,49,40,2003,0,0,12,,,,,,1,1,28,1,7,1,4,7,3,0,11,0,01/22/2017,14:46,53003474,3474,0,0,3,3,1,38,0,0,0,96,,,,,,0,,,,,,99337,53,72,150,6,1,0,1,2,1,0,0,,,,,,0,05/15/2014,12/15/2016,20,0,0,0,0,9,8,,,0,0,0,8,0,2,1,0,0,1,0,0,2,1,0,,,,,,,,,,,,,,,,,,,,,,,,,,,,,,0,0,0,1,0,0,0,0,0,0,0,0,0,0,0,0,0,0,1,0,0,0,0,0,0,0,0,0,0,1,0,0,0,0,0,,1,0,0,0,0,0,0,0,0,0,1,0,0,0,0,0,,,,,,26-30,26-35,State route,U,Sunday,Belt Used,PV,White,1,0,0,0,State Route,State Patrol,Washington State Patrol,0,1,0,0,0,,,,,,,,,,,,,,,,,,,,,,,,,,,,,,,,,,,,,,,,,,,
2017,129,E667400,28,04/29/2017,12:40,29,4,0,39,Klickitat,0,1,0,1,1,2,1,0,4,3,12:45,13:03,13:57,12,0,6,17.5,1,0,1,5,1,2,4,0,0,0,0,CR-GLENWOOD HWY,,-121.0570667,45.91292222,0,1,64,10,2,50,80,0,0,1,2,12,2,2,2,1,14,1,2,53,0,72,706,2000,0,0,68,12,12,,,,1,1,50,1,7,1,4,7,16,0,11,0,04/29/2017,12:40,53020405,20405,0,0,0,2,1,28,0,0,0,12,,,,,,99,,,,,,99337,53,72,200,6,1,0,0,0,0,0,0,,,,,,0,,,20,8,0,0,0,9,8,,,0,0,0,8,9,0,0,0,0,0,0,0,0,0,996,,,,,,,,,,,,,,,,,,,,,,,,,,,,,,0,0,0,0,0,0,0,0,0,0,0,0,0,0,1,0,1,0,0,0,0,0,0,1,1,0,0,0,1,1,0,0,0,0,1,1,0,0,0,0,0,0,0,0,1,0,0,0,0,0,0,0,,,,,,46-50,46-55,County road,R,Saturday,,MC,White,0,1,1,0,County Road,County Sheriff,Klickitat County Sheriff's Office,0,0,1,0,0,,,,,,,,,,,,,,,,,,,,,,,,,,,,,,,,,,,,,,,,,,,
2017,164,E675079,159,05/16/2017,15:03,16,5,0,5,Benton,1020,1,0,1,1,2,1,0,2,2,,,,12,0,6,0,2,0,2,4,2,4,6,0,0,3,3,W 27TH AVE,S ELY ST,-119.1590167,46.18389722,0,1,86,54,3,35,4,0,0,1,2,12,1,1,4,1,1,1,1,53,0,12,37,2010,0,0,12,,,,,,1,1,92,1,7,1,4,0,3,0,11,5,05/18/2017,5:21,1.02053E+11,22583,0,0,3,3,1,39,0,0,0,96,,,,,,0,,,,,,99337,53,70,184,6,1,0,0,0,0,0,31,,,,,,0,,,8,0,0,0,0,9,8,,,0,0,0,8,0,0,0,0,0,0,0,0,0,0,996,,,,,,,,,,,,,,,,,,,,,,,,,,,,,,0,0,0,1,0,0,0,0,0,0,0,0,0,0,0,0,0,0,0,0,0,0,0,0,0,1,1,1,0,1,0,0,0,0,0,,1,0,0,0,0,0,0,0,0,0,0,0,0,0,0,0,,,,,,81+,76+,City street,U,Tuesday,Belt Used,PV,White,1,0,0,0,City Street,Municipal/City Police,Kennewick Police Department,0,0,0,1,0,,,,,,,,,,,,,,,,,,,,,,,,,,,,,,,,,,,,,,,,,,,
2017,164,E675079,159,05/16/2017,15:03,16,5,0,5,Benton,1020,1,0,1,1,2,1,0,2,2,,,,12,0,6,0,2,0,2,4,2,4,6,0,0,3,3,W 27TH AVE,S ELY ST,-119.1590167,46.18389722,0,2,87,54,3,35,15,0,0,1,2,12,1,1,4,1,1,1,1,53,0,20,421,2011,0,0,12,,,,,,1,1,49,1,0,0,1,0,3,0,11,0,,,,,0,0,0,3,1,0,0,0,0,0,,,,,,0,,,,,,99337,53,71,180,6,1,0,0,0,0,0,0,,,,,,0,,,8,0,0,0,8,9,8,,,0,0,0,8,0,0,0,0,0,0,0,0,0,0,996,,,,,,,,,,,,,,,,,,,,,,,,,,,,,,0,0,0,1,0,0,0,0,0,0,0,0,0,0,0,0,0,0,0,0,0,0,0,0,0,1,1,1,0,1,0,0,0,0,0,,0,0,0,0,0,0,0,0,0,0,0,0,0,0,0,0,,,,,,46-50,46-55,City street,U,Tuesday,Belt Used,PV,Not Fatal,1,0,0,0,City Street,Municipal/City Police,Kennewick Police Department,0,0,0,1,0,,,,,,,,,,,,,,,,,,,,,,,,,,,,,,,,,,,,,,,,,,,
2018,15,E761241,1,01/17/2018,17:20,17,1,0,5,Benton,0,10,0,2,1,2,1,0,4,4,17:23,17:37,,12,0,2,41.4,1,0,1,4,1,1,3,0,0,0,0,SR-24,,-119.7265444,46.61528611,0,3,98,62,4,60,61,0,0,1,7,12,3,2,2,1,14,1,3,53,0,12,881,2000,0,0,12,,,,,,1,1,60,1,0,0,0,0,3,0,11,0,,,,,0,0,3,3,1,0,0,0,0,96,,,,,,0,,,,,,99337,53,69,210,6,1,0,0,0,0,,0,,,,,,0,,,20,0,0,0,8,9,2,,,0,0,0,0,0,8,95,,,96,,,8,95,995,,,,,,,,,,,,,,,,,,,,,,,,,,,,,,0,0,0,0,1,1,0,1,0,0,0,0,0,0,0,0,0,0,0,0,0,0,0,0,0,1,0,0,0,1,1,0,0,0,0,,0,0,0,0,0,0,0,0,0,0,0,0,0,0,0,0,,,,,,56-60,56-65,State route,R,Wednesday,,MHTRUCK,Not Fatal,0,1,1,0,State Route,State Patrol,Washington State Patrol Headquarter,0,1,0,0,0,,,,,,0,0,0,,,,,,,,,,,,,,,,,,,,,,,,,,,,,,,,,,,
2018,122,E794265,159,05/01/2018,3:10,1,5,0,5,Benton,1020,1,0,3,1,2,1,0,1,1,,,,42,0,0,0,1,0,1,5,2,4,6,0,0,0,0,CREEKSTONE DR,,-119.1997861,46.18896389,0,1,2,6,1,35,4,0,0,1,7,42,2,1,2,1,14,1,2,53,0,18,20,1999,0,0,63,42,38,30,,,1,1,30,1,1,1,4,7,20,0,11,0,05/01/2018,3:10,1.02053E+11,20238,0,0,3,3,1,0,0,0,0,96,,,,,,99,,,,,,99337,53,72,195,6,1,0,0,0,0,,0,,,,,,4,,,8,0,0,0,0,9,8,,,0,0,0,8,9,2,1,,,1,,,2,1,0.14,,,,,,,,,,,,,,,,,,,,,,,,,,,,,,0,0,0,0,1,1,0,1,0,0,0,0,1,0,0,0,0,0,0,1,0,0,0,0,0,0,0,0,0,1,0,0,0,1,0,,1,0,0,0,0,1,0,1,0,1,0,0,0,1,0,1,,,,,,26-30,26-35,City street,U,Tuesday,Not Used,PV,Hispanic,0,1,0,0,City Street,Municipal/City Police,Kennewick Police Department,1,0,0,1,0,,,,,,0,0,0,,,,,,,,,,,,,,,,,,,,,,,,,,,,,,,,,,,
2018,152,E802773,250,05/23/2018,17:27,23,5,0,5,Benton,1850,1,0,1,1,2,1,0,2,2,,,,12,0,6,0,2,0,2,3,2,4,6,0,0,3,3,STEPTOE ST,CENTER PKWY,-119.2438722,46.21236389,0,2,69,62,4,25,80,0,0,1,7,12,8,8,5,2,1,1,1,53,0,37,706,2008,0,0,12,,,,,,1,1,22,1,7,1,4,7,19,0,11,0,05/23/2018,17:27,1.85053E+11,23507,0,0,0,3,1,0,0,0,0,96,,,,,,99,,,,,,99337,53,72,205,6,1,0,0,0,5,,0,,,,,,0,08/15/2014,11/15/2017,20,8,0,0,0,9,8,,,0,0,0,8,9,2,1,,,1,,,2,1,0,,,,,,,,,,,,,,,,,,,,,,,,,,,,,,0,0,0,1,0,0,0,0,0,0,0,0,0,0,0,0,0,0,1,0,0,0,0,1,1,0,0,0,1,1,0,0,0,0,1,0,0,0,0,0,0,0,0,0,0,0,0,0,0,0,0,0,,,,,,21-25,16-25,City street,U,Wednesday,,MC,White,1,0,0,0,City Street,Municipal/City Police,Richland Police Department,0,0,0,1,0,,,,,,0,0,0,,,,,,,,,,,,,,,,,,,,,,,,,,,,,,,,,,,
2018,270,E826153,1,08/03/2018,3:44,3,8,0,21,Franklin,0,1,0,2,1,2,1,0,2,1,,,,1,0,0,33.7,1,0,1,3,1,1,2,0,0,0,0,US-395,,-119.0930417,46.31106667,0,1,7,9,1,70,6,0,0,1,2,1,1,1,2,3,1,2,1,53,0,6,52,2006,0,0,64,1,,,,,1,1,22,2,7,1,4,7,20,0,11,0,08/03/2018,3:44,1.85053E+11,34501,0,0,0,3,1,0,0,0,0,96,,,,,,9,,,,,,99337,53,63,240,6,1,0,0,0,0,,0,,,,,,0,,,20,2,9,0,0,1,1,,,0,0,0,1,1,2,605,695,,1,1,,2,1,0.21,,,,,,,,,,,,,,,,,,,,,,,,,,,,,,0,0,0,0,1,1,1,1,1,0,0,0,0,0,0,0,0,0,0,1,0,0,0,1,1,0,0,0,0,1,0,0,0,1,0,,1,0,0,0,0,1,1,1,0,0,0,0,0,0,0,1,,,,,,21-25,16-25,US highway,R,Friday,Not Used,PV,White,0,1,0,0,State Route,State Patrol,Washington State Patrol,1,1,0,0,0,thc,5.4,carboxy-thc,46,,0,0,0,,,,,,,,,,,,,,,,,,,,,,,,,,,,,,,,,,,
2018,340,E840434,6,08/25/2018,4:31,25,8,0,25,Grant,0,1,0,2,1,2,2,0,3,2,4:34,4:54,6:17,12,0,2,8.7,3,0,3,4,1,1,3,0,0,0,0,SR-243,ORCHARD RD,-119.8956667,46.66495833,0,2,51,62,4,60,66,2,0,1,5,12,3,1,2,1,14,1,3,41,0,82,881,2015,0,0,12,,,,,,1,1,35,1,0,0,2,0,3,0,11,5,,,,,6,3,0,3,1,0,0,0,0,96,,,,,,0,,,,,,99337,53,69,210,6,1,0,1,1,0,,0,,,,,,0,03/15/2014,09/15/2014,1,0,0,0,8,9,2,,,0,0,0,0,0,8,95,,,96,,,8,95,995,,,,,,,,,,,,,,,,,,,,,,,,,,,,,,0,0,0,1,0,0,1,1,0,0,0,0,0,1,0,0,0,0,0,1,0,1,1,0,1,0,0,0,0,1,1,0,0,0,0,,0,0,0,0,0,0,0,0,0,0,0,0,0,0,0,0,,,,,,31-35,26-35,State route,R,Saturday,,MHTRUCK,Not Fatal,0,1,1,0,State Route,State Patrol,Washington State Patrol,0,1,0,0,0,,,,,,0,0,0,,,,,,,,,,,,,,,,,,,,,,,,,,,,,,,,,,,
2019,185,E908378,159,04/03/2019,10:19,3,4,,5,Benton,1020,10,0,1,1,2,1,0,2,2,,,,12,0,2,0,1,0,1,7,2,4,6,0,0,0,0,W COLUMBIA DR,,-119.1209417,46.21298611,0,1,50,10,2,35,34,0,0,1,7,12,1,1,5,5,1,1,2,53,0,12,481,1993,0,0,68,12,,,,,1,1,45,2,0,,3,0,3,0,11,5,,,,,0,0,0,3,1,28,0,0,0,92,,,,,,99,,,,,,99337,53,66,148,6,1,2,6,2,2,,97,,,,,,0,06/15/2015,10/15/2018,20,0,0,0,8,9,8,,,0,0,0,8,9,2,401,417,,1,1,,2,1,0,,,,,,,,,,,,,,,,,,,,,,,,,,,,,,0,0,0,0,0,0,1,1,0,0,0,0,0,0,0,0,1,0,0,0,0,0,0,0,0,1,1,0,0,1,0,0,0,0,0,,0,0,0,0,0,0,1,1,1,0,0,0,0,0,1,0,,,,,,41-45,36-45,City street,U,Wednesday,Belt Used,PV,Not Fatal,0,1,1,0,City Street,Municipal/City Police,Kennewick Police Department,0,0,0,1,0,,,,,,0,0,0,,,,,,,,,,,0,0,0,0,,,,,20,7,,,,,,,,,,,,,,,
2020,284,EA56269,21,08/03/2020,11:17,3,8,,25,Grant,0,1,,1,1,7,1,0,3,3,,,,1,0,0,11.3,1,0,1,5,1,2,4,0,0,0,0,CR-ROAD U SE,,-119.0450889,47.06436944,0,1,98,51,3,55,80,0,0,1,2,12,1,2,2,1,1,1,1,53,0,72,706,1999,0,,1,12,68,12,,,1,1,55,1,7,,4,7,20,7,11,0,08/03/2020,11:17,53035529,35529,0,0,0,3,1,0,,,,96,,,,,,98,,,,,,99337,53,71,161,6,1,0,0,0,0,,0,,,,,,4,,,20,8,0,0,0,9,8,,,0,,,8,8,0,0,,,0,,,0,0,996,,,,,,,,,,,,,,,,,,,,,,,,,,,,,,0,0,0,0,0,0,0,0,0,0,0,0,1,0,0,0,0,0,0,0,0,0,0,0,0,0,0,0,1,0,1,0,0,0,1,0,0,0,0,0,0,0,0,0,0,1,0,0,0,0,0,0,,,,,,51-55,46-55,County road,R,Monday,,MC,Multiracial,0,0,0,0,County Road,County Sheriff,Grant County Sheriff's Office,0,0,1,0,0,,,,,,0,0,0,,,,,,,,,,,0,0,0,203,201,,,,5,0,,,,,,,,1,0,,,U SE,11.26,,
2020,421,EA75128,159,10/04/2020,1:02,4,10,,5,Benton,1020,1,,3,1,2,1,0,3,2,1:02,1:09,,5,0,0,0,2,0,2,3,2,4,6,0,0,0,0,W CLEARWATER AVE,N MORAIN ST,-119.1693861,46.21235,0,1,0,98,7,35,4,0,0,1,2,5,1,1,4,1,11,2,2,53,0,49,40,2012,0,,5,73,,,,,1,1,20,2,0,,0,0,99,7,11,0,,,,,0,0,0,0,1,0,,,,96,,,,,,98,,,,,,99337,53,62,160,0,0,0,0,0,0,,0,,,,,,0,,,20,0,0,0,8,9,8,,,0,,,8,8,8,95,,,96,,,8,95,995,,,,,,,,,,,,,,,,,,,,,,,,,,,,,,0,0,0,1,0,0,0,0,0,0,0,0,0,1,0,0,0,0,1,1,0,1,1,1,1,0,0,0,0,1,0,0,0,0,0,,0,0,0,0,0,0,0,0,0,0,0,1,0,0,0,0,,,,,,18-20,16-25,City street,U,Sunday,Unknown,PV,Not Fatal,1,0,0,0,City Street,Municipal/City Police,Kennewick Police Department,0,0,0,1,0,,,,,,0,0,0,,,,,,,,,,,98,98,98,0,,,,,20,7,,,,,,,,1,0,,,,,,
2021,34,EB04462,11,01/21/2021,17:05,21,1,,5,Benton,0,1,,5,1,2,1,0,2,2,,,,12,0,2,17,1,0,1,6,1,2,4,0,0,0,0,CR-ROUTE 4 S,,-119.4286028,46.50484167,0,1,50,12,2,60,2,0,0,1,2,12,1,2,2,2,1,1,2,53,0,20,36,2002,0,,64,65,12,,,,1,1,43,1,7,,4,7,3,0,11,0,01/21/2021,17:05,53003621,3621,0,0,0,3,1,28,,,,0,,,,,,2,,,,,,99337,53,71,283,6,1,0,0,1,2,,0,,,,,,0,12/15/2017,06/15/2020,8,0,0,0,0,9,8,,,0,,,9,9,2,401,417,,1,1,,2,1,0,,,,,,,,,,,,,,,,,,,,,,,,,,,,,,0,0,0,0,0,0,1,1,0,0,0,0,0,0,0,1,0,0,0,0,0,0,0,0,0,0,0,0,0,1,0,0,0,0,0,,1,0,0,0,0,0,1,1,0,0,0,0,0,0,1,0,,,,,,41-45,36-45,County road,R,Thursday,Belt Used,PV,White,0,1,1,0,Other,County Sheriff,Benton County Sheriff's Office,0,0,0,0,1,,,,,,0,0,1,,,,,,,,,,,98,98,98,1,,,,,20,,,,,,,,,1,0,,,,,,
2021,34,EB04462,11,01/21/2021,17:05,21,1,,5,Benton,0,1,,5,1,2,1,0,2,2,,,,12,0,2,17,1,0,1,6,1,2,4,0,0,0,0,CR-ROUTE 4 S,,-119.4286028,46.50484167,0,2,51,62,4,60,34,0,0,1,2,12,1,2,2,2,1,1,1,53,0,20,481,2009,0,,12,,,,,,1,1,39,1,0,,2,0,3,0,11,5,,,,,0,0,3,3,1,0,,,,0,,,,,,0,,,,,,99337,53,72,240,6,1,0,0,0,1,,0,,,,,,0,01/15/2018,01/15/2018,8,0,0,0,8,9,8,,,0,,,8,0,0,0,,,0,,,0,0,996,,,,,,,,,,,,,,,,,,,,,,,,,,,,,,0,0,0,0,0,0,1,1,0,0,0,0,0,0,0,1,0,0,0,0,0,0,0,0,0,0,0,0,0,1,0,0,0,0,0,,0,0,0,0,0,0,0,0,0,0,0,0,0,0,0,0,,,,,,36-40,36-45,County road,R,Thursday,Belt Used,PV,Not Fatal,0,1,1,0,Other,County Sheriff,Benton County Sheriff's Office,0,0,0,0,1,,,,,,0,0,0,,,,,,,,,,,98,98,98,0,,,,,20,,,,,,,,,1,0,,,,,,
2021,550,EC06619,159,12/27/2021,19:19,27,12,,5,Benton,1020,1,,3,1,2,1,0,3,2,,,,12,0,6,0,3,0,3,5,2,4,6,0,0,0,0,S ELY ST,S Huntington St,-119.1590194,46.18218333,0,1,66,9,1,35,2,0,0,1,2,12,1,2,3,5,1,1,1,6,0,42,42,2021,0,,68,12,,,,,1,1,25,1,1,,4,7,3,0,11,0,12/27/2021,19:25,1.02053E+11,66639,0,0,3,2,1,28,,,,96,,,,,,98,,,,,,99337,53,68,175,1,1,2,2,1,0,,0,,,,,,0,11/15/2017,07/15/2019,9,0,0,0,0,9,8,,,0,,,8,8,2,401,,,1,,,2,1,0.193,,,,,,,,,,,,,,,,,,,,,,,,,,,,,,0,0,0,1,1,1,1,1,0,0,0,0,0,1,0,0,0,0,0,0,0,0,0,1,1,0,0,0,0,1,0,0,0,0,0,,1,0,0,0,0,1,1,1,0,0,0,1,0,0,0,1,,,,,,21-25,16-25,City street,U,Monday,Belt Used,PV,Hispanic,0,1,1,0,City Street,Municipal/City Police,Kennewick Police Department,0,0,0,1,0,,,,,,1,1,0,,,,,,,,,,,98,98,98,1,,,,,20,,,,,,,,,1,0,,,,,,
2020,68,EA24602,1,03/11/2020,20:45,11,3,,5,Benton,0,1,,2,1,1,1,0,4,2,21:50,22:02,22:31,12,0,1,103.5,1,0,1,1,2,1,1,0,0,0,0,I-82,,-119.3553306,46.23027778,0,2,98,50,3,70,4,0,0,1,2,12,1,1,2,2,1,3,1,53,0,59,31,2002,0,,12,,,,,,1,1,51,2,0,,0,0,3,0,11,0,,,,,0,0,3,3,1,0,,,,96,,,,,,0,,,,,,99338,53,66,155,6,1,0,0,1,1,,0,,,,,,0,07/15/2018,03/15/2018,1,0,0,0,8,9,8,,,0,,,8,8,8,95,,,96,,,8,95,995,,,,,,,,,,,,,,,,,,,,,,,,,,,,,,0,0,0,0,0,0,0,0,0,0,0,0,0,0,0,0,0,0,0,0,0,0,0,0,0,0,0,0,0,1,0,0,0,0,0,,0,0,0,0,0,0,0,0,0,0,0,0,0,0,0,0,,,,,,51-55,46-55,Interstate,U,Wednesday,Belt Used,PV,Not Fatal,0,0,0,0,State Route,State Patrol,Washington State Patrol,0,1,0,0,0,,,,,,0,0,0,,,,,,,,,,,98,98,98,0,,,,,20,7,,,,,,,,1,23,,,,,,