year,case,par,repjur,crash_dt,crash_tm,accday,accmon,holiday,county,co_char,city,weather,weather2,lightcond,surfcond,surftype,numfatal,nmforms,pforms,vforms,not_tm,arr_tm,hosp_tm,fhevent,hitrun,manncol,milepnt,reljunc,reljuncinter,intersectiontype,funcsystem,landuse,ownership,route,schlbus,spejur,contdev,devfunc,trafid1,trafid2,x,y,wk_zone,vnumber,crashtype,criticalevent,criticaleventcat,spdlim,body,trailer,emerg,hazcargo,leave,mhevent,roadalgn,roadprof,traflane,trafflow,vehmanvr,numoccs,regowner,regstate,spuse,make,model,modelyr,vrf1,vrf2,seqevent1,seqevent2,seqevent3,seqevent4,seqevent5,seqevent6,pnumber,ptype,age,sex,hispanic,race,injury,diedscene,restraint,restraintmisuse,seatpos,takehosp,death_dt,death_tm,cert,cernum_wa,commlic,licendor,licrestrict,liccomp,drivpres,drf1,drf2,drf3,drf4,distract1,distract2,distract3,distract4,distract5,distract6,dricond1,dricond2,dricond3,dricond4,dricond5,dricond6,dzip,licstate,drhgt_in,weight,noncdl,noncdltype,prevdwi,prevoth,prevacc,prevspd,prevsus,driviol1,driviol2,driviol3,driviol4,driviol5,driviol6,spdrel,first_dt,last_dt,airbag,ejection,ejectpath,extricat,injurwrk,methalc,methdrug,nmlocat,strikveh,prf1,prf2,prf3,druginv,alcinvol,drugsts,drugres1,drugres2,drugres3,drugtst1,drugtst2,drugtst3,alcsts,alctst,alcres,nmact1,nmact2,nmact3,nmact4,nmact5,nmact6,nmprior1,nmprior2,nmprior3,nmprior4,nmprior5,nmprior6,nmcond1,nmcond2,nmcond3,nmcond4,nmcond5,nmcond6,nmsafe_helmet,nmsafe_pads,nmsafe_oth,nmprev_ref,nmprev_lgt,nmprev_oth,crashlocation,nmcrashtype,crosswalk,schoolzone,sidewalk,train_inv,wildlife_inv,rotr_fars,intersect_fars,dd_inv,aid_inv,dpd_inv,id_inv,mj_inv,impnm_inv,ainm_inv,dpnm_inv,speed_inv,unlic_inv,unendmc_inv,drowsy_inv,drdist_inv,nmdist_inv,fty_inv,unrestfat_inv,dr1617_inv,dr1820_inv,dr1620_inv,dr2125_inv,dr1625_inv,dr65_inv,dr70_inv,dr75_inv,mc_inv,pv_inv,ht_inv,ped_inv,bike_inv,unrest_fat,mc_fat,unhelmet_mc,pv_fat,ht_fat,ped_fat,bike_fat,dr_alc7,dr_alc8,dr_drug,dr_imp,dr_dist,dr_spd,dr_fty,dr_unlic,dr_alc7only,dr_alc8only,dr_drugonly,dr_drink,nm_imp,nm_alc7,nm_alc8,nm_drug,nm_dist,agegrp1,agegrp2,roadclass,urbrur,dayweek,restuse,vehtype,race_me,intersect,lanedep,oppdir,wrongway,rep_typ,investag,repag_long,rotr,st_rd,cty_rd,city_rd,oth_rd,drug_thc,thc_res,drug_cthc,cthc_res,drug_cann,prevpersemin,prevperse,prevsusoth,drugtst4,drugtst5,drugtst6,drugtst7,drugtst8,drugres4,drugres5,drugres6,drugres7,drugres8,adspresent,adsengaged,adslevel,race1,race2,race3,race4,race5,helmet,helmetmisuse,nmdistract1,nmdistract2,nmdistract3,nmdistract4,nmdistract5,nmdistract6,lab,isedtcase,crf1,crf2,crf3,CoRoadName,CoMP,IntCoRoadName,IntCoMP
2021,12,EA98536,1,01/07/2021,22:51,7,1,,5,Benton,0,5,,2,1,2,1,0,4,3,,,,12,0,2,86,1,0,1,1,1,1,1,0,0,0,0,I-82,,-119.6734667,46.22353333,0,1,50,54,3,70,14,0,0,1,2,12,2,2,2,3,14,1,1,53,0,53,402,2002,0,,12,,,,,,1,1,60,1,7,,4,7,20,7,11,0,01/07/2021,22:51,53001438,1438,0,0,0,3,1,51,,,,96,,,,,,9,,,,,,99338,53,73,190,6,1,0,0,0,0,,0,,,,,,0,,,8,0,0,0,0,1,8,,,0,,,1,1,2,605,,,1,,,2,1,0.32,,,,,,,,,,,,,,,,,,,,,,,,,,,,,,0,0,0,0,1,1,1,1,1,0,0,0,0,1,0,0,0,0,0,1,0,0,0,1,1,1,0,0,0,1,0,0,0,1,0,,1,0,0,0,0,1,1,1,0,0,0,0,0,0,0,1,,,,,,56-60,56-65,Interstate,R,Thursday,Not Used,PV,Multiracial,0,0,0,1,State Route,State Patrol,Washington State Patrol,0,1,0,0,0,thc,0.52,,,,0,0,0,,,,,,,,,,,98,98,98,203,201,,,,20,,,,,,,,nms,1,0,,,,,,
2021,122,EB26420,11,04/24/2021,0:00,24,4,,5,Benton,0,10,,2,1,2,1,0,1,1,,,,1,0,0,2.8,1,0,1,5,2,2,4,0,0,0,0,CR-S CLODFELTER RD,,-119.2641528,46.17199444,0,1,6,12,2,50,4,0,0,1,2,1,2,2,2,1,14,1,0,53,0,30,40,2002,0,,68,64,1,,,,1,1,24,1,7,,4,0,2,0,11,5,04/24/2021,4:17,1.85053E+11,19991,0,0,0,3,1,0,,,,96,,,,,,98,,,,,,99338,53,70,230,6,1,0,0,0,0,,0,,,,,,4,,,8,1,9,0,0,9,8,,,0,,,8,8,2,1,,,1,,,2,1,0.192,,,,,,,,,,,,,,,,,,,,,,,,,,,,,,0,0,1,0,1,1,0,1,0,0,0,0,1,0,0,0,0,0,0,0,0,0,0,1,1,0,0,0,0,1,0,0,0,0,0,,1,0,0,0,0,1,0,1,0,1,0,0,0,1,0,1,,,,,,21-25,16-25,County road,U,Saturday,Belt Used,PV,White,0,1,0,0,County Road,County Sheriff,Benton County Sheriff's Office,1,0,1,0,0,,,,,,0,0,0,,,,,,,,,,,98,98,98,1,,,,,20,,,,,,,,,1,0,,,CLODFELTER RD,2.77,NULL,
2021,590,EB42775,19,06/22/2021,14:19,22,6,,21,Franklin,0,1,,1,1,2,1,0,1,1,,,,1,0,0,2.6,1,0,1,6,1,2,4,0,0,0,0,CR-COLUMBIA RIVER RD,,-119.2267139,46.3297,0,1,98,12,2,50,14,0,0,1,5,1,1,1,2,1,1,1,2,53,0,23,401,2005,0,,68,64,1,,,,1,1,56,2,7,,4,0,20,7,11,8,06/22/2021,15:12,1.85053E+11,31209,0,0,0,0,1,0,,,,96,,,,,,98,,,,,,99338,53,62,110,0,0,0,0,0,0,,0,,,,,,4,,,8,1,9,0,0,9,8,,,0,,,8,8,2,996,996,996,1,1,1,2,1,0.163,,,,,,,,,,,,,,,,,,,,,,,,,,,,,,0,0,0,0,1,1,1,1,1,0,0,0,1,1,0,0,0,0,0,1,0,0,0,0,0,0,0,0,0,1,0,0,0,1,0,,1,0,0,0,0,1,1,1,0,1,0,1,0,0,0,1,,,,,,56-60,56-65,County road,R,Tuesday,Not Used,PV,White,0,0,0,0,County Road,County Sheriff,Franklin County Sheriff's Office,0,0,1,0,0,thc,0.98,,,,0,0,0,1,1,1,,,996,996,996,605,996,98,98,98,1,,,,,20,,,,,,,,nms,1,0,,,COLUMBIA RIVER ROAD,2.57,NULL,
2021,293,EB57697,169,08/07/2021,3:18,7,8,,67,Thurston,1102,1,,3,1,2,1,0,1,1,,,,1,0,0,0,2,0,6,3,2,4,6,0,0,21,3,COLLEGE ST SE,22nd Ave SE,-122.8233194,47.02751111,0,1,98,9,1,35,80,0,0,1,2,1,1,1,3,1,1,1,2,53,0,76,705,2004,0,,1,,,,,,1,1,23,1,7,,4,0,20,7,11,5,08/07/2021,5:04,1.59053E+11,38607,0,0,0,2,1,0,,,,96,,,,,,98,,,,,,99338,53,71,160,6,1,1,1,1,3,,0,,,,,,3,10/15/2017,07/15/2020,20,8,0,0,0,9,8,,,0,,,8,8,2,695,605,,1,1,,2,1,0.13,,,,,,,,,,,,,,,,,,,,,,,,,,,,,,0,0,0,1,1,1,1,1,1,0,0,0,1,0,1,0,0,0,0,0,0,0,0,1,1,0,0,0,1,0,0,0,0,0,1,0,0,0,0,0,0,1,1,1,0,1,0,0,0,0,0,1,,,,,,21-25,16-25,City street,U,Saturday,,MC,Black,1,0,0,0,City Street,Municipal/City Police,Lacey Police Department,0,0,0,1,0,thc,3,carboxy-thc,33,,0,0,1,,,,,,,,,,,0,0,0,2,,,,,5,,,,,,,,nms,1,0,,,,,,
2021,286,EB56433,6,08/08/2021,0:35,8,8,,25,Grant,0,1,,2,1,2,1,0,5,3,,,,12,0,2,10.6,1,0,1,4,1,1,3,0,0,0,0,SR-243,,-119.9138194,46.68986111,0,3,51,62,4,60,15,0,0,1,5,12,1,1,2,1,1,1,2,41,0,19,421,2007,0,,12,,,,,,1,1,45,1,1,,4,7,3,0,11,0,08/08/2021,0:35,53038785,38785,0,0,0,3,1,0,,,,96,,,,,,98,,,,,,99341,53,72,188,6,1,0,3,0,3,,0,,,,,,0,06/15/2017,07/15/2020,20,0,0,0,0,9,8,,,0,,,8,8,2,1,,,1,,,2,1,0,,,,,,,,,,,,,,,,,,,,,,,,,,,,,,0,0,0,0,1,1,0,1,0,0,0,0,0,0,0,0,0,0,0,0,0,0,0,1,1,0,0,0,0,1,0,0,0,0,0,,1,0,0,0,0,0,0,0,0,0,0,0,0,0,0,0,,,,,,41-45,36-45,State route,R,Sunday,Belt Used,PV,Hispanic,0,1,1,0,State Route,State Patrol,Washington State Patrol,0,1,0,0,0,,,,,,0,0,0,,,,,,,,,,,98,98,98,298,,,,,20,,,,,,,,,1,14,,,,,,
2018,137,E799128,19,05/11/2018,0:21,11,5,0,21,Franklin,0,10,0,2,1,2,1,0,2,2,0:25,0:42,,12,0,1,10.1,3,0,2,5,1,2,4,0,0,0,0,CR-GLADE RD N,DOGWOOD RD,-119.1134417,46.41635556,0,2,25,53,3,55,80,0,0,1,7,12,8,8,2,1,10,1,1,53,0,72,706,2006,0,0,12,,,,,,1,1,57,1,1,98,4,7,19,0,11,0,05/11/2018,0:21,53021413,21413,0,0,0,3,1,0,0,0,0,96,,,,,,0,,,,,,99343,53,67,240,6,1,0,0,0,0,,0,,,,,,0,,,20,8,0,0,0,9,8,,,0,0,0,8,9,2,1,,,1,,,2,1,0.11,,,,,,,,,,,,,,,,,,,,,,,,,,,,,,0,0,0,1,1,1,0,1,0,0,0,0,1,0,0,0,0,0,0,0,0,0,0,0,0,0,0,0,1,0,0,0,0,0,1,0,0,0,0,0,0,1,0,1,0,0,0,0,0,1,0,1,,,,,,56-60,56-65,County road,R,Friday,,MC,Hispanic,0,0,0,0,County Road,County Sheriff,Franklin County Sheriff's Office,0,0,1,0,0,,,,,,0,0,0,,,,,,,,,,,,,,,,,,,,,,,,,,,,,,,,,,,
2019,310,E957982,6,08/01/2019,5:07,1,8,,25,Grant,0,1,0,4,1,2,2,0,4,2,,,,12,0,2,46.6,1,0,1,5,1,1,3,0,0,0,0,SR-24,,-119.6859806,46.66873611,0,2,51,62,4,60,6,0,0,1,2,12,2,2,2,1,14,2,1,53,0,6,52,2007,0,0,12,2,,,,,1,1,65,1,7,,4,0,3,0,11,1,08/12/2019,12:30,1.96053E+11,36466,0,0,3,3,1,0,0,0,0,96,,,,,,0,,,,,,99343,53,70,190,6,1,0,0,0,2,,0,,,,,,0,02/15/2015,05/15/2017,1,0,0,0,0,9,8,,,0,0,0,8,0,2,1,,,1,,,2,1,0,,,,,,,,,,,,,,,,,,,,,,,,,,,,,,0,0,0,0,0,0,0,0,0,0,0,0,0,0,0,0,0,0,0,0,0,1,1,0,1,1,0,0,0,1,0,0,0,0,0,,1,0,0,0,0,0,0,0,0,0,0,0,0,0,0,0,,,,,,61-65,56-65,State route,R,Thursday,Belt Used,PV,White,0,1,1,0,State Route,State Patrol,Washington State Patrol,0,1,0,0,0,,,,,,0,0,0,,,,,,,,,,,98,98,98,1,,,,,20,7,,,,,,,,,,,,,,,
2017,26,E635844,1,01/23/2017,17:19,23,1,0,21,Franklin,0,1,0,2,2,2,1,0,8,3,17:28,17:50,18:43,12,0,8,12.5,1,0,1,3,1,1,3,0,0,0,0,SR-17,,-119.0447972,46.72812778,0,1,64,10,2,60,4,0,0,1,2,12,1,1,2,1,6,3,1,53,0,37,31,1999,0,0,68,12,12,,,,1,1,21,1,0,0,3,0,20,0,11,4,,,,,0,0,0,2,1,28,91,0,0,96,,,,,,9,,,,,,99344,53,67,135,1,1,1,1,0,5,4,1,,,,,,0,08/15/2012,07/15/2016,1,0,0,0,8,1,8,,,0,0,0,8,1,2,1,0,0,1,0,0,2,1,0.18,,,,,,,,,,,,,,,,,,,,,,,,,,,,,,0,0,0,0,1,1,0,1,0,0,0,0,0,1,0,0,0,0,0,1,0,0,0,1,1,0,0,0,0,1,0,0,0,0,0,,0,0,0,0,0,1,0,1,0,0,0,1,0,1,0,1,,,,,,21-25,16-25,State route,R,Monday,Not Used,PV,Not Fatal,0,1,1,0,State Route,State Patrol,Washington State Patrol,0,1,0,0,0,,,,,,,,,,,,,,,,,,,,,,,,,,,,,,,,,,,,,,,,,,,
2017,123,E666024,226,04/10/2017,23:33,10,4,0,1,Adams,1630,1,0,3,1,2,1,0,1,3,,,,14,0,0,0,1,0,1,4,2,4,6,0,0,0,0,BROADWAY AVE,,-119.1755056,46.83530278,0,1,1,13,2,35,80,0,0,1,2,14,1,1,3,5,1,1,1,53,0,73,705,2006,0,0,63,14,14,,,,1,1,23,1,1,1,4,7,16,0,11,0,04/10/2017,23:33,1.63053E+11,16971,0,0,0,3,1,0,0,0,0,96,,,,,,99,,,,,,99344,53,65,160,6,1,0,1,0,1,0,0,,,,,,4,04/15/2013,04/15/2015,20,8,0,0,0,9,8,,,0,0,0,8,9,0,0,0,0,0,0,0,0,0,996,,,,,,,,,,,,,,,,,,,,,,,,,,,,,,0,0,1,0,0,0,0,0,0,0,0,0,1,0,0,0,0,0,0,0,0,0,0,1,1,0,0,0,1,1,0,0,0,0,1,1,0,0,0,0,0,0,0,0,0,1,0,0,0,0,0,0,,,,,,21-25,16-25,City street,U,Monday,,MC,Hispanic,0,1,0,0,City Street,Municipal/City Police,Othello Police Department,1,0,0,1,0,,,,,,,,,,,,,,,,,,,,,,,,,,,,,,,,,,,,,,,,,,,
2017,135,E669124,4,05/05/2017,7:39,5,5,0,1,Adams,0,10,0,1,2,2,1,0,2,2,7:37,7:50,,12,0,6,73.8,1,0,1,5,1,1,3,0,0,0,0,SR-24,,-119.1877556,46.73806667,0,1,98,54,3,60,2,0,0,1,2,12,1,2,3,1,12,1,1,53,0,12,3,1997,0,0,12,,,,,,1,1,58,2,7,1,4,7,3,0,11,0,05/05/2017,7:48,53020782,20782,0,0,3,3,1,38,48,0,0,99,,,,,,99,,,,,,99344,53,69,140,6,1,0,0,0,0,0,0,,,,,,0,,,8,0,0,0,0,9,8,,,0,0,0,8,9,2,367,996,0,1,1,0,2,1,0,,,,,,,,,,,,,,,,,,,,,,,,,,,,,,0,0,0,0,0,0,1,1,0,0,0,0,0,0,0,0,0,0,1,0,0,0,0,0,0,0,0,0,0,1,0,0,0,0,0,,1,0,0,0,0,0,1,1,0,0,1,0,0,0,1,0,,,,,,56-60,56-65,State route,R,Friday,Belt Used,PV,White,0,0,0,0,State Route,State Patrol,Washington State Patrol Headquarter,0,1,0,0,0,,,,,,,,,,,,,,,,,,,,,,,,,,,,,,,,,,,,,,,,,,,
2017,135,E669124,4,05/05/2017,7:39,5,5,0,1,Adams,0,10,0,1,2,2,1,0,2,2,7:37,7:50,,12,0,6,73.8,1,0,1,5,1,1,3,0,0,0,0,SR-24,,-119.1877556,46.73806667,0,2,98,54,3,60,34,0,0,1,2,12,1,2,3,1,1,1,2,53,0,12,481,1997,0,0,12,,,,,,1,1,28,1,0,0,0,0,3,0,11,0,,,,,0,0,0,3,1,0,0,0,0,0,,,,,,0,,,,,,99344,53,68,190,6,1,0,0,0,0,0,0,,,,,,0,,,20,0,0,0,8,9,8,,,0,0,0,8,0,0,0,0,0,0,0,0,0,0,996,,,,,,,,,,,,,,,,,,,,,,,,,,,,,,0,0,0,0,0,0,1,1,0,0,0,0,0,0,0,0,0,0,1,0,0,0,0,0,0,0,0,0,0,1,0,0,0,0,0,,0,0,0,0,0,0,0,0,0,0,0,0,0,0,0,0,,,,,,26-30,26-35,State route,R,Friday,Belt Used,PV,Not Fatal,0,0,0,0,State Route,State Patrol,Washington State Patrol Headquarter,0,1,0,0,0,,,,,,,,,,,,,,,,,,,,,,,,,,,,,,,,,,,,,,,,,,,
2017,178,E680633,6,05/25/2017,4:36,25,5,0,25,Grant,0,1,0,2,1,2,3,0,12,2,4:36,5:06,6:19,12,0,6,6.3,2,0,2,5,1,2,4,0,0,0,0,CR-ADAM RD S,FRENCHMAN HILLS RD W,-119.7605083,46.98635278,0,2,89,66,4,60,21,0,0,1,2,1,1,1,2,1,1,11,1,53,0,20,461,2001,0,0,12,63,1,,,,1,1,42,1,0,0,3,0,3,0,11,8,,,,,0,0,0,3,1,0,0,0,0,0,,,,,,0,,,,,,99344,53,68,200,6,1,0,0,0,2,0,0,,,,,,0,04/15/2013,11/15/2015,1,0,0,0,8,9,8,,,0,0,0,8,0,0,0,0,0,0,0,0,0,0,996,,,,,,,,,,,,,,,,,,,,,,,,,,,,,,0,0,0,1,0,0,0,0,0,0,0,0,0,0,0,0,1,0,1,1,0,0,0,0,0,0,0,0,0,1,0,0,0,0,0,,0,0,0,0,0,0,0,0,0,0,0,0,0,0,0,0,,,,,,41-45,36-45,County road,R,Thursday,Belt Used,PV,Not Fatal,1,0,0,0,County Road,County Sheriff,Grant County Sheriff's Office,0,0,1,0,0,,,,,,,,,,,,,,,,,,,,,,,,,,,,,,,,,,,,,,,,,,,
2017,205,E686753,4,06/18/2017,4:00,18,6,0,1,Adams,0,1,0,2,1,2,1,0,4,2,4:01,4:30,4:55,12,0,2,65.9,1,0,1,5,1,1,3,0,0,0,0,SR-24,,-119.3504111,46.73781111,0,1,50,10,2,60,4,0,0,1,2,12,1,1,2,1,1,1,2,53,0,18,20,1993,0,0,68,12,,,,,1,1,18,1,0,0,3,0,3,0,11,5,,,,,0,0,3,3,1,28,0,0,0,96,,,,,,9,,,,,,99344,53,69,160,6,1,1,0,0,0,1,0,,,,,,0,12/15/2016,02/15/2017,20,0,0,0,8,9,8,,,0,0,0,8,1,0,0,0,0,0,0,0,0,0,996,,,,,,,,,,,,,,,,,,,,,,,,,,,,,,0,0,0,0,1,0,0,0,0,0,0,0,0,0,0,0,0,0,0,0,0,1,1,0,1,0,0,0,0,1,0,0,0,0,0,,0,0,0,0,0,0,0,0,0,0,0,0,0,0,0,1,,,,,,18-20,16-25,State route,R,Sunday,Belt Used,PV,Not Fatal,0,1,1,0,State Route,State Patrol,Washington State Patrol Headquarter,0,1,0,0,0,,,,,,,,,,,,,,,,,,,,,,,,,,,,,,,,,,,,,,,,,,,
2017,205,E686753,4,06/18/2017,4:00,18,6,0,1,Adams,0,1,0,2,1,2,1,0,4,2,4:01,4:30,4:55,12,0,2,65.9,1,0,1,5,1,1,3,0,0,0,0,SR-24,,-119.3504111,46.73781111,0,2,51,62,4,60,20,0,0,1,2,12,1,1,2,1,1,3,1,53,0,37,441,2006,0,0,12,,,,,,1,1,42,1,0,0,1,0,3,0,11,5,,,,,0,0,0,3,1,0,0,0,0,0,,,,,,0,,,,,,99344,53,75,205,6,1,0,0,0,0,0,0,,,,,,0,,,8,0,0,0,8,9,8,,,0,0,0,8,0,0,0,0,0,0,0,0,0,0,996,,,,,,,,,,,,,,,,,,,,,,,,,,,,,,0,0,0,0,1,0,0,0,0,0,0,0,0,0,0,0,0,0,0,0,0,1,1,0,1,0,0,0,0,1,0,0,0,0,0,,0,0,0,0,0,0,0,0,0,0,0,0,0,0,0,0,,,,,,41-45,36-45,State route,R,Sunday,Belt Used,PV,Not Fatal,0,1,1,0,State Route,State Patrol,Washington State Patrol Headquarter,0,1,0,0,0,,,,,,,,,,,,,,,,,,,,,,,,,,,,,,,,,,,,,,,,,,,
2017,472,E733004,4,11/01/2017,8:50,1,11,0,65,Stevens,0,3,0,1,2,2,1,0,2,2,9:32,10:12,11:12,12,0,6,243.9,2,0,2,3,1,1,2,0,0,20,3,US-395,SR-25,-118.07495,48.60632222,0,2,87,66,4,55,66,2,0,1,5,12,8,8,2,1,3,1,3,53,0,85,881,2013,0,0,12,,,,,,1,1,61,1,0,0,0,0,3,0,11,0,,,,,6,1,0,3,1,0,0,0,0,0,,,,,,0,,,,,,99344,53,70,185,6,1,0,1,1,0,0,0,,,,,,0,08/15/2013,04/15/2016,20,0,0,0,8,9,8,,,0,0,0,8,0,0,0,0,0,0,0,0,0,0,996,,,,,,,,,,,,,,,,,,,,,,,,,,,,,,0,0,0,1,0,0,0,0,0,0,0,0,0,0,0,0,1,0,0,0,0,0,0,0,0,1,1,1,0,0,1,0,0,0,0,,0,0,0,0,0,0,0,0,0,0,0,0,0,0,0,0,,,,,,61-65,56-65,US highway,R,Wednesday,,MHTRUCK,Not Fatal,1,0,0,0,State Route,State Patrol,Washington State Patrol Headquarter,0,1,0,0,0,,,,,,,,,,,,,,,,,,,,,,,,,,,,,,,,,,,,,,,,,,,
2018,137,E799128,19,05/11/2018,0:21,11,5,0,21,Franklin,0,10,0,2,1,2,1,0,2,2,0:25,0:42,,12,0,1,10.1,3,0,2,5,1,2,4,0,0,0,0,CR-GLADE RD N,DOGWOOD RD,-119.1134417,46.41635556,0,1,24,51,3,55,80,0,0,1,7,12,8,8,2,1,1,1,1,53,0,72,706,2018,0,0,12,,,,,,1,1,40,1,0,0,3,0,19,0,11,5,,,,,0,0,0,3,1,0,0,0,0,96,,,,,,99,,,,,,99344,53,71,255,6,1,0,0,2,1,,97,,,,,,3,05/15/2014,08/15/2016,20,8,0,0,8,9,8,,,0,0,0,8,1,8,95,,,96,,,2,1,0.11,,,,,,,,,,,,,,,,,,,,,,,,,,,,,,0,0,0,1,1,1,0,1,0,0,0,0,1,0,0,0,0,0,0,0,0,0,0,0,0,0,0,0,1,0,0,0,0,0,0,0,0,0,0,0,0,1,0,1,0,1,0,0,0,1,0,1,,,,,,36-40,36-45,County road,R,Friday,,MC,Not Fatal,0,0,0,0,County Road,County Sheriff,Franklin County Sheriff's Office,0,0,1,0,0,,,,,,0,0,0,,,,,,,,,,,,,,,,,,,,,,,,,,,,,,,,,,,
2018,225,E818845,21,07/09/2018,7:36,9,7,0,25,Grant,0,1,0,1,1,7,1,0,2,2,7:40,7:56,,12,0,6,2,2,0,3,5,1,2,4,0,0,0,0,CR-RD S SE,CR-RD 6 SE,-119.0881278,46.99896944,0,2,83,67,4,55,66,1,0,1,7,1,1,4,2,1,1,1,3,53,0,82,881,2011,0,0,12,68,64,1,,,1,1,29,1,0,0,1,0,2,0,11,0,,,,,6,1,0,3,1,0,0,0,0,96,,,,,,0,,,,,,99344,53,69,205,6,1,0,0,0,1,,0,,,,,,0,11/15/2014,11/15/2014,20,0,0,0,8,9,8,,,0,0,0,8,0,8,95,,,96,,,8,95,995,,,,,,,,,,,,,,,,,,,,,,,,,,,,,,0,0,0,1,0,0,1,1,1,0,0,0,0,0,0,0,1,0,1,0,0,0,0,0,0,0,0,0,0,1,1,0,0,0,0,,0,0,0,0,0,0,0,0,0,0,0,0,0,0,0,0,,,,,,26-30,26-35,County road,R,Monday,,MHTRUCK,Not Fatal,1,0,0,0,County Road,County Sheriff,Grant County Sheriff's Office,0,0,1,0,0,,,,,,0,0,0,,,,,,,,,,,,,,,,,,,,,,,,,,,,,,,,,,,
2018,264,E823902,4,07/30/2018,21:02,30,7,0,63,Spokane,0,1,0,5,1,2,1,0,4,3,21:02,21:22,22:15,12,0,1,256.5,1,0,1,1,1,1,1,0,0,0,0,I-90,,-117.7740861,47.44777778,0,3,98,62,4,70,66,1,0,1,5,12,1,1,2,2,15,1,1,53,0,87,884,2007,0,0,12,,,,,,1,1,43,1,0,0,0,0,3,0,11,0,,,,,6,3,0,3,1,0,0,0,0,0,,,,,,0,,,,,,99344,53,69,200,6,1,1,1,1,0,,0,,,,,,0,10/15/2014,12/15/2017,20,0,0,0,8,9,8,,,0,0,0,8,0,8,95,,,96,,,8,95,995,,,,,,,,,,,,,,,,,,,,,,,,,,,,,,0,0,0,0,1,1,1,1,1,0,0,0,1,0,0,0,0,0,0,0,0,0,0,0,0,0,0,0,0,1,1,0,0,0,0,,0,0,0,0,0,0,0,0,0,0,0,0,0,0,0,0,,,,,,41-45,36-45,Interstate,R,Monday,,MHTRUCK,Not Fatal,0,0,0,0,State Route,State Patrol,Washington State Patrol,0,1,0,0,0,,,,,,0,0,0,,,,,,,,,,,,,,,,,,,,,,,,,,,,,,,,,,,
2018,356,E847435,6,10/01/2018,6:05,1,10,0,25,Grant,0,1,0,2,1,2,1,0,2,2,6:10,6:34,7:12,12,0,6,1,2,0,2,5,1,2,4,0,0,0,0,CR-RD L NE,NELSON RD NE,-119.2358806,47.11628056,0,2,89,66,4,50,4,0,0,1,7,12,1,1,2,1,1,1,1,53,0,7,20,2001,0,0,12,,,,,,1,1,41,2,1,1,4,8,3,0,11,5,10/01/2018,7:28,1.39053E+11,44045,0,0,0,3,1,0,0,0,0,96,,,,,,0,,,,,,99344,53,66,160,6,1,0,1,0,0,,0,,,,,,0,08/15/2015,08/15/2015,1,0,0,0,0,9,8,,,0,0,0,8,0,2,1,,,1,,,2,1,0,,,,,,,,,,,,,,,,,,,,,,,,,,,,,,0,0,0,1,0,0,0,0,0,0,0,0,0,1,0,0,1,0,0,0,0,0,0,0,0,0,0,0,0,1,0,0,0,0,0,,1,0,0,0,0,0,0,0,0,0,0,0,0,0,0,0,,,,,,41-45,36-45,County road,R,Monday,Belt Used,PV,Hispanic,1,0,0,0,County Road,County Sheriff,Grant County Sheriff's Office,0,0,1,0,0,,,,,,0,0,0,,,,,,,,,,,,,,,,,,,,,,,,,,,,,,,,,,,
2018,444,E868426,6,11/28/2018,7:03,28,11,0,25,Grant,0,5,0,1,1,2,1,0,2,2,7:00,7:15,,12,0,2,3.9,1,0,1,4,1,1,3,0,0,0,0,SR-243,,-119.8133306,46.63307222,0,2,51,62,4,60,66,1,0,1,7,12,1,1,2,1,1,1,3,53,0,51,881,2008,0,0,12,,,,,,1,1,52,1,0,0,0,0,3,0,11,0,,,,,6,1,0,3,1,0,0,0,0,96,,,,,,0,,,,,,99344,53,72,245,6,1,0,3,0,2,,0,,,,,,0,04/15/2016,10/15/2018,20,0,0,0,8,9,8,,,0,0,0,8,0,8,95,,,96,,,8,95,995,,,,,,,,,,,,,,,,,,,,,,,,,,,,,,0,0,0,0,0,0,1,1,1,0,0,0,0,0,0,0,0,0,0,0,0,1,1,0,1,0,0,0,0,1,1,0,0,0,0,,0,0,0,0,0,0,0,0,0,0,0,0,0,0,0,0,,,,,,51-55,46-55,State route,R,Wednesday,,MHTRUCK,Not Fatal,0,1,1,0,State Route,State Patrol,Washington State Patrol,0,1,0,0,0,,,,,,0,0,0,,,,,,,,,,,,,,,,,,,,,,,,,,,,,,,,,,,
2018,476,E876928,9,12/23/2018,0:28,23,12,9,1,Adams,0,4,0,2,10,2,1,0,6,1,0:33,1:15,,1,0,0,4.7,1,0,1,5,1,2,4,0,0,0,0,CR-S LIND HATTON RD,,-118.8091278,46.82171944,0,1,1,13,2,25,20,0,0,1,7,1,3,2,2,1,14,6,2,53,0,6,441,2003,0,0,63,1,,,,,1,1,37,1,0,0,1,0,99,0,11,0,,,,,0,0,0,3,1,0,0,0,0,96,,,,,,0,,,,,,99344,53,67,185,6,1,0,2,1,2,,23,,,,,,3,06/15/2014,05/15/2016,1,0,0,0,8,9,8,,,0,0,0,8,0,8,95,,,96,,,8,95,995,,,,,,,,,,,,,,,,,,,,,,,,,,,,,,0,0,1,0,0,0,0,0,0,0,0,0,1,0,0,0,0,0,0,0,0,0,0,0,0,0,0,0,0,1,0,0,0,0,0,,0,0,0,0,0,0,0,0,0,1,0,0,0,0,0,0,,,,,,36-40,36-45,County road,R,Sunday,Unknown,PV,Not Fatal,0,1,0,0,County Road,County Sheriff,Adam's County Sheriff's Office,1,0,1,0,0,,,,,,0,0,0,,,,,,,,,,,,,,,,,,,,,,,,,,,,,,,,,,,