year,case,par,repjur,crash_dt,crash_tm,accday,accmon,holiday,county,co_char,city,weather,weather2,lightcond,surfcond,surftype,numfatal,nmforms,pforms,vforms,not_tm,arr_tm,hosp_tm,fhevent,hitrun,manncol,milepnt,reljunc,reljuncinter,intersectiontype,funcsystem,landuse,ownership,route,schlbus,spejur,contdev,devfunc,trafid1,trafid2,x,y,wk_zone,vnumber,crashtype,criticalevent,criticaleventcat,spdlim,body,trailer,emerg,hazcargo,leave,mhevent,roadalgn,roadprof,traflane,trafflow,vehmanvr,numoccs,regowner,regstate,spuse,make,model,modelyr,vrf1,vrf2,seqevent1,seqevent2,seqevent3,seqevent4,seqevent5,seqevent6,pnumber,ptype,age,sex,hispanic,race,injury,diedscene,restraint,restraintmisuse,seatpos,takehosp,death_dt,death_tm,cert,cernum_wa,commlic,licendor,licrestrict,liccomp,drivpres,drf1,drf2,drf3,drf4,distract1,distract2,distract3,distract4,distract5,distract6,dricond1,dricond2,dricond3,dricond4,dricond5,dricond6,dzip,licstate,drhgt_in,weight,noncdl,noncdltype,prevdwi,prevoth,prevacc,prevspd,prevsus,driviol1,driviol2,driviol3,driviol4,driviol5,driviol6,spdrel,first_dt,last_dt,airbag,ejection,ejectpath,extricat,injurwrk,methalc,methdrug,nmlocat,strikveh,prf1,prf2,prf3,druginv,alcinvol,drugsts,drugres1,drugres2,drugres3,drugtst1,drugtst2,drugtst3,alcsts,alctst,alcres,nmact1,nmact2,nmact3,nmact4,nmact5,nmact6,nmprior1,nmprior2,nmprior3,nmprior4,nmprior5,nmprior6,nmcond1,nmcond2,nmcond3,nmcond4,nmcond5,nmcond6,nmsafe_helmet,nmsafe_pads,nmsafe_oth,nmprev_ref,nmprev_lgt,nmprev_oth,crashlocation,nmcrashtype,crosswalk,schoolzone,sidewalk,train_inv,wildlife_inv,rotr_fars,intersect_fars,dd_inv,aid_inv,dpd_inv,id_inv,mj_inv,impnm_inv,ainm_inv,dpnm_inv,speed_inv,unlic_inv,unendmc_inv,drowsy_inv,drdist_inv,nmdist_inv,fty_inv,unrestfat_inv,dr1617_inv,dr1820_inv,dr1620_inv,dr2125_inv,dr1625_inv,dr65_inv,dr70_inv,dr75_inv,mc_inv,pv_inv,ht_inv,ped_inv,bike_inv,unrest_fat,mc_fat,unhelmet_mc,pv_fat,ht_fat,ped_fat,bike_fat,dr_alc7,dr_alc8,dr_drug,dr_imp,dr_dist,dr_spd,dr_fty,dr_unlic,dr_alc7only,dr_alc8only,dr_drugonly,dr_drink,nm_imp,nm_alc7,nm_alc8,nm_drug,nm_dist,agegrp1,agegrp2,roadclass,urbrur,dayweek,restuse,vehtype,race_me,intersect,lanedep,oppdir,wrongway,rep_typ,investag,repag_long,rotr,st_rd,cty_rd,city_rd,oth_rd,drug_thc,thc_res,drug_cthc,cthc_res,drug_cann,prevpersemin,prevperse,prevsusoth,drugtst4,drugtst5,drugtst6,drugtst7,drugtst8,drugres4,drugres5,drugres6,drugres7,drugres8,adspresent,adsengaged,adslevel,race1,race2,race3,race4,race5,helmet,helmetmisuse,nmdistract1,nmdistract2,nmdistract3,nmdistract4,nmdistract5,nmdistract6,lab,isedtcase,crf1,crf2,crf3,CoRoadName,CoMP,IntCoRoadName,IntCoMP
2018,478,E877471,6,12/10/2018,18:12,10,12,0,25,Grant,0,10,0,2,2,2,1,0,2,2,,,,12,0,2,27,1,0,1,3,1,1,3,0,0,0,0,SR-26,,-119.4443278,46.852325,0,2,51,62,4,60,66,1,0,1,7,12,1,1,2,1,1,1,3,53,0,51,881,2017,0,0,12,,,,,,1,1,25,1,0,0,1,0,3,0,11,4,,,,,6,1,0,3,1,0,0,0,0,96,,,,,,0,,,,,,99344,53,70,380,6,1,0,2,0,4,,0,,,,,,0,07/15/2014,01/15/2016,20,0,0,0,8,9,8,,,0,0,0,8,0,8,95,,,96,,,8,95,995,,,,,,,,,,,,,,,,,,,,,,,,,,,,,,0,0,0,0,0,0,0,0,0,0,0,0,0,0,0,0,0,0,0,0,0,1,1,1,1,0,0,0,0,1,1,0,0,0,0,,0,0,0,0,0,0,0,0,0,0,0,0,0,0,0,0,,,,,,21-25,16-25,State route,R,Monday,,MHTRUCK,Not Fatal,0,1,1,0,State Route,State Patrol,Washington State Patrol,0,1,0,0,0,,,,,,0,0,0,,,,,,,,,,,,,,,,,,,,,,,,,,,,,,,,,,,
2019,35,E890289,6,01/16/2019,20:50,16,1,,1,Adams,1630,1,0,2,1,2,1,0,2,2,,,,12,0,6,40.1,3,0,2,3,2,1,3,0,0,0,0,SR-26,MOON ROAD,-119.1871139,46.81145833,0,2,81,62,4,50,4,0,0,1,7,1,1,1,2,1,1,1,2,53,0,49,40,2015,0,0,12,63,24,17,53,1,1,1,21,1,1,,4,0,20,7,11,4,01/17/2019,23:05,2.11053E+11,3042,0,0,3,3,1,0,0,0,0,96,,,,,,0,,,,,,99344,53,65,160,6,1,0,2,0,1,,0,,,,,,0,10/15/2016,10/15/2017,8,1,9,0,0,9,8,,,0,0,0,8,0,2,300,348,,1,1,,2,1,0,,,,,,,,,,,,,,,,,,,,,,,,,,,,,,0,0,0,1,0,0,1,1,0,0,0,0,0,1,0,0,0,0,0,1,0,0,0,1,1,0,0,0,0,1,1,0,0,1,0,,1,0,0,0,0,0,1,1,0,0,0,0,0,0,1,0,,,,,,21-25,16-25,State route,U,Wednesday,Not Used,PV,Hispanic,1,0,0,0,State Route,State Patrol,Washington State Patrol Headquarter,0,1,0,0,0,,,,,,0,0,2,,,,,,,,,,,98,98,98,1,,,,,20,7,,,,,,,,,,,,,,,
2019,404,E981624,6,10/22/2019,18:20,22,10,,1,Adams,0,1,0,3,1,2,1,0,1,1,,,,1,0,0,18.8,1,0,1,3,1,1,3,0,0,0,0,SR-17,,-119.1342694,46.78209444,0,1,6,13,2,98,34,0,0,1,7,1,1,1,2,1,6,1,1,53,0,49,471,1991,0,0,63,69,68,64,1,,1,1,21,1,1,,4,0,3,0,11,8,10/22/2019,19:26,1.63053E+11,46942,0,0,0,3,1,34,58,0,0,96,,,,,,9,,,,,,99344,53,66,140,6,1,1,2,2,0,,0,,,,,,4,09/15/2015,11/15/2018,20,0,0,0,9,9,1,,,0,0,0,1,1,2,402,695,605,1,1,1,2,1,0.02,,,,,,,,,,,,,,,,,,,,,,,,,,,,,,0,0,1,0,1,0,1,1,1,0,0,0,1,0,0,0,0,0,0,0,0,0,0,1,1,0,0,0,0,1,0,0,0,0,0,,1,0,0,0,1,0,1,1,0,1,0,0,0,0,0,1,,,,,,21-25,16-25,State route,R,Tuesday,Belt Used,PV,Hispanic,0,1,0,0,State Route,State Patrol,Washington State Patrol,1,1,0,0,0,thc,3.5,carboxy-thc,10,,0,1,1,1,1,,,,151,996,,,,0,0,0,1,,,,,20,7,,,,,,,nms,,,,,,,,
2020,233,EA48375,4,06/20/2020,16:07,20,6,,1,Adams,1630,1,,1,1,2,1,0,4,2,16:10,16:12,16:28,12,0,6,21.9,2,0,2,3,2,1,3,0,0,20,3,SR-17,CUNNINGHAM RD,-119.1333306,46.82631667,0,1,89,17,2,35,4,0,0,1,2,12,1,1,2,1,4,2,2,53,0,21,20,1998,0,,12,,,,,,1,1,74,1,6,,4,0,3,0,11,5,06/26/2020,16:23,2.11053E+11,30399,0,0,0,3,1,38,,,,96,,,,,,98,,,,,,99344,53,66,200,6,1,0,0,0,0,,0,,,,,,0,,,8,0,0,0,0,9,8,,,0,,,8,8,2,151,,,1,,,2,1,0,,,,,,,,,,,,,,,,,,,,,,,,,,,,,,0,0,0,1,0,0,1,1,0,0,0,0,0,0,0,0,0,0,1,0,0,0,0,0,0,1,1,0,0,1,0,0,0,0,0,,1,0,0,0,0,0,1,1,0,0,1,0,0,0,1,0,,,,,,71-75,66-75,State route,U,Saturday,Belt Used,PV,Hispanic,1,0,0,0,State Route,State Patrol,Washington State Patrol,0,1,0,0,0,,,,,,0,0,0,,,,,,,,,,,0,0,0,1,,,,,20,7,,,,,,,,1,0,,,,,,
2020,233,EA48375,4,06/20/2020,16:07,20,6,,1,Adams,1630,1,,1,1,2,1,0,4,2,16:10,16:12,16:28,12,0,6,21.9,2,0,2,3,2,1,3,0,0,0,0,SR-17,CUNNINGHAM RD,-119.1333306,46.82631667,0,2,88,66,4,60,34,1,0,1,5,12,1,1,3,1,1,2,2,53,0,20,481,2007,0,,12,,,,,,1,1,48,1,0,,0,0,3,0,11,0,,,,,0,0,0,3,1,0,,,,96,,,,,,0,,,,,,99344,53,72,180,6,1,0,0,0,1,,0,,,,,,0,09/15/2019,09/15/2019,8,0,0,0,8,9,8,,,0,,,8,8,0,0,,,0,,,0,0,996,,,,,,,,,,,,,,,,,,,,,,,,,,,,,,0,0,0,1,0,0,1,1,0,0,0,0,0,0,0,0,0,0,1,0,0,0,0,0,0,1,1,0,0,1,0,0,0,0,0,,0,0,0,0,0,0,0,0,0,0,0,0,0,0,0,0,,,,,,46-50,46-55,State route,U,Saturday,Belt Used,PV,Not Fatal,1,0,0,0,State Route,State Patrol,Washington State Patrol,0,1,0,0,0,,,,,,0,0,0,,,,,,,,,,,98,98,98,0,,,,,20,7,,,,,,,,1,0,,,,,,
2020,286,EA56516,6,07/22/2020,20:40,22,7,,25,Grant,0,1,,2,1,2,1,0,2,2,,,,12,0,8,33.9,1,0,1,3,1,1,3,0,0,0,0,SR-17,,-119.1192778,46.993375,0,1,66,10,2,60,34,0,0,1,2,12,2,2,2,1,14,1,1,53,0,35,471,1993,0,,68,12,,,,,1,1,51,1,1,,4,0,3,0,11,5,08/04/2020,6:10,2.11053E+11,39507,0,0,0,3,1,28,58,,,96,,,,,,98,,,,,,99344,53,66,130,6,1,0,0,0,0,,0,,,,,,0,,,20,0,0,0,0,9,8,,,0,,,8,8,8,95,,,96,,,2,95,997,,,,,,,,,,,,,,,,,,,,,,,,,,,,,,0,0,0,0,0,0,0,0,0,0,0,0,0,0,0,0,0,0,0,0,0,0,0,0,0,0,0,0,0,1,1,0,0,0,0,,1,0,0,0,0,0,0,0,0,0,0,0,0,0,0,0,,,,,,51-55,46-55,State route,R,Wednesday,Belt Used,PV,Hispanic,0,0,0,1,State Route,State Patrol,Washington State Patrol,0,1,0,0,0,,,,,,0,0,0,,,,,,,,,,,0,0,0,98,,,,,20,7,,,,,,,,1,0,,,,,,
2020,353,EA63308,6,09/09/2020,18:59,9,9,,25,Grant,0,5,,1,1,2,1,0,2,2,18:42,18:53,19:25,12,0,6,40.3,2,0,2,4,1,1,3,0,0,20,3,SR-28,K RD NW,-119.7250972,47.24893333,0,1,87,17,2,50,4,0,0,1,2,12,1,1,2,1,4,1,1,53,0,35,39,2002,0,,12,,,,,,1,1,59,1,1,,4,0,3,0,11,5,09/09/2020,19:48,53042821,42821,0,0,0,3,1,38,,,,96,,,,,,0,,,,,,99344,53,65,209,6,1,0,0,0,0,,46,,,,,,0,,,8,0,0,0,0,1,8,,,0,,,8,0,8,95,,,96,,,2,98,0,,,,,,,,,,,,,,,,,,,,,,,,,,,,,,0,0,0,1,0,0,0,0,0,0,0,0,0,0,0,0,0,0,1,0,0,0,0,0,0,0,0,0,0,1,0,0,0,0,0,,1,0,0,0,0,0,0,0,0,0,1,0,0,0,0,0,,,,,,56-60,56-65,State route,R,Wednesday,Belt Used,PV,Hispanic,1,0,0,0,State Route,State Patrol,Washington State Patrol,0,1,0,0,0,,,,,,0,0,0,,,,,,,,,,,98,98,98,98,,,,,20,7,,,,,,,,1,0,,,,,,
2021,219,EB47300,4,06/25/2021,13:28,25,6,,1,Adams,0,1,,1,1,2,1,0,3,3,,,,12,0,1,24.9,3,0,2,2,1,1,3,0,0,0,0,SR-17,SUTTON RD,-119.1329639,46.87005556,0,2,21,53,3,60,4,0,0,1,2,12,1,1,2,1,5,1,2,53,0,37,32,1997,0,,12,68,12,,,,1,1,21,1,1,,4,7,20,7,11,0,06/25/2021,13:28,53033995,33995,0,0,3,2,1,0,,,,96,,,,,,98,,,,,,99344,53,65,170,1,1,2,0,2,0,,0,,,,,,0,02/15/2018,10/15/2019,8,0,0,0,9,9,8,,,0,,,8,8,2,996,996,,1,1,,2,1,0,,,,,,,,,,,,,,,,,,,,,,,,,,,,,,0,0,0,1,0,0,1,1,0,0,0,0,1,1,0,0,0,0,0,1,0,0,0,1,1,0,0,0,0,1,1,0,0,1,0,,1,0,0,0,0,0,1,1,0,0,0,1,0,0,1,0,,,,,,21-25,16-25,State route,R,Friday,Not Used,PV,Hispanic,1,0,0,0,State Route,State Patrol,Washington State Patrol,0,1,0,0,0,,,,,,1,0,1,,,,,,,,,,,0,0,0,98,,,,,20,,,,,,,,,1,0,,,,,,
2021,224,EB48197,21,06/13/2021,8:18,13,6,,25,Grant,0,1,,1,1,2,1,0,4,2,,,,12,0,2,17.3,1,0,1,6,1,1,4,0,0,0,0,CR-N FRONTAGE RD,,-119.4087,47.10453333,0,2,51,62,4,55,5,0,0,1,2,12,1,1,2,1,1,1,1,53,0,35,50,2011,0,,12,,,,,,1,1,74,1,7,,4,0,3,0,11,0,06/13/2021,9:30,1.39053E+11,28605,0,0,0,3,1,0,,,,96,,,,,,98,,,,,,99344,53,72,204,6,1,0,2,1,0,,0,,,,,,0,04/15/2019,09/15/2020,20,0,0,0,0,9,8,,,0,,,8,8,2,402,407,996,1,1,1,2,1,0,,,,,,,,,,,,,,,,,,,,,,,,,,,,,,0,0,0,0,0,0,1,1,0,0,0,0,0,1,0,0,0,0,0,0,0,0,0,0,0,1,1,0,0,1,0,0,0,0,0,,1,0,0,0,0,0,1,1,0,0,0,0,0,0,1,0,,,,,,71-75,66-75,County road,R,Sunday,Belt Used,PV,White,0,1,1,0,State Route,County Sheriff,Grant County Sheriff's Office,0,1,0,0,0,,,,,,0,0,0,1,,,,,522,,,,,98,98,98,1,,,,,20,,,,,,,,,1,0,,,,,,
2021,323,EB62133,21,08/05/2021,14:25,5,8,,25,Grant,0,1,,1,1,2,2,0,3,2,,,,12,0,6,12.1,2,0,2,6,1,2,4,0,0,20,3,CR-ROAD 11 SW,RD E SW,-119.6005694,46.92826111,0,1,89,17,2,55,6,0,0,1,2,12,1,1,2,1,4,2,2,53,0,35,49,2004,0,,12,63,1,,,,1,1,46,1,1,,4,7,3,0,11,0,08/05/2021,14:25,53039233,39233,0,0,0,2,1,38,,,,92,,,,,,98,,,,,,99344,53,65,165,1,1,0,0,0,0,,0,,,,,,0,,,8,0,0,0,0,9,8,,,0,,,8,8,2,1,,,1,,,2,1,0,,,,,,,,,,,,,,,,,,,,,,,,,,,,,,0,0,0,1,0,0,0,0,0,0,0,0,0,1,0,0,1,0,1,0,0,0,0,0,0,0,0,0,0,1,1,0,0,0,0,,1,0,0,0,0,0,0,0,1,0,1,1,0,0,0,0,,,,,,46-50,46-55,County road,R,Thursday,Belt Used,PV,Hispanic,1,0,0,0,County Road,County Sheriff,Grant County Sheriff's Office,0,0,1,0,0,,,,,,0,0,0,,,,,,,,,,,98,98,98,298,,,,,20,,,,,,,,,1,0,,,11 SW,12.07,E SW,1
2021,324,EB62134,21,08/07/2021,6:01,7,8,,25,Grant,0,1,,9,1,4,1,0,2,1,,,,58,0,0,9.5,1,0,1,7,1,2,4,0,0,0,0,CR-ROAD 9 NE,,-119.2617194,47.21915,0,1,6,12,2,50,4,0,0,1,2,58,1,2,8,1,1,2,2,53,0,49,32,2009,0,,64,67,58,1,,,1,1,19,2,1,,4,7,3,0,11,0,08/07/2021,6:01,53038978,38978,0,0,0,0,1,0,,,,92,,,,,,98,,,,,,99344,53,62,115,0,0,0,0,0,0,,0,,,,,,4,,,20,0,0,0,0,9,8,,,0,,,8,8,2,1,,,1,,,2,1,0,,,,,,,,,,,,,,,,,,,,,,,,,,,,,,0,0,1,0,0,0,0,0,0,0,0,0,1,1,0,0,1,0,0,0,0,1,1,0,1,0,0,0,0,1,0,0,0,0,0,,1,0,0,0,0,0,0,0,1,1,0,1,0,0,0,0,,,,,,18-20,16-25,County road,R,Saturday,Belt Used,PV,Hispanic,0,1,0,0,County Road,County Sheriff,Grant County Sheriff's Office,1,0,1,0,0,,,,,,0,0,0,,,,,,,,,,,98,98,98,1,,,,,20,,,,,,,,,1,0,,,NULL,9.52,NULL,
2017,404,E721370,1,09/30/2017,15:01,30,9,0,23,Garfield,0,1,0,1,1,2,1,0,4,3,15:05,15:18,16:12,12,0,2,417.9,1,0,1,3,1,1,2,0,0,0,0,US-12,,-117.282325,46.41823889,0,1,50,10,2,60,4,0,0,1,2,12,2,2,2,1,14,2,1,53,0,20,37,2013,0,0,68,12,12,,,,1,1,42,1,0,0,2,0,3,0,11,4,,,,,0,0,3,3,1,28,0,0,0,92,,,,,,0,,,,,,99347,53,71,320,6,1,0,2,1,4,0,97,,,,,,0,01/15/2014,08/15/2017,8,0,0,0,8,9,8,,,0,0,0,8,0,2,1,0,0,1,0,0,2,1,0,,,,,,,,,,,,,,,,,,,,,,,,,,,,,,0,0,0,0,0,0,0,0,0,0,0,0,0,0,0,0,1,0,0,0,0,0,0,0,0,1,0,0,1,1,0,0,0,0,0,,0,0,0,0,0,0,0,0,1,0,0,0,0,0,0,0,,,,,,41-45,36-45,US highway,R,Saturday,Belt Used,PV,Not Fatal,0,1,1,0,State Route,State Patrol,Washington State Patrol Headquarter,0,1,0,0,0,,,,,,,,,,,,,,,,,,,,,,,,,,,,,,,,,,,,,,,,,,,
2019,164,E926984,1,05/28/2019,15:11,28,5,,23,Garfield,0,1,0,1,1,2,1,0,8,7,,,,12,0,1,402,1,0,1,3,1,1,2,0,0,50,3,US-12,,-117.5644694,46.47478889,1,6,98,50,3,55,14,0,0,1,7,12,1,1,2,1,5,1,1,53,0,12,401,2013,0,0,12,12,,,,,1,1,39,2,0,,0,0,3,0,11,0,,,,,0,0,0,3,1,0,0,0,0,0,,,,,,0,,,,,,99347,53,67,220,6,1,0,0,0,0,,0,,,,,,0,,,20,0,0,0,8,9,8,,,0,0,0,8,0,8,95,,,96,,,8,95,995,,,,,,,,,,,,,,,,,,,,,,,,,,,,,,0,0,0,0,0,0,0,0,0,0,0,0,0,0,0,0,1,0,0,0,0,0,0,0,0,1,1,0,1,1,1,0,0,0,0,,0,0,0,0,0,0,0,0,0,0,0,0,0,0,0,0,,,,,,36-40,36-45,US highway,R,Tuesday,Belt Used,PV,Not Fatal,0,0,0,0,State Route,State Patrol,Washington State Patrol,0,1,0,0,0,,,,,,0,0,0,,,,,,,,,,,98,98,98,0,,,,,20,7,,,,,,,,,,,,,,,
2019,301,E954769,44,08/16/2019,13:00,16,8,,71,Walla Walla,0,1,0,1,1,2,1,0,1,1,,,,1,0,0,0.5,1,0,1,5,1,2,4,0,0,0,0,CR-HART RD,,-118.3052222,46.182675,0,1,3,13,2,50,14,0,0,1,7,2,3,2,2,1,14,1,1,53,0,49,402,2015,0,0,63,69,68,64,1,35,1,1,69,2,7,,4,7,99,7,11,0,08/16/2019,13:00,53036392,36392,0,0,0,3,1,0,0,0,0,96,,,,,,99,,,,,,99348,53,65,175,6,1,0,0,0,0,,0,,,,,,0,,,8,0,0,0,0,9,8,,,0,0,0,8,9,8,95,,,96,,,8,95,995,,,,,,,,,,,,,,,,,,,,,,,,,,,,,,0,0,0,0,0,0,0,0,0,0,0,0,0,0,0,0,0,0,0,0,0,0,0,0,0,1,0,0,0,1,0,0,0,0,0,,1,0,0,0,0,0,0,0,0,0,0,0,0,0,0,0,,,,,,66-70,66-75,County road,R,Friday,Unknown,PV,White,0,1,0,0,County Road,County Sheriff,Walla Walla County Sheriff's Office,1,0,1,0,0,,,,,,0,0,0,,,,,,,,,,,98,98,98,1,,,,,20,7,,,,,,,,,,,,,,,
2019,416,E985936,44,11/21/2019,1:27,21,11,,71,Walla Walla,0,1,0,2,1,2,1,0,1,1,,,,1,0,0,13.2,1,0,1,5,1,2,4,0,0,0,0,CR-HARVEY SHAW RD,,-118.4714444,46.26442222,0,1,1,13,2,50,34,0,0,1,5,1,3,1,2,1,14,1,3,53,0,23,481,1997,0,0,63,1,,,,,1,1,23,1,7,,4,7,99,7,11,0,11/21/2019,1:27,53052777,52777,0,0,0,3,1,0,0,0,0,93,,,,,,99,,,,,,99348,53,71,250,6,1,0,0,0,0,,0,,,,,,0,,,20,1,9,0,0,9,8,,,0,0,0,8,1,8,95,,,96,,,8,95,995,,,,,,,,,,,,,,,,,,,,,,,,,,,,,,0,0,1,0,1,0,0,0,0,0,0,0,0,0,0,0,1,0,0,0,0,0,0,1,1,0,0,0,0,1,0,0,0,0,0,,1,0,0,0,0,0,0,0,1,0,0,0,0,0,0,1,,,,,,21-25,16-25,County road,R,Thursday,Unknown,PV,White,0,1,0,0,County Road,County Sheriff,Walla Walla County Sheriff's Office,1,0,1,0,0,,,,,,0,0,0,,,,,,,,,,,0,0,0,1,,,,,20,7,,,,,,,,,,,,,,,
2017,226,E685649,21,06/16/2017,14:49,16,6,0,25,Grant,0,1,0,1,1,7,1,0,2,1,14:49,15:00,16:07,1,0,0,2.6,1,0,1,7,1,2,4,0,0,0,0,CR-RD 27 SW,,-119.7825611,46.69358056,0,1,1,13,2,50,14,0,0,1,2,1,1,1,2,1,1,2,2,53,0,20,401,1999,0,0,63,69,63,1,,,1,1,19,1,0,0,2,0,3,0,11,8,,,,,0,0,0,0,1,29,0,0,0,17,,,,,,0,,,,,,99349,53,,999,0,0,99,99,99,99,99,69,,,,,,0,,,20,0,0,0,8,9,8,,,0,0,0,8,0,0,0,0,0,0,0,0,0,0,996,,,,,,,,,,,,,,,,,,,,,,,,,,,,,,0,0,1,0,0,0,0,0,0,0,0,0,0,1,0,0,1,0,0,1,0,1,1,0,1,0,0,0,0,1,0,0,0,0,0,,0,0,0,0,0,0,0,0,1,0,0,1,0,0,0,0,,,,,,18-20,16-25,County road,R,Friday,Belt Used,PV,Not Fatal,0,1,0,0,County Road,County Sheriff,Grant County Sheriff's Office,1,0,1,0,0,,,,,,,,,,,,,,,,,,,,,,,,,,,,,,,,,,,,,,,,,,,
2017,204,E685651,21,06/17/2017,16:17,17,6,0,25,Grant,0,1,0,1,1,7,1,0,1,1,,,,1,0,0,0,1,0,1,7,1,2,4,0,0,0,0,CR-24 SW,,-119.9383194,46.73750278,0,1,7,13,2,50,34,0,0,1,2,1,1,1,2,1,1,1,2,53,0,20,481,2004,0,0,63,69,68,64,1,17,1,1,28,1,99,1,4,7,3,0,11,0,06/17/2017,16:17,1.29353E+11,27480,0,0,0,3,1,58,0,0,0,96,,,,,,9,,,,,,99349,53,69,180,6,1,0,0,0,0,0,0,,,,,,3,,,99,0,0,0,0,9,8,,,0,0,0,8,1,2,1,0,0,1,0,0,2,1,0.11,,,,,,,,,,,,,,,,,,,,,,,,,,,,,,0,0,0,0,1,1,0,1,0,0,0,0,1,0,0,0,0,0,0,0,0,0,0,0,0,0,0,0,0,0,0,0,0,0,0,,0,0,0,0,0,1,0,1,0,1,0,0,0,1,0,1,,,,,,26-30,26-35,County road,R,Saturday,Belt Used,PV,White,0,1,0,0,County Road,County Sheriff,Grant County Sheriff's Office,1,0,1,0,0,,,,,,,,,,,,,,,,,,,,,,,,,,,,,,,,,,,,,,,,,,,
2018,340,E840434,6,08/25/2018,4:31,25,8,0,25,Grant,0,1,0,2,1,2,2,0,3,2,4:34,4:54,6:17,12,0,2,8.7,3,0,3,4,1,1,3,0,0,0,0,SR-243,ORCHARD RD,-119.8956667,46.66495833,0,1,50,10,2,60,3,0,0,1,2,12,2,1,2,1,14,2,1,53,0,37,31,2000,0,0,68,12,,,,,1,1,19,1,1,98,4,7,3,0,11,0,08/25/2018,4:31,53037649,37649,0,0,0,2,1,28,0,0,0,96,,,,,,9,,,,,,99349,53,68,120,1,1,0,2,0,5,,0,,,,,,0,12/15/2015,06/15/2018,20,0,0,0,0,9,1,,,0,0,0,1,9,2,401,417,,1,1,,2,1,0,,,,,,,,,,,,,,,,,,,,,,,,,,,,,,0,0,0,1,0,0,1,1,0,0,0,0,0,1,0,0,0,0,0,1,0,1,1,0,1,0,0,0,0,1,1,0,0,0,0,,1,0,0,0,0,0,1,1,0,0,0,1,0,0,1,0,,,,,,18-20,16-25,State route,R,Saturday,Belt Used,PV,Hispanic,0,1,1,0,State Route,State Patrol,Washington State Patrol,0,1,0,0,0,,,,,,0,0,5,,,,,,,,,,,,,,,,,,,,,,,,,,,,,,,,,,,
2019,35,E890289,6,01/16/2019,20:50,16,1,,1,Adams,1630,1,0,2,1,2,1,0,2,2,,,,12,0,6,40.1,3,0,2,3,2,1,3,0,0,0,0,SR-26,MOON ROAD,-119.1871139,46.81145833,0,1,80,10,2,50,66,2,0,1,5,12,1,1,2,1,10,1,3,53,0,85,881,1994,0,0,68,12,,,,,1,1,54,1,0,,0,0,3,0,11,0,,,,,1,0,0,2,1,48,0,0,0,96,,,,,,0,,,,,,99349,53,72,216,1,1,0,1,0,2,,69,,,,,,0,02/15/2018,06/15/2018,20,0,0,0,8,9,8,,,0,0,0,8,0,8,95,,,96,,,8,95,995,,,,,,,,,,,,,,,,,,,,,,,,,,,,,,0,0,0,1,0,0,1,1,0,0,0,0,0,1,0,0,0,0,0,1,0,0,0,1,1,0,0,0,0,1,1,0,0,0,0,,0,0,0,0,0,0,0,0,0,0,0,1,0,0,0,0,,,,,,51-55,46-55,State route,U,Wednesday,,MHTRUCK,Not Fatal,1,0,0,0,State Route,State Patrol,Washington State Patrol Headquarter,0,1,0,0,0,,,,,,0,0,1,,,,,,,,,,,0,0,0,0,,,,,20,7,,,,,,,,,,,,,,,
2019,310,E957982,6,08/01/2019,5:07,1,8,,25,Grant,0,1,0,4,1,2,2,0,4,2,,,,12,0,2,46.6,1,0,1,5,1,1,3,0,0,0,0,SR-24,,-119.6859806,46.66873611,0,1,50,10,2,60,5,0,0,1,2,12,1,2,2,1,6,2,2,53,0,37,39,2007,0,0,68,12,2,,,,1,1,18,1,0,,3,0,20,7,11,1,,,,,0,0,0,3,1,28,33,0,0,96,,,,,,0,,,,,,99349,53,64,135,6,1,0,1,0,1,,97,,,,,,0,03/15/2019,05/15/2019,1,0,0,0,8,1,1,,,0,0,0,0,0,2,1,,,1,,,2,1,0,,,,,,,,,,,,,,,,,,,,,,,,,,,,,,0,0,0,0,0,0,0,0,0,0,0,0,0,0,0,0,0,0,0,0,0,1,1,0,1,1,0,0,0,1,0,0,0,0,0,,0,0,0,0,0,0,0,0,0,0,0,0,0,0,0,0,,,,,,18-20,16-25,State route,R,Thursday,Not Used,PV,Not Fatal,0,1,1,0,State Route,State Patrol,Washington State Patrol,0,1,0,0,0,,,,,,0,0,0,,,,,,,,,,,98,98,98,0,,,,,20,7,,,,,,,,,,,,,,,
2020,146,EA34671,6,04/27/2020,12:05,27,4,,25,Grant,0,1,,1,1,2,1,0,2,2,12:08,12:18,14:01,12,0,6,5.3,1,0,1,4,1,1,3,0,0,0,0,SR-243,,-119.8438306,46.63335,0,1,98,10,2,60,4,0,0,1,2,12,1,1,2,1,1,1,1,53,0,22,20,2007,0,,63,69,68,12,2,,1,1,38,2,1,,4,7,99,7,11,0,04/27/2020,12:05,53020465,20465,0,0,0,3,1,58,,,,92,,,,,,98,,,,,,99349,53,69,134,6,1,0,0,0,0,,0,,,,,,0,,,99,0,0,0,0,9,8,,,0,,,8,8,8,95,,,96,,,8,95,995,,,,,,,,,,,,,,,,,,,,,,,,,,,,,,0,0,0,0,0,0,0,0,0,0,0,0,0,0,0,0,1,0,0,0,0,0,0,0,0,0,0,0,0,1,0,0,0,0,0,,1,0,0,0,0,0,0,0,1,0,0,0,0,0,0,0,,,,,,36-40,36-45,State route,R,Monday,Unknown,PV,Hispanic,0,1,1,0,State Route,State Patrol,Washington State Patrol,0,1,0,0,0,,,,,,0,0,0,,,,,,,,,,,98,98,98,1,,,,,20,7,,,,,,,,1,0,,,,,,