year,case,par,repjur,crash_dt,crash_tm,accday,accmon,holiday,county,co_char,city,weather,weather2,lightcond,surfcond,surftype,numfatal,nmforms,pforms,vforms,not_tm,arr_tm,hosp_tm,fhevent,hitrun,manncol,milepnt,reljunc,reljuncinter,intersectiontype,funcsystem,landuse,ownership,route,schlbus,spejur,contdev,devfunc,trafid1,trafid2,x,y,wk_zone,vnumber,crashtype,criticalevent,criticaleventcat,spdlim,body,trailer,emerg,hazcargo,leave,mhevent,roadalgn,roadprof,traflane,trafflow,vehmanvr,numoccs,regowner,regstate,spuse,make,model,modelyr,vrf1,vrf2,seqevent1,seqevent2,seqevent3,seqevent4,seqevent5,seqevent6,pnumber,ptype,age,sex,hispanic,race,injury,diedscene,restraint,restraintmisuse,seatpos,takehosp,death_dt,death_tm,cert,cernum_wa,commlic,licendor,licrestrict,liccomp,drivpres,drf1,drf2,drf3,drf4,distract1,distract2,distract3,distract4,distract5,distract6,dricond1,dricond2,dricond3,dricond4,dricond5,dricond6,dzip,licstate,drhgt_in,weight,noncdl,noncdltype,prevdwi,prevoth,prevacc,prevspd,prevsus,driviol1,driviol2,driviol3,driviol4,driviol5,driviol6,spdrel,first_dt,last_dt,airbag,ejection,ejectpath,extricat,injurwrk,methalc,methdrug,nmlocat,strikveh,prf1,prf2,prf3,druginv,alcinvol,drugsts,drugres1,drugres2,drugres3,drugtst1,drugtst2,drugtst3,alcsts,alctst,alcres,nmact1,nmact2,nmact3,nmact4,nmact5,nmact6,nmprior1,nmprior2,nmprior3,nmprior4,nmprior5,nmprior6,nmcond1,nmcond2,nmcond3,nmcond4,nmcond5,nmcond6,nmsafe_helmet,nmsafe_pads,nmsafe_oth,nmprev_ref,nmprev_lgt,nmprev_oth,crashlocation,nmcrashtype,crosswalk,schoolzone,sidewalk,train_inv,wildlife_inv,rotr_fars,intersect_fars,dd_inv,aid_inv,dpd_inv,id_inv,mj_inv,impnm_inv,ainm_inv,dpnm_inv,speed_inv,unlic_inv,unendmc_inv,drowsy_inv,drdist_inv,nmdist_inv,fty_inv,unrestfat_inv,dr1617_inv,dr1820_inv,dr1620_inv,dr2125_inv,dr1625_inv,dr65_inv,dr70_inv,dr75_inv,mc_inv,pv_inv,ht_inv,ped_inv,bike_inv,unrest_fat,mc_fat,unhelmet_mc,pv_fat,ht_fat,ped_fat,bike_fat,dr_alc7,dr_alc8,dr_drug,dr_imp,dr_dist,dr_spd,dr_fty,dr_unlic,dr_alc7only,dr_alc8only,dr_drugonly,dr_drink,nm_imp,nm_alc7,nm_alc8,nm_drug,nm_dist,agegrp1,agegrp2,roadclass,urbrur,dayweek,restuse,vehtype,race_me,intersect,lanedep,oppdir,wrongway,rep_typ,investag,repag_long,rotr,st_rd,cty_rd,city_rd,oth_rd,drug_thc,thc_res,drug_cthc,cthc_res,drug_cann,prevpersemin,prevperse,prevsusoth,drugtst4,drugtst5,drugtst6,drugtst7,drugtst8,drugres4,drugres5,drugres6,drugres7,drugres8,adspresent,adsengaged,adslevel,race1,race2,race3,race4,race5,helmet,helmetmisuse,nmdistract1,nmdistract2,nmdistract3,nmdistract4,nmdistract5,nmdistract6,lab,isedtcase,crf1,crf2,crf3,CoRoadName,CoMP,IntCoRoadName,IntCoMP
2020,146,EA34671,6,04/27/2020,12:05,27,4,,25,Grant,0,1,,1,1,2,1,0,2,2,12:08,12:18,14:01,12,0,6,5.3,1,0,1,4,1,1,3,0,0,0,0,SR-243,,-119.8438306,46.63335,0,2,98,62,4,60,34,0,0,1,2,12,1,1,2,1,1,1,1,53,0,20,481,2006,0,,12,,,,,,1,1,31,1,0,,2,0,3,0,11,5,,,,,0,0,0,3,1,0,,,,96,,,,,,0,,,,,,99349,53,70,225,6,1,0,0,0,0,,0,,,,,,0,,,8,0,0,0,8,9,8,,,0,,,8,8,8,95,,,96,,,8,95,995,,,,,,,,,,,,,,,,,,,,,,,,,,,,,,0,0,0,0,0,0,0,0,0,0,0,0,0,0,0,0,1,0,0,0,0,0,0,0,0,0,0,0,0,1,0,0,0,0,0,,0,0,0,0,0,0,0,0,0,0,0,0,0,0,0,0,,,,,,31-35,26-35,State route,R,Monday,Belt Used,PV,Not Fatal,0,1,1,0,State Route,State Patrol,Washington State Patrol,0,1,0,0,0,,,,,,0,0,0,,,,,,,,,,,98,98,98,0,,,,,20,7,,,,,,,,1,0,,,,,,
2020,407,EA72523,6,09/19/2020,17:51,19,9,,25,Grant,0,1,,1,1,2,1,0,3,2,17:51,18:02,19:02,12,0,6,15.1,2,0,3,4,1,1,3,0,0,20,3,SR-243,RD 23 SW,-119.9267583,46.75252222,0,1,82,15,2,50,15,0,0,1,2,12,1,2,2,1,11,2,2,53,0,37,421,2006,0,,12,,,,,,1,1,24,1,0,,3,0,3,0,11,1,,,,,0,0,0,0,1,38,,,,96,,,,,,98,,,,,,99349,53,,999,0,0,0,1,0,0,,97,,,,,,0,10/15/2019,10/15/2019,8,0,0,0,8,9,8,,,0,,,8,8,8,95,,,96,,,8,95,995,,,,,,,,,,,,,,,,,,,,,,,,,,,,,,0,0,0,1,0,0,0,0,0,0,0,0,0,1,0,0,0,0,1,1,0,0,0,1,1,0,0,0,0,1,1,0,0,0,0,,0,0,0,0,0,0,0,0,0,0,1,1,0,0,0,0,,,,,,21-25,16-25,State route,R,Saturday,Belt Used,PV,Not Fatal,1,0,0,0,State Route,State Patrol,Washington State Patrol,0,1,0,0,0,,,,,,0,0,0,,,,,,,,,,,98,98,98,0,,,,,20,7,,,,,,,,1,0,,,,,,
2020,437,EA79203,1,11/04/2020,6:33,4,11,,5,Benton,0,1,,4,2,2,2,0,5,3,,,,12,0,1,35.4,3,0,3,4,1,1,3,0,0,0,0,SR-24,N COLD CREEK RD,-119.7910806,46.56930278,0,3,98,62,4,65,67,1,0,1,2,12,3,1,2,1,14,2,1,53,0,12,880,2016,0,,12,,,,,,1,1,44,1,0,,0,0,3,0,11,0,,,,,0,0,0,3,1,0,,,,96,,,,,,0,,,,,,99349,53,67,215,6,1,0,0,0,0,,0,,,,,,0,,,8,0,0,0,8,9,8,,,0,,,8,8,0,0,,,0,,,0,0,996,,,,,,,,,,,,,,,,,,,,,,,,,,,,,,0,0,0,1,0,0,0,0,0,0,0,0,0,0,0,0,1,0,0,0,0,0,0,0,0,0,0,0,0,1,1,0,0,0,0,,0,0,0,0,0,0,0,0,0,0,0,0,0,0,0,0,,,,,,41-45,36-45,State route,R,Wednesday,,MHTRUCK,Not Fatal,1,0,0,0,State Route,State Patrol,Washington State Patrol,0,1,0,0,0,,,,,,0,0,0,,,,,,,,,,,98,98,98,0,,,,,20,7,,,,,,,,1,0,,,,,,
2020,492,EA90144,1,12/10/2020,15:30,10,12,,21,Franklin,1660,10,,1,1,2,1,0,6,5,15:32,15:53,,12,0,2,13.5,5,1,1,1,2,1,1,0,0,0,0,I-182,,-119.1003083,46.24865556,0,1,52,54,3,98,34,0,0,1,2,12,2,1,1,6,98,1,3,53,0,7,482,2016,0,,12,,,,,,1,1,79,1,7,,4,7,3,0,11,0,12/10/2020,15:30,1.66053E+11,58103,6,0,0,3,1,51,,,,96,,,,,,0,,,,,,99349,53,68,210,6,1,0,1,1,0,,0,,,,,,0,02/15/2019,02/15/2019,8,0,0,0,0,9,8,,,0,,,8,8,0,0,,,0,,,0,0,996,,,,,,,,,,,,,,,,,,,,,,,,,,,,,,0,0,0,0,0,0,0,0,0,0,0,0,0,0,0,0,0,0,0,0,0,0,0,0,0,1,1,1,0,1,1,0,0,0,0,,1,0,0,0,0,0,0,0,0,0,0,0,0,0,0,0,,,,,,76-80,76+,Interstate,U,Thursday,Belt Used,PV,White,0,0,0,1,State Route,State Patrol,Washington State Patrol,0,1,0,0,0,,,,,,0,0,0,,,,,,,,,,,98,98,98,1,,,,,20,7,,,,,,,,1,14,,,,,,
2020,517,EB00484,6,12/06/2020,20:40,6,12,,25,Grant,0,1,,2,2,2,1,0,7,3,20:46,20:56,,12,0,8,4.5,1,0,1,4,1,1,3,0,0,0,0,SR-243,,-119.8268861,46.63319444,0,2,65,62,4,60,4,0,0,1,2,12,1,1,2,1,1,4,1,53,0,12,17,2008,0,,12,,,,,,1,1,40,1,0,,0,0,3,0,11,0,,,,,0,0,0,3,1,0,,,,96,,,,,,0,,,,,,99349,53,65,127,6,1,0,0,0,0,,0,,,,,,0,,,20,0,0,0,8,9,8,,,0,,,8,8,0,0,,,0,,,0,0,996,,,,,,,,,,,,,,,,,,,,,,,,,,,,,,0,0,0,0,0,0,0,0,0,0,0,0,0,0,0,1,0,0,0,0,0,0,0,0,0,0,0,0,0,1,1,0,0,0,0,,0,0,0,0,0,0,0,0,0,0,0,0,0,0,0,0,,,,,,36-40,36-45,State route,R,Sunday,Belt Used,PV,Not Fatal,0,1,1,0,State Route,State Patrol,Washington State Patrol,0,1,0,0,0,,,,,,0,0,0,,,,,,,,,,,98,98,98,0,,,,,20,7,,,,,,,,1,0,,,,,,
2020,517,EB00484,6,12/06/2020,20:40,6,12,,25,Grant,0,1,,2,2,2,1,0,7,3,20:46,20:56,,12,0,8,4.5,1,0,1,4,1,1,3,0,0,0,0,SR-243,,-119.8268861,46.63319444,0,3,98,62,4,60,15,0,0,1,2,12,1,1,2,1,1,2,2,53,0,20,421,2001,0,,12,1,,,,,1,1,54,2,1,,4,7,3,0,11,0,12/06/2020,20:40,1.29353E+11,58021,0,0,0,3,1,0,,,,96,,,,,,98,,,,,,99349,53,60,182,6,1,0,0,1,0,,0,,,,,,0,02/15/2017,02/15/2017,8,0,0,0,0,9,8,,,0,,,8,8,0,0,,,0,,,0,0,996,,,,,,,,,,,,,,,,,,,,,,,,,,,,,,0,0,0,0,0,0,0,0,0,0,0,0,0,0,0,1,0,0,0,0,0,0,0,0,0,0,0,0,0,1,1,0,0,0,0,,1,0,0,0,0,0,0,0,0,0,0,0,0,0,0,0,,,,,,51-55,46-55,State route,R,Sunday,Belt Used,PV,Hispanic,0,1,1,0,State Route,State Patrol,Washington State Patrol,0,1,0,0,0,,,,,,0,0,0,,,,,,,,,,,98,98,98,298,,,,,20,7,,,,,,,,1,0,,,,,,
2021,286,EB56433,6,08/08/2021,0:35,8,8,,25,Grant,0,1,,2,1,2,1,0,5,3,,,,12,0,2,10.6,1,0,1,4,1,1,3,0,0,0,0,SR-243,,-119.9138194,46.68986111,0,1,50,10,2,60,34,0,0,1,2,12,1,1,2,1,6,1,1,53,0,23,481,2015,0,,68,12,54,,,,1,1,21,1,0,,3,0,20,7,11,5,,,,,0,0,0,3,1,33,,,,96,,,,,,9,,,,,,99349,53,73,225,6,1,0,0,0,0,,1,12,,,,,0,,,8,0,0,0,8,9,8,,,0,,,8,1,2,1,,,1,,,2,1,0.1,,,,,,,,,,,,,,,,,,,,,,,,,,,,,,0,0,0,0,1,1,0,1,0,0,0,0,0,0,0,0,0,0,0,0,0,0,0,1,1,0,0,0,0,1,0,0,0,0,0,,0,0,0,0,0,1,0,1,0,0,0,0,0,1,0,1,,,,,,21-25,16-25,State route,R,Sunday,Not Used,PV,Not Fatal,0,1,1,0,State Route,State Patrol,Washington State Patrol,0,1,0,0,0,,,,,,0,0,0,,,,,,,,,,,98,98,98,0,,,,,20,,,,,,,,,1,14,,,,,,
2021,437,EB83183,1,10/28/2021,5:32,28,10,,5,Benton,0,1,,3,1,2,1,0,2,2,,,,12,0,6,20.5,2,0,2,4,1,1,3,0,0,0,0,SR-240,SR-225,-119.4228139,46.3833,0,2,88,66,4,55,66,1,0,1,2,12,1,1,3,1,1,1,3,53,0,85,881,2015,0,,12,,,,,,1,1,27,1,0,,0,0,3,0,11,0,,,,,6,1,3,3,1,0,,,,96,,,,,,98,,,,,,99349,53,69,210,6,1,0,0,0,2,,0,,,,,,0,09/15/2017,05/15/2021,20,0,0,0,8,9,2,,,0,,,8,8,8,95,,,96,,,0,0,996,,,,,,,,,,,,,,,,,,,,,,,,,,,,,,0,0,0,1,0,0,0,0,0,0,0,0,0,0,0,0,0,0,1,1,0,0,0,0,0,1,0,0,0,1,1,0,0,0,0,,0,0,0,0,0,0,0,0,0,0,0,0,0,0,0,0,,,,,,26-30,26-35,State route,R,Thursday,,MHTRUCK,Not Fatal,1,0,0,0,State Route,State Patrol,Washington State Patrol,0,1,0,0,0,,,,,,0,0,1,,,,,,,,,,,98,98,98,0,,,,,20,,,,,,,,,1,0,,,,,,
2021,446,EB84744,3,10/27/2021,6:39,27,10,,53,Pierce,0,10,,3,2,2,1,0,3,3,,,,14,0,0,121.1,1,0,1,1,2,1,1,0,0,0,0,I-5,,-122.586425,47.10486667,0,1,11,13,2,60,34,0,0,1,2,14,1,1,4,3,15,1,1,41,0,12,481,1975,0,,63,14,69,12,,,1,1,61,1,7,,4,7,3,0,11,0,10/27/2021,6:39,53055848,55848,0,0,0,0,1,0,,,,96,,,,,,98,,,,,,99349,53,72,205,3,1,0,0,0,0,,0,,,,,,0,,,20,0,0,0,0,9,8,,,0,,,8,8,2,401,417,,1,1,,2,1,0,,,,,,,,,,,,,,,,,,,,,,,,,,,,,,0,0,0,0,0,0,1,1,0,0,0,0,0,1,0,0,0,0,0,0,0,0,0,1,1,0,0,0,0,1,1,0,0,0,0,,1,0,0,0,0,0,1,1,0,0,0,1,0,0,1,0,,,,,,61-65,56-65,Interstate,U,Wednesday,Belt Used,PV,White,0,1,0,0,State Route,State Patrol,Washington State Patrol,1,1,0,0,0,,,,,,0,0,0,,,,,,,,,,,0,0,0,1,,,,,20,,,,,,,,,1,0,,,,,,
2017,33,E636017,1,01/07/2017,17:55,7,1,0,77,Yakima,1440,4,0,2,3,2,2,0,2,1,,,,3,0,0,190.4,1,0,1,2,2,1,2,0,0,0,0,US-12,,-120.6830778,46.72024722,0,1,0,6,1,60,34,0,0,1,2,3,1,1,1,2,1,2,1,53,0,49,482,2002,0,0,63,3,,,,,1,1,23,1,7,1,4,7,99,0,11,0,01/07/2017,17:55,1.44053E+11,1596,0,0,0,3,1,87,0,0,0,96,,,,,,99,,,,,,99350,53,71,165,6,1,0,0,0,0,0,0,,,,,,4,,,20,0,0,0,0,1,8,,,0,0,0,8,1,2,1,0,0,1,0,0,2,1,0.082,,,,,,,,,,,,,,,,,,,,,,,,,,,,,,0,0,0,0,1,1,0,1,0,0,0,0,1,0,0,0,0,0,0,0,0,0,0,1,1,0,0,0,0,0,0,0,0,0,0,,0,0,0,0,0,1,0,1,0,1,0,0,0,1,0,1,,,,,,21-25,16-25,US highway,U,Saturday,Unknown,PV,White,0,1,0,0,State Route,State Patrol,Washington State Patrol,1,1,0,0,0,,,,,,,,,,,,,,,,,,,,,,,,,,,,,,,,,,,,,,,,,,,
2017,100,E664562,289,03/18/2017,15:10,18,3,0,77,Yakima,2220,1,0,1,0,0,1,1,1,1,,,,8,0,0,0,1,0,1,7,2,4,6,0,0,0,0,E LINCOLN AVE,,-119.9868806,46.31675556,0,1,98,80,5,0,34,0,0,1,5,8,0,0,0,0,1,1,1,53,0,20,481,1996,0,0,8,,,,,,1,1,68,1,0,0,0,0,3,0,11,0,,,,,0,0,3,3,1,0,0,0,0,93,,,,,,99,,,,,,99350,53,70,185,6,1,0,2,0,0,0,0,,,,,,0,08/15/2012,11/15/2014,20,0,0,0,8,9,8,,,0,0,0,8,9,2,605,0,0,1,0,0,2,1,0,,,,,,,,,,,,,,,,,,,,,,,,,,,,,,0,0,0,0,0,0,1,1,1,0,0,0,0,0,0,0,1,1,0,0,0,0,0,0,0,1,0,0,0,0,0,1,0,0,0,,0,0,0,0,0,0,1,1,1,0,0,0,0,0,1,0,,,,,,66-70,66-75,City street,U,Saturday,Belt Used,PV,Not Fatal,0,0,0,0,City Street,Municipal/City Police,Sunnyside Police Department,0,0,0,1,0,thc,7,carboxy-thc,37,,,,,,,,,,,,,,,,,,,,,,,,,,,,,,,,,,,,,,,
2017,384,E716082,1,09/26/2017,16:03,26,9,0,5,Benton,0,1,0,1,1,2,1,0,3,2,16:11,16:34,17:15,12,0,2,22.2,1,0,1,4,1,1,3,0,0,0,0,SR-221,,-119.6983028,46.18734444,0,1,50,10,2,55,2,0,0,1,2,12,2,1,2,1,14,1,1,53,0,35,32,1997,0,0,68,12,,,,,1,1,41,1,1,98,4,7,3,0,11,0,09/26/2017,16:30,1.75053E+11,42317,0,0,0,3,1,28,0,0,0,96,,,,,,9,,,,,,99350,53,73,245,6,1,0,3,2,8,0,0,,,,,,0,09/15/2012,06/15/2017,8,0,0,0,0,9,1,,,0,0,0,1,9,2,605,0,0,1,0,0,2,1,0,,,,,,,,,,,,,,,,,,,,,,,,,,,,,,0,0,0,0,0,0,1,1,1,0,0,0,0,0,0,0,0,0,0,0,0,0,0,0,0,1,0,0,0,1,0,0,0,0,0,,1,0,0,0,0,0,1,1,0,0,0,0,0,0,1,0,,,,,,41-45,36-45,State route,R,Tuesday,Belt Used,PV,Hispanic,0,1,1,0,State Route,State Patrol,Washington State Patrol Headquarter,0,1,0,0,0,thc,11,carboxy-thc,41,,,,,,,,,,,,,,,,,,,,,,,,,,,,,,,,,,,,,,,
2017,384,E716082,1,09/26/2017,16:03,26,9,0,5,Benton,0,1,0,1,1,2,1,0,3,2,16:11,16:34,17:15,12,0,2,22.2,1,0,1,4,1,1,3,0,0,0,0,SR-221,,-119.6983028,46.18734444,0,2,51,62,4,55,4,0,0,1,2,12,3,1,2,2,14,2,1,53,0,49,40,2015,0,0,12,,,,,,1,1,65,1,0,0,3,0,3,0,11,4,,,,,0,0,0,3,1,0,0,0,0,0,,,,,,0,,,,,,99350,53,72,200,6,1,0,0,0,0,0,0,,,,,,0,,,8,0,0,0,8,9,8,,,0,0,0,8,0,0,0,0,0,0,0,0,0,0,996,,,,,,,,,,,,,,,,,,,,,,,,,,,,,,0,0,0,0,0,0,1,1,1,0,0,0,0,0,0,0,0,0,0,0,0,0,0,0,0,1,0,0,0,1,0,0,0,0,0,,0,0,0,0,0,0,0,0,0,0,0,0,0,0,0,0,,,,,,61-65,56-65,State route,R,Tuesday,Belt Used,PV,Not Fatal,0,1,1,0,State Route,State Patrol,Washington State Patrol Headquarter,0,1,0,0,0,,,,,,,,,,,,,,,,,,,,,,,,,,,,,,,,,,,,,,,,,,,
2017,443,E733974,1,10/29/2017,5:21,29,10,0,5,Benton,0,5,0,2,1,1,1,1,3,3,,,,12,0,7,94.7,1,0,1,1,1,1,1,0,0,0,0,I-82,,-119.5010444,46.25681667,0,1,98,50,3,70,4,0,0,1,2,12,1,1,2,2,1,1,9,99,0,37,32,1998,0,0,12,,,,,,1,1,47,1,0,0,0,0,3,0,11,0,,,,,0,0,0,3,1,0,0,0,0,96,,,,,,0,,,,,,99350,53,68,175,6,1,0,0,0,0,0,0,,,,,,4,,,20,0,0,0,8,9,8,,,0,0,0,8,0,0,0,0,0,0,0,0,0,0,996,,,,,,,,,,,,,,,,,,,,,,,,,,,,,,0,0,0,0,0,0,0,0,0,1,1,0,1,0,0,0,0,0,0,0,0,0,0,0,0,0,0,0,0,1,0,1,0,0,0,,0,0,0,0,0,0,0,0,0,1,0,0,0,0,0,0,,,,,,46-50,46-55,Interstate,R,Sunday,Belt Used,PV,Not Fatal,0,0,0,0,State Route,State Patrol,Washington State Patrol Headquarter,0,1,0,0,0,,,,,,,,,,,,,,,,,,,,,,,,,,,,,,,,,,,,,,,,,,,
2018,453,E871028,1,12/05/2018,5:30,5,12,0,77,Yakima,0,5,0,2,4,2,1,0,3,3,5:30,5:45,6:28,12,0,6,13.8,4,0,1,5,1,1,3,0,0,0,0,SR-241,,-119.9555667,46.39143056,0,3,98,98,7,55,14,0,0,1,7,12,1,1,2,1,1,1,1,53,0,12,402,2009,0,0,12,12,,,,,1,1,62,1,0,0,2,0,3,0,11,5,,,,,0,0,0,3,1,0,0,0,0,96,,,,,,0,,,,,,99350,53,70,190,6,1,0,0,0,0,,0,,,,,,0,,,8,0,0,0,8,9,8,,,0,0,0,8,0,8,95,,,96,,,8,95,995,,,,,,,,,,,,,,,,,,,,,,,,,,,,,,0,0,0,0,0,0,0,0,0,0,0,0,0,0,0,0,0,0,1,0,0,0,0,1,1,0,0,0,0,1,1,0,0,0,0,,0,0,0,0,0,0,0,0,0,0,0,0,0,0,0,0,,,,,,61-65,56-65,State route,R,Wednesday,Belt Used,PV,Not Fatal,0,0,0,0,State Route,State Patrol,Washington State Patrol,0,1,0,0,0,,,,,,0,0,0,,,,,,,,,,,,,,,,,,,,,,,,,,,,,,,,,,,
2019,164,E926984,1,05/28/2019,15:11,28,5,,23,Garfield,0,1,0,1,1,2,1,0,8,7,,,,12,0,1,402,1,0,1,3,1,1,2,0,0,50,3,US-12,,-117.5644694,46.47478889,1,1,20,50,3,55,66,1,0,1,7,12,1,1,2,1,1,1,3,53,0,87,881,1999,0,0,12,,,,,,1,1,57,1,0,,0,0,3,0,11,0,,,,,6,1,3,3,1,0,0,0,0,93,,,,,,0,,,,,,99350,53,70,220,6,1,0,1,0,0,,97,,,,,,0,01/15/2018,01/15/2018,20,0,0,0,8,9,2,,,0,0,0,0,0,8,95,,,96,,,8,95,995,,,,,,,,,,,,,,,,,,,,,,,,,,,,,,0,0,0,0,0,0,0,0,0,0,0,0,0,0,0,0,1,0,0,0,0,0,0,0,0,1,1,0,1,1,1,0,0,0,0,,0,0,0,0,0,0,0,0,1,0,0,0,0,0,0,0,,,,,,56-60,56-65,US highway,R,Tuesday,,MHTRUCK,Not Fatal,0,0,0,0,State Route,State Patrol,Washington State Patrol,0,1,0,0,0,,,,,,0,0,0,,,,,,,,,,,0,0,0,0,,,,,20,7,,,,,,,,,,,,,,,
2020,80,EA26001,1,03/20/2020,17:38,20,3,,5,Benton,0,1,,1,1,2,1,0,2,2,18:43,18:46,,12,0,2,24,1,0,1,4,1,1,3,0,0,0,0,SR-221,,-119.7153389,46.199375,0,1,50,10,2,55,4,0,0,1,2,12,1,2,2,1,1,1,1,53,0,37,31,2008,0,,68,12,,,,,1,1,35,1,1,,4,7,3,0,11,0,03/20/2020,17:38,53014862,14862,0,0,0,3,1,28,,,,96,,,,,,0,,,,,,99350,53,72,235,6,1,0,0,0,1,,0,,,,,,0,10/15/2018,10/15/2018,8,0,0,0,0,9,8,,,0,,,8,8,2,1,,,1,,,2,1,0,,,,,,,,,,,,,,,,,,,,,,,,,,,,,,0,0,0,0,1,1,1,1,1,0,0,0,0,0,0,0,0,0,0,0,0,0,0,0,0,0,0,0,0,1,0,0,0,0,0,,1,0,0,0,0,0,0,0,0,0,0,0,0,0,0,0,,,,,,31-35,26-35,State route,R,Friday,Belt Used,PV,Hispanic,0,1,1,0,State Route,State Patrol,Washington State Patrol,0,1,0,0,0,,,,,,0,0,0,,,,,,,,,,,98,98,98,98,,,,,20,7,,,,,,,,1,0,,,,,,
2021,150,EB33270,1,05/24/2021,19:03,24,5,,77,Yakima,0,1,,1,1,2,1,0,2,2,,,,12,0,2,5.2,1,0,1,4,2,1,3,0,0,0,0,SR-823,,-120.489625,46.67955833,0,1,50,11,2,55,6,0,0,1,2,12,3,2,2,1,6,1,2,53,0,12,13,1994,0,,63,69,68,12,,,1,1,25,1,1,,4,7,3,0,11,0,05/24/2021,19:03,53026207,26207,0,0,0,0,1,0,,,,92,,,,,,98,,,,,,99350,53,72,160,0,0,0,3,0,1,,0,,,,,,0,12/15/2017,03/15/2020,20,0,0,0,0,9,8,,,0,,,1,8,2,695,605,,1,1,,2,1,0,,,,,,,,,,,,,,,,,,,,,,,,,,,,,,0,0,0,0,0,0,1,1,1,0,0,0,0,1,0,0,1,0,0,0,0,0,0,1,1,0,0,0,0,1,1,0,0,0,0,,1,0,0,0,0,0,1,1,1,0,0,1,0,0,1,0,,,,,,21-25,16-25,State route,U,Monday,Belt Used,PV,Hispanic,0,1,1,0,State Route,State Patrol,Washington State Patrol,0,1,0,0,0,thc,22,carboxy-thc,190,,0,0,0,,,,,,,,,,,0,0,0,98,,,,,20,,,,,,,,nms,1,0,,,,,,
2021,307,EB59087,1,08/08/2021,20:15,8,8,,5,Benton,0,1,,5,1,2,2,0,2,2,,,,12,0,6,13.4,2,0,2,4,1,1,3,0,0,0,0,SR-221,SELLARDS RD,-119.6016083,46.13107778,0,2,87,66,4,65,4,0,0,1,2,12,1,1,2,1,1,1,2,53,0,37,32,1996,0,,12,,,,,,1,1,47,1,1,,4,7,3,0,11,0,08/08/2021,20:15,53040163,40163,99,9,9,9,1,0,,,,96,,,,,,98,,,,,,99350,99,,999,9,9,99,99,99,99,,0,,,,,,0,,,8,0,0,0,0,9,8,,,0,,,8,8,2,1,,,1,,,2,1,0,,,,,,,,,,,,,,,,,,,,,,,,,,,,,,0,0,0,1,0,0,1,1,0,0,0,0,0,0,0,0,0,0,0,0,0,0,0,0,0,1,1,0,0,1,0,0,0,0,0,,1,0,0,0,0,0,0,0,0,0,0,0,0,0,0,0,,,,,,46-50,46-55,State route,R,Sunday,Belt Used,PV,Hispanic,1,0,0,0,State Route,State Patrol,Washington State Patrol,0,1,0,0,0,,,,,,99,99,99,,,,,,,,,,,0,0,0,298,,,,,20,,,,,,,,,1,0,,,,,,
2021,410,EB77403,11,09/18/2021,6:56,18,9,,5,Benton,0,1,,4,1,2,1,0,2,2,,,,12,0,2,,1,0,1,5,1,2,4,0,0,0,0,CR-HANKS RD,,-119.8630611,46.27299444,0,2,51,62,4,50,61,0,0,1,5,12,1,4,2,1,1,1,3,53,0,23,882,2004,0,,12,,,,,,1,1,54,2,0,,3,0,3,0,11,5,,,,,0,0,0,3,1,0,,,,96,,,,,,98,,,,,,99350,53,59,140,6,1,0,0,0,0,,0,,,,,,0,,,20,0,0,0,8,9,8,,,0,,,8,8,0,0,,,0,,,0,0,996,,,,,,,,,,,,,,,,,,,,,,,,,,,,,,0,0,0,0,0,0,1,1,0,0,0,0,1,1,0,1,0,0,0,1,0,0,0,0,0,0,0,0,0,1,1,0,0,0,0,,0,0,0,0,0,0,0,0,0,0,0,0,0,0,0,0,,,,,,51-55,46-55,County road,R,Saturday,,MHTRUCK,Not Fatal,0,1,1,0,County Road,County Sheriff,Benton County Sheriff's Office,0,0,1,0,0,,,,,,0,0,0,,,,,,,,,,,98,98,98,0,,,,,20,,,,,,,,,1,0,,,HANKS RD,0.5,NULL,
2021,631,EB98551,1,11/24/2021,6:15,24,11,,77,Yakima,0,1,,3,4,1,1,0,18,10,,,,25,0,0,58.8,5,1,1,1,1,1,1,0,0,0,0,I-82 RAMP,,-120.1734778,46.34274167,0,5,7,6,1,70,34,0,0,1,2,12,3,1,1,6,16,2,1,53,0,12,481,2005,0,,64,25,12,12,12,,1,1,43,1,0,,3,0,3,0,11,5,,,,,0,0,0,3,1,87,,,,96,,,,,,98,,,,,,99350,53,66,180,6,1,0,0,0,0,,0,,,,,,0,,,8,0,0,0,8,9,8,,,0,,,0,0,0,0,,,0,,,0,0,996,,,,,,,,,,,,,,,,,,,,,,,,,,,,,,0,0,0,0,0,0,0,0,0,0,0,0,0,1,0,0,0,0,0,0,0,0,0,1,1,1,0,0,0,1,1,0,0,0,0,,0,0,0,0,0,0,0,0,0,0,0,0,0,0,0,0,,,,,,41-45,36-45,Interstate,R,Wednesday,Belt Used,PV,Not Fatal,0,0,0,0,State Route,State Patrol,Washington State Patrol,0,1,0,0,0,,,,,,0,0,0,,,,,,,,,,,98,98,98,0,,,,,20,,,,,,,,,1,19,,,,,,
2021,523,EC00427,11,12/11/2021,8:15,11,12,,5,Benton,0,6,,1,1,2,1,0,2,1,,,,42,0,0,,1,0,1,5,2,2,4,0,0,0,0,CR-W OLD INLAND EMPIRE,,-119.7685306,46.22589167,0,1,6,13,2,40,4,0,0,1,5,42,1,1,2,1,1,2,2,53,0,49,32,1996,0,,63,69,68,64,42,,1,1,45,1,6,,4,7,99,7,11,0,12/11/2021,8:17,53064295,64295,0,0,3,2,1,58,,,,96,,,,,,98,,,,,,99350,53,68,185,1,1,1,3,1,0,,0,,,,,,3,12/15/2018,03/15/2018,1,0,0,0,0,9,8,,,0,,,8,8,2,1,,,1,,,2,1,0.278,,,,,,,,,,,,,,,,,,,,,,,,,,,,,,0,0,1,0,1,1,0,1,0,0,0,0,1,1,0,0,0,0,0,0,0,0,0,0,0,0,0,0,0,1,0,0,0,0,0,,1,0,0,0,0,1,0,1,0,1,0,1,0,1,0,1,,,,,,41-45,36-45,County road,U,Saturday,Unknown,PV,Hispanic,0,1,0,0,County Road,County Sheriff,Benton County Sheriff's Office,1,0,1,0,0,,,,,,0,1,4,,,,,,,,,,,0,0,0,98,,,,,20,,,,,,,,,1,0,,,OLD INLAND EMPIRE HWY,5.92,NULL,