year,case,par,repjur,crash_dt,crash_tm,accday,accmon,holiday,county,co_char,city,weather,weather2,lightcond,surfcond,surftype,numfatal,nmforms,pforms,vforms,not_tm,arr_tm,hosp_tm,fhevent,hitrun,manncol,milepnt,reljunc,reljuncinter,intersectiontype,funcsystem,landuse,ownership,route,schlbus,spejur,contdev,devfunc,trafid1,trafid2,x,y,wk_zone,vnumber,crashtype,criticalevent,criticaleventcat,spdlim,body,trailer,emerg,hazcargo,leave,mhevent,roadalgn,roadprof,traflane,trafflow,vehmanvr,numoccs,regowner,regstate,spuse,make,model,modelyr,vrf1,vrf2,seqevent1,seqevent2,seqevent3,seqevent4,seqevent5,seqevent6,pnumber,ptype,age,sex,hispanic,race,injury,diedscene,restraint,restraintmisuse,seatpos,takehosp,death_dt,death_tm,cert,cernum_wa,commlic,licendor,licrestrict,liccomp,drivpres,drf1,drf2,drf3,drf4,distract1,distract2,distract3,distract4,distract5,distract6,dricond1,dricond2,dricond3,dricond4,dricond5,dricond6,dzip,licstate,drhgt_in,weight,noncdl,noncdltype,prevdwi,prevoth,prevacc,prevspd,prevsus,driviol1,driviol2,driviol3,driviol4,driviol5,driviol6,spdrel,first_dt,last_dt,airbag,ejection,ejectpath,extricat,injurwrk,methalc,methdrug,nmlocat,strikveh,prf1,prf2,prf3,druginv,alcinvol,drugsts,drugres1,drugres2,drugres3,drugtst1,drugtst2,drugtst3,alcsts,alctst,alcres,nmact1,nmact2,nmact3,nmact4,nmact5,nmact6,nmprior1,nmprior2,nmprior3,nmprior4,nmprior5,nmprior6,nmcond1,nmcond2,nmcond3,nmcond4,nmcond5,nmcond6,nmsafe_helmet,nmsafe_pads,nmsafe_oth,nmprev_ref,nmprev_lgt,nmprev_oth,crashlocation,nmcrashtype,crosswalk,schoolzone,sidewalk,train_inv,wildlife_inv,rotr_fars,intersect_fars,dd_inv,aid_inv,dpd_inv,id_inv,mj_inv,impnm_inv,ainm_inv,dpnm_inv,speed_inv,unlic_inv,unendmc_inv,drowsy_inv,drdist_inv,nmdist_inv,fty_inv,unrestfat_inv,dr1617_inv,dr1820_inv,dr1620_inv,dr2125_inv,dr1625_inv,dr65_inv,dr70_inv,dr75_inv,mc_inv,pv_inv,ht_inv,ped_inv,bike_inv,unrest_fat,mc_fat,unhelmet_mc,pv_fat,ht_fat,ped_fat,bike_fat,dr_alc7,dr_alc8,dr_drug,dr_imp,dr_dist,dr_spd,dr_fty,dr_unlic,dr_alc7only,dr_alc8only,dr_drugonly,dr_drink,nm_imp,nm_alc7,nm_alc8,nm_drug,nm_dist,agegrp1,agegrp2,roadclass,urbrur,dayweek,restuse,vehtype,race_me,intersect,lanedep,oppdir,wrongway,rep_typ,investag,repag_long,rotr,st_rd,cty_rd,city_rd,oth_rd,drug_thc,thc_res,drug_cthc,cthc_res,drug_cann,prevpersemin,prevperse,prevsusoth,drugtst4,drugtst5,drugtst6,drugtst7,drugtst8,drugres4,drugres5,drugres6,drugres7,drugres8,adspresent,adsengaged,adslevel,race1,race2,race3,race4,race5,helmet,helmetmisuse,nmdistract1,nmdistract2,nmdistract3,nmdistract4,nmdistract5,nmdistract6,lab,isedtcase,crf1,crf2,crf3,CoRoadName,CoMP,IntCoRoadName,IntCoMP
2017,74,E649502,1,03/05/2017,17:45,5,3,0,21,Franklin,1660,1,0,1,1,2,1,0,1,1,,,,1,0,0,0.5,5,1,1,1,2,1,1,0,0,0,0,I-182 RAMP S101140,,-119.1352944,46.25178611,0,1,98,12,2,98,80,0,0,1,2,1,2,1,1,6,6,1,1,53,0,72,706,2014,0,0,64,1,,,,,1,1,40,1,7,1,4,7,16,0,11,0,03/05/2017,17:50,1.66053E+11,11210,6,0,3,3,1,0,0,0,0,99,,,,,,9,,,,,,99352,53,67,200,6,1,0,0,0,4,0,0,,,,,,9,07/15/2013,09/15/2016,20,8,0,0,0,1,8,,,0,0,0,8,1,0,0,0,0,0,0,0,2,1,0.22,,,,,,,,,,,,,,,,,,,,,,,,,,,,,,0,0,0,0,1,1,0,1,0,0,0,0,0,0,0,0,0,0,0,0,0,0,0,0,0,0,0,0,1,0,0,0,0,0,1,1,0,0,0,0,0,1,0,1,0,0,0,0,0,1,0,1,,,,,,36-40,36-45,Interstate,U,Sunday,,MC,White,1,0,0,0,State Route,State Patrol,Washington State Patrol Headquarter,0,1,0,0,0,,,,,,,,,,,,,,,,,,,,,,,,,,,,,,,,,,,,,,,,,,,
2017,111,E660637,250,04/06/2017,14:02,6,4,0,5,Benton,1850,1,0,1,1,2,1,0,3,3,,,,12,0,1,0,1,0,1,3,2,4,6,0,0,0,0,GEORGE WASHINGTON WAY,,-119.2737222,46.27807222,0,1,24,50,3,35,2,0,0,1,2,12,1,1,5,5,1,1,1,53,0,49,45,2001,0,0,12,,,,,,1,1,31,1,0,0,0,0,3,0,11,0,,,,,0,0,0,3,1,26,0,0,0,93,,,,,,99,,,,,,99352,53,70,150,6,1,0,0,0,1,1,97,,,,,,0,05/15/2012,09/15/2012,20,0,0,0,8,9,8,,,0,0,0,8,9,2,189,605,0,1,1,0,2,1,0,,,,,,,,,,,,,,,,,,,,,,,,,,,,,,0,0,0,0,0,0,1,1,1,0,0,0,0,0,0,0,1,0,0,0,0,0,0,0,0,0,0,0,1,1,0,0,0,0,0,,0,0,0,0,0,0,1,1,1,0,0,0,0,0,1,0,,,,,,31-35,26-35,City street,U,Thursday,Belt Used,PV,Not Fatal,1,0,0,0,City Street,Municipal/City Police,Richland Police Department,0,0,0,1,0,thc,27,carboxy-thc,100,,,,,,,,,,,,,,,,,,,,,,,,,,,,,,,,,,,,,,,
2017,111,E660637,250,04/06/2017,14:02,6,4,0,5,Benton,1850,1,0,1,1,2,1,0,3,3,,,,12,0,1,0,1,0,1,3,2,4,6,0,0,0,0,GEORGE WASHINGTON WAY,,-119.2737222,46.27807222,0,2,25,53,3,35,80,0,0,1,2,12,1,1,5,5,2,1,1,53,0,37,705,2006,0,0,12,12,,,,,1,1,34,1,1,1,4,0,16,0,11,5,04/06/2017,14:31,1.85053E+11,16363,0,0,0,3,1,0,0,0,0,0,,,,,,99,,,,,,99352,53,67,175,6,1,0,0,0,1,0,0,,,,,,0,04/15/2017,04/15/2017,20,8,0,0,0,9,8,,,0,0,0,8,9,2,605,0,0,1,0,0,2,1,0,,,,,,,,,,,,,,,,,,,,,,,,,,,,,,0,0,0,0,0,0,1,1,1,0,0,0,0,0,0,0,1,0,0,0,0,0,0,0,0,0,0,0,1,1,0,0,0,0,1,1,0,0,0,0,0,0,1,1,0,0,0,0,0,0,1,0,,,,,,31-35,26-35,City street,U,Thursday,,MC,Hispanic,1,0,0,0,City Street,Municipal/City Police,Richland Police Department,0,0,0,1,0,thc,100,carboxy-thc,120,,,,,,,,,,,,,,,,,,,,,,,,,,,,,,,,,,,,,,,
2017,284,E714882,11,07/30/2017,12:00,30,7,0,5,Benton,0,1,0,1,1,2,1,0,1,1,,,,1,0,0,0,1,0,1,5,1,2,4,0,0,0,0,CR-SELLARDS RD,,-119.8508361,46.12608889,0,1,98,13,2,50,80,0,0,1,2,1,3,1,2,1,14,1,1,53,0,72,706,2013,0,0,63,69,1,,,,1,1,65,1,7,1,4,7,19,0,11,0,07/30/2017,12:00,53033844,33844,0,0,3,2,1,58,0,0,0,96,,,,,,9,,,,,,99352,53,69,185,1,1,1,0,0,0,1,0,,,,,,0,12/15/2014,12/15/2014,20,8,0,0,0,9,8,,,0,0,0,8,1,2,605,0,0,1,0,0,2,1,0.22,,,,,,,,,,,,,,,,,,,,,,,,,,,,,,0,0,0,0,1,1,1,1,1,0,0,0,0,1,1,0,0,0,0,0,0,0,0,0,0,1,0,0,1,0,0,0,0,0,1,0,0,0,0,0,0,1,1,1,0,0,0,1,0,0,0,1,,,,,,61-65,56-65,County road,R,Sunday,,MC,White,0,0,0,0,County Road,County Sheriff,Benton County Sheriff's Office,0,0,1,0,0,thc,22,carboxy-thc,27,,,,,,,,,,,,,,,,,,,,,,,,,,,,,,,,,,,,,,,
2017,481,E736595,11,11/05/2017,19:36,5,11,0,5,Benton,0,2,0,2,2,2,1,1,1,1,,,,8,0,0,0,1,0,1,4,2,2,4,0,0,0,0,CR-COLUMBIA PARK TRAIL,,-119.2865944,46.25012778,0,1,13,80,5,40,34,0,0,1,2,8,1,2,2,8,1,1,1,53,0,7,482,2005,0,0,8,,,,,,1,1,61,1,0,0,0,0,3,0,11,0,,,,,0,0,0,3,1,0,0,0,0,0,,,,,,0,,,,,,99352,53,72,250,6,1,0,0,0,0,0,0,,,,,,0,,,20,0,0,0,8,3,8,,,0,0,0,8,0,8,95,0,0,6,0,0,8,95,995,,,,,,,,,,,,,,,,,,,,,,,,,,,,,,0,0,0,0,0,0,0,0,0,0,0,0,0,0,0,0,0,0,0,0,0,0,0,0,0,0,0,0,0,0,0,1,0,0,0,,0,0,0,0,0,0,0,0,0,0,0,0,0,0,0,0,,,,,,61-65,56-65,County road,U,Sunday,Belt Used,PV,Not Fatal,0,0,0,0,County Road,County Sheriff,Benton County Sheriff's Office,0,0,1,0,0,,,,,,,,,,,,,,,,,,,,,,,,,,,,,,,,,,,,,,,,,,,
2018,126,E800816,1,05/05/2018,12:38,5,5,0,39,Klickitat,0,1,0,1,1,2,1,0,2,2,12:39,12:48,13:22,12,0,6,21.8,2,0,3,3,1,1,2,0,0,0,0,US-97,LOWER ROAD,-120.7000222,45.92282778,0,1,72,60,4,60,4,0,0,1,2,12,1,2,3,1,11,1,2,53,0,20,25,2013,0,0,12,,,,,,1,1,23,2,0,0,1,0,3,0,11,8,,,,,0,0,0,3,1,0,0,0,0,96,,,,,,0,,,,,,99352,53,68,130,6,1,0,0,0,0,,0,,,,,,0,,,8,0,0,0,8,9,8,,,0,0,0,8,0,8,95,,,96,,,8,95,995,,,,,,,,,,,,,,,,,,,,,,,,,,,,,,0,0,0,1,1,0,0,0,0,0,0,0,0,0,0,0,0,0,0,0,0,0,0,1,1,0,0,0,1,1,0,0,0,0,0,,0,0,0,0,0,0,0,0,0,0,0,0,0,0,0,0,,,,,,21-25,16-25,US highway,R,Saturday,Belt Used,PV,Not Fatal,1,0,0,0,State Route,State Patrol,Washington State Patrol Headquarter,0,1,0,0,0,,,,,,0,0,0,,,,,,,,,,,,,,,,,,,,,,,,,,,,,,,,,,,
2018,319,E832509,159,08/21/2018,20:47,21,8,0,5,Benton,1020,1,0,3,1,2,1,0,2,2,20:47,20:53,,12,1,6,0,2,0,3,3,2,4,6,0,0,3,3,CLEARWATER,EDISON,-119.1918056,46.2124,0,1,68,15,2,35,34,0,0,1,7,12,1,1,5,1,11,1,1,53,0,49,472,2015,0,0,12,,,,,,1,1,28,2,0,0,0,0,99,0,11,0,,,,,0,0,0,3,1,91,0,0,0,96,,,,,,9,,,,,,99352,53,61,125,6,1,0,1,0,1,,1,7,,,,,0,05/15/2015,06/15/2017,20,0,0,0,8,9,8,,,0,0,0,8,1,2,605,695,996,1,1,1,2,1,0.07,,,,,,,,,,,,,,,,,,,,,,,,,,,,,,0,0,0,1,1,0,1,1,1,0,0,0,0,0,0,0,0,0,0,0,0,0,0,0,0,0,0,0,1,1,0,0,0,0,0,,0,0,0,0,1,0,1,1,0,0,0,0,0,0,0,1,,,,,,26-30,26-35,City street,U,Tuesday,Unknown,PV,Not Fatal,1,0,0,0,City Street,Municipal/City Police,Kennewick Police Department,0,0,0,1,0,thc,7.1,carboxy-thc,32,,0,0,0,,,,,,,,,,,,,,,,,,,,,,,,,,,,,,,,,,,
2018,444,E868426,6,11/28/2018,7:03,28,11,0,25,Grant,0,5,0,1,1,2,1,0,2,2,7:00,7:15,,12,0,2,3.9,1,0,1,4,1,1,3,0,0,0,0,SR-243,,-119.8133306,46.63307222,0,1,50,10,2,60,3,0,0,1,7,12,1,1,2,1,6,1,1,53,0,37,31,1994,0,0,68,12,,,,,1,1,20,1,1,98,4,7,3,0,11,0,11/28/2018,7:03,1.29353E+11,52099,0,0,3,3,1,33,0,0,0,96,,,,,,9,,,,,,99352,53,71,165,6,1,0,1,0,2,,0,,,,,,0,09/15/2016,12/15/2016,20,0,0,0,0,9,1,,,0,0,0,1,9,2,605,695,,1,1,,2,1,0,,,,,,,,,,,,,,,,,,,,,,,,,,,,,,0,0,0,0,0,0,1,1,1,0,0,0,0,0,0,0,0,0,0,0,0,1,1,0,1,0,0,0,0,1,1,0,0,0,0,,1,0,0,0,0,0,1,1,0,0,0,0,0,0,1,0,,,,,,18-20,16-25,State route,R,Wednesday,Belt Used,PV,Hispanic,0,1,1,0,State Route,State Patrol,Washington State Patrol,0,1,0,0,0,thc,35,carboxy-thc,8.4,,0,0,0,,,,,,,,,,,,,,,,,,,,,,,,,,,,,,,,,,,
2019,15,E884294,159,01/17/2019,6:44,17,1,,5,Benton,1020,2,0,3,2,2,1,1,1,1,,,,8,0,0,0,2,0,3,7,2,4,6,0,0,0,0,S OLYMPIA ST,W 14TH AVE,-119.1379028,46.195875,0,1,13,80,5,35,6,0,0,1,7,8,1,2,3,5,1,1,2,16,0,12,17,1999,0,0,8,,,,,,1,1,36,1,0,,0,0,99,7,11,0,,,,,0,0,0,3,1,0,0,0,0,96,,,,,,0,,,,,,99352,53,65,135,6,1,0,0,0,0,,0,,,,,,0,,,20,0,0,0,8,9,8,,,0,0,0,8,0,2,1,,,1,,,2,1,0,,,,,,,,,,,,,,,,,,,,,,,,,,,,,,0,0,0,1,0,0,0,0,0,0,0,0,0,0,0,0,0,0,0,0,0,0,0,0,0,0,0,0,0,1,0,1,0,0,0,,0,0,0,0,0,0,0,0,0,0,0,0,0,0,0,0,,,,,,36-40,36-45,City street,U,Thursday,Unknown,PV,Not Fatal,1,0,0,0,City Street,Municipal/City Police,Kennewick Police Department,0,0,0,1,0,,,,,,0,0,0,,,,,,,,,,,0,0,0,0,,,,,20,7,,,,,,,,,,,,,,,
2019,39,E891889,1,02/02/2019,20:30,2,2,,21,Franklin,1660,2,0,3,2,1,2,0,11,7,,,,12,0,1,8.8,1,0,1,1,2,1,1,0,0,0,0,I-182,,-119.1919778,46.26844722,0,6,98,62,4,70,34,0,0,1,5,12,1,2,3,2,1,3,1,53,0,20,481,2018,0,0,12,,,,,,1,1,48,1,0,,0,0,3,0,11,0,,,,,0,0,0,3,1,0,0,0,0,96,,,,,,0,,,,,,99352,53,71,200,6,1,0,0,0,0,,0,,,,,,0,,,20,0,0,0,8,9,8,,,0,0,0,8,0,8,95,,,96,,,8,95,995,,,,,,,,,,,,,,,,,,,,,,,,,,,,,,0,0,0,0,0,0,0,0,0,0,0,0,0,1,0,0,0,0,0,0,0,0,0,1,1,0,0,0,0,1,0,0,0,0,0,,0,0,0,0,0,0,0,0,0,0,0,0,0,0,0,0,,,,,,46-50,46-55,Interstate,U,Saturday,Belt Used,PV,Not Fatal,0,0,0,0,State Route,State Patrol,Washington State Patrol,0,1,0,0,0,,,,,,0,0,0,,,,,,,,,,,98,98,98,0,,,,,20,7,,,,,,,,,,,,,,,
2019,39,E891889,1,02/02/2019,20:30,2,2,,21,Franklin,1660,2,0,3,2,1,2,0,11,7,,,,12,0,1,8.8,1,0,1,1,2,1,1,0,0,0,0,I-182,,-119.1919778,46.26844722,0,7,98,62,4,70,34,0,0,1,5,12,1,2,3,2,1,2,1,53,0,7,482,2013,0,0,12,,,,,,1,1,27,1,0,,0,0,3,0,11,0,,,,,0,0,0,3,1,0,0,0,0,96,,,,,,0,,,,,,99352,53,69,200,6,1,0,0,0,1,,0,,,,,,0,09/15/2017,09/15/2017,20,0,0,0,8,9,8,,,0,0,0,8,0,8,95,,,96,,,8,95,995,,,,,,,,,,,,,,,,,,,,,,,,,,,,,,0,0,0,0,0,0,0,0,0,0,0,0,0,1,0,0,0,0,0,0,0,0,0,1,1,0,0,0,0,1,0,0,0,0,0,,0,0,0,0,0,0,0,0,0,0,0,0,0,0,0,0,,,,,,26-30,26-35,Interstate,U,Saturday,Belt Used,PV,Not Fatal,0,0,0,0,State Route,State Patrol,Washington State Patrol,0,1,0,0,0,,,,,,0,0,0,,,,,,,,,,,98,98,98,0,,,,,20,7,,,,,,,,,,,,,,,
2019,119,E915182,1,04/27/2019,18:09,27,4,,71,Walla Walla,0,1,0,5,1,2,1,0,1,1,,,,24,0,0,12.4,1,0,1,4,1,1,3,0,0,0,0,SR-124,,-118.7818528,46.26530556,0,1,7,6,1,98,80,0,0,1,7,24,1,2,2,1,6,1,1,53,0,72,706,2016,0,0,68,64,24,,,,1,1,33,1,7,,4,0,20,7,11,8,04/27/2019,19:30,1.85053E+11,21192,0,0,3,3,1,0,0,0,0,96,,,,,,99,,,,,,99352,53,74,159,6,1,0,0,0,0,,0,,,,,,4,,,20,8,0,0,0,9,8,,,0,0,0,8,0,2,1,,,1,,,2,1,0,,,,,,,,,,,,,,,,,,,,,,,,,,,,,,0,0,0,0,0,0,0,0,0,0,0,0,1,0,0,0,0,0,0,0,0,0,0,0,0,0,0,0,1,0,0,0,0,0,1,0,0,0,0,0,0,0,0,0,0,1,0,0,0,0,0,0,,,,,,31-35,26-35,State route,R,Saturday,,MC,White,0,1,0,0,State Route,State Patrol,Washington State Patrol,1,1,0,0,0,,,,,,0,0,0,,,,,,,,,,,0,0,0,1,,,,,19,0,,,,,,,,,,,,,,,
2020,142,EA34308,1,05/15/2020,10:25,15,5,,5,Benton,0,1,,1,1,2,1,0,1,1,,,,1,0,0,92.5,1,0,1,1,1,1,1,0,0,0,0,I-82,,-119.5574278,46.26755278,0,1,6,12,2,70,6,0,0,1,2,1,2,1,2,2,14,1,2,53,0,6,52,2002,0,,64,65,1,,,,1,1,26,1,2,,4,7,3,0,11,0,05/15/2020,10:25,53023705,23705,0,0,0,3,1,0,,,,15,,,,,,9,,,,,,99352,53,70,165,6,1,0,0,0,2,,0,,,,,,3,09/15/2017,06/15/2019,8,0,0,0,0,1,8,,,0,,,8,1,2,695,605,,1,1,,2,1,0.14,,,,,,,,,,,,,,,,,,,,,,,,,,,,,,0,0,1,0,1,1,1,1,1,0,0,0,1,0,0,0,1,0,0,0,0,0,0,0,0,0,0,0,0,1,0,0,0,0,0,,1,0,0,0,0,1,1,1,1,1,0,0,0,0,0,1,,,,,,26-30,26-35,Interstate,R,Friday,Belt Used,PV,Hispanic,0,1,0,0,State Route,State Patrol,Washington State Patrol,1,1,0,0,0,thc,8.2,carboxy-thc,17,,0,0,1,,,,,,,,,,,98,98,98,201,206,,,,20,7,,,,,,,,1,0,,,,,,
2021,58,EB12098,1,03/01/2021,14:40,1,3,,21,Franklin,1660,1,,1,1,1,1,0,7,6,,,,12,0,2,6.3,1,0,1,1,2,1,1,0,0,0,0,I-182,,-119.2378528,46.26707778,0,1,52,54,3,70,4,0,0,1,2,12,1,1,3,2,1,1,1,53,0,63,32,2010,0,,12,12,12,,,,1,1,82,2,7,,4,7,20,7,11,0,03/01/2021,14:40,1.66053E+11,11098,0,0,3,3,1,51,,,,96,,,,,,0,,,,,,99352,53,64,190,6,1,0,0,0,0,,0,,,,,,0,,,8,0,0,0,0,9,8,,,0,,,8,8,2,996,996,996,1,1,1,2,1,0,,,,,,,,,,,,,,,,,,,,,,,,,,,,,,0,0,0,0,0,0,1,1,0,0,0,0,0,0,0,0,0,0,0,1,1,1,1,1,1,1,1,1,0,1,0,0,0,1,0,,1,0,0,0,0,0,1,1,0,0,0,0,0,0,1,0,,,,,,81+,76+,Interstate,U,Monday,Not Used,PV,White,0,0,0,1,State Route,State Patrol,Washington State Patrol,0,1,0,0,0,,,,,,0,0,0,,,,,,,,,,,98,98,98,1,,,,,20,,,,,,,,,1,0,,,,,,
2021,168,EB38015,250,06/09/2021,16:12,9,6,,5,Benton,1850,1,,1,1,2,1,0,4,3,,,,12,0,7,0,1,0,1,4,2,4,6,0,0,0,0,LESLIE RD,,-119.2607028,46.23605,0,1,47,10,2,35,4,0,0,1,5,12,2,3,3,1,6,2,1,41,0,24,7,2006,0,,12,68,12,,,,1,1,61,1,0,,1,0,99,7,11,0,,,,,0,0,3,3,1,33,58,,,96,,,,,,98,,,,,,99352,53,68,225,6,1,1,0,0,0,,97,,,,,,0,05/15/2019,05/15/2019,20,0,0,0,8,9,8,,,0,,,8,8,2,1,,,1,,,2,1,0,,,,,,,,,,,,,,,,,,,,,,,,,,,,,,0,0,0,0,0,0,0,0,0,0,0,0,0,0,0,0,0,0,0,0,0,0,0,1,1,0,0,0,0,1,0,0,0,0,0,,0,0,0,0,0,0,0,0,0,0,0,0,0,0,0,0,,,,,,61-65,56-65,City street,U,Wednesday,Unknown,PV,Not Fatal,0,0,0,0,City Street,Municipal/City Police,Richland Police Department,0,0,0,1,0,,,,,,0,1,0,,,,,,,,,,,98,98,98,0,,,,,20,,,,,,,,,1,0,,,,,,
2021,168,EB38015,250,06/09/2021,16:12,9,6,,5,Benton,1850,1,,1,1,2,1,0,4,3,,,,12,0,7,0,1,0,1,4,2,4,6,0,0,0,0,LESLIE RD,,-119.2607028,46.23605,0,3,45,61,4,35,34,0,0,1,5,12,2,3,3,1,14,1,1,53,0,12,481,2013,0,,12,,,,,,1,1,37,2,0,,1,0,3,0,11,0,,,,,0,0,3,3,1,0,,,,96,,,,,,98,,,,,,99352,53,68,140,6,1,0,3,0,0,,0,,,,,,0,02/15/2016,10/15/2017,8,0,0,0,8,9,8,,,0,,,8,8,0,0,,,0,,,0,0,996,,,,,,,,,,,,,,,,,,,,,,,,,,,,,,0,0,0,0,0,0,0,0,0,0,0,0,0,0,0,0,0,0,0,0,0,0,0,1,1,0,0,0,0,1,0,0,0,0,0,,0,0,0,0,0,0,0,0,0,0,0,0,0,0,0,0,,,,,,36-40,36-45,City street,U,Wednesday,Belt Used,PV,Not Fatal,0,0,0,0,City Street,Municipal/City Police,Richland Police Department,0,0,0,1,0,,,,,,0,0,0,,,,,,,,,,,98,98,98,0,,,,,20,,,,,,,,,1,0,,,,,,
2021,500,EB93943,250,11/25/2021,0:18,25,11,,5,Benton,1850,1,,3,1,2,1,0,3,2,,,,12,0,6,0,2,0,2,5,2,4,6,0,0,3,3,WILLIAMS BLVD,Stevens Dr,-119.2849667,46.28576389,0,1,98,98,7,30,80,0,0,1,2,12,1,1,4,1,1,1,1,53,0,37,706,2000,0,,12,,,,,,1,1,27,1,7,,4,0,20,7,11,5,11/25/2021,1:32,1.85053E+11,61041,0,0,1,3,1,0,,,,96,,,,,,98,,,,,,99352,53,69,150,6,1,0,0,0,1,,0,,,,,,3,05/15/2018,05/15/2018,20,8,0,0,0,9,8,,,0,,,8,8,2,1,,,1,,,2,1,0.11,,,,,,,,,,,,,,,,,,,,,,,,,,,,,,0,0,0,1,1,1,0,1,0,0,0,0,1,0,0,0,1,0,0,0,0,0,0,0,0,0,0,0,1,1,0,0,0,0,1,0,0,0,0,0,0,1,0,1,0,1,0,0,0,1,0,1,,,,,,26-30,26-35,City street,U,Thursday,,MC,White,1,0,0,0,City Street,Municipal/City Police,Richland Police Department,0,0,0,1,0,,,,,,0,0,0,,,,,,,,,,,0,0,0,1,,,,,5,,,,,,,,,1,0,,,,,,
2021,500,EB93943,250,11/25/2021,0:18,25,11,,5,Benton,1850,1,,3,1,2,1,0,3,2,,,,12,0,6,0,2,0,2,5,2,4,6,0,0,3,3,WILLIAMS BLVD,Stevens Dr,-119.2849667,46.28576389,0,2,98,21,2,30,15,0,0,1,2,12,1,1,4,2,12,2,1,53,0,63,421,2009,0,,12,,,,,,1,1,26,2,0,,0,0,3,0,11,0,,,,,0,0,0,3,1,60,,,,92,,,,,,98,,,,,,99352,53,61,140,6,1,0,0,1,5,,0,,,,,,0,11/15/2019,04/15/2021,20,0,0,0,8,9,8,,,0,,,8,8,0,0,,,0,,,0,0,996,,,,,,,,,,,,,,,,,,,,,,,,,,,,,,0,0,0,1,1,1,0,1,0,0,0,0,1,0,0,0,1,0,0,0,0,0,0,0,0,0,0,0,1,1,0,0,0,0,0,,0,0,0,0,0,0,0,0,1,0,0,0,0,0,0,0,,,,,,26-30,26-35,City street,U,Thursday,Belt Used,PV,Not Fatal,1,0,0,0,City Street,Municipal/City Police,Richland Police Department,0,0,0,1,0,,,,,,0,0,0,,,,,,,,,,,98,98,98,0,,,,,20,,,,,,,,,1,0,,,,,,
2019,390,E978024,11,10/10/2019,6:16,10,10,,5,Benton,0,1,0,2,1,2,1,0,2,2,,,,12,0,2,9999.9,1,0,1,7,1,2,4,0,5,0,0,CR-ROUTE 4 S,,-119.4555056,46.51923889,0,2,51,62,4,60,34,0,0,1,7,12,1,2,2,1,1,1,2,53,0,49,472,2014,0,0,12,,,,,,1,1,45,1,0,,2,0,3,0,11,4,,,,,0,0,0,3,1,0,0,0,0,96,,,,,,0,,,,,,99353,53,68,165,6,1,0,0,0,0,,0,,,,,,0,,,8,0,0,0,8,9,8,,,0,0,0,8,0,8,95,,,96,,,8,95,995,,,,,,,,,,,,,,,,,,,,,,,,,,,,,,0,0,0,0,0,0,0,0,0,0,0,0,0,0,0,0,0,0,0,0,0,0,0,0,0,0,0,0,0,1,0,0,0,0,0,,0,0,0,0,0,0,0,0,0,0,0,0,0,0,0,0,,,,,,41-45,36-45,County road,R,Thursday,Belt Used,PV,Not Fatal,0,1,1,0,Other,County Sheriff,Benton County Sheriff's Office,0,0,0,0,1,,,,,,0,0,0,,,,,,,,,,,98,98,98,0,,,,,20,7,,,,,,,,,,,,,,,
2021,58,EB12098,1,03/01/2021,14:40,1,3,,21,Franklin,1660,1,,1,1,1,1,0,7,6,,,,12,0,2,6.3,1,0,1,1,2,1,1,0,0,0,0,I-182,,-119.2378528,46.26707778,0,3,98,98,7,70,14,0,0,1,5,12,1,1,3,2,1,1,2,53,0,30,402,2012,0,,12,,,,,,1,1,22,2,0,,1,0,3,0,11,0,,,,,0,0,0,3,1,0,,,,0,,,,,,0,,,,,,99353,53,64,190,6,1,0,0,0,0,,0,,,,,,0,,,20,0,0,0,8,9,8,,,0,,,8,8,0,0,,,0,,,0,0,996,,,,,,,,,,,,,,,,,,,,,,,,,,,,,,0,0,0,0,0,0,1,1,0,0,0,0,0,0,0,0,0,0,0,1,1,1,1,1,1,1,1,1,0,1,0,0,0,0,0,,0,0,0,0,0,0,0,0,0,0,0,0,0,0,0,0,,,,,,21-25,16-25,Interstate,U,Monday,Belt Used,PV,Not Fatal,0,0,0,1,State Route,State Patrol,Washington State Patrol,0,1,0,0,0,,,,,,0,0,0,,,,,,,,,,,98,98,98,0,,,,,20,,,,,,,,,1,0,,,,,,
2021,58,EB12098,1,03/01/2021,14:40,1,3,,21,Franklin,1660,1,,1,1,1,1,0,7,6,,,,12,0,2,6.3,1,0,1,1,2,1,1,0,0,0,0,I-182,,-119.2378528,46.26707778,0,5,98,98,7,70,14,0,0,1,2,12,1,1,3,2,1,2,2,53,0,37,402,2014,0,,64,12,,,,,1,1,44,2,0,,0,0,3,0,11,0,,,,,0,0,0,3,1,0,,,,0,,,,,,0,,,,,,99353,53,67,170,6,1,0,0,0,0,,0,,,,,,0,,,20,0,0,0,8,9,8,,,0,,,8,8,0,0,,,0,,,0,0,996,,,,,,,,,,,,,,,,,,,,,,,,,,,,,,0,0,0,0,0,0,1,1,0,0,0,0,0,0,0,0,0,0,0,1,1,1,1,1,1,1,1,1,0,1,0,0,0,0,0,,0,0,0,0,0,0,0,0,0,0,0,0,0,0,0,0,,,,,,41-45,36-45,Interstate,U,Monday,Belt Used,PV,Not Fatal,0,0,0,1,State Route,State Patrol,Washington State Patrol,0,1,0,0,0,,,,,,0,0,0,,,,,,,,,,,98,98,98,0,,,,,20,,,,,,,,,1,0,,,,,,