year,case,par,repjur,crash_dt,crash_tm,accday,accmon,holiday,county,co_char,city,weather,weather2,lightcond,surfcond,surftype,numfatal,nmforms,pforms,vforms,not_tm,arr_tm,hosp_tm,fhevent,hitrun,manncol,milepnt,reljunc,reljuncinter,intersectiontype,funcsystem,landuse,ownership,route,schlbus,spejur,contdev,devfunc,trafid1,trafid2,x,y,wk_zone,vnumber,crashtype,criticalevent,criticaleventcat,spdlim,body,trailer,emerg,hazcargo,leave,mhevent,roadalgn,roadprof,traflane,trafflow,vehmanvr,numoccs,regowner,regstate,spuse,make,model,modelyr,vrf1,vrf2,seqevent1,seqevent2,seqevent3,seqevent4,seqevent5,seqevent6,pnumber,ptype,age,sex,hispanic,race,injury,diedscene,restraint,restraintmisuse,seatpos,takehosp,death_dt,death_tm,cert,cernum_wa,commlic,licendor,licrestrict,liccomp,drivpres,drf1,drf2,drf3,drf4,distract1,distract2,distract3,distract4,distract5,distract6,dricond1,dricond2,dricond3,dricond4,dricond5,dricond6,dzip,licstate,drhgt_in,weight,noncdl,noncdltype,prevdwi,prevoth,prevacc,prevspd,prevsus,driviol1,driviol2,driviol3,driviol4,driviol5,driviol6,spdrel,first_dt,last_dt,airbag,ejection,ejectpath,extricat,injurwrk,methalc,methdrug,nmlocat,strikveh,prf1,prf2,prf3,druginv,alcinvol,drugsts,drugres1,drugres2,drugres3,drugtst1,drugtst2,drugtst3,alcsts,alctst,alcres,nmact1,nmact2,nmact3,nmact4,nmact5,nmact6,nmprior1,nmprior2,nmprior3,nmprior4,nmprior5,nmprior6,nmcond1,nmcond2,nmcond3,nmcond4,nmcond5,nmcond6,nmsafe_helmet,nmsafe_pads,nmsafe_oth,nmprev_ref,nmprev_lgt,nmprev_oth,crashlocation,nmcrashtype,crosswalk,schoolzone,sidewalk,train_inv,wildlife_inv,rotr_fars,intersect_fars,dd_inv,aid_inv,dpd_inv,id_inv,mj_inv,impnm_inv,ainm_inv,dpnm_inv,speed_inv,unlic_inv,unendmc_inv,drowsy_inv,drdist_inv,nmdist_inv,fty_inv,unrestfat_inv,dr1617_inv,dr1820_inv,dr1620_inv,dr2125_inv,dr1625_inv,dr65_inv,dr70_inv,dr75_inv,mc_inv,pv_inv,ht_inv,ped_inv,bike_inv,unrest_fat,mc_fat,unhelmet_mc,pv_fat,ht_fat,ped_fat,bike_fat,dr_alc7,dr_alc8,dr_drug,dr_imp,dr_dist,dr_spd,dr_fty,dr_unlic,dr_alc7only,dr_alc8only,dr_drugonly,dr_drink,nm_imp,nm_alc7,nm_alc8,nm_drug,nm_dist,agegrp1,agegrp2,roadclass,urbrur,dayweek,restuse,vehtype,race_me,intersect,lanedep,oppdir,wrongway,rep_typ,investag,repag_long,rotr,st_rd,cty_rd,city_rd,oth_rd,drug_thc,thc_res,drug_cthc,cthc_res,drug_cann,prevpersemin,prevperse,prevsusoth,drugtst4,drugtst5,drugtst6,drugtst7,drugtst8,drugres4,drugres5,drugres6,drugres7,drugres8,adspresent,adsengaged,adslevel,race1,race2,race3,race4,race5,helmet,helmetmisuse,nmdistract1,nmdistract2,nmdistract3,nmdistract4,nmdistract5,nmdistract6,lab,isedtcase,crf1,crf2,crf3,CoRoadName,CoMP,IntCoRoadName,IntCoMP
2021,529,EB19311,250,04/04/2021,18:13,4,4,,5,Benton,1850,1,,1,1,2,1,1,7,1,,,,9,0,0,0,3,0,3,3,2,4,6,0,0,3,3,KEENE RD,Queensgate Dr,-119.3029861,46.24806667,0,1,13,83,5,45,15,0,0,1,5,9,1,1,5,1,1,7,1,53,0,12,422,2017,0,,9,,,,,,1,1,35,8,0,,0,0,3,0,11,0,,,,,0,0,0,3,1,0,,,,96,,,,,,98,,,,,,99353,53,70,200,6,1,0,0,0,0,,0,,,,,,0,,,20,0,0,0,8,9,8,,,0,,,8,8,0,0,,,0,,,0,0,996,,,,,,,,,,,,,,,,,,,,,,,,,,,,,,0,0,0,1,0,0,0,0,0,0,0,0,0,0,0,0,0,0,0,0,0,0,0,0,0,0,0,0,0,1,0,0,1,0,0,,0,0,0,0,0,0,0,0,0,0,0,0,0,0,0,0,,,,,,31-35,26-35,City street,U,Sunday,Belt Used,PV,Not Fatal,1,0,0,0,City Street,Municipal/City Police,Richland Police Department,0,0,0,1,0,,,,,,0,0,0,,,,,,,,,,,98,98,98,0,,,,,20,,,,,,,,,1,0,,,,,,
2017,111,E660637,250,04/06/2017,14:02,6,4,0,5,Benton,1850,1,0,1,1,2,1,0,3,3,,,,12,0,1,0,1,0,1,3,2,4,6,0,0,0,0,GEORGE WASHINGTON WAY,,-119.2737222,46.27807222,0,3,98,80,5,35,21,0,0,1,5,12,1,1,5,5,2,1,3,53,0,42,461,2012,0,0,12,,,,,,1,1,52,1,0,0,0,0,3,0,11,0,,,,,6,1,0,3,1,0,0,0,0,0,,,,,,0,,,,,,99354,53,71,220,6,1,0,0,1,0,0,0,,,,,,0,05/15/2015,05/15/2015,20,0,0,0,8,9,8,,,0,0,0,8,0,0,0,0,0,0,0,0,0,0,996,,,,,,,,,,,,,,,,,,,,,,,,,,,,,,0,0,0,0,0,0,1,1,1,0,0,0,0,0,0,0,1,0,0,0,0,0,0,0,0,0,0,0,1,1,0,0,0,0,0,,0,0,0,0,0,0,0,0,0,0,0,0,0,0,0,0,,,,,,51-55,46-55,City street,U,Thursday,Belt Used,PV,Not Fatal,1,0,0,0,City Street,Municipal/City Police,Richland Police Department,0,0,0,1,0,,,,,,,,,,,,,,,,,,,,,,,,,,,,,,,,,,,,,,,,,,,
2017,369,E712429,41,09/03/2017,2:00,3,9,6,65,Stevens,0,1,0,2,1,4,1,0,3,1,,,,1,0,0,4,1,0,1,6,1,2,4,0,0,0,0,CR-DEER CREEK RD,,-117.8304833,48.12877778,0,1,2,6,1,35,15,0,0,1,5,1,3,1,2,1,14,3,2,53,0,20,421,2005,0,0,63,1,42,,,,1,1,33,1,7,1,4,7,20,0,11,0,09/03/2017,2:00,53038265,38265,0,0,0,3,1,0,0,0,0,6,,,,,,9,,,,,,99354,53,75,215,6,1,0,1,0,3,1,0,,,,,,4,10/15/2013,12/15/2015,20,2,2,0,0,9,8,,,0,0,0,8,1,2,605,0,0,1,0,0,2,1,0.18,,,,,,,,,,,,,,,,,,,,,,,,,,,,,,0,0,0,0,1,1,1,1,1,0,0,0,1,0,0,0,1,0,0,1,0,0,0,0,0,0,0,0,0,1,0,0,0,1,0,,1,0,0,0,0,1,1,1,1,1,0,0,0,0,0,1,,,,,,31-35,26-35,County road,R,Sunday,Not Used,PV,White,0,1,0,0,County Road,County Sheriff,Stevens County Sheriff's Office,1,0,1,0,0,thc,36,carboxy-thc,130,,,,,,,,,,,,,,,,,,,,,,,,,,,,,,,,,,,,,,,
2018,306,E822897,250,07/29/2018,8:23,29,7,0,5,Benton,1850,1,0,1,1,2,1,0,1,1,,,,1,0,0,0,3,0,3,3,2,4,6,0,0,0,0,GEORGE WAHINGTON WAY,JADWIN AVE,-119.2733222,46.27302778,0,1,1,13,2,35,80,0,0,1,7,1,3,1,4,1,14,1,2,53,0,76,706,2007,0,0,63,1,,,,,1,1,57,1,7,1,4,0,5,0,11,4,08/09/2018,21:32,1.85053E+11,35784,0,0,0,3,1,0,0,0,0,96,,,,,,99,,,,,,99354,53,71,165,6,1,0,3,1,5,,0,,,,,,3,10/15/2013,06/15/2017,20,8,0,0,0,9,8,,,0,0,0,8,9,8,95,,,96,,,8,95,995,,,,,,,,,,,,,,,,,,,,,,,,,,,,,,0,0,1,1,0,0,0,0,0,0,0,0,1,0,0,0,0,0,0,0,0,0,0,0,0,0,0,0,1,0,0,0,0,0,1,0,0,0,0,0,0,0,0,0,0,1,0,0,0,0,0,0,,,,,,56-60,56-65,City street,U,Sunday,,MC,White,0,0,0,0,City Street,Municipal/City Police,Richland Police Department,0,0,0,1,0,,,,,,0,0,0,,,,,,,,,,,,,,,,,,,,,,,,,,,,,,,,,,,
2018,319,E832509,159,08/21/2018,20:47,21,8,0,5,Benton,1020,1,0,3,1,2,1,0,2,2,20:47,20:53,,12,0,6,0,2,0,3,3,2,4,6,0,0,3,3,CLEARWATER,EDISON,-119.1918056,46.2124,0,2,69,62,4,35,81,0,0,1,7,12,1,1,5,1,1,1,1,53,0,37,701,1986,0,0,12,,,,,,1,1,31,1,1,98,4,7,19,0,11,0,08/21/2018,20:47,1.02053E+11,37531,0,0,3,3,1,0,0,0,0,96,,,,,,0,,,,,,99354,53,68,220,6,1,0,1,0,1,,0,,,,,,0,02/15/2014,05/15/2016,20,8,0,0,0,9,8,,,0,0,0,8,0,2,1,,,1,,,2,1,0,,,,,,,,,,,,,,,,,,,,,,,,,,,,,,0,0,0,1,1,0,1,1,1,0,0,0,0,0,0,0,0,0,0,0,0,0,0,0,0,0,0,0,1,1,0,0,0,0,1,0,0,0,0,0,0,0,0,0,0,0,0,0,0,0,0,0,,,,,,31-35,26-35,City street,U,Tuesday,,OTHMC,Hispanic,1,0,0,0,City Street,Municipal/City Police,Kennewick Police Department,0,0,0,1,0,,,,,,0,0,0,,,,,,,,,,,,,,,,,,,,,,,,,,,,,,,,,,,
2018,341,E841053,60,09/23/2018,0:01,23,9,0,5,Benton,0,1,0,2,1,2,1,0,1,1,,,,39,0,0,4.8,1,0,1,5,1,2,4,0,0,0,0,CR-N WEBBER CANYON RD N,,-119.4592222,46.23235,0,1,1,13,2,40,6,0,0,1,2,39,3,1,2,1,14,1,2,53,0,48,34,1999,0,0,63,39,,,,,1,1,41,1,7,1,4,7,3,0,11,0,09/23/2018,0:01,53041814,41814,0,0,0,0,1,0,0,0,0,92,,,,,,99,,,,,,99354,53,75,220,0,0,1,1,0,1,,0,,,,,,0,06/15/2014,11/15/2016,8,0,0,0,0,9,8,,,0,0,0,8,9,2,1,,,1,,,2,1,0.13,,,,,,,,,,,,,,,,,,,,,,,,,,,,,,0,0,1,0,1,1,0,1,0,0,0,0,0,1,0,0,1,0,0,0,0,0,0,0,0,0,0,0,0,1,0,0,0,0,0,,1,0,0,0,0,1,0,1,1,0,0,1,0,1,0,1,,,,,,41-45,36-45,County road,R,Sunday,Belt Used,PV,White,0,1,0,0,County Road,County Sheriff,Benton County Sheriff's Office,1,0,1,0,0,,,,,,0,1,6,,,,,,,,,,,,,,,,,,,,,,,,,,,,,,,,,,,
2019,65,E899642,1,02/04/2019,14:46,4,2,,77,Yakima,0,4,0,1,4,2,1,0,12,6,,,,12,0,7,21,1,0,1,1,1,1,1,0,0,0,0,I-82,,-120.3964778,46.72549444,0,5,98,98,7,70,6,0,0,1,7,12,1,3,2,3,98,3,1,53,0,48,45,2017,0,0,12,,,,,,1,1,64,1,0,,0,0,3,0,11,0,,,,,0,0,3,3,1,87,0,0,0,96,,,,,,0,,,,,,99354,53,70,170,6,1,0,0,0,0,,0,,,,,,0,,,8,0,0,0,8,9,8,,,0,0,0,8,0,8,95,,,96,,,8,95,995,,,,,,,,,,,,,,,,,,,,,,,,,,,,,,0,0,0,0,0,0,0,0,0,0,0,0,1,0,0,0,0,0,0,0,0,1,1,0,1,1,1,0,0,1,1,0,0,0,0,,0,0,0,0,0,0,0,0,0,0,0,0,0,0,0,0,,,,,,61-65,56-65,Interstate,R,Monday,Belt Used,PV,Not Fatal,0,0,0,0,State Route,State Patrol,Washington State Patrol,0,1,0,0,0,,,,,,0,0,0,,,,,,,,,,,98,98,98,0,,,,,20,7,,,,,,,,,,,,,,,
2019,390,E978024,11,10/10/2019,6:16,10,10,,5,Benton,0,1,0,2,1,2,1,0,2,2,,,,12,0,2,9999.9,1,0,1,7,1,2,4,0,5,0,0,CR-ROUTE 4 S,,-119.4555056,46.51923889,0,1,50,10,2,60,4,0,0,1,7,12,1,2,2,1,6,1,1,53,0,59,35,2006,0,0,68,12,,,,,1,1,56,1,7,,4,7,3,0,11,0,10/10/2019,6:16,53044611,44611,0,0,0,3,1,33,0,0,0,96,,,,,,0,,,,,,99354,53,68,200,6,1,0,0,0,2,,0,,,,,,0,12/15/2016,12/15/2017,8,0,0,0,0,9,8,,,0,0,0,8,0,2,1,,,1,,,2,1,0,,,,,,,,,,,,,,,,,,,,,,,,,,,,,,0,0,0,0,0,0,0,0,0,0,0,0,0,0,0,0,0,0,0,0,0,0,0,0,0,0,0,0,0,1,0,0,0,0,0,,1,0,0,0,0,0,0,0,0,0,0,0,0,0,0,0,,,,,,56-60,56-65,County road,R,Thursday,Belt Used,PV,API,0,1,1,0,Other,County Sheriff,Benton County Sheriff's Office,0,0,0,0,1,,,,,,0,0,0,,,,,,,,,,,98,98,98,18,,,,,20,7,,,,,,,,,,,,,,,
2020,538,EA24009,250,03/13/2020,19:05,13,3,,5,Benton,1850,2,,2,2,2,1,0,3,2,16:10,16:12,16:35,12,0,6,0,2,0,3,4,2,4,6,0,0,20,3,JADWIN AVE,COAST ST,-119.2846056,46.30725,0,1,82,15,2,35,5,0,0,1,2,12,4,1,2,1,11,1,1,53,0,49,46,2007,0,,12,,,,,,1,1,78,1,7,,4,0,3,0,11,5,03/18/2020,15:25,1.85053E+11,12770,0,0,3,3,1,38,,,,0,,,,,,1,,,,,,99354,53,73,165,6,1,0,0,0,0,,46,,,,,,0,,,8,0,0,0,0,9,8,,,0,,,8,8,0,0,,,0,,,0,0,996,,,,,,,,,,,,,,,,,,,,,,,,,,,,,,0,0,0,1,0,0,0,0,0,0,0,0,0,0,0,0,0,0,1,0,0,0,0,0,0,1,1,1,0,1,0,0,0,0,0,,1,0,0,0,0,0,0,0,0,0,1,0,0,0,0,0,,,,,,76-80,76+,City street,U,Friday,Belt Used,PV,White,0,0,0,0,City Street,Municipal/City Police,Richland Police Department,0,0,0,1,0,,,,,,0,0,0,,,,,,,,,,,98,98,98,1,,,,,20,7,,,,,,,,1,0,,,,,,
2020,538,EA24009,250,03/13/2020,19:05,13,3,,5,Benton,1850,2,,2,2,2,1,0,3,2,16:10,16:12,16:35,12,0,6,0,2,0,3,4,2,4,6,0,0,0,0,JADWIN AVE,COAST ST,-119.2846056,46.30725,0,2,83,67,4,35,4,0,0,1,2,12,3,1,2,2,14,2,1,53,0,49,32,2015,0,,12,,,,,,1,1,27,1,0,,0,0,3,0,11,0,,,,,0,0,3,3,1,0,,,,96,,,,,,0,,,,,,99354,53,68,160,6,1,1,0,0,1,,0,,,,,,0,06/15/2016,02/15/2018,8,0,0,0,8,9,8,,,0,,,8,8,0,0,,,0,,,0,0,996,,,,,,,,,,,,,,,,,,,,,,,,,,,,,,0,0,0,1,0,0,0,0,0,0,0,0,0,0,0,0,0,0,1,0,0,0,0,0,0,1,1,1,0,1,0,0,0,0,0,,0,0,0,0,0,0,0,0,0,0,0,0,0,0,0,0,,,,,,26-30,26-35,City street,U,Friday,Belt Used,PV,Not Fatal,0,0,0,0,City Street,Municipal/City Police,Richland Police Department,0,0,0,1,0,,,,,,0,1,1,,,,,,,,,,,98,98,98,0,,,,,20,7,,,,,,,,1,0,,,,,,
2021,288,EB36670,4,06/02/2021,13:20,2,6,,75,Whitman,0,1,,1,1,2,2,0,2,1,,,,59,0,0,,1,0,1,3,1,1,3,0,0,0,0,SR-26,,-117.6138083,46.81237778,0,1,2,13,2,65,4,0,0,1,2,1,3,1,2,1,14,2,2,53,0,20,20,1992,0,,63,59,1,,,,1,1,21,1,1,,4,0,20,7,11,5,06/02/2021,15:32,2.11053E+11,27149,0,0,0,0,1,0,,,,96,,,,,,9,,,,,,99354,53,71,155,3,7,0,0,0,1,,0,,,,,,0,06/15/2021,06/15/2021,20,1,9,0,0,1,8,,,0,,,8,1,8,95,,,96,,,2,1,0.101,,,,,,,,,,,,,,,,,,,,,,,,,,,,,,0,0,0,0,1,1,0,1,0,0,0,0,0,1,0,0,0,0,0,1,0,0,0,1,1,0,0,0,0,1,0,0,0,1,0,,1,0,0,0,0,1,0,1,0,0,0,1,0,1,0,1,,,,,,21-25,16-25,State route,R,Wednesday,Not Used,PV,Hispanic,0,1,0,0,State Route,State Patrol,Washington State Patrol,1,1,0,0,0,,,,,,0,0,1,,,,,,,,,,,0,0,0,201,298,,,,20,,,,,,,,,0,0,,,,,,
2021,349,EB66917,1,09/12/2021,19:33,12,9,,5,Benton,1850,1,,1,1,2,1,0,1,1,,,,1,0,0,0.4,5,1,1,1,2,1,1,0,0,0,0,I-182 RAMP,,-119.258225,46.25730833,0,1,6,12,2,98,15,0,0,1,2,1,2,1,1,6,14,1,1,38,0,20,421,2001,0,,64,1,,,,,1,1,35,1,7,,4,7,20,7,11,0,09/12/2021,19:33,1.85053E+11,45601,0,0,3,3,1,0,,,,96,,,,,,9,,,,,,99354,53,70,186,6,1,0,0,0,0,,0,,,,,,0,,,20,1,9,0,0,9,8,,,0,,,8,1,2,1,,,1,,,2,1,0.284,,,,,,,,,,,,,,,,,,,,,,,,,,,,,,0,0,1,0,1,1,0,1,0,0,0,0,0,0,0,0,0,0,0,1,0,0,0,0,0,0,0,0,0,1,0,0,0,1,0,,1,0,0,0,0,1,0,1,0,0,0,0,0,1,0,1,,,,,,31-35,26-35,Interstate,U,Sunday,Not Used,PV,White,0,1,0,0,State Route,State Patrol,Washington State Patrol,1,1,0,0,0,,,,,,0,0,0,,,,,,,,,,,98,98,98,1,,,,,20,,,,,,,,,1,0,,,,,,
2017,55,E642403,1,02/13/2017,15:53,13,2,0,21,Franklin,0,1,0,1,1,2,1,0,1,1,,,,1,0,0,51.3,1,0,1,2,1,1,2,0,0,0,0,US-395,,-119.0050944,46.54839722,0,1,98,12,2,70,14,0,0,1,2,1,1,1,4,2,1,1,1,53,0,12,401,1996,0,0,64,69,65,63,1,,1,1,63,1,1,1,4,0,3,0,11,4,02/13/2017,18:43,64553007935,7935,0,0,0,3,1,58,0,0,0,92,,,,,,0,,,,,,99357,53,62,165,6,1,0,1,1,1,1,0,,,,,,0,08/15/2015,05/15/2016,20,0,0,0,0,9,8,,,0,0,0,8,0,2,996,996,0,1,1,0,2,1,0,,,,,,,,,,,,,,,,,,,,,,,,,,,,,,0,0,0,0,0,0,1,1,0,0,0,0,0,0,0,0,1,0,0,0,0,0,0,0,0,0,0,0,0,1,0,0,0,0,0,,1,0,0,0,0,0,1,1,1,0,0,0,0,0,1,0,,,,,,61-65,56-65,US highway,R,Monday,Belt Used,PV,Hispanic,0,1,0,0,State Route,State Patrol,Washington State Patrol Headquarter,1,1,0,0,0,,,,,,,,,,,,,,,,,,,,,,,,,,,,,,,,,,,,,,,,,,,
2017,424,E732654,21,10/20/2017,15:12,20,10,0,25,Grant,0,1,0,1,1,2,1,0,2,2,15:12,15:33,15:53,12,0,6,2,2,0,2,6,1,2,4,0,0,20,3,CR-RD 9 NW,CR-RD K NW,-119.7251556,47.22006111,0,1,88,54,3,50,4,0,0,1,2,12,1,1,2,1,1,1,2,53,0,20,37,1998,0,0,12,,,,,,1,1,32,1,0,0,3,0,3,0,11,8,,,,,0,0,0,3,1,0,0,0,0,5,93,,,,,9,,,,,,99357,53,66,160,6,1,0,3,0,3,0,0,,,,,,0,11/15/2016,10/15/2017,99,0,0,0,8,9,8,,,0,0,0,8,1,8,95,0,0,6,0,0,2,95,997,,,,,,,,,,,,,,,,,,,,,,,,,,,,,,0,0,0,1,1,0,0,0,0,0,0,0,0,0,0,0,1,0,0,0,0,0,0,0,0,0,0,0,0,1,0,0,0,0,0,,0,0,0,0,0,0,0,0,1,0,0,0,0,0,0,1,,,,,,31-35,26-35,County road,R,Friday,Belt Used,PV,Not Fatal,1,0,0,0,County Road,County Sheriff,Grant County Sheriff's Office,0,0,1,0,0,,,,,,,,,,,,,,,,,,,,,,,,,,,,,,,,,,,,,,,,,,,
2018,349,E845515,21,10/01/2018,5:59,1,10,0,25,Grant,0,1,0,2,1,2,1,0,3,2,5:59,6:12,6:46,12,0,6,22.2,4,0,1,5,1,2,4,0,0,0,0,CR-ADAMS RD N,,-119.7681111,47.212525,0,1,68,15,2,60,4,0,0,1,7,12,1,1,2,1,11,2,1,53,0,37,31,1998,0,0,12,,,,,,1,1,65,1,0,0,3,0,3,0,11,5,,,,,0,0,0,2,1,38,0,0,0,93,,,,,,0,,,,,,99357,53,63,200,1,1,0,0,0,1,,76,,,,,,0,09/15/2018,10/15/2018,1,0,0,0,8,9,8,,,0,0,0,8,0,8,95,,,96,,,8,95,995,,,,,,,,,,,,,,,,,,,,,,,,,,,,,,0,0,0,0,0,0,0,0,0,0,0,0,0,1,0,0,1,0,1,0,0,0,0,0,0,1,0,0,0,1,0,0,0,0,0,,0,0,0,0,0,0,0,0,1,0,1,1,0,0,0,0,,,,,,61-65,56-65,County road,R,Monday,Belt Used,PV,Not Fatal,0,0,0,0,County Road,County Sheriff,Grant County Sheriff's Office,0,0,1,0,0,,,,,,0,0,1,,,,,,,,,,,,,,,,,,,,,,,,,,,,,,,,,,,
2018,450,E868734,21,11/23/2018,0:39,23,11,8,25,Grant,0,1,0,2,4,2,1,0,1,1,2:48,3:18,,1,0,0,9.1,1,0,1,5,1,2,4,0,0,0,0,CR-DODSON RD S,,-119.5572278,47.00881667,0,1,2,6,1,60,15,0,0,1,7,1,1,1,2,1,1,1,1,53,0,13,421,1999,0,0,63,69,68,68,63,1,1,1,31,2,7,1,4,7,20,0,11,0,11/23/2018,0:39,53051059,51059,0,0,0,3,1,58,87,0,0,96,,,,,,99,,,,,,99357,53,69,160,6,1,0,1,0,0,,0,,,,,,3,09/15/2016,09/15/2016,20,1,9,0,0,9,8,,,0,0,0,8,1,8,95,,,96,,,8,95,995,,,,,,,,,,,,,,,,,,,,,,,,,,,,,,0,0,0,0,1,0,0,0,0,0,0,0,1,0,0,0,0,0,0,1,0,0,0,0,0,0,0,0,0,1,0,0,0,1,0,,1,0,0,0,0,0,0,0,0,1,0,0,0,0,0,1,,,,,,31-35,26-35,County road,R,Friday,Not Used,PV,White,0,1,0,0,County Road,County Sheriff,Grant County Sheriff's Office,1,0,1,0,0,,,,,,0,0,0,,,,,,,,,,,,,,,,,,,,,,,,,,,,,,,,,,,
2019,92,E907254,6,03/17/2019,1:26,17,3,,25,Grant,0,1,0,2,1,2,1,0,1,1,,,,43,0,0,38.8,1,0,1,4,1,1,3,0,0,0,0,SR-28,,-119.7476972,47.23448611,0,1,6,12,2,60,4,0,0,1,2,1,3,1,2,1,14,1,2,53,0,9,20,1996,0,0,68,64,43,1,,,1,1,24,1,1,,4,7,20,7,11,0,03/17/2019,1:26,53012791,12791,0,0,0,0,1,0,0,0,0,96,,,,,,9,,,,,,99357,96,,999,0,0,99,99,99,99,,0,,,,,,4,,,8,1,9,0,0,1,1,,,0,0,0,1,1,2,401,303,304,1,1,1,2,1,0.21,,,,,,,,,,,,,,,,,,,,,,,,,,,,,,0,0,1,0,1,1,1,1,1,0,0,0,1,1,0,0,0,0,0,1,0,0,0,1,1,0,0,0,0,1,0,0,0,1,0,,1,0,0,0,0,1,1,1,0,1,0,1,0,0,0,1,,,,,,21-25,16-25,State route,R,Sunday,Not Used,PV,Hispanic,0,1,0,0,State Route,State Patrol,Washington State Patrol,1,1,0,0,0,,,,,,99,99,99,1,1,1,,,124,695,407,151,167,0,0,0,1,,,,,20,7,,,,,,,,,,,,,,,
2020,407,EA72523,6,09/19/2020,17:51,19,9,,25,Grant,0,1,,1,1,2,1,0,3,2,17:51,18:02,19:02,12,0,6,15.1,2,0,3,4,1,1,3,0,0,0,0,SR-243,RD 23 SW,-119.9267583,46.75252222,0,2,83,67,4,60,66,1,0,1,2,12,1,2,2,1,1,1,3,53,0,87,881,2016,0,,12,,,,,,1,1,53,1,0,,0,0,2,0,11,0,,,,,6,1,0,3,1,0,,,,96,,,,,,0,,,,,,99357,53,73,180,6,1,0,0,0,1,,0,,,,,,0,04/15/2019,04/15/2019,20,0,0,0,8,9,8,,,0,,,8,8,0,0,,,0,,,0,0,996,,,,,,,,,,,,,,,,,,,,,,,,,,,,,,0,0,0,1,0,0,0,0,0,0,0,0,0,1,0,0,0,0,1,1,0,0,0,1,1,0,0,0,0,1,1,0,0,0,0,,0,0,0,0,0,0,0,0,0,0,0,0,0,0,0,0,,,,,,51-55,46-55,State route,R,Saturday,,MHTRUCK,Not Fatal,1,0,0,0,State Route,State Patrol,Washington State Patrol,0,1,0,0,0,,,,,,0,0,0,,,,,,,,,,,98,98,98,0,,,,,20,7,,,,,,,,1,0,,,,,,
2021,298,EB57701,6,08/11/2021,15:34,11,8,,25,Grant,0,1,,1,1,2,2,0,3,2,,,,12,0,6,4,2,0,2,4,1,1,3,0,0,0,0,SR-283,ADAMS RD,-119.7688361,47.14278889,0,2,89,66,4,60,34,0,0,1,2,12,1,1,4,1,1,2,2,53,0,20,481,2005,0,,12,,,,,,1,1,31,1,1,,4,7,3,0,11,0,08/11/2021,15:34,53041253,41253,0,0,0,3,1,0,,,,96,,,,,,98,,,,,,99357,53,70,175,6,1,0,0,0,2,,0,,,,,,0,05/15/2019,03/15/2019,8,0,0,0,0,9,8,,,0,,,8,8,2,1,,,1,,,2,1,0,,,,,,,,,,,,,,,,,,,,,,,,,,,,,,0,0,0,1,1,1,0,1,0,0,0,0,0,1,0,0,0,0,0,0,0,0,0,0,0,0,0,0,0,1,1,0,0,0,0,,1,0,0,0,0,0,0,0,0,0,0,0,0,0,0,0,,,,,,31-35,26-35,State route,R,Wednesday,Belt Used,PV,Hispanic,1,0,0,0,State Route,State Patrol,Washington State Patrol,0,1,0,0,0,,,,,,0,0,0,,,,,,,,,,,98,98,98,298,,,,,20,,,,,,,,,1,0,,,,,,
2018,177,E808702,1,06/14/2018,9:15,14,6,0,13,Columbia,0,1,0,1,1,2,2,0,5,3,9:16,9:26,9:55,12,0,2,357.3,1,0,1,3,1,1,2,0,0,0,0,US-12,,-118.1018583,46.28805278,0,1,50,10,2,60,6,0,0,1,2,12,2,1,2,1,14,2,1,53,0,2,1,2008,0,0,68,12,60,54,,,1,1,42,2,7,1,4,7,3,0,11,0,06/14/2018,9:15,53026819,26819,0,0,3,3,1,28,0,0,0,96,,,,,,9,,,,,,99361,53,66,250,6,1,0,0,1,0,,0,,,,,,0,06/15/2014,06/15/2014,1,0,0,0,0,1,8,,,0,0,0,8,1,2,401,605,695,1,1,1,2,1,0.013,,,,,,,,,,,,,,,,,,,,,,,,,,,,,,0,0,0,0,1,0,1,1,1,0,0,0,0,0,0,0,0,0,0,0,0,0,0,0,0,1,0,0,1,1,0,0,0,0,0,,1,0,0,0,1,0,1,1,0,0,0,0,0,0,0,1,,,,,,41-45,36-45,US highway,R,Thursday,Belt Used,PV,White,0,1,1,0,State Route,State Patrol,Washington State Patrol,0,1,0,0,0,thc,34,carboxy-thc,38,,0,0,0,1,1,,,,996,996,,,,,,,,,,,,,,,,,,,,,,,,,,,,
2017,390,E688002,44,06/30/2017,2:44,30,6,0,71,Walla Walla,0,1,0,2,1,2,1,0,1,1,1:47,2:02,2:32,35,0,0,8.7,1,0,1,5,1,2,4,0,0,0,0,CR-LOWER WAITSBURG RD,,-118.320075,46.14616111,0,1,1,13,2,50,4,0,0,1,5,1,4,1,2,1,14,1,1,53,0,12,16,2008,0,0,63,35,67,1,,,1,1,30,1,1,98,4,0,99,0,11,5,07/05/2017,16:20,2.39053E+11,30588,0,0,0,3,1,0,0,0,0,96,,,,,,9,,,,,,99362,53,66,155,6,1,0,0,1,3,3,0,,,,,,3,07/15/2013,11/15/2016,20,1,9,0,0,9,8,,,0,0,0,8,1,2,605,695,0,1,1,0,2,1,0.17,,,,,,,,,,,,,,,,,,,,,,,,,,,,,,0,0,1,0,1,1,1,1,1,0,0,0,1,0,0,0,0,0,0,0,0,0,0,0,0,0,0,0,0,1,0,0,0,0,0,,1,0,0,0,0,1,1,1,0,1,0,0,0,0,0,1,,,,,,26-30,26-35,County road,R,Friday,Unknown,PV,Hispanic,0,1,0,0,County Road,County Sheriff,Walla Walla County Sheriff's Office,1,0,1,0,0,thc,1.1,carboxy-thc,11,,,,,,,,,,,,,,,,,,,,,,,,,,,,,,,,,,,,,,,