year,case,par,repjur,crash_dt,crash_tm,accday,accmon,holiday,county,co_char,city,weather,weather2,lightcond,surfcond,surftype,numfatal,nmforms,pforms,vforms,not_tm,arr_tm,hosp_tm,fhevent,hitrun,manncol,milepnt,reljunc,reljuncinter,intersectiontype,funcsystem,landuse,ownership,route,schlbus,spejur,contdev,devfunc,trafid1,trafid2,x,y,wk_zone,vnumber,crashtype,criticalevent,criticaleventcat,spdlim,body,trailer,emerg,hazcargo,leave,mhevent,roadalgn,roadprof,traflane,trafflow,vehmanvr,numoccs,regowner,regstate,spuse,make,model,modelyr,vrf1,vrf2,seqevent1,seqevent2,seqevent3,seqevent4,seqevent5,seqevent6,pnumber,ptype,age,sex,hispanic,race,injury,diedscene,restraint,restraintmisuse,seatpos,takehosp,death_dt,death_tm,cert,cernum_wa,commlic,licendor,licrestrict,liccomp,drivpres,drf1,drf2,drf3,drf4,distract1,distract2,distract3,distract4,distract5,distract6,dricond1,dricond2,dricond3,dricond4,dricond5,dricond6,dzip,licstate,drhgt_in,weight,noncdl,noncdltype,prevdwi,prevoth,prevacc,prevspd,prevsus,driviol1,driviol2,driviol3,driviol4,driviol5,driviol6,spdrel,first_dt,last_dt,airbag,ejection,ejectpath,extricat,injurwrk,methalc,methdrug,nmlocat,strikveh,prf1,prf2,prf3,druginv,alcinvol,drugsts,drugres1,drugres2,drugres3,drugtst1,drugtst2,drugtst3,alcsts,alctst,alcres,nmact1,nmact2,nmact3,nmact4,nmact5,nmact6,nmprior1,nmprior2,nmprior3,nmprior4,nmprior5,nmprior6,nmcond1,nmcond2,nmcond3,nmcond4,nmcond5,nmcond6,nmsafe_helmet,nmsafe_pads,nmsafe_oth,nmprev_ref,nmprev_lgt,nmprev_oth,crashlocation,nmcrashtype,crosswalk,schoolzone,sidewalk,train_inv,wildlife_inv,rotr_fars,intersect_fars,dd_inv,aid_inv,dpd_inv,id_inv,mj_inv,impnm_inv,ainm_inv,dpnm_inv,speed_inv,unlic_inv,unendmc_inv,drowsy_inv,drdist_inv,nmdist_inv,fty_inv,unrestfat_inv,dr1617_inv,dr1820_inv,dr1620_inv,dr2125_inv,dr1625_inv,dr65_inv,dr70_inv,dr75_inv,mc_inv,pv_inv,ht_inv,ped_inv,bike_inv,unrest_fat,mc_fat,unhelmet_mc,pv_fat,ht_fat,ped_fat,bike_fat,dr_alc7,dr_alc8,dr_drug,dr_imp,dr_dist,dr_spd,dr_fty,dr_unlic,dr_alc7only,dr_alc8only,dr_drugonly,dr_drink,nm_imp,nm_alc7,nm_alc8,nm_drug,nm_dist,agegrp1,agegrp2,roadclass,urbrur,dayweek,restuse,vehtype,race_me,intersect,lanedep,oppdir,wrongway,rep_typ,investag,repag_long,rotr,st_rd,cty_rd,city_rd,oth_rd,drug_thc,thc_res,drug_cthc,cthc_res,drug_cann,prevpersemin,prevperse,prevsusoth,drugtst4,drugtst5,drugtst6,drugtst7,drugtst8,drugres4,drugres5,drugres6,drugres7,drugres8,adspresent,adsengaged,adslevel,race1,race2,race3,race4,race5,helmet,helmetmisuse,nmdistract1,nmdistract2,nmdistract3,nmdistract4,nmdistract5,nmdistract6,lab,isedtcase,crf1,crf2,crf3,CoRoadName,CoMP,IntCoRoadName,IntCoMP
2017,245,E691997,1,07/17/2017,4:00,17,7,0,71,Walla Walla,0,1,0,2,1,2,1,0,6,1,4:13,4:39,5:02,1,0,0,18.5,1,0,1,4,1,1,3,0,0,0,0,SR-124,,-118.6780889,46.29716667,0,1,98,13,2,65,20,0,0,1,2,1,1,1,2,1,1,6,1,53,0,6,441,2005,0,0,63,69,1,,,,1,1,35,2,0,0,0,0,3,0,11,0,,,,,0,0,0,3,1,36,0,0,0,96,,,,,,2,,,,,,99362,53,60,140,6,1,0,0,0,1,0,2,76,,,,,0,04/15/2014,04/15/2014,20,0,0,0,8,9,8,,,0,0,0,8,0,8,95,0,0,6,0,0,8,95,995,,,,,,,,,,,,,,,,,,,,,,,,,,,,,,0,0,0,0,0,0,0,0,0,0,0,0,0,0,0,1,0,0,0,1,0,0,0,0,0,0,0,0,0,1,0,0,0,0,0,,0,0,0,0,0,0,0,0,0,0,0,0,0,0,0,0,,,,,,31-35,26-35,State route,R,Monday,Belt Used,PV,Not Fatal,0,0,0,0,State Route,State Patrol,Washington State Patrol Headquarter,0,1,0,0,0,,,,,,,,,,,,,,,,,,,,,,,,,,,,,,,,,,,,,,,,,,,
2018,292,E830626,1,08/13/2018,7:14,13,8,0,71,Walla Walla,0,1,0,1,1,2,1,0,6,4,7:13,7:23,7:38,12,0,6,1.6,2,0,2,3,1,1,3,0,0,3,3,SR-125,OLD MILTON HWY,-118.3890222,46.02388889,0,1,88,17,2,55,14,0,0,1,7,12,1,2,6,1,1,1,1,53,0,35,402,2002,0,0,12,68,12,12,,,1,1,38,2,0,0,1,0,3,0,11,4,,,,,0,0,0,3,1,38,39,0,0,93,,,,,,0,,,,,,99362,53,62,140,6,1,0,0,0,0,,97,,,,,,0,,,20,0,0,0,8,9,2,,,0,0,0,0,0,8,95,,,96,,,8,95,995,,,,,,,,,,,,,,,,,,,,,,,,,,,,,,0,0,0,1,0,0,1,1,1,0,0,0,0,0,0,0,1,0,1,1,0,0,0,1,1,0,0,0,0,1,0,0,0,0,0,,0,0,0,0,0,0,0,0,1,0,1,0,0,0,0,0,,,,,,36-40,36-45,State route,R,Monday,Belt Used,PV,Not Fatal,1,0,0,0,State Route,State Patrol,Washington State Patrol,0,1,0,0,0,,,,,,0,0,0,,,,,,,,,,,,,,,,,,,,,,,,,,,,,,,,,,,
2018,292,E830626,1,08/13/2018,7:14,13,8,0,71,Walla Walla,0,1,0,1,1,2,1,0,6,4,7:13,7:23,7:38,12,0,6,1.6,2,0,2,3,1,1,3,0,0,3,3,SR-125,OLD MILTON HWY,-118.3890222,46.02388889,0,4,89,66,4,55,4,0,0,1,7,12,1,2,4,1,1,3,1,53,0,55,33,2011,0,0,12,,,,,,1,1,23,2,6,1,4,7,20,0,11,0,08/13/2018,7:14,53035950,35950,0,0,0,3,1,0,0,0,0,96,,,,,,0,,,,,,99362,53,66,180,6,1,0,0,0,2,,0,,,,,,0,05/15/2016,04/15/2018,8,1,9,0,0,9,8,,,0,0,0,8,0,2,605,695,,1,1,,2,1,0,,,,,,,,,,,,,,,,,,,,,,,,,,,,,,0,0,0,1,0,0,1,1,1,0,0,0,0,0,0,0,1,0,1,1,0,0,0,1,1,0,0,0,0,1,0,0,0,1,0,,1,0,0,0,0,0,1,1,0,0,0,0,0,0,1,0,,,,,,21-25,16-25,State route,R,Monday,Not Used,PV,Hispanic,1,0,0,0,State Route,State Patrol,Washington State Patrol,0,1,0,0,0,thc,4.7,carboxy-thc,83,,0,0,1,,,,,,,,,,,,,,,,,,,,,,,,,,,,,,,,,,,
2019,191,E933262,307,06/23/2019,21:51,23,6,,71,Walla Walla,2390,1,0,2,1,2,1,0,1,1,,,,31,0,0,0,3,0,2,7,2,4,6,0,0,20,3,TAUMARSON RD,PLAZA WAY,-118.3447333,46.03605,0,1,1,13,2,98,80,0,0,1,7,31,3,1,2,1,14,1,1,53,0,37,706,2006,0,0,63,31,,,,,1,1,31,1,7,,4,0,20,7,11,8,06/23/2019,22:35,2.39053E+11,28399,6,0,0,3,1,0,0,0,0,96,,,,,,99,,,,,,99362,53,75,170,6,1,1,1,0,1,,0,,,,,,3,01/15/2015,06/15/2017,20,8,0,0,0,9,8,,,0,0,0,8,9,8,95,,,96,,,8,95,995,,,,,,,,,,,,,,,,,,,,,,,,,,,,,,0,0,1,1,0,0,0,0,0,0,0,0,1,0,0,0,0,0,0,0,0,0,0,0,0,0,0,0,1,0,0,0,0,0,1,0,0,0,0,0,0,0,0,0,0,1,0,0,0,0,0,0,,,,,,31-35,26-35,City street,U,Sunday,,MC,White,0,1,0,0,City Street,Municipal/City Police,Walla Walla Police Department,1,0,0,1,0,,,,,,0,1,0,,,,,,,,,,,0,0,0,1,,,,,19,0,,,,,,,,,,,,,,,
2020,67,EA24052,5,03/12/2020,14:17,12,3,,59,Skamania,0,1,,1,1,2,1,0,4,3,14:18,14:28,15:13,12,0,8,36,1,0,1,3,1,1,3,0,0,0,0,SR-14,,-121.9999917,45.63593611,0,2,65,62,4,55,66,0,0,1,2,12,3,1,2,1,14,1,3,53,0,98,809,2000,0,,12,,,,,,1,1,61,1,0,,0,0,3,0,11,0,,,,,6,1,0,3,1,0,,,,96,,,,,,0,,,,,,99362,53,70,245,6,1,0,0,0,1,,0,,,,,,0,03/15/2017,03/15/2017,20,0,0,0,8,9,8,,,0,,,8,8,0,0,,,0,,,0,0,996,,,,,,,,,,,,,,,,,,,,,,,,,,,,,,0,0,0,0,0,0,0,0,0,0,0,0,0,0,0,0,1,0,0,0,0,0,0,0,0,0,0,0,0,1,1,0,0,0,0,,0,0,0,0,0,0,0,0,0,0,0,0,0,0,0,0,,,,,,61-65,56-65,State route,R,Thursday,,MHTRUCK,Not Fatal,0,1,1,0,State Route,State Patrol,Washington State Patrol,0,1,0,0,0,,,,,,0,0,0,,,,,,,,,,,98,98,98,0,,,,,20,7,,,,,,,,1,0,,,,,,
2021,52,EB11683,1,03/05/2021,23:54,5,3,,5,Benton,0,1,,2,1,2,1,0,2,2,,,,12,0,2,172.8,1,0,1,4,1,1,3,0,0,0,0,SR-14,,-119.4871667,45.94558611,0,1,50,10,2,65,34,0,0,1,2,12,1,1,2,1,1,1,2,53,0,23,481,2007,0,,68,12,,,,,1,1,42,1,0,,3,0,3,0,11,5,,,,,0,0,0,0,1,28,,,,96,,,,,,9,,,,,,99362,53,65,180,0,0,0,0,0,1,,1,,,,,,0,09/15/2018,09/15/2018,99,0,0,0,8,9,8,,,0,,,8,1,8,95,,,96,,,2,98,997,,,,,,,,,,,,,,,,,,,,,,,,,,,,,,0,0,0,0,1,0,0,0,0,0,0,0,0,1,0,0,0,0,0,0,0,0,0,0,0,1,0,0,0,1,0,0,0,0,0,,0,0,0,0,0,0,0,0,0,0,0,1,0,0,0,1,,,,,,41-45,36-45,State route,R,Friday,Belt Used,PV,Not Fatal,0,1,1,0,State Route,State Patrol,Washington State Patrol,0,1,0,0,0,,,,,,0,0,0,,,,,,,,,,,98,98,98,0,,,,,20,,,,,,,,,1,0,,,,,,
2021,181,EB38096,1,06/06/2021,4:08,6,6,,71,Walla Walla,2390,10,,2,1,2,1,0,1,1,,,,1,0,0,0,1,0,1,7,2,4,6,0,0,0,0,S HOWARD ST,,-118.3251194,46.065375,0,1,98,9,1,25,84,0,0,1,5,1,1,1,2,1,1,1,1,53,0,98,701,2014,0,,1,,,,,,1,1,65,1,7,,4,7,20,7,11,0,06/06/2021,4:08,2.39053E+11,27905,0,0,0,3,1,0,,,,96,,,,,,98,,,,,,99362,53,67,135,6,1,0,1,0,0,,0,,,,,,0,05/15/2020,05/15/2020,20,8,0,0,0,9,8,,,0,,,8,8,8,95,,,96,,,8,95,995,,,,,,,,,,,,,,,,,,,,,,,,,,,,,,0,0,0,0,0,0,0,0,0,0,0,0,0,0,0,0,0,0,0,0,0,0,0,0,0,1,0,0,1,0,0,0,0,0,1,1,0,0,0,0,0,0,0,0,0,0,0,0,0,0,0,0,,,,,,61-65,56-65,City street,U,Sunday,,OTHMC,White,0,0,0,0,City Street,Municipal/City Police,Walla Walla Police Department,0,0,0,1,0,,,,,,0,0,0,,,,,,,,,,,0,0,0,1,,,,,17,,,,,,,,,1,0,,,,,,
2021,445,EB84669,1,10/30/2021,3:40,30,10,,71,Walla Walla,0,1,,2,1,2,1,0,2,2,,,,12,0,2,1,1,0,1,4,1,1,3,0,0,0,0,SR-730,,-118.9622806,46.01069167,0,1,50,10,2,60,5,0,0,1,2,12,1,1,2,1,1,1,2,53,0,12,37,2015,0,,68,12,63,68,63,38,1,1,19,1,7,,4,7,3,0,11,0,10/30/2021,3:40,53056206,56206,0,0,0,3,1,28,,,,92,,,,,,98,,,,,,99362,53,76,125,6,1,0,0,0,2,,0,,,,,,0,10/15/2021,09/15/2021,8,0,0,0,0,9,8,,,0,,,8,8,8,95,,,96,,,9,99,999,,,,,,,,,,,,,,,,,,,,,,,,,,,,,,0,0,0,0,0,0,0,0,0,0,0,0,0,0,0,0,1,0,0,0,0,1,1,0,1,0,0,0,0,1,1,0,0,0,0,,1,0,0,0,0,0,0,0,1,0,0,0,0,0,0,0,,,,,,18-20,16-25,State route,R,Saturday,Belt Used,PV,Multiracial,0,1,1,0,State Route,State Patrol,Washington State Patrol,0,1,0,0,0,,,,,,0,0,0,,,,,,,,,,,98,98,98,202,201,,,,20,,,,,,,,,1,0,,,,,,
2020,38,EA12058,4,02/04/2020,15:02,4,2,,1,Adams,0,1,,1,10,2,1,0,2,2,15:02,15:20,,12,0,6,57.2,1,0,1,5,1,1,3,0,0,0,0,SR-261,,-118.347825,47.04061944,0,1,66,10,2,55,6,0,0,1,2,12,3,2,2,1,14,1,1,53,0,52,47,2003,0,,68,12,,,,,1,1,76,2,7,,4,7,20,7,11,0,02/04/2020,15:02,53005528,5528,0,0,0,3,1,58,,,,96,,,,,,0,,,,,,99371,53,65,150,6,1,0,0,0,0,,0,,,,,,4,,,1,0,0,0,9,1,8,,,0,,,8,0,0,0,,,0,,,2,4,0,,,,,,,,,,,,,,,,,,,,,,,,,,,,,,0,0,0,0,0,0,0,0,0,0,0,0,1,0,0,0,0,0,0,1,0,0,0,0,0,1,1,1,0,1,1,0,0,1,0,,1,0,0,0,0,0,0,0,0,1,0,0,0,0,0,0,,,,,,76-80,76+,State route,R,Tuesday,Not Used,PV,White,0,1,1,0,State Route,State Patrol,Washington State Patrol,0,1,0,0,0,,,,,,0,0,0,,,,,,,,,,,98,98,98,1,,,,,20,7,,,,,,,,1,0,,,,,,
2020,38,EA12058,4,02/04/2020,15:02,4,2,,1,Adams,0,1,,1,10,2,1,0,2,2,15:02,15:20,,12,0,6,57.2,1,0,1,5,1,1,3,0,0,0,0,SR-261,,-118.347825,47.04061944,0,2,66,62,4,55,66,1,0,1,2,12,2,2,2,1,14,1,3,53,0,87,881,2010,0,,12,,,,,,1,1,57,1,0,,1,0,3,0,11,0,,,,,6,1,3,3,1,0,,,,96,,,,,,0,,,,,,99371,53,72,245,6,1,0,0,1,0,,0,,,,,,0,09/15/2015,09/15/2015,20,0,0,0,8,1,8,,,0,,,8,0,0,0,,,0,,,2,95,0,,,,,,,,,,,,,,,,,,,,,,,,,,,,,,0,0,0,0,0,0,0,0,0,0,0,0,1,0,0,0,0,0,0,1,0,0,0,0,0,1,1,1,0,1,1,0,0,0,0,,0,0,0,0,0,0,0,0,0,0,0,0,0,0,0,0,,,,,,56-60,56-65,State route,R,Tuesday,,MHTRUCK,Not Fatal,0,1,1,0,State Route,State Patrol,Washington State Patrol,0,1,0,0,0,,,,,,0,0,0,,,,,,,,,,,98,98,98,0,,,,,20,7,,,,,,,,1,0,,,,,,
2021,548,EC06178,4,12/22/2021,13:49,22,12,,1,Adams,0,1,,1,10,2,1,0,2,2,,,,12,0,6,53.4,3,0,3,5,1,1,3,0,0,0,0,SR-261,BENZEL RD,-118.3443917,46.987675,0,1,66,9,1,55,4,0,0,1,2,12,3,1,2,1,14,1,1,53,0,18,22,2006,0,,68,12,,,,,1,1,18,1,99,,4,0,20,7,11,5,12/24/2021,12:49,2.11053E+11,66211,0,0,3,3,1,28,,,,96,,,,,,98,,,,,,99371,53,73,280,6,1,0,0,0,0,,0,,,,,,4,,,20,0,0,0,0,9,8,,,0,,,8,8,2,348,,,1,,,2,1,0,,,,,,,,,,,,,,,,,,,,,,,,,,,,,,0,0,0,1,0,0,1,1,0,0,0,0,1,0,0,0,0,0,0,1,0,1,1,0,1,0,0,0,0,1,0,0,0,1,0,,1,0,0,0,0,0,1,1,0,1,0,0,0,0,1,0,,,,,,18-20,16-25,State route,R,Wednesday,Not Used,PV,White,0,0,0,0,State Route,State Patrol,Washington State Patrol,0,1,0,0,0,,,,,,0,0,0,,,,,,,,,,,98,98,98,1,,,,,20,,,,,,,,,1,0,,,,,,
2019,115,E913863,339,04/23/2019,11:33,23,4,,63,Spokane,2113,1,0,1,1,2,1,0,2,2,,,,12,0,6,0,2,0,2,7,2,4,6,0,0,20,3,E BROADWAY AVE,N EASTERN RD,-117.3200833,47.66383611,0,1,82,15,2,98,67,1,0,1,5,12,1,1,2,1,11,1,1,53,0,7,880,2016,0,0,12,,,,,,1,1,64,1,0,,0,0,3,0,11,0,,,,,6,0,3,3,1,0,0,0,0,96,,,,,,0,,,,,,99402,53,73,270,6,1,0,0,0,0,,0,,,,,,0,,,20,0,0,0,8,9,8,,,0,0,0,8,0,8,95,,,96,,,8,95,995,,,,,,,,,,,,,,,,,,,,,,,,,,,,,,0,0,0,1,1,0,1,1,0,0,0,0,1,1,1,0,0,0,0,0,0,0,0,0,0,0,0,0,1,0,1,0,0,0,0,,0,0,0,0,0,0,0,0,0,0,0,0,0,0,0,0,,,,,,61-65,56-65,City street,U,Tuesday,,MHTRUCK,Not Fatal,1,0,0,0,City Street,Municipal/City Police,Spokane Valley Police Department,0,0,0,1,0,,,,,,0,0,0,,,,,,,,,,,98,98,98,0,,,,,20,7,,,,,,,,,,,,,,,
2017,127,E666917,1,04/24/2017,7:50,24,4,0,3,Asotin,0,2,0,1,2,2,1,0,3,2,,,,12,0,6,21.9,1,0,1,4,1,1,3,0,0,0,0,SR-129,,-117.0774417,46.18891389,0,1,72,15,2,55,90,0,0,1,5,12,1,1,2,1,11,2,0,0,0,98,734,2010,0,0,12,12,1,,,,1,1,35,1,7,1,4,0,17,0,11,8,04/27/2017,18:44,96016004726,,6,0,0,1,1,38,0,0,0,93,,,,,,0,,,,,,99403,53,75,230,6,1,0,0,0,0,0,0,,,,,,0,,,20,1,9,0,0,9,8,,,0,0,0,8,0,0,0,0,0,0,0,0,0,0,996,,,,,,,,,,,,,,,,,,,,,,,,,,,,,,0,0,0,0,0,0,0,0,0,0,0,0,0,0,0,0,1,0,1,0,0,0,0,0,0,0,0,0,0,0,0,0,0,0,0,,0,0,0,0,0,0,0,0,1,0,1,0,0,0,0,0,,,,,,31-35,26-35,State route,R,Monday,,OTHVT,White,0,0,0,0,State Route,State Patrol,Washington State Patrol Headquarter,0,1,0,0,0,,,,,,,,,,,,,,,,,,,,,,,,,,,,,,,,,,,,,,,,,,,
2017,238,E690227,6,07/06/2017,11:21,6,7,0,47,Okanogan,0,1,0,1,1,2,2,0,3,2,,,,12,0,2,8.8,1,0,1,4,1,1,3,0,0,0,0,SR-153,,-120.0128444,48.10285833,0,2,51,62,4,55,66,1,0,1,2,12,2,2,2,1,14,1,3,16,0,85,881,2009,0,0,12,,,,,,1,1,60,1,7,1,4,7,3,0,11,0,07/06/2017,11:21,53029416,29416,6,1,3,3,1,0,0,0,0,0,,,,,,0,,,,,,99403,53,72,190,6,1,0,0,0,0,0,0,,,,,,0,,,20,0,0,0,1,9,8,,,0,0,0,8,0,2,1,0,0,1,0,0,2,1,0,,,,,,,,,,,,,,,,,,,,,,,,,,,,,,0,0,0,0,0,0,0,0,0,0,0,0,0,0,0,0,1,0,0,0,0,0,0,1,1,0,0,0,0,0,1,0,0,0,0,,0,1,0,0,0,0,0,0,0,0,0,0,0,0,0,0,,,,,,56-60,56-65,State route,R,Thursday,,MHTRUCK,White,0,1,1,0,State Route,State Patrol,Washington State Patrol Headquarter,0,1,0,0,0,,,,,,,,,,,,,,,,,,,,,,,,,,,,,,,,,,,,,,,,,,,
2017,342,E707263,46,08/20/2017,0:24,20,8,0,75,Whitman,0,1,0,2,1,2,1,0,2,1,,,,5,0,0,23.6,1,0,1,5,1,2,4,0,0,0,0,CR-WAWAWAI RD,,-117.2481361,46.54096944,0,1,0,98,7,98,34,0,0,1,5,5,1,1,2,1,1,2,1,53,0,7,482,1999,0,0,5,,,,,,1,1,43,2,0,0,0,0,3,0,11,0,,,,,0,0,0,3,1,0,0,0,0,0,,,,,,0,,,,,,99403,53,63,125,6,1,0,0,0,0,0,0,,,,,,0,,,20,0,0,0,8,9,8,,,0,0,0,8,0,0,0,0,0,0,0,0,0,0,996,,,,,,,,,,,,,,,,,,,,,,,,,,,,,,0,0,0,0,0,0,0,0,0,0,0,0,0,0,0,0,0,0,0,0,0,0,0,0,0,0,0,0,0,0,0,0,0,0,0,,0,0,0,0,0,0,0,0,0,0,0,0,0,0,0,0,,,,,,41-45,36-45,County road,R,Sunday,Belt Used,PV,Not Fatal,0,0,0,0,County Road,County Sheriff,Whitman County Sheriff's Office,0,0,1,0,0,,,,,,,,,,,,,,,,,,,,,,,,,,,,,,,,,,,,,,,,,,,
2018,265,E824798,10,07/22/2018,0:57,22,7,0,3,Asotin,0,1,0,3,1,2,1,0,2,1,,,,1,0,0,0.4,3,0,4,4,2,2,4,0,0,0,0,CR-BEN JOHNSON RD,PITCHSTONE DR,-117.0934833,46.39936944,0,1,6,6,1,35,34,0,0,1,5,1,1,2,2,1,6,2,1,53,0,7,482,2003,0,0,68,64,1,,,,1,1,21,1,0,0,1,0,20,0,11,8,,,,,0,0,3,3,1,91,0,0,0,96,,,,,,9,,,,,,99403,53,75,240,6,1,0,1,0,3,,1,,,,,,3,07/15/2013,06/15/2018,8,0,0,0,8,9,8,,,0,0,0,8,1,2,1,,,1,,,2,1,0.15,,,,,,,,,,,,,,,,,,,,,,,,,,,,,,0,0,1,1,1,1,0,1,0,0,0,0,1,0,0,0,0,0,0,0,0,0,0,1,1,0,0,0,0,1,0,0,0,0,0,,0,0,0,0,0,1,0,1,0,1,0,0,0,1,0,1,,,,,,21-25,16-25,County road,U,Sunday,Not Used,PV,Not Fatal,0,1,0,0,County Road,County Sheriff,Asotin County Sheriff's Office,1,0,1,0,0,,,,,,0,0,1,,,,,,,,,,,,,,,,,,,,,,,,,,,,,,,,,,,
2018,489,E883495,87,12/31/2018,18:08,31,12,10,3,Asotin,360,1,0,3,1,2,1,1,1,1,,,,15,0,0,430,8,0,1,3,2,1,2,0,0,0,0,US-12,,-117.0553444,46.419925,0,1,13,83,5,30,4,0,0,1,5,15,1,1,3,5,1,1,1,53,0,18,7,1989,0,0,15,,,,,,1,1,40,2,0,0,0,0,3,0,11,0,,,,,0,0,3,3,1,0,0,0,0,96,,,,,,0,,,,,,99403,53,66,200,6,1,0,1,0,0,,76,,,,,,0,02/15/2016,02/15/2016,20,0,0,0,8,9,8,,,0,0,0,8,0,2,996,996,401,1,1,1,2,1,0,,,,,,,,,,,,,,,,,,,,,,,,,,,,,,0,0,0,0,0,0,1,1,0,0,0,0,0,0,0,0,0,1,0,0,0,0,0,0,0,0,0,0,0,1,0,1,0,0,0,,0,0,0,0,0,0,1,1,0,0,0,0,0,0,1,0,,,,,,36-40,36-45,US highway,U,Monday,Belt Used,PV,Not Fatal,0,0,0,0,State Route,Municipal/City Police,Clarkston Police Department,0,1,0,0,0,,,,,,0,0,0,1,1,1,,,417,128,177,996,157,,,,,,,,,,,,,,,,,,,,,,,,,
2019,89,E907057,1,03/22/2019,13:00,22,3,,23,Garfield,0,1,0,1,1,2,1,0,1,1,,,,32,0,0,390.8,1,0,1,3,1,1,2,0,0,0,0,US-12,,-117.7733472,46.49830556,0,1,6,12,2,60,14,0,0,1,2,3,2,1,2,1,14,1,2,53,0,12,401,1998,0,0,68,64,32,1,42,3,1,1,24,1,7,,4,7,20,7,11,0,03/22/2019,13:00,53014134,14134,6,0,0,3,1,0,0,0,0,93,,,,,,99,,,,,,99403,53,73,215,6,1,0,0,0,0,,0,,,,,,0,,,8,0,0,0,0,1,8,,,0,0,0,1,1,2,695,605,,1,1,,2,1,0.22,,,,,,,,,,,,,,,,,,,,,,,,,,,,,,0,0,1,0,1,1,1,1,1,0,0,0,0,0,0,0,1,0,0,1,0,0,0,1,1,0,0,0,0,1,0,0,0,1,0,,1,0,0,0,0,1,1,1,1,0,0,0,0,0,0,1,,,,,,21-25,16-25,US highway,R,Friday,Not Used,PV,White,0,1,0,0,State Route,State Patrol,Washington State Patrol,1,1,0,0,0,thc,1.7,carboxy-thc,6.6,,0,0,0,,,,,,,,,,,0,0,0,1,,,,,20,7,,,,,,,,,,,,,,,
2019,164,E926984,1,05/28/2019,15:11,28,5,,23,Garfield,0,1,0,1,1,2,1,0,8,7,,,,12,0,1,402,1,0,1,3,1,1,2,0,0,50,3,US-12,,-117.5644694,46.47478889,1,2,21,50,3,55,4,0,0,1,2,12,1,1,2,1,5,2,3,53,0,49,40,2019,0,0,12,12,,,,,1,1,71,2,0,,1,0,3,0,11,4,,,,,0,0,0,3,1,0,0,0,0,0,,,,,,0,,,,,,99403,53,66,140,6,1,0,0,0,0,,0,,,,,,0,,,8,0,0,0,8,9,8,,,0,0,0,8,0,8,95,,,96,,,8,95,995,,,,,,,,,,,,,,,,,,,,,,,,,,,,,,0,0,0,0,0,0,0,0,0,0,0,0,0,0,0,0,1,0,0,0,0,0,0,0,0,1,1,0,1,1,1,0,0,0,0,,0,0,0,0,0,0,0,0,0,0,0,0,0,0,0,0,,,,,,71-75,66-75,US highway,R,Tuesday,Belt Used,PV,Not Fatal,0,0,0,0,State Route,State Patrol,Washington State Patrol,0,1,0,0,0,,,,,,0,0,0,,,,,,,,,,,98,98,98,0,,,,,20,7,,,,,,,,,,,,,,,
2019,164,E926984,1,05/28/2019,15:11,28,5,,23,Garfield,0,1,0,1,1,2,1,0,8,7,,,,12,0,1,402,1,0,1,3,1,1,2,0,0,50,3,US-12,,-117.5644694,46.47478889,1,7,98,50,3,55,67,0,0,1,5,12,1,1,2,1,5,1,9,99,0,12,880,2011,0,0,12,,,,,,1,1,44,1,0,,0,0,3,0,11,0,,,,,0,0,0,3,1,0,0,0,0,0,,,,,,0,,,,,,99403,53,71,230,6,1,0,0,0,0,,0,,,,,,0,,,20,0,0,0,8,9,8,,,0,0,0,8,0,8,95,,,96,,,8,95,995,,,,,,,,,,,,,,,,,,,,,,,,,,,,,,0,0,0,0,0,0,0,0,0,0,0,0,0,0,0,0,1,0,0,0,0,0,0,0,0,1,1,0,1,1,1,0,0,0,0,,0,0,0,0,0,0,0,0,0,0,0,0,0,0,0,0,,,,,,41-45,36-45,US highway,R,Tuesday,,MHTRUCK,Not Fatal,0,0,0,0,State Route,State Patrol,Washington State Patrol,0,1,0,0,0,,,,,,0,0,0,,,,,,,,,,,98,98,98,0,,,,,20,7,,,,,,,,,,,,,,,
2021,440,EB84228,4,10/28/2021,14:25,28,10,,75,Whitman,0,10,,1,1,2,1,0,4,4,,,,12,0,8,2.8,1,0,1,2,2,1,2,0,0,0,0,US-195,,-117.0782083,46.50061389,0,2,65,62,4,60,34,0,0,1,2,12,3,1,2,1,14,1,0,53,0,37,471,2006,0,,12,12,,,,,1,1,49,1,0,,2,0,3,0,11,0,,,,,0,0,0,3,1,0,,,,96,,,,,,98,,,,,,99403,53,72,275,6,1,0,0,0,0,,0,,,,,,0,,,8,0,0,0,8,9,8,,,0,,,8,8,0,0,,,0,,,0,0,996,,,,,,,,,,,,,,,,,,,,,,,,,,,,,,0,0,0,0,0,0,0,0,0,0,0,0,0,1,0,0,1,0,0,0,0,0,0,0,0,0,0,0,0,1,1,0,0,0,0,,0,0,0,0,0,0,0,0,0,0,0,0,0,0,0,0,,,,,,46-50,46-55,US highway,U,Thursday,Belt Used,PV,Not Fatal,0,1,1,0,State Route,State Patrol,Washington State Patrol,0,1,0,0,0,,,,,,0,0,0,,,,,,,,,,,98,98,98,0,,,,,20,,,,,,,,,1,0,,,,,,