year,case,par,repjur,crash_dt,crash_tm,accday,accmon,holiday,county,co_char,city,weather,weather2,lightcond,surfcond,surftype,numfatal,nmforms,pforms,vforms,not_tm,arr_tm,hosp_tm,fhevent,hitrun,manncol,milepnt,reljunc,reljuncinter,intersectiontype,funcsystem,landuse,ownership,route,schlbus,spejur,contdev,devfunc,trafid1,trafid2,x,y,wk_zone,vnumber,crashtype,criticalevent,criticaleventcat,spdlim,body,trailer,emerg,hazcargo,leave,mhevent,roadalgn,roadprof,traflane,trafflow,vehmanvr,numoccs,regowner,regstate,spuse,make,model,modelyr,vrf1,vrf2,seqevent1,seqevent2,seqevent3,seqevent4,seqevent5,seqevent6,pnumber,ptype,age,sex,hispanic,race,injury,diedscene,restraint,restraintmisuse,seatpos,takehosp,death_dt,death_tm,cert,cernum_wa,commlic,licendor,licrestrict,liccomp,drivpres,drf1,drf2,drf3,drf4,distract1,distract2,distract3,distract4,distract5,distract6,dricond1,dricond2,dricond3,dricond4,dricond5,dricond6,dzip,licstate,drhgt_in,weight,noncdl,noncdltype,prevdwi,prevoth,prevacc,prevspd,prevsus,driviol1,driviol2,driviol3,driviol4,driviol5,driviol6,spdrel,first_dt,last_dt,airbag,ejection,ejectpath,extricat,injurwrk,methalc,methdrug,nmlocat,strikveh,prf1,prf2,prf3,druginv,alcinvol,drugsts,drugres1,drugres2,drugres3,drugtst1,drugtst2,drugtst3,alcsts,alctst,alcres,nmact1,nmact2,nmact3,nmact4,nmact5,nmact6,nmprior1,nmprior2,nmprior3,nmprior4,nmprior5,nmprior6,nmcond1,nmcond2,nmcond3,nmcond4,nmcond5,nmcond6,nmsafe_helmet,nmsafe_pads,nmsafe_oth,nmprev_ref,nmprev_lgt,nmprev_oth,crashlocation,nmcrashtype,crosswalk,schoolzone,sidewalk,train_inv,wildlife_inv,rotr_fars,intersect_fars,dd_inv,aid_inv,dpd_inv,id_inv,mj_inv,impnm_inv,ainm_inv,dpnm_inv,speed_inv,unlic_inv,unendmc_inv,drowsy_inv,drdist_inv,nmdist_inv,fty_inv,unrestfat_inv,dr1617_inv,dr1820_inv,dr1620_inv,dr2125_inv,dr1625_inv,dr65_inv,dr70_inv,dr75_inv,mc_inv,pv_inv,ht_inv,ped_inv,bike_inv,unrest_fat,mc_fat,unhelmet_mc,pv_fat,ht_fat,ped_fat,bike_fat,dr_alc7,dr_alc8,dr_drug,dr_imp,dr_dist,dr_spd,dr_fty,dr_unlic,dr_alc7only,dr_alc8only,dr_drugonly,dr_drink,nm_imp,nm_alc7,nm_alc8,nm_drug,nm_dist,agegrp1,agegrp2,roadclass,urbrur,dayweek,restuse,vehtype,race_me,intersect,lanedep,oppdir,wrongway,rep_typ,investag,repag_long,rotr,st_rd,cty_rd,city_rd,oth_rd,drug_thc,thc_res,drug_cthc,cthc_res,drug_cann,prevpersemin,prevperse,prevsusoth,drugtst4,drugtst5,drugtst6,drugtst7,drugtst8,drugres4,drugres5,drugres6,drugres7,drugres8,adspresent,adsengaged,adslevel,race1,race2,race3,race4,race5,helmet,helmetmisuse,nmdistract1,nmdistract2,nmdistract3,nmdistract4,nmdistract5,nmdistract6,lab,isedtcase,crf1,crf2,crf3,CoRoadName,CoMP,IntCoRoadName,IntCoMP
2021,440,EB84228,4,10/28/2021,14:25,28,10,,75,Whitman,0,10,,1,1,2,1,0,4,4,,,,12,0,8,2.8,1,0,1,2,2,1,2,0,0,0,0,US-195,,-117.0782083,46.50061389,0,4,98,62,4,60,67,1,0,1,2,12,3,1,2,1,14,1,1,53,0,12,880,2018,0,,12,,,,,,1,1,58,1,7,,4,7,3,0,11,0,10/28/2021,14:25,53054970,54970,6,0,0,3,1,0,,,,96,,,,,,98,,,,,,99403,53,70,190,6,1,1,0,0,0,,0,,,,,,0,08/15/2019,08/15/2019,8,1,9,0,0,9,8,,,0,,,8,8,2,1,,,1,,,2,1,0,,,,,,,,,,,,,,,,,,,,,,,,,,,,,,0,0,0,0,0,0,0,0,0,0,0,0,0,1,0,0,1,0,0,0,0,0,0,0,0,0,0,0,0,1,1,0,0,0,0,,0,1,0,0,0,0,0,0,0,0,0,0,0,0,0,0,,,,,,56-60,56-65,US highway,U,Thursday,,MHTRUCK,White,0,1,1,0,State Route,State Patrol,Washington State Patrol,0,1,0,0,0,,,,,,0,1,0,,,,,,,,,,,98,98,98,1,,,,,20,,,,,,,,,1,0,,,,,,
2018,493,E866251,4,11/28/2018,21:00,28,11,0,63,Spokane,2113,2,0,3,2,2,1,1,1,1,,,,8,0,0,88.6,1,0,1,3,2,1,3,0,0,0,0,SR-27,,-117.2396944,47.66872222,0,1,13,80,5,35,4,0,0,1,5,8,1,1,5,5,1,1,0,2,0,30,40,2014,0,0,8,,,,,,1,1,23,1,0,0,0,0,3,0,11,0,,,,,0,0,0,3,1,0,0,0,0,96,,,,,,0,,,,,,99508,2,77,185,6,1,0,2,0,2,,0,,,,,,0,07/15/2015,11/15/2018,20,0,0,0,8,9,2,,,0,0,0,0,0,8,95,,,96,,,8,95,995,,,,,,,,,,,,,,,,,,,,,,,,,,,,,,0,0,0,0,0,0,0,0,0,0,0,0,0,0,0,0,0,0,0,0,0,0,0,1,1,0,0,0,0,1,0,1,0,0,0,,0,0,0,0,0,0,0,0,0,0,0,0,0,0,0,0,,,,,,21-25,16-25,State route,U,Wednesday,Belt Used,PV,Not Fatal,0,0,0,0,State Route,State Patrol,Washington State Patrol,0,1,0,0,0,,,,,,0,0,0,,,,,,,,,,,,,,,,,,,,,,,,,,,,,,,,,,,
2021,559,EC10641,3,12/20/2021,15:28,20,12,,53,Pierce,1770,2,,5,2,2,1,1,1,1,,,,8,0,0,4.8,1,0,1,3,2,1,3,0,3,0,0,SR-167,,-122.3194056,47.20614167,0,1,13,80,5,45,34,0,0,1,5,8,1,1,5,5,1,1,1,53,0,7,472,2005,0,,8,,,,,,1,1,45,2,0,,0,0,20,7,11,0,,,,,0,0,0,3,1,0,,,,96,,,,,,98,,,,,,99508,2,61,195,6,1,0,0,0,0,,0,,,,,,0,,,20,0,0,0,8,9,8,,,0,,,8,8,0,0,,,0,,,0,0,996,,,,,,,,,,,,,,,,,,,,,,,,,,,,,,0,0,0,0,0,0,0,0,0,1,0,1,0,0,0,0,0,0,0,0,0,0,0,0,0,0,0,0,0,1,0,1,0,0,0,,0,0,0,0,0,0,0,0,0,0,0,0,0,0,0,0,,,,,,41-45,36-45,State route,U,Monday,Not Used,PV,Not Fatal,0,0,0,0,State Route,State Patrol,Washington State Patrol,0,1,0,0,0,,,,,,0,0,0,,,,,,,,,,,98,98,98,0,,,,,20,,,,,,,,,1,0,,,,,,
2017,216,3790610,40,06/11/2017,12:44,11,6,0,63,Spokane,0,1,0,1,1,2,1,0,1,1,,,,30,0,0,1.8,1,0,1,6,1,2,4,0,0,0,0,CR-W RUTER PKWY,,-117.5084667,47.77288333,0,1,7,6,1,45,80,0,0,1,2,30,1,1,2,1,1,1,2,53,0,53,705,2008,0,0,68,64,30,,,,1,1,25,1,7,1,4,7,19,0,11,0,06/11/2017,13:00,2.11053E+11,26576,0,0,3,2,1,0,0,0,0,96,,,,,,99,,,,,,99611,2,69,185,6,1,1,0,0,0,1,0,,,,,,3,08/15/2015,09/15/2016,20,8,0,0,0,9,8,,,0,0,0,8,9,2,1,0,0,1,0,0,2,1,0,,,,,,,,,,,,,,,,,,,,,,,,,,,,,,0,0,0,0,0,0,0,0,0,0,0,0,1,0,1,0,0,0,0,0,0,0,0,1,1,0,0,0,1,0,0,0,0,0,1,0,0,0,0,0,0,0,0,0,0,1,0,0,0,0,0,0,,,,,,21-25,16-25,County road,R,Sunday,,MC,White,0,1,0,0,County Road,County Sheriff,Spokane County Sheriff's Office,1,0,1,0,0,,,,,,,,,,,,,,,,,,,,,,,,,,,,,,,,,,,,,,,,,,,
2021,395,EB74826,7,10/02/2021,3:43,2,10,,33,King,1960,10,,3,1,1,1,0,3,3,,,,12,0,1,170.8,1,0,1,1,2,1,1,0,0,0,0,I-5,,-122.3216472,47.68224722,0,1,25,53,3,60,84,0,0,1,2,12,2,2,3,3,15,1,0,41,0,98,703,2022,0,,12,12,,,,,1,1,36,1,7,,4,7,20,7,11,0,10/02/2021,3:43,1.96053E+11,49225,0,0,0,0,1,38,,,,96,,,,,,98,,,,,,99692,2,72,178,0,0,0,0,0,0,,0,,,,,,0,,,20,8,0,0,0,9,8,,,0,,,8,8,2,1,,,1,,,2,1,0,,,,,,,,,,,,,,,,,,,,,,,,,,,,,,0,0,0,0,0,0,0,0,0,0,0,0,0,1,1,0,0,0,1,0,0,0,0,0,0,0,0,0,1,1,0,0,0,0,1,0,0,0,0,0,0,0,0,0,0,0,1,1,0,0,0,0,,,,,,36-40,36-45,Interstate,U,Saturday,,OTHMC,Black,0,0,0,0,State Route,State Patrol,Washington State Patrol,0,1,0,0,0,,,,,,0,0,0,,,,,,,,,,,0,0,0,2,,,,,5,,,,,,,,,1,19,,,,,,
2020,535,3838326,263,05/03/2020,0:52,3,5,,33,King,1960,1,,3,1,1,1,1,1,1,0:58,1:08,1:22,8,1,0,0,3,0,4,5,2,4,6,0,0,0,0,14TH AVE S,GOLG DR S,-122.3148556,47.59300556,0,1,13,80,5,25,9,0,0,1,5,8,1,1,1,4,10,99,9,99,0,99,399,9999,0,,8,,,,,,1,1,998,8,0,,9,0,99,7,11,8,,,,,99,9,9,9,1,0,,,,92,,,,,,98,,,,,,99998,98,,999,9,9,99,99,99,99,,97,,,,,,0,,,98,0,0,0,8,9,8,,,0,,,8,8,0,0,,,0,,,0,0,996,,,,,,,,,,,,,,,,,,,,,,,,,,,,,,0,0,0,1,0,0,0,0,0,1,0,1,0,0,0,0,1,0,0,0,0,0,0,0,0,0,0,0,0,1,0,1,0,0,0,,0,0,0,0,0,0,0,0,1,0,0,0,0,0,0,0,,,,,,,,City street,U,Sunday,Unknown,PV,Not Fatal,0,0,0,0,City Street,Municipal/City Police,Seattle Police Department,0,0,0,1,0,,,,,,99,99,99,,,,,,,,,,,98,98,98,0,,,,,20,7,,,,,,,,1,0,,,,,,
2020,550,3888076,263,10/20/2020,22:41,20,10,,33,King,1960,10,,3,98,8,1,1,1,1,,,,15,1,0,0,1,0,1,7,2,4,6,0,0,0,0,NE 127TH ST,,-122.2961083,47.72110278,0,1,13,83,5,98,98,0,0,1,5,15,1,1,2,1,1,99,9,91,0,97,997,9998,0,,15,,,,,,1,1,998,8,0,,9,0,98,7,11,8,,,,,99,9,9,9,1,0,,,,96,,,,,,98,,,,,,99998,98,,999,9,9,99,99,99,99,,97,,,,,,0,,,20,0,0,0,8,9,8,,,0,,,8,8,0,0,,,0,,,0,0,996,,,,,,,,,,,,,,,,,,,,,,,,,,,,,,0,0,0,0,0,0,0,0,0,1,1,1,0,0,0,0,0,1,0,0,0,0,0,0,0,0,0,0,0,0,0,1,0,0,0,,0,0,0,0,0,0,0,0,0,0,0,0,0,0,0,0,,,,,,,,City street,U,Tuesday,,NR-U,Not Fatal,0,0,0,0,City Street,Municipal/City Police,Seattle Police Department,0,0,0,1,0,,,,,,99,99,99,,,,,,,,,,,98,98,98,0,,,,,20,7,,,,,,,,1,0,,,,,,
2020,239,EA48857,6,07/03/2020,11:19,3,7,,47,Okanogan,0,1,,1,1,2,1,0,5,2,11:45,12:03,13:46,12,0,2,231.5,1,0,1,4,1,1,3,0,0,0,0,SR-20,,-119.6073056,48.35046389,0,1,50,10,2,60,4,0,0,1,2,12,2,1,2,1,14,2,2,53,0,37,32,1990,0,,68,12,,,,,1,1,22,1,0,,3,0,20,7,11,5,,,,,0,0,0,0,1,28,,,,92,,,,,,98,,,,,,99998,53,71,150,0,0,0,0,0,0,,97,,,,,,0,,,20,0,0,0,8,9,8,,,0,,,8,8,2,401,417,695,1,1,1,2,1,0,,,,,,,,,,,,,,,,,,,,,,,,,,,,,,0,0,0,0,0,0,1,1,1,0,0,0,0,1,0,0,1,0,0,1,0,0,0,1,1,1,1,0,0,1,0,0,0,0,0,,0,0,0,0,0,0,1,1,1,0,0,1,0,0,1,0,,,,,,21-25,16-25,State route,R,Friday,Not Used,PV,Not Fatal,0,1,1,0,State Route,State Patrol,Washington State Patrol,0,1,0,0,0,thc,0.66,carboxy-thc,47,,0,0,0,1,,,,,605,,,,,0,0,0,0,,,,,20,7,,,,,,,nms,1,0,,,,,,
2020,415,EA73989,7,10/16/2020,3:51,16,10,,33,King,1830,1,,3,1,2,1,0,2,2,,,,12,0,1,2.3,1,0,1,1,2,1,1,0,0,0,0,I-405,,-122.2177861,47.46795,0,2,25,53,3,60,83,0,0,1,5,12,1,1,3,3,1,1,2,53,0,37,702,1999,0,,12,,,,,,1,1,16,1,7,,4,7,20,7,11,0,10/16/2020,3:53,1.83053E+11,48670,99,9,9,9,1,23,,,,96,,,,,,98,,,,,,99998,99,,999,9,9,99,99,99,99,,0,,,,,,0,,,20,8,0,0,0,9,8,,,0,,,8,8,2,1,,,1,,,2,1,0,,,,,,,,,,,,,,,,,,,,,,,,,,,,,,0,0,0,0,0,0,0,0,0,0,0,0,0,0,0,0,0,0,0,0,1,0,1,0,1,0,0,0,1,1,0,0,0,0,1,0,0,0,0,0,0,0,0,0,0,0,0,0,0,0,0,0,,,,,,16-17,16-25,Interstate,U,Friday,,MC,White,0,0,0,0,State Route,State Patrol,Washington State Patrol,0,1,0,0,0,,,,,,99,99,99,,,,,,,,,,,0,0,0,1,,,,,5,0,,,,,,,,1,0,,,,,,
2021,83,EB18792,14,04/02/2021,13:00,2,4,,11,Clark,0,1,,1,1,2,1,0,2,2,,,,12,0,6,0.2,2,0,3,5,2,2,4,0,0,0,0,CR-NE 25TH AVE,NE 81ST ST,-122.6462639,45.68093611,0,2,69,62,4,30,80,0,0,1,2,12,1,2,3,3,1,1,9,99,0,73,705,2008,0,,12,,,,,,1,1,47,1,7,,4,7,20,7,11,0,04/02/2021,13:00,53017129,17129,0,0,0,2,1,0,,,,96,,,,,,98,,,,,,99998,41,67,175,1,1,0,4,0,3,,0,,,,,,0,03/15/2017,06/15/2021,20,8,0,0,0,9,8,,,0,,,8,8,2,401,417,,1,1,,2,1,0,,,,,,,,,,,,,,,,,,,,,,,,,,,,,,0,0,0,1,0,0,1,1,0,0,0,0,0,1,1,0,0,0,0,0,0,1,1,0,1,0,0,0,1,1,0,0,0,0,1,0,0,0,0,0,0,0,1,1,0,0,0,1,0,0,1,0,,,,,,46-50,46-55,County road,U,Friday,,MC,White,0,0,0,0,County Road,County Sheriff,Clark County Sheriff's Office,0,0,1,0,0,,,,,,0,0,8,,,,,,,,,,,0,0,0,1,,,,,5,,,,,,,,,1,0,,,NE 25TH AVE,0.15,NE 81ST ST,0
2021,342,EB65784,2,09/02/2021,2:20,2,9,,57,Skagit,0,1,,2,1,2,1,0,2,1,,,,35,0,0,87.3,1,0,1,4,1,1,3,0,0,0,0,SR-20,,-121.7749139,48.53805,0,1,1,13,2,45,4,0,0,1,5,42,3,1,2,1,14,2,2,53,0,37,31,1999,0,,63,35,67,42,,,1,1,15,1,7,,4,7,3,0,11,0,09/02/2021,2:20,53043359,43359,0,0,0,0,1,0,,,,96,,,,,,98,,,,,,99998,53,,999,0,0,99,99,99,99,,0,,,,,,4,,,20,0,0,0,0,9,8,,,0,,,8,8,2,1,,,1,,,2,1,0.192,,,,,,,,,,,,,,,,,,,,,,,,,,,,,,0,0,1,0,1,1,0,1,0,0,0,0,1,1,0,0,0,0,0,0,0,0,0,0,0,0,0,0,0,1,0,0,0,0,0,,1,0,0,0,0,1,0,1,0,1,0,1,0,1,0,1,,,,,,10ÔÂ15ÈÕ,0-15,State route,R,Thursday,Belt Used,PV,White,0,1,0,0,State Route,State Patrol,Washington State Patrol,1,1,0,0,0,,,,,,99,99,99,,,,,,,,,,,0,0,0,1,,,,,20,,,,,,,,,1,0,,,,,,
2021,379,EB73132,35,09/28/2021,6:27,28,9,,53,Pierce,0,10,,4,2,8,1,1,2,2,,,,8,1,0,1.8,1,0,1,4,2,2,4,0,0,97,8,CR-200TH ST E,,-122.3733972,47.075025,0,2,98,80,5,35,98,0,0,1,5,8,1,1,2,1,1,99,9,99,0,97,997,9998,0,,8,,,,,,1,1,998,8,0,,9,0,98,7,11,0,,,,,99,9,9,9,1,0,,,,96,,,,,,98,,,,,,99998,98,,999,9,9,99,99,99,99,,0,,,,,,0,,,98,7,0,0,8,9,8,,,0,,,8,8,8,95,,,96,,,8,95,995,,,,,,,,,,,,,,,,,,,,,,,,,,,,,,0,0,0,0,0,0,0,0,0,1,0,1,0,0,0,0,0,1,0,0,0,0,0,0,0,0,0,0,0,0,0,1,0,0,0,,0,0,0,0,0,0,0,0,0,0,0,0,0,0,0,0,,,,,,,,County road,U,Tuesday,,NR-U,Not Fatal,0,0,0,0,County Road,County Sheriff,Law Enforcement Support Agency,0,0,1,0,0,,,,,,99,99,99,,,,,,,,,,,98,98,98,0,,,,,20,,,,,,,,,1,0,,,200 ST E,1.75,NULL,
2021,458,EB86194,290,11/05/2021,21:35,5,11,,53,Pierce,2230,1,,3,2,2,1,0,2,2,,,,12,1,6,,2,0,3,3,2,4,6,0,0,3,3,S ORCHARD ST,Emerson St,-122.5051583,47.22106667,0,1,83,17,2,35,80,0,0,1,2,12,1,2,5,5,1,99,9,53,0,53,705,2007,0,,12,,,,,,1,1,999,1,7,,4,7,20,7,11,0,11/05/2021,21:35,2.23053E+11,58331,99,9,9,9,1,39,,,,96,,,,,,98,,,,,,99998,99,,999,9,9,99,99,99,99,,0,,,,,,4,,,20,8,0,0,0,9,8,,,0,,,8,8,8,95,,,96,,,8,95,995,,,,,,,,,,,,,,,,,,,,,,,,,,,,,,0,0,0,1,0,0,0,0,0,0,0,0,1,0,0,0,0,0,0,0,0,0,0,0,0,0,0,0,1,1,0,0,0,0,1,0,0,0,0,0,0,0,0,0,0,1,0,0,0,0,0,0,,,,,,,,City street,U,Friday,,MC,White,1,0,0,0,City Street,Municipal/City Police,Tacoma Police Department,0,0,0,1,0,,,,,,99,99,99,,,,,,,,,,,0,0,0,1,,,,,19,,,,,,,,,1,0,,,,,,
2021,480,EB91488,146,11/07/2021,16:40,7,11,,77,Yakima,0,1,,1,1,2,1,0,3,3,,,,12,1,7,32.3,1,0,1,5,1,2,4,0,0,0,0,CR-YAKIMA VALLEY HWY,,-119.9463806,46.28823056,0,3,45,61,4,55,98,0,0,1,5,12,1,1,2,1,1,99,9,99,0,97,997,9998,0,,12,,,,,,1,1,998,8,0,,0,0,98,7,11,0,,,,,99,9,9,9,1,0,,,,96,,,,,,98,,,,,,99998,98,,999,9,9,99,99,99,99,,0,,,,,,0,,,98,0,0,0,8,9,8,,,0,,,8,8,0,0,,,0,,,0,0,996,,,,,,,,,,,,,,,,,,,,,,,,,,,,,,0,0,0,0,0,0,1,1,0,0,0,0,0,1,0,0,0,0,0,0,0,0,0,0,0,0,0,0,0,1,0,0,0,0,0,,0,0,0,0,0,0,0,0,0,0,0,0,0,0,0,0,,,,,,,,County road,R,Sunday,,NR-U,Not Fatal,0,1,1,0,County Road,County Sheriff,Yakima County Sheriff's Office,0,0,1,0,0,,,,,,99,99,99,,,,,,,,,,,98,98,98,0,,,,,20,,,,,,,,,1,0,,,YAKIMA VALLEY HIGHWAY,32.31,NULL,
2017,56,3398254,160,02/11/2017,19:56,11,2,0,33,King,1030,1,0,3,1,2,1,0,4,2,,,,12,1,6,10.6,2,0,2,3,2,1,3,0,0,1,3,SR-99,S 252ND ST,-122.3000028,47.37581944,0,1,69,17,2,45,4,0,0,1,5,12,1,1,7,1,1,99,5,53,0,54,35,2009,0,0,12,,,,,,1,1,998,9,0,0,9,0,99,0,11,0,,,,,99,0,9,9,1,39,0,0,0,92,,,,,,99,,,,,,99999,98,,999,9,9,99,99,99,99,99,0,,,,,,0,,,99,0,0,0,8,9,8,,,0,0,0,9,9,0,0,0,0,0,0,0,0,0,996,,,,,,,,,,,,,,,,,,,,,,,,,,,,,,0,0,0,1,0,0,0,0,0,0,0,0,0,0,0,0,1,0,0,0,0,0,0,0,0,0,0,0,0,1,0,0,0,0,0,,0,0,0,0,0,0,0,0,1,0,0,0,0,0,0,0,,,,,,,,State route,U,Saturday,Unknown,PV,Not Fatal,1,0,0,0,State Route,Municipal/City Police,Kent Police Department,0,1,0,0,0,,,,,,,,,,,,,,,,,,,,,,,,,,,,,,,,,,,,,,,,,,,
2019,76,3581458,263,01/31/2019,0:31,31,1,,33,King,1960,1,0,3,1,1,1,1,1,1,,,,8,1,0,0,2,0,2,7,2,4,6,0,0,3,3,4TH AVE,COLUMBIA ST,-122.3316194,47.60468611,0,1,13,80,5,25,19,0,0,1,5,8,1,2,3,4,1,99,9,99,0,99,499,9999,0,0,8,,,,,,1,1,999,8,0,,9,0,99,7,11,8,,,,,99,9,9,9,1,0,0,0,0,92,,,,,,99,,,,,,99999,99,,999,9,9,99,99,99,99,,97,,,,,,0,,,98,0,0,0,8,9,8,,,0,0,0,8,9,0,0,,,0,,,0,0,996,,,,,,,,,,,,,,,,,,,,,,,,,,,,,,0,0,0,1,0,0,0,0,0,1,0,1,0,0,0,0,1,0,0,0,0,0,0,0,0,0,0,0,0,1,0,1,0,0,0,,0,0,0,0,0,0,0,0,1,0,0,0,0,0,0,0,,,,,,,,City street,U,Thursday,Unknown,PV,Not Fatal,0,0,0,0,City Street,Municipal/City Police,Seattle Police Department,0,0,0,1,0,,,,,,99,99,99,,,,,,,,,,,98,98,98,0,,,,,20,7,,,,,,,,,,,,,,,
2019,487,3658285,344,12/26/2019,1:39,26,12,,77,Yakima,0,1,0,2,1,2,1,1,1,1,,,,8,1,0,11.5,1,0,1,5,1,2,4,0,3,0,0,CR-BRANCH RD,,-120.6176694,46.40456111,0,1,13,80,5,50,49,0,0,1,5,8,1,1,2,1,1,99,9,99,0,99,999,9999,0,0,8,,,,,,1,1,999,9,0,,9,0,99,7,11,0,,,,,99,9,9,9,1,0,0,0,0,92,,,,,,99,,,,,,99999,99,,999,9,9,99,99,99,99,,97,,,,,,0,,,20,0,0,0,8,9,8,,,0,0,0,8,9,8,95,,,96,,,8,95,995,,,,,,,,,,,,,,,,,,,,,,,,,,,,,,0,0,0,0,0,0,0,0,0,1,1,1,0,0,0,0,1,0,0,0,0,0,0,0,0,0,0,0,0,1,0,1,0,0,0,,0,0,0,0,0,0,0,0,1,0,0,0,0,0,0,0,,,,,,,,County road,R,Thursday,Unknown,PV,Not Fatal,0,0,0,0,County Road,Other Law Enforcement,Yakama Tribal Police Department,0,0,1,0,0,,,,,,99,99,99,,,,,,,,,,,98,98,98,0,,,,,20,7,,,,,,,,,,,,,,,
2017,345,3658418,344,08/22/2017,20:55,22,8,0,77,Yakima,0,1,0,5,1,2,1,1,1,1,20:05,20:12,20:36,8,1,0,0,1,0,1,7,2,4,6,0,3,0,0,N FIR ST,,-120.3114528,46.38800556,0,1,13,80,5,25,99,0,0,1,5,8,1,1,8,1,1,99,9,99,0,99,999,9999,0,0,8,,,,,,1,1,999,9,0,0,9,0,98,0,11,0,,,,,99,9,9,9,1,0,0,0,0,92,,,,,,99,,,,,,99999,99,,999,9,9,99,99,99,99,99,97,,,,,,0,,,98,7,0,0,8,9,8,,,0,0,0,8,9,0,0,0,0,0,0,0,0,0,996,,,,,,,,,,,,,,,,,,,,,,,,,,,,,,0,0,0,0,0,0,0,0,0,1,1,1,0,0,0,0,1,1,0,0,0,0,0,0,0,0,0,0,0,0,0,1,0,0,0,,0,0,0,0,0,0,0,0,1,0,0,0,0,0,0,0,,,,,,,,City street,U,Tuesday,,NR-U,Not Fatal,0,0,0,0,City Street,Other Law Enforcement,Yakama Tribal Police Department,0,0,0,1,0,,,,,,,,,,,,,,,,,,,,,,,,,,,,,,,,,,,,,,,,,,,
2018,59,3660706,344,02/27/2018,20:34,27,2,0,77,Yakima,0,98,0,8,98,8,1,1,1,1,,,,8,1,0,5.9,1,0,1,5,1,2,4,0,3,0,0,CR-FORT RD,,-120.4524333,46.37545,0,1,13,11,2,98,99,9,0,1,5,8,8,8,2,1,1,99,9,99,0,99,999,9999,0,0,8,,,,,,1,1,999,8,0,0,0,0,98,0,11,0,,,,,99,9,9,9,1,0,0,0,0,96,,,,,,98,,,,,,99999,98,,999,9,9,99,99,99,99,,97,,,,,,0,,,98,0,0,0,8,9,8,,,0,0,0,8,8,0,0,,,0,,,0,0,996,,,,,,,,,,,,,,,,,,,,,,,,,,,,,,0,0,0,0,0,0,0,0,0,1,0,1,0,0,0,0,0,0,0,0,0,0,0,0,0,0,0,0,0,0,0,1,0,0,0,,0,0,0,0,0,0,0,0,0,0,0,0,0,0,0,0,,,,,,,,County road,R,Tuesday,,NR-U,Not Fatal,0,0,0,0,County Road,Other Law Enforcement,Yakama Tribal Police Department,0,0,1,0,0,,,,,,99,99,99,,,,,,,,,,,,,,,,,,,,,,,,,,,,,,,,,,,
2021,156,3751020,263,04/10/2021,17:28,10,4,,33,King,1960,1,,1,1,2,1,1,1,1,,,,8,1,0,27.6,1,0,1,2,2,1,3,0,0,0,0,SR-99,,-122.3465056,47.64088333,0,1,1,13,2,25,29,0,0,1,5,8,1,1,2,3,1,99,9,99,0,99,499,9999,0,,63,8,,,,,1,1,999,1,0,,9,0,99,7,11,0,,,,,99,9,9,9,1,0,,,,96,,,,,,98,,,,,,99999,99,,999,9,9,99,99,99,99,,0,,,,,,0,,,99,0,0,0,8,9,8,,,0,,,8,8,0,0,,,0,,,0,0,996,,,,,,,,,,,,,,,,,,,,,,,,,,,,,,0,0,1,0,0,0,0,0,0,0,0,0,0,0,0,0,0,0,0,0,0,0,0,0,0,0,0,0,0,1,0,1,0,0,0,,0,0,0,0,0,0,0,0,0,0,0,0,0,0,0,0,,,,,,,,State route,U,Saturday,Unknown,PV,Not Fatal,0,0,0,0,State Route,Municipal/City Police,Seattle Police Department,0,1,0,0,0,,,,,,99,99,99,,,,,,,,,,,98,98,98,0,,,,,20,,,,,,,,,1,0,,,,,,
2019,114,3753164,263,02/25/2019,16:26,25,2,,33,King,1960,1,0,1,1,1,1,1,1,1,,,,9,1,0,0,1,0,1,3,2,4,6,0,0,0,0,RAINER AVE S,,-122.2687556,47.519875,0,1,13,83,5,98,4,0,0,1,5,9,4,1,5,5,14,99,9,99,0,99,399,9999,0,0,9,,,,,,1,1,999,9,0,,9,0,98,7,11,8,,,,,99,9,9,9,1,0,0,0,0,96,,,,,,99,,,,,,99999,99,,999,9,9,99,99,99,99,,97,,,,,,0,,,98,0,0,0,8,9,8,,,0,0,0,8,9,0,0,,,0,,,0,0,996,,,,,,,,,,,,,,,,,,,,,,,,,,,,,,0,0,0,0,0,0,0,0,0,0,0,0,0,0,0,0,0,0,0,0,0,0,0,0,0,0,0,0,0,1,0,0,1,0,0,,0,0,0,0,0,0,0,0,0,0,0,0,0,0,0,0,,,,,,,,City street,U,Monday,Unknown,PV,Not Fatal,0,0,0,0,City Street,Municipal/City Police,Seattle Police Department,0,0,0,1,0,,,,,,99,99,99,,,,,,,,,,,98,98,98,0,,,,,20,7,,,,,,,,,,,,,,,
2018,120,3754330,263,04/30/2018,23:36,30,4,0,33,King,1960,1,0,3,1,2,1,1,2,2,,,,8,1,0,1.9,1,0,1,3,2,1,3,0,0,0,0,SR-513,40TH AVE NE,-122.28505,47.66282778,0,2,98,80,5,35,98,0,0,1,5,8,1,1,5,1,1,99,9,99,0,97,997,9998,0,0,8,,,,,,1,1,998,9,0,0,0,0,98,0,11,0,,,,,99,9,9,9,1,0,0,0,0,96,,,,,,99,,,,,,99999,99,,999,9,9,99,99,99,99,,97,,,,,,9,,,98,0,0,0,8,9,8,,,0,0,0,8,9,8,95,,,96,,,8,95,995,,,,,,,,,,,,,,,,,,,,,,,,,,,,,,0,0,0,0,0,0,0,0,0,1,1,1,0,0,0,0,0,0,0,0,0,0,0,0,0,0,0,0,0,1,0,1,0,0,0,,0,0,0,0,0,0,0,0,0,0,0,0,0,0,0,0,,,,,,,,State route,U,Monday,Unknown,NR-U,Not Fatal,0,0,0,0,State Route,Municipal/City Police,Seattle Police Department,0,1,0,0,0,,,,,,99,99,99,,,,,,,,,,,,,,,,,,,,,,,,,,,,,,,,,,,