year,case,par,repjur,crash_dt,crash_tm,accday,accmon,holiday,county,co_char,city,weather,weather2,lightcond,surfcond,surftype,numfatal,nmforms,pforms,vforms,not_tm,arr_tm,hosp_tm,fhevent,hitrun,manncol,milepnt,reljunc,reljuncinter,intersectiontype,funcsystem,landuse,ownership,route,schlbus,spejur,contdev,devfunc,trafid1,trafid2,x,y,wk_zone,vnumber,crashtype,criticalevent,criticaleventcat,spdlim,body,trailer,emerg,hazcargo,leave,mhevent,roadalgn,roadprof,traflane,trafflow,vehmanvr,numoccs,regowner,regstate,spuse,make,model,modelyr,vrf1,vrf2,seqevent1,seqevent2,seqevent3,seqevent4,seqevent5,seqevent6,pnumber,ptype,age,sex,hispanic,race,injury,diedscene,restraint,restraintmisuse,seatpos,takehosp,death_dt,death_tm,cert,cernum_wa,commlic,licendor,licrestrict,liccomp,drivpres,drf1,drf2,drf3,drf4,distract1,distract2,distract3,distract4,distract5,distract6,dricond1,dricond2,dricond3,dricond4,dricond5,dricond6,dzip,licstate,drhgt_in,weight,noncdl,noncdltype,prevdwi,prevoth,prevacc,prevspd,prevsus,driviol1,driviol2,driviol3,driviol4,driviol5,driviol6,spdrel,first_dt,last_dt,airbag,ejection,ejectpath,extricat,injurwrk,methalc,methdrug,nmlocat,strikveh,prf1,prf2,prf3,druginv,alcinvol,drugsts,drugres1,drugres2,drugres3,drugtst1,drugtst2,drugtst3,alcsts,alctst,alcres,nmact1,nmact2,nmact3,nmact4,nmact5,nmact6,nmprior1,nmprior2,nmprior3,nmprior4,nmprior5,nmprior6,nmcond1,nmcond2,nmcond3,nmcond4,nmcond5,nmcond6,nmsafe_helmet,nmsafe_pads,nmsafe_oth,nmprev_ref,nmprev_lgt,nmprev_oth,crashlocation,nmcrashtype,crosswalk,schoolzone,sidewalk,train_inv,wildlife_inv,rotr_fars,intersect_fars,dd_inv,aid_inv,dpd_inv,id_inv,mj_inv,impnm_inv,ainm_inv,dpnm_inv,speed_inv,unlic_inv,unendmc_inv,drowsy_inv,drdist_inv,nmdist_inv,fty_inv,unrestfat_inv,dr1617_inv,dr1820_inv,dr1620_inv,dr2125_inv,dr1625_inv,dr65_inv,dr70_inv,dr75_inv,mc_inv,pv_inv,ht_inv,ped_inv,bike_inv,unrest_fat,mc_fat,unhelmet_mc,pv_fat,ht_fat,ped_fat,bike_fat,dr_alc7,dr_alc8,dr_drug,dr_imp,dr_dist,dr_spd,dr_fty,dr_unlic,dr_alc7only,dr_alc8only,dr_drugonly,dr_drink,nm_imp,nm_alc7,nm_alc8,nm_drug,nm_dist,agegrp1,agegrp2,roadclass,urbrur,dayweek,restuse,vehtype,race_me,intersect,lanedep,oppdir,wrongway,rep_typ,investag,repag_long,rotr,st_rd,cty_rd,city_rd,oth_rd,drug_thc,thc_res,drug_cthc,cthc_res,drug_cann,prevpersemin,prevperse,prevsusoth,drugtst4,drugtst5,drugtst6,drugtst7,drugtst8,drugres4,drugres5,drugres6,drugres7,drugres8,adspresent,adsengaged,adslevel,race1,race2,race3,race4,race5,helmet,helmetmisuse,nmdistract1,nmdistract2,nmdistract3,nmdistract4,nmdistract5,nmdistract6,lab,isedtcase,crf1,crf2,crf3,CoRoadName,CoMP,IntCoRoadName,IntCoMP
2018,135,E801990,2,05/13/2018,16:24,13,5,0,73,Whatcom,150,1,0,1,1,1,1,0,2,2,,,,12,0,2,0.4,1,0,1,3,2,1,3,0,0,0,0,SR-543,,-122.7349722,48.99370833,0,2,51,62,4,35,66,1,0,1,7,12,1,1,4,5,1,1,2,95,0,82,881,2012,0,0,12,,,,,,1,1,51,1,0,0,0,0,3,0,11,0,,,,,99,9,9,9,1,0,0,0,0,96,,,,,,0,,,,,,99999,95,,999,9,9,99,99,99,99,,0,,,,,,0,,,20,0,0,0,8,9,8,,,0,0,0,8,0,8,95,,,96,,,8,95,995,,,,,,,,,,,,,,,,,,,,,,,,,,,,,,0,0,0,0,0,0,0,0,0,0,0,0,0,0,0,0,0,0,0,0,0,0,0,0,0,0,0,0,0,1,1,0,0,0,0,,0,0,0,0,0,0,0,0,0,0,0,0,0,0,0,0,,,,,,51-55,46-55,State route,U,Sunday,,MHTRUCK,Not Fatal,0,1,1,0,State Route,State Patrol,Washington State Patrol Headquarter,0,1,0,0,0,,,,,,99,99,99,,,,,,,,,,,,,,,,,,,,,,,,,,,,,,,,,,,
2018,298,E833892,21,08/10/2018,0:25,10,8,0,25,Grant,0,1,0,2,1,7,1,1,2,2,0:44,1:07,,8,1,0,4.4,1,0,1,6,1,2,4,0,0,0,0,CR-ROAD 9 NW,,-119.6847222,47.22023056,0,1,13,80,5,55,99,0,0,1,5,8,1,1,2,1,1,99,9,99,0,99,999,9999,0,0,8,,,,,,1,1,999,8,0,0,0,0,99,0,11,0,,,,,99,9,9,9,1,0,0,0,0,96,,,,,,99,,,,,,99999,99,,999,9,9,99,99,99,99,,0,,,,,,0,,,99,9,0,0,8,9,8,,,0,0,0,8,9,0,0,,,0,,,0,0,996,,,,,,,,,,,,,,,,,,,,,,,,,,,,,,0,0,0,0,0,0,0,0,0,1,1,1,0,0,0,0,1,0,0,0,0,0,0,0,0,0,0,0,0,1,0,1,0,0,0,,0,0,0,0,0,0,0,0,0,0,0,0,0,0,0,0,,,,,,,,County road,R,Friday,,NR-U,Not Fatal,0,0,0,0,County Road,County Sheriff,Grant County Sheriff's Office,0,0,1,0,0,,,,,,99,99,99,,,,,,,,,,,,,,,,,,,,,,,,,,,,,,,,,,,
2018,312,E836017,122,09/08/2018,20:03,8,9,0,61,Snohomish,690,1,0,3,1,2,1,1,1,1,,,,8,1,0,8.6,3,0,3,3,2,1,3,0,0,0,0,SR-527,98TH ST SE,-122.2070611,47.90926667,0,1,13,80,5,35,99,0,0,1,5,8,1,1,3,5,1,99,9,99,0,99,999,9999,0,0,8,,,,,,1,1,999,8,0,0,9,0,99,0,11,8,,,,,99,9,9,9,1,0,0,0,0,93,,,,,,99,,,,,,99999,99,,999,9,9,99,99,99,99,,97,,,,,,0,,,99,9,0,0,8,9,8,,,0,0,0,8,9,8,95,,,96,,,8,95,995,,,,,,,,,,,,,,,,,,,,,,,,,,,,,,0,0,0,1,0,0,0,0,0,0,0,0,0,0,0,0,1,0,0,0,0,0,0,0,0,0,0,0,0,0,0,1,0,0,0,,0,0,0,0,0,0,0,0,1,0,0,0,0,0,0,0,,,,,,,,State route,U,Saturday,,NR-U,Not Fatal,0,0,0,0,State Route,Municipal/City Police,Everett Police Department,0,1,0,0,0,,,,,,99,99,99,,,,,,,,,,,,,,,,,,,,,,,,,,,,,,,,,,,
2018,379,E843470,169,09/27/2018,13:30,27,9,0,67,Thurston,1102,1,0,1,1,2,1,0,4,2,,,,12,0,6,0,2,0,2,7,2,4,6,0,0,0,0,COLLEGE ST SE,BELAIR DR SE,-122.8231944,47.02075,0,2,69,62,4,35,34,0,0,1,5,12,1,1,4,1,1,2,9,99,0,23,471,1993,0,0,12,,,,,,1,1,22,1,0,0,1,0,99,0,11,5,,,,,0,0,0,0,1,0,0,0,0,96,,,,,,0,,,,,,99999,1,72,205,0,0,0,0,0,0,,0,,,,,,0,,,20,0,0,0,8,9,8,,,0,0,0,8,0,8,95,,,96,,,8,95,995,,,,,,,,,,,,,,,,,,,,,,,,,,,,,,0,0,0,1,0,0,0,0,0,0,0,0,0,1,0,0,0,0,1,0,0,0,0,1,1,1,1,1,0,1,0,0,0,0,0,,0,0,0,0,0,0,0,0,0,0,0,1,0,0,0,0,,,,,,21-25,16-25,City street,U,Thursday,Unknown,PV,Not Fatal,1,0,0,0,City Street,Municipal/City Police,Lacey Police Department,0,0,0,1,0,,,,,,0,0,0,,,,,,,,,,,,,,,,,,,,,,,,,,,,,,,,,,,
2018,376,E851494,307,10/19/2018,23:15,19,10,0,71,Walla Walla,2390,1,0,3,1,2,1,1,1,1,,,,8,1,0,0,1,0,1,7,2,4,6,0,0,0,0,N 9TH AVE,,-118.3511806,46.06998333,0,1,13,80,5,98,99,0,0,1,5,8,8,8,2,1,1,99,9,99,0,99,999,9999,0,0,8,,,,,,1,1,998,8,0,0,9,0,99,0,11,8,,,,,99,9,9,9,1,0,0,0,0,96,,,,,,99,,,,,,99999,99,,999,9,9,99,99,99,99,,0,,,,,,0,,,99,9,0,0,8,9,8,,,0,0,0,8,9,8,95,,,96,,,8,95,995,,,,,,,,,,,,,,,,,,,,,,,,,,,,,,0,0,0,0,0,0,0,0,0,0,0,0,0,0,0,0,0,0,0,0,0,0,0,0,0,0,0,0,0,0,0,1,0,0,0,,0,0,0,0,0,0,0,0,0,0,0,0,0,0,0,0,,,,,,,,City street,U,Friday,,NR-U,Not Fatal,0,0,0,0,City Street,Municipal/City Police,Walla Walla Police Department,0,0,0,1,0,,,,,,99,99,99,,,,,,,,,,,,,,,,,,,,,,,,,,,,,,,,,,,
2018,399,E857304,1,11/04/2018,11:55,4,11,0,21,Franklin,1660,99,0,9,99,2,1,1,1,1,13:52,13:59,,8,1,0,0.1,5,1,1,1,2,1,1,0,0,0,0,I-182,,-119.1275556,46.25058611,0,1,13,80,5,98,99,0,0,1,5,8,3,2,2,6,14,99,9,91,0,99,999,9999,0,0,64,8,,,,,1,1,999,8,0,0,9,0,99,0,11,0,,,,,99,9,9,9,1,0,0,0,0,96,,,,,,99,,,,,,99999,99,,999,9,9,99,99,99,99,,97,,,,,,0,,,99,0,0,0,8,9,8,,,0,0,0,8,9,0,0,,,0,,,0,0,996,,,,,,,,,,,,,,,,,,,,,,,,,,,,,,0,0,0,0,0,0,0,0,0,1,1,1,0,0,0,0,0,0,0,0,0,0,0,0,0,0,0,0,0,0,0,1,0,0,0,,0,0,0,0,0,0,0,0,0,0,0,0,0,0,0,0,,,,,,,,Interstate,U,Sunday,,NR-U,Not Fatal,0,0,0,0,State Route,State Patrol,Washington State Patrol,0,1,0,0,0,,,,,,99,99,99,,,,,,,,,,,,,,,,,,,,,,,,,,,,,,,,,,,
2018,409,E859476,3,11/06/2018,23:05,6,11,0,67,Thurston,2320,1,0,3,1,2,1,0,4,4,,,,1,1,0,0.2,5,1,1,1,2,1,1,0,0,0,0,I-5 RAMP Q109977,,-122.936325,46.95509444,0,2,98,98,7,70,99,0,0,1,5,12,1,1,3,1,1,99,9,99,0,99,999,9999,0,0,12,,,,,,1,1,998,8,0,0,9,0,99,0,11,0,,,,,99,9,9,9,1,0,0,0,0,96,,,,,,99,,,,,,99999,99,,999,9,9,99,99,99,99,,0,,,,,,0,,,99,0,0,0,8,9,8,,,0,0,0,8,9,8,95,,,96,,,8,95,995,,,,,,,,,,,,,,,,,,,,,,,,,,,,,,0,0,1,0,0,0,0,0,0,0,0,0,1,0,0,0,0,0,0,0,0,0,0,1,1,0,0,0,1,0,1,0,0,0,0,,0,0,0,0,0,0,0,0,0,0,0,0,0,0,0,0,,,,,,,,Interstate,U,Tuesday,,NR-U,Not Fatal,1,0,0,0,State Route,State Patrol,Washington State Patrol,0,1,0,0,0,,,,,,99,99,99,,,,,,,,,,,,,,,,,,,,,,,,,,,,,,,,,,,
2018,409,E859476,3,11/06/2018,23:05,6,11,0,67,Thurston,2320,1,0,3,1,2,1,0,4,4,,,,1,1,0,0.2,5,1,1,1,2,1,1,0,0,0,0,I-5 RAMP Q109977,,-122.936325,46.95509444,0,3,98,98,7,70,99,0,0,1,5,12,1,1,3,1,1,99,9,99,0,99,999,9999,0,0,12,,,,,,1,1,998,8,0,0,9,0,99,0,11,0,,,,,99,9,9,9,1,0,0,0,0,96,,,,,,99,,,,,,99999,99,,999,9,9,99,99,99,99,,0,,,,,,0,,,99,0,0,0,8,9,8,,,0,0,0,8,9,8,95,,,96,,,8,95,995,,,,,,,,,,,,,,,,,,,,,,,,,,,,,,0,0,1,0,0,0,0,0,0,0,0,0,1,0,0,0,0,0,0,0,0,0,0,1,1,0,0,0,1,0,1,0,0,0,0,,0,0,0,0,0,0,0,0,0,0,0,0,0,0,0,0,,,,,,,,Interstate,U,Tuesday,,NR-U,Not Fatal,1,0,0,0,State Route,State Patrol,Washington State Patrol,0,1,0,0,0,,,,,,99,99,99,,,,,,,,,,,,,,,,,,,,,,,,,,,,,,,,,,,
2018,472,E873992,7,12/18/2018,5:21,18,12,0,33,King,1030,2,0,2,2,2,1,1,1,1,,,,8,1,0,0,3,1,2,3,2,1,3,0,0,3,3,SR-167 RAMP S102109,84TH AVE,-122.2280194,47.39941111,0,1,13,80,5,35,99,0,0,1,5,8,1,1,2,1,10,99,9,99,0,99,999,9999,0,0,8,,,,,,1,1,999,8,0,0,0,0,99,0,11,0,,,,,99,9,9,9,1,0,0,0,0,96,,,,,,99,,,,,,99999,99,,999,9,9,99,99,99,99,,97,,,,,,0,,,99,0,0,0,8,9,8,,,0,0,0,8,9,8,95,,,96,,,8,95,995,,,,,,,,,,,,,,,,,,,,,,,,,,,,,,0,0,0,1,0,0,0,0,0,0,0,0,0,0,0,0,0,0,0,0,0,0,0,0,0,0,0,0,0,0,0,1,0,0,0,,0,0,0,0,0,0,0,0,0,0,0,0,0,0,0,0,,,,,,,,State route,U,Tuesday,,NR-U,Not Fatal,1,0,0,0,State Route,State Patrol,Washington State Patrol,0,1,0,0,0,,,,,,99,99,99,,,,,,,,,,,,,,,,,,,,,,,,,,,,,,,,,,,
2019,34,E890097,290,02/05/2019,18:20,5,2,,53,Pierce,2230,1,0,3,1,2,1,1,1,1,,,,8,1,0,0,3,0,2,4,2,4,6,0,3,3,3,E 27TH ST,PORTLAND AVE,-122.4106139,47.23962778,0,1,13,80,5,30,66,1,0,1,5,8,1,1,3,4,10,99,9,99,0,99,884,9999,0,0,8,,,,,,1,1,999,8,0,,9,0,99,7,11,8,,,,,99,9,9,9,1,0,0,0,0,93,,,,,,99,,,,,,99999,99,,999,9,9,99,99,99,99,,97,,,,,,0,,,99,9,0,0,8,9,8,,,0,0,0,8,9,0,0,,,0,,,0,0,996,,,,,,,,,,,,,,,,,,,,,,,,,,,,,,0,0,0,1,0,0,0,0,0,1,0,1,0,0,0,0,1,0,0,0,0,0,0,0,0,0,0,0,0,0,1,1,0,0,0,,0,0,0,0,0,0,0,0,1,0,0,0,0,0,0,0,,,,,,,,City street,U,Tuesday,,MHTRUCK,Not Fatal,1,0,0,0,State Route,Municipal/City Police,Tacoma Police Department,0,1,0,0,0,,,,,,99,99,99,,,,,,,,,,,98,98,98,0,,,,,20,7,,,,,,,,,,,,,,,
2019,60,E899233,290,02/15/2019,10:47,15,2,,53,Pierce,2230,2,0,1,2,2,1,0,3,3,,,,12,1,1,0.6,1,0,1,3,2,1,3,0,3,0,0,SR-167,,-122.3958806,47.23703889,0,3,98,60,4,35,66,0,0,1,5,12,1,1,4,1,1,99,9,99,0,99,884,9999,0,0,12,,,,,,1,1,999,8,0,,9,0,99,7,11,8,,,,,99,9,9,9,1,0,0,0,0,96,,,,,,99,,,,,,99999,99,,999,9,9,99,99,99,99,,0,,,,,,0,,,99,0,0,0,8,9,8,,,0,0,0,8,9,8,95,,,96,,,8,95,995,,,,,,,,,,,,,,,,,,,,,,,,,,,,,,0,0,0,0,0,0,0,0,0,0,0,0,0,0,0,0,0,0,0,1,0,0,0,0,0,1,1,1,0,1,1,0,0,0,0,,0,0,0,0,0,0,0,0,0,0,0,0,0,0,0,0,,,,,,,,State route,U,Friday,,MHTRUCK,Not Fatal,0,0,0,0,State Route,Municipal/City Police,Tacoma Police Department,0,1,0,0,0,,,,,,99,99,99,,,,,,,,,,,98,98,98,0,,,,,20,7,,,,,,,,,,,,,,,
2019,514,E900630,189,02/16/2019,19:41,16,2,,61,Snohomish,1280,2,0,3,2,2,1,1,1,1,,,,8,1,0,0,3,0,3,7,2,4,6,0,0,0,0,64TH ST NE,58TH DR NE,-122.1518194,48.05381389,0,1,13,80,5,35,49,0,0,1,5,8,1,1,5,5,1,99,9,99,0,99,999,9999,0,0,8,,,,,,1,1,999,9,0,,0,0,99,7,11,0,,,,,99,9,9,9,1,0,0,0,0,92,,,,,,99,,,,,,99999,99,,999,9,9,99,99,99,99,,97,,,,,,0,,,99,0,0,0,8,9,8,,,0,0,0,8,9,0,0,,,0,,,0,0,996,,,,,,,,,,,,,,,,,,,,,,,,,,,,,,0,0,0,1,0,0,0,0,0,1,0,1,0,0,0,0,1,0,0,0,0,0,0,0,0,0,0,0,0,1,0,1,0,0,0,,0,0,0,0,0,0,0,0,1,0,0,0,0,0,0,0,,,,,,,,City street,U,Saturday,Unknown,PV,Not Fatal,0,0,0,0,State Route,Municipal/City Police,Marysville Police Department,0,1,0,0,0,,,,,,99,99,99,,,,,,,,,,,98,98,98,0,,,,,20,7,,,,,,,,,,,,,,,
2019,134,E901642,122,03/11/2019,21:24,11,3,,61,Snohomish,690,2,0,3,2,2,1,1,1,1,,,,8,1,0,45.9,3,0,2,3,2,1,3,0,0,3,3,SR-99,AIRPORT RD,-122.2584306,47.88940833,0,1,13,80,5,50,19,0,0,1,5,8,1,1,5,1,99,99,9,99,0,99,499,9999,0,0,8,,,,,,1,1,999,8,0,,0,0,99,7,11,0,,,,,99,9,9,9,1,0,0,0,0,96,,,,,,99,,,,,,99999,99,,999,9,9,99,99,99,99,,97,,,,,,0,,,99,0,0,0,8,9,8,,,0,0,0,8,9,9,999,,,99,,,9,99,999,,,,,,,,,,,,,,,,,,,,,,,,,,,,,,0,0,0,1,0,0,0,0,0,0,0,0,0,0,0,0,0,0,0,0,0,0,0,0,0,0,0,0,0,1,0,1,0,0,0,,0,0,0,0,0,0,0,0,0,0,0,0,0,0,0,0,,,,,,,,State route,U,Monday,Unknown,PV,Not Fatal,1,0,0,0,State Route,Municipal/City Police,Everett Police Department,0,1,0,0,0,,,,,,99,99,99,,,,,,,,,,,98,98,98,0,,,,,20,7,,,,,,,,,,,,,,,
2019,72,E903630,2,03/19/2019,0:25,19,3,,73,Whatcom,110,1,0,3,1,1,1,1,1,1,,,,8,1,0,256,1,0,1,1,2,1,1,0,0,0,0,I-5,,-122.4816806,48.78206944,0,1,13,80,5,60,99,0,0,1,5,8,1,1,2,3,1,99,9,99,0,99,999,9999,0,0,8,,,,,,1,1,999,8,0,,9,0,99,7,11,8,,,,,99,9,9,9,1,0,0,0,0,96,,,,,,99,,,,,,99999,99,,999,9,9,99,99,99,99,,97,,,,,,0,,,99,9,0,0,8,9,8,,,0,0,0,8,9,8,95,,,96,,,8,95,995,,,,,,,,,,,,,,,,,,,,,,,,,,,,,,0,0,0,0,0,0,0,0,0,0,0,0,0,0,0,0,0,0,0,0,0,0,0,0,0,0,0,0,0,0,0,1,0,0,0,,0,0,0,0,0,0,0,0,0,0,0,0,0,0,0,0,,,,,,,,Interstate,U,Tuesday,,NR-U,Not Fatal,0,0,0,0,State Route,State Patrol,Washington State Patrol,0,1,0,0,0,,,,,,99,99,99,,,,,,,,,,,98,98,98,0,,,,,20,7,,,,,,,,,,,,,,,
2019,99,E908698,1,04/05/2019,23:35,5,4,,77,Yakima,0,1,0,3,1,2,1,1,8,4,,,,8,1,0,67.4,2,0,2,4,2,1,2,0,3,3,3,US-97,S WAPATO RD,-120.4174583,46.43269722,0,1,13,80,5,55,49,0,0,1,5,8,1,1,5,1,1,99,9,99,0,99,999,9999,0,0,8,,,,,,1,1,998,8,0,,9,0,99,7,11,8,,,,,99,9,9,9,1,0,0,0,0,96,,,,,,99,,,,,,99999,99,,999,9,9,99,99,99,99,,97,,,,,,0,,,99,0,0,0,8,9,8,,,0,0,0,8,9,8,95,,,96,,,8,95,995,,,,,,,,,,,,,,,,,,,,,,,,,,,,,,0,0,0,1,0,0,0,0,0,1,1,1,0,0,0,0,0,0,0,0,0,0,0,0,0,1,1,1,0,1,0,1,0,0,0,,0,0,0,0,0,0,0,0,0,0,0,0,0,0,0,0,,,,,,,,US highway,U,Friday,Unknown,PV,Not Fatal,1,0,0,0,State Route,State Patrol,Washington State Patrol,0,1,0,0,0,,,,,,99,99,99,,,,,,,,,,,98,98,98,0,,,,,20,7,,,,,,,,,,,,,,,
2019,152,E924152,122,05/25/2019,21:30,25,5,,61,Snohomish,690,10,0,5,2,2,1,1,1,1,,,,8,1,0,0,1,0,1,7,2,4,6,0,0,0,0,13TH ST,,-122.2111806,48.00039167,0,1,13,80,5,98,99,0,0,1,5,8,1,2,8,1,1,99,9,99,0,99,999,9999,0,0,8,,,,,,1,1,999,8,0,,9,0,99,7,11,8,,,,,99,9,9,9,1,0,0,0,0,96,,,,,,99,,,,,,99999,99,,999,9,9,99,99,99,99,,0,,,,,,0,,,99,9,0,0,8,9,8,,,0,0,0,8,9,0,0,,,0,,,0,0,996,,,,,,,,,,,,,,,,,,,,,,,,,,,,,,0,0,0,0,0,0,0,0,0,1,0,1,0,0,0,0,0,0,0,0,0,0,0,0,0,0,0,0,0,0,0,1,0,0,0,,0,0,0,0,0,0,0,0,0,0,0,0,0,0,0,0,,,,,,,,City street,U,Saturday,,NR-U,Not Fatal,0,0,0,0,City Street,Municipal/City Police,Everett Police Department,0,0,0,1,0,,,,,,99,99,99,,,,,,,,,,,98,98,98,0,,,,,20,7,,,,,,,,,,,,,,,
2019,246,E944110,288,07/25/2019,23:03,25,7,,53,Pierce,2210,1,0,3,1,2,1,1,1,1,,,,9,1,0,0,1,0,1,7,2,4,6,0,0,0,0,W VALLEY HWY E,,-122.2521667,47.21118889,0,1,13,83,5,98,34,0,0,1,5,9,8,8,2,1,1,99,9,99,0,12,471,9999,0,0,9,,,,,,1,1,999,8,0,,9,0,99,7,11,8,,,,,99,9,9,9,1,0,0,0,0,92,,,,,,99,,,,,,99999,98,,999,9,9,99,99,99,99,,97,,,,,,0,,,99,9,0,0,8,9,8,,,0,0,0,8,9,0,0,,,0,,,0,0,996,,,,,,,,,,,,,,,,,,,,,,,,,,,,,,0,0,0,0,0,0,0,0,0,1,1,1,0,0,0,0,1,1,0,0,0,0,0,0,0,0,0,0,0,1,0,0,1,0,0,,0,0,0,0,0,0,0,0,1,0,0,0,0,0,0,0,,,,,,,,City street,U,Thursday,Unknown,PV,Not Fatal,0,0,0,0,City Street,Municipal/City Police,Sumner Police Department,0,0,0,1,0,,,,,,99,99,99,,,,,,,,,,,98,98,98,0,,,,,20,7,,,,,,,,,,,,,,,
2019,295,E952976,290,08/23/2019,20:49,23,8,,53,Pierce,2230,1,0,3,1,2,1,1,2,2,,,,8,1,0,0,1,0,1,7,2,4,6,0,0,0,0,S HOSMER ST,,-122.4631194,47.17615556,0,1,13,80,5,35,4,0,0,1,5,8,1,1,5,5,1,99,9,99,0,41,51,9999,0,0,8,,,,,,1,1,999,8,0,,9,0,99,7,11,8,,,,,99,9,9,9,1,0,0,0,0,92,,,,,,99,,,,,,99999,99,,999,9,9,99,99,99,99,,97,,,,,,0,,,99,0,0,0,8,9,8,,,0,0,0,8,9,8,95,,,96,,,8,95,995,,,,,,,,,,,,,,,,,,,,,,,,,,,,,,0,0,0,0,0,0,0,0,0,0,0,0,0,0,0,0,1,0,0,0,0,0,0,0,0,0,0,0,0,1,0,1,0,0,0,,0,0,0,0,0,0,0,0,1,0,0,0,0,0,0,0,,,,,,,,City street,U,Friday,Unknown,PV,Not Fatal,0,0,0,0,City Street,Municipal/City Police,Tacoma Police Department,0,0,0,1,0,,,,,,99,99,99,,,,,,,,,,,98,98,98,0,,,,,20,7,,,,,,,,,,,,,,,
2019,295,E952976,290,08/23/2019,20:49,23,8,,53,Pierce,2230,1,0,3,1,2,1,1,2,2,,,,8,1,0,0,1,0,1,7,2,4,6,0,0,0,0,S HOSMER ST,,-122.4631194,47.17615556,0,2,98,98,7,35,14,0,0,1,5,8,1,1,5,5,1,99,9,99,0,49,403,9999,0,0,8,,,,,,1,1,999,8,0,,9,0,99,7,11,8,,,,,99,9,9,9,1,0,0,0,0,92,,,,,,99,,,,,,99999,99,,999,9,9,99,99,99,99,,97,,,,,,0,,,99,0,0,0,8,9,8,,,0,0,0,8,9,8,95,,,96,,,8,95,995,,,,,,,,,,,,,,,,,,,,,,,,,,,,,,0,0,0,0,0,0,0,0,0,0,0,0,0,0,0,0,1,0,0,0,0,0,0,0,0,0,0,0,0,1,0,1,0,0,0,,0,0,0,0,0,0,0,0,1,0,0,0,0,0,0,0,,,,,,,,City street,U,Friday,Unknown,PV,Not Fatal,0,0,0,0,City Street,Municipal/City Police,Tacoma Police Department,0,0,0,1,0,,,,,,99,99,99,,,,,,,,,,,98,98,98,0,,,,,20,7,,,,,,,,,,,,,,,
2019,296,E953429,127,08/25/2019,21:05,25,8,,33,King,735,1,0,3,1,2,1,0,4,2,,,,12,1,6,6.5,2,0,2,3,2,1,3,0,0,3,3,SR-99,S 316TH ST,-122.3133806,47.31868611,0,2,69,60,4,98,4,0,0,1,7,12,1,1,7,1,1,2,2,53,0,37,32,2004,0,0,12,,,,,,1,1,998,8,0,,9,0,99,7,11,8,,,,,99,9,9,9,1,0,0,0,0,92,,,,,,99,,,,,,99999,99,,999,9,9,99,99,99,99,,97,,,,,,0,,,99,9,0,0,8,9,8,,,0,0,0,8,9,8,95,,,96,,,8,95,995,,,,,,,,,,,,,,,,,,,,,,,,,,,,,,0,0,0,1,0,0,0,0,0,0,0,0,0,1,0,0,1,0,0,0,0,0,0,0,0,0,0,0,0,1,0,0,0,0,0,,0,0,0,0,0,0,0,0,1,0,0,0,0,0,0,0,,,,,,,,State route,U,Sunday,Unknown,PV,Not Fatal,1,0,0,0,State Route,Municipal/City Police,Federal Way Dept of Public Safety,0,1,0,0,0,,,,,,99,99,99,,,,,,,,,,,98,98,98,0,,,,,20,7,,,,,,,,,,,,,,,
2019,324,E959445,7,09/10/2019,23:06,10,9,,33,King,1050,1,0,2,1,2,1,1,1,2,,,,8,1,0,21,1,0,1,1,2,1,1,0,0,0,0,I-405,,-122.1882472,47.71946667,0,1,13,80,5,60,66,1,0,1,5,8,1,2,5,3,1,99,9,99,0,99,884,9999,0,0,8,18,14,,,,1,1,999,8,0,,0,0,99,7,11,0,,,,,99,9,9,9,1,0,0,0,0,96,,,,,,99,,,,,,99999,99,,999,9,9,99,99,99,99,,0,,,,,,0,,,99,9,0,0,8,9,8,,,0,0,0,8,9,8,95,,,96,,,8,95,995,,,,,,,,,,,,,,,,,,,,,,,,,,,,,,0,0,0,0,0,0,0,0,0,0,0,0,0,0,0,0,0,0,0,0,0,0,0,0,0,0,0,0,0,1,1,1,0,0,0,,0,0,0,0,0,0,0,0,0,0,0,0,0,0,0,0,,,,,,,,Interstate,U,Tuesday,,MHTRUCK,Not Fatal,0,0,0,0,State Route,State Patrol,Washington State Patrol,0,1,0,0,0,,,,,,99,99,99,,,,,,,,,,,98,98,98,0,,,,,20,7,,,,,,,,,,,,,,,
2019,326,E960295,4,09/10/2019,22:48,10,9,,63,Spokane,2110,1,0,3,1,2,1,1,1,1,,,,8,1,0,280.4,1,0,1,1,2,1,1,0,0,0,0,I-90,,-117.3833306,47.65398056,0,1,13,80,5,60,99,0,0,1,5,8,1,1,4,3,1,99,9,99,0,99,999,9999,0,0,8,,,,,,1,1,999,9,0,,0,0,99,7,11,0,,,,,99,9,9,9,1,0,0,0,0,96,,,,,,99,,,,,,99999,99,,999,9,9,99,99,99,99,,97,,,,,,0,,,99,9,0,0,8,9,8,,,0,0,0,8,9,8,95,,,96,,,8,95,995,,,,,,,,,,,,,,,,,,,,,,,,,,,,,,0,0,0,0,0,0,0,0,0,1,1,1,0,0,0,0,0,0,0,0,0,0,0,0,0,0,0,0,0,0,0,1,0,0,0,,0,0,0,0,0,0,0,0,0,0,0,0,0,0,0,0,,,,,,,,Interstate,U,Tuesday,,NR-U,Not Fatal,0,0,0,0,State Route,State Patrol,Washington State Patrol,0,1,0,0,0,,,,,,99,99,99,,,,,,,,,,,98,98,98,0,,,,,20,7,,,,,,,,,,,,,,,